season,date,hn24,season_to_date,hs,reported_acres
06-07,2006-10-16,,0,,
06-07,2006-10-17,,0,,
06-07,2006-10-18,,0,,
06-07,2006-10-19,,0,,
06-07,2006-10-20,,0,,
06-07,2006-10-21,,0,,
06-07,2006-10-22,,0,,
06-07,2006-10-23,,0,,
06-07,2006-10-24,,0,,
06-07,2006-10-25,4,4,,
06-07,2006-10-26,0,4,20,
06-07,2006-10-27,,4,,
06-07,2006-10-28,,4,,
06-07,2006-10-29,,4,,
06-07,2006-10-30,,4,,
06-07,2006-10-31,,4,,
06-07,2006-11-01,,4,,132.805
06-07,2006-11-02,,4,,132.805
06-07,2006-11-03,,4,,132.805
06-07,2006-11-04,,4,,132.805
06-07,2006-11-05,1,5,,132.805
06-07,2006-11-06,,5,,132.805
06-07,2006-11-07,1,6,,132.805
06-07,2006-11-08,,6,,132.805
06-07,2006-11-09,,6,,161.795
06-07,2006-11-10,2,8,,169.075
06-07,2006-11-11,,8,,169.075
06-07,2006-11-12,1,9,,173.075
06-07,2006-11-13,1,10,,173.075
06-07,2006-11-14,3,13,,173.075
06-07,2006-11-15,5,18,,173.075
06-07,2006-11-16,,18,,275.305
06-07,2006-11-17,,18,,334.5
06-07,2006-11-18,,18,,334.5
06-07,2006-11-19,,18,,335.8
06-07,2006-11-20,,18,,303.8
06-07,2006-11-21,0,18,20,472.865
06-07,2006-11-22,0,18,21,929.515
06-07,2006-11-23,0,18,21,1555.515
06-07,2006-11-24,0,18,21,1570.915
06-07,2006-11-25,0,18,21,1541.615
06-07,2006-11-26,0,18,21,1075.765
06-07,2006-11-27,1,18,21,1075.765
06-07,2006-11-28,4,21,25,1075.765
06-07,2006-11-29,5,26,30,1075.765
06-07,2006-11-30,1,27,29,1122.89
06-07,2006-12-01,2,29,30,2755.065
06-07,2006-12-02,5,33,32,2755.065
06-07,2006-12-03,1,34,32,1279.765
06-07,2006-12-04,0,34,31,1287.325
06-07,2006-12-05,0,34,31,1287.325
06-07,2006-12-06,0,34,28,1304.625
06-07,2006-12-07,0,34,28,2732.24
06-07,2006-12-08,0,34,28,2790.74
06-07,2006-12-09,0,34,28,2251.84
06-07,2006-12-10,0,34,27,2230.6
06-07,2006-12-11,0,34,27,2746.7
06-07,2006-12-12,3,35,30,2729.5
06-07,2006-12-13,2,36,30,2738.5
06-07,2006-12-14,2,37,32,2802.825
06-07,2006-12-15,0,37,32,2802.825
06-07,2006-12-16,0,37,32,2802.825
06-07,2006-12-17,0,37,32,2789.575
06-07,2006-12-18,3,39,31,2763.775
06-07,2006-12-19,0,39,31,2808.525
06-07,2006-12-20,1,40,31,2810.725
06-07,2006-12-21,12,47,39,2867.825
06-07,2006-12-22,3,48,38,2903.625
06-07,2006-12-23,0,48,38,2931.325
06-07,2006-12-24,0,48,38,3003.165
06-07,2006-12-25,1,48,38,3003.165
06-07,2006-12-26,0,48,38,3003.165
06-07,2006-12-27,0,48,36,3003.165
06-07,2006-12-28,0,48,36,3003.165
06-07,2006-12-29,2,49,37,3002.857
06-07,2006-12-30,0,49,37,3002.857
06-07,2006-12-31,0,49,36,2997.097
06-07,2007-01-01,0,49,36,2997.097
06-07,2007-01-02,0,49,36,2997.097
06-07,2007-01-03,0,49,35,2997.097
06-07,2007-01-04,0,49,35,2997.097
06-07,2007-01-05,8,57,42,3021.125
06-07,2007-01-06,3,61,44,3090.58
06-07,2007-01-07,2,63,45,3148.3
06-07,2007-01-08,0,63,44,3148.3
06-07,2007-01-09,0,63,43,3148.3
06-07,2007-01-10,0,63,42,3148.3
06-07,2007-01-11,0,63,41,3103.4
06-07,2007-01-12,0,63,41,3088.3
06-07,2007-01-13,1,64,41,3077.7
06-07,2007-01-14,0,64,41,3064.2
06-07,2007-01-15,0,64,41,1938.1
06-07,2007-01-16,0,64,41,3077.1
06-07,2007-01-17,0,64,41,3077.1
06-07,2007-01-18,0,64,41,3077.1
06-07,2007-01-19,0,64,40,3077.1
06-07,2007-01-20,0,64,40,3077.1
06-07,2007-01-21,2,66,42,3077.1
06-07,2007-01-22,2,68,43,3077.1
06-07,2007-01-23,0,68,43,3077.1
06-07,2007-01-24,0,68,43,3077.1
06-07,2007-01-25,0,68,42,3077.1
06-07,2007-01-26,0,68,41,3077.1
06-07,2007-01-27,0,68,41,3077.1
06-07,2007-01-28,0,68,41,3077.1
06-07,2007-01-29,0,68,41,3077.1
06-07,2007-01-30,0,68,41,3077.1
06-07,2007-01-31,5,73,44,3077.1
06-07,2007-02-01,4,77,47,3077.1
06-07,2007-02-02,2,79,47,3077.1
06-07,2007-02-03,2,81,48,3081.6
06-07,2007-02-04,1,82,48,3110.76
06-07,2007-02-05,0,82,48,3110.76
06-07,2007-02-06,0,82,48,3110.16
06-07,2007-02-07,0,82,46,3110.16
06-07,2007-02-08,0,82,46,3110.16
06-07,2007-02-09,0,82,45,3095.06
06-07,2007-02-10,0,82,45,3095.06
06-07,2007-02-11,1,83,45,3095.06
06-07,2007-02-12,1,84,45,3095.06
06-07,2007-02-13,3,87,49,3095.06
06-07,2007-02-14,6,93,52,3095.06
06-07,2007-02-15,2,95,53,3095.06
06-07,2007-02-16,4,99,54,3114.66
06-07,2007-02-17,5,104,57,3141.6
06-07,2007-02-18,0,104,55,3141.6
06-07,2007-02-19,1,105,53,3141.6
06-07,2007-02-20,4,109,54,3141.6
06-07,2007-02-21,0,109,54,3141.6
06-07,2007-02-22,0,109,53,3141.6
06-07,2007-02-23,0,109,52,3141.6
06-07,2007-02-24,3,112,54,3121.36
06-07,2007-02-25,1,113,54,3121.36
06-07,2007-02-26,5,118,57,3121.36
06-07,2007-02-27,4,122,59,3121.36
06-07,2007-02-28,5,127,60,3148.3
06-07,2007-03-01,5,132,63,3148.3
06-07,2007-03-02,2,134,62,3148.3
06-07,2007-03-03,1,135,62,3148.3
06-07,2007-03-04,0,135,61,3148.3
06-07,2007-03-05,0,135,60,3096.1
06-07,2007-03-06,0,135,58,3096.1
06-07,2007-03-07,0,135,58,3096.1
06-07,2007-03-08,0,135,56,3096.1
06-07,2007-03-09,3,138,59,3096.1
06-07,2007-03-10,0,138,58,3096.1
06-07,2007-03-11,4,142,61,3122
06-07,2007-03-12,0,142,60,3020.7
06-07,2007-03-13,0,142,59,2942.4
06-07,2007-03-14,0,142,58,2942.4
06-07,2007-03-15,3,145,59,2942.4
06-07,2007-03-16,0,145,58,2942.4
06-07,2007-03-17,0,145,58,2942.4
06-07,2007-03-18,0,145,57,2954.82
06-07,2007-03-19,0,145,57,2427.32
06-07,2007-03-20,0,145,57,2683.82
06-07,2007-03-21,0,145,55,2683.82
06-07,2007-03-22,0,145,54,2683.82
06-07,2007-03-23,0,145,54,2683.82
06-07,2007-03-24,0,145,53,2683.82
06-07,2007-03-25,10,155,64,2683.82
06-07,2007-03-26,0,155,62,2683.82
06-07,2007-03-27,0,155,61,2683.82
06-07,2007-03-28,2,157,61,2683.82
06-07,2007-03-29,3,160,63,2683.82
06-07,2007-03-30,9,169,70,2773.62
06-07,2007-03-31,2,171,70,2703
06-07,2007-04-01,1,172,69,2703
06-07,2007-04-02,0,172,67,2741.45
06-07,2007-04-03,0,172,66,2741.45
06-07,2007-04-04,0,172,64,2741.45
06-07,2007-04-05,3,175,64,2741.45
06-07,2007-04-06,1,176,65,2741.45
06-07,2007-04-07,0,176,64,2741.45
06-07,2007-04-08,5,181,68,2741.45
06-07,2007-04-09,5,186,71,2741.45
06-07,2007-04-10,5,191,73,2741.45
06-07,2007-04-11,6,197,75,2741.45
06-07,2007-04-12,0,197,72,2831.25
06-07,2007-04-13,2,199,72,2831.25
06-07,2007-04-14,0,199,71,2831.25
06-07,2007-04-15,0,199,70,2831.25
07-08,2007-10-15,5,11,,
07-08,2007-10-16,0,11,,
07-08,2007-10-17,2,13,,
07-08,2007-10-18,2,15,,
07-08,2007-10-19,0,15,,
07-08,2007-10-20,0,15,,
07-08,2007-10-21,5,20,,
07-08,2007-10-22,4,24,,
07-08,2007-10-23,0,24,,
07-08,2007-10-24,0,24,,
07-08,2007-10-25,0,24,,
07-08,2007-10-26,,24,,
07-08,2007-10-27,0,24,,
07-08,2007-10-28,,24,,
07-08,2007-10-29,,24,,
07-08,2007-10-30,,24,,
07-08,2007-10-31,1,25,,
07-08,2007-11-01,1,26,,
07-08,2007-11-02,0,26,,37.9
07-08,2007-11-03,0,26,,37.9
07-08,2007-11-04,0,26,,37.9
07-08,2007-11-05,0,26,,37.9
07-08,2007-11-06,0,26,,37.9
07-08,2007-11-07,0,26,,37.9
07-08,2007-11-08,0,26,,37.9
07-08,2007-11-09,0,26,,76.77
07-08,2007-11-10,0,26,,76.77
07-08,2007-11-11,0,26,,76.77
07-08,2007-11-12,0,26,,76.77
07-08,2007-11-13,0,26,,76.77
07-08,2007-11-14,1,27,,76.77
07-08,2007-11-15,0,27,,76.77
07-08,2007-11-16,0,27,,76.77
07-08,2007-11-17,0,27,,104.58
07-08,2007-11-18,0,27,,104.58
07-08,2007-11-19,0,27,,104.58
07-08,2007-11-20,0,27,,104.58
07-08,2007-11-21,4,31,,104.58
07-08,2007-11-22,0,31,,104.58
07-08,2007-11-23,0,31,,112.39
07-08,2007-11-24,1,32,,112.39
07-08,2007-11-25,0,32,,112.39
07-08,2007-11-26,0,32,,112.39
07-08,2007-11-27,0,32,,112.39
07-08,2007-11-28,3,35,,116.49
07-08,2007-11-29,0,35,,129.74
07-08,2007-11-30,0,35,,129.74
07-08,2007-12-01,1,36,,162.34
07-08,2007-12-02,7,43,,162.34
07-08,2007-12-03,0,43,,162.34
07-08,2007-12-04,0,43,,162.34
07-08,2007-12-05,0,43,,162.34
07-08,2007-12-06,9,52,,168.35
07-08,2007-12-07,9,61,27,356.2
07-08,2007-12-08,8,69,33,1710.4
07-08,2007-12-09,6,75,37,1737.9
07-08,2007-12-10,0,75,34,1772.18
07-08,2007-12-11,1,76,33,2413.885
07-08,2007-12-12,1,77,32,2413.885
07-08,2007-12-13,0,77,32,2413.885
07-08,2007-12-14,0,77,30,2760.675
07-08,2007-12-15,1,78,31,2769.675
07-08,2007-12-16,1,79,31,2769.675
07-08,2007-12-17,0,79,31,2769.675
07-08,2007-12-18,0,79,31,2740.475
07-08,2007-12-19,0,79,30,2736.775
07-08,2007-12-20,1,80,31,2717.475
07-08,2007-12-21,1,81,31,2688.75
07-08,2007-12-22,4,85,34,2741.135
07-08,2007-12-23,0,85,34,2741.135
07-08,2007-12-24,2,87,34,2861.435
07-08,2007-12-25,3,90,36,2819.485
07-08,2007-12-26,1,91,35,2828.685
07-08,2007-12-27,1,92,35,2847.325
07-08,2007-12-28,1,93,35,2892.225
07-08,2007-12-29,1,94,34,2930.325
07-08,2007-12-30,1,95,35,2959.375
07-08,2007-12-31,4,99,38,2959.375
07-08,2008-01-01,0,99,37,2939.45
07-08,2008-01-02,0,99,36,2913.65
07-08,2008-01-03,0,99,35,2922.5
07-08,2008-01-04,0,99,34,2925.5
07-08,2008-01-05,0,99,34,2925.5
07-08,2008-01-06,3,102,37,2925.5
07-08,2008-01-07,5,107,40,2969.25
07-08,2008-01-08,5,112,45,3057.25
07-08,2008-01-09,2,114,46,3057.25
07-08,2008-01-10,3,117,46,3057.25
07-08,2008-01-11,2,119,45,3057.25
07-08,2008-01-12,6,125,49,3065.125
07-08,2008-01-13,2,127,48,3065.125
07-08,2008-01-14,0,127,45,3065.125
07-08,2008-01-15,0,127,44,3132.2
07-08,2008-01-16,1,128,45,3132.2
07-08,2008-01-17,0,128,42,3148.3
07-08,2008-01-18,2,130,44,3148.3
07-08,2008-01-19,1,131,43,3148.3
07-08,2008-01-20,1,132,44,3148.3
07-08,2008-01-21,0,132,43,3148.3
07-08,2008-01-22,2,134,45,3148.3
07-08,2008-01-23,1,135,45,3148.3
07-08,2008-01-24,0,135,45,3148.3
07-08,2008-01-25,1,136,44,3148.3
07-08,2008-01-26,2,138,45,3148.3
07-08,2008-01-27,0,138,44,3148.3
07-08,2008-01-28,1,139,45,3148.3
07-08,2008-01-29,3,142,48,3148.3
07-08,2008-01-30,1,143,48,3148.3
07-08,2008-01-31,2,145,49,3148.3
07-08,2008-02-01,2,147,49,3148.3
07-08,2008-02-02,4,151,52,3148.3
07-08,2008-02-03,2,153,51,3148.3
07-08,2008-02-04,2,155,51,3148.3
07-08,2008-02-05,3,158,53,3148.3
07-08,2008-02-06,0,158,52,3148.3
07-08,2008-02-07,2,160,52,3148.3
07-08,2008-02-08,5,165,57,3148.3
07-08,2008-02-09,1,166,57,3148.3
07-08,2008-02-10,0,166,55,3148.3
07-08,2008-02-11,0,166,53,3148.3
07-08,2008-02-12,6,172,58,3148.3
07-08,2008-02-13,1,173,56,3148.3
07-08,2008-02-14,0,173,54,3148.3
07-08,2008-02-15,2,175,53,3148.3
07-08,2008-02-16,0,175,53,3148.3
07-08,2008-02-17,1,176,53,3148.3
07-08,2008-02-18,1,177,53,3148.3
07-08,2008-02-19,0,177,53,3148.3
07-08,2008-02-20,0,177,52,3148.3
07-08,2008-02-21,0,177,52,3148.3
07-08,2008-02-22,4,181,55,3148.3
07-08,2008-02-23,0,181,54,3148.3
07-08,2008-02-24,4,185,57,3148.3
07-08,2008-02-25,8,193,62,3148.3
07-08,2008-02-26,4,197,64,3148.3
07-08,2008-02-27,0,197,61,3148.3
07-08,2008-02-28,0,197,59,3148.3
07-08,2008-02-29,0,197,58,3148.3
07-08,2008-03-01,0,197,57,3148.3
07-08,2008-03-02,2,199,60,3148.3
07-08,2008-03-03,4,203,60,3148.3
07-08,2008-03-04,0,203,59,3148.3
07-08,2008-03-05,1,204,60,3148.3
07-08,2008-03-06,1,205,60,3148.3
07-08,2008-03-07,2,207,59,3148.3
07-08,2008-03-08,0,207,60,3148.3
07-08,2008-03-09,2,209,61,3148.3
07-08,2008-03-10,0,209,58,3148.3
07-08,2008-03-11,1,210,59,3148.3
07-08,2008-03-12,0,210,58,3148.3
07-08,2008-03-13,2,212,59,3148.3
07-08,2008-03-14,8,220,66,3148.3
07-08,2008-03-15,3,223,67,3148.3
07-08,2008-03-16,1,224,64,3148.3
07-08,2008-03-17,6,230,68,3148.3
07-08,2008-03-18,2,232,67,3148.3
07-08,2008-03-19,0,232,65,3148.3
07-08,2008-03-20,0,232,64,3148.3
07-08,2008-03-21,4,236,65,3148.3
07-08,2008-03-22,3,239,65,3148.3
07-08,2008-03-23,0,239,64,3148.3
07-08,2008-03-24,0,239,63,3148.3
07-08,2008-03-25,0,239,62,3148.3
07-08,2008-03-26,0,239,61,3148.3
07-08,2008-03-27,0,239,60,3148.3
07-08,2008-03-28,1,240,60,3148.3
07-08,2008-03-29,0,240,60,3148.3
07-08,2008-03-30,1,241,60,3148.3
07-08,2008-03-31,6,247,66,2959.7
07-08,2008-04-01,6,253,67,3139.3
07-08,2008-04-02,1,254,66,2959.7
07-08,2008-04-03,1,255,65,2959.7
07-08,2008-04-04,3,258,68,2446.7
07-08,2008-04-05,0,258,65,2446.7
07-08,2008-04-06,3,261,67,2446.7
07-08,2008-04-07,2,263,68,2446.7
07-08,2008-04-08,6,269,72,2446.7
07-08,2008-04-09,0,269,69,2446.7
07-08,2008-04-10,4,273,71,2446.7
07-08,2008-04-11,7,280,76,2446.7
07-08,2008-04-12,2,282,75,2446.7
07-08,2008-04-13,2,284,75,2446.7
07-08,2008-04-14,0,284,75,283
08-09,2008-10-21,2,2,,
08-09,2008-10-22,5,7,,
08-09,2008-10-23,2,9,,
08-09,2008-10-24,0,9,,
08-09,2008-10-25,0,9,,
08-09,2008-10-26,0,9,,
08-09,2008-10-27,0,9,,
08-09,2008-10-28,0,9,,
08-09,2008-10-29,0,9,,
08-09,2008-10-30,0,9,,
08-09,2008-10-31,0,9,,
08-09,2008-11-01,0,9,,
08-09,2008-11-02,0,9,,
08-09,2008-11-03,1,10,,
08-09,2008-11-04,0,10,,
08-09,2008-11-05,2,12,,
08-09,2008-11-06,0,12,,
08-09,2008-11-07,0,12,18,55
08-09,2008-11-08,0,12,18,55
08-09,2008-11-09,0,12,18,55
08-09,2008-11-10,0,12,18,55
08-09,2008-11-11,2,14,18,55
08-09,2008-11-12,3,17,18,55
08-09,2008-11-13,1,18,18,55
08-09,2008-11-14,2,20,18,63.15
08-09,2008-11-15,0,20,18,101.65
08-09,2008-11-16,0,20,18,101.65
08-09,2008-11-17,0,20,18,101.65
08-09,2008-11-18,0,20,18,101.65
08-09,2008-11-19,0,20,18,101.65
08-09,2008-11-20,0,20,18,101.65
08-09,2008-11-21,0,20,18,101.65
08-09,2008-11-22,0,20,18,106.95
08-09,2008-11-23,0,20,18,106.95
08-09,2008-11-24,0,20,18,106.95
08-09,2008-11-25,0,20,18,106.95
08-09,2008-11-26,0,20,18,106.95
08-09,2008-11-27,0,20,18,145.075
08-09,2008-11-28,3,23,18,145.1
08-09,2008-11-29,2,25,18,145.075
08-09,2008-11-30,4,29,18,145.075
08-09,2008-12-01,2,31,18,145.075
08-09,2008-12-02,0,31,18,142.825
08-09,2008-12-03,3,34,18,142.825
08-09,2008-12-04,4,38,18,148.325
08-09,2008-12-05,4,42,18,148.325
08-09,2008-12-06,0,42,25,710.915
08-09,2008-12-07,0,42,23,710.915
08-09,2008-12-08,0,42,21,265.365
08-09,2008-12-09,1,43,22,256.605
08-09,2008-12-10,0,43,21,256.605
08-09,2008-12-11,0,43,20,268.305
08-09,2008-12-12,0,43,21,268.305
08-09,2008-12-13,3,46,24,1409.395
08-09,2008-12-14,5,51,27,1420.695
08-09,2008-12-15,2,53,27,1467.595
08-09,2008-12-16,1,54,27,1998.315
08-09,2008-12-17,2,56,27,2180.27
08-09,2008-12-18,0,56,26,2180.27
08-09,2008-12-19,3,59,28,2524.3
08-09,2008-12-20,2,61,29,2728.06
08-09,2008-12-21,1,62,29,2790.92
08-09,2008-12-22,0,62,27,2833.77
08-09,2008-12-23,7,69,34,2869.57
08-09,2008-12-24,2,71,34,2874.07
08-09,2008-12-25,0,71,32,2891.11
08-09,2008-12-26,0,71,31,2864.76
08-09,2008-12-27,4,75,34,2854.16
08-09,2008-12-28,3,78,34,2904.66
08-09,2008-12-29,0,78,36,2904.66
08-09,2008-12-30,0,78,33,2877.35
08-09,2008-12-31,0,78,32,2890.55
08-09,2009-01-01,0,78,31,2833.05
08-09,2009-01-02,0,78,31,2854.5
08-09,2009-01-03,0,78,30,2870.675
08-09,2009-01-04,4,82,34,2870.675
08-09,2009-01-05,0,82,34,2916.775
08-09,2009-01-06,1,83,33,2935.515
08-09,2009-01-07,1,84,33,2939.715
08-09,2009-01-08,0,84,33,2960.225
08-09,2009-01-09,0,84,33,2960.225
08-09,2009-01-10,5,89,36,2966.125
08-09,2009-01-11,1,90,36,2989.625
08-09,2009-01-12,4,94,37,3023.625
08-09,2009-01-13,1,95,37,3113.425
08-09,2009-01-14,0,95,36,3125.45
08-09,2009-01-15,0,95,35,3125.45
08-09,2009-01-16,0,95,35,3125.45
08-09,2009-01-17,0,95,34,3148.3
08-09,2009-01-18,0,95,34,3148.3
08-09,2009-01-19,0,95,34,3148.3
08-09,2009-01-20,0,95,33,3148.3
08-09,2009-01-21,0,95,32,3148.3
08-09,2009-01-22,0,95,32,3148.3
08-09,2009-01-23,0,95,32,3148.3
08-09,2009-01-24,6,101,38,3148.3
08-09,2009-01-25,4,105,41,3148.3
08-09,2009-01-26,3,108,41,3148.3
08-09,2009-01-27,3,111,42,3148.3
08-09,2009-01-28,2,113,42,3148.3
08-09,2009-01-29,3,116,43,3148.3
08-09,2009-01-30,1,117,43,3148.3
08-09,2009-01-31,0,117,42,3148.3
08-09,2009-02-01,1,118,42,3148.3
08-09,2009-02-02,0,118,41,3148.3
08-09,2009-02-03,0,118,39,3148.3
08-09,2009-02-04,0,118,39,3148.3
08-09,2009-02-05,0,118,39,3148.3
08-09,2009-02-06,0,118,39,3148.3
08-09,2009-02-07,0,118,38,3148.3
08-09,2009-02-08,0,118,37,3148.3
08-09,2009-02-09,3,121,40,3148.3
08-09,2009-02-10,1,122,41,3148.3
08-09,2009-02-11,4,126,43,3148.3
08-09,2009-02-12,0,126,41,3148.3
08-09,2009-02-13,2,128,43,3148.3
08-09,2009-02-14,0,128,42,3148.3
08-09,2009-02-15,2,130,44,3148.3
08-09,2009-02-16,0,130,42,3148.3
08-09,2009-02-17,0,130,41,3148.3
08-09,2009-02-18,4,134,46,3148.3
08-09,2009-02-19,2,136,46,3148.3
08-09,2009-02-20,0,136,45,3148.3
08-09,2009-02-21,0,136,44,3148.3
08-09,2009-02-22,0,136,43,3148.3
08-09,2009-02-23,0,136,43,3148.3
08-09,2009-02-24,10,146,53,3148.3
08-09,2009-02-25,0,146,51,3148.3
08-09,2009-02-26,2,148,51,3148.3
08-09,2009-02-27,3,151,52,3148.3
08-09,2009-02-28,2,153,52,3148.3
08-09,2009-03-01,0,153,50,3148.3
08-09,2009-03-02,0,153,49,3148.3
08-09,2009-03-03,0,153,47,3148.3
08-09,2009-03-04,0,153,46,3148.3
08-09,2009-03-05,0,153,46,2968.7
08-09,2009-03-06,0,153,45,2968.7
08-09,2009-03-07,0,153,45,2968.7
08-09,2009-03-08,2,155,47,2968.7
08-09,2009-03-09,0,155,46,2968.7
08-09,2009-03-10,4,159,50,2968.7
08-09,2009-03-11,1,160,50,2968.7
08-09,2009-03-12,0,160,48,2968.7
08-09,2009-03-13,1,161,47,2986.66
08-09,2009-03-14,0,161,47,2986.66
08-09,2009-03-15,0,161,46,2986.66
08-09,2009-03-16,0,161,46,2944.82
08-09,2009-03-17,0,161,45,2944.82
08-09,2009-03-18,0,161,44,2944.82
08-09,2009-03-19,0,161,44,2944.82
08-09,2009-03-20,0,161,44,2944.82
08-09,2009-03-21,0,161,43,2944.42
08-09,2009-03-22,0,161,43,2944.42
08-09,2009-03-23,4,165,48,2940.52
08-09,2009-03-24,7,172,55,2994.4
08-09,2009-03-25,2,174,55,2994.4
08-09,2009-03-26,9,183,58,2994.4
08-09,2009-03-27,2,185,58,3000.78
08-09,2009-03-28,0,185,57,3000.78
08-09,2009-03-29,0,185,55,3000.78
08-09,2009-03-30,6,191,60,3000.78
08-09,2009-03-31,1,192,60,3000.78
08-09,2009-04-01,2,194,58,3000.78
08-09,2009-04-02,3,197,61,3000.78
08-09,2009-04-03,0,197,58,3000.78
08-09,2009-04-04,3,200,62,3015.88
08-09,2009-04-05,6,206,66,3015.88
08-09,2009-04-06,1,207,64,3006.88
08-09,2009-04-07,0,207,62,2953
08-09,2009-04-08,0,207,60,2953
08-09,2009-04-09,0,207,58,2953
08-09,2009-04-10,2,209,59,2953
08-09,2009-04-11,0,209,58,1
08-09,2009-04-12,1,210,58,283
08-09,2009-04-13,0,210,58,
09-10,2009-10-15,1,11,,
09-10,2009-10-16,0,11,,
09-10,2009-10-17,0,11,,
09-10,2009-10-18,0,11,,
09-10,2009-10-19,0,11,,
09-10,2009-10-20,0,11,,
09-10,2009-10-21,1,12,,
09-10,2009-10-22,0,12,,
09-10,2009-10-23,1,13,,
09-10,2009-10-24,0,13,,
09-10,2009-10-25,3,16,,
09-10,2009-10-26,1,17,,
09-10,2009-10-27,0,17,,
09-10,2009-10-28,3,20,,
09-10,2009-10-29,1,21,,
09-10,2009-10-30,3,24,,
09-10,2009-10-31,3,27,,
09-10,2009-11-01,0,27,,
09-10,2009-11-02,0,27,,
09-10,2009-11-03,0,27,,
09-10,2009-11-04,0,27,18,35.7
09-10,2009-11-05,0,27,18,62.05
09-10,2009-11-06,0,27,18,62.05
09-10,2009-11-07,0,27,18,81.19
09-10,2009-11-08,0,27,18,81.19
09-10,2009-11-09,0,27,18,81.19
09-10,2009-11-10,0,27,18,81.19
09-10,2009-11-11,0,27,18,81.19
09-10,2009-11-12,0,27,18,81.19
09-10,2009-11-13,0,27,18,81.19
09-10,2009-11-14,2,29,18,81.19
09-10,2009-11-15,4,33,18,81.19
09-10,2009-11-16,0,33,18,81.19
09-10,2009-11-17,0,33,18,81.19
09-10,2009-11-18,0,33,18,81.19
09-10,2009-11-19,0,33,18,132.07
09-10,2009-11-20,0,33,18,119.92
09-10,2009-11-21,0,33,18,119.92
09-10,2009-11-22,0,33,18,119.92
09-10,2009-11-23,2,35,18,136.31
09-10,2009-11-24,0,35,18,136.31
09-10,2009-11-25,0,35,18,152.83
09-10,2009-11-26,0,35,18,152.83
09-10,2009-11-27,0,35,18,152.83
09-10,2009-11-28,0,35,18,187.07
09-10,2009-11-29,0,35,18,191.57
09-10,2009-11-30,0,35,18,191.62
09-10,2009-12-01,0,35,18,191.62
09-10,2009-12-02,0,35,18,191.62
09-10,2009-12-03,0,35,18,191.62
09-10,2009-12-04,0,35,18,227.425
09-10,2009-12-05,0,35,18,236.425
09-10,2009-12-06,0,35,18,236.425
09-10,2009-12-07,0,35,18,227.425
09-10,2009-12-08,0,35,18,227.425
09-10,2009-12-09,2,37,18,251.745
09-10,2009-12-10,0,37,18,285.723
09-10,2009-12-11,0,37,18,302.383
09-10,2009-12-12,0,37,18,311.383
09-10,2009-12-13,0,37,18,320.398
09-10,2009-12-14,6,43,24,311.398
09-10,2009-12-15,0,43,23,311.398
09-10,2009-12-16,0,43,22,311.398
09-10,2009-12-17,1,44,22,344.598
09-10,2009-12-18,4,48,25,353.598
09-10,2009-12-19,0,48,24,482.33
09-10,2009-12-20,0,48,24,482.33
09-10,2009-12-21,0,48,23,777.87
09-10,2009-12-22,0,48,23,787.07
09-10,2009-12-23,1,49,23,481.07
09-10,2009-12-24,6,55,28,544.87
09-10,2009-12-25,0,55,26,605.16
09-10,2009-12-26,0,55,26,614.745
09-10,2009-12-27,0,55,25,614.745
09-10,2009-12-28,0,55,24,644.545
09-10,2009-12-29,0,55,24,664.245
09-10,2009-12-30,1,56,26,678.525
09-10,2009-12-31,2,58,26,744.325
09-10,2010-01-01,0,58,25,779.525
09-10,2010-01-02,1,59,26,1774.045
09-10,2010-01-03,5,64,30,1790.095
09-10,2010-01-04,1,65,29,1892.095
09-10,2010-01-05,0,65,29,1919.195
09-10,2010-01-06,0,65,28,1956.595
09-10,2010-01-07,4,69,32,1339.395
09-10,2010-01-08,0,69,31,1699.835
09-10,2010-01-09,0,69,30,2117.135
09-10,2010-01-10,0,69,29,2117.135
09-10,2010-01-11,0,69,29,2117.135
09-10,2010-01-12,0,69,29,2117.135
09-10,2010-01-13,0,69,27,2121.46
09-10,2010-01-14,0,69,27,2361.14
09-10,2010-01-15,0,69,27,2369.59
09-10,2010-01-16,0,69,26,2369.59
09-10,2010-01-17,0,69,26,2369.59
09-10,2010-01-18,1,70,26,2369.59
09-10,2010-01-19,0,70,26,2369.59
09-10,2010-01-20,2,72,28,2369.59
09-10,2010-01-21,0,72,28,2369.59
09-10,2010-01-22,0,72,27,2369.59
09-10,2010-01-23,1,73,28,2369.59
09-10,2010-01-24,3,76,31,2369.59
09-10,2010-01-25,2,78,31,2369.59
09-10,2010-01-26,0,78,31,2369.59
09-10,2010-01-27,3,81,33,2369.59
09-10,2010-01-28,0,81,32,2385.69
09-10,2010-01-29,0,81,31,2385.69
09-10,2010-01-30,0,81,31,2385.69
09-10,2010-01-31,0,81,31,2385.69
09-10,2010-02-01,1,82,31,2385.69
09-10,2010-02-02,1,83,32,2385.69
09-10,2010-02-03,0,83,31,2385.69
09-10,2010-02-04,2,85,33,2385.69
09-10,2010-02-05,3,88,35,2369.59
09-10,2010-02-06,0,88,35,2882.59
09-10,2010-02-07,1,89,35,2882.59
09-10,2010-02-08,0,89,34,2882.59
09-10,2010-02-09,0,89,34,2882.59
09-10,2010-02-10,0,89,33,2882.59
09-10,2010-02-11,0,89,33,2882.59
09-10,2010-02-12,2,91,34,2891.05
09-10,2010-02-13,3,94,37,2891.05
09-10,2010-02-14,2,96,37,2891.05
09-10,2010-02-15,0,96,36,2926.55
09-10,2010-02-16,2,98,37,2926.55
09-10,2010-02-17,1,99,37,2926.55
09-10,2010-02-18,1,100,37,2926.55
09-10,2010-02-19,3,103,39,2926.55
09-10,2010-02-20,4,107,41,2953.55
09-10,2010-02-21,4,111,42,3025.39
09-10,2010-02-22,3,114,44,3025.39
09-10,2010-02-23,0,114,42,3025.39
09-10,2010-02-24,0,114,41,3025.39
09-10,2010-02-25,1,115,42,3025.39
09-10,2010-02-26,3,118,42,3025.39
09-10,2010-02-27,0,118,41,3025.39
09-10,2010-02-28,0,118,40,3040.49
09-10,2010-03-01,6,124,46,3040.49
09-10,2010-03-02,0,124,44,3040.49
09-10,2010-03-03,0,124,42,3040.49
09-10,2010-03-04,0,124,41,3040.49
09-10,2010-03-05,1,125,42,2953.55
09-10,2010-03-06,1,126,42,2953.55
09-10,2010-03-07,0,126,42,2942.35
09-10,2010-03-08,4,130,44,2942.35
09-10,2010-03-09,3,133,47,2946.25
09-10,2010-03-10,0,133,45,2942.35
09-10,2010-03-11,3,136,47,3014.19
09-10,2010-03-12,1,137,46,3014.19
09-10,2010-03-13,0,137,44,2942.35
09-10,2010-03-14,0,137,43,2942.35
09-10,2010-03-15,1,138,43,2942.35
09-10,2010-03-16,0,138,42,2942.35
09-10,2010-03-17,0,138,42,2942.35
09-10,2010-03-18,0,138,42,2942.35
09-10,2010-03-19,0,138,41,2938.025
09-10,2010-03-20,1,139,42,2938.025
09-10,2010-03-21,0,139,41,2938.025
09-10,2010-03-22,0,139,41,2938.025
09-10,2010-03-23,0,139,41,2934.905
09-10,2010-03-24,5,144,45,2934.905
09-10,2010-03-25,1,145,45,2934.905
09-10,2010-03-26,0,145,44,2934.905
09-10,2010-03-27,4,149,47,2934.905
09-10,2010-03-28,2,151,47,2894.905
09-10,2010-03-29,0,151,46,2894.905
09-10,2010-03-30,0,151,45,2894.905
09-10,2010-03-31,0,151,43,2894.905
09-10,2010-04-01,0,151,42,1747.105
09-10,2010-04-02,3,154,46,1747.105
09-10,2010-04-03,0,154,45,1750.605
09-10,2010-04-04,2,156,45,1741.605
09-10,2010-04-05,0,156,44,1741.605
09-10,2010-04-06,1,157,44,1741.605
09-10,2010-04-07,4,161,49,1741.605
09-10,2010-04-08,1,162,47,1741.605
09-10,2010-04-09,0,162,46,1741.605
09-10,2010-04-10,0,162,44,1741.605
09-10,2010-04-11,0,162,44,368.8
09-10,2010-04-12,0,162,43,368.8
10-11,2010-10-16,,0,,
10-11,2010-10-17,,0,,
10-11,2010-10-18,,0,,
10-11,2010-10-19,,0,,
10-11,2010-10-20,1,1,2,
10-11,2010-10-21,,1,,
10-11,2010-10-22,,1,,
10-11,2010-10-23,2,3,3,
10-11,2010-10-24,3,6,8,
10-11,2010-10-25,5,11,10,
10-11,2010-10-26,1,12,10,
10-11,2010-10-27,9,21,17,
10-11,2010-10-28,,29,20,
10-11,2010-10-29,0,29,17,
10-11,2010-10-30,,29,,
10-11,2010-10-31,,29,,
10-11,2010-11-01,1,30,16,
10-11,2010-11-02,2,32,15,
10-11,2010-11-03,0,32,15,
10-11,2010-11-04,0,32,14,
10-11,2010-11-05,0,32,14,73.5
10-11,2010-11-06,0,32,13,73.5
10-11,2010-11-07,0,32,13,73.5
10-11,2010-11-08,0,32,13,73.5
10-11,2010-11-09,0,32,13,73.5
10-11,2010-11-10,0,32,13,73.5
10-11,2010-11-11,5,37,18,73.5
10-11,2010-11-12,1,38,17,73.5
10-11,2010-11-13,2,40,18,73.5
10-11,2010-11-14,1,41,19,101.51
10-11,2010-11-15,5,46,22,101.51
10-11,2010-11-16,4,50,24,101.51
10-11,2010-11-17,6,56,27,138.085
10-11,2010-11-18,8,64,31,157.885
10-11,2010-11-19,0,64,28,632.025
10-11,2010-11-20,0,64,26,1231.225
10-11,2010-11-21,0,64,24,1231.225
10-11,2010-11-22,0,64,24,1231.41
10-11,2010-11-23,5,69,28,1181.75
10-11,2010-11-24,1,70,27,1399.565
10-11,2010-11-25,1,71,27,1747.565
10-11,2010-11-26,3,74,27,1754.315
10-11,2010-11-27,0,74,26,1754.315
10-11,2010-11-28,0,74,25,1754.315
10-11,2010-11-29,0,74,25,2582.6
10-11,2010-11-30,2,76,26,2583.216
10-11,2010-12-01,1,77,28,2596.816
10-11,2010-12-02,1,78,27,2618.25
10-11,2010-12-03,1,79,27,2622.775
10-11,2010-12-04,0,79,25,2680.575
10-11,2010-12-05,0,79,26,2727.293
10-11,2010-12-06,0,79,25,2718.293
10-11,2010-12-07,0,79,25,2742.418
10-11,2010-12-08,5,84,30,2737.318
10-11,2010-12-09,1,85,30,2737.318
10-11,2010-12-10,0,85,29,2737.318
10-11,2010-12-11,0,85,28,2762.318
10-11,2010-12-12,4,89,31,2765.818
10-11,2010-12-13,0,89,30,2772.318
10-11,2010-12-14,1,90,31,2756.018
10-11,2010-12-15,0,90,31,2743.818
10-11,2010-12-16,0,90,30,2743.818
10-11,2010-12-17,5,95,34,2771.368
10-11,2010-12-18,0,95,33,2800.568
10-11,2010-12-19,1,96,33,2824.213
10-11,2010-12-20,8,104,38,2909.543
10-11,2010-12-21,6,110,41,2873.643
10-11,2010-12-22,4,114,41,2873.643
10-11,2010-12-23,0,114,39,2993.975
10-11,2010-12-24,0,114,39,3002.625
10-11,2010-12-25,1,115,39,3002.025
10-11,2010-12-26,0,115,38,3067.995
10-11,2010-12-27,0,115,37,3076.775
10-11,2010-12-28,4,119,40,3076.775
10-11,2010-12-29,2,121,38,3076.775
10-11,2010-12-30,0,121,37,3096.375
10-11,2010-12-31,0,121,37,3096.375
10-11,2011-01-01,5,126,40,3096.375
10-11,2011-01-02,1,127,40,3118
10-11,2011-01-03,1,128,40,3133.425
10-11,2011-01-04,3,131,40,3133.425
10-11,2011-01-05,0,131,39,3134.025
10-11,2011-01-06,2,133,40,3105.625
10-11,2011-01-07,2,135,42,3134.025
10-11,2011-01-08,0,135,41,3134.025
10-11,2011-01-09,0,135,40,3148.25
10-11,2011-01-10,3,138,41,3148.25
10-11,2011-01-11,5,143,44,3148.25
10-11,2011-01-12,1,144,43,3148.25
10-11,2011-01-13,0,144,42,3148.25
10-11,2011-01-14,1,145,42,3148.25
10-11,2011-01-15,1,146,41,3148.25
10-11,2011-01-16,1,147,41,3148.25
10-11,2011-01-17,1,148,41,3148.25
10-11,2011-01-18,2,150,42,3148.25
10-11,2011-01-19,4,154,45,3148
10-11,2011-01-20,1,155,45,3148.25
10-11,2011-01-21,6,161,48,3148.25
10-11,2011-01-22,7,168,53,3148.25
10-11,2011-01-23,7,175,54,3148.25
10-11,2011-01-24,6,181,56,3148.25
10-11,2011-01-25,2,183,54,3148.25
10-11,2011-01-26,1,184,52,3148
10-11,2011-01-27,2,186,52,3148.25
10-11,2011-01-28,1,187,51,3148
10-11,2011-01-29,0,187,50,3148.25
10-11,2011-01-30,0,187,49,3148.25
10-11,2011-01-31,0,187,49,3148
10-11,2011-02-01,0,187,49,3148.25
10-11,2011-02-02,2,189,49,3148.25
10-11,2011-02-03,1,190,49,3148.25
10-11,2011-02-04,0,190,47,3148.25
10-11,2011-02-05,1,191,48,3148.25
10-11,2011-02-06,6,197,52,3148.25
10-11,2011-02-07,9,206,58,3148.25
10-11,2011-02-08,3,209,57,3148.25
10-11,2011-02-09,6,215,60,3148.25
10-11,2011-02-10,1,216,58,3148.25
10-11,2011-02-11,0,216,58,3148.25
10-11,2011-02-12,0,216,55,3148.25
10-11,2011-02-13,0,216,54,3148.25
10-11,2011-02-14,0,216,53,3148.25
10-11,2011-02-15,0,216,52,3148.25
10-11,2011-02-16,0,216,52,3148.25
10-11,2011-02-17,0,216,52,3148.25
10-11,2011-02-18,1,217,50,3148.25
10-11,2011-02-19,5,222,55,3148.25
10-11,2011-02-20,0,222,54,3148.25
10-11,2011-02-21,5,227,57,3148.25
10-11,2011-02-22,4,231,57,3148.25
10-11,2011-02-23,0,231,56,3148.25
10-11,2011-02-24,0,231,55,3148.25
10-11,2011-02-25,0,231,55,3148.25
10-11,2011-02-26,4,235,56,3148.25
10-11,2011-02-27,6,241,59,3148.25
10-11,2011-02-28,3,244,59,3148.25
10-11,2011-03-01,4,248,60,3148.25
10-11,2011-03-02,0,248,59,3148.25
10-11,2011-03-03,0,248,57,3148.25
10-11,2011-03-04,0,248,56,3148
10-11,2011-03-05,6,254,60,3148.25
10-11,2011-03-06,0,254,59,3148.25
10-11,2011-03-07,2,256,59,3148.25
10-11,2011-03-08,3,259,60,3148.25
10-11,2011-03-09,0,259,60,3148.25
10-11,2011-03-10,2,261,60,3148.25
10-11,2011-03-11,0,261,59,3148.25
10-11,2011-03-12,0,261,58,3148.25
10-11,2011-03-13,0,261,57,3148.25
10-11,2011-03-14,3,264,59,3148.25
10-11,2011-03-15,2,266,59,3148.25
10-11,2011-03-16,4,270,62,3148.25
10-11,2011-03-17,0,270,62,3148.25
10-11,2011-03-18,0,270,59,3148.25
10-11,2011-03-19,8,278,65,3148.25
10-11,2011-03-20,0,278,63,2574.67
10-11,2011-03-21,0,278,62,2542.57
10-11,2011-03-22,0,278,60,2542.57
10-11,2011-03-23,4,282,62,3055.57
10-11,2011-03-24,4,286,64,3055.57
10-11,2011-03-25,0,286,63,3055.57
10-11,2011-03-26,1,287,62,3055.57
10-11,2011-03-27,2,289,62,3055.57
10-11,2011-03-28,2,291,62,3055.57
10-11,2011-03-29,11,302,71,3053.62
10-11,2011-03-30,14,316,77,3053.62
10-11,2011-03-31,1,317,73,3053.62
10-11,2011-04-01,10,327,80,3053.62
10-11,2011-04-02,3,330,77,2540.62
10-11,2011-04-03,0,330,75,2531.62
10-11,2011-04-04,0,330,73,2459.78
10-11,2011-04-05,11,341,83,2491.88
10-11,2011-04-06,0,341,83,2438
10-11,2011-04-07,0,341,78,2438
10-11,2011-04-08,0,341,76,2438
10-11,2011-04-09,0,341,75,1790.2
10-11,2011-04-10,0,341,74,401.3
10-11,2011-04-11,1,342,73,401.3
11-12,2011-10-15,0,,,
11-12,2011-10-16,0,,,
11-12,2011-10-17,5,5,10,
11-12,2011-10-18,1,6,9,
11-12,2011-10-19,0,6,7,
11-12,2011-10-20,0,6,7,
11-12,2011-10-21,0,6,7,
11-12,2011-10-22,0,6,7,
11-12,2011-10-23,0,6,7,
11-12,2011-10-24,0,6,7,
11-12,2011-10-25,0,6,6,
11-12,2011-10-26,7,13,13,
11-12,2011-10-27,4,17,14,
11-12,2011-10-28,0,17,13,
11-12,2011-10-29,0,17,13,
11-12,2011-10-30,0,17,13,
11-12,2011-10-31,0,17,13,
11-12,2011-11-01,0,17,13,
11-12,2011-11-02,3,20,14,
11-12,2011-11-03,0,20,18,62.7
11-12,2011-11-04,0,20,18,62.7
11-12,2011-11-05,0,20,18,62.7
11-12,2011-11-06,2,22,18,62.7
11-12,2011-11-07,0,22,18,62.7
11-12,2011-11-08,1,23,18,62.7
11-12,2011-11-09,1,24,18,62.7
11-12,2011-11-10,0,24,18,122.8
11-12,2011-11-11,0,24,18,126.071
11-12,2011-11-12,0,24,18,126.071
11-12,2011-11-13,1,25,18,126.071
11-12,2011-11-14,2,27,18,126.071
11-12,2011-11-15,0,27,18,126.071
11-12,2011-11-16,2,29,18,126.071
11-12,2011-11-17,0,29,18,146.68
11-12,2011-11-18,0,29,18,148.58
11-12,2011-11-19,1,30,18,161
11-12,2011-11-20,0,30,18,161
11-12,2011-11-21,0,30,18,161
11-12,2011-11-22,4,34,18,196.33
11-12,2011-11-23,0,34,18,200.83
11-12,2011-11-24,0,34,18,249.864
11-12,2011-11-25,0,34,18,264.064
11-12,2011-11-26,1,35,18,264.064
11-12,2011-11-27,0,35,18,265.064
11-12,2011-11-28,0,35,18,256.064
11-12,2011-11-29,0,35,18,250
11-12,2011-11-30,0,35,18,250
11-12,2011-12-01,1,36,18,250
11-12,2011-12-02,0,36,18,315
11-12,2011-12-03,0,36,18,315
11-12,2011-12-04,2,38,18,315
11-12,2011-12-05,1,39,19,306
11-12,2011-12-06,0,39,18,306
11-12,2011-12-07,0,39,18,306
11-12,2011-12-08,0,39,18,306
11-12,2011-12-09,1,40,18,366.45
11-12,2011-12-10,0,40,18,366.45
11-12,2011-12-11,0,40,18,366.45
11-12,2011-12-12,0,40,18,357.45
11-12,2011-12-13,0,40,18,357.45
11-12,2011-12-14,0,40,18,357.45
11-12,2011-12-15,2,42,20,357.45
11-12,2011-12-16,0,42,19,390.25
11-12,2011-12-17,0,42,19,419.45
11-12,2011-12-18,0,42,18,419.45
11-12,2011-12-19,0,42,18,404.85
11-12,2011-12-20,0,42,18,404.85
11-12,2011-12-21,0,42,18,405.45
11-12,2011-12-22,5,47,22,429.25
11-12,2011-12-23,0,47,21,1032.55
11-12,2011-12-24,0,47,21,1045.22
11-12,2011-12-25,0,47,20,1205.62
11-12,2011-12-26,0,47,20,1205.62
11-12,2011-12-27,0,47,19,1130.62
11-12,2011-12-28,0,47,19,1137.08
11-12,2011-12-29,0,47,19,1152.68
11-12,2011-12-30,1,48,20,1152.68
11-12,2011-12-31,0,48,19,947.48
11-12,2012-01-01,0,48,19,920.49
11-12,2012-01-02,0,48,19,920.49
11-12,2012-01-03,0,48,19,923.09
11-12,2012-01-04,0,48,19,578.45
11-12,2012-01-05,0,48,19,578.45
11-12,2012-01-06,0,48,18,578.45
11-12,2012-01-07,0,48,18,580.45
11-12,2012-01-08,5,53,23,602.25
11-12,2012-01-09,0,53,22,1196.42
11-12,2012-01-10,0,53,22,1196.42
11-12,2012-01-11,0,53,22,1213.92
11-12,2012-01-12,1,54,23,1231.62
11-12,2012-01-13,0,54,23,1255.12
11-12,2012-01-14,0,54,23,1057.42
11-12,2012-01-15,0,54,22,1034.82
11-12,2012-01-16,0,54,22,1030.92
11-12,2012-01-17,4,58,25,1018.25
11-12,2012-01-18,0,58,24,1232.22
11-12,2012-01-19,2,60,26,884.22
11-12,2012-01-20,2,62,27,1309.52
11-12,2012-01-21,2,64,28,1355.22
11-12,2012-01-22,6,70,32,1365.02
11-12,2012-01-23,0,70,32,1381.1
11-12,2012-01-24,0,70,30,1400.32
11-12,2012-01-25,0,70,30,1426.12
11-12,2012-01-26,0,70,29,1426.12
11-12,2012-01-27,5,75,34,1704.12
11-12,2012-01-28,0,75,33,1824.32
11-12,2012-01-29,0,75,33,1978.12
11-12,2012-01-30,0,75,32,1978.12
11-12,2012-01-31,0,75,31,1978.12
11-12,2012-02-01,0,75,31,1978.12
11-12,2012-02-02,0,75,30,1978.12
11-12,2012-02-03,0,75,30,1978.12
11-12,2012-02-04,0,75,29,1978.12
11-12,2012-02-05,0,75,30,2277.72
11-12,2012-02-06,0,75,30,2277.72
11-12,2012-02-07,4,79,32,2277.72
11-12,2012-02-08,0,79,32,2277.72
11-12,2012-02-09,3,82,35,2277.72
11-12,2012-02-10,1,83,34,2790.72
11-12,2012-02-11,4,87,,2791
11-12,2012-02-12,0,87,35,2793.02
11-12,2012-02-13,4,91,37,2803.42
11-12,2012-02-14,1,92,37,2808.85
11-12,2012-02-15,2,94,38,2808.85
11-12,2012-02-16,0,94,36,2808.85
11-12,2012-02-17,0,94,35,2808.85
11-12,2012-02-18,2,96,37,2808.85
11-12,2012-02-19,0,96,36,2808.85
11-12,2012-02-20,2,98,37,2804.95
11-12,2012-02-21,2,100,37,2807.55
11-12,2012-02-22,1,101,37,2807.55
11-12,2012-02-23,1,102,37,2807.55
11-12,2012-02-24,1,103,37,2807.55
11-12,2012-02-25,0,103,36,2804.21
11-12,2012-02-26,0,103,36,2804.21
11-12,2012-02-27,0,103,36,2797.71
11-12,2012-02-28,0,103,35,2799.01
11-12,2012-02-29,5,108,40,2799.01
11-12,2012-03-01,2,110,40,2799.01
11-12,2012-03-02,3,113,42,2886.89
11-12,2012-03-03,0,113,41,2886.89
11-12,2012-03-04,3,116,44,2886.89
11-12,2012-03-05,0,116,43,2886.89
11-12,2012-03-06,0,116,42,2882.036
11-12,2012-03-07,0,116,40,2882.036
11-12,2012-03-08,1,117,40,2810.196
11-12,2012-03-09,0,117,39,2801.396
11-12,2012-03-10,0,117,39,2801.396
11-12,2012-03-11,0,117,38,2281.79
11-12,2012-03-12,0,117,38,2281.79
11-12,2012-03-13,0,117,37,2281.79
11-12,2012-03-14,0,117,37,2281.79
11-12,2012-03-15,0,117,37,2281.79
11-12,2012-03-16,0,117,37,2281.79
11-12,2012-03-17,0,117,36,2281.79
11-12,2012-03-18,0,117,36,2281.79
11-12,2012-03-19,2,119,37,1450.85
11-12,2012-03-20,1,120,37,1085.31
11-12,2012-03-21,0,120,37,1085.31
11-12,2012-03-22,0,120,37,1085.31
11-12,2012-03-23,0,120,36,1085.31
11-12,2012-03-24,0,120,36,1085.31
11-12,2012-03-25,0,120,35,1085.31
11-12,2012-03-26,0,120,36,1059.21
11-12,2012-03-27,0,120,36,1048.91
11-12,2012-03-28,0,120,36,1048.91
11-12,2012-03-29,0,120,34,1037.21
11-12,2012-03-30,0,120,34,1042.41
11-12,2012-03-31,0,120,34,1042.41
11-12,2012-04-01,0,120,34,926.11
11-12,2012-04-02,0,120,34,681.35
11-12,2012-04-03,0,120,34,611.95
11-12,2012-04-04,1,121,35,596.25
11-12,2012-04-05,0,121,35,574.85
11-12,2012-04-06,0,121,33,572.65
11-12,2012-04-07,0,121,33,572.65
11-12,2012-04-08,0,121,33,572.65
11-12,2012-04-09,0,121,32,189.9
12-13,2012-10-15,0,,,
12-13,2012-10-16,0,,,
12-13,2012-10-17,3,3,,
12-13,2012-10-18,,3,,
12-13,2012-10-19,,3,,
12-13,2012-10-20,,3,,
12-13,2012-10-21,,3,,
12-13,2012-10-22,,3,,
12-13,2012-10-23,,3,,
12-13,2012-10-24,0,3,,
12-13,2012-10-25,4,7,,
12-13,2012-10-26,5,12,,
12-13,2012-10-27,,12,,
12-13,2012-10-28,,12,,
12-13,2012-10-29,,12,,
12-13,2012-10-30,,12,,
12-13,2012-10-31,,12,,
12-13,2012-11-01,0,12,,
12-13,2012-11-02,0,12,18,45.6
12-13,2012-11-03,0,12,18,45.6
12-13,2012-11-04,0,12,18,54.15
12-13,2012-11-05,0,12,18,54.15
12-13,2012-11-06,0,12,18,54.15
12-13,2012-11-07,0,12,18,54.15
12-13,2012-11-08,0,12,18,54.15
12-13,2012-11-09,0,12,18,54.15
12-13,2012-11-10,0,12,18,54.15
12-13,2012-11-11,6,18,18,54.15
12-13,2012-11-12,2,20,18,54.15
12-13,2012-11-13,0,20,18,54.15
12-13,2012-11-14,0,20,18,54.15
12-13,2012-11-15,0,20,18,54.15
12-13,2012-11-16,0,20,18,121.826
12-13,2012-11-17,0,20,18,121.826
12-13,2012-11-18,0,20,18,121.826
12-13,2012-11-19,0,20,18,121.826
12-13,2012-11-20,0,20,18,121.826
12-13,2012-11-21,0,20,18,157.8
12-13,2012-11-22,0,20,18,157.8
12-13,2012-11-23,0,20,18,157.8
12-13,2012-11-24,0,20,18,157.8
12-13,2012-11-25,0,20,18,157.8
12-13,2012-11-26,0,20,18,157.8
12-13,2012-11-27,0,20,18,157.8
12-13,2012-11-28,0,20,18,166.3
12-13,2012-11-29,0,20,18,224
12-13,2012-11-30,0,20,18,224
12-13,2012-12-01,,20,18,224
12-13,2012-12-02,0,20,18,224
12-13,2012-12-03,0,20,18,233
12-13,2012-12-04,1,21,18,233
12-13,2012-12-05,0,21,18,204.2
12-13,2012-12-06,0,21,18,204.2
12-13,2012-12-07,1,22,18,236.3
12-13,2012-12-08,1,23,18,245.3
12-13,2012-12-09,6,29,18,245.3
12-13,2012-12-10,1,30,18,245.3
12-13,2012-12-11,4,34,18,236.3
12-13,2012-12-12,0,34,18,236.3
12-13,2012-12-13,0,34,18,236.3
12-13,2012-12-14,0,34,18,308.05
12-13,2012-12-15,4,38,18,308.05
12-13,2012-12-16,3,41,20,287.75
12-13,2012-12-17,3,44,21,287.75
12-13,2012-12-18,5,49,23,287.75
12-13,2012-12-19,1,50,22,287.75
12-13,2012-12-20,2,52,22,331.65
12-13,2012-12-21,0,52,21,331.65
12-13,2012-12-22,0,52,20,1125.82
12-13,2012-12-23,0,52,20,1168.62
12-13,2012-12-24,0,52,19,1168.62
12-13,2012-12-25,6,58,23,1183.07
12-13,2012-12-26,0,58,23,1230.97
12-13,2012-12-27,2,60,24,1265.77
12-13,2012-12-28,2,62,24,1379.17
12-13,2012-12-29,0,62,24,1379.17
12-13,2012-12-30,0,62,23,1657.17
12-13,2012-12-31,0,62,23,1655.3
12-13,2013-01-01,2,64,23,1666.5
12-13,2013-01-02,1,65,24,1669.5
12-13,2013-01-03,0,65,24,1678.1
12-13,2013-01-04,0,65,24,1685.6
12-13,2013-01-05,0,65,23,1685.6
12-13,2013-01-06,0,65,23,1685.6
12-13,2013-01-07,0,65,22,1685.6
12-13,2013-01-08,0,65,22,1685.6
12-13,2013-01-09,0,65,22,1659.32
12-13,2013-01-10,0,65,21,1659.32
12-13,2013-01-11,0,65,21,1659.92
12-13,2013-01-12,3,68,24,1650.87
12-13,2013-01-13,0,68,23,1672.97
12-13,2013-01-14,0,68,23,1660.07
12-13,2013-01-15,0,68,23,1938.07
12-13,2013-01-16,3,71,25,1950.97
12-13,2013-01-17,0,71,25,1995.57
12-13,2013-01-18,0,71,24,2021.37
12-13,2013-01-19,0,71,24,2021.37
12-13,2013-01-20,0,71,23,2021.37
12-13,2013-01-21,0,71,24,2021.37
12-13,2013-01-22,0,71,23,2021.37
12-13,2013-01-23,0,71,23,2023.87
12-13,2013-01-24,0,71,23,2063.77
12-13,2013-01-25,1,72,22,2063.77
12-13,2013-01-26,0,72,23,2063.77
12-13,2013-01-27,2,74,24,2063.77
12-13,2013-01-28,0,74,24,2156.37
12-13,2013-01-29,3,77,27,2158.47
12-13,2013-01-30,1,78,27,2158.47
12-13,2013-01-31,4,82,29,2169.97
12-13,2013-02-01,2,84,29,2172.27
12-13,2013-02-02,3,87,32,2172.27
12-13,2013-02-03,0,87,31,2172.27
12-13,2013-02-04,0,87,31,2828.92
12-13,2013-02-05,0,87,30,2828.92
12-13,2013-02-06,0,87,30,2828.32
12-13,2013-02-07,2,89,30,2828.32
12-13,2013-02-08,0,89,29,2828.32
12-13,2013-02-09,1,90,30,2828.32
12-13,2013-02-10,3,93,32,2828.32
12-13,2013-02-11,1,94,32,2828.32
12-13,2013-02-12,1,95,32,2873.82
12-13,2013-02-13,0,95,32,2884.12
12-13,2013-02-14,1,96,32,2937.2
12-13,2013-02-15,1,97,32,2937.2
12-13,2013-02-16,0,97,32,2937.2
12-13,2013-02-17,0,97,31,2946.25
12-13,2013-02-18,3,100,35,2946.25
12-13,2013-02-19,1,101,34,2952.95
12-13,2013-02-20,0,101,33,2952.95
12-13,2013-02-21,1,102,33,2952.95
12-13,2013-02-22,2,104,34,2952.95
12-13,2013-02-23,1,105,34,2952.95
12-13,2013-02-24,5,110,38,2952.95
12-13,2013-02-25,2,112,38,2952.95
12-13,2013-02-26,0,112,37,2952.95
12-13,2013-02-27,3,115,37,2968.65
12-13,2013-02-28,0,115,37,3013.55
12-13,2013-03-01,3,118,38,3013.55
12-13,2013-03-02,1,119,38,3013.55
12-13,2013-03-03,0,119,37,3013.55
12-13,2013-03-04,5,124,42,3012.95
12-13,2013-03-05,4,128,43,3013.55
12-13,2013-03-06,0,128,43,3013.55
12-13,2013-03-07,0,128,41,3013.55
12-13,2013-03-08,0,128,40,3013.55
12-13,2013-03-09,3,131,43,3013.55
12-13,2013-03-10,4,135,45,3013.55
12-13,2013-03-11,1,136,44,3013.55
12-13,2013-03-12,3,139,45,3013.55
12-13,2013-03-13,0,139,44,3013.55
12-13,2013-03-14,0,139,43,2968.65
12-13,2013-03-15,0,139,42,2968.65
12-13,2013-03-16,0,139,41,2968.65
12-13,2013-03-17,2,141,42,2968.65
12-13,2013-03-18,3,144,45,2964.15
12-13,2013-03-19,4,148,48,2942.35
12-13,2013-03-20,0,148,46,2942.35
12-13,2013-03-21,1,149,45,2942.35
12-13,2013-03-22,6,155,49,2942.35
12-13,2013-03-23,4,159,50,2942.35
12-13,2013-03-24,3,162,50,3012.95
12-13,2013-03-25,0,162,49,3012.95
12-13,2013-03-26,0,162,48,3012.95
12-13,2013-03-27,1,163,48,3012.95
12-13,2013-03-28,4,167,50,3012.95
12-13,2013-03-29,0,167,48,3012.95
12-13,2013-03-30,1,168,48,3012.95
12-13,2013-03-31,1,169,47,3012.95
12-13,2013-04-01,0,169,46,2946.25
12-13,2013-04-02,1,170,47,2946.25
12-13,2013-04-03,2,172,48,2946.25
12-13,2013-04-04,0,172,47,2921.95
12-13,2013-04-05,0,172,46,2909.45
12-13,2013-04-06,2,174,47,1756.25
12-13,2013-04-07,1,175,47,254.6
12-13,2013-04-08,1,176,47,254.6
13-14,2013-10-15,0,,,
13-14,2013-10-16,0,,,
13-14,2013-10-17,0,,,
13-14,2013-10-18,0,,,
13-14,2013-10-19,0,,,
13-14,2013-10-20,0,,,
13-14,2013-10-21,0,,,
13-14,2013-10-22,2,2,,
13-14,2013-10-23,0,2,,
13-14,2013-10-24,0,2,,
13-14,2013-10-25,0,2,,
13-14,2013-10-26,0,2,,
13-14,2013-10-27,0,2,,
13-14,2013-10-28,3,5,,
13-14,2013-10-29,0,5,,
13-14,2013-10-30,0,5,,
13-14,2013-10-31,0,5,,
13-14,2013-11-01,0,5,18,64.7
13-14,2013-11-02,0,5,18,64.7
13-14,2013-11-03,2,7,18,64.7
13-14,2013-11-04,3,10,18,64.7
13-14,2013-11-05,0,10,18,64.7
13-14,2013-11-06,0,10,18,64.7
13-14,2013-11-07,0,10,18,64.7
13-14,2013-11-08,0,10,18,109.84
13-14,2013-11-09,0,10,18,110.24
13-14,2013-11-10,0,10,18,109.84
13-14,2013-11-11,6,16,18,109.84
13-14,2013-11-12,4,20,18,109.84
13-14,2013-11-13,9,29,18,109.84
13-14,2013-11-14,9,38,18,109.84
13-14,2013-11-15,3,41,21,142.44
13-14,2013-11-16,11,52,28,142.44
13-14,2013-11-17,0,52,25,142.44
13-14,2013-11-18,0,52,23,142.44
13-14,2013-11-19,0,52,22,142.44
13-14,2013-11-20,0,52,20,142.44
13-14,2013-11-21,0,52,20,142.44
13-14,2013-11-22,0,52,19,166.96
13-14,2013-11-23,5,57,23,166.96
13-14,2013-11-24,2,59,23,166.96
13-14,2013-11-25,2,61,24,166.96
13-14,2013-11-26,4,65,25,166.96
13-14,2013-11-27,1,66,24,291.145
13-14,2013-11-28,0,66,23,303.365
13-14,2013-11-29,0,66,22,311.09
13-14,2013-11-30,0,66,21,311.09
13-14,2013-12-01,0,66,22,319.74
13-14,2013-12-02,0,66,21,285.2
13-14,2013-12-03,0,66,21,267.15
13-14,2013-12-04,0,66,20,310.74
13-14,2013-12-05,0,66,20,310.74
13-14,2013-12-06,0,66,19,1070.515
13-14,2013-12-07,0,66,20,1070.515
13-14,2013-12-08,0,66,20,1097.575
13-14,2013-12-09,0,66,20,1097.575
13-14,2013-12-10,0,66,20,1249.575
13-14,2013-12-11,0,66,19,1263.475
13-14,2013-12-12,0,66,19,1563.075
13-14,2013-12-13,0,66,19,1618.575
13-14,2013-12-14,5,71,24,1618.575
13-14,2013-12-15,3,74,26,1629.775
13-14,2013-12-16,0,74,26,1629.775
13-14,2013-12-17,0,74,25,1607.625
13-14,2013-12-18,2,76,25,1609.625
13-14,2013-12-19,2,78,26,1609.625
13-14,2013-12-20,0,78,26,1646.375
13-14,2013-12-21,3,81,28,1677.835
13-14,2013-12-22,4,85,32,1677.835
13-14,2013-12-23,2,87,32,1657.935
13-14,2013-12-24,1,88,32,1657.935
13-14,2013-12-25,0,88,31,1652.935
13-14,2013-12-26,1,89,31,1690.455
13-14,2013-12-27,2,91,31,1690.455
13-14,2013-12-28,0,91,31,1690.455
13-14,2013-12-29,3,94,34,1968.955
13-14,2013-12-30,0,94,33,1975.755
13-14,2013-12-31,0,94,32,1982.555
13-14,2014-01-01,0,94,32,2010.13
13-14,2014-01-02,1,95,32,2013.73
13-14,2014-01-03,2,97,32,2013.73
13-14,2014-01-04,4,101,35,2031.03
13-14,2014-01-05,0,101,34,2031.03
13-14,2014-01-06,0,101,33,2155.21
13-14,2014-01-07,0,101,32,2191.01
13-14,2014-01-08,0,101,32,2216.81
13-14,2014-01-09,0,101,32,2238.15
13-14,2014-01-10,0,101,31,2327.95
13-14,2014-01-11,0,101,31,2327.95
13-14,2014-01-12,1,102,31,2327.95
13-14,2014-01-13,0,102,31,2355.75
13-14,2014-01-14,0,102,31,2355.75
13-14,2014-01-15,0,102,31,2355.75
13-14,2014-01-16,0,102,31,2379.25
13-14,2014-01-17,2,104,33,2381.35
13-14,2014-01-18,0,104,31,3027.05
13-14,2014-01-19,0,104,31,3027.05
13-14,2014-01-20,7,111,38,3027.05
13-14,2014-01-21,2,113,38,3027.05
13-14,2014-01-22,2,115,37,3027.05
13-14,2014-01-23,0,115,36,3027.05
13-14,2014-01-24,0,115,35,3027.05
13-14,2014-01-25,1,116,35,3027.05
13-14,2014-01-26,0,116,35,3027.05
13-14,2014-01-27,0,116,35,3027.05
13-14,2014-01-28,0,116,35,3027.05
13-14,2014-01-29,0,116,35,3027.05
13-14,2014-01-30,0,116,34,3043.15
13-14,2014-01-31,0,116,34,3058.25
13-14,2014-02-01,2,118,35,3058.25
13-14,2014-02-02,0,118,35,3058.25
13-14,2014-02-03,1,119,36,3058.25
13-14,2014-02-04,1,120,36,3148.05
13-14,2014-02-05,9,129,44,3148.05
13-14,2014-02-06,0,129,43,3148.05
13-14,2014-02-07,0,129,42,3148.05
13-14,2014-02-08,0,129,41,3148.05
13-14,2014-02-09,0,129,40,3148.05
13-14,2014-02-10,0,129,39,3148.05
13-14,2014-02-11,3,132,41,3148.05
13-14,2014-02-12,0,132,40,3148.05
13-14,2014-02-13,0,132,39,3148.05
13-14,2014-02-14,0,132,39,3148.05
13-14,2014-02-15,0,132,39,3148.05
13-14,2014-02-16,2,134,40,3148.05
13-14,2014-02-17,2,136,41,3148.05
13-14,2014-02-18,0,136,41,3148.05
13-14,2014-02-19,0,136,40,3148.05
13-14,2014-02-20,0,136,39,3148.05
13-14,2014-02-21,4,140,43,3148.05
13-14,2014-02-22,2,142,43,3148.05
13-14,2014-02-23,2,144,44,3148.05
13-14,2014-02-24,1,145,44,3148.05
13-14,2014-02-25,1,146,43,3148.05
13-14,2014-02-26,3,149,45,3148.05
13-14,2014-02-27,3,152,46,3148.05
13-14,2014-02-28,1,153,46,3148.05
13-14,2014-03-01,2,155,46,3148.05
13-14,2014-03-02,1,156,46,3148.05
13-14,2014-03-03,2,158,48,3148.05
13-14,2014-03-04,5,163,52,3148.05
13-14,2014-03-05,1,164,50,3148.05
13-14,2014-03-06,0,164,49,3148.05
13-14,2014-03-07,0,164,48,3148.05
13-14,2014-03-08,0,164,48,3148.05
13-14,2014-03-09,0,164,47,3148.05
13-14,2014-03-10,0,164,47,3148.05
13-14,2014-03-11,0,164,47,3148.05
13-14,2014-03-12,0,164,46,3148.05
13-14,2014-03-13,4,168,48,3148.05
13-14,2014-03-14,0,168,48,3148.05
13-14,2014-03-15,0,168,47,3148.05
13-14,2014-03-16,0,168,46,3148.05
13-14,2014-03-17,0,168,46,3148.05
13-14,2014-03-18,0,168,46,3148.05
13-14,2014-03-19,3,171,47,3148.05
13-14,2014-03-20,0,171,47,3148.05
13-14,2014-03-21,0,171,46,3148.05
13-14,2014-03-22,0,171,46,3148.05
13-14,2014-03-23,0,171,46,3148.05
13-14,2014-03-24,5,176,51,3148.05
13-14,2014-03-25,3,179,51,3148.05
13-14,2014-03-26,2,181,52,3148.05
13-14,2014-03-27,0,181,51,3148.05
13-14,2014-03-28,0,181,50,3148.05
13-14,2014-03-29,1,182,50,3148.05
13-14,2014-03-30,0,182,50,3148.05
13-14,2014-03-31,0,182,49,3148.05
13-14,2014-04-01,0,182,49,3148.05
13-14,2014-04-02,0,182,48,3148.05
13-14,2014-04-03,8,190,56,3148.05
13-14,2014-04-04,0,190,53,3148.05
13-14,2014-04-05,0,190,52,3148.05
13-14,2014-04-06,0,190,51,3148.05
13-14,2014-04-07,0,190,49,3148.05
13-14,2014-04-08,0,190,49,3148.05
13-14,2014-04-09,0,190,49,3148.05
13-14,2014-04-10,1,191,49,3148.05
13-14,2014-04-11,0,191,48,3148.05
13-14,2014-04-12,0,191,48,3148.05
13-14,2014-04-13,0,191,48,3148.05
13-14,2014-04-14,0,191,48,3148.05
13-14,2014-04-15,0,191,48,3148.05
13-14,2014-04-16,0,191,48,3148.05
13-14,2014-04-17,0,191,48,3090.35
13-14,2014-04-18,0,191,48,3090.35
13-14,2014-04-19,0,191,48,3090.35
13-14,2014-04-20,0,191,48,3090.35
13-14,2014-04-21,0,191,48,423.9
14-15,2014-10-15,0,,,
14-15,2014-10-16,0,,,
14-15,2014-10-17,0,,,
14-15,2014-10-18,0,,,
14-15,2014-10-19,0,,,
14-15,2014-10-20,0,,,
14-15,2014-10-21,0,,,
14-15,2014-10-22,2,2,,
14-15,2014-10-23,0,2,,
14-15,2014-10-24,0,2,,
14-15,2014-10-25,0,2,,
14-15,2014-10-26,0,2,,
14-15,2014-10-27,0,2,,
14-15,2014-10-28,3,5,,
14-15,2014-10-29,0,5,,
14-15,2014-10-30,0,5,,
14-15,2014-10-31,0,5,,
14-15,2014-11-01,0,5,,
14-15,2014-11-02,0,5,,
14-15,2014-11-03,2,7,,
14-15,2014-11-04,3,10,,
14-15,2014-11-05,0,10,,
14-15,2014-11-06,0,10,,
14-15,2014-11-07,0,10,18,49.795
14-15,2014-11-08,0,10,18,49.795
14-15,2014-11-09,0,10,18,49.795
14-15,2014-11-10,0,10,18,49.795
14-15,2014-11-11,6,16,18,49.795
14-15,2014-11-12,4,20,18,49.795
14-15,2014-11-13,9,29,18,49.795
14-15,2014-11-14,9,38,21,49.795
14-15,2014-11-15,3,41,21,103.73
14-15,2014-11-16,11,52,28,141.83
14-15,2014-11-17,0,52,25,141.83
14-15,2014-11-18,0,52,23,200.555
14-15,2014-11-19,0,52,22,112.78
14-15,2014-11-20,0,52,20,112.78
14-15,2014-11-21,0,52,20,112.78
14-15,2014-11-22,0,52,19,922.56
14-15,2014-11-23,5,57,23,922.56
14-15,2014-11-24,2,59,23,894.76
14-15,2014-11-25,2,61,24,894.76
14-15,2014-11-26,4,65,25,1000.14
14-15,2014-11-27,1,66,24,1000.14
14-15,2014-11-28,0,66,23,1053.55
14-15,2014-11-29,0,66,22,1062.05
14-15,2014-11-30,0,66,21,1062.05
14-15,2014-12-01,0,66,22,1032.85
14-15,2014-12-02,0,66,21,1033.35
14-15,2014-12-03,0,66,21,980.55
14-15,2014-12-04,0,66,20,983.05
14-15,2014-12-05,0,66,20,1319.775
14-15,2014-12-06,0,66,19,1319.775
14-15,2014-12-07,0,66,20,1351.025
14-15,2014-12-08,0,66,20,1641.625
14-15,2014-12-09,0,66,20,1635.625
14-15,2014-12-10,0,66,20,1609.575
14-15,2014-12-11,0,66,19,1609.575
14-15,2014-12-12,0,66,19,1583.775
14-15,2014-12-13,0,66,19,2111.715
14-15,2014-12-14,5,71,24,2111.715
14-15,2014-12-15,3,74,26,1598.715
14-15,2014-12-16,0,74,26,1589.715
14-15,2014-12-17,0,74,25,1627.765
14-15,2014-12-18,2,76,25,2140.765
14-15,2014-12-19,2,78,26,2140.765
14-15,2014-12-20,0,78,26,2165.34
14-15,2014-12-21,3,81,28,2249.64
14-15,2014-12-22,4,85,32,2249.64
14-15,2014-12-23,2,87,32,2283.24
14-15,2014-12-24,1,88,32,2283.24
14-15,2014-12-25,0,88,31,2369.9
14-15,2014-12-26,1,89,31,2369.9
14-15,2014-12-27,2,91,31,2422.5
14-15,2014-12-28,0,91,31,2422.5
14-15,2014-12-29,3,94,34,2526.5
14-15,2014-12-30,0,94,33,2526.5
14-15,2014-12-31,0,94,32,2742.02
14-15,2015-01-01,0,94,32,2967.6
14-15,2015-01-02,1,95,32,2967.6
14-15,2015-01-03,2,97,32,3046.5
14-15,2015-01-04,4,101,35,3046.5
14-15,2015-01-05,0,101,34,3036.5
14-15,2015-01-06,0,101,33,2987.2
14-15,2015-01-07,0,101,32,3016.4
14-15,2015-01-08,0,101,32,3016.4
14-15,2015-01-09,0,101,32,3016.4
14-15,2015-01-10,0,101,31,2836.35
14-15,2015-01-11,0,101,31,2846.35
14-15,2015-01-12,1,102,31,2846.35
14-15,2015-01-13,0,102,31,2846.35
14-15,2015-01-14,0,102,31,2846.35
14-15,2015-01-15,0,102,31,2846.35
14-15,2015-01-16,0,102,31,2846.35
14-15,2015-01-17,2,104,33,2872.55
14-15,2015-01-18,0,104,31,2872.55
14-15,2015-01-19,0,104,31,2872.55
14-15,2015-01-20,7,111,38,2872.55
14-15,2015-01-21,2,113,38,2896.05
14-15,2015-01-22,2,115,37,3093.75
14-15,2015-01-23,0,115,36,3093.75
14-15,2015-01-24,0,115,35,3093.75
14-15,2015-01-25,1,116,35,3093.75
14-15,2015-01-26,0,116,35,3114.75
14-15,2015-01-27,0,116,35,2953.35
14-15,2015-01-28,0,116,35,2953.35
14-15,2015-01-29,0,116,35,2953.35
14-15,2015-01-30,0,116,34,2953.35
14-15,2015-01-31,0,116,34,2953.35
14-15,2015-02-01,2,118,35,2953.35
14-15,2015-02-02,0,118,35,2937.25
14-15,2015-02-03,1,119,36,2937.25
14-15,2015-02-04,1,120,36,2937.25
14-15,2015-02-05,9,129,44,3132.95
14-15,2015-02-06,0,129,43,3132.95
14-15,2015-02-07,0,129,42,3148.05
14-15,2015-02-08,0,129,41,2953.35
14-15,2015-02-09,0,129,40,2953.35
14-15,2015-02-10,0,129,39,2953.35
14-15,2015-02-11,3,132,41,2953.35
14-15,2015-02-12,0,132,40,2953.35
14-15,2015-02-13,0,132,39,2953.35
14-15,2015-02-14,0,132,39,2953.35
14-15,2015-02-15,0,132,39,2953.35
14-15,2015-02-16,2,134,40,2953.35
14-15,2015-02-17,2,136,41,2953.35
14-15,2015-02-18,0,136,41,2953.35
14-15,2015-02-19,0,136,40,2953.35
14-15,2015-02-20,0,136,39,2953.35
14-15,2015-02-21,4,140,43,2953.35
14-15,2015-02-22,2,142,43,2953.35
14-15,2015-02-23,2,144,44,2953.35
14-15,2015-02-24,1,145,44,2953.35
14-15,2015-02-25,1,146,43,2953.35
14-15,2015-02-26,3,149,45,2953.35
14-15,2015-02-27,3,152,46,2953.35
14-15,2015-02-28,1,153,46,2953.35
14-15,2015-03-01,2,155,46,2953.35
14-15,2015-03-02,1,156,46,2953.35
14-15,2015-03-03,2,158,48,2953.35
14-15,2015-03-04,5,163,52,2953.35
14-15,2015-03-05,1,164,50,2953.35
14-15,2015-03-06,0,164,49,2953.35
14-15,2015-03-07,0,164,48,2953.35
14-15,2015-03-08,0,164,48,2953.35
14-15,2015-03-09,0,164,47,2953.35
14-15,2015-03-10,0,164,47,2953.35
14-15,2015-03-11,0,164,47,2953.35
14-15,2015-03-12,0,164,46,2953.35
14-15,2015-03-13,4,168,48,2953.35
14-15,2015-03-14,0,168,48,2953.35
14-15,2015-03-15,0,168,47,2953.35
14-15,2015-03-16,0,168,46,2953.35
14-15,2015-03-17,0,168,46,2953.35
14-15,2015-03-18,0,168,46,2953.35
14-15,2015-03-19,3,171,47,2953.35
14-15,2015-03-20,0,171,47,2327.35
14-15,2015-03-21,0,171,46,2327.35
14-15,2015-03-22,0,171,46,2326.35
14-15,2015-03-23,0,171,46,2326.35
14-15,2015-03-24,5,176,51,2326.35
14-15,2015-03-25,3,179,51,2326.35
14-15,2015-03-26,2,181,52,2326.35
14-15,2015-03-27,0,181,51,2326.35
14-15,2015-03-28,0,181,50,2326.35
14-15,2015-03-29,1,182,50,2326.35
14-15,2015-03-30,0,182,50,2326.35
14-15,2015-03-31,0,182,49,2326.35
14-15,2015-04-01,0,182,49,2326.35
14-15,2015-04-02,0,182,48,2326.35
14-15,2015-04-03,8,190,56,2317.15
14-15,2015-04-04,0,190,53,2317.15
14-15,2015-04-05,0,190,52,2326.35
14-15,2015-04-06,0,190,51,1569.05
14-15,2015-04-07,0,190,49,1543.95
14-15,2015-04-08,0,190,49,1497.69
14-15,2015-04-09,0,190,49,1497.69
14-15,2015-04-10,1,191,49,1495.39
14-15,2015-04-11,0,191,48,1495.39
14-15,2015-04-12,0,191,48,385.14
14-15,2015-04-13,0,191,48,385.14
15-16,2015-10-15,0,,,
15-16,2015-10-16,0,,,
15-16,2015-10-17,0,,,
15-16,2015-10-18,0,,,
15-16,2015-10-19,0,,,
15-16,2015-10-20,0,,,
15-16,2015-10-21,0,,,
15-16,2015-10-22,0,,,
15-16,2015-10-23,0,,,
15-16,2015-10-24,0,,,
15-16,2015-10-25,0,,,
15-16,2015-10-26,0,,,
15-16,2015-10-27,0,,,
15-16,2015-10-28,0,,,
15-16,2015-10-29,0,,,
15-16,2015-10-30,0,,,
15-16,2015-10-31,0,,,
15-16,2015-11-01,0,,,
15-16,2015-11-02,0,,,
15-16,2015-11-03,0,,,
15-16,2015-11-04,1,1,,
15-16,2015-11-05,0,1,,
15-16,2015-11-06,9,10,18,39.9
15-16,2015-11-07,0,10,18,39.9
15-16,2015-11-08,0,10,18,39.9
15-16,2015-11-09,0,10,18,39.9
15-16,2015-11-10,0,10,18,45.4
15-16,2015-11-11,3,13,18,58.225
15-16,2015-11-12,0,13,18,60.425
15-16,2015-11-13,1,14,18,60.425
15-16,2015-11-14,1,15,18,96.4
15-16,2015-11-15,0,15,18,96.4
15-16,2015-11-16,0,15,18,96.4
15-16,2015-11-17,0,15,18,96.4
15-16,2015-11-18,0,15,18,96.4
15-16,2015-11-19,8,23,18,96.4
15-16,2015-11-20,4,27,18,96.4
15-16,2015-11-21,4,31,18,750.215
15-16,2015-11-22,0,31,18,750.215
15-16,2015-11-23,0,31,18,750.215
15-16,2015-11-24,0,31,18,876.385
15-16,2015-11-25,8,39,18,926.17
15-16,2015-11-26,2,41,18,926.17
15-16,2015-11-27,0,41,18,1286.85
15-16,2015-11-28,0,41,18,1647.85
15-16,2015-11-29,0,41,18,1647.85
15-16,2015-11-30,0,41,18,1618.95
15-16,2015-12-01,7,48,20,2131.95
15-16,2015-12-02,9,57,23,2237.9
15-16,2015-12-03,9,66,31,2237.9
15-16,2015-12-04,1,67,28,2231.1
15-16,2015-12-05,8,75,32,2294.5
15-16,2015-12-06,0,75,29,2316
15-16,2015-12-07,0,75,28,2310.26
15-16,2015-12-08,0,75,26,2296.16
15-16,2015-12-09,0,75,25,2296.16
15-16,2015-12-10,0,75,24,2296.16
15-16,2015-12-11,1,76,24,2296.16
15-16,2015-12-12,0,76,23,2704.56
15-16,2015-12-13,2,78,24,2704.56
15-16,2015-12-14,3,81,27,2704.56
15-16,2015-12-15,0,81,26,2704.56
15-16,2015-12-16,0,81,25,2759
15-16,2015-12-17,0,81,25,2746.1
15-16,2015-12-18,0,81,24,2725.1
15-16,2015-12-19,0,81,24,2738
15-16,2015-12-20,1,82,24,2747.2
15-16,2015-12-21,0,82,24,2747.2
15-16,2015-12-22,0,82,23,2747.2
15-16,2015-12-23,1,83,23,2721.4
15-16,2015-12-24,0,83,23,2736.5
15-16,2015-12-25,0,83,23,2867.14
15-16,2015-12-26,0,83,23,2896.94
15-16,2015-12-27,12,95,33,2896.94
15-16,2015-12-28,0,95,30,2896.94
15-16,2015-12-29,9,104,38,2896.94
15-16,2015-12-30,3,107,36,2886.94
15-16,2015-12-31,2,109,35,2940.04
15-16,2016-01-01,1,110,33,2963.54
15-16,2016-01-02,0,110,33,2963.54
15-16,2016-01-03,0,110,32,2973.54
15-16,2016-01-04,3,113,34,2974
15-16,2016-01-05,2,115,35,2973.54
15-16,2016-01-06,7,122,38,2958.44
15-16,2016-01-07,4,126,40,3000.04
15-16,2016-01-08,1,127,38,3000.04
15-16,2016-01-09,1,128,37,3000.04
15-16,2016-01-10,0,128,36,3000.04
15-16,2016-01-11,0,128,35,3000.44
15-16,2016-01-12,0,128,35,3000.44
15-16,2016-01-13,0,128,35,3000.44
15-16,2016-01-14,1,129,34,3000.44
15-16,2016-01-15,0,129,34,3000.44
15-16,2016-01-16,0,129,33,3018.4
15-16,2016-01-17,0,129,33,3018.4
15-16,2016-01-18,0,129,33,3018.4
15-16,2016-01-19,0,129,33,3018
15-16,2016-01-20,0,129,33,3018
15-16,2016-01-21,1,130,33,3018.4
15-16,2016-01-22,2,132,34,3116.06
15-16,2016-01-23,2,134,34,3116.06
15-16,2016-01-24,2,136,36,3116.06
15-16,2016-01-25,0,136,36,3116.06
15-16,2016-01-26,0,136,36,3116.06
15-16,2016-01-27,0,136,34,3108
15-16,2016-01-28,0,136,34,3112.525
15-16,2016-01-29,4,140,38,3112.525
15-16,2016-01-30,3,143,38,3112.525
15-16,2016-01-31,2,145,39,3112.525
15-16,2016-02-01,6,151,42,3143.725
15-16,2016-02-02,2,153,42,3143.725
15-16,2016-02-03,1,154,41,3143.725
15-16,2016-02-04,5,159,45,3143.725
15-16,2016-02-05,1,160,44,3143.725
15-16,2016-02-06,0,160,42,3143.725
15-16,2016-02-07,0,160,41,3143.725
15-16,2016-02-08,1,161,41,3143.725
15-16,2016-02-09,1,162,41,3143.725
15-16,2016-02-10,0,162,40,3143.725
15-16,2016-02-11,0,162,39,3143.725
15-16,2016-02-12,0,162,38,3143.725
15-16,2016-02-13,2,164,39,3143.725
15-16,2016-02-14,9,173,47,3143.725
15-16,2016-02-15,3,176,46,3143.725
15-16,2016-02-16,6,182,49,3143.725
15-16,2016-02-17,2,184,49,3143.725
15-16,2016-02-18,1,185,49,3148.05
15-16,2016-02-19,1,186,48,3148.05
15-16,2016-02-20,1,187,48,3148.05
15-16,2016-02-21,0,187,47,3148.05
15-16,2016-02-22,0,187,46,3148.05
15-16,2016-02-23,0,187,46,3148.05
15-16,2016-02-24,0,187,46,3148.05
15-16,2016-02-25,0,187,45,3148.05
15-16,2016-02-26,0,187,44,3148.05
15-16,2016-02-27,0,187,44,3148.05
15-16,2016-02-28,0,187,43,3148.05
15-16,2016-02-29,4,191,47,3148.05
15-16,2016-03-01,6,197,50,3148.05
15-16,2016-03-02,0,197,49,3148.05
15-16,2016-03-03,0,197,49,2989.27
15-16,2016-03-04,3,200,51,2989.27
15-16,2016-03-05,0,200,50,2989.27
15-16,2016-03-06,0,200,49,2989.27
15-16,2016-03-07,0,200,48,2989.27
15-16,2016-03-08,3,203,50,2989.27
15-16,2016-03-09,0,203,49,2989.27
15-16,2016-03-10,0,203,48,2989.27
15-16,2016-03-11,0,203,48,2989.27
15-16,2016-03-12,0,203,47,2989.27
15-16,2016-03-13,0,203,47,2989.27
15-16,2016-03-14,0,203,46,2989.27
15-16,2016-03-15,1,204,47,2989.27
15-16,2016-03-16,0,204,46,2989.27
15-16,2016-03-17,3,207,49,3148.05
15-16,2016-03-18,0,207,48,3148.05
15-16,2016-03-19,0,207,47,3148.05
15-16,2016-03-20,0,207,46,3148.05
15-16,2016-03-21,0,207,46,3148.05
15-16,2016-03-22,4,211,49,3148.05
15-16,2016-03-23,0,211,48,3148.05
15-16,2016-03-24,2,213,50,3148.05
15-16,2016-03-25,0,213,50,3148
15-16,2016-03-26,0,213,49,3148.05
15-16,2016-03-27,3,216,51,3148.05
15-16,2016-03-28,0,216,50,3148.05
15-16,2016-03-29,14,230,62,3148.05
15-16,2016-03-30,7,237,64,3148.05
15-16,2016-03-31,7,244,66,3148.05
15-16,2016-04-01,9,253,69,3148.05
15-16,2016-04-02,2,255,66,3148.05
15-16,2016-04-03,0,255,63,3148.05
15-16,2016-04-04,0,255,62,3139
15-16,2016-04-05,0,255,60,3139.05
15-16,2016-04-06,5,260,64,3081.35
15-16,2016-04-07,6,266,67,2886.65
15-16,2016-04-08,1,267,65,2886.65
15-16,2016-04-09,8,275,70,1747.15
15-16,2016-04-10,1,276,68,1747.15
15-16,2016-04-11,0,276,67,417.9
15-16,2016-04-12,0,276,64,
15-16,2016-04-13,1,277,64,
15-16,2016-04-14,3,280,66,
15-16,2016-04-15,4,284,67,
15-16,2016-04-16,0,284,66,
15-16,2016-04-17,0,284,64,
15-16,2016-04-18,0,284,63,
15-16,2016-04-19,0,284,61,
15-16,2016-04-20,6,290,65,
15-16,2016-04-21,0,290,64,
15-16,2016-04-22,0,290,63,
15-16,2016-04-23,0,290,62,
15-16,2016-04-24,2,292,63,
16-17,2016-10-15,0,0,,
16-17,2016-10-16,0,0,,
16-17,2016-10-17,0,0,,
16-17,2016-10-18,0,0,,
16-17,2016-10-19,5,5,,
16-17,2016-10-20,0,5,,
16-17,2016-10-21,0,5,,
16-17,2016-10-22,0,5,,
16-17,2016-10-23,0,5,,
16-17,2016-10-24,0,5,,
16-17,2016-10-25,0,5,,
16-17,2016-10-26,0,5,,
16-17,2016-10-27,0,5,,
16-17,2016-10-28,0,5,,
16-17,2016-10-29,0,5,,
16-17,2016-10-30,0,5,,
16-17,2016-10-31,0,5,,
16-17,2016-11-01,0,5,,
16-17,2016-11-02,1,6,,
16-17,2016-11-03,2,8,,
16-17,2016-11-04,0,8,,
16-17,2016-11-05,0,8,,
16-17,2016-11-06,0,8,,
16-17,2016-11-07,0,8,,
16-17,2016-11-08,0,8,,
16-17,2016-11-09,0,8,,
16-17,2016-11-10,0,8,,
16-17,2016-11-11,0,8,,
16-17,2016-11-12,0,8,,
16-17,2016-11-13,0,8,,
16-17,2016-11-14,1,9,,
16-17,2016-11-15,0,9,,
16-17,2016-11-16,0,9,,
16-17,2016-11-17,0,9,,
16-17,2016-11-18,5,14,6,44
16-17,2016-11-19,0,14,5,44
16-17,2016-11-20,0,14,4,44
16-17,2016-11-21,0,14,4,44
16-17,2016-11-22,1,15,4,44
16-17,2016-11-23,3,18,7,44
16-17,2016-11-24,1,19,7,44
16-17,2016-11-25,0,19,6,73
16-17,2016-11-26,0,19,6,80
16-17,2016-11-27,0,19,5,80
16-17,2016-11-28,6,25,11,80
16-17,2016-11-29,2,27,11,80
16-17,2016-11-30,1,28,10,80
16-17,2016-12-01,0,28,10,80
16-17,2016-12-02,0,28,9,80
16-17,2016-12-03,0,28,9,153
16-17,2016-12-04,1,29,10,153
16-17,2016-12-05,0,29,10,162
16-17,2016-12-06,6,35,15,162
16-17,2016-12-07,5,40,17,162
16-17,2016-12-08,1,41,16,162
16-17,2016-12-09,9,50,24,162
16-17,2016-12-10,2,52,22,256
16-17,2016-12-11,12,64,32,271
16-17,2016-12-12,4,68,32,363
16-17,2016-12-13,0,68,30,363
16-17,2016-12-14,1,69,28,363
16-17,2016-12-15,8,77,33,973
16-17,2016-12-16,0,77,30,973
16-17,2016-12-17,17,94,43,1429
16-17,2016-12-18,1,95,40,1515
16-17,2016-12-19,0,95,38,1552
16-17,2016-12-20,0,95,36,2607
16-17,2016-12-21,0,95,34,2616
16-17,2016-12-22,0,95,32,2616
16-17,2016-12-23,4,99,34,2890
16-17,2016-12-24,2,101,35,3018
16-17,2016-12-25,2,103,35,3018
16-17,2016-12-26,4,107,37,3018
16-17,2016-12-27,1,108,37,3018
16-17,2016-12-28,1,109,34,2993
16-17,2016-12-29,0,109,33,2983
16-17,2016-12-30,0,109,32,3012
16-17,2016-12-31,0,109,31,3009
16-17,2017-01-01,0,109,31,3017
16-17,2017-01-02,0,109,30,2988
16-17,2017-01-03,0,109,30,2987
16-17,2017-01-04,3,112,33,2987
16-17,2017-01-05,11,123,42,2961
16-17,2017-01-06,6,129,44,2961
16-17,2017-01-07,0,129,43,2971
16-17,2017-01-08,3,132,44,2984
16-17,2017-01-09,9,141,50,2958
16-17,2017-01-10,16,157,61,2941
16-17,2017-01-11,4,161,59,2941
16-17,2017-01-12,6,167,61,2941
16-17,2017-01-13,0,167,58,2983
16-17,2017-01-14,0,167,57,3050
16-17,2017-01-15,2,169,55,3050
16-17,2017-01-16,2,171,54,3055
16-17,2017-01-17,1,172,53,3055
16-17,2017-01-18,0,172,52,3055
16-17,2017-01-19,0,172,51,3060
16-17,2017-01-20,2,174,51,3060
16-17,2017-01-21,3,177,53,3087
16-17,2017-01-22,2,179,52,3087
16-17,2017-01-23,3,182,53,3087
16-17,2017-01-24,6,188,56,3087
16-17,2017-01-25,2,190,56,3087
16-17,2017-01-26,1,191,54,3087
16-17,2017-01-27,0,191,53,3087
16-17,2017-01-28,0,191,53,3087
16-17,2017-01-29,0,191,52,3087
16-17,2017-01-30,0,191,51,3087
16-17,2017-01-31,0,191,50,3087
16-17,2017-02-01,0,191,50,3087
16-17,2017-02-02,0,191,49,3087
16-17,2017-02-03,2,193,49,3087
16-17,2017-02-04,1,194,49,3087
16-17,2017-02-05,1,195,49,3087
16-17,2017-02-06,0,195,49,3087
16-17,2017-02-07,1,196,49,3087
16-17,2017-02-08,6,202,54,3087
16-17,2017-02-09,3,205,55,3087
16-17,2017-02-10,0,205,53,3087
16-17,2017-02-11,0,205,52,2968
16-17,2017-02-12,2,207,52,3087
16-17,2017-02-13,0,207,52,3087
16-17,2017-02-14,0,207,51,3087
16-17,2017-02-15,0,207,50,3087
16-17,2017-02-16,0,207,50,3087
16-17,2017-02-17,0,207,50,3087
16-17,2017-02-18,0,207,49,3087
16-17,2017-02-19,0,207,49,3087
16-17,2017-02-20,3,210,51,3087
16-17,2017-02-21,0,210,51,3087
16-17,2017-02-22,0,210,50,3087
16-17,2017-02-23,0,210,50,3087
16-17,2017-02-24,3,213,52,3087
16-17,2017-02-25,3,216,53,3087
16-17,2017-02-26,1,217,52,3087
16-17,2017-02-27,0,217,51,3087
16-17,2017-02-28,2,219,53,3087
16-17,2017-03-01,2,221,54,3087
16-17,2017-03-02,0,221,53,3087
16-17,2017-03-03,0,221,53,3087
16-17,2017-03-04,0,221,53,3087
16-17,2017-03-05,0,221,52,3087
16-17,2017-03-06,0,221,52,3087
16-17,2017-03-07,3,224,53,3087
16-17,2017-03-08,1,225,53,3087
16-17,2017-03-09,0,225,52,3087
16-17,2017-03-10,0,225,51,3087
16-17,2017-03-11,0,225,51,3087
16-17,2017-03-12,1,226,52,3087
16-17,2017-03-13,1,227,52,3087
16-17,2017-03-14,0,227,51,3087
16-17,2017-03-15,0,227,51,3087
16-17,2017-03-16,0,227,50,3087
16-17,2017-03-17,0,227,50,3087
16-17,2017-03-18,0,227,50,3087
16-17,2017-03-19,0,227,49,3087
16-17,2017-03-20,0,227,49,3085
16-17,2017-03-21,0,227,49,3085
16-17,2017-03-22,0,227,48,3085
16-17,2017-03-23,0,227,48,3085
16-17,2017-03-24,3,230,50,3085
16-17,2017-03-25,1,231,50,3085
16-17,2017-03-26,5,236,53,3085
16-17,2017-03-27,0,236,53,3085
16-17,2017-03-28,2,238,54,3085
16-17,2017-03-29,8,246,60,3085
16-17,2017-03-30,1,247,60,3085
16-17,2017-03-31,2,249,58,3085
16-17,2017-04-01,2,251,58,3085
16-17,2017-04-02,3,254,60,3085
16-17,2017-04-03,3,257,62,3076
16-17,2017-04-04,1,258,62,3018
16-17,2017-04-05,8,266,67,3018
16-17,2017-04-06,0,266,65,3018
16-17,2017-04-07,0,266,62,3017
16-17,2017-04-08,0,266,60,3017
16-17,2017-04-09,0,266,59,3017
16-17,2017-04-10,2,268,61,3016
16-17,2017-04-11,0,268,60,3016
16-17,2017-04-12,0,268,59,3011
16-17,2017-04-13,0,268,58,3011
16-17,2017-04-14,0,268,57,2877
16-17,2017-04-15,0,268,57,1738
16-17,2017-04-16,0,268,56,
17-18,2017-10-15,0,0,,
17-18,2017-10-16,0,0,,
17-18,2017-10-17,0,0,,
17-18,2017-10-18,0,0,,
17-18,2017-10-19,0,0,,
17-18,2017-10-20,3,3,,
17-18,2017-10-21,0,3,,
17-18,2017-10-22,0,3,,
17-18,2017-10-23,0,3,,
17-18,2017-10-24,0,3,,
17-18,2017-10-25,0,3,,
17-18,2017-10-26,0,3,,
17-18,2017-10-27,1,4,,
17-18,2017-10-28,0,4,,
17-18,2017-10-29,0,4,,
17-18,2017-10-30,0,4,,
17-18,2017-10-31,2,6,,
17-18,2017-11-01,0,6,,
17-18,2017-11-02,0,6,,
17-18,2017-11-03,0,6,,
17-18,2017-11-04,0,6,,
17-18,2017-11-05,2,8,,
17-18,2017-11-06,1,9,,
17-18,2017-11-07,1,10,,
17-18,2017-11-08,3,13,,
17-18,2017-11-09,0,13,,
17-18,2017-11-10,0,13,13,44
17-18,2017-11-11,0,13,12,44
17-18,2017-11-12,0,13,12,44
17-18,2017-11-13,0,13,11,44
17-18,2017-11-14,0,13,11,44
17-18,2017-11-15,0,13,11,44
17-18,2017-11-16,0,13,11,44
17-18,2017-11-17,0,13,10,44
17-18,2017-11-18,8,21,18,87
17-18,2017-11-19,0,21,18,87
17-18,2017-11-20,0,21,18,87
17-18,2017-11-21,3,24,20,87
17-18,2017-11-22,1,25,19,104
17-18,2017-11-23,1,26,19,104
17-18,2017-11-24,0,26,18,107
17-18,2017-11-25,0,26,18,107
17-18,2017-11-26,0,26,18,107
17-18,2017-11-27,0,26,17,107
17-18,2017-11-28,0,26,17,107
17-18,2017-11-29,0,26,17,107
17-18,2017-11-30,0,26,17,107
17-18,2017-12-01,0,26,17,138
17-18,2017-12-02,0,26,17,140
17-18,2017-12-03,0,26,16,140
17-18,2017-12-04,3,29,20,138
17-18,2017-12-05,2,31,20,138
17-18,2017-12-06,0,31,20,139
17-18,2017-12-07,1,32,20,139
17-18,2017-12-08,4,36,22,536
17-18,2017-12-09,0,36,22,208
17-18,2017-12-10,0,36,21,208
17-18,2017-12-11,0,36,21,221
17-18,2017-12-12,0,36,21,221
17-18,2017-12-13,0,36,21,221
17-18,2017-12-14,4,40,24,237
17-18,2017-12-15,1,41,24,283
17-18,2017-12-16,0,41,24,302
17-18,2017-12-17,0,41,22,303
17-18,2017-12-18,0,41,22,303
17-18,2017-12-19,0,41,22,303
17-18,2017-12-20,0,41,22,303
17-18,2017-12-21,0,41,21,303
17-18,2017-12-22,4,45,24,377
17-18,2017-12-23,3,48,25,377
17-18,2017-12-24,6,54,30,820
17-18,2017-12-25,6,60,33,860
17-18,2017-12-26,10,70,39,1108
17-18,2017-12-27,0,70,38,1122
17-18,2017-12-28,0,70,35,1269
17-18,2017-12-29,0,70,35,1440
17-18,2017-12-30,0,70,33,1420
17-18,2017-12-31,0,70,32,1406
17-18,2018-01-01,0,70,31,1420
17-18,2018-01-02,0,70,31,1420
17-18,2018-01-03,0,70,30,1419
17-18,2018-01-04,0,70,30,1419
17-18,2018-01-05,0,70,29,1804
17-18,2018-01-06,0,70,29,1829
17-18,2018-01-07,4,74,32,1829
17-18,2018-01-08,0,74,31,1826
17-18,2018-01-09,0,74,30,1826
17-18,2018-01-10,0,74,30,1826
17-18,2018-01-11,4,78,33,1826
17-18,2018-01-12,1,79,33,1820
17-18,2018-01-13,3,82,35,1891
17-18,2018-01-14,1,83,34,1891
17-18,2018-01-15,0,83,34,2169
17-18,2018-01-16,0,83,33,2169
17-18,2018-01-17,0,83,33,2167
17-18,2018-01-18,0,83,33,2167
17-18,2018-01-19,0,83,33,2195
17-18,2018-01-20,0,83,32,2239
17-18,2018-01-21,7,90,38,2245
17-18,2018-01-22,5,95,40,2804
17-18,2018-01-23,1,96,40,2804
17-18,2018-01-24,0,96,39,2816
17-18,2018-01-25,0,96,38,2816
17-18,2018-01-26,2,98,39,2843
17-18,2018-01-27,3,101,41,2860
17-18,2018-01-28,0,101,40,2860
17-18,2018-01-29,0,101,38,2860
17-18,2018-01-30,0,101,38,2860
17-18,2018-01-31,0,101,37,2867
17-18,2018-02-01,0,101,37,2867
17-18,2018-02-02,2,103,38,2867
17-18,2018-02-03,1,104,38,2867
17-18,2018-02-04,2,106,40,2867
17-18,2018-02-05,1,107,40,2867
17-18,2018-02-06,15,122,54,2955
17-18,2018-02-07,3,125,51,3060
17-18,2018-02-08,0,125,50,3060
17-18,2018-02-09,0,125,48,3060
17-18,2018-02-10,1,126,47,3060
17-18,2018-02-11,7,133,51,3060
17-18,2018-02-12,0,133,50,3149
17-18,2018-02-13,0,133,49,3149
17-18,2018-02-14,0,133,47,3149
17-18,2018-02-15,2,135,48,3149
17-18,2018-02-16,4,139,50,3149
17-18,2018-02-17,0,139,49,3149
17-18,2018-02-18,0,139,48,3149
17-18,2018-02-19,0,139,47,3149
17-18,2018-02-20,4,143,51,3149
17-18,2018-02-21,1,144,49,3149
17-18,2018-02-22,0,144,49,3149
17-18,2018-02-23,2,146,49,3149
17-18,2018-02-24,3,149,51,3149
17-18,2018-02-25,1,150,50,3149
17-18,2018-02-26,1,151,50,3149
17-18,2018-02-27,0,151,49,3149
17-18,2018-02-28,0,151,48,3149
17-18,2018-03-01,0,151,48,3149
17-18,2018-03-02,0,151,47,3149
17-18,2018-03-03,0,151,47,3149
17-18,2018-03-04,0,151,46,3149
17-18,2018-03-05,2,153,47,3149
17-18,2018-03-06,3,156,49,3149
17-18,2018-03-07,0,156,48,3149
17-18,2018-03-08,0,156,48,3149
17-18,2018-03-09,0,156,47,3149
17-18,2018-03-10,2,158,48,3149
17-18,2018-03-11,2,160,49,3149
17-18,2018-03-12,0,160,48,3149
17-18,2018-03-13,0,160,47,3149
17-18,2018-03-14,0,160,47,3134
17-18,2018-03-15,0,160,47,3134
17-18,2018-03-16,4,164,50,3134
17-18,2018-03-17,1,165,50,3134
17-18,2018-03-18,0,165,49,3134
17-18,2018-03-19,4,169,52,3134
17-18,2018-03-20,3,172,53,3134
17-18,2018-03-21,3,175,54,3134
17-18,2018-03-22,0,175,52,3134
17-18,2018-03-23,0,175,50,3134
17-18,2018-03-24,6,181,55,3134
17-18,2018-03-25,0,181,54,3134
17-18,2018-03-26,0,181,53,3134
17-18,2018-03-27,3,184,54,3134
17-18,2018-03-28,0,184,53,3134
17-18,2018-03-29,5,189,57,3134
17-18,2018-03-30,2,191,57,3134
17-18,2018-03-31,0,191,55,3134
17-18,2018-04-01,0,191,54,3125
17-18,2018-04-02,0,191,55,3125
17-18,2018-04-03,2,193,56,3124
17-18,2018-04-04,0,193,54,3108
17-18,2018-04-05,0,193,54,2929
17-18,2018-04-06,1,194,54,2886
17-18,2018-04-07,15,209,68,1762
17-18,2018-04-08,9,218,74,429
17-18,2018-04-09,6,224,73,0
17-18,2018-04-10,2,226,73,0
17-18,2018-04-11,0,226,73,0
17-18,2018-04-12,0,226,73,0
17-18,2018-04-13,2,228,73,0
17-18,2018-04-14,2,230,69,0
17-18,2018-04-15,3,233,72,
17-18,2018-04-16,,276,,
17-18,2018-04-17,,276,,
17-18,2018-04-18,,276,,
17-18,2018-04-19,,276,,
17-18,2018-04-20,,276,,
17-18,2018-04-21,,276,,
17-18,2018-04-22,,276,,
17-18,2018-04-23,,276,,
17-18,2018-04-24,,276,,
17-18,2018-04-25,,276,,
17-18,2018-04-26,,276,,
17-18,2018-04-27,,276,,
17-18,2018-04-28,,276,,
17-18,2018-04-29,,276,,
18-19,2018-10-15,9,9,,
18-19,2018-10-16,0,9,,
18-19,2018-10-17,0,9,,
18-19,2018-10-18,0,9,,
18-19,2018-10-19,2,11,,
18-19,2018-10-20,0,11,,
18-19,2018-10-21,0,11,,
18-19,2018-10-22,0,11,,
18-19,2018-10-23,0,11,,
18-19,2018-10-24,0,11,,
18-19,2018-10-25,0,11,,
18-19,2018-10-26,0,11,,
18-19,2018-10-27,0,11,,
18-19,2018-10-28,0,11,,
18-19,2018-10-29,0,11,,
18-19,2018-10-30,0,11,,
18-19,2018-10-31,4,15,,
18-19,2018-11-01,2,17,,
18-19,2018-11-02,1,18,,
18-19,2018-11-03,3,21,,
18-19,2018-11-04,4,25,,
18-19,2018-11-05,6,31,,
18-19,2018-11-06,6,37,,
18-19,2018-11-07,1,38,,44
18-19,2018-11-08,0,38,,44
18-19,2018-11-09,0,38,21,85
18-19,2018-11-10,0,38,20,85
18-19,2018-11-11,0,38,20,85
18-19,2018-11-12,1,39,20,98
18-19,2018-11-13,0,39,20,98
18-19,2018-11-14,0,39,19,115
18-19,2018-11-15,0,39,19,115
18-19,2018-11-16,0,39,19,150
18-19,2018-11-17,0,39,18,310
18-19,2018-11-18,4,43,21,310
18-19,2018-11-19,0,43,20,544
18-19,2018-11-20,0,43,20,546
18-19,2018-11-21,0,43,20,546
18-19,2018-11-22,0,43,19,546
18-19,2018-11-23,4,47,23,632
18-19,2018-11-24,5,52,26,990
18-19,2018-11-25,7,59,31,1046
18-19,2018-11-26,0,59,30,1111
18-19,2018-11-27,0,59,28,1239
18-19,2018-11-28,0,59,27,1572
18-19,2018-11-29,2,61,27,1572
18-19,2018-11-30,3,64,29,1708
18-19,2018-12-01,2,66,30,1708
18-19,2018-12-02,0,66,30,1721
18-19,2018-12-03,0,66,29,2271
18-19,2018-12-04,1,67,29,1385
18-19,2018-12-05,0,67,29,2549
18-19,2018-12-06,2,69,29,2557
18-19,2018-12-07,3,72,31,2622
18-19,2018-12-08,1,73,30,2631
18-19,2018-12-09,1,74,31,2631
18-19,2018-12-10,0,74,31,2624
18-19,2018-12-11,0,74,29,2623
18-19,2018-12-12,0,74,29,2609
18-19,2018-12-13,2,76,31,2609
18-19,2018-12-14,0,76,30,2707
18-19,2018-12-15,0,76,29,2709
18-19,2018-12-16,0,76,29,2700
18-19,2018-12-17,0,76,28,2740
18-19,2018-12-18,0,76,28,2740
18-19,2018-12-19,1,77,28,2740
18-19,2018-12-20,1,78,29,2753
18-19,2018-12-21,0,78,28,2753
18-19,2018-12-22,1,79,29,2769
18-19,2018-12-23,4,83,33,2769
18-19,2018-12-24,0,83,32,2812
18-19,2018-12-25,2,85,33,2812
18-19,2018-12-26,0,85,32,2861
18-19,2018-12-27,2,87,32,2887
18-19,2018-12-28,0,87,32,2887
18-19,2018-12-29,0,87,31,2916
18-19,2018-12-30,0,87,31,2916
18-19,2018-12-31,0,87,31,2929
18-19,2019-01-01,0,87,31,2929
18-19,2019-01-02,0,87,31,2929
18-19,2019-01-03,0,87,30,2929
18-19,2019-01-04,0,87,30,2925
18-19,2019-01-05,0,87,29,2925
18-19,2019-01-06,0,87,29,2925
18-19,2019-01-07,2,89,31,2925
18-19,2019-01-08,2,91,33,2925
18-19,2019-01-09,0,91,32,2925
18-19,2019-01-10,0,91,31,2925
18-19,2019-01-11,4,95,34,2925
18-19,2019-01-12,4,99,37,2925
18-19,2019-01-13,0,99,37,2982
18-19,2019-01-14,0,99,36,2986
18-19,2019-01-15,0,99,36,2986
18-19,2019-01-16,0,99,36,2986
18-19,2019-01-17,5,104,40,2986
18-19,2019-01-18,4,108,42,3125
18-19,2019-01-19,3,111,43,3125
18-19,2019-01-20,1,112,43,3125
18-19,2019-01-21,0,112,41,3121
18-19,2019-01-22,5,117,45,3121
18-19,2019-01-23,1,118,43,3121
18-19,2019-01-24,5,123,46,3121
18-19,2019-01-25,5,128,48,3121
18-19,2019-01-26,2,130,47,3141
18-19,2019-01-27,1,131,47,3141
18-19,2019-01-28,2,133,47,3141
18-19,2019-01-29,2,135,47,3141
18-19,2019-01-30,0,135,45,3141
18-19,2019-01-31,0,135,43,3141
18-19,2019-02-01,0,135,43,3141
18-19,2019-02-02,0,135,42,3141
18-19,2019-02-03,0,135,42,3141
18-19,2019-02-04,0,135,42,3141
18-19,2019-02-05,0,135,42,3141
18-19,2019-02-06,0,135,41,3141
18-19,2019-02-07,6,141,47,3141
18-19,2019-02-08,1,142,46,3141
18-19,2019-02-09,0,142,44,3141
18-19,2019-02-10,0,142,44,3141
18-19,2019-02-11,0,142,43,3141
18-19,2019-02-12,0,142,43,3149
18-19,2019-02-13,0,142,43,3149
18-19,2019-02-14,6,148,48,3149
18-19,2019-02-15,2,150,50,3149
18-19,2019-02-16,1,151,49,3149
18-19,2019-02-17,2,153,51,3149
18-19,2019-02-18,0,153,51,3149
18-19,2019-02-19,0,153,51,3149
18-19,2019-02-20,2,155,50,3149
18-19,2019-02-21,0,155,48,3149
18-19,2019-02-22,0,155,48,3149
18-19,2019-02-23,5,160,53,3149
18-19,2019-02-24,1,161,53,3149
18-19,2019-02-25,0,161,52,3149
18-19,2019-02-26,0,161,51,3149
18-19,2019-02-27,0,161,50,3149
18-19,2019-02-28,1,162,50,3149
18-19,2019-03-01,5,167,53,3149
18-19,2019-03-02,6,173,56,3149
18-19,2019-03-03,12,185,66,3149
18-19,2019-03-04,12,197,72,3149
18-19,2019-03-05,2,199,70,3149
18-19,2019-03-06,1,200,67,3149
18-19,2019-03-07,17,217,79,3149
18-19,2019-03-08,9,226,79,3149
18-19,2019-03-09,6,232,81,3149
18-19,2019-03-10,0,232,79,3149
18-19,2019-03-11,0,232,77,3149
18-19,2019-03-12,2,234,77,3149
18-19,2019-03-13,3,237,76,3149
18-19,2019-03-14,9,246,82,3149
18-19,2019-03-15,1,247,79,3149
18-19,2019-03-16,0,247,78,3149
18-19,2019-03-17,0,247,75,3149
18-19,2019-03-18,0,247,74,3149
18-19,2019-03-19,1,248,75,3149
18-19,2019-03-20,0,248,74,3149
18-19,2019-03-21,0,248,72,3149
18-19,2019-03-22,1,249,72,3149
18-19,2019-03-23,1,250,72,3149
18-19,2019-03-24,0,250,72,3149
18-19,2019-03-25,3,253,74,3149
18-19,2019-03-26,0,253,72,3149
18-19,2019-03-27,0,253,71,3149
18-19,2019-03-28,0,253,70,3149
18-19,2019-03-29,0,253,69,3149
18-19,2019-03-30,3,256,71,3149
18-19,2019-03-31,0,256,71,3140
18-19,2019-04-01,0,256,69,3140
18-19,2019-04-02,1,257,70,3140
18-19,2019-04-03,2,259,71,3083
18-19,2019-04-04,1,260,71,3083
18-19,2019-04-05,0,260,70,3083
18-19,2019-04-06,0,260,68,3083
18-19,2019-04-07,1,261,69,435
18-19,2019-04-08,0,261,69,
18-19,2019-04-09,0,261,69,
18-19,2019-04-10,0,261,69,
18-19,2019-04-11,6,267,69,
18-19,2019-04-12,3,270,69,
18-19,2019-04-13,2,272,69,
18-19,2019-04-14,1,273,69,
18-19,2019-04-15,0,273,69,
18-19,2019-04-16,,276,,
18-19,2019-04-17,,276,,
18-19,2019-04-18,,276,,
18-19,2019-04-19,,276,,
18-19,2019-04-20,,276,,
18-19,2019-04-21,,276,,
18-19,2019-04-22,,276,,
18-19,2019-04-23,,276,,
18-19,2019-04-24,,276,,
18-19,2019-04-25,,276,,
18-19,2019-04-26,,276,,
18-19,2019-04-27,,276,,
18-19,2019-04-28,,276,,
18-19,2019-04-29,,276,,
18-19,2019-04-30,,276,,
19-20,2019-10-12,0,8,4,44
19-20,2019-10-13,0,8,4,44
19-20,2019-10-14,0,8,4,44
19-20,2019-10-15,0,8,4,44
19-20,2019-10-16,0,8,3,44
19-20,2019-10-17,0,8,3,44
19-20,2019-10-18,0,8,2,44
19-20,2019-10-19,2,10,4,44
19-20,2019-10-20,4,14,7,44
19-20,2019-10-21,6,20,12,44
19-20,2019-10-22,6,26,14,44
19-20,2019-10-23,1,27,12,50
19-20,2019-10-24,7,34,17,50
19-20,2019-10-25,0,34,14,86
19-20,2019-10-26,0,34,13,86
19-20,2019-10-27,0,34,12,86
19-20,2019-10-28,6,40,17,86
19-20,2019-10-29,2,42,16,86
19-20,2019-10-30,2,44,16,86
19-20,2019-10-31,0,44,15,86
19-20,2019-11-01,0,44,14,148
19-20,2019-11-02,0,44,14,153
19-20,2019-11-03,0,44,14,153
19-20,2019-11-04,0,44,13,151
19-20,2019-11-05,0,44,13,151
19-20,2019-11-06,0,44,13,151
19-20,2019-11-07,0,44,13,151
19-20,2019-11-08,0,44,12,151
19-20,2019-11-09,0,44,12,201
19-20,2019-11-10,0,44,12,201
19-20,2019-11-11,0,44,12,201
19-20,2019-11-12,0,44,12,201
19-20,2019-11-13,0,44,12,201
19-20,2019-11-14,0,44,12,201
19-20,2019-11-15,0,44,12,201
19-20,2019-11-16,0,44,12,215
19-20,2019-11-17,1,45,13,230
19-20,2019-11-18,0,45,13,230
19-20,2019-11-19,0,45,13,230
19-20,2019-11-20,0,45,13,230
19-20,2019-11-21,4,49,15,230
19-20,2019-11-22,4,53,18,230
19-20,2019-11-23,2,55,19,266
19-20,2019-11-24,0,55,19,266
19-20,2019-11-25,0,55,18,614
19-20,2019-11-26,2,57,19,636
19-20,2019-11-27,1,58,18,671
19-20,2019-11-28,0,58,18,671
19-20,2019-11-29,0,58,17,671
19-20,2019-11-30,4,62,21,339
19-20,2019-12-01,2,64,22,339
19-20,2019-12-02,0,64,22,339
19-20,2019-12-03,0,64,20,350
19-20,2019-12-04,2,66,21,350
19-20,2019-12-05,0,66,21,363
19-20,2019-12-06,4,70,23,408
19-20,2019-12-07,0,70,22,675
19-20,2019-12-08,1,71,22,675
19-20,2019-12-09,5,76,27,675
19-20,2019-12-10,5,81,31,689
19-20,2019-12-11,0,81,30,685
19-20,2019-12-12,0,81,27,685
19-20,2019-12-13,6,87,30,724
19-20,2019-12-14,6,93,33,1481
19-20,2019-12-15,11,104,41,1517
19-20,2019-12-16,0,104,38,1517
19-20,2019-12-17,0,104,38,2030
19-20,2019-12-18,0,104,36,2030
19-20,2019-12-19,0,104,35,2457
19-20,2019-12-20,0,104,34,2467
19-20,2019-12-21,0,104,32,2801
19-20,2019-12-22,0,104,31,2801
19-20,2019-12-23,0,104,30,2801
19-20,2019-12-24,0,104,30,2802
19-20,2019-12-25,0,104,30,2850
19-20,2019-12-26,2,106,32,2867
19-20,2019-12-27,0,106,31,2867
19-20,2019-12-28,2,108,32,2880
19-20,2019-12-29,2,110,33,2888
19-20,2019-12-30,0,110,32,2901
19-20,2019-12-31,0,110,32,2902
19-20,2020-01-01,0,110,32,2902
19-20,2020-01-02,7,117,38,2902
19-20,2020-01-03,1,118,37,2902
19-20,2020-01-04,0,118,35,2908
19-20,2020-01-05,0,118,35,2965
19-20,2020-01-06,3,121,36,2965
19-20,2020-01-07,0,121,36,2965
19-20,2020-01-08,0,121,35,2965
19-20,2020-01-09,1,122,35,2965
19-20,2020-01-10,2,124,37,2980
19-20,2020-01-11,0,124,36,2990
19-20,2020-01-12,4,128,38,2990
19-20,2020-01-13,1,129,36,2990
19-20,2020-01-14,2,131,38,2990
19-20,2020-01-15,0,131,37,2990
19-20,2020-01-16,0,131,36,2990
19-20,2020-01-17,0,131,36,2990
19-20,2020-01-18,4,135,38,2990
19-20,2020-01-19,0,135,38,2990
19-20,2020-01-20,0,135,37,3011
19-20,2020-01-21,0,135,37,3011
19-20,2020-01-22,2,137,37,3011
19-20,2020-01-23,6,143,43,3011
19-20,2020-01-24,3,146,41,3011
19-20,2020-01-25,1,147,42,3011
19-20,2020-01-26,2,149,42,3011
19-20,2020-01-27,0,149,40,3011
19-20,2020-01-28,2,151,41,3133
19-20,2020-01-29,0,151,41,3133
19-20,2020-01-30,1,152,40,3133
19-20,2020-01-31,2,154,41,3137
19-20,2020-02-01,0,154,39,3137
19-20,2020-02-02,0,154,39,3137
19-20,2020-02-03,0,154,38,3137
19-20,2020-02-04,3,157,41,3137
19-20,2020-02-05,1,158,41,3137
19-20,2020-02-06,1,159,41,3137
19-20,2020-02-07,11,170,52,3137
19-20,2020-02-08,4,174,55,3137
19-20,2020-02-09,6,180,57,3137
19-20,2020-02-10,6,186,58,3137
19-20,2020-02-11,4,190,61,3137
19-20,2020-02-12,0,190,56,3137
19-20,2020-02-13,2,192,57,3137
19-20,2020-02-14,2,194,57,3137
19-20,2020-02-15,0,194,55,3149
19-20,2020-02-16,2,196,56,3149
19-20,2020-02-17,5,201,57,3149
19-20,2020-02-18,3,204,60,3149
19-20,2020-02-19,0,204,57,3149
19-20,2020-02-20,2,206,58,3149
19-20,2020-02-21,0,206,56,3149
19-20,2020-02-22,0,206,55,3149
19-20,2020-02-23,1,207,56,3149
19-20,2020-02-24,6,213,60,3149
19-20,2020-02-25,4,217,63,3149
19-20,2020-02-26,0,217,59,3149
19-20,2020-02-27,1,218,59,3149
19-20,2020-02-28,0,218,57,3149
19-20,2020-02-29,0,218,56,3149
19-20,2020-03-01,0,218,56,3149
19-20,2020-03-02,3,221,57,3149
19-20,2020-03-03,4,225,59,3149
19-20,2020-03-04,0,225,57,3149
19-20,2020-03-05,0,225,56,3149
19-20,2020-03-06,0,225,55,3149
19-20,2020-03-07,0,225,55,3149
19-20,2020-03-08,0,225,54,3149
19-20,2020-03-09,2,227,56,3149
19-20,2020-03-10,1,228,55,3149
19-20,2020-03-11,1,229,54,3149
19-20,2020-03-12,0,229,54,3149
19-20,2020-03-13,0,229,54,3149
19-20,2020-03-14,3,232,57,3149
19-20,2020-03-15,0,232,56,
19-20,2020-03-16,0,232,55,
19-20,2020-03-17,0,232,55,
19-20,2020-03-18,0,232,54,
19-20,2020-03-19,0,232,54,
19-20,2020-03-20,8,240,60,
19-20,2020-03-21,4,244,59,
19-20,2020-03-22,3,247,59,
19-20,2020-03-23,2,249,59,
19-20,2020-03-24,5,254,61,
19-20,2020-03-25,0,254,59,
19-20,2020-03-26,0,254,58,
19-20,2020-03-27,0,254,57,
19-20,2020-03-28,4,258,61,
19-20,2020-03-29,0,258,60,
19-20,2020-03-30,0,258,60,
19-20,2020-03-31,2,260,59,
19-20,2020-04-01,0,260,57,
19-20,2020-04-02,0,260,56,
19-20,2020-04-03,3,263,60,
19-20,2020-04-04,1,264,56,
19-20,2020-04-05,0,264,56,
19-20,2020-04-06,0,264,54,
19-20,2020-04-07,0,264,54,
19-20,2020-04-08,0,264,52,
19-20,2020-04-09,0,264,51,
19-20,2020-04-10,3,267,51,
19-20,2020-04-11,0,267,50,
19-20,2020-04-12,3,270,53,
19-20,2020-04-13,2,272,60,
19-20,2020-04-14,1,273,59,
19-20,2020-04-15,3,276,58,
19-20,2020-04-16,,276,,
19-20,2020-04-17,,276,,
19-20,2020-04-18,,276,,
19-20,2020-04-19,,276,,
19-20,2020-04-20,,276,,
19-20,2020-04-21,,276,,
19-20,2020-04-22,,276,,
19-20,2020-04-23,,276,,
19-20,2020-04-24,,276,,
19-20,2020-04-25,,276,,
19-20,2020-04-26,,276,,
19-20,2020-04-27,,276,,
19-20,2020-04-28,,276,,
19-20,2020-04-29,,276,,
19-20,2020-04-30,,276,,
20-21,2020-10-15,0,0,,
20-21,2020-10-16,0,0,,
20-21,2020-10-17,0,0,,
20-21,2020-10-18,0,0,,
20-21,2020-10-19,0,0,,
20-21,2020-10-20,0,0,,
20-21,2020-10-21,0,0,,
20-21,2020-10-22,0,0,,
20-21,2020-10-23,0,0,,
20-21,2020-10-24,0,0,,
20-21,2020-10-25,0,0,,
20-21,2020-10-26,9,9,,
20-21,2020-10-27,1,10,,
20-21,2020-10-28,0,10,,
20-21,2020-10-29,0,10,,
20-21,2020-10-30,0,10,,
20-21,2020-10-31,0,10,,
20-21,2020-11-01,0,10,,
20-21,2020-11-02,0,10,,
20-21,2020-11-03,0,10,,
20-21,2020-11-04,0,10,,
20-21,2020-11-05,0,10,,
20-21,2020-11-06,0,10,3,60
20-21,2020-11-07,0,10,3,60
20-21,2020-11-08,4,14,7,60
20-21,2020-11-09,1,15,7,60
20-21,2020-11-10,7,22,13,60
20-21,2020-11-11,1,23,14,60
20-21,2020-11-12,3,26,13,60
20-21,2020-11-13,1,27,12,82
20-21,2020-11-14,2,29,12,82
20-21,2020-11-15,4,33,15,82
20-21,2020-11-16,0,33,13,84
20-21,2020-11-17,0,33,12,85.3
20-21,2020-11-18,0,33,12,85.3
20-21,2020-11-19,0,33,11,134
20-21,2020-11-20,0,33,11,146
20-21,2020-11-21,0,33,11,146
20-21,2020-11-22,0,33,11,149
20-21,2020-11-23,1,34,11,149
20-21,2020-11-24,10,44,20,149
20-21,2020-11-25,5,49,25,149
20-21,2020-11-26,0,49,23,172
20-21,2020-11-27,1,50,23,181
20-21,2020-11-28,0,50,22,181
20-21,2020-11-29,0,50,21,216
20-21,2020-11-30,0,50,20,216
20-21,2020-12-01,0,50,18,236
20-21,2020-12-02,3,53,21,225
20-21,2020-12-03,0,53,20,251
20-21,2020-12-04,0,53,20,272
20-21,2020-12-05,0,53,19,279
20-21,2020-12-06,0,53,19,288
20-21,2020-12-07,0,53,18,288
20-21,2020-12-08,0,53,18,288
20-21,2020-12-09,0,53,18,288
20-21,2020-12-10,0,53,18,288
20-21,2020-12-11,2,55,19,314
20-21,2020-12-12,4,59,22,314
20-21,2020-12-13,3,62,23,314
20-21,2020-12-14,0,62,22,358
20-21,2020-12-15,5,67,25,383
20-21,2020-12-16,2,69,26,759
20-21,2020-12-17,2,71,25,759
20-21,2020-12-18,0,71,25,768
20-21,2020-12-19,3,74,27,1053
20-21,2020-12-20,1,75,26,1053
20-21,2020-12-21,0,75,25,1053
20-21,2020-12-22,0,75,24,1075
20-21,2020-12-23,2,77,26,1091
20-21,2020-12-24,0,77,25,1091
20-21,2020-12-25,0,77,24,1245
20-21,2020-12-26,0,77,24,1541
20-21,2020-12-27,3,80,26,1541
20-21,2020-12-28,0,80,24,1541
20-21,2020-12-29,3,83,27,1541
20-21,2020-12-30,1,84,28,1722
20-21,2020-12-31,0,84,27,1722
20-21,2021-01-01,0,84,26,1735
20-21,2021-01-02,0,84,25,1826
20-21,2021-01-03,0,84,25,1826
20-21,2021-01-04,7,91,32,1826
20-21,2021-01-05,0,91,31,1826
20-21,2021-01-06,3,94,33,1826
20-21,2021-01-07,0,94,32,1826
20-21,2021-01-08,0,94,30,2317
20-21,2021-01-09,0,94,29,2317
20-21,2021-01-10,0,94,29,2317
20-21,2021-01-11,0,94,28,2317
20-21,2021-01-12,0,94,27,2317
20-21,2021-01-13,0,94,27,2327
20-21,2021-01-14,2,96,28,2337
20-21,2021-01-15,0,96,28,2361
20-21,2021-01-16,0,96,27,2361
20-21,2021-01-17,0,96,27,2369
20-21,2021-01-18,2,98,29,2371
20-21,2021-01-19,4,102,33,2884
20-21,2021-01-20,0,102,33,2920
20-21,2021-01-21,1,103,32,2920
20-21,2021-01-22,1,104,31,2920
20-21,2021-01-23,0,104,30,2922
20-21,2021-01-24,0,104,30,2928
20-21,2021-01-25,1,105,30,2928
20-21,2021-01-26,1,106,31,2939
20-21,2021-01-27,2,108,33,2939
20-21,2021-01-28,0,108,31,2939
20-21,2021-01-29,0,108,31,2939
20-21,2021-01-30,0,108,30,2939
20-21,2021-01-31,2,110,31,2939
20-21,2021-02-01,0,110,31,2939
20-21,2021-02-02,0,110,31,2939
20-21,2021-02-03,0,110,31,2939
20-21,2021-02-04,11,121,40,2939
20-21,2021-02-05,2,123,40,2939
20-21,2021-02-06,3,126,41,2939
20-21,2021-02-07,2,128,41,2939
20-21,2021-02-08,0,128,39,2954
20-21,2021-02-09,0,128,38,2954
20-21,2021-02-10,1,129,39,2954
20-21,2021-02-11,1,130,38,2954
20-21,2021-02-12,0,130,37,2954
20-21,2021-02-13,5,135,41,2954
20-21,2021-02-14,0,135,41,2970
20-21,2021-02-15,1,136,40,2970
20-21,2021-02-16,1,137,41,3049
20-21,2021-02-17,2,139,42,3049
20-21,2021-02-18,2,141,40,3049
20-21,2021-02-19,0,141,40,3049
20-21,2021-02-20,0,141,39,3049
20-21,2021-02-21,2,143,40,3049
20-21,2021-02-22,1,144,41,3049
20-21,2021-02-23,1,145,41,3049
20-21,2021-02-24,2,147,42,3049
20-21,2021-02-25,1,148,42,3049
20-21,2021-02-26,0,148,40,3049
20-21,2021-02-27,0,148,40,3049
20-21,2021-02-28,2,150,41,3049
20-21,2021-03-01,0,150,40,3049
20-21,2021-03-02,0,150,40,3049
20-21,2021-03-03,0,150,40,3049
20-21,2021-03-04,0,150,38,3049
20-21,2021-03-05,5,155,43,3049
20-21,2021-03-06,0,155,42,3049
20-21,2021-03-07,0,155,42,3049
20-21,2021-03-08,0,155,40,3049
20-21,2021-03-09,0,155,40,3049
20-21,2021-03-10,4,159,44,3049
20-21,2021-03-11,1,160,43,3049
20-21,2021-03-12,0,160,42,3049
20-21,2021-03-13,0,160,42,3049
20-21,2021-03-14,6,166,45,3049
20-21,2021-03-15,6,172,48,3049
20-21,2021-03-16,2,174,49,3049
20-21,2021-03-17,7,181,55,3049
20-21,2021-03-18,1,182,52,3049
20-21,2021-03-19,0,182,51,3049
20-21,2021-03-20,0,182,50,3049
20-21,2021-03-21,3,185,52,3049
20-21,2021-03-22,4,189,53,3149
20-21,2021-03-23,3,192,54,3149
20-21,2021-03-24,4,196,57,3149
20-21,2021-03-25,5,201,59,3149
20-21,2021-03-26,0,201,58,3149
20-21,2021-03-27,3,204,57,3149
20-21,2021-03-28,0,204,56,3140
20-21,2021-03-29,0,204,55,3140
20-21,2021-03-30,6,210,58,3140
20-21,2021-03-31,1,211,58,3140
20-21,2021-04-01,0,211,56,3040
20-21,2021-04-02,0,211,54,3040
20-21,2021-04-03,0,211,53,3021
20-21,2021-04-04,0,211,52,2942
20-21,2021-04-05,0,211,50,2909
20-21,2021-04-06,0,211,49,2907
20-21,2021-04-07,1,212,49,2907
20-21,2021-04-08,0,212,49,1755
20-21,2021-04-09,0,212,49,1755
20-21,2021-04-10,0,212,49,1738
20-21,2021-04-11,0,212,49,452
20-21,2021-04-12,0,212,49,
20-21,2021-04-13,1,213,49,
20-21,2021-04-14,1,214,49,
20-21,2021-04-15,1,215,49,
20-21,2021-04-16,,215,,
20-21,2021-04-17,,215,,
20-21,2021-04-18,,215,,
20-21,2021-04-19,,215,,
20-21,2021-04-20,,215,,
20-21,2021-04-21,,215,,
20-21,2021-04-22,,215,,
20-21,2021-04-23,,215,,
20-21,2021-04-24,,215,,
20-21,2021-04-25,,215,,
20-21,2021-04-26,,215,,
20-21,2021-04-27,,215,,
20-21,2021-04-28,,215,,
20-21,2021-04-29,,215,,
20-21,2021-04-30,,215,,
21-22,2021-10-15,4,4,8,0
21-22,2021-10-16,0,4,8,0
21-22,2021-10-17,0,4,7,0
21-22,2021-10-18,0,4,7,0
21-22,2021-10-19,0,4,7,0
21-22,2021-10-20,2,6,7,0
21-22,2021-10-21,0,6,7,0
21-22,2021-10-22,0,6,6,44
21-22,2021-10-23,0,6,6,44
21-22,2021-10-24,1,7,6,44
21-22,2021-10-25,1,8,6,44
21-22,2021-10-26,0,8,6,44
21-22,2021-10-27,4,12,10,44
21-22,2021-10-28,0,12,10,44
21-22,2021-10-29,0,12,8,44
21-22,2021-10-30,0,12,8,44
21-22,2021-10-31,0,12,8,44
21-22,2021-11-01,3,15,11,44
21-22,2021-11-02,3,18,11,44
21-22,2021-11-03,2,20,13,44
21-22,2021-11-04,1,21,13,44
21-22,2021-11-05,0,21,12,44
21-22,2021-11-06,0,21,11,69
21-22,2021-11-07,0,21,11,69
21-22,2021-11-08,0,21,11,69
21-22,2021-11-09,0,21,10,69
21-22,2021-11-10,2,23,12,69
21-22,2021-11-11,4,27,16,69
21-22,2021-11-12,2,29,15,69
21-22,2021-11-13,0,29,14,76
21-22,2021-11-14,0,29,13,76
21-22,2021-11-15,0,29,13,76
21-22,2021-11-16,0,29,13,76
21-22,2021-11-17,1,30,14,76
21-22,2021-11-18,0,30,13,76
21-22,2021-11-19,0,30,13,76
21-22,2021-11-20,0,30,12,89
21-22,2021-11-21,2,32,14,89
21-22,2021-11-22,0,32,14,89
21-22,2021-11-23,0,32,14,89
21-22,2021-11-24,0,32,14,139
21-22,2021-11-25,3,35,16,139
21-22,2021-11-26,0,35,15,139
21-22,2021-11-27,0,35,15,154
21-22,2021-11-28,0,35,15,154
21-22,2021-11-29,0,35,14,154
21-22,2021-11-30,0,35,14,155
21-22,2021-12-01,0,35,14,155
21-22,2021-12-02,0,35,14,155
21-22,2021-12-03,0,35,13,155
21-22,2021-12-04,0,35,13,163
21-22,2021-12-05,0,35,13,163
21-22,2021-12-06,0,35,13,167
21-22,2021-12-07,1,36,14,168
21-22,2021-12-08,0,36,14,168
21-22,2021-12-09,1,37,15,204
21-22,2021-12-10,4,41,18,204
21-22,2021-12-11,3,44,20,204
21-22,2021-12-12,0,44,19,211
21-22,2021-12-13,0,44,19,211
21-22,2021-12-14,0,44,19,211
21-22,2021-12-15,0,44,17,211
21-22,2021-12-16,2,46,19,211
21-22,2021-12-17,1,47,19,211
21-22,2021-12-18,1,48,20,237
21-22,2021-12-19,0,48,19,246
21-22,2021-12-20,0,48,19,256
21-22,2021-12-21,0,48,19,256
21-22,2021-12-22,0,48,18,256
21-22,2021-12-23,0,48,17,256
21-22,2021-12-24,6,54,24,274
21-22,2021-12-25,8,62,29,274
21-22,2021-12-26,0,62,27,274
21-22,2021-12-27,4,66,29,274
21-22,2021-12-28,3,69,30,274
21-22,2021-12-29,2,71,31,274
21-22,2021-12-30,2,73,30,440
21-22,2021-12-31,2,75,30,466
21-22,2022-01-01,4,79,33,519
21-22,2022-01-02,1,80,32,545
21-22,2022-01-03,0,80,32,895
21-22,2022-01-04,0,80,30,896
21-22,2022-01-05,1,81,31,928
21-22,2022-01-06,9,90,41,951
21-22,2022-01-07,3,93,41,1110
21-22,2022-01-08,0,93,39,1262
21-22,2022-01-09,3,96,41,1462
21-22,2022-01-10,0,96,40,1489
21-22,2022-01-11,0,96,37,1434
21-22,2022-01-12,0,96,36,1836
21-22,2022-01-13,0,96,36,1857
21-22,2022-01-14,0,96,35,1857
21-22,2022-01-15,3,99,38,1879
21-22,2022-01-16,0,99,37,1879
21-22,2022-01-17,0,99,36,1879
21-22,2022-01-18,0,99,36,1837
21-22,2022-01-19,0,99,35,2216
21-22,2022-01-20,1,100,36,2254
21-22,2022-01-21,1,101,36,2767
21-22,2022-01-22,2,103,37,2811
21-22,2022-01-23,0,103,35,2837
21-22,2022-01-24,0,103,35,2837
21-22,2022-01-25,1,104,35,2847
21-22,2022-01-26,1,105,36,2906
21-22,2022-01-27,0,105,36,2906
21-22,2022-01-28,1,106,36,2928
21-22,2022-01-29,0,106,36,2928
21-22,2022-01-30,0,106,34,2928
21-22,2022-01-31,0,106,34,2930
21-22,2022-02-01,0,106,34,2930
21-22,2022-02-02,3,109,37,2930
21-22,2022-02-03,1,110,38,2930
21-22,2022-02-04,0,110,37,3096
21-22,2022-02-05,0,110,37,3096
21-22,2022-02-06,1,111,37,3136
21-22,2022-02-07,0,111,37,3136
21-22,2022-02-08,0,111,35,3136
21-22,2022-02-09,0,111,35,3136
21-22,2022-02-10,2,113,37,3136
21-22,2022-02-11,0,113,36,3136
21-22,2022-02-12,2,115,38,3136
21-22,2022-02-13,0,115,38,3136
21-22,2022-02-14,0,115,38,3141
21-22,2022-02-15,0,115,37,3141
21-22,2022-02-16,0,115,37,3141
21-22,2022-02-17,3,118,39,3141
21-22,2022-02-18,0,118,39,3141
21-22,2022-02-19,0,118,39,3141
21-22,2022-02-20,0,118,39,3141
21-22,2022-02-21,0,118,39,3141
21-22,2022-02-22,2,120,39,3141
21-22,2022-02-23,2,122,41,3141
21-22,2022-02-24,4,126,44,3141
21-22,2022-02-25,0,126,43,3141
21-22,2022-02-26,0,126,42,3141
21-22,2022-02-27,0,126,42,3141
21-22,2022-02-28,0,126,42,3141
21-22,2022-03-01,0,126,41,3149
21-22,2022-03-02,0,126,41,3149
21-22,2022-03-03,0,126,40,3149
21-22,2022-03-04,0,126,40,2955
21-22,2022-03-05,2,128,41,2955
21-22,2022-03-06,3,131,46,2955
21-22,2022-03-07,5,136,47,2955
21-22,2022-03-08,1,137,47,3014
21-22,2022-03-09,1,138,45,3014
21-22,2022-03-10,6,144,50,3014
21-22,2022-03-11,0,144,48,3149
21-22,2022-03-12,0,144,47,3149
21-22,2022-03-13,0,144,47,3149
21-22,2022-03-14,3,147,48,3149
21-22,2022-03-15,0,147,48,3149
21-22,2022-03-16,0,147,48,3149
21-22,2022-03-17,5,152,51,3149
21-22,2022-03-18,4,156,53,3149
21-22,2022-03-19,0,156,52,3149
21-22,2022-03-20,0,156,52,3149
21-22,2022-03-21,0,156,51,3149
21-22,2022-03-22,2,158,52,3149
21-22,2022-03-23,1,159,52,3149
21-22,2022-03-24,0,159,50,3149
21-22,2022-03-25,0,159,48,3029
21-22,2022-03-26,0,159,48,3029
21-22,2022-03-27,0,159,47,2935
21-22,2022-03-28,0,159,47,2925
21-22,2022-03-29,0,159,46,2925
21-22,2022-03-30,4,163,50,2925
21-22,2022-03-31,1,164,50,2925
21-22,2022-04-01,2,166,51,2919
21-22,2022-04-02,0,166,50,2919
21-22,2022-04-03,0,166,49,2910
21-22,2022-04-04,1,167,50,2910
21-22,2022-04-05,0,167,50,2904
21-22,2022-04-06,1,168,50,2904
21-22,2022-04-07,0,168,50,2904
21-22,2022-04-08,0,168,48,2904
21-22,2022-04-09,0,168,48,2904
21-22,2022-04-10,4,172,52,2862
21-22,2022-04-11,0,172,51,2862
21-22,2022-04-12,0,172,51,2862
21-22,2022-04-13,4,176,53,2862
21-22,2022-04-14,4,180,53,2862
21-22,2022-04-15,0,180,52,2862
21-22,2022-04-16,0,180,52,2862
21-22,2022-04-17,2,182,53,350
21-22,2022-04-18,5,187,57,
21-22,2022-04-19,,187,,
21-22,2022-04-20,,187,,
21-22,2022-04-21,,187,,
21-22,2022-04-22,,187,,
21-22,2022-04-23,,187,,
21-22,2022-04-24,,187,,
21-22,2022-04-25,,187,,
21-22,2022-04-26,,187,,
21-22,2022-04-27,,187,,
21-22,2022-04-28,,187,,
21-22,2022-04-29,,187,,
21-22,2022-04-30,,187,,
22-23,2022-10-15,0,0,,0
22-23,2022-10-16,0,0,,0
22-23,2022-10-17,0,0,,0
22-23,2022-10-18,0,0,,0
22-23,2022-10-19,0,0,,0
22-23,2022-10-20,0,0,,0
22-23,2022-10-21,0,0,,0
22-23,2022-10-22,0,0,,0
22-23,2022-10-23,0,0,,0
22-23,2022-10-24,3,3,3,0
22-23,2022-10-25,0,3,3,0
22-23,2022-10-26,2,5,5,0
22-23,2022-10-27,6,11,8,0
22-23,2022-10-28,3,14,10,44
22-23,2022-10-29,0,14,8,44
22-23,2022-10-30,0,14,8,44
22-23,2022-10-31,0,14,7,44
22-23,2022-11-01,0,14,7,44
22-23,2022-11-02,0,14,7,63
22-23,2022-11-03,0,14,7,69
22-23,2022-11-04,6,20,11,69
22-23,2022-11-05,3,23,13,69
22-23,2022-11-06,2,25,14,69
22-23,2022-11-07,0,25,11,70
22-23,2022-11-08,0,25,11,70
22-23,2022-11-09,0,25,11,73
22-23,2022-11-10,3,28,12,75
22-23,2022-11-11,1,29,11,75
22-23,2022-11-12,0,29,11,86
22-23,2022-11-13,0,29,11,96
22-23,2022-11-14,1,30,12,96
22-23,2022-11-15,4,34,14,96
22-23,2022-11-16,1,35,13,98
22-23,2022-11-17,0,35,13,137
22-23,2022-11-18,1,36,14,149
22-23,2022-11-19,1,37,13,171
22-23,2022-11-20,0,37,13,171
22-23,2022-11-21,0,37,13,171
22-23,2022-11-22,0,37,13,179
22-23,2022-11-23,0,37,13,200
22-23,2022-11-24,1,38,13,200
22-23,2022-11-25,1,39,14,200
22-23,2022-11-26,0,39,13,200
22-23,2022-11-27,4,43,17,200
22-23,2022-11-28,1,44,18,210
22-23,2022-11-29,2,46,18,210
22-23,2022-11-30,2,48,20,210
22-23,2022-12-01,0,48,19,210
22-23,2022-12-02,0,48,19,246
22-23,2022-12-03,3,51,20,255
22-23,2022-12-04,5,56,22,255
22-23,2022-12-05,0,56,22,255
22-23,2022-12-06,5,61,25,255
22-23,2022-12-07,3,64,25,280
22-23,2022-12-08,2,66,26,300
22-23,2022-12-09,2,68,26,300
22-23,2022-12-10,0,68,24,373
22-23,2022-12-11,0,68,23,393
22-23,2022-12-12,0,68,23,393
22-23,2022-12-13,5,73,27,393
22-23,2022-12-14,3,76,27,393
22-23,2022-12-15,1,77,26,393
22-23,2022-12-16,1,78,26,811
22-23,2022-12-17,0,78,25,1103
22-23,2022-12-18,0,78,24,1103
22-23,2022-12-19,0,78,24,1105
22-23,2022-12-20,0,78,24,1105
22-23,2022-12-21,3,81,26,1089
22-23,2022-12-22,4,85,29,1093
22-23,2022-12-23,0,85,29,1114
22-23,2022-12-24,1,86,28,1116
22-23,2022-12-25,1,87,27,1139
22-23,2022-12-26,4,91,31,1139
22-23,2022-12-27,0,91,30,1139
22-23,2022-12-28,0,91,30,1539
22-23,2022-12-29,6,97,33,1669
22-23,2022-12-30,0,97,32,1687
22-23,2022-12-31,6,103,36,1696
22-23,2023-01-01,4,107,37,1904
22-23,2023-01-02,1,108,37,2013
22-23,2023-01-03,2,110,38,2013
22-23,2023-01-04,5,115,41,2112
22-23,2023-01-05,1,116,37,2112
22-23,2023-01-06,0,116,36,2118
22-23,2023-01-07,5,121,39,2155
22-23,2023-01-08,1,122,37,2556
22-23,2023-01-09,0,122,37,2593
22-23,2023-01-10,0,122,37,2593
22-23,2023-01-11,0,122,37,2593
22-23,2023-01-12,2,124,34,2593
22-23,2023-01-13,0,124,34,2593
22-23,2023-01-14,0,124,34,2593
22-23,2023-01-15,0,124,32,2593
22-23,2023-01-16,5,129,37,3119
22-23,2023-01-17,1,130,37,3128
22-23,2023-01-18,10,140,45,3128
22-23,2023-01-19,3,143,44,3128
22-23,2023-01-20,0,143,42,3145
22-23,2023-01-21,0,143,41,3145
22-23,2023-01-22,2,145,41,3145
22-23,2023-01-23,0,145,41,3145
22-23,2023-01-24,0,145,41,3145
22-23,2023-01-25,1,146,40,3145
22-23,2023-01-26,1,147,40,3145
22-23,2023-01-27,2,149,41,3145
22-23,2023-01-28,4,153,43,3145
22-23,2023-01-29,1,154,42,3145
22-23,2023-01-30,0,154,42,3145
22-23,2023-01-31,4,158,45,3145
22-23,2023-02-01,0,158,43,3145
22-23,2023-02-02,0,158,43,3145
22-23,2023-02-03,0,158,42,3149
22-23,2023-02-04,0,158,41,3149
22-23,2023-02-05,0,158,40,3149
22-23,2023-02-06,3,162,42,3149
22-23,2023-02-07,0,162,42,3149
22-23,2023-02-08,0,162,42,3149
22-23,2023-02-09,2,164,43,3149
22-23,2023-02-10,1,164,42,3149
22-23,2023-02-11,0,164,41,3149
22-23,2023-02-12,0,164,41,3149
22-23,2023-02-13,0,164,41,3149
22-23,2023-02-14,1,166,41,3149
22-23,2023-02-15,2,168,42,3149
22-23,2023-02-16,1,168,42,3149
22-23,2023-02-17,0,168,41,3149
22-23,2023-02-18,0,168,41,3149
22-23,2023-02-19,0,168,41,3149
22-23,2023-02-20,0,168,41,3149
22-23,2023-02-21,1,170,41,3149
22-23,2023-02-22,0,170,41,3149
22-23,2023-02-23,5,174,46,3149
22-23,2023-02-24,0,174,45,3149
22-23,2023-02-25,1,176,44,3149
22-23,2023-02-26,0,176,44,3149
22-23,2023-02-27,1,176,45,3149
22-23,2023-02-28,1,178,45,3149
22-23,2023-03-01,4,182,47,3149
22-23,2023-03-02,2,184,46,3149
22-23,2023-03-03,0,184,45,3149
22-23,2023-03-04,1,184,46,3149
22-23,2023-03-05,0,184,45,3149
22-23,2023-03-06,0,184,45,3149
22-23,2023-03-07,0,184,44,3149
22-23,2023-03-08,0,184,44,3149
22-23,2023-03-09,1,186,45,3149
22-23,2023-03-10,0,186,43,3149
22-23,2023-03-11,6,192,49,3149
22-23,2023-03-12,5,196,53,3149
22-23,2023-03-13,4,200,56,3149
22-23,2023-03-14,0,200,53,3149
22-23,2023-03-15,0,200,52,3149
22-23,2023-03-16,2,202,53,3149
22-23,2023-03-17,0,202,53,3149
22-23,2023-03-18,0,202,52,3149
22-23,2023-03-19,0,202,51,3149
22-23,2023-03-20,0,202,51,3149
22-23,2023-03-21,3,206,53,3149
22-23,2023-03-22,2,208,53,3149
22-23,2023-03-23,3,210,56,3149
22-23,2023-03-24,2,212,56,3149
22-23,2023-03-25,2,214,55,3149
22-23,2023-03-26,1,216,55,3149
22-23,2023-03-27,1,216,56,3149
22-23,2023-03-28,1,218,56,3149
22-23,2023-03-29,0,218,54,3149
22-23,2023-03-30,0,218,54,3149
22-23,2023-03-31,5,222,57,3149
22-23,2023-04-01,7,230,60,3149
22-23,2023-04-02,0,230,58,2961
22-23,2023-04-03,0,230,58,2961
22-23,2023-04-04,0,230,55,2961
22-23,2023-04-05,2,232,56,2961
22-23,2023-04-06,0,232,56,2954
22-23,2023-04-07,0,232,55,2954
22-23,2023-04-08,0,232,53,2954
22-23,2023-04-09,0,232,53,2892
22-23,2023-04-10,0,232,53,2892
22-23,2023-04-11,0,232,52,2892
22-23,2023-04-12,0,232,51,2892
22-23,2023-04-13,0,232,50,2379
22-23,2023-04-14,0,232,50,2379
22-23,2023-04-15,4,236,53,1753
22-23,2023-04-16,0,236,52,424
22-23,2023-04-17,0,236,50,
22-23,2023-04-18,0,236,,
22-23,2023-04-19,0,236,,
22-23,2023-04-20,0,236,,
22-23,2023-04-21,0,236,,
22-23,2023-04-22,0,236,,
22-23,2023-04-23,0,236,,
22-23,2023-04-24,0,236,,
22-23,2023-04-25,0,236,,
22-23,2023-04-26,0,236,,
22-23,2023-04-27,0,236,,
22-23,2023-04-28,0,236,,
22-23,2023-04-29,0,236,,
22-23,2023-04-30,0,236,,
23-24,2023-10-15,0,0,0,0
23-24,2023-10-16,0,0,0,0
23-24,2023-10-17,0,0,0,0
23-24,2023-10-18,0,0,0,0
23-24,2023-10-19,0,0,0,0
23-24,2023-10-20,0,0,0,0
23-24,2023-10-21,0,0,0,0
23-24,2023-10-22,0,0,0,0
23-24,2023-10-23,0,0,0,0
23-24,2023-10-24,0,0,0,0
23-24,2023-10-25,0,0,0,0
23-24,2023-10-26,0,0,0,0
23-24,2023-10-27,0,0,0,0
23-24,2023-10-28,1,1,1,0
23-24,2023-10-29,12,13,17,0
23-24,2023-10-30,2,15,17,0
23-24,2023-10-31,0,15,17,0
23-24,2023-11-01,0,15,12,44
23-24,2023-11-02,0,15,11,44
23-24,2023-11-03,0,15,11,44
23-24,2023-11-04,0,15,10,44
23-24,2023-11-05,0,15,10,60
23-24,2023-11-06,0,15,10,66
23-24,2023-11-07,0,15,10,66
23-24,2023-11-08,0,15,10,66
23-24,2023-11-09,5,20,15,66
23-24,2023-11-10,0,20,15,66
23-24,2023-11-11,0,20,13,70
23-24,2023-11-12,0,20,11,81
23-24,2023-11-13,0,20,11,81
23-24,2023-11-14,0,20,11,83
23-24,2023-11-15,0,20,11,85
23-24,2023-11-16,0,20,10,96
23-24,2023-11-17,0,20,10,96
23-24,2023-11-18,0,20,10,96
23-24,2023-11-19,2,22,12,102
23-24,2023-11-20,3,25,15,102
23-24,2023-11-21,5,30,20,102
23-24,2023-11-22,0,30,20,102
23-24,2023-11-23,0,30,18,163
23-24,2023-11-24,1,31,19,163
23-24,2023-11-25,1,32,18,164
23-24,2023-11-26,2,34,16,164
23-24,2023-11-27,0,34,16,171
23-24,2023-11-28,0,34,16,171
23-24,2023-11-29,0,34,16,171
23-24,2023-11-30,0,34,16,171
23-24,2023-12-01,0,34,15,183
23-24,2023-12-02,4,38,18,183
23-24,2023-12-03,6,44,22,183
23-24,2023-12-04,7,51,27,229
23-24,2023-12-05,0,51,24,229
23-24,2023-12-06,0,51,24,238
23-24,2023-12-07,0,51,22,238
23-24,2023-12-08,3,54,25,269
23-24,2023-12-09,3,57,25,269
23-24,2023-12-10,1,58,25,269
23-24,2023-12-11,1,59,24,269
23-24,2023-12-12,0,59,24,269
23-24,2023-12-13,0,59,24,285
23-24,2023-12-14,1,60,24,298
23-24,2023-12-15,0,60,24,330
23-24,2023-12-16,0,60,23,330
23-24,2023-12-17,0,60,23,330
23-24,2023-12-18,0,60,23,330
23-24,2023-12-19,0,60,22,330
23-24,2023-12-20,0,60,22,335
23-24,2023-12-21,0,60,21,335
23-24,2023-12-22,0,60,21,597
23-24,2023-12-23,0,60,21,613
23-24,2023-12-24,4,64,25,613
23-24,2023-12-25,2,66,25,805
23-24,2023-12-26,1,67,25,805
23-24,2023-12-27,1,68,26,802
23-24,2023-12-28,0,68,25,810
23-24,2023-12-29,0,68,25,820
23-24,2023-12-30,0,68,24,1093
23-24,2023-12-31,0,68,24,1118
23-24,2024-01-01,0,68,24,1110
23-24,2024-01-02,0,68,24,1502
23-24,2024-01-03,0,68,24,1502
23-24,2024-01-04,0,68,23,1869
23-24,2024-01-05,2,70,26,1886
23-24,2024-01-06,2,72,26,1953
23-24,2024-01-07,0,72,26,2066
23-24,2024-01-08,0,72,26,2094
23-24,2024-01-09,0,72,25,2155
23-24,2024-01-10,2,74,27,2189
23-24,2024-01-11,2,76,28,2280
23-24,2024-01-12,1,77,29,2302
23-24,2024-01-13,1,78,29,2302
23-24,2024-01-14,7,85,35,2302
23-24,2024-01-15,13,98,45,2302
23-24,2024-01-16,3,101,45,2327
23-24,2024-01-17,0,101,42,2327
23-24,2024-01-18,9,110,48,2327
23-24,2024-01-19,5,115,50,2385
23-24,2024-01-20,0,115,48,2385
23-24,2024-01-21,0,115,47,2725
23-24,2024-01-22,1,116,46,2736
23-24,2024-01-23,1,117,46,2736
23-24,2024-01-24,0,117,44,3136
23-24,2024-01-25,2,119,44,3136
23-24,2024-01-26,2,121,46,3136
23-24,2024-01-27,1,122,44,3136
23-24,2024-01-28,0,122,44,3144
23-24,2024-01-29,0,122,44,3144
23-24,2024-01-30,0,122,42,3144
23-24,2024-01-31,0,122,41,3144
23-24,2024-02-01,0,122,41,3144
23-24,2024-02-02,0,122,41,3144
23-24,2024-02-03,10,132,50,3144
23-24,2024-02-04,3,135,52,3144
23-24,2024-02-05,0,135,50,3144
23-24,2024-02-06,0,135,48,3144
23-24,2024-02-07,0,135,48,3144
23-24,2024-02-08,5,140,49,3144
23-24,2024-02-09,2,142,50,3144
23-24,2024-02-10,1,143,50,3149
23-24,2024-02-11,2,145,52,3149
23-24,2024-02-12,0,145,47,3149
23-24,2024-02-13,1,146,47,3149
23-24,2024-02-14,0,146,46,3149
23-24,2024-02-15,1,147,46,3149
23-24,2024-02-16,6,153,52,3149
23-24,2024-02-17,4,157,53,3149
23-24,2024-02-18,0,157,51,3149
23-24,2024-02-19,2,159,51,3149
23-24,2024-02-20,0,159,49,3149
23-24,2024-02-21,0,159,48,3149
23-24,2024-02-22,2,161,48,3149
23-24,2024-02-23,5,166,53,3149
23-24,2024-02-24,1,167,50,3149
23-24,2024-02-25,0,167,49,3149
23-24,2024-02-26,0,167,49,3149
23-24,2024-02-27,0,167,48,3149
23-24,2024-02-28,5,172,51,3149
23-24,2024-02-29,0,172,50,3149
23-24,2024-03-01,0,172,50,3149
23-24,2024-03-02,0,172,48,3149
23-24,2024-03-03,6,178,54,3149
23-24,2024-03-04,3,181,54,3149
23-24,2024-03-05,1,182,55,3149
23-24,2024-03-06,0,182,52,3149
23-24,2024-03-07,0,182,52,3149
23-24,2024-03-08,2,184,53,3149
23-24,2024-03-09,3,187,55,3149
23-24,2024-03-10,0,187,54,3149
23-24,2024-03-11,0,187,53,3149
23-24,2024-03-12,1,188,51,3149
23-24,2024-03-13,1,189,52,3149
23-24,2024-03-14,9,198,60,3149
23-24,2024-03-15,1,199,59,3149
23-24,2024-03-16,0,199,57,3149
23-24,2024-03-17,0,199,56,3149
23-24,2024-03-18,0,199,56,3149
23-24,2024-03-19,0,199,54,3149
23-24,2024-03-20,0,199,54,3149
23-24,2024-03-21,0,199,53,3149
23-24,2024-03-22,2,201,55,3149
23-24,2024-03-23,0,201,54,3149
23-24,2024-03-24,1,202,54,3149
23-24,2024-03-25,4,206,56,3149
23-24,2024-03-26,2,208,56,2940
23-24,2024-03-27,1,209,57,2940
23-24,2024-03-28,0,209,57,2940
23-24,2024-03-29,0,209,56,2940
23-24,2024-03-30,2,211,56,2940
23-24,2024-03-31,0,211,55,2940
23-24,2024-04-01,3,214,56,2931
23-24,2024-04-02,1,215,56,2931
23-24,2024-04-03,0,215,55,2909
23-24,2024-04-04,0,215,54,2851
23-24,2024-04-05,0,215,53,2851
23-24,2024-04-06,4,219,57,2851
23-24,2024-04-07,4,223,58,2851
23-24,2024-04-08,0,223,58,382
23-24,2024-04-09,0,223,,0
23-24,2024-04-10,1,224,,0
23-24,2024-04-11,0,224,,0
23-24,2024-04-12,0,224,,0
23-24,2024-04-13,0,224,,0
23-24,2024-04-14,0,224,,0
23-24,2024-04-15,0,224,,0
23-24,2024-04-16,12,236,,0
23-24,2024-04-17,0,236,,0
23-24,2024-04-18,0,236,,0
23-24,2024-04-19,0,236,,0
23-24,2024-04-20,0,236,,0
23-24,2024-04-21,0,236,,0
23-24,2024-04-22,0,236,,0
23-24,2024-04-23,0,236,,0
23-24,2024-04-24,0,236,,0
23-24,2024-04-25,0,236,,0
23-24,2024-04-26,0,236,,0
23-24,2024-04-27,0,236,,0
23-24,2024-04-28,0,236,,0
23-24,2024-04-29,0,236,,0
23-24,2024-04-30,0,236,,0
24-25,2024-10-15,0,0,0,0
24-25,2024-10-16,0,0,0,0
24-25,2024-10-17,0,0,0,0
24-25,2024-10-18,0,0,0,0
24-25,2024-10-19,1,1,1,0
24-25,2024-10-20,0,1,0,0
24-25,2024-10-21,4,5,4,0
24-25,2024-10-22,8,13,9,0
24-25,2024-10-23,0,13,8,0
24-25,2024-10-24,0,13,8,0
24-25,2024-10-25,0,13,6,0
24-25,2024-10-26,0,13,6,0
24-25,2024-10-27,0,13,6,0
24-25,2024-10-28,0,13,4,0
24-25,2024-10-29,1,14,5,0
24-25,2024-10-30,3,17,8,0
24-25,2024-10-31,4,21,9,0
24-25,2024-11-01,0,21,9,0
24-25,2024-11-02,0,21,9,44.9
24-25,2024-11-03,0,21,8,44.9
24-25,2024-11-04,6,27,13,44.9
24-25,2024-11-05,2,29,13,44.9
24-25,2024-11-06,5,34,16,50.7
24-25,2024-11-07,0,34,15,50.7
24-25,2024-11-08,3,37,17,67.2
24-25,2024-11-09,4,41,18,71.7
24-25,2024-11-10,4,45,20,71.7
24-25,2024-11-11,0,45,19,89
24-25,2024-11-12,0,45,18,83.5
24-25,2024-11-13,2,47,18,83.5
24-25,2024-11-14,0,47,18,83.5
24-25,2024-11-15,0,47,17,101.249
24-25,2024-11-16,0,47,17,129.549
24-25,2024-11-17,0,47,16,129.549
24-25,2024-11-18,0,47,15,129.549
24-25,2024-11-19,4,51,19,129.549
24-25,2024-11-20,2,53,19,174.849
24-25,2024-11-21,0,53,20,174.849
24-25,2024-11-22,0,53,18,174.849
24-25,2024-11-23,0,53,18,189.2
24-25,2024-11-24,0,53,17,189.2
24-25,2024-11-25,8,61,24,189.2
24-25,2024-11-26,3,64,26,189.2
24-25,2024-11-27,14,78,36,189.2
24-25,2024-11-28,1,79,35,352.4506053
24-25,2024-11-29,0,79,32,393.8506053
24-25,2024-11-30,0,79,32,416.5851889
24-25,2024-12-01,0,79,28,439.4358316
24-25,2024-12-02,0,79,28,439.4358316
24-25,2024-12-03,0,79,27,475.2358316
24-25,2024-12-04,0,79,25,539.3358316
24-25,2024-12-05,0,79,26,539.3358316
24-25,2024-12-06,0,79,26,549.8358316
24-25,2024-12-07,0,79,26,549.8358316
24-25,2024-12-08,0,79,23,549.8358316
24-25,2024-12-09,1,80,25,575.1358316
24-25,2024-12-10,3,83,28,598.4358316
24-25,2024-12-11,2,85,28,598.4358316
24-25,2024-12-12,0,85,28,617.1358316
24-25,2024-12-13,0,85,27,1180.861804
24-25,2024-12-14,2,87,29,1154.161804
24-25,2024-12-15,0,87,27,1154.161804
24-25,2024-12-16,1,88,27,1168.761804
24-25,2024-12-17,0,88,27,1114.261804
24-25,2024-12-18,2,90,28,1114.261804
24-25,2024-12-19,0,90,28,1114.261804
24-25,2024-12-20,0,90,27,1368.074511
24-25,2024-12-21,0,90,27,1425.574511
24-25,2024-12-22,0,90,25,1385.274511
24-25,2024-12-23,0,90,25,1390.074511
24-25,2024-12-24,2,92,26,1413.474511
24-25,2024-12-25,0,92,26,1404.322456
24-25,2024-12-26,4,96,31,1403.922456
24-25,2024-12-27,5,101,36,1405.922456
24-25,2024-12-28,4,105,37,1444.922456
24-25,2024-12-29,3,108,34,1468.722456
24-25,2024-12-30,5,113,39,1468.722456
24-25,2024-12-31,1,114,38,1468.722456
24-25,2025-01-01,0,114,36,2214.745258
24-25,2025-01-02,3,117,39,2218.145258
24-25,2025-01-03,3,120,39,2222.045258
24-25,2025-01-04,0,120,37,2275.495258
24-25,2025-01-05,2,122,37,2280.695258
24-25,2025-01-06,1,123,37,2355.32423
24-25,2025-01-07,2,125,39,2568.280336
24-25,2025-01-08,1,126,37,2766.39504
24-25,2025-01-09,1,127,38,2845.356252
24-25,2025-01-10,2,129,38,2854.556252
24-25,2025-01-11,3,132,40,2909.142214
24-25,2025-01-12,2,134,39,2985.917429
24-25,2025-01-13,0,134,38,2985.917429
24-25,2025-01-14,1,135,39,2985.917429
24-25,2025-01-15,0,135,37,2985.917429
24-25,2025-01-16,0,135,37,3115.891575
24-25,2025-01-17,0,135,37,3115.891575
24-25,2025-01-18,4,139,41,3115.891575
24-25,2025-01-19,0,139,39,3115.891575
24-25,2025-01-20,1,140,40,3131.991575
24-25,2025-01-21,0,140,40,3131.991575
24-25,2025-01-22,0,140,38,3131.991575
24-25,2025-01-23,0,140,38,3131.991575
24-25,2025-01-24,0,140,38,3131.991575
24-25,2025-01-25,2,142,40,3131.991575
24-25,2025-01-26,0,142,39,3131.991575
24-25,2025-01-27,0,142,39,3131.991575
24-25,2025-01-28,0,142,39,3131.991575
24-25,2025-01-29,0,142,38,3131.991575
24-25,2025-01-30,0,142,38,3131.991575
24-25,2025-01-31,0,142,38,3131.991575
24-25,2025-02-01,0,142,37,3131.991575
24-25,2025-02-02,1,143,39,3131.991575
24-25,2025-02-03,0,143,38,3149.191575
24-25,2025-02-04,0,143,38,3149.191575
24-25,2025-02-05,0,143,38,3149.191575
24-25,2025-02-06,0,143,38,3149.191575
24-25,2025-02-07,0,143,38,3149.191575
24-25,2025-02-08,7,150,44,3149.191575
24-25,2025-02-09,3,153,43,3149.191575
24-25,2025-02-10,0,153,42,3149.191575
24-25,2025-02-11,0,153,42,3149.191575
24-25,2025-02-12,2,155,42,3149.191575
24-25,2025-02-13,0,155,42,3149.191575
24-25,2025-02-14,0,155,42,3149.191575
24-25,2025-02-15,9,164,48,3149.191575
24-25,2025-02-16,2,166,49,3149.191575
24-25,2025-02-17,8,174,55,3149.191575
24-25,2025-02-18,9,183,62,3149.191575
24-25,2025-02-19,7,190,66,3149.191575
24-25,2025-02-20,1,191,60,3149.191575
24-25,2025-02-21,11,202,68,3149.191575
24-25,2025-02-22,1,203,66,3149.191575
24-25,2025-02-23,0,203,64,3149.191575
24-25,2025-02-24,0,203,63,3149.191575
24-25,2025-02-25,0,203,62,3149.191575
24-25,2025-02-26,0,203,60,3149.191575
24-25,2025-02-27,0,203,60,3149.191575
24-25,2025-02-28,0,203,58,3149.1916
24-25,2025-03-01,0,203,58,3149.191575
24-25,2025-03-02,0,203,56,3149.191575
24-25,2025-03-03,0,203,54,3149.191575
24-25,2025-03-04,5,208,60,3149.191575
24-25,2025-03-05,4,212,61,3149.191575
24-25,2025-03-06,2,214,61,3149.191575
24-25,2025-03-07,3,217,61,3149.191575
24-25,2025-03-08,1,218,61,3149.191575
24-25,2025-03-09,0,218,60,3149.191575
24-25,2025-03-10,0,218,58,3149.191575
24-25,2025-03-11,0,218,58,3149.191575
24-25,2025-03-12,0,218,55,3149.191575
24-25,2025-03-13,0,218,55,3149.191575
24-25,2025-03-14,0,218,55,3149.191575
24-25,2025-03-15,5,223,61,3149.191575
24-25,2025-03-16,5,228,62,3149.191575
24-25,2025-03-17,0,228,61,3149.191575
24-25,2025-03-18,0,228,60,3149.191575
24-25,2025-03-19,4,232,61,3149.191575
24-25,2025-03-20,1,233,61,3149.191575
24-25,2025-03-21,1,234,60,3149.191575
24-25,2025-03-22,1,235,60,3149.191575
24-25,2025-03-23,8,243,67,3149.191575
24-25,2025-03-24,0,243,65,3149.191575
24-25,2025-03-25,0,243,64,3149.191575
24-25,2025-03-26,0,243,61,3149.191575
24-25,2025-03-27,0,243,61,3149.191575
24-25,2025-03-28,0,243,61,3149.191575
24-25,2025-03-29,6,249,64,3149.191575
24-25,2025-03-30,1,250,61,3133.091575
24-25,2025-03-31,1,251,61,2880.056217
24-25,2025-04-01,1,252,60,2855.956217
24-25,2025-04-02,6,258,66,2855.956217
24-25,2025-04-03,0,258,66,2853.956217
24-25,2025-04-04,2,260,65,2667.641513
24-25,2025-04-05,0,260,64,2667.641513
24-25,2025-04-06,0,260,63,2667.641513
24-25,2025-04-07,0,260,62,375
24-25,2025-04-08,0,260,60,375
24-25,2025-04-09,0,260,60,0
24-25,2025-04-10,0,260,60,0
24-25,2025-04-11,0,260,58,0
24-25,2025-04-12,0,260,58,0
24-25,2025-04-13,0,260,56,0
24-25,2025-04-14,2,262,58,0
24-25,2025-04-15,0,262,57,0
24-25,2025-04-16,0,262,,0
24-25,2025-04-17,0,262,,0
24-25,2025-04-18,0,262,,0
24-25,2025-04-19,0,262,,0
24-25,2025-04-20,0,262,,0
24-25,2025-04-21,0,262,,0
24-25,2025-04-22,0,262,,0
24-25,2025-04-23,0,262,,0
24-25,2025-04-24,0,262,,0
24-25,2025-04-25,0,262,,0
24-25,2025-04-26,0,262,,0
24-25,2025-04-27,0,262,,0
24-25,2025-04-28,0,262,,0
24-25,2025-04-29,,262,,
24-25,2025-04-30,,262,,
25-26,2025-10-15,0,0,0,0
25-26,2025-10-16,0,0,0,0
25-26,2025-10-17,0,0,0,0
25-26,2025-10-18,0,0,0,0
25-26,2025-10-19,0,0,0,0
25-26,2025-10-20,0,0,0,0
25-26,2025-10-21,4,4,2,0
25-26,2025-10-22,0,4,3,0
25-26,2025-10-23,0,4,3,0
25-26,2025-10-24,4,8,5,0
25-26,2025-10-25,0,8,4,0
25-26,2025-10-26,0,8,3,44.9
25-26,2025-10-27,0,8,2,44.9
25-26,2025-10-28,5,13,7,44.9
25-26,2025-10-29,0,13,6,44.9
25-26,2025-10-30,0,13,5,44.9
25-26,2025-10-31,0,13,5,44.9
25-26,2025-11-01,0,13,5,44.9
25-26,2025-11-02,0,13,4,67.2
25-26,2025-11-03,0,13,4,67.2
25-26,2025-11-04,0,13,4,67.2
25-26,2025-11-05,0,13,4,67.2
25-26,2025-11-06,0,13,4,67.2
25-26,2025-11-07,0,13,4,67.2
25-26,2025-11-08,0,13,3,67.2
25-26,2025-11-09,0,13,3,75.1
25-26,2025-11-10,0,13,4,67.2
25-26,2025-11-11,0,13,4,67.2
25-26,2025-11-12,0,13,4,67.2
25-26,2025-11-13,0,13,3,67.2
25-26,2025-11-14,0,13,3,105.4
25-26,2025-11-15,0,13,2,113.3
25-26,2025-11-16,0,13,3,113.3
25-26,2025-11-17,2,15,5,113.3
25-26,2025-11-18,2,17,6,113.3
25-26,2025-11-19,0,17,5,113.3
25-26,2025-11-20,0,17,4,113.3
25-26,2025-11-21,1,18,5,136.8
25-26,2025-11-22,1,19,5,139.9
25-26,2025-11-23,0,19,5,146
25-26,2025-11-24,0,19,5,146
25-26,2025-11-25,1,20,6,147.7
25-26,2025-11-26,6,26,9,169.1
25-26,2025-11-27,0,26,9,169.1
25-26,2025-11-28,0,26,9,203
25-26,2025-11-29,4,30,12,213.5
25-26,2025-11-30,1,32,10,213.5
25-26,2025-12-01,4,36,14,213.5
25-26,2025-12-02,0,36,14,213.5
25-26,2025-12-03,2,38,12,213.5
25-26,2025-12-04,0,38,11,246.9
25-26,2025-12-05,0,38,10,289.0452146
25-26,2025-12-06,9,47,21,298.0452146
25-26,2025-12-07,7,54,23,319.6452146
25-26,2025-12-08,2,56,22,355.1452146
25-26,2025-12-09,1,57,22,364.3452146
25-26,2025-12-10,1,58,20,364.3452146
25-26,2025-12-11,0,58,19,407.0502408
25-26,2025-12-12,0,58,18,407.0502408
25-26,2025-12-13,0,58,19,408.2502408
25-26,2025-12-14,0,58,17,417.7502408
25-26,2025-12-15,0,58,18,410.2997796
25-26,2025-12-16,0,58,18,410.2997796
25-26,2025-12-17,0,58,16,410.2997796
25-26,2025-12-18,1,59,17,459.3997796
25-26,2025-12-19,0,59,17,459.3997796
25-26,2025-12-20,0,59,18,475.1930438
25-26,2025-12-21,0,59,16,475.1930438
25-26,2025-12-22,0,59,16,475.1930438
25-26,2025-12-23,0,59,16,475.1930438
25-26,2025-12-24,0,59,15,464.1010595
25-26,2025-12-25,0,59,14,464.1010595
25-26,2025-12-26,0,59,15,464.1010595
25-26,2025-12-27,0,59,15,464.1010595
25-26,2025-12-28,3,62,17,464.1010595
25-26,2025-12-29,0,62,17,464.1010595
25-26,2025-12-30,0,62,17,468.0010595
25-26,2025-12-31,0,62,15,708.1095683
25-26,2026-01-01,0,62,16,722.7095683
25-26,2026-01-02,2,63,17,890.7873094
25-26,2026-01-03,1,64,18,890.7873094
25-26,2026-01-04,0,64,18,890.7873094
25-26,2026-01-05,0,64,18,746.6801113
25-26,2026-01-06,6,70,23,746.6801113
25-26,2026-01-07,0,70,21,977.4275832
25-26,2026-01-08,0,70,21,977.4275832
25-26,2026-01-09,4,74,24,1031.70055
25-26,2026-01-10,1,75,24,1049.116413
25-26,2026-01-11,0,75,23,1177.335237
25-26,2026-01-12,0,75,22,1150.184595
25-26,2026-01-13,0,75,23,1154.184595
25-26,2026-01-14,0,75,21,1173.984595
25-26,2026-01-15,0,75,20,1226.951685
25-26,2026-01-16,0,75,20,1236.044487
25-26,2026-01-17,0,75,21,1564.044487
25-26,2026-01-18,0,75,21,1564.044487
25-26,2026-01-19,1,76,23,1564.044487
25-26,2026-01-20,0,76,23,1564.044487
25-26,2026-01-21,0,76,21,1374.644487
25-26,2026-01-22,0,76,21,1374.644487
25-26,2026-01-23,0,76,21,1374.644487
25-26,2026-01-24,5,81,25,1374.644487
25-26,2026-01-25,1,82,26,1406.39513
25-26,2026-01-26,2,84,26,1406.39513
25-26,2026-01-27,0,84,26,1753.963305
25-26,2026-01-28,0,84,23,1753.963305
25-26,2026-01-29,1,85,24,1753.963305
25-26,2026-01-30,1,86,24,1753.963305
25-26,2026-01-31,0,87,25,1753.963305
25-26,2026-02-01,1,88,25,1925.063305
25-26,2026-02-02,0,88,26,1925.063305
25-26,2026-02-03,0,88,26,1925.063305
25-26,2026-02-04,2,90,25,1925.063305
25-26,2026-02-05,0,90,25,1931.063305
25-26,2026-02-06,0,90,24,1931.063305
25-26,2026-02-07,0,90,24,1942.163305
25-26,2026-02-08,0,90,24,1937.363305
25-26,2026-02-09,0,90,25,1916.776367
25-26,2026-02-10,0,90,24,1900.441783
25-26,2026-02-11,0,90,22,1854.241783
25-26,2026-02-12,0,90,23,1832.891141
25-26,2026-02-13,0,90,23,1832.891141
25-26,2026-02-14,2,92,25,1832.891141
25-26,2026-02-15,0,92,25,1832.9
25-26,2026-02-16,0,92,25,1832.891141
25-26,2026-02-17,0,92,25,1854.241783
25-26,2026-02-18,4,96,27,1755.936262
25-26,2026-02-19,1,97,27,1756.436262
25-26,2026-02-20,0,98,27,1756.436262
25-26,2026-02-21,1,99,28,1974.9232
25-26,2026-02-22,0,99,27,1975.9232
25-26,2026-02-23,0,99,28,1974.4232
25-26,2026-02-24,0,99,27,1974.4232
25-26,2026-02-25,1,100,27,1974.4232
25-26,2026-02-26,4,104,30,2101.135243
25-26,2026-02-27,2,106,31,2147.691382
25-26,2026-02-28,0,106,31,2497.740003
25-26,2026-03-01,0,106,30,2509.040003
25-26,2026-03-02,0,106,30,2509.040003
25-26,2026-03-03,1,107,31,2402.479129
25-26,2026-03-04,2,109,31,2401.479129
25-26,2026-03-05,0,109,31,2401.479129
25-26,2026-03-06,0,109,30,2395.479129
25-26,2026-03-07,13,122,43,2466.669852
25-26,2026-03-08,0,122,41,2746.214441
25-26,2026-03-09,0,122,39,2746.214441
25-26,2026-03-10,0,122,39,2596.276129
25-26,2026-03-11,5,127,41,2596.776129
25-26,2026-03-12,1,128,41,2642.976129
25-26,2026-03-13,0,128,38,2410.461425
25-26,2026-03-14,0,128,38,2410.461425
25-26,2026-03-15,2,130,39,2393.761425
25-26,2026-03-16,0,130,39,2385.039696
25-26,2026-03-17,2,132,39,2385.039696
25-26,2026-03-18,0,132,37,2385.039696
25-26,2026-03-19,0,132,37,2385.039696
25-26,2026-03-20,0,132,36,2238.393838
25-26,2026-03-21,0,132,35,2097.66926
25-26,2026-03-22,0,132,34,2097.66926
25-26,2026-03-23,0,132,34,1369.738187
25-26,2026-03-24,0,132,33,977.9260954
25-26,2026-03-25,0,132,30,986.0765566
25-26,2026-03-26,0,132,29,695.1880794
25-26,2026-03-27,0,132,30,613.0722159
25-26,2026-03-28,0,132,30,391.7800122
25-26,2026-03-29,0,132,28,377.6800122
25-26,2026-03-30,0,132,28,290.9452146
25-26,2026-03-31,0,132,28,289.6452146
25-26,2026-04-01,0,132,26,289.6452146
25-26,2026-04-02,3,135,29,289.6452146
25-26,2026-04-03,4,139,33,289.6452146
25-26,2026-04-04,1,140,33,289.6452146
25-26,2026-04-05,0,140,32,289.6452146
25-26,2026-04-06,0,140,,
25-26,2026-04-07,0,140,,
25-26,2026-04-08,0,140,,
25-26,2026-04-09,0,140,,
25-26,2026-04-10,0,140,,
25-26,2026-04-11,0,140,,
25-26,2026-04-12,0,140,,
25-26,2026-04-13,0,140,,
25-26,2026-04-14,0,140,,
25-26,2026-04-15,0,140,,