season,date,hn24,season_to_date,hs,reported_acres
06-07,39006,,0,,
06-07,39007,,0,,
06-07,39008,,0,,
06-07,39009,,0,,
06-07,39010,,0,,
06-07,39011,,0,,
06-07,39012,,0,,
06-07,39013,,0,,
06-07,39014,,0,,
06-07,39015,4,4,,
06-07,39016,0,4,20,
06-07,39017,,4,,
06-07,39018,,4,,
06-07,39019,,4,,
06-07,39020,,4,,
06-07,39021,,4,,
06-07,39022,,4,,132.805
06-07,39023,,4,,132.805
06-07,39024,,4,,132.805
06-07,39025,,4,,132.805
06-07,39026,1,5,,132.805
06-07,39027,,5,,132.805
06-07,39028,1,6,,132.805
06-07,39029,,6,,132.805
06-07,39030,,6,,161.795
06-07,39031,2,8,,169.075
06-07,39032,,8,,169.075
06-07,39033,1,9,,173.075
06-07,39034,1,10,,173.075
06-07,39035,3,13,,173.075
06-07,39036,5,18,,173.075
06-07,39037,,18,,275.305
06-07,39038,,18,,334.5
06-07,39039,,18,,334.5
06-07,39040,,18,,335.8
06-07,39041,,18,,303.8
06-07,39042,0,18,20,472.865
06-07,39043,0,18,21,929.515
06-07,39044,0,18,21,1555.515
06-07,39045,0,18,21,1570.915
06-07,39046,0,18,21,1541.615
06-07,39047,0,18,21,1075.765
06-07,39048,1,18,21,1075.765
06-07,39049,4,21,25,1075.765
06-07,39050,5,26,30,1075.765
06-07,39051,1,27,29,1122.89
06-07,39052,2,29,30,2755.065
06-07,39053,5,33,32,2755.065
06-07,39054,1,34,32,1279.765
06-07,39055,0,34,31,1287.325
06-07,39056,0,34,31,1287.325
06-07,39057,0,34,28,1304.625
06-07,39058,0,34,28,2732.24
06-07,39059,0,34,28,2790.74
06-07,39060,0,34,28,2251.84
06-07,39061,0,34,27,2230.6
06-07,39062,0,34,27,2746.7
06-07,39063,3,35,30,2729.5
06-07,39064,2,36,30,2738.5
06-07,39065,2,37,32,2802.825
06-07,39066,0,37,32,2802.825
06-07,39067,0,37,32,2802.825
06-07,39068,0,37,32,2789.575
06-07,39069,3,39,31,2763.775
06-07,39070,0,39,31,2808.525
06-07,39071,1,40,31,2810.725
06-07,39072,12,47,39,2867.825
06-07,39073,3,48,38,2903.625
06-07,39074,0,48,38,2931.325
06-07,39075,0,48,38,3003.165
06-07,39076,1,48,38,3003.165
06-07,39077,0,48,38,3003.165
06-07,39078,0,48,36,3003.165
06-07,39079,0,48,36,3003.165
06-07,39080,2,49,37,3002.857
06-07,39081,0,49,37,3002.857
06-07,39082,0,49,36,2997.097
06-07,39083,0,49,36,2997.097
06-07,39084,0,49,36,2997.097
06-07,39085,0,49,35,2997.097
06-07,39086,0,49,35,2997.097
06-07,39087,8,57,42,3021.125
06-07,39088,3,61,44,3090.58
06-07,39089,2,63,45,3148.3
06-07,39090,0,63,44,3148.3
06-07,39091,0,63,43,3148.3
06-07,39092,0,63,42,3148.3
06-07,39093,0,63,41,3103.4
06-07,39094,0,63,41,3088.3
06-07,39095,1,64,41,3077.7
06-07,39096,0,64,41,3064.2
06-07,39097,0,64,41,1938.1
06-07,39098,0,64,41,3077.1
06-07,39099,0,64,41,3077.1
06-07,39100,0,64,41,3077.1
06-07,39101,0,64,40,3077.1
06-07,39102,0,64,40,3077.1
06-07,39103,2,66,42,3077.1
06-07,39104,2,68,43,3077.1
06-07,39105,0,68,43,3077.1
06-07,39106,0,68,43,3077.1
06-07,39107,0,68,42,3077.1
06-07,39108,0,68,41,3077.1
06-07,39109,0,68,41,3077.1
06-07,39110,0,68,41,3077.1
06-07,39111,0,68,41,3077.1
06-07,39112,0,68,41,3077.1
06-07,39113,5,73,44,3077.1
06-07,39114,4,77,47,3077.1
06-07,39115,2,79,47,3077.1
06-07,39116,2,81,48,3081.6
06-07,39117,1,82,48,3110.76
06-07,39118,0,82,48,3110.76
06-07,39119,0,82,48,3110.16
06-07,39120,0,82,46,3110.16
06-07,39121,0,82,46,3110.16
06-07,39122,0,82,45,3095.06
06-07,39123,0,82,45,3095.06
06-07,39124,1,83,45,3095.06
06-07,39125,1,84,45,3095.06
06-07,39126,3,87,49,3095.06
06-07,39127,6,93,52,3095.06
06-07,39128,2,95,53,3095.06
06-07,39129,4,99,54,3114.66
06-07,39130,5,104,57,3141.6
06-07,39131,0,104,55,3141.6
06-07,39132,1,105,53,3141.6
06-07,39133,4,109,54,3141.6
06-07,39134,0,109,54,3141.6
06-07,39135,0,109,53,3141.6
06-07,39136,0,109,52,3141.6
06-07,39137,3,112,54,3121.36
06-07,39138,1,113,54,3121.36
06-07,39139,5,118,57,3121.36
06-07,39140,4,122,59,3121.36
06-07,39141,5,127,60,3148.3
06-07,39142,5,132,63,3148.3
06-07,39143,2,134,62,3148.3
06-07,39144,1,135,62,3148.3
06-07,39145,0,135,61,3148.3
06-07,39146,0,135,60,3096.1
06-07,39147,0,135,58,3096.1
06-07,39148,0,135,58,3096.1
06-07,39149,0,135,56,3096.1
06-07,39150,3,138,59,3096.1
06-07,39151,0,138,58,3096.1
06-07,39152,4,142,61,3122
06-07,39153,0,142,60,3020.7
06-07,39154,0,142,59,2942.4
06-07,39155,0,142,58,2942.4
06-07,39156,3,145,59,2942.4
06-07,39157,0,145,58,2942.4
06-07,39158,0,145,58,2942.4
06-07,39159,0,145,57,2954.82
06-07,39160,0,145,57,2427.32
06-07,39161,0,145,57,2683.82
06-07,39162,0,145,55,2683.82
06-07,39163,0,145,54,2683.82
06-07,39164,0,145,54,2683.82
06-07,39165,0,145,53,2683.82
06-07,39166,10,155,64,2683.82
06-07,39167,0,155,62,2683.82
06-07,39168,0,155,61,2683.82
06-07,39169,2,157,61,2683.82
06-07,39170,3,160,63,2683.82
06-07,39171,9,169,70,2773.62
06-07,39172,2,171,70,2703
06-07,39173,1,172,69,2703
06-07,39174,0,172,67,2741.45
06-07,39175,0,172,66,2741.45
06-07,39176,0,172,64,2741.45
06-07,39177,3,175,64,2741.45
06-07,39178,1,176,65,2741.45
06-07,39179,0,176,64,2741.45
06-07,39180,5,181,68,2741.45
06-07,39181,5,186,71,2741.45
06-07,39182,5,191,73,2741.45
06-07,39183,6,197,75,2741.45
06-07,39184,0,197,72,2831.25
06-07,39185,2,199,72,2831.25
06-07,39186,0,199,71,2831.25
06-07,39187,0,199,70,2831.25
07-08,39370,5,11,,
07-08,39371,0,11,,
07-08,39372,2,13,,
07-08,39373,2,15,,
07-08,39374,0,15,,
07-08,39375,0,15,,
07-08,39376,5,20,,
07-08,39377,4,24,,
07-08,39378,0,24,,
07-08,39379,0,24,,
07-08,39380,0,24,,
07-08,39381,,24,,
07-08,39382,0,24,,
07-08,39383,,24,,
07-08,39384,,24,,
07-08,39385,,24,,
07-08,39386,1,25,,
07-08,39387,1,26,,
07-08,39388,0,26,,37.9
07-08,39389,0,26,,37.9
07-08,39390,0,26,,37.9
07-08,39391,0,26,,37.9
07-08,39392,0,26,,37.9
07-08,39393,0,26,,37.9
07-08,39394,0,26,,37.9
07-08,39395,0,26,,76.77
07-08,39396,0,26,,76.77
07-08,39397,0,26,,76.77
07-08,39398,0,26,,76.77
07-08,39399,0,26,,76.77
07-08,39400,1,27,,76.77
07-08,39401,0,27,,76.77
07-08,39402,0,27,,76.77
07-08,39403,0,27,,104.58
07-08,39404,0,27,,104.58
07-08,39405,0,27,,104.58
07-08,39406,0,27,,104.58
07-08,39407,4,31,,104.58
07-08,39408,0,31,,104.58
07-08,39409,0,31,,112.39
07-08,39410,1,32,,112.39
07-08,39411,0,32,,112.39
07-08,39412,0,32,,112.39
07-08,39413,0,32,,112.39
07-08,39414,3,35,,116.49
07-08,39415,0,35,,129.74
07-08,39416,0,35,,129.74
07-08,39417,1,36,,162.34
07-08,39418,7,43,,162.34
07-08,39419,0,43,,162.34
07-08,39420,0,43,,162.34
07-08,39421,0,43,,162.34
07-08,39422,9,52,,168.35
07-08,39423,9,61,27,356.2
07-08,39424,8,69,33,1710.4
07-08,39425,6,75,37,1737.9
07-08,39426,0,75,34,1772.18
07-08,39427,1,76,33,2413.885
07-08,39428,1,77,32,2413.885
07-08,39429,0,77,32,2413.885
07-08,39430,0,77,30,2760.675
07-08,39431,1,78,31,2769.675
07-08,39432,1,79,31,2769.675
07-08,39433,0,79,31,2769.675
07-08,39434,0,79,31,2740.475
07-08,39435,0,79,30,2736.775
07-08,39436,1,80,31,2717.475
07-08,39437,1,81,31,2688.75
07-08,39438,4,85,34,2741.135
07-08,39439,0,85,34,2741.135
07-08,39440,2,87,34,2861.435
07-08,39441,3,90,36,2819.485
07-08,39442,1,91,35,2828.685
07-08,39443,1,92,35,2847.325
07-08,39444,1,93,35,2892.225
07-08,39445,1,94,34,2930.325
07-08,39446,1,95,35,2959.375
07-08,39447,4,99,38,2959.375
07-08,39448,0,99,37,2939.45
07-08,39449,0,99,36,2913.65
07-08,39450,0,99,35,2922.5
07-08,39451,0,99,34,2925.5
07-08,39452,0,99,34,2925.5
07-08,39453,3,102,37,2925.5
07-08,39454,5,107,40,2969.25
07-08,39455,5,112,45,3057.25
07-08,39456,2,114,46,3057.25
07-08,39457,3,117,46,3057.25
07-08,39458,2,119,45,3057.25
07-08,39459,6,125,49,3065.125
07-08,39460,2,127,48,3065.125
07-08,39461,0,127,45,3065.125
07-08,39462,0,127,44,3132.2
07-08,39463,1,128,45,3132.2
07-08,39464,0,128,42,3148.3
07-08,39465,2,130,44,3148.3
07-08,39466,1,131,43,3148.3
07-08,39467,1,132,44,3148.3
07-08,39468,0,132,43,3148.3
07-08,39469,2,134,45,3148.3
07-08,39470,1,135,45,3148.3
07-08,39471,0,135,45,3148.3
07-08,39472,1,136,44,3148.3
07-08,39473,2,138,45,3148.3
07-08,39474,0,138,44,3148.3
07-08,39475,1,139,45,3148.3
07-08,39476,3,142,48,3148.3
07-08,39477,1,143,48,3148.3
07-08,39478,2,145,49,3148.3
07-08,39479,2,147,49,3148.3
07-08,39480,4,151,52,3148.3
07-08,39481,2,153,51,3148.3
07-08,39482,2,155,51,3148.3
07-08,39483,3,158,53,3148.3
07-08,39484,0,158,52,3148.3
07-08,39485,2,160,52,3148.3
07-08,39486,5,165,57,3148.3
07-08,39487,1,166,57,3148.3
07-08,39488,0,166,55,3148.3
07-08,39489,0,166,53,3148.3
07-08,39490,6,172,58,3148.3
07-08,39491,1,173,56,3148.3
07-08,39492,0,173,54,3148.3
07-08,39493,2,175,53,3148.3
07-08,39494,0,175,53,3148.3
07-08,39495,1,176,53,3148.3
07-08,39496,1,177,53,3148.3
07-08,39497,0,177,53,3148.3
07-08,39498,0,177,52,3148.3
07-08,39499,0,177,52,3148.3
07-08,39500,4,181,55,3148.3
07-08,39501,0,181,54,3148.3
07-08,39502,4,185,57,3148.3
07-08,39503,8,193,62,3148.3
07-08,39504,4,197,64,3148.3
07-08,39505,0,197,61,3148.3
07-08,39506,0,197,59,3148.3
07-08,39507,0,197,58,3148.3
07-08,39508,0,197,57,3148.3
07-08,39509,2,199,60,3148.3
07-08,39510,4,203,60,3148.3
07-08,39511,0,203,59,3148.3
07-08,39512,1,204,60,3148.3
07-08,39513,1,205,60,3148.3
07-08,39514,2,207,59,3148.3
07-08,39515,0,207,60,3148.3
07-08,39516,2,209,61,3148.3
07-08,39517,0,209,58,3148.3
07-08,39518,1,210,59,3148.3
07-08,39519,0,210,58,3148.3
07-08,39520,2,212,59,3148.3
07-08,39521,8,220,66,3148.3
07-08,39522,3,223,67,3148.3
07-08,39523,1,224,64,3148.3
07-08,39524,6,230,68,3148.3
07-08,39525,2,232,67,3148.3
07-08,39526,0,232,65,3148.3
07-08,39527,0,232,64,3148.3
07-08,39528,4,236,65,3148.3
07-08,39529,3,239,65,3148.3
07-08,39530,0,239,64,3148.3
07-08,39531,0,239,63,3148.3
07-08,39532,0,239,62,3148.3
07-08,39533,0,239,61,3148.3
07-08,39534,0,239,60,3148.3
07-08,39535,1,240,60,3148.3
07-08,39536,0,240,60,3148.3
07-08,39537,1,241,60,3148.3
07-08,39538,6,247,66,2959.7
07-08,39539,6,253,67,3139.3
07-08,39540,1,254,66,2959.7
07-08,39541,1,255,65,2959.7
07-08,39542,3,258,68,2446.7
07-08,39543,0,258,65,2446.7
07-08,39544,3,261,67,2446.7
07-08,39545,2,263,68,2446.7
07-08,39546,6,269,72,2446.7
07-08,39547,0,269,69,2446.7
07-08,39548,4,273,71,2446.7
07-08,39549,7,280,76,2446.7
07-08,39550,2,282,75,2446.7
07-08,39551,2,284,75,2446.7
07-08,39552,0,284,75,283
08-09,39742,2,2,,
08-09,39743,5,7,,
08-09,39744,2,9,,
08-09,39745,0,9,,
08-09,39746,0,9,,
08-09,39747,0,9,,
08-09,39748,0,9,,
08-09,39749,0,9,,
08-09,39750,0,9,,
08-09,39751,0,9,,
08-09,39752,0,9,,
08-09,39753,0,9,,
08-09,39754,0,9,,
08-09,39755,1,10,,
08-09,39756,0,10,,
08-09,39757,2,12,,
08-09,39758,0,12,,
08-09,39759,0,12,18,55
08-09,39760,0,12,18,55
08-09,39761,0,12,18,55
08-09,39762,0,12,18,55
08-09,39763,2,14,18,55
08-09,39764,3,17,18,55
08-09,39765,1,18,18,55
08-09,39766,2,20,18,63.15
08-09,39767,0,20,18,101.65
08-09,39768,0,20,18,101.65
08-09,39769,0,20,18,101.65
08-09,39770,0,20,18,101.65
08-09,39771,0,20,18,101.65
08-09,39772,0,20,18,101.65
08-09,39773,0,20,18,101.65
08-09,39774,0,20,18,106.95
08-09,39775,0,20,18,106.95
08-09,39776,0,20,18,106.95
08-09,39777,0,20,18,106.95
08-09,39778,0,20,18,106.95
08-09,39779,0,20,18,145.075
08-09,39780,3,23,18,145.1
08-09,39781,2,25,18,145.075
08-09,39782,4,29,18,145.075
08-09,39783,2,31,18,145.075
08-09,39784,0,31,18,142.825
08-09,39785,3,34,18,142.825
08-09,39786,4,38,18,148.325
08-09,39787,4,42,18,148.325
08-09,39788,0,42,25,710.915
08-09,39789,0,42,23,710.915
08-09,39790,0,42,21,265.365
08-09,39791,1,43,22,256.605
08-09,39792,0,43,21,256.605
08-09,39793,0,43,20,268.305
08-09,39794,0,43,21,268.305
08-09,39795,3,46,24,1409.395
08-09,39796,5,51,27,1420.695
08-09,39797,2,53,27,1467.595
08-09,39798,1,54,27,1998.315
08-09,39799,2,56,27,2180.27
08-09,39800,0,56,26,2180.27
08-09,39801,3,59,28,2524.3
08-09,39802,2,61,29,2728.06
08-09,39803,1,62,29,2790.92
08-09,39804,0,62,27,2833.77
08-09,39805,7,69,34,2869.57
08-09,39806,2,71,34,2874.07
08-09,39807,0,71,32,2891.11
08-09,39808,0,71,31,2864.76
08-09,39809,4,75,34,2854.16
08-09,39810,3,78,34,2904.66
08-09,39811,0,78,36,2904.66
08-09,39812,0,78,33,2877.35
08-09,39813,0,78,32,2890.55
08-09,39814,0,78,31,2833.05
08-09,39815,0,78,31,2854.5
08-09,39816,0,78,30,2870.675
08-09,39817,4,82,34,2870.675
08-09,39818,0,82,34,2916.775
08-09,39819,1,83,33,2935.515
08-09,39820,1,84,33,2939.715
08-09,39821,0,84,33,2960.225
08-09,39822,0,84,33,2960.225
08-09,39823,5,89,36,2966.125
08-09,39824,1,90,36,2989.625
08-09,39825,4,94,37,3023.625
08-09,39826,1,95,37,3113.425
08-09,39827,0,95,36,3125.45
08-09,39828,0,95,35,3125.45
08-09,39829,0,95,35,3125.45
08-09,39830,0,95,34,3148.3
08-09,39831,0,95,34,3148.3
08-09,39832,0,95,34,3148.3
08-09,39833,0,95,33,3148.3
08-09,39834,0,95,32,3148.3
08-09,39835,0,95,32,3148.3
08-09,39836,0,95,32,3148.3
08-09,39837,6,101,38,3148.3
08-09,39838,4,105,41,3148.3
08-09,39839,3,108,41,3148.3
08-09,39840,3,111,42,3148.3
08-09,39841,2,113,42,3148.3
08-09,39842,3,116,43,3148.3
08-09,39843,1,117,43,3148.3
08-09,39844,0,117,42,3148.3
08-09,39845,1,118,42,3148.3
08-09,39846,0,118,41,3148.3
08-09,39847,0,118,39,3148.3
08-09,39848,0,118,39,3148.3
08-09,39849,0,118,39,3148.3
08-09,39850,0,118,39,3148.3
08-09,39851,0,118,38,3148.3
08-09,39852,0,118,37,3148.3
08-09,39853,3,121,40,3148.3
08-09,39854,1,122,41,3148.3
08-09,39855,4,126,43,3148.3
08-09,39856,0,126,41,3148.3
08-09,39857,2,128,43,3148.3
08-09,39858,0,128,42,3148.3
08-09,39859,2,130,44,3148.3
08-09,39860,0,130,42,3148.3
08-09,39861,0,130,41,3148.3
08-09,39862,4,134,46,3148.3
08-09,39863,2,136,46,3148.3
08-09,39864,0,136,45,3148.3
08-09,39865,0,136,44,3148.3
08-09,39866,0,136,43,3148.3
08-09,39867,0,136,43,3148.3
08-09,39868,10,146,53,3148.3
08-09,39869,0,146,51,3148.3
08-09,39870,2,148,51,3148.3
08-09,39871,3,151,52,3148.3
08-09,39872,2,153,52,3148.3
08-09,39873,0,153,50,3148.3
08-09,39874,0,153,49,3148.3
08-09,39875,0,153,47,3148.3
08-09,39876,0,153,46,3148.3
08-09,39877,0,153,46,2968.7
08-09,39878,0,153,45,2968.7
08-09,39879,0,153,45,2968.7
08-09,39880,2,155,47,2968.7
08-09,39881,0,155,46,2968.7
08-09,39882,4,159,50,2968.7
08-09,39883,1,160,50,2968.7
08-09,39884,0,160,48,2968.7
08-09,39885,1,161,47,2986.66
08-09,39886,0,161,47,2986.66
08-09,39887,0,161,46,2986.66
08-09,39888,0,161,46,2944.82
08-09,39889,0,161,45,2944.82
08-09,39890,0,161,44,2944.82
08-09,39891,0,161,44,2944.82
08-09,39892,0,161,44,2944.82
08-09,39893,0,161,43,2944.42
08-09,39894,0,161,43,2944.42
08-09,39895,4,165,48,2940.52
08-09,39896,7,172,55,2994.4
08-09,39897,2,174,55,2994.4
08-09,39898,9,183,58,2994.4
08-09,39899,2,185,58,3000.78
08-09,39900,0,185,57,3000.78
08-09,39901,0,185,55,3000.78
08-09,39902,6,191,60,3000.78
08-09,39903,1,192,60,3000.78
08-09,39904,2,194,58,3000.78
08-09,39905,3,197,61,3000.78
08-09,39906,0,197,58,3000.78
08-09,39907,3,200,62,3015.88
08-09,39908,6,206,66,3015.88
08-09,39909,1,207,64,3006.88
08-09,39910,0,207,62,2953
08-09,39911,0,207,60,2953
08-09,39912,0,207,58,2953
08-09,39913,2,209,59,2953
08-09,39914,0,209,58,1
08-09,39915,1,210,58,283
08-09,39916,0,210,58,
09-10,40101,1,11,,
09-10,40102,0,11,,
09-10,40103,0,11,,
09-10,40104,0,11,,
09-10,40105,0,11,,
09-10,40106,0,11,,
09-10,40107,1,12,,
09-10,40108,0,12,,
09-10,40109,1,13,,
09-10,40110,0,13,,
09-10,40111,3,16,,
09-10,40112,1,17,,
09-10,40113,0,17,,
09-10,40114,3,20,,
09-10,40115,1,21,,
09-10,40116,3,24,,
09-10,40117,3,27,,
09-10,40118,0,27,,
09-10,40119,0,27,,
09-10,40120,0,27,,
09-10,40121,0,27,18,35.7
09-10,40122,0,27,18,62.05
09-10,40123,0,27,18,62.05
09-10,40124,0,27,18,81.19
09-10,40125,0,27,18,81.19
09-10,40126,0,27,18,81.19
09-10,40127,0,27,18,81.19
09-10,40128,0,27,18,81.19
09-10,40129,0,27,18,81.19
09-10,40130,0,27,18,81.19
09-10,40131,2,29,18,81.19
09-10,40132,4,33,18,81.19
09-10,40133,0,33,18,81.19
09-10,40134,0,33,18,81.19
09-10,40135,0,33,18,81.19
09-10,40136,0,33,18,132.07
09-10,40137,0,33,18,119.92
09-10,40138,0,33,18,119.92
09-10,40139,0,33,18,119.92
09-10,40140,2,35,18,136.31
09-10,40141,0,35,18,136.31
09-10,40142,0,35,18,152.83
09-10,40143,0,35,18,152.83
09-10,40144,0,35,18,152.83
09-10,40145,0,35,18,187.07
09-10,40146,0,35,18,191.57
09-10,40147,0,35,18,191.62
09-10,40148,0,35,18,191.62
09-10,40149,0,35,18,191.62
09-10,40150,0,35,18,191.62
09-10,40151,0,35,18,227.425
09-10,40152,0,35,18,236.425
09-10,40153,0,35,18,236.425
09-10,40154,0,35,18,227.425
09-10,40155,0,35,18,227.425
09-10,40156,2,37,18,251.745
09-10,40157,0,37,18,285.723
09-10,40158,0,37,18,302.383
09-10,40159,0,37,18,311.383
09-10,40160,0,37,18,320.398
09-10,40161,6,43,24,311.398
09-10,40162,0,43,23,311.398
09-10,40163,0,43,22,311.398
09-10,40164,1,44,22,344.598
09-10,40165,4,48,25,353.598
09-10,40166,0,48,24,482.33
09-10,40167,0,48,24,482.33
09-10,40168,0,48,23,777.87
09-10,40169,0,48,23,787.07
09-10,40170,1,49,23,481.07
09-10,40171,6,55,28,544.87
09-10,40172,0,55,26,605.16
09-10,40173,0,55,26,614.745
09-10,40174,0,55,25,614.745
09-10,40175,0,55,24,644.545
09-10,40176,0,55,24,664.245
09-10,40177,1,56,26,678.525
09-10,40178,2,58,26,744.325
09-10,40179,0,58,25,779.525
09-10,40180,1,59,26,1774.045
09-10,40181,5,64,30,1790.095
09-10,40182,1,65,29,1892.095
09-10,40183,0,65,29,1919.195
09-10,40184,0,65,28,1956.595
09-10,40185,4,69,32,1339.395
09-10,40186,0,69,31,1699.835
09-10,40187,0,69,30,2117.135
09-10,40188,0,69,29,2117.135
09-10,40189,0,69,29,2117.135
09-10,40190,0,69,29,2117.135
09-10,40191,0,69,27,2121.46
09-10,40192,0,69,27,2361.14
09-10,40193,0,69,27,2369.59
09-10,40194,0,69,26,2369.59
09-10,40195,0,69,26,2369.59
09-10,40196,1,70,26,2369.59
09-10,40197,0,70,26,2369.59
09-10,40198,2,72,28,2369.59
09-10,40199,0,72,28,2369.59
09-10,40200,0,72,27,2369.59
09-10,40201,1,73,28,2369.59
09-10,40202,3,76,31,2369.59
09-10,40203,2,78,31,2369.59
09-10,40204,0,78,31,2369.59
09-10,40205,3,81,33,2369.59
09-10,40206,0,81,32,2385.69
09-10,40207,0,81,31,2385.69
09-10,40208,0,81,31,2385.69
09-10,40209,0,81,31,2385.69
09-10,40210,1,82,31,2385.69
09-10,40211,1,83,32,2385.69
09-10,40212,0,83,31,2385.69
09-10,40213,2,85,33,2385.69
09-10,40214,3,88,35,2369.59
09-10,40215,0,88,35,2882.59
09-10,40216,1,89,35,2882.59
09-10,40217,0,89,34,2882.59
09-10,40218,0,89,34,2882.59
09-10,40219,0,89,33,2882.59
09-10,40220,0,89,33,2882.59
09-10,40221,2,91,34,2891.05
09-10,40222,3,94,37,2891.05
09-10,40223,2,96,37,2891.05
09-10,40224,0,96,36,2926.55
09-10,40225,2,98,37,2926.55
09-10,40226,1,99,37,2926.55
09-10,40227,1,100,37,2926.55
09-10,40228,3,103,39,2926.55
09-10,40229,4,107,41,2953.55
09-10,40230,4,111,42,3025.39
09-10,40231,3,114,44,3025.39
09-10,40232,0,114,42,3025.39
09-10,40233,0,114,41,3025.39
09-10,40234,1,115,42,3025.39
09-10,40235,3,118,42,3025.39
09-10,40236,0,118,41,3025.39
09-10,40237,0,118,40,3040.49
09-10,40238,6,124,46,3040.49
09-10,40239,0,124,44,3040.49
09-10,40240,0,124,42,3040.49
09-10,40241,0,124,41,3040.49
09-10,40242,1,125,42,2953.55
09-10,40243,1,126,42,2953.55
09-10,40244,0,126,42,2942.35
09-10,40245,4,130,44,2942.35
09-10,40246,3,133,47,2946.25
09-10,40247,0,133,45,2942.35
09-10,40248,3,136,47,3014.19
09-10,40249,1,137,46,3014.19
09-10,40250,0,137,44,2942.35
09-10,40251,0,137,43,2942.35
09-10,40252,1,138,43,2942.35
09-10,40253,0,138,42,2942.35
09-10,40254,0,138,42,2942.35
09-10,40255,0,138,42,2942.35
09-10,40256,0,138,41,2938.025
09-10,40257,1,139,42,2938.025
09-10,40258,0,139,41,2938.025
09-10,40259,0,139,41,2938.025
09-10,40260,0,139,41,2934.905
09-10,40261,5,144,45,2934.905
09-10,40262,1,145,45,2934.905
09-10,40263,0,145,44,2934.905
09-10,40264,4,149,47,2934.905
09-10,40265,2,151,47,2894.905
09-10,40266,0,151,46,2894.905
09-10,40267,0,151,45,2894.905
09-10,40268,0,151,43,2894.905
09-10,40269,0,151,42,1747.105
09-10,40270,3,154,46,1747.105
09-10,40271,0,154,45,1750.605
09-10,40272,2,156,45,1741.605
09-10,40273,0,156,44,1741.605
09-10,40274,1,157,44,1741.605
09-10,40275,4,161,49,1741.605
09-10,40276,1,162,47,1741.605
09-10,40277,0,162,46,1741.605
09-10,40278,0,162,44,1741.605
09-10,40279,0,162,44,368.8
09-10,40280,0,162,43,368.8
10-11,40467,,0,,
10-11,40468,,0,,
10-11,40469,,0,,
10-11,40470,,0,,
10-11,40471,1,1,2,
10-11,40472,,1,,
10-11,40473,,1,,
10-11,40474,2,3,3,
10-11,40475,3,6,8,
10-11,40476,5,11,10,
10-11,40477,1,12,10,
10-11,40478,9,21,17,
10-11,40479,,29,20,
10-11,40480,0,29,17,
10-11,40481,,29,,
10-11,40482,,29,,
10-11,40483,1,30,16,
10-11,40484,2,32,15,
10-11,40485,0,32,15,
10-11,40486,0,32,14,
10-11,40487,0,32,14,73.5
10-11,40488,0,32,13,73.5
10-11,40489,0,32,13,73.5
10-11,40490,0,32,13,73.5
10-11,40491,0,32,13,73.5
10-11,40492,0,32,13,73.5
10-11,40493,5,37,18,73.5
10-11,40494,1,38,17,73.5
10-11,40495,2,40,18,73.5
10-11,40496,1,41,19,101.51
10-11,40497,5,46,22,101.51
10-11,40498,4,50,24,101.51
10-11,40499,6,56,27,138.085
10-11,40500,8,64,31,157.885
10-11,40501,0,64,28,632.025
10-11,40502,0,64,26,1231.225
10-11,40503,0,64,24,1231.225
10-11,40504,0,64,24,1231.41
10-11,40505,5,69,28,1181.75
10-11,40506,1,70,27,1399.565
10-11,40507,1,71,27,1747.565
10-11,40508,3,74,27,1754.315
10-11,40509,0,74,26,1754.315
10-11,40510,0,74,25,1754.315
10-11,40511,0,74,25,2582.6
10-11,40512,2,76,26,2583.216
10-11,40513,1,77,28,2596.816
10-11,40514,1,78,27,2618.25
10-11,40515,1,79,27,2622.775
10-11,40516,0,79,25,2680.575
10-11,40517,0,79,26,2727.293
10-11,40518,0,79,25,2718.293
10-11,40519,0,79,25,2742.418
10-11,40520,5,84,30,2737.318
10-11,40521,1,85,30,2737.318
10-11,40522,0,85,29,2737.318
10-11,40523,0,85,28,2762.318
10-11,40524,4,89,31,2765.818
10-11,40525,0,89,30,2772.318
10-11,40526,1,90,31,2756.018
10-11,40527,0,90,31,2743.818
10-11,40528,0,90,30,2743.818
10-11,40529,5,95,34,2771.368
10-11,40530,0,95,33,2800.568
10-11,40531,1,96,33,2824.213
10-11,40532,8,104,38,2909.543
10-11,40533,6,110,41,2873.643
10-11,40534,4,114,41,2873.643
10-11,40535,0,114,39,2993.975
10-11,40536,0,114,39,3002.625
10-11,40537,1,115,39,3002.025
10-11,40538,0,115,38,3067.995
10-11,40539,0,115,37,3076.775
10-11,40540,4,119,40,3076.775
10-11,40541,2,121,38,3076.775
10-11,40542,0,121,37,3096.375
10-11,40543,0,121,37,3096.375
10-11,40544,5,126,40,3096.375
10-11,40545,1,127,40,3118
10-11,40546,1,128,40,3133.425
10-11,40547,3,131,40,3133.425
10-11,40548,0,131,39,3134.025
10-11,40549,2,133,40,3105.625
10-11,40550,2,135,42,3134.025
10-11,40551,0,135,41,3134.025
10-11,40552,0,135,40,3148.25
10-11,40553,3,138,41,3148.25
10-11,40554,5,143,44,3148.25
10-11,40555,1,144,43,3148.25
10-11,40556,0,144,42,3148.25
10-11,40557,1,145,42,3148.25
10-11,40558,1,146,41,3148.25
10-11,40559,1,147,41,3148.25
10-11,40560,1,148,41,3148.25
10-11,40561,2,150,42,3148.25
10-11,40562,4,154,45,3148
10-11,40563,1,155,45,3148.25
10-11,40564,6,161,48,3148.25
10-11,40565,7,168,53,3148.25
10-11,40566,7,175,54,3148.25
10-11,40567,6,181,56,3148.25
10-11,40568,2,183,54,3148.25
10-11,40569,1,184,52,3148
10-11,40570,2,186,52,3148.25
10-11,40571,1,187,51,3148
10-11,40572,0,187,50,3148.25
10-11,40573,0,187,49,3148.25
10-11,40574,0,187,49,3148
10-11,40575,0,187,49,3148.25
10-11,40576,2,189,49,3148.25
10-11,40577,1,190,49,3148.25
10-11,40578,0,190,47,3148.25
10-11,40579,1,191,48,3148.25
10-11,40580,6,197,52,3148.25
10-11,40581,9,206,58,3148.25
10-11,40582,3,209,57,3148.25
10-11,40583,6,215,60,3148.25
10-11,40584,1,216,58,3148.25
10-11,40585,0,216,58,3148.25
10-11,40586,0,216,55,3148.25
10-11,40587,0,216,54,3148.25
10-11,40588,0,216,53,3148.25
10-11,40589,0,216,52,3148.25
10-11,40590,0,216,52,3148.25
10-11,40591,0,216,52,3148.25
10-11,40592,1,217,50,3148.25
10-11,40593,5,222,55,3148.25
10-11,40594,0,222,54,3148.25
10-11,40595,5,227,57,3148.25
10-11,40596,4,231,57,3148.25
10-11,40597,0,231,56,3148.25
10-11,40598,0,231,55,3148.25
10-11,40599,0,231,55,3148.25
10-11,40600,4,235,56,3148.25
10-11,40601,6,241,59,3148.25
10-11,40602,3,244,59,3148.25
10-11,40603,4,248,60,3148.25
10-11,40604,0,248,59,3148.25
10-11,40605,0,248,57,3148.25
10-11,40606,0,248,56,3148
10-11,40607,6,254,60,3148.25
10-11,40608,0,254,59,3148.25
10-11,40609,2,256,59,3148.25
10-11,40610,3,259,60,3148.25
10-11,40611,0,259,60,3148.25
10-11,40612,2,261,60,3148.25
10-11,40613,0,261,59,3148.25
10-11,40614,0,261,58,3148.25
10-11,40615,0,261,57,3148.25
10-11,40616,3,264,59,3148.25
10-11,40617,2,266,59,3148.25
10-11,40618,4,270,62,3148.25
10-11,40619,0,270,62,3148.25
10-11,40620,0,270,59,3148.25
10-11,40621,8,278,65,3148.25
10-11,40622,0,278,63,2574.67
10-11,40623,0,278,62,2542.57
10-11,40624,0,278,60,2542.57
10-11,40625,4,282,62,3055.57
10-11,40626,4,286,64,3055.57
10-11,40627,0,286,63,3055.57
10-11,40628,1,287,62,3055.57
10-11,40629,2,289,62,3055.57
10-11,40630,2,291,62,3055.57
10-11,40631,11,302,71,3053.62
10-11,40632,14,316,77,3053.62
10-11,40633,1,317,73,3053.62
10-11,40634,10,327,80,3053.62
10-11,40635,3,330,77,2540.62
10-11,40636,0,330,75,2531.62
10-11,40637,0,330,73,2459.78
10-11,40638,11,341,83,2491.88
10-11,40639,0,341,83,2438
10-11,40640,0,341,78,2438
10-11,40641,0,341,76,2438
10-11,40642,0,341,75,1790.2
10-11,40643,0,341,74,401.3
10-11,40644,1,342,73,401.3
11-12,40831,0,,,
11-12,40832,0,,,
11-12,40833,5,5,10,
11-12,40834,1,6,9,
11-12,40835,0,6,7,
11-12,40836,0,6,7,
11-12,40837,0,6,7,
11-12,40838,0,6,7,
11-12,40839,0,6,7,
11-12,40840,0,6,7,
11-12,40841,0,6,6,
11-12,40842,7,13,13,
11-12,40843,4,17,14,
11-12,40844,0,17,13,
11-12,40845,0,17,13,
11-12,40846,0,17,13,
11-12,40847,0,17,13,
11-12,40848,0,17,13,
11-12,40849,3,20,14,
11-12,40850,0,20,18,62.7
11-12,40851,0,20,18,62.7
11-12,40852,0,20,18,62.7
11-12,40853,2,22,18,62.7
11-12,40854,0,22,18,62.7
11-12,40855,1,23,18,62.7
11-12,40856,1,24,18,62.7
11-12,40857,0,24,18,122.8
11-12,40858,0,24,18,126.071
11-12,40859,0,24,18,126.071
11-12,40860,1,25,18,126.071
11-12,40861,2,27,18,126.071
11-12,40862,0,27,18,126.071
11-12,40863,2,29,18,126.071
11-12,40864,0,29,18,146.68
11-12,40865,0,29,18,148.58
11-12,40866,1,30,18,161
11-12,40867,0,30,18,161
11-12,40868,0,30,18,161
11-12,40869,4,34,18,196.33
11-12,40870,0,34,18,200.83
11-12,40871,0,34,18,249.864
11-12,40872,0,34,18,264.064
11-12,40873,1,35,18,264.064
11-12,40874,0,35,18,265.064
11-12,40875,0,35,18,256.064
11-12,40876,0,35,18,250
11-12,40877,0,35,18,250
11-12,40878,1,36,18,250
11-12,40879,0,36,18,315
11-12,40880,0,36,18,315
11-12,40881,2,38,18,315
11-12,40882,1,39,19,306
11-12,40883,0,39,18,306
11-12,40884,0,39,18,306
11-12,40885,0,39,18,306
11-12,40886,1,40,18,366.45
11-12,40887,0,40,18,366.45
11-12,40888,0,40,18,366.45
11-12,40889,0,40,18,357.45
11-12,40890,0,40,18,357.45
11-12,40891,0,40,18,357.45
11-12,40892,2,42,20,357.45
11-12,40893,0,42,19,390.25
11-12,40894,0,42,19,419.45
11-12,40895,0,42,18,419.45
11-12,40896,0,42,18,404.85
11-12,40897,0,42,18,404.85
11-12,40898,0,42,18,405.45
11-12,40899,5,47,22,429.25
11-12,40900,0,47,21,1032.55
11-12,40901,0,47,21,1045.22
11-12,40902,0,47,20,1205.62
11-12,40903,0,47,20,1205.62
11-12,40904,0,47,19,1130.62
11-12,40905,0,47,19,1137.08
11-12,40906,0,47,19,1152.68
11-12,40907,1,48,20,1152.68
11-12,40908,0,48,19,947.48
11-12,40909,0,48,19,920.49
11-12,40910,0,48,19,920.49
11-12,40911,0,48,19,923.09
11-12,40912,0,48,19,578.45
11-12,40913,0,48,19,578.45
11-12,40914,0,48,18,578.45
11-12,40915,0,48,18,580.45
11-12,40916,5,53,23,602.25
11-12,40917,0,53,22,1196.42
11-12,40918,0,53,22,1196.42
11-12,40919,0,53,22,1213.92
11-12,40920,1,54,23,1231.62
11-12,40921,0,54,23,1255.12
11-12,40922,0,54,23,1057.42
11-12,40923,0,54,22,1034.82
11-12,40924,0,54,22,1030.92
11-12,40925,4,58,25,1018.25
11-12,40926,0,58,24,1232.22
11-12,40927,2,60,26,884.22
11-12,40928,2,62,27,1309.52
11-12,40929,2,64,28,1355.22
11-12,40930,6,70,32,1365.02
11-12,40931,0,70,32,1381.1
11-12,40932,0,70,30,1400.32
11-12,40933,0,70,30,1426.12
11-12,40934,0,70,29,1426.12
11-12,40935,5,75,34,1704.12
11-12,40936,0,75,33,1824.32
11-12,40937,0,75,33,1978.12
11-12,40938,0,75,32,1978.12
11-12,40939,0,75,31,1978.12
11-12,40940,0,75,31,1978.12
11-12,40941,0,75,30,1978.12
11-12,40942,0,75,30,1978.12
11-12,40943,0,75,29,1978.12
11-12,40944,0,75,30,2277.72
11-12,40945,0,75,30,2277.72
11-12,40946,4,79,32,2277.72
11-12,40947,0,79,32,2277.72
11-12,40948,3,82,35,2277.72
11-12,40949,1,83,34,2790.72
11-12,40950,4,87,,2791
11-12,40951,0,87,35,2793.02
11-12,40952,4,91,37,2803.42
11-12,40953,1,92,37,2808.85
11-12,40954,2,94,38,2808.85
11-12,40955,0,94,36,2808.85
11-12,40956,0,94,35,2808.85
11-12,40957,2,96,37,2808.85
11-12,40958,0,96,36,2808.85
11-12,40959,2,98,37,2804.95
11-12,40960,2,100,37,2807.55
11-12,40961,1,101,37,2807.55
11-12,40962,1,102,37,2807.55
11-12,40963,1,103,37,2807.55
11-12,40964,0,103,36,2804.21
11-12,40965,0,103,36,2804.21
11-12,40966,0,103,36,2797.71
11-12,40967,0,103,35,2799.01
11-12,40968,5,108,40,2799.01
11-12,40969,2,110,40,2799.01
11-12,40970,3,113,42,2886.89
11-12,40971,0,113,41,2886.89
11-12,40972,3,116,44,2886.89
11-12,40973,0,116,43,2886.89
11-12,40974,0,116,42,2882.036
11-12,40975,0,116,40,2882.036
11-12,40976,1,117,40,2810.196
11-12,40977,0,117,39,2801.396
11-12,40978,0,117,39,2801.396
11-12,40979,0,117,38,2281.79
11-12,40980,0,117,38,2281.79
11-12,40981,0,117,37,2281.79
11-12,40982,0,117,37,2281.79
11-12,40983,0,117,37,2281.79
11-12,40984,0,117,37,2281.79
11-12,40985,0,117,36,2281.79
11-12,40986,0,117,36,2281.79
11-12,40987,2,119,37,1450.85
11-12,40988,1,120,37,1085.31
11-12,40989,0,120,37,1085.31
11-12,40990,0,120,37,1085.31
11-12,40991,0,120,36,1085.31
11-12,40992,0,120,36,1085.31
11-12,40993,0,120,35,1085.31
11-12,40994,0,120,36,1059.21
11-12,40995,0,120,36,1048.91
11-12,40996,0,120,36,1048.91
11-12,40997,0,120,34,1037.21
11-12,40998,0,120,34,1042.41
11-12,40999,0,120,34,1042.41
11-12,41000,0,120,34,926.11
11-12,41001,0,120,34,681.35
11-12,41002,0,120,34,611.95
11-12,41003,1,121,35,596.25
11-12,41004,0,121,35,574.85
11-12,41005,0,121,33,572.65
11-12,41006,0,121,33,572.65
11-12,41007,0,121,33,572.65
11-12,41008,0,121,32,189.9
12-13,41197,0,,,
12-13,41198,0,,,
12-13,41199,3,3,,
12-13,41200,,3,,
12-13,41201,,3,,
12-13,41202,,3,,
12-13,41203,,3,,
12-13,41204,,3,,
12-13,41205,,3,,
12-13,41206,0,3,,
12-13,41207,4,7,,
12-13,41208,5,12,,
12-13,41209,,12,,
12-13,41210,,12,,
12-13,41211,,12,,
12-13,41212,,12,,
12-13,41213,,12,,
12-13,41214,0,12,,
12-13,41215,0,12,18,45.6
12-13,41216,0,12,18,45.6
12-13,41217,0,12,18,54.15
12-13,41218,0,12,18,54.15
12-13,41219,0,12,18,54.15
12-13,41220,0,12,18,54.15
12-13,41221,0,12,18,54.15
12-13,41222,0,12,18,54.15
12-13,41223,0,12,18,54.15
12-13,41224,6,18,18,54.15
12-13,41225,2,20,18,54.15
12-13,41226,0,20,18,54.15
12-13,41227,0,20,18,54.15
12-13,41228,0,20,18,54.15
12-13,41229,0,20,18,121.826
12-13,41230,0,20,18,121.826
12-13,41231,0,20,18,121.826
12-13,41232,0,20,18,121.826
12-13,41233,0,20,18,121.826
12-13,41234,0,20,18,157.8
12-13,41235,0,20,18,157.8
12-13,41236,0,20,18,157.8
12-13,41237,0,20,18,157.8
12-13,41238,0,20,18,157.8
12-13,41239,0,20,18,157.8
12-13,41240,0,20,18,157.8
12-13,41241,0,20,18,166.3
12-13,41242,0,20,18,224
12-13,41243,0,20,18,224
12-13,41244,,20,18,224
12-13,41245,0,20,18,224
12-13,41246,0,20,18,233
12-13,41247,1,21,18,233
12-13,41248,0,21,18,204.2
12-13,41249,0,21,18,204.2
12-13,41250,1,22,18,236.3
12-13,41251,1,23,18,245.3
12-13,41252,6,29,18,245.3
12-13,41253,1,30,18,245.3
12-13,41254,4,34,18,236.3
12-13,41255,0,34,18,236.3
12-13,41256,0,34,18,236.3
12-13,41257,0,34,18,308.05
12-13,41258,4,38,18,308.05
12-13,41259,3,41,20,287.75
12-13,41260,3,44,21,287.75
12-13,41261,5,49,23,287.75
12-13,41262,1,50,22,287.75
12-13,41263,2,52,22,331.65
12-13,41264,0,52,21,331.65
12-13,41265,0,52,20,1125.82
12-13,41266,0,52,20,1168.62
12-13,41267,0,52,19,1168.62
12-13,41268,6,58,23,1183.07
12-13,41269,0,58,23,1230.97
12-13,41270,2,60,24,1265.77
12-13,41271,2,62,24,1379.17
12-13,41272,0,62,24,1379.17
12-13,41273,0,62,23,1657.17
12-13,41274,0,62,23,1655.3
12-13,41275,2,64,23,1666.5
12-13,41276,1,65,24,1669.5
12-13,41277,0,65,24,1678.1
12-13,41278,0,65,24,1685.6
12-13,41279,0,65,23,1685.6
12-13,41280,0,65,23,1685.6
12-13,41281,0,65,22,1685.6
12-13,41282,0,65,22,1685.6
12-13,41283,0,65,22,1659.32
12-13,41284,0,65,21,1659.32
12-13,41285,0,65,21,1659.92
12-13,41286,3,68,24,1650.87
12-13,41287,0,68,23,1672.97
12-13,41288,0,68,23,1660.07
12-13,41289,0,68,23,1938.07
12-13,41290,3,71,25,1950.97
12-13,41291,0,71,25,1995.57
12-13,41292,0,71,24,2021.37
12-13,41293,0,71,24,2021.37
12-13,41294,0,71,23,2021.37
12-13,41295,0,71,24,2021.37
12-13,41296,0,71,23,2021.37
12-13,41297,0,71,23,2023.87
12-13,41298,0,71,23,2063.77
12-13,41299,1,72,22,2063.77
12-13,41300,0,72,23,2063.77
12-13,41301,2,74,24,2063.77
12-13,41302,0,74,24,2156.37
12-13,41303,3,77,27,2158.47
12-13,41304,1,78,27,2158.47
12-13,41305,4,82,29,2169.97
12-13,41306,2,84,29,2172.27
12-13,41307,3,87,32,2172.27
12-13,41308,0,87,31,2172.27
12-13,41309,0,87,31,2828.92
12-13,41310,0,87,30,2828.92
12-13,41311,0,87,30,2828.32
12-13,41312,2,89,30,2828.32
12-13,41313,0,89,29,2828.32
12-13,41314,1,90,30,2828.32
12-13,41315,3,93,32,2828.32
12-13,41316,1,94,32,2828.32
12-13,41317,1,95,32,2873.82
12-13,41318,0,95,32,2884.12
12-13,41319,1,96,32,2937.2
12-13,41320,1,97,32,2937.2
12-13,41321,0,97,32,2937.2
12-13,41322,0,97,31,2946.25
12-13,41323,3,100,35,2946.25
12-13,41324,1,101,34,2952.95
12-13,41325,0,101,33,2952.95
12-13,41326,1,102,33,2952.95
12-13,41327,2,104,34,2952.95
12-13,41328,1,105,34,2952.95
12-13,41329,5,110,38,2952.95
12-13,41330,2,112,38,2952.95
12-13,41331,0,112,37,2952.95
12-13,41332,3,115,37,2968.65
12-13,41333,0,115,37,3013.55
12-13,41334,3,118,38,3013.55
12-13,41335,1,119,38,3013.55
12-13,41336,0,119,37,3013.55
12-13,41337,5,124,42,3012.95
12-13,41338,4,128,43,3013.55
12-13,41339,0,128,43,3013.55
12-13,41340,0,128,41,3013.55
12-13,41341,0,128,40,3013.55
12-13,41342,3,131,43,3013.55
12-13,41343,4,135,45,3013.55
12-13,41344,1,136,44,3013.55
12-13,41345,3,139,45,3013.55
12-13,41346,0,139,44,3013.55
12-13,41347,0,139,43,2968.65
12-13,41348,0,139,42,2968.65
12-13,41349,0,139,41,2968.65
12-13,41350,2,141,42,2968.65
12-13,41351,3,144,45,2964.15
12-13,41352,4,148,48,2942.35
12-13,41353,0,148,46,2942.35
12-13,41354,1,149,45,2942.35
12-13,41355,6,155,49,2942.35
12-13,41356,4,159,50,2942.35
12-13,41357,3,162,50,3012.95
12-13,41358,0,162,49,3012.95
12-13,41359,0,162,48,3012.95
12-13,41360,1,163,48,3012.95
12-13,41361,4,167,50,3012.95
12-13,41362,0,167,48,3012.95
12-13,41363,1,168,48,3012.95
12-13,41364,1,169,47,3012.95
12-13,41365,0,169,46,2946.25
12-13,41366,1,170,47,2946.25
12-13,41367,2,172,48,2946.25
12-13,41368,0,172,47,2921.95
12-13,41369,0,172,46,2909.45
12-13,41370,2,174,47,1756.25
12-13,41371,1,175,47,254.6
12-13,41372,1,176,47,254.6
13-14,41562,0,,,
13-14,41563,0,,,
13-14,41564,0,,,
13-14,41565,0,,,
13-14,41566,0,,,
13-14,41567,0,,,
13-14,41568,0,,,
13-14,41569,2,2,,
13-14,41570,0,2,,
13-14,41571,0,2,,
13-14,41572,0,2,,
13-14,41573,0,2,,
13-14,41574,0,2,,
13-14,41575,3,5,,
13-14,41576,0,5,,
13-14,41577,0,5,,
13-14,41578,0,5,,
13-14,41579,0,5,18,64.7
13-14,41580,0,5,18,64.7
13-14,41581,2,7,18,64.7
13-14,41582,3,10,18,64.7
13-14,41583,0,10,18,64.7
13-14,41584,0,10,18,64.7
13-14,41585,0,10,18,64.7
13-14,41586,0,10,18,109.84
13-14,41587,0,10,18,110.24
13-14,41588,0,10,18,109.84
13-14,41589,6,16,18,109.84
13-14,41590,4,20,18,109.84
13-14,41591,9,29,18,109.84
13-14,41592,9,38,18,109.84
13-14,41593,3,41,21,142.44
13-14,41594,11,52,28,142.44
13-14,41595,0,52,25,142.44
13-14,41596,0,52,23,142.44
13-14,41597,0,52,22,142.44
13-14,41598,0,52,20,142.44
13-14,41599,0,52,20,142.44
13-14,41600,0,52,19,166.96
13-14,41601,5,57,23,166.96
13-14,41602,2,59,23,166.96
13-14,41603,2,61,24,166.96
13-14,41604,4,65,25,166.96
13-14,41605,1,66,24,291.145
13-14,41606,0,66,23,303.365
13-14,41607,0,66,22,311.09
13-14,41608,0,66,21,311.09
13-14,41609,0,66,22,319.74
13-14,41610,0,66,21,285.2
13-14,41611,0,66,21,267.15
13-14,41612,0,66,20,310.74
13-14,41613,0,66,20,310.74
13-14,41614,0,66,19,1070.515
13-14,41615,0,66,20,1070.515
13-14,41616,0,66,20,1097.575
13-14,41617,0,66,20,1097.575
13-14,41618,0,66,20,1249.575
13-14,41619,0,66,19,1263.475
13-14,41620,0,66,19,1563.075
13-14,41621,0,66,19,1618.575
13-14,41622,5,71,24,1618.575
13-14,41623,3,74,26,1629.775
13-14,41624,0,74,26,1629.775
13-14,41625,0,74,25,1607.625
13-14,41626,2,76,25,1609.625
13-14,41627,2,78,26,1609.625
13-14,41628,0,78,26,1646.375
13-14,41629,3,81,28,1677.835
13-14,41630,4,85,32,1677.835
13-14,41631,2,87,32,1657.935
13-14,41632,1,88,32,1657.935
13-14,41633,0,88,31,1652.935
13-14,41634,1,89,31,1690.455
13-14,41635,2,91,31,1690.455
13-14,41636,0,91,31,1690.455
13-14,41637,3,94,34,1968.955
13-14,41638,0,94,33,1975.755
13-14,41639,0,94,32,1982.555
13-14,41640,0,94,32,2010.13
13-14,41641,1,95,32,2013.73
13-14,41642,2,97,32,2013.73
13-14,41643,4,101,35,2031.03
13-14,41644,0,101,34,2031.03
13-14,41645,0,101,33,2155.21
13-14,41646,0,101,32,2191.01
13-14,41647,0,101,32,2216.81
13-14,41648,0,101,32,2238.15
13-14,41649,0,101,31,2327.95
13-14,41650,0,101,31,2327.95
13-14,41651,1,102,31,2327.95
13-14,41652,0,102,31,2355.75
13-14,41653,0,102,31,2355.75
13-14,41654,0,102,31,2355.75
13-14,41655,0,102,31,2379.25
13-14,41656,2,104,33,2381.35
13-14,41657,0,104,31,3027.05
13-14,41658,0,104,31,3027.05
13-14,41659,7,111,38,3027.05
13-14,41660,2,113,38,3027.05
13-14,41661,2,115,37,3027.05
13-14,41662,0,115,36,3027.05
13-14,41663,0,115,35,3027.05
13-14,41664,1,116,35,3027.05
13-14,41665,0,116,35,3027.05
13-14,41666,0,116,35,3027.05
13-14,41667,0,116,35,3027.05
13-14,41668,0,116,35,3027.05
13-14,41669,0,116,34,3043.15
13-14,41670,0,116,34,3058.25
13-14,41671,2,118,35,3058.25
13-14,41672,0,118,35,3058.25
13-14,41673,1,119,36,3058.25
13-14,41674,1,120,36,3148.05
13-14,41675,9,129,44,3148.05
13-14,41676,0,129,43,3148.05
13-14,41677,0,129,42,3148.05
13-14,41678,0,129,41,3148.05
13-14,41679,0,129,40,3148.05
13-14,41680,0,129,39,3148.05
13-14,41681,3,132,41,3148.05
13-14,41682,0,132,40,3148.05
13-14,41683,0,132,39,3148.05
13-14,41684,0,132,39,3148.05
13-14,41685,0,132,39,3148.05
13-14,41686,2,134,40,3148.05
13-14,41687,2,136,41,3148.05
13-14,41688,0,136,41,3148.05
13-14,41689,0,136,40,3148.05
13-14,41690,0,136,39,3148.05
13-14,41691,4,140,43,3148.05
13-14,41692,2,142,43,3148.05
13-14,41693,2,144,44,3148.05
13-14,41694,1,145,44,3148.05
13-14,41695,1,146,43,3148.05
13-14,41696,3,149,45,3148.05
13-14,41697,3,152,46,3148.05
13-14,41698,1,153,46,3148.05
13-14,41699,2,155,46,3148.05
13-14,41700,1,156,46,3148.05
13-14,41701,2,158,48,3148.05
13-14,41702,5,163,52,3148.05
13-14,41703,1,164,50,3148.05
13-14,41704,0,164,49,3148.05
13-14,41705,0,164,48,3148.05
13-14,41706,0,164,48,3148.05
13-14,41707,0,164,47,3148.05
13-14,41708,0,164,47,3148.05
13-14,41709,0,164,47,3148.05
13-14,41710,0,164,46,3148.05
13-14,41711,4,168,48,3148.05
13-14,41712,0,168,48,3148.05
13-14,41713,0,168,47,3148.05
13-14,41714,0,168,46,3148.05
13-14,41715,0,168,46,3148.05
13-14,41716,0,168,46,3148.05
13-14,41717,3,171,47,3148.05
13-14,41718,0,171,47,3148.05
13-14,41719,0,171,46,3148.05
13-14,41720,0,171,46,3148.05
13-14,41721,0,171,46,3148.05
13-14,41722,5,176,51,3148.05
13-14,41723,3,179,51,3148.05
13-14,41724,2,181,52,3148.05
13-14,41725,0,181,51,3148.05
13-14,41726,0,181,50,3148.05
13-14,41727,1,182,50,3148.05
13-14,41728,0,182,50,3148.05
13-14,41729,0,182,49,3148.05
13-14,41730,0,182,49,3148.05
13-14,41731,0,182,48,3148.05
13-14,41732,8,190,56,3148.05
13-14,41733,0,190,53,3148.05
13-14,41734,0,190,52,3148.05
13-14,41735,0,190,51,3148.05
13-14,41736,0,190,49,3148.05
13-14,41737,0,190,49,3148.05
13-14,41738,0,190,49,3148.05
13-14,41739,1,191,49,3148.05
13-14,41740,0,191,48,3148.05
13-14,41741,0,191,48,3148.05
13-14,41742,0,191,48,3148.05
13-14,41743,0,191,48,3148.05
13-14,41744,0,191,48,3148.05
13-14,41745,0,191,48,3148.05
13-14,41746,0,191,48,3090.35
13-14,41747,0,191,48,3090.35
13-14,41748,0,191,48,3090.35
13-14,41749,0,191,48,3090.35
13-14,41750,0,191,48,423.9
14-15,41927,0,,,
14-15,41928,0,,,
14-15,41929,0,,,
14-15,41930,0,,,
14-15,41931,0,,,
14-15,41932,0,,,
14-15,41933,0,,,
14-15,41934,2,2,,
14-15,41935,0,2,,
14-15,41936,0,2,,
14-15,41937,0,2,,
14-15,41938,0,2,,
14-15,41939,0,2,,
14-15,41940,3,5,,
14-15,41941,0,5,,
14-15,41942,0,5,,
14-15,41943,0,5,,
14-15,41944,0,5,,
14-15,41945,0,5,,
14-15,41946,2,7,,
14-15,41947,3,10,,
14-15,41948,0,10,,
14-15,41949,0,10,,
14-15,41950,0,10,18,49.795
14-15,41951,0,10,18,49.795
14-15,41952,0,10,18,49.795
14-15,41953,0,10,18,49.795
14-15,41954,6,16,18,49.795
14-15,41955,4,20,18,49.795
14-15,41956,9,29,18,49.795
14-15,41957,9,38,21,49.795
14-15,41958,3,41,21,103.73
14-15,41959,11,52,28,141.83
14-15,41960,0,52,25,141.83
14-15,41961,0,52,23,200.555
14-15,41962,0,52,22,112.78
14-15,41963,0,52,20,112.78
14-15,41964,0,52,20,112.78
14-15,41965,0,52,19,922.56
14-15,41966,5,57,23,922.56
14-15,41967,2,59,23,894.76
14-15,41968,2,61,24,894.76
14-15,41969,4,65,25,1000.14
14-15,41970,1,66,24,1000.14
14-15,41971,0,66,23,1053.55
14-15,41972,0,66,22,1062.05
14-15,41973,0,66,21,1062.05
14-15,41974,0,66,22,1032.85
14-15,41975,0,66,21,1033.35
14-15,41976,0,66,21,980.55
14-15,41977,0,66,20,983.05
14-15,41978,0,66,20,1319.775
14-15,41979,0,66,19,1319.775
14-15,41980,0,66,20,1351.025
14-15,41981,0,66,20,1641.625
14-15,41982,0,66,20,1635.625
14-15,41983,0,66,20,1609.575
14-15,41984,0,66,19,1609.575
14-15,41985,0,66,19,1583.775
14-15,41986,0,66,19,2111.715
14-15,41987,5,71,24,2111.715
14-15,41988,3,74,26,1598.715
14-15,41989,0,74,26,1589.715
14-15,41990,0,74,25,1627.765
14-15,41991,2,76,25,2140.765
14-15,41992,2,78,26,2140.765
14-15,41993,0,78,26,2165.34
14-15,41994,3,81,28,2249.64
14-15,41995,4,85,32,2249.64
14-15,41996,2,87,32,2283.24
14-15,41997,1,88,32,2283.24
14-15,41998,0,88,31,2369.9
14-15,41999,1,89,31,2369.9
14-15,42000,2,91,31,2422.5
14-15,42001,0,91,31,2422.5
14-15,42002,3,94,34,2526.5
14-15,42003,0,94,33,2526.5
14-15,42004,0,94,32,2742.02
14-15,42005,0,94,32,2967.6
14-15,42006,1,95,32,2967.6
14-15,42007,2,97,32,3046.5
14-15,42008,4,101,35,3046.5
14-15,42009,0,101,34,3036.5
14-15,42010,0,101,33,2987.2
14-15,42011,0,101,32,3016.4
14-15,42012,0,101,32,3016.4
14-15,42013,0,101,32,3016.4
14-15,42014,0,101,31,2836.35
14-15,42015,0,101,31,2846.35
14-15,42016,1,102,31,2846.35
14-15,42017,0,102,31,2846.35
14-15,42018,0,102,31,2846.35
14-15,42019,0,102,31,2846.35
14-15,42020,0,102,31,2846.35
14-15,42021,2,104,33,2872.55
14-15,42022,0,104,31,2872.55
14-15,42023,0,104,31,2872.55
14-15,42024,7,111,38,2872.55
14-15,42025,2,113,38,2896.05
14-15,42026,2,115,37,3093.75
14-15,42027,0,115,36,3093.75
14-15,42028,0,115,35,3093.75
14-15,42029,1,116,35,3093.75
14-15,42030,0,116,35,3114.75
14-15,42031,0,116,35,2953.35
14-15,42032,0,116,35,2953.35
14-15,42033,0,116,35,2953.35
14-15,42034,0,116,34,2953.35
14-15,42035,0,116,34,2953.35
14-15,42036,2,118,35,2953.35
14-15,42037,0,118,35,2937.25
14-15,42038,1,119,36,2937.25
14-15,42039,1,120,36,2937.25
14-15,42040,9,129,44,3132.95
14-15,42041,0,129,43,3132.95
14-15,42042,0,129,42,3148.05
14-15,42043,0,129,41,2953.35
14-15,42044,0,129,40,2953.35
14-15,42045,0,129,39,2953.35
14-15,42046,3,132,41,2953.35
14-15,42047,0,132,40,2953.35
14-15,42048,0,132,39,2953.35
14-15,42049,0,132,39,2953.35
14-15,42050,0,132,39,2953.35
14-15,42051,2,134,40,2953.35
14-15,42052,2,136,41,2953.35
14-15,42053,0,136,41,2953.35
14-15,42054,0,136,40,2953.35
14-15,42055,0,136,39,2953.35
14-15,42056,4,140,43,2953.35
14-15,42057,2,142,43,2953.35
14-15,42058,2,144,44,2953.35
14-15,42059,1,145,44,2953.35
14-15,42060,1,146,43,2953.35
14-15,42061,3,149,45,2953.35
14-15,42062,3,152,46,2953.35
14-15,42063,1,153,46,2953.35
14-15,42064,2,155,46,2953.35
14-15,42065,1,156,46,2953.35
14-15,42066,2,158,48,2953.35
14-15,42067,5,163,52,2953.35
14-15,42068,1,164,50,2953.35
14-15,42069,0,164,49,2953.35
14-15,42070,0,164,48,2953.35
14-15,42071,0,164,48,2953.35
14-15,42072,0,164,47,2953.35
14-15,42073,0,164,47,2953.35
14-15,42074,0,164,47,2953.35
14-15,42075,0,164,46,2953.35
14-15,42076,4,168,48,2953.35
14-15,42077,0,168,48,2953.35
14-15,42078,0,168,47,2953.35
14-15,42079,0,168,46,2953.35
14-15,42080,0,168,46,2953.35
14-15,42081,0,168,46,2953.35
14-15,42082,3,171,47,2953.35
14-15,42083,0,171,47,2327.35
14-15,42084,0,171,46,2327.35
14-15,42085,0,171,46,2326.35
14-15,42086,0,171,46,2326.35
14-15,42087,5,176,51,2326.35
14-15,42088,3,179,51,2326.35
14-15,42089,2,181,52,2326.35
14-15,42090,0,181,51,2326.35
14-15,42091,0,181,50,2326.35
14-15,42092,1,182,50,2326.35
14-15,42093,0,182,50,2326.35
14-15,42094,0,182,49,2326.35
14-15,42095,0,182,49,2326.35
14-15,42096,0,182,48,2326.35
14-15,42097,8,190,56,2317.15
14-15,42098,0,190,53,2317.15
14-15,42099,0,190,52,2326.35
14-15,42100,0,190,51,1569.05
14-15,42101,0,190,49,1543.95
14-15,42102,0,190,49,1497.69
14-15,42103,0,190,49,1497.69
14-15,42104,1,191,49,1495.39
14-15,42105,0,191,48,1495.39
14-15,42106,0,191,48,385.14
14-15,42107,0,191,48,385.14
15-16,42292,0,,,
15-16,42293,0,,,
15-16,42294,0,,,
15-16,42295,0,,,
15-16,42296,0,,,
15-16,42297,0,,,
15-16,42298,0,,,
15-16,42299,0,,,
15-16,42300,0,,,
15-16,42301,0,,,
15-16,42302,0,,,
15-16,42303,0,,,
15-16,42304,0,,,
15-16,42305,0,,,
15-16,42306,0,,,
15-16,42307,0,,,
15-16,42308,0,,,
15-16,42309,0,,,
15-16,42310,0,,,
15-16,42311,0,,,
15-16,42312,1,1,,
15-16,42313,0,1,,
15-16,42314,9,10,18,39.9
15-16,42315,0,10,18,39.9
15-16,42316,0,10,18,39.9
15-16,42317,0,10,18,39.9
15-16,42318,0,10,18,45.4
15-16,42319,3,13,18,58.225
15-16,42320,0,13,18,60.425
15-16,42321,1,14,18,60.425
15-16,42322,1,15,18,96.4
15-16,42323,0,15,18,96.4
15-16,42324,0,15,18,96.4
15-16,42325,0,15,18,96.4
15-16,42326,0,15,18,96.4
15-16,42327,8,23,18,96.4
15-16,42328,4,27,18,96.4
15-16,42329,4,31,18,750.215
15-16,42330,0,31,18,750.215
15-16,42331,0,31,18,750.215
15-16,42332,0,31,18,876.385
15-16,42333,8,39,18,926.17
15-16,42334,2,41,18,926.17
15-16,42335,0,41,18,1286.85
15-16,42336,0,41,18,1647.85
15-16,42337,0,41,18,1647.85
15-16,42338,0,41,18,1618.95
15-16,42339,7,48,20,2131.95
15-16,42340,9,57,23,2237.9
15-16,42341,9,66,31,2237.9
15-16,42342,1,67,28,2231.1
15-16,42343,8,75,32,2294.5
15-16,42344,0,75,29,2316
15-16,42345,0,75,28,2310.26
15-16,42346,0,75,26,2296.16
15-16,42347,0,75,25,2296.16
15-16,42348,0,75,24,2296.16
15-16,42349,1,76,24,2296.16
15-16,42350,0,76,23,2704.56
15-16,42351,2,78,24,2704.56
15-16,42352,3,81,27,2704.56
15-16,42353,0,81,26,2704.56
15-16,42354,0,81,25,2759
15-16,42355,0,81,25,2746.1
15-16,42356,0,81,24,2725.1
15-16,42357,0,81,24,2738
15-16,42358,1,82,24,2747.2
15-16,42359,0,82,24,2747.2
15-16,42360,0,82,23,2747.2
15-16,42361,1,83,23,2721.4
15-16,42362,0,83,23,2736.5
15-16,42363,0,83,23,2867.14
15-16,42364,0,83,23,2896.94
15-16,42365,12,95,33,2896.94
15-16,42366,0,95,30,2896.94
15-16,42367,9,104,38,2896.94
15-16,42368,3,107,36,2886.94
15-16,42369,2,109,35,2940.04
15-16,42370,1,110,33,2963.54
15-16,42371,0,110,33,2963.54
15-16,42372,0,110,32,2973.54
15-16,42373,3,113,34,2974
15-16,42374,2,115,35,2973.54
15-16,42375,7,122,38,2958.44
15-16,42376,4,126,40,3000.04
15-16,42377,1,127,38,3000.04
15-16,42378,1,128,37,3000.04
15-16,42379,0,128,36,3000.04
15-16,42380,0,128,35,3000.44
15-16,42381,0,128,35,3000.44
15-16,42382,0,128,35,3000.44
15-16,42383,1,129,34,3000.44
15-16,42384,0,129,34,3000.44
15-16,42385,0,129,33,3018.4
15-16,42386,0,129,33,3018.4
15-16,42387,0,129,33,3018.4
15-16,42388,0,129,33,3018
15-16,42389,0,129,33,3018
15-16,42390,1,130,33,3018.4
15-16,42391,2,132,34,3116.06
15-16,42392,2,134,34,3116.06
15-16,42393,2,136,36,3116.06
15-16,42394,0,136,36,3116.06
15-16,42395,0,136,36,3116.06
15-16,42396,0,136,34,3108
15-16,42397,0,136,34,3112.525
15-16,42398,4,140,38,3112.525
15-16,42399,3,143,38,3112.525
15-16,42400,2,145,39,3112.525
15-16,42401,6,151,42,3143.725
15-16,42402,2,153,42,3143.725
15-16,42403,1,154,41,3143.725
15-16,42404,5,159,45,3143.725
15-16,42405,1,160,44,3143.725
15-16,42406,0,160,42,3143.725
15-16,42407,0,160,41,3143.725
15-16,42408,1,161,41,3143.725
15-16,42409,1,162,41,3143.725
15-16,42410,0,162,40,3143.725
15-16,42411,0,162,39,3143.725
15-16,42412,0,162,38,3143.725
15-16,42413,2,164,39,3143.725
15-16,42414,9,173,47,3143.725
15-16,42415,3,176,46,3143.725
15-16,42416,6,182,49,3143.725
15-16,42417,2,184,49,3143.725
15-16,42418,1,185,49,3148.05
15-16,42419,1,186,48,3148.05
15-16,42420,1,187,48,3148.05
15-16,42421,0,187,47,3148.05
15-16,42422,0,187,46,3148.05
15-16,42423,0,187,46,3148.05
15-16,42424,0,187,46,3148.05
15-16,42425,0,187,45,3148.05
15-16,42426,0,187,44,3148.05
15-16,42427,0,187,44,3148.05
15-16,42428,0,187,43,3148.05
15-16,42429,4,191,47,3148.05
15-16,42430,6,197,50,3148.05
15-16,42431,0,197,49,3148.05
15-16,42432,0,197,49,2989.27
15-16,42433,3,200,51,2989.27
15-16,42434,0,200,50,2989.27
15-16,42435,0,200,49,2989.27
15-16,42436,0,200,48,2989.27
15-16,42437,3,203,50,2989.27
15-16,42438,0,203,49,2989.27
15-16,42439,0,203,48,2989.27
15-16,42440,0,203,48,2989.27
15-16,42441,0,203,47,2989.27
15-16,42442,0,203,47,2989.27
15-16,42443,0,203,46,2989.27
15-16,42444,1,204,47,2989.27
15-16,42445,0,204,46,2989.27
15-16,42446,3,207,49,3148.05
15-16,42447,0,207,48,3148.05
15-16,42448,0,207,47,3148.05
15-16,42449,0,207,46,3148.05
15-16,42450,0,207,46,3148.05
15-16,42451,4,211,49,3148.05
15-16,42452,0,211,48,3148.05
15-16,42453,2,213,50,3148.05
15-16,42454,0,213,50,3148
15-16,42455,0,213,49,3148.05
15-16,42456,3,216,51,3148.05
15-16,42457,0,216,50,3148.05
15-16,42458,14,230,62,3148.05
15-16,42459,7,237,64,3148.05
15-16,42460,7,244,66,3148.05
15-16,42461,9,253,69,3148.05
15-16,42462,2,255,66,3148.05
15-16,42463,0,255,63,3148.05
15-16,42464,0,255,62,3139
15-16,42465,0,255,60,3139.05
15-16,42466,5,260,64,3081.35
15-16,42467,6,266,67,2886.65
15-16,42468,1,267,65,2886.65
15-16,42469,8,275,70,1747.15
15-16,42470,1,276,68,1747.15
15-16,42471,0,276,67,417.9
15-16,42472,0,276,64,
15-16,42473,1,277,64,
15-16,42474,3,280,66,
15-16,42475,4,284,67,
15-16,42476,0,284,66,
15-16,42477,0,284,64,
15-16,42478,0,284,63,
15-16,42479,0,284,61,
15-16,42480,6,290,65,
15-16,42481,0,290,64,
15-16,42482,0,290,63,
15-16,42483,0,290,62,
15-16,42484,2,292,63,
16-17,42658,0,0,,
16-17,42659,0,0,,
16-17,42660,0,0,,
16-17,42661,0,0,,
16-17,42662,5,5,,
16-17,42663,0,5,,
16-17,42664,0,5,,
16-17,42665,0,5,,
16-17,42666,0,5,,
16-17,42667,0,5,,
16-17,42668,0,5,,
16-17,42669,0,5,,
16-17,42670,0,5,,
16-17,42671,0,5,,
16-17,42672,0,5,,
16-17,42673,0,5,,
16-17,42674,0,5,,
16-17,42675,0,5,,
16-17,42676,1,6,,
16-17,42677,2,8,,
16-17,42678,0,8,,
16-17,42679,0,8,,
16-17,42680,0,8,,
16-17,42681,0,8,,
16-17,42682,0,8,,
16-17,42683,0,8,,
16-17,42684,0,8,,
16-17,42685,0,8,,
16-17,42686,0,8,,
16-17,42687,0,8,,
16-17,42688,1,9,,
16-17,42689,0,9,,
16-17,42690,0,9,,
16-17,42691,0,9,,
16-17,42692,5,14,6,44
16-17,42693,0,14,5,44
16-17,42694,0,14,4,44
16-17,42695,0,14,4,44
16-17,42696,1,15,4,44
16-17,42697,3,18,7,44
16-17,42698,1,19,7,44
16-17,42699,0,19,6,73
16-17,42700,0,19,6,80
16-17,42701,0,19,5,80
16-17,42702,6,25,11,80
16-17,42703,2,27,11,80
16-17,42704,1,28,10,80
16-17,42705,0,28,10,80
16-17,42706,0,28,9,80
16-17,42707,0,28,9,153
16-17,42708,1,29,10,153
16-17,42709,0,29,10,162
16-17,42710,6,35,15,162
16-17,42711,5,40,17,162
16-17,42712,1,41,16,162
16-17,42713,9,50,24,162
16-17,42714,2,52,22,256
16-17,42715,12,64,32,271
16-17,42716,4,68,32,363
16-17,42717,0,68,30,363
16-17,42718,1,69,28,363
16-17,42719,8,77,33,973
16-17,42720,0,77,30,973
16-17,42721,17,94,43,1429
16-17,42722,1,95,40,1515
16-17,42723,0,95,38,1552
16-17,42724,0,95,36,2607
16-17,42725,0,95,34,2616
16-17,42726,0,95,32,2616
16-17,42727,4,99,34,2890
16-17,42728,2,101,35,3018
16-17,42729,2,103,35,3018
16-17,42730,4,107,37,3018
16-17,42731,1,108,37,3018
16-17,42732,1,109,34,2993
16-17,42733,0,109,33,2983
16-17,42734,0,109,32,3012
16-17,42735,0,109,31,3009
16-17,42736,0,109,31,3017
16-17,42737,0,109,30,2988
16-17,42738,0,109,30,2987
16-17,42739,3,112,33,2987
16-17,42740,11,123,42,2961
16-17,42741,6,129,44,2961
16-17,42742,0,129,43,2971
16-17,42743,3,132,44,2984
16-17,42744,9,141,50,2958
16-17,42745,16,157,61,2941
16-17,42746,4,161,59,2941
16-17,42747,6,167,61,2941
16-17,42748,0,167,58,2983
16-17,42749,0,167,57,3050
16-17,42750,2,169,55,3050
16-17,42751,2,171,54,3055
16-17,42752,1,172,53,3055
16-17,42753,0,172,52,3055
16-17,42754,0,172,51,3060
16-17,42755,2,174,51,3060
16-17,42756,3,177,53,3087
16-17,42757,2,179,52,3087
16-17,42758,3,182,53,3087
16-17,42759,6,188,56,3087
16-17,42760,2,190,56,3087
16-17,42761,1,191,54,3087
16-17,42762,0,191,53,3087
16-17,42763,0,191,53,3087
16-17,42764,0,191,52,3087
16-17,42765,0,191,51,3087
16-17,42766,0,191,50,3087
16-17,42767,0,191,50,3087
16-17,42768,0,191,49,3087
16-17,42769,2,193,49,3087
16-17,42770,1,194,49,3087
16-17,42771,1,195,49,3087
16-17,42772,0,195,49,3087
16-17,42773,1,196,49,3087
16-17,42774,6,202,54,3087
16-17,42775,3,205,55,3087
16-17,42776,0,205,53,3087
16-17,42777,0,205,52,2968
16-17,42778,2,207,52,3087
16-17,42779,0,207,52,3087
16-17,42780,0,207,51,3087
16-17,42781,0,207,50,3087
16-17,42782,0,207,50,3087
16-17,42783,0,207,50,3087
16-17,42784,0,207,49,3087
16-17,42785,0,207,49,3087
16-17,42786,3,210,51,3087
16-17,42787,0,210,51,3087
16-17,42788,0,210,50,3087
16-17,42789,0,210,50,3087
16-17,42790,3,213,52,3087
16-17,42791,3,216,53,3087
16-17,42792,1,217,52,3087
16-17,42793,0,217,51,3087
16-17,42794,2,219,53,3087
16-17,42795,2,221,54,3087
16-17,42796,0,221,53,3087
16-17,42797,0,221,53,3087
16-17,42798,0,221,53,3087
16-17,42799,0,221,52,3087
16-17,42800,0,221,52,3087
16-17,42801,3,224,53,3087
16-17,42802,1,225,53,3087
16-17,42803,0,225,52,3087
16-17,42804,0,225,51,3087
16-17,42805,0,225,51,3087
16-17,42806,1,226,52,3087
16-17,42807,1,227,52,3087
16-17,42808,0,227,51,3087
16-17,42809,0,227,51,3087
16-17,42810,0,227,50,3087
16-17,42811,0,227,50,3087
16-17,42812,0,227,50,3087
16-17,42813,0,227,49,3087
16-17,42814,0,227,49,3085
16-17,42815,0,227,49,3085
16-17,42816,0,227,48,3085
16-17,42817,0,227,48,3085
16-17,42818,3,230,50,3085
16-17,42819,1,231,50,3085
16-17,42820,5,236,53,3085
16-17,42821,0,236,53,3085
16-17,42822,2,238,54,3085
16-17,42823,8,246,60,3085
16-17,42824,1,247,60,3085
16-17,42825,2,249,58,3085
16-17,42826,2,251,58,3085
16-17,42827,3,254,60,3085
16-17,42828,3,257,62,3076
16-17,42829,1,258,62,3018
16-17,42830,8,266,67,3018
16-17,42831,0,266,65,3018
16-17,42832,0,266,62,3017
16-17,42833,0,266,60,3017
16-17,42834,0,266,59,3017
16-17,42835,2,268,61,3016
16-17,42836,0,268,60,3016
16-17,42837,0,268,59,3011
16-17,42838,0,268,58,3011
16-17,42839,0,268,57,2877
16-17,42840,0,268,57,1738
16-17,42841,0,268,56,
17-18,43023,0,0,,
17-18,43024,0,0,,
17-18,43025,0,0,,
17-18,43026,0,0,,
17-18,43027,0,0,,
17-18,43028,3,3,,
17-18,43029,0,3,,
17-18,43030,0,3,,
17-18,43031,0,3,,
17-18,43032,0,3,,
17-18,43033,0,3,,
17-18,43034,0,3,,
17-18,43035,1,4,,
17-18,43036,0,4,,
17-18,43037,0,4,,
17-18,43038,0,4,,
17-18,43039,2,6,,
17-18,43040,0,6,,
17-18,43041,0,6,,
17-18,43042,0,6,,
17-18,43043,0,6,,
17-18,43044,2,8,,
17-18,43045,1,9,,
17-18,43046,1,10,,
17-18,43047,3,13,,
17-18,43048,0,13,,
17-18,43049,0,13,13,44
17-18,43050,0,13,12,44
17-18,43051,0,13,12,44
17-18,43052,0,13,11,44
17-18,43053,0,13,11,44
17-18,43054,0,13,11,44
17-18,43055,0,13,11,44
17-18,43056,0,13,10,44
17-18,43057,8,21,18,87
17-18,43058,0,21,18,87
17-18,43059,0,21,18,87
17-18,43060,3,24,20,87
17-18,43061,1,25,19,104
17-18,43062,1,26,19,104
17-18,43063,0,26,18,107
17-18,43064,0,26,18,107
17-18,43065,0,26,18,107
17-18,43066,0,26,17,107
17-18,43067,0,26,17,107
17-18,43068,0,26,17,107
17-18,43069,0,26,17,107
17-18,43070,0,26,17,138
17-18,43071,0,26,17,140
17-18,43072,0,26,16,140
17-18,43073,3,29,20,138
17-18,43074,2,31,20,138
17-18,43075,0,31,20,139
17-18,43076,1,32,20,139
17-18,43077,4,36,22,536
17-18,43078,0,36,22,208
17-18,43079,0,36,21,208
17-18,43080,0,36,21,221
17-18,43081,0,36,21,221
17-18,43082,0,36,21,221
17-18,43083,4,40,24,237
17-18,43084,1,41,24,283
17-18,43085,0,41,24,302
17-18,43086,0,41,22,303
17-18,43087,0,41,22,303
17-18,43088,0,41,22,303
17-18,43089,0,41,22,303
17-18,43090,0,41,21,303
17-18,43091,4,45,24,377
17-18,43092,3,48,25,377
17-18,43093,6,54,30,820
17-18,43094,6,60,33,860
17-18,43095,10,70,39,1108
17-18,43096,0,70,38,1122
17-18,43097,0,70,35,1269
17-18,43098,0,70,35,1440
17-18,43099,0,70,33,1420
17-18,43100,0,70,32,1406
17-18,43101,0,70,31,1420
17-18,43102,0,70,31,1420
17-18,43103,0,70,30,1419
17-18,43104,0,70,30,1419
17-18,43105,0,70,29,1804
17-18,43106,0,70,29,1829
17-18,43107,4,74,32,1829
17-18,43108,0,74,31,1826
17-18,43109,0,74,30,1826
17-18,43110,0,74,30,1826
17-18,43111,4,78,33,1826
17-18,43112,1,79,33,1820
17-18,43113,3,82,35,1891
17-18,43114,1,83,34,1891
17-18,43115,0,83,34,2169
17-18,43116,0,83,33,2169
17-18,43117,0,83,33,2167
17-18,43118,0,83,33,2167
17-18,43119,0,83,33,2195
17-18,43120,0,83,32,2239
17-18,43121,7,90,38,2245
17-18,43122,5,95,40,2804
17-18,43123,1,96,40,2804
17-18,43124,0,96,39,2816
17-18,43125,0,96,38,2816
17-18,43126,2,98,39,2843
17-18,43127,3,101,41,2860
17-18,43128,0,101,40,2860
17-18,43129,0,101,38,2860
17-18,43130,0,101,38,2860
17-18,43131,0,101,37,2867
17-18,43132,0,101,37,2867
17-18,43133,2,103,38,2867
17-18,43134,1,104,38,2867
17-18,43135,2,106,40,2867
17-18,43136,1,107,40,2867
17-18,43137,15,122,54,2955
17-18,43138,3,125,51,3060
17-18,43139,0,125,50,3060
17-18,43140,0,125,48,3060
17-18,43141,1,126,47,3060
17-18,43142,7,133,51,3060
17-18,43143,0,133,50,3149
17-18,43144,0,133,49,3149
17-18,43145,0,133,47,3149
17-18,43146,2,135,48,3149
17-18,43147,4,139,50,3149
17-18,43148,0,139,49,3149
17-18,43149,0,139,48,3149
17-18,43150,0,139,47,3149
17-18,43151,4,143,51,3149
17-18,43152,1,144,49,3149
17-18,43153,0,144,49,3149
17-18,43154,2,146,49,3149
17-18,43155,3,149,51,3149
17-18,43156,1,150,50,3149
17-18,43157,1,151,50,3149
17-18,43158,0,151,49,3149
17-18,43159,0,151,48,3149
17-18,43160,0,151,48,3149
17-18,43161,0,151,47,3149
17-18,43162,0,151,47,3149
17-18,43163,0,151,46,3149
17-18,43164,2,153,47,3149
17-18,43165,3,156,49,3149
17-18,43166,0,156,48,3149
17-18,43167,0,156,48,3149
17-18,43168,0,156,47,3149
17-18,43169,2,158,48,3149
17-18,43170,2,160,49,3149
17-18,43171,0,160,48,3149
17-18,43172,0,160,47,3149
17-18,43173,0,160,47,3134
17-18,43174,0,160,47,3134
17-18,43175,4,164,50,3134
17-18,43176,1,165,50,3134
17-18,43177,0,165,49,3134
17-18,43178,4,169,52,3134
17-18,43179,3,172,53,3134
17-18,43180,3,175,54,3134
17-18,43181,0,175,52,3134
17-18,43182,0,175,50,3134
17-18,43183,6,181,55,3134
17-18,43184,0,181,54,3134
17-18,43185,0,181,53,3134
17-18,43186,3,184,54,3134
17-18,43187,0,184,53,3134
17-18,43188,5,189,57,3134
17-18,43189,2,191,57,3134
17-18,43190,0,191,55,3134
17-18,43191,0,191,54,3125
17-18,43192,0,191,55,3125
17-18,43193,2,193,56,3124
17-18,43194,0,193,54,3108
17-18,43195,0,193,54,2929
17-18,43196,1,194,54,2886
17-18,43197,15,209,68,1762
17-18,43198,9,218,74,429
17-18,43199,6,224,73,0
17-18,43200,2,226,73,0
17-18,43201,0,226,73,0
17-18,43202,0,226,73,0
17-18,43203,2,228,73,0
17-18,43204,2,230,69,0
17-18,43205,3,233,72,
17-18,43206,,276,,
17-18,43207,,276,,
17-18,43208,,276,,
17-18,43209,,276,,
17-18,43210,,276,,
17-18,43211,,276,,
17-18,43212,,276,,
17-18,43213,,276,,
17-18,43214,,276,,
17-18,43215,,276,,
17-18,43216,,276,,
17-18,43217,,276,,
17-18,43218,,276,,
17-18,43219,,276,,
18-19,43388,9,9,,
18-19,43389,0,9,,
18-19,43390,0,9,,
18-19,43391,0,9,,
18-19,43392,2,11,,
18-19,43393,0,11,,
18-19,43394,0,11,,
18-19,43395,0,11,,
18-19,43396,0,11,,
18-19,43397,0,11,,
18-19,43398,0,11,,
18-19,43399,0,11,,
18-19,43400,0,11,,
18-19,43401,0,11,,
18-19,43402,0,11,,
18-19,43403,0,11,,
18-19,43404,4,15,,
18-19,43405,2,17,,
18-19,43406,1,18,,
18-19,43407,3,21,,
18-19,43408,4,25,,
18-19,43409,6,31,,
18-19,43410,6,37,,
18-19,43411,1,38,,44
18-19,43412,0,38,,44
18-19,43413,0,38,21,85
18-19,43414,0,38,20,85
18-19,43415,0,38,20,85
18-19,43416,1,39,20,98
18-19,43417,0,39,20,98
18-19,43418,0,39,19,115
18-19,43419,0,39,19,115
18-19,43420,0,39,19,150
18-19,43421,0,39,18,310
18-19,43422,4,43,21,310
18-19,43423,0,43,20,544
18-19,43424,0,43,20,546
18-19,43425,0,43,20,546
18-19,43426,0,43,19,546
18-19,43427,4,47,23,632
18-19,43428,5,52,26,990
18-19,43429,7,59,31,1046
18-19,43430,0,59,30,1111
18-19,43431,0,59,28,1239
18-19,43432,0,59,27,1572
18-19,43433,2,61,27,1572
18-19,43434,3,64,29,1708
18-19,43435,2,66,30,1708
18-19,43436,0,66,30,1721
18-19,43437,0,66,29,2271
18-19,43438,1,67,29,1385
18-19,43439,0,67,29,2549
18-19,43440,2,69,29,2557
18-19,43441,3,72,31,2622
18-19,43442,1,73,30,2631
18-19,43443,1,74,31,2631
18-19,43444,0,74,31,2624
18-19,43445,0,74,29,2623
18-19,43446,0,74,29,2609
18-19,43447,2,76,31,2609
18-19,43448,0,76,30,2707
18-19,43449,0,76,29,2709
18-19,43450,0,76,29,2700
18-19,43451,0,76,28,2740
18-19,43452,0,76,28,2740
18-19,43453,1,77,28,2740
18-19,43454,1,78,29,2753
18-19,43455,0,78,28,2753
18-19,43456,1,79,29,2769
18-19,43457,4,83,33,2769
18-19,43458,0,83,32,2812
18-19,43459,2,85,33,2812
18-19,43460,0,85,32,2861
18-19,43461,2,87,32,2887
18-19,43462,0,87,32,2887
18-19,43463,0,87,31,2916
18-19,43464,0,87,31,2916
18-19,43465,0,87,31,2929
18-19,43466,0,87,31,2929
18-19,43467,0,87,31,2929
18-19,43468,0,87,30,2929
18-19,43469,0,87,30,2925
18-19,43470,0,87,29,2925
18-19,43471,0,87,29,2925
18-19,43472,2,89,31,2925
18-19,43473,2,91,33,2925
18-19,43474,0,91,32,2925
18-19,43475,0,91,31,2925
18-19,43476,4,95,34,2925
18-19,43477,4,99,37,2925
18-19,43478,0,99,37,2982
18-19,43479,0,99,36,2986
18-19,43480,0,99,36,2986
18-19,43481,0,99,36,2986
18-19,43482,5,104,40,2986
18-19,43483,4,108,42,3125
18-19,43484,3,111,43,3125
18-19,43485,1,112,43,3125
18-19,43486,0,112,41,3121
18-19,43487,5,117,45,3121
18-19,43488,1,118,43,3121
18-19,43489,5,123,46,3121
18-19,43490,5,128,48,3121
18-19,43491,2,130,47,3141
18-19,43492,1,131,47,3141
18-19,43493,2,133,47,3141
18-19,43494,2,135,47,3141
18-19,43495,0,135,45,3141
18-19,43496,0,135,43,3141
18-19,43497,0,135,43,3141
18-19,43498,0,135,42,3141
18-19,43499,0,135,42,3141
18-19,43500,0,135,42,3141
18-19,43501,0,135,42,3141
18-19,43502,0,135,41,3141
18-19,43503,6,141,47,3141
18-19,43504,1,142,46,3141
18-19,43505,0,142,44,3141
18-19,43506,0,142,44,3141
18-19,43507,0,142,43,3141
18-19,43508,0,142,43,3149
18-19,43509,0,142,43,3149
18-19,43510,6,148,48,3149
18-19,43511,2,150,50,3149
18-19,43512,1,151,49,3149
18-19,43513,2,153,51,3149
18-19,43514,0,153,51,3149
18-19,43515,0,153,51,3149
18-19,43516,2,155,50,3149
18-19,43517,0,155,48,3149
18-19,43518,0,155,48,3149
18-19,43519,5,160,53,3149
18-19,43520,1,161,53,3149
18-19,43521,0,161,52,3149
18-19,43522,0,161,51,3149
18-19,43523,0,161,50,3149
18-19,43524,1,162,50,3149
18-19,43525,5,167,53,3149
18-19,43526,6,173,56,3149
18-19,43527,12,185,66,3149
18-19,43528,12,197,72,3149
18-19,43529,2,199,70,3149
18-19,43530,1,200,67,3149
18-19,43531,17,217,79,3149
18-19,43532,9,226,79,3149
18-19,43533,6,232,81,3149
18-19,43534,0,232,79,3149
18-19,43535,0,232,77,3149
18-19,43536,2,234,77,3149
18-19,43537,3,237,76,3149
18-19,43538,9,246,82,3149
18-19,43539,1,247,79,3149
18-19,43540,0,247,78,3149
18-19,43541,0,247,75,3149
18-19,43542,0,247,74,3149
18-19,43543,1,248,75,3149
18-19,43544,0,248,74,3149
18-19,43545,0,248,72,3149
18-19,43546,1,249,72,3149
18-19,43547,1,250,72,3149
18-19,43548,0,250,72,3149
18-19,43549,3,253,74,3149
18-19,43550,0,253,72,3149
18-19,43551,0,253,71,3149
18-19,43552,0,253,70,3149
18-19,43553,0,253,69,3149
18-19,43554,3,256,71,3149
18-19,43555,0,256,71,3140
18-19,43556,0,256,69,3140
18-19,43557,1,257,70,3140
18-19,43558,2,259,71,3083
18-19,43559,1,260,71,3083
18-19,43560,0,260,70,3083
18-19,43561,0,260,68,3083
18-19,43562,1,261,69,435
18-19,43563,0,261,69,
18-19,43564,0,261,69,
18-19,43565,0,261,69,
18-19,43566,6,267,69,
18-19,43567,3,270,69,
18-19,43568,2,272,69,
18-19,43569,1,273,69,
18-19,43570,0,273,69,
18-19,43571,,276,,
18-19,43572,,276,,
18-19,43573,,276,,
18-19,43574,,276,,
18-19,43575,,276,,
18-19,43576,,276,,
18-19,43577,,276,,
18-19,43578,,276,,
18-19,43579,,276,,
18-19,43580,,276,,
18-19,43581,,276,,
18-19,43582,,276,,
18-19,43583,,276,,
18-19,43584,,276,,
18-19,43585,,276,,
19-20,43750,0,8,4,44
19-20,43751,0,8,4,44
19-20,43752,0,8,4,44
19-20,43753,0,8,4,44
19-20,43754,0,8,3,44
19-20,43755,0,8,3,44
19-20,43756,0,8,2,44
19-20,43757,2,10,4,44
19-20,43758,4,14,7,44
19-20,43759,6,20,12,44
19-20,43760,6,26,14,44
19-20,43761,1,27,12,50
19-20,43762,7,34,17,50
19-20,43763,0,34,14,86
19-20,43764,0,34,13,86
19-20,43765,0,34,12,86
19-20,43766,6,40,17,86
19-20,43767,2,42,16,86
19-20,43768,2,44,16,86
19-20,43769,0,44,15,86
19-20,43770,0,44,14,148
19-20,43771,0,44,14,153
19-20,43772,0,44,14,153
19-20,43773,0,44,13,151
19-20,43774,0,44,13,151
19-20,43775,0,44,13,151
19-20,43776,0,44,13,151
19-20,43777,0,44,12,151
19-20,43778,0,44,12,201
19-20,43779,0,44,12,201
19-20,43780,0,44,12,201
19-20,43781,0,44,12,201
19-20,43782,0,44,12,201
19-20,43783,0,44,12,201
19-20,43784,0,44,12,201
19-20,43785,0,44,12,215
19-20,43786,1,45,13,230
19-20,43787,0,45,13,230
19-20,43788,0,45,13,230
19-20,43789,0,45,13,230
19-20,43790,4,49,15,230
19-20,43791,4,53,18,230
19-20,43792,2,55,19,266
19-20,43793,0,55,19,266
19-20,43794,0,55,18,614
19-20,43795,2,57,19,636
19-20,43796,1,58,18,671
19-20,43797,0,58,18,671
19-20,43798,0,58,17,671
19-20,43799,4,62,21,339
19-20,43800,2,64,22,339
19-20,43801,0,64,22,339
19-20,43802,0,64,20,350
19-20,43803,2,66,21,350
19-20,43804,0,66,21,363
19-20,43805,4,70,23,408
19-20,43806,0,70,22,675
19-20,43807,1,71,22,675
19-20,43808,5,76,27,675
19-20,43809,5,81,31,689
19-20,43810,0,81,30,685
19-20,43811,0,81,27,685
19-20,43812,6,87,30,724
19-20,43813,6,93,33,1481
19-20,43814,11,104,41,1517
19-20,43815,0,104,38,1517
19-20,43816,0,104,38,2030
19-20,43817,0,104,36,2030
19-20,43818,0,104,35,2457
19-20,43819,0,104,34,2467
19-20,43820,0,104,32,2801
19-20,43821,0,104,31,2801
19-20,43822,0,104,30,2801
19-20,43823,0,104,30,2802
19-20,43824,0,104,30,2850
19-20,43825,2,106,32,2867
19-20,43826,0,106,31,2867
19-20,43827,2,108,32,2880
19-20,43828,2,110,33,2888
19-20,43829,0,110,32,2901
19-20,43830,0,110,32,2902
19-20,43831,0,110,32,2902
19-20,43832,7,117,38,2902
19-20,43833,1,118,37,2902
19-20,43834,0,118,35,2908
19-20,43835,0,118,35,2965
19-20,43836,3,121,36,2965
19-20,43837,0,121,36,2965
19-20,43838,0,121,35,2965
19-20,43839,1,122,35,2965
19-20,43840,2,124,37,2980
19-20,43841,0,124,36,2990
19-20,43842,4,128,38,2990
19-20,43843,1,129,36,2990
19-20,43844,2,131,38,2990
19-20,43845,0,131,37,2990
19-20,43846,0,131,36,2990
19-20,43847,0,131,36,2990
19-20,43848,4,135,38,2990
19-20,43849,0,135,38,2990
19-20,43850,0,135,37,3011
19-20,43851,0,135,37,3011
19-20,43852,2,137,37,3011
19-20,43853,6,143,43,3011
19-20,43854,3,146,41,3011
19-20,43855,1,147,42,3011
19-20,43856,2,149,42,3011
19-20,43857,0,149,40,3011
19-20,43858,2,151,41,3133
19-20,43859,0,151,41,3133
19-20,43860,1,152,40,3133
19-20,43861,2,154,41,3137
19-20,43862,0,154,39,3137
19-20,43863,0,154,39,3137
19-20,43864,0,154,38,3137
19-20,43865,3,157,41,3137
19-20,43866,1,158,41,3137
19-20,43867,1,159,41,3137
19-20,43868,11,170,52,3137
19-20,43869,4,174,55,3137
19-20,43870,6,180,57,3137
19-20,43871,6,186,58,3137
19-20,43872,4,190,61,3137
19-20,43873,0,190,56,3137
19-20,43874,2,192,57,3137
19-20,43875,2,194,57,3137
19-20,43876,0,194,55,3149
19-20,43877,2,196,56,3149
19-20,43878,5,201,57,3149
19-20,43879,3,204,60,3149
19-20,43880,0,204,57,3149
19-20,43881,2,206,58,3149
19-20,43882,0,206,56,3149
19-20,43883,0,206,55,3149
19-20,43884,1,207,56,3149
19-20,43885,6,213,60,3149
19-20,43886,4,217,63,3149
19-20,43887,0,217,59,3149
19-20,43888,1,218,59,3149
19-20,43889,0,218,57,3149
19-20,43890,0,218,56,3149
19-20,43891,0,218,56,3149
19-20,43892,3,221,57,3149
19-20,43893,4,225,59,3149
19-20,43894,0,225,57,3149
19-20,43895,0,225,56,3149
19-20,43896,0,225,55,3149
19-20,43897,0,225,55,3149
19-20,43898,0,225,54,3149
19-20,43899,2,227,56,3149
19-20,43900,1,228,55,3149
19-20,43901,1,229,54,3149
19-20,43902,0,229,54,3149
19-20,43903,0,229,54,3149
19-20,43904,3,232,57,3149
19-20,43905,0,232,56,
19-20,43906,0,232,55,
19-20,43907,0,232,55,
19-20,43908,0,232,54,
19-20,43909,0,232,54,
19-20,43910,8,240,60,
19-20,43911,4,244,59,
19-20,43912,3,247,59,
19-20,43913,2,249,59,
19-20,43914,5,254,61,
19-20,43915,0,254,59,
19-20,43916,0,254,58,
19-20,43917,0,254,57,
19-20,43918,4,258,61,
19-20,43919,0,258,60,
19-20,43920,0,258,60,
19-20,43921,2,260,59,
19-20,43922,0,260,57,
19-20,43923,0,260,56,
19-20,43924,3,263,60,
19-20,43925,1,264,56,
19-20,43926,0,264,56,
19-20,43927,0,264,54,
19-20,43928,0,264,54,
19-20,43929,0,264,52,
19-20,43930,0,264,51,
19-20,43931,3,267,51,
19-20,43932,0,267,50,
19-20,43933,3,270,53,
19-20,43934,2,272,60,
19-20,43935,1,273,59,
19-20,43936,3,276,58,
19-20,43937,,276,,
19-20,43938,,276,,
19-20,43939,,276,,
19-20,43940,,276,,
19-20,43941,,276,,
19-20,43942,,276,,
19-20,43943,,276,,
19-20,43944,,276,,
19-20,43945,,276,,
19-20,43946,,276,,
19-20,43947,,276,,
19-20,43948,,276,,
19-20,43949,,276,,
19-20,43950,,276,,
19-20,43951,,276,,
20-21,44119,0,0,,
20-21,44120,0,0,,
20-21,44121,0,0,,
20-21,44122,0,0,,
20-21,44123,0,0,,
20-21,44124,0,0,,
20-21,44125,0,0,,
20-21,44126,0,0,,
20-21,44127,0,0,,
20-21,44128,0,0,,
20-21,44129,0,0,,
20-21,44130,9,9,,
20-21,44131,1,10,,
20-21,44132,0,10,,
20-21,44133,0,10,,
20-21,44134,0,10,,
20-21,44135,0,10,,
20-21,44136,0,10,,
20-21,44137,0,10,,
20-21,44138,0,10,,
20-21,44139,0,10,,
20-21,44140,0,10,,
20-21,44141,0,10,3,60
20-21,44142,0,10,3,60
20-21,44143,4,14,7,60
20-21,44144,1,15,7,60
20-21,44145,7,22,13,60
20-21,44146,1,23,14,60
20-21,44147,3,26,13,60
20-21,44148,1,27,12,82
20-21,44149,2,29,12,82
20-21,44150,4,33,15,82
20-21,44151,0,33,13,84
20-21,44152,0,33,12,85.3
20-21,44153,0,33,12,85.3
20-21,44154,0,33,11,134
20-21,44155,0,33,11,146
20-21,44156,0,33,11,146
20-21,44157,0,33,11,149
20-21,44158,1,34,11,149
20-21,44159,10,44,20,149
20-21,44160,5,49,25,149
20-21,44161,0,49,23,172
20-21,44162,1,50,23,181
20-21,44163,0,50,22,181
20-21,44164,0,50,21,216
20-21,44165,0,50,20,216
20-21,44166,0,50,18,236
20-21,44167,3,53,21,225
20-21,44168,0,53,20,251
20-21,44169,0,53,20,272
20-21,44170,0,53,19,279
20-21,44171,0,53,19,288
20-21,44172,0,53,18,288
20-21,44173,0,53,18,288
20-21,44174,0,53,18,288
20-21,44175,0,53,18,288
20-21,44176,2,55,19,314
20-21,44177,4,59,22,314
20-21,44178,3,62,23,314
20-21,44179,0,62,22,358
20-21,44180,5,67,25,383
20-21,44181,2,69,26,759
20-21,44182,2,71,25,759
20-21,44183,0,71,25,768
20-21,44184,3,74,27,1053
20-21,44185,1,75,26,1053
20-21,44186,0,75,25,1053
20-21,44187,0,75,24,1075
20-21,44188,2,77,26,1091
20-21,44189,0,77,25,1091
20-21,44190,0,77,24,1245
20-21,44191,0,77,24,1541
20-21,44192,3,80,26,1541
20-21,44193,0,80,24,1541
20-21,44194,3,83,27,1541
20-21,44195,1,84,28,1722
20-21,44196,0,84,27,1722
20-21,44197,0,84,26,1735
20-21,44198,0,84,25,1826
20-21,44199,0,84,25,1826
20-21,44200,7,91,32,1826
20-21,44201,0,91,31,1826
20-21,44202,3,94,33,1826
20-21,44203,0,94,32,1826
20-21,44204,0,94,30,2317
20-21,44205,0,94,29,2317
20-21,44206,0,94,29,2317
20-21,44207,0,94,28,2317
20-21,44208,0,94,27,2317
20-21,44209,0,94,27,2327
20-21,44210,2,96,28,2337
20-21,44211,0,96,28,2361
20-21,44212,0,96,27,2361
20-21,44213,0,96,27,2369
20-21,44214,2,98,29,2371
20-21,44215,4,102,33,2884
20-21,44216,0,102,33,2920
20-21,44217,1,103,32,2920
20-21,44218,1,104,31,2920
20-21,44219,0,104,30,2922
20-21,44220,0,104,30,2928
20-21,44221,1,105,30,2928
20-21,44222,1,106,31,2939
20-21,44223,2,108,33,2939
20-21,44224,0,108,31,2939
20-21,44225,0,108,31,2939
20-21,44226,0,108,30,2939
20-21,44227,2,110,31,2939
20-21,44228,0,110,31,2939
20-21,44229,0,110,31,2939
20-21,44230,0,110,31,2939
20-21,44231,11,121,40,2939
20-21,44232,2,123,40,2939
20-21,44233,3,126,41,2939
20-21,44234,2,128,41,2939
20-21,44235,0,128,39,2954
20-21,44236,0,128,38,2954
20-21,44237,1,129,39,2954
20-21,44238,1,130,38,2954
20-21,44239,0,130,37,2954
20-21,44240,5,135,41,2954
20-21,44241,0,135,41,2970
20-21,44242,1,136,40,2970
20-21,44243,1,137,41,3049
20-21,44244,2,139,42,3049
20-21,44245,2,141,40,3049
20-21,44246,0,141,40,3049
20-21,44247,0,141,39,3049
20-21,44248,2,143,40,3049
20-21,44249,1,144,41,3049
20-21,44250,1,145,41,3049
20-21,44251,2,147,42,3049
20-21,44252,1,148,42,3049
20-21,44253,0,148,40,3049
20-21,44254,0,148,40,3049
20-21,44255,2,150,41,3049
20-21,44256,0,150,40,3049
20-21,44257,0,150,40,3049
20-21,44258,0,150,40,3049
20-21,44259,0,150,38,3049
20-21,44260,5,155,43,3049
20-21,44261,0,155,42,3049
20-21,44262,0,155,42,3049
20-21,44263,0,155,40,3049
20-21,44264,0,155,40,3049
20-21,44265,4,159,44,3049
20-21,44266,1,160,43,3049
20-21,44267,0,160,42,3049
20-21,44268,0,160,42,3049
20-21,44269,6,166,45,3049
20-21,44270,6,172,48,3049
20-21,44271,2,174,49,3049
20-21,44272,7,181,55,3049
20-21,44273,1,182,52,3049
20-21,44274,0,182,51,3049
20-21,44275,0,182,50,3049
20-21,44276,3,185,52,3049
20-21,44277,4,189,53,3149
20-21,44278,3,192,54,3149
20-21,44279,4,196,57,3149
20-21,44280,5,201,59,3149
20-21,44281,0,201,58,3149
20-21,44282,3,204,57,3149
20-21,44283,0,204,56,3140
20-21,44284,0,204,55,3140
20-21,44285,6,210,58,3140
20-21,44286,1,211,58,3140
20-21,44287,0,211,56,3040
20-21,44288,0,211,54,3040
20-21,44289,0,211,53,3021
20-21,44290,0,211,52,2942
20-21,44291,0,211,50,2909
20-21,44292,0,211,49,2907
20-21,44293,1,212,49,2907
20-21,44294,0,212,49,1755
20-21,44295,0,212,49,1755
20-21,44296,0,212,49,1738
20-21,44297,0,212,49,452
20-21,44298,0,212,49,
20-21,44299,1,213,49,
20-21,44300,1,214,49,
20-21,44301,1,215,49,
20-21,44302,,215,,
20-21,44303,,215,,
20-21,44304,,215,,
20-21,44305,,215,,
20-21,44306,,215,,
20-21,44307,,215,,
20-21,44308,,215,,
20-21,44309,,215,,
20-21,44310,,215,,
20-21,44311,,215,,
20-21,44312,,215,,
20-21,44313,,215,,
20-21,44314,,215,,
20-21,44315,,215,,
20-21,44316,,215,,
21-22,44484,4,4,8,0
21-22,44485,0,4,8,0
21-22,44486,0,4,7,0
21-22,44487,0,4,7,0
21-22,44488,0,4,7,0
21-22,44489,2,6,7,0
21-22,44490,0,6,7,0
21-22,44491,0,6,6,44
21-22,44492,0,6,6,44
21-22,44493,1,7,6,44
21-22,44494,1,8,6,44
21-22,44495,0,8,6,44
21-22,44496,4,12,10,44
21-22,44497,0,12,10,44
21-22,44498,0,12,8,44
21-22,44499,0,12,8,44
21-22,44500,0,12,8,44
21-22,44501,3,15,11,44
21-22,44502,3,18,11,44
21-22,44503,2,20,13,44
21-22,44504,1,21,13,44
21-22,44505,0,21,12,44
21-22,44506,0,21,11,69
21-22,44507,0,21,11,69
21-22,44508,0,21,11,69
21-22,44509,0,21,10,69
21-22,44510,2,23,12,69
21-22,44511,4,27,16,69
21-22,44512,2,29,15,69
21-22,44513,0,29,14,76
21-22,44514,0,29,13,76
21-22,44515,0,29,13,76
21-22,44516,0,29,13,76
21-22,44517,1,30,14,76
21-22,44518,0,30,13,76
21-22,44519,0,30,13,76
21-22,44520,0,30,12,89
21-22,44521,2,32,14,89
21-22,44522,0,32,14,89
21-22,44523,0,32,14,89
21-22,44524,0,32,14,139
21-22,44525,3,35,16,139
21-22,44526,0,35,15,139
21-22,44527,0,35,15,154
21-22,44528,0,35,15,154
21-22,44529,0,35,14,154
21-22,44530,0,35,14,155
21-22,44531,0,35,14,155
21-22,44532,0,35,14,155
21-22,44533,0,35,13,155
21-22,44534,0,35,13,163
21-22,44535,0,35,13,163
21-22,44536,0,35,13,167
21-22,44537,1,36,14,168
21-22,44538,0,36,14,168
21-22,44539,1,37,15,204
21-22,44540,4,41,18,204
21-22,44541,3,44,20,204
21-22,44542,0,44,19,211
21-22,44543,0,44,19,211
21-22,44544,0,44,19,211
21-22,44545,0,44,17,211
21-22,44546,2,46,19,211
21-22,44547,1,47,19,211
21-22,44548,1,48,20,237
21-22,44549,0,48,19,246
21-22,44550,0,48,19,256
21-22,44551,0,48,19,256
21-22,44552,0,48,18,256
21-22,44553,0,48,17,256
21-22,44554,6,54,24,274
21-22,44555,8,62,29,274
21-22,44556,0,62,27,274
21-22,44557,4,66,29,274
21-22,44558,3,69,30,274
21-22,44559,2,71,31,274
21-22,44560,2,73,30,440
21-22,44561,2,75,30,466
21-22,44562,4,79,33,519
21-22,44563,1,80,32,545
21-22,44564,0,80,32,895
21-22,44565,0,80,30,896
21-22,44566,1,81,31,928
21-22,44567,9,90,41,951
21-22,44568,3,93,41,1110
21-22,44569,0,93,39,1262
21-22,44570,3,96,41,1462
21-22,44571,0,96,40,1489
21-22,44572,0,96,37,1434
21-22,44573,0,96,36,1836
21-22,44574,0,96,36,1857
21-22,44575,0,96,35,1857
21-22,44576,3,99,38,1879
21-22,44577,0,99,37,1879
21-22,44578,0,99,36,1879
21-22,44579,0,99,36,1837
21-22,44580,0,99,35,2216
21-22,44581,1,100,36,2254
21-22,44582,1,101,36,2767
21-22,44583,2,103,37,2811
21-22,44584,0,103,35,2837
21-22,44585,0,103,35,2837
21-22,44586,1,104,35,2847
21-22,44587,1,105,36,2906
21-22,44588,0,105,36,2906
21-22,44589,1,106,36,2928
21-22,44590,0,106,36,2928
21-22,44591,0,106,34,2928
21-22,44592,0,106,34,2930
21-22,44593,0,106,34,2930
21-22,44594,3,109,37,2930
21-22,44595,1,110,38,2930
21-22,44596,0,110,37,3096
21-22,44597,0,110,37,3096
21-22,44598,1,111,37,3136
21-22,44599,0,111,37,3136
21-22,44600,0,111,35,3136
21-22,44601,0,111,35,3136
21-22,44602,2,113,37,3136
21-22,44603,0,113,36,3136
21-22,44604,2,115,38,3136
21-22,44605,0,115,38,3136
21-22,44606,0,115,38,3141
21-22,44607,0,115,37,3141
21-22,44608,0,115,37,3141
21-22,44609,3,118,39,3141
21-22,44610,0,118,39,3141
21-22,44611,0,118,39,3141
21-22,44612,0,118,39,3141
21-22,44613,0,118,39,3141
21-22,44614,2,120,39,3141
21-22,44615,2,122,41,3141
21-22,44616,4,126,44,3141
21-22,44617,0,126,43,3141
21-22,44618,0,126,42,3141
21-22,44619,0,126,42,3141
21-22,44620,0,126,42,3141
21-22,44621,0,126,41,3149
21-22,44622,0,126,41,3149
21-22,44623,0,126,40,3149
21-22,44624,0,126,40,2955
21-22,44625,2,128,41,2955
21-22,44626,3,131,46,2955
21-22,44627,5,136,47,2955
21-22,44628,1,137,47,3014
21-22,44629,1,138,45,3014
21-22,44630,6,144,50,3014
21-22,44631,0,144,48,3149
21-22,44632,0,144,47,3149
21-22,44633,0,144,47,3149
21-22,44634,3,147,48,3149
21-22,44635,0,147,48,3149
21-22,44636,0,147,48,3149
21-22,44637,5,152,51,3149
21-22,44638,4,156,53,3149
21-22,44639,0,156,52,3149
21-22,44640,0,156,52,3149
21-22,44641,0,156,51,3149
21-22,44642,2,158,52,3149
21-22,44643,1,159,52,3149
21-22,44644,0,159,50,3149
21-22,44645,0,159,48,3029
21-22,44646,0,159,48,3029
21-22,44647,0,159,47,2935
21-22,44648,0,159,47,2925
21-22,44649,0,159,46,2925
21-22,44650,4,163,50,2925
21-22,44651,1,164,50,2925
21-22,44652,2,166,51,2919
21-22,44653,0,166,50,2919
21-22,44654,0,166,49,2910
21-22,44655,1,167,50,2910
21-22,44656,0,167,50,2904
21-22,44657,1,168,50,2904
21-22,44658,0,168,50,2904
21-22,44659,0,168,48,2904
21-22,44660,0,168,48,2904
21-22,44661,4,172,52,2862
21-22,44662,0,172,51,2862
21-22,44663,0,172,51,2862
21-22,44664,4,176,53,2862
21-22,44665,4,180,53,2862
21-22,44666,0,180,52,2862
21-22,44667,0,180,52,2862
21-22,44668,2,182,53,350
21-22,44669,5,187,57,
21-22,44670,,187,,
21-22,44671,,187,,
21-22,44672,,187,,
21-22,44673,,187,,
21-22,44674,,187,,
21-22,44675,,187,,
21-22,44676,,187,,
21-22,44677,,187,,
21-22,44678,,187,,
21-22,44679,,187,,
21-22,44680,,187,,
21-22,44681,,187,,
22-23,44849,0,0,,0
22-23,44850,0,0,,0
22-23,44851,0,0,,0
22-23,44852,0,0,,0
22-23,44853,0,0,,0
22-23,44854,0,0,,0
22-23,44855,0,0,,0
22-23,44856,0,0,,0
22-23,44857,0,0,,0
22-23,44858,3,3,3,0
22-23,44859,0,3,3,0
22-23,44860,2,5,5,0
22-23,44861,6,11,8,0
22-23,44862,3,14,10,44
22-23,44863,0,14,8,44
22-23,44864,0,14,8,44
22-23,44865,0,14,7,44
22-23,44866,0,14,7,44
22-23,44867,0,14,7,63
22-23,44868,0,14,7,69
22-23,44869,6,20,11,69
22-23,44870,3,23,13,69
22-23,44871,2,25,14,69
22-23,44872,0,25,11,70
22-23,44873,0,25,11,70
22-23,44874,0,25,11,73
22-23,44875,3,28,12,75
22-23,44876,1,29,11,75
22-23,44877,0,29,11,86
22-23,44878,0,29,11,96
22-23,44879,1,30,12,96
22-23,44880,4,34,14,96
22-23,44881,1,35,13,98
22-23,44882,0,35,13,137
22-23,44883,1,36,14,149
22-23,44884,1,37,13,171
22-23,44885,0,37,13,171
22-23,44886,0,37,13,171
22-23,44887,0,37,13,179
22-23,44888,0,37,13,200
22-23,44889,1,38,13,200
22-23,44890,1,39,14,200
22-23,44891,0,39,13,200
22-23,44892,4,43,17,200
22-23,44893,1,44,18,210
22-23,44894,2,46,18,210
22-23,44895,2,48,20,210
22-23,44896,0,48,19,210
22-23,44897,0,48,19,246
22-23,44898,3,51,20,255
22-23,44899,5,56,22,255
22-23,44900,0,56,22,255
22-23,44901,5,61,25,255
22-23,44902,3,64,25,280
22-23,44903,2,66,26,300
22-23,44904,2,68,26,300
22-23,44905,0,68,24,373
22-23,44906,0,68,23,393
22-23,44907,0,68,23,393
22-23,44908,5,73,27,393
22-23,44909,3,76,27,393
22-23,44910,1,77,26,393
22-23,44911,1,78,26,811
22-23,44912,0,78,25,1103
22-23,44913,0,78,24,1103
22-23,44914,0,78,24,1105
22-23,44915,0,78,24,1105
22-23,44916,3,81,26,1089
22-23,44917,4,85,29,1093
22-23,44918,0,85,29,1114
22-23,44919,1,86,28,1116
22-23,44920,1,87,27,1139
22-23,44921,4,91,31,1139
22-23,44922,0,91,30,1139
22-23,44923,0,91,30,1539
22-23,44924,6,97,33,1669
22-23,44925,0,97,32,1687
22-23,44926,6,103,36,1696
22-23,44927,4,107,37,1904
22-23,44928,1,108,37,2013
22-23,44929,2,110,38,2013
22-23,44930,5,115,41,2112
22-23,44931,1,116,37,2112
22-23,44932,0,116,36,2118
22-23,44933,5,121,39,2155
22-23,44934,1,122,37,2556
22-23,44935,0,122,37,2593
22-23,44936,0,122,37,2593
22-23,44937,0,122,37,2593
22-23,44938,2,124,34,2593
22-23,44939,0,124,34,2593
22-23,44940,0,124,34,2593
22-23,44941,0,124,32,2593
22-23,44942,5,129,37,3119
22-23,44943,1,130,37,3128
22-23,44944,10,140,45,3128
22-23,44945,3,143,44,3128
22-23,44946,0,143,42,3145
22-23,44947,0,143,41,3145
22-23,44948,2,145,41,3145
22-23,44949,0,145,41,3145
22-23,44950,0,145,41,3145
22-23,44951,1,146,40,3145
22-23,44952,1,147,40,3145
22-23,44953,2,149,41,3145
22-23,44954,4,153,43,3145
22-23,44955,1,154,42,3145
22-23,44956,0,154,42,3145
22-23,44957,4,158,45,3145
22-23,44958,0,158,43,3145
22-23,44959,0,158,43,3145
22-23,44960,0,158,42,3149
22-23,44961,0,158,41,3149
22-23,44962,0,158,40,3149
22-23,44963,3,162,42,3149
22-23,44964,0,162,42,3149
22-23,44965,0,162,42,3149
22-23,44966,2,164,43,3149
22-23,44967,1,164,42,3149
22-23,44968,0,164,41,3149
22-23,44969,0,164,41,3149
22-23,44970,0,164,41,3149
22-23,44971,1,166,41,3149
22-23,44972,2,168,42,3149
22-23,44973,1,168,42,3149
22-23,44974,0,168,41,3149
22-23,44975,0,168,41,3149
22-23,44976,0,168,41,3149
22-23,44977,0,168,41,3149
22-23,44978,1,170,41,3149
22-23,44979,0,170,41,3149
22-23,44980,5,174,46,3149
22-23,44981,0,174,45,3149
22-23,44982,1,176,44,3149
22-23,44983,0,176,44,3149
22-23,44984,1,176,45,3149
22-23,44985,1,178,45,3149
22-23,44986,4,182,47,3149
22-23,44987,2,184,46,3149
22-23,44988,0,184,45,3149
22-23,44989,1,184,46,3149
22-23,44990,0,184,45,3149
22-23,44991,0,184,45,3149
22-23,44992,0,184,44,3149
22-23,44993,0,184,44,3149
22-23,44994,1,186,45,3149
22-23,44995,0,186,43,3149
22-23,44996,6,192,49,3149
22-23,44997,5,196,53,3149
22-23,44998,4,200,56,3149
22-23,44999,0,200,53,3149
22-23,45000,0,200,52,3149
22-23,45001,2,202,53,3149
22-23,45002,0,202,53,3149
22-23,45003,0,202,52,3149
22-23,45004,0,202,51,3149
22-23,45005,0,202,51,3149
22-23,45006,3,206,53,3149
22-23,45007,2,208,53,3149
22-23,45008,3,210,56,3149
22-23,45009,2,212,56,3149
22-23,45010,2,214,55,3149
22-23,45011,1,216,55,3149
22-23,45012,1,216,56,3149
22-23,45013,1,218,56,3149
22-23,45014,0,218,54,3149
22-23,45015,0,218,54,3149
22-23,45016,5,222,57,3149
22-23,45017,7,230,60,3149
22-23,45018,0,230,58,2961
22-23,45019,0,230,58,2961
22-23,45020,0,230,55,2961
22-23,45021,2,232,56,2961
22-23,45022,0,232,56,2954
22-23,45023,0,232,55,2954
22-23,45024,0,232,53,2954
22-23,45025,0,232,53,2892
22-23,45026,0,232,53,2892
22-23,45027,0,232,52,2892
22-23,45028,0,232,51,2892
22-23,45029,0,232,50,2379
22-23,45030,0,232,50,2379
22-23,45031,4,236,53,1753
22-23,45032,0,236,52,424
22-23,45033,0,236,50,
22-23,45034,0,236,,
22-23,45035,0,236,,
22-23,45036,0,236,,
22-23,45037,0,236,,
22-23,45038,0,236,,
22-23,45039,0,236,,
22-23,45040,0,236,,
22-23,45041,0,236,,
22-23,45042,0,236,,
22-23,45043,0,236,,
22-23,45044,0,236,,
22-23,45045,0,236,,
22-23,45046,0,236,,
23-24,45214,0,0,0,0
23-24,45215,0,0,0,0
23-24,45216,0,0,0,0
23-24,45217,0,0,0,0
23-24,45218,0,0,0,0
23-24,45219,0,0,0,0
23-24,45220,0,0,0,0
23-24,45221,0,0,0,0
23-24,45222,0,0,0,0
23-24,45223,0,0,0,0
23-24,45224,0,0,0,0
23-24,45225,0,0,0,0
23-24,45226,0,0,0,0
23-24,45227,1,1,1,0
23-24,45228,12,13,17,0
23-24,45229,2,15,17,0
23-24,45230,0,15,17,0
23-24,45231,0,15,12,44
23-24,45232,0,15,11,44
23-24,45233,0,15,11,44
23-24,45234,0,15,10,44
23-24,45235,0,15,10,60
23-24,45236,0,15,10,66
23-24,45237,0,15,10,66
23-24,45238,0,15,10,66
23-24,45239,5,20,15,66
23-24,45240,0,20,15,66
23-24,45241,0,20,13,70
23-24,45242,0,20,11,81
23-24,45243,0,20,11,81
23-24,45244,0,20,11,83
23-24,45245,0,20,11,85
23-24,45246,0,20,10,96
23-24,45247,0,20,10,96
23-24,45248,0,20,10,96
23-24,45249,2,22,12,102
23-24,45250,3,25,15,102
23-24,45251,5,30,20,102
23-24,45252,0,30,20,102
23-24,45253,0,30,18,163
23-24,45254,1,31,19,163
23-24,45255,1,32,18,164
23-24,45256,2,34,16,164
23-24,45257,0,34,16,171
23-24,45258,0,34,16,171
23-24,45259,0,34,16,171
23-24,45260,0,34,16,171
23-24,45261,0,34,15,183
23-24,45262,4,38,18,183
23-24,45263,6,44,22,183
23-24,45264,7,51,27,229
23-24,45265,0,51,24,229
23-24,45266,0,51,24,238
23-24,45267,0,51,22,238
23-24,45268,3,54,25,269
23-24,45269,3,57,25,269
23-24,45270,1,58,25,269
23-24,45271,1,59,24,269
23-24,45272,0,59,24,269
23-24,45273,0,59,24,285
23-24,45274,1,60,24,298
23-24,45275,0,60,24,330
23-24,45276,0,60,23,330
23-24,45277,0,60,23,330
23-24,45278,0,60,23,330
23-24,45279,0,60,22,330
23-24,45280,0,60,22,335
23-24,45281,0,60,21,335
23-24,45282,0,60,21,597
23-24,45283,0,60,21,613
23-24,45284,4,64,25,613
23-24,45285,2,66,25,805
23-24,45286,1,67,25,805
23-24,45287,1,68,26,802
23-24,45288,0,68,25,810
23-24,45289,0,68,25,820
23-24,45290,0,68,24,1093
23-24,45291,0,68,24,1118
23-24,45292,0,68,24,1110
23-24,45293,0,68,24,1502
23-24,45294,0,68,24,1502
23-24,45295,0,68,23,1869
23-24,45296,2,70,26,1886
23-24,45297,2,72,26,1953
23-24,45298,0,72,26,2066
23-24,45299,0,72,26,2094
23-24,45300,0,72,25,2155
23-24,45301,2,74,27,2189
23-24,45302,2,76,28,2280
23-24,45303,1,77,29,2302
23-24,45304,1,78,29,2302
23-24,45305,7,85,35,2302
23-24,45306,13,98,45,2302
23-24,45307,3,101,45,2327
23-24,45308,0,101,42,2327
23-24,45309,9,110,48,2327
23-24,45310,5,115,50,2385
23-24,45311,0,115,48,2385
23-24,45312,0,115,47,2725
23-24,45313,1,116,46,2736
23-24,45314,1,117,46,2736
23-24,45315,0,117,44,3136
23-24,45316,2,119,44,3136
23-24,45317,2,121,46,3136
23-24,45318,1,122,44,3136
23-24,45319,0,122,44,3144
23-24,45320,0,122,44,3144
23-24,45321,0,122,42,3144
23-24,45322,0,122,41,3144
23-24,45323,0,122,41,3144
23-24,45324,0,122,41,3144
23-24,45325,10,132,50,3144
23-24,45326,3,135,52,3144
23-24,45327,0,135,50,3144
23-24,45328,0,135,48,3144
23-24,45329,0,135,48,3144
23-24,45330,5,140,49,3144
23-24,45331,2,142,50,3144
23-24,45332,1,143,50,3149
23-24,45333,2,145,52,3149
23-24,45334,0,145,47,3149
23-24,45335,1,146,47,3149
23-24,45336,0,146,46,3149
23-24,45337,1,147,46,3149
23-24,45338,6,153,52,3149
23-24,45339,4,157,53,3149
23-24,45340,0,157,51,3149
23-24,45341,2,159,51,3149
23-24,45342,0,159,49,3149
23-24,45343,0,159,48,3149
23-24,45344,2,161,48,3149
23-24,45345,5,166,53,3149
23-24,45346,1,167,50,3149
23-24,45347,0,167,49,3149
23-24,45348,0,167,49,3149
23-24,45349,0,167,48,3149
23-24,45350,5,172,51,3149
23-24,45351,0,172,50,3149
23-24,45352,0,172,50,3149
23-24,45353,0,172,48,3149
23-24,45354,6,178,54,3149
23-24,45355,3,181,54,3149
23-24,45356,1,182,55,3149
23-24,45357,0,182,52,3149
23-24,45358,0,182,52,3149
23-24,45359,2,184,53,3149
23-24,45360,3,187,55,3149
23-24,45361,0,187,54,3149
23-24,45362,0,187,53,3149
23-24,45363,1,188,51,3149
23-24,45364,1,189,52,3149
23-24,45365,9,198,60,3149
23-24,45366,1,199,59,3149
23-24,45367,0,199,57,3149
23-24,45368,0,199,56,3149
23-24,45369,0,199,56,3149
23-24,45370,0,199,54,3149
23-24,45371,0,199,54,3149
23-24,45372,0,199,53,3149
23-24,45373,2,201,55,3149
23-24,45374,0,201,54,3149
23-24,45375,1,202,54,3149
23-24,45376,4,206,56,3149
23-24,45377,2,208,56,2940
23-24,45378,1,209,57,2940
23-24,45379,0,209,57,2940
23-24,45380,0,209,56,2940
23-24,45381,2,211,56,2940
23-24,45382,0,211,55,2940
23-24,45383,3,214,56,2931
23-24,45384,1,215,56,2931
23-24,45385,0,215,55,2909
23-24,45386,0,215,54,2851
23-24,45387,0,215,53,2851
23-24,45388,4,219,57,2851
23-24,45389,4,223,58,2851
23-24,45390,0,223,58,382
23-24,45391,0,223,,0
23-24,45392,1,224,,0
23-24,45393,0,224,,0
23-24,45394,0,224,,0
23-24,45395,0,224,,0
23-24,45396,0,224,,0
23-24,45397,0,224,,0
23-24,45398,12,236,,0
23-24,45399,0,236,,0
23-24,45400,0,236,,0
23-24,45401,0,236,,0
23-24,45402,0,236,,0
23-24,45403,0,236,,0
23-24,45404,0,236,,0
23-24,45405,0,236,,0
23-24,45406,0,236,,0
23-24,45407,0,236,,0
23-24,45408,0,236,,0
23-24,45409,0,236,,0
23-24,45410,0,236,,0
23-24,45411,0,236,,0
23-24,45412,0,236,,0
24-25,45580,0,0,0,0
24-25,45581,0,0,0,0
24-25,45582,0,0,0,0
24-25,45583,0,0,0,0
24-25,45584,1,1,1,0
24-25,45585,0,1,0,0
24-25,45586,4,5,4,0
24-25,45587,8,13,9,0
24-25,45588,0,13,8,0
24-25,45589,0,13,8,0
24-25,45590,0,13,6,0
24-25,45591,0,13,6,0
24-25,45592,0,13,6,0
24-25,45593,0,13,4,0
24-25,45594,1,14,5,0
24-25,45595,3,17,8,0
24-25,45596,4,21,9,0
24-25,45597,0,21,9,0
24-25,45598,0,21,9,44.9
24-25,45599,0,21,8,44.9
24-25,45600,6,27,13,44.9
24-25,45601,2,29,13,44.9
24-25,45602,5,34,16,50.7
24-25,45603,0,34,15,50.7
24-25,45604,3,37,17,67.2
24-25,45605,4,41,18,71.7
24-25,45606,4,45,20,71.7
24-25,45607,0,45,19,89
24-25,45608,0,45,18,83.5
24-25,45609,2,47,18,83.5
24-25,45610,0,47,18,83.5
24-25,45611,0,47,17,101.249
24-25,45612,0,47,17,129.549
24-25,45613,0,47,16,129.549
24-25,45614,0,47,15,129.549
24-25,45615,4,51,19,129.549
24-25,45616,2,53,19,174.849
24-25,45617,0,53,20,174.849
24-25,45618,0,53,18,174.849
24-25,45619,0,53,18,189.2
24-25,45620,0,53,17,189.2
24-25,45621,8,61,24,189.2
24-25,45622,3,64,26,189.2
24-25,45623,14,78,36,189.2
24-25,45624,1,79,35,352.4506053
24-25,45625,0,79,32,393.8506053
24-25,45626,0,79,32,416.5851889
24-25,45627,0,79,28,439.4358316
24-25,45628,0,79,28,439.4358316
24-25,45629,0,79,27,475.2358316
24-25,45630,0,79,25,539.3358316
24-25,45631,0,79,26,539.3358316
24-25,45632,0,79,26,549.8358316
24-25,45633,0,79,26,549.8358316
24-25,45634,0,79,23,549.8358316
24-25,45635,1,80,25,575.1358316
24-25,45636,3,83,28,598.4358316
24-25,45637,2,85,28,598.4358316
24-25,45638,0,85,28,617.1358316
24-25,45639,0,85,27,1180.861804
24-25,45640,2,87,29,1154.161804
24-25,45641,0,87,27,1154.161804
24-25,45642,1,88,27,1168.761804
24-25,45643,0,88,27,1114.261804
24-25,45644,2,90,28,1114.261804
24-25,45645,0,90,28,1114.261804
24-25,45646,0,90,27,1368.074511
24-25,45647,0,90,27,1425.574511
24-25,45648,0,90,25,1385.274511
24-25,45649,0,90,25,1390.074511
24-25,45650,2,92,26,1413.474511
24-25,45651,0,92,26,1404.322456
24-25,45652,4,96,31,1403.922456
24-25,45653,5,101,36,1405.922456
24-25,45654,4,105,37,1444.922456
24-25,45655,3,108,34,1468.722456
24-25,45656,5,113,39,1468.722456
24-25,45657,1,114,38,1468.722456
24-25,45658,0,114,36,2214.745258
24-25,45659,3,117,39,2218.145258
24-25,45660,3,120,39,2222.045258
24-25,45661,0,120,37,2275.495258
24-25,45662,2,122,37,2280.695258
24-25,45663,1,123,37,2355.32423
24-25,45664,2,125,39,2568.280336
24-25,45665,1,126,37,2766.39504
24-25,45666,1,127,38,2845.356252
24-25,45667,2,129,38,2854.556252
24-25,45668,3,132,40,2909.142214
24-25,45669,2,134,39,2985.917429
24-25,45670,0,134,38,2985.917429
24-25,45671,1,135,39,2985.917429
24-25,45672,0,135,37,2985.917429
24-25,45673,0,135,37,3115.891575
24-25,45674,0,135,37,3115.891575
24-25,45675,4,139,41,3115.891575
24-25,45676,0,139,39,3115.891575
24-25,45677,1,140,40,3131.991575
24-25,45678,0,140,40,3131.991575
24-25,45679,0,140,38,3131.991575
24-25,45680,0,140,38,3131.991575
24-25,45681,0,140,38,3131.991575
24-25,45682,2,142,40,3131.991575
24-25,45683,0,142,39,3131.991575
24-25,45684,0,142,39,3131.991575
24-25,45685,0,142,39,3131.991575
24-25,45686,0,142,38,3131.991575
24-25,45687,0,142,38,3131.991575
24-25,45688,0,142,38,3131.991575
24-25,45689,0,142,37,3131.991575
24-25,45690,1,143,39,3131.991575
24-25,45691,0,143,38,3149.191575
24-25,45692,0,143,38,3149.191575
24-25,45693,0,143,38,3149.191575
24-25,45694,0,143,38,3149.191575
24-25,45695,0,143,38,3149.191575
24-25,45696,7,150,44,3149.191575
24-25,45697,3,153,43,3149.191575
24-25,45698,0,153,42,3149.191575
24-25,45699,0,153,42,3149.191575
24-25,45700,2,155,42,3149.191575
24-25,45701,0,155,42,3149.191575
24-25,45702,0,155,42,3149.191575
24-25,45703,9,164,48,3149.191575
24-25,45704,2,166,49,3149.191575
24-25,45705,8,174,55,3149.191575
24-25,45706,9,183,62,3149.191575
24-25,45707,7,190,66,3149.191575
24-25,45708,1,191,60,3149.191575
24-25,45709,11,202,68,3149.191575
24-25,45710,1,203,66,3149.191575
24-25,45711,0,203,64,3149.191575
24-25,45712,0,203,63,3149.191575
24-25,45713,0,203,62,3149.191575
24-25,45714,0,203,60,3149.191575
24-25,45715,0,203,60,3149.191575
24-25,45716,0,203,58,3149.1916
24-25,45717,0,203,58,3149.191575
24-25,45718,0,203,56,3149.191575
24-25,45719,0,203,54,3149.191575
24-25,45720,5,208,60,3149.191575
24-25,45721,4,212,61,3149.191575
24-25,45722,2,214,61,3149.191575
24-25,45723,3,217,61,3149.191575
24-25,45724,1,218,61,3149.191575
24-25,45725,0,218,60,3149.191575
24-25,45726,0,218,58,3149.191575
24-25,45727,0,218,58,3149.191575
24-25,45728,0,218,55,3149.191575
24-25,45729,0,218,55,3149.191575
24-25,45730,0,218,55,3149.191575
24-25,45731,5,223,61,3149.191575
24-25,45732,5,228,62,3149.191575
24-25,45733,0,228,61,3149.191575
24-25,45734,0,228,60,3149.191575
24-25,45735,4,232,61,3149.191575
24-25,45736,1,233,61,3149.191575
24-25,45737,1,234,60,3149.191575
24-25,45738,1,235,60,3149.191575
24-25,45739,8,243,67,3149.191575
24-25,45740,0,243,65,3149.191575
24-25,45741,0,243,64,3149.191575
24-25,45742,0,243,61,3149.191575
24-25,45743,0,243,61,3149.191575
24-25,45744,0,243,61,3149.191575
24-25,45745,6,249,64,3149.191575
24-25,45746,1,250,61,3133.091575
24-25,45747,1,251,61,2880.056217
24-25,45748,1,252,60,2855.956217
24-25,45749,6,258,66,2855.956217
24-25,45750,0,258,66,2853.956217
24-25,45751,2,260,65,2667.641513
24-25,45752,0,260,64,2667.641513
24-25,45753,0,260,63,2667.641513
24-25,45754,0,260,62,375
24-25,45755,0,260,60,375
24-25,45756,0,260,60,0
24-25,45757,0,260,60,0
24-25,45758,0,260,58,0
24-25,45759,0,260,58,0
24-25,45760,0,260,56,0
24-25,45761,2,262,58,0
24-25,45762,0,262,57,0
24-25,45763,0,262,,0
24-25,45764,0,262,,0
24-25,45765,0,262,,0
24-25,45766,0,262,,0
24-25,45767,0,262,,0
24-25,45768,0,262,,0
24-25,45769,0,262,,0
24-25,45770,0,262,,0
24-25,45771,0,262,,0
24-25,45772,0,262,,0
24-25,45773,0,262,,0
24-25,45774,0,262,,0
24-25,45775,0,262,,0
24-25,45776,,262,,
24-25,45777,,262,,
25-26,45945,0,0,0,0
25-26,45946,0,0,0,0
25-26,45947,0,0,0,0
25-26,45948,0,0,0,0
25-26,45949,0,0,0,0
25-26,45950,0,0,0,0
25-26,45951,4,4,2,0
25-26,45952,0,4,3,0
25-26,45953,0,4,3,0
25-26,45954,4,8,5,0
25-26,45955,0,8,4,0
25-26,45956,0,8,3,44.9
25-26,45957,0,8,2,44.9
25-26,45958,5,13,7,44.9
25-26,45959,0,13,6,44.9
25-26,45960,0,13,5,44.9
25-26,45961,0,13,5,44.9
25-26,45962,0,13,5,44.9
25-26,45963,0,13,4,67.2
25-26,45964,0,13,4,67.2
25-26,45965,0,13,4,67.2
25-26,45966,0,13,4,67.2
25-26,45967,0,13,4,67.2
25-26,45968,0,13,4,67.2
25-26,45969,0,13,3,67.2
25-26,45970,0,13,3,75.1
25-26,45971,0,13,4,67.2
25-26,45972,0,13,4,67.2
25-26,45973,0,13,4,67.2
25-26,45974,0,13,3,67.2
25-26,45975,0,13,3,105.4
25-26,45976,0,13,2,113.3
25-26,45977,0,13,3,113.3
25-26,45978,2,15,5,113.3
25-26,45979,2,17,6,113.3
25-26,45980,0,17,5,113.3
25-26,45981,0,17,4,113.3
25-26,45982,1,18,5,136.8
25-26,45983,1,19,5,139.9
25-26,45984,0,19,5,146
25-26,45985,0,19,5,146
25-26,45986,1,20,6,147.7
25-26,45987,6,26,9,169.1
25-26,45988,0,26,9,169.1
25-26,45989,0,26,9,203
25-26,45990,4,30,12,213.5
25-26,45991,1,32,10,213.5
25-26,45992,4,36,14,213.5
25-26,45993,0,36,14,213.5
25-26,45994,2,38,12,213.5
25-26,45995,0,38,11,246.9
25-26,45996,0,38,10,289.0452146
25-26,45997,9,47,21,298.0452146
25-26,45998,7,54,23,319.6452146
25-26,45999,2,56,22,355.1452146
25-26,46000,1,57,22,364.3452146
25-26,46001,1,58,20,364.3452146
25-26,46002,0,58,19,407.0502408
25-26,46003,0,58,18,407.0502408
25-26,46004,0,58,19,408.2502408
25-26,46005,0,58,17,417.7502408
25-26,46006,0,58,18,410.2997796
25-26,46007,0,58,18,410.2997796
25-26,46008,0,58,16,410.2997796
25-26,46009,1,59,17,459.3997796
25-26,46010,0,59,17,459.3997796
25-26,46011,0,59,18,475.1930438
25-26,46012,0,59,16,475.1930438
25-26,46013,0,59,16,475.1930438
25-26,46014,0,59,16,475.1930438
25-26,46015,0,59,15,464.1010595
25-26,46016,0,59,14,464.1010595
25-26,46017,0,59,15,464.1010595
25-26,46018,0,59,15,464.1010595
25-26,46019,3,62,17,464.1010595
25-26,46020,0,62,17,464.1010595
25-26,46021,0,62,17,468.0010595
25-26,46022,0,62,15,708.1095683
25-26,46023,0,62,16,722.7095683
25-26,46024,2,63,17,890.7873094
25-26,46025,1,64,18,890.7873094
25-26,46026,0,64,18,890.7873094
25-26,46027,0,64,18,746.6801113
25-26,46028,6,70,23,746.6801113
25-26,46029,0,70,21,977.4275832
25-26,46030,0,70,21,977.4275832
25-26,46031,4,74,24,1031.70055
25-26,46032,1,75,24,1049.116413
25-26,46033,0,75,23,1177.335237
25-26,46034,0,75,22,1150.184595
25-26,46035,0,75,23,1154.184595
25-26,46036,0,75,21,1173.984595
25-26,46037,0,75,20,1226.951685
25-26,46038,0,75,20,1236.044487
25-26,46039,0,75,21,1564.044487
25-26,46040,0,75,21,1564.044487
25-26,46041,1,76,23,1564.044487
25-26,46042,0,76,23,1564.044487
25-26,46043,0,76,21,1374.644487
25-26,46044,0,76,21,1374.644487
25-26,46045,0,76,21,1374.644487
25-26,46046,5,81,25,1374.644487
25-26,46047,1,82,26,1406.39513
25-26,46048,2,84,26,1406.39513
25-26,46049,0,84,26,1753.963305
25-26,46050,0,84,23,1753.963305
25-26,46051,1,85,24,1753.963305
25-26,46052,1,86,24,1753.963305
25-26,46053,0,87,25,1753.963305
25-26,46054,1,88,25,1925.063305
25-26,46055,0,88,26,1925.063305
25-26,46056,0,88,26,1925.063305
25-26,46057,2,90,25,1925.063305
25-26,46058,0,90,25,1931.063305
25-26,46059,0,90,24,1931.063305
25-26,46060,0,90,24,1942.163305
25-26,46061,0,90,24,1937.363305
25-26,46062,0,90,25,1916.776367
25-26,46063,0,90,24,1900.441783
25-26,46064,0,90,22,1854.241783
25-26,46065,0,90,23,1832.891141
25-26,46066,0,90,23,1832.891141
25-26,46067,2,92,25,1832.891141
25-26,46068,0,92,25,1832.9
25-26,46069,0,92,25,1832.891141
25-26,46070,0,92,25,1854.241783
25-26,46071,4,96,27,1755.936262
25-26,46072,1,97,27,1756.436262
25-26,46073,0,98,27,1756.436262
25-26,46074,1,99,28,1974.9232
25-26,46075,0,99,27,1975.9232
25-26,46076,0,99,28,1974.4232
25-26,46077,0,99,27,1974.4232
25-26,46078,1,100,27,1974.4232
25-26,46079,4,104,30,2101.135243
25-26,46080,2,106,31,2147.691382
25-26,46081,0,106,31,2497.740003
25-26,46082,0,106,30,2509.040003
25-26,46083,0,106,30,2509.040003
25-26,46084,1,107,31,2402.479129
25-26,46085,2,109,31,2401.479129
25-26,46086,0,109,31,2401.479129
25-26,46087,0,109,30,2395.479129
25-26,46088,13,122,43,2466.669852
25-26,46089,0,122,41,2746.214441
25-26,46090,0,122,39,2746.214441
25-26,46091,0,122,39,2596.276129
25-26,46092,5,127,41,2596.776129
25-26,46093,1,128,41,2642.976129
25-26,46094,0,128,38,2410.461425
25-26,46095,0,128,38,2410.461425
25-26,46096,2,130,39,2393.761425
25-26,46097,0,130,39,2385.039696
25-26,46098,2,132,39,2385.039696
25-26,46099,0,132,37,2385.039696
25-26,46100,0,132,37,2385.039696
25-26,46101,0,132,36,2238.393838
25-26,46102,0,132,35,2097.66926
25-26,46103,0,132,34,2097.66926
25-26,46104,0,132,34,1369.738187
25-26,46105,0,132,33,977.9260954
25-26,46106,0,132,30,986.0765566
25-26,46107,0,132,29,695.1880794
25-26,46108,0,132,30,613.0722159
25-26,46109,0,132,30,391.7800122
25-26,46110,0,132,28,377.6800122
25-26,46111,0,132,28,290.9452146
25-26,46112,0,132,28,289.6452146
25-26,46113,0,132,26,289.6452146
25-26,46114,3,135,29,289.6452146
25-26,46115,4,139,33,289.6452146
25-26,46116,1,140,33,289.6452146
25-26,46117,0,140,32,289.6452146
25-26,46118,0,140,,
25-26,46119,0,140,,
25-26,46120,0,140,,
25-26,46121,0,140,,
25-26,46122,0,140,,
25-26,46123,0,140,,
25-26,46124,0,140,,
25-26,46125,0,140,,
25-26,46126,0,140,,
25-26,46127,0,140,,