{
"type": "FeatureCollection",
"name": "trails",
"crs": { "type": "name", "properties": { "name": "urn:ogc:def:crs:OGC:1.3:CRS84" } },
"features": [
{ "type": "Feature", "properties": { "fid": 1, "feature-id": null, "trail_name": "Acapulco Road", "feature_type": "Trail", "mountain_area": "Dercum", "difficulty": "Green", "acres_25_26": 3.0, "active": true, "notes": null, "gis_acres": 3.95, "trail_id": "T001", "display_from_year": 2021, "display_to_year": 9999 }, "geometry": { "type": "Polygon", "coordinates": [ [ [ -105.95505132643116, 39.586392596429491 ], [ -105.954901751189567, 39.586085952192185 ], [ -105.954998668388569, 39.586123092768652 ], [ -105.955052005169335, 39.58615590262751 ], [ -105.955141492458893, 39.586173496211337 ], [ -105.955192345078515, 39.586185865963834 ], [ -105.955416928900149, 39.586140678247119 ], [ -105.955548266927849, 39.586203327466627 ], [ -105.955627732708592, 39.586229806179524 ], [ -105.955706391823469, 39.58625692245532 ], [ -105.956113742152169, 39.586425904407491 ], [ -105.956465321557729, 39.586575652418809 ], [ -105.956696834909607, 39.586726388011577 ], [ -105.956916967106949, 39.586829101588016 ], [ -105.957325869385912, 39.586936896177754 ], [ -105.957608409644024, 39.587055685700754 ], [ -105.957834953589497, 39.58715668553203 ], [ -105.957767256825136, 39.587223609470009 ], [ -105.957692922129681, 39.587275655754368 ], [ -105.957647599546974, 39.587254460394206 ], [ -105.957579034687228, 39.587258343777279 ], [ -105.957521076036727, 39.587253843979134 ], [ -105.957455589106786, 39.5871697671123 ], [ -105.957342318345908, 39.587197246800692 ], [ -105.957319327100592, 39.587240574063436 ], [ -105.957106835015026, 39.587225733144649 ], [ -105.957059277261621, 39.587197919375953 ], [ -105.956963455614485, 39.58724682388452 ], [ -105.956747976012409, 39.587326578318901 ], [ -105.956409302290993, 39.587491962987066 ], [ -105.955980620656277, 39.587661405550769 ], [ -105.955596735067019, 39.587813886652761 ], [ -105.955485788893029, 39.58785461859577 ], [ -105.955285063768912, 39.587915998368068 ], [ -105.955103908558698, 39.58799712669807 ], [ -105.954824829973774, 39.588130493061684 ], [ -105.954797571406601, 39.588175514040657 ], [ -105.954802732074128, 39.587926599521296 ], [ -105.954921048132064, 39.587797872844604 ], [ -105.955110073284132, 39.58766524653452 ], [ -105.955267207227124, 39.587708751747712 ], [ -105.955350621856638, 39.587693133598094 ], [ -105.955444529047924, 39.587660837634111 ], [ -105.955550822128657, 39.587593597637607 ], [ -105.955625113207716, 39.587538234783068 ], [ -105.955729763293434, 39.587507509380345 ], [ -105.955842852857131, 39.587466759572202 ], [ -105.955998254002722, 39.587384182844993 ], [ -105.956153495153572, 39.587289993194318 ], [ -105.956259467694878, 39.587199527122621 ], [ -105.956360786879614, 39.587082552894678 ], [ -105.956358026987502, 39.587037778627277 ], [ -105.956275982049178, 39.586996975208287 ], [ -105.956129295843937, 39.586933475606926 ], [ -105.955967487432446, 39.586861804498973 ], [ -105.955836220569438, 39.586828042318622 ], [ -105.955715993257542, 39.586817417253542 ], [ -105.9556272432675, 39.586756758750965 ], [ -105.955544971198535, 39.586699365201689 ], [ -105.955424037798565, 39.586637312059985 ], [ -105.955339918161798, 39.58660150247627 ], [ -105.955283785293503, 39.586573758478139 ], [ -105.955246857874727, 39.58653921997017 ], [ -105.955205505696881, 39.586494762938855 ], [ -105.955170813532447, 39.586466842621419 ], [ -105.95508648923537, 39.586416102203742 ], [ -105.95505132643116, 39.586392596429491 ] ] ] } },
{ "type": "Feature", "properties": { "fid": 2, "feature-id": null, "trail_name": "Discovery", "feature_type": "Trail", "mountain_area": "Dercum", "difficulty": "Green", "acres_25_26": 9.0, "active": true, "notes": null, "gis_acres": 9.44, "trail_id": "T002", "display_from_year": 2006, "display_to_year": 9999 }, "geometry": { "type": "Polygon", "coordinates": [ [ [ -105.958370985101965, 39.604581954995972 ], [ -105.958380270069313, 39.604256055107754 ], [ -105.958406369506918, 39.604007665976035 ], [ -105.958109289131457, 39.603842974811435 ], [ -105.958077445796448, 39.603666300355776 ], [ -105.958022523080658, 39.603474650167534 ], [ -105.95799655287054, 39.603249901470143 ], [ -105.958036240379357, 39.603047360405867 ], [ -105.957988710408074, 39.602930899663029 ], [ -105.957765692764113, 39.602803809773924 ], [ -105.957563156101116, 39.602703225535137 ], [ -105.957463969492352, 39.602804073824743 ], [ -105.957399904589735, 39.602951313660689 ], [ -105.957273361866086, 39.60315241804016 ], [ -105.957142568098291, 39.603253526477779 ], [ -105.956942509125255, 39.603332976237361 ], [ -105.956912340873146, 39.603437701358338 ], [ -105.956842099366455, 39.603553871051808 ], [ -105.956665025569905, 39.603633131028047 ], [ -105.956430944004339, 39.603746203664222 ], [ -105.95615947809469, 39.603857360603058 ], [ -105.955950949121942, 39.603947992901205 ], [ -105.955773384363113, 39.603991689047362 ], [ -105.955600527232718, 39.60395976736023 ], [ -105.955306100848631, 39.604282287332765 ], [ -105.955570599623343, 39.604291226667968 ], [ -105.955595356883478, 39.604628904888699 ], [ -105.955845581980768, 39.6046446297158 ], [ -105.955873704713994, 39.604390986953526 ], [ -105.95606630954866, 39.604396070837147 ], [ -105.956058698278156, 39.604469489398859 ], [ -105.956237089535193, 39.60448580449809 ], [ -105.956232382347508, 39.604561422073438 ], [ -105.956321516950368, 39.604565134212059 ], [ -105.956342639337734, 39.604638316265323 ], [ -105.956314578601109, 39.604687451196988 ], [ -105.956274535255204, 39.604701118244201 ], [ -105.956265915867888, 39.604910142421268 ], [ -105.956860650539653, 39.604894723871482 ], [ -105.95712273205595, 39.604884451428553 ], [ -105.95737086709218, 39.604876997857971 ], [ -105.957633209207501, 39.604885653870056 ], [ -105.957857059120315, 39.604891922116593 ], [ -105.958185488132642, 39.604875691169063 ], [ -105.958360134374203, 39.604863432491669 ], [ -105.958370985101965, 39.604581954995972 ] ] ] } },
{ "type": "Feature", "properties": { "fid": 3, "feature-id": null, "trail_name": "Silvermaster", "feature_type": "Trail", "mountain_area": "Dercum", "difficulty": "Blue", "acres_25_26": 0.4, "active": true, "notes": null, "gis_acres": 0.84, "trail_id": "T003", "display_from_year": 2006, "display_to_year": 9999 }, "geometry": { "type": "Polygon", "coordinates": [ [ [ -105.951267944708945, 39.59060118368032 ], [ -105.95134659435098, 39.590315437519557 ], [ -105.951242026514848, 39.590325641275271 ], [ -105.951167978872888, 39.590358964126608 ], [ -105.951104296283944, 39.590414013183732 ], [ -105.950996702560161, 39.590497464462352 ], [ -105.950893050162307, 39.590574651643053 ], [ -105.950811480918361, 39.590646984213571 ], [ -105.950705899873469, 39.590730418751932 ], [ -105.95058813176577, 39.590806163223945 ], [ -105.950510120373451, 39.590844191891932 ], [ -105.950480664543775, 39.590898960602082 ], [ -105.950451804715755, 39.590997346623809 ], [ -105.950426482011864, 39.591059871186829 ], [ -105.9503750276087, 39.591125725363618 ], [ -105.950257045640967, 39.591185891893296 ], [ -105.950274395867183, 39.591424114117174 ], [ -105.950392676228958, 39.591385756226011 ], [ -105.950492771916174, 39.591342873171122 ], [ -105.950580552840549, 39.591282953492268 ], [ -105.950717667935976, 39.591149407113754 ], [ -105.95078634824597, 39.591017978536478 ], [ -105.950827224095093, 39.590914820295438 ], [ -105.950916868503185, 39.590843979562941 ], [ -105.950992887574259, 39.590807524865042 ], [ -105.9511764793141, 39.590686061011361 ], [ -105.951267944708945, 39.59060118368032 ] ] ] } },
{ "type": "Feature", "properties": { "fid": 4, "feature-id": null, "trail_name": "Easy Street", "feature_type": "Trail", "mountain_area": "Dercum", "difficulty": "Green", "acres_25_26": 9.5, "active": true, "notes": null, "gis_acres": 5.8, "trail_id": "T004", "display_from_year": 2006, "display_to_year": 9999 }, "geometry": { "type": "Polygon", "coordinates": [ [ [ -105.955676036534584, 39.5881158473331 ], [ -105.955694663335564, 39.587774989282302 ], [ -105.955485788893029, 39.58785461859577 ], [ -105.955451616112924, 39.587962068079769 ], [ -105.95539313494578, 39.588071759418995 ], [ -105.955232820105323, 39.588217781367142 ], [ -105.955062556866451, 39.588410299309572 ], [ -105.954992022875999, 39.588670253881745 ], [ -105.954849834702273, 39.58885161970251 ], [ -105.954746757409765, 39.58905450606445 ], [ -105.95467412334699, 39.589161583063088 ], [ -105.954572843443998, 39.589495507020125 ], [ -105.954524413518612, 39.589823536190721 ], [ -105.954437994846245, 39.590211943122235 ], [ -105.954436376964409, 39.59035119970067 ], [ -105.954496802803874, 39.590640110925705 ], [ -105.954463916124823, 39.590815117747901 ], [ -105.954415604342827, 39.590894692155302 ], [ -105.954482930876082, 39.591429270081989 ], [ -105.954514830319297, 39.591696573501459 ], [ -105.954927620379351, 39.591947095762833 ], [ -105.955097962951527, 39.592016682378862 ], [ -105.955256216630431, 39.592233802150922 ], [ -105.9555442445902, 39.591879230246519 ], [ -105.955310501606675, 39.591818356363703 ], [ -105.955189745593955, 39.59176201371227 ], [ -105.955092114630745, 39.591590809930914 ], [ -105.95506111272357, 39.591389025535186 ], [ -105.955064870768751, 39.591148731763511 ], [ -105.955090464922193, 39.591059514899818 ], [ -105.955163895351376, 39.590547806556685 ], [ -105.955105657942568, 39.590315667112542 ], [ -105.955184311389019, 39.589875994642711 ], [ -105.955326717938235, 39.589388762636588 ], [ -105.955389810442554, 39.588938768042333 ], [ -105.955408795807713, 39.588821771718806 ], [ -105.95547793207848, 39.588583149944135 ], [ -105.955583756035736, 39.588410873870174 ], [ -105.955676036534584, 39.5881158473331 ] ] ] } },
{ "type": "Feature", "properties": { "fid": 5, "feature-id": null, "trail_name": "Endeavor", "feature_type": "Trail", "mountain_area": "Dercum", "difficulty": "Green", "acres_25_26": 4.4, "active": true, "notes": null, "gis_acres": 4.66, "trail_id": "T005", "display_from_year": 2006, "display_to_year": 9999 }, "geometry": { "type": "Polygon", "coordinates": [ [ [ -105.94221752432631, 39.579177047473763 ], [ -105.942558864742452, 39.579316509532319 ], [ -105.942849824181465, 39.579403843843423 ], [ -105.942996340377675, 39.579462878570006 ], [ -105.943117761043851, 39.579502896478836 ], [ -105.943396354121546, 39.579606218581773 ], [ -105.943585436089748, 39.579629285305593 ], [ -105.943712843155552, 39.579646702133843 ], [ -105.943953395098731, 39.579655511597466 ], [ -105.944034875829047, 39.579656387271882 ], [ -105.944132251169066, 39.579657133743169 ], [ -105.944267376204337, 39.579657573370845 ], [ -105.944130352752708, 39.579517225238817 ], [ -105.944061424033819, 39.579416301985184 ], [ -105.943812806145687, 39.579252258062532 ], [ -105.943773409236428, 39.579131105622196 ], [ -105.943760821066832, 39.579082003839709 ], [ -105.943986133763985, 39.578846454518327 ], [ -105.944051662465412, 39.578626041657806 ], [ -105.944026506388425, 39.578375561760922 ], [ -105.943906773189781, 39.578103400814008 ], [ -105.943807063911422, 39.577881588105299 ], [ -105.9437944265173, 39.577662809674976 ], [ -105.943753895114767, 39.577288640193373 ], [ -105.9438291336253, 39.576980753707872 ], [ -105.94376963572978, 39.576931162452638 ], [ -105.943695494959115, 39.576886242314515 ], [ -105.94350181560678, 39.577135911514866 ], [ -105.943377699712073, 39.577309903890068 ], [ -105.943305255620146, 39.577390155999986 ], [ -105.943413372900281, 39.577771665385065 ], [ -105.943539013913679, 39.578143927894246 ], [ -105.943575879739072, 39.578259710330705 ], [ -105.943618111656122, 39.578377156261524 ], [ -105.943641646268063, 39.5785292750694 ], [ -105.943668308593828, 39.578648137211772 ], [ -105.943590376033043, 39.578706924786466 ], [ -105.94350513668077, 39.578754694553261 ], [ -105.943390970960181, 39.5787805449377 ], [ -105.943276655004723, 39.578795319344465 ], [ -105.943129571867345, 39.578768820529341 ], [ -105.942954013037607, 39.578753629697282 ], [ -105.942828549598815, 39.578738032139427 ], [ -105.942692201449901, 39.578711445665654 ], [ -105.942599054786456, 39.578703893490868 ], [ -105.94250602066036, 39.578704648142939 ], [ -105.942396483626183, 39.57869257207048 ], [ -105.942285239661103, 39.578808838889493 ], [ -105.942193421677786, 39.578871942704495 ], [ -105.94205747664212, 39.578949435043775 ], [ -105.942031648188262, 39.578976147131741 ], [ -105.941935232860473, 39.579092308560313 ], [ -105.94221752432631, 39.579177047473763 ] ] ] } },
{ "type": "Feature", "properties": { "fid": 6, "feature-id": null, "trail_name": "Freda's", "feature_type": "Trail", "mountain_area": "Dercum", "difficulty": "Green", "acres_25_26": 5.7, "active": true, "notes": null, "gis_acres": 5.48, "trail_id": "T006", "display_from_year": 2006, "display_to_year": 9999 }, "geometry": { "type": "Polygon", "coordinates": [ [ [ -105.953865635836621, 39.591515581354791 ], [ -105.953239329714535, 39.591105278621221 ], [ -105.953200103374172, 39.591244997313119 ], [ -105.95319209909286, 39.591385557466133 ], [ -105.953152631861897, 39.591507716302274 ], [ -105.953119670497344, 39.591587014842119 ], [ -105.953178803640711, 39.591802540005631 ], [ -105.953176043391764, 39.591973790289757 ], [ -105.95315485303118, 39.592042455182217 ], [ -105.953125007106593, 39.592100653989384 ], [ -105.953077555576158, 39.592240659615541 ], [ -105.953082241430124, 39.592334137806212 ], [ -105.953014565526942, 39.5925643358812 ], [ -105.952947403998465, 39.592812502004769 ], [ -105.953009615492221, 39.592938723957431 ], [ -105.953065443311687, 39.593150786195046 ], [ -105.953016810354313, 39.593279867046959 ], [ -105.952989314716348, 39.593510875168043 ], [ -105.952884189815919, 39.593670672553372 ], [ -105.952872392342641, 39.594152319149742 ], [ -105.952861418151457, 39.594470279469178 ], [ -105.952822405081676, 39.594711137092204 ], [ -105.952746666862879, 39.594822775570009 ], [ -105.952671045379091, 39.594942952838899 ], [ -105.952587406323232, 39.595053960420771 ], [ -105.952984848694086, 39.594988285320852 ], [ -105.953389288345292, 39.594890055921766 ], [ -105.95346439595761, 39.594572080284031 ], [ -105.953577362260646, 39.59422386802445 ], [ -105.953590800528062, 39.593862239547363 ], [ -105.953624272586595, 39.593620003822842 ], [ -105.953566981018753, 39.593466757632243 ], [ -105.95355801327284, 39.593255355142844 ], [ -105.953589117881123, 39.593038639629178 ], [ -105.953616478563461, 39.59294128547424 ], [ -105.953640176539082, 39.5928384111116 ], [ -105.953615386238226, 39.592573867048529 ], [ -105.953634788290131, 39.592262338048812 ], [ -105.953637402774575, 39.592139100746536 ], [ -105.953725864768515, 39.591998508007968 ], [ -105.953733211085236, 39.591841069985755 ], [ -105.953734384798466, 39.591735716348744 ], [ -105.953822206652191, 39.591647884041066 ], [ -105.953865635836621, 39.591515581354791 ] ] ] } },
{ "type": "Feature", "properties": { "fid": 7, "feature-id": null, "trail_name": "Ina's Way", "feature_type": "Trail", "mountain_area": "Dercum", "difficulty": "Green", "acres_25_26": 1.9, "active": true, "notes": null, "gis_acres": 1.52, "trail_id": "T007", "display_from_year": 2006, "display_to_year": 9999 }, "geometry": { "type": "Polygon", "coordinates": [ [ [ -105.946614568194633, 39.603296156294583 ], [ -105.946431575300906, 39.603206355491075 ], [ -105.946442961683815, 39.603245612585987 ], [ -105.946415456579459, 39.603267872566164 ], [ -105.946372182099566, 39.603277669041788 ], [ -105.946274532421526, 39.603278989095458 ], [ -105.946151511913186, 39.603260053762938 ], [ -105.945999301517162, 39.603239257324461 ], [ -105.945895057216717, 39.603226963240125 ], [ -105.945728250528063, 39.603215099649823 ], [ -105.9455021235771, 39.603240077863497 ], [ -105.94535854592273, 39.603208192369365 ], [ -105.945146361576207, 39.603158685213032 ], [ -105.945037211165996, 39.60314469887598 ], [ -105.944838473499274, 39.603141357206347 ], [ -105.944705622442129, 39.603112689055671 ], [ -105.944540458504164, 39.603064451131871 ], [ -105.944437357881071, 39.603023971940928 ], [ -105.944321574643013, 39.602993511907989 ], [ -105.944202349437589, 39.603024229411901 ], [ -105.944066258626449, 39.603071610783331 ], [ -105.943853218133981, 39.603116311776688 ], [ -105.943665072039849, 39.603106271275557 ], [ -105.943504697101844, 39.603096004941648 ], [ -105.943346839637726, 39.603113813744613 ], [ -105.943224350204318, 39.603218927984656 ], [ -105.94312479866143, 39.603282538540761 ], [ -105.942993158400412, 39.603343104081269 ], [ -105.942861473084562, 39.603400364450351 ], [ -105.942744405168767, 39.603432715647223 ], [ -105.942622773360284, 39.603443618732712 ], [ -105.942478425310796, 39.603985220746708 ], [ -105.9427173585064, 39.603801485878506 ], [ -105.942879654191117, 39.603638204838319 ], [ -105.942993711943032, 39.603541422871992 ], [ -105.943190769251942, 39.603420829285461 ], [ -105.943422319751122, 39.60332309298925 ], [ -105.943643883715453, 39.603276670860751 ], [ -105.944000277504188, 39.603247332485815 ], [ -105.944297892586988, 39.60313748877482 ], [ -105.944591118744228, 39.603176422444903 ], [ -105.944857180465917, 39.603260199032619 ], [ -105.945176334425682, 39.603320405375491 ], [ -105.945506215103862, 39.603383828929609 ], [ -105.945821435341671, 39.603311850004694 ], [ -105.946054713218857, 39.603341351834402 ], [ -105.946232673812801, 39.603387830680141 ], [ -105.946426802263744, 39.603366417102954 ], [ -105.946586278166876, 39.603310578973378 ], [ -105.946614568194633, 39.603296156294583 ] ] ] } },
{ "type": "Feature", "properties": { "fid": 8, "feature-id": null, "trail_name": "Jaybird", "feature_type": "Trail", "mountain_area": "Dercum", "difficulty": "Green", "acres_25_26": 13.5, "active": true, "notes": "Drawn with 26-27 alignment - not from Reinholds", "gis_acres": 6.29, "trail_id": "T008", "display_from_year": 2006, "display_to_year": 9999 }, "geometry": { "type": "Polygon", "coordinates": [ [ [ -105.945103762784015, 39.598205592034418 ], [ -105.945252155631394, 39.598324743656711 ], [ -105.945370796183212, 39.598414615203957 ], [ -105.94547744944029, 39.598486416808932 ], [ -105.94561336179369, 39.598551167415778 ], [ -105.945793301707013, 39.598615559463035 ], [ -105.945975528376223, 39.598632243268746 ], [ -105.946171751140568, 39.598598852545301 ], [ -105.946355954967274, 39.598545121100805 ], [ -105.946529499755385, 39.598570958438572 ], [ -105.946606710150036, 39.598636186099561 ], [ -105.946719760895377, 39.598746540086836 ], [ -105.946923832981341, 39.598858423069167 ], [ -105.947085483449527, 39.598873001908302 ], [ -105.947273426720173, 39.598878282469506 ], [ -105.947490226585913, 39.598846992668079 ], [ -105.947736903998447, 39.598854064400271 ], [ -105.947986609486392, 39.598867923663249 ], [ -105.948183327306609, 39.598870860235806 ], [ -105.948353690612819, 39.598878553440144 ], [ -105.948430655263181, 39.598925614518386 ], [ -105.948479228544443, 39.599043305864342 ], [ -105.948551624132421, 39.599185782822914 ], [ -105.948623586315108, 39.599296470384083 ], [ -105.948707692233867, 39.599436580702182 ], [ -105.948852848775857, 39.599533044889419 ], [ -105.949015213985007, 39.599599846363837 ], [ -105.949197815888581, 39.599643773077069 ], [ -105.94909898012105, 39.599714979039831 ], [ -105.948980093606437, 39.599822683418651 ], [ -105.948873195454652, 39.599948457127205 ], [ -105.948656795589713, 39.600009268211281 ], [ -105.948366767240103, 39.600052512565732 ], [ -105.947952066398301, 39.599994582077635 ], [ -105.947825388047505, 39.599961551795104 ], [ -105.947489876861567, 39.599898431748748 ], [ -105.947302518617121, 39.599936294266705 ], [ -105.947007206853712, 39.60002272579527 ], [ -105.946828560875488, 39.600053703774599 ], [ -105.946548387774286, 39.600174074571363 ], [ -105.946283167948792, 39.600314761186091 ], [ -105.94601544434434, 39.600487260467922 ], [ -105.94572992264996, 39.600646278490167 ], [ -105.94545879797964, 39.600784740370081 ], [ -105.945182233877063, 39.600955038753767 ], [ -105.944981614843442, 39.601097467749518 ], [ -105.944740364084694, 39.601274290609368 ], [ -105.944559514270949, 39.601575522527597 ], [ -105.944508036508438, 39.601675861517279 ], [ -105.944664188458248, 39.601933476837026 ], [ -105.944844718931549, 39.602256750349262 ], [ -105.944976897098798, 39.602478225464374 ], [ -105.945176156453911, 39.602667361828615 ], [ -105.945366302131177, 39.602833862804708 ], [ -105.945591549254672, 39.602990994097709 ], [ -105.945785683181072, 39.603018935828672 ], [ -105.945992331051698, 39.603103548324576 ], [ -105.946287225257848, 39.603201067231105 ], [ -105.946252062199335, 39.602990158133245 ], [ -105.946308049109462, 39.602789861217097 ], [ -105.946134215720164, 39.602743587681616 ], [ -105.945907732052717, 39.602711368077628 ], [ -105.945715638522884, 39.602617553270221 ], [ -105.945431747777391, 39.602465441277609 ], [ -105.945180115812775, 39.602310795227972 ], [ -105.945056804966413, 39.602093790049153 ], [ -105.945009195222397, 39.601830750605949 ], [ -105.944992481799858, 39.601681005831985 ], [ -105.945027523211706, 39.601451357882254 ], [ -105.945168604347515, 39.601248098341387 ], [ -105.945488735327785, 39.601043381650847 ], [ -105.945809111527836, 39.600856829443657 ], [ -105.946062593410929, 39.600716239494737 ], [ -105.94640638660691, 39.600524953115375 ], [ -105.946726974360644, 39.600354293097567 ], [ -105.947153228413498, 39.600182770819622 ], [ -105.947431331606751, 39.600126001216196 ], [ -105.947648290015451, 39.600106064420316 ], [ -105.9477924560384, 39.600129868553694 ], [ -105.94809960723164, 39.600265888597981 ], [ -105.948396498212659, 39.600295258332721 ], [ -105.948660916081792, 39.600311266944225 ], [ -105.948900147868599, 39.600202580056184 ], [ -105.949148339526587, 39.600105174079644 ], [ -105.949282677331581, 39.600054116289783 ], [ -105.949532810816862, 39.599884024183645 ], [ -105.949765405332954, 39.599934354169172 ], [ -105.949809918175987, 39.599754587588919 ], [ -105.949724631072385, 39.599528192773228 ], [ -105.949581613079175, 39.599588405699684 ], [ -105.949426078917753, 39.599591947725131 ], [ -105.949288093887901, 39.599590804315234 ], [ -105.94904382207794, 39.599545110593098 ], [ -105.948922580587222, 39.599480244207157 ], [ -105.948774550846295, 39.599388345410198 ], [ -105.948669929587524, 39.599250673576215 ], [ -105.948593638203192, 39.599037829964736 ], [ -105.948512375249663, 39.598890883580296 ], [ -105.948446965392449, 39.59883010270643 ], [ -105.948373090848563, 39.598794371017632 ], [ -105.948240637087068, 39.598768201078904 ], [ -105.948067307942338, 39.598758260988369 ], [ -105.947858633135382, 39.598739525322017 ], [ -105.947662163265889, 39.598754753541989 ], [ -105.947506723645304, 39.598765104982455 ], [ -105.947368956805164, 39.598779853952585 ], [ -105.947239902584144, 39.598787718963493 ], [ -105.947113783491417, 39.598795559904282 ], [ -105.94701970372725, 39.59878497219043 ], [ -105.946910422509248, 39.5987359026402 ], [ -105.946791934034778, 39.598657386045417 ], [ -105.946699800360662, 39.598574112741375 ], [ -105.946586966313859, 39.598479653411999 ], [ -105.946495234933096, 39.598425898637672 ], [ -105.946371742495927, 39.598411008162039 ], [ -105.946245994774387, 39.598446096187004 ], [ -105.946085148729054, 39.598490553572319 ], [ -105.945953530413718, 39.598525689085548 ], [ -105.945800748180858, 39.598515578316295 ], [ -105.945659243365384, 39.598471311738308 ], [ -105.94553222919518, 39.598413301532048 ], [ -105.945341941073238, 39.598235447212211 ], [ -105.945103762784015, 39.598205592034418 ] ] ] } },
{ "type": "Feature", "properties": { "fid": 9, "feature-id": null, "trail_name": "Last Chance", "feature_type": "Trail", "mountain_area": "Dercum", "difficulty": "Green", "acres_25_26": 15.2, "active": null, "notes": null, "gis_acres": 8.24, "trail_id": "T009", "display_from_year": 2006, "display_to_year": 9999 }, "geometry": { "type": "Polygon", "coordinates": [ [ [ -105.95403105802815, 39.595101063143986 ], [ -105.954080319672656, 39.5943473342342 ], [ -105.953960496265196, 39.594434139933895 ], [ -105.953801034407178, 39.594571983808365 ], [ -105.953642641692127, 39.594787838517128 ], [ -105.953417047645203, 39.594883313743409 ], [ -105.952984848694086, 39.594988285320852 ], [ -105.952587406323232, 39.595053960420771 ], [ -105.952396567980969, 39.595110138793856 ], [ -105.952226003149008, 39.595173952682977 ], [ -105.952069922452168, 39.595190835736652 ], [ -105.951929928023191, 39.595277804631749 ], [ -105.951715961591049, 39.595486310045544 ], [ -105.951551504438754, 39.595628092743219 ], [ -105.951391394675966, 39.595719126721569 ], [ -105.951164940826402, 39.59575218876185 ], [ -105.950908129291747, 39.595777696841893 ], [ -105.950650890974117, 39.595771999915364 ], [ -105.950328322542546, 39.595782440765028 ], [ -105.950070977648394, 39.595768941442756 ], [ -105.949474539423449, 39.595725054705404 ], [ -105.949238767555897, 39.59569122211559 ], [ -105.949028958980961, 39.595712441026421 ], [ -105.948785139153614, 39.595704679864618 ], [ -105.948592180712296, 39.595729011212299 ], [ -105.948425811644228, 39.595774381454348 ], [ -105.948339367682379, 39.595881345428275 ], [ -105.948263562385549, 39.595962720502214 ], [ -105.948240204297477, 39.596062793997447 ], [ -105.948210889210827, 39.596128913428885 ], [ -105.948206902564777, 39.5962394546547 ], [ -105.948185021999521, 39.59644789959578 ], [ -105.948117432692484, 39.59672897321375 ], [ -105.948095146124146, 39.596907669099409 ], [ -105.947999161933097, 39.597120968998667 ], [ -105.947858447667628, 39.597277254237582 ], [ -105.947646839348266, 39.597472370568283 ], [ -105.947423982360576, 39.597648451739403 ], [ -105.947262967548284, 39.597726270624911 ], [ -105.947085037837709, 39.59777234967212 ], [ -105.946841070518417, 39.597810465972593 ], [ -105.946676584684667, 39.597835183166687 ], [ -105.946523577401663, 39.59789593444976 ], [ -105.946320897168917, 39.597940088796136 ], [ -105.946090529006426, 39.59805125089288 ], [ -105.946120392665662, 39.598171821977516 ], [ -105.94597008386468, 39.598187601827775 ], [ -105.946024662202944, 39.598326894421049 ], [ -105.946246224487126, 39.598293067081606 ], [ -105.946448735451, 39.598241927393893 ], [ -105.946617580215417, 39.598205617592669 ], [ -105.947097992832141, 39.598112911187634 ], [ -105.947255390318617, 39.598065049027234 ], [ -105.94750423896285, 39.597962583925344 ], [ -105.94761062180622, 39.597899125779755 ], [ -105.947746589886179, 39.597797580772713 ], [ -105.947826197288506, 39.597702317783046 ], [ -105.947911527792684, 39.597612830419571 ], [ -105.94799129349768, 39.597529210772777 ], [ -105.948067177320922, 39.597436889185396 ], [ -105.948105752224649, 39.597368161506125 ], [ -105.948188525885783, 39.597229204617491 ], [ -105.948232486466637, 39.597141510223864 ], [ -105.948287476735459, 39.597034803071878 ], [ -105.948695917642411, 39.596494354609 ], [ -105.948778986978027, 39.596377228780767 ], [ -105.948879642948711, 39.596307993860457 ], [ -105.948993745758074, 39.596259027334369 ], [ -105.949047885795238, 39.596228017638374 ], [ -105.949138266733854, 39.596233101710006 ], [ -105.949257105312171, 39.596255420335616 ], [ -105.949310198438681, 39.596285554011303 ], [ -105.949350082890305, 39.596312884403879 ], [ -105.949451731783057, 39.596316420566055 ], [ -105.949577320626418, 39.596281915542946 ], [ -105.94962593582504, 39.596259684295468 ], [ -105.94967253057645, 39.596227280385932 ], [ -105.949715223584064, 39.596184719194632 ], [ -105.949765242868835, 39.596127542160488 ], [ -105.949791203058439, 39.596099673661634 ], [ -105.949859836171584, 39.596027788482431 ], [ -105.950054949453715, 39.596046931123631 ], [ -105.950207278980756, 39.596063682192835 ], [ -105.950365700589671, 39.596067923922597 ], [ -105.950401484984056, 39.596067631209849 ], [ -105.950597220989451, 39.59605260154899 ], [ -105.950846993302164, 39.596035966475426 ], [ -105.951172454521966, 39.596050482482092 ], [ -105.951298091796801, 39.596067644449306 ], [ -105.951732286262981, 39.596009516788122 ], [ -105.951841005233263, 39.595935863812137 ], [ -105.951895910002079, 39.595843450464777 ], [ -105.951984455684311, 39.595727517922995 ], [ -105.952062884125837, 39.595635922335852 ], [ -105.952324266006883, 39.595549901365047 ], [ -105.95248014229827, 39.595485967135097 ], [ -105.952661891477078, 39.595403629965972 ], [ -105.952860868944654, 39.595339341811062 ], [ -105.953078090095062, 39.595271871898696 ], [ -105.953226045270313, 39.595201938117157 ], [ -105.953369357524039, 39.595174486953468 ], [ -105.953511640650419, 39.595167255824691 ], [ -105.953659120477724, 39.595157960690543 ], [ -105.953822315182506, 39.595151568124606 ], [ -105.953982229164637, 39.595191689326612 ], [ -105.954078784450118, 39.595183822369599 ], [ -105.95403105802815, 39.595101063143986 ] ] ] } },
{ "type": "Feature", "properties": { "fid": 10, "feature-id": null, "trail_name": "Modest Girl", "feature_type": "Trail", "mountain_area": "Dercum", "difficulty": "Green", "acres_25_26": 2.0, "active": true, "notes": "Drawn as 26-27 alignment to include Reinholds and old top of Jaybird", "gis_acres": 3.79, "trail_id": "T010", "display_from_year": 2006, "display_to_year": 9999 }, "geometry": { "type": "Polygon", "coordinates": [ [ [ -105.944688967886336, 39.5951783119542 ], [ -105.944669570023308, 39.595331593376521 ], [ -105.944842037115876, 39.595377671192125 ], [ -105.945028101901499, 39.595408207080673 ], [ -105.945114254976005, 39.595425311381021 ], [ -105.945265394690367, 39.595789608261285 ], [ -105.945269306919357, 39.595912621400757 ], [ -105.945219321548677, 39.596025674864663 ], [ -105.945149106721303, 39.596133693787742 ], [ -105.945045081946247, 39.596226390431937 ], [ -105.944861387462439, 39.596390789046275 ], [ -105.944703299235044, 39.596461395676634 ], [ -105.944479783968319, 39.596497873421477 ], [ -105.94434548643288, 39.596505897172364 ], [ -105.944179360234926, 39.59647951887564 ], [ -105.944219569882193, 39.596966172852902 ], [ -105.944357289089467, 39.596880135195562 ], [ -105.944461809999851, 39.596823828715323 ], [ -105.944680517007598, 39.596763127713132 ], [ -105.94486316275011, 39.596690070052382 ], [ -105.945001109571947, 39.596566686599282 ], [ -105.94519443205661, 39.596340770053672 ], [ -105.945397038827352, 39.596120712663058 ], [ -105.945679258077661, 39.595888136893201 ], [ -105.945767737644474, 39.595850619526594 ], [ -105.945878647500251, 39.595882952797567 ], [ -105.946202754220778, 39.596022754382965 ], [ -105.946448872552352, 39.596132263202435 ], [ -105.94650084466285, 39.59617047440311 ], [ -105.946603163675576, 39.596127494005316 ], [ -105.9467339610149, 39.59606437880413 ], [ -105.946915710175318, 39.595964555118286 ], [ -105.947120538267995, 39.59589264089162 ], [ -105.947310473936597, 39.595838408902118 ], [ -105.947349815056938, 39.595838088130307 ], [ -105.947558906074462, 39.595854500337673 ], [ -105.947740403188348, 39.595887443131922 ], [ -105.947789786731661, 39.595908406385313 ], [ -105.947846002485107, 39.595980355099783 ], [ -105.947885731092569, 39.5960809264175 ], [ -105.947956207392892, 39.596185994873075 ], [ -105.9479986000661, 39.596256869285646 ], [ -105.948063665208082, 39.596302631572364 ], [ -105.948115117304923, 39.596362748970563 ], [ -105.948185021999521, 39.59644789959578 ], [ -105.948208895548703, 39.596184193476553 ], [ -105.948210889210827, 39.596128913428885 ], [ -105.948079489274875, 39.595989038153611 ], [ -105.947938233286777, 39.59581515495158 ], [ -105.947727307080669, 39.595624509615995 ], [ -105.947620641852481, 39.59552313100869 ], [ -105.94750704812121, 39.595570849178664 ], [ -105.947411089583014, 39.595597627105526 ], [ -105.947325976036623, 39.595598321114508 ], [ -105.947189204775526, 39.595589038039989 ], [ -105.946942587500601, 39.595573718018237 ], [ -105.946721127443325, 39.595596319094241 ], [ -105.946611682389587, 39.595619740198593 ], [ -105.946435160212317, 39.595652372760412 ], [ -105.946201958261895, 39.595635208858411 ], [ -105.946040289588325, 39.595607063884707 ], [ -105.945844410791466, 39.595534138466348 ], [ -105.94562172516757, 39.595466629979136 ], [ -105.945396800143826, 39.595399139284481 ], [ -105.945273044454709, 39.595358553541779 ], [ -105.945102158432277, 39.595311418941087 ], [ -105.944906658151325, 39.59526621729885 ], [ -105.944688967886336, 39.5951783119542 ] ] ] } },
{ "type": "Feature", "properties": { "fid": 11, "feature-id": null, "trail_name": "Schoolmarm", "feature_type": "Trail", "mountain_area": "Dercum", "difficulty": "Green", "acres_25_26": 61.1, "active": true, "notes": null, "gis_acres": 54.27, "trail_id": "T011", "display_from_year": 2006, "display_to_year": 9999 }, "geometry": { "type": "Polygon", "coordinates": [ [ [ -105.940923391941055, 39.579097263835713 ], [ -105.941019837139876, 39.579059482852664 ], [ -105.941055513003946, 39.579045832829081 ], [ -105.941060783387684, 39.579042706814704 ], [ -105.941049839561174, 39.579019156574084 ], [ -105.941114606725364, 39.578996020935513 ], [ -105.941105018705656, 39.578974515273032 ], [ -105.94125840158155, 39.578923939609219 ], [ -105.941286262146576, 39.578921658369161 ], [ -105.941403437538185, 39.578922119488233 ], [ -105.941443023826977, 39.578924499496189 ], [ -105.941581777338612, 39.578970652971044 ], [ -105.941711262714051, 39.579018936945552 ], [ -105.941831368665589, 39.579061130136964 ], [ -105.94221752432631, 39.579177047473763 ], [ -105.942516773775424, 39.579299312436532 ], [ -105.942558864742452, 39.579316509532319 ], [ -105.942837048990555, 39.579400009265406 ], [ -105.942905770491066, 39.579426385925096 ], [ -105.942996340377675, 39.579462878570006 ], [ -105.943117761043851, 39.579502896478836 ], [ -105.943228551253625, 39.579543985476256 ], [ -105.943308907586243, 39.579573787300589 ], [ -105.943372154883477, 39.579597243824288 ], [ -105.943396354121546, 39.579606218581773 ], [ -105.943491495310042, 39.579617825205041 ], [ -105.943588679347727, 39.579629728667982 ], [ -105.943696169066627, 39.579644422757411 ], [ -105.943712843155552, 39.579646702133843 ], [ -105.943764718806676, 39.579648601959889 ], [ -105.943884196722436, 39.579652977474332 ], [ -105.943960904711119, 39.579655592305741 ], [ -105.944122350475382, 39.579657057849005 ], [ -105.944267376204337, 39.579657573370845 ], [ -105.944403302991248, 39.579704905439065 ], [ -105.944581373040421, 39.57973565866186 ], [ -105.944773711408331, 39.579756387713353 ], [ -105.944964230951271, 39.579761030921887 ], [ -105.945178771805473, 39.579766716911422 ], [ -105.945356573131335, 39.579777655357276 ], [ -105.945454745452196, 39.579820651874485 ], [ -105.945612013770969, 39.579887204346164 ], [ -105.945791250263767, 39.5800012436694 ], [ -105.945992904020059, 39.580195765531819 ], [ -105.946084168472012, 39.580286687626284 ], [ -105.946239667842548, 39.580397252904213 ], [ -105.946407236663575, 39.580524219390647 ], [ -105.94660178659295, 39.580544634281253 ], [ -105.946941089720838, 39.58058220230442 ], [ -105.94731101436146, 39.580606686575727 ], [ -105.947506088983076, 39.580665595024222 ], [ -105.94755172247028, 39.580711055467496 ], [ -105.947677724441945, 39.580743027334805 ], [ -105.947967431627831, 39.580791996650859 ], [ -105.948248238134028, 39.580883203832428 ], [ -105.948443439238318, 39.580951276177451 ], [ -105.948698538728664, 39.581068358322483 ], [ -105.948856012900123, 39.581149571102785 ], [ -105.949008499538678, 39.581212491380185 ], [ -105.949160361268042, 39.58122958400714 ], [ -105.949312723294042, 39.581283338390037 ], [ -105.949543710757993, 39.581369449517744 ], [ -105.949722331884416, 39.581437655186683 ], [ -105.949910879614322, 39.581538778864257 ], [ -105.950094790126087, 39.581647273356594 ], [ -105.950276282184959, 39.581752120728517 ], [ -105.950360222036892, 39.581826599596141 ], [ -105.950510567929015, 39.581906035109007 ], [ -105.95065166375781, 39.582002045819948 ], [ -105.950884133383965, 39.582196306929397 ], [ -105.951051664829805, 39.582319600331743 ], [ -105.951259995739463, 39.582481058813755 ], [ -105.951511696285223, 39.582695327515175 ], [ -105.951828013116682, 39.582956732197928 ], [ -105.952047278649104, 39.583224431135847 ], [ -105.952244973907796, 39.583473973405816 ], [ -105.952434750472349, 39.583837244895626 ], [ -105.952546611721033, 39.584047157536567 ], [ -105.952712609972721, 39.584230959974235 ], [ -105.952945821030212, 39.584478376477406 ], [ -105.953190075271195, 39.584667036282923 ], [ -105.953423623608032, 39.584765951681717 ], [ -105.953779728444843, 39.584990358399018 ], [ -105.953976454635225, 39.58516840684328 ], [ -105.954219325643763, 39.585428574512797 ], [ -105.954317413182523, 39.585497434354323 ], [ -105.95457518028131, 39.58580697801554 ], [ -105.954860994848232, 39.586069134040173 ], [ -105.954901751189567, 39.586085952192185 ], [ -105.95505132643116, 39.586392596429491 ], [ -105.955134501125627, 39.586537195411971 ], [ -105.955226803615162, 39.586679858387164 ], [ -105.955226255583668, 39.586753381610876 ], [ -105.955204151100986, 39.586845160422129 ], [ -105.955160787916, 39.586976886407697 ], [ -105.955124847958047, 39.58708203640834 ], [ -105.955079860814521, 39.587208954809732 ], [ -105.955037442491488, 39.587296079659453 ], [ -105.95503565114042, 39.587392512365518 ], [ -105.955066898023901, 39.587512778003401 ], [ -105.955089728783591, 39.587587314271225 ], [ -105.955110073284132, 39.58766524653452 ], [ -105.954999978837492, 39.587742492544585 ], [ -105.954921048132064, 39.587797872844604 ], [ -105.954802732074128, 39.587926599521296 ], [ -105.954797640529335, 39.58817218004959 ], [ -105.954736349946032, 39.588312276478256 ], [ -105.954680541704732, 39.588380048494912 ], [ -105.954592866275874, 39.588468569004675 ], [ -105.954447952664552, 39.588658529825437 ], [ -105.954378119411587, 39.58880690037865 ], [ -105.95435523778643, 39.589069025447863 ], [ -105.954374465935985, 39.589229834453725 ], [ -105.954323465246432, 39.589374684600124 ], [ -105.954264297956456, 39.589590597966215 ], [ -105.954204715137166, 39.589776248048352 ], [ -105.954082203148118, 39.589903661922648 ], [ -105.953996211396174, 39.590009411116192 ], [ -105.953973118172073, 39.590338973183172 ], [ -105.953890378765678, 39.590514130861692 ], [ -105.953933619852279, 39.590814662021053 ], [ -105.954071295558677, 39.591121539313178 ], [ -105.954196149142703, 39.591332380594281 ], [ -105.954378599407804, 39.591548089816911 ], [ -105.954412020993175, 39.591640933418006 ], [ -105.954514830319297, 39.591696573501459 ], [ -105.954917917811869, 39.591941207313234 ], [ -105.954926571303531, 39.59207941320404 ], [ -105.954957500991952, 39.592284778301057 ], [ -105.954973727740622, 39.592349889517031 ], [ -105.955097537533362, 39.592593209502908 ], [ -105.955077080661354, 39.592688394204067 ], [ -105.954973660349538, 39.592855222545204 ], [ -105.955043092469964, 39.593043482177684 ], [ -105.955027546250207, 39.593192509292379 ], [ -105.955002978213102, 39.593331728035835 ], [ -105.95503182601702, 39.593504164415855 ], [ -105.955037798582623, 39.593663618804108 ], [ -105.955036586243025, 39.593841619040823 ], [ -105.955025616166182, 39.594048234503163 ], [ -105.955024045589425, 39.594269015819137 ], [ -105.95491425272435, 39.594644423335652 ], [ -105.954790230917624, 39.594992025208349 ], [ -105.954669691368707, 39.595389419568455 ], [ -105.954539859762505, 39.595721905890109 ], [ -105.954535890747621, 39.596044693514827 ], [ -105.954425862833745, 39.596392179963694 ], [ -105.954358904070858, 39.596613676358004 ], [ -105.954284942953578, 39.596937038835044 ], [ -105.95432948858425, 39.597326578261629 ], [ -105.954201892732016, 39.597414271877696 ], [ -105.954134278504242, 39.597588118403912 ], [ -105.954038696810713, 39.59776436068438 ], [ -105.95403538562384, 39.597931180684583 ], [ -105.954034563817061, 39.598062076765274 ], [ -105.953898321681464, 39.598071987475002 ], [ -105.953735286977263, 39.598096405039449 ], [ -105.953566600507486, 39.598123066773425 ], [ -105.953393622428138, 39.598147565467976 ], [ -105.953213541983374, 39.59817212217596 ], [ -105.953061614321385, 39.598177764571147 ], [ -105.952904786861339, 39.598180592550484 ], [ -105.952707629287332, 39.598193048923029 ], [ -105.952523702070266, 39.598148489069359 ], [ -105.952342931190501, 39.598078610861954 ], [ -105.952247937912148, 39.597980027297723 ], [ -105.952141077105381, 39.597952720359231 ], [ -105.951948637589055, 39.597917442932115 ], [ -105.95176504921983, 39.597914611208985 ], [ -105.951597361165767, 39.597947419350334 ], [ -105.951417331006169, 39.597999839437662 ], [ -105.951019948616235, 39.598088400343492 ], [ -105.950863738852277, 39.598156862815422 ], [ -105.95066995227711, 39.598350402697918 ], [ -105.950554379501142, 39.59851770850036 ], [ -105.950532084041697, 39.598701846879585 ], [ -105.950551697319639, 39.5987752688022 ], [ -105.950582896710188, 39.599519715230485 ], [ -105.950416088224785, 39.59964758293998 ], [ -105.950229234957632, 39.599781452954389 ], [ -105.950261255989304, 39.599915478890281 ], [ -105.950166405250044, 39.599998021719991 ], [ -105.950142666491743, 39.600026209152787 ], [ -105.950103949368668, 39.600093176475902 ], [ -105.950067931352351, 39.600105468140981 ], [ -105.949735918531829, 39.600272143388061 ], [ -105.949450805013896, 39.600516815650963 ], [ -105.949240445713457, 39.600708888928381 ], [ -105.948988122714923, 39.600856515329596 ], [ -105.948747396496088, 39.600944860667006 ], [ -105.948407055501022, 39.601006825236055 ], [ -105.94813285427918, 39.601066649458822 ], [ -105.947896086910717, 39.601142163794762 ], [ -105.94767683713043, 39.601137553926655 ], [ -105.947453103494368, 39.601107386342463 ], [ -105.947245540155038, 39.601049893003605 ], [ -105.946978584102339, 39.601034473445196 ], [ -105.94688950438281, 39.601022402552218 ], [ -105.946713935290944, 39.601036630257127 ], [ -105.946518321882337, 39.601097409885568 ], [ -105.946426413348121, 39.601181338692875 ], [ -105.946322926396377, 39.601326147174376 ], [ -105.946252455026482, 39.601465887816715 ], [ -105.946237525216972, 39.60158438105168 ], [ -105.946361581018763, 39.601735334197876 ], [ -105.946479260387733, 39.601873542219181 ], [ -105.946622991458952, 39.601950752424102 ], [ -105.946816018480064, 39.602003566473513 ], [ -105.947008544702769, 39.602019593102533 ], [ -105.947196957601889, 39.602037252563676 ], [ -105.947498805154424, 39.602033191656588 ], [ -105.947860787439453, 39.602041436303182 ], [ -105.9481793502258, 39.602050034186583 ], [ -105.948510558693187, 39.602076123736381 ], [ -105.948651591890112, 39.602106964569543 ], [ -105.94872885698426, 39.602162320222519 ], [ -105.948760547631736, 39.602211649539356 ], [ -105.948732190500039, 39.602255070748242 ], [ -105.94863575512592, 39.602310245155685 ], [ -105.948574163406533, 39.602342740373516 ], [ -105.948465169392975, 39.602386819861707 ], [ -105.948364314770402, 39.60242123510956 ], [ -105.948172877837507, 39.602485182660182 ], [ -105.947976629241964, 39.602499581051219 ], [ -105.9477766814219, 39.602546001615138 ], [ -105.94757101007832, 39.602627660076053 ], [ -105.947301438220506, 39.602724235764953 ], [ -105.947132699695189, 39.602784797293396 ], [ -105.946901583641619, 39.602820273127499 ], [ -105.94676945187102, 39.602835746510927 ], [ -105.946627286818796, 39.602873696123837 ], [ -105.946644851403988, 39.602948734974838 ], [ -105.946709644770451, 39.602999394736827 ], [ -105.946790892133123, 39.60304352190866 ], [ -105.946900999277304, 39.603081015345822 ], [ -105.946973497031422, 39.603090022142716 ], [ -105.947103844866291, 39.603095358079983 ], [ -105.947240373815802, 39.603099043858883 ], [ -105.947445417929302, 39.603122965768151 ], [ -105.947625737808622, 39.603153487446271 ], [ -105.947785207078581, 39.603171382013755 ], [ -105.947948724455358, 39.603182844867661 ], [ -105.94811430951377, 39.603194290617346 ], [ -105.948245181183083, 39.6032380117842 ], [ -105.948590787103797, 39.603409548626963 ], [ -105.94871402188538, 39.603499720478936 ], [ -105.948831228691432, 39.603602738355441 ], [ -105.948925931877824, 39.603723535691906 ], [ -105.949030733474459, 39.603826654682777 ], [ -105.949174667936603, 39.603918256559787 ], [ -105.949421920034894, 39.604004215137728 ], [ -105.949741147450467, 39.604060791741048 ], [ -105.949946745350147, 39.604044261072076 ], [ -105.95022060526091, 39.604016720927213 ], [ -105.950366033965068, 39.603980499802191 ], [ -105.950649929408257, 39.603950930354472 ], [ -105.950919236476352, 39.603958457401731 ], [ -105.951171306826353, 39.603993371730851 ], [ -105.951312502543814, 39.604015570048944 ], [ -105.951539177085706, 39.604033175733434 ], [ -105.951780945619134, 39.604050657320684 ], [ -105.952216605735757, 39.604080172801837 ], [ -105.952493327035924, 39.604077904434341 ], [ -105.952909489342105, 39.604071039355425 ], [ -105.953501582545044, 39.604066181454584 ], [ -105.953855862665691, 39.604100725168117 ], [ -105.953922677803959, 39.604627383945157 ], [ -105.953805133881573, 39.604746466509411 ], [ -105.953657640300747, 39.604854271143786 ], [ -105.953612360799326, 39.604811429098639 ], [ -105.953412258072007, 39.604885094262322 ], [ -105.953411609508152, 39.604932258900426 ], [ -105.953183020630902, 39.604941963148661 ], [ -105.953156974154069, 39.604813788265702 ], [ -105.953145803089399, 39.604737159910172 ], [ -105.953070512667296, 39.604708029005394 ], [ -105.953061344105834, 39.604629818497997 ], [ -105.952958127674989, 39.604630665178917 ], [ -105.952959378945948, 39.604574289195064 ], [ -105.952841845438684, 39.604564293206408 ], [ -105.952836160129195, 39.604592522694873 ], [ -105.952668330702579, 39.604604859022999 ], [ -105.952670719272874, 39.604631456582659 ], [ -105.952608001318325, 39.604633536570439 ], [ -105.952600399318442, 39.604669610335648 ], [ -105.95221595299904, 39.604679024803708 ], [ -105.95196471645869, 39.604660729411947 ], [ -105.951863202263397, 39.604638075453991 ], [ -105.951908378908385, 39.604537499577667 ], [ -105.951842200990228, 39.604434704624055 ], [ -105.951736468009273, 39.604399559400228 ], [ -105.951537402565606, 39.604347955674712 ], [ -105.951319822898, 39.604274583204322 ], [ -105.950984369592049, 39.60419188266529 ], [ -105.950698165231444, 39.604152316075307 ], [ -105.95045423756001, 39.604142882171253 ], [ -105.950034062853874, 39.604211087238227 ], [ -105.949748405369917, 39.604211517848412 ], [ -105.949508986012589, 39.604171565855459 ], [ -105.949232784380911, 39.604179156737544 ], [ -105.949067866756778, 39.60417994108888 ], [ -105.94900062056746, 39.604173069593813 ], [ -105.948940353258863, 39.604150371835374 ], [ -105.948882420721461, 39.604123016969993 ], [ -105.948798853215408, 39.604062477784268 ], [ -105.948729686669452, 39.604002748539976 ], [ -105.948663775550202, 39.603917947435413 ], [ -105.948583954117055, 39.603780386590685 ], [ -105.948493379903965, 39.603645696277411 ], [ -105.948458567640543, 39.603555075544456 ], [ -105.948423983227784, 39.603481149764718 ], [ -105.948362201392612, 39.603435274028904 ], [ -105.948280125152053, 39.603396057118005 ], [ -105.94815989597798, 39.603372920750921 ], [ -105.948012203662373, 39.603358356771103 ], [ -105.947771393866091, 39.603374235521166 ], [ -105.947596099279579, 39.603358040979565 ], [ -105.947370130700776, 39.603319069360239 ], [ -105.947209236990759, 39.603303684404665 ], [ -105.947003955028052, 39.603286805848505 ], [ -105.946780966027177, 39.603290478463435 ], [ -105.946614568194633, 39.603296156294583 ], [ -105.946431575300906, 39.603206355491075 ], [ -105.946287225257848, 39.603201067231105 ], [ -105.946252062199335, 39.602990158133245 ], [ -105.946308049109462, 39.602789861217097 ], [ -105.946411115058737, 39.602723944516988 ], [ -105.946540933853584, 39.602658882420741 ], [ -105.946693912096876, 39.602621459516548 ], [ -105.946869860449596, 39.602597763231564 ], [ -105.947039940075385, 39.602583390535479 ], [ -105.947216885005219, 39.602544843976062 ], [ -105.947348255559874, 39.602505741173552 ], [ -105.947499945541878, 39.602461834503046 ], [ -105.947605998003681, 39.602412734268647 ], [ -105.947726640431327, 39.602378356548769 ], [ -105.947850980852422, 39.602351369346984 ], [ -105.947964593547482, 39.602329107552826 ], [ -105.948051676744953, 39.602295930916299 ], [ -105.948072929607349, 39.602271639845675 ], [ -105.948089234744444, 39.602236257927579 ], [ -105.948092110744426, 39.602183361165416 ], [ -105.947944661251967, 39.602186419536665 ], [ -105.947786446191571, 39.60219142074866 ], [ -105.947622248834335, 39.602197398141378 ], [ -105.947475115279161, 39.602223643381222 ], [ -105.947324536315193, 39.602261047748421 ], [ -105.947175799169017, 39.602257622432127 ], [ -105.947018441738436, 39.60223757036168 ], [ -105.946873011064397, 39.602212782866673 ], [ -105.946716638089711, 39.602176953134283 ], [ -105.946560240016893, 39.602139268191621 ], [ -105.946429096469359, 39.602106942922681 ], [ -105.946282946695845, 39.602029287245209 ], [ -105.946205530339384, 39.601979827274576 ], [ -105.946125059800238, 39.601882156831287 ], [ -105.946022452626408, 39.601743852103859 ], [ -105.94592296309402, 39.601658395201909 ], [ -105.945838012887535, 39.601583951069969 ], [ -105.94567497883456, 39.601410889076661 ], [ -105.945641092840717, 39.601299852665989 ], [ -105.945667470626574, 39.601211515784726 ], [ -105.945828939891513, 39.601181445722538 ], [ -105.945923115552176, 39.601140792122152 ], [ -105.94597374981366, 39.601072664919513 ], [ -105.946057134575938, 39.60103209907178 ], [ -105.94614017845619, 39.600966490688577 ], [ -105.946237496099585, 39.600892417577271 ], [ -105.946501998595778, 39.600767819591326 ], [ -105.946771839045795, 39.600683064388015 ], [ -105.946997836613789, 39.600724819791836 ], [ -105.947160011706387, 39.600746687836747 ], [ -105.947336574390519, 39.60076843834036 ], [ -105.947562218619808, 39.600784222671841 ], [ -105.947732862578221, 39.600811586455443 ], [ -105.947939171937691, 39.60081639655084 ], [ -105.948108048002311, 39.600802032123873 ], [ -105.948277907899211, 39.600771890190288 ], [ -105.948471594952039, 39.600730422271639 ], [ -105.948577001913392, 39.600722140899506 ], [ -105.948837311208123, 39.600642096734255 ], [ -105.948998170036518, 39.600567502371256 ], [ -105.949099207503153, 39.600502672505115 ], [ -105.949192354657015, 39.600386888912574 ], [ -105.949335642055459, 39.6002549263223 ], [ -105.949487422860187, 39.600130314958207 ], [ -105.949608207924868, 39.600018943167527 ], [ -105.949696397704898, 39.599979263041241 ], [ -105.949765405332954, 39.599934354169172 ], [ -105.949809918175987, 39.599754587588919 ], [ -105.949724631072385, 39.599528192773228 ], [ -105.94969154922191, 39.599448714368357 ], [ -105.949628820142181, 39.599333276858424 ], [ -105.949541998671705, 39.599209687798776 ], [ -105.949449309521782, 39.599095422641831 ], [ -105.949368483303886, 39.598971784451756 ], [ -105.949302601630862, 39.598888838586397 ], [ -105.949224211749893, 39.59876796318936 ], [ -105.949772608425619, 39.598280856786715 ], [ -105.950426890579735, 39.597822990377949 ], [ -105.950684411176695, 39.597740846639404 ], [ -105.951046050369854, 39.597707103535498 ], [ -105.951386490280569, 39.597578104362441 ], [ -105.951718845198101, 39.597439935401859 ], [ -105.951872959769915, 39.597361714374912 ], [ -105.952232135099379, 39.59743880801016 ], [ -105.952568872822965, 39.597620748047405 ], [ -105.952697413374779, 39.597708965950865 ], [ -105.953116609140508, 39.597810191375338 ], [ -105.953482648107141, 39.597807187990526 ], [ -105.953561832665116, 39.596907662916792 ], [ -105.953705327164414, 39.59663559120316 ], [ -105.953829603066893, 39.596412930525524 ], [ -105.953902789839574, 39.596236864277081 ], [ -105.953928444363186, 39.596076579949695 ], [ -105.953996089602938, 39.595786660536227 ], [ -105.954060895922268, 39.595579879579489 ], [ -105.954078423858391, 39.595407348572351 ], [ -105.954076270178916, 39.595250370881722 ], [ -105.954078784450118, 39.595183822369599 ], [ -105.95403105802815, 39.595101063143986 ], [ -105.954080319672656, 39.5943473342342 ], [ -105.954189012855863, 39.594187417379118 ], [ -105.954302023382411, 39.594014102105866 ], [ -105.954383205702854, 39.593841048167739 ], [ -105.954468070366346, 39.593646415528738 ], [ -105.954517086415095, 39.59344899899579 ], [ -105.954532711716226, 39.593137958118035 ], [ -105.954521290773258, 39.592885627916061 ], [ -105.954494294331155, 39.59265805239346 ], [ -105.954463615397628, 39.592452055501234 ], [ -105.954392223766206, 39.592178669492817 ], [ -105.954282189551719, 39.591988716058175 ], [ -105.954104186373144, 39.591774693931256 ], [ -105.953938077059547, 39.591557495525933 ], [ -105.953865635836621, 39.591515581354791 ], [ -105.953239329714535, 39.591105278621221 ], [ -105.953293064937625, 39.590944042518338 ], [ -105.953311226668504, 39.590817681437478 ], [ -105.953332438455661, 39.590623571774323 ], [ -105.953365922443567, 39.590453988152149 ], [ -105.953418791238136, 39.590247305330315 ], [ -105.953472081673539, 39.590071402453717 ], [ -105.953517752953758, 39.589920188824514 ], [ -105.953602488889658, 39.58971632272425 ], [ -105.953683414941622, 39.589524801203602 ], [ -105.953753292280169, 39.589398015537164 ], [ -105.953830197161381, 39.589203448570991 ], [ -105.953799353092307, 39.588985139350008 ], [ -105.953805283495285, 39.588837330152472 ], [ -105.953846215371598, 39.588630745078767 ], [ -105.95382484730608, 39.588523178445584 ], [ -105.953669319539912, 39.588496749988572 ], [ -105.953545870259234, 39.588488528134242 ], [ -105.953470369772489, 39.588495304409328 ], [ -105.953712710498309, 39.58817932436618 ], [ -105.953923340488558, 39.588162203573908 ], [ -105.954101849786454, 39.588123797752075 ], [ -105.954260088210376, 39.588057853039857 ], [ -105.954358105510764, 39.587952384287192 ], [ -105.954483842600894, 39.587837452709643 ], [ -105.954576064843451, 39.587599662559569 ], [ -105.954604721585667, 39.587368551275532 ], [ -105.954593259511029, 39.587113142826723 ], [ -105.954522591286619, 39.586892082556133 ], [ -105.954387176814691, 39.586591517093403 ], [ -105.954119517724735, 39.586221235515808 ], [ -105.954149653149798, 39.586097854236762 ], [ -105.95398736676762, 39.585868310867923 ], [ -105.953744508917438, 39.585565548340938 ], [ -105.953262975188949, 39.585264743650022 ], [ -105.953173604262076, 39.585130029596137 ], [ -105.952992614295312, 39.584986831904303 ], [ -105.952823938325068, 39.584871238063272 ], [ -105.952603634007943, 39.584762223947195 ], [ -105.952331027345693, 39.584610541241759 ], [ -105.952169635175295, 39.58444563319086 ], [ -105.952148987275365, 39.584390392151306 ], [ -105.952083023744137, 39.584221623598147 ], [ -105.95213503109288, 39.584053090633226 ], [ -105.95206821326947, 39.583933161590451 ], [ -105.951928563978683, 39.583783009619502 ], [ -105.951612660007299, 39.583453586256425 ], [ -105.951417345473445, 39.583204426309997 ], [ -105.951147066103857, 39.58290124496083 ], [ -105.950981484215973, 39.582707876479084 ], [ -105.950753062460961, 39.582552845991913 ], [ -105.950584723305084, 39.582422539564675 ], [ -105.950395745333765, 39.582239167855214 ], [ -105.950108948002551, 39.582020592825856 ], [ -105.949940028594938, 39.581909482391502 ], [ -105.949714102969025, 39.581817586243226 ], [ -105.949458802688739, 39.581695619461307 ], [ -105.949157075710843, 39.581579883193839 ], [ -105.9488165532469, 39.581461639809838 ], [ -105.948588284875655, 39.581303881031872 ], [ -105.948360812432213, 39.581204438912636 ], [ -105.948128663075266, 39.58105285022058 ], [ -105.948093645929305, 39.581025576364738 ], [ -105.947482467158139, 39.58091477956237 ], [ -105.947209832870556, 39.580901449522592 ], [ -105.947027029709048, 39.580859391675773 ], [ -105.946916857153866, 39.580837478760664 ], [ -105.946705115190937, 39.580835056687761 ], [ -105.946565862500279, 39.580842412279111 ], [ -105.946389039466482, 39.580845926292341 ], [ -105.946270546430696, 39.580803343447982 ], [ -105.945982367240106, 39.580697857094755 ], [ -105.945783037009548, 39.580622752498329 ], [ -105.945081409940911, 39.58025859929635 ], [ -105.945001362065994, 39.580253061898851 ], [ -105.944869361564201, 39.580308593551671 ], [ -105.944718354333901, 39.580377894137598 ], [ -105.944576556070871, 39.580418652879203 ], [ -105.944412098931707, 39.580439792630649 ], [ -105.944173638096458, 39.580429353649933 ], [ -105.943816864110346, 39.580422350615507 ], [ -105.943712709418804, 39.580408344330927 ], [ -105.94361000299628, 39.580383187013027 ], [ -105.943483189982686, 39.580349561537993 ], [ -105.943363886889756, 39.580279982043578 ], [ -105.943282949889991, 39.580208853291467 ], [ -105.94315824550155, 39.580094760711702 ], [ -105.942971293290483, 39.579872256740273 ], [ -105.942815493454546, 39.579824013519456 ], [ -105.942638920130193, 39.579777176299118 ], [ -105.94253451516316, 39.579744605681498 ], [ -105.94243390235782, 39.57963774300773 ], [ -105.942331505106353, 39.579682536098566 ], [ -105.942210529334218, 39.579716043522303 ], [ -105.942069887920155, 39.579747108430269 ], [ -105.942051940246429, 39.579703025501537 ], [ -105.942023124479931, 39.579610063478924 ], [ -105.942063838474994, 39.579601835465866 ], [ -105.942043593196757, 39.579538816116987 ], [ -105.942061898437899, 39.579533928949523 ], [ -105.942051147934151, 39.579493736636223 ], [ -105.942029759755684, 39.579497069208607 ], [ -105.941979160388186, 39.579378220583294 ], [ -105.941677610286149, 39.579419364642504 ], [ -105.941664861733244, 39.579382347658438 ], [ -105.941643420132976, 39.579381731624672 ], [ -105.941620124432774, 39.579319526711458 ], [ -105.94136494432712, 39.579363257887991 ], [ -105.941391721628477, 39.579456499860825 ], [ -105.941262832316767, 39.579641315803883 ], [ -105.941189705697482, 39.579651517298956 ], [ -105.941181943957787, 39.579628518195491 ], [ -105.941075345119103, 39.579642834394626 ], [ -105.941045545828089, 39.579643075732179 ], [ -105.941042659721717, 39.579613310724405 ], [ -105.940866334325719, 39.579613777666374 ], [ -105.940861115329611, 39.579503314637208 ], [ -105.940865510217265, 39.579460998766962 ], [ -105.940860374785643, 39.579448548446543 ], [ -105.940813179712222, 39.579447969661601 ], [ -105.940748549805008, 39.57944368835021 ], [ -105.940673568551929, 39.579445288325822 ], [ -105.940617658536439, 39.579444571813923 ], [ -105.940617348897959, 39.57953342698012 ], [ -105.940478147305427, 39.579518186131274 ], [ -105.940443617277651, 39.579422598258979 ], [ -105.940363745988265, 39.579213973260877 ], [ -105.940341554223906, 39.579136991325662 ], [ -105.940543269961921, 39.579082748624067 ], [ -105.94072022106036, 39.579096514678518 ], [ -105.940742785933651, 39.579089317311308 ], [ -105.940923391941055, 39.579097263835713 ] ] ] } },
{ "type": "Feature", "properties": { "fid": 12, "feature-id": null, "trail_name": "Scout", "feature_type": "Trail", "mountain_area": "Dercum", "difficulty": "Green", "acres_25_26": 5.5, "active": true, "notes": null, "gis_acres": 6.53, "trail_id": "T012", "display_from_year": 2006, "display_to_year": 9999 }, "geometry": { "type": "Polygon", "coordinates": [ [ [ -105.942031648188262, 39.578976147131741 ], [ -105.941935232860473, 39.579092308560313 ], [ -105.941844773577401, 39.579065154090799 ], [ -105.941727521070561, 39.579024648512558 ], [ -105.941581777338612, 39.578970652971044 ], [ -105.941615741765986, 39.578936111943541 ], [ -105.941703160312912, 39.578807964663497 ], [ -105.941658205066432, 39.578779966652668 ], [ -105.941664400575434, 39.578763818905664 ], [ -105.94159166044868, 39.578732232448061 ], [ -105.941504468811289, 39.578835062510962 ], [ -105.941459887947104, 39.578904930952127 ], [ -105.941443023826977, 39.578924499496189 ], [ -105.941403437538185, 39.578922119488233 ], [ -105.941414567362756, 39.578800692614095 ], [ -105.941422488626301, 39.57871726106314 ], [ -105.941431356534011, 39.578621903114907 ], [ -105.941470131672858, 39.578527728503509 ], [ -105.941558056740746, 39.57842961372328 ], [ -105.941693927465579, 39.578323141042944 ], [ -105.9418363422608, 39.578212367336285 ], [ -105.941983909722993, 39.578102378866191 ], [ -105.942085127620672, 39.577946889729837 ], [ -105.942156445382636, 39.577834897707135 ], [ -105.942234076004638, 39.57768877493627 ], [ -105.942293731601993, 39.577490831422971 ], [ -105.942404300045496, 39.57721286347374 ], [ -105.942620761103129, 39.57697827472321 ], [ -105.942855996614142, 39.576797084823369 ], [ -105.943013738275951, 39.576670074961427 ], [ -105.943078989272621, 39.576522938212875 ], [ -105.943167807134344, 39.576323921209507 ], [ -105.943293955875035, 39.576178424330877 ], [ -105.943395736595377, 39.576010677423881 ], [ -105.943499275610023, 39.576051896899706 ], [ -105.943602874773333, 39.576097543175223 ], [ -105.943875288873215, 39.576146245609429 ], [ -105.943931630532504, 39.576152429014677 ], [ -105.944025866103104, 39.576210695219551 ], [ -105.944077728516817, 39.576308414149018 ], [ -105.944120890174517, 39.576397348985026 ], [ -105.944157067667589, 39.576463465751083 ], [ -105.944189123778258, 39.576549096468391 ], [ -105.944111853062509, 39.576588685258464 ], [ -105.944052359483365, 39.576589168620878 ], [ -105.943954665984876, 39.576557199659547 ], [ -105.943862749897193, 39.576613731302174 ], [ -105.943731062613409, 39.576775072068088 ], [ -105.943695494959115, 39.576886242314515 ], [ -105.943541738002736, 39.577084448313585 ], [ -105.943393990179104, 39.577287067088719 ], [ -105.943382255120696, 39.577303517889376 ], [ -105.943305255620146, 39.577390155999986 ], [ -105.943335578747934, 39.577497156532282 ], [ -105.943384875610704, 39.577671108502962 ], [ -105.943300559746419, 39.577746735981194 ], [ -105.943172845402614, 39.577896584394487 ], [ -105.943028112292978, 39.577987404686702 ], [ -105.94289515633767, 39.578092472530244 ], [ -105.942708616403863, 39.578346786651387 ], [ -105.942496179093709, 39.578570831022631 ], [ -105.942396483626183, 39.57869257207048 ], [ -105.942332510852012, 39.578759433384064 ], [ -105.942301266653388, 39.578792088281574 ], [ -105.942285239661103, 39.578808838889493 ], [ -105.94225326041007, 39.578830817314703 ], [ -105.942223865647065, 39.578851019475259 ], [ -105.942193421677786, 39.578871942704495 ], [ -105.94214437296425, 39.578899901832997 ], [ -105.94205747664212, 39.578949435043775 ], [ -105.942031648188262, 39.578976147131741 ] ] ] } },
{ "type": "Feature", "properties": { "fid": 13, "feature-id": null, "trail_name": "Silver Spoon", "feature_type": "Trail", "mountain_area": "Dercum", "difficulty": "Green", "acres_25_26": 20.7, "active": true, "notes": "Drawn thru Pay Flats to Mid Hydrant", "gis_acres": 23.99, "trail_id": "T013", "display_from_year": 2006, "display_to_year": 9999 }, "geometry": { "type": "Polygon", "coordinates": [ [ [ -105.953262975188949, 39.585264743650022 ], [ -105.953744508917438, 39.585565548340938 ], [ -105.953731028500911, 39.585706766756175 ], [ -105.953779984423633, 39.585858060189345 ], [ -105.953739373694788, 39.586004592611282 ], [ -105.953792057536049, 39.586207406479758 ], [ -105.953883027564572, 39.586400294370328 ], [ -105.953957220709597, 39.586596574287555 ], [ -105.954013270430636, 39.586849954488976 ], [ -105.954082939653134, 39.587118694154292 ], [ -105.954153129164638, 39.587469785229594 ], [ -105.9542001758753, 39.587722310380187 ], [ -105.954145633743082, 39.587831148924934 ], [ -105.954050295776767, 39.587916235617023 ], [ -105.953895419544878, 39.587972906866639 ], [ -105.953772297727369, 39.588075082190109 ], [ -105.953712710498309, 39.58817932436618 ], [ -105.953470369772489, 39.588495304409328 ], [ -105.953357904602598, 39.588494201949153 ], [ -105.953265155244466, 39.58848925466247 ], [ -105.95317311780056, 39.588468960493522 ], [ -105.953111580635394, 39.588494814760779 ], [ -105.953056854271139, 39.588585571128689 ], [ -105.953026181913188, 39.588698158975618 ], [ -105.952979365177157, 39.588929818796572 ], [ -105.952855883078243, 39.589081481578759 ], [ -105.952721811192333, 39.589257166117257 ], [ -105.95253715851598, 39.589460016119489 ], [ -105.952368803355782, 39.589657100463945 ], [ -105.952243276963003, 39.589847453202367 ], [ -105.952129679012856, 39.590167884148102 ], [ -105.952052439449929, 39.590510838482629 ], [ -105.952004969993922, 39.590873834540695 ], [ -105.951887447747296, 39.591121984435297 ], [ -105.951879675253892, 39.591617518125659 ], [ -105.951811790370343, 39.591974662498764 ], [ -105.95168992745856, 39.592287206235142 ], [ -105.95166274943945, 39.592782898768384 ], [ -105.951517994978317, 39.593182220975663 ], [ -105.951338010123095, 39.593628465920204 ], [ -105.951098619261487, 39.593861809599382 ], [ -105.950882989900407, 39.594010323270552 ], [ -105.950658886177251, 39.594297427638871 ], [ -105.950628622035609, 39.594567931512245 ], [ -105.950719534645202, 39.594829936755929 ], [ -105.950780571052604, 39.59503588302384 ], [ -105.950988411972304, 39.595457520855454 ], [ -105.950837184607963, 39.59563392461785 ], [ -105.950650890974117, 39.595771999915364 ], [ -105.950401484984056, 39.596067631209849 ], [ -105.950207278980756, 39.596063682192835 ], [ -105.949859836171584, 39.596027788482431 ], [ -105.949791203058439, 39.596099673661634 ], [ -105.949765242868835, 39.596127542160488 ], [ -105.949715223584064, 39.596184719194632 ], [ -105.94967253057645, 39.596227280385932 ], [ -105.94962593582504, 39.596259684295468 ], [ -105.949577320626418, 39.596281915542946 ], [ -105.949451731783057, 39.596316420566055 ], [ -105.949350082890305, 39.596312884403879 ], [ -105.949310198438681, 39.596285554011303 ], [ -105.949257105312171, 39.596255420335616 ], [ -105.949138266733854, 39.596233101710006 ], [ -105.949047885795238, 39.596228017638374 ], [ -105.948993745758074, 39.596259027334369 ], [ -105.948879642948711, 39.596307993860457 ], [ -105.948778986978027, 39.596377228780767 ], [ -105.948695917642411, 39.596494354609 ], [ -105.948796853632317, 39.596667123819067 ], [ -105.948891453639007, 39.596818233890751 ], [ -105.94903575200982, 39.597051998751361 ], [ -105.949110563951805, 39.597139194781953 ], [ -105.949250336195064, 39.597496341630681 ], [ -105.949169365197861, 39.597716441890135 ], [ -105.949189817508554, 39.597847649305351 ], [ -105.949256405658033, 39.597940944208382 ], [ -105.949416842169384, 39.598073895131606 ], [ -105.949500401614586, 39.598180044285449 ], [ -105.949699679937041, 39.598345678940994 ], [ -105.949224211749893, 39.59876796318936 ], [ -105.949137548530345, 39.598646236052453 ], [ -105.948984482887823, 39.598501031569114 ], [ -105.948821900557562, 39.598147167515947 ], [ -105.948670447754282, 39.597938790394949 ], [ -105.948540854506888, 39.597893948475317 ], [ -105.948493092628794, 39.597796551423052 ], [ -105.948382692032069, 39.597645783049131 ], [ -105.948354612678514, 39.597478377424089 ], [ -105.948406274677367, 39.597294355667984 ], [ -105.948391745159142, 39.597174735102485 ], [ -105.948287476735459, 39.597034803071878 ], [ -105.948095146124146, 39.596907669099409 ], [ -105.948185021999521, 39.59644789959578 ], [ -105.948208895548703, 39.596184193476553 ], [ -105.948210889210827, 39.596128913428885 ], [ -105.948240204297477, 39.596062793997447 ], [ -105.948263562385549, 39.595962720502214 ], [ -105.948339367682379, 39.595881345428275 ], [ -105.948425811644228, 39.595774381454348 ], [ -105.948592180712296, 39.595729011212299 ], [ -105.948785139153614, 39.595704679864618 ], [ -105.949028958980961, 39.595712441026421 ], [ -105.949238767555897, 39.59569122211559 ], [ -105.949474539423449, 39.595725054705404 ], [ -105.949614505723062, 39.59570767403401 ], [ -105.949765309043912, 39.595642875256267 ], [ -105.949928450801238, 39.595555971746357 ], [ -105.950066647650587, 39.595493720498339 ], [ -105.950229421237566, 39.595379926215656 ], [ -105.950212052275063, 39.595265160267566 ], [ -105.950185103783397, 39.595143138104206 ], [ -105.950119402939464, 39.594960311558189 ], [ -105.950076522243975, 39.594828640242682 ], [ -105.949963625773279, 39.594660868622398 ], [ -105.949968811349507, 39.594425405992524 ], [ -105.950044993329726, 39.594169398131243 ], [ -105.950151553150818, 39.594054043841851 ], [ -105.950194792995518, 39.593886369042636 ], [ -105.95016950376899, 39.593701641912553 ], [ -105.950218313730844, 39.593525115164795 ], [ -105.950489901512555, 39.593408410786353 ], [ -105.95061874061733, 39.593257648283561 ], [ -105.950661557598877, 39.593059154426832 ], [ -105.950738638424113, 39.592869186559568 ], [ -105.95080614335518, 39.592811392694827 ], [ -105.950975537307187, 39.592713136184194 ], [ -105.951019797857015, 39.592620306924857 ], [ -105.951023501715738, 39.592474971340664 ], [ -105.95098252379367, 39.592391646136292 ], [ -105.950968734627949, 39.59221563139333 ], [ -105.951074183280795, 39.591973738849198 ], [ -105.951205011848046, 39.591849016626185 ], [ -105.951292759910771, 39.591709567564941 ], [ -105.951333736305472, 39.591570501403716 ], [ -105.951338396690673, 39.591341256060623 ], [ -105.951369803918922, 39.591072585210846 ], [ -105.951379970454028, 39.590960914249344 ], [ -105.951288140233757, 39.590801824269313 ], [ -105.951267944708945, 39.59060118368032 ], [ -105.95134659435098, 39.590315437519557 ], [ -105.951535253071782, 39.590104677783238 ], [ -105.951645919952114, 39.589913876924122 ], [ -105.951815954756711, 39.58966421367316 ], [ -105.951949620370982, 39.589360668452379 ], [ -105.951999370882191, 39.589150872246854 ], [ -105.9520862526809, 39.588907812443026 ], [ -105.952210891258844, 39.5888602602665 ], [ -105.952255592313364, 39.588830812171992 ], [ -105.952302639591224, 39.588789712130549 ], [ -105.952371891295684, 39.58872322588725 ], [ -105.952473210014716, 39.588619639853761 ], [ -105.952522019212694, 39.588524239344672 ], [ -105.952572404593539, 39.588360968471612 ], [ -105.952649606672978, 39.588143191768395 ], [ -105.952728295185679, 39.588033974698824 ], [ -105.952877110171073, 39.587922243710402 ], [ -105.953026455878899, 39.587849283849501 ], [ -105.953227911362006, 39.587739059415178 ], [ -105.953451543366015, 39.587601509686273 ], [ -105.953550964609974, 39.587542530299338 ], [ -105.953548732370109, 39.587379690792922 ], [ -105.953466485239858, 39.587229140611093 ], [ -105.953384397886921, 39.587090221757528 ], [ -105.953356633464225, 39.586892693619291 ], [ -105.953370159652309, 39.586599826268511 ], [ -105.95337565339841, 39.586436955651671 ], [ -105.95332448930553, 39.58626282026048 ], [ -105.953261035531327, 39.586081709105493 ], [ -105.953185098284322, 39.585879470630644 ], [ -105.953154076996086, 39.585617892297172 ], [ -105.953175877424229, 39.585429005122613 ], [ -105.953262975188949, 39.585264743650022 ] ] ] } },
{ "type": "Feature", "properties": { "fid": 14, "feature-id": null, "trail_name": "Ski-Daddle", "feature_type": "Trail", "mountain_area": "Dercum", "difficulty": "Green", "acres_25_26": 1.3, "active": true, "notes": null, "gis_acres": 1.74, "trail_id": "T014", "display_from_year": 2017, "display_to_year": 9999 }, "geometry": { "type": "Polygon", "coordinates": [ [ [ -105.943695494959115, 39.576886242314515 ], [ -105.94376963572978, 39.576931162452638 ], [ -105.9438291336253, 39.576980753707872 ], [ -105.943944082143503, 39.577077341885669 ], [ -105.944083658154227, 39.577206469122977 ], [ -105.94422729191939, 39.57737012689212 ], [ -105.944335811588772, 39.577519208594062 ], [ -105.94450754217759, 39.577694796869167 ], [ -105.944686256293366, 39.577870328106876 ], [ -105.944787373208896, 39.577988396021588 ], [ -105.944957470504832, 39.578172103026752 ], [ -105.945149709499532, 39.578443446166411 ], [ -105.945281752538875, 39.578653131632592 ], [ -105.945408926404212, 39.578889877010283 ], [ -105.94553446559469, 39.579134741674103 ], [ -105.945599219882681, 39.579274721093832 ], [ -105.945740987311169, 39.579428934934263 ], [ -105.945850157401296, 39.579496948495908 ], [ -105.946024343122204, 39.579603098162814 ], [ -105.946141825437252, 39.579690136722803 ], [ -105.946275927878105, 39.579859035245953 ], [ -105.946403529699296, 39.580119981423621 ], [ -105.946537688025401, 39.580292878948455 ], [ -105.94662160528614, 39.580382190309173 ], [ -105.946738572695878, 39.580431234563079 ], [ -105.946917424110353, 39.580469774966339 ], [ -105.947129624864402, 39.580490044271343 ], [ -105.947295419686, 39.580518691073998 ], [ -105.947438229447684, 39.580567523937354 ], [ -105.947695205806085, 39.580649423643948 ], [ -105.948042819493097, 39.580744582527117 ], [ -105.948367094765871, 39.580833931185012 ], [ -105.948630292671268, 39.580946575394044 ], [ -105.948796643096045, 39.581029687342301 ], [ -105.948901013141693, 39.581111022241785 ], [ -105.949008499538678, 39.581212491380185 ], [ -105.949160361268042, 39.58122958400714 ], [ -105.949112699822365, 39.581165226280341 ], [ -105.949023297313431, 39.581099750167354 ], [ -105.948948520334895, 39.581025022634073 ], [ -105.948851572001033, 39.580947051636706 ], [ -105.948744532432826, 39.580886285280101 ], [ -105.948606424987815, 39.580818923527652 ], [ -105.948447901411058, 39.580768850585024 ], [ -105.948270078829694, 39.580709803014344 ], [ -105.948172356639944, 39.580683204745498 ], [ -105.947981415179498, 39.580635678666731 ], [ -105.947742994742825, 39.580567992740882 ], [ -105.947544616807335, 39.580515960640248 ], [ -105.947280889473973, 39.580431357795895 ], [ -105.947019134865982, 39.580383265911827 ], [ -105.946828412427834, 39.580351716987302 ], [ -105.946712836263387, 39.580313848078028 ], [ -105.94659783457557, 39.580209768021732 ], [ -105.946479200149497, 39.580055491929144 ], [ -105.94639582573852, 39.579890655132196 ], [ -105.94636983538885, 39.579823518967686 ], [ -105.94634514929534, 39.579743815796007 ], [ -105.946265843104015, 39.579661132966692 ], [ -105.946165747976011, 39.579568345960752 ], [ -105.946054148305706, 39.579497340824631 ], [ -105.945932131064069, 39.579419571452171 ], [ -105.945811449418571, 39.579331517676877 ], [ -105.945713824378018, 39.579203324005547 ], [ -105.945654982723582, 39.57910677631893 ], [ -105.945590101844545, 39.579000004343968 ], [ -105.945532595896495, 39.578893172318864 ], [ -105.945476332439952, 39.578769207815377 ], [ -105.945406577616382, 39.578629372200758 ], [ -105.945323827751253, 39.578510189066684 ], [ -105.945260283341838, 39.57839313261676 ], [ -105.945149246736406, 39.578254774138536 ], [ -105.945056049244641, 39.57812654386759 ], [ -105.944924271504803, 39.577981504916153 ], [ -105.944782154354101, 39.577835408387386 ], [ -105.944639975825098, 39.577684746220157 ], [ -105.944491681357988, 39.577518152731891 ], [ -105.944324089814529, 39.577342583954724 ], [ -105.944205635756745, 39.577200860347446 ], [ -105.944054656794933, 39.577053693416261 ], [ -105.943920243031513, 39.576931504492578 ], [ -105.943731062613409, 39.576775072068088 ], [ -105.943695494959115, 39.576886242314515 ] ] ] } },
{ "type": "Feature", "properties": { "fid": 15, "feature-id": null, "trail_name": "Two Sled Road", "feature_type": "Trail", "mountain_area": "Dercum", "difficulty": "Green", "acres_25_26": 3.0, "active": true, "notes": null, "gis_acres": 1.18, "trail_id": "T015", "display_from_year": 2006, "display_to_year": 9999 }, "geometry": { "type": "Polygon", "coordinates": [ [ [ -105.957245169705587, 39.593029498458158 ], [ -105.957167568153878, 39.593103124573517 ], [ -105.957064628357671, 39.593163578444489 ], [ -105.956955316205267, 39.593218002476213 ], [ -105.956812170164582, 39.593327445132189 ], [ -105.956672084272299, 39.593430780181684 ], [ -105.956538554155699, 39.593553524235261 ], [ -105.95642077836419, 39.593678571343247 ], [ -105.956328039262218, 39.593794897132057 ], [ -105.956278884906496, 39.593879236518895 ], [ -105.956248696467739, 39.593970718470025 ], [ -105.956162462496891, 39.594217150356371 ], [ -105.956087199551206, 39.594461058998959 ], [ -105.956060271981102, 39.594561029185407 ], [ -105.956026037165699, 39.594758521173979 ], [ -105.955997368762326, 39.595010950718653 ], [ -105.955955123250064, 39.595277700049387 ], [ -105.955918469800395, 39.595450274737672 ], [ -105.955828827161412, 39.595609077259539 ], [ -105.9557745678852, 39.595669908013271 ], [ -105.9556585771887, 39.595749006630925 ], [ -105.955502954634554, 39.595784030784806 ], [ -105.955338077182759, 39.595813802795405 ], [ -105.955140795849815, 39.595824304838139 ], [ -105.954975479173285, 39.595822111739373 ], [ -105.954762788333412, 39.595880692106284 ], [ -105.954623817818089, 39.59595820251868 ], [ -105.954535890747621, 39.596044693514827 ], [ -105.954539859762505, 39.595721905890109 ], [ -105.954632076861017, 39.595723701142127 ], [ -105.954776734842454, 39.595726064499388 ], [ -105.954916728905317, 39.595723137974367 ], [ -105.955072839420069, 39.595723630823514 ], [ -105.955215055663658, 39.595715357637708 ], [ -105.955343377588349, 39.595698318468521 ], [ -105.955432629147367, 39.595678048430464 ], [ -105.955654475899195, 39.59561761551884 ], [ -105.955761138433687, 39.595527937570893 ], [ -105.955828095898596, 39.595388857852576 ], [ -105.955880426560867, 39.595187738027271 ], [ -105.955917593395355, 39.594885510270743 ], [ -105.955960804023988, 39.594586688583924 ], [ -105.956019108685169, 39.594378518579909 ], [ -105.95609707659284, 39.594117606916299 ], [ -105.956178947640751, 39.593893468943477 ], [ -105.956278240447716, 39.593700735410472 ], [ -105.956381364204489, 39.593539518147807 ], [ -105.956529016123909, 39.593379595223169 ], [ -105.956722016343889, 39.593219880916863 ], [ -105.956927132056592, 39.593106260397469 ], [ -105.956956151161108, 39.593045613993461 ], [ -105.956936852949013, 39.592978258787674 ], [ -105.957245169705587, 39.593029498458158 ] ] ] } },
{ "type": "Feature", "properties": { "fid": 16, "feature-id": null, "trail_name": "Bachelor", "feature_type": "Trail", "mountain_area": "Dercum", "difficulty": "Blue", "acres_25_26": 14.6, "active": true, "notes": null, "gis_acres": 12.97, "trail_id": "T016", "display_from_year": 2006, "display_to_year": 9999 }, "geometry": { "type": "Polygon", "coordinates": [ [ [ -105.941391721628477, 39.579456499860825 ], [ -105.941396406011748, 39.579467504724299 ], [ -105.941500920045456, 39.579445754964013 ], [ -105.941583125197056, 39.579691743986942 ], [ -105.941595676916549, 39.579740973299693 ], [ -105.941585744217292, 39.579805434953265 ], [ -105.941607803872884, 39.580019101993869 ], [ -105.941640069969111, 39.580188522507768 ], [ -105.941568122065135, 39.580234272682858 ], [ -105.941543247494977, 39.580261330384332 ], [ -105.941480761890389, 39.580328244598363 ], [ -105.941476210155344, 39.58041739503647 ], [ -105.941506765663348, 39.580547847342473 ], [ -105.941539220342463, 39.580676799022392 ], [ -105.941544405095755, 39.580776267144124 ], [ -105.941586022701003, 39.580939329505469 ], [ -105.941657527233247, 39.581218838884318 ], [ -105.941714068645311, 39.581427995514936 ], [ -105.941793715785366, 39.581618894590299 ], [ -105.941860435048653, 39.581903610681877 ], [ -105.941915857273713, 39.582219752098666 ], [ -105.942076840428072, 39.582777757152293 ], [ -105.942215254233403, 39.583330668425681 ], [ -105.942353413048707, 39.583864586108497 ], [ -105.942486625271599, 39.584335225586941 ], [ -105.942602016648436, 39.584698368663041 ], [ -105.942745231976943, 39.585001133655275 ], [ -105.942877290728518, 39.585386302508248 ], [ -105.94289243882308, 39.585598295200235 ], [ -105.942880321922587, 39.585911818078934 ], [ -105.943004844565309, 39.586344536435966 ], [ -105.943066283982063, 39.586651130487787 ], [ -105.943144003020606, 39.586951260539408 ], [ -105.943269516588387, 39.587456786263637 ], [ -105.943360112311993, 39.58780113423466 ], [ -105.943386463096317, 39.587933888230822 ], [ -105.943183530141681, 39.588055840039686 ], [ -105.943061692774009, 39.588123312958828 ], [ -105.942985717713881, 39.588253731615048 ], [ -105.942889886580147, 39.588428633997374 ], [ -105.942854480780341, 39.588533396112588 ], [ -105.942766488354934, 39.58868290755445 ], [ -105.942547948603078, 39.58825728363643 ], [ -105.942669615111896, 39.588177149027786 ], [ -105.942737451015219, 39.588049962516635 ], [ -105.942849990404596, 39.587900251897182 ], [ -105.942893921730743, 39.587820747817005 ], [ -105.942863866837754, 39.587716516892577 ], [ -105.942767579577591, 39.587555837113946 ], [ -105.942633956755273, 39.587357469303619 ], [ -105.942545895905042, 39.587199888492691 ], [ -105.942433288084771, 39.587042506711889 ], [ -105.94236321391908, 39.586756012284809 ], [ -105.942319159907242, 39.586566950401682 ], [ -105.94226750424609, 39.586429318053426 ], [ -105.942269131050182, 39.586243096175806 ], [ -105.942176205167002, 39.586121850925906 ], [ -105.942054194605163, 39.58599763091555 ], [ -105.942023544646574, 39.58587909110237 ], [ -105.942046481112214, 39.585734432875014 ], [ -105.941942916860469, 39.58555605047183 ], [ -105.941808958958902, 39.585392304022704 ], [ -105.941803690093209, 39.585210163627366 ], [ -105.941838480750519, 39.585088426223514 ], [ -105.941840797767853, 39.584845496626343 ], [ -105.941836883883056, 39.584514996117903 ], [ -105.941781962059025, 39.584184909032629 ], [ -105.941795924310782, 39.583973983946009 ], [ -105.941809639884895, 39.583744842535054 ], [ -105.941810255142727, 39.583541833463606 ], [ -105.941777380074655, 39.583349506300138 ], [ -105.941683828219155, 39.583147260413696 ], [ -105.941519369958641, 39.582924768077199 ], [ -105.94144642058906, 39.582753586441768 ], [ -105.941420730888652, 39.582595034949691 ], [ -105.941463077661524, 39.582493189784365 ], [ -105.941492359371196, 39.582420079252067 ], [ -105.941474381869895, 39.582334338552506 ], [ -105.941371693811433, 39.582202437060822 ], [ -105.941241503133924, 39.582026513767801 ], [ -105.941139132796692, 39.581918033042577 ], [ -105.941131999070578, 39.580920610912301 ], [ -105.941100158522232, 39.58052271164545 ], [ -105.941085870861144, 39.580374000991796 ], [ -105.941060916301467, 39.58004171863751 ], [ -105.941032169481019, 39.579904126772213 ], [ -105.941190621637816, 39.579867191129082 ], [ -105.941231070069563, 39.579791993654609 ], [ -105.941213668435026, 39.579697656002843 ], [ -105.941280249722922, 39.579681073132022 ], [ -105.941262832316767, 39.579641315803883 ], [ -105.941391721628477, 39.579456499860825 ] ] ] } },
{ "type": "Feature", "properties": { "fid": 17, "feature-id": null, "trail_name": "Ballhooter", "feature_type": "Trail", "mountain_area": "Dercum", "difficulty": "Blue", "acres_25_26": 6.0, "active": true, "notes": null, "gis_acres": 5.59, "trail_id": "T017", "display_from_year": 2006, "display_to_year": 9999 }, "geometry": { "type": "Polygon", "coordinates": [ [ [ -105.954034563817061, 39.598062076765274 ], [ -105.95408958357703, 39.598249760182632 ], [ -105.954322195117271, 39.59840421570425 ], [ -105.954246110966295, 39.598544746995429 ], [ -105.954042496061589, 39.598694555314324 ], [ -105.953930502894551, 39.598802462114669 ], [ -105.953846761781236, 39.598901907078449 ], [ -105.953667437950614, 39.599013109642272 ], [ -105.953426934440316, 39.599058975715892 ], [ -105.953186656217099, 39.599121299015785 ], [ -105.952922084114036, 39.59922222674588 ], [ -105.952730890559977, 39.599347241530239 ], [ -105.952574409165109, 39.599417654816747 ], [ -105.952310294412726, 39.599396776576938 ], [ -105.952135125435248, 39.59934554161601 ], [ -105.951952032914718, 39.599337166199739 ], [ -105.951841452623043, 39.599341364109684 ], [ -105.951684159378757, 39.599352528391222 ], [ -105.951479972938756, 39.59935749267288 ], [ -105.951318875114126, 39.599401606762946 ], [ -105.951128263435152, 39.599465713735817 ], [ -105.950877183806938, 39.599452677668346 ], [ -105.950762180399792, 39.599467943042526 ], [ -105.950698713999429, 39.599490744489479 ], [ -105.950582896710188, 39.599519715230485 ], [ -105.950551697319639, 39.5987752688022 ], [ -105.950662745747351, 39.598816209539777 ], [ -105.950848908539086, 39.598889490313319 ], [ -105.951127837806681, 39.598976335600113 ], [ -105.951307525332666, 39.599027386544499 ], [ -105.951584952934439, 39.599004424113367 ], [ -105.951851223352008, 39.598917889291911 ], [ -105.952043132067729, 39.598809681131833 ], [ -105.952266005752861, 39.598709176754809 ], [ -105.952386568540632, 39.598649300128017 ], [ -105.952468852732153, 39.598648625592254 ], [ -105.952545270820409, 39.59867028119038 ], [ -105.952633987984981, 39.598688652736605 ], [ -105.952719950328969, 39.59865611629597 ], [ -105.952791272992528, 39.598606192486791 ], [ -105.952837866716777, 39.598553288285579 ], [ -105.952880302553282, 39.598497235009702 ], [ -105.952922847369194, 39.59844913871644 ], [ -105.95302674772212, 39.598254794154911 ], [ -105.953061614321385, 39.598177764571147 ], [ -105.953213541983374, 39.59817212217596 ], [ -105.953393622428138, 39.598147565467976 ], [ -105.953566600507486, 39.598123066773425 ], [ -105.953735286977263, 39.598096405039449 ], [ -105.953898321681464, 39.598071987475002 ], [ -105.954034563817061, 39.598062076765274 ] ] ] } },
{ "type": "Feature", "properties": { "fid": 18, "feature-id": null, "trail_name": "Beger", "feature_type": "Trail", "mountain_area": "Dercum", "difficulty": "Blue", "acres_25_26": 3.4, "active": true, "notes": null, "gis_acres": 2.81, "trail_id": "T018", "display_from_year": 2006, "display_to_year": 9999 }, "geometry": { "type": "Polygon", "coordinates": [ [ [ -105.943218566892284, 39.59802464230664 ], [ -105.94268175491699, 39.598186250865027 ], [ -105.942697160778593, 39.598230885328825 ], [ -105.942797071277852, 39.598256097571081 ], [ -105.942828212472904, 39.598270417713572 ], [ -105.9428630746865, 39.59836069464464 ], [ -105.942894169016142, 39.598470779578363 ], [ -105.942886148603179, 39.598573895519529 ], [ -105.942908747354693, 39.598652821860533 ], [ -105.9429502633987, 39.598737631986104 ], [ -105.942973216193352, 39.598882341432578 ], [ -105.942963484803812, 39.599117251425746 ], [ -105.942918968646239, 39.599287490465947 ], [ -105.942917839924533, 39.599442388156575 ], [ -105.942842710516828, 39.599736536604993 ], [ -105.942759327439219, 39.599898347268159 ], [ -105.942755223418288, 39.600072005599365 ], [ -105.942920742859187, 39.60020619121746 ], [ -105.942941541981554, 39.600329906500782 ], [ -105.943389551184254, 39.600583282810319 ], [ -105.943579909973906, 39.600696375950001 ], [ -105.943735047937224, 39.600855980274119 ], [ -105.943860829819556, 39.600965899446912 ], [ -105.943986210470612, 39.601046237485711 ], [ -105.9441910115208, 39.601166608324313 ], [ -105.944338530119978, 39.601292991457818 ], [ -105.94446214984022, 39.601419568680718 ], [ -105.944559514270949, 39.601575522527597 ], [ -105.944740364084694, 39.601274290609368 ], [ -105.944676343738465, 39.601175606193124 ], [ -105.944510031861284, 39.601073413476833 ], [ -105.944351066030549, 39.600984103919835 ], [ -105.944129761743071, 39.60088050861394 ], [ -105.94405751176339, 39.600840417367046 ], [ -105.94392196933326, 39.600715785577442 ], [ -105.943842148331669, 39.60064617144856 ], [ -105.943687813592746, 39.600545729251742 ], [ -105.943512446805144, 39.600480588955641 ], [ -105.943410665766223, 39.600377870569069 ], [ -105.943310823434956, 39.600241854057828 ], [ -105.943256289220514, 39.6000980735543 ], [ -105.943157633710229, 39.59987329448299 ], [ -105.943234543758081, 39.599728446833723 ], [ -105.943210175681031, 39.59951785679322 ], [ -105.943196470733838, 39.599388536900783 ], [ -105.943216098598882, 39.599249701317831 ], [ -105.943247951592028, 39.599131105660199 ], [ -105.943267604372551, 39.598994118877528 ], [ -105.943272867792857, 39.598853550881117 ], [ -105.943227618324528, 39.598689355760854 ], [ -105.943163049711288, 39.598510525315469 ], [ -105.943135131443015, 39.598390565857805 ], [ -105.943142534174271, 39.598231490317559 ], [ -105.943203114964447, 39.598116359480571 ], [ -105.943218566892284, 39.59802464230664 ] ] ] } },
{ "type": "Feature", "properties": { "fid": 19, "feature-id": null, "trail_name": "Bobtail", "feature_type": "Trail", "mountain_area": "Dercum", "difficulty": "Blue", "acres_25_26": 3.9, "active": true, "notes": null, "gis_acres": 2.91, "trail_id": "T019", "display_from_year": 2006, "display_to_year": 9999 }, "geometry": { "type": "Polygon", "coordinates": [ [ [ -105.943891453905707, 39.598186033137203 ], [ -105.943993357737156, 39.598194424300154 ], [ -105.94409364177416, 39.598193225320223 ], [ -105.944191960742145, 39.598193578737771 ], [ -105.944218770738715, 39.598193360857564 ], [ -105.944600106888402, 39.598209905471997 ], [ -105.944618685542963, 39.598243404088258 ], [ -105.944674650170555, 39.59836072289125 ], [ -105.94480165660957, 39.598447999195145 ], [ -105.944990237659312, 39.598605245891768 ], [ -105.945188021411383, 39.598747872640871 ], [ -105.94541985905515, 39.598859920346413 ], [ -105.945657798992372, 39.598959797276791 ], [ -105.945971645224134, 39.599111174450201 ], [ -105.946141975643158, 39.599193419884145 ], [ -105.946285311381033, 39.599249219531679 ], [ -105.946373139979414, 39.599255776535728 ], [ -105.946421704597952, 39.599255380940264 ], [ -105.946493388784418, 39.59922691951467 ], [ -105.94651792645422, 39.599187933573241 ], [ -105.946559729673112, 39.599151231090353 ], [ -105.946603099445298, 39.599114515828859 ], [ -105.94689948340087, 39.599133917805084 ], [ -105.947131868108897, 39.599170809660855 ], [ -105.947251094686294, 39.599181958293279 ], [ -105.947453681313277, 39.599216668319116 ], [ -105.947553252402358, 39.599280095665591 ], [ -105.947704193602931, 39.599300106288126 ], [ -105.94782978667952, 39.599325994620365 ], [ -105.947934655538774, 39.599362817052231 ], [ -105.94800683826017, 39.599383758381926 ], [ -105.948021583951672, 39.599444640551077 ], [ -105.948017924341045, 39.599516438046166 ], [ -105.948018511387474, 39.599559493835805 ], [ -105.948084715778748, 39.599652251528674 ], [ -105.948083399707372, 39.599725824089873 ], [ -105.948060943367651, 39.599779833060673 ], [ -105.948031872379417, 39.599859014671765 ], [ -105.947995355049088, 39.599902373219564 ], [ -105.94795642081138, 39.599938574713015 ], [ -105.947952066398301, 39.599994582077635 ], [ -105.947825388047505, 39.599961551795104 ], [ -105.947489876861567, 39.599898431748748 ], [ -105.947423606538919, 39.599834925297678 ], [ -105.947316035942109, 39.599681452878166 ], [ -105.947214887734091, 39.599559073180764 ], [ -105.947083850032001, 39.599474020267827 ], [ -105.946917974179442, 39.599419393557575 ], [ -105.946769088572026, 39.599386158449313 ], [ -105.946589094455177, 39.599384754369297 ], [ -105.946483210922565, 39.599375569528014 ], [ -105.946323682700367, 39.599378304367875 ], [ -105.946189717217536, 39.599350688399504 ], [ -105.946012672057719, 39.599293280647714 ], [ -105.945734762990554, 39.599186456353223 ], [ -105.945544498008772, 39.599111931256957 ], [ -105.945299964406047, 39.599003398932815 ], [ -105.945130302610181, 39.59894305904713 ], [ -105.94492990478345, 39.598805459829499 ], [ -105.944789341801794, 39.598701822180431 ], [ -105.944643174683137, 39.598595359216802 ], [ -105.944564554980317, 39.598544325703045 ], [ -105.944482809860688, 39.598536378137993 ], [ -105.944363551726425, 39.598498593017865 ], [ -105.944257318981769, 39.598463572620624 ], [ -105.944124840969849, 39.598408670456173 ], [ -105.944027631078725, 39.598354916933694 ], [ -105.943941104298034, 39.59826806340827 ], [ -105.943891453905707, 39.598186033137203 ] ] ] } },
{ "type": "Feature", "properties": { "fid": 20, "feature-id": null, "trail_name": "Cross Cut", "feature_type": "Trail", "mountain_area": "Dercum", "difficulty": "Blue", "acres_25_26": 4.0, "active": true, "notes": null, "gis_acres": 4.36, "trail_id": "T020", "display_from_year": 2006, "display_to_year": 9999 }, "geometry": { "type": "Polygon", "coordinates": [ [ [ -105.941948458932245, 39.589386596255594 ], [ -105.941884878739472, 39.589198233746309 ], [ -105.941754633434584, 39.589237514786888 ], [ -105.941560398555723, 39.589272817150558 ], [ -105.941432937044581, 39.589303081084985 ], [ -105.941205504930451, 39.589462321908634 ], [ -105.940966052935465, 39.589592428521691 ], [ -105.940824669500998, 39.589667775472094 ], [ -105.940690242348495, 39.589823428993576 ], [ -105.940729995163522, 39.589969262680171 ], [ -105.940734147791176, 39.590061419472285 ], [ -105.940709352987867, 39.590290971976437 ], [ -105.940693413726848, 39.590401729515264 ], [ -105.940709660875527, 39.590571588089965 ], [ -105.940766840833362, 39.590673658846001 ], [ -105.940895113134275, 39.590874989350034 ], [ -105.940884744815975, 39.591090305395049 ], [ -105.940839860480295, 39.591374540111659 ], [ -105.941191252767112, 39.591711009022553 ], [ -105.941295199046806, 39.591554924875538 ], [ -105.941407773254852, 39.591400988470788 ], [ -105.941563068568826, 39.591226746066134 ], [ -105.941725926847425, 39.591187724545776 ], [ -105.941906792453892, 39.591208435910083 ], [ -105.942125308179058, 39.591257672383072 ], [ -105.94226010587181, 39.591263232522785 ], [ -105.942170517613576, 39.590997829733666 ], [ -105.94208169830722, 39.591000767673187 ], [ -105.941923461742888, 39.590957695690015 ], [ -105.941775909106681, 39.590856875542165 ], [ -105.941642177017471, 39.590718241544643 ], [ -105.94150235307535, 39.590553043818836 ], [ -105.941464117964387, 39.590269482349967 ], [ -105.941468440640278, 39.590043141372334 ], [ -105.941511923543572, 39.589823109772816 ], [ -105.941611586973025, 39.589705475211012 ], [ -105.941697111813198, 39.589612869708468 ], [ -105.941948458932245, 39.589386596255594 ] ] ] } },
{ "type": "Feature", "properties": { "fid": 21, "feature-id": null, "trail_name": "Dercum's Dash", "feature_type": "Trail", "mountain_area": "Dercum", "difficulty": "Blue", "acres_25_26": 0.9, "active": true, "notes": null, "gis_acres": 0.86, "trail_id": "T021", "display_from_year": 2006, "display_to_year": 9999 }, "geometry": { "type": "Polygon", "coordinates": [ [ [ -105.944508036508438, 39.601675861517279 ], [ -105.944664188458248, 39.601933476837026 ], [ -105.944611823605797, 39.601984853677344 ], [ -105.944528022535565, 39.602055198443416 ], [ -105.944439772408671, 39.602110007485884 ], [ -105.944354466424528, 39.602147581560793 ], [ -105.944186722756768, 39.602210838839419 ], [ -105.943958371617512, 39.602253377851611 ], [ -105.943754620371919, 39.602284947439564 ], [ -105.943476418778857, 39.602301565850148 ], [ -105.943326085550737, 39.602280051702451 ], [ -105.943191121487445, 39.602251233155691 ], [ -105.943001813968479, 39.602207300113513 ], [ -105.942906003087344, 39.60221406060149 ], [ -105.942832137280405, 39.602242181224113 ], [ -105.942755286215956, 39.602050156725099 ], [ -105.94282631817012, 39.60204120430506 ], [ -105.942948486636979, 39.602039016251894 ], [ -105.942996692174404, 39.602057770152093 ], [ -105.943080551660131, 39.60208221748335 ], [ -105.943170532852008, 39.60210182876807 ], [ -105.943272935938211, 39.602124928846798 ], [ -105.94337524168364, 39.602140850191844 ], [ -105.943485118330017, 39.602144744242445 ], [ -105.943622574753988, 39.602129269033213 ], [ -105.943722781759007, 39.602104523662334 ], [ -105.943791974639652, 39.602074047290628 ], [ -105.943859507118134, 39.602035208361386 ], [ -105.943911768042454, 39.602010852334487 ], [ -105.943967105965243, 39.601985274711375 ], [ -105.944002597458407, 39.601979003477211 ], [ -105.944064528035881, 39.601983286546144 ], [ -105.944151204859594, 39.601987368482739 ], [ -105.944209863435262, 39.601978515769801 ], [ -105.944297696891837, 39.601953870463895 ], [ -105.94437006389947, 39.601929350810892 ], [ -105.944432582187162, 39.601863031145577 ], [ -105.944486863321401, 39.601759684670633 ], [ -105.944508036508438, 39.601675861517279 ] ] ] } },
{ "type": "Feature", "properties": { "fid": 22, "feature-id": null, "trail_name": "Flying Dutchman", "feature_type": "Trail", "mountain_area": "Dercum", "difficulty": "Blue", "acres_25_26": 32.6, "active": true, "notes": null, "gis_acres": 29.48, "trail_id": "T022", "display_from_year": 2006, "display_to_year": 9999 }, "geometry": { "type": "Polygon", "coordinates": [ [ [ -105.940478147305427, 39.579518186131274 ], [ -105.940485447564896, 39.579819430701988 ], [ -105.940493839472836, 39.580165717487723 ], [ -105.940222731848081, 39.580382943705089 ], [ -105.940038255737264, 39.580489689426457 ], [ -105.940074483493177, 39.580645686781715 ], [ -105.940123650749427, 39.580827410547826 ], [ -105.940171573423427, 39.581182924456598 ], [ -105.9401422994668, 39.581409770557229 ], [ -105.940126220251216, 39.581682387828991 ], [ -105.940118829396184, 39.582066154038316 ], [ -105.940118643120172, 39.582451252172568 ], [ -105.940161565248545, 39.582702538411894 ], [ -105.940207317403534, 39.583030264943609 ], [ -105.940206842935851, 39.583261048675496 ], [ -105.940274691292515, 39.583495450256599 ], [ -105.940310240849129, 39.583732893650904 ], [ -105.940511530676233, 39.583870288546997 ], [ -105.940570428056859, 39.583974079808996 ], [ -105.940591373573781, 39.584061495383054 ], [ -105.940620313339338, 39.584208626558869 ], [ -105.940625071645314, 39.584294782920921 ], [ -105.940632509856982, 39.584446258866258 ], [ -105.940649550940762, 39.584643534985545 ], [ -105.94069934302901, 39.584871131227352 ], [ -105.94073247797256, 39.585062716063781 ], [ -105.940687723185277, 39.585207663341272 ], [ -105.940572583903148, 39.585329546297338 ], [ -105.940513399947065, 39.585470439585301 ], [ -105.940500350841901, 39.585701325003249 ], [ -105.940499407660369, 39.58589735643185 ], [ -105.940493706167956, 39.586007231512717 ], [ -105.940647030328478, 39.586317404036592 ], [ -105.940759007883258, 39.586493057879423 ], [ -105.940801032689095, 39.586677619465775 ], [ -105.940784890612548, 39.586812603390577 ], [ -105.940760649190409, 39.587012994138426 ], [ -105.940701152763893, 39.58726371892331 ], [ -105.940676016700209, 39.587530848367678 ], [ -105.940752507456082, 39.587606692240982 ], [ -105.940817936799547, 39.587661772040093 ], [ -105.941169720631009, 39.587765971492743 ], [ -105.941367035697425, 39.587874201937218 ], [ -105.941593285156983, 39.587996099958168 ], [ -105.94172677067796, 39.588167407783757 ], [ -105.941891326278082, 39.588377390277948 ], [ -105.941827900837097, 39.588603123121018 ], [ -105.94179280688536, 39.588798041028063 ], [ -105.941835588841215, 39.589038205568862 ], [ -105.941884878739472, 39.589198233746309 ], [ -105.941948458932245, 39.589386596255594 ], [ -105.94197265383697, 39.58947362941695 ], [ -105.941961639868211, 39.589589108519803 ], [ -105.941965111980593, 39.58971281161233 ], [ -105.941982430169773, 39.589797475767909 ], [ -105.942079648244928, 39.589944052848629 ], [ -105.94222331612842, 39.590070789835465 ], [ -105.942238160145251, 39.59010542542299 ], [ -105.942227372512448, 39.590237585564147 ], [ -105.942205654224395, 39.590358712433016 ], [ -105.942210979994314, 39.59048657118408 ], [ -105.942238769728874, 39.590680979206589 ], [ -105.942240728230928, 39.590825548116335 ], [ -105.942216723509219, 39.590910547320753 ], [ -105.942170517613576, 39.590997829733666 ], [ -105.94226010587181, 39.591263232522785 ], [ -105.942443440804595, 39.591331341015113 ], [ -105.942645781297884, 39.591411723649991 ], [ -105.942751100949721, 39.591492893192516 ], [ -105.943012425404547, 39.591682625386994 ], [ -105.943072332341472, 39.591860089629179 ], [ -105.943286279237228, 39.592133620008987 ], [ -105.943397631962412, 39.592262008058633 ], [ -105.943436998095819, 39.592514711716746 ], [ -105.943466715651027, 39.592850907967119 ], [ -105.943442725353876, 39.593069370101787 ], [ -105.943517461150634, 39.593280079358003 ], [ -105.943646670404959, 39.593399980701626 ], [ -105.943721977825078, 39.593520319723119 ], [ -105.943818200492515, 39.593725293287001 ], [ -105.943916145021333, 39.593924691823297 ], [ -105.943911486229823, 39.594111021496438 ], [ -105.943877645282413, 39.594265612776212 ], [ -105.943924602051965, 39.594415376940965 ], [ -105.943942376744914, 39.594533402712329 ], [ -105.943960510008466, 39.594677840074709 ], [ -105.943915265617932, 39.594786646167208 ], [ -105.943850464062749, 39.594910903727047 ], [ -105.943804026281413, 39.595064207060346 ], [ -105.943841471265799, 39.595175121860663 ], [ -105.94403809049571, 39.595362596709954 ], [ -105.944150208657561, 39.595414514681337 ], [ -105.944194143231059, 39.595473937848858 ], [ -105.944182075271243, 39.595511572322131 ], [ -105.944103846714142, 39.595573378452507 ], [ -105.943963296199342, 39.595677398001577 ], [ -105.943828418670023, 39.595802224852598 ], [ -105.943712852760271, 39.595893529000136 ], [ -105.943622026854229, 39.595954046889098 ], [ -105.943567815960222, 39.596064315887979 ], [ -105.943585647112741, 39.596186511934476 ], [ -105.943538642106404, 39.596298112631288 ], [ -105.943506162378995, 39.596420717248584 ], [ -105.943464019473467, 39.596493351793441 ], [ -105.943464650662875, 39.59660475432311 ], [ -105.944219569882193, 39.596966172852902 ], [ -105.944179360234926, 39.59647951887564 ], [ -105.944185158283204, 39.596238515478234 ], [ -105.944228285700461, 39.59604024817893 ], [ -105.944361068649002, 39.59597713535873 ], [ -105.9444833537992, 39.59593582179086 ], [ -105.944576998682138, 39.595841461516642 ], [ -105.944638476604808, 39.595708483121442 ], [ -105.944677464732109, 39.595564167676791 ], [ -105.944675508797886, 39.595420185128347 ], [ -105.944669570023308, 39.595331593376521 ], [ -105.944688967886336, 39.5951783119542 ], [ -105.944689601420706, 39.59508743410791 ], [ -105.944639081549909, 39.594930886540105 ], [ -105.944555590685397, 39.594813486579767 ], [ -105.944462442790396, 39.594670245331898 ], [ -105.944387280226707, 39.594480778304607 ], [ -105.944317974967021, 39.594311423403134 ], [ -105.944269161181381, 39.594143341903397 ], [ -105.944239231810755, 39.593995266696204 ], [ -105.94419733482593, 39.593788249349565 ], [ -105.944128206670641, 39.593631852736642 ], [ -105.944078549186969, 39.593538657212207 ], [ -105.944106410249063, 39.593397312289184 ], [ -105.944143752269383, 39.59326885018023 ], [ -105.944149456715948, 39.59314064515069 ], [ -105.944173517257227, 39.59299357114589 ], [ -105.944143999109627, 39.592875732230283 ], [ -105.944090913312493, 39.592804164333998 ], [ -105.944032049139608, 39.59271824350953 ], [ -105.943989641078247, 39.592610589175088 ], [ -105.943952796635756, 39.592501449636778 ], [ -105.943937068260666, 39.592439658050424 ], [ -105.943898831977265, 39.592365089446901 ], [ -105.943864220082318, 39.592283291459836 ], [ -105.943807119946484, 39.59219015625392 ], [ -105.94375013719241, 39.592105659976923 ], [ -105.943743577313811, 39.592033713989039 ], [ -105.943721699676843, 39.591930212736912 ], [ -105.943705346470864, 39.591822346651888 ], [ -105.943661312927304, 39.591731985205932 ], [ -105.943561488984102, 39.591644956796209 ], [ -105.943461509039523, 39.591546409680682 ], [ -105.943306070982842, 39.591475672465286 ], [ -105.943241840784992, 39.591405634620216 ], [ -105.943171500599803, 39.591296766724305 ], [ -105.943108331199781, 39.59116768077827 ], [ -105.943030371887119, 39.591045914763598 ], [ -105.942978232139794, 39.590906659318442 ], [ -105.942957572814478, 39.590755628478369 ], [ -105.942948001256866, 39.590598747703787 ], [ -105.942951944433602, 39.590477756891076 ], [ -105.942940960944526, 39.590354007242752 ], [ -105.942870746143683, 39.590116979373207 ], [ -105.942794220036347, 39.58996352185023 ], [ -105.942702221336063, 39.589766990227119 ], [ -105.942634746991615, 39.589594739326657 ], [ -105.942622476403471, 39.589375960983624 ], [ -105.942570553413233, 39.58925254339821 ], [ -105.942517101365723, 39.589153617955546 ], [ -105.942541476324635, 39.589029581411928 ], [ -105.942570782722584, 39.588994784004271 ], [ -105.942667733122164, 39.588870158657897 ], [ -105.942704014703381, 39.588800744954824 ], [ -105.942766488354934, 39.58868290755445 ], [ -105.942547948603078, 39.58825728363643 ], [ -105.94246904348465, 39.588216576677468 ], [ -105.94234393437938, 39.588185911711612 ], [ -105.942257592079727, 39.588131892452751 ], [ -105.942191641709329, 39.588071947827267 ], [ -105.942098917466481, 39.587958940751257 ], [ -105.942013130097195, 39.587808437707046 ], [ -105.941961228905981, 39.587686459618133 ], [ -105.941915319965076, 39.587594672646112 ], [ -105.941858323871429, 39.58750873547433 ], [ -105.941760271727176, 39.587414491127653 ], [ -105.941669994690315, 39.587344663457536 ], [ -105.941577934922407, 39.587280610109353 ], [ -105.941478373386133, 39.587212297511904 ], [ -105.941397128429557, 39.587122236624985 ], [ -105.941412375808326, 39.587011234104331 ], [ -105.941414655576565, 39.586904656607295 ], [ -105.941372313725878, 39.586801320607591 ], [ -105.941395764431974, 39.586746411109964 ], [ -105.941428090684013, 39.586659749983291 ], [ -105.941458653438602, 39.586580303070164 ], [ -105.941491057487539, 39.586499401241547 ], [ -105.941500741546619, 39.586389883764276 ], [ -105.941452466613228, 39.586260676093254 ], [ -105.941448949450219, 39.586138305694533 ], [ -105.941441866516982, 39.586027484080944 ], [ -105.941464829762594, 39.585936578836154 ], [ -105.941433750874538, 39.585840351516019 ], [ -105.941373074160538, 39.58575732386884 ], [ -105.941295767038881, 39.585683070837248 ], [ -105.941254916817499, 39.585552362929668 ], [ -105.94124748360619, 39.585415624359477 ], [ -105.941275776110828, 39.585305956137596 ], [ -105.94126844030275, 39.585176416710503 ], [ -105.941259204753081, 39.58504401269478 ], [ -105.941255688034005, 39.584921642260063 ], [ -105.941244221611285, 39.584761896548756 ], [ -105.941228975209057, 39.584597861489272 ], [ -105.941236428550255, 39.584461002306782 ], [ -105.941226589297528, 39.58428396355 ], [ -105.941234471187471, 39.584178780614678 ], [ -105.941257512065349, 39.584093634705248 ], [ -105.941257658553056, 39.583966914613562 ], [ -105.941220628430727, 39.58384337564469 ], [ -105.941166345022936, 39.583682536733335 ], [ -105.941118209028588, 39.58356340764356 ], [ -105.941097556233146, 39.583412376209949 ], [ -105.941092354464161, 39.58330297927278 ], [ -105.941055091300925, 39.583162162268991 ], [ -105.941059680310588, 39.583088685725571 ], [ -105.941064132980586, 39.58300513037058 ], [ -105.941085858290378, 39.582960314793176 ], [ -105.941143230061243, 39.582936810310407 ], [ -105.94117794161636, 39.582889009555046 ], [ -105.941190031924293, 39.582819792206848 ], [ -105.941198361753322, 39.582747725341349 ], [ -105.94122692604077, 39.582658214715067 ], [ -105.941240623778796, 39.582570264495679 ], [ -105.941263352480561, 39.582462081285975 ], [ -105.941246693929713, 39.582331177326417 ], [ -105.941241901101378, 39.582252016811864 ], [ -105.941186498385306, 39.582145906474253 ], [ -105.94115479841021, 39.582003604423548 ], [ -105.941139132796692, 39.581918033042577 ], [ -105.941131999070578, 39.580920610912301 ], [ -105.941100158522232, 39.58052271164545 ], [ -105.941085870861144, 39.580374000991796 ], [ -105.941060916301467, 39.58004171863751 ], [ -105.941032169481019, 39.579904126772213 ], [ -105.940975687714499, 39.579905552054917 ], [ -105.940890038317121, 39.579901925650951 ], [ -105.94088590809821, 39.579871719334228 ], [ -105.940801691115524, 39.579836401516992 ], [ -105.940728677176637, 39.57980387291699 ], [ -105.940709497845233, 39.579624029609271 ], [ -105.940697224287092, 39.579542049617672 ], [ -105.940617348897959, 39.57953342698012 ], [ -105.940478147305427, 39.579518186131274 ] ] ] } },
{ "type": "Feature", "properties": { "fid": 23, "feature-id": null, "trail_name": "Frenchman", "feature_type": "Trail", "mountain_area": "Dercum", "difficulty": "Blue", "acres_25_26": 21.3, "active": true, "notes": null, "gis_acres": 23.07, "trail_id": "T023", "display_from_year": 2006, "display_to_year": 9999 }, "geometry": { "type": "Polygon", "coordinates": [ [ [ -105.94452125436338, 39.583065376728534 ], [ -105.944532868010313, 39.582537940842229 ], [ -105.944757476488064, 39.582351076649971 ], [ -105.944875216817323, 39.582266360688678 ], [ -105.944956200247915, 39.58221901700999 ], [ -105.94500515310952, 39.582165068321387 ], [ -105.945215358641562, 39.582225147680504 ], [ -105.94517344711798, 39.582274919905785 ], [ -105.945130041005214, 39.582345300645926 ], [ -105.945105928255373, 39.582399047345355 ], [ -105.945099819544225, 39.582471870882934 ], [ -105.945154092951114, 39.58254832255173 ], [ -105.945158051885812, 39.582578498361976 ], [ -105.945106035173893, 39.582668172411047 ], [ -105.945034351782965, 39.582747021657809 ], [ -105.944987508521507, 39.582825668844251 ], [ -105.944962143337762, 39.582917872256409 ], [ -105.944982854235079, 39.583005581673333 ], [ -105.945039163350572, 39.58310124011139 ], [ -105.945008512492961, 39.583196232701603 ], [ -105.945005896314669, 39.583264908546482 ], [ -105.944978905875857, 39.583368109904683 ], [ -105.944965755623272, 39.583445109964622 ], [ -105.944978023993627, 39.583564469132831 ], [ -105.944943842853291, 39.583660863501649 ], [ -105.944895504272836, 39.583760119170826 ], [ -105.944815507250112, 39.583880228616174 ], [ -105.944784520150307, 39.58395050822979 ], [ -105.944771183135131, 39.584013778868119 ], [ -105.94479198737335, 39.584108352999486 ], [ -105.944794824506829, 39.584186596126372 ], [ -105.944781785785452, 39.584271833796208 ], [ -105.944749508903428, 39.584377824252861 ], [ -105.944729596435096, 39.584479594896216 ], [ -105.944683385581556, 39.584604921897281 ], [ -105.944620552882299, 39.584682325823017 ], [ -105.944578900466624, 39.58475131898858 ], [ -105.944564236161597, 39.584847554570338 ], [ -105.944588812816335, 39.584958575149997 ], [ -105.944606012461264, 39.585049059329869 ], [ -105.944623268081614, 39.585143662323418 ], [ -105.944662039893231, 39.585254567477584 ], [ -105.944563454797233, 39.585443482392471 ], [ -105.944492681371074, 39.585589605336104 ], [ -105.944462289695366, 39.585703818914304 ], [ -105.944417907889758, 39.585833250194099 ], [ -105.944366036972824, 39.585933907416923 ], [ -105.944308730919118, 39.586026370242742 ], [ -105.944248323198394, 39.586151812423132 ], [ -105.94421583969492, 39.586242700385696 ], [ -105.944195702342725, 39.586327995649768 ], [ -105.944185051890059, 39.586458525811224 ], [ -105.944203276370587, 39.586624521685891 ], [ -105.944231532401133, 39.586745124042636 ], [ -105.944282539029814, 39.586842198960618 ], [ -105.944331096635423, 39.587020306099944 ], [ -105.944393700728, 39.587187314321724 ], [ -105.944488058313198, 39.587340333489763 ], [ -105.944560563916568, 39.587452337507074 ], [ -105.944681296273302, 39.587587291921778 ], [ -105.944778719073639, 39.587704585568893 ], [ -105.944849339204836, 39.587808366185179 ], [ -105.944935537808774, 39.587883185168089 ], [ -105.945057057466755, 39.587945358990616 ], [ -105.945157433319665, 39.588018689402247 ], [ -105.945233116468813, 39.588103205328281 ], [ -105.945303644397853, 39.588200120956472 ], [ -105.945358557041217, 39.588323252303049 ], [ -105.945396154572038, 39.588478105579803 ], [ -105.94541337488711, 39.588569962501268 ], [ -105.945438010311022, 39.58868510161372 ], [ -105.945490570600029, 39.588765686235305 ], [ -105.945561136902384, 39.588865347560244 ], [ -105.94564946670198, 39.588966237358235 ], [ -105.945801340531091, 39.589172337775381 ], [ -105.945866528277662, 39.589267923416827 ], [ -105.945878556703391, 39.589369434148416 ], [ -105.945927960492412, 39.589609322675734 ], [ -105.94595237310385, 39.589707986390863 ], [ -105.946050305268159, 39.589862348186628 ], [ -105.946139365425793, 39.590016782139593 ], [ -105.946206384971504, 39.590116471924595 ], [ -105.94637365438561, 39.59027988038256 ], [ -105.946532780764684, 39.590496905422512 ], [ -105.946623038726386, 39.590739206951852 ], [ -105.946707170217095, 39.590922515471213 ], [ -105.946807123291833, 39.591094710280466 ], [ -105.946853093609334, 39.591212421353703 ], [ -105.94694144828577, 39.591445126483933 ], [ -105.946965097935831, 39.591617942987227 ], [ -105.946931270987463, 39.591740423624046 ], [ -105.946897313079162, 39.591853293691685 ], [ -105.946847701966718, 39.591989633826842 ], [ -105.94679609183828, 39.592109513157993 ], [ -105.946808757674262, 39.592257703574482 ], [ -105.946861752232053, 39.592369865021702 ], [ -105.946967199744279, 39.592554372667053 ], [ -105.947054285279677, 39.592693717942467 ], [ -105.947164590041098, 39.592843858578632 ], [ -105.947255580771014, 39.593009260547881 ], [ -105.947307269600927, 39.593155759640524 ], [ -105.947258107222467, 39.593325050395634 ], [ -105.947182456841858, 39.59350416868643 ], [ -105.947130883617419, 39.593626794014682 ], [ -105.947075070883159, 39.593829093024056 ], [ -105.947073204434474, 39.59395268622464 ], [ -105.947069208148463, 39.594050208098238 ], [ -105.947105318699343, 39.594225669097298 ], [ -105.947165899868054, 39.594373468822276 ], [ -105.94722399608375, 39.594469111403512 ], [ -105.947303321096328, 39.594554443295124 ], [ -105.947456806664022, 39.594638904513118 ], [ -105.947502466568992, 39.594686745576595 ], [ -105.947568756294814, 39.594978163948845 ], [ -105.947599151218768, 39.595176126734614 ], [ -105.94764324758863, 39.595363263663089 ], [ -105.94767452091385, 39.595434997557639 ], [ -105.94769998571013, 39.595477480984499 ], [ -105.947620641852481, 39.59552313100869 ], [ -105.947571026111532, 39.595462628265857 ], [ -105.947523832718772, 39.595413625365772 ], [ -105.947489952563245, 39.595388789229332 ], [ -105.947428217450309, 39.595384270173341 ], [ -105.947365420567237, 39.595222388494605 ], [ -105.947321450286069, 39.595171685066006 ], [ -105.947277206439665, 39.595100893903286 ], [ -105.947243838351554, 39.595034199460713 ], [ -105.947223099296338, 39.59494145253246 ], [ -105.947199262910885, 39.594859612904877 ], [ -105.947151614210782, 39.594777130310504 ], [ -105.947131103347971, 39.594701123124821 ], [ -105.947110227762636, 39.594598332308671 ], [ -105.947052216700712, 39.594549417387626 ], [ -105.946987874136781, 39.594512273179767 ], [ -105.946928428075097, 39.594437420373112 ], [ -105.946877272314865, 39.594335713371756 ], [ -105.946865656041112, 39.594277212350796 ], [ -105.946847389125168, 39.594207046388732 ], [ -105.946824555533979, 39.594119338930348 ], [ -105.946784412387842, 39.594031772519486 ], [ -105.946735181567021, 39.59391247105286 ], [ -105.946688877986588, 39.593849230161275 ], [ -105.946629706254527, 39.593794464907219 ], [ -105.946574975924037, 39.593748034251774 ], [ -105.94646912523541, 39.59360240732768 ], [ -105.946401014177582, 39.593447265005253 ], [ -105.946366793531865, 39.593317796123706 ], [ -105.946337162320404, 39.593207542721579 ], [ -105.946291337823823, 39.593099932441433 ], [ -105.946256980943488, 39.593039942390718 ], [ -105.946224036204811, 39.592924693450563 ], [ -105.946161586053336, 39.592787920656683 ], [ -105.946147249056111, 39.592688424706566 ], [ -105.94614648625145, 39.592552823709418 ], [ -105.946114965353686, 39.592462675579497 ], [ -105.946075518806794, 39.59234664244628 ], [ -105.946023876330869, 39.592208944477235 ], [ -105.946010849183224, 39.592126179466661 ], [ -105.946043474836102, 39.592058947293289 ], [ -105.946073674921891, 39.591972481983163 ], [ -105.946094366288776, 39.591902835724561 ], [ -105.946158580898995, 39.591771728086322 ], [ -105.946215871679655, 39.591608867693438 ], [ -105.946210462715868, 39.591449866222277 ], [ -105.94619354604211, 39.591310541989472 ], [ -105.946227241316024, 39.591164994668446 ], [ -105.946281785894641, 39.591033804825216 ], [ -105.946222024158246, 39.590919525919794 ], [ -105.946137381777476, 39.590770584085384 ], [ -105.946049478853553, 39.590657986965581 ], [ -105.945957821366974, 39.590545420343901 ], [ -105.945867073667543, 39.590361662499987 ], [ -105.945749213099688, 39.59011711063367 ], [ -105.945649138734041, 39.589937786706308 ], [ -105.945593944853741, 39.589745022875618 ], [ -105.945525471279979, 39.58954219797122 ], [ -105.945531697374321, 39.589447719878081 ], [ -105.945472056746084, 39.589342155939057 ], [ -105.945342637007954, 39.589213916044876 ], [ -105.945204146643604, 39.589108993467512 ], [ -105.945072593882955, 39.588961885128434 ], [ -105.944998983870406, 39.58879541990337 ], [ -105.944994577879555, 39.588747515652521 ], [ -105.944932548251089, 39.588604199871234 ], [ -105.944897907051867, 39.588542014201856 ], [ -105.944805126646884, 39.588484659483008 ], [ -105.944708276007304, 39.588404094103062 ], [ -105.944605773769752, 39.588322121856649 ], [ -105.944532461440701, 39.58817744484184 ], [ -105.944496854364928, 39.588044083124558 ], [ -105.944460237871866, 39.587974649722518 ], [ -105.944389671305188, 39.587893870413488 ], [ -105.944307643598194, 39.587798656905392 ], [ -105.944195539098743, 39.587700782290057 ], [ -105.944075748100488, 39.587589895445944 ], [ -105.943993622622656, 39.587487418851374 ], [ -105.943920489872184, 39.587355814535549 ], [ -105.943870181085302, 39.587245815719612 ], [ -105.943859789211345, 39.587171810889146 ], [ -105.943824755528098, 39.58708057345941 ], [ -105.943794427650218, 39.586921019464889 ], [ -105.9437811337867, 39.586771496212094 ], [ -105.943802676272199, 39.586698684707208 ], [ -105.943835290548094, 39.586473246559734 ], [ -105.943863534074097, 39.586340818655664 ], [ -105.943872531389189, 39.586173681553063 ], [ -105.943900755024217, 39.586039801064963 ], [ -105.94395199892891, 39.585942051819167 ], [ -105.944039108495971, 39.585858538462617 ], [ -105.944100211686418, 39.585795574581105 ], [ -105.94415730827933, 39.585575748309637 ], [ -105.944194621855161, 39.585420002915818 ], [ -105.944198104742171, 39.585261626960694 ], [ -105.944214097676451, 39.585056661956429 ], [ -105.944201951162341, 39.584853378341187 ], [ -105.944207094432002, 39.58467900883835 ], [ -105.94423731242982, 39.584553828418905 ], [ -105.944315333525054, 39.584354170221339 ], [ -105.944354345939416, 39.584185336362339 ], [ -105.944402862731721, 39.584025141623528 ], [ -105.944469339395027, 39.583943248357372 ], [ -105.944529276991673, 39.58379458257717 ], [ -105.944553132637211, 39.583615702726583 ], [ -105.944579674004558, 39.583496363011996 ], [ -105.944599636916195, 39.583307345670185 ], [ -105.944580887986916, 39.583170941349906 ], [ -105.94452125436338, 39.583065376728534 ] ] ] } },
{ "type": "Feature", "properties": { "fid": 24, "feature-id": null, "trail_name": "Gassy Thompson", "feature_type": "Trail", "mountain_area": "Dercum", "difficulty": "Blue", "acres_25_26": 3.9, "active": true, "notes": null, "gis_acres": 3.17, "trail_id": "T024", "display_from_year": 2006, "display_to_year": 9999 }, "geometry": { "type": "Polygon", "coordinates": [ [ [ -105.950846993302164, 39.596035966475426 ], [ -105.950811461358455, 39.596099491843411 ], [ -105.950697698112279, 39.596210376408862 ], [ -105.950582054932468, 39.596299285517581 ], [ -105.950465400147579, 39.596429740823304 ], [ -105.950373875383107, 39.596550216798271 ], [ -105.95028678682813, 39.596648665691148 ], [ -105.950141274827985, 39.596747592310912 ], [ -105.950043533194048, 39.596875449104807 ], [ -105.949934654685791, 39.596997288337221 ], [ -105.949858534617022, 39.597089538691982 ], [ -105.949793834534006, 39.597208573190379 ], [ -105.94976954406421, 39.597395692904179 ], [ -105.94976227235793, 39.597557017644391 ], [ -105.949747188911502, 39.597724514771052 ], [ -105.949751631709191, 39.597818549871647 ], [ -105.949744076292433, 39.597959107905055 ], [ -105.949769096621765, 39.598056639908393 ], [ -105.949814561080089, 39.598147896239972 ], [ -105.949826031504386, 39.598178345133569 ], [ -105.949805421948582, 39.598221484796376 ], [ -105.949772608425619, 39.598280856786715 ], [ -105.950426890579735, 39.597822990377949 ], [ -105.950356232742237, 39.597774064767464 ], [ -105.950304890385311, 39.597708913136195 ], [ -105.950258688746942, 39.59765074496319 ], [ -105.950249689367823, 39.597582905136044 ], [ -105.950259912870052, 39.597518811157549 ], [ -105.950339790141925, 39.597383111568121 ], [ -105.950375087180291, 39.597307883885115 ], [ -105.950477597601491, 39.597204004241583 ], [ -105.950563591611129, 39.597072938139654 ], [ -105.950654303885045, 39.596991792676953 ], [ -105.950754934334981, 39.596898076153977 ], [ -105.950832359535269, 39.596804549452862 ], [ -105.950958879585315, 39.596685641218116 ], [ -105.951050268877893, 39.596580290861219 ], [ -105.951144866110369, 39.596488184612532 ], [ -105.951236254864696, 39.596382834112291 ], [ -105.951336979758764, 39.596296141837215 ], [ -105.951437736439885, 39.596211791057044 ], [ -105.951532695791286, 39.596146222411498 ], [ -105.951628717271475, 39.59608454806029 ], [ -105.951732286262981, 39.596009516788122 ], [ -105.951298091796801, 39.596067644449306 ], [ -105.951172454521966, 39.596050482482092 ], [ -105.950846993302164, 39.596035966475426 ] ] ] } },
{ "type": "Feature", "properties": { "fid": 25, "feature-id": null, "trail_name": "Haywood", "feature_type": "Trail", "mountain_area": "Dercum", "difficulty": "Blue", "acres_25_26": 9.2, "active": true, "notes": null, "gis_acres": 7.29, "trail_id": "T025", "display_from_year": 2006, "display_to_year": 9999 }, "geometry": { "type": "Polygon", "coordinates": [ [ [ -105.950103949368668, 39.600093176475902 ], [ -105.950067931352351, 39.600105468140981 ], [ -105.949735918531829, 39.600272143388061 ], [ -105.949774820784782, 39.600301781173982 ], [ -105.94981337984423, 39.600352346128595 ], [ -105.949838178564221, 39.600416899979045 ], [ -105.949850662186108, 39.6004553435071 ], [ -105.949896484732918, 39.600599900281196 ], [ -105.949913676747386, 39.600618261600431 ], [ -105.949943282841971, 39.600742907233013 ], [ -105.95000342031021, 39.600841092209919 ], [ -105.950042106235102, 39.600900906985139 ], [ -105.950117169409779, 39.600997428024357 ], [ -105.950189169750132, 39.601088577680528 ], [ -105.950163936652203, 39.601138122392463 ], [ -105.950112210571021, 39.601217949311128 ], [ -105.950050488400876, 39.601295545212807 ], [ -105.949969770572437, 39.601368670933276 ], [ -105.949870109695794, 39.601441180561274 ], [ -105.94981192001049, 39.601485598254577 ], [ -105.94977285216433, 39.601543736009582 ], [ -105.949742450751188, 39.601652683072189 ], [ -105.94968316289949, 39.601762637163162 ], [ -105.949626843142781, 39.60187102513914 ], [ -105.949564365555759, 39.601966357918954 ], [ -105.949548247121456, 39.602026620758608 ], [ -105.949515746985938, 39.60212787579259 ], [ -105.949476292657351, 39.602230729471984 ], [ -105.949452834084994, 39.602337306974498 ], [ -105.94937444768577, 39.602508318984782 ], [ -105.949327168649759, 39.602622029309316 ], [ -105.949296913451448, 39.60274176780603 ], [ -105.949271458112818, 39.60277512498994 ], [ -105.949218501821605, 39.602838001496536 ], [ -105.949180327278938, 39.602961659219559 ], [ -105.949149577075502, 39.603045168878815 ], [ -105.949141233090884, 39.603163957407752 ], [ -105.949163807787741, 39.603211569488252 ], [ -105.949227427049209, 39.60327272262893 ], [ -105.949339182073189, 39.603355838842681 ], [ -105.949339182073189, 39.603355838842681 ], [ -105.949473877185284, 39.60344030929474 ], [ -105.949558349078785, 39.603495895451076 ], [ -105.949697837537215, 39.603566450057926 ], [ -105.949788067434284, 39.603605799838093 ], [ -105.94992538434694, 39.603663266428718 ], [ -105.949988320028936, 39.603674315496768 ], [ -105.950073125431231, 39.603681331133465 ], [ -105.950179779473928, 39.603682771640713 ], [ -105.950288352705726, 39.603678799972826 ], [ -105.950479675186486, 39.603677234895514 ], [ -105.950651769563592, 39.603654241324357 ], [ -105.95082886725929, 39.603632748373435 ], [ -105.950959225640204, 39.603618575937304 ], [ -105.951112608231796, 39.603611923980715 ], [ -105.951290222498784, 39.603628200751125 ], [ -105.95136317579761, 39.603643021604192 ], [ -105.951661964594066, 39.603702247417523 ], [ -105.951833990863818, 39.60374709284379 ], [ -105.952037119116014, 39.60380710137612 ], [ -105.952122442148934, 39.603851885923014 ], [ -105.952272483297847, 39.603892285401265 ], [ -105.95234577497537, 39.603931772019479 ], [ -105.952419193459505, 39.603980508485584 ], [ -105.952477664911143, 39.604029367446522 ], [ -105.952493327035924, 39.604077904434341 ], [ -105.953501582545044, 39.604066181454584 ], [ -105.953855862665691, 39.604100725168117 ], [ -105.953867124087921, 39.603972484102762 ], [ -105.953813176981186, 39.603962905168139 ], [ -105.953748300397507, 39.603955728665518 ], [ -105.953736099483464, 39.603938097869552 ], [ -105.953754368673927, 39.603816914843215 ], [ -105.953630689798956, 39.603809450075744 ], [ -105.953532102485013, 39.603814884732003 ], [ -105.953263639205545, 39.603787022276727 ], [ -105.953157780667595, 39.603770930763105 ], [ -105.953057890438956, 39.603754019281695 ], [ -105.952892909338061, 39.60378697991861 ], [ -105.952773269299399, 39.603783335667288 ], [ -105.952646495524988, 39.603768186119972 ], [ -105.952499686757548, 39.60374549158108 ], [ -105.952439602767541, 39.603724398651671 ], [ -105.952378501222938, 39.603701772209916 ], [ -105.952264312248701, 39.603659537186793 ], [ -105.952033008638693, 39.60357971624321 ], [ -105.951763180980663, 39.603524879598872 ], [ -105.951653400599056, 39.603513444306657 ], [ -105.951493575283848, 39.603486229644886 ], [ -105.951195952766582, 39.603439328424471 ], [ -105.950982539984281, 39.603428740919156 ], [ -105.950821639362971, 39.603468603417923 ], [ -105.950673429127107, 39.603489089069029 ], [ -105.9504912440119, 39.603502914290388 ], [ -105.950341826385895, 39.603507991170105 ], [ -105.950214088729922, 39.603495159581811 ], [ -105.950102126063769, 39.60346986426643 ], [ -105.949997065020412, 39.603439116029044 ], [ -105.949907631581056, 39.603385112581705 ], [ -105.949815082506333, 39.603321883599499 ], [ -105.949738213788436, 39.603239253575723 ], [ -105.949712164917187, 39.603156208083561 ], [ -105.949739265605885, 39.603097397278532 ], [ -105.949771611826336, 39.603057816370161 ], [ -105.949789586310573, 39.602987516487723 ], [ -105.949807308016688, 39.602898716793845 ], [ -105.949848253646124, 39.602832083659692 ], [ -105.949903809049559, 39.602740661893691 ], [ -105.94993182161933, 39.602675676293501 ], [ -105.949979106074963, 39.602489500004069 ], [ -105.950025587631288, 39.602390443255594 ], [ -105.950103081182249, 39.602227147225811 ], [ -105.950145951514941, 39.602082636177869 ], [ -105.950206810384927, 39.601941832547709 ], [ -105.950304638335311, 39.601735199016623 ], [ -105.950383748643191, 39.601617373346023 ], [ -105.950529873088385, 39.601517501244878 ], [ -105.950628399920461, 39.601434978482338 ], [ -105.950771339615969, 39.601248019124199 ], [ -105.950846441766629, 39.60112868411143 ], [ -105.950908041828043, 39.600969372154502 ], [ -105.95092112227745, 39.600832813732396 ], [ -105.950927860236035, 39.600742561918729 ], [ -105.950926732182879, 39.600660083602321 ], [ -105.95088807726718, 39.600602581602978 ], [ -105.950793759580336, 39.60055555698117 ], [ -105.950704561169033, 39.600518512243745 ], [ -105.950600416471119, 39.600481589728751 ], [ -105.950457801190012, 39.600473505579089 ], [ -105.950380486401585, 39.600430966991247 ], [ -105.950309830608518, 39.600365246531922 ], [ -105.950251290047589, 39.600310990615021 ], [ -105.950182806423754, 39.60025835781002 ], [ -105.950137699807058, 39.600166217288304 ], [ -105.950103949368668, 39.600093176475902 ] ] ] } },
{ "type": "Feature", "properties": { "fid": 26, "feature-id": null, "trail_name": "Hoodoo", "feature_type": "Trail", "mountain_area": "Dercum", "difficulty": "Blue", "acres_25_26": 5.4, "active": null, "notes": null, "gis_acres": 4.84, "trail_id": "T026", "display_from_year": 2006, "display_to_year": 9999 }, "geometry": { "type": "Polygon", "coordinates": [ [ [ -105.953119670497344, 39.591587014842119 ], [ -105.952999427189539, 39.591615140828893 ], [ -105.952856188168624, 39.591669274599461 ], [ -105.95266624759995, 39.59176031456289 ], [ -105.952492752083003, 39.591845740887869 ], [ -105.952378883355507, 39.591976332515145 ], [ -105.95234199708311, 39.592040550877229 ], [ -105.952338677077947, 39.592142843714669 ], [ -105.952364853395594, 39.592330724855167 ], [ -105.952365853556813, 39.592403763528544 ], [ -105.952385474838835, 39.592630047991399 ], [ -105.952386190329406, 39.592854661241901 ], [ -105.952330212862719, 39.593076086838238 ], [ -105.952278055223829, 39.593231738918533 ], [ -105.952247263575273, 39.593396346720255 ], [ -105.95225425903277, 39.593562470989248 ], [ -105.952182169699526, 39.593641587172932 ], [ -105.952053536695431, 39.593728471338089 ], [ -105.951951414885897, 39.593855313920614 ], [ -105.951870983963602, 39.59401484979356 ], [ -105.951867913154686, 39.594135402258068 ], [ -105.951914055868201, 39.594229985127647 ], [ -105.951859211409257, 39.594361918783754 ], [ -105.951738331906427, 39.594498045697591 ], [ -105.951628778070798, 39.594599382469269 ], [ -105.95148635628756, 39.594713771505994 ], [ -105.951346069404735, 39.594811707346651 ], [ -105.951193706462362, 39.594889654000433 ], [ -105.951018215737804, 39.595002487016146 ], [ -105.950926817514627, 39.595050715551587 ], [ -105.950780571052604, 39.59503588302384 ], [ -105.950988411972304, 39.595457520855454 ], [ -105.951122663139529, 39.595390606467717 ], [ -105.951238750049384, 39.595249040929488 ], [ -105.951350490800934, 39.595134903426526 ], [ -105.951455925074882, 39.595077428762409 ], [ -105.951620513846379, 39.59503042653963 ], [ -105.951789497882814, 39.594959647854843 ], [ -105.951855733100814, 39.594970062267095 ], [ -105.951925003386052, 39.595029758392478 ], [ -105.951989553406094, 39.595089493151889 ], [ -105.952037557180347, 39.595147537286024 ], [ -105.952069922452168, 39.595190835736652 ], [ -105.952226003149008, 39.595173952682977 ], [ -105.952396567980969, 39.595110138793856 ], [ -105.952307179132177, 39.595013843357876 ], [ -105.952280141871654, 39.594935539610177 ], [ -105.952351007117969, 39.594766951030834 ], [ -105.952410596303338, 39.594636804431218 ], [ -105.952477115732933, 39.594495643959497 ], [ -105.952523728155427, 39.594279773633239 ], [ -105.952516631909731, 39.594106345544546 ], [ -105.952507425647084, 39.593951196461227 ], [ -105.952519835904113, 39.593823262729053 ], [ -105.9526495279746, 39.593641408456541 ], [ -105.95260208408736, 39.593451875626641 ], [ -105.952653790929745, 39.593263356018369 ], [ -105.952642774649817, 39.59314839753894 ], [ -105.952716622743694, 39.593025438528279 ], [ -105.952716556527918, 39.592848300428322 ], [ -105.95271455544102, 39.592702223106727 ], [ -105.952735254925557, 39.592490217458781 ], [ -105.952742969371982, 39.592364148351045 ], [ -105.952814431371863, 39.592239382660068 ], [ -105.952908518321038, 39.592043210667939 ], [ -105.952986884815672, 39.591905605036693 ], [ -105.95305638618764, 39.591810074022234 ], [ -105.953119858117589, 39.591791291646153 ], [ -105.953178803640711, 39.591802540005631 ], [ -105.953119670497344, 39.591587014842119 ] ] ] } },
{ "type": "Feature", "properties": { "fid": 27, "feature-id": null, "trail_name": "Jackwhacker", "feature_type": "Trail", "mountain_area": "Dercum", "difficulty": "Blue", "acres_25_26": 19.8, "active": true, "notes": null, "gis_acres": 18.72, "trail_id": "T027", "display_from_year": 2006, "display_to_year": 9999 }, "geometry": { "type": "Polygon", "coordinates": [ [ [ -105.940647030328478, 39.586317404036592 ], [ -105.940493706167956, 39.586007231512717 ], [ -105.940430540145911, 39.586073437450636 ], [ -105.940179212901072, 39.586256940275256 ], [ -105.940077927394853, 39.586369624194326 ], [ -105.939953494759621, 39.586671421826289 ], [ -105.93995624885298, 39.586875241342504 ], [ -105.939966435486681, 39.587153576986928 ], [ -105.939952489213084, 39.587310299956108 ], [ -105.939890490255834, 39.587477355134389 ], [ -105.939763771421582, 39.587610131497314 ], [ -105.939518100165941, 39.587975056012134 ], [ -105.939591628786246, 39.58818576082151 ], [ -105.939629350204001, 39.588361952901479 ], [ -105.939702241579667, 39.588525431155482 ], [ -105.939849961670078, 39.588757908598602 ], [ -105.939773309054146, 39.589029488945599 ], [ -105.939625979771421, 39.589301640810923 ], [ -105.939586164058312, 39.589446143513456 ], [ -105.939643463804018, 39.589644550094732 ], [ -105.939743904243713, 39.589944528572609 ], [ -105.939754795974324, 39.590275061747576 ], [ -105.93977766507534, 39.590540865302835 ], [ -105.939920051516566, 39.591091577550912 ], [ -105.939971566635734, 39.59133726230133 ], [ -105.940012671503638, 39.591525856149033 ], [ -105.940078247442443, 39.591860918517057 ], [ -105.940269643017956, 39.591996092819905 ], [ -105.940458129154948, 39.59215366321051 ], [ -105.940470086382149, 39.592325091676393 ], [ -105.940432421888886, 39.592628673059984 ], [ -105.940329460938969, 39.592855720830094 ], [ -105.940226129688824, 39.593055426897557 ], [ -105.940239968392035, 39.593366049013831 ], [ -105.940249283891816, 39.593579758682424 ], [ -105.940377740325431, 39.593812391099767 ], [ -105.940597754226189, 39.593924960312563 ], [ -105.940721453063318, 39.594043280714608 ], [ -105.940897162009961, 39.594205925509819 ], [ -105.940937834032397, 39.59436220608935 ], [ -105.94095840456778, 39.594695146369887 ], [ -105.940949151956659, 39.594961209614056 ], [ -105.940940336508476, 39.595259585640022 ], [ -105.941698311905313, 39.595472201367556 ], [ -105.94168936183037, 39.595285833528678 ], [ -105.941741320664235, 39.595089028517506 ], [ -105.941784213044158, 39.594934556791522 ], [ -105.941852773980173, 39.594777391097864 ], [ -105.94193435411772, 39.594632549173738 ], [ -105.942030434893638, 39.594609397350702 ], [ -105.942088534533838, 39.594628813245244 ], [ -105.942219167903303, 39.594784363874439 ], [ -105.942353014668612, 39.594939888287584 ], [ -105.942590480672933, 39.59515423286944 ], [ -105.942681281898928, 39.595215642976989 ], [ -105.942850325534067, 39.595597095530806 ], [ -105.942959449975831, 39.595824910102721 ], [ -105.943069552703861, 39.596124806886188 ], [ -105.943108062960434, 39.596358166185155 ], [ -105.943087393191192, 39.596492571005335 ], [ -105.942938679824707, 39.596662817265418 ], [ -105.943464650662875, 39.59660475432311 ], [ -105.943464019473467, 39.596493351793441 ], [ -105.943438988778766, 39.596355479495138 ], [ -105.943440009692651, 39.596193889582416 ], [ -105.94337968284843, 39.596010424959928 ], [ -105.943348238240361, 39.595824239927339 ], [ -105.943310840171179, 39.595672905415547 ], [ -105.943206478465413, 39.595559402594994 ], [ -105.943078717162862, 39.595378971082432 ], [ -105.942964650408456, 39.595260575067883 ], [ -105.942868546619508, 39.595045084170714 ], [ -105.942833924761004, 39.594861410617433 ], [ -105.942795854417795, 39.594660363927147 ], [ -105.942720376501669, 39.594544140388578 ], [ -105.942539584431515, 39.594480974496165 ], [ -105.942400222037847, 39.594392613567734 ], [ -105.942253861921301, 39.594262049394032 ], [ -105.942032093511386, 39.59402023220828 ], [ -105.941843531390646, 39.593857693324956 ], [ -105.941648914860068, 39.593722547793142 ], [ -105.941462373354796, 39.593709144249644 ], [ -105.941256689974963, 39.59370583897006 ], [ -105.94114360456517, 39.593659523465391 ], [ -105.941113378013398, 39.59356281927414 ], [ -105.941147641817381, 39.593482993810973 ], [ -105.941194891049221, 39.593413006637661 ], [ -105.941238826531645, 39.593335588671543 ], [ -105.941228633411285, 39.593057253503019 ], [ -105.941222931385695, 39.59287334510725 ], [ -105.941212469326402, 39.592575125110145 ], [ -105.941201839194093, 39.592264477092819 ], [ -105.941227254961674, 39.592005740398271 ], [ -105.941185911043604, 39.591799747832496 ], [ -105.941191252767112, 39.591711009022553 ], [ -105.940839860480295, 39.591374540111659 ], [ -105.940631522163883, 39.591195198327938 ], [ -105.940479035448277, 39.590848410393193 ], [ -105.940498734099378, 39.590641923415944 ], [ -105.940483228472829, 39.590445664886374 ], [ -105.94046217158845, 39.590314084005605 ], [ -105.940492381780018, 39.590172144654666 ], [ -105.940590761957509, 39.590081856814123 ], [ -105.940729995163522, 39.589969262680171 ], [ -105.940690242348495, 39.589823428993576 ], [ -105.940532873692803, 39.589602551701027 ], [ -105.9404312342336, 39.589451736068249 ], [ -105.940384342968855, 39.589310420749285 ], [ -105.940366364784396, 39.589168871408695 ], [ -105.940366922610082, 39.588972482805097 ], [ -105.940355201599928, 39.58881845343975 ], [ -105.940327149234875, 39.588644669241013 ], [ -105.940270419622266, 39.588488518225887 ], [ -105.940136052651511, 39.588293221390771 ], [ -105.940143237725252, 39.588111694383805 ], [ -105.940172137471208, 39.587872816541065 ], [ -105.94016643893535, 39.587688907892854 ], [ -105.940207751556187, 39.587417613207734 ], [ -105.940226778309537, 39.587161414088136 ], [ -105.94023001152199, 39.586925229761142 ], [ -105.94026259334926, 39.586721124313478 ], [ -105.940312278667335, 39.586593942581985 ], [ -105.940445385861395, 39.586458628027245 ], [ -105.940647030328478, 39.586317404036592 ] ] ] } },
{ "type": "Feature", "properties": { "fid": 28, "feature-id": null, "trail_name": "Jacques St. James", "feature_type": "Trail", "mountain_area": "Dercum", "difficulty": "Blue", "acres_25_26": 5.1, "active": true, "notes": null, "gis_acres": 5.41, "trail_id": "T028", "display_from_year": 2006, "display_to_year": 9999 }, "geometry": { "type": "Polygon", "coordinates": [ [ [ -105.941383734602184, 39.595881176651822 ], [ -105.94076211780731, 39.595744261378293 ], [ -105.940815928849474, 39.595803760186982 ], [ -105.940827700115562, 39.595920379481775 ], [ -105.940774688093697, 39.59607064506659 ], [ -105.94066281575293, 39.596240313878731 ], [ -105.940502799125582, 39.596317316071847 ], [ -105.940330657821917, 39.596402302297101 ], [ -105.940179476735821, 39.596529703716321 ], [ -105.940084217280301, 39.596617021322601 ], [ -105.940071652769348, 39.596829013416226 ], [ -105.940008460496827, 39.597005602657454 ], [ -105.939817495994006, 39.597147413015016 ], [ -105.939176221825264, 39.597451497864718 ], [ -105.939043050105809, 39.597898749992879 ], [ -105.939071664958334, 39.597992754096467 ], [ -105.939050878052214, 39.598110235541299 ], [ -105.938994512543005, 39.598170309400828 ], [ -105.939387577733214, 39.598559458861892 ], [ -105.939664692643333, 39.598278358178547 ], [ -105.939695655142671, 39.598178102869618 ], [ -105.939740855893845, 39.598027729942075 ], [ -105.939818448078185, 39.597882864495681 ], [ -105.939935342629099, 39.597703063964779 ], [ -105.940041134125806, 39.597621434873929 ], [ -105.940254968005874, 39.597440849646659 ], [ -105.940533765617602, 39.597284739375048 ], [ -105.940666689717474, 39.597187504698411 ], [ -105.940822296383828, 39.597113164250366 ], [ -105.940923687113738, 39.597073879756579 ], [ -105.941065082096088, 39.597051579698089 ], [ -105.941336094400626, 39.597055153768011 ], [ -105.941318850492905, 39.596699506807653 ], [ -105.94130906362652, 39.59634379940762 ], [ -105.941304313408665, 39.596176521981704 ], [ -105.941383734602184, 39.595881176651822 ] ] ] } },
{ "type": "Feature", "properties": { "fid": 29, "feature-id": null, "trail_name": "Midland", "feature_type": "Trail", "mountain_area": "Dercum", "difficulty": "Blue", "acres_25_26": 0.6, "active": true, "notes": null, "gis_acres": 0.76, "trail_id": "T029", "display_from_year": 2006, "display_to_year": 9999 }, "geometry": { "type": "Polygon", "coordinates": [ [ [ -105.942941541981554, 39.600329906500782 ], [ -105.942845484194805, 39.600413754717977 ], [ -105.942767104998012, 39.600477495854904 ], [ -105.942688823429989, 39.600548448157724 ], [ -105.942585200131631, 39.600641242040957 ], [ -105.942476597975556, 39.600710637184847 ], [ -105.942399864350847, 39.60072388064787 ], [ -105.942512132408282, 39.600924906242398 ], [ -105.942559506261048, 39.601324788494644 ], [ -105.942642898137677, 39.601114963623623 ], [ -105.942736442444968, 39.600966358397322 ], [ -105.942895287798095, 39.600820829154237 ], [ -105.943087443390752, 39.600725513382223 ], [ -105.943253865765669, 39.600623194206868 ], [ -105.943389551184254, 39.600583282810319 ], [ -105.942941541981554, 39.600329906500782 ] ] ] } },
{ "type": "Feature", "properties": { "fid": 30, "feature-id": null, "trail_name": "Missouri", "feature_type": "Trail", "mountain_area": "Dercum", "difficulty": "Blue", "acres_25_26": 3.5, "active": true, "notes": null, "gis_acres": 3.42, "trail_id": "T030", "display_from_year": 2006, "display_to_year": 9999 }, "geometry": { "type": "Polygon", "coordinates": [ [ [ -105.939664692643333, 39.598278358178547 ], [ -105.939387577733214, 39.598559458861892 ], [ -105.939513128468221, 39.598665872160041 ], [ -105.93967709435239, 39.598769773551183 ], [ -105.939828208026924, 39.598904576937024 ], [ -105.93996346460483, 39.59909340537385 ], [ -105.940120936462833, 39.599207624751202 ], [ -105.940218490043563, 39.599306929687785 ], [ -105.940286570319202, 39.599434704815458 ], [ -105.940275209978878, 39.599575955453638 ], [ -105.940240767493322, 39.59972765897524 ], [ -105.940238768919471, 39.599825202972504 ], [ -105.940289708058444, 39.599912052457775 ], [ -105.940389920711553, 39.599962571804006 ], [ -105.940543661393846, 39.600046022523912 ], [ -105.940764338582355, 39.600172561915919 ], [ -105.940974891015983, 39.60028635027836 ], [ -105.941030479939982, 39.600343188180084 ], [ -105.941423248873605, 39.600441934481012 ], [ -105.941502559632468, 39.600456557400413 ], [ -105.941583557656884, 39.600462321396485 ], [ -105.941462227207722, 39.600082895548859 ], [ -105.941376971722647, 39.600069140454004 ], [ -105.941334805501725, 39.600019723947916 ], [ -105.941127331615419, 39.599867314990057 ], [ -105.940951216873884, 39.599732307804416 ], [ -105.940814259964995, 39.599577722041232 ], [ -105.9407587564408, 39.599462604141159 ], [ -105.940711529832654, 39.599345814093347 ], [ -105.940661664258045, 39.599187312737257 ], [ -105.940650227337557, 39.599108755334889 ], [ -105.940644688570984, 39.599006073646684 ], [ -105.940622661600301, 39.598911550956934 ], [ -105.940600395874938, 39.598799374070815 ], [ -105.94059957087228, 39.59873838686876 ], [ -105.940602808211196, 39.598670946369431 ], [ -105.940481852431901, 39.598625377581897 ], [ -105.940325173027674, 39.59854639065361 ], [ -105.940202164758432, 39.598502443286286 ], [ -105.940093396651534, 39.598437514235755 ], [ -105.93994132286582, 39.598392196666055 ], [ -105.939820649994715, 39.598367491225702 ], [ -105.939712055968613, 39.598315401225001 ], [ -105.939712055968613, 39.598315401225001 ], [ -105.939664692643333, 39.598278358178547 ] ] ] } },
{ "type": "Feature", "properties": { "fid": 31, "feature-id": null, "trail_name": "Mozart", "feature_type": "Trail", "mountain_area": "Dercum", "difficulty": "Blue", "acres_25_26": 42.8, "active": true, "notes": null, "gis_acres": 44.43, "trail_id": "T031", "display_from_year": 2006, "display_to_year": 9999 }, "geometry": { "type": "Polygon", "coordinates": [ [ [ -105.941403437538185, 39.578922119488233 ], [ -105.94125840158155, 39.578923939609219 ], [ -105.941219481847966, 39.578844198201026 ], [ -105.940990709798939, 39.57891642527737 ], [ -105.940882305989859, 39.578952490207918 ], [ -105.940923391941055, 39.579097263835713 ], [ -105.940742785933651, 39.579089317311308 ], [ -105.94072022106036, 39.579096514678518 ], [ -105.940484812039529, 39.578936262605161 ], [ -105.940368226295817, 39.578632559828776 ], [ -105.940217891386652, 39.578576365797247 ], [ -105.9400201813488, 39.57846777415665 ], [ -105.940014782576796, 39.578422444969107 ], [ -105.940010400894437, 39.578275250105364 ], [ -105.939858562280691, 39.578019056769108 ], [ -105.939774201682198, 39.577797504625686 ], [ -105.93966126422022, 39.577586369250568 ], [ -105.939524376167668, 39.577216332987412 ], [ -105.939676639164844, 39.576949115846034 ], [ -105.940334485144248, 39.576238622133509 ], [ -105.940400816882388, 39.575823642083044 ], [ -105.940257858306424, 39.57559592728169 ], [ -105.940107284351612, 39.57539610964772 ], [ -105.940032554585159, 39.575189492556625 ], [ -105.940130244111359, 39.575024780625277 ], [ -105.940235883661302, 39.574856911421577 ], [ -105.940164440007166, 39.574597689171824 ], [ -105.940117892587978, 39.574406308389747 ], [ -105.940242843231104, 39.574188797153234 ], [ -105.9403716638232, 39.57396197587618 ], [ -105.940402363239897, 39.573572026915912 ], [ -105.940416007328537, 39.573398716257287 ], [ -105.940529385111148, 39.573212226958809 ], [ -105.940602676652659, 39.573016783445304 ], [ -105.940772373752807, 39.572857673768745 ], [ -105.940873761706683, 39.572671281192243 ], [ -105.940930566049431, 39.572438856609708 ], [ -105.940901782178528, 39.572083410550533 ], [ -105.940941807784185, 39.571792357416136 ], [ -105.941022252386873, 39.571534998434416 ], [ -105.941134998342577, 39.571302120684543 ], [ -105.941259271251894, 39.571035127963128 ], [ -105.94142346034522, 39.570764718866833 ], [ -105.941495659298141, 39.570488869148555 ], [ -105.941536267294538, 39.570241111106718 ], [ -105.94154902956744, 39.570002857252774 ], [ -105.941387062402157, 39.56984643345438 ], [ -105.941185388535416, 39.56970888820662 ], [ -105.941075117736347, 39.569533488063556 ], [ -105.941020579856854, 39.569342172186268 ], [ -105.941033301983438, 39.569100825808441 ], [ -105.941099223602734, 39.568951834504681 ], [ -105.94120901491786, 39.568796302120433 ], [ -105.941342194874892, 39.568597280077398 ], [ -105.941547967029777, 39.568447155553734 ], [ -105.941714240989185, 39.568331372259728 ], [ -105.942231573092599, 39.567875620625664 ], [ -105.942696333919443, 39.567964637229991 ], [ -105.943704809561297, 39.568070887827567 ], [ -105.944004028513874, 39.568034436011558 ], [ -105.944242262400579, 39.567921157387225 ], [ -105.94442792175785, 39.567761912611232 ], [ -105.94459638044134, 39.567513114305775 ], [ -105.944768623761959, 39.56724882066159 ], [ -105.944929550433088, 39.567034104600204 ], [ -105.945127738711562, 39.56691496405152 ], [ -105.945457027124576, 39.566739085065187 ], [ -105.945655003598901, 39.566604481020548 ], [ -105.946508012386715, 39.566445986093328 ], [ -105.94682366799826, 39.566443414664803 ], [ -105.947118377635675, 39.566369877223657 ], [ -105.947404969110636, 39.566287126629469 ], [ -105.947723272285572, 39.56618555952879 ], [ -105.948112653265895, 39.566021554394666 ], [ -105.948482012233626, 39.565854618513647 ], [ -105.948759512882134, 39.565691524318758 ], [ -105.949240196711614, 39.565483469857249 ], [ -105.94954200497348, 39.565344918151474 ], [ -105.949823285675791, 39.565166326211596 ], [ -105.950094772959105, 39.565148642595176 ], [ -105.950577602543163, 39.565098301136246 ], [ -105.950772793618995, 39.565053404231413 ], [ -105.950943461956157, 39.564968500440166 ], [ -105.951082081008209, 39.564877672973807 ], [ -105.951208586312973, 39.564777665905282 ], [ -105.95140248584471, 39.564930722188251 ], [ -105.951497863066294, 39.565009118804234 ], [ -105.951570544067778, 39.565064195366965 ], [ -105.951435750878005, 39.565259531354904 ], [ -105.951239617340448, 39.565177010893521 ], [ -105.951181979689636, 39.565170059787164 ], [ -105.951116435409077, 39.565169359107351 ], [ -105.951046130241181, 39.56517117165059 ], [ -105.95098075494019, 39.565182840996876 ], [ -105.950959058701855, 39.5653555208279 ], [ -105.950935608975271, 39.565506639868701 ], [ -105.950920807944897, 39.565623835312955 ], [ -105.950842209391936, 39.565740142241907 ], [ -105.950765124618002, 39.565833868187021 ], [ -105.950675380263945, 39.565934750316423 ], [ -105.950587727519334, 39.566055362742198 ], [ -105.950499920415609, 39.566164692091377 ], [ -105.950409328014459, 39.566203517455122 ], [ -105.950289367758558, 39.566227067033715 ], [ -105.95014441569576, 39.566288905247468 ], [ -105.950002934649078, 39.566338020099472 ], [ -105.949850770063009, 39.566405559045805 ], [ -105.949665400547104, 39.566443747939701 ], [ -105.949130076394653, 39.566345152460137 ], [ -105.948864277594652, 39.566365660014192 ], [ -105.948702769891938, 39.566416347340926 ], [ -105.948516000206624, 39.566485577583194 ], [ -105.948317835481575, 39.566521047698878 ], [ -105.948138162058299, 39.566576114085052 ], [ -105.947916441940833, 39.566621649441558 ], [ -105.947701991366742, 39.566665714556983 ], [ -105.947400590207735, 39.566748572607331 ], [ -105.947202654421005, 39.566800965366795 ], [ -105.947029961427248, 39.566833404600153 ], [ -105.946694568590019, 39.566963085456159 ], [ -105.946384398684216, 39.567071401924046 ], [ -105.946130181575043, 39.567139767071993 ], [ -105.945892460261007, 39.567215050065641 ], [ -105.945691318107777, 39.567299908638091 ], [ -105.945508819718142, 39.567415646920679 ], [ -105.945342587203527, 39.567521378856938 ], [ -105.945196993015671, 39.567670669245445 ], [ -105.945100944775533, 39.567844946119543 ], [ -105.94499973552324, 39.568041833423955 ], [ -105.944891910094867, 39.568154142397873 ], [ -105.944760375226153, 39.568265233497378 ], [ -105.94458855779547, 39.568362546553658 ], [ -105.944435885892673, 39.568393408664278 ], [ -105.944243448311767, 39.568448572776646 ], [ -105.943621040689379, 39.568514281485108 ], [ -105.94330783252569, 39.568533750788099 ], [ -105.943105957206257, 39.568565010553137 ], [ -105.942880410726687, 39.568597872568432 ], [ -105.942634684867684, 39.568621024100011 ], [ -105.942405283291023, 39.568638400591531 ], [ -105.942208339632387, 39.568630123851747 ], [ -105.942037061119848, 39.568632922996329 ], [ -105.941900597423654, 39.568649545045652 ], [ -105.941826378651527, 39.56868682048102 ], [ -105.941747017235514, 39.568748116624249 ], [ -105.94166970696169, 39.568826322500172 ], [ -105.941609007284995, 39.568919909605206 ], [ -105.941570537837322, 39.569040116702929 ], [ -105.941655805198508, 39.569280627088965 ], [ -105.941742599727462, 39.569364555764736 ], [ -105.941874609351757, 39.569422728294086 ], [ -105.94204542274683, 39.569520081055082 ], [ -105.942144478078191, 39.569567236149958 ], [ -105.942310283425755, 39.569698481929812 ], [ -105.942415417289894, 39.56979072457932 ], [ -105.942472769358133, 39.569853733462786 ], [ -105.942499542661437, 39.569946611541759 ], [ -105.942521078163026, 39.570056458499835 ], [ -105.94250010753828, 39.57012292366899 ], [ -105.942442594280394, 39.570182632537986 ], [ -105.942356343304439, 39.57027360616793 ], [ -105.942269805703347, 39.570343424053277 ], [ -105.94221453445904, 39.570434146368008 ], [ -105.942157478890451, 39.570527704189615 ], [ -105.942084594561805, 39.570663706315521 ], [ -105.942044245396119, 39.570779697173933 ], [ -105.941991864828609, 39.570949385820569 ], [ -105.9419375471103, 39.571110626941248 ], [ -105.941870071654193, 39.571242353479185 ], [ -105.941820628965871, 39.571359828490053 ], [ -105.941762074166164, 39.571477377326488 ], [ -105.941705856800425, 39.571632991590207 ], [ -105.941670935496973, 39.571746117250974 ], [ -105.941612685428382, 39.571886232070113 ], [ -105.941569147925179, 39.572036101379354 ], [ -105.941577095606121, 39.57221940630297 ], [ -105.94160886828908, 39.572412391898482 ], [ -105.941608123835451, 39.572626798969708 ], [ -105.941615041302171, 39.572733943433008 ], [ -105.941596683210108, 39.572993630275171 ], [ -105.941568220601212, 39.57318005126357 ], [ -105.941528727812482, 39.573359508947114 ], [ -105.941538631616353, 39.573552671713394 ], [ -105.94155899314876, 39.573710486414832 ], [ -105.941579660089076, 39.573890867158738 ], [ -105.941602903448214, 39.57399223717966 ], [ -105.941695867947843, 39.574262306128851 ], [ -105.941723233666764, 39.574398906028271 ], [ -105.941815206678044, 39.574595635197952 ], [ -105.941931292380886, 39.574823200548046 ], [ -105.942065317299353, 39.575029462347857 ], [ -105.942133943493715, 39.575251770096457 ], [ -105.942187570093736, 39.57544316770295 ], [ -105.942217867344311, 39.575661554561059 ], [ -105.94219861345087, 39.575854953610268 ], [ -105.94211590481197, 39.575938845618893 ], [ -105.942025867755987, 39.576019975914498 ], [ -105.941947051915122, 39.576122173163135 ], [ -105.941895611731752, 39.576226969524207 ], [ -105.941851175128633, 39.576310551111177 ], [ -105.941788074219886, 39.576361841712334 ], [ -105.941703007561713, 39.576406257633359 ], [ -105.941626977055819, 39.576444958139383 ], [ -105.94155668119042, 39.576503359579789 ], [ -105.941523904283841, 39.576640446785362 ], [ -105.941482224510182, 39.576793121966233 ], [ -105.941385677771194, 39.576932136321254 ], [ -105.94130449315459, 39.57712885796645 ], [ -105.941248393800151, 39.577428345193653 ], [ -105.941171730843337, 39.577689914577036 ], [ -105.941131423140732, 39.577944136794976 ], [ -105.941141833083591, 39.578039968649882 ], [ -105.94122752144068, 39.578176096185409 ], [ -105.941320328696619, 39.57829947119761 ], [ -105.941470131672858, 39.578527728503509 ], [ -105.941431356534011, 39.578621903114907 ], [ -105.941403437538185, 39.578922119488233 ] ] ] } },
{ "type": "Feature", "properties": { "fid": 32, "feature-id": null, "trail_name": "Orfint Boy", "feature_type": "Trail", "mountain_area": "Dercum", "difficulty": "Blue", "acres_25_26": 0.6, "active": true, "notes": null, "gis_acres": 0.61, "trail_id": "T032", "display_from_year": 2006, "display_to_year": 9999 }, "geometry": { "type": "Polygon", "coordinates": [ [ [ -105.946588658670663, 39.598211837145463 ], [ -105.94664651163157, 39.598300554774795 ], [ -105.946758718409839, 39.598421822643182 ], [ -105.946798016396585, 39.598524135421869 ], [ -105.946808290064865, 39.598582699137395 ], [ -105.946791934034778, 39.598657386045417 ], [ -105.946719760895377, 39.598746540086836 ], [ -105.946653763412641, 39.598833209917998 ], [ -105.946633051694661, 39.598936011685367 ], [ -105.946655376629806, 39.599117938069512 ], [ -105.94689948340087, 39.599133917805084 ], [ -105.9468767816537, 39.598973123864106 ], [ -105.946923832981341, 39.598858423069167 ], [ -105.94701970372725, 39.59878497219043 ], [ -105.947033867180977, 39.598678606359982 ], [ -105.947016378011156, 39.598554123113878 ], [ -105.946967205210086, 39.598422567177899 ], [ -105.946962316481532, 39.598295537572341 ], [ -105.946986784892033, 39.598236690698315 ], [ -105.947020628555819, 39.598170436470717 ], [ -105.947097992832141, 39.598112911187634 ], [ -105.946588658670663, 39.598211837145463 ] ] ] } },
{ "type": "Feature", "properties": { "fid": 33, "feature-id": null, "trail_name": "Paymaster", "feature_type": "Trail", "mountain_area": "Dercum", "difficulty": "Blue", "acres_25_26": 32.8, "active": true, "notes": null, "gis_acres": 23.23, "trail_id": "T033", "display_from_year": 2006, "display_to_year": 9999 }, "geometry": { "type": "Polygon", "coordinates": [ [ [ -105.947520487077398, 39.580921672061812 ], [ -105.947619482424216, 39.581108941773294 ], [ -105.94767160954251, 39.581325941215418 ], [ -105.947748172073318, 39.581531870093997 ], [ -105.947835418816553, 39.581748582987807 ], [ -105.947981294606222, 39.581886001103314 ], [ -105.948186725160397, 39.58201206183805 ], [ -105.948262697387065, 39.58217451025741 ], [ -105.948311241369211, 39.582386102991656 ], [ -105.948365587097214, 39.582507960734318 ], [ -105.948525994917262, 39.58268059101146 ], [ -105.948759931986345, 39.582836313863183 ], [ -105.949084253998123, 39.582923352853577 ], [ -105.949416008637925, 39.583040226069272 ], [ -105.949508098236464, 39.583096547505605 ], [ -105.949671094834613, 39.583201209867291 ], [ -105.949897826740525, 39.58334340025673 ], [ -105.949980420224477, 39.583475897503654 ], [ -105.950003347479353, 39.583611600337264 ], [ -105.949991303393546, 39.583758460311309 ], [ -105.950059701142862, 39.583880202329652 ], [ -105.950114199590104, 39.584012929180588 ], [ -105.950045555346222, 39.584130356092913 ], [ -105.949987150040826, 39.584225956808794 ], [ -105.949946898371323, 39.584364893965564 ], [ -105.949987237576977, 39.584489583207208 ], [ -105.950080257388905, 39.584613841691464 ], [ -105.950204774512258, 39.584729689109146 ], [ -105.950182305926347, 39.584884787738254 ], [ -105.950191408596211, 39.585036910379891 ], [ -105.950274227437134, 39.585185712356811 ], [ -105.950380925719898, 39.585282680663582 ], [ -105.950384267026166, 39.585527255762656 ], [ -105.950426241347515, 39.585771514850883 ], [ -105.950499082268692, 39.585961165327582 ], [ -105.95068393965181, 39.586122721247769 ], [ -105.95077452794753, 39.586325815348204 ], [ -105.950847816167993, 39.586548075572736 ], [ -105.950822393545167, 39.586743965510514 ], [ -105.950737004297395, 39.586921321498252 ], [ -105.950679489027692, 39.587082142535316 ], [ -105.950643343580566, 39.587264531132952 ], [ -105.950565163283869, 39.587455417020585 ], [ -105.950396779679309, 39.587728574821227 ], [ -105.950361487134046, 39.587973465822103 ], [ -105.950375885134534, 39.588255999622902 ], [ -105.950424997112123, 39.588508353621371 ], [ -105.950442090853201, 39.588731073665443 ], [ -105.950409790440929, 39.588937890921414 ], [ -105.950360856797403, 39.589212789287998 ], [ -105.95030434131688, 39.58944698258999 ], [ -105.950297331627596, 39.589705231193975 ], [ -105.95025670636295, 39.589816993368018 ], [ -105.950101548576754, 39.590030250832022 ], [ -105.949971384327, 39.59027319956806 ], [ -105.949850865490589, 39.590450842040198 ], [ -105.949765469389575, 39.590628197286335 ], [ -105.949693120378754, 39.590732065158846 ], [ -105.949635080259327, 39.590854840653847 ], [ -105.949650799335132, 39.59097701328411 ], [ -105.949689225287912, 39.591218583612175 ], [ -105.949729308499371, 39.591324250263824 ], [ -105.949771210212276, 39.591563074335859 ], [ -105.949745745893338, 39.591756246430577 ], [ -105.949638605691177, 39.591884858855735 ], [ -105.949570806496055, 39.59206478790108 ], [ -105.949437272686382, 39.592318634722645 ], [ -105.949337638139056, 39.592482516952479 ], [ -105.949156809118804, 39.592617166594671 ], [ -105.948990103329521, 39.592757136204398 ], [ -105.948848243548483, 39.592915927282554 ], [ -105.948733852583629, 39.593028291265448 ], [ -105.948608923863077, 39.593140741170608 ], [ -105.948469796621353, 39.593242435642232 ], [ -105.948268074366183, 39.593390843460334 ], [ -105.948039177504114, 39.593607417698991 ], [ -105.947795636659578, 39.593780626122289 ], [ -105.94767813741997, 39.593922910231029 ], [ -105.947652333271037, 39.594091624376802 ], [ -105.947636807355011, 39.59424123007414 ], [ -105.947590112979185, 39.594423703585498 ], [ -105.947521491545572, 39.594543846471538 ], [ -105.947502466568992, 39.594686745576595 ], [ -105.947568756294814, 39.594978163948845 ], [ -105.947590477182786, 39.595119632677992 ], [ -105.94764324758863, 39.595363263663089 ], [ -105.94769998571013, 39.595477480984499 ], [ -105.947620641852481, 39.59552313100869 ], [ -105.947938233286777, 39.59581515495158 ], [ -105.948210889210827, 39.596128913428885 ], [ -105.948263562385549, 39.595962720502214 ], [ -105.948425811644228, 39.595774381454348 ], [ -105.948242332650565, 39.59562508591339 ], [ -105.947979400447579, 39.59540708968084 ], [ -105.947984980844751, 39.595301049926626 ], [ -105.948013963725998, 39.595107849599778 ], [ -105.948082399598178, 39.5949741189458 ], [ -105.948101363136701, 39.594819049557138 ], [ -105.948169576258408, 39.594669013859559 ], [ -105.948315472429996, 39.594548239905123 ], [ -105.948436817463417, 39.594430383982704 ], [ -105.94855427890613, 39.594285381628907 ], [ -105.94858363050389, 39.594119356135018 ], [ -105.948514631868917, 39.59395413357278 ], [ -105.948512704552755, 39.593812823645749 ], [ -105.948567495998233, 39.593709099886944 ], [ -105.948692944775132, 39.593634695004326 ], [ -105.94886453756888, 39.593595244568057 ], [ -105.949050365516854, 39.593569266609016 ], [ -105.949161763598212, 39.593494975990502 ], [ -105.949307433034676, 39.593357895826848 ], [ -105.949554443951087, 39.593181938080804 ], [ -105.949732058061358, 39.593069056519788 ], [ -105.949828848085744, 39.592954117647423 ], [ -105.949991172470817, 39.592493482088543 ], [ -105.950041074780543, 39.592289238938086 ], [ -105.950124764409765, 39.591986878606875 ], [ -105.950163794686148, 39.591758264077093 ], [ -105.950217579656751, 39.591581167097736 ], [ -105.950274395867183, 39.591424114117174 ], [ -105.950257045640967, 39.591185891893296 ], [ -105.950265757912717, 39.590993727821967 ], [ -105.950260129256193, 39.590838859127238 ], [ -105.950257159032347, 39.590621459231151 ], [ -105.950360264012531, 39.59045482999143 ], [ -105.950515830428941, 39.590271464681393 ], [ -105.950651102181538, 39.590145339064883 ], [ -105.950771989912184, 39.589994870770781 ], [ -105.950807727668163, 39.589782589719171 ], [ -105.950857031393127, 39.589534866195393 ], [ -105.95091354507268, 39.58930067264955 ], [ -105.950990760370942, 39.589039131602618 ], [ -105.951100254110088, 39.58882624673457 ], [ -105.951215731106089, 39.588537214286163 ], [ -105.951268470467369, 39.588284026811898 ], [ -105.951202928495931, 39.587857868254481 ], [ -105.951256949861829, 39.587441602043263 ], [ -105.951301288942219, 39.587087924541706 ], [ -105.951316025231762, 39.586881250793482 ], [ -105.951193268021498, 39.58663765343298 ], [ -105.951064658895518, 39.586222882161323 ], [ -105.950950582638171, 39.585843323231423 ], [ -105.950916782139871, 39.585683249390954 ], [ -105.950953074721994, 39.585511730680089 ], [ -105.950957535649437, 39.585324165648387 ], [ -105.950910095787037, 39.585194099271042 ], [ -105.950663530183547, 39.584886287107828 ], [ -105.950682819887533, 39.584755674644207 ], [ -105.950772312990964, 39.584621769942359 ], [ -105.950819252917569, 39.584458317535201 ], [ -105.950863052046742, 39.584322068859755 ], [ -105.950829384703553, 39.583914673575627 ], [ -105.950693180869607, 39.583714670460658 ], [ -105.950573757957429, 39.583457455977225 ], [ -105.950542951749654, 39.583259308180303 ], [ -105.950473625638423, 39.583069628883713 ], [ -105.950236097829688, 39.582908503259802 ], [ -105.950038649658893, 39.582853043882892 ], [ -105.94977100011387, 39.582800875815977 ], [ -105.94958319823418, 39.582680109466367 ], [ -105.949454877256798, 39.582542549956983 ], [ -105.949383229579098, 39.582439858743768 ], [ -105.949270180682021, 39.582391861848031 ], [ -105.949143455004148, 39.582371154624113 ], [ -105.949023901507815, 39.582361259908737 ], [ -105.948892107376949, 39.582226445937088 ], [ -105.948749222183821, 39.582050955272933 ], [ -105.94860271466878, 39.581867340577176 ], [ -105.948491326775027, 39.581683439017503 ], [ -105.948274472111152, 39.581492244680838 ], [ -105.948149815930933, 39.581365525003619 ], [ -105.948091589342368, 39.581216520727153 ], [ -105.948075912579398, 39.581097065128638 ], [ -105.948128663075266, 39.58105285022058 ], [ -105.948093645929305, 39.581025576364738 ], [ -105.947520487077398, 39.580921672061812 ] ] ] } },
{ "type": "Feature", "properties": { "fid": 34, "feature-id": null, "trail_name": "River Run", "feature_type": "Trail", "mountain_area": "Dercum", "difficulty": "Blue", "acres_25_26": 10.1, "active": true, "notes": null, "gis_acres": 11.13, "trail_id": "T034", "display_from_year": 2006, "display_to_year": 9999 }, "geometry": { "type": "Polygon", "coordinates": [ [ [ -105.942399864350847, 39.60072388064787 ], [ -105.941826032691665, 39.600735713101649 ], [ -105.941946191485826, 39.600879528699963 ], [ -105.941898903735762, 39.60102470179887 ], [ -105.941832019318184, 39.601177654250272 ], [ -105.94177011115363, 39.601334376578407 ], [ -105.941732982262678, 39.601502328785905 ], [ -105.941760754979384, 39.601734529246997 ], [ -105.941799617773853, 39.601851487705972 ], [ -105.941796652924424, 39.601999545481419 ], [ -105.941740930802865, 39.602105735552769 ], [ -105.941680837416101, 39.602256178895502 ], [ -105.941617581872435, 39.602356662417044 ], [ -105.941576743067543, 39.602460809262496 ], [ -105.941434774547943, 39.602621528573792 ], [ -105.941065447835939, 39.602693731293648 ], [ -105.941071913995316, 39.60298782385059 ], [ -105.941072031087288, 39.603180074484641 ], [ -105.941100055856381, 39.603414394399223 ], [ -105.941067269236854, 39.603562693686889 ], [ -105.941022317542362, 39.603730316652694 ], [ -105.941079017888057, 39.603879813598127 ], [ -105.941034612469934, 39.604087804961196 ], [ -105.941287267492342, 39.604208799209601 ], [ -105.941291874482573, 39.604549047106509 ], [ -105.941370320147939, 39.604547596642441 ], [ -105.941369673793545, 39.604630197181656 ], [ -105.941292176030871, 39.60463204817016 ], [ -105.941292257417174, 39.604638058858797 ], [ -105.941239976918567, 39.6046379359422 ], [ -105.941240210115922, 39.604707337798068 ], [ -105.941239644290818, 39.604717725619579 ], [ -105.941094119713071, 39.604718358030318 ], [ -105.941113643593425, 39.604751535534639 ], [ -105.94114444761594, 39.604782982198977 ], [ -105.941174508282018, 39.604811702446007 ], [ -105.941215863899771, 39.604839784694008 ], [ -105.94126767491079, 39.604857398981899 ], [ -105.941326468514148, 39.604868945323233 ], [ -105.941400691846425, 39.604872169315669 ], [ -105.941474149587066, 39.604871027575498 ], [ -105.941565370826353, 39.604877392632936 ], [ -105.941640289922162, 39.604931980531404 ], [ -105.941656662442441, 39.605306190827612 ], [ -105.941663702928551, 39.605565168173655 ], [ -105.941809214453485, 39.605563442176354 ], [ -105.941803109316965, 39.605321398327995 ], [ -105.941794870241196, 39.605078278795716 ], [ -105.94178537816893, 39.604899108289295 ], [ -105.941788091585067, 39.604786510146383 ], [ -105.941793405352428, 39.604709412522503 ], [ -105.941855271883682, 39.604687051544147 ], [ -105.941926136394997, 39.604650955427594 ], [ -105.942013443356274, 39.604577018403269 ], [ -105.942088837737828, 39.604510282232376 ], [ -105.94215658016094, 39.604452351845111 ], [ -105.942245017974642, 39.604357639000604 ], [ -105.942311824122953, 39.604282775044055 ], [ -105.942412906918634, 39.604103593959195 ], [ -105.942464853320203, 39.604028250033132 ], [ -105.942478425310796, 39.603985220746708 ], [ -105.942622773360284, 39.603443618732712 ], [ -105.942652109521177, 39.603329014636316 ], [ -105.942697653183728, 39.603227967922891 ], [ -105.942730916686315, 39.603114143523683 ], [ -105.94274138720661, 39.602993480079292 ], [ -105.942748847221182, 39.602874011725469 ], [ -105.942731477455155, 39.602709088917251 ], [ -105.942731609717441, 39.602607239993205 ], [ -105.942720514937463, 39.602458655567773 ], [ -105.94273582645971, 39.602360195464861 ], [ -105.942772893606787, 39.602303702760729 ], [ -105.942801088091414, 39.602262500691396 ], [ -105.942832137280405, 39.602242181224113 ], [ -105.942755286215956, 39.602050156725099 ], [ -105.942685093943098, 39.601873338480502 ], [ -105.94263937873491, 39.601735688364201 ], [ -105.942634816898774, 39.601622267402774 ], [ -105.942584873207082, 39.601395756654632 ], [ -105.942559506261048, 39.601324788494644 ], [ -105.942512132408282, 39.600924906242398 ], [ -105.942399864350847, 39.60072388064787 ] ] ] } },
{ "type": "Feature", "properties": { "fid": 35, "feature-id": null, "trail_name": "Sante Fe", "feature_type": "Trail", "mountain_area": "Dercum", "difficulty": "Blue", "acres_25_26": 18.1, "active": true, "notes": null, "gis_acres": 15.19, "trail_id": "T035", "display_from_year": 2006, "display_to_year": 9999 }, "geometry": { "type": "Polygon", "coordinates": [ [ [ -105.937911566768676, 39.588747508243067 ], [ -105.938176278948305, 39.589215678205107 ], [ -105.937866981725236, 39.589456184833509 ], [ -105.937748256175681, 39.589594236648146 ], [ -105.937519594334418, 39.589792201835103 ], [ -105.937434239669358, 39.589850012824968 ], [ -105.937320972797991, 39.590028005773604 ], [ -105.937250307133041, 39.590262777278205 ], [ -105.937090003261176, 39.590420204565213 ], [ -105.93695971468857, 39.590613567047228 ], [ -105.936937877267695, 39.590819383430684 ], [ -105.936948491039004, 39.591059211501616 ], [ -105.936931369795687, 39.591249757225292 ], [ -105.93689243505429, 39.591465231830803 ], [ -105.93676703991504, 39.591656650537324 ], [ -105.936633595148095, 39.59179862800903 ], [ -105.93654923715934, 39.591930689286215 ], [ -105.936467595986187, 39.592081769366715 ], [ -105.936387902585281, 39.592194752163572 ], [ -105.936271373990408, 39.592313743965263 ], [ -105.936119086275625, 39.592518707194316 ], [ -105.936039827426185, 39.592664055542542 ], [ -105.935938805313626, 39.592838140290198 ], [ -105.935827478312689, 39.592978034577136 ], [ -105.935759625845606, 39.593056648191229 ], [ -105.935675187862074, 39.593182997233804 ], [ -105.935523562397933, 39.593437460309261 ], [ -105.935459552863705, 39.593618862904933 ], [ -105.935404999760237, 39.593954419475708 ], [ -105.935408648496562, 39.594256186115942 ], [ -105.93543135721545, 39.59448068422352 ], [ -105.935484392760543, 39.594581173227198 ], [ -105.935560677669983, 39.594763350248279 ], [ -105.935697996658888, 39.595091649507658 ], [ -105.935922038829816, 39.595280252525384 ], [ -105.936143928871076, 39.595491721344303 ], [ -105.936397965897825, 39.595714355094231 ], [ -105.936616885006785, 39.595887765425637 ], [ -105.936847572591034, 39.59620388606816 ], [ -105.937083030229331, 39.596508543306257 ], [ -105.937259016634457, 39.596783214614639 ], [ -105.937494016048618, 39.597053601328675 ], [ -105.937823766474878, 39.597414618348076 ], [ -105.937998859268703, 39.597622653082965 ], [ -105.93800878476705, 39.5978110763145 ], [ -105.938041733670318, 39.597933208676338 ], [ -105.938105294258079, 39.59800850004423 ], [ -105.938179343284233, 39.598088545271487 ], [ -105.938307701076084, 39.598176216176185 ], [ -105.93838554974981, 39.598228811913735 ], [ -105.938448566850198, 39.598263785906816 ], [ -105.938534144689257, 39.598271158953807 ], [ -105.938642174322354, 39.598242867571393 ], [ -105.938752680375387, 39.598243587610028 ], [ -105.938819344317082, 39.598239823228006 ], [ -105.938904617298803, 39.598224618386368 ], [ -105.938994512543005, 39.598170309400828 ], [ -105.939387577733214, 39.598559458861892 ], [ -105.939255803308058, 39.598602415452156 ], [ -105.939118980753975, 39.598659971671182 ], [ -105.939027518761733, 39.598680065280355 ], [ -105.938879684800696, 39.598694162922968 ], [ -105.938785985653467, 39.598702984382008 ], [ -105.938735911160634, 39.598700163257831 ], [ -105.938619106974116, 39.598696268361955 ], [ -105.938518958012466, 39.598690625947789 ], [ -105.938445495612768, 39.598654123504232 ], [ -105.938403433184192, 39.598627044579779 ], [ -105.938338287627445, 39.598588862030176 ], [ -105.938300372755549, 39.598560136707903 ], [ -105.938041919557861, 39.598410614588786 ], [ -105.937957947618187, 39.598367745232963 ], [ -105.937615042965334, 39.597985038777452 ], [ -105.937426773973684, 39.597783337231462 ], [ -105.937250622355265, 39.597552506083979 ], [ -105.936990567079803, 39.597283642624738 ], [ -105.936730122784297, 39.596985750160322 ], [ -105.936475999580423, 39.596692644729771 ], [ -105.93624361430706, 39.596465490958309 ], [ -105.935992230827765, 39.596220748259583 ], [ -105.935547879588128, 39.595734016548874 ], [ -105.93522834318243, 39.595381759026473 ], [ -105.935101973259748, 39.595131169386754 ], [ -105.93502995331967, 39.59489143226611 ], [ -105.934929141096063, 39.594680958332042 ], [ -105.934875557531271, 39.594416879776105 ], [ -105.934797090591672, 39.59416267857263 ], [ -105.934802675502183, 39.593957799874907 ], [ -105.934865300020562, 39.593808912484796 ], [ -105.934960733838594, 39.593619439436736 ], [ -105.935014499486869, 39.593431914500854 ], [ -105.935055996596262, 39.593262229779945 ], [ -105.93511636204282, 39.593100457505919 ], [ -105.935197354879449, 39.592922390523555 ], [ -105.935381810476343, 39.592687040330887 ], [ -105.935496630428034, 39.592544183821367 ], [ -105.935660955664517, 39.592362219791021 ], [ -105.935753323139792, 39.592255026853998 ], [ -105.935837265819686, 39.592141450241421 ], [ -105.935933802603657, 39.591879388561317 ], [ -105.936025387680942, 39.59171413857289 ], [ -105.93617737730311, 39.591390341066941 ], [ -105.936299141679953, 39.59114420443818 ], [ -105.936351555843473, 39.590856692087065 ], [ -105.936378175332067, 39.590666159487832 ], [ -105.936490102170495, 39.590463649275101 ], [ -105.936673070726968, 39.590273469185504 ], [ -105.936790727895442, 39.590032203715253 ], [ -105.936937999731853, 39.589822956620417 ], [ -105.937121095765818, 39.58964245197933 ], [ -105.937341209239648, 39.58942455252167 ], [ -105.937571960413905, 39.589222695459931 ], [ -105.937660326087112, 39.589128436191224 ], [ -105.937720616827534, 39.588961824494511 ], [ -105.937810653179895, 39.588836907182944 ], [ -105.937911566768676, 39.588747508243067 ] ] ] } },
{ "type": "Feature", "properties": { "fid": 36, "feature-id": null, "trail_name": "Spring Dipper", "feature_type": "Trail", "mountain_area": "Dercum", "difficulty": "Blue", "acres_25_26": 37.7, "active": true, "notes": null, "gis_acres": 41.12, "trail_id": "T036", "display_from_year": 2006, "display_to_year": 9999 }, "geometry": { "type": "Polygon", "coordinates": [ [ [ -105.940341554223906, 39.579136991325662 ], [ -105.940014105381039, 39.579011445113395 ], [ -105.939847856817892, 39.579052948850979 ], [ -105.939651704528515, 39.579076048947655 ], [ -105.939584833165654, 39.579065115705184 ], [ -105.939454570176949, 39.579163697824626 ], [ -105.93934258753211, 39.579243486794645 ], [ -105.939208617382249, 39.579342098606411 ], [ -105.939069241956588, 39.579452227932642 ], [ -105.938919017526857, 39.579582524229906 ], [ -105.93882072447758, 39.579698947516803 ], [ -105.938766502702379, 39.579892033799119 ], [ -105.938766311133591, 39.580078401544519 ], [ -105.938787935229072, 39.580277157044854 ], [ -105.938840898706985, 39.580391899243018 ], [ -105.938946364820694, 39.580489494239501 ], [ -105.938949292628962, 39.580706449903346 ], [ -105.938923513970863, 39.580874042252375 ], [ -105.938873661365193, 39.581038729407524 ], [ -105.938836493711662, 39.581252909316333 ], [ -105.938839504901281, 39.581476063690928 ], [ -105.938906685735972, 39.581704898970315 ], [ -105.938921755182605, 39.581931055593252 ], [ -105.938927642782232, 39.582070494692992 ], [ -105.939042722071122, 39.58228654399695 ], [ -105.939054121371328, 39.582537527867565 ], [ -105.938949321324202, 39.582786351060307 ], [ -105.938868051329351, 39.582997787588354 ], [ -105.938931061050013, 39.583214257679145 ], [ -105.938941456251399, 39.583390856761213 ], [ -105.93892794412244, 39.58357694813462 ], [ -105.938918604739257, 39.583775404594768 ], [ -105.938898712808225, 39.584082435915882 ], [ -105.938888253964151, 39.584494780885294 ], [ -105.938881256821531, 39.584866801723201 ], [ -105.938757763333911, 39.5852149661808 ], [ -105.938514761272828, 39.585316119671454 ], [ -105.938212134490527, 39.585451850837629 ], [ -105.937950063957103, 39.585624450267204 ], [ -105.937795683978152, 39.585762083262551 ], [ -105.937631458848955, 39.586060980003815 ], [ -105.93757325424663, 39.58620093626471 ], [ -105.937578350589774, 39.586579058763782 ], [ -105.937521273294962, 39.586802697836255 ], [ -105.93751493280952, 39.586926737058803 ], [ -105.937520275178002, 39.587025884401839 ], [ -105.937541013717933, 39.58707841199238 ], [ -105.937581404751839, 39.587102883687045 ], [ -105.93765805588248, 39.58714256126563 ], [ -105.937726570377379, 39.587173005355666 ], [ -105.937812820884488, 39.587330394009378 ], [ -105.937925279138867, 39.587648755501945 ], [ -105.937884559383647, 39.587897060276966 ], [ -105.937824061352515, 39.588164122872925 ], [ -105.937775245878981, 39.588406293532451 ], [ -105.93783020411054, 39.588619729300426 ], [ -105.937911566768676, 39.588747508243067 ], [ -105.938176278948305, 39.589215678205107 ], [ -105.938258557822707, 39.58933316591402 ], [ -105.938237289890267, 39.589463382545169 ], [ -105.938143408582206, 39.5896725687059 ], [ -105.938075715868948, 39.589945675073807 ], [ -105.938038379962393, 39.59007958425628 ], [ -105.938003970706362, 39.590259787149932 ], [ -105.93781562421988, 39.590464391296827 ], [ -105.937566986298606, 39.590637415801801 ], [ -105.9374442741438, 39.590757762184758 ], [ -105.937331586715672, 39.590938596406502 ], [ -105.937291706583395, 39.591054711494436 ], [ -105.937311327042693, 39.591314642932964 ], [ -105.937335336558434, 39.591766969694341 ], [ -105.937198471605583, 39.59208798406474 ], [ -105.937128061472976, 39.592351242555758 ], [ -105.937087132162929, 39.592557043502893 ], [ -105.937152399650302, 39.592660552948722 ], [ -105.937403597741664, 39.593090275364531 ], [ -105.9375349762784, 39.593359708537527 ], [ -105.937632426216268, 39.593606007290148 ], [ -105.937652143482794, 39.593821722539602 ], [ -105.937575185892044, 39.594098038543507 ], [ -105.937487091647228, 39.594296417472698 ], [ -105.93749297726086, 39.594483634476425 ], [ -105.937552295636195, 39.594644411361351 ], [ -105.937577208275329, 39.594698771888496 ], [ -105.937593860289553, 39.594735107299499 ], [ -105.93779891465384, 39.594983138353165 ], [ -105.93797248943703, 39.595140391831848 ], [ -105.938109579794684, 39.595334352165793 ], [ -105.938335887385747, 39.595413152443726 ], [ -105.938608835220947, 39.595460364762324 ], [ -105.939029794629292, 39.595514182968301 ], [ -105.939678879771421, 39.595532343218309 ], [ -105.939998081394862, 39.595519357586994 ], [ -105.940223899396599, 39.595561745607071 ], [ -105.940433367367987, 39.595638077160949 ], [ -105.940649488448642, 39.595709152680982 ], [ -105.94076211780731, 39.595744261378293 ], [ -105.941383734602184, 39.595881176651822 ], [ -105.941613695810247, 39.595909413938941 ], [ -105.94194789471463, 39.596010740755396 ], [ -105.942110973996549, 39.596136862335378 ], [ -105.942210220031328, 39.596266102252173 ], [ -105.94222254583326, 39.596679544467285 ], [ -105.942150198329699, 39.597046857214529 ], [ -105.942296056147711, 39.597216813167634 ], [ -105.942367299951641, 39.597342812165664 ], [ -105.942348351102922, 39.597453720582742 ], [ -105.942175227819931, 39.597657647545105 ], [ -105.942225207505032, 39.597723695065341 ], [ -105.942206001096096, 39.597815619018959 ], [ -105.941928063816107, 39.598145498536091 ], [ -105.941827538060721, 39.598170155000659 ], [ -105.941671249305188, 39.598214770052742 ], [ -105.941233269921668, 39.598146794482865 ], [ -105.941235851455474, 39.598337505761634 ], [ -105.941244505128097, 39.598562846420464 ], [ -105.941339781000522, 39.598564241928592 ], [ -105.941550969436605, 39.598642724861335 ], [ -105.941590306027848, 39.598651075715267 ], [ -105.941749309126607, 39.59859993653658 ], [ -105.942471045114075, 39.598312320677991 ], [ -105.942565204316821, 39.598231362618407 ], [ -105.94268175491699, 39.598186250865027 ], [ -105.943218566892284, 39.59802464230664 ], [ -105.943316122461454, 39.598030201213845 ], [ -105.943417176723116, 39.598044552571487 ], [ -105.943524039565304, 39.598074028547444 ], [ -105.943678525416175, 39.598103117626628 ], [ -105.943791226474914, 39.598149885224018 ], [ -105.943891453905707, 39.598186033137203 ], [ -105.943993357737156, 39.598194424300154 ], [ -105.944600106888402, 39.598209905471997 ], [ -105.94474734054107, 39.598204969442222 ], [ -105.944853674099875, 39.598195435099449 ], [ -105.945007807304449, 39.598198516344731 ], [ -105.945103762784015, 39.598205592034418 ], [ -105.945341941073238, 39.598235447212211 ], [ -105.945668783244002, 39.598385083244686 ], [ -105.946024662202944, 39.598326894421049 ], [ -105.94597008386468, 39.598187601827775 ], [ -105.945785000920139, 39.598163044263721 ], [ -105.945661792680966, 39.598149405246339 ], [ -105.945462886585688, 39.598136382125354 ], [ -105.945318742108938, 39.598114127961665 ], [ -105.94515555385523, 39.598083243389382 ], [ -105.945005433788992, 39.598039074566934 ], [ -105.944792604654637, 39.597976381011833 ], [ -105.944532405186536, 39.597909679601251 ], [ -105.944323182799053, 39.597833778130912 ], [ -105.944201112408322, 39.597764489010466 ], [ -105.944136053888968, 39.59771230678993 ], [ -105.944080358258461, 39.597652727491344 ], [ -105.944018428901273, 39.597552201433523 ], [ -105.944001406164489, 39.597322938562954 ], [ -105.944017308376516, 39.597212411071006 ], [ -105.94405790056085, 39.59712591672973 ], [ -105.944109298628462, 39.597066260977783 ], [ -105.944143697995315, 39.597036362392544 ], [ -105.944219569882193, 39.596966172852902 ], [ -105.943464650662875, 39.59660475432311 ], [ -105.942938679824707, 39.596662817265418 ], [ -105.942784618136244, 39.596553568195418 ], [ -105.942768059915352, 39.596256434915631 ], [ -105.942626262273691, 39.595963548937704 ], [ -105.94245311503002, 39.595822782077285 ], [ -105.942289240029169, 39.595749794333159 ], [ -105.941974588255476, 39.595645717169162 ], [ -105.941747153991031, 39.595505389359211 ], [ -105.941698311905313, 39.595472201367556 ], [ -105.940940336508476, 39.595259585640022 ], [ -105.94076662778042, 39.59526776390976 ], [ -105.940520239432374, 39.595269758672018 ], [ -105.940340449811657, 39.595255058065348 ], [ -105.940069005036449, 39.595257254659352 ], [ -105.939676148483429, 39.595237814424102 ], [ -105.939149743805601, 39.59513730676111 ], [ -105.938627540128479, 39.594977309226323 ], [ -105.938295135258443, 39.594725457133528 ], [ -105.938197412708092, 39.594562028853083 ], [ -105.938216088989407, 39.594373027999552 ], [ -105.93839471831285, 39.594240211473654 ], [ -105.938392502683641, 39.594076011933012 ], [ -105.93835778700786, 39.593862809638246 ], [ -105.93821706468789, 39.593658674253028 ], [ -105.93819044359644, 39.593269220205812 ], [ -105.938020363897735, 39.59288508761562 ], [ -105.937973349917698, 39.592588710865435 ], [ -105.937755111956804, 39.592354731471481 ], [ -105.937775009995221, 39.592235313658591 ], [ -105.938128248553113, 39.591528567135811 ], [ -105.938129138343797, 39.591275623687125 ], [ -105.938226484417712, 39.59083885539107 ], [ -105.938374957136872, 39.590684563367134 ], [ -105.938938745743414, 39.590387135108891 ], [ -105.938959118990809, 39.589643029138088 ], [ -105.938835565445103, 39.589098578897698 ], [ -105.938702507100857, 39.588997756944394 ], [ -105.938307361449134, 39.588419536276987 ], [ -105.938332362688527, 39.587975782637372 ], [ -105.938348566741865, 39.587454178745041 ], [ -105.938298130066002, 39.58716088282997 ], [ -105.938245349577286, 39.586693781430917 ], [ -105.938224118732492, 39.586268382829694 ], [ -105.93831972068314, 39.585889992326088 ], [ -105.938642291500571, 39.585683592833632 ], [ -105.938843032585993, 39.58563401946018 ], [ -105.93919745520428, 39.585413380747269 ], [ -105.939532019935768, 39.585240878084868 ], [ -105.939551898986508, 39.584881989410036 ], [ -105.939411787553993, 39.584577007753133 ], [ -105.93934932450712, 39.584300096439854 ], [ -105.939482924600526, 39.583776015595767 ], [ -105.93948038360115, 39.583181296954464 ], [ -105.939403342324141, 39.582761354230044 ], [ -105.939372740748993, 39.582527954058101 ], [ -105.939489320777497, 39.582216897458864 ], [ -105.939660047705246, 39.581850177070024 ], [ -105.939536069458867, 39.581613283851517 ], [ -105.939388070132594, 39.581223651697805 ], [ -105.939386005527112, 39.581070735394697 ], [ -105.93943236958242, 39.580845209199104 ], [ -105.939548504867119, 39.580720417603601 ], [ -105.93967827801427, 39.5805772735945 ], [ -105.940038255737264, 39.580489689426457 ], [ -105.940222731848081, 39.580382943705089 ], [ -105.940493839472836, 39.580165717487723 ], [ -105.940478147305427, 39.579518186131274 ], [ -105.940341554223906, 39.579136991325662 ] ] ] } },
{ "type": "Feature", "properties": { "fid": 37, "feature-id": null, "trail_name": "Swandyke", "feature_type": "Trail", "mountain_area": "Dercum", "difficulty": "Blue", "acres_25_26": 4.7, "active": true, "notes": null, "gis_acres": 3.82, "trail_id": "T037", "display_from_year": 2006, "display_to_year": 9999 }, "geometry": { "type": "Polygon", "coordinates": [ [ [ -105.937593860289553, 39.594735107299499 ], [ -105.937550312888504, 39.594786300328252 ], [ -105.937509487852495, 39.594911021984522 ], [ -105.937443639885913, 39.595098856535039 ], [ -105.937361006149899, 39.595275388102891 ], [ -105.937281144831545, 39.595520527433351 ], [ -105.937315216788519, 39.595580303982956 ], [ -105.937392561981497, 39.595696923222619 ], [ -105.937411580876571, 39.595736804051555 ], [ -105.937432871713781, 39.59580812204814 ], [ -105.937475051080838, 39.59605799593453 ], [ -105.937487220356431, 39.596275226651407 ], [ -105.937492978544938, 39.596428168297599 ], [ -105.937511229118996, 39.596548123844499 ], [ -105.937567997667131, 39.59664632163738 ], [ -105.937699475044042, 39.59680253807538 ], [ -105.937896692224612, 39.597036862432468 ], [ -105.938124269051215, 39.597329562907973 ], [ -105.938279618345362, 39.597474147546379 ], [ -105.93841192432545, 39.597554577315691 ], [ -105.938544365684947, 39.597645014403554 ], [ -105.938795155447195, 39.59774021429579 ], [ -105.938966347413881, 39.597826048391248 ], [ -105.939043050105809, 39.597898749992879 ], [ -105.93912639120947, 39.597618852754607 ], [ -105.938982447354036, 39.59751279317566 ], [ -105.938879071388911, 39.597384947043352 ], [ -105.938827496853833, 39.597260971631151 ], [ -105.938823106049654, 39.597209534487597 ], [ -105.938717786374227, 39.597074554932739 ], [ -105.938470613584315, 39.596836346117968 ], [ -105.938262712444796, 39.596632134713218 ], [ -105.938098048209369, 39.596481906053924 ], [ -105.937997445674085, 39.596285406531777 ], [ -105.937988067650309, 39.596138213316458 ], [ -105.937935184441244, 39.595917021946157 ], [ -105.93791429482603, 39.59573846614299 ], [ -105.937851172987735, 39.59558026837388 ], [ -105.937747840583043, 39.595455280414221 ], [ -105.937680869339786, 39.595285675246281 ], [ -105.937692185477758, 39.595165481083171 ], [ -105.937750142758887, 39.595077795782174 ], [ -105.937819071607166, 39.595001399990913 ], [ -105.937593860289553, 39.594735107299499 ] ] ] } },
{ "type": "Feature", "properties": { "fid": 38, "feature-id": null, "trail_name": "Whipsaw", "feature_type": "Trail", "mountain_area": "Dercum", "difficulty": "Blue", "acres_25_26": 10.0, "active": true, "notes": null, "gis_acres": 10.51, "trail_id": "T038", "display_from_year": 2006, "display_to_year": 9999 }, "geometry": { "type": "Polygon", "coordinates": [ [ [ -105.938938745743414, 39.590387135108891 ], [ -105.938374957136872, 39.590684563367134 ], [ -105.938494047511, 39.590791837508284 ], [ -105.938552532639122, 39.59093299396401 ], [ -105.938615423084414, 39.591153941976472 ], [ -105.938564643473171, 39.591337182164629 ], [ -105.938448173604144, 39.591585329671247 ], [ -105.93830351622924, 39.591717826540105 ], [ -105.938233143280797, 39.591682343847275 ], [ -105.938152057254484, 39.591592871141039 ], [ -105.938128248553113, 39.591528567135811 ], [ -105.937811408897971, 39.592162488794735 ], [ -105.938032888469806, 39.592134597995219 ], [ -105.938098099236328, 39.592280850488024 ], [ -105.938170556677889, 39.592470820611588 ], [ -105.938307079890464, 39.592722074991194 ], [ -105.938304898257243, 39.592807069905845 ], [ -105.938338285418936, 39.592889096675414 ], [ -105.938399047707023, 39.593013055874692 ], [ -105.938729722380785, 39.593190710093786 ], [ -105.938876822871649, 39.593387625473163 ], [ -105.93888363655752, 39.593649169222196 ], [ -105.93903286445817, 39.594003534424324 ], [ -105.939085770559501, 39.594274864775386 ], [ -105.939132626548982, 39.594584340898088 ], [ -105.939149743805601, 39.59513730676111 ], [ -105.939152328275611, 39.595517611520755 ], [ -105.939104137195017, 39.596121146207402 ], [ -105.939171135970497, 39.596463476709921 ], [ -105.939279196860582, 39.596686104935664 ], [ -105.939264132138391, 39.597029098748457 ], [ -105.939244172495151, 39.597252761859394 ], [ -105.939176221825264, 39.597451497864718 ], [ -105.939817495994006, 39.597147413015016 ], [ -105.93979217197105, 39.596747991349879 ], [ -105.93973673349079, 39.596532557376449 ], [ -105.93959577712485, 39.596305116021171 ], [ -105.939606699739386, 39.595898660799975 ], [ -105.939639582163082, 39.595659654311483 ], [ -105.939678879771421, 39.595532343218309 ], [ -105.939676148483429, 39.595237814424102 ], [ -105.939646558385419, 39.594961154710042 ], [ -105.939610061963819, 39.594689691950634 ], [ -105.939649989224833, 39.594486185553023 ], [ -105.939643755830076, 39.594267813699226 ], [ -105.939675505116099, 39.59394500310222 ], [ -105.939699797097731, 39.59355621814656 ], [ -105.939711485630326, 39.593449452257182 ], [ -105.939383952472937, 39.593261616278227 ], [ -105.939270635281332, 39.593135542682241 ], [ -105.939185419812503, 39.59290257045199 ], [ -105.93920086167266, 39.592587511105755 ], [ -105.939183171040185, 39.592249861412469 ], [ -105.939155324912292, 39.591889435630037 ], [ -105.93906976855115, 39.591631068064054 ], [ -105.939079983367279, 39.591415102922696 ], [ -105.939078876761954, 39.591090018081303 ], [ -105.938972393662695, 39.590740386903697 ], [ -105.938938745743414, 39.590387135108891 ] ] ] } },
{ "type": "Feature", "properties": { "fid": 39, "feature-id": null, "trail_name": "Wild Irishman", "feature_type": "Trail", "mountain_area": "Dercum", "difficulty": "Blue", "acres_25_26": 25.8, "active": true, "notes": null, "gis_acres": 20.49, "trail_id": "T039", "display_from_year": 2006, "display_to_year": 9999 }, "geometry": { "type": "Polygon", "coordinates": [ [ [ -105.945181851992061, 39.580310730472931 ], [ -105.945192115531839, 39.580570309320301 ], [ -105.945099211661145, 39.580917278113823 ], [ -105.944991321359709, 39.58135879044756 ], [ -105.944895716203419, 39.581806497535567 ], [ -105.94500515310952, 39.582165068321387 ], [ -105.945215358641562, 39.582225147680504 ], [ -105.945339393841579, 39.582429219594381 ], [ -105.945354887602619, 39.582671442643687 ], [ -105.945238220926612, 39.583065815624032 ], [ -105.945340406102062, 39.583401755105704 ], [ -105.945472391922465, 39.583536019008669 ], [ -105.945444427186274, 39.584172019384035 ], [ -105.945382171272527, 39.58467925571162 ], [ -105.945232707574363, 39.585055011068192 ], [ -105.945151700674458, 39.585379851155679 ], [ -105.944962936081581, 39.585557640279376 ], [ -105.94469838907996, 39.585846203888799 ], [ -105.944865566513599, 39.586175320414185 ], [ -105.945028721040515, 39.586507616783244 ], [ -105.945221374468403, 39.586915210258404 ], [ -105.94530763847861, 39.587276458155763 ], [ -105.945694287135311, 39.587591198061787 ], [ -105.94590129121417, 39.587857041045687 ], [ -105.94616147155557, 39.58844348418819 ], [ -105.946379483591713, 39.588920111585828 ], [ -105.946473205986834, 39.589230939518828 ], [ -105.946769146894766, 39.589754142081645 ], [ -105.946850584118238, 39.590058774986879 ], [ -105.94727112398914, 39.590470802201708 ], [ -105.947482167471748, 39.59073346186544 ], [ -105.94744607935246, 39.591070526466886 ], [ -105.947717666862005, 39.591298070708262 ], [ -105.948132092605249, 39.591559070030797 ], [ -105.948174441437118, 39.591681472486329 ], [ -105.948093183816468, 39.591987431973756 ], [ -105.948123166562695, 39.592396347411665 ], [ -105.947956487771847, 39.592703003798405 ], [ -105.947790322190883, 39.593047424369331 ], [ -105.947745498842835, 39.593340496800806 ], [ -105.947754026768706, 39.59366775525227 ], [ -105.947795636659578, 39.593780626122289 ], [ -105.948268074366183, 39.593390843460334 ], [ -105.948142542496029, 39.593220804182053 ], [ -105.948127464982974, 39.593010052432462 ], [ -105.948252103071326, 39.592902024191069 ], [ -105.948347194524473, 39.592715552358413 ], [ -105.948402381782216, 39.592586059107582 ], [ -105.948502055056636, 39.592437318363935 ], [ -105.948593764398254, 39.592301232093789 ], [ -105.94864042936274, 39.592143481834157 ], [ -105.948626466674014, 39.592014553034645 ], [ -105.948544074990451, 39.591640686822039 ], [ -105.94842456137745, 39.591229354918198 ], [ -105.948393857136153, 39.591065941479769 ], [ -105.948363067224989, 39.590896233955384 ], [ -105.948144571338005, 39.590683994907231 ], [ -105.948081928589062, 39.590564905399951 ], [ -105.948144005601065, 39.590344081807004 ], [ -105.948283707525988, 39.590147803755592 ], [ -105.94834197353525, 39.589945895467885 ], [ -105.948347147776644, 39.589728683560935 ], [ -105.948251751488883, 39.589594124521064 ], [ -105.94812022051137, 39.589494481520333 ], [ -105.9478627281174, 39.589405308169866 ], [ -105.947625916523293, 39.589341144674044 ], [ -105.947426612392107, 39.589342769987816 ], [ -105.947280184856865, 39.5893439638781 ], [ -105.947096636211882, 39.589307691528084 ], [ -105.947003339394612, 39.589028334517046 ], [ -105.946861277419245, 39.588752522209127 ], [ -105.946655721735183, 39.588294678552963 ], [ -105.946431758935887, 39.587978616880392 ], [ -105.946398277839393, 39.587610645197479 ], [ -105.946120972550588, 39.587260396073873 ], [ -105.945954043277453, 39.586950163758573 ], [ -105.945881647065221, 39.586711551600047 ], [ -105.945798207252892, 39.586259006836691 ], [ -105.945780785507964, 39.585875167185655 ], [ -105.945694991531965, 39.585548537014354 ], [ -105.945655437925254, 39.585032687062572 ], [ -105.94571255249744, 39.584745809756413 ], [ -105.945822068896135, 39.584423884581838 ], [ -105.945861672981366, 39.584045875399894 ], [ -105.945860947955438, 39.583693373602543 ], [ -105.945906586831853, 39.583460095195548 ], [ -105.945743563915727, 39.583137240978672 ], [ -105.945706022248018, 39.582769301824257 ], [ -105.945665312282088, 39.582467483629131 ], [ -105.94571994069176, 39.582297079906823 ], [ -105.945810701342708, 39.582091760749528 ], [ -105.945813872655606, 39.58172663755456 ], [ -105.945755740023358, 39.58133998158246 ], [ -105.945748208049011, 39.581085104167727 ], [ -105.945744571976036, 39.580817605464929 ], [ -105.945742518685648, 39.580666547368359 ], [ -105.945783037009548, 39.580622752498329 ], [ -105.945181851992061, 39.580310730472931 ] ] ] } },
{ "type": "Feature", "properties": { "fid": 40, "feature-id": null, "trail_name": "Diamond Back", "feature_type": "Trail", "mountain_area": "Dercum", "difficulty": "Black", "acres_25_26": 41.8, "active": true, "notes": null, "gis_acres": 38.53, "trail_id": "T040", "display_from_year": 2006, "display_to_year": 9999 }, "geometry": { "type": "Polygon", "coordinates": [ [ [ -105.943395736595377, 39.576010677423881 ], [ -105.943704729947228, 39.575511179766529 ], [ -105.94396374831706, 39.57502956986248 ], [ -105.944407624185885, 39.574658994252374 ], [ -105.944996709043721, 39.573807730021294 ], [ -105.945561556288055, 39.573034946688864 ], [ -105.946002884027749, 39.572478454695357 ], [ -105.946505291899712, 39.571764890033776 ], [ -105.946734998715201, 39.571454764765605 ], [ -105.946559392476757, 39.571094119141463 ], [ -105.946638045905345, 39.570834153583682 ], [ -105.946791544027448, 39.570552149038583 ], [ -105.946945171903124, 39.57016614773967 ], [ -105.946926075278881, 39.569892615552952 ], [ -105.946928987607762, 39.569729965729998 ], [ -105.946998626374096, 39.56957470512554 ], [ -105.947058447554923, 39.569451256410716 ], [ -105.947184832849459, 39.569323298632582 ], [ -105.947270977529001, 39.569251199615834 ], [ -105.947397092165744, 39.569103411359727 ], [ -105.947672566230509, 39.568633119284662 ], [ -105.947927322996108, 39.568147129568118 ], [ -105.948036980805298, 39.567920145023969 ], [ -105.948183967080666, 39.567799951057346 ], [ -105.948218162880352, 39.567676710808513 ], [ -105.948194856195229, 39.567470643438071 ], [ -105.948182932795419, 39.56734777949481 ], [ -105.948247496173451, 39.567196526003052 ], [ -105.948343183380857, 39.567072783922981 ], [ -105.948436018351345, 39.566899456728621 ], [ -105.948587784184468, 39.566702610173607 ], [ -105.948639246384545, 39.566615253277632 ], [ -105.949130076394653, 39.566345152460137 ], [ -105.949665400547104, 39.566443747939701 ], [ -105.949850770063009, 39.566405559045805 ], [ -105.950002934649078, 39.566338020099472 ], [ -105.95014441569576, 39.566288905247468 ], [ -105.950289367758558, 39.566227067033715 ], [ -105.950409328014459, 39.566203517455122 ], [ -105.950499920415609, 39.566164692091377 ], [ -105.950587727519334, 39.566055362742198 ], [ -105.950675380263945, 39.565934750316423 ], [ -105.950765124618002, 39.565833868187021 ], [ -105.950842209391936, 39.565740142241907 ], [ -105.950920807944897, 39.565623835312955 ], [ -105.950928064910528, 39.565888461241457 ], [ -105.950941152435519, 39.565978590438533 ], [ -105.95096447434257, 39.566094636169218 ], [ -105.950923046180606, 39.566451082123336 ], [ -105.950804757982723, 39.566732367093287 ], [ -105.950677646364468, 39.566984388609839 ], [ -105.950592109381304, 39.56719695589306 ], [ -105.950378167586621, 39.56756702934026 ], [ -105.950039672676311, 39.568068500734618 ], [ -105.949428578561111, 39.568963338633409 ], [ -105.948908913934446, 39.569769420197019 ], [ -105.948615876630129, 39.570208585643776 ], [ -105.948290611633084, 39.570755576805205 ], [ -105.948059580187945, 39.571109487815299 ], [ -105.947811346476001, 39.571437462673657 ], [ -105.947765555633254, 39.571476950141054 ], [ -105.947669407556106, 39.571529886270909 ], [ -105.947510268385102, 39.571596373953867 ], [ -105.947380430087733, 39.571649584545256 ], [ -105.947313582685837, 39.571689243501353 ], [ -105.947384112228434, 39.571920092921509 ], [ -105.947454109848664, 39.57211183264257 ], [ -105.947490950118862, 39.572342956655675 ], [ -105.947624210932133, 39.572850351735049 ], [ -105.947646953791846, 39.572974027194078 ], [ -105.947469638747052, 39.5732525304118 ], [ -105.94725801048854, 39.573485680100809 ], [ -105.946916227818932, 39.573749225562857 ], [ -105.946377881774822, 39.574115415470722 ], [ -105.946019291381802, 39.574382354673489 ], [ -105.945744527935133, 39.574619275068443 ], [ -105.945587461201939, 39.574838939629409 ], [ -105.94545881089708, 39.574980144834555 ], [ -105.945110943617351, 39.57510683559363 ], [ -105.944858920699502, 39.575157777581708 ], [ -105.944532418335498, 39.575307109368516 ], [ -105.944300335807156, 39.575586052871373 ], [ -105.944106243286228, 39.575871206244422 ], [ -105.943994831978671, 39.57604160523136 ], [ -105.943931630532504, 39.576152429014677 ], [ -105.943875288873215, 39.576146245609429 ], [ -105.943602874773333, 39.576097543175223 ], [ -105.943395736595377, 39.576010677423881 ] ] ] } },
{ "type": "Feature", "properties": { "fid": 41, "feature-id": null, "trail_name": "Upper Frenchman", "feature_type": "Trail", "mountain_area": "Dercum", "difficulty": "Black", "acres_25_26": 7.9, "active": true, "notes": null, "gis_acres": 7.12, "trail_id": "T041", "display_from_year": 2006, "display_to_year": 9999 }, "geometry": { "type": "Polygon", "coordinates": [ [ [ -105.942069887920155, 39.579747108430269 ], [ -105.941928587259852, 39.579766177608271 ], [ -105.941787238388912, 39.579787346566562 ], [ -105.941775873884481, 39.579752661477428 ], [ -105.941730979605779, 39.579756186897349 ], [ -105.941712792229936, 39.579720503243273 ], [ -105.941595676916549, 39.579740973299693 ], [ -105.941585744217292, 39.579805434953265 ], [ -105.941607803872884, 39.580019101993869 ], [ -105.941640069969111, 39.580188522507768 ], [ -105.941997901949165, 39.580057533389535 ], [ -105.942099020725564, 39.580183176119228 ], [ -105.942230085923413, 39.580508808256226 ], [ -105.942285742402703, 39.580726674857779 ], [ -105.942258932996921, 39.581036375903309 ], [ -105.942313680329761, 39.581187075102896 ], [ -105.942451284280722, 39.581274725722793 ], [ -105.942549172930697, 39.581405882101009 ], [ -105.942607866238163, 39.581618925679763 ], [ -105.942677355221051, 39.581942240123745 ], [ -105.94279272854213, 39.582219599367853 ], [ -105.942934052962002, 39.582352802052455 ], [ -105.943265105327569, 39.58255793657878 ], [ -105.943522859053914, 39.58274290586921 ], [ -105.943657545511869, 39.582969143851699 ], [ -105.943718911870448, 39.58316142276216 ], [ -105.943901483366218, 39.58362551514135 ], [ -105.943998521916512, 39.583848421201452 ], [ -105.944055436597026, 39.584058922600384 ], [ -105.944096912648931, 39.584344114193051 ], [ -105.94423731242982, 39.584553828418905 ], [ -105.944315333525054, 39.584354170221339 ], [ -105.944354345939416, 39.584185336362339 ], [ -105.944402862731721, 39.584025141623528 ], [ -105.944469339395027, 39.583943248357372 ], [ -105.944529276991673, 39.58379458257717 ], [ -105.944553132637211, 39.583615702726583 ], [ -105.944579674004558, 39.583496363011996 ], [ -105.944599636916195, 39.583307345670185 ], [ -105.944580887986916, 39.583170941349906 ], [ -105.94452125436338, 39.583065376728534 ], [ -105.944532868010313, 39.582537940842229 ], [ -105.944318841524193, 39.582499896593561 ], [ -105.944112868039383, 39.58240080827192 ], [ -105.943866236029763, 39.58227565979066 ], [ -105.943724487004758, 39.582111273428232 ], [ -105.94367548049064, 39.581926940944648 ], [ -105.943651600097908, 39.581766395357135 ], [ -105.943596979533282, 39.581625292176128 ], [ -105.943465118163445, 39.581504008933379 ], [ -105.943327154734519, 39.581389972368655 ], [ -105.94324111196039, 39.581217935830111 ], [ -105.943207835190066, 39.581050269109895 ], [ -105.9432177963253, 39.580870255913986 ], [ -105.943187912476631, 39.580724153517153 ], [ -105.943099063529118, 39.580573731509858 ], [ -105.942963552362571, 39.580411692621126 ], [ -105.942818286769949, 39.580216145340103 ], [ -105.942770763683527, 39.580064234442595 ], [ -105.94315824550155, 39.580094760711702 ], [ -105.942971293290483, 39.579872256740273 ], [ -105.94253451516316, 39.579744605681498 ], [ -105.94243390235782, 39.57963774300773 ], [ -105.942331505106353, 39.579682536098566 ], [ -105.942210529334218, 39.579716043522303 ], [ -105.942069887920155, 39.579747108430269 ] ] ] } },
{ "type": "Feature", "properties": { "fid": 42, "feature-id": null, "trail_name": "Go Devil Upper", "feature_type": "Trail", "mountain_area": "Dercum", "difficulty": "Black", "acres_25_26": 8.2, "active": true, "notes": null, "gis_acres": 6.05, "trail_id": "T042", "display_from_year": 2006, "display_to_year": 9999 }, "geometry": { "type": "Polygon", "coordinates": [ [ [ -105.96101065280358, 39.592837163683129 ], [ -105.960992135064998, 39.592942943752959 ], [ -105.960876918567649, 39.593039218499882 ], [ -105.960665074115965, 39.593131139584479 ], [ -105.960784548710393, 39.593230094901507 ], [ -105.960997093663465, 39.593386818505778 ], [ -105.961139205157508, 39.593521280221388 ], [ -105.961265361281377, 39.593702989851153 ], [ -105.961348801294932, 39.593865064142385 ], [ -105.961421525496363, 39.594052926721204 ], [ -105.961421579618076, 39.594190006316509 ], [ -105.961363842655686, 39.594283157405478 ], [ -105.961244135553741, 39.594414427751254 ], [ -105.961091614263282, 39.594558057242615 ], [ -105.960911597339859, 39.594722060314623 ], [ -105.960796595189393, 39.594817027804972 ], [ -105.960589248645078, 39.595013490576797 ], [ -105.960441031023237, 39.595217522756741 ], [ -105.960283521306067, 39.595377309517914 ], [ -105.960158806700576, 39.595523394132243 ], [ -105.960077395342552, 39.595662405331943 ], [ -105.960018698189742, 39.595811973524306 ], [ -105.959928643969761, 39.59595374221287 ], [ -105.959812094452943, 39.596188403030879 ], [ -105.959768796764095, 39.596321726771997 ], [ -105.959705416065646, 39.596635190645578 ], [ -105.959569875011979, 39.596751816026128 ], [ -105.959397088893482, 39.596937246469665 ], [ -105.959246979654665, 39.597130547978395 ], [ -105.959027364604296, 39.597445301260059 ], [ -105.958868925572403, 39.597664189763854 ], [ -105.958724687644747, 39.597905793414981 ], [ -105.958570954535716, 39.598088379207546 ], [ -105.958350648620751, 39.598353442508873 ], [ -105.958143676916549, 39.598704353255201 ], [ -105.958494280346557, 39.598697432080691 ], [ -105.958659930295127, 39.598623538454099 ], [ -105.958886170809578, 39.598537056719785 ], [ -105.959040848699587, 39.598422960371913 ], [ -105.959134805747539, 39.598312051288161 ], [ -105.959147229712784, 39.598205844522475 ], [ -105.959257693281245, 39.598033016872613 ], [ -105.959364227028686, 39.597952894858253 ], [ -105.959447711864883, 39.597838042715196 ], [ -105.959518804147777, 39.597705832670989 ], [ -105.959494773382048, 39.597599926920182 ], [ -105.95953161054554, 39.597501577034258 ], [ -105.959599564121632, 39.597393568500394 ], [ -105.959674702029574, 39.597302960770904 ], [ -105.959781271259331, 39.59722552425999 ], [ -105.959854320644439, 39.597109414930642 ], [ -105.959932262304434, 39.596970432580001 ], [ -105.959986272022192, 39.596858509745786 ], [ -105.96002299687315, 39.596752102075456 ], [ -105.960000849903352, 39.596656925579993 ], [ -105.959988969966673, 39.596550919514719 ], [ -105.960020876369853, 39.596472756574336 ], [ -105.960166824219129, 39.596229794061863 ], [ -105.960262067358912, 39.59608663921815 ], [ -105.960411689322981, 39.595858420029863 ], [ -105.960491327272038, 39.595716737079492 ], [ -105.960597736861402, 39.595502305783548 ], [ -105.96064956331864, 39.595358166472131 ], [ -105.960738454614031, 39.595258042678417 ], [ -105.960925435246239, 39.595095325380456 ], [ -105.961141887162228, 39.594929677800934 ], [ -105.961292951765756, 39.59480620667857 ], [ -105.961454170900723, 39.594663848044689 ], [ -105.961578899820694, 39.59451910500831 ], [ -105.961641769882803, 39.594420538964016 ], [ -105.961714840535279, 39.59418086380596 ], [ -105.961712407691934, 39.594004938904966 ], [ -105.961693879562347, 39.593920477475194 ], [ -105.961571601628165, 39.593740172108028 ], [ -105.961476122639795, 39.593614711612396 ], [ -105.961378611163909, 39.593467778378994 ], [ -105.961286957194119, 39.593367804819316 ], [ -105.961182985855999, 39.593255845254269 ], [ -105.961126011243124, 39.593152898480184 ], [ -105.96104709382054, 39.592969547647044 ], [ -105.96101065280358, 39.592837163683129 ] ] ] } },
{ "type": "Feature", "properties": { "fid": 43, "feature-id": null, "trail_name": "Go Devil Lower", "feature_type": "Trail", "mountain_area": "Dercum", "difficulty": "Black", "acres_25_26": 10.4, "active": true, "notes": null, "gis_acres": 7.13, "trail_id": "T043", "display_from_year": 2006, "display_to_year": 9999 }, "geometry": { "type": "Polygon", "coordinates": [ [ [ -105.958143676916549, 39.598704353255201 ], [ -105.958192575395174, 39.598789253544354 ], [ -105.958184162572394, 39.598946458756892 ], [ -105.95814860770038, 39.59913007710994 ], [ -105.958120482009988, 39.599392202090222 ], [ -105.958053260124402, 39.599580992039833 ], [ -105.95800723923962, 39.599772880792855 ], [ -105.957967407159188, 39.599953260674503 ], [ -105.957881797493357, 39.600189670229796 ], [ -105.957776995886249, 39.600722504365258 ], [ -105.957681839937109, 39.600880424556024 ], [ -105.957527084316879, 39.601012646585509 ], [ -105.957443133908626, 39.601062443377018 ], [ -105.957367040313201, 39.601221843043092 ], [ -105.957250367975774, 39.601507612986204 ], [ -105.957114380929326, 39.601620037847965 ], [ -105.956959286561556, 39.601881571543871 ], [ -105.956862957570408, 39.602108247602089 ], [ -105.95677875910539, 39.602293902907874 ], [ -105.95662816250568, 39.602421178984002 ], [ -105.956508670538767, 39.602502367524842 ], [ -105.956378734816468, 39.602593462898959 ], [ -105.95615496461231, 39.602785177089316 ], [ -105.955991716484206, 39.602915830120303 ], [ -105.955891489478546, 39.603013227807622 ], [ -105.955759863764897, 39.60313543617476 ], [ -105.955676584477189, 39.603234331083343 ], [ -105.955572237582487, 39.603339946535819 ], [ -105.955500774944625, 39.603374907733034 ], [ -105.955393479639483, 39.603419984542413 ], [ -105.955254358144529, 39.603458775617156 ], [ -105.955114944184075, 39.603476290132548 ], [ -105.954884862742631, 39.603825189486614 ], [ -105.954663691566452, 39.604206751764785 ], [ -105.954601949161514, 39.604333295037975 ], [ -105.954710235349793, 39.604360231353276 ], [ -105.954803374065577, 39.604362739600731 ], [ -105.954896175575783, 39.604340698089729 ], [ -105.954957173091515, 39.604314007437793 ], [ -105.954996743114805, 39.604267850926639 ], [ -105.955006804821679, 39.604230121119883 ], [ -105.955306100848631, 39.604282287332765 ], [ -105.955600527232718, 39.60395976736023 ], [ -105.955628008636481, 39.603856726244111 ], [ -105.955674736037309, 39.603715574462377 ], [ -105.955770327842544, 39.603588752152277 ], [ -105.955916269466954, 39.603430415718762 ], [ -105.95608377290408, 39.603301364612065 ], [ -105.956282358812416, 39.603124589339586 ], [ -105.956488956264181, 39.602915011156853 ], [ -105.956719771286657, 39.602773980066175 ], [ -105.957011558059946, 39.602604620168997 ], [ -105.957171067827701, 39.602510006781678 ], [ -105.957298526062004, 39.602392741647741 ], [ -105.957383241609477, 39.602244728818526 ], [ -105.957477543539753, 39.602024616368446 ], [ -105.957596872462275, 39.601778108265563 ], [ -105.957734095435583, 39.601601836252492 ], [ -105.957892677419224, 39.601440119453258 ], [ -105.95802877560277, 39.601335876921176 ], [ -105.958166402613116, 39.601189064016921 ], [ -105.958316452326827, 39.601022506509274 ], [ -105.958402963893576, 39.600851562468733 ], [ -105.958470592098621, 39.600692231962611 ], [ -105.958495388096139, 39.600495607671526 ], [ -105.958487033125095, 39.600349998630861 ], [ -105.958416580189592, 39.600150886436722 ], [ -105.958347187915422, 39.600028696510876 ], [ -105.95829449535357, 39.599890000485914 ], [ -105.958285554424478, 39.599701838632889 ], [ -105.95830452261032, 39.599542909539046 ], [ -105.958306001882633, 39.59934320390758 ], [ -105.958320016895996, 39.599131937050139 ], [ -105.958331961352073, 39.598923960925887 ], [ -105.958351831559668, 39.598830497627155 ], [ -105.958418718524271, 39.598771019945005 ], [ -105.958460421298639, 39.598726481469917 ], [ -105.958494280346557, 39.598697432080691 ], [ -105.958143676916549, 39.598704353255201 ] ] ] } },
{ "type": "Feature", "properties": { "fid": 44, "feature-id": null, "trail_name": "Ida Belle", "feature_type": "Trail", "mountain_area": "Dercum", "difficulty": "Black", "acres_25_26": 2.2, "active": true, "notes": null, "gis_acres": 2.55, "trail_id": "T044", "display_from_year": 2006, "display_to_year": 9999 }, "geometry": { "type": "Polygon", "coordinates": [ [ [ -105.952083023744137, 39.584221623598147 ], [ -105.951911473463895, 39.584281764566931 ], [ -105.95173161352524, 39.584262182839126 ], [ -105.951564666502605, 39.584191962898885 ], [ -105.951408343815402, 39.584102706154354 ], [ -105.951238273713813, 39.584003034203079 ], [ -105.951142499662623, 39.583963813579565 ], [ -105.951030775213553, 39.583952095030831 ], [ -105.950922030561557, 39.583959301559005 ], [ -105.950833340240422, 39.583962538251704 ], [ -105.950863052046742, 39.584322068859755 ], [ -105.950937013035727, 39.584458184286035 ], [ -105.950972252631118, 39.584647391566918 ], [ -105.951049989252027, 39.584760452726599 ], [ -105.951181595417907, 39.584833068215609 ], [ -105.951340179652192, 39.584888618612936 ], [ -105.951455375097325, 39.584955051628 ], [ -105.95148829868414, 39.585173754798149 ], [ -105.951453057760801, 39.585382488601006 ], [ -105.951386807732348, 39.585711490203678 ], [ -105.951328662093772, 39.586036214384265 ], [ -105.951280535725672, 39.586297691282198 ], [ -105.951248043338936, 39.586508507992356 ], [ -105.951193268021498, 39.58663765343298 ], [ -105.951316025231762, 39.586881250793482 ], [ -105.951380775977356, 39.586663228766668 ], [ -105.951426958766277, 39.58645861644569 ], [ -105.951435221962598, 39.586266947650266 ], [ -105.951521641266936, 39.586019895658175 ], [ -105.951548978903702, 39.585830176143922 ], [ -105.951576086018392, 39.585623614448068 ], [ -105.951603826551988, 39.585463368711515 ], [ -105.95163179735907, 39.585319965137039 ], [ -105.951730134996765, 39.585148613610478 ], [ -105.951741636527487, 39.584994817363423 ], [ -105.951742197175264, 39.584836899713736 ], [ -105.951777609803557, 39.584640797447115 ], [ -105.951810215038648, 39.584438401638231 ], [ -105.951935141047173, 39.584420534171997 ], [ -105.952049270256694, 39.58440907155962 ], [ -105.952148987275365, 39.584390392151306 ], [ -105.952083023744137, 39.584221623598147 ] ] ] } },
{ "type": "Feature", "properties": { "fid": 45, "feature-id": null, "trail_name": "Jack Face", "feature_type": "Trail", "mountain_area": "Dercum", "difficulty": "Black", "acres_25_26": 8.3, "active": true, "notes": null, "gis_acres": 4.46, "trail_id": "T045", "display_from_year": 2006, "display_to_year": 9999 }, "geometry": { "type": "Polygon", "coordinates": [ [ [ -105.939532019935768, 39.585240878084868 ], [ -105.93919745520428, 39.585413380747269 ], [ -105.938843032585993, 39.58563401946018 ], [ -105.938845996833507, 39.585691784523164 ], [ -105.938823676276115, 39.585777923849285 ], [ -105.938812343733403, 39.585875156045589 ], [ -105.938796394696922, 39.585996216206254 ], [ -105.938786428305633, 39.586126297872681 ], [ -105.938812904100132, 39.586206200938932 ], [ -105.93888850159027, 39.586306870059694 ], [ -105.938913411745219, 39.586415506931701 ], [ -105.938863927762299, 39.586512651812882 ], [ -105.938810720331091, 39.586623431526 ], [ -105.938809970404762, 39.586712624406154 ], [ -105.938802018615746, 39.586847224703973 ], [ -105.938800008778514, 39.586987823553081 ], [ -105.938859714210452, 39.587068969746291 ], [ -105.939123095834589, 39.587331378418995 ], [ -105.939233653457833, 39.587416648310985 ], [ -105.939309579465089, 39.5875415007268 ], [ -105.939380380136228, 39.587720813592526 ], [ -105.939446620977989, 39.587851790774508 ], [ -105.939518100165941, 39.587975056012134 ], [ -105.939763771421582, 39.587610131497314 ], [ -105.939692726219548, 39.587558054021365 ], [ -105.939642909268855, 39.587485898145225 ], [ -105.93963175352971, 39.587383196788579 ], [ -105.939647701380196, 39.587262136555296 ], [ -105.93966586807386, 39.587160709704349 ], [ -105.939671415562913, 39.586992872705515 ], [ -105.939650308832142, 39.586876647049039 ], [ -105.939625274850911, 39.586758941504165 ], [ -105.939637029856286, 39.586616752193066 ], [ -105.939695810449948, 39.586484764060103 ], [ -105.939758661063053, 39.586364836105659 ], [ -105.939790113491938, 39.586234580586726 ], [ -105.93980760587857, 39.586083274995779 ], [ -105.939861178896265, 39.585999701406557 ], [ -105.939902786142014, 39.585898084891717 ], [ -105.939839153260465, 39.585815459345866 ], [ -105.939869992678965, 39.585639859517158 ], [ -105.939753086852505, 39.585518362151142 ], [ -105.93964216417919, 39.585405886126338 ], [ -105.939532019935768, 39.585240878084868 ] ] ] } },
{ "type": "Feature", "properties": { "fid": 46, "feature-id": null, "trail_name": "Last Hoot", "feature_type": "Trail", "mountain_area": "Dercum", "difficulty": "Black", "acres_25_26": 16.1, "active": true, "notes": null, "gis_acres": 14.31, "trail_id": "T046", "display_from_year": 2006, "display_to_year": 9999 }, "geometry": { "type": "Polygon", "coordinates": [ [ [ -105.955338077182759, 39.595813802795405 ], [ -105.955292616626494, 39.596027127872851 ], [ -105.955251907944131, 39.596313641286201 ], [ -105.955219748064494, 39.596526072658683 ], [ -105.955165437462981, 39.596751021408863 ], [ -105.955095251406192, 39.596981034746911 ], [ -105.955058373749267, 39.597314390649011 ], [ -105.955006268172312, 39.597467776511763 ], [ -105.954881806800827, 39.597693301702058 ], [ -105.954764467032717, 39.597973043487862 ], [ -105.95470764760384, 39.598015450371207 ], [ -105.954614059934912, 39.597934806478435 ], [ -105.95452193413179, 39.597728330578455 ], [ -105.954439679421995, 39.597543977022895 ], [ -105.954361053878031, 39.59739166533781 ], [ -105.95432948858425, 39.597326578261629 ], [ -105.954201892732016, 39.597414271877696 ], [ -105.954264543228149, 39.597562685018168 ], [ -105.954295610432794, 39.597735123860737 ], [ -105.954390450191497, 39.597907038847815 ], [ -105.954497841765971, 39.598064048290041 ], [ -105.954474025791356, 39.598187596801822 ], [ -105.954369545780665, 39.598242730337851 ], [ -105.954245392131597, 39.59825855245311 ], [ -105.954116705833215, 39.59826776959094 ], [ -105.954322195117271, 39.59840421570425 ], [ -105.954504822927476, 39.598340301329806 ], [ -105.954590408209327, 39.598302592317118 ], [ -105.95469030589949, 39.598378250258314 ], [ -105.954768628473843, 39.598508360665782 ], [ -105.954777512302158, 39.598690849869236 ], [ -105.954752099934709, 39.598930363211139 ], [ -105.954712984325894, 39.599100911556789 ], [ -105.954661046068338, 39.599266631134938 ], [ -105.954481322958031, 39.599416131158499 ], [ -105.954295153971955, 39.59956074973514 ], [ -105.954297185350256, 39.599708756440897 ], [ -105.954175838806037, 39.59992932111669 ], [ -105.954110703750246, 39.600063077081742 ], [ -105.953953366184365, 39.60021732655661 ], [ -105.953754506716351, 39.600366982571394 ], [ -105.953517212363209, 39.600504618409772 ], [ -105.9533601092552, 39.600676134547761 ], [ -105.953298532749372, 39.600836998466335 ], [ -105.953306702861923, 39.600967685402971 ], [ -105.953453309281528, 39.601193451511989 ], [ -105.953458899878726, 39.601368566604449 ], [ -105.953378765344809, 39.601571522795844 ], [ -105.953365324502002, 39.601754195219826 ], [ -105.953394217571102, 39.602000663694483 ], [ -105.953472846425754, 39.602152975877161 ], [ -105.953678216405905, 39.602245038371606 ], [ -105.954027591713526, 39.602372923905101 ], [ -105.954198529217194, 39.602512142263549 ], [ -105.954306334008677, 39.602698753005114 ], [ -105.954338351996356, 39.602940261413025 ], [ -105.954376036815091, 39.60312991509457 ], [ -105.954419964124583, 39.603309649255024 ], [ -105.954338848275214, 39.603441069509337 ], [ -105.954277136282698, 39.603592066766183 ], [ -105.954258714055243, 39.60364402623393 ], [ -105.954048314633312, 39.603637642387163 ], [ -105.954027037847013, 39.603989304950353 ], [ -105.953867124087921, 39.603972484102762 ], [ -105.953855862665691, 39.604100725168117 ], [ -105.953922677803959, 39.604627383945157 ], [ -105.954176617933243, 39.604487245625982 ], [ -105.954469436811252, 39.604323221748579 ], [ -105.954601949161514, 39.604333295037975 ], [ -105.954818358465261, 39.603939922472009 ], [ -105.954884862742631, 39.603825189486614 ], [ -105.955114944184075, 39.603476290132548 ], [ -105.955103642393084, 39.603261817984979 ], [ -105.955061769508831, 39.60314874564061 ], [ -105.954980304504005, 39.602955189416726 ], [ -105.954948550737825, 39.60277823702085 ], [ -105.954976568060601, 39.602549755857666 ], [ -105.95508716145585, 39.602462366605899 ], [ -105.955168727093849, 39.602396481511697 ], [ -105.955094025925391, 39.602295020710429 ], [ -105.955011995093201, 39.602193620109148 ], [ -105.954917662916301, 39.602130598655677 ], [ -105.954789000709169, 39.602103301944027 ], [ -105.954552261908745, 39.602079728523535 ], [ -105.954479559885741, 39.602044104007724 ], [ -105.954385805990484, 39.6019838800431 ], [ -105.954359448530482, 39.601910032219685 ], [ -105.954464928036927, 39.601388536962858 ], [ -105.954520049251613, 39.601096183452093 ], [ -105.954716591035293, 39.600234115031924 ], [ -105.954929049754028, 39.600121272437235 ], [ -105.955126921251193, 39.59997151719638 ], [ -105.955295947929642, 39.599771896432884 ], [ -105.955359179598759, 39.599660279957504 ], [ -105.955334889423781, 39.59953195623693 ], [ -105.955301434476596, 39.599351427135886 ], [ -105.955246442872237, 39.599242961098852 ], [ -105.955186209347815, 39.599162856858811 ], [ -105.955170426131403, 39.599038819879496 ], [ -105.955145230703991, 39.598839727922041 ], [ -105.955102443368602, 39.598628495356529 ], [ -105.955022501649864, 39.598477810939514 ], [ -105.954914578240832, 39.598364089838583 ], [ -105.954801018424106, 39.598254822961195 ], [ -105.954721844341279, 39.598159966771533 ], [ -105.954783223286356, 39.598065424898195 ], [ -105.954830034773735, 39.598016552119169 ], [ -105.954937092386857, 39.597928981433022 ], [ -105.955208784697845, 39.597797446478829 ], [ -105.955255759038906, 39.597622209313606 ], [ -105.955266570041374, 39.597441392122811 ], [ -105.955291887295871, 39.597210498233551 ], [ -105.955309587974909, 39.596978197620992 ], [ -105.955321450104577, 39.596735659652509 ], [ -105.9553302389306, 39.596684160626729 ], [ -105.955418668328079, 39.596485073118416 ], [ -105.955497097346267, 39.596249334378712 ], [ -105.955713428371695, 39.595959565208098 ], [ -105.955769935807979, 39.595787188045506 ], [ -105.9557745678852, 39.595669908013271 ], [ -105.9556585771887, 39.595749006630925 ], [ -105.955502954634554, 39.595784030784806 ], [ -105.955338077182759, 39.595813802795405 ] ] ] } },
{ "type": "Feature", "properties": { "fid": 47, "feature-id": null, "trail_name": "Mineshaft", "feature_type": "Trail", "mountain_area": "Dercum", "difficulty": "Black", "acres_25_26": 15.1, "active": true, "notes": null, "gis_acres": 12.34, "trail_id": "T047", "display_from_year": 2006, "display_to_year": 9999 }, "geometry": { "type": "Polygon", "coordinates": [ [ [ -105.943704729947228, 39.575511179766529 ], [ -105.943599650618225, 39.575016152800671 ], [ -105.943318459591765, 39.57453769611589 ], [ -105.943312402403308, 39.574090826415642 ], [ -105.943310568902604, 39.573955557742678 ], [ -105.943382073898718, 39.57370373635618 ], [ -105.943629022863021, 39.573498805908123 ], [ -105.943998821070181, 39.573145514545118 ], [ -105.944185283406298, 39.572854106256329 ], [ -105.94435549906261, 39.572676757795435 ], [ -105.944359301342161, 39.572285225865279 ], [ -105.944264681312816, 39.57169345263079 ], [ -105.944100657741018, 39.571024648324496 ], [ -105.944055225177578, 39.570917442795057 ], [ -105.943835860946493, 39.570687498363405 ], [ -105.943660792990642, 39.570452902567446 ], [ -105.943589900855599, 39.570131636042085 ], [ -105.943547951232262, 39.569900250275381 ], [ -105.943524320822419, 39.569793161403886 ], [ -105.943477874473274, 39.569639054244078 ], [ -105.943469131635965, 39.569403107585636 ], [ -105.943449417145857, 39.569175832454036 ], [ -105.943551729051478, 39.568951857793685 ], [ -105.94367668162154, 39.568762029024214 ], [ -105.943663906717475, 39.568637687083374 ], [ -105.943621040689379, 39.568514281485108 ], [ -105.944243448311767, 39.568448572776646 ], [ -105.944152242423485, 39.568668050325471 ], [ -105.944049991053816, 39.568896316254758 ], [ -105.944055053980549, 39.569269612135948 ], [ -105.944147832509131, 39.569569244450271 ], [ -105.944412128906251, 39.569841735480473 ], [ -105.94459530401393, 39.570265078345351 ], [ -105.944830941483247, 39.570876808395774 ], [ -105.944920217948649, 39.571380945491491 ], [ -105.945008038677884, 39.571886667759706 ], [ -105.945045523021989, 39.572163075582885 ], [ -105.945116948061013, 39.572454870314914 ], [ -105.945186388591949, 39.57260049332266 ], [ -105.945042097792154, 39.572904484476659 ], [ -105.944748551828525, 39.573147037093634 ], [ -105.944410476351678, 39.573588348596232 ], [ -105.944239976576014, 39.573949982644088 ], [ -105.94424630725166, 39.574235635490894 ], [ -105.944338882447994, 39.574504851982084 ], [ -105.944407624185885, 39.574658994252374 ], [ -105.94396374831706, 39.57502956986248 ], [ -105.943704729947228, 39.575511179766529 ] ] ] } },
{ "type": "Feature", "properties": { "fid": 48, "feature-id": null, "trail_name": "Packsaddle Bowl", "feature_type": "Trail", "mountain_area": "Dercum", "difficulty": "Black", "acres_25_26": 17.5, "active": true, "notes": null, "gis_acres": 10.09, "trail_id": "T048", "display_from_year": 2006, "display_to_year": 9999 }, "geometry": { "type": "Polygon", "coordinates": [ [ [ -105.959721083056451, 39.593400572299004 ], [ -105.959426808138375, 39.593402189502292 ], [ -105.958958291573197, 39.593397952734556 ], [ -105.958631904021971, 39.593400646138882 ], [ -105.958069730649498, 39.593348815719622 ], [ -105.957766572828248, 39.593205500537231 ], [ -105.957498480112804, 39.593059036479637 ], [ -105.957245169705587, 39.593029498458158 ], [ -105.957167568153878, 39.593103124573517 ], [ -105.957064628357671, 39.593163578444489 ], [ -105.956955316205267, 39.593218002476213 ], [ -105.956989093329923, 39.593370587536192 ], [ -105.956999865284715, 39.59348200409687 ], [ -105.95700134050584, 39.593589208564715 ], [ -105.957139672530218, 39.593705292578314 ], [ -105.957307624980501, 39.593825421037309 ], [ -105.957344538868654, 39.593956635925835 ], [ -105.957394611496312, 39.594184666181548 ], [ -105.957469714475906, 39.594485969247593 ], [ -105.957444620761251, 39.594595965834031 ], [ -105.957405967290555, 39.594848457787243 ], [ -105.95736462981894, 39.595246929348072 ], [ -105.957402627810055, 39.595459505488961 ], [ -105.957581988422973, 39.595750228281332 ], [ -105.957918841690244, 39.596114789764179 ], [ -105.958151481002034, 39.595803483218354 ], [ -105.958329564098946, 39.595504429703382 ], [ -105.958494507296479, 39.595133437462508 ], [ -105.959025872102941, 39.594615327325826 ], [ -105.959181731445199, 39.594466814553932 ], [ -105.95935279010034, 39.594246129220082 ], [ -105.959406218121387, 39.594186171086996 ], [ -105.959494736804501, 39.593911035573441 ], [ -105.959640551889422, 39.593621643882123 ], [ -105.959721083056451, 39.593400572299004 ] ] ] } },
{ "type": "Feature", "properties": { "fid": 49, "feature-id": null, "trail_name": "Richter", "feature_type": "Trail", "mountain_area": "Dercum", "difficulty": "Black", "acres_25_26": 80.0, "active": true, "notes": null, "gis_acres": 11.69, "trail_id": "T049", "display_from_year": 2006, "display_to_year": 9999 }, "geometry": { "type": "Polygon", "coordinates": [ [ [ -105.957692922129681, 39.587275655754368 ], [ -105.958000624766811, 39.5877096388908 ], [ -105.958337834602503, 39.588118360470943 ], [ -105.958657795201248, 39.588466260041606 ], [ -105.958834110647743, 39.58840311317141 ], [ -105.958943820314076, 39.588589868369695 ], [ -105.958977368608927, 39.588733896024607 ], [ -105.959041015086328, 39.588979798446232 ], [ -105.959100568650697, 39.589136931820846 ], [ -105.959200992996671, 39.589344789360943 ], [ -105.959391368635423, 39.589625166395386 ], [ -105.959497012108585, 39.589795239382447 ], [ -105.959642486018097, 39.58994056254074 ], [ -105.959791044023319, 39.590101400519146 ], [ -105.959817732147087, 39.59013897055523 ], [ -105.959906901769585, 39.5903551503702 ], [ -105.959890015014309, 39.590464784983482 ], [ -105.959972959351077, 39.590563292055073 ], [ -105.960087229289513, 39.590679575191636 ], [ -105.960190966202944, 39.590877102621803 ], [ -105.960346738692067, 39.591185415507873 ], [ -105.960408369105437, 39.591428378160941 ], [ -105.960415573905308, 39.591668784837999 ], [ -105.960431876144995, 39.592005302790078 ], [ -105.960485032740323, 39.592197236342756 ], [ -105.960451789549197, 39.592603297855099 ], [ -105.960377665507878, 39.592862411717597 ], [ -105.960266752769996, 39.592989573186323 ], [ -105.96010893287928, 39.593096081382768 ], [ -105.959819489062966, 39.593236740879831 ], [ -105.959721083056451, 39.593400572299004 ], [ -105.959640551889422, 39.593621643882123 ], [ -105.959494736804501, 39.593911035573441 ], [ -105.959406218121387, 39.594186171086996 ], [ -105.95935279010034, 39.594246129220082 ], [ -105.959181731445199, 39.594466814553932 ], [ -105.959025872102941, 39.594615327325826 ], [ -105.958494507296479, 39.595133437462508 ], [ -105.958329564098946, 39.595504429703382 ], [ -105.958151481002034, 39.595803483218354 ], [ -105.957918841690244, 39.596114789764179 ], [ -105.95802442235086, 39.596329522514679 ], [ -105.958086008188573, 39.596569480745728 ], [ -105.958043033404323, 39.596834347778923 ], [ -105.95791859925825, 39.597108903908619 ], [ -105.957679189079116, 39.597498629039123 ], [ -105.957543469975306, 39.597800330192591 ], [ -105.957547112114852, 39.598064812789048 ], [ -105.957643869797138, 39.598319510429135 ], [ -105.957794355809668, 39.598525671863328 ], [ -105.957943062253932, 39.598602597301834 ], [ -105.958068293346003, 39.598667692833608 ], [ -105.958143676916549, 39.598704353255201 ], [ -105.958350648620751, 39.598353442508873 ], [ -105.958545363486209, 39.598119169462947 ], [ -105.958292529518303, 39.598022597009894 ], [ -105.958135101512326, 39.59787660995616 ], [ -105.958004951651844, 39.597736409411851 ], [ -105.958020608280165, 39.59746275021525 ], [ -105.958161369170924, 39.597245170030412 ], [ -105.958350851938704, 39.59689793729946 ], [ -105.958490906422043, 39.596629263493924 ], [ -105.95845428539738, 39.596509332573753 ], [ -105.958502344684277, 39.596331592383713 ], [ -105.958519697670894, 39.59618115793171 ], [ -105.958474354348581, 39.59599216496909 ], [ -105.958431289557907, 39.595968473618107 ], [ -105.958487325372673, 39.595805696749778 ], [ -105.958593159482604, 39.595591409953848 ], [ -105.958761108637802, 39.595373604674528 ], [ -105.959006670006602, 39.595149146904134 ], [ -105.959195450254697, 39.595033367143131 ], [ -105.959459396310606, 39.594733610972384 ], [ -105.959711395470933, 39.59441291209292 ], [ -105.959917563573228, 39.594149702024581 ], [ -105.960142406908361, 39.593832232375973 ], [ -105.960220873976581, 39.593606146901642 ], [ -105.96035067178741, 39.593439753641263 ], [ -105.960419060865931, 39.593327972749215 ], [ -105.960564728561209, 39.593185494678487 ], [ -105.960665074115965, 39.593131139584479 ], [ -105.960876918567649, 39.593039218499882 ], [ -105.960992135064998, 39.592942943752959 ], [ -105.96101065280358, 39.592837163683129 ], [ -105.96093533761308, 39.592452014115899 ], [ -105.960955738636386, 39.592241437468338 ], [ -105.960932328944821, 39.591953071637313 ], [ -105.960865524402124, 39.591616971421438 ], [ -105.960834968969863, 39.591373752051396 ], [ -105.960767003033965, 39.590953498159202 ], [ -105.960575438086309, 39.59058536517712 ], [ -105.960394217247412, 39.590403507715642 ], [ -105.960303420453144, 39.590299054187383 ], [ -105.96018898483247, 39.590170749309749 ], [ -105.960046569787536, 39.589985564759623 ], [ -105.95976839124927, 39.589533982782626 ], [ -105.959444473353386, 39.58914590020909 ], [ -105.959280526186319, 39.588807595171097 ], [ -105.959109972142272, 39.588553507643844 ], [ -105.959083681790531, 39.588337304920302 ], [ -105.959113472514588, 39.58824387829015 ], [ -105.959042724160923, 39.588184345673774 ], [ -105.958957308395171, 39.588188056495284 ], [ -105.958810487628369, 39.588246378922562 ], [ -105.958752511281034, 39.588267898138909 ], [ -105.958606136772389, 39.588076732745471 ], [ -105.958479764875989, 39.587927483776255 ], [ -105.958251281326568, 39.587697919427022 ], [ -105.958085363319114, 39.587497897035014 ], [ -105.95798986162886, 39.58733336380638 ], [ -105.957879112651767, 39.587189997005417 ], [ -105.957834953589497, 39.58715668553203 ], [ -105.957767256825136, 39.587223609470009 ], [ -105.957692922129681, 39.587275655754368 ] ] ] } },
{ "type": "Feature", "properties": { "fid": 50, "feature-id": null, "trail_name": "The Edge", "feature_type": "Trail", "mountain_area": "Dercum", "difficulty": "Black", "acres_25_26": 7.0, "active": true, "notes": null, "gis_acres": 3.97, "trail_id": "T050", "display_from_year": 2006, "display_to_year": 9999 }, "geometry": { "type": "Polygon", "coordinates": [ [ [ -105.942471045114075, 39.598312320677991 ], [ -105.941749309126607, 39.59859993653658 ], [ -105.941590306027848, 39.598651075715267 ], [ -105.9417003824381, 39.598783783754278 ], [ -105.941835242620797, 39.598971981112875 ], [ -105.941950073383865, 39.599153329936129 ], [ -105.942018227327253, 39.599265136465782 ], [ -105.942011256281575, 39.599401669102221 ], [ -105.94190685081972, 39.599508284562695 ], [ -105.941745254502891, 39.599625599224289 ], [ -105.941671556185653, 39.59972002390468 ], [ -105.941633784079315, 39.599861924006419 ], [ -105.941516540149792, 39.599997644336987 ], [ -105.941462227207722, 39.600082895548859 ], [ -105.941583557656884, 39.600462321396485 ], [ -105.941705249700391, 39.600579550231714 ], [ -105.941783695423908, 39.600672741678679 ], [ -105.941826032691665, 39.600735713101649 ], [ -105.942399864350847, 39.60072388064787 ], [ -105.942318400952871, 39.600586520415575 ], [ -105.942268319034639, 39.600470921931851 ], [ -105.942255722129076, 39.600355019420313 ], [ -105.942266779090957, 39.600194570338509 ], [ -105.942291898113083, 39.600095421445964 ], [ -105.942300024519056, 39.600044177000839 ], [ -105.942323423942511, 39.599980867021991 ], [ -105.94235121015943, 39.599915815505668 ], [ -105.942371687830772, 39.599799644725067 ], [ -105.942454644448787, 39.599737557577988 ], [ -105.94254788582117, 39.599620796494015 ], [ -105.942594707027695, 39.599495882194944 ], [ -105.94255068540032, 39.599339291809976 ], [ -105.942550878659929, 39.599190872469684 ], [ -105.942610235557822, 39.599014677914369 ], [ -105.942639587794986, 39.59881035110741 ], [ -105.942596252899136, 39.598582389507257 ], [ -105.942529618291971, 39.598416884135922 ], [ -105.942471045114075, 39.598312320677991 ] ] ] } },
{ "type": "Feature", "properties": { "fid": 51, "feature-id": null, "trail_name": "The Alley", "feature_type": "Trail", "mountain_area": "Dercum", "difficulty": "Terrain Park", "acres_25_26": 4.8, "active": true, "notes": null, "gis_acres": 5.63, "trail_id": "T051", "display_from_year": 2006, "display_to_year": 9999 }, "geometry": { "type": "Polygon", "coordinates": [ [ [ -105.957037497295318, 39.587457456079136 ], [ -105.957056479410994, 39.587291376656147 ], [ -105.957056064392475, 39.587261212242971 ], [ -105.956943539017303, 39.587254195543679 ], [ -105.956747976012409, 39.587326578318901 ], [ -105.956409302290993, 39.587491962987066 ], [ -105.955980620656277, 39.587661405550769 ], [ -105.955694663335564, 39.587774989282302 ], [ -105.955676036534584, 39.5881158473331 ], [ -105.955753235618857, 39.588277073449156 ], [ -105.955726634326226, 39.588404819898919 ], [ -105.955732005895683, 39.588537788410257 ], [ -105.955855221142613, 39.588734236972194 ], [ -105.955963996486915, 39.588911606493333 ], [ -105.956105103722905, 39.589120248946479 ], [ -105.956279712071378, 39.589445172993457 ], [ -105.95633856871784, 39.589729911606746 ], [ -105.956288496717079, 39.589955211114408 ], [ -105.956194630078102, 39.590217895154723 ], [ -105.956213237092811, 39.590411090310589 ], [ -105.956191235497457, 39.590744488620963 ], [ -105.956103306352333, 39.590923476572605 ], [ -105.955965228099075, 39.591193380517275 ], [ -105.955606206526767, 39.591787017022277 ], [ -105.9555442445902, 39.591879230246519 ], [ -105.955256216630431, 39.592233802150922 ], [ -105.955129845767161, 39.592335490342244 ], [ -105.954973727740622, 39.592349889517031 ], [ -105.955097537533362, 39.592593209502908 ], [ -105.955235321046146, 39.592478770503782 ], [ -105.955409504035202, 39.592349207422849 ], [ -105.955503504882202, 39.592222305552859 ], [ -105.955805211243373, 39.592145748314771 ], [ -105.955944737369634, 39.592130586120277 ], [ -105.956181830277558, 39.592269651179343 ], [ -105.956182333453583, 39.59196256216967 ], [ -105.95587749744638, 39.59178593759686 ], [ -105.956085028662045, 39.591414997028885 ], [ -105.956265064861626, 39.591106430508702 ], [ -105.956398608260471, 39.590853083004518 ], [ -105.956585537732067, 39.590633660091804 ], [ -105.956725281824404, 39.590487740880761 ], [ -105.956791562064979, 39.589947602960322 ], [ -105.956796806427988, 39.589504480015329 ], [ -105.956807780400666, 39.58906569678399 ], [ -105.956572745938971, 39.588878994070456 ], [ -105.956357313946086, 39.588468396133742 ], [ -105.95606299806029, 39.588093542308783 ], [ -105.956044433265816, 39.587925383193614 ], [ -105.956165306071, 39.587781813346318 ], [ -105.956347845616619, 39.587656014696975 ], [ -105.956521388290653, 39.587563191800569 ], [ -105.956714430966841, 39.58751407738486 ], [ -105.957037497295318, 39.587457456079136 ] ] ] } },
{ "type": "Feature", "properties": { "fid": 52, "feature-id": null, "trail_name": "I-70", "feature_type": "Trail", "mountain_area": "Dercum", "difficulty": "Terrain Park", "acres_25_26": 15.5, "active": true, "notes": null, "gis_acres": 21.8, "trail_id": "T052", "display_from_year": 2006, "display_to_year": 9999 }, "geometry": { "type": "Polygon", "coordinates": [ [ [ -105.957521076036727, 39.587253843979134 ], [ -105.957535547308836, 39.587380443922292 ], [ -105.957634008509288, 39.58744623457634 ], [ -105.957895239676702, 39.587561004703197 ], [ -105.958000624766811, 39.5877096388908 ], [ -105.958337834602503, 39.588118360470943 ], [ -105.958657795201248, 39.588466260041606 ], [ -105.958834110647743, 39.58840311317141 ], [ -105.958943820314076, 39.588589868369695 ], [ -105.958977368608927, 39.588733896024607 ], [ -105.959041015086328, 39.588979798446232 ], [ -105.959100568650697, 39.589136931820846 ], [ -105.959200992996671, 39.589344789360943 ], [ -105.959391368635423, 39.589625166395386 ], [ -105.959497012108585, 39.589795239382447 ], [ -105.959642486018097, 39.58994056254074 ], [ -105.959817732147087, 39.59013897055523 ], [ -105.959906901769585, 39.5903551503702 ], [ -105.959890015014309, 39.590464784983482 ], [ -105.960087229289513, 39.590679575191636 ], [ -105.960346738692067, 39.591185415507873 ], [ -105.960408369105437, 39.591428378160941 ], [ -105.960415573905308, 39.591668784837999 ], [ -105.960431876144995, 39.592005302790078 ], [ -105.960485032740323, 39.592197236342756 ], [ -105.960451789549197, 39.592603297855099 ], [ -105.960377665507878, 39.592862411717597 ], [ -105.960266752769996, 39.592989573186323 ], [ -105.96023629418255, 39.593010128870453 ], [ -105.96010893287928, 39.593096081382768 ], [ -105.959819489062966, 39.593236740879831 ], [ -105.959721083056451, 39.593400572299004 ], [ -105.958631904021971, 39.593400646138882 ], [ -105.958069730649498, 39.593348815719622 ], [ -105.958070833817118, 39.593254127494973 ], [ -105.958214617678195, 39.593215724797986 ], [ -105.958205194695367, 39.593147936257139 ], [ -105.958185534497119, 39.592953256566098 ], [ -105.958162984779307, 39.592754222225679 ], [ -105.958151541365623, 39.592539771645704 ], [ -105.95811568437594, 39.592196357554592 ], [ -105.958098712133562, 39.591847570032002 ], [ -105.958031541342777, 39.591469897151661 ], [ -105.957993040627144, 39.590924182973026 ], [ -105.957946296583302, 39.590229820739054 ], [ -105.958038872260062, 39.589956840650764 ], [ -105.958193143262037, 39.58929771121381 ], [ -105.957971233464363, 39.588700231890577 ], [ -105.957869373226885, 39.588334389062268 ], [ -105.957798194326074, 39.58797617885503 ], [ -105.957723006541613, 39.587696858109396 ], [ -105.957538913696098, 39.58747774824333 ], [ -105.957442196461074, 39.587297607414975 ], [ -105.957416258242134, 39.587179308865068 ], [ -105.957455589106786, 39.5871697671123 ], [ -105.957521076036727, 39.587253843979134 ] ] ] } },
{ "type": "Feature", "properties": { "fid": 53, "feature-id": null, "trail_name": "Main Street", "feature_type": "Trail", "mountain_area": "Dercum", "difficulty": "Terrain Park", "acres_25_26": 8.7, "active": true, "notes": null, "gis_acres": 10.15, "trail_id": "T053", "display_from_year": 2006, "display_to_year": 9999 }, "geometry": { "type": "Polygon", "coordinates": [ [ [ -105.957416258242134, 39.587179308865068 ], [ -105.957342318345908, 39.587197246800692 ], [ -105.957319327100592, 39.587240574063436 ], [ -105.95727552022386, 39.587426306179992 ], [ -105.957255319970486, 39.587649269191573 ], [ -105.957242699172141, 39.588338467210441 ], [ -105.957238773457092, 39.590006097802537 ], [ -105.957193968058732, 39.590453320166667 ], [ -105.957127976134927, 39.59090400269713 ], [ -105.957061169671732, 39.591295549538685 ], [ -105.957195249429986, 39.591780726389352 ], [ -105.957275450127554, 39.591935533290197 ], [ -105.957301287190475, 39.592311093202149 ], [ -105.957298761716771, 39.592502997977107 ], [ -105.957409676844733, 39.592677977698102 ], [ -105.957665802344891, 39.592891736334984 ], [ -105.957859161583855, 39.593050045712275 ], [ -105.958025918671069, 39.593152607964591 ], [ -105.958023110526469, 39.592948754434474 ], [ -105.958033443353784, 39.592948669234723 ], [ -105.958185534497119, 39.592953256566098 ], [ -105.958151541365623, 39.592539771645704 ], [ -105.95811568437594, 39.592196357554592 ], [ -105.958098712133562, 39.591847570032002 ], [ -105.957993040627144, 39.590924182973026 ], [ -105.957946296583302, 39.590229820739054 ], [ -105.958038872260062, 39.589956840650764 ], [ -105.958193143262037, 39.58929771121381 ], [ -105.957971233464363, 39.588700231890577 ], [ -105.957869373226885, 39.588334389062268 ], [ -105.957798194326074, 39.58797617885503 ], [ -105.957723006541613, 39.587696858109396 ], [ -105.957538913696098, 39.58747774824333 ], [ -105.957442196461074, 39.587297607414975 ], [ -105.957416258242134, 39.587179308865068 ] ] ] } },
{ "type": "Feature", "properties": { "fid": 54, "feature-id": null, "trail_name": "Park Lane", "feature_type": "Trail", "mountain_area": "Dercum", "difficulty": "Terrain Park", "acres_25_26": 8.5, "active": true, "notes": null, "gis_acres": 7.88, "trail_id": "T054", "display_from_year": 2006, "display_to_year": 9999 }, "geometry": { "type": "Polygon", "coordinates": [ [ [ -105.957319327100592, 39.587240574063436 ], [ -105.957270310843967, 39.587237150694406 ], [ -105.957233816361196, 39.587424991288522 ], [ -105.957121021990133, 39.587467390316895 ], [ -105.957037497295318, 39.587457456079136 ], [ -105.956714430966841, 39.58751407738486 ], [ -105.956768429102937, 39.587610653693638 ], [ -105.956686706744776, 39.587963820208046 ], [ -105.95668493197131, 39.588284428536895 ], [ -105.956638774997927, 39.588525652596132 ], [ -105.956619742587151, 39.588790578211594 ], [ -105.956572745938971, 39.588878994070456 ], [ -105.956807780400666, 39.58906569678399 ], [ -105.956791562064979, 39.589947602960322 ], [ -105.956725281824404, 39.590487740880761 ], [ -105.956398608260471, 39.590853083004518 ], [ -105.956265064861626, 39.591106430508702 ], [ -105.956085028662045, 39.591414997028885 ], [ -105.956049525337974, 39.591478455848474 ], [ -105.95587749744638, 39.59178593759686 ], [ -105.956182333453583, 39.59196256216967 ], [ -105.956181830277558, 39.592269651179343 ], [ -105.956502873999, 39.592450379769467 ], [ -105.956645283265814, 39.592519067983822 ], [ -105.956752891548831, 39.592683518842023 ], [ -105.956875227776294, 39.59282456141333 ], [ -105.956936852949013, 39.592978258787674 ], [ -105.957245169705587, 39.593029498458158 ], [ -105.957498480112804, 39.593059036479637 ], [ -105.957766572828248, 39.593205500537231 ], [ -105.958069730649498, 39.593348815719622 ], [ -105.958070833817118, 39.593254127494973 ], [ -105.958025918671069, 39.593152607964591 ], [ -105.957859161583855, 39.593050045712275 ], [ -105.957665802344891, 39.592891736334984 ], [ -105.957409676844733, 39.592677977698102 ], [ -105.957298761716771, 39.592502997977107 ], [ -105.957122326692129, 39.592408019523411 ], [ -105.956921102127367, 39.592221053169972 ], [ -105.956789161738612, 39.592038173313789 ], [ -105.956822905549444, 39.591865572436753 ], [ -105.956816949006367, 39.591651382079718 ], [ -105.956817652157994, 39.591483710658927 ], [ -105.95682142887118, 39.591320671301304 ], [ -105.956815632573608, 39.591118123052233 ], [ -105.956786112865558, 39.590941385739534 ], [ -105.956777755683461, 39.590771460218171 ], [ -105.956876939998736, 39.590761328668435 ], [ -105.957019025747783, 39.590806732224522 ], [ -105.957134385252999, 39.590860232771178 ], [ -105.957193968058732, 39.590453320166667 ], [ -105.957238773457092, 39.590006097802537 ], [ -105.957242699172141, 39.588338467210441 ], [ -105.957255319970486, 39.587649269191573 ], [ -105.95727552022386, 39.587426306179992 ], [ -105.957319327100592, 39.587240574063436 ] ] ] } },
{ "type": "Feature", "properties": { "fid": 55, "feature-id": null, "trail_name": "Lost Mine", "feature_type": "Trail", "mountain_area": "Dercum", "difficulty": "Adventure Zone", "acres_25_26": 0.5, "active": true, "notes": null, "gis_acres": 0.61, "trail_id": "T055", "display_from_year": 2006, "display_to_year": 9999 }, "geometry": { "type": "Polygon", "coordinates": [ [ [ -105.952338677077947, 39.592142843714669 ], [ -105.95234199708311, 39.592040550877229 ], [ -105.952378883355507, 39.591976332515145 ], [ -105.952492752083003, 39.591845740887869 ], [ -105.952356165254926, 39.591880788703648 ], [ -105.952172132257246, 39.591920610778729 ], [ -105.951997507063737, 39.591989961571265 ], [ -105.951877518135305, 39.592104144408943 ], [ -105.95182315693809, 39.592243912533682 ], [ -105.95182372889461, 39.592285704681757 ], [ -105.951685860786625, 39.592361377533805 ], [ -105.951674288815227, 39.59257243592792 ], [ -105.951781502781472, 39.592489810154433 ], [ -105.951873186514192, 39.592445520702093 ], [ -105.951927751968839, 39.592485128957527 ], [ -105.952000871493368, 39.592564640459692 ], [ -105.952123817063367, 39.592666383565167 ], [ -105.952178406674989, 39.592707733036804 ], [ -105.952300661284568, 39.5927589771117 ], [ -105.952385961229652, 39.592782740839205 ], [ -105.952385474838835, 39.592630047991399 ], [ -105.952232624446609, 39.592557516725854 ], [ -105.952112096507392, 39.592467944664627 ], [ -105.952036821591392, 39.592395417031142 ], [ -105.952015873875268, 39.592345084167611 ], [ -105.952008358968442, 39.592289416632248 ], [ -105.952032068008776, 39.592212594837889 ], [ -105.952049787657401, 39.592191551227039 ], [ -105.952089942885024, 39.592165099165769 ], [ -105.952172885399236, 39.592140037987491 ], [ -105.952278692579412, 39.592140912374461 ], [ -105.952338677077947, 39.592142843714669 ] ] ] } },
{ "type": "Feature", "properties": { "fid": 56, "feature-id": null, "trail_name": "Murphy's Mine", "feature_type": "Trail", "mountain_area": "Dercum", "difficulty": "Adventure Zone", "acres_25_26": 0.5, "active": true, "notes": null, "gis_acres": 0.96, "trail_id": "T056", "display_from_year": 2006, "display_to_year": 2012 }, "geometry": { "type": "Polygon", "coordinates": [ [ [ -105.94321506144523, 39.578784222541216 ], [ -105.943282834391979, 39.578706605940567 ], [ -105.943255672140751, 39.578610760677776 ], [ -105.94321729790363, 39.57845096257698 ], [ -105.943235653039949, 39.578278695755685 ], [ -105.943252697067038, 39.578200503966514 ], [ -105.943245354942334, 39.578040453954138 ], [ -105.943305872349228, 39.577925884587906 ], [ -105.943309796415122, 39.577833789701778 ], [ -105.943300559746419, 39.577746735981194 ], [ -105.943172845402614, 39.577896584394487 ], [ -105.943048192116891, 39.577974804585089 ], [ -105.94289515633767, 39.578092472530244 ], [ -105.942762707752436, 39.578273042909366 ], [ -105.942656279730883, 39.578401983042284 ], [ -105.942654145465724, 39.578499562614851 ], [ -105.942647336293135, 39.578569665806363 ], [ -105.942650600051934, 39.578619673580988 ], [ -105.942692201449901, 39.578711445665654 ], [ -105.942828549598815, 39.578738032139427 ], [ -105.942954013037607, 39.578753629697282 ], [ -105.943129571867345, 39.578768820529341 ], [ -105.94321506144523, 39.578784222541216 ] ] ] } },
{ "type": "Feature", "properties": { "fid": 57, "feature-id": null, "trail_name": "Ripperoo's Glade", "feature_type": "Trail", "mountain_area": "Dercum", "difficulty": "Adventure Zone", "acres_25_26": 0.5, "active": true, "notes": null, "gis_acres": 5.29, "trail_id": "T057", "display_from_year": 2018, "display_to_year": 9999 }, "geometry": { "type": "Polygon", "coordinates": [ [ [ -105.953865635836621, 39.591515581354791 ], [ -105.953822206652191, 39.591647884041066 ], [ -105.953734384798466, 39.591735716348744 ], [ -105.953733211085236, 39.591841069985755 ], [ -105.953725864768515, 39.591998508007968 ], [ -105.953637402774575, 39.592139100746536 ], [ -105.953634788290131, 39.592262338048812 ], [ -105.953615386238226, 39.592573867048529 ], [ -105.953640176539082, 39.5928384111116 ], [ -105.953616478563461, 39.59294128547424 ], [ -105.953589117881123, 39.593038639629178 ], [ -105.95355801327284, 39.593255355142844 ], [ -105.953566981018753, 39.593466757632243 ], [ -105.953624272586595, 39.593620003822842 ], [ -105.953590800528062, 39.593862239547363 ], [ -105.953577362260646, 39.59422386802445 ], [ -105.95346439595761, 39.594572080284031 ], [ -105.953389288345292, 39.594890055921766 ], [ -105.953642641692127, 39.594787838517128 ], [ -105.953801034407178, 39.594571983808365 ], [ -105.953960496265196, 39.594434139933895 ], [ -105.954080319672656, 39.5943473342342 ], [ -105.954189012855863, 39.594187417379118 ], [ -105.954302023382411, 39.594014102105866 ], [ -105.954383205702854, 39.593841048167739 ], [ -105.954468070366346, 39.593646415528738 ], [ -105.954517086415095, 39.59344899899579 ], [ -105.954532711716226, 39.593137958118035 ], [ -105.954521290773258, 39.592885627916061 ], [ -105.954494294331155, 39.59265805239346 ], [ -105.954463615397628, 39.592452055501234 ], [ -105.954392223766206, 39.592178669492817 ], [ -105.954282189551719, 39.591988716058175 ], [ -105.954104186373144, 39.591774693931256 ], [ -105.953938077059547, 39.591557495525933 ], [ -105.953865635836621, 39.591515581354791 ] ] ] } },
{ "type": "Feature", "properties": { "fid": 58, "feature-id": null, "trail_name": "Ripperoo's Forest", "feature_type": "Trail", "mountain_area": "Dercum", "difficulty": "Adventure Zone", "acres_25_26": 1.0, "active": true, "notes": null, "gis_acres": 3.99, "trail_id": "T058", "display_from_year": 2013, "display_to_year": 9999 }, "geometry": { "type": "Polygon", "coordinates": [ [ [ -105.953511640650419, 39.595167255824691 ], [ -105.953444208155418, 39.595391641281559 ], [ -105.953351064537529, 39.595578512071619 ], [ -105.953367233242957, 39.59581451448345 ], [ -105.953382963152023, 39.596018502169287 ], [ -105.953325945504275, 39.596199073044055 ], [ -105.95321532671143, 39.596432113416896 ], [ -105.953157567788466, 39.59655865937949 ], [ -105.953230307695122, 39.596770183926417 ], [ -105.953160905606353, 39.596990879195658 ], [ -105.953028387118096, 39.597136048676617 ], [ -105.952769216026297, 39.597288260121829 ], [ -105.952516953375337, 39.597378378878453 ], [ -105.952232135099379, 39.59743880801016 ], [ -105.952568872822965, 39.597620748047405 ], [ -105.952697413374779, 39.597708965950865 ], [ -105.953116609140508, 39.597810191375338 ], [ -105.953482648107141, 39.597807187990526 ], [ -105.953561832665116, 39.596907662916792 ], [ -105.953705327164414, 39.59663559120316 ], [ -105.953829603066893, 39.596412930525524 ], [ -105.953902789839574, 39.596236864277081 ], [ -105.953928444363186, 39.596076579949695 ], [ -105.953996089602938, 39.595786660536227 ], [ -105.954060895922268, 39.595579879579489 ], [ -105.954078423858391, 39.595407348572351 ], [ -105.954076270178916, 39.595250370881722 ], [ -105.954078784450118, 39.595183822369599 ], [ -105.953982229164637, 39.595191689326612 ], [ -105.953822315182506, 39.595151568124606 ], [ -105.953511640650419, 39.595167255824691 ] ] ] } },
{ "type": "Feature", "properties": { "fid": 59, "feature-id": null, "trail_name": "Cadillac Carpet", "feature_type": "Trail", "mountain_area": "Dercum", "difficulty": "Green", "acres_25_26": 0.3, "active": true, "notes": null, "gis_acres": 1.32, "trail_id": "T059", "display_from_year": 2006, "display_to_year": 9999 }, "geometry": { "type": "Polygon", "coordinates": [ [ [ -105.940466523334379, 39.597322391225084 ], [ -105.940254968005874, 39.597440849646659 ], [ -105.940041134125806, 39.597621434873929 ], [ -105.940190723213547, 39.597627488501985 ], [ -105.940420492056873, 39.597788558638946 ], [ -105.940691553370073, 39.597988712468648 ], [ -105.94079876521532, 39.598129750879899 ], [ -105.940917304896871, 39.598354790190726 ], [ -105.94099469564037, 39.59855125577166 ], [ -105.941134202953705, 39.598568521075585 ], [ -105.941244505128097, 39.598562846420464 ], [ -105.941235851455474, 39.598337505761634 ], [ -105.941233269921668, 39.598146794482865 ], [ -105.94126488907898, 39.597934138935244 ], [ -105.941291314229744, 39.59787873898447 ], [ -105.941062361006246, 39.597778105638319 ], [ -105.940853965222658, 39.597690444857719 ], [ -105.940672244308502, 39.597565777153633 ], [ -105.940466523334379, 39.597322391225084 ] ] ] } },
{ "type": "Feature", "properties": { "fid": 60, "feature-id": null, "trail_name": "Mid Station Carpet", "feature_type": "Trail", "mountain_area": "Dercum", "difficulty": "Green", "acres_25_26": 0.3, "active": true, "notes": null, "gis_acres": 1.01, "trail_id": "T060", "display_from_year": 2006, "display_to_year": 9999 }, "geometry": { "type": "Polygon", "coordinates": [ [ [ -105.942175227819931, 39.597657647545105 ], [ -105.942102403302286, 39.597604071275796 ], [ -105.942000025869589, 39.597601796369425 ], [ -105.94183751424184, 39.597604666373499 ], [ -105.941653308649762, 39.597635657053786 ], [ -105.941531643113919, 39.597690980715434 ], [ -105.941420262485337, 39.597764850963792 ], [ -105.9413387912319, 39.597824506241885 ], [ -105.941291314229744, 39.59787873898447 ], [ -105.94126488907898, 39.597934138935244 ], [ -105.941233269921668, 39.598146794482865 ], [ -105.941671249305188, 39.598214770052742 ], [ -105.941827538060721, 39.598170155000659 ], [ -105.941928063816107, 39.598145498536091 ], [ -105.942206001096096, 39.597815619018959 ], [ -105.942225207505032, 39.597723695065341 ], [ -105.942175227819931, 39.597657647545105 ] ] ] } },
{ "type": "Feature", "properties": { "fid": 61, "feature-id": null, "trail_name": "Prospector", "feature_type": "Trail", "mountain_area": "North Peak", "difficulty": "Blue", "acres_25_26": 13.6, "active": true, "notes": null, "gis_acres": 12.36, "trail_id": "T061", "display_from_year": 2006, "display_to_year": 9999 }, "geometry": { "type": "Polygon", "coordinates": [ [ [ -105.933801850105951, 39.564217995277382 ], [ -105.934571467382639, 39.564441316634849 ], [ -105.934466357215697, 39.564153877269177 ], [ -105.934303133506404, 39.563847312864645 ], [ -105.934114901725025, 39.563563340272587 ], [ -105.93381318142697, 39.563337376511811 ], [ -105.933627978122502, 39.563117193235129 ], [ -105.933515680130625, 39.562832609549908 ], [ -105.933327327750192, 39.562377345068846 ], [ -105.933094375233338, 39.56183175460199 ], [ -105.932849634165166, 39.561302043924776 ], [ -105.932598711379086, 39.560699275485725 ], [ -105.93298501096524, 39.560373351781962 ], [ -105.933245823817757, 39.560138334665211 ], [ -105.933518068701218, 39.559968607014511 ], [ -105.933867672457211, 39.55984627193255 ], [ -105.934278436335475, 39.559823083396815 ], [ -105.934630598028463, 39.559740703757271 ], [ -105.934977871847934, 39.559772712564616 ], [ -105.93501755963031, 39.559673946660325 ], [ -105.934904645164835, 39.559607515666109 ], [ -105.934888015043228, 39.559522783336519 ], [ -105.934935508228548, 39.559420930910463 ], [ -105.934982414232095, 39.559356588534861 ], [ -105.934858877480423, 39.559258675559107 ], [ -105.934708191877903, 39.559346652970291 ], [ -105.934549899298048, 39.559406702537729 ], [ -105.93433342059275, 39.55944202976977 ], [ -105.934058605730058, 39.559441440018098 ], [ -105.933516451364426, 39.559622875341624 ], [ -105.933108147002258, 39.559843753538885 ], [ -105.932967764931604, 39.559856969458586 ], [ -105.932760091252646, 39.559898932619767 ], [ -105.932517652725551, 39.560066092374413 ], [ -105.932362517266114, 39.560143899752937 ], [ -105.932166116136912, 39.560250245221027 ], [ -105.931963268637716, 39.560263960960015 ], [ -105.931931497151382, 39.560223919616931 ], [ -105.931977051096624, 39.560126843594503 ], [ -105.931866390491166, 39.560026990666387 ], [ -105.931834457404889, 39.55997486175125 ], [ -105.931816635388159, 39.55991139564631 ], [ -105.931877744517308, 39.559859385480117 ], [ -105.931922437120008, 39.559824066981953 ], [ -105.931974186392821, 39.559783171857738 ], [ -105.931961874196915, 39.559744420949599 ], [ -105.931965428896135, 39.559719732648951 ], [ -105.931889159512281, 39.559710720926667 ], [ -105.931833811317503, 39.559697331195011 ], [ -105.931830168041657, 39.559715404159768 ], [ -105.931785467391222, 39.55974282820079 ], [ -105.931710792129422, 39.559736810871975 ], [ -105.931695961371744, 39.559789858111699 ], [ -105.931644284198839, 39.559818540946623 ], [ -105.931576452428189, 39.559812949836271 ], [ -105.93156416793164, 39.55980077855795 ], [ -105.931561312995413, 39.559796470942572 ], [ -105.931542801463976, 39.55980672382983 ], [ -105.931354752655736, 39.559922512471751 ], [ -105.931410328170287, 39.560059853837075 ], [ -105.931396919691906, 39.560187349067611 ], [ -105.93141236971546, 39.560338010757604 ], [ -105.931418885041012, 39.560448447923427 ], [ -105.931459000941487, 39.560559915654139 ], [ -105.931623593513009, 39.560770889011287 ], [ -105.931700479427192, 39.560943448471981 ], [ -105.931676781601254, 39.561030226381106 ], [ -105.931667391281934, 39.561257354427731 ], [ -105.931842202222541, 39.561610386039511 ], [ -105.931916606087142, 39.562017137412369 ], [ -105.932073671915347, 39.562091728778064 ], [ -105.932350329614479, 39.562423815777343 ], [ -105.932544816614993, 39.562582385147572 ], [ -105.932750793986472, 39.562785810695345 ], [ -105.932808968945281, 39.563153922067293 ], [ -105.933045759987664, 39.563432105314028 ], [ -105.93335436259008, 39.563576790023269 ], [ -105.933594598107135, 39.563860008121431 ], [ -105.933801850105951, 39.564217995277382 ] ] ] } },
{ "type": "Feature", "properties": { "fid": 62, "feature-id": null, "trail_name": "Lower Prospector", "feature_type": "Trail", "mountain_area": "North Peak", "difficulty": "Green", "acres_25_26": 7.5, "active": true, "notes": null, "gis_acres": 7.92, "trail_id": "T062", "display_from_year": 2006, "display_to_year": 9999 }, "geometry": { "type": "Polygon", "coordinates": [ [ [ -105.933801850105951, 39.564217995277382 ], [ -105.933996670255141, 39.564504289483729 ], [ -105.934159991761874, 39.564710734014611 ], [ -105.934237840470558, 39.565090672926253 ], [ -105.934350762130705, 39.565280047418568 ], [ -105.934443382844265, 39.565452110126458 ], [ -105.934566501872126, 39.565466653306203 ], [ -105.935041341581169, 39.565519141656139 ], [ -105.935263643989046, 39.565633852139101 ], [ -105.935530758930767, 39.565722959906978 ], [ -105.935737307835737, 39.565785371574684 ], [ -105.936140816996513, 39.565943279202322 ], [ -105.936403570300769, 39.566080961490705 ], [ -105.936780247852582, 39.566295391109009 ], [ -105.937162441141183, 39.566546666470956 ], [ -105.937402361502805, 39.566665114046188 ], [ -105.937649049579576, 39.566727198494938 ], [ -105.938045304783898, 39.566904574533325 ], [ -105.938371456695094, 39.567092223587629 ], [ -105.938798812031536, 39.567343128803564 ], [ -105.939218356934262, 39.56757273734231 ], [ -105.939479033186899, 39.567741495863494 ], [ -105.939711357544184, 39.567854175060262 ], [ -105.940154315008812, 39.56795932491783 ], [ -105.940492390293571, 39.568100271757586 ], [ -105.940797568134982, 39.568220125738947 ], [ -105.941136421988105, 39.568232915158539 ], [ -105.941378049359329, 39.56829114931508 ], [ -105.941680129773516, 39.568355125331607 ], [ -105.941714240989185, 39.568331372259728 ], [ -105.941901679695818, 39.568166246211369 ], [ -105.941129673259752, 39.567941197186634 ], [ -105.939943075098469, 39.567511726533084 ], [ -105.939438136631225, 39.567245217157321 ], [ -105.938746178022399, 39.566806628845512 ], [ -105.937989439703557, 39.566455353077025 ], [ -105.937677512415888, 39.566314915868119 ], [ -105.937472025983354, 39.566308111170557 ], [ -105.936990660456345, 39.56612665605936 ], [ -105.936725673133623, 39.565908485655889 ], [ -105.936439087137217, 39.565763924254554 ], [ -105.936271135812689, 39.565705829683779 ], [ -105.936012033318605, 39.565589021242168 ], [ -105.935562346650784, 39.565410801926724 ], [ -105.93530343433099, 39.565307978089081 ], [ -105.935097089944421, 39.56508233804491 ], [ -105.934936579925576, 39.564905285938096 ], [ -105.93480755274534, 39.564717489553928 ], [ -105.934661301091154, 39.564592776347524 ], [ -105.934571467382639, 39.564441316634849 ], [ -105.933801850105951, 39.564217995277382 ] ] ] } },
{ "type": "Feature", "properties": { "fid": 63, "feature-id": null, "trail_name": "Anticipation", "feature_type": "Trail", "mountain_area": "North Peak", "difficulty": "Blue", "acres_25_26": 25.4, "active": true, "notes": null, "gis_acres": 24.38, "trail_id": "T063", "display_from_year": 2006, "display_to_year": 9999 }, "geometry": { "type": "Polygon", "coordinates": [ [ [ -105.934058605730058, 39.559441440018098 ], [ -105.933857514387171, 39.55941873497563 ], [ -105.933597658356035, 39.559372427924039 ], [ -105.933280722636823, 39.559277003444535 ], [ -105.932968520139596, 39.559193343728836 ], [ -105.932787746594059, 39.559131055233614 ], [ -105.932647872639706, 39.559048372057781 ], [ -105.932557777976641, 39.558925156918697 ], [ -105.932627022078464, 39.55874400567307 ], [ -105.932673394877199, 39.558563037937084 ], [ -105.932679026664445, 39.558414266962082 ], [ -105.932636617431911, 39.558208043723745 ], [ -105.932615317405975, 39.557983945612591 ], [ -105.932538179542433, 39.557689473750855 ], [ -105.932488795667439, 39.557531701300455 ], [ -105.932424046126172, 39.557251294297394 ], [ -105.932435926981555, 39.556999781527615 ], [ -105.932425403292541, 39.556669364138799 ], [ -105.932409278757618, 39.556448946314994 ], [ -105.93234520997332, 39.556309392106783 ], [ -105.932272304121483, 39.556213680069384 ], [ -105.932081281054792, 39.55602407750898 ], [ -105.931883804698828, 39.555774705561248 ], [ -105.931866120639796, 39.555720862726531 ], [ -105.931904917125948, 39.555662189869437 ], [ -105.931983388490607, 39.555610494059245 ], [ -105.93206902727843, 39.55553101887341 ], [ -105.932042038027291, 39.555204409420597 ], [ -105.931947113136133, 39.555294172365265 ], [ -105.931841094961285, 39.555400073666448 ], [ -105.931747429565164, 39.555443136933057 ], [ -105.931660834162059, 39.55545112638579 ], [ -105.931569200977236, 39.555364318279672 ], [ -105.931462315397582, 39.555264500947438 ], [ -105.931350029894503, 39.555183694364814 ], [ -105.931195697764664, 39.555059453249598 ], [ -105.930997961489638, 39.554931182503765 ], [ -105.930845554160257, 39.554809843583321 ], [ -105.930779410472738, 39.554655714629746 ], [ -105.930750146950899, 39.554581537726314 ], [ -105.930622786535295, 39.554500851153776 ], [ -105.930520062703849, 39.55443018049602 ], [ -105.930390759759021, 39.554345132084457 ], [ -105.930318301141185, 39.554141445887183 ], [ -105.930241787085109, 39.554057433762701 ], [ -105.930177919767445, 39.553932467113299 ], [ -105.930193920788142, 39.5537193185109 ], [ -105.930232361292283, 39.553492858887942 ], [ -105.93027443429753, 39.553256156853998 ], [ -105.930297511164497, 39.5531494618549 ], [ -105.930364010935207, 39.553048255424208 ], [ -105.930447763937295, 39.552968796500259 ], [ -105.930474434157574, 39.552848941289106 ], [ -105.93065394837862, 39.552742452679745 ], [ -105.930734360485388, 39.552695119290568 ], [ -105.93099073106994, 39.552557374689833 ], [ -105.931360563728575, 39.552447901212588 ], [ -105.931666808515885, 39.552375412453074 ], [ -105.931905755594585, 39.552344315795253 ], [ -105.932316117949156, 39.552306007490166 ], [ -105.932680010933524, 39.552316219154505 ], [ -105.932860712310656, 39.552298719357275 ], [ -105.933040788183433, 39.552234534864041 ], [ -105.933160284762536, 39.552150409889371 ], [ -105.933275660098531, 39.552040055077704 ], [ -105.933400418638641, 39.551926706701309 ], [ -105.933460555249269, 39.551773023984218 ], [ -105.933556438926743, 39.551614676958195 ], [ -105.933648963811066, 39.551486996779431 ], [ -105.933773329588334, 39.551344470252026 ], [ -105.933947083475203, 39.551230727617778 ], [ -105.934139721043948, 39.551119751034292 ], [ -105.934398942094091, 39.551054928268591 ], [ -105.934568136912176, 39.551022927886649 ], [ -105.934867754253943, 39.551019059121565 ], [ -105.935120885608157, 39.551062253066725 ], [ -105.93534586715171, 39.551114427283942 ], [ -105.935458447970632, 39.551077045046362 ], [ -105.935608228923314, 39.551002887107714 ], [ -105.935787024815312, 39.550843870744359 ], [ -105.936017919290293, 39.550634826991264 ], [ -105.936071510983709, 39.55055560692675 ], [ -105.936267186655598, 39.55039061768494 ], [ -105.936505439599827, 39.550168382272382 ], [ -105.936656062194501, 39.550016886807938 ], [ -105.936873936613068, 39.549821077683369 ], [ -105.937061560159037, 39.54961821683159 ], [ -105.937266947647203, 39.549475033273644 ], [ -105.937412051146296, 39.549333794649151 ], [ -105.937600673327481, 39.549205336176826 ], [ -105.93773831633375, 39.549069993510741 ], [ -105.937892761717706, 39.548922842726085 ], [ -105.938055255048411, 39.548813561957481 ], [ -105.938465354516183, 39.548617657228355 ], [ -105.93876929710818, 39.548515987476989 ], [ -105.939028464668866, 39.548448236749358 ], [ -105.939368155153844, 39.548481967817075 ], [ -105.939672002256813, 39.548513069604681 ], [ -105.940057412081202, 39.548582905128789 ], [ -105.940373590684487, 39.548689775685375 ], [ -105.940607819943267, 39.548868801851604 ], [ -105.940887415202084, 39.549057673592877 ], [ -105.941020667078945, 39.549155809819197 ], [ -105.941156887943208, 39.549334169321199 ], [ -105.941319472299483, 39.549510856085334 ], [ -105.941512307590301, 39.549694592777236 ], [ -105.941681386260029, 39.549793897031464 ], [ -105.941877124237521, 39.549913411613524 ], [ -105.942048443591617, 39.550038959972206 ], [ -105.942208890832859, 39.550196695197947 ], [ -105.942331570118952, 39.550348900250853 ], [ -105.942406545510039, 39.550457720661456 ], [ -105.942491042303757, 39.550573759029938 ], [ -105.942626539227788, 39.550698137965142 ], [ -105.942750216236789, 39.550784677462218 ], [ -105.942957068331438, 39.550889509587194 ], [ -105.942973690917526, 39.550795380770566 ], [ -105.942880020739992, 39.55075421471421 ], [ -105.942834851790337, 39.550716332847728 ], [ -105.943057632120201, 39.550468853500561 ], [ -105.942941594082313, 39.550389620679518 ], [ -105.942880165462569, 39.550343779758755 ], [ -105.942799174735967, 39.550326783730853 ], [ -105.942672433743311, 39.550299125572458 ], [ -105.942521832867456, 39.550263569787042 ], [ -105.942445592417116, 39.550246534987998 ], [ -105.942242986780045, 39.550047678513572 ], [ -105.942058222419604, 39.549881112194385 ], [ -105.941854852660626, 39.549759315149544 ], [ -105.941688122447317, 39.549647631927598 ], [ -105.941571216851173, 39.549526621056188 ], [ -105.941459029298969, 39.549328232590796 ], [ -105.941347505612924, 39.549178919313171 ], [ -105.941226960479582, 39.549072810493691 ], [ -105.941044865445292, 39.548961250757685 ], [ -105.940829673260438, 39.548817238205281 ], [ -105.94033727998405, 39.548489556679328 ], [ -105.940133837001852, 39.548361807984435 ], [ -105.939846717227084, 39.548297201959826 ], [ -105.939602219177488, 39.548259021941469 ], [ -105.939378610792247, 39.548202825040519 ], [ -105.939139996350633, 39.548173520254558 ], [ -105.938880672983785, 39.54817561544386 ], [ -105.938671593952307, 39.548199613673248 ], [ -105.938465277169428, 39.548286055564496 ], [ -105.938226304234178, 39.548372760718337 ], [ -105.938005299870014, 39.548509888352605 ], [ -105.937792098470354, 39.548655876367832 ], [ -105.937571712864468, 39.548839104292362 ], [ -105.937503940331013, 39.548942274271198 ], [ -105.937385022716541, 39.549099399306428 ], [ -105.937061463762035, 39.549325102583616 ], [ -105.936811719821549, 39.549468408837058 ], [ -105.936657982591484, 39.54960796626159 ], [ -105.936426485089044, 39.549822514727317 ], [ -105.936192285662358, 39.549979080043727 ], [ -105.93597101239817, 39.550096871155667 ], [ -105.935718760022652, 39.550339843931255 ], [ -105.935473990090344, 39.550567882993725 ], [ -105.935301237599859, 39.550722464606885 ], [ -105.935113659781521, 39.55077454199774 ], [ -105.934911696571788, 39.550756832012766 ], [ -105.934702109380609, 39.550743644873123 ], [ -105.934514072124102, 39.550761517241163 ], [ -105.93424557267582, 39.550796396364142 ], [ -105.934023396068724, 39.55084726282459 ], [ -105.933809361666931, 39.550932271192188 ], [ -105.933630542541636, 39.551064589670496 ], [ -105.933473431734342, 39.551239865027163 ], [ -105.93324623921562, 39.55149006762165 ], [ -105.933027964284676, 39.551832410368064 ], [ -105.932948496656252, 39.55192377321702 ], [ -105.932812223697354, 39.551933790825807 ], [ -105.932677971289479, 39.551951228526711 ], [ -105.932559783904694, 39.552020592435014 ], [ -105.932375823533334, 39.552056276161295 ], [ -105.932207350599697, 39.552100759131868 ], [ -105.931919455386549, 39.552122402828921 ], [ -105.931669702024692, 39.552122917947749 ], [ -105.931483720427124, 39.552151179999633 ], [ -105.931242565712381, 39.552220040782501 ], [ -105.930976934059075, 39.552326279478059 ], [ -105.930728173573044, 39.552401149295349 ], [ -105.930474026919029, 39.552504320279574 ], [ -105.930347735040527, 39.552542513667042 ], [ -105.930229246357328, 39.552589568220796 ], [ -105.930149635148595, 39.552670519256303 ], [ -105.930060080926268, 39.55272626581975 ], [ -105.929925905667915, 39.552749648903202 ], [ -105.929832449506662, 39.552800964632624 ], [ -105.929603571424082, 39.55292624094831 ], [ -105.929502748137594, 39.553001412034774 ], [ -105.929379010895374, 39.553087177328401 ], [ -105.929259333727174, 39.55318927025381 ], [ -105.929346975797699, 39.553422074506166 ], [ -105.929387917421565, 39.553610633353117 ], [ -105.929496970176984, 39.553864088354928 ], [ -105.929656269668271, 39.554139450711261 ], [ -105.929727890445974, 39.554323302116799 ], [ -105.929797868483334, 39.554527988715783 ], [ -105.929880837937844, 39.55469836357986 ], [ -105.930125696897875, 39.554906112448862 ], [ -105.930233304340163, 39.555051005878575 ], [ -105.930434291717063, 39.555138634514087 ], [ -105.930643858346031, 39.555293122271337 ], [ -105.930868794855186, 39.555447486534945 ], [ -105.931046094482838, 39.555487710465343 ], [ -105.931111459905125, 39.555634428755539 ], [ -105.931256307775413, 39.555834052661119 ], [ -105.93122964639862, 39.556139161264163 ], [ -105.931255762659134, 39.556367995030449 ], [ -105.93133935450291, 39.556584469854492 ], [ -105.931425794635473, 39.556726557165447 ], [ -105.931563896121204, 39.55699613744401 ], [ -105.931623998001456, 39.557180079895517 ], [ -105.931740740435487, 39.557289203607532 ], [ -105.931840351890187, 39.55741036289718 ], [ -105.931856177497906, 39.557731491089122 ], [ -105.931897924742174, 39.557979534098855 ], [ -105.931878054748466, 39.558217660139121 ], [ -105.931888525812624, 39.558425797038112 ], [ -105.931936196485452, 39.558685690838971 ], [ -105.931996917939856, 39.558915734111153 ], [ -105.932041433999942, 39.559083441060487 ], [ -105.932036028648028, 39.559110255661651 ], [ -105.931820056033644, 39.559052495895038 ], [ -105.931808537896814, 39.559196855541749 ], [ -105.931751458435897, 39.559238957360456 ], [ -105.931719135929697, 39.559264500461914 ], [ -105.93169653891384, 39.559298889334485 ], [ -105.93168416485527, 39.559379302286338 ], [ -105.93169840939413, 39.559438679751892 ], [ -105.931712852949758, 39.559512928535426 ], [ -105.931734643173741, 39.559561834458094 ], [ -105.93177174359333, 39.559606155749044 ], [ -105.931816369786006, 39.559638518352706 ], [ -105.931868462031019, 39.559654460864934 ], [ -105.931941727690457, 39.559673208144289 ], [ -105.932006930241585, 39.559663761502911 ], [ -105.93213149195401, 39.559638965813548 ], [ -105.93214448269616, 39.559604653910725 ], [ -105.932253594751444, 39.559574032844793 ], [ -105.932420881326124, 39.559583101808244 ], [ -105.932528401338686, 39.559720557197302 ], [ -105.932642849806001, 39.559801439804893 ], [ -105.932760091252646, 39.559898932619767 ], [ -105.932967764931604, 39.559856969458586 ], [ -105.933108147002258, 39.559843753538885 ], [ -105.933516451364426, 39.559622875341624 ], [ -105.934058605730058, 39.559441440018098 ] ] ] } },
{ "type": "Feature", "properties": { "fid": 64, "feature-id": null, "trail_name": "Last Alamo", "feature_type": "Trail", "mountain_area": "North Peak", "difficulty": "Blue", "acres_25_26": 16.2, "active": true, "notes": null, "gis_acres": 15.19, "trail_id": "T064", "display_from_year": 2006, "display_to_year": 9999 }, "geometry": { "type": "Polygon", "coordinates": [ [ [ -105.93501755963031, 39.559673946660325 ], [ -105.934977871847934, 39.559772712564616 ], [ -105.935068667302602, 39.559831328438115 ], [ -105.935226783593279, 39.560091370672822 ], [ -105.935128324629972, 39.560243765322355 ], [ -105.935068865474051, 39.560421778071778 ], [ -105.935047870654316, 39.560585517936111 ], [ -105.93505519391374, 39.560747035179055 ], [ -105.935108042776406, 39.560844353545285 ], [ -105.93508186750681, 39.561006140321517 ], [ -105.935035907841709, 39.561229924060058 ], [ -105.935182728688332, 39.561416250777476 ], [ -105.935311807141915, 39.561624662537092 ], [ -105.935439274247486, 39.561904898726937 ], [ -105.935515557498448, 39.562019981150058 ], [ -105.935596454874101, 39.56228662865751 ], [ -105.935674052266151, 39.562499443960796 ], [ -105.935744750516832, 39.562774152523836 ], [ -105.935803506376729, 39.562927276433392 ], [ -105.935893453420036, 39.563100096782719 ], [ -105.935928776419829, 39.563235456431933 ], [ -105.936066047205713, 39.563477712318921 ], [ -105.936087788878083, 39.563561317378849 ], [ -105.936224497612045, 39.563761687495649 ], [ -105.936308595507356, 39.563882690690946 ], [ -105.936323921246967, 39.564064090937578 ], [ -105.936411025876851, 39.564216986083139 ], [ -105.936477837277991, 39.564393981886049 ], [ -105.936642707472146, 39.564580161167051 ], [ -105.936840649601066, 39.564734157340276 ], [ -105.936950492570418, 39.564852957725847 ], [ -105.937095178928843, 39.565071215326952 ], [ -105.937211036083497, 39.565253799461154 ], [ -105.937379400420369, 39.565507771505885 ], [ -105.937531739919891, 39.56571998249936 ], [ -105.937580650971483, 39.565907095847059 ], [ -105.937638768875033, 39.566012349499957 ], [ -105.937671600433617, 39.566153712933129 ], [ -105.93773524886933, 39.566286848621104 ], [ -105.93779683366742, 39.566368637348766 ], [ -105.937989439703557, 39.566455353077025 ], [ -105.938746178022399, 39.566806628845512 ], [ -105.939438136631225, 39.567245217157321 ], [ -105.939943075098469, 39.567511726533084 ], [ -105.941129673259752, 39.567941197186634 ], [ -105.941901679695818, 39.568166246211369 ], [ -105.942231573092599, 39.567875620625664 ], [ -105.941618618104826, 39.56776548395532 ], [ -105.941359913182922, 39.567693773653865 ], [ -105.94119967658655, 39.5676611605776 ], [ -105.94092532136591, 39.567575612708147 ], [ -105.940689541840882, 39.567483767632154 ], [ -105.940435481021893, 39.567374117139181 ], [ -105.940180963035019, 39.567230558784068 ], [ -105.939840676519324, 39.5670338349071 ], [ -105.939569621923383, 39.566810618338458 ], [ -105.939387533765043, 39.566686420231363 ], [ -105.939275725683117, 39.566613517692595 ], [ -105.939116266715416, 39.566447246177916 ], [ -105.939001209676789, 39.566324500496577 ], [ -105.938822158098958, 39.566234187956589 ], [ -105.93864939055095, 39.566227604519945 ], [ -105.938463119520577, 39.566175250276132 ], [ -105.938320281564231, 39.566094618327178 ], [ -105.938243720293116, 39.565959592449929 ], [ -105.938203640532208, 39.565854193473449 ], [ -105.938149869534172, 39.565689062047035 ], [ -105.938006576067011, 39.565574522364258 ], [ -105.937911762115689, 39.565423685456622 ], [ -105.937851147940776, 39.565324436372329 ], [ -105.937826289196693, 39.565200961519466 ], [ -105.937742509450302, 39.565103894086818 ], [ -105.937601069541373, 39.56493548025265 ], [ -105.937492862221035, 39.564746850488902 ], [ -105.937405835115541, 39.564599939851945 ], [ -105.937354429137841, 39.564418830806488 ], [ -105.937271455673695, 39.564190101953166 ], [ -105.937212722329576, 39.564038973419279 ], [ -105.93711576487965, 39.56392006935436 ], [ -105.937051931954244, 39.563772971385426 ], [ -105.936918468800044, 39.563622445242515 ], [ -105.93677617513994, 39.563390204702451 ], [ -105.936693231695514, 39.563163469909298 ], [ -105.936636916408204, 39.563000352960792 ], [ -105.936546484715208, 39.562791631297586 ], [ -105.936531158741957, 39.562610231044552 ], [ -105.936464617285509, 39.562453180705347 ], [ -105.93640137730462, 39.562349962423468 ], [ -105.936350056181297, 39.562174836465736 ], [ -105.936218530832974, 39.561976419441677 ], [ -105.936113230648601, 39.561811702051138 ], [ -105.936022909389536, 39.561610958105618 ], [ -105.935945231543869, 39.561392159350369 ], [ -105.935859341144536, 39.561137520859276 ], [ -105.935831106494632, 39.560954229640998 ], [ -105.935787143047975, 39.560751117391206 ], [ -105.935738669582179, 39.560595915849994 ], [ -105.935672694787385, 39.560480750544492 ], [ -105.935684238628255, 39.560380919225395 ], [ -105.935757384302207, 39.560262638988206 ], [ -105.935881341714605, 39.560090090795221 ], [ -105.935830804372571, 39.559781308784331 ], [ -105.935788610915139, 39.559709836910343 ], [ -105.935701130641789, 39.559549447800997 ], [ -105.935671974546779, 39.559508171952501 ], [ -105.93564430577338, 39.559577579048081 ], [ -105.935437961920826, 39.559617317812304 ], [ -105.935218642711177, 39.559650189647627 ], [ -105.93501755963031, 39.559673946660325 ] ] ] } },
{ "type": "Feature", "properties": { "fid": 65, "feature-id": null, "trail_name": "Spillway", "feature_type": "Trail", "mountain_area": "North Peak", "difficulty": "Blue", "acres_25_26": 13.7, "active": true, "notes": null, "gis_acres": 11.99, "trail_id": "T065", "display_from_year": 2006, "display_to_year": 9999 }, "geometry": { "type": "Polygon", "coordinates": [ [ [ -105.934982414232095, 39.559356588534861 ], [ -105.935064317064374, 39.559251084801652 ], [ -105.935224862301339, 39.559137253080898 ], [ -105.935350600985203, 39.559093808078138 ], [ -105.935416448207832, 39.559116339530881 ], [ -105.935493118924455, 39.559146163482332 ], [ -105.935633046781874, 39.559005745886012 ], [ -105.935448067600731, 39.558897462518125 ], [ -105.935324689916882, 39.558850487756608 ], [ -105.935212172931884, 39.55881357250037 ], [ -105.935051858972002, 39.558678338723766 ], [ -105.934856779278732, 39.558527702605588 ], [ -105.934754120550238, 39.558426135543115 ], [ -105.934583718685801, 39.558249471636692 ], [ -105.934358682713849, 39.557979287423706 ], [ -105.934170783576363, 39.55767256414984 ], [ -105.933938411447102, 39.557399392370428 ], [ -105.93381612895692, 39.557112690072586 ], [ -105.933708585086222, 39.556859063632778 ], [ -105.933660423387281, 39.556617605520074 ], [ -105.933637505063572, 39.556431268616436 ], [ -105.933518580965426, 39.556242541545487 ], [ -105.933442937248884, 39.556083499775326 ], [ -105.933181755693568, 39.555793170215225 ], [ -105.932991075939555, 39.555582889111008 ], [ -105.932943310900527, 39.555523206456279 ], [ -105.932795690491361, 39.555478551481194 ], [ -105.932719129457084, 39.555403292985325 ], [ -105.932623388513633, 39.555268122247014 ], [ -105.932654680652675, 39.555165126467955 ], [ -105.932738655817801, 39.555031674810351 ], [ -105.932846962155551, 39.554885382295133 ], [ -105.932791527135691, 39.554710370969282 ], [ -105.932776524741769, 39.554505002042276 ], [ -105.932739275201357, 39.554315618532378 ], [ -105.932718507771256, 39.554137167537327 ], [ -105.932768005361808, 39.554021380100295 ], [ -105.932856982064251, 39.553804111761643 ], [ -105.932959932532896, 39.553563020860871 ], [ -105.933076856521154, 39.553298107360874 ], [ -105.933163336269018, 39.553199410384188 ], [ -105.933144156369764, 39.5531394982577 ], [ -105.933041076862509, 39.553066033543431 ], [ -105.933011307574418, 39.552977754030351 ], [ -105.932990222324761, 39.552775595280984 ], [ -105.93298219177754, 39.552633397854777 ], [ -105.932966660093797, 39.552388515935277 ], [ -105.933067578745039, 39.552300767921729 ], [ -105.933160284762536, 39.552150409889371 ], [ -105.933040788183433, 39.552234534864041 ], [ -105.932860712310656, 39.552298719357275 ], [ -105.932680010933524, 39.552316219154505 ], [ -105.932316117949156, 39.552306007490166 ], [ -105.93232710066431, 39.552507457865069 ], [ -105.932329766510477, 39.552706603141452 ], [ -105.932345496973994, 39.552813963714783 ], [ -105.932343190893633, 39.552946759983556 ], [ -105.932340239562535, 39.55318388681102 ], [ -105.932349284495359, 39.553401949139847 ], [ -105.932336875724161, 39.553542729880611 ], [ -105.932221228605783, 39.55375072764533 ], [ -105.932134545536158, 39.553986945359476 ], [ -105.932089616865142, 39.554139051698165 ], [ -105.932123807418265, 39.554252586970101 ], [ -105.932185048219381, 39.554403841757527 ], [ -105.932191945390088, 39.554614017846056 ], [ -105.932178954145414, 39.554863870633852 ], [ -105.932144381840061, 39.555026958714208 ], [ -105.932042038027291, 39.555204409420597 ], [ -105.93206902727843, 39.55553101887341 ], [ -105.932149405995176, 39.55555486790761 ], [ -105.932287896474918, 39.555680211981439 ], [ -105.932387572756852, 39.555804286605998 ], [ -105.932495987894129, 39.555970969568754 ], [ -105.932610952211959, 39.556169213604676 ], [ -105.932729069301928, 39.556297881996215 ], [ -105.932783785702895, 39.556419155719787 ], [ -105.932891715782375, 39.556549486388114 ], [ -105.933088934419374, 39.556638002240653 ], [ -105.933121297897117, 39.556767358696291 ], [ -105.93310063832169, 39.556901882936366 ], [ -105.933156118328114, 39.557080055052602 ], [ -105.933214792634942, 39.557191812652881 ], [ -105.933248923067353, 39.557300605946239 ], [ -105.933237045121714, 39.557480899584682 ], [ -105.933318222261803, 39.557595637790357 ], [ -105.933328507928636, 39.557753623822528 ], [ -105.933451348335268, 39.557929674085784 ], [ -105.933522211269633, 39.558036591550305 ], [ -105.933546048698489, 39.558139144673305 ], [ -105.933672105142463, 39.558250360719676 ], [ -105.933849568307423, 39.558388035218769 ], [ -105.933982069209577, 39.558522909426777 ], [ -105.934188798088996, 39.558710930144819 ], [ -105.934314983842668, 39.558831628551602 ], [ -105.934478177978377, 39.558970997469203 ], [ -105.934655220273868, 39.559077060374847 ], [ -105.934773112741937, 39.559188340854938 ], [ -105.934858877480423, 39.559258675559107 ], [ -105.934982414232095, 39.559356588534861 ] ] ] } },
{ "type": "Feature", "properties": { "fid": 66, "feature-id": null, "trail_name": "Foxtrot", "feature_type": "Trail", "mountain_area": "North Peak", "difficulty": "Blue", "acres_25_26": 2.4, "active": true, "notes": null, "gis_acres": 2.4, "trail_id": "T066", "display_from_year": 2006, "display_to_year": 9999 }, "geometry": { "type": "Polygon", "coordinates": [ [ [ -105.932028034308843, 39.559032960014328 ], [ -105.931487312787795, 39.5587365779026 ], [ -105.931350971816357, 39.558652937597557 ], [ -105.930962648756307, 39.558505274039696 ], [ -105.930749247465869, 39.558437203194757 ], [ -105.930479909879239, 39.558399485606806 ], [ -105.930209595445007, 39.55840912603059 ], [ -105.929955659893977, 39.558439818023039 ], [ -105.929813864474312, 39.558429737925245 ], [ -105.929585978023127, 39.558361780830374 ], [ -105.929304742188933, 39.558276804864832 ], [ -105.929034923870674, 39.558202951610809 ], [ -105.928739418931059, 39.558134287304043 ], [ -105.928429029450001, 39.558035835370241 ], [ -105.928131036030621, 39.55790114744601 ], [ -105.927854947224233, 39.557718933037144 ], [ -105.927682487776934, 39.557581995547721 ], [ -105.927565120124356, 39.557472031737738 ], [ -105.92745819029841, 39.557420550011528 ], [ -105.927141715784558, 39.557348310736252 ], [ -105.926933200168719, 39.557283932088716 ], [ -105.926723125092508, 39.557223303724193 ], [ -105.92652149614679, 39.557192513433975 ], [ -105.926334933708787, 39.557205215315257 ], [ -105.926158227550687, 39.557232791245987 ], [ -105.926019554807354, 39.557215205170486 ], [ -105.925923943271428, 39.557167370062331 ], [ -105.925911698764523, 39.557093949208721 ], [ -105.92594631431588, 39.55703386182752 ], [ -105.926024620371706, 39.556990871357449 ], [ -105.926149918915584, 39.556971181770123 ], [ -105.926423083009198, 39.556934114447508 ], [ -105.926740767740526, 39.556855571004604 ], [ -105.927366212103848, 39.556678623522082 ], [ -105.927850675446408, 39.556552641324906 ], [ -105.928289589032246, 39.556511754034538 ], [ -105.928636673785405, 39.556465368519206 ], [ -105.928954254049444, 39.556379343422165 ], [ -105.929157720942385, 39.556306690607848 ], [ -105.929548009037191, 39.556120396588547 ], [ -105.929901375152639, 39.555941873144391 ], [ -105.930131486536865, 39.555815424217599 ], [ -105.930429231315586, 39.555690925531898 ], [ -105.930629425582154, 39.555614558121796 ], [ -105.930742853974124, 39.555550099953237 ], [ -105.930868794855186, 39.555447486534945 ], [ -105.931046094482838, 39.555487710465343 ], [ -105.930777553621411, 39.555617110084221 ], [ -105.930416077107282, 39.555790716820582 ], [ -105.930021297352297, 39.556001971188678 ], [ -105.929712682824359, 39.55615646157937 ], [ -105.92936386114657, 39.556313764838784 ], [ -105.928979361512916, 39.556451415057623 ], [ -105.928761274973567, 39.556514215799396 ], [ -105.928374100378335, 39.556572136618115 ], [ -105.927916070869713, 39.556628129755978 ], [ -105.927596546637815, 39.556689246043007 ], [ -105.927338451041649, 39.556769808497393 ], [ -105.92692309747585, 39.556887760923964 ], [ -105.926599040819056, 39.556971339967774 ], [ -105.926348692545531, 39.557029409112715 ], [ -105.92620565543865, 39.557046748137687 ], [ -105.926148008849154, 39.557069636895577 ], [ -105.926127548280064, 39.557104690040745 ], [ -105.926123034374356, 39.557128401431726 ], [ -105.926156984723434, 39.557139345548343 ], [ -105.926209968343031, 39.557128954695969 ], [ -105.926301598467461, 39.557119501866737 ], [ -105.926451090596245, 39.557103357339884 ], [ -105.926589597427991, 39.557108483477116 ], [ -105.926789732652253, 39.557148008085086 ], [ -105.927153315126034, 39.557252270454036 ], [ -105.927507174771776, 39.557351624978764 ], [ -105.927620609264011, 39.557408039039423 ], [ -105.927801531121872, 39.557576060930252 ], [ -105.928020851665309, 39.557726330867276 ], [ -105.928233352765474, 39.557847995139959 ], [ -105.928440760007888, 39.557949762523613 ], [ -105.928681703619233, 39.558031324356435 ], [ -105.929006147667494, 39.558097265332343 ], [ -105.929427800490657, 39.558209778833898 ], [ -105.929738341833612, 39.558319441541464 ], [ -105.929864357066691, 39.558353323405044 ], [ -105.930025484276143, 39.558364494811897 ], [ -105.930224842666973, 39.558345454204243 ], [ -105.93037579619623, 39.558318078259418 ], [ -105.930590240240974, 39.558343774923415 ], [ -105.930864556394539, 39.558392667046036 ], [ -105.93108111023669, 39.558455728125978 ], [ -105.931344893122073, 39.558559530758963 ], [ -105.931640126299115, 39.558727876517395 ], [ -105.931811745965263, 39.558801265027064 ], [ -105.931991915505975, 39.558896782448173 ], [ -105.932028034308843, 39.559032960014328 ] ] ] } },
{ "type": "Feature", "properties": { "fid": 67, "feature-id": null, "trail_name": "Starfire", "feature_type": "Trail", "mountain_area": "North Peak", "difficulty": "Black", "acres_25_26": 18.6, "active": true, "notes": null, "gis_acres": 17.85, "trail_id": "T067", "display_from_year": 2006, "display_to_year": 9999 }, "geometry": { "type": "Polygon", "coordinates": [ [ [ -105.936325817627306, 39.560014795016627 ], [ -105.93612027058235, 39.559932964001668 ], [ -105.935830804372571, 39.559781308784331 ], [ -105.935881341714605, 39.560090090795221 ], [ -105.936018089239241, 39.560115713769463 ], [ -105.93606750087325, 39.560198802699354 ], [ -105.936269275188693, 39.560359166817747 ], [ -105.936529182361042, 39.560532768920467 ], [ -105.937014773028736, 39.560813785591911 ], [ -105.937460704121747, 39.561036323020829 ], [ -105.937735056086623, 39.561114350579288 ], [ -105.93781917891171, 39.561180446550679 ], [ -105.937882496090282, 39.561229707750485 ], [ -105.938033275243669, 39.561284644026507 ], [ -105.938098155305639, 39.561327511443338 ], [ -105.938125358255505, 39.561388549914739 ], [ -105.938233428941871, 39.561455316572285 ], [ -105.938369165007828, 39.561495059340729 ], [ -105.938412407175448, 39.561522786779719 ], [ -105.938444900299999, 39.56160930664683 ], [ -105.938470403455383, 39.561666530130523 ], [ -105.938740758493466, 39.56166307034912 ], [ -105.939099853309571, 39.561882229539627 ], [ -105.939274317985721, 39.561981640117729 ], [ -105.939363089314384, 39.562084295559345 ], [ -105.939517517564468, 39.562287240684221 ], [ -105.939713794926774, 39.562414550847002 ], [ -105.939832105011448, 39.562506757381691 ], [ -105.939956222705817, 39.56266272728363 ], [ -105.940092530690293, 39.56274457829749 ], [ -105.940222296141073, 39.562830310710325 ], [ -105.940330767470385, 39.562926424954782 ], [ -105.940424608158821, 39.563037972003315 ], [ -105.940515255290293, 39.563157202073775 ], [ -105.940661405060112, 39.563235144127937 ], [ -105.940809686637493, 39.563348802591541 ], [ -105.940932859488527, 39.563434587566242 ], [ -105.941021704125163, 39.563542345941663 ], [ -105.941113294359553, 39.56360924332364 ], [ -105.94146468608578, 39.563666314939603 ], [ -105.941517914603253, 39.563727732005553 ], [ -105.941691618029623, 39.563786145044318 ], [ -105.94188498257779, 39.563845412376082 ], [ -105.942131041633942, 39.5639265581381 ], [ -105.942326985388164, 39.563982762100323 ], [ -105.942572674831524, 39.564036534443076 ], [ -105.942983922785672, 39.564127491404236 ], [ -105.943303031473036, 39.564185735945891 ], [ -105.943627517350038, 39.564254075009607 ], [ -105.943720679122578, 39.564265485371443 ], [ -105.943869929319931, 39.564259203705909 ], [ -105.94412603065409, 39.564307818654008 ], [ -105.944402993132343, 39.564349166160568 ], [ -105.944674565335589, 39.564379403853792 ], [ -105.944997578434851, 39.564435584177019 ], [ -105.94518143466928, 39.564469575661185 ], [ -105.945418814678504, 39.564489950643235 ], [ -105.945667969417073, 39.564509215415782 ], [ -105.946180066402889, 39.564598326408948 ], [ -105.946492603081609, 39.564654587863956 ], [ -105.946759213744016, 39.564705139208129 ], [ -105.947019978688061, 39.564711125707269 ], [ -105.947388700943108, 39.564756787800142 ], [ -105.947510528276879, 39.564756808452216 ], [ -105.947682722304265, 39.564800016210235 ], [ -105.948017279544715, 39.564837843665458 ], [ -105.948374311313557, 39.564890695335208 ], [ -105.948594886857933, 39.564927423452524 ], [ -105.948996992569221, 39.565019447597706 ], [ -105.949229371102433, 39.565057092025413 ], [ -105.949439178612749, 39.565072614466402 ], [ -105.949647662551385, 39.565087133438304 ], [ -105.949823285675791, 39.565166326211596 ], [ -105.950094772959105, 39.565148642595176 ], [ -105.950577602543163, 39.565098301136246 ], [ -105.950772793618995, 39.565053404231413 ], [ -105.950943461956157, 39.564968500440166 ], [ -105.951082081008209, 39.564877672973807 ], [ -105.951208586312973, 39.564777665905282 ], [ -105.951127771827643, 39.56469177228329 ], [ -105.95111707165556, 39.564675637365063 ], [ -105.951012155570055, 39.564571049789734 ], [ -105.950910731824322, 39.564530309614838 ], [ -105.950662877110531, 39.564606352616465 ], [ -105.950596316938402, 39.564720454566057 ], [ -105.950590210806567, 39.56475294950414 ], [ -105.950412941978172, 39.564721954437026 ], [ -105.950177875149166, 39.564679264823567 ], [ -105.950030884721201, 39.564659174563936 ], [ -105.949847067266134, 39.564628232167045 ], [ -105.949696023106739, 39.564599049462245 ], [ -105.949477214165043, 39.564595767896513 ], [ -105.949278384293862, 39.564616656462015 ], [ -105.949112230692435, 39.56463220828622 ], [ -105.948892236195334, 39.564638060456211 ], [ -105.948668104968334, 39.564628737389008 ], [ -105.948430240267541, 39.564572886294833 ], [ -105.948207073910126, 39.564538206809985 ], [ -105.94796051050146, 39.564516898535224 ], [ -105.947805537872981, 39.564487745413977 ], [ -105.947529082504104, 39.564387595337543 ], [ -105.947286049211286, 39.564336853565464 ], [ -105.94705758971557, 39.56429815938845 ], [ -105.946793475955417, 39.564238463221372 ], [ -105.946494701060701, 39.564134436886405 ], [ -105.946251504012935, 39.564071527400117 ], [ -105.945962794669455, 39.564033321638718 ], [ -105.945645379988363, 39.564003459999348 ], [ -105.945315957029038, 39.563957472672577 ], [ -105.94502506937863, 39.563951727300122 ], [ -105.944699851598628, 39.5639259821547 ], [ -105.944413900776397, 39.563897889177326 ], [ -105.944213692645221, 39.563913710744622 ], [ -105.943966056380646, 39.563909639103947 ], [ -105.943830871234468, 39.563890458996852 ], [ -105.943547421335893, 39.563756897298703 ], [ -105.943375465881616, 39.563730917858386 ], [ -105.943173330102724, 39.563701127487491 ], [ -105.942984127752638, 39.563659064938378 ], [ -105.942701311852346, 39.563572135718822 ], [ -105.942410706457196, 39.563490338509254 ], [ -105.942204120989345, 39.563422054079915 ], [ -105.941895207037035, 39.563342431827216 ], [ -105.941747755362798, 39.56328786197529 ], [ -105.941575020166042, 39.563204093498783 ], [ -105.941365391811317, 39.563104401114501 ], [ -105.94114940695502, 39.563018954521787 ], [ -105.941076787060666, 39.562879623488385 ], [ -105.941013651131811, 39.562763535466004 ], [ -105.94092565688976, 39.562649676492946 ], [ -105.940828960242882, 39.562570360736579 ], [ -105.940692901841018, 39.562486293991441 ], [ -105.940575331360137, 39.562413230426529 ], [ -105.940384002641167, 39.562310346410371 ], [ -105.940231995198573, 39.562209171758738 ], [ -105.940102035364532, 39.562091596039458 ], [ -105.939940308801539, 39.561852608269746 ], [ -105.939646019566865, 39.561497078968436 ], [ -105.939434066824418, 39.561418693884434 ], [ -105.93925876053116, 39.561337984415324 ], [ -105.939063821909784, 39.561258447228965 ], [ -105.938869006763937, 39.561188033879915 ], [ -105.938432497687117, 39.560970527807562 ], [ -105.938106788995285, 39.560809918427303 ], [ -105.937440437146151, 39.560546610089425 ], [ -105.937284999865724, 39.560481959854712 ], [ -105.937046257590339, 39.560359174513934 ], [ -105.936915624354555, 39.560288240332994 ], [ -105.936742656839769, 39.560186216117856 ], [ -105.936504461946015, 39.56010398153829 ], [ -105.936405672476326, 39.560063207384836 ], [ -105.936325817627306, 39.560014795016627 ] ] ] } },
{ "type": "Feature", "properties": { "fid": 68, "feature-id": null, "trail_name": "Ambush", "feature_type": "Trail", "mountain_area": "North Peak", "difficulty": "Black", "acres_25_26": 11.3, "active": true, "notes": null, "gis_acres": 10.3, "trail_id": "T068", "display_from_year": 2006, "display_to_year": 9999 }, "geometry": { "type": "Polygon", "coordinates": [ [ [ -105.935881341714605, 39.560090090795221 ], [ -105.935757384302207, 39.560262638988206 ], [ -105.935684238628255, 39.560380919225395 ], [ -105.935859855339999, 39.560531800490999 ], [ -105.935958373716986, 39.560677813749777 ], [ -105.93608433342979, 39.560812929036693 ], [ -105.936282738818491, 39.560950129747006 ], [ -105.936440342500816, 39.561130366290008 ], [ -105.936545902713064, 39.56128699913161 ], [ -105.936597227491944, 39.561513468491583 ], [ -105.936703291345481, 39.561707466079284 ], [ -105.936830080360622, 39.561903965700772 ], [ -105.936848972881108, 39.562026597123619 ], [ -105.936865853892897, 39.562256013208881 ], [ -105.936899401073745, 39.562442587541412 ], [ -105.936991028112416, 39.562588655417265 ], [ -105.937085780385686, 39.562710675115717 ], [ -105.937177120765995, 39.562835391459188 ], [ -105.937289617538426, 39.562994636835192 ], [ -105.937395901258, 39.56320464721783 ], [ -105.937447002612515, 39.56333781289112 ], [ -105.937527213379482, 39.563540258721048 ], [ -105.937690000159947, 39.563728407822303 ], [ -105.937818909677304, 39.563885480173646 ], [ -105.937898459403741, 39.563908009848831 ], [ -105.938021885212621, 39.564050132790804 ], [ -105.938158939124321, 39.56415806959297 ], [ -105.938263455811978, 39.564334420903876 ], [ -105.938344751316492, 39.564486424909852 ], [ -105.938466657061682, 39.564646279142487 ], [ -105.93862467775017, 39.564741778702064 ], [ -105.938832572690615, 39.564879129344689 ], [ -105.938952223072462, 39.565002199214256 ], [ -105.939036417566413, 39.565107835957356 ], [ -105.939138073915515, 39.565202427208021 ], [ -105.939241013327901, 39.565261568981462 ], [ -105.939393698682949, 39.565353021480668 ], [ -105.939524541505946, 39.565522343593294 ], [ -105.939603583635275, 39.565637562838852 ], [ -105.939761902503676, 39.565754867033 ], [ -105.940033709882982, 39.565929863702429 ], [ -105.940203988217846, 39.56601980976356 ], [ -105.940269656519675, 39.566057443531044 ], [ -105.940500199214554, 39.566306377058311 ], [ -105.940705980441265, 39.566547332326699 ], [ -105.9408647084893, 39.566694618522511 ], [ -105.941020202407898, 39.566732887597816 ], [ -105.941120416163372, 39.566850660406224 ], [ -105.941249947402198, 39.567052704052628 ], [ -105.941304636189912, 39.567189927962431 ], [ -105.941343145165376, 39.567302748217053 ], [ -105.941411700549665, 39.567423503280459 ], [ -105.941487097113537, 39.567529209452289 ], [ -105.941592872142039, 39.567667382348688 ], [ -105.941621636962182, 39.567710766498649 ], [ -105.941618618104826, 39.56776548395532 ], [ -105.942231573092599, 39.567875620625664 ], [ -105.942085978968933, 39.567796963551309 ], [ -105.941980368755779, 39.567671057120144 ], [ -105.9418638429986, 39.567519341331618 ], [ -105.941780904335658, 39.56737689449362 ], [ -105.941694812923771, 39.567261733908822 ], [ -105.941620882290621, 39.567134207373535 ], [ -105.941602222322871, 39.567056665379624 ], [ -105.941602858687489, 39.566973514875571 ], [ -105.941405961297107, 39.566608452750643 ], [ -105.941316431706639, 39.566629623578663 ], [ -105.941238454417103, 39.566593453147881 ], [ -105.941139014726446, 39.566532921789452 ], [ -105.941051901503002, 39.566472290525638 ], [ -105.940963793626779, 39.566338063160437 ], [ -105.940879299981958, 39.566210621655202 ], [ -105.940784793870719, 39.566124152305413 ], [ -105.940700834908682, 39.566036234459666 ], [ -105.940620692576999, 39.565970094279258 ], [ -105.940513621551773, 39.565866006901032 ], [ -105.94042610465938, 39.56577539156816 ], [ -105.940308671449642, 39.56568638127937 ], [ -105.940230879811438, 39.565663839047389 ], [ -105.940125662745558, 39.565566551496737 ], [ -105.940022170042468, 39.565466523821662 ], [ -105.939895804704122, 39.565368044086355 ], [ -105.939740677087528, 39.565226179555495 ], [ -105.939637185446585, 39.565126151519166 ], [ -105.939512306240644, 39.565007213753681 ], [ -105.9393772668884, 39.564918344840954 ], [ -105.939219465427755, 39.564839201011416 ], [ -105.939118269137339, 39.564778682086448 ], [ -105.938996858002966, 39.564655626610168 ], [ -105.938824162060797, 39.564516628858421 ], [ -105.938701248332535, 39.564412667753331 ], [ -105.938619054925411, 39.564324734098534 ], [ -105.938570078900298, 39.564218812595996 ], [ -105.93852941115621, 39.564076021908299 ], [ -105.938496613688457, 39.563994504417046 ], [ -105.938624713852533, 39.563960756880611 ], [ -105.938774035811647, 39.563933652967137 ], [ -105.938298983069686, 39.563311854457417 ], [ -105.938246470688114, 39.56333545011033 ], [ -105.938186455834, 39.563325030318914 ], [ -105.938164444436993, 39.563259782117846 ], [ -105.938156427798731, 39.563187605736204 ], [ -105.938164295251767, 39.563118027201796 ], [ -105.938119191350538, 39.563037971975866 ], [ -105.93802625183217, 39.562936494223742 ], [ -105.937937256501016, 39.562866334474471 ], [ -105.937848077759654, 39.562782545738351 ], [ -105.937775242135046, 39.562735427124096 ], [ -105.937677920535123, 39.562700773395207 ], [ -105.937614274572709, 39.562682204364535 ], [ -105.937541218975554, 39.562618730899018 ], [ -105.93744470420755, 39.562513192393233 ], [ -105.937369264265698, 39.562403394695387 ], [ -105.93735204090811, 39.562301305628772 ], [ -105.937355359955191, 39.562155433588273 ], [ -105.937373058887061, 39.562031254194693 ], [ -105.937367995989391, 39.56191679967602 ], [ -105.937309797708551, 39.561779602052404 ], [ -105.937229076456362, 39.561669846842612 ], [ -105.9371605891765, 39.561553177716348 ], [ -105.937137221860866, 39.561387075262743 ], [ -105.937118770096646, 39.561193672358165 ], [ -105.937106444525568, 39.561062919892883 ], [ -105.937060994705732, 39.56095696924428 ], [ -105.937013930998916, 39.560861935910069 ], [ -105.937014773028736, 39.560813785591911 ], [ -105.936529182361042, 39.560532768920467 ], [ -105.936269275188693, 39.560359166817747 ], [ -105.93606750087325, 39.560198802699354 ], [ -105.936018089239241, 39.560115713769463 ], [ -105.935881341714605, 39.560090090795221 ] ] ] } },
{ "type": "Feature", "properties": { "fid": 69, "feature-id": null, "trail_name": "Black Hawk", "feature_type": "Trail", "mountain_area": "North Peak", "difficulty": "Black", "acres_25_26": 8.7, "active": true, "notes": null, "gis_acres": 5.67, "trail_id": "T069", "display_from_year": 2006, "display_to_year": 9999 }, "geometry": { "type": "Polygon", "coordinates": [ [ [ -105.940102035364532, 39.562091596039458 ], [ -105.940142467061975, 39.562049972478135 ], [ -105.940303338493948, 39.56207924624384 ], [ -105.940516437722053, 39.562136761468302 ], [ -105.940813443797026, 39.562191686087402 ], [ -105.941021580749521, 39.562247329597298 ], [ -105.941294392487663, 39.562338757077896 ], [ -105.94163637757012, 39.562433445349996 ], [ -105.941864419829997, 39.562500391793421 ], [ -105.942074561737996, 39.562521619933491 ], [ -105.942256850856381, 39.562491477695076 ], [ -105.942618571955833, 39.562402551183396 ], [ -105.942982734832, 39.562311692777378 ], [ -105.943282299018833, 39.562190782285278 ], [ -105.943493018758971, 39.562072503320628 ], [ -105.94384333342586, 39.561870919151943 ], [ -105.944056701173466, 39.561765994358005 ], [ -105.944408464050326, 39.561671410311519 ], [ -105.944846651935165, 39.561578033522053 ], [ -105.945166736361998, 39.56151428004879 ], [ -105.945406139579518, 39.561326969881513 ], [ -105.945582967912287, 39.561258647721694 ], [ -105.945836502904911, 39.561203077710061 ], [ -105.945373255660954, 39.560723374970337 ], [ -105.94536044203582, 39.560870622904474 ], [ -105.945223552230303, 39.560971106160217 ], [ -105.945008109148972, 39.561104714326895 ], [ -105.944880496211667, 39.561161169728685 ], [ -105.944740929164027, 39.561246386527223 ], [ -105.944644888588854, 39.561264365859309 ], [ -105.944494435903181, 39.561275143522678 ], [ -105.944290141239634, 39.561320755728616 ], [ -105.944189629717968, 39.561373168240976 ], [ -105.944000508656416, 39.561445410055057 ], [ -105.943789092351281, 39.561512099758993 ], [ -105.943671662724029, 39.561591402618205 ], [ -105.943563563347766, 39.561630499505917 ], [ -105.943344455538607, 39.561676230324814 ], [ -105.943236381727573, 39.561717237658272 ], [ -105.942997447134886, 39.561757395876072 ], [ -105.94282459473564, 39.56175497644179 ], [ -105.942607307890214, 39.561752917172299 ], [ -105.942356225056869, 39.561990001187112 ], [ -105.94212970950926, 39.562035789788744 ], [ -105.941947292267315, 39.562056378078836 ], [ -105.941757443287827, 39.562075115351561 ], [ -105.941453806357899, 39.562077575577256 ], [ -105.941147158392397, 39.562039929294542 ], [ -105.94095565651169, 39.561936377383915 ], [ -105.940725303264614, 39.561880913590919 ], [ -105.940474969406552, 39.561808412424028 ], [ -105.940209747161276, 39.56173029829818 ], [ -105.940114599449771, 39.561631698267433 ], [ -105.940024982501896, 39.561577005439339 ], [ -105.939916184578337, 39.561564508741242 ], [ -105.939646019566865, 39.561497078968436 ], [ -105.939940308801539, 39.561852608269746 ], [ -105.940102035364532, 39.562091596039458 ] ] ] } },
{ "type": "Feature", "properties": { "fid": 70, "feature-id": null, "trail_name": "Bullet", "feature_type": "Trail", "mountain_area": "North Peak", "difficulty": "Black", "acres_25_26": 7.5, "active": true, "notes": null, "gis_acres": 5.3, "trail_id": "T070", "display_from_year": 2006, "display_to_year": 9999 }, "geometry": { "type": "Polygon", "coordinates": [ [ [ -105.941517914603253, 39.563727732005553 ], [ -105.94146468608578, 39.563666314939603 ], [ -105.941113294359553, 39.56360924332364 ], [ -105.94115129739609, 39.563829467933424 ], [ -105.941258530384374, 39.564072559225664 ], [ -105.941375436440026, 39.564287023564049 ], [ -105.941531628914234, 39.564431095932036 ], [ -105.941701689477014, 39.564608794820593 ], [ -105.941857426941937, 39.564719131310262 ], [ -105.942016587917806, 39.564834630468454 ], [ -105.942259920518339, 39.564975400108622 ], [ -105.942620637306518, 39.565117812454822 ], [ -105.942809799996425, 39.565220090568985 ], [ -105.942961941710081, 39.565312287514793 ], [ -105.943238806048043, 39.565452782985794 ], [ -105.943481510192825, 39.565546839450057 ], [ -105.943691003325938, 39.565664522945994 ], [ -105.943795679792785, 39.565718174488161 ], [ -105.944005244347082, 39.565841047461447 ], [ -105.944177963580358, 39.565966814736335 ], [ -105.944376942949802, 39.566050843298179 ], [ -105.944515113788142, 39.566101626669003 ], [ -105.944657201110232, 39.566193903084709 ], [ -105.94486648682205, 39.566296014227099 ], [ -105.945105702273565, 39.566379714370093 ], [ -105.945247297620639, 39.566435659642188 ], [ -105.945395845622187, 39.566509715384555 ], [ -105.945447513157148, 39.566610512330122 ], [ -105.945448323786167, 39.566670197983434 ], [ -105.945457027124576, 39.566739085065187 ], [ -105.945655003598901, 39.566604481020548 ], [ -105.946508012386715, 39.566445986093328 ], [ -105.946262650499364, 39.566385871181275 ], [ -105.945986763855231, 39.566318043843296 ], [ -105.945663373749753, 39.566209077379874 ], [ -105.945339350322215, 39.566053399485021 ], [ -105.945062444201966, 39.565910314083453 ], [ -105.94472455434969, 39.565721008119795 ], [ -105.944474755036481, 39.565598463456169 ], [ -105.944204804492841, 39.565473486665802 ], [ -105.943961677405554, 39.565348291358632 ], [ -105.943654671990373, 39.56521063768713 ], [ -105.943391570663138, 39.565095984634112 ], [ -105.943155292554295, 39.564981113285171 ], [ -105.942912133900151, 39.564853320697473 ], [ -105.942702820224653, 39.564748610892813 ], [ -105.942510341336728, 39.564648954803225 ], [ -105.942257548169337, 39.564552382767474 ], [ -105.942064965104635, 39.564444940827187 ], [ -105.941936471390306, 39.564365527588514 ], [ -105.941797042037351, 39.564221319913891 ], [ -105.941681398445084, 39.564100277177104 ], [ -105.941571478040061, 39.563906519077626 ], [ -105.941517914603253, 39.563727732005553 ] ] ] } },
{ "type": "Feature", "properties": { "fid": 71, "feature-id": null, "trail_name": "Bullet Glades", "feature_type": "Trail", "mountain_area": "North Peak", "difficulty": "Black", "acres_25_26": 11.5, "active": true, "notes": null, "gis_acres": 10.65, "trail_id": "T071", "display_from_year": 2006, "display_to_year": 9999 }, "geometry": { "type": "Polygon", "coordinates": [ [ [ -105.941857426941937, 39.564719131310262 ], [ -105.941848453057347, 39.564932548939254 ], [ -105.941859102489701, 39.56520299260918 ], [ -105.942103637132476, 39.565709606755064 ], [ -105.94236025104027, 39.566075446815461 ], [ -105.942588468529166, 39.56640905302018 ], [ -105.942929040150688, 39.566779621328486 ], [ -105.943114223444113, 39.567032416659664 ], [ -105.943333404954586, 39.56721459793458 ], [ -105.943558844294756, 39.567342622004674 ], [ -105.943868384597948, 39.567486194360136 ], [ -105.944170642626602, 39.567608182664024 ], [ -105.94442792175785, 39.567761912611232 ], [ -105.94459638044134, 39.567513114305775 ], [ -105.944768623761959, 39.56724882066159 ], [ -105.944929550433088, 39.567034104600204 ], [ -105.945127738711562, 39.56691496405152 ], [ -105.945457027124576, 39.566739085065187 ], [ -105.945448323786167, 39.566670197983434 ], [ -105.945447513157148, 39.566610512330122 ], [ -105.945395845622187, 39.566509715384555 ], [ -105.945247297620639, 39.566435659642188 ], [ -105.945105702273565, 39.566379714370093 ], [ -105.94486648682205, 39.566296014227099 ], [ -105.944657201110232, 39.566193903084709 ], [ -105.944515113788142, 39.566101626669003 ], [ -105.944376942949802, 39.566050843298179 ], [ -105.944177963580358, 39.565966814736335 ], [ -105.944005244347082, 39.565841047461447 ], [ -105.943795679792785, 39.565718174488161 ], [ -105.943691003325938, 39.565664522945994 ], [ -105.943481510192825, 39.565546839450057 ], [ -105.943238806048043, 39.565452782985794 ], [ -105.942961941710081, 39.565312287514793 ], [ -105.942809799996425, 39.565220090568985 ], [ -105.942620637306518, 39.565117812454822 ], [ -105.942259920518339, 39.564975400108622 ], [ -105.942016587917806, 39.564834630468454 ], [ -105.941857426941937, 39.564719131310262 ] ] ] } },
{ "type": "Feature", "properties": { "fid": 72, "feature-id": null, "trail_name": "Cat Dancer", "feature_type": "Trail", "mountain_area": "North Peak", "difficulty": "Black", "acres_25_26": 12.8, "active": true, "notes": null, "gis_acres": 10.79, "trail_id": "T072", "display_from_year": 2006, "display_to_year": 9999 }, "geometry": { "type": "Polygon", "coordinates": [ [ [ -105.935869510197804, 39.559334544301379 ], [ -105.935693039920366, 39.559366393904092 ], [ -105.935652756760177, 39.559294027644896 ], [ -105.935588407676832, 39.559218474159977 ], [ -105.935544188836616, 39.559178258644863 ], [ -105.935493118924455, 39.559146163482332 ], [ -105.935633046781874, 39.559005745886012 ], [ -105.935684356890732, 39.559045272821862 ], [ -105.93572434464285, 39.559095665225925 ], [ -105.935753118716832, 39.559124171682591 ], [ -105.935789559895454, 39.559073163884612 ], [ -105.935814605551471, 39.558986747780118 ], [ -105.935828823619147, 39.558907180776288 ], [ -105.935825390503993, 39.558814232077047 ], [ -105.935816315046495, 39.558788947972523 ], [ -105.935902480701671, 39.558700349180398 ], [ -105.936059114367652, 39.55865513520834 ], [ -105.936259103043383, 39.558585905045128 ], [ -105.936421946247165, 39.558515283373183 ], [ -105.936563157082901, 39.558460050120644 ], [ -105.936728160602243, 39.558387720131407 ], [ -105.93694377460551, 39.558343720031097 ], [ -105.937200718612687, 39.558287552883293 ], [ -105.937424861824127, 39.558228268797201 ], [ -105.937642385398931, 39.558163966251257 ], [ -105.937794808731127, 39.558130617267018 ], [ -105.93800839696128, 39.558098464894812 ], [ -105.938254762536985, 39.558067737987194 ], [ -105.938527946804385, 39.558082436910311 ], [ -105.93882387926422, 39.558164570581624 ], [ -105.938986107891822, 39.558210593333811 ], [ -105.939178588758253, 39.558232704676747 ], [ -105.939407644624552, 39.558213948563264 ], [ -105.939695659038392, 39.558194715281878 ], [ -105.939985674393711, 39.55816194127226 ], [ -105.940228265338135, 39.558175193161937 ], [ -105.940442560175541, 39.558195435443992 ], [ -105.940639226057854, 39.558203986669213 ], [ -105.940909702280493, 39.558179820896399 ], [ -105.94125338124843, 39.558239585562056 ], [ -105.941587937600758, 39.558270684984898 ], [ -105.941963960845285, 39.5582997568659 ], [ -105.94243017775851, 39.558377120022584 ], [ -105.942760573876669, 39.558423464107008 ], [ -105.943115196733103, 39.558484824950455 ], [ -105.94342628433246, 39.55855668100638 ], [ -105.943818718053876, 39.558668447090824 ], [ -105.944043697885789, 39.558832286594559 ], [ -105.944282010061457, 39.559012922106049 ], [ -105.944478397876026, 39.559161778765315 ], [ -105.944600128436832, 39.559280813329835 ], [ -105.94481398721021, 39.559429527401704 ], [ -105.944977805432273, 39.559592171807466 ], [ -105.945192147814723, 39.559776381271689 ], [ -105.945331442107317, 39.559902034108241 ], [ -105.945510319095277, 39.56004765046751 ], [ -105.945570128560618, 39.56010971151774 ], [ -105.945254825101941, 39.560049728891329 ], [ -105.944984577125723, 39.559930212322598 ], [ -105.944663944389305, 39.55979927134873 ], [ -105.944423100915273, 39.559593300059696 ], [ -105.944130079513229, 39.559404656950427 ], [ -105.94395998761982, 39.559262348031538 ], [ -105.943825041524391, 39.559134967731062 ], [ -105.943615438567704, 39.558977764873092 ], [ -105.943369675935671, 39.55889185525082 ], [ -105.942934666913118, 39.5588615760715 ], [ -105.942654401538348, 39.558808063961891 ], [ -105.942279758396836, 39.55871981639428 ], [ -105.941873001357735, 39.558679161287678 ], [ -105.941476053573723, 39.558717877779159 ], [ -105.941237256684857, 39.558662335811761 ], [ -105.940801793115043, 39.558598242745987 ], [ -105.94045422481264, 39.558574008279429 ], [ -105.940109547840407, 39.558602154222008 ], [ -105.939591995828408, 39.558604649308634 ], [ -105.939225185226093, 39.558610995354201 ], [ -105.938956343310892, 39.558594572517315 ], [ -105.938750440473228, 39.55854890252801 ], [ -105.938407399797427, 39.558536458713405 ], [ -105.93818462027636, 39.55853487644449 ], [ -105.937957473423978, 39.558533328996901 ], [ -105.937825535903528, 39.5586194874261 ], [ -105.93781765613582, 39.558768855009099 ], [ -105.937812816056066, 39.558960309440053 ], [ -105.937883595975393, 39.559074587464977 ], [ -105.937926507002103, 39.559139322374584 ], [ -105.937645530496312, 39.559208585090609 ], [ -105.937530295248777, 39.559098493872227 ], [ -105.937370604848013, 39.55899258942339 ], [ -105.937236491168576, 39.558949645558748 ], [ -105.936946680404787, 39.558913699374223 ], [ -105.936765407297486, 39.558857736088648 ], [ -105.936651538522938, 39.558849083125139 ], [ -105.936411952785022, 39.558870155409778 ], [ -105.9363503434232, 39.558885965051417 ], [ -105.936358790755605, 39.55896246314434 ], [ -105.936431551872872, 39.559040357177523 ], [ -105.936485021282934, 39.559154775545224 ], [ -105.936530738345667, 39.559244372360943 ], [ -105.93663116225936, 39.559356498100669 ], [ -105.936380163954851, 39.559448485991361 ], [ -105.93629272110627, 39.559382195141652 ], [ -105.936197937745447, 39.55932170582021 ], [ -105.936123450171479, 39.559299336010923 ], [ -105.935869510197804, 39.559334544301379 ] ] ] } },
{ "type": "Feature", "properties": { "fid": 73, "feature-id": null, "trail_name": "Cat South Glades", "feature_type": "Trail", "mountain_area": "North Peak", "difficulty": "Black", "acres_25_26": 64.1, "active": true, "notes": null, "gis_acres": 65.28, "trail_id": "T073", "display_from_year": 2006, "display_to_year": 9999 }, "geometry": { "type": "Polygon", "coordinates": [ [ [ -105.937200718612687, 39.558287552883293 ], [ -105.937545009260148, 39.558034537403486 ], [ -105.93789055021216, 39.557735794751785 ], [ -105.938389118733539, 39.557444271378181 ], [ -105.93919362896537, 39.557158729644939 ], [ -105.941105747565061, 39.556738484721343 ], [ -105.94260668193273, 39.556471554521686 ], [ -105.94483934596704, 39.555846838525056 ], [ -105.946134883022054, 39.555460215378844 ], [ -105.947383394686781, 39.555073961171757 ], [ -105.947898555226359, 39.554941230361138 ], [ -105.948072294038425, 39.555078812152864 ], [ -105.948191657285463, 39.555179109037944 ], [ -105.948238690328139, 39.555242267685166 ], [ -105.948260912655655, 39.555367185447061 ], [ -105.948247010231782, 39.555476512363967 ], [ -105.948298041373576, 39.555644880440255 ], [ -105.948388087186984, 39.555852644103624 ], [ -105.948520384972298, 39.555960777875036 ], [ -105.948686378725739, 39.556094450524377 ], [ -105.948807773504697, 39.556343657614867 ], [ -105.948890316352291, 39.556565382005431 ], [ -105.949014277656531, 39.556814567898954 ], [ -105.949068823744696, 39.557052406351396 ], [ -105.949122612489944, 39.557234651381684 ], [ -105.949129636752971, 39.557373592940642 ], [ -105.949099187764304, 39.557586311395426 ], [ -105.949135834050836, 39.557828267362225 ], [ -105.94907463209141, 39.558043222652749 ], [ -105.948988591555405, 39.558317951694683 ], [ -105.948982522512807, 39.55857452644775 ], [ -105.949032946234553, 39.559014323131237 ], [ -105.948956824234713, 39.559296953259768 ], [ -105.947746869252583, 39.559189896653635 ], [ -105.947054305786239, 39.559229933886435 ], [ -105.94632648174057, 39.559290888898467 ], [ -105.945554324524139, 39.559359078332321 ], [ -105.945137287677682, 39.559403740293938 ], [ -105.94481398721021, 39.559429527401704 ], [ -105.944600128436832, 39.559280813329835 ], [ -105.944478397876026, 39.559161778765315 ], [ -105.944282010061457, 39.559012922106049 ], [ -105.944043697885789, 39.558832286594559 ], [ -105.943818718053876, 39.558668447090824 ], [ -105.94342628433246, 39.55855668100638 ], [ -105.943115196733103, 39.558484824950455 ], [ -105.942760573876669, 39.558423464107008 ], [ -105.94243017775851, 39.558377120022584 ], [ -105.941963960845285, 39.5582997568659 ], [ -105.941587937600758, 39.558270684984898 ], [ -105.94125338124843, 39.558239585562056 ], [ -105.940909702280493, 39.558179820896399 ], [ -105.940639226057854, 39.558203986669213 ], [ -105.940442560175541, 39.558195435443992 ], [ -105.940228265338135, 39.558175193161937 ], [ -105.939985674393711, 39.55816194127226 ], [ -105.939695659038392, 39.558194715281878 ], [ -105.939407644624552, 39.558213948563264 ], [ -105.939178588758253, 39.558232704676747 ], [ -105.938986107891822, 39.558210593333811 ], [ -105.93882387926422, 39.558164570581624 ], [ -105.938527946804385, 39.558082436910311 ], [ -105.938254762536985, 39.558067737987194 ], [ -105.93800839696128, 39.558098464894812 ], [ -105.937794808731127, 39.558130617267018 ], [ -105.937642385398931, 39.558163966251257 ], [ -105.937424861824127, 39.558228268797201 ], [ -105.937200718612687, 39.558287552883293 ] ] ] } },
{ "type": "Feature", "properties": { "fid": 74, "feature-id": null, "trail_name": "Geronimo", "feature_type": "Trail", "mountain_area": "North Peak", "difficulty": "Black", "acres_25_26": 21.4, "active": true, "notes": null, "gis_acres": 18.15, "trail_id": "T074", "display_from_year": 2006, "display_to_year": 9999 }, "geometry": { "type": "Polygon", "coordinates": [ [ [ -105.935869510197804, 39.559334544301379 ], [ -105.935693039920366, 39.559366393904092 ], [ -105.935671974546779, 39.559508171952501 ], [ -105.935701130641789, 39.559549447800997 ], [ -105.935788610915139, 39.559709836910343 ], [ -105.935830804372571, 39.559781308784331 ], [ -105.93612027058235, 39.559932964001668 ], [ -105.936325817627306, 39.560014795016627 ], [ -105.93639410786048, 39.559999383361166 ], [ -105.936460488564109, 39.559991921245192 ], [ -105.93649387188411, 39.560002537881019 ], [ -105.936532940880539, 39.560055661674468 ], [ -105.936566869936172, 39.5601068476686 ], [ -105.936573594526664, 39.560127848991883 ], [ -105.936742656839769, 39.560186216117856 ], [ -105.936851064678649, 39.560250160125378 ], [ -105.936885217675055, 39.560202252476806 ], [ -105.936953769067458, 39.560166074054571 ], [ -105.937169716361268, 39.560157405573371 ], [ -105.937339004186256, 39.560196614046795 ], [ -105.937503045577898, 39.560225968553731 ], [ -105.937608549598096, 39.560275587209084 ], [ -105.937504298606854, 39.560413983250953 ], [ -105.937440437146151, 39.560546610089425 ], [ -105.937882114430138, 39.560721139128674 ], [ -105.937921269965415, 39.560617446012046 ], [ -105.937963067798549, 39.560493408143216 ], [ -105.937996290280964, 39.560397148390159 ], [ -105.938297537385608, 39.560172055576743 ], [ -105.938463707049749, 39.56007472220265 ], [ -105.93867412691533, 39.560035417832026 ], [ -105.93906749630446, 39.560005520535 ], [ -105.939831317340051, 39.559952834519393 ], [ -105.940285235382973, 39.559957079566949 ], [ -105.940515335832316, 39.5599818949458 ], [ -105.94086756409591, 39.559976079667244 ], [ -105.941281256648097, 39.559984586255055 ], [ -105.941584028421701, 39.560002882580662 ], [ -105.941987838032631, 39.560130032759346 ], [ -105.942362519422957, 39.560085496985636 ], [ -105.942715349862837, 39.560124133481892 ], [ -105.943066775672449, 39.560059035030349 ], [ -105.943576957082527, 39.560123069255788 ], [ -105.944068717673758, 39.560240605589968 ], [ -105.944426303383352, 39.560347373710492 ], [ -105.944833828368843, 39.560465591318504 ], [ -105.945057158909776, 39.560555664031334 ], [ -105.945211808802355, 39.560664079844855 ], [ -105.945373255660954, 39.560723374970337 ], [ -105.945836502904911, 39.561203077710061 ], [ -105.945979299965728, 39.561345517672372 ], [ -105.946160837150572, 39.561459641625795 ], [ -105.946249792125457, 39.561524128635384 ], [ -105.946367041426754, 39.561698058691164 ], [ -105.946556198067427, 39.561809155815652 ], [ -105.946745153799228, 39.561905433518717 ], [ -105.947106419888641, 39.562000306732813 ], [ -105.947292434937793, 39.562161818781256 ], [ -105.947566924094701, 39.562352250641993 ], [ -105.947852942509968, 39.562545551955346 ], [ -105.948096599730249, 39.562721413269337 ], [ -105.948301805147807, 39.562885731249509 ], [ -105.948521762879651, 39.563008430373557 ], [ -105.94873797299222, 39.563137087967633 ], [ -105.948974501342164, 39.56335153953146 ], [ -105.949149117586984, 39.563519069918442 ], [ -105.949296364507703, 39.563645325542581 ], [ -105.949459494655116, 39.563812949276176 ], [ -105.949638104158012, 39.563992302871092 ], [ -105.949777734963746, 39.564121584252312 ], [ -105.949943062098185, 39.56426014242755 ], [ -105.950058030154736, 39.564313781912851 ], [ -105.950302098267386, 39.564423128148562 ], [ -105.950477823325045, 39.564485003052027 ], [ -105.950608244410148, 39.564534149249589 ], [ -105.950662877110531, 39.564606352616465 ], [ -105.950910731824322, 39.564530309614838 ], [ -105.950803110163776, 39.564448502884652 ], [ -105.95067812110878, 39.564384030253606 ], [ -105.950496725670646, 39.564320018857487 ], [ -105.950350286674606, 39.564233889576421 ], [ -105.950143315347034, 39.564155896150609 ], [ -105.949895311184449, 39.563964712735071 ], [ -105.949770259855882, 39.563792172527656 ], [ -105.949626966510323, 39.563626330768294 ], [ -105.949518276600102, 39.563515877028642 ], [ -105.94936699982901, 39.563385030948702 ], [ -105.949057297942119, 39.563130480916151 ], [ -105.948839859469288, 39.562904711472477 ], [ -105.948463136570567, 39.562675501207977 ], [ -105.948184204484875, 39.562431270289238 ], [ -105.947973669359357, 39.562262329112819 ], [ -105.947738317264765, 39.562069887329699 ], [ -105.947490525304644, 39.56186332491734 ], [ -105.947187491582156, 39.561647731182532 ], [ -105.946971224267543, 39.561507278004271 ], [ -105.946626487273335, 39.561377352008485 ], [ -105.946434910303083, 39.561250918263909 ], [ -105.946334030817482, 39.561038416254711 ], [ -105.94622154864993, 39.560873413851773 ], [ -105.946084636523992, 39.560713350743569 ], [ -105.945874111695659, 39.560544405590569 ], [ -105.945713028133284, 39.560408241381495 ], [ -105.945588816076793, 39.560281257984357 ], [ -105.945543986632401, 39.560182411640959 ], [ -105.945570128560618, 39.56010971151774 ], [ -105.945254825101941, 39.560049728891329 ], [ -105.944984577125723, 39.559930212322598 ], [ -105.944663944389305, 39.55979927134873 ], [ -105.944505847725864, 39.559747946896053 ], [ -105.944326501834013, 39.559687397420085 ], [ -105.944115453204262, 39.559651908001811 ], [ -105.94385179278629, 39.5596186171366 ], [ -105.943505841855867, 39.559593080305433 ], [ -105.943004175765594, 39.559561719577907 ], [ -105.942722999468174, 39.559587031976264 ], [ -105.942329565459943, 39.559604395868249 ], [ -105.941913269956416, 39.55962371535157 ], [ -105.941723202696892, 39.559616397562493 ], [ -105.941472484177609, 39.559524532715706 ], [ -105.941158190628698, 39.559470386381697 ], [ -105.940752787649927, 39.559448866060059 ], [ -105.940480884591537, 39.559482956103999 ], [ -105.940062085405785, 39.559486344567993 ], [ -105.939735066051298, 39.559506705676178 ], [ -105.939403708434071, 39.559544817208455 ], [ -105.939056044083202, 39.55956180003259 ], [ -105.93857788589969, 39.559576292546694 ], [ -105.938300282187967, 39.559527157032619 ], [ -105.9381525040247, 39.559430910566903 ], [ -105.938036455268744, 39.559311376644487 ], [ -105.937961791026765, 39.559205681617279 ], [ -105.937926507002103, 39.559139322374584 ], [ -105.937645530496312, 39.559208585090609 ], [ -105.937784790078709, 39.559318722610961 ], [ -105.937768056531766, 39.559435785074221 ], [ -105.937625096299428, 39.55952729159894 ], [ -105.937498322329688, 39.559631068767693 ], [ -105.937359342219324, 39.559678252164403 ], [ -105.937090893009881, 39.559629039920665 ], [ -105.936932293391379, 39.55957894148063 ], [ -105.936782633601453, 39.559512826109817 ], [ -105.936690163294529, 39.559444477978836 ], [ -105.93663116225936, 39.559356498100669 ], [ -105.936380163954851, 39.559448485991361 ], [ -105.936404788991425, 39.559498154976474 ], [ -105.936467341494946, 39.559554343026363 ], [ -105.936484123564611, 39.559610899883268 ], [ -105.936491632422303, 39.559658673325487 ], [ -105.936485314811492, 39.559699471674655 ], [ -105.936425622451267, 39.559685779657578 ], [ -105.936378946619655, 39.559618833895989 ], [ -105.93632552440792, 39.559560800609269 ], [ -105.936172766921942, 39.559434474059536 ], [ -105.936078699407645, 39.55941751551493 ], [ -105.935982748220894, 39.559430689739969 ], [ -105.935891119634093, 39.559453141194069 ], [ -105.935870051535716, 39.559400440181264 ], [ -105.935892290349727, 39.55939365225494 ], [ -105.935869510197804, 39.559334544301379 ] ] ] } },
{ "type": "Feature", "properties": { "fid": 75, "feature-id": null, "trail_name": "Glades", "feature_type": "Trail", "mountain_area": "North Peak", "difficulty": "Black", "acres_25_26": 27.2, "active": true, "notes": null, "gis_acres": 24.85, "trail_id": "T075", "display_from_year": 2006, "display_to_year": 9999 }, "geometry": { "type": "Polygon", "coordinates": [ [ [ -105.937882114430138, 39.560721139128674 ], [ -105.937963067798549, 39.560493408143216 ], [ -105.937996290280964, 39.560397148390159 ], [ -105.938297537385608, 39.560172055576743 ], [ -105.938463707049749, 39.56007472220265 ], [ -105.93867412691533, 39.560035417832026 ], [ -105.93906749630446, 39.560005520535 ], [ -105.939831317340051, 39.559952834519393 ], [ -105.940285235382973, 39.559957079566949 ], [ -105.940515335832316, 39.5599818949458 ], [ -105.94086756409591, 39.559976079667244 ], [ -105.941281256648097, 39.559984586255055 ], [ -105.941584028421701, 39.560002882580662 ], [ -105.941987838032631, 39.560130032759346 ], [ -105.942362519422957, 39.560085496985636 ], [ -105.942715349862837, 39.560124133481892 ], [ -105.943066775672449, 39.560059035030349 ], [ -105.943576957082527, 39.560123069255788 ], [ -105.944068717673758, 39.560240605589968 ], [ -105.944426303383352, 39.560347373710492 ], [ -105.944833828368843, 39.560465591318504 ], [ -105.945057158909776, 39.560555664031334 ], [ -105.945211808802355, 39.560664079844855 ], [ -105.945373255660954, 39.560723374970337 ], [ -105.94536044203582, 39.560870622904474 ], [ -105.945223552230303, 39.560971106160217 ], [ -105.945008109148972, 39.561104714326895 ], [ -105.944880496211667, 39.561161169728685 ], [ -105.944740929164027, 39.561246386527223 ], [ -105.944644888588854, 39.561264365859309 ], [ -105.944494435903181, 39.561275143522678 ], [ -105.944290141239634, 39.561320755728616 ], [ -105.944189629717968, 39.561373168240976 ], [ -105.944000508656416, 39.561445410055057 ], [ -105.943789092351281, 39.561512099758993 ], [ -105.943671662724029, 39.561591402618205 ], [ -105.943563563347766, 39.561630499505917 ], [ -105.943344455538607, 39.561676230324814 ], [ -105.943236381727573, 39.561717237658272 ], [ -105.942997447134886, 39.561757395876072 ], [ -105.94282459473564, 39.56175497644179 ], [ -105.942607307890214, 39.561752917172299 ], [ -105.942356225056869, 39.561990001187112 ], [ -105.94212970950926, 39.562035789788744 ], [ -105.941947292267315, 39.562056378078836 ], [ -105.941757443287827, 39.562075115351561 ], [ -105.941453806357899, 39.562077575577256 ], [ -105.941147158392397, 39.562039929294542 ], [ -105.94095565651169, 39.561936377383915 ], [ -105.940725303264614, 39.561880913590919 ], [ -105.940474969406552, 39.561808412424028 ], [ -105.940209747161276, 39.56173029829818 ], [ -105.940114599449771, 39.561631698267433 ], [ -105.940024982501896, 39.561577005439339 ], [ -105.939916184578337, 39.561564508741242 ], [ -105.939646019566865, 39.561497078968436 ], [ -105.939434066824418, 39.561418693884434 ], [ -105.93925876053116, 39.561337984415324 ], [ -105.939063821909784, 39.561258447228965 ], [ -105.938869006763937, 39.561188033879915 ], [ -105.938432497687117, 39.560970527807562 ], [ -105.938106788995285, 39.560809918427303 ], [ -105.937882114430138, 39.560721139128674 ] ] ] } },
{ "type": "Feature", "properties": { "fid": 76, "feature-id": null, "trail_name": "Powder Cap", "feature_type": "Trail", "mountain_area": "North Peak", "difficulty": "Black", "acres_25_26": 11.1, "active": true, "notes": null, "gis_acres": 10.08, "trail_id": "T076", "display_from_year": 2006, "display_to_year": 9999 }, "geometry": { "type": "Polygon", "coordinates": [ [ [ -105.937014773028736, 39.560813785591911 ], [ -105.937179049342973, 39.561009550533662 ], [ -105.937250535915069, 39.561241792445934 ], [ -105.937399917504379, 39.561505153970536 ], [ -105.937649884749106, 39.561792396619417 ], [ -105.937866435158341, 39.561967026757486 ], [ -105.938007277036931, 39.562272786986092 ], [ -105.938138008178882, 39.56250455007536 ], [ -105.93817807606699, 39.562772320478508 ], [ -105.938225784757591, 39.562930675096609 ], [ -105.938328130069593, 39.563085060996038 ], [ -105.938348592379043, 39.563250690648637 ], [ -105.938298983069686, 39.563311854457417 ], [ -105.938774035811647, 39.563933652967137 ], [ -105.93893124224455, 39.563873888481396 ], [ -105.939068857554503, 39.563939799971848 ], [ -105.939175335066508, 39.564062403746078 ], [ -105.939345278727671, 39.564159801579436 ], [ -105.939493199096773, 39.564313818003598 ], [ -105.939687119435831, 39.564499210225257 ], [ -105.939818003309369, 39.564741552713272 ], [ -105.939874498042954, 39.564875142682595 ], [ -105.940110482963846, 39.565137800032332 ], [ -105.940337069528013, 39.565379367641277 ], [ -105.940676967010546, 39.565574159495256 ], [ -105.940852045663561, 39.565713844093963 ], [ -105.941000544834566, 39.565910184428255 ], [ -105.941043228224615, 39.566033302982802 ], [ -105.941187028369001, 39.566219098471244 ], [ -105.941289719030621, 39.566398171672475 ], [ -105.941378118493859, 39.566531502423508 ], [ -105.941405961297107, 39.566608452750643 ], [ -105.941602858687489, 39.566973514875571 ], [ -105.941759922205534, 39.567128091987819 ], [ -105.941879938009535, 39.567240000821961 ], [ -105.941987332464919, 39.567429617880123 ], [ -105.942098998380601, 39.567598034918781 ], [ -105.942183130104084, 39.567752564899976 ], [ -105.942231573092599, 39.567875620625664 ], [ -105.942696333919443, 39.567964637229991 ], [ -105.943704809561297, 39.568070887827567 ], [ -105.943587376947264, 39.567963250929417 ], [ -105.943402271727251, 39.567892516898894 ], [ -105.943181140883979, 39.567769361546262 ], [ -105.943028112029637, 39.567645653135088 ], [ -105.942834463109776, 39.567502750597974 ], [ -105.942603377641433, 39.567389436641321 ], [ -105.942427861797, 39.567281528618729 ], [ -105.942207037343366, 39.56699437153879 ], [ -105.941886421287222, 39.566602596006149 ], [ -105.941672507740989, 39.566266573099973 ], [ -105.941307938377719, 39.565795105705476 ], [ -105.941098188539257, 39.56558009366033 ], [ -105.940815428519059, 39.565375434081112 ], [ -105.940557364458286, 39.565131526915017 ], [ -105.940301138833348, 39.56483684317088 ], [ -105.940055636658812, 39.564588928508329 ], [ -105.939977283408822, 39.564390422541813 ], [ -105.939804820700942, 39.564134107105765 ], [ -105.939663388976086, 39.563934158663265 ], [ -105.93951988379591, 39.56376741676771 ], [ -105.939378144098995, 39.563731467931198 ], [ -105.939275151996327, 39.563576112337728 ], [ -105.939166405106491, 39.563368089676104 ], [ -105.939113540223659, 39.563188900593737 ], [ -105.938976235154655, 39.5629205856266 ], [ -105.938839010133734, 39.562658126888451 ], [ -105.938681688482532, 39.562401687356889 ], [ -105.938628641401337, 39.562208833028301 ], [ -105.938634154822381, 39.562056505075994 ], [ -105.938675503473775, 39.561942934705606 ], [ -105.938770473277771, 39.561877739964245 ], [ -105.938918958973858, 39.561853112165856 ], [ -105.939070993486069, 39.561904597213115 ], [ -105.939099853309571, 39.561882229539627 ], [ -105.938740758493466, 39.56166307034912 ], [ -105.938470403455383, 39.561666530130523 ], [ -105.938392212918572, 39.56169727391994 ], [ -105.938292041034629, 39.561750796245903 ], [ -105.93820552823847, 39.561694876516917 ], [ -105.938034630604307, 39.561553734409202 ], [ -105.937876475368526, 39.561422250967979 ], [ -105.937710912356209, 39.561302541191118 ], [ -105.937550288839887, 39.561174981916217 ], [ -105.937475993259142, 39.561089677789589 ], [ -105.937460704121747, 39.561036323020829 ], [ -105.937014773028736, 39.560813785591911 ] ] ] } },
{ "type": "Feature", "properties": { "fid": 77, "feature-id": null, "trail_name": "Elk Run", "feature_type": "Trail", "mountain_area": "Outback", "difficulty": "Blue", "acres_25_26": 23.4, "active": true, "notes": null, "gis_acres": 23.39, "trail_id": "T077", "display_from_year": 2006, "display_to_year": 9999 }, "geometry": { "type": "Polygon", "coordinates": [ [ [ -105.919830999511987, 39.54521658218362 ], [ -105.919756298914066, 39.545432619516447 ], [ -105.919874482997258, 39.545630648124259 ], [ -105.920258094890272, 39.545546377551034 ], [ -105.920659236086905, 39.545407810997375 ], [ -105.920790802856303, 39.545352612871426 ], [ -105.921092653078659, 39.545410263436175 ], [ -105.921478021708552, 39.545459009965889 ], [ -105.921801159792338, 39.545516489903996 ], [ -105.922220369853932, 39.545594398088461 ], [ -105.922610551140522, 39.54566193948488 ], [ -105.922729274340711, 39.545670415387022 ], [ -105.923212128682081, 39.545731332465905 ], [ -105.923819586896897, 39.545833569375766 ], [ -105.924350186580597, 39.545999517729015 ], [ -105.924869786976842, 39.546005697252923 ], [ -105.925352767262751, 39.546096390128064 ], [ -105.925918206162194, 39.546210488127237 ], [ -105.926247556391345, 39.546268023905924 ], [ -105.9266846503495, 39.546290416729114 ], [ -105.926992168312992, 39.546316219614944 ], [ -105.927401970902963, 39.546394890468598 ], [ -105.92778630510108, 39.546479414226702 ], [ -105.928112007943838, 39.546546039038695 ], [ -105.928534585375886, 39.546624603869809 ], [ -105.929111015512348, 39.546745732915582 ], [ -105.929646931450392, 39.546839116320264 ], [ -105.930163796423074, 39.546972489564062 ], [ -105.93053556233312, 39.547046862269013 ], [ -105.931192425996088, 39.547189423092597 ], [ -105.931352952700635, 39.547239702576412 ], [ -105.931842172566363, 39.54729766008505 ], [ -105.932271799091822, 39.547381876443012 ], [ -105.93308664259385, 39.547383931679882 ], [ -105.933975228877699, 39.547421484644261 ], [ -105.93418525007533, 39.547354480099472 ], [ -105.934358598801097, 39.547201827097666 ], [ -105.934645508288256, 39.546958049248559 ], [ -105.934946217827829, 39.546821788849385 ], [ -105.935491273746464, 39.546777668651934 ], [ -105.93594722619774, 39.546736354762679 ], [ -105.936170588784051, 39.546673908762372 ], [ -105.936604061127795, 39.546567943773589 ], [ -105.936835722183361, 39.546520068564234 ], [ -105.937201866022065, 39.546375711427252 ], [ -105.937382294420061, 39.546351356863603 ], [ -105.937507235338956, 39.546355437880521 ], [ -105.93765545303846, 39.546379686075021 ], [ -105.937731444709684, 39.546409605621839 ], [ -105.937326122160911, 39.54584038799058 ], [ -105.937157025011544, 39.54597405976768 ], [ -105.936879006708494, 39.546072987934735 ], [ -105.936380681487776, 39.546163513044938 ], [ -105.935889795076207, 39.54624519798314 ], [ -105.935447584886759, 39.546366393562579 ], [ -105.934948900939858, 39.54645089371251 ], [ -105.934287330539661, 39.546614093033639 ], [ -105.9336897686632, 39.546779870066935 ], [ -105.933402607794036, 39.546834803065259 ], [ -105.932946363645215, 39.546804413928307 ], [ -105.932474831673261, 39.54682677208001 ], [ -105.931845632717753, 39.546720374325609 ], [ -105.931372611034632, 39.546631295746018 ], [ -105.930902968204038, 39.546495753085068 ], [ -105.930456571696652, 39.546304300307135 ], [ -105.929763782411925, 39.546226261365611 ], [ -105.929114849924957, 39.546138580676917 ], [ -105.928566242877537, 39.546077955911997 ], [ -105.928237326032942, 39.54600009581177 ], [ -105.927979179878449, 39.545831895212181 ], [ -105.927754173831346, 39.545750108350305 ], [ -105.927478759229118, 39.545786358915045 ], [ -105.927207260022001, 39.545816386245008 ], [ -105.926827482634991, 39.545822511066277 ], [ -105.926507100191159, 39.545784821751923 ], [ -105.926282589851269, 39.545740176164706 ], [ -105.925882164077919, 39.545696931677327 ], [ -105.925337026622245, 39.545596020238044 ], [ -105.924919829069452, 39.54549408815236 ], [ -105.924775158791448, 39.545439517222789 ], [ -105.923673103479132, 39.545253253350893 ], [ -105.923306020218519, 39.545311892232249 ], [ -105.922979286095085, 39.545398070605721 ], [ -105.922711005370275, 39.545369244060993 ], [ -105.922474340515706, 39.545312304894935 ], [ -105.922197449558425, 39.545237110382736 ], [ -105.922004026819934, 39.545124104993619 ], [ -105.921620457184346, 39.544946929565626 ], [ -105.921485042291451, 39.544854708965147 ], [ -105.920824943633406, 39.544641547139001 ], [ -105.920615734385805, 39.544560511773341 ], [ -105.920353843469329, 39.544615843060157 ], [ -105.920059142666304, 39.544726314338369 ], [ -105.919863658352924, 39.544907090386062 ], [ -105.919830999511987, 39.54521658218362 ] ] ] } },
{ "type": "Feature", "properties": { "fid": 78, "feature-id": null, "trail_name": "The Willows", "feature_type": "Trail", "mountain_area": "Outback", "difficulty": "Blue", "acres_25_26": 15.9, "active": true, "notes": null, "gis_acres": 10.18, "trail_id": "T078", "display_from_year": 2006, "display_to_year": 9999 }, "geometry": { "type": "Polygon", "coordinates": [ [ [ -105.931407069061919, 39.540584109231794 ], [ -105.931591530499531, 39.540660104670842 ], [ -105.931858504480672, 39.540670876810992 ], [ -105.932038215434417, 39.540641028784414 ], [ -105.932244329951288, 39.540590309029014 ], [ -105.932642685679781, 39.540379431813783 ], [ -105.932912932580876, 39.540196284209294 ], [ -105.93343033937829, 39.539924432305348 ], [ -105.933876879026471, 39.539815274344207 ], [ -105.934160042747223, 39.539869554692942 ], [ -105.934409628979608, 39.539961808206343 ], [ -105.934508476703584, 39.540070354819306 ], [ -105.934602657920365, 39.540194020431606 ], [ -105.934647743954045, 39.540287917647625 ], [ -105.934679082532412, 39.540446022037386 ], [ -105.934735323168198, 39.54064540044196 ], [ -105.934788718152419, 39.540995617304922 ], [ -105.934858971964985, 39.541217065384089 ], [ -105.935197297629827, 39.542145567011254 ], [ -105.935398154432505, 39.542543046371662 ], [ -105.935483988584238, 39.5427579589483 ], [ -105.935932314113657, 39.54305252450024 ], [ -105.936127289214781, 39.54331609521077 ], [ -105.936269759425684, 39.543493137198134 ], [ -105.936558456548809, 39.54363026391902 ], [ -105.936787121913724, 39.543767873791396 ], [ -105.937091385589255, 39.543822235067537 ], [ -105.937378730834752, 39.544106570697544 ], [ -105.937375013624063, 39.54432610954148 ], [ -105.937389848559434, 39.544684951430639 ], [ -105.937395608966824, 39.544914743641108 ], [ -105.937400612223868, 39.545286577072275 ], [ -105.937484785911323, 39.545592693997278 ], [ -105.93762369990435, 39.54580230186307 ], [ -105.937794299602089, 39.545986862307501 ], [ -105.937941512027223, 39.546218095446378 ], [ -105.938304666150501, 39.546612087681368 ], [ -105.938695709135956, 39.547080228221027 ], [ -105.939255109115123, 39.547392421140422 ], [ -105.939839841860604, 39.547457532349455 ], [ -105.940172758263969, 39.547656271248101 ], [ -105.940215082645736, 39.547826370909924 ], [ -105.940341697523877, 39.548062932429659 ], [ -105.940437981157956, 39.548276497139994 ], [ -105.940694119667185, 39.548470690828289 ], [ -105.94079669212087, 39.548655797315945 ], [ -105.940829673260438, 39.548817238205281 ], [ -105.94033727998405, 39.548489556679328 ], [ -105.940133837001852, 39.548361807984435 ], [ -105.940139499922623, 39.548108469951551 ], [ -105.940131818547059, 39.548033640887482 ], [ -105.939801120993295, 39.547752245377943 ], [ -105.939694842680041, 39.547786676639767 ], [ -105.939618443103541, 39.547810536427598 ], [ -105.93942151808271, 39.547801798511152 ], [ -105.939160211850009, 39.547718689317271 ], [ -105.938984546151886, 39.547554831535642 ], [ -105.938825852037013, 39.547436925626258 ], [ -105.938648795558549, 39.547281382925441 ], [ -105.938405235079969, 39.547165620133256 ], [ -105.938237633635055, 39.547104943681099 ], [ -105.938076434565403, 39.546912560693983 ], [ -105.937975774382551, 39.54677159121519 ], [ -105.937974731335203, 39.546694125951632 ], [ -105.937799156477837, 39.546478312654337 ], [ -105.937731444709684, 39.546409605621839 ], [ -105.937326122160911, 39.54584038799058 ], [ -105.937111117755791, 39.545492882654308 ], [ -105.936957655525504, 39.5452649395328 ], [ -105.936819659289327, 39.545121890067534 ], [ -105.936798041199168, 39.544765818172714 ], [ -105.936574636492409, 39.544567486239529 ], [ -105.936423717552771, 39.544189935269394 ], [ -105.936337202154917, 39.543973499389786 ], [ -105.936183046457842, 39.543740878570098 ], [ -105.935992044893325, 39.543576014644906 ], [ -105.935890505688761, 39.543501197678744 ], [ -105.935501361717783, 39.543180145935814 ], [ -105.935248403541564, 39.542726824100733 ], [ -105.935150133723184, 39.542437909908863 ], [ -105.935060628566717, 39.542260984318787 ], [ -105.934871512018915, 39.542019648200991 ], [ -105.934749219304734, 39.541780023033532 ], [ -105.934649676902097, 39.541504235895403 ], [ -105.934451375091129, 39.541132374555914 ], [ -105.934519143176288, 39.540696366477135 ], [ -105.934518540751796, 39.540431901499616 ], [ -105.934441906778559, 39.540206806317428 ], [ -105.934346039004581, 39.540084461755384 ], [ -105.934121723800644, 39.540045226356291 ], [ -105.933850575423676, 39.540026886031555 ], [ -105.933695109228253, 39.540071453376292 ], [ -105.9332997386485, 39.540231942790868 ], [ -105.933130313435257, 39.540333619283054 ], [ -105.932533522684935, 39.540625678021229 ], [ -105.932340235894401, 39.540704745684444 ], [ -105.932102448567946, 39.540759090874879 ], [ -105.931829115725677, 39.540797761175156 ], [ -105.931726339241962, 39.540819104327603 ], [ -105.931670580232591, 39.54083323077424 ], [ -105.931521993179828, 39.540731825672907 ], [ -105.931407069061919, 39.540584109231794 ] ] ] } },
{ "type": "Feature", "properties": { "fid": 79, "feature-id": null, "trail_name": "Porcupine", "feature_type": "Trail", "mountain_area": "Outback", "difficulty": "Blue", "acres_25_26": 13.5, "active": true, "notes": null, "gis_acres": 14.71, "trail_id": "T079", "display_from_year": 2006, "display_to_year": 9999 }, "geometry": { "type": "Polygon", "coordinates": [ [ [ -105.924775158791448, 39.545439517222789 ], [ -105.925294587755204, 39.54530258496991 ], [ -105.925562859309693, 39.545269242590898 ], [ -105.926131535487428, 39.545093077918594 ], [ -105.927015843847869, 39.544909192350161 ], [ -105.92748528005157, 39.544848235625473 ], [ -105.928194244428084, 39.544613729752783 ], [ -105.928654395545465, 39.544360403686206 ], [ -105.929310444728316, 39.544087826047175 ], [ -105.929809192133561, 39.544008942021584 ], [ -105.930187782058354, 39.543987188896011 ], [ -105.930501721685687, 39.543953469630878 ], [ -105.930807100319143, 39.543882370535343 ], [ -105.931629595488744, 39.54390074559894 ], [ -105.932226399561372, 39.543920925290323 ], [ -105.932539836602473, 39.543849757012403 ], [ -105.933071322023466, 39.543798057853657 ], [ -105.933913282636397, 39.543684986050437 ], [ -105.934236092229597, 39.543621643484528 ], [ -105.934676888071493, 39.543580131835213 ], [ -105.935176625879407, 39.543545737799761 ], [ -105.9356165713194, 39.543517602144192 ], [ -105.935890505688761, 39.543501197678744 ], [ -105.935501361717783, 39.543180145935814 ], [ -105.935248403541564, 39.542726824100733 ], [ -105.935057992815544, 39.542812357878702 ], [ -105.934837017904457, 39.542916028742106 ], [ -105.934501518394981, 39.54293980813712 ], [ -105.934280165343196, 39.543015372488448 ], [ -105.933768593091685, 39.543107322670245 ], [ -105.933334206017747, 39.543202164368395 ], [ -105.932886251898424, 39.543300626904248 ], [ -105.932450498786977, 39.543293582966811 ], [ -105.932101101617732, 39.543296385562606 ], [ -105.931265520876892, 39.54325389381566 ], [ -105.930933945686917, 39.543231955163243 ], [ -105.930414183307164, 39.543390713884868 ], [ -105.929944145042327, 39.543535018195236 ], [ -105.9291476747959, 39.543703012048262 ], [ -105.928685489448981, 39.543755895870632 ], [ -105.927666433583823, 39.544248905675708 ], [ -105.927254999724966, 39.544364622857309 ], [ -105.92640602273336, 39.544680586474364 ], [ -105.926007263409133, 39.544725926969285 ], [ -105.925549979786098, 39.544806867792559 ], [ -105.9248933144099, 39.544910475003682 ], [ -105.924472143688135, 39.544977069956779 ], [ -105.924015602076068, 39.54511421585287 ], [ -105.923673103479132, 39.545253253350893 ], [ -105.924775158791448, 39.545439517222789 ] ] ] } },
{ "type": "Feature", "properties": { "fid": 80, "feature-id": null, "trail_name": "Bighorn", "feature_type": "Trail", "mountain_area": "Outback", "difficulty": "Blue", "acres_25_26": 53.9, "active": true, "notes": null, "gis_acres": 49.75, "trail_id": "T080", "display_from_year": 2006, "display_to_year": 9999 }, "geometry": { "type": "Polygon", "coordinates": [ [ [ -105.924775158791448, 39.545439517222789 ], [ -105.925294587755204, 39.54530258496991 ], [ -105.925562859309693, 39.545269242590898 ], [ -105.926131535487428, 39.545093077918594 ], [ -105.927015843847869, 39.544909192350161 ], [ -105.92748528005157, 39.544848235625473 ], [ -105.928194244428084, 39.544613729752783 ], [ -105.928654395545465, 39.544360403686206 ], [ -105.929310444728316, 39.544087826047175 ], [ -105.929809192133561, 39.544008942021584 ], [ -105.930187782058354, 39.543987188896011 ], [ -105.930501721685687, 39.543953469630878 ], [ -105.930807100319143, 39.543882370535343 ], [ -105.931629595488744, 39.54390074559894 ], [ -105.932226399561372, 39.543920925290323 ], [ -105.932539836602473, 39.543849757012403 ], [ -105.933071322023466, 39.543798057853657 ], [ -105.933913282636397, 39.543684986050437 ], [ -105.934236092229597, 39.543621643484528 ], [ -105.934676888071493, 39.543580131835213 ], [ -105.934815079360504, 39.543833271206907 ], [ -105.935010936108355, 39.544122138589479 ], [ -105.93524426782605, 39.544121141317767 ], [ -105.935483517184409, 39.544083859606786 ], [ -105.935740037789074, 39.544057487186613 ], [ -105.935936835042241, 39.544047063521909 ], [ -105.936147663980435, 39.544018848371941 ], [ -105.936337202154917, 39.543973499389786 ], [ -105.936574636492409, 39.544567486239529 ], [ -105.936491606229467, 39.544550841055695 ], [ -105.93635375903682, 39.544487868460386 ], [ -105.936145070081906, 39.544463032353981 ], [ -105.935861854143866, 39.544414488566282 ], [ -105.935578846292486, 39.544381410777774 ], [ -105.935304826074415, 39.544372477628102 ], [ -105.935173626311922, 39.544423180893716 ], [ -105.935279076029985, 39.544815681676873 ], [ -105.935384155087959, 39.545180484664712 ], [ -105.935486706125715, 39.545356943452212 ], [ -105.935804728746433, 39.545592608855038 ], [ -105.936043451811074, 39.545784591021366 ], [ -105.936113342634115, 39.545915113842902 ], [ -105.936204750433092, 39.546106479664175 ], [ -105.936244900707578, 39.546186107590898 ], [ -105.935889795076207, 39.54624519798314 ], [ -105.935447584886759, 39.546366393562579 ], [ -105.934948900939858, 39.54645089371251 ], [ -105.934287330539661, 39.546614093033639 ], [ -105.9336897686632, 39.546779870066935 ], [ -105.933402607794036, 39.546834803065259 ], [ -105.932946363645215, 39.546804413928307 ], [ -105.932474831673261, 39.54682677208001 ], [ -105.931845632717753, 39.546720374325609 ], [ -105.931372611034632, 39.546631295746018 ], [ -105.930902968204038, 39.546495753085068 ], [ -105.930456571696652, 39.546304300307135 ], [ -105.929763782411925, 39.546226261365611 ], [ -105.929114849924957, 39.546138580676917 ], [ -105.928566242877537, 39.546077955911997 ], [ -105.928237326032942, 39.54600009581177 ], [ -105.927979179878449, 39.545831895212181 ], [ -105.927754173831346, 39.545750108350305 ], [ -105.927478759229118, 39.545786358915045 ], [ -105.927207260022001, 39.545816386245008 ], [ -105.926827482634991, 39.545822511066277 ], [ -105.926507100191159, 39.545784821751923 ], [ -105.926282589851269, 39.545740176164706 ], [ -105.925882164077919, 39.545696931677327 ], [ -105.925337026622245, 39.545596020238044 ], [ -105.924919829069452, 39.54549408815236 ], [ -105.924775158791448, 39.545439517222789 ] ] ] } },
{ "type": "Feature", "properties": { "fid": 81, "feature-id": null, "trail_name": "Oh Bob", "feature_type": "Trail", "mountain_area": "Outback", "difficulty": "Blue", "acres_25_26": 20.6, "active": true, "notes": null, "gis_acres": 18.19, "trail_id": "T081", "display_from_year": 2006, "display_to_year": 9999 }, "geometry": { "type": "Polygon", "coordinates": [ [ [ -105.926247556391345, 39.546268023905924 ], [ -105.926358581520631, 39.546385362074403 ], [ -105.926485057821978, 39.546551199697134 ], [ -105.92660067029226, 39.546728084458863 ], [ -105.92677418875175, 39.546882586025774 ], [ -105.926961523755139, 39.547011402235249 ], [ -105.927096338003068, 39.547094358718518 ], [ -105.927318943071953, 39.547154693274251 ], [ -105.927546510428684, 39.547233255580245 ], [ -105.927714454016822, 39.547323254049822 ], [ -105.928018073256595, 39.54744261530913 ], [ -105.928181461489146, 39.54754482798981 ], [ -105.9282718635679, 39.54760012717437 ], [ -105.928304610426537, 39.547720189393658 ], [ -105.928441912113911, 39.547824315050057 ], [ -105.928536171864067, 39.547956551446489 ], [ -105.928607236519454, 39.548048053269127 ], [ -105.928706341157351, 39.548118871077683 ], [ -105.928852458233735, 39.548176160285188 ], [ -105.929108148301964, 39.548239880517698 ], [ -105.929348309868942, 39.548271573070359 ], [ -105.929452278683712, 39.548282433034565 ], [ -105.929598767218181, 39.548367485347136 ], [ -105.929747728742981, 39.548496360350171 ], [ -105.929823892415499, 39.548545439383211 ], [ -105.929988359682696, 39.548563121947168 ], [ -105.930175223526192, 39.548561626544888 ], [ -105.930445391686789, 39.548578462443082 ], [ -105.930794776979141, 39.548590279042173 ], [ -105.931025483351888, 39.548620582421208 ], [ -105.931105051956024, 39.548641866317681 ], [ -105.931303768537404, 39.548679732532015 ], [ -105.931490554460552, 39.54867238995039 ], [ -105.931673076691681, 39.548628545701995 ], [ -105.931881847932303, 39.548571337906068 ], [ -105.932058980843763, 39.548547996170399 ], [ -105.932203576157249, 39.548491302447992 ], [ -105.93227119625044, 39.548424881771773 ], [ -105.932439452531028, 39.548217672292992 ], [ -105.932495979695219, 39.54815053182255 ], [ -105.932648537869582, 39.547983073564275 ], [ -105.932751723159797, 39.547876319555819 ], [ -105.932905749813614, 39.547744028952856 ], [ -105.933064968554206, 39.547663886247811 ], [ -105.933226949677021, 39.547566324548598 ], [ -105.933343030215326, 39.547509027436156 ], [ -105.933662940461318, 39.547408287655671 ], [ -105.93308664259385, 39.547383931679882 ], [ -105.932271799091822, 39.547381876443012 ], [ -105.931842172566363, 39.54729766008505 ], [ -105.931352952700635, 39.547239702576412 ], [ -105.931192425996088, 39.547189423092597 ], [ -105.93053556233312, 39.547046862269013 ], [ -105.930163796423074, 39.546972489564062 ], [ -105.929646931450392, 39.546839116320264 ], [ -105.929111015512348, 39.546745732915582 ], [ -105.928534585375886, 39.546624603869809 ], [ -105.928112007943838, 39.546546039038695 ], [ -105.92778630510108, 39.546479414226702 ], [ -105.927401970902963, 39.546394890468598 ], [ -105.926992168312992, 39.546316219614944 ], [ -105.9266846503495, 39.546290416729114 ], [ -105.926247556391345, 39.546268023905924 ] ] ] } },
{ "type": "Feature", "properties": { "fid": 82, "feature-id": null, "trail_name": "Wildcat", "feature_type": "Trail", "mountain_area": "Outback", "difficulty": "Blue", "acres_25_26": 4.8, "active": true, "notes": null, "gis_acres": 4.52, "trail_id": "T082", "display_from_year": 2006, "display_to_year": 9999 }, "geometry": { "type": "Polygon", "coordinates": [ [ [ -105.932203576157249, 39.548491302447992 ], [ -105.932354742812905, 39.548481835941949 ], [ -105.932504185215208, 39.548471613563571 ], [ -105.932657069381307, 39.548428277473185 ], [ -105.932846717534701, 39.548374118772863 ], [ -105.932924213928672, 39.54836833332314 ], [ -105.933165605864033, 39.548392011907175 ], [ -105.933328839932543, 39.548403509413653 ], [ -105.933520359192116, 39.548409290249865 ], [ -105.933666781025579, 39.548400795064268 ], [ -105.933762790311619, 39.548334152719441 ], [ -105.933960123491815, 39.548244739095686 ], [ -105.934195390292288, 39.548164168985245 ], [ -105.934314810022755, 39.548080870254601 ], [ -105.934472286263002, 39.548015562923588 ], [ -105.934657605190267, 39.547911606711729 ], [ -105.934790883983894, 39.547804409279976 ], [ -105.934898658261133, 39.5477340118683 ], [ -105.935075358016121, 39.547692335842214 ], [ -105.93528066157198, 39.547668726872857 ], [ -105.935522142601243, 39.547682151217359 ], [ -105.935932267761473, 39.54774114562715 ], [ -105.936549478938957, 39.547849932257215 ], [ -105.93690702360486, 39.547901221296755 ], [ -105.937082152196012, 39.547916060627294 ], [ -105.937190851470078, 39.547934143922298 ], [ -105.937443639448759, 39.547968237621582 ], [ -105.937597742633585, 39.54798053722326 ], [ -105.937874538242895, 39.548010806368303 ], [ -105.938088184015371, 39.548028041891833 ], [ -105.938392235982718, 39.548003919030137 ], [ -105.938583761395293, 39.547937367551 ], [ -105.938775797413641, 39.547908731170686 ], [ -105.939013127289726, 39.547866185840505 ], [ -105.939148644888931, 39.547819519368247 ], [ -105.939236138993664, 39.54779790089917 ], [ -105.93942151808271, 39.547801798511152 ], [ -105.939160211850009, 39.547718689317271 ], [ -105.938984546151886, 39.547554831535642 ], [ -105.938825852037013, 39.547436925626258 ], [ -105.938903964685537, 39.547638158216479 ], [ -105.938746883531437, 39.547666989518397 ], [ -105.938610053901826, 39.547674455191846 ], [ -105.938500485123086, 39.547681099855623 ], [ -105.938399583402685, 39.54773479558785 ], [ -105.938272947489139, 39.547733238437843 ], [ -105.938138347287747, 39.547758830823177 ], [ -105.937964895123429, 39.547744753422201 ], [ -105.937808465680021, 39.547757623792087 ], [ -105.937643134293452, 39.547728003019138 ], [ -105.937504560052815, 39.547705904859889 ], [ -105.937329320852655, 39.547682812461581 ], [ -105.936909833690393, 39.547584302197698 ], [ -105.936593991403683, 39.547512040614706 ], [ -105.936417121839796, 39.54749153953631 ], [ -105.936241814176427, 39.547463286923332 ], [ -105.93592163413183, 39.547440070109204 ], [ -105.935708134682827, 39.547421152698774 ], [ -105.935399165317492, 39.547364309891272 ], [ -105.93526619587297, 39.547387306266408 ], [ -105.934989136781141, 39.547349552283208 ], [ -105.934795558167792, 39.547325313810461 ], [ -105.934508089561177, 39.547256687667051 ], [ -105.934326694647964, 39.547229922353146 ], [ -105.93418525007533, 39.547354480099472 ], [ -105.934319970516341, 39.547391047521373 ], [ -105.934625521061776, 39.547441471791217 ], [ -105.934862704975018, 39.547487286075103 ], [ -105.934953108245011, 39.547520093156329 ], [ -105.934928796265069, 39.54757059017313 ], [ -105.934829125018894, 39.54759202840367 ], [ -105.93476788833523, 39.547622185893488 ], [ -105.934670315368265, 39.547675851625549 ], [ -105.934622629930189, 39.547722667205072 ], [ -105.934546677605951, 39.5477735794043 ], [ -105.934426042423908, 39.547846777080601 ], [ -105.934348424009229, 39.547897702545562 ], [ -105.934187912674133, 39.547978959227976 ], [ -105.934022213302924, 39.548046069797209 ], [ -105.93393112951847, 39.548086784953504 ], [ -105.93375227597484, 39.548166898646251 ], [ -105.933654407599292, 39.548198639631003 ], [ -105.93344461818684, 39.548208063437819 ], [ -105.93325584506276, 39.548169596228945 ], [ -105.93314885265211, 39.548142080148594 ], [ -105.933062333809204, 39.548150513459731 ], [ -105.932938959689835, 39.548143765190154 ], [ -105.932835679019377, 39.548144594198469 ], [ -105.932678919513734, 39.54813295448686 ], [ -105.932522361503928, 39.548121573421092 ], [ -105.932495979695219, 39.54815053182255 ], [ -105.932439452531028, 39.548217672292992 ], [ -105.93227119625044, 39.548424881771773 ], [ -105.932203576157249, 39.548491302447992 ] ] ] } },
{ "type": "Feature", "properties": { "fid": 83, "feature-id": null, "trail_name": "Lodgepole", "feature_type": "Trail", "mountain_area": "Outback", "difficulty": "Blue", "acres_25_26": 3.7, "active": true, "notes": null, "gis_acres": 3.03, "trail_id": "T083", "display_from_year": 2006, "display_to_year": 9999 }, "geometry": { "type": "Polygon", "coordinates": [ [ [ -105.931407069061919, 39.540584109231794 ], [ -105.931339038400282, 39.540607772527224 ], [ -105.931407526876313, 39.540690110884682 ], [ -105.931487019617393, 39.540766086680897 ], [ -105.931585550525213, 39.540862383951364 ], [ -105.931756306413973, 39.540937628034463 ], [ -105.931783955843756, 39.540951264934762 ], [ -105.932173300425248, 39.541040551692376 ], [ -105.932262410022773, 39.54110733553302 ], [ -105.932410680938759, 39.541174448264506 ], [ -105.932573157697547, 39.541217340197178 ], [ -105.932710120567691, 39.541234379486106 ], [ -105.933080851130867, 39.541282056000341 ], [ -105.933375672327401, 39.54138388752574 ], [ -105.933620614222718, 39.541529535114357 ], [ -105.933784040350943, 39.541729383685635 ], [ -105.933877345782008, 39.541857435226653 ], [ -105.934033020939026, 39.542073892080737 ], [ -105.934142940076441, 39.542300147424911 ], [ -105.934276638037602, 39.542603685184957 ], [ -105.934349271245509, 39.542932364402631 ], [ -105.934461655676444, 39.543172685705706 ], [ -105.934648626278801, 39.543547986018403 ], [ -105.934676888071493, 39.543580131835213 ], [ -105.934815079360504, 39.543833271206907 ], [ -105.935010936108355, 39.544122138589479 ], [ -105.935173626311922, 39.544423180893716 ], [ -105.935279076029985, 39.544815681676873 ], [ -105.935384155087959, 39.545180484664712 ], [ -105.935486706125715, 39.545356943452212 ], [ -105.935804728746433, 39.545592608855038 ], [ -105.935885584520747, 39.545657633609736 ], [ -105.936043451811074, 39.545784591021366 ], [ -105.936113342634115, 39.545915113842902 ], [ -105.936204750433092, 39.546106479664175 ], [ -105.936244900707578, 39.546186107590898 ], [ -105.936502825567842, 39.546416184582498 ], [ -105.936682260568844, 39.54659040414149 ], [ -105.93695446965134, 39.546873130929058 ], [ -105.93714114182049, 39.547108631528708 ], [ -105.937330880449693, 39.547448542372464 ], [ -105.937367243220791, 39.547687809760106 ], [ -105.93742980154893, 39.548044614489207 ], [ -105.937352411727019, 39.548298061304095 ], [ -105.937307282023795, 39.548446991143656 ], [ -105.937180693741098, 39.548547055895725 ], [ -105.93710400421952, 39.548602409065879 ], [ -105.937173154337756, 39.548737385252828 ], [ -105.937275407195202, 39.548830391743685 ], [ -105.937404521036029, 39.548917968656419 ], [ -105.937516860501205, 39.548922605950821 ], [ -105.937571712864468, 39.548839104292362 ], [ -105.937460439875139, 39.548807077687599 ], [ -105.937354964806048, 39.548743855975026 ], [ -105.937282209463234, 39.548651267954412 ], [ -105.937295181766046, 39.548598928986657 ], [ -105.937410042719847, 39.548475556389072 ], [ -105.937470995994772, 39.548391474093954 ], [ -105.937536222272911, 39.548223766646096 ], [ -105.937554102667562, 39.548048082037269 ], [ -105.937498532812427, 39.547741679740767 ], [ -105.937455124846821, 39.547485274780342 ], [ -105.937402603123417, 39.54729390543686 ], [ -105.93726842847623, 39.547121755184151 ], [ -105.937211009128632, 39.547009307835843 ], [ -105.937037966950555, 39.546794291519305 ], [ -105.936865001765483, 39.546584919832497 ], [ -105.93639216152819, 39.546127679567078 ], [ -105.93630479546664, 39.545957135967939 ], [ -105.936168063110387, 39.545730534736641 ], [ -105.936064418521767, 39.545614695431851 ], [ -105.935927001505902, 39.54551794640156 ], [ -105.935708901642684, 39.54538609183367 ], [ -105.935556498921443, 39.545259353556837 ], [ -105.935467008838373, 39.545111408475336 ], [ -105.935425242444197, 39.544897214806838 ], [ -105.935338466537843, 39.54458929130773 ], [ -105.935304826074415, 39.544372477628102 ], [ -105.935169220026694, 39.544121462127009 ], [ -105.935042970536003, 39.543942433876737 ], [ -105.934817693834816, 39.543637505934598 ], [ -105.934596573011305, 39.543279852559806 ], [ -105.934457630713936, 39.542887664904029 ], [ -105.934405390615694, 39.542617099736006 ], [ -105.934215768030626, 39.542251664954016 ], [ -105.934006780955585, 39.541892030973528 ], [ -105.933865153289531, 39.541661702474059 ], [ -105.933653402108803, 39.541458282898908 ], [ -105.933481620194655, 39.541335461125321 ], [ -105.933342263919741, 39.541274479496444 ], [ -105.933134886084858, 39.541215925672915 ], [ -105.932920318624113, 39.541164956554674 ], [ -105.932705751470209, 39.541113987036134 ], [ -105.932522878544901, 39.541070290202313 ], [ -105.932278393732858, 39.540963104658111 ], [ -105.932102787009967, 39.540917467033935 ], [ -105.93193226749554, 39.540888724933758 ], [ -105.931756786989837, 39.54085249498403 ], [ -105.931670580232591, 39.54083323077424 ], [ -105.931521993179828, 39.540731825672907 ], [ -105.931407069061919, 39.540584109231794 ] ] ] } },
{ "type": "Feature", "properties": { "fid": 84, "feature-id": null, "trail_name": "Badger", "feature_type": "Trail", "mountain_area": "Outback", "difficulty": "Black", "acres_25_26": 18.5, "active": true, "notes": null, "gis_acres": 17.84, "trail_id": "T084", "display_from_year": 2006, "display_to_year": 9999 }, "geometry": { "type": "Polygon", "coordinates": [ [ [ -105.923546714686864, 39.548312429399033 ], [ -105.923458269886609, 39.548125224413724 ], [ -105.92344769065889, 39.548090075764549 ], [ -105.92328255147487, 39.54822057435571 ], [ -105.923502944238493, 39.548512834561627 ], [ -105.923594363618378, 39.548724765634994 ], [ -105.923747167218949, 39.548888189313622 ], [ -105.924320308684344, 39.549343247098179 ], [ -105.924512197481278, 39.549780755637819 ], [ -105.924873252554505, 39.550278656996561 ], [ -105.92514397894881, 39.550646937817973 ], [ -105.925637674630025, 39.551123201014107 ], [ -105.925748648127183, 39.551472172846765 ], [ -105.925790550330575, 39.55171275097733 ], [ -105.926006577894356, 39.552202256007995 ], [ -105.926268645536013, 39.552552367422436 ], [ -105.92661519429879, 39.552952780956964 ], [ -105.926787800712177, 39.552928980218503 ], [ -105.927095312065575, 39.552776173276442 ], [ -105.927402362511557, 39.552686047055047 ], [ -105.927702063054639, 39.552599212444605 ], [ -105.928195301542573, 39.552462247495704 ], [ -105.928658983612578, 39.552314472885136 ], [ -105.928983255380942, 39.552209065477939 ], [ -105.928774692529615, 39.552027509375762 ], [ -105.928563038769283, 39.551881275931606 ], [ -105.928363218123039, 39.551664265504186 ], [ -105.928003338309651, 39.551425521645911 ], [ -105.92762400399279, 39.55112077461272 ], [ -105.927305073037616, 39.550887454516044 ], [ -105.926907283725328, 39.550591481557923 ], [ -105.926688819681459, 39.550368864046199 ], [ -105.92645664413449, 39.550232647590256 ], [ -105.926250819659174, 39.550122108309537 ], [ -105.925927991580451, 39.549874433387544 ], [ -105.925425350193223, 39.549516009623787 ], [ -105.925066026264886, 39.549317521767897 ], [ -105.924804480333506, 39.549207423391294 ], [ -105.92449027511212, 39.549048844398051 ], [ -105.924228883727778, 39.548950249111805 ], [ -105.923951526447439, 39.548768364358843 ], [ -105.923744718571385, 39.548583041813657 ], [ -105.923546714686864, 39.548312429399033 ] ] ] } },
{ "type": "Feature", "properties": { "fid": 85, "feature-id": null, "trail_name": "Black Forest", "feature_type": "Trail", "mountain_area": "Outback", "difficulty": "Black", "acres_25_26": 22.8, "active": true, "notes": null, "gis_acres": 14.45, "trail_id": "T085", "display_from_year": 2006, "display_to_year": 9999 }, "geometry": { "type": "Polygon", "coordinates": [ [ [ -105.922348831105381, 39.548531077220375 ], [ -105.922178808933367, 39.548452574114229 ], [ -105.921807864266171, 39.547995021114687 ], [ -105.921310237075488, 39.547406900947429 ], [ -105.920818690262124, 39.546899994357652 ], [ -105.920412522539522, 39.546423367213364 ], [ -105.920212305387693, 39.546198637114856 ], [ -105.920051095120783, 39.545916311097102 ], [ -105.919956570465331, 39.545758029998204 ], [ -105.919874482997258, 39.545630648124259 ], [ -105.920258094890272, 39.545546377551034 ], [ -105.920790802856303, 39.545352612871426 ], [ -105.921092653078659, 39.545410263436175 ], [ -105.921478021708552, 39.545459009965889 ], [ -105.921801159792338, 39.545516489903996 ], [ -105.922220369853932, 39.545594398088461 ], [ -105.922610551140522, 39.54566193948488 ], [ -105.922725045121751, 39.546068228469828 ], [ -105.922840648857004, 39.546546675537684 ], [ -105.922936737528687, 39.546926584650905 ], [ -105.923105664693466, 39.547305915157416 ], [ -105.9233860928952, 39.547853547143291 ], [ -105.923458269886609, 39.548125224413724 ], [ -105.92344769065889, 39.548090075764549 ], [ -105.92328255147487, 39.54822057435571 ], [ -105.923076876743494, 39.548332454149119 ], [ -105.922912194105919, 39.548436611578367 ], [ -105.92264728762602, 39.548496567768112 ], [ -105.922489884802957, 39.548523529622386 ], [ -105.922348831105381, 39.548531077220375 ] ] ] } },
{ "type": "Feature", "properties": { "fid": 86, "feature-id": null, "trail_name": "Bushwhacker", "feature_type": "Trail", "mountain_area": "Outback", "difficulty": "Black", "acres_25_26": 18.0, "active": true, "notes": null, "gis_acres": 15.8, "trail_id": "T086", "display_from_year": 2006, "display_to_year": 9999 }, "geometry": { "type": "Polygon", "coordinates": [ [ [ -105.922912194105919, 39.548436611578367 ], [ -105.923170340941354, 39.548714860276618 ], [ -105.923473664044778, 39.548921880423293 ], [ -105.923677011759935, 39.549145207689769 ], [ -105.923733377285075, 39.549617916067589 ], [ -105.923735804521343, 39.550556452720549 ], [ -105.923774706272255, 39.55122321624701 ], [ -105.923759400838293, 39.551580144214086 ], [ -105.923974216516598, 39.551911972891752 ], [ -105.923962307403443, 39.552524843539885 ], [ -105.92400752732766, 39.552912316882562 ], [ -105.924081672480895, 39.553214236971918 ], [ -105.924089723998421, 39.553264268402955 ], [ -105.924176017100677, 39.55328424999577 ], [ -105.924262096944517, 39.55328815828959 ], [ -105.924337658067728, 39.55328181629617 ], [ -105.924398235949866, 39.55326411133754 ], [ -105.924460190208208, 39.553238357933687 ], [ -105.924498491295225, 39.553218533702825 ], [ -105.924548626538737, 39.553196318897513 ], [ -105.924627001275809, 39.553178472239949 ], [ -105.924670010654921, 39.553178130052359 ], [ -105.924728928647681, 39.553168241337573 ], [ -105.924830318229354, 39.55315916283476 ], [ -105.924931872544121, 39.55316249051431 ], [ -105.925113420643044, 39.553154841721415 ], [ -105.925225466823392, 39.553143610115541 ], [ -105.925388152741533, 39.553123703473901 ], [ -105.925529003165778, 39.553068815683545 ], [ -105.925715425784333, 39.55302597231757 ], [ -105.92576072337171, 39.553017339779331 ], [ -105.925773858644206, 39.553000691705194 ], [ -105.926038020867281, 39.552967405359986 ], [ -105.926331314873224, 39.552953894949198 ], [ -105.92661519429879, 39.552952780956964 ], [ -105.926268645536013, 39.552552367422436 ], [ -105.926006577894356, 39.552202256007995 ], [ -105.925790550330575, 39.55171275097733 ], [ -105.925748648127183, 39.551472172846765 ], [ -105.925637674630025, 39.551123201014107 ], [ -105.925420497141246, 39.55091369318032 ], [ -105.92514397894881, 39.550646937817973 ], [ -105.924873252554505, 39.550278656996561 ], [ -105.924512197481278, 39.549780755637819 ], [ -105.924320308684344, 39.549343247098179 ], [ -105.923747167218949, 39.548888189313622 ], [ -105.923594363618378, 39.548724765634994 ], [ -105.923502944238493, 39.548512834561627 ], [ -105.92328255147487, 39.54822057435571 ], [ -105.923076876743494, 39.548332454149119 ], [ -105.922912194105919, 39.548436611578367 ] ] ] } },
{ "type": "Feature", "properties": { "fid": 87, "feature-id": null, "trail_name": "Coyote Caper", "feature_type": "Trail", "mountain_area": "Outback", "difficulty": "Black", "acres_25_26": 9.9, "active": true, "notes": null, "gis_acres": 10.54, "trail_id": "T087", "display_from_year": 2006, "display_to_year": 9999 }, "geometry": { "type": "Polygon", "coordinates": [ [ [ -105.923657026604062, 39.553386945608985 ], [ -105.923680580206124, 39.553555126151373 ], [ -105.923816316408789, 39.553821454841355 ], [ -105.92449665926695, 39.55367078638416 ], [ -105.924670745729742, 39.553613278849568 ], [ -105.92526210716025, 39.55350623111363 ], [ -105.925466261063676, 39.55346498964591 ], [ -105.926002800278951, 39.55340459328211 ], [ -105.926351408075718, 39.553322583260758 ], [ -105.926717203421234, 39.553250339127942 ], [ -105.927001276142548, 39.553125924478714 ], [ -105.927209208579882, 39.55304833520902 ], [ -105.927622126887286, 39.552992218908479 ], [ -105.928058528285774, 39.552970247430231 ], [ -105.928120248573222, 39.552993524108942 ], [ -105.928657846781903, 39.553012999173575 ], [ -105.929259333727174, 39.55318927025381 ], [ -105.929379010895374, 39.553087177328401 ], [ -105.929603571424082, 39.55292624094831 ], [ -105.929459837967627, 39.552831759505722 ], [ -105.929386798517712, 39.552698374104118 ], [ -105.929327061138309, 39.552608225364182 ], [ -105.929273397005488, 39.552538669515926 ], [ -105.929504942383204, 39.552486961118298 ], [ -105.929808901939211, 39.552441001174586 ], [ -105.929995827102061, 39.552403231768629 ], [ -105.930140245907893, 39.552340410628467 ], [ -105.930270608774848, 39.552277701820053 ], [ -105.930396140830936, 39.552204149409775 ], [ -105.93055741768066, 39.552134832461988 ], [ -105.930726136317844, 39.552031616744671 ], [ -105.930907989452905, 39.551950656116666 ], [ -105.931141020723771, 39.551856862658553 ], [ -105.931261668745535, 39.551759000301224 ], [ -105.931672477142186, 39.551519679865166 ], [ -105.932041399345536, 39.551268271374724 ], [ -105.932429127343198, 39.551079320351164 ], [ -105.932731344587538, 39.550927825006504 ], [ -105.932915184414867, 39.550851814306633 ], [ -105.933183741083198, 39.550775123118314 ], [ -105.933486035246148, 39.550629588007652 ], [ -105.933600799311037, 39.550572019456794 ], [ -105.933849460791023, 39.550447784060971 ], [ -105.934171085868059, 39.550308054653549 ], [ -105.93456563387987, 39.550149849551424 ], [ -105.934703660732197, 39.550104018470087 ], [ -105.934903939481771, 39.550105388963829 ], [ -105.93501970193401, 39.550122346121874 ], [ -105.935138794889738, 39.550100518094595 ], [ -105.935322749940326, 39.550033446882672 ], [ -105.935498202399089, 39.549906815709406 ], [ -105.935693388403166, 39.549815802265201 ], [ -105.935961136763623, 39.549679483066768 ], [ -105.936105901649455, 39.549562042324624 ], [ -105.936175174426722, 39.549558502938993 ], [ -105.936386522820442, 39.549524004848095 ], [ -105.936555994189206, 39.549525620709694 ], [ -105.936735999213667, 39.549537145522137 ], [ -105.936811719821549, 39.549468408837058 ], [ -105.936635656539735, 39.549435536563614 ], [ -105.936423587161912, 39.549416375614122 ], [ -105.936346412762816, 39.549405071779361 ], [ -105.936434017114493, 39.54933281221777 ], [ -105.936560248496349, 39.549269185540716 ], [ -105.936675368526849, 39.549238443741075 ], [ -105.936767183837915, 39.549192982642019 ], [ -105.936851417932886, 39.549156526799507 ], [ -105.93701695751075, 39.549152210874638 ], [ -105.937136369002772, 39.549154229482411 ], [ -105.93726405192713, 39.549183784523478 ], [ -105.937271118393056, 39.549178855199884 ], [ -105.937385022716541, 39.549099399306428 ], [ -105.937200627440077, 39.549064269154222 ], [ -105.93709641831569, 39.549047221007143 ], [ -105.936988438758249, 39.549036165975537 ], [ -105.936911465183243, 39.549039767923901 ], [ -105.936753827683702, 39.549058927035475 ], [ -105.936669673827112, 39.549101344972478 ], [ -105.93644356534061, 39.549183664997102 ], [ -105.936190701766307, 39.549281107133218 ], [ -105.936084003961071, 39.549365445922156 ], [ -105.935946259898401, 39.549432146202705 ], [ -105.93583182009057, 39.549513565701481 ], [ -105.935629294066359, 39.549631471120691 ], [ -105.935357614434778, 39.549761858385295 ], [ -105.935128171774323, 39.549882960962336 ], [ -105.934863471493401, 39.549959625614946 ], [ -105.934751720107656, 39.549954561661785 ], [ -105.934486699166371, 39.550007376791378 ], [ -105.933927009232818, 39.550199704255313 ], [ -105.933605384148834, 39.550339432989688 ], [ -105.933260253728278, 39.550449535531108 ], [ -105.93313048587342, 39.550537038269503 ], [ -105.933066300683137, 39.550632958572805 ], [ -105.932656702567158, 39.550818112021133 ], [ -105.931994265962828, 39.551103678253661 ], [ -105.931566205541529, 39.551348604026522 ], [ -105.931134530385521, 39.551611445617027 ], [ -105.930675298513094, 39.551829785198898 ], [ -105.930319041406861, 39.551972763582157 ], [ -105.929884173560779, 39.551997113659475 ], [ -105.929527038651983, 39.552074505723553 ], [ -105.928983255380942, 39.552209065477939 ], [ -105.928559251242476, 39.552346891529282 ], [ -105.928195301542573, 39.552462247495704 ], [ -105.92763041630046, 39.552619107458213 ], [ -105.927095312065575, 39.552776173276442 ], [ -105.926787800712177, 39.552928980218503 ], [ -105.92661519429879, 39.552952780956964 ], [ -105.926486813493199, 39.55295328483146 ], [ -105.926331314873224, 39.552953894949198 ], [ -105.926038020867281, 39.552967405359986 ], [ -105.925773858644206, 39.553000691705194 ], [ -105.92576072337171, 39.553017339779331 ], [ -105.925715425784333, 39.55302597231757 ], [ -105.925529003165778, 39.553068815683545 ], [ -105.925388152741533, 39.553123703473901 ], [ -105.925225466823392, 39.553143610115541 ], [ -105.925113420643044, 39.553154841721415 ], [ -105.924931872544121, 39.55316249051431 ], [ -105.924830318229354, 39.55315916283476 ], [ -105.924728928647681, 39.553168241337573 ], [ -105.924670010654921, 39.553178130052359 ], [ -105.924627001275809, 39.553178472239949 ], [ -105.924548626538737, 39.553196318897513 ], [ -105.924498491295225, 39.553218533702825 ], [ -105.924460190208208, 39.553238357933687 ], [ -105.924398235949866, 39.55326411133754 ], [ -105.924337658067728, 39.55328181629617 ], [ -105.924262096944517, 39.55328815828959 ], [ -105.924176017100677, 39.55328424999577 ], [ -105.924089723998421, 39.553264268402955 ], [ -105.923657026604062, 39.553386945608985 ] ] ] } },
{ "type": "Feature", "properties": { "fid": 88, "feature-id": null, "trail_name": "Pika Glades", "feature_type": "Trail", "mountain_area": "Outback", "difficulty": "Black", "acres_25_26": 13.6, "active": true, "notes": null, "gis_acres": 37.56, "trail_id": "T088", "display_from_year": 2006, "display_to_year": 9999 }, "geometry": { "type": "Polygon", "coordinates": [ [ [ -105.930590827082696, 39.543096552312129 ], [ -105.930561649790519, 39.542879740070106 ], [ -105.93061816523813, 39.542519805357685 ], [ -105.930892125332392, 39.542042823605456 ], [ -105.931491718986166, 39.541678537514208 ], [ -105.93194394010014, 39.541430735728909 ], [ -105.932710120567691, 39.541234379486106 ], [ -105.933080851130867, 39.541282056000341 ], [ -105.933375672327401, 39.54138388752574 ], [ -105.933620614222718, 39.541529535114357 ], [ -105.933784040350943, 39.541729383685635 ], [ -105.933877345782008, 39.541857435226653 ], [ -105.934033020939026, 39.542073892080737 ], [ -105.934142940076441, 39.542300147424911 ], [ -105.934276638037602, 39.542603685184957 ], [ -105.934349271245509, 39.542932364402631 ], [ -105.934373232020263, 39.542983601942247 ], [ -105.934280165343196, 39.543015372488448 ], [ -105.933768593091685, 39.543107322670245 ], [ -105.933334206017747, 39.543202164368395 ], [ -105.932886251898424, 39.543300626904248 ], [ -105.932450498786977, 39.543293582966811 ], [ -105.932101101617732, 39.543296385562606 ], [ -105.931265520876892, 39.54325389381566 ], [ -105.930933945686917, 39.543231955163243 ], [ -105.930701174451499, 39.543303054304559 ], [ -105.930590827082696, 39.543096552312129 ] ] ] } },
{ "type": "Feature", "properties": { "fid": 89, "feature-id": null, "trail_name": "The Grizz", "feature_type": "Trail", "mountain_area": "Outback", "difficulty": "Black", "acres_25_26": 65.3, "active": true, "notes": null, "gis_acres": 68.1, "trail_id": "T089", "display_from_year": 2006, "display_to_year": 9999 }, "geometry": { "type": "Polygon", "coordinates": [ [ [ -105.922610551140522, 39.54566193948488 ], [ -105.922725045121751, 39.546068228469828 ], [ -105.922840648857004, 39.546546675537684 ], [ -105.922936737528687, 39.546926584650905 ], [ -105.923105664693466, 39.547305915157416 ], [ -105.9233860928952, 39.547853547143291 ], [ -105.923458269886609, 39.548125224413724 ], [ -105.923546714686864, 39.548312429399033 ], [ -105.923744718571385, 39.548583041813657 ], [ -105.923951526447439, 39.548768364358843 ], [ -105.924228883727778, 39.548950249111805 ], [ -105.92449027511212, 39.549048844398051 ], [ -105.924804480333506, 39.549207423391294 ], [ -105.925066026264886, 39.549317521767897 ], [ -105.925425350193223, 39.549516009623787 ], [ -105.925927991580451, 39.549874433387544 ], [ -105.926250819659174, 39.550122108309537 ], [ -105.92645664413449, 39.550232647590256 ], [ -105.926688819681459, 39.550368864046199 ], [ -105.926907283725328, 39.550591481557923 ], [ -105.927305073037616, 39.550887454516044 ], [ -105.92762400399279, 39.55112077461272 ], [ -105.928003338309651, 39.551425521645911 ], [ -105.928179429730108, 39.55154234084177 ], [ -105.928363218123039, 39.551664265504186 ], [ -105.928563038769283, 39.551881275931606 ], [ -105.928774692529615, 39.552027509375762 ], [ -105.928983255380942, 39.552209065477939 ], [ -105.929527038651983, 39.552074505723553 ], [ -105.929884173560779, 39.551997113659475 ], [ -105.930319041406861, 39.551972763582157 ], [ -105.930675298513094, 39.551829785198898 ], [ -105.931134530385521, 39.551611445617027 ], [ -105.931566205541529, 39.551348604026522 ], [ -105.931994265962828, 39.551103678253661 ], [ -105.932656702567158, 39.550818112021133 ], [ -105.93210141111544, 39.550291463219096 ], [ -105.931398768393336, 39.549838149868101 ], [ -105.931144388331461, 39.54965660958981 ], [ -105.930800328377245, 39.549418418693094 ], [ -105.930409055295542, 39.548974078765035 ], [ -105.930175223526192, 39.548561626544888 ], [ -105.929988359682696, 39.548563121947168 ], [ -105.929823892415499, 39.548545439383211 ], [ -105.929747728742981, 39.548496360350171 ], [ -105.929598767218181, 39.548367485347136 ], [ -105.929452278683712, 39.548282433034565 ], [ -105.929348309868942, 39.548271573070359 ], [ -105.929108148301964, 39.548239880517698 ], [ -105.928852458233735, 39.548176160285188 ], [ -105.928706341157351, 39.548118871077683 ], [ -105.928607236519454, 39.548048053269127 ], [ -105.928536171864067, 39.547956551446489 ], [ -105.928441912113911, 39.547824315050057 ], [ -105.928304610426537, 39.547720189393658 ], [ -105.9282718635679, 39.54760012717437 ], [ -105.928181461489146, 39.54754482798981 ], [ -105.928018073256595, 39.54744261530913 ], [ -105.927714454016822, 39.547323254049822 ], [ -105.927546510428684, 39.547233255580245 ], [ -105.927318943071953, 39.547154693274251 ], [ -105.927096338003068, 39.547094358718518 ], [ -105.926961523755139, 39.547011402235249 ], [ -105.92677418875175, 39.546882586025774 ], [ -105.92660067029226, 39.546728084458863 ], [ -105.926485057821978, 39.546551199697134 ], [ -105.926358581520631, 39.546385362074403 ], [ -105.926247556391345, 39.546268023905924 ], [ -105.925918206162194, 39.546210488127237 ], [ -105.925352767262751, 39.546096390128064 ], [ -105.924869786976842, 39.546005697252923 ], [ -105.924350186580597, 39.545999517729015 ], [ -105.923819586896897, 39.545833569375766 ], [ -105.923212128682081, 39.545731332465905 ], [ -105.922729274340711, 39.545670415387022 ], [ -105.922610551140522, 39.54566193948488 ] ] ] } },
{ "type": "Feature", "properties": { "fid": 90, "feature-id": null, "trail_name": "Timberwolf", "feature_type": "Trail", "mountain_area": "Outback", "difficulty": "Black", "acres_25_26": 5.9, "active": true, "notes": null, "gis_acres": 7.8, "trail_id": "T090", "display_from_year": 2006, "display_to_year": 9999 }, "geometry": { "type": "Polygon", "coordinates": [ [ [ -105.922178808933367, 39.548452574114229 ], [ -105.922506277228322, 39.548902887528492 ], [ -105.922914143208459, 39.549484806528035 ], [ -105.923031900031503, 39.549982975927101 ], [ -105.923087760806311, 39.550843057276936 ], [ -105.923219829443838, 39.551582059643856 ], [ -105.923405307627135, 39.552157137712747 ], [ -105.923356692065823, 39.552682444043178 ], [ -105.923529918552347, 39.553171566672091 ], [ -105.923657026604062, 39.553386945608985 ], [ -105.924089723998421, 39.553264268402955 ], [ -105.924081672480895, 39.553214236971918 ], [ -105.92400752732766, 39.552912316882562 ], [ -105.923962307403443, 39.552524843539885 ], [ -105.923970059023659, 39.552125927760471 ], [ -105.923974216516598, 39.551911972891752 ], [ -105.923759400838293, 39.551580144214086 ], [ -105.923774706272255, 39.55122321624701 ], [ -105.923735804521343, 39.550556452720549 ], [ -105.923733377285075, 39.549617916067589 ], [ -105.923677011759935, 39.549145207689769 ], [ -105.923473664044778, 39.548921880423293 ], [ -105.923170340941354, 39.548714860276618 ], [ -105.923029494568752, 39.54856304656672 ], [ -105.922912194105919, 39.548436611578367 ], [ -105.92264728762602, 39.548496567768112 ], [ -105.922489884802957, 39.548523529622386 ], [ -105.922348831105381, 39.548531077220375 ], [ -105.922178808933367, 39.548452574114229 ] ] ] } },
{ "type": "Feature", "properties": { "fid": 91, "feature-id": null, "trail_name": "Wildfire", "feature_type": "Trail", "mountain_area": "Outback", "difficulty": "Black", "acres_25_26": 44.1, "active": true, "notes": null, "gis_acres": 40.54, "trail_id": "T091", "display_from_year": 2006, "display_to_year": 9999 }, "geometry": { "type": "Polygon", "coordinates": [ [ [ -105.931339038400282, 39.540607772527224 ], [ -105.930776547935039, 39.540702567253177 ], [ -105.92986980721966, 39.540864979099879 ], [ -105.929156496570897, 39.541042461357627 ], [ -105.928701833889875, 39.541295449854346 ], [ -105.928055355829031, 39.54165525143096 ], [ -105.927594635455478, 39.54199140219329 ], [ -105.927333767055771, 39.54228716824629 ], [ -105.926692954985867, 39.542536092745223 ], [ -105.92637868677437, 39.542584035988448 ], [ -105.925950375463344, 39.542667242525042 ], [ -105.92577224778654, 39.542834897932167 ], [ -105.925585531768917, 39.543002621459536 ], [ -105.925229625283862, 39.543364525926464 ], [ -105.924725431826857, 39.543554723318834 ], [ -105.924290377269131, 39.543777616004057 ], [ -105.923983605028923, 39.543959590558586 ], [ -105.923651332730486, 39.544161715327611 ], [ -105.922954637998544, 39.544624732546183 ], [ -105.9224244492937, 39.544831195919791 ], [ -105.922091813838705, 39.544963278172787 ], [ -105.921620457184346, 39.544946929565626 ], [ -105.922004026819934, 39.545124104993619 ], [ -105.922197449558425, 39.545237110382736 ], [ -105.922474340515706, 39.545312304894935 ], [ -105.922711005370275, 39.545369244060993 ], [ -105.922979286095085, 39.545398070605721 ], [ -105.923306020218519, 39.545311892232249 ], [ -105.923673103479132, 39.545253253350893 ], [ -105.924015602076068, 39.54511421585287 ], [ -105.924472143688135, 39.544977069956779 ], [ -105.9248933144099, 39.544910475003682 ], [ -105.925124545269298, 39.544873992367179 ], [ -105.925549979786098, 39.544806867792559 ], [ -105.926007263409133, 39.544725926969285 ], [ -105.92640602273336, 39.544680586474364 ], [ -105.927254999724966, 39.544364622857309 ], [ -105.927666433583823, 39.544248905675708 ], [ -105.928685489448981, 39.543755895870632 ], [ -105.9291476747959, 39.543703012048262 ], [ -105.929569725571653, 39.543613992632437 ], [ -105.929944145042327, 39.543535018195236 ], [ -105.930414183307164, 39.543390713884868 ], [ -105.930701174451499, 39.543303054304559 ], [ -105.930590827082696, 39.543096552312129 ], [ -105.930561649790519, 39.542879740070106 ], [ -105.93061816523813, 39.542519805357685 ], [ -105.930892125332392, 39.542042823605456 ], [ -105.931491718986166, 39.541678537514208 ], [ -105.93194394010014, 39.541430735728909 ], [ -105.932710120567691, 39.541234379486106 ], [ -105.932573157697547, 39.541217340197178 ], [ -105.932410680938759, 39.541174448264506 ], [ -105.932262410022773, 39.54110733553302 ], [ -105.932173300425248, 39.541040551692376 ], [ -105.931783955843756, 39.540951264934762 ], [ -105.931756306413973, 39.540937628034463 ], [ -105.931585550525213, 39.540862383951364 ], [ -105.931487019617393, 39.540766086680897 ], [ -105.931407526876313, 39.540690110884682 ], [ -105.931339038400282, 39.540607772527224 ] ] ] } },
{ "type": "Feature", "properties": { "fid": 92, "feature-id": null, "trail_name": "Wolverine", "feature_type": "Trail", "mountain_area": "Outback", "difficulty": "Black", "acres_25_26": 44.6, "active": true, "notes": null, "gis_acres": 54.69, "trail_id": "T092", "display_from_year": 2006, "display_to_year": 9999 }, "geometry": { "type": "Polygon", "coordinates": [ [ [ -105.920615734385805, 39.544560511773341 ], [ -105.921117646290227, 39.544180455207112 ], [ -105.921678350520423, 39.543685765208117 ], [ -105.922180434100923, 39.543247711526242 ], [ -105.92332084533075, 39.542201993645627 ], [ -105.92379835592601, 39.541902009566847 ], [ -105.923986659332627, 39.541712563347389 ], [ -105.924473509781862, 39.541318628825074 ], [ -105.924972069485804, 39.54092459907293 ], [ -105.925226662593303, 39.540686720533145 ], [ -105.925408677083595, 39.540277065824434 ], [ -105.925822329641747, 39.53966599869738 ], [ -105.926014726608258, 39.539156476668509 ], [ -105.926214736090444, 39.538338471487783 ], [ -105.926193324323734, 39.538426042918324 ], [ -105.92673483135637, 39.538568359844959 ], [ -105.927071438669955, 39.538698822788668 ], [ -105.927490053732228, 39.53887067688617 ], [ -105.927826104085554, 39.538959095558425 ], [ -105.928253212162161, 39.53908883257813 ], [ -105.928725570320623, 39.539218206458742 ], [ -105.929116109002564, 39.539320201485239 ], [ -105.929579514018457, 39.539456651198066 ], [ -105.92999720447051, 39.539558426091006 ], [ -105.930297529933313, 39.539682162177577 ], [ -105.930553636929986, 39.539883336762891 ], [ -105.930783344786576, 39.540140784181233 ], [ -105.931058303603933, 39.540397868649322 ], [ -105.931339038400282, 39.540607772527224 ], [ -105.931338105434719, 39.540607929759396 ], [ -105.930776547935039, 39.540702567253177 ], [ -105.92986980721966, 39.540864979099879 ], [ -105.929156496570897, 39.541042461357627 ], [ -105.928701833889875, 39.541295449854346 ], [ -105.928055355829031, 39.54165525143096 ], [ -105.927594635455478, 39.54199140219329 ], [ -105.927333767055771, 39.54228716824629 ], [ -105.926692954985867, 39.542536092745223 ], [ -105.92637868677437, 39.542584035988448 ], [ -105.925950375463344, 39.542667242525042 ], [ -105.92577224778654, 39.542834897932167 ], [ -105.925585531768917, 39.543002621459536 ], [ -105.925229625283862, 39.543364525926464 ], [ -105.924725431826857, 39.543554723318834 ], [ -105.924290377269131, 39.543777616004057 ], [ -105.923983605028923, 39.543959590558586 ], [ -105.923651332730486, 39.544161715327611 ], [ -105.922954637998544, 39.544624732546183 ], [ -105.9224244492937, 39.544831195919791 ], [ -105.922091813838705, 39.544963278172787 ], [ -105.921620457184346, 39.544946929565626 ], [ -105.921485042291451, 39.544854708965147 ], [ -105.920824943633406, 39.544641547139001 ], [ -105.920615734385805, 39.544560511773341 ] ] ] } },
{ "type": "Feature", "properties": { "fid": 93, "feature-id": null, "trail_name": "The Wolf Den", "feature_type": "Trail", "mountain_area": "Outback", "difficulty": "Black", "acres_25_26": 28.9, "active": true, "notes": null, "gis_acres": 40.58, "trail_id": "T093", "display_from_year": 2025, "display_to_year": 9999 }, "geometry": { "type": "Polygon", "coordinates": [ [ [ -105.919830999511987, 39.54521658218362 ], [ -105.919674279156965, 39.545226445675468 ], [ -105.919417103509218, 39.545168653020468 ], [ -105.918838961293886, 39.545010059505792 ], [ -105.918706967067507, 39.544981518916643 ], [ -105.918635507812951, 39.545386364791469 ], [ -105.918734833411875, 39.545800094505005 ], [ -105.918953955807609, 39.546597783522543 ], [ -105.919173255510543, 39.547134487840026 ], [ -105.919527103227821, 39.547791897658826 ], [ -105.920156589270846, 39.548657736152116 ], [ -105.920510887301674, 39.549312275872445 ], [ -105.9210004069908, 39.550438367309752 ], [ -105.921265666830109, 39.551150985521737 ], [ -105.921500527228076, 39.552087732391527 ], [ -105.921631603276609, 39.552873318373344 ], [ -105.921694372867833, 39.553483703694369 ], [ -105.921696570507365, 39.55364976133793 ], [ -105.921731998908143, 39.553800457693498 ], [ -105.922114046032149, 39.553809551101338 ], [ -105.922474566447377, 39.553835287049729 ], [ -105.922955134401931, 39.553860068573478 ], [ -105.923259490751704, 39.55382905410827 ], [ -105.923816316408789, 39.553821454841355 ], [ -105.923680580206124, 39.553555126151373 ], [ -105.923657026604062, 39.553386945608985 ], [ -105.923529918552347, 39.553171566672091 ], [ -105.923356692065823, 39.552682444043178 ], [ -105.923405307627135, 39.552157137712747 ], [ -105.923219829443838, 39.551582059643856 ], [ -105.923109452100533, 39.550964434087767 ], [ -105.923087760806311, 39.550843057276936 ], [ -105.923031900031503, 39.549982975927101 ], [ -105.922914143208459, 39.549484806528035 ], [ -105.922506277228322, 39.548902887528492 ], [ -105.922178808933367, 39.548452574114229 ], [ -105.921807864266171, 39.547995021114687 ], [ -105.921310237075488, 39.547406900947429 ], [ -105.920818690262124, 39.546899994357652 ], [ -105.920412522539522, 39.546423367213364 ], [ -105.920212305387693, 39.546198637114856 ], [ -105.919995502469746, 39.545823221558422 ], [ -105.919956570465331, 39.545758029998204 ], [ -105.919874482997258, 39.545630648124259 ], [ -105.919756298914066, 39.545432619516447 ], [ -105.919830999511987, 39.54521658218362 ] ] ] } },
{ "type": "Feature", "properties": { "fid": 94, "feature-id": null, "trail_name": "The Trap", "feature_type": "Trail", "mountain_area": "Outback", "difficulty": "Black", "acres_25_26": 28.8, "active": true, "notes": null, "gis_acres": 48.41, "trail_id": "T094", "display_from_year": 2025, "display_to_year": 9999 }, "geometry": { "type": "Polygon", "coordinates": [ [ [ -105.918706967067507, 39.544981518916643 ], [ -105.917794923582534, 39.54507169818168 ], [ -105.917185003800896, 39.545171989342379 ], [ -105.916815681385444, 39.545220565878289 ], [ -105.916885588040131, 39.545643431481118 ], [ -105.916908555266204, 39.546166294863461 ], [ -105.916976278088256, 39.546423131689238 ], [ -105.917229791520725, 39.547762406721979 ], [ -105.917601266885782, 39.548832963813041 ], [ -105.917941541269187, 39.549704561760059 ], [ -105.918280803146018, 39.550498698278524 ], [ -105.918828365979934, 39.551910933097439 ], [ -105.918963730725224, 39.552418939892206 ], [ -105.919095751331298, 39.552970179280834 ], [ -105.91925680507066, 39.553302428237657 ], [ -105.919984227591911, 39.553516494033943 ], [ -105.920592761631127, 39.553625376204735 ], [ -105.921260042644917, 39.553733789507916 ], [ -105.921731998908143, 39.553800457693498 ], [ -105.921696570507365, 39.55364976133793 ], [ -105.921694372867833, 39.553483703694369 ], [ -105.921631603276609, 39.552873318373344 ], [ -105.921500527228076, 39.552087732391527 ], [ -105.921265666830109, 39.551150985521737 ], [ -105.9210004069908, 39.550438367309752 ], [ -105.920510887301674, 39.549312275872445 ], [ -105.920262628262179, 39.54885363687751 ], [ -105.920156589270846, 39.548657736152116 ], [ -105.919527103227821, 39.547791897658826 ], [ -105.919173255510543, 39.547134487840026 ], [ -105.918953955807609, 39.546597783522543 ], [ -105.918734833411875, 39.545800094505005 ], [ -105.918635507812951, 39.545386364791469 ], [ -105.918706967067507, 39.544981518916643 ] ] ] } },
{ "type": "Feature", "properties": { "fid": 95, "feature-id": null, "trail_name": "Conquest", "feature_type": "Trail", "mountain_area": "Outback", "difficulty": "Black", "acres_25_26": 28.8, "active": true, "notes": null, "gis_acres": 49.81, "trail_id": "T095", "display_from_year": 2025, "display_to_year": 9999 }, "geometry": { "type": "Polygon", "coordinates": [ [ [ -105.914879751367579, 39.545183376690645 ], [ -105.91482831421412, 39.545511154131844 ], [ -105.91480337300014, 39.545785497969341 ], [ -105.914795713883507, 39.54610783691902 ], [ -105.914852116540715, 39.546478733615722 ], [ -105.914855321507687, 39.547150651402667 ], [ -105.914869436675829, 39.548225412057413 ], [ -105.914764443985959, 39.549164858740305 ], [ -105.914636913645722, 39.549877397060619 ], [ -105.914759800458071, 39.550300322824071 ], [ -105.914768547861641, 39.550966371360325 ], [ -105.914792397966664, 39.551436115717472 ], [ -105.915462143849808, 39.551845609982088 ], [ -105.916001686587862, 39.552131696262741 ], [ -105.916658875779063, 39.552400261439608 ], [ -105.917358491449264, 39.55263530656601 ], [ -105.917800632363907, 39.552847494993664 ], [ -105.918166570401468, 39.552969034869889 ], [ -105.918414320106081, 39.553066621560966 ], [ -105.918747240914584, 39.553122057672901 ], [ -105.91925680507066, 39.553302428237657 ], [ -105.919095751331298, 39.552970179280834 ], [ -105.918963730725224, 39.552418939892206 ], [ -105.918828365979934, 39.551910933097439 ], [ -105.918280803146018, 39.550498698278524 ], [ -105.917941541269187, 39.549704561760059 ], [ -105.917601266885782, 39.548832963813041 ], [ -105.917283366119833, 39.547916805858641 ], [ -105.917229791520725, 39.547762406721979 ], [ -105.916976278088256, 39.546423131689238 ], [ -105.916908555266204, 39.546166294863461 ], [ -105.916885588040131, 39.545643431481118 ], [ -105.916815681385444, 39.545220565878289 ], [ -105.9160213752359, 39.545269703058679 ], [ -105.91544713117473, 39.54526728123907 ], [ -105.914879751367579, 39.545183376690645 ] ] ] } },
{ "type": "Feature", "properties": { "fid": 96, "feature-id": null, "trail_name": "Victory Chutes", "feature_type": "Trail", "mountain_area": "Outback", "difficulty": "Black", "acres_25_26": 28.8, "active": true, "notes": null, "gis_acres": 29.1, "trail_id": "T096", "display_from_year": 2025, "display_to_year": 9999 }, "geometry": { "type": "Polygon", "coordinates": [ [ [ -105.914879751367579, 39.545183376690645 ], [ -105.914178259740183, 39.544999530701247 ], [ -105.913758102353185, 39.544869022304276 ], [ -105.913548809156111, 39.54486362481174 ], [ -105.913139964638447, 39.544902051472363 ], [ -105.912868201073991, 39.544988699415796 ], [ -105.912733333908903, 39.54510948553299 ], [ -105.912504131973236, 39.545667663219717 ], [ -105.912684425071845, 39.546236710973268 ], [ -105.912593042152963, 39.546899447752153 ], [ -105.912548798351537, 39.547688583891855 ], [ -105.912763728678414, 39.548123546986332 ], [ -105.912914157906215, 39.548495631513049 ], [ -105.91285786761128, 39.5490594940349 ], [ -105.912834713263493, 39.549375191287574 ], [ -105.912871557534359, 39.549687600169534 ], [ -105.912943585754149, 39.550185661333842 ], [ -105.913000822458812, 39.550388042996701 ], [ -105.913332393130034, 39.550698136004605 ], [ -105.914069736207253, 39.551148709495472 ], [ -105.914792397966664, 39.551436115717472 ], [ -105.914768547861641, 39.550966371360325 ], [ -105.914759800458071, 39.550300322824071 ], [ -105.914636913645722, 39.549877397060619 ], [ -105.914764443985959, 39.549164858740305 ], [ -105.914869436675829, 39.548225412057413 ], [ -105.914855321507687, 39.547150651402667 ], [ -105.914852116540715, 39.546478733615722 ], [ -105.914795713883507, 39.54610783691902 ], [ -105.91480337300014, 39.545785497969341 ], [ -105.91482831421412, 39.545511154131844 ], [ -105.914879751367579, 39.545183376690645 ] ] ] } },
{ "type": "Feature", "properties": { "fid": 97, "feature-id": null, "trail_name": "The Stadium", "feature_type": "Trail", "mountain_area": "Outback", "difficulty": "Black", "acres_25_26": 28.8, "active": true, "notes": null, "gis_acres": 8.55, "trail_id": "T097", "display_from_year": 2025, "display_to_year": 9999 }, "geometry": { "type": "Polygon", "coordinates": [ [ [ -105.912593042152963, 39.546899447752153 ], [ -105.911900990209787, 39.547325003907055 ], [ -105.911572680602674, 39.547635519111289 ], [ -105.911326643305728, 39.54798757181802 ], [ -105.911171237715394, 39.548187052820865 ], [ -105.91116217574249, 39.548743946284411 ], [ -105.911269059223315, 39.549000427719896 ], [ -105.91137434308402, 39.549134589405057 ], [ -105.911539172610247, 39.549238755526126 ], [ -105.911835701350029, 39.54941360018303 ], [ -105.912037074540052, 39.549693805930431 ], [ -105.91221901039917, 39.549918200426241 ], [ -105.912519393344198, 39.550074944449626 ], [ -105.912734274511365, 39.550283682459764 ], [ -105.913000822458812, 39.550388042996701 ], [ -105.912943585754149, 39.550185661333842 ], [ -105.912871557534359, 39.549687600169534 ], [ -105.912834713263493, 39.549375191287574 ], [ -105.91285786761128, 39.5490594940349 ], [ -105.912914157906215, 39.548495631513049 ], [ -105.912763728678414, 39.548123546986332 ], [ -105.912548798351537, 39.547688583891855 ], [ -105.912593042152963, 39.546899447752153 ] ] ] } },
{ "type": "Feature", "properties": { "fid": 98, "feature-id": null, "trail_name": "Goalpost Gully", "feature_type": "Trail", "mountain_area": "Outback", "difficulty": "Black", "acres_25_26": 64.5, "active": true, "notes": null, "gis_acres": 110.3, "trail_id": "T098", "display_from_year": 2025, "display_to_year": 9999 }, "geometry": { "type": "Polygon", "coordinates": [ [ [ -105.912753282064259, 39.544739111903546 ], [ -105.912236005896744, 39.544578565449854 ], [ -105.911743758615572, 39.544455806720201 ], [ -105.911021992163356, 39.544290527738696 ], [ -105.91019319078417, 39.54406910294648 ], [ -105.909388180176933, 39.543790506489863 ], [ -105.908795514279575, 39.543491251055265 ], [ -105.90812992639033, 39.543243210883958 ], [ -105.907538754754185, 39.543057896489131 ], [ -105.907120755951794, 39.543611962348827 ], [ -105.90640450393019, 39.544497568414258 ], [ -105.905843507183334, 39.545375628998585 ], [ -105.905135726791997, 39.546286485333205 ], [ -105.904525156385361, 39.547089965680968 ], [ -105.903974137841729, 39.547870694250577 ], [ -105.903363414940074, 39.548651884229699 ], [ -105.903269152674852, 39.549669385254582 ], [ -105.903217729159095, 39.550307575898081 ], [ -105.90446019469249, 39.550362616815967 ], [ -105.906524268267432, 39.550244858584065 ], [ -105.90833774281306, 39.550138265904103 ], [ -105.909329134291951, 39.550167486744698 ], [ -105.909901344987333, 39.550098304879612 ], [ -105.910841355889573, 39.549850614746752 ], [ -105.91184552946514, 39.549944417359917 ], [ -105.912734274511365, 39.550283682459764 ], [ -105.913000822458812, 39.550388042996701 ], [ -105.912734274511365, 39.550283682459764 ], [ -105.912519393344198, 39.550074944449626 ], [ -105.91221901039917, 39.549918200426241 ], [ -105.912037074540052, 39.549693805930431 ], [ -105.911835701350029, 39.54941360018303 ], [ -105.911539172610247, 39.549238755526126 ], [ -105.91137434308402, 39.549134589405057 ], [ -105.911269059223315, 39.549000427719896 ], [ -105.91116217574249, 39.548743946284411 ], [ -105.911171237715394, 39.548187052820865 ], [ -105.911326643305728, 39.54798757181802 ], [ -105.911572680602674, 39.547635519111289 ], [ -105.911900990209787, 39.547325003907055 ], [ -105.912593042152963, 39.546899447752153 ], [ -105.912684425071845, 39.546236710973268 ], [ -105.912504131973236, 39.545667663219717 ], [ -105.912733333908903, 39.54510948553299 ], [ -105.912868201073991, 39.544988699415796 ], [ -105.913139964638447, 39.544902051472363 ], [ -105.913548809156111, 39.54486362481174 ], [ -105.912753282064259, 39.544739111903546 ] ] ] } },
{ "type": "Feature", "properties": { "fid": 99, "feature-id": null, "trail_name": "Christmas Tree", "feature_type": "Trail", "mountain_area": "Outback", "difficulty": "Black", "acres_25_26": 64.5, "active": true, "notes": null, "gis_acres": 56.91, "trail_id": "T099", "display_from_year": 2025, "display_to_year": 9999 }, "geometry": { "type": "Polygon", "coordinates": [ [ [ -105.903217729159095, 39.550307575898081 ], [ -105.903217729159095, 39.550307575898081 ], [ -105.903073640710105, 39.551994457373723 ], [ -105.903751887893293, 39.553893901441086 ], [ -105.905199642894416, 39.553977082938566 ], [ -105.907090339254722, 39.553274214991589 ], [ -105.907989553137099, 39.552727486165104 ], [ -105.909570014624293, 39.552296854804105 ], [ -105.910574290210192, 39.551789761739059 ], [ -105.911246901761984, 39.551244782923561 ], [ -105.912356596730518, 39.550804311241329 ], [ -105.913332393130034, 39.550698136004605 ], [ -105.913000822458812, 39.550388042996701 ], [ -105.912734274511365, 39.550283682459764 ], [ -105.91184552946514, 39.549944417359917 ], [ -105.910841355889573, 39.549850614746752 ], [ -105.909901344987333, 39.550098304879612 ], [ -105.909329134291951, 39.550167486744698 ], [ -105.90833774281306, 39.550138265904103 ], [ -105.907570888576672, 39.550183343667193 ], [ -105.906524268267432, 39.550244858584065 ], [ -105.90446019469249, 39.550362616815967 ], [ -105.903217729159095, 39.550307575898081 ] ] ] } },
{ "type": "Feature", "properties": { "fid": 100, "feature-id": null, "trail_name": "The Corral", "feature_type": "Trail", "mountain_area": "Outback", "difficulty": "Black", "acres_25_26": 64.5, "active": true, "notes": null, "gis_acres": 22.2, "trail_id": "T100", "display_from_year": 2025, "display_to_year": 9999 }, "geometry": { "type": "Polygon", "coordinates": [ [ [ -105.903751887893293, 39.553893901441086 ], [ -105.904023641043764, 39.554687855656702 ], [ -105.904492019740275, 39.555858073761065 ], [ -105.905028446995857, 39.555557058879501 ], [ -105.90575482707537, 39.55511963454903 ], [ -105.906549681588146, 39.554587222867994 ], [ -105.907586934552228, 39.553931478979678 ], [ -105.908521184637024, 39.553397965142111 ], [ -105.909733383402624, 39.552794805053111 ], [ -105.910738017713484, 39.552314693132971 ], [ -105.911464680923984, 39.551904216255402 ], [ -105.912331461649487, 39.551546605692565 ], [ -105.913776167001004, 39.55140032899466 ], [ -105.914792397966664, 39.551436115717472 ], [ -105.914069736207253, 39.551148709495472 ], [ -105.913332393130034, 39.550698136004605 ], [ -105.912728647500259, 39.550763829845764 ], [ -105.912356596730518, 39.550804311241329 ], [ -105.911246901761984, 39.551244782923561 ], [ -105.910574290210192, 39.551789761739059 ], [ -105.909570014624293, 39.552296854804105 ], [ -105.908702148440341, 39.552533327269714 ], [ -105.907989553137099, 39.552727486165104 ], [ -105.907090339254722, 39.553274214991589 ], [ -105.905199642894416, 39.553977082938566 ], [ -105.903751887893293, 39.553893901441086 ] ] ] } },
{ "type": "Feature", "properties": { "fid": 101, "feature-id": null, "trail_name": "South Bowl Trees", "feature_type": "Trail", "mountain_area": "Outback", "difficulty": "Black", "acres_25_26": 46.2, "active": true, "notes": null, "gis_acres": 61.4, "trail_id": "T101", "display_from_year": 2025, "display_to_year": 9999 }, "geometry": { "type": "Polygon", "coordinates": [ [ [ -105.919830999511987, 39.54521658218362 ], [ -105.919674279156965, 39.545226445675468 ], [ -105.919417103509218, 39.545168653020468 ], [ -105.918838961293886, 39.545010059505792 ], [ -105.918706967067507, 39.544981518916643 ], [ -105.91869401266004, 39.544429596553414 ], [ -105.918819691328565, 39.54404037290054 ], [ -105.919041685138097, 39.543515350938812 ], [ -105.919414990679073, 39.542545198806245 ], [ -105.920181564841471, 39.541541042857467 ], [ -105.920994715789575, 39.540450258039407 ], [ -105.921844230754857, 39.539704197699479 ], [ -105.921818212316438, 39.53894043409457 ], [ -105.9216753206329, 39.538538052818794 ], [ -105.92166006705628, 39.538364299330183 ], [ -105.922212480744008, 39.538106779314248 ], [ -105.922699023802068, 39.537941739519837 ], [ -105.92338632548757, 39.537901242541622 ], [ -105.923966518365674, 39.53797371708189 ], [ -105.92475420139148, 39.537995483785544 ], [ -105.925325532874822, 39.538082037542068 ], [ -105.925644036101019, 39.538212648778 ], [ -105.926193324323734, 39.538426042918324 ], [ -105.926214736090444, 39.538338471487783 ], [ -105.926014726608258, 39.539156476668509 ], [ -105.925822329641747, 39.53966599869738 ], [ -105.925408677083595, 39.540277065824434 ], [ -105.925226662593303, 39.540686720533145 ], [ -105.924972069485804, 39.54092459907293 ], [ -105.924473509781862, 39.541318628825074 ], [ -105.923986659332627, 39.541712563347389 ], [ -105.92379835592601, 39.541902009566847 ], [ -105.92332084533075, 39.542201993645627 ], [ -105.922180434100923, 39.543247711526242 ], [ -105.921678350520423, 39.543685765208117 ], [ -105.921117646290227, 39.544180455207112 ], [ -105.920615734385805, 39.544560511773341 ], [ -105.920353843469329, 39.544615843060157 ], [ -105.920059142666304, 39.544726314338369 ], [ -105.919863658352924, 39.544907090386062 ], [ -105.919830999511987, 39.54521658218362 ] ] ] } },
{ "type": "Feature", "properties": { "fid": 102, "feature-id": null, "trail_name": "Bingo", "feature_type": "Trail", "mountain_area": "Outback", "difficulty": "Black", "acres_25_26": 46.2, "active": true, "notes": null, "gis_acres": 57.17, "trail_id": "T102", "display_from_year": 2025, "display_to_year": 9999 }, "geometry": { "type": "Polygon", "coordinates": [ [ [ -105.918706967067507, 39.544981518916643 ], [ -105.917794923582534, 39.54507169818168 ], [ -105.917185003800896, 39.545171989342379 ], [ -105.916815681385444, 39.545220565878289 ], [ -105.9160213752359, 39.545269703058679 ], [ -105.91544713117473, 39.54526728123907 ], [ -105.914879751367579, 39.545183376690645 ], [ -105.91493637423352, 39.544861213175693 ], [ -105.9150022955737, 39.544540046823428 ], [ -105.915066506856022, 39.544343015462537 ], [ -105.915207053005389, 39.54410918086711 ], [ -105.915269740850235, 39.543050491879967 ], [ -105.915258281259938, 39.542178158019674 ], [ -105.915087064012923, 39.541919635146996 ], [ -105.915288753346886, 39.541760268175203 ], [ -105.915928675506962, 39.541198360509512 ], [ -105.916318472864035, 39.54075907593095 ], [ -105.91692522930542, 39.540410889749218 ], [ -105.917497366836116, 39.540165065897426 ], [ -105.917949277164837, 39.539892345491452 ], [ -105.918520183450028, 39.539553715230177 ], [ -105.918853454292218, 39.539374739923467 ], [ -105.919489177626573, 39.539406836901456 ], [ -105.920074876161635, 39.539281547535417 ], [ -105.920623144741185, 39.539045178378004 ], [ -105.921086775509963, 39.53875379073596 ], [ -105.92166006705628, 39.538364299330183 ], [ -105.9216753206329, 39.538538052818794 ], [ -105.921818212316438, 39.53894043409457 ], [ -105.921844230754857, 39.539704197699479 ], [ -105.920994715789575, 39.540450258039407 ], [ -105.920822547555943, 39.540681212910698 ], [ -105.920181564841471, 39.541541042857467 ], [ -105.919414990679073, 39.542545198806245 ], [ -105.919041685138097, 39.543515350938812 ], [ -105.918819691328565, 39.54404037290054 ], [ -105.91869401266004, 39.544429596553414 ], [ -105.918706967067507, 39.544981518916643 ] ] ] } },
{ "type": "Feature", "properties": { "fid": 103, "feature-id": null, "trail_name": "Mr. Toad's Wild Ride", "feature_type": "Trail", "mountain_area": "Outback", "difficulty": "Black", "acres_25_26": 46.2, "active": true, "notes": null, "gis_acres": 10.05, "trail_id": "T103", "display_from_year": 2025, "display_to_year": 9999 }, "geometry": { "type": "Polygon", "coordinates": [ [ [ -105.915087064012923, 39.541919635146996 ], [ -105.915288753346886, 39.541760268175203 ], [ -105.915928675506962, 39.541198360509512 ], [ -105.916318472864035, 39.54075907593095 ], [ -105.91692522930542, 39.540410889749218 ], [ -105.917497366836116, 39.540165065897426 ], [ -105.917949277164837, 39.539892345491452 ], [ -105.918520183450028, 39.539553715230177 ], [ -105.918853454292218, 39.539374739923467 ], [ -105.919489177626573, 39.539406836901456 ], [ -105.920074876161635, 39.539281547535417 ], [ -105.920623144741185, 39.539045178378004 ], [ -105.921086775509963, 39.53875379073596 ], [ -105.92166006705628, 39.538364299330183 ], [ -105.922212480744008, 39.538106779314248 ], [ -105.92262863165962, 39.537965617343261 ], [ -105.922699023802068, 39.537941739519837 ], [ -105.92338632548757, 39.537901242541622 ], [ -105.923966518365674, 39.53797371708189 ], [ -105.92475420139148, 39.537995483785544 ], [ -105.925325532874822, 39.538082037542068 ], [ -105.925644036101019, 39.538212648778 ], [ -105.926193324323734, 39.538426042918324 ], [ -105.92673483135637, 39.538568359844959 ], [ -105.927071438669955, 39.538698822788668 ], [ -105.927490053732228, 39.53887067688617 ], [ -105.927826104085554, 39.538959095558425 ], [ -105.928092686278632, 39.539040071977865 ], [ -105.928253212162161, 39.53908883257813 ], [ -105.928725570320623, 39.539218206458742 ], [ -105.929116109002564, 39.539320201485239 ], [ -105.929579514018457, 39.539456651198066 ], [ -105.92999720447051, 39.539558426091006 ], [ -105.930297529933313, 39.539682162177577 ], [ -105.930553636929986, 39.539883336762891 ], [ -105.930783344786576, 39.540140784181233 ], [ -105.931058303603933, 39.540397868649322 ], [ -105.931339038400282, 39.540607772527224 ], [ -105.931407069061919, 39.540584109231794 ], [ -105.931190367238983, 39.540362528070055 ], [ -105.930931508244072, 39.54006400551728 ], [ -105.930681142900042, 39.539735584195952 ], [ -105.930471937114618, 39.539604170787442 ], [ -105.930105158843375, 39.539435009382878 ], [ -105.929328780775947, 39.539218640738142 ], [ -105.928395264087825, 39.538996638264436 ], [ -105.927722822888271, 39.538795490980498 ], [ -105.927138946376459, 39.538568392444397 ], [ -105.926549055680439, 39.538334455009213 ], [ -105.926337508606935, 39.53824894531747 ], [ -105.925757732097111, 39.538106708373718 ], [ -105.925455614759812, 39.537895713825435 ], [ -105.925120073224733, 39.537845608543961 ], [ -105.924458155057124, 39.537765973834816 ], [ -105.923906910511604, 39.537763473055577 ], [ -105.923521148483644, 39.537725235483208 ], [ -105.922907798790661, 39.537732401926228 ], [ -105.922496948155924, 39.537813680882486 ], [ -105.922184003484375, 39.537903360150814 ], [ -105.921805442649912, 39.537961434178719 ], [ -105.921490048982534, 39.538090139702241 ], [ -105.921146204883044, 39.538308560390746 ], [ -105.920837705079606, 39.538510637645906 ], [ -105.920616440686231, 39.538810692205153 ], [ -105.920339169151063, 39.538909262471954 ], [ -105.919956128709586, 39.539077508159558 ], [ -105.91959328416246, 39.539204289477624 ], [ -105.918952373850075, 39.539145108898737 ], [ -105.918725020165198, 39.539208861205047 ], [ -105.918289602936497, 39.539450943540878 ], [ -105.91778962521208, 39.539741721270261 ], [ -105.917233370955557, 39.540035235605224 ], [ -105.916782673991051, 39.540243013445263 ], [ -105.916436541097667, 39.540289341090947 ], [ -105.916226568929545, 39.540323121290882 ], [ -105.915970118654243, 39.540428400905263 ], [ -105.915703321988957, 39.540648492920148 ], [ -105.915475016768255, 39.540865986519108 ], [ -105.915178613621549, 39.541088605146896 ], [ -105.914731668857328, 39.541583174100559 ], [ -105.915087064012923, 39.541919635146996 ] ] ] } },
{ "type": "Feature", "properties": { "fid": 104, "feature-id": null, "trail_name": "Puma Bowl", "feature_type": "Trail", "mountain_area": "Outback", "difficulty": "Black", "acres_25_26": 41.6, "active": true, "notes": null, "gis_acres": 41.09, "trail_id": "T104", "display_from_year": 2025, "display_to_year": 9999 }, "geometry": { "type": "Polygon", "coordinates": [ [ [ -105.914879751367579, 39.545183376690645 ], [ -105.914178259740183, 39.544999530701247 ], [ -105.913758102353185, 39.544869022304276 ], [ -105.913548809156111, 39.54486362481174 ], [ -105.912753282064259, 39.544739111903546 ], [ -105.912236005896744, 39.544578565449854 ], [ -105.911743758615572, 39.544455806720201 ], [ -105.911576558822375, 39.544417519721051 ], [ -105.911021992163356, 39.544290527738696 ], [ -105.91019319078417, 39.54406910294648 ], [ -105.909388180176933, 39.543790506489863 ], [ -105.908795514279575, 39.543491251055265 ], [ -105.90812992639033, 39.543243210883958 ], [ -105.907538754754185, 39.543057896489131 ], [ -105.907871958472839, 39.542573904275066 ], [ -105.908144703585776, 39.542203026915175 ], [ -105.908542482899406, 39.541785926605293 ], [ -105.908790697785975, 39.541550974404217 ], [ -105.909609079052558, 39.540899831542298 ], [ -105.910180950311059, 39.540390873035783 ], [ -105.911882591481273, 39.540806407405448 ], [ -105.912757489658091, 39.540981730293851 ], [ -105.912811122851807, 39.54208204198725 ], [ -105.912993755946573, 39.542551265640959 ], [ -105.913302013432798, 39.543304749277517 ], [ -105.913510012583842, 39.543716312060923 ], [ -105.913939660242576, 39.544072569094311 ], [ -105.914392360877585, 39.544302388394406 ], [ -105.915041373844147, 39.544420135867696 ], [ -105.9150022955737, 39.544540046823428 ], [ -105.91493637423352, 39.544861213175693 ], [ -105.914879751367579, 39.545183376690645 ] ] ] } },
{ "type": "Feature", "properties": { "fid": 105, "feature-id": null, "trail_name": "Wombat Chutes", "feature_type": "Trail", "mountain_area": "Outback", "difficulty": "Black", "acres_25_26": 41.6, "active": true, "notes": null, "gis_acres": 13.76, "trail_id": "T105", "display_from_year": 2025, "display_to_year": 9999 }, "geometry": { "type": "Polygon", "coordinates": [ [ [ -105.915041373844147, 39.544420135867696 ], [ -105.914392360877585, 39.544302388394406 ], [ -105.913939660242576, 39.544072569094311 ], [ -105.913510012583842, 39.543716312060923 ], [ -105.913302013432798, 39.543304749277517 ], [ -105.912993755946573, 39.542551265640959 ], [ -105.912811122851807, 39.54208204198725 ], [ -105.912757489658091, 39.540981730293851 ], [ -105.913313162277603, 39.541268362095785 ], [ -105.913905264985544, 39.541386382321164 ], [ -105.914338358633429, 39.541461041631045 ], [ -105.914731668857328, 39.541583174100559 ], [ -105.915087064012923, 39.541919635146996 ], [ -105.915258281259938, 39.542178158019674 ], [ -105.915269740850235, 39.543050491879967 ], [ -105.915207053005389, 39.54410918086711 ], [ -105.915066506856022, 39.544343015462537 ], [ -105.915041373844147, 39.544420135867696 ] ] ] } },
{ "type": "Feature", "properties": { "fid": 106, "feature-id": null, "trail_name": "Tele Trees", "feature_type": "Trail", "mountain_area": "Outback", "difficulty": "Black", "acres_25_26": 41.6, "active": true, "notes": null, "gis_acres": 50.71, "trail_id": "T106", "display_from_year": 2025, "display_to_year": 9999 }, "geometry": { "type": "Polygon", "coordinates": [ [ [ -105.910180950311059, 39.540390873035783 ], [ -105.910573154458916, 39.540038980632936 ], [ -105.910982220072739, 39.53948785406174 ], [ -105.911487414037808, 39.538860767346996 ], [ -105.912047954034762, 39.538222500568637 ], [ -105.912485448435135, 39.537724863309641 ], [ -105.913046392512172, 39.537118819153001 ], [ -105.914366506985218, 39.53726959489066 ], [ -105.915465211550753, 39.537465073911221 ], [ -105.916413994650711, 39.537865852138594 ], [ -105.917097770614234, 39.538161278350493 ], [ -105.917796133708208, 39.538510303065628 ], [ -105.918717904317162, 39.538964993347619 ], [ -105.918952373850075, 39.539145108898737 ], [ -105.918725020165198, 39.539208861205047 ], [ -105.918289602936497, 39.539450943540878 ], [ -105.91778962521208, 39.539741721270261 ], [ -105.917233370955557, 39.540035235605224 ], [ -105.916782673991051, 39.540243013445263 ], [ -105.916436541097667, 39.540289341090947 ], [ -105.916226568929545, 39.540323121290882 ], [ -105.915970118654243, 39.540428400905263 ], [ -105.915703321988957, 39.540648492920148 ], [ -105.915475016768255, 39.540865986519108 ], [ -105.915178613621549, 39.541088605146896 ], [ -105.914731668857328, 39.541583174100559 ], [ -105.914338358633429, 39.541461041631045 ], [ -105.913905264985544, 39.541386382321164 ], [ -105.913313162277603, 39.541268362095785 ], [ -105.912757489658091, 39.540981730293851 ], [ -105.912510403644731, 39.540932216910782 ], [ -105.911882591481273, 39.540806407405448 ], [ -105.910180950311059, 39.540390873035783 ] ] ] } },
{ "type": "Feature", "properties": { "fid": 107, "feature-id": null, "trail_name": "Miners", "feature_type": "Trail", "mountain_area": "Bergman", "difficulty": "Green", "acres_25_26": 4.6, "active": true, "notes": null, "gis_acres": 4.29, "trail_id": "T107", "display_from_year": 2023, "display_to_year": 9999 }, "geometry": { "type": "Polygon", "coordinates": [ [ [ -105.931354752655736, 39.559922512471751 ], [ -105.931505441959985, 39.559829727519848 ], [ -105.931376608453007, 39.55971984812804 ], [ -105.931278509708875, 39.559596212088358 ], [ -105.931217111959938, 39.559594441861982 ], [ -105.931203426360469, 39.559445244882838 ], [ -105.931016662737434, 39.559247665714366 ], [ -105.930503888768655, 39.559367145860485 ], [ -105.930287914040861, 39.559389234931537 ], [ -105.930083779259661, 39.559422539954483 ], [ -105.929757664572037, 39.559513376123917 ], [ -105.92947821465097, 39.55959705149747 ], [ -105.929260644847162, 39.55971868918801 ], [ -105.929516331617961, 39.559825231049452 ], [ -105.929767020337096, 39.559995154541959 ], [ -105.929936995919419, 39.560029990072458 ], [ -105.930168348440588, 39.560283769615445 ], [ -105.930363667847601, 39.560465446066125 ], [ -105.930408862502148, 39.560566884212896 ], [ -105.930490283577683, 39.560973432180496 ], [ -105.930619460019741, 39.560798206772034 ], [ -105.930763731146641, 39.560659055866168 ], [ -105.930952017672851, 39.560533125520848 ], [ -105.931102464911561, 39.560418809153894 ], [ -105.931268551740899, 39.560381282796875 ], [ -105.931415348419009, 39.560388500930188 ], [ -105.93141236971546, 39.560338010757604 ], [ -105.931396919691906, 39.560187349067611 ], [ -105.931410328170287, 39.560059853837075 ], [ -105.931354752655736, 39.559922512471751 ] ] ] } },
{ "type": "Feature", "properties": { "fid": 108, "feature-id": null, "trail_name": "Ten Mile", "feature_type": "Trail", "mountain_area": "Bergman", "difficulty": "Green", "acres_25_26": 21.4, "active": true, "notes": null, "gis_acres": 21.18, "trail_id": "T108", "display_from_year": 2023, "display_to_year": 9999 }, "geometry": { "type": "Polygon", "coordinates": [ [ [ -105.914585110769735, 39.563349402131735 ], [ -105.914257219982801, 39.563346906883091 ], [ -105.914533382507301, 39.562905720540648 ], [ -105.914687703510921, 39.562673579871785 ], [ -105.914852224847408, 39.562469272841625 ], [ -105.915050494229874, 39.562338291695383 ], [ -105.915722190018926, 39.562307624329129 ], [ -105.916724815170383, 39.562261654802029 ], [ -105.917692014245105, 39.562264171724323 ], [ -105.918357184958523, 39.562236078307222 ], [ -105.919008907401064, 39.562182710940171 ], [ -105.919749608883563, 39.562164162827564 ], [ -105.920014973859708, 39.562149374066898 ], [ -105.920295958197784, 39.56207609507662 ], [ -105.920589316522026, 39.561946889102096 ], [ -105.921216039208133, 39.561738910799207 ], [ -105.921811737132856, 39.56155040268149 ], [ -105.922420973426, 39.561374082119023 ], [ -105.923348398440197, 39.561097726279691 ], [ -105.923932893527024, 39.560920520647478 ], [ -105.924546652725326, 39.560725315724838 ], [ -105.925501499314791, 39.560540079946961 ], [ -105.926456138108577, 39.560339612096698 ], [ -105.927062990887862, 39.560119072474222 ], [ -105.928007176262795, 39.559872997608494 ], [ -105.928598306442211, 39.559703328516491 ], [ -105.929148302590207, 39.559399489897004 ], [ -105.929649360643737, 39.559113803710375 ], [ -105.929986150274374, 39.559047667854024 ], [ -105.93030337282184, 39.55898930060868 ], [ -105.930590380529708, 39.558877883815732 ], [ -105.930940483666518, 39.558826864484132 ], [ -105.931229220284891, 39.558844852375927 ], [ -105.931820056033644, 39.559052495895038 ], [ -105.931808537896814, 39.559196855541749 ], [ -105.931692012577841, 39.559130435068283 ], [ -105.931152040923919, 39.55895712735515 ], [ -105.931047415728372, 39.558978266799116 ], [ -105.931016662737434, 39.559247665714366 ], [ -105.930503888768655, 39.559367145860485 ], [ -105.930287914040861, 39.559389234931537 ], [ -105.930083779259661, 39.559422539954483 ], [ -105.929757664572037, 39.559513376123917 ], [ -105.92947821465097, 39.55959705149747 ], [ -105.929260644847162, 39.55971868918801 ], [ -105.928529945070593, 39.559985553786227 ], [ -105.928294803557606, 39.56005341117617 ], [ -105.928233771734213, 39.560147791688351 ], [ -105.927966119095984, 39.560236209279523 ], [ -105.927682278173194, 39.56033998137525 ], [ -105.927300262576395, 39.560457224432568 ], [ -105.926928586659841, 39.560612448501402 ], [ -105.926606553448408, 39.560802802660291 ], [ -105.9261070612597, 39.560961580810698 ], [ -105.925088948515381, 39.561073733381754 ], [ -105.924516220051885, 39.561149345247941 ], [ -105.924241901387248, 39.561230194360512 ], [ -105.923884471688169, 39.561471575479011 ], [ -105.923266079988025, 39.561565307751394 ], [ -105.92256336233163, 39.561728222725861 ], [ -105.921878812777379, 39.562025484740055 ], [ -105.921382646031091, 39.56218929153863 ], [ -105.920786296048334, 39.562463008963633 ], [ -105.919581334198824, 39.562827820945103 ], [ -105.919018653938352, 39.562921089797122 ], [ -105.918419175291845, 39.562958818471088 ], [ -105.917218945592225, 39.562937845914988 ], [ -105.91616667032126, 39.562948684077234 ], [ -105.91564004770612, 39.563041520479679 ], [ -105.915412236462785, 39.563110637260344 ], [ -105.915239445348163, 39.563199267563995 ], [ -105.915093405581146, 39.56336248924557 ], [ -105.914948325456137, 39.563353657938229 ], [ -105.914870495104594, 39.563314376132212 ], [ -105.914586482544649, 39.563274223710458 ], [ -105.914585110769735, 39.563349402131735 ] ] ] } },
{ "type": "Feature", "properties": { "fid": 109, "feature-id": null, "trail_name": "Quandary", "feature_type": "Trail", "mountain_area": "Bergman", "difficulty": "Green", "acres_25_26": 13.1, "active": true, "notes": null, "gis_acres": 11.44, "trail_id": "T109", "display_from_year": 2023, "display_to_year": 9999 }, "geometry": { "type": "Polygon", "coordinates": [ [ [ -105.928529945070593, 39.559985553786227 ], [ -105.929260644847162, 39.55971868918801 ], [ -105.929516331617961, 39.559825231049452 ], [ -105.929767020337096, 39.559995154541959 ], [ -105.929936995919419, 39.560029990072458 ], [ -105.930168348440588, 39.560283769615445 ], [ -105.930363667847601, 39.560465446066125 ], [ -105.930408862502148, 39.560566884212896 ], [ -105.930490283577683, 39.560973432180496 ], [ -105.930564810454825, 39.561120380460245 ], [ -105.930549943023763, 39.561421795523408 ], [ -105.930668154413738, 39.56178357418041 ], [ -105.931026701218443, 39.562313089298051 ], [ -105.931056438599526, 39.562558568136268 ], [ -105.931156268898874, 39.562958521114403 ], [ -105.931435468887116, 39.563488670581698 ], [ -105.931560346248048, 39.56378311508621 ], [ -105.931827257825873, 39.563959412528689 ], [ -105.932228645464463, 39.564017622573012 ], [ -105.932466443162724, 39.563995238318071 ], [ -105.932711524231479, 39.563952318703784 ], [ -105.93282326826079, 39.564112307910513 ], [ -105.932837387620609, 39.564319883929677 ], [ -105.933021050076448, 39.564488071214186 ], [ -105.933222039862216, 39.564539110975886 ], [ -105.933411222495721, 39.564555142802242 ], [ -105.933573560344257, 39.564542137962398 ], [ -105.933875876060327, 39.564539708907731 ], [ -105.933996670255141, 39.564504289483729 ], [ -105.934159991761874, 39.564710734014611 ], [ -105.934237840470558, 39.565090672926253 ], [ -105.934051069470627, 39.564921502329852 ], [ -105.93385346460974, 39.564841184793679 ], [ -105.933502334824311, 39.564867407539431 ], [ -105.93325016364841, 39.564945488186289 ], [ -105.933028458888529, 39.565040874891004 ], [ -105.932859071327272, 39.5650919631872 ], [ -105.932676504835001, 39.565005672524485 ], [ -105.932350847227426, 39.564958557308472 ], [ -105.932066523735244, 39.564893558449597 ], [ -105.931930285134712, 39.564880025071517 ], [ -105.931838532870458, 39.564801780377913 ], [ -105.931764892664035, 39.564664886346677 ], [ -105.93171057808118, 39.564560014547588 ], [ -105.931557384910548, 39.564409132153358 ], [ -105.931522122070646, 39.564315808345789 ], [ -105.931515721024383, 39.56411987109356 ], [ -105.931372082703462, 39.564118097177378 ], [ -105.931273791499066, 39.564115959693765 ], [ -105.931122712692101, 39.564123020702482 ], [ -105.930953037170354, 39.563869887461131 ], [ -105.930633631867522, 39.563671361424134 ], [ -105.930522129368285, 39.563606601913094 ], [ -105.930462099446359, 39.563530012372674 ], [ -105.930456809862477, 39.56341016774887 ], [ -105.930272728657215, 39.563157595254431 ], [ -105.930603929258339, 39.562916142248369 ], [ -105.930643620060223, 39.562775414647305 ], [ -105.930569476189135, 39.562600496184693 ], [ -105.930361431900636, 39.562303791173811 ], [ -105.930168348349085, 39.561995265207976 ], [ -105.930027633680325, 39.561929111728425 ], [ -105.929799459907514, 39.561822705007458 ], [ -105.929653561180629, 39.561651285205201 ], [ -105.929586822402186, 39.561464606014084 ], [ -105.92966441942167, 39.56133235110125 ], [ -105.929775634488664, 39.561170575131136 ], [ -105.929836709594838, 39.560933144930452 ], [ -105.929658083326387, 39.560574773870265 ], [ -105.929546118061481, 39.560397232017358 ], [ -105.929232983597089, 39.560154019050884 ], [ -105.928929359788881, 39.560056989446409 ], [ -105.928782224254434, 39.560075716683919 ], [ -105.92864583962475, 39.560050479753002 ], [ -105.928529945070593, 39.559985553786227 ] ] ] } },
{ "type": "Feature", "properties": { "fid": 110, "feature-id": null, "trail_name": "Buffalo", "feature_type": "Trail", "mountain_area": "Bergman", "difficulty": "Blue", "acres_25_26": 26.3, "active": true, "notes": null, "gis_acres": 20.1, "trail_id": "T110", "display_from_year": 2023, "display_to_year": 9999 }, "geometry": { "type": "Polygon", "coordinates": [ [ [ -105.923884471688169, 39.561471575479011 ], [ -105.924241901387248, 39.561230194360512 ], [ -105.924804669330769, 39.561387278598716 ], [ -105.925528426545526, 39.561669777267603 ], [ -105.926179247583036, 39.562068156886582 ], [ -105.926807424870006, 39.562630060974961 ], [ -105.927259017586323, 39.56298197973679 ], [ -105.927622572796295, 39.56324812136004 ], [ -105.92792662746794, 39.563706910519585 ], [ -105.928145204168842, 39.564272077014017 ], [ -105.928235297820038, 39.564511574355343 ], [ -105.927394153272886, 39.564739289602542 ], [ -105.927047865738587, 39.564838139357285 ], [ -105.926727042964828, 39.564984828399311 ], [ -105.926387541044164, 39.564660840262462 ], [ -105.926073379578298, 39.564375083884052 ], [ -105.925909326628144, 39.564174608845605 ], [ -105.925218694717714, 39.563584371285287 ], [ -105.924754822964914, 39.563242150997539 ], [ -105.924328449240065, 39.562918847936238 ], [ -105.923877254006584, 39.562595740610803 ], [ -105.923688641145645, 39.562414674951121 ], [ -105.923425425816362, 39.562224593112632 ], [ -105.923224020305355, 39.562014802278142 ], [ -105.922944572897691, 39.561639845162787 ], [ -105.922933784913994, 39.561642346204209 ], [ -105.923266079988025, 39.561565307751394 ], [ -105.923884471688169, 39.561471575479011 ] ] ] } },
{ "type": "Feature", "properties": { "fid": 111, "feature-id": null, "trail_name": "Gray's", "feature_type": "Trail", "mountain_area": "Bergman", "difficulty": "Blue", "acres_25_26": 12.4, "active": true, "notes": null, "gis_acres": 14.03, "trail_id": "T111", "display_from_year": 2023, "display_to_year": 9999 }, "geometry": { "type": "Polygon", "coordinates": [ [ [ -105.916527068457611, 39.565400584070495 ], [ -105.916880029487231, 39.565626648598794 ], [ -105.917488373999902, 39.566000148300162 ], [ -105.917658792887295, 39.566110891892393 ], [ -105.917913274306954, 39.566244981429541 ], [ -105.918409659419382, 39.566341572008824 ], [ -105.919058669378629, 39.566317594905499 ], [ -105.919739643786741, 39.566255669012378 ], [ -105.920614064925545, 39.566091694299857 ], [ -105.921440868597614, 39.566009756993815 ], [ -105.922080593600754, 39.565897888217712 ], [ -105.922598997801629, 39.565818389323269 ], [ -105.922963369896294, 39.565752675646884 ], [ -105.922856534046659, 39.565653011628399 ], [ -105.92260361709522, 39.565554507362712 ], [ -105.922229132926219, 39.565469531417563 ], [ -105.921635444851489, 39.565380010903773 ], [ -105.921147261133626, 39.565289651104493 ], [ -105.920407495123627, 39.565201282113748 ], [ -105.919505502077499, 39.565120474167813 ], [ -105.918456933266128, 39.565003125560501 ], [ -105.917628067704143, 39.564928007069618 ], [ -105.916920606371193, 39.564826796681857 ], [ -105.916295790682412, 39.564838006966191 ], [ -105.915802806946772, 39.564998943861205 ], [ -105.916527068457611, 39.565400584070495 ] ] ] } },
{ "type": "Feature", "properties": { "fid": 112, "feature-id": null, "trail_name": "Jane's Journey", "feature_type": "Trail", "mountain_area": "Bergman", "difficulty": "Blue", "acres_25_26": 9.4, "active": true, "notes": null, "gis_acres": 7.39, "trail_id": "T112", "display_from_year": 2023, "display_to_year": 9999 }, "geometry": { "type": "Polygon", "coordinates": [ [ [ -105.923247755124194, 39.565794397239472 ], [ -105.923231252807511, 39.56588806191791 ], [ -105.923327932522156, 39.566102030816765 ], [ -105.923415573919584, 39.566249755605163 ], [ -105.923477439121626, 39.566299790350733 ], [ -105.923611523597017, 39.566257672078059 ], [ -105.923695772089417, 39.566149633947127 ], [ -105.92373060358625, 39.566007251705088 ], [ -105.923688298781997, 39.565893903670613 ], [ -105.923674509695786, 39.565777171070003 ], [ -105.923758841321487, 39.56567544802126 ], [ -105.924006567315786, 39.565588215324603 ], [ -105.92429622083786, 39.565585911858385 ], [ -105.924782199734025, 39.565619940262557 ], [ -105.925134096786039, 39.565696086791796 ], [ -105.925318225847406, 39.565735673466307 ], [ -105.925636773191272, 39.565758399760803 ], [ -105.925850432201045, 39.565564065987665 ], [ -105.926068631674724, 39.565404432506142 ], [ -105.926369766790117, 39.565345190227511 ], [ -105.926841362034608, 39.565218271928877 ], [ -105.92743067484902, 39.565046201752516 ], [ -105.928032307626452, 39.564880346002511 ], [ -105.928328390710504, 39.564748507367426 ], [ -105.928667332222034, 39.564771062451392 ], [ -105.929163067797688, 39.564924994663933 ], [ -105.929647273105957, 39.564826385243364 ], [ -105.930477354158143, 39.564658689101492 ], [ -105.930827647913972, 39.564614831153463 ], [ -105.931145389198363, 39.564577548779639 ], [ -105.931410983022616, 39.564606999338103 ], [ -105.93171057808118, 39.564560014547588 ], [ -105.931557384910548, 39.564409132153358 ], [ -105.931522122070646, 39.564315808345789 ], [ -105.931272302600703, 39.564304952674142 ], [ -105.931084601353064, 39.564303298808611 ], [ -105.93093680886588, 39.564235009108536 ], [ -105.930787211580608, 39.564219733039458 ], [ -105.929535695823645, 39.564102173609548 ], [ -105.928632288243634, 39.564337971233435 ], [ -105.928379976911714, 39.564472879618009 ], [ -105.928235297820038, 39.564511574355343 ], [ -105.927394153272886, 39.564739289602542 ], [ -105.927047865738587, 39.564838139357285 ], [ -105.926727042964828, 39.564984828399311 ], [ -105.926184466278059, 39.565154860663668 ], [ -105.925986519300864, 39.565246804985165 ], [ -105.92552195146628, 39.565431239576029 ], [ -105.925075722737404, 39.565445424003322 ], [ -105.924656186159268, 39.565400921659702 ], [ -105.924333426391499, 39.565403489353784 ], [ -105.92398326820657, 39.565411589698279 ], [ -105.923709213676858, 39.565461609674152 ], [ -105.923491083798496, 39.565585604368643 ], [ -105.923320460002586, 39.565666695627762 ], [ -105.923247755124194, 39.565794397239472 ] ] ] } },
{ "type": "Feature", "properties": { "fid": 113, "feature-id": null, "trail_name": "Ptarmigan", "feature_type": "Trail", "mountain_area": "Bergman", "difficulty": "Blue", "acres_25_26": 25.7, "active": true, "notes": null, "gis_acres": 24.6, "trail_id": "T113", "display_from_year": 2023, "display_to_year": 9999 }, "geometry": { "type": "Polygon", "coordinates": [ [ [ -105.922933784913994, 39.561642346204209 ], [ -105.92256336233163, 39.561728222725861 ], [ -105.921878812777379, 39.562025484740055 ], [ -105.921382646031091, 39.56218929153863 ], [ -105.920786296048334, 39.562463008963633 ], [ -105.919581334198824, 39.562827820945103 ], [ -105.919309483247801, 39.562872882832536 ], [ -105.920057829502142, 39.563317884270838 ], [ -105.922022495853867, 39.563638222943339 ], [ -105.922610065379374, 39.563934720143372 ], [ -105.923331698622036, 39.564183816851532 ], [ -105.92379956834651, 39.564481258968925 ], [ -105.924298753598734, 39.564882697939332 ], [ -105.924781903726156, 39.565203180679745 ], [ -105.925075722737404, 39.565445424003322 ], [ -105.92552195146628, 39.565431239576029 ], [ -105.925986519300864, 39.565246804985165 ], [ -105.926184466278059, 39.565154860663668 ], [ -105.926727042964828, 39.564984828399311 ], [ -105.926387541044164, 39.564660840262462 ], [ -105.926073379578298, 39.564375083884052 ], [ -105.925909326628144, 39.564174608845605 ], [ -105.925218694717714, 39.563584371285287 ], [ -105.924754822964914, 39.563242150997539 ], [ -105.924328449240065, 39.562918847936238 ], [ -105.923877254006584, 39.562595740610803 ], [ -105.923688641145645, 39.562414674951121 ], [ -105.923425425816362, 39.562224593112632 ], [ -105.923224020305355, 39.562014802278142 ], [ -105.922944572897691, 39.561639845162787 ], [ -105.922933784913994, 39.561642346204209 ] ] ] } },
{ "type": "Feature", "properties": { "fid": 114, "feature-id": null, "trail_name": "Red", "feature_type": "Trail", "mountain_area": "Bergman", "difficulty": "Blue", "acres_25_26": 26.4, "active": true, "notes": null, "gis_acres": 19.26, "trail_id": "T114", "display_from_year": 2023, "display_to_year": 9999 }, "geometry": { "type": "Polygon", "coordinates": [ [ [ -105.915093405581146, 39.56336248924557 ], [ -105.917667067079464, 39.563703938913569 ], [ -105.919720160337747, 39.564170353312264 ], [ -105.921324729238592, 39.564545857591995 ], [ -105.922658083092472, 39.564913001000988 ], [ -105.923709213676858, 39.565461609674152 ], [ -105.92398326820657, 39.565411589698279 ], [ -105.924333426391499, 39.565403489353784 ], [ -105.924656186159268, 39.565400921659702 ], [ -105.925075722737404, 39.565445424003322 ], [ -105.924781903726156, 39.565203180679745 ], [ -105.924298753598734, 39.564882697939332 ], [ -105.92379956834651, 39.564481258968925 ], [ -105.923331698622036, 39.564183816851532 ], [ -105.923094496083692, 39.564101938875943 ], [ -105.922610065379374, 39.563934720143372 ], [ -105.922022495853867, 39.563638222943339 ], [ -105.920057829502142, 39.563317884270838 ], [ -105.919309483247801, 39.562872882832536 ], [ -105.919018653938352, 39.562921089797122 ], [ -105.918419175291845, 39.562958818471088 ], [ -105.917519093204902, 39.562943091793962 ], [ -105.917218945592225, 39.562937845914988 ], [ -105.91616667032126, 39.562948684077234 ], [ -105.91564004770612, 39.563041520479679 ], [ -105.915412236462785, 39.563110637260344 ], [ -105.915239445348163, 39.563199267563995 ], [ -105.915093405581146, 39.56336248924557 ] ] ] } },
{ "type": "Feature", "properties": { "fid": 115, "feature-id": null, "trail_name": "Ute", "feature_type": "Trail", "mountain_area": "Bergman", "difficulty": "Blue", "acres_25_26": 30.3, "active": true, "notes": null, "gis_acres": 33.25, "trail_id": "T115", "display_from_year": 2023, "display_to_year": 9999 }, "geometry": { "type": "Polygon", "coordinates": [ [ [ -105.929535695823645, 39.564102173609548 ], [ -105.928632288243634, 39.564337971233435 ], [ -105.928379976911714, 39.564472879618009 ], [ -105.928235297820038, 39.564511574355343 ], [ -105.928145204168842, 39.564272077014017 ], [ -105.92792662746794, 39.563706910519585 ], [ -105.927622572796295, 39.56324812136004 ], [ -105.927259017586323, 39.56298197973679 ], [ -105.926807424870006, 39.562630060974961 ], [ -105.926179247583036, 39.562068156886582 ], [ -105.925528426545526, 39.561669777267603 ], [ -105.924241901387248, 39.561230194360512 ], [ -105.924516220051885, 39.561149345247941 ], [ -105.925088948515381, 39.561073733381754 ], [ -105.9261070612597, 39.560961580810698 ], [ -105.926606553448408, 39.560802802660291 ], [ -105.926928586659841, 39.560612448501402 ], [ -105.927300262576395, 39.560457224432568 ], [ -105.927521040722368, 39.560389466392245 ], [ -105.927682278173194, 39.56033998137525 ], [ -105.927966119095984, 39.560236209279523 ], [ -105.928233771734213, 39.560147791688351 ], [ -105.928294803557606, 39.56005341117617 ], [ -105.928529945070593, 39.559985553786227 ], [ -105.92864583962475, 39.560050479753002 ], [ -105.928782224254434, 39.560075716683919 ], [ -105.928929359788881, 39.560056989446409 ], [ -105.929232983597089, 39.560154019050884 ], [ -105.929431663517974, 39.56030833495052 ], [ -105.929546118061481, 39.560397232017358 ], [ -105.929658083326387, 39.560574773870265 ], [ -105.929836709594838, 39.560933144930452 ], [ -105.929775634488664, 39.561170575131136 ], [ -105.92966441942167, 39.56133235110125 ], [ -105.929586822402186, 39.561464606014084 ], [ -105.929653561180629, 39.561651285205201 ], [ -105.929799459907514, 39.561822705007458 ], [ -105.930027633680325, 39.561929111728425 ], [ -105.930168348349085, 39.561995265207976 ], [ -105.930361431900636, 39.562303791173811 ], [ -105.930569476189135, 39.562600496184693 ], [ -105.930643620060223, 39.562775414647305 ], [ -105.930603929258339, 39.562916142248369 ], [ -105.930272728657215, 39.563157595254431 ], [ -105.930456809862477, 39.56341016774887 ], [ -105.930462099446359, 39.563530012372674 ], [ -105.930522129368285, 39.563606601913094 ], [ -105.930633631867522, 39.563671361424134 ], [ -105.930953037170354, 39.563869887461131 ], [ -105.931122712692101, 39.564123020702482 ], [ -105.93093680886588, 39.564235009108536 ], [ -105.929535695823645, 39.564102173609548 ] ] ] } },
{ "type": "Feature", "properties": { "fid": 116, "feature-id": null, "trail_name": "Thorne", "feature_type": "Trail", "mountain_area": "Bergman", "difficulty": "Blue", "acres_25_26": 12.7, "active": true, "notes": null, "gis_acres": 12.53, "trail_id": "T116", "display_from_year": 2023, "display_to_year": 9999 }, "geometry": { "type": "Polygon", "coordinates": [ [ [ -105.931415348419009, 39.560388500930188 ], [ -105.931268551740899, 39.560381282796875 ], [ -105.931102464911561, 39.560418809153894 ], [ -105.930952017672851, 39.560533125520848 ], [ -105.930763731146641, 39.560659055866168 ], [ -105.930619460019741, 39.560798206772034 ], [ -105.930490283577683, 39.560973432180496 ], [ -105.930564810454825, 39.561120380460245 ], [ -105.930549943023763, 39.561421795523408 ], [ -105.930574526272039, 39.561497031367566 ], [ -105.930668154413738, 39.56178357418041 ], [ -105.931026701218443, 39.562313089298051 ], [ -105.931056438599526, 39.562558568136268 ], [ -105.931114484725228, 39.562791120582489 ], [ -105.931156268898874, 39.562958521114403 ], [ -105.931435468887116, 39.563488670581698 ], [ -105.931560346248048, 39.56378311508621 ], [ -105.931827257825873, 39.563959412528689 ], [ -105.932228645464463, 39.564017622573012 ], [ -105.932466443162724, 39.563995238318071 ], [ -105.932711524231479, 39.563952318703784 ], [ -105.93282326826079, 39.564112307910513 ], [ -105.932837387620609, 39.564319883929677 ], [ -105.933021050076448, 39.564488071214186 ], [ -105.933222039862216, 39.564539110975886 ], [ -105.933411222495721, 39.564555142802242 ], [ -105.933573560344257, 39.564542137962398 ], [ -105.933875876060327, 39.564539708907731 ], [ -105.933996670255141, 39.564504289483729 ], [ -105.933801850105951, 39.564217995277382 ], [ -105.933594598107135, 39.563860008121431 ], [ -105.93335436259008, 39.563576790023269 ], [ -105.933045759987664, 39.563432105314028 ], [ -105.932808968945281, 39.563153922067293 ], [ -105.932750793986472, 39.562785810695345 ], [ -105.932544816614993, 39.562582385147572 ], [ -105.932350329614479, 39.562423815777343 ], [ -105.932073671915347, 39.562091728778064 ], [ -105.931916606087142, 39.562017137412369 ], [ -105.931842202222541, 39.561610386039511 ], [ -105.931667391281934, 39.561257354427731 ], [ -105.931676781601254, 39.561030226381106 ], [ -105.931700479427192, 39.560943448471981 ], [ -105.931623593513009, 39.560770889011287 ], [ -105.931459000941487, 39.560559915654139 ], [ -105.931418885041012, 39.560448447923427 ], [ -105.931415348419009, 39.560388500930188 ] ] ] } },
{ "type": "Feature", "properties": { "fid": 117, "feature-id": null, "trail_name": "Torreys", "feature_type": "Trail", "mountain_area": "Bergman", "difficulty": "Blue", "acres_25_26": 18.3, "active": true, "notes": null, "gis_acres": 19.16, "trail_id": "T117", "display_from_year": 2023, "display_to_year": 9999 }, "geometry": { "type": "Polygon", "coordinates": [ [ [ -105.915093405581146, 39.56336248924557 ], [ -105.915084256293525, 39.563582410790907 ], [ -105.915248970393378, 39.563902305710187 ], [ -105.915558751048437, 39.564536189347727 ], [ -105.915708090581319, 39.564877415467166 ], [ -105.915802806946772, 39.564998943861205 ], [ -105.916295790682412, 39.564838006966191 ], [ -105.916920606371193, 39.564826796681857 ], [ -105.917332161267439, 39.564885674850821 ], [ -105.917628067704143, 39.564928007069618 ], [ -105.918456933266128, 39.565003125560501 ], [ -105.919505502077499, 39.565120474167813 ], [ -105.919674606984984, 39.56513562452303 ], [ -105.920407495123627, 39.565201282113748 ], [ -105.921147261133626, 39.565289651104493 ], [ -105.921635444851489, 39.565380010903773 ], [ -105.922229132926219, 39.565469531417563 ], [ -105.92260361709522, 39.565554507362712 ], [ -105.922856534046659, 39.565653011628399 ], [ -105.922963369896294, 39.565752675646884 ], [ -105.923247755124194, 39.565794397239472 ], [ -105.923320460002586, 39.565666695627762 ], [ -105.923491083798496, 39.565585604368643 ], [ -105.923709213676858, 39.565461609674152 ], [ -105.922658083092472, 39.564913001000988 ], [ -105.921324729238592, 39.564545857591995 ], [ -105.919720160337747, 39.564170353312264 ], [ -105.918910190924123, 39.563986352455871 ], [ -105.917667067079464, 39.563703938913569 ], [ -105.915093405581146, 39.56336248924557 ] ] ] } },
{ "type": "Feature", "properties": { "fid": 118, "feature-id": null, "trail_name": "Witchita", "feature_type": "Trail", "mountain_area": "Bergman", "difficulty": "Blue", "acres_25_26": 31.0, "active": true, "notes": null, "gis_acres": 29.73, "trail_id": "T118", "display_from_year": 2023, "display_to_year": 9999 }, "geometry": { "type": "Polygon", "coordinates": [ [ [ -105.915093405581146, 39.56336248924557 ], [ -105.914948325456137, 39.563353657938229 ], [ -105.914749515144038, 39.563454017968567 ], [ -105.914573774503737, 39.563451083877496 ], [ -105.914585110769735, 39.563349402131735 ], [ -105.914257219982801, 39.563346906883091 ], [ -105.914196872721035, 39.56363321713993 ], [ -105.914111802205738, 39.563951207388605 ], [ -105.913943431949804, 39.564443462469882 ], [ -105.913845140634947, 39.564699141811516 ], [ -105.914708817304074, 39.565447624890744 ], [ -105.915233094880151, 39.565739314197444 ], [ -105.915813425507068, 39.565964472568893 ], [ -105.916437735581809, 39.566132635364106 ], [ -105.917046076439448, 39.566322949743622 ], [ -105.917909599474157, 39.566747269841144 ], [ -105.918421703195676, 39.567039040768158 ], [ -105.918950073764776, 39.567330680773608 ], [ -105.919502801133376, 39.567618978633092 ], [ -105.920182816900166, 39.568000675653408 ], [ -105.920893200994271, 39.568218484561086 ], [ -105.921428056026912, 39.56838418222754 ], [ -105.921669539962409, 39.568196594860098 ], [ -105.921891194282864, 39.568046928170531 ], [ -105.922024717659923, 39.567690259070496 ], [ -105.922115518443889, 39.567484984299199 ], [ -105.922402344879487, 39.567344240433563 ], [ -105.922747276551547, 39.566985892228438 ], [ -105.92306105681979, 39.566731641088644 ], [ -105.92339289194922, 39.566612566184943 ], [ -105.923590895467143, 39.566519729983355 ], [ -105.923477439121626, 39.566299790350733 ], [ -105.923415573919584, 39.566249755605163 ], [ -105.923327932522156, 39.566102030816765 ], [ -105.923231252807511, 39.56588806191791 ], [ -105.923247755124194, 39.565794397239472 ], [ -105.922963369896294, 39.565752675646884 ], [ -105.922598997801629, 39.565818389323269 ], [ -105.922080593600754, 39.565897888217712 ], [ -105.92160548865634, 39.565980970237376 ], [ -105.921440868597614, 39.566009756993815 ], [ -105.920614064925545, 39.566091694299857 ], [ -105.919739643786741, 39.566255669012378 ], [ -105.919058669378629, 39.566317594905499 ], [ -105.918795095107669, 39.566327332864432 ], [ -105.918409659419382, 39.566341572008824 ], [ -105.917913274306954, 39.566244981429541 ], [ -105.917658792887295, 39.566110891892393 ], [ -105.917488373999902, 39.566000148300162 ], [ -105.916880029487231, 39.565626648598794 ], [ -105.916527068457611, 39.565400584070495 ], [ -105.91592674035428, 39.565067671957436 ], [ -105.915802806946772, 39.564998943861205 ], [ -105.915708090581319, 39.564877415467166 ], [ -105.915558751048437, 39.564536189347727 ], [ -105.915248970393378, 39.563902305710187 ], [ -105.915084256293525, 39.563582410790907 ], [ -105.915093405581146, 39.56336248924557 ] ] ] } },
{ "type": "Feature", "properties": { "fid": 119, "feature-id": null, "trail_name": "Uneva", "feature_type": "Trail", "mountain_area": "Bergman", "difficulty": "Black", "acres_25_26": 22.2, "active": true, "notes": null, "gis_acres": 23.41, "trail_id": "T119", "display_from_year": 2023, "display_to_year": 9999 }, "geometry": { "type": "Polygon", "coordinates": [ [ [ -105.921428056026912, 39.56838418222754 ], [ -105.922084585889237, 39.56858860282945 ], [ -105.922529784699833, 39.568743851355421 ], [ -105.922736352710615, 39.568850183025475 ], [ -105.923018370865591, 39.569076589339694 ], [ -105.923143811823024, 39.569253428687588 ], [ -105.923818970985309, 39.568803473804444 ], [ -105.92429050366907, 39.568469457796006 ], [ -105.924907028757488, 39.567931045035444 ], [ -105.925319677872594, 39.567489521745557 ], [ -105.925795345670181, 39.566850605279996 ], [ -105.925940083529369, 39.566627157320241 ], [ -105.926048367042753, 39.566130894637645 ], [ -105.926160282105528, 39.565907707939886 ], [ -105.92678250820066, 39.565715091201874 ], [ -105.92789028164762, 39.565372157249328 ], [ -105.928063606028289, 39.565318499882196 ], [ -105.928350448825469, 39.565229698995374 ], [ -105.928644475066463, 39.565125729277106 ], [ -105.929163067797688, 39.564924994663933 ], [ -105.928667332222034, 39.564771062451392 ], [ -105.928328390710504, 39.564748507367426 ], [ -105.928032307626452, 39.564880346002511 ], [ -105.92743067484902, 39.565046201752516 ], [ -105.926841362034608, 39.565218271928877 ], [ -105.926369766790117, 39.565345190227511 ], [ -105.926068631674724, 39.565404432506142 ], [ -105.925850432201045, 39.565564065987665 ], [ -105.925636773191272, 39.565758399760803 ], [ -105.925318225847406, 39.565735673466307 ], [ -105.925134096786039, 39.565696086791796 ], [ -105.924782199734025, 39.565619940262557 ], [ -105.92429622083786, 39.565585911858385 ], [ -105.924006567315786, 39.565588215324603 ], [ -105.923758841321487, 39.56567544802126 ], [ -105.923674509695786, 39.565777171070003 ], [ -105.923688298781997, 39.565893903670613 ], [ -105.92373060358625, 39.566007251705088 ], [ -105.923695772089417, 39.566149633947127 ], [ -105.923611523597017, 39.566257672078059 ], [ -105.923477439121626, 39.566299790350733 ], [ -105.923590895467143, 39.566519729983355 ], [ -105.92339289194922, 39.566612566184943 ], [ -105.92306105681979, 39.566731641088644 ], [ -105.922747276551547, 39.566985892228438 ], [ -105.922402344879487, 39.567344240433563 ], [ -105.922115518443889, 39.567484984299199 ], [ -105.922024717659923, 39.567690259070496 ], [ -105.921891194282864, 39.568046928170531 ], [ -105.921669539962409, 39.568196594860098 ], [ -105.921428056026912, 39.56838418222754 ] ] ] } },
{ "type": "Feature", "properties": { "fid": 120, "feature-id": null, "trail_name": "Liberty", "feature_type": "Trail", "mountain_area": "Independence Bowl", "difficulty": "Black", "acres_25_26": 41.2, "active": true, "notes": null, "gis_acres": 59.04, "trail_id": "T120", "display_from_year": 2025, "display_to_year": 9999 }, "geometry": { "type": "Polygon", "coordinates": [ [ [ -105.913845140634947, 39.564699141811516 ], [ -105.911931975691516, 39.562996315295216 ], [ -105.911427579097278, 39.562575512233316 ], [ -105.911364125972909, 39.563444837235586 ], [ -105.910935092697713, 39.564017765612213 ], [ -105.910305250990007, 39.564495729180436 ], [ -105.908698107375628, 39.565589514417582 ], [ -105.907202905883977, 39.566663096298953 ], [ -105.908903079777389, 39.56791443691511 ], [ -105.909784937142376, 39.568583290315651 ], [ -105.910413709377849, 39.568974164729532 ], [ -105.910741391087896, 39.569232245020729 ], [ -105.911545373616875, 39.568714298952699 ], [ -105.912103322262212, 39.568458926650116 ], [ -105.912836252337343, 39.568231138167832 ], [ -105.913420022529053, 39.5680431321138 ], [ -105.913743402680055, 39.567973014416999 ], [ -105.914238344536116, 39.567669859145987 ], [ -105.91458425592738, 39.567416142911291 ], [ -105.914428509195247, 39.566953994375929 ], [ -105.914285489670277, 39.566511052716564 ], [ -105.914101762190072, 39.565817436645403 ], [ -105.913845140634947, 39.564699141811516 ] ] ] } },
{ "type": "Feature", "properties": { "fid": 121, "feature-id": null, "trail_name": "Liberty Trees", "feature_type": "Trail", "mountain_area": "Independence Bowl", "difficulty": "Black", "acres_25_26": 41.3, "active": true, "notes": null, "gis_acres": 24.18, "trail_id": "T121", "display_from_year": 2025, "display_to_year": 9999 }, "geometry": { "type": "Polygon", "coordinates": [ [ [ -105.91458425592738, 39.567416142911291 ], [ -105.914238344536116, 39.567669859145987 ], [ -105.913743402680055, 39.567973014416999 ], [ -105.913420022529053, 39.5680431321138 ], [ -105.912836252337343, 39.568231138167832 ], [ -105.912103322262212, 39.568458926650116 ], [ -105.911545373616875, 39.568714298952699 ], [ -105.910741391087896, 39.569232245020729 ], [ -105.911509263735113, 39.569766827566575 ], [ -105.911711852197186, 39.569996925332852 ], [ -105.91226530850399, 39.570349765925734 ], [ -105.912631053204734, 39.570655810082549 ], [ -105.91312304411403, 39.571076704587512 ], [ -105.913624852572724, 39.571294793694584 ], [ -105.914300263781513, 39.571434285858764 ], [ -105.914772946928466, 39.571334029602731 ], [ -105.915104879020035, 39.570964578489246 ], [ -105.915202246120344, 39.570780392860513 ], [ -105.915061624480515, 39.570520852449995 ], [ -105.915078447168312, 39.569902888053569 ], [ -105.915032275055978, 39.569237151515011 ], [ -105.915090447471997, 39.568918123792855 ], [ -105.914933171343705, 39.568340144596966 ], [ -105.91458425592738, 39.567416142911291 ] ] ] } },
{ "type": "Feature", "properties": { "fid": 122, "feature-id": null, "trail_name": "Patriot", "feature_type": "Trail", "mountain_area": "Independence Bowl", "difficulty": "Black", "acres_25_26": 41.3, "active": true, "notes": null, "gis_acres": 18.58, "trail_id": "T122", "display_from_year": 2025, "display_to_year": 9999 }, "geometry": { "type": "Polygon", "coordinates": [ [ [ -105.913845140634947, 39.564699141811516 ], [ -105.914708817304074, 39.565447624890744 ], [ -105.915233094880151, 39.565739314197444 ], [ -105.915813425507068, 39.565964472568893 ], [ -105.916160366873342, 39.566057924453297 ], [ -105.916006667037536, 39.566721315768078 ], [ -105.916028856473602, 39.567267073159066 ], [ -105.916118269687118, 39.567789069399119 ], [ -105.916257901958645, 39.568705599212265 ], [ -105.916397625434499, 39.569058772545333 ], [ -105.916435208168394, 39.56963344717677 ], [ -105.916367513448321, 39.570191528614401 ], [ -105.916310390666808, 39.570412674965553 ], [ -105.916239254255487, 39.570709433003245 ], [ -105.915970960938594, 39.570850934976171 ], [ -105.915665683450754, 39.571033382267856 ], [ -105.915509101347737, 39.571110117214019 ], [ -105.915259726649623, 39.570978502524113 ], [ -105.915202246120344, 39.570780392860513 ], [ -105.915061624480515, 39.570520852449995 ], [ -105.915078447168312, 39.569902888053569 ], [ -105.915057143186345, 39.569595716588303 ], [ -105.915032275055978, 39.569237151515011 ], [ -105.915090447471997, 39.568918123792855 ], [ -105.914960921637814, 39.568442125804687 ], [ -105.914933171343705, 39.568340144596966 ], [ -105.91458425592738, 39.567416142911291 ], [ -105.914428509195247, 39.566953994375929 ], [ -105.914285489670277, 39.566511052716564 ], [ -105.914101762190072, 39.565817436645403 ], [ -105.914061326361775, 39.56564122959977 ], [ -105.913845140634947, 39.564699141811516 ] ] ] } },
{ "type": "Feature", "properties": { "fid": 123, "feature-id": null, "trail_name": "Midnight Ride", "feature_type": "Trail", "mountain_area": "Independence Bowl", "difficulty": "Black", "acres_25_26": 41.3, "active": true, "notes": null, "gis_acres": 18.84, "trail_id": "T123", "display_from_year": 2025, "display_to_year": 9999 }, "geometry": { "type": "Polygon", "coordinates": [ [ [ -105.916160366873342, 39.566057924453297 ], [ -105.916006667037536, 39.566721315768078 ], [ -105.916028856473602, 39.567267073159066 ], [ -105.916118269687118, 39.567789069399119 ], [ -105.916257901958645, 39.568705599212265 ], [ -105.916397625434499, 39.569058772545333 ], [ -105.916435208168394, 39.56963344717677 ], [ -105.916367513448321, 39.570191528614401 ], [ -105.916310390666808, 39.570412674965553 ], [ -105.916239254255487, 39.570709433003245 ], [ -105.916656438462965, 39.570585442851474 ], [ -105.916946701919514, 39.570462249210635 ], [ -105.917437840263105, 39.570296107359823 ], [ -105.917724032424289, 39.570176125597101 ], [ -105.918013495026798, 39.569992483813792 ], [ -105.917955106251426, 39.56961750751281 ], [ -105.917989708820954, 39.569124074638758 ], [ -105.918078671001211, 39.568700209110958 ], [ -105.918118347974755, 39.568279914562062 ], [ -105.918336412278705, 39.567982295721436 ], [ -105.918539376176057, 39.56778660942809 ], [ -105.918898704770768, 39.56760241314818 ], [ -105.919015682355365, 39.567432859316504 ], [ -105.919049450212881, 39.567382515051278 ], [ -105.918950073764776, 39.567330680773608 ], [ -105.918421703195676, 39.567039040768158 ], [ -105.917909599474157, 39.566747269841144 ], [ -105.917046076439448, 39.566322949743622 ], [ -105.916437735581809, 39.566132635364106 ], [ -105.916160366873342, 39.566057924453297 ] ] ] } },
{ "type": "Feature", "properties": { "fid": 124, "feature-id": null, "trail_name": "Revolution", "feature_type": "Trail", "mountain_area": "Independence Bowl", "difficulty": "Black", "acres_25_26": 41.3, "active": true, "notes": null, "gis_acres": 6.16, "trail_id": "T124", "display_from_year": 2025, "display_to_year": 9999 }, "geometry": { "type": "Polygon", "coordinates": [ [ [ -105.919049450212881, 39.567382515051278 ], [ -105.919015682355365, 39.567432859316504 ], [ -105.918898704770768, 39.56760241314818 ], [ -105.918539376176057, 39.56778660942809 ], [ -105.918336412278705, 39.567982295721436 ], [ -105.918118347974755, 39.568279914562062 ], [ -105.918078671001211, 39.568700209110958 ], [ -105.917989708820954, 39.569124074638758 ], [ -105.917955106251426, 39.56961750751281 ], [ -105.918013495026798, 39.569992483813792 ], [ -105.918134098106862, 39.569904216462668 ], [ -105.918296804068561, 39.569759888009976 ], [ -105.918410538391001, 39.569624886551694 ], [ -105.918524242784244, 39.569487650173173 ], [ -105.918626013021807, 39.569321452450566 ], [ -105.91870807127151, 39.569193406227299 ], [ -105.918770653761058, 39.56912139003213 ], [ -105.919012559861926, 39.56907030621251 ], [ -105.919150365961542, 39.569008870108007 ], [ -105.9193152469079, 39.568810881959273 ], [ -105.919471316698321, 39.568601788069628 ], [ -105.919565158884481, 39.568491528349369 ], [ -105.919854378310077, 39.568305965716711 ], [ -105.920131898404478, 39.568109319778451 ], [ -105.920238829803296, 39.568017849823747 ], [ -105.920182816900166, 39.568000675653408 ], [ -105.919502801133376, 39.567618978633092 ], [ -105.918950073764776, 39.567330680773608 ], [ -105.919049450212881, 39.567382515051278 ] ] ] } },
{ "type": "Feature", "properties": { "fid": 125, "feature-id": null, "trail_name": "Two If By Sea", "feature_type": "Trail", "mountain_area": "Independence Bowl", "difficulty": "Black", "acres_25_26": 41.3, "active": true, "notes": null, "gis_acres": 37.66, "trail_id": "T125", "display_from_year": 2025, "display_to_year": 9999 }, "geometry": { "type": "Polygon", "coordinates": [ [ [ -105.908455756901958, 39.575749861456977 ], [ -105.909266713309421, 39.574880653522193 ], [ -105.910101290027825, 39.573687680400887 ], [ -105.911571076808116, 39.572047501395566 ], [ -105.912592251721463, 39.571273693132632 ], [ -105.91312304411403, 39.571076704587512 ], [ -105.913624852572724, 39.571294793694584 ], [ -105.913930555963105, 39.571357930941801 ], [ -105.914300263781513, 39.571434285858764 ], [ -105.914772946928466, 39.571334029602731 ], [ -105.915104879020035, 39.570964578489246 ], [ -105.915202246120344, 39.570780392860513 ], [ -105.915259726649623, 39.570978502524113 ], [ -105.915509101347737, 39.571110117214019 ], [ -105.915320982683639, 39.571322501859562 ], [ -105.914853078703118, 39.57186865871968 ], [ -105.91417354270186, 39.572609357756853 ], [ -105.913440032350763, 39.573392669343868 ], [ -105.912280881607799, 39.574682612142901 ], [ -105.910567539387529, 39.576480180679205 ], [ -105.909934004404263, 39.576873914948528 ], [ -105.909400447514386, 39.57717042392143 ], [ -105.908496474936626, 39.576538583631539 ], [ -105.908511577290042, 39.575905581575384 ], [ -105.908455756901958, 39.575749861456977 ] ] ] } },
{ "type": "Feature", "properties": { "fid": 126, "feature-id": null, "trail_name": "Indy Face", "feature_type": "Trail", "mountain_area": "Independence Bowl", "difficulty": "Black", "acres_25_26": 41.3, "active": true, "notes": null, "gis_acres": 93.37, "trail_id": "T126", "display_from_year": 2025, "display_to_year": 9999 }, "geometry": { "type": "Polygon", "coordinates": [ [ [ -105.908455756901958, 39.575749861456977 ], [ -105.908276267734507, 39.575255584201422 ], [ -105.908226214049847, 39.575054122261577 ], [ -105.907561155393225, 39.574059227575319 ], [ -105.907482729921981, 39.573500156131587 ], [ -105.907400837039262, 39.572675032363172 ], [ -105.906849674265914, 39.572229752623912 ], [ -105.905663160582847, 39.572156429675722 ], [ -105.904773127731914, 39.572089961717019 ], [ -105.904141032165583, 39.571801276691737 ], [ -105.90417319431252, 39.570626606994963 ], [ -105.904157463368563, 39.569415609089248 ], [ -105.904837270522606, 39.568650513990974 ], [ -105.905450345065049, 39.567961260235926 ], [ -105.906041431025741, 39.567534176016274 ], [ -105.906719996675079, 39.56700160570589 ], [ -105.907202905883977, 39.566663096298953 ], [ -105.908903079777389, 39.56791443691511 ], [ -105.909612473458779, 39.568452485095492 ], [ -105.909784937142376, 39.568583290315651 ], [ -105.910413709377849, 39.568974164729532 ], [ -105.910741391087896, 39.569232245020729 ], [ -105.911509263735113, 39.569766827566575 ], [ -105.911711852197186, 39.569996925332852 ], [ -105.91226530850399, 39.570349765925734 ], [ -105.912631053204734, 39.570655810082549 ], [ -105.91312304411403, 39.571076704587512 ], [ -105.912592251721463, 39.571273693132632 ], [ -105.911571076808116, 39.572047501395566 ], [ -105.911022675475735, 39.572659489962 ], [ -105.910101290027825, 39.573687680400887 ], [ -105.909266713309421, 39.574880653522193 ], [ -105.908455756901958, 39.575749861456977 ] ] ] } },
{ "type": "Feature", "properties": { "fid": 127, "feature-id": null, "trail_name": "Independence Bowl", "feature_type": "Area", "mountain_area": "Hiking Access", "difficulty": "Black", "acres_25_26": 289.0, "active": true, "notes": null, "gis_acres": 257.84, "trail_id": "T127", "display_from_year": 2006, "display_to_year": 2024 }, "geometry": { "type": "Polygon", "coordinates": [ [ [ -105.909400447514386, 39.57717042392143 ], [ -105.909934004404263, 39.576873914948528 ], [ -105.910567539387529, 39.576480180679205 ], [ -105.912280881607799, 39.574682612142901 ], [ -105.913440032350763, 39.573392669343868 ], [ -105.91417354270186, 39.572609357756853 ], [ -105.914853078703118, 39.57186865871968 ], [ -105.915320982683639, 39.571322501859562 ], [ -105.915509101347737, 39.571110117214019 ], [ -105.915665683450754, 39.571033382267856 ], [ -105.915970960938594, 39.570850934976171 ], [ -105.916239254255487, 39.570709433003245 ], [ -105.916656438462965, 39.570585442851474 ], [ -105.916946701919514, 39.570462249210635 ], [ -105.917437840263105, 39.570296107359823 ], [ -105.917724032424289, 39.570176125597101 ], [ -105.918013495026798, 39.569992483813792 ], [ -105.918134098106862, 39.569904216462668 ], [ -105.918296804068561, 39.569759888009976 ], [ -105.918410538391001, 39.569624886551694 ], [ -105.918524242784244, 39.569487650173173 ], [ -105.918626013021807, 39.569321452450566 ], [ -105.91870807127151, 39.569193406227299 ], [ -105.918770653761058, 39.56912139003213 ], [ -105.919012559861926, 39.56907030621251 ], [ -105.919150365961542, 39.569008870108007 ], [ -105.919208820399163, 39.568938678489708 ], [ -105.9193152469079, 39.568810881959273 ], [ -105.919471316698321, 39.568601788069628 ], [ -105.919565158884481, 39.568491528349369 ], [ -105.919728407005934, 39.568386788874506 ], [ -105.919854378310077, 39.568305965716711 ], [ -105.920131898404478, 39.568109319778451 ], [ -105.920238829803282, 39.568017849823747 ], [ -105.920182816900166, 39.568000675653408 ], [ -105.919502801133376, 39.567618978633092 ], [ -105.918950073764776, 39.567330680773608 ], [ -105.918421703195676, 39.567039040768158 ], [ -105.918088116234472, 39.566848980246633 ], [ -105.917909599474157, 39.566747269841144 ], [ -105.917046076439448, 39.566322949743622 ], [ -105.916437735581809, 39.566132635364106 ], [ -105.916160366873342, 39.566057924453297 ], [ -105.915813425507068, 39.565964472568893 ], [ -105.915233094880151, 39.565739314197444 ], [ -105.914708817304074, 39.565447624890744 ], [ -105.913845140634947, 39.564699141811516 ], [ -105.911931975691516, 39.562996315295216 ], [ -105.911427579097278, 39.562575512233316 ], [ -105.911364125972909, 39.563444837235586 ], [ -105.910935092697713, 39.564017765612213 ], [ -105.910305250990007, 39.564495729180436 ], [ -105.909370283582618, 39.565132053491425 ], [ -105.908698107375628, 39.565589514417582 ], [ -105.907202905883977, 39.566663096298953 ], [ -105.906719996675079, 39.56700160570589 ], [ -105.906041431025741, 39.567534176016274 ], [ -105.905450345065049, 39.567961260235926 ], [ -105.904837270522606, 39.568650513990974 ], [ -105.904157463368563, 39.569415609089248 ], [ -105.90417319431252, 39.570626606994963 ], [ -105.904141032165583, 39.571801276691737 ], [ -105.904773127731914, 39.572089961717019 ], [ -105.905663160582847, 39.572156429675722 ], [ -105.906849674265914, 39.572229752623912 ], [ -105.907400837039262, 39.572675032363172 ], [ -105.907482729921981, 39.573500156131587 ], [ -105.907561155393225, 39.574059227575319 ], [ -105.908226214049847, 39.575054122261577 ], [ -105.908276267734507, 39.575255584201422 ], [ -105.908455756901958, 39.575749861456977 ], [ -105.908511577290042, 39.575905581575384 ], [ -105.908496474936626, 39.576538583631539 ], [ -105.909400447514386, 39.57717042392143 ] ] ] } },
{ "type": "Feature", "properties": { "fid": 128, "feature-id": null, "trail_name": "Tenderfoot Glades", "feature_type": "Trail", "mountain_area": "Erickson Bowl", "difficulty": "Black", "acres_25_26": 51.8, "active": true, "notes": null, "gis_acres": 54.18, "trail_id": "T128", "display_from_year": 2023, "display_to_year": 9999 }, "geometry": { "type": "Polygon", "coordinates": [ [ [ -105.925794483337, 39.557122291933752 ], [ -105.925640982281706, 39.557731075211137 ], [ -105.925468670405877, 39.55866165768763 ], [ -105.925640701135492, 39.55944654222877 ], [ -105.92544292724088, 39.560198633019112 ], [ -105.92542150375256, 39.560555599050311 ], [ -105.924546652725326, 39.560725315724838 ], [ -105.924287607447454, 39.56080770509984 ], [ -105.923932893527024, 39.560920520647478 ], [ -105.923348398440197, 39.561097726279691 ], [ -105.922420973426, 39.561374082119023 ], [ -105.921811737132856, 39.56155040268149 ], [ -105.921216039208133, 39.561738910799207 ], [ -105.920964033491558, 39.561284854119215 ], [ -105.921083765659205, 39.560428901185759 ], [ -105.922816703846536, 39.557690733168457 ], [ -105.925779264975716, 39.553812404721498 ], [ -105.925982660830272, 39.553622393424895 ], [ -105.926351408075718, 39.553322583260758 ], [ -105.926717203421234, 39.553250339127942 ], [ -105.927001276142548, 39.553125924478714 ], [ -105.927209208579882, 39.55304833520902 ], [ -105.927622126887286, 39.552992218908479 ], [ -105.928058528285774, 39.552970247430231 ], [ -105.927674726769695, 39.553870539216518 ], [ -105.927171641593233, 39.554805750060744 ], [ -105.92654896885233, 39.55579512331753 ], [ -105.925794483337, 39.557122291933752 ] ] ] } },
{ "type": "Feature", "properties": { "fid": 129, "feature-id": null, "trail_name": "Eagle's Nest", "feature_type": "Trail", "mountain_area": "Erickson Bowl", "difficulty": "Black", "acres_25_26": 35.9, "active": true, "notes": null, "gis_acres": 116.57, "trail_id": "T129", "display_from_year": 2023, "display_to_year": 9999 }, "geometry": { "type": "Polygon", "coordinates": [ [ [ -105.915050494229874, 39.562338291695383 ], [ -105.914429221485534, 39.562315412120633 ], [ -105.913679765157127, 39.562375075470051 ], [ -105.913096305321631, 39.562379661280836 ], [ -105.912388522745957, 39.562438988861707 ], [ -105.911888977014527, 39.562485924617413 ], [ -105.911427579097278, 39.562575512233316 ], [ -105.91132640331783, 39.56196340566931 ], [ -105.911043501618366, 39.561578490079938 ], [ -105.910280835505716, 39.560627385696975 ], [ -105.910053651598218, 39.56025278484632 ], [ -105.90978634136313, 39.559996788565726 ], [ -105.909348825759992, 39.559473280601765 ], [ -105.910339161439239, 39.558712766816903 ], [ -105.911754324924587, 39.557508009812047 ], [ -105.913188196806928, 39.555614850154662 ], [ -105.913719065175172, 39.554782640734473 ], [ -105.914694407892, 39.553946931438041 ], [ -105.915656261293819, 39.553143581386976 ], [ -105.91599926992636, 39.55281826656924 ], [ -105.916454505502713, 39.552316744654611 ], [ -105.916658875779063, 39.552400261439608 ], [ -105.917358491449264, 39.55263530656601 ], [ -105.917800632363907, 39.552847494993664 ], [ -105.918166570401468, 39.552969034869889 ], [ -105.918414320106081, 39.553066621560966 ], [ -105.918747240914584, 39.553122057672901 ], [ -105.91925680507066, 39.553302428237657 ], [ -105.919984227591911, 39.553516494033943 ], [ -105.919026889319312, 39.554869833327338 ], [ -105.91771934691586, 39.555794232220812 ], [ -105.916916367646522, 39.5570587556535 ], [ -105.917177307493915, 39.557884732982721 ], [ -105.916211278564916, 39.559430134547213 ], [ -105.915616604402771, 39.560693006039017 ], [ -105.915050494229874, 39.562338291695383 ] ] ] } },
{ "type": "Feature", "properties": { "fid": 130, "feature-id": null, "trail_name": "Foxtrot Glades", "feature_type": "Trail", "mountain_area": "Erickson Bowl", "difficulty": "Black", "acres_25_26": 72.2, "active": true, "notes": null, "gis_acres": 67.42, "trail_id": "T130", "display_from_year": 2023, "display_to_year": 9999 }, "geometry": { "type": "Polygon", "coordinates": [ [ [ -105.92542150375256, 39.560555599050311 ], [ -105.925501499314791, 39.560540079946961 ], [ -105.926456138108577, 39.560339612096698 ], [ -105.927062990887862, 39.560119072474222 ], [ -105.928007176262795, 39.559872997608494 ], [ -105.928598306442211, 39.559703328516491 ], [ -105.929148302590207, 39.559399489897004 ], [ -105.929649360643737, 39.559113803710375 ], [ -105.929986150274374, 39.559047667854024 ], [ -105.93030337282184, 39.55898930060868 ], [ -105.930590380529708, 39.558877883815732 ], [ -105.93084583833479, 39.558840656935452 ], [ -105.930940483666518, 39.558826864484132 ], [ -105.931229220284891, 39.558844852375927 ], [ -105.931820056033644, 39.559052495895038 ], [ -105.932036028648028, 39.559110255661651 ], [ -105.932041433999942, 39.559083441060487 ], [ -105.932028034308843, 39.559032960014328 ], [ -105.931487312787795, 39.5587365779026 ], [ -105.931350971816357, 39.558652937597557 ], [ -105.930962648756307, 39.558505274039696 ], [ -105.930749247465869, 39.558437203194757 ], [ -105.930479909879239, 39.558399485606806 ], [ -105.930209595445007, 39.55840912603059 ], [ -105.929955659893977, 39.558439818023039 ], [ -105.929813864474312, 39.558429737925245 ], [ -105.929585978023127, 39.558361780830374 ], [ -105.929304742188933, 39.558276804864832 ], [ -105.929034923870674, 39.558202951610809 ], [ -105.928739418931059, 39.558134287304043 ], [ -105.928429029450001, 39.558035835370241 ], [ -105.928131036030621, 39.55790114744601 ], [ -105.927854947224233, 39.557718933037144 ], [ -105.927682487776934, 39.557581995547721 ], [ -105.927565120124356, 39.557472031737738 ], [ -105.92745819029841, 39.557420550011528 ], [ -105.927141715784558, 39.557348310736252 ], [ -105.926933200168719, 39.557283932088716 ], [ -105.926723125092508, 39.557223303724193 ], [ -105.92652149614679, 39.557192513433975 ], [ -105.926334933708787, 39.557205215315257 ], [ -105.926158227550687, 39.557232791245987 ], [ -105.926019554807354, 39.557215205170486 ], [ -105.925923943271428, 39.557167370062331 ], [ -105.925911698764523, 39.557093949208721 ], [ -105.92594631431588, 39.55703386182752 ], [ -105.926024620371706, 39.556990871357449 ], [ -105.926149918915584, 39.556971181770123 ], [ -105.926423083009198, 39.556934114447508 ], [ -105.926740767740526, 39.556855571004604 ], [ -105.927113029990323, 39.556750253007344 ], [ -105.927366212103848, 39.556678623522082 ], [ -105.927850675446408, 39.556552641324906 ], [ -105.92797542756999, 39.55654102013014 ], [ -105.928289589032246, 39.556511754034538 ], [ -105.928636673785405, 39.556465368519206 ], [ -105.928954254049444, 39.556379343422165 ], [ -105.929157720942385, 39.556306690607848 ], [ -105.929262196922423, 39.556256821901506 ], [ -105.929548009037191, 39.556120396588547 ], [ -105.929901375152639, 39.555941873144391 ], [ -105.930131486536865, 39.555815424217599 ], [ -105.930347175766826, 39.555725236271989 ], [ -105.930429231315586, 39.555690925531898 ], [ -105.930629425582154, 39.555614558121796 ], [ -105.930742853974124, 39.555550099953237 ], [ -105.930868794855186, 39.555447486534945 ], [ -105.931046094482838, 39.555487710465343 ], [ -105.930777553621411, 39.555617110084221 ], [ -105.930416077107282, 39.555790716820582 ], [ -105.930021297352297, 39.556001971188678 ], [ -105.929712682824359, 39.55615646157937 ], [ -105.92936386114657, 39.556313764838784 ], [ -105.929138735831103, 39.556394359540633 ], [ -105.928979361512916, 39.556451415057623 ], [ -105.928761274973567, 39.556514215799396 ], [ -105.928374100378335, 39.556572136618115 ], [ -105.9280717982341, 39.556609092627539 ], [ -105.927916070869713, 39.556628129755978 ], [ -105.927596546637815, 39.556689246043007 ], [ -105.927498185007352, 39.556719948920211 ], [ -105.927338451041649, 39.556769808497393 ], [ -105.92692309747585, 39.556887760923964 ], [ -105.926599040819056, 39.556971339967774 ], [ -105.926520561059235, 39.55698954368679 ], [ -105.926348692545531, 39.557029409112715 ], [ -105.92620565543865, 39.557046748137687 ], [ -105.926148008849154, 39.557069636895577 ], [ -105.926127548280064, 39.557104690040745 ], [ -105.926123034374356, 39.557128401431726 ], [ -105.926156984723434, 39.557139345548343 ], [ -105.926209968343031, 39.557128954695969 ], [ -105.926301598467461, 39.557119501866737 ], [ -105.926451090596245, 39.557103357339884 ], [ -105.926589597427991, 39.557108483477116 ], [ -105.926789732652253, 39.557148008085086 ], [ -105.9269383513804, 39.557190626764147 ], [ -105.927153315126034, 39.557252270454036 ], [ -105.927507174771776, 39.557351624978764 ], [ -105.927620609264011, 39.557408039039423 ], [ -105.927801531121872, 39.557576060930252 ], [ -105.927880463430114, 39.557630142412954 ], [ -105.928020851665309, 39.557726330867276 ], [ -105.928233352765474, 39.557847995139959 ], [ -105.928440760007888, 39.557949762523613 ], [ -105.928681703619233, 39.558031324356435 ], [ -105.929006147667494, 39.558097265332343 ], [ -105.929427800490657, 39.558209778833898 ], [ -105.929738341833612, 39.558319441541464 ], [ -105.929864357066691, 39.558353323405044 ], [ -105.930025484276143, 39.558364494811897 ], [ -105.930224842666973, 39.558345454204243 ], [ -105.93037579619623, 39.558318078259418 ], [ -105.930590240240974, 39.558343774923415 ], [ -105.930864556394539, 39.558392667046036 ], [ -105.93108111023669, 39.558455728125978 ], [ -105.931344893122073, 39.558559530758963 ], [ -105.931438718483093, 39.558613031359222 ], [ -105.931640126299115, 39.558727876517395 ], [ -105.931811745965263, 39.558801265027064 ], [ -105.931991915505975, 39.558896782448173 ], [ -105.931936196485452, 39.558685690838971 ], [ -105.931888525812624, 39.558425797038112 ], [ -105.931878054748466, 39.558217660139121 ], [ -105.931897924742174, 39.557979534098855 ], [ -105.931856177497906, 39.557731491089122 ], [ -105.931840351890187, 39.55741036289718 ], [ -105.931740740435487, 39.557289203607532 ], [ -105.931623998001456, 39.557180079895517 ], [ -105.931563896121204, 39.55699613744401 ], [ -105.931425794635473, 39.556726557165447 ], [ -105.93133935450291, 39.556584469854492 ], [ -105.931255762659134, 39.556367995030449 ], [ -105.93122964639862, 39.556139161264163 ], [ -105.931256307775413, 39.555834052661119 ], [ -105.931111459905125, 39.555634428755539 ], [ -105.931046094482838, 39.555487710465343 ], [ -105.930868794855186, 39.555447486534945 ], [ -105.930643858346031, 39.555293122271337 ], [ -105.930434291717063, 39.555138634514087 ], [ -105.930233304340163, 39.555051005878575 ], [ -105.930125696897875, 39.554906112448862 ], [ -105.929880837937844, 39.55469836357986 ], [ -105.929797868483334, 39.554527988715783 ], [ -105.929727890445974, 39.554323302116799 ], [ -105.929685400321603, 39.55421422957825 ], [ -105.929656269668271, 39.554139450711261 ], [ -105.929496970176984, 39.553864088354928 ], [ -105.929387917421565, 39.553610633353117 ], [ -105.929346975797699, 39.553422074506166 ], [ -105.929259333727174, 39.55318927025381 ], [ -105.928657846781903, 39.553012999173575 ], [ -105.928120248573222, 39.552993524108942 ], [ -105.928058528285774, 39.552970247430231 ], [ -105.927674726769695, 39.553870539216518 ], [ -105.927171641593233, 39.554805750060744 ], [ -105.92712635285649, 39.554877711003499 ], [ -105.92654896885233, 39.55579512331753 ], [ -105.925794483337, 39.557122291933752 ], [ -105.925640982281706, 39.557731075211137 ], [ -105.925468670405877, 39.55866165768763 ], [ -105.925640701135492, 39.55944654222877 ], [ -105.925538415120911, 39.559835515536207 ], [ -105.925461482062133, 39.560128073781421 ], [ -105.92542150375256, 39.560555599050311 ] ] ] } },
{ "type": "Feature", "properties": { "fid": 131, "feature-id": null, "trail_name": "Nuchu", "feature_type": "Trail", "mountain_area": "Erickson Bowl", "difficulty": "Black", "acres_25_26": 78.5, "active": true, "notes": null, "gis_acres": 61.76, "trail_id": "T131", "display_from_year": 2023, "display_to_year": 9999 }, "geometry": { "type": "Polygon", "coordinates": [ [ [ -105.917499009734769, 39.562263670115641 ], [ -105.917692014245105, 39.562264171724323 ], [ -105.918357184958523, 39.562236078307222 ], [ -105.919008907401064, 39.562182710940171 ], [ -105.919522032674706, 39.562169862130219 ], [ -105.919749608883563, 39.562164162827564 ], [ -105.920014973859708, 39.562149374066898 ], [ -105.920295958197784, 39.56207609507662 ], [ -105.920589316522026, 39.561946889102096 ], [ -105.921216039208133, 39.561738910799207 ], [ -105.920964033491558, 39.561284854119215 ], [ -105.921083765659205, 39.560428901185759 ], [ -105.922140508403203, 39.558759199370115 ], [ -105.922816703846536, 39.557690733168457 ], [ -105.923526177014082, 39.556761998116961 ], [ -105.925779264975716, 39.553812404721498 ], [ -105.925982660830272, 39.553622393424895 ], [ -105.926351408075718, 39.553322583260758 ], [ -105.926002800278951, 39.55340459328211 ], [ -105.925466261063676, 39.55346498964591 ], [ -105.92526210716025, 39.55350623111363 ], [ -105.924670745729742, 39.553613278849568 ], [ -105.92449665926695, 39.55367078638416 ], [ -105.923816316408789, 39.553821454841355 ], [ -105.923259490751704, 39.55382905410827 ], [ -105.922955134401931, 39.553860068573478 ], [ -105.922474566447377, 39.553835287049729 ], [ -105.92190098478811, 39.554554731634141 ], [ -105.921091911054489, 39.555611358352152 ], [ -105.920177154801166, 39.556885859826963 ], [ -105.919576594718748, 39.557982833047873 ], [ -105.919236632428309, 39.558951716723769 ], [ -105.918756840398927, 39.559606641578959 ], [ -105.91876589308518, 39.560292707729658 ], [ -105.918177001091905, 39.560906484149108 ], [ -105.917581822137478, 39.561730349312462 ], [ -105.91741412793121, 39.562046736420655 ], [ -105.917499009734769, 39.562263670115641 ] ] ] } },
{ "type": "Feature", "properties": { "fid": 132, "feature-id": null, "trail_name": "Silverheels", "feature_type": "Trail", "mountain_area": "Erickson Bowl", "difficulty": "Black", "acres_25_26": 62.9, "active": true, "notes": null, "gis_acres": 55.8, "trail_id": "T132", "display_from_year": 2023, "display_to_year": 9999 }, "geometry": { "type": "Polygon", "coordinates": [ [ [ -105.917499009734769, 39.562263670115641 ], [ -105.917692014245105, 39.562264171724323 ], [ -105.916724815170383, 39.562261654802029 ], [ -105.915722190018926, 39.562307624329129 ], [ -105.915050494229874, 39.562338291695383 ], [ -105.915616604402771, 39.560693006039017 ], [ -105.916211278564916, 39.559430134547213 ], [ -105.916359195992015, 39.559193509045343 ], [ -105.917177307493915, 39.557884732982721 ], [ -105.916916367646522, 39.5570587556535 ], [ -105.91771934691586, 39.555794232220812 ], [ -105.919026889319312, 39.554869833327338 ], [ -105.919445495393148, 39.554278079070933 ], [ -105.919984227591911, 39.553516494033943 ], [ -105.920592761631127, 39.553625376204735 ], [ -105.921062251245772, 39.553701654729068 ], [ -105.921260042644917, 39.553733789507916 ], [ -105.921731998908143, 39.553800457693498 ], [ -105.922114046032149, 39.553809551101338 ], [ -105.922474566447377, 39.553835287049729 ], [ -105.92190098478811, 39.554554731634141 ], [ -105.921091911054489, 39.555611358352152 ], [ -105.920911029442408, 39.555863379312001 ], [ -105.920177154801166, 39.556885859826963 ], [ -105.919576594718748, 39.557982833047873 ], [ -105.919236632428309, 39.558951716723769 ], [ -105.918756840398927, 39.559606641578959 ], [ -105.91876589308518, 39.560292707729658 ], [ -105.918177001091905, 39.560906484149108 ], [ -105.917581822137478, 39.561730349312462 ], [ -105.91741412793121, 39.562046736420655 ], [ -105.917499009734769, 39.562263670115641 ] ] ] } },
{ "type": "Feature", "properties": { "fid": 133, "feature-id": null, "trail_name": "Bald Mtn Glades", "feature_type": "Trail", "mountain_area": "Erickson Bowl", "difficulty": "Black", "acres_25_26": 185.3, "active": true, "notes": null, "gis_acres": 105.92, "trail_id": "T133", "display_from_year": 2023, "display_to_year": 9999 }, "geometry": { "type": "Polygon", "coordinates": [ [ [ -105.909348825759992, 39.559473280601765 ], [ -105.908886706990558, 39.5590151922434 ], [ -105.907475034554366, 39.557833273536971 ], [ -105.905526863554243, 39.556920618972356 ], [ -105.904492019740275, 39.555858073761065 ], [ -105.905028446995857, 39.555557058879501 ], [ -105.90575482707537, 39.55511963454903 ], [ -105.906549681588146, 39.554587222867994 ], [ -105.907586934552228, 39.553931478979678 ], [ -105.908262363677522, 39.553545769274784 ], [ -105.908521184637024, 39.553397965142111 ], [ -105.909733383402624, 39.552794805053111 ], [ -105.910738017713484, 39.552314693132971 ], [ -105.911026095594735, 39.552151965068717 ], [ -105.911464680923984, 39.551904216255402 ], [ -105.912331461649487, 39.551546605692565 ], [ -105.913552752029588, 39.551422951016008 ], [ -105.913776167001004, 39.55140032899466 ], [ -105.914792397966664, 39.551436115717472 ], [ -105.915462143849808, 39.551845609982088 ], [ -105.916001686587862, 39.552131696262741 ], [ -105.916454505502713, 39.552316744654611 ], [ -105.91599926992636, 39.55281826656924 ], [ -105.915656261293819, 39.553143581386976 ], [ -105.914694407892, 39.553946931438041 ], [ -105.913719065175172, 39.554782640734473 ], [ -105.913188196806928, 39.555614850154662 ], [ -105.911754324924587, 39.557508009812047 ], [ -105.910339161439239, 39.558712766816903 ], [ -105.909348825759992, 39.559473280601765 ] ] ] } },
{ "type": "Feature", "properties": { "fid": 134, "feature-id": null, "trail_name": "Bergman Bowl", "feature_type": "Area", "mountain_area": "Hiking Access", "difficulty": "Black", "acres_25_26": 253.8, "active": true, "notes": null, "gis_acres": 240.95, "trail_id": "T134", "display_from_year": 2006, "display_to_year": 2022 }, "geometry": { "type": "Polygon", "coordinates": [ [ [ -105.913845140634947, 39.564699141811516 ], [ -105.914708817304074, 39.565447624890744 ], [ -105.915233094880151, 39.565739314197444 ], [ -105.915813425507068, 39.565964472568893 ], [ -105.916160366873342, 39.566057924453297 ], [ -105.916437735581809, 39.566132635364106 ], [ -105.917046076439448, 39.566322949743622 ], [ -105.917909599474157, 39.566747269841144 ], [ -105.918088116234472, 39.566848980246633 ], [ -105.918421703195676, 39.567039040768158 ], [ -105.918950073764776, 39.567330680773608 ], [ -105.919502801133376, 39.567618978633092 ], [ -105.920182816900166, 39.568000675653408 ], [ -105.920238829803282, 39.568017849823747 ], [ -105.920893200994271, 39.568218484561086 ], [ -105.921428056026912, 39.56838418222754 ], [ -105.922084585889237, 39.56858860282945 ], [ -105.922529784699833, 39.568743851355421 ], [ -105.922736352710615, 39.568850183025475 ], [ -105.923018370865591, 39.569076589339694 ], [ -105.923143811823024, 39.569253428687588 ], [ -105.923818970985309, 39.568803473804444 ], [ -105.92429050366907, 39.568469457796006 ], [ -105.924907028757488, 39.567931045035444 ], [ -105.925319677872594, 39.567489521745557 ], [ -105.925795345670181, 39.566850605279996 ], [ -105.925940083529369, 39.566627157320241 ], [ -105.926048367042753, 39.566130894637645 ], [ -105.926160282105528, 39.565907707939886 ], [ -105.928350448825469, 39.565229698995374 ], [ -105.928644475066463, 39.565125729277106 ], [ -105.929163067797688, 39.564924994663933 ], [ -105.929647273105957, 39.564826385243364 ], [ -105.930477354158143, 39.564658689101492 ], [ -105.930827647913972, 39.564614831153463 ], [ -105.931145389198363, 39.564577548779639 ], [ -105.931410983022616, 39.564606999338103 ], [ -105.93171057808118, 39.564560014547588 ], [ -105.931764892664035, 39.564664886346677 ], [ -105.931838532870458, 39.564801780377913 ], [ -105.931930285134712, 39.564880025071517 ], [ -105.932066523735244, 39.564893558449597 ], [ -105.932350847227426, 39.564958557308472 ], [ -105.932676504835001, 39.565005672524485 ], [ -105.932859071327272, 39.5650919631872 ], [ -105.933028458888529, 39.565040874891004 ], [ -105.93325016364841, 39.564945488186289 ], [ -105.933502334824311, 39.564867407539431 ], [ -105.93385346460974, 39.564841184793679 ], [ -105.934051069470627, 39.564921502329852 ], [ -105.934237840470558, 39.565090672926253 ], [ -105.934159991761874, 39.564710734014611 ], [ -105.933996670255141, 39.564504289483729 ], [ -105.933801850105951, 39.564217995277382 ], [ -105.933594598107135, 39.563860008121431 ], [ -105.93335436259008, 39.563576790023269 ], [ -105.933170306252961, 39.563490497541871 ], [ -105.933045759987664, 39.563432105314028 ], [ -105.932808968945281, 39.563153922067293 ], [ -105.932750793986472, 39.562785810695345 ], [ -105.932544816614993, 39.562582385147572 ], [ -105.932350329614479, 39.562423815777343 ], [ -105.932073671915347, 39.562091728778064 ], [ -105.931916606087142, 39.562017137412369 ], [ -105.931842202222541, 39.561610386039511 ], [ -105.931667391281934, 39.561257354427731 ], [ -105.931676781601254, 39.561030226381106 ], [ -105.931700479427192, 39.560943448471981 ], [ -105.931623593513009, 39.560770889011287 ], [ -105.931459000941487, 39.560559915654139 ], [ -105.931418885041012, 39.560448447923427 ], [ -105.931415348419009, 39.560388500930188 ], [ -105.93141236971546, 39.560338010757604 ], [ -105.931396919691906, 39.560187349067611 ], [ -105.931410328170287, 39.560059853837075 ], [ -105.931354752655736, 39.559922512471751 ], [ -105.931505441959985, 39.559829727519848 ], [ -105.931376608453007, 39.55971984812804 ], [ -105.931278509708875, 39.559596212088358 ], [ -105.931217111959938, 39.559594441861982 ], [ -105.931203426360469, 39.559445244882838 ], [ -105.931115817489811, 39.559352562732514 ], [ -105.931016662737434, 39.559247665714366 ], [ -105.931047415728372, 39.558978266799116 ], [ -105.931152040923919, 39.55895712735515 ], [ -105.931692012577841, 39.559130435068283 ], [ -105.931808537896814, 39.559196855541749 ], [ -105.931820056033644, 39.559052495895038 ], [ -105.931412506155766, 39.558909266882921 ], [ -105.931229220284891, 39.558844852375927 ], [ -105.930940483666518, 39.558826864484132 ], [ -105.930590380529708, 39.558877883815732 ], [ -105.93030337282184, 39.55898930060868 ], [ -105.929986150274374, 39.559047667854024 ], [ -105.929649360643737, 39.559113803710375 ], [ -105.929148302590207, 39.559399489897004 ], [ -105.928598306442211, 39.559703328516491 ], [ -105.928235567912878, 39.55980744396637 ], [ -105.928007176262795, 39.559872997608494 ], [ -105.927062990887862, 39.560119072474222 ], [ -105.926456138108577, 39.560339612096698 ], [ -105.925501499314791, 39.560540079946961 ], [ -105.92542150375256, 39.560555599050311 ], [ -105.924546652725326, 39.560725315724838 ], [ -105.923932893527024, 39.560920520647478 ], [ -105.9232678703017, 39.561121722583906 ], [ -105.922420973426, 39.561374082119023 ], [ -105.921811737132856, 39.56155040268149 ], [ -105.921640964785666, 39.5616044438651 ], [ -105.921216039208133, 39.561738910799207 ], [ -105.920589316522026, 39.561946889102096 ], [ -105.920295958197784, 39.56207609507662 ], [ -105.920014973859708, 39.562149374066898 ], [ -105.919903168301929, 39.562155605052794 ], [ -105.919749608883563, 39.562164162827564 ], [ -105.919008907401064, 39.562182710940171 ], [ -105.918357184958523, 39.562236078307222 ], [ -105.917940147496793, 39.56225369228936 ], [ -105.917692014245105, 39.562264171724323 ], [ -105.916724815170383, 39.562261654802029 ], [ -105.915722190018926, 39.562307624329129 ], [ -105.915050494229874, 39.562338291695383 ], [ -105.914852224847408, 39.562469272841625 ], [ -105.914687703510921, 39.562673579871785 ], [ -105.914533382507301, 39.562905720540648 ], [ -105.914257219982801, 39.563346906883091 ], [ -105.914196872721035, 39.56363321713993 ], [ -105.914136475426631, 39.563858980152915 ], [ -105.914111802205738, 39.563951207388605 ], [ -105.913943431949804, 39.564443462469882 ], [ -105.913845140634947, 39.564699141811516 ] ] ] } },
{ "type": "Feature", "properties": { "fid": 135, "feature-id": null, "trail_name": "Erickson Bowl", "feature_type": "Area", "mountain_area": "Hiking Access", "difficulty": "Black", "acres_25_26": 487.7, "active": true, "notes": null, "gis_acres": 464.29, "trail_id": "T135", "display_from_year": 2006, "display_to_year": 2022 }, "geometry": { "type": "Polygon", "coordinates": [ [ [ -105.911427579097278, 39.562575512233316 ], [ -105.91132640331783, 39.56196340566931 ], [ -105.911043501618366, 39.561578490079938 ], [ -105.910280835505716, 39.560627385696975 ], [ -105.910053651598218, 39.56025278484632 ], [ -105.90978634136313, 39.559996788565726 ], [ -105.909348825759992, 39.559473280601765 ], [ -105.908886706990558, 39.5590151922434 ], [ -105.907475034554366, 39.557833273536971 ], [ -105.905526863554243, 39.556920618972356 ], [ -105.904492019740275, 39.555858073761065 ], [ -105.905028446995857, 39.555557058879501 ], [ -105.90575482707537, 39.55511963454903 ], [ -105.906549681588146, 39.554587222867994 ], [ -105.907263773904006, 39.554135781129993 ], [ -105.907586934552228, 39.553931478979678 ], [ -105.908262363677522, 39.553545769274784 ], [ -105.908521184637024, 39.553397965142111 ], [ -105.909733383402624, 39.552794805053111 ], [ -105.910738017713484, 39.552314693132971 ], [ -105.911026095594735, 39.552151965068717 ], [ -105.911464680923984, 39.551904216255402 ], [ -105.912331461649487, 39.551546605692565 ], [ -105.913776167001004, 39.55140032899466 ], [ -105.914792397966664, 39.551436115717472 ], [ -105.915089434388392, 39.551617730027665 ], [ -105.915462143849808, 39.551845609982088 ], [ -105.916001686587862, 39.552131696262741 ], [ -105.916454505502713, 39.552316744654611 ], [ -105.916658875779063, 39.552400261439608 ], [ -105.917358491449264, 39.55263530656601 ], [ -105.917800632363907, 39.552847494993664 ], [ -105.918166570401468, 39.552969034869889 ], [ -105.918414320106081, 39.553066621560966 ], [ -105.918747240914584, 39.553122057672901 ], [ -105.91925680507066, 39.553302428237657 ], [ -105.919984227591911, 39.553516494033943 ], [ -105.920592761631127, 39.553625376204735 ], [ -105.921062251245772, 39.553701654729068 ], [ -105.921260042644917, 39.553733789507916 ], [ -105.921731998908143, 39.553800457693498 ], [ -105.922114046032149, 39.553809551101338 ], [ -105.922474566447377, 39.553835287049729 ], [ -105.922955134401931, 39.553860068573478 ], [ -105.923259490751704, 39.55382905410827 ], [ -105.923816316408789, 39.553821454841355 ], [ -105.924140722233005, 39.553749612633588 ], [ -105.92449665926695, 39.55367078638416 ], [ -105.924670745729742, 39.553613278849568 ], [ -105.92526210716025, 39.55350623111363 ], [ -105.925466261063676, 39.55346498964591 ], [ -105.926002800278951, 39.55340459328211 ], [ -105.926351408075718, 39.553322583260758 ], [ -105.926717203421234, 39.553250339127942 ], [ -105.927001276142548, 39.553125924478714 ], [ -105.927209208579882, 39.55304833520902 ], [ -105.927622126887286, 39.552992218908479 ], [ -105.928058528285774, 39.552970247430231 ], [ -105.928120248573222, 39.552993524108942 ], [ -105.928657846781903, 39.553012999173575 ], [ -105.929259333727174, 39.55318927025381 ], [ -105.929346975797699, 39.553422074506166 ], [ -105.929387917421565, 39.553610633353117 ], [ -105.929496970176984, 39.553864088354928 ], [ -105.929656269668271, 39.554139450711261 ], [ -105.929685400321603, 39.55421422957825 ], [ -105.929727890445974, 39.554323302116799 ], [ -105.929797868483334, 39.554527988715783 ], [ -105.929880837937844, 39.55469836357986 ], [ -105.930125696897875, 39.554906112448862 ], [ -105.930233304340163, 39.555051005878575 ], [ -105.930434291717063, 39.555138634514087 ], [ -105.930643858346031, 39.555293122271337 ], [ -105.930868794855186, 39.555447486534945 ], [ -105.931046094482838, 39.555487710465343 ], [ -105.931111459905125, 39.555634428755539 ], [ -105.931256307775413, 39.555834052661119 ], [ -105.93122964639862, 39.556139161264163 ], [ -105.931255762659134, 39.556367995030449 ], [ -105.93133935450291, 39.556584469854492 ], [ -105.931425794635473, 39.556726557165447 ], [ -105.931563896121204, 39.55699613744401 ], [ -105.931623998001456, 39.557180079895517 ], [ -105.931740740435487, 39.557289203607532 ], [ -105.931840351890187, 39.55741036289718 ], [ -105.931856177497906, 39.557731491089122 ], [ -105.931897924742174, 39.557979534098855 ], [ -105.931878054748466, 39.558217660139121 ], [ -105.931888525812624, 39.558425797038112 ], [ -105.931936196485452, 39.558685690838971 ], [ -105.931991915505975, 39.558896782448173 ], [ -105.931991915505975, 39.558896782448173 ], [ -105.932028034308843, 39.559032960014328 ], [ -105.932041433999942, 39.559083441060487 ], [ -105.932036028648028, 39.559110255661651 ], [ -105.931820056033644, 39.559052495895038 ], [ -105.931229220284891, 39.558844852375927 ], [ -105.931069854119713, 39.558834924174334 ], [ -105.930940483666518, 39.558826864484132 ], [ -105.93084583833479, 39.558840656935452 ], [ -105.930590380529708, 39.558877883815732 ], [ -105.93030337282184, 39.55898930060868 ], [ -105.929986150274374, 39.559047667854024 ], [ -105.929649360643737, 39.559113803710375 ], [ -105.929327756415375, 39.559297171970904 ], [ -105.929148302590207, 39.559399489897004 ], [ -105.928598306442211, 39.559703328516491 ], [ -105.928007176262795, 39.559872997608494 ], [ -105.927062990887862, 39.560119072474222 ], [ -105.926848333960407, 39.560197082618963 ], [ -105.926456138108577, 39.560339612096698 ], [ -105.925501499314791, 39.560540079946961 ], [ -105.92542150375256, 39.560555599050311 ], [ -105.925110652439997, 39.560615903479395 ], [ -105.924546652725326, 39.560725315724838 ], [ -105.924287607447454, 39.56080770509984 ], [ -105.923932893527024, 39.560920520647478 ], [ -105.923629001321018, 39.561012463464515 ], [ -105.922420973426, 39.561374082119023 ], [ -105.921811737132856, 39.56155040268149 ], [ -105.921216039208133, 39.561738910799207 ], [ -105.920589316522026, 39.561946889102096 ], [ -105.920295958197784, 39.56207609507662 ], [ -105.920014973859708, 39.562149374066898 ], [ -105.919903168301929, 39.562155605052794 ], [ -105.919749608883563, 39.562164162827564 ], [ -105.919522032674706, 39.562169862130219 ], [ -105.919008907401064, 39.562182710940171 ], [ -105.918357184958523, 39.562236078307222 ], [ -105.917692014245105, 39.562264171724323 ], [ -105.917499009734769, 39.562263670115641 ], [ -105.917692014245105, 39.562264171724323 ], [ -105.916724815170383, 39.562261654802029 ], [ -105.915722190018926, 39.562307624329129 ], [ -105.915050494229874, 39.562338291695383 ], [ -105.914429221485534, 39.562315412120633 ], [ -105.91427458423091, 39.562327723016779 ], [ -105.913679765157127, 39.562375075470051 ], [ -105.913096305321631, 39.562379661280836 ], [ -105.912388522745957, 39.562438988861707 ], [ -105.911888977014527, 39.562485924617413 ], [ -105.911427579097278, 39.562575512233316 ] ] ] } },
{ "type": "Feature", "properties": { "fid": 136, "feature-id": null, "trail_name": "North Bowl", "feature_type": "Area", "mountain_area": "Hiking Access", "difficulty": "Black", "acres_25_26": 337.7, "active": true, "notes": null, "gis_acres": 363.96, "trail_id": "T136", "display_from_year": 2006, "display_to_year": 2024 }, "geometry": { "type": "Polygon", "coordinates": [ [ [ -105.919830999511987, 39.54521658218362 ], [ -105.919756298914066, 39.545432619516447 ], [ -105.919874482997258, 39.545630648124259 ], [ -105.919956570465331, 39.545758029998204 ], [ -105.919995502469746, 39.545823221558422 ], [ -105.920212305387693, 39.546198637114856 ], [ -105.920412522539522, 39.546423367213364 ], [ -105.920818690262124, 39.546899994357652 ], [ -105.921310237075488, 39.547406900947429 ], [ -105.921807864266171, 39.547995021114687 ], [ -105.922178808933367, 39.548452574114229 ], [ -105.922506277228322, 39.548902887528492 ], [ -105.922914143208459, 39.549484806528035 ], [ -105.923031900031503, 39.549982975927101 ], [ -105.923067738688772, 39.550534782069946 ], [ -105.923087760806311, 39.550843057276936 ], [ -105.923219829443838, 39.551582059643856 ], [ -105.923405307627135, 39.552157137712747 ], [ -105.923356692065823, 39.552682444043178 ], [ -105.923529918552347, 39.553171566672091 ], [ -105.923657026604062, 39.553386945608985 ], [ -105.923680580206124, 39.553555126151373 ], [ -105.923816316408789, 39.553821454841355 ], [ -105.923259490751704, 39.55382905410827 ], [ -105.922955134401931, 39.553860068573478 ], [ -105.922474566447377, 39.553835287049729 ], [ -105.922114046032149, 39.553809551101338 ], [ -105.921731998908143, 39.553800457693498 ], [ -105.921260042644917, 39.553733789507916 ], [ -105.920592761631127, 39.553625376204735 ], [ -105.919984227591911, 39.553516494033943 ], [ -105.91925680507066, 39.553302428237657 ], [ -105.918747240914584, 39.553122057672901 ], [ -105.918414320106081, 39.553066621560966 ], [ -105.918166570401468, 39.552969034869889 ], [ -105.917800632363907, 39.552847494993664 ], [ -105.917358491449264, 39.55263530656601 ], [ -105.916924998707586, 39.552489669641233 ], [ -105.916658875779063, 39.552400261439608 ], [ -105.916454505502713, 39.552316744654611 ], [ -105.916001686587862, 39.552131696262741 ], [ -105.915462143849808, 39.551845609982088 ], [ -105.915089434388392, 39.551617730027665 ], [ -105.914792397966664, 39.551436115717472 ], [ -105.913776167001004, 39.55140032899466 ], [ -105.913552752029588, 39.551422951016008 ], [ -105.912331461649487, 39.551546605692565 ], [ -105.911464680923984, 39.551904216255402 ], [ -105.911026095594735, 39.552151965068717 ], [ -105.910738017713484, 39.552314693132971 ], [ -105.909733383402624, 39.552794805053111 ], [ -105.908521184637024, 39.553397965142111 ], [ -105.907586934552228, 39.553931478979678 ], [ -105.907263773904006, 39.554135781129993 ], [ -105.906549681588146, 39.554587222867994 ], [ -105.906234930600263, 39.554798051873206 ], [ -105.90575482707537, 39.55511963454903 ], [ -105.905028446995857, 39.555557058879501 ], [ -105.904492019740275, 39.555858073761065 ], [ -105.904023641043764, 39.554687855656702 ], [ -105.903751887893293, 39.553893901441086 ], [ -105.903673576654541, 39.553674595012204 ], [ -105.903073640710105, 39.551994457373723 ], [ -105.903217729159095, 39.550307575898081 ], [ -105.903269152674852, 39.549669385254582 ], [ -105.903363414940074, 39.548651884229699 ], [ -105.903974137841729, 39.547870694250577 ], [ -105.904244851751699, 39.547487126918398 ], [ -105.904525156385361, 39.547089965680968 ], [ -105.905135726791997, 39.546286485333205 ], [ -105.905843507183334, 39.545375628998585 ], [ -105.90640450393019, 39.544497568414258 ], [ -105.907120755951794, 39.543611962348827 ], [ -105.907538754754185, 39.543057896489131 ], [ -105.90812992639033, 39.543243210883958 ], [ -105.908795514279575, 39.543491251055265 ], [ -105.909388180176933, 39.543790506489863 ], [ -105.91019319078417, 39.54406910294648 ], [ -105.911021992163356, 39.544290527738696 ], [ -105.911576558822375, 39.544417519721051 ], [ -105.911743758615572, 39.544455806720201 ], [ -105.912236005896744, 39.544578565449854 ], [ -105.912753282064259, 39.544739111903546 ], [ -105.913548809156111, 39.54486362481174 ], [ -105.913758102353185, 39.544869022304276 ], [ -105.914178259740183, 39.544999530701247 ], [ -105.914879751367579, 39.545183376690645 ], [ -105.91544713117473, 39.54526728123907 ], [ -105.9160213752359, 39.545269703058679 ], [ -105.916815681385444, 39.545220565878289 ], [ -105.917185003800896, 39.545171989342379 ], [ -105.917794923582534, 39.54507169818168 ], [ -105.918179910067749, 39.545033633135347 ], [ -105.918706967067507, 39.544981518916643 ], [ -105.918838961293886, 39.545010059505792 ], [ -105.919417103509218, 39.545168653020468 ], [ -105.919674279156965, 39.545226445675468 ], [ -105.919830999511987, 39.54521658218362 ] ] ] } },
{ "type": "Feature", "properties": { "fid": 137, "feature-id": null, "trail_name": "South Bowl", "feature_type": "Area", "mountain_area": "Hiking Access", "difficulty": "Black", "acres_25_26": 263.4, "active": true, "notes": null, "gis_acres": 172.78, "trail_id": "T137", "display_from_year": 2006, "display_to_year": 2024 }, "geometry": { "type": "Polygon", "coordinates": [ [ [ -105.918706967067507, 39.544981518916643 ], [ -105.918838961293886, 39.545010059505792 ], [ -105.918706967067507, 39.544981518916643 ], [ -105.918179910067749, 39.545033633135347 ], [ -105.917794923582534, 39.54507169818168 ], [ -105.917185003800896, 39.545171989342379 ], [ -105.916815681385444, 39.545220565878289 ], [ -105.9160213752359, 39.545269703058679 ], [ -105.91544713117473, 39.54526728123907 ], [ -105.914879751367579, 39.545183376690645 ], [ -105.914178259740183, 39.544999530701247 ], [ -105.913758102353185, 39.544869022304276 ], [ -105.913548809156111, 39.54486362481174 ], [ -105.912753282064259, 39.544739111903546 ], [ -105.912236005896744, 39.544578565449854 ], [ -105.911743758615572, 39.544455806720201 ], [ -105.911576558822375, 39.544417519721051 ], [ -105.911021992163356, 39.544290527738696 ], [ -105.91019319078417, 39.54406910294648 ], [ -105.909388180176933, 39.543790506489863 ], [ -105.908795514279575, 39.543491251055265 ], [ -105.90812992639033, 39.543243210883958 ], [ -105.907538754754185, 39.543057896489131 ], [ -105.907871958472839, 39.542573904275066 ], [ -105.908144703585776, 39.542203026915175 ], [ -105.908542482899406, 39.541785926605293 ], [ -105.908790697785975, 39.541550974404217 ], [ -105.909609079052558, 39.540899831542298 ], [ -105.910180950311059, 39.540390873035783 ], [ -105.910573154458916, 39.540038980632936 ], [ -105.910982220072739, 39.53948785406174 ], [ -105.911487414037808, 39.538860767346996 ], [ -105.912047954034762, 39.538222500568637 ], [ -105.912485448435135, 39.537724863309641 ], [ -105.913046392512172, 39.537118819153001 ], [ -105.914366506985218, 39.53726959489066 ], [ -105.915465211550753, 39.537465073911221 ], [ -105.916413994650711, 39.537865852138594 ], [ -105.917097770614234, 39.538161278350493 ], [ -105.917796133708208, 39.538510303065628 ], [ -105.918717904317162, 39.538964993347619 ], [ -105.918952373850075, 39.539145108898737 ], [ -105.91959328416246, 39.539204289477624 ], [ -105.919956128709586, 39.539077508159558 ], [ -105.920339169151063, 39.538909262471954 ], [ -105.920616440686231, 39.538810692205153 ], [ -105.920837705079606, 39.538510637645906 ], [ -105.921146204883044, 39.538308560390746 ], [ -105.921490048982534, 39.538090139702241 ], [ -105.921805442649912, 39.537961434178719 ], [ -105.922184003484375, 39.537903360150814 ], [ -105.922496948155924, 39.537813680882486 ], [ -105.922907798790661, 39.537732401926228 ], [ -105.923521148483644, 39.537725235483208 ], [ -105.923906910511604, 39.537763473055577 ], [ -105.924458155057124, 39.537765973834816 ], [ -105.925120073224733, 39.537845608543961 ], [ -105.925455614759812, 39.537895713825435 ], [ -105.925757732097111, 39.538106708373718 ], [ -105.926337508606935, 39.53824894531747 ], [ -105.926549055680439, 39.538334455009213 ], [ -105.927138946376459, 39.538568392444397 ], [ -105.927722822888271, 39.538795490980498 ], [ -105.928395264087825, 39.538996638264436 ], [ -105.929328780775947, 39.539218640738142 ], [ -105.930105158843375, 39.539435009382878 ], [ -105.930471937114618, 39.539604170787442 ], [ -105.930681142900042, 39.539735584195952 ], [ -105.930931508244072, 39.54006400551728 ], [ -105.931190367238983, 39.540362528070055 ], [ -105.931407069061919, 39.540584109231794 ], [ -105.931339038400282, 39.540607772527224 ], [ -105.931058303603933, 39.540397868649322 ], [ -105.930783344786576, 39.540140784181233 ], [ -105.930553636929986, 39.539883336762891 ], [ -105.930297529933313, 39.539682162177577 ], [ -105.92999720447051, 39.539558426091006 ], [ -105.929579514018457, 39.539456651198066 ], [ -105.929116109002564, 39.539320201485239 ], [ -105.928725570320623, 39.539218206458742 ], [ -105.928253212162161, 39.53908883257813 ], [ -105.928092686278632, 39.539040071977865 ], [ -105.927826104085554, 39.538959095558425 ], [ -105.927490053732228, 39.53887067688617 ], [ -105.927071438669955, 39.538698822788668 ], [ -105.92673483135637, 39.538568359844959 ], [ -105.926193324323734, 39.538426042918324 ], [ -105.925644036101019, 39.538212648778 ], [ -105.925325532874822, 39.538082037542068 ], [ -105.92475420139148, 39.537995483785544 ], [ -105.923966518365674, 39.53797371708189 ], [ -105.92338632548757, 39.537901242541622 ], [ -105.922699023802068, 39.537941739519837 ], [ -105.92262863165962, 39.537965617343261 ], [ -105.922212480744008, 39.538106779314248 ], [ -105.92166006705628, 39.538364299330183 ], [ -105.9216753206329, 39.538538052818794 ], [ -105.921818212316438, 39.53894043409457 ], [ -105.921844230754857, 39.539704197699479 ], [ -105.920994715789575, 39.540450258039407 ], [ -105.920181564841471, 39.541541042857467 ], [ -105.919840313651733, 39.541988061055022 ], [ -105.919414990679073, 39.542545198806245 ], [ -105.919041685138097, 39.543515350938812 ], [ -105.918819691328565, 39.54404037290054 ], [ -105.91869401266004, 39.544429596553414 ], [ -105.918706967067507, 39.544981518916643 ] ] ] } },
{ "type": "Feature", "properties": { "fid": 138, "feature-id": null, "trail_name": "Mouse Trap", "feature_type": "Trail", "mountain_area": "Windows", "difficulty": "Black", "acres_25_26": 5.7, "active": true, "notes": null, "gis_acres": 10.32, "trail_id": "T138", "display_from_year": 2024, "display_to_year": 9999 }, "geometry": { "type": "Polygon", "coordinates": [ [ [ -105.9400201813488, 39.57846777415665 ], [ -105.940217891386652, 39.578576365797247 ], [ -105.940019505457897, 39.578595117034055 ], [ -105.939625662600719, 39.578320084353798 ], [ -105.939270146204819, 39.578050660051559 ], [ -105.938915271476773, 39.577828585733982 ], [ -105.938768349733934, 39.577711382097441 ], [ -105.938582865927231, 39.577570811614613 ], [ -105.938288785716225, 39.57731864659668 ], [ -105.938270136552433, 39.577070176678589 ], [ -105.937999404208, 39.5768474200489 ], [ -105.937867543872528, 39.576712335050175 ], [ -105.937805398284596, 39.576641802180824 ], [ -105.938066283427958, 39.57638199236424 ], [ -105.938431228868495, 39.57604428462551 ], [ -105.93892907939501, 39.575538121384341 ], [ -105.939617943191294, 39.575162921186219 ], [ -105.940032554585159, 39.575189492556625 ], [ -105.940107284351612, 39.57539610964772 ], [ -105.940257858306424, 39.57559592728169 ], [ -105.940400816882388, 39.575823642083044 ], [ -105.940334485144248, 39.576238622133509 ], [ -105.939676639164844, 39.576949115846034 ], [ -105.939524376167668, 39.577216332987412 ], [ -105.93966126422022, 39.577586369250568 ], [ -105.939774201682198, 39.577797504625686 ], [ -105.939858562280691, 39.578019056769108 ], [ -105.940010400894437, 39.578275250105364 ], [ -105.940014782576796, 39.578422444969107 ], [ -105.9400201813488, 39.57846777415665 ] ] ] } },
{ "type": "Feature", "properties": { "fid": 139, "feature-id": null, "trail_name": "Narrow Gauge", "feature_type": "Trail", "mountain_area": "Windows", "difficulty": "Black", "acres_25_26": 9.5, "active": true, "notes": null, "gis_acres": 23.22, "trail_id": "T139", "display_from_year": 2024, "display_to_year": 9999 }, "geometry": { "type": "Polygon", "coordinates": [ [ [ -105.937805398284596, 39.576641802180824 ], [ -105.93759714622044, 39.576503020229907 ], [ -105.937418576275945, 39.576372197277145 ], [ -105.937286781867812, 39.576213631861279 ], [ -105.937201947091495, 39.576041005103704 ], [ -105.937035287687721, 39.5759192071136 ], [ -105.936898707274423, 39.575842774528823 ], [ -105.936483216930483, 39.574900583185268 ], [ -105.937819811335842, 39.574310275959945 ], [ -105.938886100343154, 39.574025612994497 ], [ -105.9397831180721, 39.573885856655714 ], [ -105.9403716638232, 39.57396197587618 ], [ -105.940242843231104, 39.574188797153234 ], [ -105.940117892587978, 39.574406308389747 ], [ -105.940164440007166, 39.574597689171824 ], [ -105.940235883661302, 39.574856911421577 ], [ -105.940130244111359, 39.575024780625277 ], [ -105.940032554585159, 39.575189492556625 ], [ -105.939617943191294, 39.575162921186219 ], [ -105.93892907939501, 39.575538121384341 ], [ -105.938431228868495, 39.57604428462551 ], [ -105.938066283427958, 39.57638199236424 ], [ -105.937805398284596, 39.576641802180824 ] ] ] } },
{ "type": "Feature", "properties": { "fid": 140, "feature-id": null, "trail_name": "Crap Game", "feature_type": "Trail", "mountain_area": "Windows", "difficulty": "Black", "acres_25_26": 23.1, "active": true, "notes": null, "gis_acres": 38.42, "trail_id": "T140", "display_from_year": 2024, "display_to_year": 9999 }, "geometry": { "type": "Polygon", "coordinates": [ [ [ -105.933907134730916, 39.572835208596317 ], [ -105.933947837339275, 39.573139529580871 ], [ -105.933907134730916, 39.572835208596317 ], [ -105.933805588447299, 39.572772261102038 ], [ -105.933676771328805, 39.572723702318349 ], [ -105.933584284078464, 39.572653596999444 ], [ -105.933554542457003, 39.572483799770211 ], [ -105.933470924268107, 39.572392368582086 ], [ -105.933332764435676, 39.572329714778832 ], [ -105.933186021116811, 39.572309638786152 ], [ -105.932975202377008, 39.572290077073269 ], [ -105.932654824842032, 39.572292648874367 ], [ -105.932590844254022, 39.572300247207963 ], [ -105.932488730448767, 39.572194794056493 ], [ -105.932752286965709, 39.57205098199745 ], [ -105.932970549229466, 39.571942957212364 ], [ -105.933536266861068, 39.571803801857484 ], [ -105.934064227089024, 39.571579929161388 ], [ -105.9351085091931, 39.570948064356244 ], [ -105.936025196605186, 39.570359727058829 ], [ -105.936761471955407, 39.569971212602461 ], [ -105.937350428033326, 39.569520118317413 ], [ -105.938402942830081, 39.568824393916692 ], [ -105.939395189083356, 39.568412540928215 ], [ -105.940154315008812, 39.56795932491783 ], [ -105.940492390293571, 39.568100271757586 ], [ -105.940797568134982, 39.568220125738947 ], [ -105.941136421988105, 39.568232915158539 ], [ -105.941378049359329, 39.56829114931508 ], [ -105.941510504702791, 39.568319201444837 ], [ -105.941680129773516, 39.568355125331607 ], [ -105.941679883516429, 39.568355296810672 ], [ -105.941607459914536, 39.568405728319071 ], [ -105.941547967029777, 39.568447155553734 ], [ -105.94144096939425, 39.568525217597184 ], [ -105.941342194874892, 39.568597280077398 ], [ -105.94120901491786, 39.568796302120433 ], [ -105.941099223602734, 39.568951834504681 ], [ -105.941033301983438, 39.569100825808441 ], [ -105.940067352532765, 39.569434572091957 ], [ -105.93861051621235, 39.570242982342137 ], [ -105.937174294728322, 39.571169227931762 ], [ -105.936247699437303, 39.571722538877076 ], [ -105.935128703120014, 39.572144618594955 ], [ -105.933907134730916, 39.572835208596317 ] ] ] } },
{ "type": "Feature", "properties": { "fid": 141, "feature-id": null, "trail_name": "Snake Pit", "feature_type": "Trail", "mountain_area": "Windows", "difficulty": "Black", "acres_25_26": 15.5, "active": true, "notes": null, "gis_acres": 24.41, "trail_id": "T141", "display_from_year": 2024, "display_to_year": 9999 }, "geometry": { "type": "Polygon", "coordinates": [ [ [ -105.936639583309173, 39.57003553087231 ], [ -105.936122534309661, 39.568919462268973 ], [ -105.935746993185134, 39.568027728125983 ], [ -105.935344271653605, 39.567276896750862 ], [ -105.935058030608488, 39.566536381492575 ], [ -105.934741442825413, 39.565485991355708 ], [ -105.935041341581169, 39.565519141656139 ], [ -105.935263643989046, 39.565633852139101 ], [ -105.935530758930767, 39.565722959906978 ], [ -105.935737307835737, 39.565785371574684 ], [ -105.936140816996513, 39.565943279202322 ], [ -105.936403570300769, 39.566080961490705 ], [ -105.936780247852582, 39.566295391109009 ], [ -105.937162441141183, 39.566546666470956 ], [ -105.937402361502805, 39.566665114046188 ], [ -105.937649049579576, 39.566727198494938 ], [ -105.938045304783898, 39.566904574533325 ], [ -105.938371456695094, 39.567092223587629 ], [ -105.938568615237543, 39.567207978052487 ], [ -105.938798812031536, 39.567343128803564 ], [ -105.939218356934262, 39.56757273734231 ], [ -105.939479033186899, 39.567741495863494 ], [ -105.939711357544184, 39.567854175060262 ], [ -105.939907332203774, 39.567900696045641 ], [ -105.940154315008812, 39.56795932491783 ], [ -105.939395189083356, 39.568412540928215 ], [ -105.938402942830081, 39.568824393916692 ], [ -105.937823322997673, 39.569207532184102 ], [ -105.937350428033326, 39.569520118317413 ], [ -105.936761471955407, 39.569971212602461 ], [ -105.936639583309173, 39.57003553087231 ] ] ] } },
{ "type": "Feature", "properties": { "fid": 142, "feature-id": null, "trail_name": "Brahma", "feature_type": "Trail", "mountain_area": "Windows", "difficulty": "Black", "acres_25_26": 18.9, "active": true, "notes": null, "gis_acres": 11.84, "trail_id": "T142", "display_from_year": 2024, "display_to_year": 9999 }, "geometry": { "type": "Polygon", "coordinates": [ [ [ -105.932488730448767, 39.572194794056493 ], [ -105.932106825768642, 39.571976192844389 ], [ -105.93211743444661, 39.571904480047699 ], [ -105.932300121584518, 39.571723945246369 ], [ -105.932752671112553, 39.57139351218963 ], [ -105.932824141993635, 39.571115381121288 ], [ -105.933114797892287, 39.57079072284958 ], [ -105.933569138681861, 39.570594574174883 ], [ -105.93416060582183, 39.570271972967525 ], [ -105.934366178114374, 39.570073344002274 ], [ -105.934783523733699, 39.569707372218097 ], [ -105.935196945649849, 39.569480209212074 ], [ -105.935580303215971, 39.56916822887203 ], [ -105.935901842612395, 39.568991047130545 ], [ -105.936122534309661, 39.568919462268973 ], [ -105.936639583309173, 39.57003553087231 ], [ -105.936761471955407, 39.569971212602461 ], [ -105.936210067007778, 39.570262176320703 ], [ -105.936025196605186, 39.570359727058829 ], [ -105.9351085091931, 39.570948064356244 ], [ -105.934064227089024, 39.571579929161388 ], [ -105.933536266861068, 39.571803801857484 ], [ -105.932970549229466, 39.571942957212364 ], [ -105.932752286965709, 39.57205098199745 ], [ -105.932488730448767, 39.572194794056493 ] ] ] } },
{ "type": "Feature", "properties": { "fid": 143, "feature-id": null, "trail_name": "Black Jack", "feature_type": "Trail", "mountain_area": "Windows", "difficulty": "Black", "acres_25_26": 27.1, "active": true, "notes": null, "gis_acres": 17.38, "trail_id": "T143", "display_from_year": 2024, "display_to_year": 9999 }, "geometry": { "type": "Polygon", "coordinates": [ [ [ -105.935344271653605, 39.567276896750862 ], [ -105.934608559640267, 39.567523146658722 ], [ -105.933914387820309, 39.568045980271222 ], [ -105.93312422455331, 39.568764610271323 ], [ -105.932782297943191, 39.569411801340323 ], [ -105.932259008790382, 39.570425067149678 ], [ -105.932179774382888, 39.570935407879098 ], [ -105.932239132029778, 39.571253330631244 ], [ -105.932251351310725, 39.571617117069103 ], [ -105.932300121584518, 39.571723945246369 ], [ -105.932752671112553, 39.57139351218963 ], [ -105.932824141993635, 39.571115381121288 ], [ -105.933114797892287, 39.57079072284958 ], [ -105.933569138681861, 39.570594574174883 ], [ -105.933759169426963, 39.570490927228796 ], [ -105.93416060582183, 39.570271972967525 ], [ -105.934366178114374, 39.570073344002274 ], [ -105.934783523733699, 39.569707372218097 ], [ -105.935196945649849, 39.569480209212074 ], [ -105.935580303215971, 39.56916822887203 ], [ -105.935901842612395, 39.568991047130545 ], [ -105.936122534309661, 39.568919462268973 ], [ -105.935746993185134, 39.568027728125983 ], [ -105.935344271653605, 39.567276896750862 ] ] ] } },
{ "type": "Feature", "properties": { "fid": 144, "feature-id": null, "trail_name": "Roulette", "feature_type": "Trail", "mountain_area": "Windows", "difficulty": "Black", "acres_25_26": 45.4, "active": true, "notes": null, "gis_acres": 30.78, "trail_id": "T144", "display_from_year": 2024, "display_to_year": 9999 }, "geometry": { "type": "Polygon", "coordinates": [ [ [ -105.93211743444661, 39.571904480047699 ], [ -105.931995165660155, 39.571811828222643 ], [ -105.9319216411984, 39.571698963440603 ], [ -105.931806704660644, 39.571566526397021 ], [ -105.93168786487972, 39.571334599076195 ], [ -105.931544389839061, 39.570991405075148 ], [ -105.931371723360428, 39.570580770243303 ], [ -105.931367791947139, 39.569548934521393 ], [ -105.931292257470332, 39.568747050072318 ], [ -105.931504509387011, 39.567658643744124 ], [ -105.931964467915108, 39.566518094930615 ], [ -105.932291746576837, 39.565955398502943 ], [ -105.932859071327272, 39.5650919631872 ], [ -105.933028458888529, 39.565040874891004 ], [ -105.93325016364841, 39.564945488186289 ], [ -105.933502334824311, 39.564867407539431 ], [ -105.93385346460974, 39.564841184793679 ], [ -105.934051069470627, 39.564921502329852 ], [ -105.934237840470558, 39.565090672926253 ], [ -105.934350762130705, 39.565280047418568 ], [ -105.934443382844265, 39.565452110126458 ], [ -105.934566501872126, 39.565466653306203 ], [ -105.934741442825413, 39.565485991355708 ], [ -105.935058030608488, 39.566536381492575 ], [ -105.935344271653605, 39.567276896750862 ], [ -105.934608559640267, 39.567523146658722 ], [ -105.934301026940105, 39.567754774404968 ], [ -105.933914387820309, 39.568045980271222 ], [ -105.93312422455331, 39.568764610271323 ], [ -105.932782297943191, 39.569411801340323 ], [ -105.932259008790382, 39.570425067149678 ], [ -105.932179774382888, 39.570935407879098 ], [ -105.932239132029778, 39.571253330631244 ], [ -105.932251351310725, 39.571617117069103 ], [ -105.932300121584518, 39.571723945246369 ], [ -105.93211743444661, 39.571904480047699 ] ] ] } },
{ "type": "Feature", "properties": { "fid": 145, "feature-id": null, "trail_name": "Gun Barrel", "feature_type": "Trail", "mountain_area": "Windows", "difficulty": "Black", "acres_25_26": 16.2, "active": true, "notes": null, "gis_acres": 20.02, "trail_id": "T145", "display_from_year": 2024, "display_to_year": 9999 }, "geometry": { "type": "Polygon", "coordinates": [ [ [ -105.936898707274423, 39.575842774528823 ], [ -105.936566275566435, 39.575800391737552 ], [ -105.936119195179927, 39.575726828435414 ], [ -105.935781986570575, 39.575628010483022 ], [ -105.935587718164371, 39.575621452065491 ], [ -105.935357808623323, 39.575696407443203 ], [ -105.935185730861846, 39.575779019673412 ], [ -105.935061862959543, 39.575934348216009 ], [ -105.934926462734097, 39.576012603553615 ], [ -105.934737386334774, 39.576001940583438 ], [ -105.934584115864212, 39.575921946191237 ], [ -105.93452448388166, 39.57578027814445 ], [ -105.934506123608344, 39.575585480459729 ], [ -105.934450758090406, 39.575370673546907 ], [ -105.934396756072005, 39.57525738967567 ], [ -105.9342273634864, 39.57514909490277 ], [ -105.934089456452853, 39.575040546785878 ], [ -105.933935425871795, 39.574903698557229 ], [ -105.934106957928435, 39.574780478936255 ], [ -105.934550212863854, 39.574569785454628 ], [ -105.935365051680193, 39.574282995310405 ], [ -105.936424654716191, 39.573856140961141 ], [ -105.937421768369958, 39.573466333351831 ], [ -105.938423734780116, 39.573048048476316 ], [ -105.939536266373167, 39.57265729061394 ], [ -105.940496339644341, 39.572247449332522 ], [ -105.940901782178528, 39.572083410550533 ], [ -105.940930566049431, 39.572438856609708 ], [ -105.940873761706683, 39.572671281192243 ], [ -105.940772373752807, 39.572857673768745 ], [ -105.940602676652659, 39.573016783445304 ], [ -105.940529385111148, 39.573212226958809 ], [ -105.940416007328537, 39.573398716257287 ], [ -105.940402363239897, 39.573572026915912 ], [ -105.9403716638232, 39.57396197587618 ], [ -105.9397831180721, 39.573885856655714 ], [ -105.938886100343154, 39.574025612994497 ], [ -105.937819811335842, 39.574310275959945 ], [ -105.936483216930483, 39.574900583185268 ], [ -105.936898707274423, 39.575842774528823 ] ] ] } },
{ "type": "Feature", "properties": { "fid": 146, "feature-id": null, "trail_name": "Buck Shot", "feature_type": "Trail", "mountain_area": "Windows", "difficulty": "Black", "acres_25_26": 15.4, "active": true, "notes": null, "gis_acres": 30.69, "trail_id": "T146", "display_from_year": 2024, "display_to_year": 9999 }, "geometry": { "type": "Polygon", "coordinates": [ [ [ -105.933935425871795, 39.574903698557229 ], [ -105.933910852623669, 39.574647913027874 ], [ -105.933767108775726, 39.574397480114179 ], [ -105.933719713724926, 39.57416914450328 ], [ -105.933768052789475, 39.573917167965405 ], [ -105.934363682841578, 39.573722441796967 ], [ -105.93480483761526, 39.573578214750739 ], [ -105.936055099879283, 39.572992803600997 ], [ -105.937098061274483, 39.572586080659157 ], [ -105.93846563053124, 39.572220984710832 ], [ -105.939468056414483, 39.571637538171451 ], [ -105.940547103624283, 39.571082967805339 ], [ -105.94142346034522, 39.570764718866833 ], [ -105.941259271251894, 39.571035127963128 ], [ -105.941134998342577, 39.571302120684543 ], [ -105.941022252386873, 39.571534998434416 ], [ -105.940941807784185, 39.571792357416136 ], [ -105.940901782178528, 39.572083410550533 ], [ -105.940496339644341, 39.572247449332522 ], [ -105.939891406012009, 39.572505688160241 ], [ -105.939536266373167, 39.57265729061394 ], [ -105.938423734780116, 39.573048048476316 ], [ -105.937421768369958, 39.573466333351831 ], [ -105.936532659159653, 39.573813918758908 ], [ -105.936424654716191, 39.573856140961141 ], [ -105.935365051680193, 39.574282995310405 ], [ -105.934550212863854, 39.574569785454628 ], [ -105.934106957928435, 39.574780478936255 ], [ -105.933935425871795, 39.574903698557229 ] ] ] } },
{ "type": "Feature", "properties": { "fid": 147, "feature-id": null, "trail_name": "Wild Card", "feature_type": "Trail", "mountain_area": "Windows", "difficulty": "Black", "acres_25_26": 32.1, "active": true, "notes": null, "gis_acres": 26.95, "trail_id": "T147", "display_from_year": 2024, "display_to_year": 9999 }, "geometry": { "type": "Polygon", "coordinates": [ [ [ -105.933768052789475, 39.573917167965405 ], [ -105.93480483761526, 39.573578214750739 ], [ -105.936055099879283, 39.572992803600997 ], [ -105.937098061274483, 39.572586080659157 ], [ -105.93846563053124, 39.572220984710832 ], [ -105.939468056414483, 39.571637538171451 ], [ -105.940547103624283, 39.571082967805339 ], [ -105.94142346034522, 39.570764718866833 ], [ -105.941495659298141, 39.570488869148555 ], [ -105.941536267294538, 39.570241111106718 ], [ -105.94154902956744, 39.570002857252774 ], [ -105.941387062402157, 39.56984643345438 ], [ -105.941185388535416, 39.56970888820662 ], [ -105.941075117736347, 39.569533488063556 ], [ -105.941020579856854, 39.569342172186268 ], [ -105.941033301983438, 39.569100825808441 ], [ -105.940067352532765, 39.569434572091957 ], [ -105.93861051621235, 39.570242982342137 ], [ -105.937174294728322, 39.571169227931762 ], [ -105.936247699437303, 39.571722538877076 ], [ -105.935128703120014, 39.572144618594955 ], [ -105.933907134730916, 39.572835208596317 ], [ -105.933947837339275, 39.573139529580871 ], [ -105.933768052789475, 39.573917167965405 ] ] ] } },
{ "type": "Feature", "properties": { "fid": 148, "feature-id": null, "trail_name": "The Windows", "feature_type": "Area", "mountain_area": "Hiking Access", "difficulty": "Black", "acres_25_26": 208.9, "active": true, "notes": null, "gis_acres": 197.26, "trail_id": "T148", "display_from_year": 2006, "display_to_year": 2023 }, "geometry": { "type": "Polygon", "coordinates": [ [ [ -105.940217891386652, 39.578576365797247 ], [ -105.9400201813488, 39.57846777415665 ], [ -105.940014782576796, 39.578422444969107 ], [ -105.940010400894437, 39.578275250105364 ], [ -105.939858562280691, 39.578019056769108 ], [ -105.939774201682198, 39.577797504625686 ], [ -105.93966126422022, 39.577586369250568 ], [ -105.939524376167668, 39.577216332987412 ], [ -105.939676639164844, 39.576949115846034 ], [ -105.940334485144248, 39.576238622133509 ], [ -105.940400816882388, 39.575823642083044 ], [ -105.940257858306424, 39.57559592728169 ], [ -105.940107284351612, 39.57539610964772 ], [ -105.940032554585159, 39.575189492556625 ], [ -105.940130244111359, 39.575024780625277 ], [ -105.940235883661302, 39.574856911421577 ], [ -105.940164440007166, 39.574597689171824 ], [ -105.940117892587978, 39.574406308389747 ], [ -105.940242843231104, 39.574188797153234 ], [ -105.9403716638232, 39.57396197587618 ], [ -105.940402363239897, 39.573572026915912 ], [ -105.940416007328537, 39.573398716257287 ], [ -105.940529385111148, 39.573212226958809 ], [ -105.940602676652659, 39.573016783445304 ], [ -105.940772373752807, 39.572857673768745 ], [ -105.940873761706683, 39.572671281192243 ], [ -105.940930566049431, 39.572438856609708 ], [ -105.940901782178528, 39.572083410550533 ], [ -105.940941807784185, 39.571792357416136 ], [ -105.941022252386873, 39.571534998434416 ], [ -105.941134998342577, 39.571302120684543 ], [ -105.941259271251894, 39.571035127963128 ], [ -105.94142346034522, 39.570764718866833 ], [ -105.941495659298141, 39.570488869148555 ], [ -105.941536267294538, 39.570241111106718 ], [ -105.94154902956744, 39.570002857252774 ], [ -105.941387062402157, 39.56984643345438 ], [ -105.941185388535416, 39.56970888820662 ], [ -105.941075117736347, 39.569533488063556 ], [ -105.941020579856854, 39.569342172186268 ], [ -105.941033301983438, 39.569100825808441 ], [ -105.941099223602734, 39.568951834504681 ], [ -105.94120901491786, 39.568796302120433 ], [ -105.941342194874892, 39.568597280077398 ], [ -105.941547967029777, 39.568447155553734 ], [ -105.94163524176787, 39.568386382695174 ], [ -105.941680129773516, 39.568355125331607 ], [ -105.941510504702791, 39.568319201444837 ], [ -105.941378049359329, 39.56829114931508 ], [ -105.941136421988105, 39.568232915158539 ], [ -105.940797568134982, 39.568220125738947 ], [ -105.940492390293571, 39.568100271757586 ], [ -105.940154315008812, 39.56795932491783 ], [ -105.939711357544184, 39.567854175060262 ], [ -105.939479033186899, 39.567741495863494 ], [ -105.939218356934262, 39.56757273734231 ], [ -105.938798812031536, 39.567343128803564 ], [ -105.938568615237543, 39.567207978052487 ], [ -105.938371456695094, 39.567092223587629 ], [ -105.938045304783898, 39.566904574533325 ], [ -105.937649049579576, 39.566727198494938 ], [ -105.937402361502805, 39.566665114046188 ], [ -105.937162441141183, 39.566546666470956 ], [ -105.936780247852582, 39.566295391109009 ], [ -105.936403570300769, 39.566080961490705 ], [ -105.936140816996513, 39.565943279202322 ], [ -105.935737307835737, 39.565785371574684 ], [ -105.935530758930767, 39.565722959906978 ], [ -105.935263643989046, 39.565633852139101 ], [ -105.935041341581169, 39.565519141656139 ], [ -105.934741442825413, 39.565485991355708 ], [ -105.934566501872126, 39.565466653306203 ], [ -105.934443382844265, 39.565452110126458 ], [ -105.934350762130705, 39.565280047418568 ], [ -105.934237840470558, 39.565090672926253 ], [ -105.934051069470627, 39.564921502329852 ], [ -105.93385346460974, 39.564841184793679 ], [ -105.933502334824311, 39.564867407539431 ], [ -105.93325016364841, 39.564945488186289 ], [ -105.933028458888529, 39.565040874891004 ], [ -105.932859071327272, 39.5650919631872 ], [ -105.932392051555595, 39.565802741891893 ], [ -105.932291746576837, 39.565955398502943 ], [ -105.931964467915108, 39.566518094930615 ], [ -105.931504509387011, 39.567658643744124 ], [ -105.931292257470332, 39.568747050072318 ], [ -105.931367791947139, 39.569548934521393 ], [ -105.931371723360428, 39.570580770243303 ], [ -105.931544389839061, 39.570991405075148 ], [ -105.93168786487972, 39.571334599076195 ], [ -105.931806704660644, 39.571566526397021 ], [ -105.9319216411984, 39.571698963440603 ], [ -105.931995165660155, 39.571811828222643 ], [ -105.93211743444661, 39.571904480047699 ], [ -105.932106825768642, 39.571976192844389 ], [ -105.932488730448767, 39.572194794056493 ], [ -105.932590844254022, 39.572300247207963 ], [ -105.932654824842032, 39.572292648874367 ], [ -105.932975202377008, 39.572290077073269 ], [ -105.933186021116811, 39.572309638786152 ], [ -105.933332764435676, 39.572329714778832 ], [ -105.933470924268107, 39.572392368582086 ], [ -105.933554542457003, 39.572483799770211 ], [ -105.933584284078464, 39.572653596999444 ], [ -105.933676771328805, 39.572723702318349 ], [ -105.933805588447299, 39.572772261102038 ], [ -105.933907134730916, 39.572835208596317 ], [ -105.933947837339275, 39.573139529580871 ], [ -105.933768052789475, 39.573917167965405 ], [ -105.933719713724926, 39.57416914450328 ], [ -105.933767108775726, 39.574397480114179 ], [ -105.933910852623669, 39.574647913027874 ], [ -105.933935425871795, 39.574903698557229 ], [ -105.934089456452853, 39.575040546785878 ], [ -105.9342273634864, 39.57514909490277 ], [ -105.934396756072005, 39.57525738967567 ], [ -105.934450758090406, 39.575370673546907 ], [ -105.934506123608344, 39.575585480459729 ], [ -105.93452448388166, 39.57578027814445 ], [ -105.934584115864212, 39.575921946191237 ], [ -105.934737386334774, 39.576001940583438 ], [ -105.934926462734097, 39.576012603553615 ], [ -105.935061862959543, 39.575934348216009 ], [ -105.935185730861846, 39.575779019673412 ], [ -105.935357808623323, 39.575696407443203 ], [ -105.935587718164371, 39.575621452065491 ], [ -105.935781986570575, 39.575628010483022 ], [ -105.936119195179927, 39.575726828435414 ], [ -105.936566275566435, 39.575800391737552 ], [ -105.936898707274423, 39.575842774528823 ], [ -105.937035287687721, 39.5759192071136 ], [ -105.937201947091495, 39.576041005103704 ], [ -105.937286781867812, 39.576213631861279 ], [ -105.937418576275945, 39.576372197277145 ], [ -105.93759714622044, 39.576503020229907 ], [ -105.937805398284596, 39.576641802180824 ], [ -105.937867543872528, 39.576712335050175 ], [ -105.937999404208, 39.5768474200489 ], [ -105.938270136552433, 39.577070176678589 ], [ -105.938288785716225, 39.57731864659668 ], [ -105.938582865927231, 39.577570811614613 ], [ -105.938768349733934, 39.577711382097441 ], [ -105.938915271476773, 39.577828585733982 ], [ -105.939270146204819, 39.578050660051559 ], [ -105.939625662600719, 39.578320084353798 ], [ -105.940019505457897, 39.578595117034055 ], [ -105.940217891386652, 39.578576365797247 ] ] ] } },
{ "type": "Feature", "properties": { "fid": 149, "feature-id": null, "trail_name": "Tiger Line", "feature_type": "Trail", "mountain_area": "Dercum", "difficulty": "Black", "acres_25_26": 0.5, "active": true, "notes": null, "gis_acres": 4.75, "trail_id": "T149", "display_from_year": 2026, "display_to_year": 9999 }, "geometry": { "type": "Polygon", "coordinates": [ [ [ -105.947981294606222, 39.581886001103314 ], [ -105.948072986437978, 39.583683875378462 ], [ -105.948118862937037, 39.58462840277069 ], [ -105.948210947028286, 39.585734292809349 ], [ -105.948250329766537, 39.586202165816069 ], [ -105.948235406226388, 39.586721557718413 ], [ -105.948381803254634, 39.587775928219756 ], [ -105.948456537294916, 39.589222463901535 ], [ -105.948495575916752, 39.589664801486038 ], [ -105.948535311554252, 39.590158209048887 ], [ -105.948541231561848, 39.590592304291476 ], [ -105.948577021264185, 39.590796314953849 ], [ -105.94842456137745, 39.591229354918198 ], [ -105.948393857136153, 39.591065941479769 ], [ -105.948363067224989, 39.590896233955384 ], [ -105.948208596227644, 39.590746186562562 ], [ -105.948316799918047, 39.590334716333508 ], [ -105.94834197353525, 39.589945895467885 ], [ -105.948347147776644, 39.589728683560935 ], [ -105.948266182147123, 39.589260721398595 ], [ -105.948147653751761, 39.587232541388964 ], [ -105.948010448683206, 39.586691215488052 ], [ -105.947952068986339, 39.585265260955588 ], [ -105.947880985278772, 39.583859500261894 ], [ -105.947769645410702, 39.582528258393175 ], [ -105.947712280925813, 39.581714601516751 ], [ -105.947688783940137, 39.581372135001715 ], [ -105.947748172073318, 39.581531870093997 ], [ -105.947835418816553, 39.581748582987807 ], [ -105.947981294606222, 39.581886001103314 ] ] ] } },
{ "type": "Feature", "properties": { "fid": 150, "feature-id": null, "trail_name": "Tornado Alley", "feature_type": "Trail", "mountain_area": "Dercum", "difficulty": "Adventure Zone", "acres_25_26": 0.1, "active": true, "notes": null, "gis_acres": 0.74, "trail_id": "T150", "display_from_year": 2026, "display_to_year": 9999 }, "geometry": { "type": "Polygon", "coordinates": [ [ [ -105.958406369506918, 39.604007665976035 ], [ -105.958419607455014, 39.603835359911315 ], [ -105.958344418294217, 39.603595851297662 ], [ -105.958354804495869, 39.603401134854231 ], [ -105.958424557953023, 39.603246371427211 ], [ -105.958422920350827, 39.603127584331666 ], [ -105.958369495276926, 39.603044611856497 ], [ -105.958274467644173, 39.603025174322525 ], [ -105.95817301015687, 39.60301337275753 ], [ -105.957988710408074, 39.602930899663029 ], [ -105.958036240379357, 39.603047360405867 ], [ -105.95799655287054, 39.603249901470143 ], [ -105.958022523080658, 39.603474650167534 ], [ -105.958077445796448, 39.603666300355776 ], [ -105.958109289131457, 39.603842974811435 ], [ -105.958406369506918, 39.604007665976035 ] ] ] } },
{ "type": "Feature", "properties": { "fid": 151, "feature-id": null, "trail_name": "A-51 Bypass", "feature_type": "Trail", "mountain_area": "Dercum", "difficulty": "Green", "acres_25_26": null, "active": false, "notes": null, "gis_acres": 0.88, "trail_id": "T151", "display_from_year": 2006, "display_to_year": 2013 }, "geometry": { "type": "Polygon", "coordinates": [ [ [ -105.950863052046742, 39.584322068859755 ], [ -105.950937013035727, 39.584458184286035 ], [ -105.950972252631118, 39.584647391566918 ], [ -105.951049989252027, 39.584760452726599 ], [ -105.951181595417907, 39.584833068215609 ], [ -105.951340179652192, 39.584888618612936 ], [ -105.951822244061347, 39.58521917661264 ], [ -105.952449969789683, 39.58541052920048 ], [ -105.953059201733382, 39.585677605612808 ], [ -105.953760280975885, 39.585994308604533 ], [ -105.954075911394767, 39.586218443941242 ], [ -105.955029058584444, 39.586397033220315 ], [ -105.955015206843726, 39.586336686652693 ], [ -105.954114216600374, 39.586162707349466 ], [ -105.953778846540374, 39.585923619043427 ], [ -105.95308407169513, 39.585591749336984 ], [ -105.952416036315597, 39.585310039955026 ], [ -105.951834162768719, 39.585138465054804 ], [ -105.951472693477967, 39.58489454542665 ], [ -105.951177987232143, 39.584770999040515 ], [ -105.951010191099229, 39.584404571445042 ], [ -105.950923210512286, 39.584233978700595 ], [ -105.950856726393312, 39.584133755355964 ], [ -105.950846312395853, 39.584119509599333 ], [ -105.950863052046742, 39.584322068859755 ] ] ] } },
{ "type": "Feature", "properties": { "fid": 152, "feature-id": null, "trail_name": "Bear Tree", "feature_type": "Trail", "mountain_area": "Dercum", "difficulty": "Green", "acres_25_26": null, "active": false, "notes": null, "gis_acres": 1.61, "trail_id": "T152", "display_from_year": 2006, "display_to_year": 2015 }, "geometry": { "type": "Polygon", "coordinates": [ [ [ -105.945018119301977, 39.6015129876345 ], [ -105.944664188458248, 39.601933476837026 ], [ -105.944844718931549, 39.602256750349262 ], [ -105.944976897098798, 39.602478225464374 ], [ -105.945176156453911, 39.602667361828615 ], [ -105.945366302131177, 39.602833862804708 ], [ -105.945591549254672, 39.602990994097709 ], [ -105.945785683181072, 39.603018935828672 ], [ -105.945992331051698, 39.603103548324576 ], [ -105.946287225257848, 39.603201067231105 ], [ -105.946252062199335, 39.602990158133245 ], [ -105.946308049109462, 39.602789861217097 ], [ -105.946134215720164, 39.602743587681616 ], [ -105.945907732052717, 39.602711368077628 ], [ -105.945715638522884, 39.602617553270221 ], [ -105.945431747777391, 39.602465441277609 ], [ -105.945180115812775, 39.602310795227972 ], [ -105.945056804966413, 39.602093790049153 ], [ -105.945009195222397, 39.601830750605949 ], [ -105.944992481799858, 39.601681005831985 ], [ -105.945018119301977, 39.6015129876345 ] ] ] } },
{ "type": "Feature", "properties": { "fid": 153, "feature-id": null, "trail_name": "Epic Mix Racing", "feature_type": "Trail", "mountain_area": "Dercum", "difficulty": "Green", "acres_25_26": null, "active": false, "notes": null, "gis_acres": 2.43, "trail_id": "T153", "display_from_year": 2006, "display_to_year": 2019 }, "geometry": { "type": "Polygon", "coordinates": [ [ [ -105.940493839472836, 39.580165717487723 ], [ -105.940222731848081, 39.580382943705089 ], [ -105.940222731848081, 39.580382943705089 ], [ -105.940038255737264, 39.580489689426457 ], [ -105.940074483493177, 39.580645686781715 ], [ -105.940123650749427, 39.580827410547826 ], [ -105.940171573423427, 39.581182924456598 ], [ -105.9401422994668, 39.581409770557229 ], [ -105.940126220251216, 39.581682387828991 ], [ -105.940118829396184, 39.582066154038316 ], [ -105.940118643120172, 39.582451252172568 ], [ -105.940161565248545, 39.582702538411894 ], [ -105.940207317403534, 39.583030264943609 ], [ -105.940206842935851, 39.583261048675496 ], [ -105.940274691292515, 39.583495450256599 ], [ -105.940568568276802, 39.583302924472029 ], [ -105.940503739834696, 39.582796469336607 ], [ -105.940442587510915, 39.582132955174529 ], [ -105.940430726269497, 39.581684396319702 ], [ -105.940457809699865, 39.581114385405257 ], [ -105.940475359808602, 39.580696994275655 ], [ -105.940483194914876, 39.580418764787787 ], [ -105.940493839472836, 39.580165717487723 ] ] ] } },
{ "type": "Feature", "properties": { "fid": 154, "feature-id": null, "trail_name": "H&H Mine", "feature_type": "Trail", "mountain_area": "Dercum", "difficulty": "Adventure Zone", "acres_25_26": null, "active": false, "notes": null, "gis_acres": 0.78, "trail_id": "T154", "display_from_year": 2006, "display_to_year": 2022 }, "geometry": { "type": "Polygon", "coordinates": [ [ [ -105.936242248482927, 39.59235294393936 ], [ -105.936403192130584, 39.592518848668689 ], [ -105.936510041095858, 39.59262183443785 ], [ -105.93669641126813, 39.592696981030677 ], [ -105.936792575533445, 39.592718458642224 ], [ -105.936794440400732, 39.592856906202812 ], [ -105.936847366655527, 39.59298999696005 ], [ -105.93699266297233, 39.593100089894904 ], [ -105.937118320313147, 39.593175725398979 ], [ -105.937285486239503, 39.593248553376874 ], [ -105.937486884556336, 39.593261081542764 ], [ -105.937403597741664, 39.593090275364531 ], [ -105.937176369726842, 39.592977453488274 ], [ -105.936972921667731, 39.592820851367769 ], [ -105.936975351081699, 39.592763963210452 ], [ -105.936958207896367, 39.592677562333961 ], [ -105.936867502103595, 39.592586809545914 ], [ -105.936664655221421, 39.592474707858202 ], [ -105.936596584723674, 39.592403552746511 ], [ -105.936589328149765, 39.592339325030942 ], [ -105.936604406558288, 39.592272444725616 ], [ -105.936597383048124, 39.592225522956774 ], [ -105.936552014009351, 39.592178910282371 ], [ -105.936503582732698, 39.592142212458654 ], [ -105.936467595986187, 39.592081769366715 ], [ -105.936387902585281, 39.592194752163572 ], [ -105.936318154663937, 39.592265974494147 ], [ -105.936271373990408, 39.592313743965263 ], [ -105.936243620880546, 39.592351096832736 ], [ -105.936242248482927, 39.59235294393936 ] ] ] } },
{ "type": "Feature", "properties": { "fid": 155, "feature-id": null, "trail_name": "The Slot", "feature_type": "Trail", "mountain_area": "Dercum", "difficulty": "Black", "acres_25_26": null, "active": false, "notes": null, "gis_acres": 2.02, "trail_id": "T155", "display_from_year": 2006, "display_to_year": 2013 }, "geometry": { "type": "Polygon", "coordinates": [ [ [ -105.960589248645078, 39.595013490576797 ], [ -105.960242269229823, 39.595089589580347 ], [ -105.959918101819341, 39.595134146350709 ], [ -105.959609766797925, 39.595149256804596 ], [ -105.959469736922841, 39.59520066695147 ], [ -105.959244320796444, 39.595340725871679 ], [ -105.95908425747848, 39.595509559550081 ], [ -105.958816983192293, 39.595754658336894 ], [ -105.958575730532573, 39.595924161296452 ], [ -105.958474354348581, 39.59599216496909 ], [ -105.958519697670894, 39.59618115793171 ], [ -105.958502344684277, 39.596331592383713 ], [ -105.95877444830225, 39.596203104672753 ], [ -105.959004529944764, 39.596008566673717 ], [ -105.959267027425923, 39.595809572778492 ], [ -105.959498493011182, 39.595715529736118 ], [ -105.959638697246447, 39.595676681535359 ], [ -105.959892389718291, 39.595624332191321 ], [ -105.960027065463834, 39.595577153583953 ], [ -105.960158806700576, 39.595523394132243 ], [ -105.960283521306067, 39.595377309517914 ], [ -105.960441031023237, 39.595217522756741 ], [ -105.960589248645078, 39.595013490576797 ] ] ] } },
{ "type": "Feature", "properties": { "fid": 156, "feature-id": null, "trail_name": "Wayback L.L.", "feature_type": "Trail", "mountain_area": "North Peak", "difficulty": "Black", "acres_25_26": null, "active": false, "notes": null, "gis_acres": 5.77, "trail_id": "T156", "display_from_year": 2006, "display_to_year": 9999 }, "geometry": { "type": "Polygon", "coordinates": [ [ [ -105.935816315046495, 39.558788947972523 ], [ -105.93564441982906, 39.558677029878943 ], [ -105.938440320521295, 39.555552293248461 ], [ -105.942658639927032, 39.550847845609042 ], [ -105.942685198150286, 39.550739182934706 ], [ -105.942750216236789, 39.550784677462218 ], [ -105.942957068331438, 39.550889509587194 ], [ -105.935902480701671, 39.558700349180398 ], [ -105.935864068120907, 39.558739846487136 ], [ -105.935816315046495, 39.558788947972523 ] ] ] } },
{ "type": "Feature", "properties": { "fid": 157, "feature-id": null, "trail_name": "Excape", "feature_type": "Trail", "mountain_area": "Outback", "difficulty": "Blue", "acres_25_26": null, "active": false, "notes": null, "gis_acres": 0.34, "trail_id": "T157", "display_from_year": 2006, "display_to_year": 2017 }, "geometry": { "type": "Polygon", "coordinates": [ [ [ -105.932522361503928, 39.548121573421092 ], [ -105.93241041453112, 39.548107113984173 ], [ -105.932540993131056, 39.547936223591385 ], [ -105.932779001348166, 39.547711843562737 ], [ -105.933002457273759, 39.547554560103286 ], [ -105.93324838715759, 39.547390767752496 ], [ -105.933662940461303, 39.547408287655671 ], [ -105.933343030215326, 39.547509027436156 ], [ -105.933226949677021, 39.547566324548598 ], [ -105.933064968554206, 39.547663886247811 ], [ -105.932905749813614, 39.547744028952856 ], [ -105.932751723159797, 39.547876319555819 ], [ -105.932648537869582, 39.547983073564275 ], [ -105.932522361503928, 39.548121573421092 ], [ -105.932522361503928, 39.548121573421092 ] ] ] } }
]
}
