trail_id,season,date,season_day,dashboard_status
T002,08-09,2008-10-01,1,Not Open
T003,08-09,2008-10-01,1,Not Open
T004,08-09,2008-10-01,1,Not Open
T005,08-09,2008-10-01,1,Not Open
T006,08-09,2008-10-01,1,Not Open
T007,08-09,2008-10-01,1,Not Open
T008,08-09,2008-10-01,1,Not Open
T009,08-09,2008-10-01,1,Not Open
T010,08-09,2008-10-01,1,Not Open
T011,08-09,2008-10-01,1,Not Open
T012,08-09,2008-10-01,1,Not Open
T013,08-09,2008-10-01,1,Not Open
T015,08-09,2008-10-01,1,Not Open
T016,08-09,2008-10-01,1,Not Open
T017,08-09,2008-10-01,1,Not Open
T018,08-09,2008-10-01,1,Not Open
T019,08-09,2008-10-01,1,Not Open
T020,08-09,2008-10-01,1,Not Open
T021,08-09,2008-10-01,1,Not Open
T022,08-09,2008-10-01,1,Not Open
T023,08-09,2008-10-01,1,Not Open
T024,08-09,2008-10-01,1,Not Open
T025,08-09,2008-10-01,1,Not Open
T026,08-09,2008-10-01,1,Not Open
T027,08-09,2008-10-01,1,Not Open
T028,08-09,2008-10-01,1,Not Open
T029,08-09,2008-10-01,1,Not Open
T030,08-09,2008-10-01,1,Not Open
T031,08-09,2008-10-01,1,Not Open
T032,08-09,2008-10-01,1,Not Open
T033,08-09,2008-10-01,1,Not Open
T034,08-09,2008-10-01,1,Not Open
T035,08-09,2008-10-01,1,Not Open
T036,08-09,2008-10-01,1,Not Open
T037,08-09,2008-10-01,1,Not Open
T038,08-09,2008-10-01,1,Not Open
T039,08-09,2008-10-01,1,Not Open
T040,08-09,2008-10-01,1,Not Open
T042,08-09,2008-10-01,1,Not Open
T043,08-09,2008-10-01,1,Not Open
T044,08-09,2008-10-01,1,Not Open
T045,08-09,2008-10-01,1,Not Open
T046,08-09,2008-10-01,1,Not Open
T047,08-09,2008-10-01,1,Not Open
T061,08-09,2008-10-01,1,Not Open
T063,08-09,2008-10-01,1,Not Open
T064,08-09,2008-10-01,1,Not Open
T065,08-09,2008-10-01,1,Not Open
T066,08-09,2008-10-01,1,Not Open
T067,08-09,2008-10-01,1,Not Open
T068,08-09,2008-10-01,1,Not Open
T069,08-09,2008-10-01,1,Not Open
T070,08-09,2008-10-01,1,Not Open
T071,08-09,2008-10-01,1,Not Open
T072,08-09,2008-10-01,1,Not Open
T073,08-09,2008-10-01,1,Not Open
T074,08-09,2008-10-01,1,Not Open
T075,08-09,2008-10-01,1,Not Open
T076,08-09,2008-10-01,1,Not Open
T077,08-09,2008-10-01,1,Not Open
T078,08-09,2008-10-01,1,Not Open
T079,08-09,2008-10-01,1,Not Open
T080,08-09,2008-10-01,1,Not Open
T081,08-09,2008-10-01,1,Not Open
T083,08-09,2008-10-01,1,Not Open
T084,08-09,2008-10-01,1,Not Open
T085,08-09,2008-10-01,1,Not Open
T086,08-09,2008-10-01,1,Not Open
T087,08-09,2008-10-01,1,Not Open
T088,08-09,2008-10-01,1,Not Open
T089,08-09,2008-10-01,1,Not Open
T090,08-09,2008-10-01,1,Not Open
T091,08-09,2008-10-01,1,Not Open
T092,08-09,2008-10-01,1,Not Open
T127,08-09,2008-10-01,1,Not Open
T134,08-09,2008-10-01,1,Not Open
T135,08-09,2008-10-01,1,Not Open
T136,08-09,2008-10-01,1,Not Open
T137,08-09,2008-10-01,1,Not Open
T148,08-09,2008-10-01,1,Not Open
T151,08-09,2008-10-01,1,Not Open
T152,08-09,2008-10-01,1,Not Open
T156,08-09,2008-10-01,1,Not Open
T157,08-09,2008-10-01,1,Not Open
T002,08-09,2008-10-02,2,Not Open
T003,08-09,2008-10-02,2,Not Open
T004,08-09,2008-10-02,2,Not Open
T005,08-09,2008-10-02,2,Not Open
T006,08-09,2008-10-02,2,Not Open
T007,08-09,2008-10-02,2,Not Open
T008,08-09,2008-10-02,2,Not Open
T009,08-09,2008-10-02,2,Not Open
T010,08-09,2008-10-02,2,Not Open
T011,08-09,2008-10-02,2,Not Open
T012,08-09,2008-10-02,2,Not Open
T013,08-09,2008-10-02,2,Not Open
T015,08-09,2008-10-02,2,Not Open
T016,08-09,2008-10-02,2,Not Open
T017,08-09,2008-10-02,2,Not Open
T018,08-09,2008-10-02,2,Not Open
T019,08-09,2008-10-02,2,Not Open
T020,08-09,2008-10-02,2,Not Open
T021,08-09,2008-10-02,2,Not Open
T022,08-09,2008-10-02,2,Not Open
T023,08-09,2008-10-02,2,Not Open
T024,08-09,2008-10-02,2,Not Open
T025,08-09,2008-10-02,2,Not Open
T026,08-09,2008-10-02,2,Not Open
T027,08-09,2008-10-02,2,Not Open
T028,08-09,2008-10-02,2,Not Open
T029,08-09,2008-10-02,2,Not Open
T030,08-09,2008-10-02,2,Not Open
T031,08-09,2008-10-02,2,Not Open
T032,08-09,2008-10-02,2,Not Open
T033,08-09,2008-10-02,2,Not Open
T034,08-09,2008-10-02,2,Not Open
T035,08-09,2008-10-02,2,Not Open
T036,08-09,2008-10-02,2,Not Open
T037,08-09,2008-10-02,2,Not Open
T038,08-09,2008-10-02,2,Not Open
T039,08-09,2008-10-02,2,Not Open
T040,08-09,2008-10-02,2,Not Open
T042,08-09,2008-10-02,2,Not Open
T043,08-09,2008-10-02,2,Not Open
T044,08-09,2008-10-02,2,Not Open
T045,08-09,2008-10-02,2,Not Open
T046,08-09,2008-10-02,2,Not Open
T047,08-09,2008-10-02,2,Not Open
T061,08-09,2008-10-02,2,Not Open
T063,08-09,2008-10-02,2,Not Open
T064,08-09,2008-10-02,2,Not Open
T065,08-09,2008-10-02,2,Not Open
T066,08-09,2008-10-02,2,Not Open
T067,08-09,2008-10-02,2,Not Open
T068,08-09,2008-10-02,2,Not Open
T069,08-09,2008-10-02,2,Not Open
T070,08-09,2008-10-02,2,Not Open
T071,08-09,2008-10-02,2,Not Open
T072,08-09,2008-10-02,2,Not Open
T073,08-09,2008-10-02,2,Not Open
T074,08-09,2008-10-02,2,Not Open
T075,08-09,2008-10-02,2,Not Open
T076,08-09,2008-10-02,2,Not Open
T077,08-09,2008-10-02,2,Not Open
T078,08-09,2008-10-02,2,Not Open
T079,08-09,2008-10-02,2,Not Open
T080,08-09,2008-10-02,2,Not Open
T081,08-09,2008-10-02,2,Not Open
T083,08-09,2008-10-02,2,Not Open
T084,08-09,2008-10-02,2,Not Open
T085,08-09,2008-10-02,2,Not Open
T086,08-09,2008-10-02,2,Not Open
T087,08-09,2008-10-02,2,Not Open
T088,08-09,2008-10-02,2,Not Open
T089,08-09,2008-10-02,2,Not Open
T090,08-09,2008-10-02,2,Not Open
T091,08-09,2008-10-02,2,Not Open
T092,08-09,2008-10-02,2,Not Open
T127,08-09,2008-10-02,2,Not Open
T134,08-09,2008-10-02,2,Not Open
T135,08-09,2008-10-02,2,Not Open
T136,08-09,2008-10-02,2,Not Open
T137,08-09,2008-10-02,2,Not Open
T148,08-09,2008-10-02,2,Not Open
T151,08-09,2008-10-02,2,Not Open
T152,08-09,2008-10-02,2,Not Open
T156,08-09,2008-10-02,2,Not Open
T157,08-09,2008-10-02,2,Not Open
T002,08-09,2008-10-03,3,Not Open
T003,08-09,2008-10-03,3,Not Open
T004,08-09,2008-10-03,3,Not Open
T005,08-09,2008-10-03,3,Not Open
T006,08-09,2008-10-03,3,Not Open
T007,08-09,2008-10-03,3,Not Open
T008,08-09,2008-10-03,3,Not Open
T009,08-09,2008-10-03,3,Not Open
T010,08-09,2008-10-03,3,Not Open
T011,08-09,2008-10-03,3,Not Open
T012,08-09,2008-10-03,3,Not Open
T013,08-09,2008-10-03,3,Not Open
T015,08-09,2008-10-03,3,Not Open
T016,08-09,2008-10-03,3,Not Open
T017,08-09,2008-10-03,3,Not Open
T018,08-09,2008-10-03,3,Not Open
T019,08-09,2008-10-03,3,Not Open
T020,08-09,2008-10-03,3,Not Open
T021,08-09,2008-10-03,3,Not Open
T022,08-09,2008-10-03,3,Not Open
T023,08-09,2008-10-03,3,Not Open
T024,08-09,2008-10-03,3,Not Open
T025,08-09,2008-10-03,3,Not Open
T026,08-09,2008-10-03,3,Not Open
T027,08-09,2008-10-03,3,Not Open
T028,08-09,2008-10-03,3,Not Open
T029,08-09,2008-10-03,3,Not Open
T030,08-09,2008-10-03,3,Not Open
T031,08-09,2008-10-03,3,Not Open
T032,08-09,2008-10-03,3,Not Open
T033,08-09,2008-10-03,3,Not Open
T034,08-09,2008-10-03,3,Not Open
T035,08-09,2008-10-03,3,Not Open
T036,08-09,2008-10-03,3,Not Open
T037,08-09,2008-10-03,3,Not Open
T038,08-09,2008-10-03,3,Not Open
T039,08-09,2008-10-03,3,Not Open
T040,08-09,2008-10-03,3,Not Open
T042,08-09,2008-10-03,3,Not Open
T043,08-09,2008-10-03,3,Not Open
T044,08-09,2008-10-03,3,Not Open
T045,08-09,2008-10-03,3,Not Open
T046,08-09,2008-10-03,3,Not Open
T047,08-09,2008-10-03,3,Not Open
T061,08-09,2008-10-03,3,Not Open
T063,08-09,2008-10-03,3,Not Open
T064,08-09,2008-10-03,3,Not Open
T065,08-09,2008-10-03,3,Not Open
T066,08-09,2008-10-03,3,Not Open
T067,08-09,2008-10-03,3,Not Open
T068,08-09,2008-10-03,3,Not Open
T069,08-09,2008-10-03,3,Not Open
T070,08-09,2008-10-03,3,Not Open
T071,08-09,2008-10-03,3,Not Open
T072,08-09,2008-10-03,3,Not Open
T073,08-09,2008-10-03,3,Not Open
T074,08-09,2008-10-03,3,Not Open
T075,08-09,2008-10-03,3,Not Open
T076,08-09,2008-10-03,3,Not Open
T077,08-09,2008-10-03,3,Not Open
T078,08-09,2008-10-03,3,Not Open
T079,08-09,2008-10-03,3,Not Open
T080,08-09,2008-10-03,3,Not Open
T081,08-09,2008-10-03,3,Not Open
T083,08-09,2008-10-03,3,Not Open
T084,08-09,2008-10-03,3,Not Open
T085,08-09,2008-10-03,3,Not Open
T086,08-09,2008-10-03,3,Not Open
T087,08-09,2008-10-03,3,Not Open
T088,08-09,2008-10-03,3,Not Open
T089,08-09,2008-10-03,3,Not Open
T090,08-09,2008-10-03,3,Not Open
T091,08-09,2008-10-03,3,Not Open
T092,08-09,2008-10-03,3,Not Open
T127,08-09,2008-10-03,3,Not Open
T134,08-09,2008-10-03,3,Not Open
T135,08-09,2008-10-03,3,Not Open
T136,08-09,2008-10-03,3,Not Open
T137,08-09,2008-10-03,3,Not Open
T148,08-09,2008-10-03,3,Not Open
T151,08-09,2008-10-03,3,Not Open
T152,08-09,2008-10-03,3,Not Open
T156,08-09,2008-10-03,3,Not Open
T157,08-09,2008-10-03,3,Not Open
T002,08-09,2008-10-04,4,Not Open
T003,08-09,2008-10-04,4,Not Open
T004,08-09,2008-10-04,4,Not Open
T005,08-09,2008-10-04,4,Not Open
T006,08-09,2008-10-04,4,Not Open
T007,08-09,2008-10-04,4,Not Open
T008,08-09,2008-10-04,4,Not Open
T009,08-09,2008-10-04,4,Not Open
T010,08-09,2008-10-04,4,Not Open
T011,08-09,2008-10-04,4,Not Open
T012,08-09,2008-10-04,4,Not Open
T013,08-09,2008-10-04,4,Not Open
T015,08-09,2008-10-04,4,Not Open
T016,08-09,2008-10-04,4,Not Open
T017,08-09,2008-10-04,4,Not Open
T018,08-09,2008-10-04,4,Not Open
T019,08-09,2008-10-04,4,Not Open
T020,08-09,2008-10-04,4,Not Open
T021,08-09,2008-10-04,4,Not Open
T022,08-09,2008-10-04,4,Not Open
T023,08-09,2008-10-04,4,Not Open
T024,08-09,2008-10-04,4,Not Open
T025,08-09,2008-10-04,4,Not Open
T026,08-09,2008-10-04,4,Not Open
T027,08-09,2008-10-04,4,Not Open
T028,08-09,2008-10-04,4,Not Open
T029,08-09,2008-10-04,4,Not Open
T030,08-09,2008-10-04,4,Not Open
T031,08-09,2008-10-04,4,Not Open
T032,08-09,2008-10-04,4,Not Open
T033,08-09,2008-10-04,4,Not Open
T034,08-09,2008-10-04,4,Not Open
T035,08-09,2008-10-04,4,Not Open
T036,08-09,2008-10-04,4,Not Open
T037,08-09,2008-10-04,4,Not Open
T038,08-09,2008-10-04,4,Not Open
T039,08-09,2008-10-04,4,Not Open
T040,08-09,2008-10-04,4,Not Open
T042,08-09,2008-10-04,4,Not Open
T043,08-09,2008-10-04,4,Not Open
T044,08-09,2008-10-04,4,Not Open
T045,08-09,2008-10-04,4,Not Open
T046,08-09,2008-10-04,4,Not Open
T047,08-09,2008-10-04,4,Not Open
T061,08-09,2008-10-04,4,Not Open
T063,08-09,2008-10-04,4,Not Open
T064,08-09,2008-10-04,4,Not Open
T065,08-09,2008-10-04,4,Not Open
T066,08-09,2008-10-04,4,Not Open
T067,08-09,2008-10-04,4,Not Open
T068,08-09,2008-10-04,4,Not Open
T069,08-09,2008-10-04,4,Not Open
T070,08-09,2008-10-04,4,Not Open
T071,08-09,2008-10-04,4,Not Open
T072,08-09,2008-10-04,4,Not Open
T073,08-09,2008-10-04,4,Not Open
T074,08-09,2008-10-04,4,Not Open
T075,08-09,2008-10-04,4,Not Open
T076,08-09,2008-10-04,4,Not Open
T077,08-09,2008-10-04,4,Not Open
T078,08-09,2008-10-04,4,Not Open
T079,08-09,2008-10-04,4,Not Open
T080,08-09,2008-10-04,4,Not Open
T081,08-09,2008-10-04,4,Not Open
T083,08-09,2008-10-04,4,Not Open
T084,08-09,2008-10-04,4,Not Open
T085,08-09,2008-10-04,4,Not Open
T086,08-09,2008-10-04,4,Not Open
T087,08-09,2008-10-04,4,Not Open
T088,08-09,2008-10-04,4,Not Open
T089,08-09,2008-10-04,4,Not Open
T090,08-09,2008-10-04,4,Not Open
T091,08-09,2008-10-04,4,Not Open
T092,08-09,2008-10-04,4,Not Open
T127,08-09,2008-10-04,4,Not Open
T134,08-09,2008-10-04,4,Not Open
T135,08-09,2008-10-04,4,Not Open
T136,08-09,2008-10-04,4,Not Open
T137,08-09,2008-10-04,4,Not Open
T148,08-09,2008-10-04,4,Not Open
T151,08-09,2008-10-04,4,Not Open
T152,08-09,2008-10-04,4,Not Open
T156,08-09,2008-10-04,4,Not Open
T157,08-09,2008-10-04,4,Not Open
T002,08-09,2008-10-05,5,Not Open
T003,08-09,2008-10-05,5,Not Open
T004,08-09,2008-10-05,5,Not Open
T005,08-09,2008-10-05,5,Not Open
T006,08-09,2008-10-05,5,Not Open
T007,08-09,2008-10-05,5,Not Open
T008,08-09,2008-10-05,5,Not Open
T009,08-09,2008-10-05,5,Not Open
T010,08-09,2008-10-05,5,Not Open
T011,08-09,2008-10-05,5,Not Open
T012,08-09,2008-10-05,5,Not Open
T013,08-09,2008-10-05,5,Not Open
T015,08-09,2008-10-05,5,Not Open
T016,08-09,2008-10-05,5,Not Open
T017,08-09,2008-10-05,5,Not Open
T018,08-09,2008-10-05,5,Not Open
T019,08-09,2008-10-05,5,Not Open
T020,08-09,2008-10-05,5,Not Open
T021,08-09,2008-10-05,5,Not Open
T022,08-09,2008-10-05,5,Not Open
T023,08-09,2008-10-05,5,Not Open
T024,08-09,2008-10-05,5,Not Open
T025,08-09,2008-10-05,5,Not Open
T026,08-09,2008-10-05,5,Not Open
T027,08-09,2008-10-05,5,Not Open
T028,08-09,2008-10-05,5,Not Open
T029,08-09,2008-10-05,5,Not Open
T030,08-09,2008-10-05,5,Not Open
T031,08-09,2008-10-05,5,Not Open
T032,08-09,2008-10-05,5,Not Open
T033,08-09,2008-10-05,5,Not Open
T034,08-09,2008-10-05,5,Not Open
T035,08-09,2008-10-05,5,Not Open
T036,08-09,2008-10-05,5,Not Open
T037,08-09,2008-10-05,5,Not Open
T038,08-09,2008-10-05,5,Not Open
T039,08-09,2008-10-05,5,Not Open
T040,08-09,2008-10-05,5,Not Open
T042,08-09,2008-10-05,5,Not Open
T043,08-09,2008-10-05,5,Not Open
T044,08-09,2008-10-05,5,Not Open
T045,08-09,2008-10-05,5,Not Open
T046,08-09,2008-10-05,5,Not Open
T047,08-09,2008-10-05,5,Not Open
T061,08-09,2008-10-05,5,Not Open
T063,08-09,2008-10-05,5,Not Open
T064,08-09,2008-10-05,5,Not Open
T065,08-09,2008-10-05,5,Not Open
T066,08-09,2008-10-05,5,Not Open
T067,08-09,2008-10-05,5,Not Open
T068,08-09,2008-10-05,5,Not Open
T069,08-09,2008-10-05,5,Not Open
T070,08-09,2008-10-05,5,Not Open
T071,08-09,2008-10-05,5,Not Open
T072,08-09,2008-10-05,5,Not Open
T073,08-09,2008-10-05,5,Not Open
T074,08-09,2008-10-05,5,Not Open
T075,08-09,2008-10-05,5,Not Open
T076,08-09,2008-10-05,5,Not Open
T077,08-09,2008-10-05,5,Not Open
T078,08-09,2008-10-05,5,Not Open
T079,08-09,2008-10-05,5,Not Open
T080,08-09,2008-10-05,5,Not Open
T081,08-09,2008-10-05,5,Not Open
T083,08-09,2008-10-05,5,Not Open
T084,08-09,2008-10-05,5,Not Open
T085,08-09,2008-10-05,5,Not Open
T086,08-09,2008-10-05,5,Not Open
T087,08-09,2008-10-05,5,Not Open
T088,08-09,2008-10-05,5,Not Open
T089,08-09,2008-10-05,5,Not Open
T090,08-09,2008-10-05,5,Not Open
T091,08-09,2008-10-05,5,Not Open
T092,08-09,2008-10-05,5,Not Open
T127,08-09,2008-10-05,5,Not Open
T134,08-09,2008-10-05,5,Not Open
T135,08-09,2008-10-05,5,Not Open
T136,08-09,2008-10-05,5,Not Open
T137,08-09,2008-10-05,5,Not Open
T148,08-09,2008-10-05,5,Not Open
T151,08-09,2008-10-05,5,Not Open
T152,08-09,2008-10-05,5,Not Open
T156,08-09,2008-10-05,5,Not Open
T157,08-09,2008-10-05,5,Not Open
T002,08-09,2008-10-06,6,Not Open
T003,08-09,2008-10-06,6,Not Open
T004,08-09,2008-10-06,6,Not Open
T005,08-09,2008-10-06,6,Not Open
T006,08-09,2008-10-06,6,Not Open
T007,08-09,2008-10-06,6,Not Open
T008,08-09,2008-10-06,6,Not Open
T009,08-09,2008-10-06,6,Not Open
T010,08-09,2008-10-06,6,Not Open
T011,08-09,2008-10-06,6,Not Open
T012,08-09,2008-10-06,6,Not Open
T013,08-09,2008-10-06,6,Not Open
T015,08-09,2008-10-06,6,Not Open
T016,08-09,2008-10-06,6,Not Open
T017,08-09,2008-10-06,6,Not Open
T018,08-09,2008-10-06,6,Not Open
T019,08-09,2008-10-06,6,Not Open
T020,08-09,2008-10-06,6,Not Open
T021,08-09,2008-10-06,6,Not Open
T022,08-09,2008-10-06,6,Not Open
T023,08-09,2008-10-06,6,Not Open
T024,08-09,2008-10-06,6,Not Open
T025,08-09,2008-10-06,6,Not Open
T026,08-09,2008-10-06,6,Not Open
T027,08-09,2008-10-06,6,Not Open
T028,08-09,2008-10-06,6,Not Open
T029,08-09,2008-10-06,6,Not Open
T030,08-09,2008-10-06,6,Not Open
T031,08-09,2008-10-06,6,Not Open
T032,08-09,2008-10-06,6,Not Open
T033,08-09,2008-10-06,6,Not Open
T034,08-09,2008-10-06,6,Not Open
T035,08-09,2008-10-06,6,Not Open
T036,08-09,2008-10-06,6,Not Open
T037,08-09,2008-10-06,6,Not Open
T038,08-09,2008-10-06,6,Not Open
T039,08-09,2008-10-06,6,Not Open
T040,08-09,2008-10-06,6,Not Open
T042,08-09,2008-10-06,6,Not Open
T043,08-09,2008-10-06,6,Not Open
T044,08-09,2008-10-06,6,Not Open
T045,08-09,2008-10-06,6,Not Open
T046,08-09,2008-10-06,6,Not Open
T047,08-09,2008-10-06,6,Not Open
T061,08-09,2008-10-06,6,Not Open
T063,08-09,2008-10-06,6,Not Open
T064,08-09,2008-10-06,6,Not Open
T065,08-09,2008-10-06,6,Not Open
T066,08-09,2008-10-06,6,Not Open
T067,08-09,2008-10-06,6,Not Open
T068,08-09,2008-10-06,6,Not Open
T069,08-09,2008-10-06,6,Not Open
T070,08-09,2008-10-06,6,Not Open
T071,08-09,2008-10-06,6,Not Open
T072,08-09,2008-10-06,6,Not Open
T073,08-09,2008-10-06,6,Not Open
T074,08-09,2008-10-06,6,Not Open
T075,08-09,2008-10-06,6,Not Open
T076,08-09,2008-10-06,6,Not Open
T077,08-09,2008-10-06,6,Not Open
T078,08-09,2008-10-06,6,Not Open
T079,08-09,2008-10-06,6,Not Open
T080,08-09,2008-10-06,6,Not Open
T081,08-09,2008-10-06,6,Not Open
T083,08-09,2008-10-06,6,Not Open
T084,08-09,2008-10-06,6,Not Open
T085,08-09,2008-10-06,6,Not Open
T086,08-09,2008-10-06,6,Not Open
T087,08-09,2008-10-06,6,Not Open
T088,08-09,2008-10-06,6,Not Open
T089,08-09,2008-10-06,6,Not Open
T090,08-09,2008-10-06,6,Not Open
T091,08-09,2008-10-06,6,Not Open
T092,08-09,2008-10-06,6,Not Open
T127,08-09,2008-10-06,6,Not Open
T134,08-09,2008-10-06,6,Not Open
T135,08-09,2008-10-06,6,Not Open
T136,08-09,2008-10-06,6,Not Open
T137,08-09,2008-10-06,6,Not Open
T148,08-09,2008-10-06,6,Not Open
T151,08-09,2008-10-06,6,Not Open
T152,08-09,2008-10-06,6,Not Open
T156,08-09,2008-10-06,6,Not Open
T157,08-09,2008-10-06,6,Not Open
T002,08-09,2008-10-07,7,Not Open
T003,08-09,2008-10-07,7,Not Open
T004,08-09,2008-10-07,7,Not Open
T005,08-09,2008-10-07,7,Not Open
T006,08-09,2008-10-07,7,Not Open
T007,08-09,2008-10-07,7,Not Open
T008,08-09,2008-10-07,7,Not Open
T009,08-09,2008-10-07,7,Not Open
T010,08-09,2008-10-07,7,Not Open
T011,08-09,2008-10-07,7,Not Open
T012,08-09,2008-10-07,7,Not Open
T013,08-09,2008-10-07,7,Not Open
T015,08-09,2008-10-07,7,Not Open
T016,08-09,2008-10-07,7,Not Open
T017,08-09,2008-10-07,7,Not Open
T018,08-09,2008-10-07,7,Not Open
T019,08-09,2008-10-07,7,Not Open
T020,08-09,2008-10-07,7,Not Open
T021,08-09,2008-10-07,7,Not Open
T022,08-09,2008-10-07,7,Not Open
T023,08-09,2008-10-07,7,Not Open
T024,08-09,2008-10-07,7,Not Open
T025,08-09,2008-10-07,7,Not Open
T026,08-09,2008-10-07,7,Not Open
T027,08-09,2008-10-07,7,Not Open
T028,08-09,2008-10-07,7,Not Open
T029,08-09,2008-10-07,7,Not Open
T030,08-09,2008-10-07,7,Not Open
T031,08-09,2008-10-07,7,Not Open
T032,08-09,2008-10-07,7,Not Open
T033,08-09,2008-10-07,7,Not Open
T034,08-09,2008-10-07,7,Not Open
T035,08-09,2008-10-07,7,Not Open
T036,08-09,2008-10-07,7,Not Open
T037,08-09,2008-10-07,7,Not Open
T038,08-09,2008-10-07,7,Not Open
T039,08-09,2008-10-07,7,Not Open
T040,08-09,2008-10-07,7,Not Open
T042,08-09,2008-10-07,7,Not Open
T043,08-09,2008-10-07,7,Not Open
T044,08-09,2008-10-07,7,Not Open
T045,08-09,2008-10-07,7,Not Open
T046,08-09,2008-10-07,7,Not Open
T047,08-09,2008-10-07,7,Not Open
T061,08-09,2008-10-07,7,Not Open
T063,08-09,2008-10-07,7,Not Open
T064,08-09,2008-10-07,7,Not Open
T065,08-09,2008-10-07,7,Not Open
T066,08-09,2008-10-07,7,Not Open
T067,08-09,2008-10-07,7,Not Open
T068,08-09,2008-10-07,7,Not Open
T069,08-09,2008-10-07,7,Not Open
T070,08-09,2008-10-07,7,Not Open
T071,08-09,2008-10-07,7,Not Open
T072,08-09,2008-10-07,7,Not Open
T073,08-09,2008-10-07,7,Not Open
T074,08-09,2008-10-07,7,Not Open
T075,08-09,2008-10-07,7,Not Open
T076,08-09,2008-10-07,7,Not Open
T077,08-09,2008-10-07,7,Not Open
T078,08-09,2008-10-07,7,Not Open
T079,08-09,2008-10-07,7,Not Open
T080,08-09,2008-10-07,7,Not Open
T081,08-09,2008-10-07,7,Not Open
T083,08-09,2008-10-07,7,Not Open
T084,08-09,2008-10-07,7,Not Open
T085,08-09,2008-10-07,7,Not Open
T086,08-09,2008-10-07,7,Not Open
T087,08-09,2008-10-07,7,Not Open
T088,08-09,2008-10-07,7,Not Open
T089,08-09,2008-10-07,7,Not Open
T090,08-09,2008-10-07,7,Not Open
T091,08-09,2008-10-07,7,Not Open
T092,08-09,2008-10-07,7,Not Open
T127,08-09,2008-10-07,7,Not Open
T134,08-09,2008-10-07,7,Not Open
T135,08-09,2008-10-07,7,Not Open
T136,08-09,2008-10-07,7,Not Open
T137,08-09,2008-10-07,7,Not Open
T148,08-09,2008-10-07,7,Not Open
T151,08-09,2008-10-07,7,Not Open
T152,08-09,2008-10-07,7,Not Open
T156,08-09,2008-10-07,7,Not Open
T157,08-09,2008-10-07,7,Not Open
T002,08-09,2008-10-08,8,Not Open
T003,08-09,2008-10-08,8,Not Open
T004,08-09,2008-10-08,8,Not Open
T005,08-09,2008-10-08,8,Not Open
T006,08-09,2008-10-08,8,Not Open
T007,08-09,2008-10-08,8,Not Open
T008,08-09,2008-10-08,8,Not Open
T009,08-09,2008-10-08,8,Not Open
T010,08-09,2008-10-08,8,Not Open
T011,08-09,2008-10-08,8,Not Open
T012,08-09,2008-10-08,8,Not Open
T013,08-09,2008-10-08,8,Not Open
T015,08-09,2008-10-08,8,Not Open
T016,08-09,2008-10-08,8,Not Open
T017,08-09,2008-10-08,8,Not Open
T018,08-09,2008-10-08,8,Not Open
T019,08-09,2008-10-08,8,Not Open
T020,08-09,2008-10-08,8,Not Open
T021,08-09,2008-10-08,8,Not Open
T022,08-09,2008-10-08,8,Not Open
T023,08-09,2008-10-08,8,Not Open
T024,08-09,2008-10-08,8,Not Open
T025,08-09,2008-10-08,8,Not Open
T026,08-09,2008-10-08,8,Not Open
T027,08-09,2008-10-08,8,Not Open
T028,08-09,2008-10-08,8,Not Open
T029,08-09,2008-10-08,8,Not Open
T030,08-09,2008-10-08,8,Not Open
T031,08-09,2008-10-08,8,Not Open
T032,08-09,2008-10-08,8,Not Open
T033,08-09,2008-10-08,8,Not Open
T034,08-09,2008-10-08,8,Not Open
T035,08-09,2008-10-08,8,Not Open
T036,08-09,2008-10-08,8,Not Open
T037,08-09,2008-10-08,8,Not Open
T038,08-09,2008-10-08,8,Not Open
T039,08-09,2008-10-08,8,Not Open
T040,08-09,2008-10-08,8,Not Open
T042,08-09,2008-10-08,8,Not Open
T043,08-09,2008-10-08,8,Not Open
T044,08-09,2008-10-08,8,Not Open
T045,08-09,2008-10-08,8,Not Open
T046,08-09,2008-10-08,8,Not Open
T047,08-09,2008-10-08,8,Not Open
T061,08-09,2008-10-08,8,Not Open
T063,08-09,2008-10-08,8,Not Open
T064,08-09,2008-10-08,8,Not Open
T065,08-09,2008-10-08,8,Not Open
T066,08-09,2008-10-08,8,Not Open
T067,08-09,2008-10-08,8,Not Open
T068,08-09,2008-10-08,8,Not Open
T069,08-09,2008-10-08,8,Not Open
T070,08-09,2008-10-08,8,Not Open
T071,08-09,2008-10-08,8,Not Open
T072,08-09,2008-10-08,8,Not Open
T073,08-09,2008-10-08,8,Not Open
T074,08-09,2008-10-08,8,Not Open
T075,08-09,2008-10-08,8,Not Open
T076,08-09,2008-10-08,8,Not Open
T077,08-09,2008-10-08,8,Not Open
T078,08-09,2008-10-08,8,Not Open
T079,08-09,2008-10-08,8,Not Open
T080,08-09,2008-10-08,8,Not Open
T081,08-09,2008-10-08,8,Not Open
T083,08-09,2008-10-08,8,Not Open
T084,08-09,2008-10-08,8,Not Open
T085,08-09,2008-10-08,8,Not Open
T086,08-09,2008-10-08,8,Not Open
T087,08-09,2008-10-08,8,Not Open
T088,08-09,2008-10-08,8,Not Open
T089,08-09,2008-10-08,8,Not Open
T090,08-09,2008-10-08,8,Not Open
T091,08-09,2008-10-08,8,Not Open
T092,08-09,2008-10-08,8,Not Open
T127,08-09,2008-10-08,8,Not Open
T134,08-09,2008-10-08,8,Not Open
T135,08-09,2008-10-08,8,Not Open
T136,08-09,2008-10-08,8,Not Open
T137,08-09,2008-10-08,8,Not Open
T148,08-09,2008-10-08,8,Not Open
T151,08-09,2008-10-08,8,Not Open
T152,08-09,2008-10-08,8,Not Open
T156,08-09,2008-10-08,8,Not Open
T157,08-09,2008-10-08,8,Not Open
T002,08-09,2008-10-09,9,Not Open
T003,08-09,2008-10-09,9,Not Open
T004,08-09,2008-10-09,9,Not Open
T005,08-09,2008-10-09,9,Not Open
T006,08-09,2008-10-09,9,Not Open
T007,08-09,2008-10-09,9,Not Open
T008,08-09,2008-10-09,9,Not Open
T009,08-09,2008-10-09,9,Not Open
T010,08-09,2008-10-09,9,Not Open
T011,08-09,2008-10-09,9,Not Open
T012,08-09,2008-10-09,9,Not Open
T013,08-09,2008-10-09,9,Not Open
T015,08-09,2008-10-09,9,Not Open
T016,08-09,2008-10-09,9,Not Open
T017,08-09,2008-10-09,9,Not Open
T018,08-09,2008-10-09,9,Not Open
T019,08-09,2008-10-09,9,Not Open
T020,08-09,2008-10-09,9,Not Open
T021,08-09,2008-10-09,9,Not Open
T022,08-09,2008-10-09,9,Not Open
T023,08-09,2008-10-09,9,Not Open
T024,08-09,2008-10-09,9,Not Open
T025,08-09,2008-10-09,9,Not Open
T026,08-09,2008-10-09,9,Not Open
T027,08-09,2008-10-09,9,Not Open
T028,08-09,2008-10-09,9,Not Open
T029,08-09,2008-10-09,9,Not Open
T030,08-09,2008-10-09,9,Not Open
T031,08-09,2008-10-09,9,Not Open
T032,08-09,2008-10-09,9,Not Open
T033,08-09,2008-10-09,9,Not Open
T034,08-09,2008-10-09,9,Not Open
T035,08-09,2008-10-09,9,Not Open
T036,08-09,2008-10-09,9,Not Open
T037,08-09,2008-10-09,9,Not Open
T038,08-09,2008-10-09,9,Not Open
T039,08-09,2008-10-09,9,Not Open
T040,08-09,2008-10-09,9,Not Open
T042,08-09,2008-10-09,9,Not Open
T043,08-09,2008-10-09,9,Not Open
T044,08-09,2008-10-09,9,Not Open
T045,08-09,2008-10-09,9,Not Open
T046,08-09,2008-10-09,9,Not Open
T047,08-09,2008-10-09,9,Not Open
T061,08-09,2008-10-09,9,Not Open
T063,08-09,2008-10-09,9,Not Open
T064,08-09,2008-10-09,9,Not Open
T065,08-09,2008-10-09,9,Not Open
T066,08-09,2008-10-09,9,Not Open
T067,08-09,2008-10-09,9,Not Open
T068,08-09,2008-10-09,9,Not Open
T069,08-09,2008-10-09,9,Not Open
T070,08-09,2008-10-09,9,Not Open
T071,08-09,2008-10-09,9,Not Open
T072,08-09,2008-10-09,9,Not Open
T073,08-09,2008-10-09,9,Not Open
T074,08-09,2008-10-09,9,Not Open
T075,08-09,2008-10-09,9,Not Open
T076,08-09,2008-10-09,9,Not Open
T077,08-09,2008-10-09,9,Not Open
T078,08-09,2008-10-09,9,Not Open
T079,08-09,2008-10-09,9,Not Open
T080,08-09,2008-10-09,9,Not Open
T081,08-09,2008-10-09,9,Not Open
T083,08-09,2008-10-09,9,Not Open
T084,08-09,2008-10-09,9,Not Open
T085,08-09,2008-10-09,9,Not Open
T086,08-09,2008-10-09,9,Not Open
T087,08-09,2008-10-09,9,Not Open
T088,08-09,2008-10-09,9,Not Open
T089,08-09,2008-10-09,9,Not Open
T090,08-09,2008-10-09,9,Not Open
T091,08-09,2008-10-09,9,Not Open
T092,08-09,2008-10-09,9,Not Open
T127,08-09,2008-10-09,9,Not Open
T134,08-09,2008-10-09,9,Not Open
T135,08-09,2008-10-09,9,Not Open
T136,08-09,2008-10-09,9,Not Open
T137,08-09,2008-10-09,9,Not Open
T148,08-09,2008-10-09,9,Not Open
T151,08-09,2008-10-09,9,Not Open
T152,08-09,2008-10-09,9,Not Open
T156,08-09,2008-10-09,9,Not Open
T157,08-09,2008-10-09,9,Not Open
T002,08-09,2008-10-10,10,Not Open
T003,08-09,2008-10-10,10,Not Open
T004,08-09,2008-10-10,10,Not Open
T005,08-09,2008-10-10,10,Not Open
T006,08-09,2008-10-10,10,Not Open
T007,08-09,2008-10-10,10,Not Open
T008,08-09,2008-10-10,10,Not Open
T009,08-09,2008-10-10,10,Not Open
T010,08-09,2008-10-10,10,Not Open
T011,08-09,2008-10-10,10,Not Open
T012,08-09,2008-10-10,10,Not Open
T013,08-09,2008-10-10,10,Not Open
T015,08-09,2008-10-10,10,Not Open
T016,08-09,2008-10-10,10,Not Open
T017,08-09,2008-10-10,10,Not Open
T018,08-09,2008-10-10,10,Not Open
T019,08-09,2008-10-10,10,Not Open
T020,08-09,2008-10-10,10,Not Open
T021,08-09,2008-10-10,10,Not Open
T022,08-09,2008-10-10,10,Not Open
T023,08-09,2008-10-10,10,Not Open
T024,08-09,2008-10-10,10,Not Open
T025,08-09,2008-10-10,10,Not Open
T026,08-09,2008-10-10,10,Not Open
T027,08-09,2008-10-10,10,Not Open
T028,08-09,2008-10-10,10,Not Open
T029,08-09,2008-10-10,10,Not Open
T030,08-09,2008-10-10,10,Not Open
T031,08-09,2008-10-10,10,Not Open
T032,08-09,2008-10-10,10,Not Open
T033,08-09,2008-10-10,10,Not Open
T034,08-09,2008-10-10,10,Not Open
T035,08-09,2008-10-10,10,Not Open
T036,08-09,2008-10-10,10,Not Open
T037,08-09,2008-10-10,10,Not Open
T038,08-09,2008-10-10,10,Not Open
T039,08-09,2008-10-10,10,Not Open
T040,08-09,2008-10-10,10,Not Open
T042,08-09,2008-10-10,10,Not Open
T043,08-09,2008-10-10,10,Not Open
T044,08-09,2008-10-10,10,Not Open
T045,08-09,2008-10-10,10,Not Open
T046,08-09,2008-10-10,10,Not Open
T047,08-09,2008-10-10,10,Not Open
T061,08-09,2008-10-10,10,Not Open
T063,08-09,2008-10-10,10,Not Open
T064,08-09,2008-10-10,10,Not Open
T065,08-09,2008-10-10,10,Not Open
T066,08-09,2008-10-10,10,Not Open
T067,08-09,2008-10-10,10,Not Open
T068,08-09,2008-10-10,10,Not Open
T069,08-09,2008-10-10,10,Not Open
T070,08-09,2008-10-10,10,Not Open
T071,08-09,2008-10-10,10,Not Open
T072,08-09,2008-10-10,10,Not Open
T073,08-09,2008-10-10,10,Not Open
T074,08-09,2008-10-10,10,Not Open
T075,08-09,2008-10-10,10,Not Open
T076,08-09,2008-10-10,10,Not Open
T077,08-09,2008-10-10,10,Not Open
T078,08-09,2008-10-10,10,Not Open
T079,08-09,2008-10-10,10,Not Open
T080,08-09,2008-10-10,10,Not Open
T081,08-09,2008-10-10,10,Not Open
T083,08-09,2008-10-10,10,Not Open
T084,08-09,2008-10-10,10,Not Open
T085,08-09,2008-10-10,10,Not Open
T086,08-09,2008-10-10,10,Not Open
T087,08-09,2008-10-10,10,Not Open
T088,08-09,2008-10-10,10,Not Open
T089,08-09,2008-10-10,10,Not Open
T090,08-09,2008-10-10,10,Not Open
T091,08-09,2008-10-10,10,Not Open
T092,08-09,2008-10-10,10,Not Open
T127,08-09,2008-10-10,10,Not Open
T134,08-09,2008-10-10,10,Not Open
T135,08-09,2008-10-10,10,Not Open
T136,08-09,2008-10-10,10,Not Open
T137,08-09,2008-10-10,10,Not Open
T148,08-09,2008-10-10,10,Not Open
T151,08-09,2008-10-10,10,Not Open
T152,08-09,2008-10-10,10,Not Open
T156,08-09,2008-10-10,10,Not Open
T157,08-09,2008-10-10,10,Not Open
T002,08-09,2008-10-11,11,Not Open
T003,08-09,2008-10-11,11,Not Open
T004,08-09,2008-10-11,11,Not Open
T005,08-09,2008-10-11,11,Not Open
T006,08-09,2008-10-11,11,Not Open
T007,08-09,2008-10-11,11,Not Open
T008,08-09,2008-10-11,11,Not Open
T009,08-09,2008-10-11,11,Not Open
T010,08-09,2008-10-11,11,Not Open
T011,08-09,2008-10-11,11,Not Open
T012,08-09,2008-10-11,11,Not Open
T013,08-09,2008-10-11,11,Not Open
T015,08-09,2008-10-11,11,Not Open
T016,08-09,2008-10-11,11,Not Open
T017,08-09,2008-10-11,11,Not Open
T018,08-09,2008-10-11,11,Not Open
T019,08-09,2008-10-11,11,Not Open
T020,08-09,2008-10-11,11,Not Open
T021,08-09,2008-10-11,11,Not Open
T022,08-09,2008-10-11,11,Not Open
T023,08-09,2008-10-11,11,Not Open
T024,08-09,2008-10-11,11,Not Open
T025,08-09,2008-10-11,11,Not Open
T026,08-09,2008-10-11,11,Not Open
T027,08-09,2008-10-11,11,Not Open
T028,08-09,2008-10-11,11,Not Open
T029,08-09,2008-10-11,11,Not Open
T030,08-09,2008-10-11,11,Not Open
T031,08-09,2008-10-11,11,Not Open
T032,08-09,2008-10-11,11,Not Open
T033,08-09,2008-10-11,11,Not Open
T034,08-09,2008-10-11,11,Not Open
T035,08-09,2008-10-11,11,Not Open
T036,08-09,2008-10-11,11,Not Open
T037,08-09,2008-10-11,11,Not Open
T038,08-09,2008-10-11,11,Not Open
T039,08-09,2008-10-11,11,Not Open
T040,08-09,2008-10-11,11,Not Open
T042,08-09,2008-10-11,11,Not Open
T043,08-09,2008-10-11,11,Not Open
T044,08-09,2008-10-11,11,Not Open
T045,08-09,2008-10-11,11,Not Open
T046,08-09,2008-10-11,11,Not Open
T047,08-09,2008-10-11,11,Not Open
T061,08-09,2008-10-11,11,Not Open
T063,08-09,2008-10-11,11,Not Open
T064,08-09,2008-10-11,11,Not Open
T065,08-09,2008-10-11,11,Not Open
T066,08-09,2008-10-11,11,Not Open
T067,08-09,2008-10-11,11,Not Open
T068,08-09,2008-10-11,11,Not Open
T069,08-09,2008-10-11,11,Not Open
T070,08-09,2008-10-11,11,Not Open
T071,08-09,2008-10-11,11,Not Open
T072,08-09,2008-10-11,11,Not Open
T073,08-09,2008-10-11,11,Not Open
T074,08-09,2008-10-11,11,Not Open
T075,08-09,2008-10-11,11,Not Open
T076,08-09,2008-10-11,11,Not Open
T077,08-09,2008-10-11,11,Not Open
T078,08-09,2008-10-11,11,Not Open
T079,08-09,2008-10-11,11,Not Open
T080,08-09,2008-10-11,11,Not Open
T081,08-09,2008-10-11,11,Not Open
T083,08-09,2008-10-11,11,Not Open
T084,08-09,2008-10-11,11,Not Open
T085,08-09,2008-10-11,11,Not Open
T086,08-09,2008-10-11,11,Not Open
T087,08-09,2008-10-11,11,Not Open
T088,08-09,2008-10-11,11,Not Open
T089,08-09,2008-10-11,11,Not Open
T090,08-09,2008-10-11,11,Not Open
T091,08-09,2008-10-11,11,Not Open
T092,08-09,2008-10-11,11,Not Open
T127,08-09,2008-10-11,11,Not Open
T134,08-09,2008-10-11,11,Not Open
T135,08-09,2008-10-11,11,Not Open
T136,08-09,2008-10-11,11,Not Open
T137,08-09,2008-10-11,11,Not Open
T148,08-09,2008-10-11,11,Not Open
T151,08-09,2008-10-11,11,Not Open
T152,08-09,2008-10-11,11,Not Open
T156,08-09,2008-10-11,11,Not Open
T157,08-09,2008-10-11,11,Not Open
T002,08-09,2008-10-12,12,Not Open
T003,08-09,2008-10-12,12,Not Open
T004,08-09,2008-10-12,12,Not Open
T005,08-09,2008-10-12,12,Not Open
T006,08-09,2008-10-12,12,Not Open
T007,08-09,2008-10-12,12,Not Open
T008,08-09,2008-10-12,12,Not Open
T009,08-09,2008-10-12,12,Not Open
T010,08-09,2008-10-12,12,Not Open
T011,08-09,2008-10-12,12,Not Open
T012,08-09,2008-10-12,12,Not Open
T013,08-09,2008-10-12,12,Not Open
T015,08-09,2008-10-12,12,Not Open
T016,08-09,2008-10-12,12,Not Open
T017,08-09,2008-10-12,12,Not Open
T018,08-09,2008-10-12,12,Not Open
T019,08-09,2008-10-12,12,Not Open
T020,08-09,2008-10-12,12,Not Open
T021,08-09,2008-10-12,12,Not Open
T022,08-09,2008-10-12,12,Not Open
T023,08-09,2008-10-12,12,Not Open
T024,08-09,2008-10-12,12,Not Open
T025,08-09,2008-10-12,12,Not Open
T026,08-09,2008-10-12,12,Not Open
T027,08-09,2008-10-12,12,Not Open
T028,08-09,2008-10-12,12,Not Open
T029,08-09,2008-10-12,12,Not Open
T030,08-09,2008-10-12,12,Not Open
T031,08-09,2008-10-12,12,Not Open
T032,08-09,2008-10-12,12,Not Open
T033,08-09,2008-10-12,12,Not Open
T034,08-09,2008-10-12,12,Not Open
T035,08-09,2008-10-12,12,Not Open
T036,08-09,2008-10-12,12,Not Open
T037,08-09,2008-10-12,12,Not Open
T038,08-09,2008-10-12,12,Not Open
T039,08-09,2008-10-12,12,Not Open
T040,08-09,2008-10-12,12,Not Open
T042,08-09,2008-10-12,12,Not Open
T043,08-09,2008-10-12,12,Not Open
T044,08-09,2008-10-12,12,Not Open
T045,08-09,2008-10-12,12,Not Open
T046,08-09,2008-10-12,12,Not Open
T047,08-09,2008-10-12,12,Not Open
T061,08-09,2008-10-12,12,Not Open
T063,08-09,2008-10-12,12,Not Open
T064,08-09,2008-10-12,12,Not Open
T065,08-09,2008-10-12,12,Not Open
T066,08-09,2008-10-12,12,Not Open
T067,08-09,2008-10-12,12,Not Open
T068,08-09,2008-10-12,12,Not Open
T069,08-09,2008-10-12,12,Not Open
T070,08-09,2008-10-12,12,Not Open
T071,08-09,2008-10-12,12,Not Open
T072,08-09,2008-10-12,12,Not Open
T073,08-09,2008-10-12,12,Not Open
T074,08-09,2008-10-12,12,Not Open
T075,08-09,2008-10-12,12,Not Open
T076,08-09,2008-10-12,12,Not Open
T077,08-09,2008-10-12,12,Not Open
T078,08-09,2008-10-12,12,Not Open
T079,08-09,2008-10-12,12,Not Open
T080,08-09,2008-10-12,12,Not Open
T081,08-09,2008-10-12,12,Not Open
T083,08-09,2008-10-12,12,Not Open
T084,08-09,2008-10-12,12,Not Open
T085,08-09,2008-10-12,12,Not Open
T086,08-09,2008-10-12,12,Not Open
T087,08-09,2008-10-12,12,Not Open
T088,08-09,2008-10-12,12,Not Open
T089,08-09,2008-10-12,12,Not Open
T090,08-09,2008-10-12,12,Not Open
T091,08-09,2008-10-12,12,Not Open
T092,08-09,2008-10-12,12,Not Open
T127,08-09,2008-10-12,12,Not Open
T134,08-09,2008-10-12,12,Not Open
T135,08-09,2008-10-12,12,Not Open
T136,08-09,2008-10-12,12,Not Open
T137,08-09,2008-10-12,12,Not Open
T148,08-09,2008-10-12,12,Not Open
T151,08-09,2008-10-12,12,Not Open
T152,08-09,2008-10-12,12,Not Open
T156,08-09,2008-10-12,12,Not Open
T157,08-09,2008-10-12,12,Not Open
T002,08-09,2008-10-13,13,Not Open
T003,08-09,2008-10-13,13,Not Open
T004,08-09,2008-10-13,13,Not Open
T005,08-09,2008-10-13,13,Not Open
T006,08-09,2008-10-13,13,Not Open
T007,08-09,2008-10-13,13,Not Open
T008,08-09,2008-10-13,13,Not Open
T009,08-09,2008-10-13,13,Not Open
T010,08-09,2008-10-13,13,Not Open
T011,08-09,2008-10-13,13,Not Open
T012,08-09,2008-10-13,13,Not Open
T013,08-09,2008-10-13,13,Not Open
T015,08-09,2008-10-13,13,Not Open
T016,08-09,2008-10-13,13,Not Open
T017,08-09,2008-10-13,13,Not Open
T018,08-09,2008-10-13,13,Not Open
T019,08-09,2008-10-13,13,Not Open
T020,08-09,2008-10-13,13,Not Open
T021,08-09,2008-10-13,13,Not Open
T022,08-09,2008-10-13,13,Not Open
T023,08-09,2008-10-13,13,Not Open
T024,08-09,2008-10-13,13,Not Open
T025,08-09,2008-10-13,13,Not Open
T026,08-09,2008-10-13,13,Not Open
T027,08-09,2008-10-13,13,Not Open
T028,08-09,2008-10-13,13,Not Open
T029,08-09,2008-10-13,13,Not Open
T030,08-09,2008-10-13,13,Not Open
T031,08-09,2008-10-13,13,Not Open
T032,08-09,2008-10-13,13,Not Open
T033,08-09,2008-10-13,13,Not Open
T034,08-09,2008-10-13,13,Not Open
T035,08-09,2008-10-13,13,Not Open
T036,08-09,2008-10-13,13,Not Open
T037,08-09,2008-10-13,13,Not Open
T038,08-09,2008-10-13,13,Not Open
T039,08-09,2008-10-13,13,Not Open
T040,08-09,2008-10-13,13,Not Open
T042,08-09,2008-10-13,13,Not Open
T043,08-09,2008-10-13,13,Not Open
T044,08-09,2008-10-13,13,Not Open
T045,08-09,2008-10-13,13,Not Open
T046,08-09,2008-10-13,13,Not Open
T047,08-09,2008-10-13,13,Not Open
T061,08-09,2008-10-13,13,Not Open
T063,08-09,2008-10-13,13,Not Open
T064,08-09,2008-10-13,13,Not Open
T065,08-09,2008-10-13,13,Not Open
T066,08-09,2008-10-13,13,Not Open
T067,08-09,2008-10-13,13,Not Open
T068,08-09,2008-10-13,13,Not Open
T069,08-09,2008-10-13,13,Not Open
T070,08-09,2008-10-13,13,Not Open
T071,08-09,2008-10-13,13,Not Open
T072,08-09,2008-10-13,13,Not Open
T073,08-09,2008-10-13,13,Not Open
T074,08-09,2008-10-13,13,Not Open
T075,08-09,2008-10-13,13,Not Open
T076,08-09,2008-10-13,13,Not Open
T077,08-09,2008-10-13,13,Not Open
T078,08-09,2008-10-13,13,Not Open
T079,08-09,2008-10-13,13,Not Open
T080,08-09,2008-10-13,13,Not Open
T081,08-09,2008-10-13,13,Not Open
T083,08-09,2008-10-13,13,Not Open
T084,08-09,2008-10-13,13,Not Open
T085,08-09,2008-10-13,13,Not Open
T086,08-09,2008-10-13,13,Not Open
T087,08-09,2008-10-13,13,Not Open
T088,08-09,2008-10-13,13,Not Open
T089,08-09,2008-10-13,13,Not Open
T090,08-09,2008-10-13,13,Not Open
T091,08-09,2008-10-13,13,Not Open
T092,08-09,2008-10-13,13,Not Open
T127,08-09,2008-10-13,13,Not Open
T134,08-09,2008-10-13,13,Not Open
T135,08-09,2008-10-13,13,Not Open
T136,08-09,2008-10-13,13,Not Open
T137,08-09,2008-10-13,13,Not Open
T148,08-09,2008-10-13,13,Not Open
T151,08-09,2008-10-13,13,Not Open
T152,08-09,2008-10-13,13,Not Open
T156,08-09,2008-10-13,13,Not Open
T157,08-09,2008-10-13,13,Not Open
T002,08-09,2008-10-14,14,Not Open
T003,08-09,2008-10-14,14,Not Open
T004,08-09,2008-10-14,14,Not Open
T005,08-09,2008-10-14,14,Not Open
T006,08-09,2008-10-14,14,Not Open
T007,08-09,2008-10-14,14,Not Open
T008,08-09,2008-10-14,14,Not Open
T009,08-09,2008-10-14,14,Not Open
T010,08-09,2008-10-14,14,Not Open
T011,08-09,2008-10-14,14,Not Open
T012,08-09,2008-10-14,14,Not Open
T013,08-09,2008-10-14,14,Not Open
T015,08-09,2008-10-14,14,Not Open
T016,08-09,2008-10-14,14,Not Open
T017,08-09,2008-10-14,14,Not Open
T018,08-09,2008-10-14,14,Not Open
T019,08-09,2008-10-14,14,Not Open
T020,08-09,2008-10-14,14,Not Open
T021,08-09,2008-10-14,14,Not Open
T022,08-09,2008-10-14,14,Not Open
T023,08-09,2008-10-14,14,Not Open
T024,08-09,2008-10-14,14,Not Open
T025,08-09,2008-10-14,14,Not Open
T026,08-09,2008-10-14,14,Not Open
T027,08-09,2008-10-14,14,Not Open
T028,08-09,2008-10-14,14,Not Open
T029,08-09,2008-10-14,14,Not Open
T030,08-09,2008-10-14,14,Not Open
T031,08-09,2008-10-14,14,Not Open
T032,08-09,2008-10-14,14,Not Open
T033,08-09,2008-10-14,14,Not Open
T034,08-09,2008-10-14,14,Not Open
T035,08-09,2008-10-14,14,Not Open
T036,08-09,2008-10-14,14,Not Open
T037,08-09,2008-10-14,14,Not Open
T038,08-09,2008-10-14,14,Not Open
T039,08-09,2008-10-14,14,Not Open
T040,08-09,2008-10-14,14,Not Open
T042,08-09,2008-10-14,14,Not Open
T043,08-09,2008-10-14,14,Not Open
T044,08-09,2008-10-14,14,Not Open
T045,08-09,2008-10-14,14,Not Open
T046,08-09,2008-10-14,14,Not Open
T047,08-09,2008-10-14,14,Not Open
T061,08-09,2008-10-14,14,Not Open
T063,08-09,2008-10-14,14,Not Open
T064,08-09,2008-10-14,14,Not Open
T065,08-09,2008-10-14,14,Not Open
T066,08-09,2008-10-14,14,Not Open
T067,08-09,2008-10-14,14,Not Open
T068,08-09,2008-10-14,14,Not Open
T069,08-09,2008-10-14,14,Not Open
T070,08-09,2008-10-14,14,Not Open
T071,08-09,2008-10-14,14,Not Open
T072,08-09,2008-10-14,14,Not Open
T073,08-09,2008-10-14,14,Not Open
T074,08-09,2008-10-14,14,Not Open
T075,08-09,2008-10-14,14,Not Open
T076,08-09,2008-10-14,14,Not Open
T077,08-09,2008-10-14,14,Not Open
T078,08-09,2008-10-14,14,Not Open
T079,08-09,2008-10-14,14,Not Open
T080,08-09,2008-10-14,14,Not Open
T081,08-09,2008-10-14,14,Not Open
T083,08-09,2008-10-14,14,Not Open
T084,08-09,2008-10-14,14,Not Open
T085,08-09,2008-10-14,14,Not Open
T086,08-09,2008-10-14,14,Not Open
T087,08-09,2008-10-14,14,Not Open
T088,08-09,2008-10-14,14,Not Open
T089,08-09,2008-10-14,14,Not Open
T090,08-09,2008-10-14,14,Not Open
T091,08-09,2008-10-14,14,Not Open
T092,08-09,2008-10-14,14,Not Open
T127,08-09,2008-10-14,14,Not Open
T134,08-09,2008-10-14,14,Not Open
T135,08-09,2008-10-14,14,Not Open
T136,08-09,2008-10-14,14,Not Open
T137,08-09,2008-10-14,14,Not Open
T148,08-09,2008-10-14,14,Not Open
T151,08-09,2008-10-14,14,Not Open
T152,08-09,2008-10-14,14,Not Open
T156,08-09,2008-10-14,14,Not Open
T157,08-09,2008-10-14,14,Not Open
T002,08-09,2008-10-15,15,Not Open
T003,08-09,2008-10-15,15,Not Open
T004,08-09,2008-10-15,15,Not Open
T005,08-09,2008-10-15,15,Not Open
T006,08-09,2008-10-15,15,Not Open
T007,08-09,2008-10-15,15,Not Open
T008,08-09,2008-10-15,15,Not Open
T009,08-09,2008-10-15,15,Not Open
T010,08-09,2008-10-15,15,Not Open
T011,08-09,2008-10-15,15,Not Open
T012,08-09,2008-10-15,15,Not Open
T013,08-09,2008-10-15,15,Not Open
T015,08-09,2008-10-15,15,Not Open
T016,08-09,2008-10-15,15,Not Open
T017,08-09,2008-10-15,15,Not Open
T018,08-09,2008-10-15,15,Not Open
T019,08-09,2008-10-15,15,Not Open
T020,08-09,2008-10-15,15,Not Open
T021,08-09,2008-10-15,15,Not Open
T022,08-09,2008-10-15,15,Not Open
T023,08-09,2008-10-15,15,Not Open
T024,08-09,2008-10-15,15,Not Open
T025,08-09,2008-10-15,15,Not Open
T026,08-09,2008-10-15,15,Not Open
T027,08-09,2008-10-15,15,Not Open
T028,08-09,2008-10-15,15,Not Open
T029,08-09,2008-10-15,15,Not Open
T030,08-09,2008-10-15,15,Not Open
T031,08-09,2008-10-15,15,Not Open
T032,08-09,2008-10-15,15,Not Open
T033,08-09,2008-10-15,15,Not Open
T034,08-09,2008-10-15,15,Not Open
T035,08-09,2008-10-15,15,Not Open
T036,08-09,2008-10-15,15,Not Open
T037,08-09,2008-10-15,15,Not Open
T038,08-09,2008-10-15,15,Not Open
T039,08-09,2008-10-15,15,Not Open
T040,08-09,2008-10-15,15,Not Open
T042,08-09,2008-10-15,15,Not Open
T043,08-09,2008-10-15,15,Not Open
T044,08-09,2008-10-15,15,Not Open
T045,08-09,2008-10-15,15,Not Open
T046,08-09,2008-10-15,15,Not Open
T047,08-09,2008-10-15,15,Not Open
T061,08-09,2008-10-15,15,Not Open
T063,08-09,2008-10-15,15,Not Open
T064,08-09,2008-10-15,15,Not Open
T065,08-09,2008-10-15,15,Not Open
T066,08-09,2008-10-15,15,Not Open
T067,08-09,2008-10-15,15,Not Open
T068,08-09,2008-10-15,15,Not Open
T069,08-09,2008-10-15,15,Not Open
T070,08-09,2008-10-15,15,Not Open
T071,08-09,2008-10-15,15,Not Open
T072,08-09,2008-10-15,15,Not Open
T073,08-09,2008-10-15,15,Not Open
T074,08-09,2008-10-15,15,Not Open
T075,08-09,2008-10-15,15,Not Open
T076,08-09,2008-10-15,15,Not Open
T077,08-09,2008-10-15,15,Not Open
T078,08-09,2008-10-15,15,Not Open
T079,08-09,2008-10-15,15,Not Open
T080,08-09,2008-10-15,15,Not Open
T081,08-09,2008-10-15,15,Not Open
T083,08-09,2008-10-15,15,Not Open
T084,08-09,2008-10-15,15,Not Open
T085,08-09,2008-10-15,15,Not Open
T086,08-09,2008-10-15,15,Not Open
T087,08-09,2008-10-15,15,Not Open
T088,08-09,2008-10-15,15,Not Open
T089,08-09,2008-10-15,15,Not Open
T090,08-09,2008-10-15,15,Not Open
T091,08-09,2008-10-15,15,Not Open
T092,08-09,2008-10-15,15,Not Open
T127,08-09,2008-10-15,15,Not Open
T134,08-09,2008-10-15,15,Not Open
T135,08-09,2008-10-15,15,Not Open
T136,08-09,2008-10-15,15,Not Open
T137,08-09,2008-10-15,15,Not Open
T148,08-09,2008-10-15,15,Not Open
T151,08-09,2008-10-15,15,Not Open
T152,08-09,2008-10-15,15,Not Open
T156,08-09,2008-10-15,15,Not Open
T157,08-09,2008-10-15,15,Not Open
T002,08-09,2008-10-16,16,Not Open
T003,08-09,2008-10-16,16,Not Open
T004,08-09,2008-10-16,16,Not Open
T005,08-09,2008-10-16,16,Not Open
T006,08-09,2008-10-16,16,Not Open
T007,08-09,2008-10-16,16,Not Open
T008,08-09,2008-10-16,16,Not Open
T009,08-09,2008-10-16,16,Not Open
T010,08-09,2008-10-16,16,Not Open
T011,08-09,2008-10-16,16,Not Open
T012,08-09,2008-10-16,16,Not Open
T013,08-09,2008-10-16,16,Not Open
T015,08-09,2008-10-16,16,Not Open
T016,08-09,2008-10-16,16,Not Open
T017,08-09,2008-10-16,16,Not Open
T018,08-09,2008-10-16,16,Not Open
T019,08-09,2008-10-16,16,Not Open
T020,08-09,2008-10-16,16,Not Open
T021,08-09,2008-10-16,16,Not Open
T022,08-09,2008-10-16,16,Not Open
T023,08-09,2008-10-16,16,Not Open
T024,08-09,2008-10-16,16,Not Open
T025,08-09,2008-10-16,16,Not Open
T026,08-09,2008-10-16,16,Not Open
T027,08-09,2008-10-16,16,Not Open
T028,08-09,2008-10-16,16,Not Open
T029,08-09,2008-10-16,16,Not Open
T030,08-09,2008-10-16,16,Not Open
T031,08-09,2008-10-16,16,Not Open
T032,08-09,2008-10-16,16,Not Open
T033,08-09,2008-10-16,16,Not Open
T034,08-09,2008-10-16,16,Not Open
T035,08-09,2008-10-16,16,Not Open
T036,08-09,2008-10-16,16,Not Open
T037,08-09,2008-10-16,16,Not Open
T038,08-09,2008-10-16,16,Not Open
T039,08-09,2008-10-16,16,Not Open
T040,08-09,2008-10-16,16,Not Open
T042,08-09,2008-10-16,16,Not Open
T043,08-09,2008-10-16,16,Not Open
T044,08-09,2008-10-16,16,Not Open
T045,08-09,2008-10-16,16,Not Open
T046,08-09,2008-10-16,16,Not Open
T047,08-09,2008-10-16,16,Not Open
T061,08-09,2008-10-16,16,Not Open
T063,08-09,2008-10-16,16,Not Open
T064,08-09,2008-10-16,16,Not Open
T065,08-09,2008-10-16,16,Not Open
T066,08-09,2008-10-16,16,Not Open
T067,08-09,2008-10-16,16,Not Open
T068,08-09,2008-10-16,16,Not Open
T069,08-09,2008-10-16,16,Not Open
T070,08-09,2008-10-16,16,Not Open
T071,08-09,2008-10-16,16,Not Open
T072,08-09,2008-10-16,16,Not Open
T073,08-09,2008-10-16,16,Not Open
T074,08-09,2008-10-16,16,Not Open
T075,08-09,2008-10-16,16,Not Open
T076,08-09,2008-10-16,16,Not Open
T077,08-09,2008-10-16,16,Not Open
T078,08-09,2008-10-16,16,Not Open
T079,08-09,2008-10-16,16,Not Open
T080,08-09,2008-10-16,16,Not Open
T081,08-09,2008-10-16,16,Not Open
T083,08-09,2008-10-16,16,Not Open
T084,08-09,2008-10-16,16,Not Open
T085,08-09,2008-10-16,16,Not Open
T086,08-09,2008-10-16,16,Not Open
T087,08-09,2008-10-16,16,Not Open
T088,08-09,2008-10-16,16,Not Open
T089,08-09,2008-10-16,16,Not Open
T090,08-09,2008-10-16,16,Not Open
T091,08-09,2008-10-16,16,Not Open
T092,08-09,2008-10-16,16,Not Open
T127,08-09,2008-10-16,16,Not Open
T134,08-09,2008-10-16,16,Not Open
T135,08-09,2008-10-16,16,Not Open
T136,08-09,2008-10-16,16,Not Open
T137,08-09,2008-10-16,16,Not Open
T148,08-09,2008-10-16,16,Not Open
T151,08-09,2008-10-16,16,Not Open
T152,08-09,2008-10-16,16,Not Open
T156,08-09,2008-10-16,16,Not Open
T157,08-09,2008-10-16,16,Not Open
T002,08-09,2008-10-17,17,Not Open
T003,08-09,2008-10-17,17,Not Open
T004,08-09,2008-10-17,17,Not Open
T005,08-09,2008-10-17,17,Not Open
T006,08-09,2008-10-17,17,Not Open
T007,08-09,2008-10-17,17,Not Open
T008,08-09,2008-10-17,17,Not Open
T009,08-09,2008-10-17,17,Not Open
T010,08-09,2008-10-17,17,Not Open
T011,08-09,2008-10-17,17,Not Open
T012,08-09,2008-10-17,17,Not Open
T013,08-09,2008-10-17,17,Not Open
T015,08-09,2008-10-17,17,Not Open
T016,08-09,2008-10-17,17,Not Open
T017,08-09,2008-10-17,17,Not Open
T018,08-09,2008-10-17,17,Not Open
T019,08-09,2008-10-17,17,Not Open
T020,08-09,2008-10-17,17,Not Open
T021,08-09,2008-10-17,17,Not Open
T022,08-09,2008-10-17,17,Not Open
T023,08-09,2008-10-17,17,Not Open
T024,08-09,2008-10-17,17,Not Open
T025,08-09,2008-10-17,17,Not Open
T026,08-09,2008-10-17,17,Not Open
T027,08-09,2008-10-17,17,Not Open
T028,08-09,2008-10-17,17,Not Open
T029,08-09,2008-10-17,17,Not Open
T030,08-09,2008-10-17,17,Not Open
T031,08-09,2008-10-17,17,Not Open
T032,08-09,2008-10-17,17,Not Open
T033,08-09,2008-10-17,17,Not Open
T034,08-09,2008-10-17,17,Not Open
T035,08-09,2008-10-17,17,Not Open
T036,08-09,2008-10-17,17,Not Open
T037,08-09,2008-10-17,17,Not Open
T038,08-09,2008-10-17,17,Not Open
T039,08-09,2008-10-17,17,Not Open
T040,08-09,2008-10-17,17,Not Open
T042,08-09,2008-10-17,17,Not Open
T043,08-09,2008-10-17,17,Not Open
T044,08-09,2008-10-17,17,Not Open
T045,08-09,2008-10-17,17,Not Open
T046,08-09,2008-10-17,17,Not Open
T047,08-09,2008-10-17,17,Not Open
T061,08-09,2008-10-17,17,Not Open
T063,08-09,2008-10-17,17,Not Open
T064,08-09,2008-10-17,17,Not Open
T065,08-09,2008-10-17,17,Not Open
T066,08-09,2008-10-17,17,Not Open
T067,08-09,2008-10-17,17,Not Open
T068,08-09,2008-10-17,17,Not Open
T069,08-09,2008-10-17,17,Not Open
T070,08-09,2008-10-17,17,Not Open
T071,08-09,2008-10-17,17,Not Open
T072,08-09,2008-10-17,17,Not Open
T073,08-09,2008-10-17,17,Not Open
T074,08-09,2008-10-17,17,Not Open
T075,08-09,2008-10-17,17,Not Open
T076,08-09,2008-10-17,17,Not Open
T077,08-09,2008-10-17,17,Not Open
T078,08-09,2008-10-17,17,Not Open
T079,08-09,2008-10-17,17,Not Open
T080,08-09,2008-10-17,17,Not Open
T081,08-09,2008-10-17,17,Not Open
T083,08-09,2008-10-17,17,Not Open
T084,08-09,2008-10-17,17,Not Open
T085,08-09,2008-10-17,17,Not Open
T086,08-09,2008-10-17,17,Not Open
T087,08-09,2008-10-17,17,Not Open
T088,08-09,2008-10-17,17,Not Open
T089,08-09,2008-10-17,17,Not Open
T090,08-09,2008-10-17,17,Not Open
T091,08-09,2008-10-17,17,Not Open
T092,08-09,2008-10-17,17,Not Open
T127,08-09,2008-10-17,17,Not Open
T134,08-09,2008-10-17,17,Not Open
T135,08-09,2008-10-17,17,Not Open
T136,08-09,2008-10-17,17,Not Open
T137,08-09,2008-10-17,17,Not Open
T148,08-09,2008-10-17,17,Not Open
T151,08-09,2008-10-17,17,Not Open
T152,08-09,2008-10-17,17,Not Open
T156,08-09,2008-10-17,17,Not Open
T157,08-09,2008-10-17,17,Not Open
T002,08-09,2008-10-18,18,Not Open
T003,08-09,2008-10-18,18,Not Open
T004,08-09,2008-10-18,18,Not Open
T005,08-09,2008-10-18,18,Not Open
T006,08-09,2008-10-18,18,Not Open
T007,08-09,2008-10-18,18,Not Open
T008,08-09,2008-10-18,18,Not Open
T009,08-09,2008-10-18,18,Not Open
T010,08-09,2008-10-18,18,Not Open
T011,08-09,2008-10-18,18,Not Open
T012,08-09,2008-10-18,18,Not Open
T013,08-09,2008-10-18,18,Not Open
T015,08-09,2008-10-18,18,Not Open
T016,08-09,2008-10-18,18,Not Open
T017,08-09,2008-10-18,18,Not Open
T018,08-09,2008-10-18,18,Not Open
T019,08-09,2008-10-18,18,Not Open
T020,08-09,2008-10-18,18,Not Open
T021,08-09,2008-10-18,18,Not Open
T022,08-09,2008-10-18,18,Not Open
T023,08-09,2008-10-18,18,Not Open
T024,08-09,2008-10-18,18,Not Open
T025,08-09,2008-10-18,18,Not Open
T026,08-09,2008-10-18,18,Not Open
T027,08-09,2008-10-18,18,Not Open
T028,08-09,2008-10-18,18,Not Open
T029,08-09,2008-10-18,18,Not Open
T030,08-09,2008-10-18,18,Not Open
T031,08-09,2008-10-18,18,Not Open
T032,08-09,2008-10-18,18,Not Open
T033,08-09,2008-10-18,18,Not Open
T034,08-09,2008-10-18,18,Not Open
T035,08-09,2008-10-18,18,Not Open
T036,08-09,2008-10-18,18,Not Open
T037,08-09,2008-10-18,18,Not Open
T038,08-09,2008-10-18,18,Not Open
T039,08-09,2008-10-18,18,Not Open
T040,08-09,2008-10-18,18,Not Open
T042,08-09,2008-10-18,18,Not Open
T043,08-09,2008-10-18,18,Not Open
T044,08-09,2008-10-18,18,Not Open
T045,08-09,2008-10-18,18,Not Open
T046,08-09,2008-10-18,18,Not Open
T047,08-09,2008-10-18,18,Not Open
T061,08-09,2008-10-18,18,Not Open
T063,08-09,2008-10-18,18,Not Open
T064,08-09,2008-10-18,18,Not Open
T065,08-09,2008-10-18,18,Not Open
T066,08-09,2008-10-18,18,Not Open
T067,08-09,2008-10-18,18,Not Open
T068,08-09,2008-10-18,18,Not Open
T069,08-09,2008-10-18,18,Not Open
T070,08-09,2008-10-18,18,Not Open
T071,08-09,2008-10-18,18,Not Open
T072,08-09,2008-10-18,18,Not Open
T073,08-09,2008-10-18,18,Not Open
T074,08-09,2008-10-18,18,Not Open
T075,08-09,2008-10-18,18,Not Open
T076,08-09,2008-10-18,18,Not Open
T077,08-09,2008-10-18,18,Not Open
T078,08-09,2008-10-18,18,Not Open
T079,08-09,2008-10-18,18,Not Open
T080,08-09,2008-10-18,18,Not Open
T081,08-09,2008-10-18,18,Not Open
T083,08-09,2008-10-18,18,Not Open
T084,08-09,2008-10-18,18,Not Open
T085,08-09,2008-10-18,18,Not Open
T086,08-09,2008-10-18,18,Not Open
T087,08-09,2008-10-18,18,Not Open
T088,08-09,2008-10-18,18,Not Open
T089,08-09,2008-10-18,18,Not Open
T090,08-09,2008-10-18,18,Not Open
T091,08-09,2008-10-18,18,Not Open
T092,08-09,2008-10-18,18,Not Open
T127,08-09,2008-10-18,18,Not Open
T134,08-09,2008-10-18,18,Not Open
T135,08-09,2008-10-18,18,Not Open
T136,08-09,2008-10-18,18,Not Open
T137,08-09,2008-10-18,18,Not Open
T148,08-09,2008-10-18,18,Not Open
T151,08-09,2008-10-18,18,Not Open
T152,08-09,2008-10-18,18,Not Open
T156,08-09,2008-10-18,18,Not Open
T157,08-09,2008-10-18,18,Not Open
T002,08-09,2008-10-19,19,Not Open
T003,08-09,2008-10-19,19,Not Open
T004,08-09,2008-10-19,19,Not Open
T005,08-09,2008-10-19,19,Not Open
T006,08-09,2008-10-19,19,Not Open
T007,08-09,2008-10-19,19,Not Open
T008,08-09,2008-10-19,19,Not Open
T009,08-09,2008-10-19,19,Not Open
T010,08-09,2008-10-19,19,Not Open
T011,08-09,2008-10-19,19,Not Open
T012,08-09,2008-10-19,19,Not Open
T013,08-09,2008-10-19,19,Not Open
T015,08-09,2008-10-19,19,Not Open
T016,08-09,2008-10-19,19,Not Open
T017,08-09,2008-10-19,19,Not Open
T018,08-09,2008-10-19,19,Not Open
T019,08-09,2008-10-19,19,Not Open
T020,08-09,2008-10-19,19,Not Open
T021,08-09,2008-10-19,19,Not Open
T022,08-09,2008-10-19,19,Not Open
T023,08-09,2008-10-19,19,Not Open
T024,08-09,2008-10-19,19,Not Open
T025,08-09,2008-10-19,19,Not Open
T026,08-09,2008-10-19,19,Not Open
T027,08-09,2008-10-19,19,Not Open
T028,08-09,2008-10-19,19,Not Open
T029,08-09,2008-10-19,19,Not Open
T030,08-09,2008-10-19,19,Not Open
T031,08-09,2008-10-19,19,Not Open
T032,08-09,2008-10-19,19,Not Open
T033,08-09,2008-10-19,19,Not Open
T034,08-09,2008-10-19,19,Not Open
T035,08-09,2008-10-19,19,Not Open
T036,08-09,2008-10-19,19,Not Open
T037,08-09,2008-10-19,19,Not Open
T038,08-09,2008-10-19,19,Not Open
T039,08-09,2008-10-19,19,Not Open
T040,08-09,2008-10-19,19,Not Open
T042,08-09,2008-10-19,19,Not Open
T043,08-09,2008-10-19,19,Not Open
T044,08-09,2008-10-19,19,Not Open
T045,08-09,2008-10-19,19,Not Open
T046,08-09,2008-10-19,19,Not Open
T047,08-09,2008-10-19,19,Not Open
T061,08-09,2008-10-19,19,Not Open
T063,08-09,2008-10-19,19,Not Open
T064,08-09,2008-10-19,19,Not Open
T065,08-09,2008-10-19,19,Not Open
T066,08-09,2008-10-19,19,Not Open
T067,08-09,2008-10-19,19,Not Open
T068,08-09,2008-10-19,19,Not Open
T069,08-09,2008-10-19,19,Not Open
T070,08-09,2008-10-19,19,Not Open
T071,08-09,2008-10-19,19,Not Open
T072,08-09,2008-10-19,19,Not Open
T073,08-09,2008-10-19,19,Not Open
T074,08-09,2008-10-19,19,Not Open
T075,08-09,2008-10-19,19,Not Open
T076,08-09,2008-10-19,19,Not Open
T077,08-09,2008-10-19,19,Not Open
T078,08-09,2008-10-19,19,Not Open
T079,08-09,2008-10-19,19,Not Open
T080,08-09,2008-10-19,19,Not Open
T081,08-09,2008-10-19,19,Not Open
T083,08-09,2008-10-19,19,Not Open
T084,08-09,2008-10-19,19,Not Open
T085,08-09,2008-10-19,19,Not Open
T086,08-09,2008-10-19,19,Not Open
T087,08-09,2008-10-19,19,Not Open
T088,08-09,2008-10-19,19,Not Open
T089,08-09,2008-10-19,19,Not Open
T090,08-09,2008-10-19,19,Not Open
T091,08-09,2008-10-19,19,Not Open
T092,08-09,2008-10-19,19,Not Open
T127,08-09,2008-10-19,19,Not Open
T134,08-09,2008-10-19,19,Not Open
T135,08-09,2008-10-19,19,Not Open
T136,08-09,2008-10-19,19,Not Open
T137,08-09,2008-10-19,19,Not Open
T148,08-09,2008-10-19,19,Not Open
T151,08-09,2008-10-19,19,Not Open
T152,08-09,2008-10-19,19,Not Open
T156,08-09,2008-10-19,19,Not Open
T157,08-09,2008-10-19,19,Not Open
T002,08-09,2008-10-20,20,Not Open
T003,08-09,2008-10-20,20,Not Open
T004,08-09,2008-10-20,20,Not Open
T005,08-09,2008-10-20,20,Not Open
T006,08-09,2008-10-20,20,Not Open
T007,08-09,2008-10-20,20,Not Open
T008,08-09,2008-10-20,20,Not Open
T009,08-09,2008-10-20,20,Not Open
T010,08-09,2008-10-20,20,Not Open
T011,08-09,2008-10-20,20,Not Open
T012,08-09,2008-10-20,20,Not Open
T013,08-09,2008-10-20,20,Not Open
T015,08-09,2008-10-20,20,Not Open
T016,08-09,2008-10-20,20,Not Open
T017,08-09,2008-10-20,20,Not Open
T018,08-09,2008-10-20,20,Not Open
T019,08-09,2008-10-20,20,Not Open
T020,08-09,2008-10-20,20,Not Open
T021,08-09,2008-10-20,20,Not Open
T022,08-09,2008-10-20,20,Not Open
T023,08-09,2008-10-20,20,Not Open
T024,08-09,2008-10-20,20,Not Open
T025,08-09,2008-10-20,20,Not Open
T026,08-09,2008-10-20,20,Not Open
T027,08-09,2008-10-20,20,Not Open
T028,08-09,2008-10-20,20,Not Open
T029,08-09,2008-10-20,20,Not Open
T030,08-09,2008-10-20,20,Not Open
T031,08-09,2008-10-20,20,Not Open
T032,08-09,2008-10-20,20,Not Open
T033,08-09,2008-10-20,20,Not Open
T034,08-09,2008-10-20,20,Not Open
T035,08-09,2008-10-20,20,Not Open
T036,08-09,2008-10-20,20,Not Open
T037,08-09,2008-10-20,20,Not Open
T038,08-09,2008-10-20,20,Not Open
T039,08-09,2008-10-20,20,Not Open
T040,08-09,2008-10-20,20,Not Open
T042,08-09,2008-10-20,20,Not Open
T043,08-09,2008-10-20,20,Not Open
T044,08-09,2008-10-20,20,Not Open
T045,08-09,2008-10-20,20,Not Open
T046,08-09,2008-10-20,20,Not Open
T047,08-09,2008-10-20,20,Not Open
T061,08-09,2008-10-20,20,Not Open
T063,08-09,2008-10-20,20,Not Open
T064,08-09,2008-10-20,20,Not Open
T065,08-09,2008-10-20,20,Not Open
T066,08-09,2008-10-20,20,Not Open
T067,08-09,2008-10-20,20,Not Open
T068,08-09,2008-10-20,20,Not Open
T069,08-09,2008-10-20,20,Not Open
T070,08-09,2008-10-20,20,Not Open
T071,08-09,2008-10-20,20,Not Open
T072,08-09,2008-10-20,20,Not Open
T073,08-09,2008-10-20,20,Not Open
T074,08-09,2008-10-20,20,Not Open
T075,08-09,2008-10-20,20,Not Open
T076,08-09,2008-10-20,20,Not Open
T077,08-09,2008-10-20,20,Not Open
T078,08-09,2008-10-20,20,Not Open
T079,08-09,2008-10-20,20,Not Open
T080,08-09,2008-10-20,20,Not Open
T081,08-09,2008-10-20,20,Not Open
T083,08-09,2008-10-20,20,Not Open
T084,08-09,2008-10-20,20,Not Open
T085,08-09,2008-10-20,20,Not Open
T086,08-09,2008-10-20,20,Not Open
T087,08-09,2008-10-20,20,Not Open
T088,08-09,2008-10-20,20,Not Open
T089,08-09,2008-10-20,20,Not Open
T090,08-09,2008-10-20,20,Not Open
T091,08-09,2008-10-20,20,Not Open
T092,08-09,2008-10-20,20,Not Open
T127,08-09,2008-10-20,20,Not Open
T134,08-09,2008-10-20,20,Not Open
T135,08-09,2008-10-20,20,Not Open
T136,08-09,2008-10-20,20,Not Open
T137,08-09,2008-10-20,20,Not Open
T148,08-09,2008-10-20,20,Not Open
T151,08-09,2008-10-20,20,Not Open
T152,08-09,2008-10-20,20,Not Open
T156,08-09,2008-10-20,20,Not Open
T157,08-09,2008-10-20,20,Not Open
T002,08-09,2008-10-21,21,Not Open
T003,08-09,2008-10-21,21,Not Open
T004,08-09,2008-10-21,21,Not Open
T005,08-09,2008-10-21,21,Not Open
T006,08-09,2008-10-21,21,Not Open
T007,08-09,2008-10-21,21,Not Open
T008,08-09,2008-10-21,21,Not Open
T009,08-09,2008-10-21,21,Not Open
T010,08-09,2008-10-21,21,Not Open
T011,08-09,2008-10-21,21,Not Open
T012,08-09,2008-10-21,21,Not Open
T013,08-09,2008-10-21,21,Not Open
T015,08-09,2008-10-21,21,Not Open
T016,08-09,2008-10-21,21,Not Open
T017,08-09,2008-10-21,21,Not Open
T018,08-09,2008-10-21,21,Not Open
T019,08-09,2008-10-21,21,Not Open
T020,08-09,2008-10-21,21,Not Open
T021,08-09,2008-10-21,21,Not Open
T022,08-09,2008-10-21,21,Not Open
T023,08-09,2008-10-21,21,Not Open
T024,08-09,2008-10-21,21,Not Open
T025,08-09,2008-10-21,21,Not Open
T026,08-09,2008-10-21,21,Not Open
T027,08-09,2008-10-21,21,Not Open
T028,08-09,2008-10-21,21,Not Open
T029,08-09,2008-10-21,21,Not Open
T030,08-09,2008-10-21,21,Not Open
T031,08-09,2008-10-21,21,Not Open
T032,08-09,2008-10-21,21,Not Open
T033,08-09,2008-10-21,21,Not Open
T034,08-09,2008-10-21,21,Not Open
T035,08-09,2008-10-21,21,Not Open
T036,08-09,2008-10-21,21,Not Open
T037,08-09,2008-10-21,21,Not Open
T038,08-09,2008-10-21,21,Not Open
T039,08-09,2008-10-21,21,Not Open
T040,08-09,2008-10-21,21,Not Open
T042,08-09,2008-10-21,21,Not Open
T043,08-09,2008-10-21,21,Not Open
T044,08-09,2008-10-21,21,Not Open
T045,08-09,2008-10-21,21,Not Open
T046,08-09,2008-10-21,21,Not Open
T047,08-09,2008-10-21,21,Not Open
T061,08-09,2008-10-21,21,Not Open
T063,08-09,2008-10-21,21,Not Open
T064,08-09,2008-10-21,21,Not Open
T065,08-09,2008-10-21,21,Not Open
T066,08-09,2008-10-21,21,Not Open
T067,08-09,2008-10-21,21,Not Open
T068,08-09,2008-10-21,21,Not Open
T069,08-09,2008-10-21,21,Not Open
T070,08-09,2008-10-21,21,Not Open
T071,08-09,2008-10-21,21,Not Open
T072,08-09,2008-10-21,21,Not Open
T073,08-09,2008-10-21,21,Not Open
T074,08-09,2008-10-21,21,Not Open
T075,08-09,2008-10-21,21,Not Open
T076,08-09,2008-10-21,21,Not Open
T077,08-09,2008-10-21,21,Not Open
T078,08-09,2008-10-21,21,Not Open
T079,08-09,2008-10-21,21,Not Open
T080,08-09,2008-10-21,21,Not Open
T081,08-09,2008-10-21,21,Not Open
T083,08-09,2008-10-21,21,Not Open
T084,08-09,2008-10-21,21,Not Open
T085,08-09,2008-10-21,21,Not Open
T086,08-09,2008-10-21,21,Not Open
T087,08-09,2008-10-21,21,Not Open
T088,08-09,2008-10-21,21,Not Open
T089,08-09,2008-10-21,21,Not Open
T090,08-09,2008-10-21,21,Not Open
T091,08-09,2008-10-21,21,Not Open
T092,08-09,2008-10-21,21,Not Open
T127,08-09,2008-10-21,21,Not Open
T134,08-09,2008-10-21,21,Not Open
T135,08-09,2008-10-21,21,Not Open
T136,08-09,2008-10-21,21,Not Open
T137,08-09,2008-10-21,21,Not Open
T148,08-09,2008-10-21,21,Not Open
T151,08-09,2008-10-21,21,Not Open
T152,08-09,2008-10-21,21,Not Open
T156,08-09,2008-10-21,21,Not Open
T157,08-09,2008-10-21,21,Not Open
T002,08-09,2008-10-22,22,Not Open
T003,08-09,2008-10-22,22,Not Open
T004,08-09,2008-10-22,22,Not Open
T005,08-09,2008-10-22,22,Not Open
T006,08-09,2008-10-22,22,Not Open
T007,08-09,2008-10-22,22,Not Open
T008,08-09,2008-10-22,22,Not Open
T009,08-09,2008-10-22,22,Not Open
T010,08-09,2008-10-22,22,Not Open
T011,08-09,2008-10-22,22,Not Open
T012,08-09,2008-10-22,22,Not Open
T013,08-09,2008-10-22,22,Not Open
T015,08-09,2008-10-22,22,Not Open
T016,08-09,2008-10-22,22,Not Open
T017,08-09,2008-10-22,22,Not Open
T018,08-09,2008-10-22,22,Not Open
T019,08-09,2008-10-22,22,Not Open
T020,08-09,2008-10-22,22,Not Open
T021,08-09,2008-10-22,22,Not Open
T022,08-09,2008-10-22,22,Not Open
T023,08-09,2008-10-22,22,Not Open
T024,08-09,2008-10-22,22,Not Open
T025,08-09,2008-10-22,22,Not Open
T026,08-09,2008-10-22,22,Not Open
T027,08-09,2008-10-22,22,Not Open
T028,08-09,2008-10-22,22,Not Open
T029,08-09,2008-10-22,22,Not Open
T030,08-09,2008-10-22,22,Not Open
T031,08-09,2008-10-22,22,Not Open
T032,08-09,2008-10-22,22,Not Open
T033,08-09,2008-10-22,22,Not Open
T034,08-09,2008-10-22,22,Not Open
T035,08-09,2008-10-22,22,Not Open
T036,08-09,2008-10-22,22,Not Open
T037,08-09,2008-10-22,22,Not Open
T038,08-09,2008-10-22,22,Not Open
T039,08-09,2008-10-22,22,Not Open
T040,08-09,2008-10-22,22,Not Open
T042,08-09,2008-10-22,22,Not Open
T043,08-09,2008-10-22,22,Not Open
T044,08-09,2008-10-22,22,Not Open
T045,08-09,2008-10-22,22,Not Open
T046,08-09,2008-10-22,22,Not Open
T047,08-09,2008-10-22,22,Not Open
T061,08-09,2008-10-22,22,Not Open
T063,08-09,2008-10-22,22,Not Open
T064,08-09,2008-10-22,22,Not Open
T065,08-09,2008-10-22,22,Not Open
T066,08-09,2008-10-22,22,Not Open
T067,08-09,2008-10-22,22,Not Open
T068,08-09,2008-10-22,22,Not Open
T069,08-09,2008-10-22,22,Not Open
T070,08-09,2008-10-22,22,Not Open
T071,08-09,2008-10-22,22,Not Open
T072,08-09,2008-10-22,22,Not Open
T073,08-09,2008-10-22,22,Not Open
T074,08-09,2008-10-22,22,Not Open
T075,08-09,2008-10-22,22,Not Open
T076,08-09,2008-10-22,22,Not Open
T077,08-09,2008-10-22,22,Not Open
T078,08-09,2008-10-22,22,Not Open
T079,08-09,2008-10-22,22,Not Open
T080,08-09,2008-10-22,22,Not Open
T081,08-09,2008-10-22,22,Not Open
T083,08-09,2008-10-22,22,Not Open
T084,08-09,2008-10-22,22,Not Open
T085,08-09,2008-10-22,22,Not Open
T086,08-09,2008-10-22,22,Not Open
T087,08-09,2008-10-22,22,Not Open
T088,08-09,2008-10-22,22,Not Open
T089,08-09,2008-10-22,22,Not Open
T090,08-09,2008-10-22,22,Not Open
T091,08-09,2008-10-22,22,Not Open
T092,08-09,2008-10-22,22,Not Open
T127,08-09,2008-10-22,22,Not Open
T134,08-09,2008-10-22,22,Not Open
T135,08-09,2008-10-22,22,Not Open
T136,08-09,2008-10-22,22,Not Open
T137,08-09,2008-10-22,22,Not Open
T148,08-09,2008-10-22,22,Not Open
T151,08-09,2008-10-22,22,Not Open
T152,08-09,2008-10-22,22,Not Open
T156,08-09,2008-10-22,22,Not Open
T157,08-09,2008-10-22,22,Not Open
T002,08-09,2008-10-23,23,Not Open
T003,08-09,2008-10-23,23,Not Open
T004,08-09,2008-10-23,23,Not Open
T005,08-09,2008-10-23,23,Not Open
T006,08-09,2008-10-23,23,Not Open
T007,08-09,2008-10-23,23,Not Open
T008,08-09,2008-10-23,23,Not Open
T009,08-09,2008-10-23,23,Not Open
T010,08-09,2008-10-23,23,Not Open
T011,08-09,2008-10-23,23,Not Open
T012,08-09,2008-10-23,23,Not Open
T013,08-09,2008-10-23,23,Not Open
T015,08-09,2008-10-23,23,Not Open
T016,08-09,2008-10-23,23,Not Open
T017,08-09,2008-10-23,23,Not Open
T018,08-09,2008-10-23,23,Not Open
T019,08-09,2008-10-23,23,Not Open
T020,08-09,2008-10-23,23,Not Open
T021,08-09,2008-10-23,23,Not Open
T022,08-09,2008-10-23,23,Not Open
T023,08-09,2008-10-23,23,Not Open
T024,08-09,2008-10-23,23,Not Open
T025,08-09,2008-10-23,23,Not Open
T026,08-09,2008-10-23,23,Not Open
T027,08-09,2008-10-23,23,Not Open
T028,08-09,2008-10-23,23,Not Open
T029,08-09,2008-10-23,23,Not Open
T030,08-09,2008-10-23,23,Not Open
T031,08-09,2008-10-23,23,Not Open
T032,08-09,2008-10-23,23,Not Open
T033,08-09,2008-10-23,23,Not Open
T034,08-09,2008-10-23,23,Not Open
T035,08-09,2008-10-23,23,Not Open
T036,08-09,2008-10-23,23,Not Open
T037,08-09,2008-10-23,23,Not Open
T038,08-09,2008-10-23,23,Not Open
T039,08-09,2008-10-23,23,Not Open
T040,08-09,2008-10-23,23,Not Open
T042,08-09,2008-10-23,23,Not Open
T043,08-09,2008-10-23,23,Not Open
T044,08-09,2008-10-23,23,Not Open
T045,08-09,2008-10-23,23,Not Open
T046,08-09,2008-10-23,23,Not Open
T047,08-09,2008-10-23,23,Not Open
T061,08-09,2008-10-23,23,Not Open
T063,08-09,2008-10-23,23,Not Open
T064,08-09,2008-10-23,23,Not Open
T065,08-09,2008-10-23,23,Not Open
T066,08-09,2008-10-23,23,Not Open
T067,08-09,2008-10-23,23,Not Open
T068,08-09,2008-10-23,23,Not Open
T069,08-09,2008-10-23,23,Not Open
T070,08-09,2008-10-23,23,Not Open
T071,08-09,2008-10-23,23,Not Open
T072,08-09,2008-10-23,23,Not Open
T073,08-09,2008-10-23,23,Not Open
T074,08-09,2008-10-23,23,Not Open
T075,08-09,2008-10-23,23,Not Open
T076,08-09,2008-10-23,23,Not Open
T077,08-09,2008-10-23,23,Not Open
T078,08-09,2008-10-23,23,Not Open
T079,08-09,2008-10-23,23,Not Open
T080,08-09,2008-10-23,23,Not Open
T081,08-09,2008-10-23,23,Not Open
T083,08-09,2008-10-23,23,Not Open
T084,08-09,2008-10-23,23,Not Open
T085,08-09,2008-10-23,23,Not Open
T086,08-09,2008-10-23,23,Not Open
T087,08-09,2008-10-23,23,Not Open
T088,08-09,2008-10-23,23,Not Open
T089,08-09,2008-10-23,23,Not Open
T090,08-09,2008-10-23,23,Not Open
T091,08-09,2008-10-23,23,Not Open
T092,08-09,2008-10-23,23,Not Open
T127,08-09,2008-10-23,23,Not Open
T134,08-09,2008-10-23,23,Not Open
T135,08-09,2008-10-23,23,Not Open
T136,08-09,2008-10-23,23,Not Open
T137,08-09,2008-10-23,23,Not Open
T148,08-09,2008-10-23,23,Not Open
T151,08-09,2008-10-23,23,Not Open
T152,08-09,2008-10-23,23,Not Open
T156,08-09,2008-10-23,23,Not Open
T157,08-09,2008-10-23,23,Not Open
T002,08-09,2008-10-24,24,Not Open
T003,08-09,2008-10-24,24,Not Open
T004,08-09,2008-10-24,24,Not Open
T005,08-09,2008-10-24,24,Not Open
T006,08-09,2008-10-24,24,Not Open
T007,08-09,2008-10-24,24,Not Open
T008,08-09,2008-10-24,24,Not Open
T009,08-09,2008-10-24,24,Not Open
T010,08-09,2008-10-24,24,Not Open
T011,08-09,2008-10-24,24,Not Open
T012,08-09,2008-10-24,24,Not Open
T013,08-09,2008-10-24,24,Not Open
T015,08-09,2008-10-24,24,Not Open
T016,08-09,2008-10-24,24,Not Open
T017,08-09,2008-10-24,24,Not Open
T018,08-09,2008-10-24,24,Not Open
T019,08-09,2008-10-24,24,Not Open
T020,08-09,2008-10-24,24,Not Open
T021,08-09,2008-10-24,24,Not Open
T022,08-09,2008-10-24,24,Not Open
T023,08-09,2008-10-24,24,Not Open
T024,08-09,2008-10-24,24,Not Open
T025,08-09,2008-10-24,24,Not Open
T026,08-09,2008-10-24,24,Not Open
T027,08-09,2008-10-24,24,Not Open
T028,08-09,2008-10-24,24,Not Open
T029,08-09,2008-10-24,24,Not Open
T030,08-09,2008-10-24,24,Not Open
T031,08-09,2008-10-24,24,Not Open
T032,08-09,2008-10-24,24,Not Open
T033,08-09,2008-10-24,24,Not Open
T034,08-09,2008-10-24,24,Not Open
T035,08-09,2008-10-24,24,Not Open
T036,08-09,2008-10-24,24,Not Open
T037,08-09,2008-10-24,24,Not Open
T038,08-09,2008-10-24,24,Not Open
T039,08-09,2008-10-24,24,Not Open
T040,08-09,2008-10-24,24,Not Open
T042,08-09,2008-10-24,24,Not Open
T043,08-09,2008-10-24,24,Not Open
T044,08-09,2008-10-24,24,Not Open
T045,08-09,2008-10-24,24,Not Open
T046,08-09,2008-10-24,24,Not Open
T047,08-09,2008-10-24,24,Not Open
T061,08-09,2008-10-24,24,Not Open
T063,08-09,2008-10-24,24,Not Open
T064,08-09,2008-10-24,24,Not Open
T065,08-09,2008-10-24,24,Not Open
T066,08-09,2008-10-24,24,Not Open
T067,08-09,2008-10-24,24,Not Open
T068,08-09,2008-10-24,24,Not Open
T069,08-09,2008-10-24,24,Not Open
T070,08-09,2008-10-24,24,Not Open
T071,08-09,2008-10-24,24,Not Open
T072,08-09,2008-10-24,24,Not Open
T073,08-09,2008-10-24,24,Not Open
T074,08-09,2008-10-24,24,Not Open
T075,08-09,2008-10-24,24,Not Open
T076,08-09,2008-10-24,24,Not Open
T077,08-09,2008-10-24,24,Not Open
T078,08-09,2008-10-24,24,Not Open
T079,08-09,2008-10-24,24,Not Open
T080,08-09,2008-10-24,24,Not Open
T081,08-09,2008-10-24,24,Not Open
T083,08-09,2008-10-24,24,Not Open
T084,08-09,2008-10-24,24,Not Open
T085,08-09,2008-10-24,24,Not Open
T086,08-09,2008-10-24,24,Not Open
T087,08-09,2008-10-24,24,Not Open
T088,08-09,2008-10-24,24,Not Open
T089,08-09,2008-10-24,24,Not Open
T090,08-09,2008-10-24,24,Not Open
T091,08-09,2008-10-24,24,Not Open
T092,08-09,2008-10-24,24,Not Open
T127,08-09,2008-10-24,24,Not Open
T134,08-09,2008-10-24,24,Not Open
T135,08-09,2008-10-24,24,Not Open
T136,08-09,2008-10-24,24,Not Open
T137,08-09,2008-10-24,24,Not Open
T148,08-09,2008-10-24,24,Not Open
T151,08-09,2008-10-24,24,Not Open
T152,08-09,2008-10-24,24,Not Open
T156,08-09,2008-10-24,24,Not Open
T157,08-09,2008-10-24,24,Not Open
T002,08-09,2008-10-25,25,Not Open
T003,08-09,2008-10-25,25,Not Open
T004,08-09,2008-10-25,25,Not Open
T005,08-09,2008-10-25,25,Not Open
T006,08-09,2008-10-25,25,Not Open
T007,08-09,2008-10-25,25,Not Open
T008,08-09,2008-10-25,25,Not Open
T009,08-09,2008-10-25,25,Not Open
T010,08-09,2008-10-25,25,Not Open
T011,08-09,2008-10-25,25,Not Open
T012,08-09,2008-10-25,25,Not Open
T013,08-09,2008-10-25,25,Not Open
T015,08-09,2008-10-25,25,Not Open
T016,08-09,2008-10-25,25,Not Open
T017,08-09,2008-10-25,25,Not Open
T018,08-09,2008-10-25,25,Not Open
T019,08-09,2008-10-25,25,Not Open
T020,08-09,2008-10-25,25,Not Open
T021,08-09,2008-10-25,25,Not Open
T022,08-09,2008-10-25,25,Not Open
T023,08-09,2008-10-25,25,Not Open
T024,08-09,2008-10-25,25,Not Open
T025,08-09,2008-10-25,25,Not Open
T026,08-09,2008-10-25,25,Not Open
T027,08-09,2008-10-25,25,Not Open
T028,08-09,2008-10-25,25,Not Open
T029,08-09,2008-10-25,25,Not Open
T030,08-09,2008-10-25,25,Not Open
T031,08-09,2008-10-25,25,Not Open
T032,08-09,2008-10-25,25,Not Open
T033,08-09,2008-10-25,25,Not Open
T034,08-09,2008-10-25,25,Not Open
T035,08-09,2008-10-25,25,Not Open
T036,08-09,2008-10-25,25,Not Open
T037,08-09,2008-10-25,25,Not Open
T038,08-09,2008-10-25,25,Not Open
T039,08-09,2008-10-25,25,Not Open
T040,08-09,2008-10-25,25,Not Open
T042,08-09,2008-10-25,25,Not Open
T043,08-09,2008-10-25,25,Not Open
T044,08-09,2008-10-25,25,Not Open
T045,08-09,2008-10-25,25,Not Open
T046,08-09,2008-10-25,25,Not Open
T047,08-09,2008-10-25,25,Not Open
T061,08-09,2008-10-25,25,Not Open
T063,08-09,2008-10-25,25,Not Open
T064,08-09,2008-10-25,25,Not Open
T065,08-09,2008-10-25,25,Not Open
T066,08-09,2008-10-25,25,Not Open
T067,08-09,2008-10-25,25,Not Open
T068,08-09,2008-10-25,25,Not Open
T069,08-09,2008-10-25,25,Not Open
T070,08-09,2008-10-25,25,Not Open
T071,08-09,2008-10-25,25,Not Open
T072,08-09,2008-10-25,25,Not Open
T073,08-09,2008-10-25,25,Not Open
T074,08-09,2008-10-25,25,Not Open
T075,08-09,2008-10-25,25,Not Open
T076,08-09,2008-10-25,25,Not Open
T077,08-09,2008-10-25,25,Not Open
T078,08-09,2008-10-25,25,Not Open
T079,08-09,2008-10-25,25,Not Open
T080,08-09,2008-10-25,25,Not Open
T081,08-09,2008-10-25,25,Not Open
T083,08-09,2008-10-25,25,Not Open
T084,08-09,2008-10-25,25,Not Open
T085,08-09,2008-10-25,25,Not Open
T086,08-09,2008-10-25,25,Not Open
T087,08-09,2008-10-25,25,Not Open
T088,08-09,2008-10-25,25,Not Open
T089,08-09,2008-10-25,25,Not Open
T090,08-09,2008-10-25,25,Not Open
T091,08-09,2008-10-25,25,Not Open
T092,08-09,2008-10-25,25,Not Open
T127,08-09,2008-10-25,25,Not Open
T134,08-09,2008-10-25,25,Not Open
T135,08-09,2008-10-25,25,Not Open
T136,08-09,2008-10-25,25,Not Open
T137,08-09,2008-10-25,25,Not Open
T148,08-09,2008-10-25,25,Not Open
T151,08-09,2008-10-25,25,Not Open
T152,08-09,2008-10-25,25,Not Open
T156,08-09,2008-10-25,25,Not Open
T157,08-09,2008-10-25,25,Not Open
T002,08-09,2008-10-26,26,Not Open
T003,08-09,2008-10-26,26,Not Open
T004,08-09,2008-10-26,26,Not Open
T005,08-09,2008-10-26,26,Not Open
T006,08-09,2008-10-26,26,Not Open
T007,08-09,2008-10-26,26,Not Open
T008,08-09,2008-10-26,26,Not Open
T009,08-09,2008-10-26,26,Not Open
T010,08-09,2008-10-26,26,Not Open
T011,08-09,2008-10-26,26,Not Open
T012,08-09,2008-10-26,26,Not Open
T013,08-09,2008-10-26,26,Not Open
T015,08-09,2008-10-26,26,Not Open
T016,08-09,2008-10-26,26,Not Open
T017,08-09,2008-10-26,26,Not Open
T018,08-09,2008-10-26,26,Not Open
T019,08-09,2008-10-26,26,Not Open
T020,08-09,2008-10-26,26,Not Open
T021,08-09,2008-10-26,26,Not Open
T022,08-09,2008-10-26,26,Not Open
T023,08-09,2008-10-26,26,Not Open
T024,08-09,2008-10-26,26,Not Open
T025,08-09,2008-10-26,26,Not Open
T026,08-09,2008-10-26,26,Not Open
T027,08-09,2008-10-26,26,Not Open
T028,08-09,2008-10-26,26,Not Open
T029,08-09,2008-10-26,26,Not Open
T030,08-09,2008-10-26,26,Not Open
T031,08-09,2008-10-26,26,Not Open
T032,08-09,2008-10-26,26,Not Open
T033,08-09,2008-10-26,26,Not Open
T034,08-09,2008-10-26,26,Not Open
T035,08-09,2008-10-26,26,Not Open
T036,08-09,2008-10-26,26,Not Open
T037,08-09,2008-10-26,26,Not Open
T038,08-09,2008-10-26,26,Not Open
T039,08-09,2008-10-26,26,Not Open
T040,08-09,2008-10-26,26,Not Open
T042,08-09,2008-10-26,26,Not Open
T043,08-09,2008-10-26,26,Not Open
T044,08-09,2008-10-26,26,Not Open
T045,08-09,2008-10-26,26,Not Open
T046,08-09,2008-10-26,26,Not Open
T047,08-09,2008-10-26,26,Not Open
T061,08-09,2008-10-26,26,Not Open
T063,08-09,2008-10-26,26,Not Open
T064,08-09,2008-10-26,26,Not Open
T065,08-09,2008-10-26,26,Not Open
T066,08-09,2008-10-26,26,Not Open
T067,08-09,2008-10-26,26,Not Open
T068,08-09,2008-10-26,26,Not Open
T069,08-09,2008-10-26,26,Not Open
T070,08-09,2008-10-26,26,Not Open
T071,08-09,2008-10-26,26,Not Open
T072,08-09,2008-10-26,26,Not Open
T073,08-09,2008-10-26,26,Not Open
T074,08-09,2008-10-26,26,Not Open
T075,08-09,2008-10-26,26,Not Open
T076,08-09,2008-10-26,26,Not Open
T077,08-09,2008-10-26,26,Not Open
T078,08-09,2008-10-26,26,Not Open
T079,08-09,2008-10-26,26,Not Open
T080,08-09,2008-10-26,26,Not Open
T081,08-09,2008-10-26,26,Not Open
T083,08-09,2008-10-26,26,Not Open
T084,08-09,2008-10-26,26,Not Open
T085,08-09,2008-10-26,26,Not Open
T086,08-09,2008-10-26,26,Not Open
T087,08-09,2008-10-26,26,Not Open
T088,08-09,2008-10-26,26,Not Open
T089,08-09,2008-10-26,26,Not Open
T090,08-09,2008-10-26,26,Not Open
T091,08-09,2008-10-26,26,Not Open
T092,08-09,2008-10-26,26,Not Open
T127,08-09,2008-10-26,26,Not Open
T134,08-09,2008-10-26,26,Not Open
T135,08-09,2008-10-26,26,Not Open
T136,08-09,2008-10-26,26,Not Open
T137,08-09,2008-10-26,26,Not Open
T148,08-09,2008-10-26,26,Not Open
T151,08-09,2008-10-26,26,Not Open
T152,08-09,2008-10-26,26,Not Open
T156,08-09,2008-10-26,26,Not Open
T157,08-09,2008-10-26,26,Not Open
T002,08-09,2008-10-27,27,Not Open
T003,08-09,2008-10-27,27,Not Open
T004,08-09,2008-10-27,27,Not Open
T005,08-09,2008-10-27,27,Not Open
T006,08-09,2008-10-27,27,Not Open
T007,08-09,2008-10-27,27,Not Open
T008,08-09,2008-10-27,27,Not Open
T009,08-09,2008-10-27,27,Not Open
T010,08-09,2008-10-27,27,Not Open
T011,08-09,2008-10-27,27,Not Open
T012,08-09,2008-10-27,27,Not Open
T013,08-09,2008-10-27,27,Not Open
T015,08-09,2008-10-27,27,Not Open
T016,08-09,2008-10-27,27,Not Open
T017,08-09,2008-10-27,27,Not Open
T018,08-09,2008-10-27,27,Not Open
T019,08-09,2008-10-27,27,Not Open
T020,08-09,2008-10-27,27,Not Open
T021,08-09,2008-10-27,27,Not Open
T022,08-09,2008-10-27,27,Not Open
T023,08-09,2008-10-27,27,Not Open
T024,08-09,2008-10-27,27,Not Open
T025,08-09,2008-10-27,27,Not Open
T026,08-09,2008-10-27,27,Not Open
T027,08-09,2008-10-27,27,Not Open
T028,08-09,2008-10-27,27,Not Open
T029,08-09,2008-10-27,27,Not Open
T030,08-09,2008-10-27,27,Not Open
T031,08-09,2008-10-27,27,Not Open
T032,08-09,2008-10-27,27,Not Open
T033,08-09,2008-10-27,27,Not Open
T034,08-09,2008-10-27,27,Not Open
T035,08-09,2008-10-27,27,Not Open
T036,08-09,2008-10-27,27,Not Open
T037,08-09,2008-10-27,27,Not Open
T038,08-09,2008-10-27,27,Not Open
T039,08-09,2008-10-27,27,Not Open
T040,08-09,2008-10-27,27,Not Open
T042,08-09,2008-10-27,27,Not Open
T043,08-09,2008-10-27,27,Not Open
T044,08-09,2008-10-27,27,Not Open
T045,08-09,2008-10-27,27,Not Open
T046,08-09,2008-10-27,27,Not Open
T047,08-09,2008-10-27,27,Not Open
T061,08-09,2008-10-27,27,Not Open
T063,08-09,2008-10-27,27,Not Open
T064,08-09,2008-10-27,27,Not Open
T065,08-09,2008-10-27,27,Not Open
T066,08-09,2008-10-27,27,Not Open
T067,08-09,2008-10-27,27,Not Open
T068,08-09,2008-10-27,27,Not Open
T069,08-09,2008-10-27,27,Not Open
T070,08-09,2008-10-27,27,Not Open
T071,08-09,2008-10-27,27,Not Open
T072,08-09,2008-10-27,27,Not Open
T073,08-09,2008-10-27,27,Not Open
T074,08-09,2008-10-27,27,Not Open
T075,08-09,2008-10-27,27,Not Open
T076,08-09,2008-10-27,27,Not Open
T077,08-09,2008-10-27,27,Not Open
T078,08-09,2008-10-27,27,Not Open
T079,08-09,2008-10-27,27,Not Open
T080,08-09,2008-10-27,27,Not Open
T081,08-09,2008-10-27,27,Not Open
T083,08-09,2008-10-27,27,Not Open
T084,08-09,2008-10-27,27,Not Open
T085,08-09,2008-10-27,27,Not Open
T086,08-09,2008-10-27,27,Not Open
T087,08-09,2008-10-27,27,Not Open
T088,08-09,2008-10-27,27,Not Open
T089,08-09,2008-10-27,27,Not Open
T090,08-09,2008-10-27,27,Not Open
T091,08-09,2008-10-27,27,Not Open
T092,08-09,2008-10-27,27,Not Open
T127,08-09,2008-10-27,27,Not Open
T134,08-09,2008-10-27,27,Not Open
T135,08-09,2008-10-27,27,Not Open
T136,08-09,2008-10-27,27,Not Open
T137,08-09,2008-10-27,27,Not Open
T148,08-09,2008-10-27,27,Not Open
T151,08-09,2008-10-27,27,Not Open
T152,08-09,2008-10-27,27,Not Open
T156,08-09,2008-10-27,27,Not Open
T157,08-09,2008-10-27,27,Not Open
T002,08-09,2008-10-28,28,Not Open
T003,08-09,2008-10-28,28,Not Open
T004,08-09,2008-10-28,28,Not Open
T005,08-09,2008-10-28,28,Not Open
T006,08-09,2008-10-28,28,Not Open
T007,08-09,2008-10-28,28,Not Open
T008,08-09,2008-10-28,28,Not Open
T009,08-09,2008-10-28,28,Not Open
T010,08-09,2008-10-28,28,Not Open
T011,08-09,2008-10-28,28,Not Open
T012,08-09,2008-10-28,28,Not Open
T013,08-09,2008-10-28,28,Not Open
T015,08-09,2008-10-28,28,Not Open
T016,08-09,2008-10-28,28,Not Open
T017,08-09,2008-10-28,28,Not Open
T018,08-09,2008-10-28,28,Not Open
T019,08-09,2008-10-28,28,Not Open
T020,08-09,2008-10-28,28,Not Open
T021,08-09,2008-10-28,28,Not Open
T022,08-09,2008-10-28,28,Not Open
T023,08-09,2008-10-28,28,Not Open
T024,08-09,2008-10-28,28,Not Open
T025,08-09,2008-10-28,28,Not Open
T026,08-09,2008-10-28,28,Not Open
T027,08-09,2008-10-28,28,Not Open
T028,08-09,2008-10-28,28,Not Open
T029,08-09,2008-10-28,28,Not Open
T030,08-09,2008-10-28,28,Not Open
T031,08-09,2008-10-28,28,Not Open
T032,08-09,2008-10-28,28,Not Open
T033,08-09,2008-10-28,28,Not Open
T034,08-09,2008-10-28,28,Not Open
T035,08-09,2008-10-28,28,Not Open
T036,08-09,2008-10-28,28,Not Open
T037,08-09,2008-10-28,28,Not Open
T038,08-09,2008-10-28,28,Not Open
T039,08-09,2008-10-28,28,Not Open
T040,08-09,2008-10-28,28,Not Open
T042,08-09,2008-10-28,28,Not Open
T043,08-09,2008-10-28,28,Not Open
T044,08-09,2008-10-28,28,Not Open
T045,08-09,2008-10-28,28,Not Open
T046,08-09,2008-10-28,28,Not Open
T047,08-09,2008-10-28,28,Not Open
T061,08-09,2008-10-28,28,Not Open
T063,08-09,2008-10-28,28,Not Open
T064,08-09,2008-10-28,28,Not Open
T065,08-09,2008-10-28,28,Not Open
T066,08-09,2008-10-28,28,Not Open
T067,08-09,2008-10-28,28,Not Open
T068,08-09,2008-10-28,28,Not Open
T069,08-09,2008-10-28,28,Not Open
T070,08-09,2008-10-28,28,Not Open
T071,08-09,2008-10-28,28,Not Open
T072,08-09,2008-10-28,28,Not Open
T073,08-09,2008-10-28,28,Not Open
T074,08-09,2008-10-28,28,Not Open
T075,08-09,2008-10-28,28,Not Open
T076,08-09,2008-10-28,28,Not Open
T077,08-09,2008-10-28,28,Not Open
T078,08-09,2008-10-28,28,Not Open
T079,08-09,2008-10-28,28,Not Open
T080,08-09,2008-10-28,28,Not Open
T081,08-09,2008-10-28,28,Not Open
T083,08-09,2008-10-28,28,Not Open
T084,08-09,2008-10-28,28,Not Open
T085,08-09,2008-10-28,28,Not Open
T086,08-09,2008-10-28,28,Not Open
T087,08-09,2008-10-28,28,Not Open
T088,08-09,2008-10-28,28,Not Open
T089,08-09,2008-10-28,28,Not Open
T090,08-09,2008-10-28,28,Not Open
T091,08-09,2008-10-28,28,Not Open
T092,08-09,2008-10-28,28,Not Open
T127,08-09,2008-10-28,28,Not Open
T134,08-09,2008-10-28,28,Not Open
T135,08-09,2008-10-28,28,Not Open
T136,08-09,2008-10-28,28,Not Open
T137,08-09,2008-10-28,28,Not Open
T148,08-09,2008-10-28,28,Not Open
T151,08-09,2008-10-28,28,Not Open
T152,08-09,2008-10-28,28,Not Open
T156,08-09,2008-10-28,28,Not Open
T157,08-09,2008-10-28,28,Not Open
T002,08-09,2008-10-29,29,Not Open
T003,08-09,2008-10-29,29,Not Open
T004,08-09,2008-10-29,29,Not Open
T005,08-09,2008-10-29,29,Not Open
T006,08-09,2008-10-29,29,Not Open
T007,08-09,2008-10-29,29,Not Open
T008,08-09,2008-10-29,29,Not Open
T009,08-09,2008-10-29,29,Not Open
T010,08-09,2008-10-29,29,Not Open
T011,08-09,2008-10-29,29,Not Open
T012,08-09,2008-10-29,29,Not Open
T013,08-09,2008-10-29,29,Not Open
T015,08-09,2008-10-29,29,Not Open
T016,08-09,2008-10-29,29,Not Open
T017,08-09,2008-10-29,29,Not Open
T018,08-09,2008-10-29,29,Not Open
T019,08-09,2008-10-29,29,Not Open
T020,08-09,2008-10-29,29,Not Open
T021,08-09,2008-10-29,29,Not Open
T022,08-09,2008-10-29,29,Not Open
T023,08-09,2008-10-29,29,Not Open
T024,08-09,2008-10-29,29,Not Open
T025,08-09,2008-10-29,29,Not Open
T026,08-09,2008-10-29,29,Not Open
T027,08-09,2008-10-29,29,Not Open
T028,08-09,2008-10-29,29,Not Open
T029,08-09,2008-10-29,29,Not Open
T030,08-09,2008-10-29,29,Not Open
T031,08-09,2008-10-29,29,Not Open
T032,08-09,2008-10-29,29,Not Open
T033,08-09,2008-10-29,29,Not Open
T034,08-09,2008-10-29,29,Not Open
T035,08-09,2008-10-29,29,Not Open
T036,08-09,2008-10-29,29,Not Open
T037,08-09,2008-10-29,29,Not Open
T038,08-09,2008-10-29,29,Not Open
T039,08-09,2008-10-29,29,Not Open
T040,08-09,2008-10-29,29,Not Open
T042,08-09,2008-10-29,29,Not Open
T043,08-09,2008-10-29,29,Not Open
T044,08-09,2008-10-29,29,Not Open
T045,08-09,2008-10-29,29,Not Open
T046,08-09,2008-10-29,29,Not Open
T047,08-09,2008-10-29,29,Not Open
T061,08-09,2008-10-29,29,Not Open
T063,08-09,2008-10-29,29,Not Open
T064,08-09,2008-10-29,29,Not Open
T065,08-09,2008-10-29,29,Not Open
T066,08-09,2008-10-29,29,Not Open
T067,08-09,2008-10-29,29,Not Open
T068,08-09,2008-10-29,29,Not Open
T069,08-09,2008-10-29,29,Not Open
T070,08-09,2008-10-29,29,Not Open
T071,08-09,2008-10-29,29,Not Open
T072,08-09,2008-10-29,29,Not Open
T073,08-09,2008-10-29,29,Not Open
T074,08-09,2008-10-29,29,Not Open
T075,08-09,2008-10-29,29,Not Open
T076,08-09,2008-10-29,29,Not Open
T077,08-09,2008-10-29,29,Not Open
T078,08-09,2008-10-29,29,Not Open
T079,08-09,2008-10-29,29,Not Open
T080,08-09,2008-10-29,29,Not Open
T081,08-09,2008-10-29,29,Not Open
T083,08-09,2008-10-29,29,Not Open
T084,08-09,2008-10-29,29,Not Open
T085,08-09,2008-10-29,29,Not Open
T086,08-09,2008-10-29,29,Not Open
T087,08-09,2008-10-29,29,Not Open
T088,08-09,2008-10-29,29,Not Open
T089,08-09,2008-10-29,29,Not Open
T090,08-09,2008-10-29,29,Not Open
T091,08-09,2008-10-29,29,Not Open
T092,08-09,2008-10-29,29,Not Open
T127,08-09,2008-10-29,29,Not Open
T134,08-09,2008-10-29,29,Not Open
T135,08-09,2008-10-29,29,Not Open
T136,08-09,2008-10-29,29,Not Open
T137,08-09,2008-10-29,29,Not Open
T148,08-09,2008-10-29,29,Not Open
T151,08-09,2008-10-29,29,Not Open
T152,08-09,2008-10-29,29,Not Open
T156,08-09,2008-10-29,29,Not Open
T157,08-09,2008-10-29,29,Not Open
T002,08-09,2008-10-30,30,Not Open
T003,08-09,2008-10-30,30,Not Open
T004,08-09,2008-10-30,30,Not Open
T005,08-09,2008-10-30,30,Not Open
T006,08-09,2008-10-30,30,Not Open
T007,08-09,2008-10-30,30,Not Open
T008,08-09,2008-10-30,30,Not Open
T009,08-09,2008-10-30,30,Not Open
T010,08-09,2008-10-30,30,Not Open
T011,08-09,2008-10-30,30,Not Open
T012,08-09,2008-10-30,30,Not Open
T013,08-09,2008-10-30,30,Not Open
T015,08-09,2008-10-30,30,Not Open
T016,08-09,2008-10-30,30,Not Open
T017,08-09,2008-10-30,30,Not Open
T018,08-09,2008-10-30,30,Not Open
T019,08-09,2008-10-30,30,Not Open
T020,08-09,2008-10-30,30,Not Open
T021,08-09,2008-10-30,30,Not Open
T022,08-09,2008-10-30,30,Not Open
T023,08-09,2008-10-30,30,Not Open
T024,08-09,2008-10-30,30,Not Open
T025,08-09,2008-10-30,30,Not Open
T026,08-09,2008-10-30,30,Not Open
T027,08-09,2008-10-30,30,Not Open
T028,08-09,2008-10-30,30,Not Open
T029,08-09,2008-10-30,30,Not Open
T030,08-09,2008-10-30,30,Not Open
T031,08-09,2008-10-30,30,Not Open
T032,08-09,2008-10-30,30,Not Open
T033,08-09,2008-10-30,30,Not Open
T034,08-09,2008-10-30,30,Not Open
T035,08-09,2008-10-30,30,Not Open
T036,08-09,2008-10-30,30,Not Open
T037,08-09,2008-10-30,30,Not Open
T038,08-09,2008-10-30,30,Not Open
T039,08-09,2008-10-30,30,Not Open
T040,08-09,2008-10-30,30,Not Open
T042,08-09,2008-10-30,30,Not Open
T043,08-09,2008-10-30,30,Not Open
T044,08-09,2008-10-30,30,Not Open
T045,08-09,2008-10-30,30,Not Open
T046,08-09,2008-10-30,30,Not Open
T047,08-09,2008-10-30,30,Not Open
T061,08-09,2008-10-30,30,Not Open
T063,08-09,2008-10-30,30,Not Open
T064,08-09,2008-10-30,30,Not Open
T065,08-09,2008-10-30,30,Not Open
T066,08-09,2008-10-30,30,Not Open
T067,08-09,2008-10-30,30,Not Open
T068,08-09,2008-10-30,30,Not Open
T069,08-09,2008-10-30,30,Not Open
T070,08-09,2008-10-30,30,Not Open
T071,08-09,2008-10-30,30,Not Open
T072,08-09,2008-10-30,30,Not Open
T073,08-09,2008-10-30,30,Not Open
T074,08-09,2008-10-30,30,Not Open
T075,08-09,2008-10-30,30,Not Open
T076,08-09,2008-10-30,30,Not Open
T077,08-09,2008-10-30,30,Not Open
T078,08-09,2008-10-30,30,Not Open
T079,08-09,2008-10-30,30,Not Open
T080,08-09,2008-10-30,30,Not Open
T081,08-09,2008-10-30,30,Not Open
T083,08-09,2008-10-30,30,Not Open
T084,08-09,2008-10-30,30,Not Open
T085,08-09,2008-10-30,30,Not Open
T086,08-09,2008-10-30,30,Not Open
T087,08-09,2008-10-30,30,Not Open
T088,08-09,2008-10-30,30,Not Open
T089,08-09,2008-10-30,30,Not Open
T090,08-09,2008-10-30,30,Not Open
T091,08-09,2008-10-30,30,Not Open
T092,08-09,2008-10-30,30,Not Open
T127,08-09,2008-10-30,30,Not Open
T134,08-09,2008-10-30,30,Not Open
T135,08-09,2008-10-30,30,Not Open
T136,08-09,2008-10-30,30,Not Open
T137,08-09,2008-10-30,30,Not Open
T148,08-09,2008-10-30,30,Not Open
T151,08-09,2008-10-30,30,Not Open
T152,08-09,2008-10-30,30,Not Open
T156,08-09,2008-10-30,30,Not Open
T157,08-09,2008-10-30,30,Not Open
T002,08-09,2008-10-31,31,Not Open
T003,08-09,2008-10-31,31,Not Open
T004,08-09,2008-10-31,31,Not Open
T005,08-09,2008-10-31,31,Not Open
T006,08-09,2008-10-31,31,Not Open
T007,08-09,2008-10-31,31,Not Open
T008,08-09,2008-10-31,31,Not Open
T009,08-09,2008-10-31,31,Not Open
T010,08-09,2008-10-31,31,Not Open
T011,08-09,2008-10-31,31,Not Open
T012,08-09,2008-10-31,31,Not Open
T013,08-09,2008-10-31,31,Not Open
T015,08-09,2008-10-31,31,Not Open
T016,08-09,2008-10-31,31,Not Open
T017,08-09,2008-10-31,31,Not Open
T018,08-09,2008-10-31,31,Not Open
T019,08-09,2008-10-31,31,Not Open
T020,08-09,2008-10-31,31,Not Open
T021,08-09,2008-10-31,31,Not Open
T022,08-09,2008-10-31,31,Not Open
T023,08-09,2008-10-31,31,Not Open
T024,08-09,2008-10-31,31,Not Open
T025,08-09,2008-10-31,31,Not Open
T026,08-09,2008-10-31,31,Not Open
T027,08-09,2008-10-31,31,Not Open
T028,08-09,2008-10-31,31,Not Open
T029,08-09,2008-10-31,31,Not Open
T030,08-09,2008-10-31,31,Not Open
T031,08-09,2008-10-31,31,Not Open
T032,08-09,2008-10-31,31,Not Open
T033,08-09,2008-10-31,31,Not Open
T034,08-09,2008-10-31,31,Not Open
T035,08-09,2008-10-31,31,Not Open
T036,08-09,2008-10-31,31,Not Open
T037,08-09,2008-10-31,31,Not Open
T038,08-09,2008-10-31,31,Not Open
T039,08-09,2008-10-31,31,Not Open
T040,08-09,2008-10-31,31,Not Open
T042,08-09,2008-10-31,31,Not Open
T043,08-09,2008-10-31,31,Not Open
T044,08-09,2008-10-31,31,Not Open
T045,08-09,2008-10-31,31,Not Open
T046,08-09,2008-10-31,31,Not Open
T047,08-09,2008-10-31,31,Not Open
T061,08-09,2008-10-31,31,Not Open
T063,08-09,2008-10-31,31,Not Open
T064,08-09,2008-10-31,31,Not Open
T065,08-09,2008-10-31,31,Not Open
T066,08-09,2008-10-31,31,Not Open
T067,08-09,2008-10-31,31,Not Open
T068,08-09,2008-10-31,31,Not Open
T069,08-09,2008-10-31,31,Not Open
T070,08-09,2008-10-31,31,Not Open
T071,08-09,2008-10-31,31,Not Open
T072,08-09,2008-10-31,31,Not Open
T073,08-09,2008-10-31,31,Not Open
T074,08-09,2008-10-31,31,Not Open
T075,08-09,2008-10-31,31,Not Open
T076,08-09,2008-10-31,31,Not Open
T077,08-09,2008-10-31,31,Not Open
T078,08-09,2008-10-31,31,Not Open
T079,08-09,2008-10-31,31,Not Open
T080,08-09,2008-10-31,31,Not Open
T081,08-09,2008-10-31,31,Not Open
T083,08-09,2008-10-31,31,Not Open
T084,08-09,2008-10-31,31,Not Open
T085,08-09,2008-10-31,31,Not Open
T086,08-09,2008-10-31,31,Not Open
T087,08-09,2008-10-31,31,Not Open
T088,08-09,2008-10-31,31,Not Open
T089,08-09,2008-10-31,31,Not Open
T090,08-09,2008-10-31,31,Not Open
T091,08-09,2008-10-31,31,Not Open
T092,08-09,2008-10-31,31,Not Open
T127,08-09,2008-10-31,31,Not Open
T134,08-09,2008-10-31,31,Not Open
T135,08-09,2008-10-31,31,Not Open
T136,08-09,2008-10-31,31,Not Open
T137,08-09,2008-10-31,31,Not Open
T148,08-09,2008-10-31,31,Not Open
T151,08-09,2008-10-31,31,Not Open
T152,08-09,2008-10-31,31,Not Open
T156,08-09,2008-10-31,31,Not Open
T157,08-09,2008-10-31,31,Not Open
T002,08-09,2008-11-01,32,Not Open
T003,08-09,2008-11-01,32,Not Open
T004,08-09,2008-11-01,32,Not Open
T005,08-09,2008-11-01,32,Not Open
T006,08-09,2008-11-01,32,Not Open
T007,08-09,2008-11-01,32,Not Open
T008,08-09,2008-11-01,32,Not Open
T009,08-09,2008-11-01,32,Not Open
T010,08-09,2008-11-01,32,Not Open
T011,08-09,2008-11-01,32,Not Open
T012,08-09,2008-11-01,32,Not Open
T013,08-09,2008-11-01,32,Not Open
T015,08-09,2008-11-01,32,Not Open
T016,08-09,2008-11-01,32,Not Open
T017,08-09,2008-11-01,32,Not Open
T018,08-09,2008-11-01,32,Not Open
T019,08-09,2008-11-01,32,Not Open
T020,08-09,2008-11-01,32,Not Open
T021,08-09,2008-11-01,32,Not Open
T022,08-09,2008-11-01,32,Not Open
T023,08-09,2008-11-01,32,Not Open
T024,08-09,2008-11-01,32,Not Open
T025,08-09,2008-11-01,32,Not Open
T026,08-09,2008-11-01,32,Not Open
T027,08-09,2008-11-01,32,Not Open
T028,08-09,2008-11-01,32,Not Open
T029,08-09,2008-11-01,32,Not Open
T030,08-09,2008-11-01,32,Not Open
T031,08-09,2008-11-01,32,Not Open
T032,08-09,2008-11-01,32,Not Open
T033,08-09,2008-11-01,32,Not Open
T034,08-09,2008-11-01,32,Not Open
T035,08-09,2008-11-01,32,Not Open
T036,08-09,2008-11-01,32,Not Open
T037,08-09,2008-11-01,32,Not Open
T038,08-09,2008-11-01,32,Not Open
T039,08-09,2008-11-01,32,Not Open
T040,08-09,2008-11-01,32,Not Open
T042,08-09,2008-11-01,32,Not Open
T043,08-09,2008-11-01,32,Not Open
T044,08-09,2008-11-01,32,Not Open
T045,08-09,2008-11-01,32,Not Open
T046,08-09,2008-11-01,32,Not Open
T047,08-09,2008-11-01,32,Not Open
T061,08-09,2008-11-01,32,Not Open
T063,08-09,2008-11-01,32,Not Open
T064,08-09,2008-11-01,32,Not Open
T065,08-09,2008-11-01,32,Not Open
T066,08-09,2008-11-01,32,Not Open
T067,08-09,2008-11-01,32,Not Open
T068,08-09,2008-11-01,32,Not Open
T069,08-09,2008-11-01,32,Not Open
T070,08-09,2008-11-01,32,Not Open
T071,08-09,2008-11-01,32,Not Open
T072,08-09,2008-11-01,32,Not Open
T073,08-09,2008-11-01,32,Not Open
T074,08-09,2008-11-01,32,Not Open
T075,08-09,2008-11-01,32,Not Open
T076,08-09,2008-11-01,32,Not Open
T077,08-09,2008-11-01,32,Not Open
T078,08-09,2008-11-01,32,Not Open
T079,08-09,2008-11-01,32,Not Open
T080,08-09,2008-11-01,32,Not Open
T081,08-09,2008-11-01,32,Not Open
T083,08-09,2008-11-01,32,Not Open
T084,08-09,2008-11-01,32,Not Open
T085,08-09,2008-11-01,32,Not Open
T086,08-09,2008-11-01,32,Not Open
T087,08-09,2008-11-01,32,Not Open
T088,08-09,2008-11-01,32,Not Open
T089,08-09,2008-11-01,32,Not Open
T090,08-09,2008-11-01,32,Not Open
T091,08-09,2008-11-01,32,Not Open
T092,08-09,2008-11-01,32,Not Open
T127,08-09,2008-11-01,32,Not Open
T134,08-09,2008-11-01,32,Not Open
T135,08-09,2008-11-01,32,Not Open
T136,08-09,2008-11-01,32,Not Open
T137,08-09,2008-11-01,32,Not Open
T148,08-09,2008-11-01,32,Not Open
T151,08-09,2008-11-01,32,Not Open
T152,08-09,2008-11-01,32,Not Open
T156,08-09,2008-11-01,32,Not Open
T157,08-09,2008-11-01,32,Not Open
T002,08-09,2008-11-02,33,Not Open
T003,08-09,2008-11-02,33,Not Open
T004,08-09,2008-11-02,33,Not Open
T005,08-09,2008-11-02,33,Not Open
T006,08-09,2008-11-02,33,Not Open
T007,08-09,2008-11-02,33,Not Open
T008,08-09,2008-11-02,33,Not Open
T009,08-09,2008-11-02,33,Not Open
T010,08-09,2008-11-02,33,Not Open
T011,08-09,2008-11-02,33,Not Open
T012,08-09,2008-11-02,33,Not Open
T013,08-09,2008-11-02,33,Not Open
T015,08-09,2008-11-02,33,Not Open
T016,08-09,2008-11-02,33,Not Open
T017,08-09,2008-11-02,33,Not Open
T018,08-09,2008-11-02,33,Not Open
T019,08-09,2008-11-02,33,Not Open
T020,08-09,2008-11-02,33,Not Open
T021,08-09,2008-11-02,33,Not Open
T022,08-09,2008-11-02,33,Not Open
T023,08-09,2008-11-02,33,Not Open
T024,08-09,2008-11-02,33,Not Open
T025,08-09,2008-11-02,33,Not Open
T026,08-09,2008-11-02,33,Not Open
T027,08-09,2008-11-02,33,Not Open
T028,08-09,2008-11-02,33,Not Open
T029,08-09,2008-11-02,33,Not Open
T030,08-09,2008-11-02,33,Not Open
T031,08-09,2008-11-02,33,Not Open
T032,08-09,2008-11-02,33,Not Open
T033,08-09,2008-11-02,33,Not Open
T034,08-09,2008-11-02,33,Not Open
T035,08-09,2008-11-02,33,Not Open
T036,08-09,2008-11-02,33,Not Open
T037,08-09,2008-11-02,33,Not Open
T038,08-09,2008-11-02,33,Not Open
T039,08-09,2008-11-02,33,Not Open
T040,08-09,2008-11-02,33,Not Open
T042,08-09,2008-11-02,33,Not Open
T043,08-09,2008-11-02,33,Not Open
T044,08-09,2008-11-02,33,Not Open
T045,08-09,2008-11-02,33,Not Open
T046,08-09,2008-11-02,33,Not Open
T047,08-09,2008-11-02,33,Not Open
T061,08-09,2008-11-02,33,Not Open
T063,08-09,2008-11-02,33,Not Open
T064,08-09,2008-11-02,33,Not Open
T065,08-09,2008-11-02,33,Not Open
T066,08-09,2008-11-02,33,Not Open
T067,08-09,2008-11-02,33,Not Open
T068,08-09,2008-11-02,33,Not Open
T069,08-09,2008-11-02,33,Not Open
T070,08-09,2008-11-02,33,Not Open
T071,08-09,2008-11-02,33,Not Open
T072,08-09,2008-11-02,33,Not Open
T073,08-09,2008-11-02,33,Not Open
T074,08-09,2008-11-02,33,Not Open
T075,08-09,2008-11-02,33,Not Open
T076,08-09,2008-11-02,33,Not Open
T077,08-09,2008-11-02,33,Not Open
T078,08-09,2008-11-02,33,Not Open
T079,08-09,2008-11-02,33,Not Open
T080,08-09,2008-11-02,33,Not Open
T081,08-09,2008-11-02,33,Not Open
T083,08-09,2008-11-02,33,Not Open
T084,08-09,2008-11-02,33,Not Open
T085,08-09,2008-11-02,33,Not Open
T086,08-09,2008-11-02,33,Not Open
T087,08-09,2008-11-02,33,Not Open
T088,08-09,2008-11-02,33,Not Open
T089,08-09,2008-11-02,33,Not Open
T090,08-09,2008-11-02,33,Not Open
T091,08-09,2008-11-02,33,Not Open
T092,08-09,2008-11-02,33,Not Open
T127,08-09,2008-11-02,33,Not Open
T134,08-09,2008-11-02,33,Not Open
T135,08-09,2008-11-02,33,Not Open
T136,08-09,2008-11-02,33,Not Open
T137,08-09,2008-11-02,33,Not Open
T148,08-09,2008-11-02,33,Not Open
T151,08-09,2008-11-02,33,Not Open
T152,08-09,2008-11-02,33,Not Open
T156,08-09,2008-11-02,33,Not Open
T157,08-09,2008-11-02,33,Not Open
T002,08-09,2008-11-03,34,Not Open
T003,08-09,2008-11-03,34,Not Open
T004,08-09,2008-11-03,34,Not Open
T005,08-09,2008-11-03,34,Not Open
T006,08-09,2008-11-03,34,Not Open
T007,08-09,2008-11-03,34,Not Open
T008,08-09,2008-11-03,34,Not Open
T009,08-09,2008-11-03,34,Not Open
T010,08-09,2008-11-03,34,Not Open
T011,08-09,2008-11-03,34,Not Open
T012,08-09,2008-11-03,34,Not Open
T013,08-09,2008-11-03,34,Not Open
T015,08-09,2008-11-03,34,Not Open
T016,08-09,2008-11-03,34,Not Open
T017,08-09,2008-11-03,34,Not Open
T018,08-09,2008-11-03,34,Not Open
T019,08-09,2008-11-03,34,Not Open
T020,08-09,2008-11-03,34,Not Open
T021,08-09,2008-11-03,34,Not Open
T022,08-09,2008-11-03,34,Not Open
T023,08-09,2008-11-03,34,Not Open
T024,08-09,2008-11-03,34,Not Open
T025,08-09,2008-11-03,34,Not Open
T026,08-09,2008-11-03,34,Not Open
T027,08-09,2008-11-03,34,Not Open
T028,08-09,2008-11-03,34,Not Open
T029,08-09,2008-11-03,34,Not Open
T030,08-09,2008-11-03,34,Not Open
T031,08-09,2008-11-03,34,Not Open
T032,08-09,2008-11-03,34,Not Open
T033,08-09,2008-11-03,34,Not Open
T034,08-09,2008-11-03,34,Not Open
T035,08-09,2008-11-03,34,Not Open
T036,08-09,2008-11-03,34,Not Open
T037,08-09,2008-11-03,34,Not Open
T038,08-09,2008-11-03,34,Not Open
T039,08-09,2008-11-03,34,Not Open
T040,08-09,2008-11-03,34,Not Open
T042,08-09,2008-11-03,34,Not Open
T043,08-09,2008-11-03,34,Not Open
T044,08-09,2008-11-03,34,Not Open
T045,08-09,2008-11-03,34,Not Open
T046,08-09,2008-11-03,34,Not Open
T047,08-09,2008-11-03,34,Not Open
T061,08-09,2008-11-03,34,Not Open
T063,08-09,2008-11-03,34,Not Open
T064,08-09,2008-11-03,34,Not Open
T065,08-09,2008-11-03,34,Not Open
T066,08-09,2008-11-03,34,Not Open
T067,08-09,2008-11-03,34,Not Open
T068,08-09,2008-11-03,34,Not Open
T069,08-09,2008-11-03,34,Not Open
T070,08-09,2008-11-03,34,Not Open
T071,08-09,2008-11-03,34,Not Open
T072,08-09,2008-11-03,34,Not Open
T073,08-09,2008-11-03,34,Not Open
T074,08-09,2008-11-03,34,Not Open
T075,08-09,2008-11-03,34,Not Open
T076,08-09,2008-11-03,34,Not Open
T077,08-09,2008-11-03,34,Not Open
T078,08-09,2008-11-03,34,Not Open
T079,08-09,2008-11-03,34,Not Open
T080,08-09,2008-11-03,34,Not Open
T081,08-09,2008-11-03,34,Not Open
T083,08-09,2008-11-03,34,Not Open
T084,08-09,2008-11-03,34,Not Open
T085,08-09,2008-11-03,34,Not Open
T086,08-09,2008-11-03,34,Not Open
T087,08-09,2008-11-03,34,Not Open
T088,08-09,2008-11-03,34,Not Open
T089,08-09,2008-11-03,34,Not Open
T090,08-09,2008-11-03,34,Not Open
T091,08-09,2008-11-03,34,Not Open
T092,08-09,2008-11-03,34,Not Open
T127,08-09,2008-11-03,34,Not Open
T134,08-09,2008-11-03,34,Not Open
T135,08-09,2008-11-03,34,Not Open
T136,08-09,2008-11-03,34,Not Open
T137,08-09,2008-11-03,34,Not Open
T148,08-09,2008-11-03,34,Not Open
T151,08-09,2008-11-03,34,Not Open
T152,08-09,2008-11-03,34,Not Open
T156,08-09,2008-11-03,34,Not Open
T157,08-09,2008-11-03,34,Not Open
T002,08-09,2008-11-04,35,Not Open
T003,08-09,2008-11-04,35,Not Open
T004,08-09,2008-11-04,35,Not Open
T005,08-09,2008-11-04,35,Not Open
T006,08-09,2008-11-04,35,Not Open
T007,08-09,2008-11-04,35,Not Open
T008,08-09,2008-11-04,35,Not Open
T009,08-09,2008-11-04,35,Not Open
T010,08-09,2008-11-04,35,Not Open
T011,08-09,2008-11-04,35,Not Open
T012,08-09,2008-11-04,35,Not Open
T013,08-09,2008-11-04,35,Not Open
T015,08-09,2008-11-04,35,Not Open
T016,08-09,2008-11-04,35,Not Open
T017,08-09,2008-11-04,35,Not Open
T018,08-09,2008-11-04,35,Not Open
T019,08-09,2008-11-04,35,Not Open
T020,08-09,2008-11-04,35,Not Open
T021,08-09,2008-11-04,35,Not Open
T022,08-09,2008-11-04,35,Not Open
T023,08-09,2008-11-04,35,Not Open
T024,08-09,2008-11-04,35,Not Open
T025,08-09,2008-11-04,35,Not Open
T026,08-09,2008-11-04,35,Not Open
T027,08-09,2008-11-04,35,Not Open
T028,08-09,2008-11-04,35,Not Open
T029,08-09,2008-11-04,35,Not Open
T030,08-09,2008-11-04,35,Not Open
T031,08-09,2008-11-04,35,Not Open
T032,08-09,2008-11-04,35,Not Open
T033,08-09,2008-11-04,35,Not Open
T034,08-09,2008-11-04,35,Not Open
T035,08-09,2008-11-04,35,Not Open
T036,08-09,2008-11-04,35,Not Open
T037,08-09,2008-11-04,35,Not Open
T038,08-09,2008-11-04,35,Not Open
T039,08-09,2008-11-04,35,Not Open
T040,08-09,2008-11-04,35,Not Open
T042,08-09,2008-11-04,35,Not Open
T043,08-09,2008-11-04,35,Not Open
T044,08-09,2008-11-04,35,Not Open
T045,08-09,2008-11-04,35,Not Open
T046,08-09,2008-11-04,35,Not Open
T047,08-09,2008-11-04,35,Not Open
T061,08-09,2008-11-04,35,Not Open
T063,08-09,2008-11-04,35,Not Open
T064,08-09,2008-11-04,35,Not Open
T065,08-09,2008-11-04,35,Not Open
T066,08-09,2008-11-04,35,Not Open
T067,08-09,2008-11-04,35,Not Open
T068,08-09,2008-11-04,35,Not Open
T069,08-09,2008-11-04,35,Not Open
T070,08-09,2008-11-04,35,Not Open
T071,08-09,2008-11-04,35,Not Open
T072,08-09,2008-11-04,35,Not Open
T073,08-09,2008-11-04,35,Not Open
T074,08-09,2008-11-04,35,Not Open
T075,08-09,2008-11-04,35,Not Open
T076,08-09,2008-11-04,35,Not Open
T077,08-09,2008-11-04,35,Not Open
T078,08-09,2008-11-04,35,Not Open
T079,08-09,2008-11-04,35,Not Open
T080,08-09,2008-11-04,35,Not Open
T081,08-09,2008-11-04,35,Not Open
T083,08-09,2008-11-04,35,Not Open
T084,08-09,2008-11-04,35,Not Open
T085,08-09,2008-11-04,35,Not Open
T086,08-09,2008-11-04,35,Not Open
T087,08-09,2008-11-04,35,Not Open
T088,08-09,2008-11-04,35,Not Open
T089,08-09,2008-11-04,35,Not Open
T090,08-09,2008-11-04,35,Not Open
T091,08-09,2008-11-04,35,Not Open
T092,08-09,2008-11-04,35,Not Open
T127,08-09,2008-11-04,35,Not Open
T134,08-09,2008-11-04,35,Not Open
T135,08-09,2008-11-04,35,Not Open
T136,08-09,2008-11-04,35,Not Open
T137,08-09,2008-11-04,35,Not Open
T148,08-09,2008-11-04,35,Not Open
T151,08-09,2008-11-04,35,Not Open
T152,08-09,2008-11-04,35,Not Open
T156,08-09,2008-11-04,35,Not Open
T157,08-09,2008-11-04,35,Not Open
T002,08-09,2008-11-05,36,Not Open
T003,08-09,2008-11-05,36,Not Open
T004,08-09,2008-11-05,36,Not Open
T005,08-09,2008-11-05,36,Not Open
T006,08-09,2008-11-05,36,Not Open
T007,08-09,2008-11-05,36,Not Open
T008,08-09,2008-11-05,36,Not Open
T009,08-09,2008-11-05,36,Not Open
T010,08-09,2008-11-05,36,Not Open
T011,08-09,2008-11-05,36,Not Open
T012,08-09,2008-11-05,36,Not Open
T013,08-09,2008-11-05,36,Not Open
T015,08-09,2008-11-05,36,Not Open
T016,08-09,2008-11-05,36,Not Open
T017,08-09,2008-11-05,36,Not Open
T018,08-09,2008-11-05,36,Not Open
T019,08-09,2008-11-05,36,Not Open
T020,08-09,2008-11-05,36,Not Open
T021,08-09,2008-11-05,36,Not Open
T022,08-09,2008-11-05,36,Not Open
T023,08-09,2008-11-05,36,Not Open
T024,08-09,2008-11-05,36,Not Open
T025,08-09,2008-11-05,36,Not Open
T026,08-09,2008-11-05,36,Not Open
T027,08-09,2008-11-05,36,Not Open
T028,08-09,2008-11-05,36,Not Open
T029,08-09,2008-11-05,36,Not Open
T030,08-09,2008-11-05,36,Not Open
T031,08-09,2008-11-05,36,Not Open
T032,08-09,2008-11-05,36,Not Open
T033,08-09,2008-11-05,36,Not Open
T034,08-09,2008-11-05,36,Not Open
T035,08-09,2008-11-05,36,Not Open
T036,08-09,2008-11-05,36,Not Open
T037,08-09,2008-11-05,36,Not Open
T038,08-09,2008-11-05,36,Not Open
T039,08-09,2008-11-05,36,Not Open
T040,08-09,2008-11-05,36,Not Open
T042,08-09,2008-11-05,36,Not Open
T043,08-09,2008-11-05,36,Not Open
T044,08-09,2008-11-05,36,Not Open
T045,08-09,2008-11-05,36,Not Open
T046,08-09,2008-11-05,36,Not Open
T047,08-09,2008-11-05,36,Not Open
T061,08-09,2008-11-05,36,Not Open
T063,08-09,2008-11-05,36,Not Open
T064,08-09,2008-11-05,36,Not Open
T065,08-09,2008-11-05,36,Not Open
T066,08-09,2008-11-05,36,Not Open
T067,08-09,2008-11-05,36,Not Open
T068,08-09,2008-11-05,36,Not Open
T069,08-09,2008-11-05,36,Not Open
T070,08-09,2008-11-05,36,Not Open
T071,08-09,2008-11-05,36,Not Open
T072,08-09,2008-11-05,36,Not Open
T073,08-09,2008-11-05,36,Not Open
T074,08-09,2008-11-05,36,Not Open
T075,08-09,2008-11-05,36,Not Open
T076,08-09,2008-11-05,36,Not Open
T077,08-09,2008-11-05,36,Not Open
T078,08-09,2008-11-05,36,Not Open
T079,08-09,2008-11-05,36,Not Open
T080,08-09,2008-11-05,36,Not Open
T081,08-09,2008-11-05,36,Not Open
T083,08-09,2008-11-05,36,Not Open
T084,08-09,2008-11-05,36,Not Open
T085,08-09,2008-11-05,36,Not Open
T086,08-09,2008-11-05,36,Not Open
T087,08-09,2008-11-05,36,Not Open
T088,08-09,2008-11-05,36,Not Open
T089,08-09,2008-11-05,36,Not Open
T090,08-09,2008-11-05,36,Not Open
T091,08-09,2008-11-05,36,Not Open
T092,08-09,2008-11-05,36,Not Open
T127,08-09,2008-11-05,36,Not Open
T134,08-09,2008-11-05,36,Not Open
T135,08-09,2008-11-05,36,Not Open
T136,08-09,2008-11-05,36,Not Open
T137,08-09,2008-11-05,36,Not Open
T148,08-09,2008-11-05,36,Not Open
T151,08-09,2008-11-05,36,Not Open
T152,08-09,2008-11-05,36,Not Open
T156,08-09,2008-11-05,36,Not Open
T157,08-09,2008-11-05,36,Not Open
T002,08-09,2008-11-06,37,Not Open
T003,08-09,2008-11-06,37,Not Open
T004,08-09,2008-11-06,37,Not Open
T005,08-09,2008-11-06,37,Not Open
T006,08-09,2008-11-06,37,Not Open
T007,08-09,2008-11-06,37,Not Open
T008,08-09,2008-11-06,37,Not Open
T009,08-09,2008-11-06,37,Not Open
T010,08-09,2008-11-06,37,Not Open
T011,08-09,2008-11-06,37,Not Open
T012,08-09,2008-11-06,37,Not Open
T013,08-09,2008-11-06,37,Not Open
T015,08-09,2008-11-06,37,Not Open
T016,08-09,2008-11-06,37,Not Open
T017,08-09,2008-11-06,37,Not Open
T018,08-09,2008-11-06,37,Not Open
T019,08-09,2008-11-06,37,Not Open
T020,08-09,2008-11-06,37,Not Open
T021,08-09,2008-11-06,37,Not Open
T022,08-09,2008-11-06,37,Not Open
T023,08-09,2008-11-06,37,Not Open
T024,08-09,2008-11-06,37,Not Open
T025,08-09,2008-11-06,37,Not Open
T026,08-09,2008-11-06,37,Not Open
T027,08-09,2008-11-06,37,Not Open
T028,08-09,2008-11-06,37,Not Open
T029,08-09,2008-11-06,37,Not Open
T030,08-09,2008-11-06,37,Not Open
T031,08-09,2008-11-06,37,Not Open
T032,08-09,2008-11-06,37,Not Open
T033,08-09,2008-11-06,37,Not Open
T034,08-09,2008-11-06,37,Not Open
T035,08-09,2008-11-06,37,Not Open
T036,08-09,2008-11-06,37,Not Open
T037,08-09,2008-11-06,37,Not Open
T038,08-09,2008-11-06,37,Not Open
T039,08-09,2008-11-06,37,Not Open
T040,08-09,2008-11-06,37,Not Open
T042,08-09,2008-11-06,37,Not Open
T043,08-09,2008-11-06,37,Not Open
T044,08-09,2008-11-06,37,Not Open
T045,08-09,2008-11-06,37,Not Open
T046,08-09,2008-11-06,37,Not Open
T047,08-09,2008-11-06,37,Not Open
T061,08-09,2008-11-06,37,Not Open
T063,08-09,2008-11-06,37,Not Open
T064,08-09,2008-11-06,37,Not Open
T065,08-09,2008-11-06,37,Not Open
T066,08-09,2008-11-06,37,Not Open
T067,08-09,2008-11-06,37,Not Open
T068,08-09,2008-11-06,37,Not Open
T069,08-09,2008-11-06,37,Not Open
T070,08-09,2008-11-06,37,Not Open
T071,08-09,2008-11-06,37,Not Open
T072,08-09,2008-11-06,37,Not Open
T073,08-09,2008-11-06,37,Not Open
T074,08-09,2008-11-06,37,Not Open
T075,08-09,2008-11-06,37,Not Open
T076,08-09,2008-11-06,37,Not Open
T077,08-09,2008-11-06,37,Not Open
T078,08-09,2008-11-06,37,Not Open
T079,08-09,2008-11-06,37,Not Open
T080,08-09,2008-11-06,37,Not Open
T081,08-09,2008-11-06,37,Not Open
T083,08-09,2008-11-06,37,Not Open
T084,08-09,2008-11-06,37,Not Open
T085,08-09,2008-11-06,37,Not Open
T086,08-09,2008-11-06,37,Not Open
T087,08-09,2008-11-06,37,Not Open
T088,08-09,2008-11-06,37,Not Open
T089,08-09,2008-11-06,37,Not Open
T090,08-09,2008-11-06,37,Not Open
T091,08-09,2008-11-06,37,Not Open
T092,08-09,2008-11-06,37,Not Open
T127,08-09,2008-11-06,37,Not Open
T134,08-09,2008-11-06,37,Not Open
T135,08-09,2008-11-06,37,Not Open
T136,08-09,2008-11-06,37,Not Open
T137,08-09,2008-11-06,37,Not Open
T148,08-09,2008-11-06,37,Not Open
T151,08-09,2008-11-06,37,Not Open
T152,08-09,2008-11-06,37,Not Open
T156,08-09,2008-11-06,37,Not Open
T157,08-09,2008-11-06,37,Not Open
T002,08-09,2008-11-07,38,Closed
T003,08-09,2008-11-07,38,Closed
T004,08-09,2008-11-07,38,Closed
T005,08-09,2008-11-07,38,Groomed
T006,08-09,2008-11-07,38,Closed
T007,08-09,2008-11-07,38,Closed
T008,08-09,2008-11-07,38,Closed
T009,08-09,2008-11-07,38,Closed
T010,08-09,2008-11-07,38,Closed
T011,08-09,2008-11-07,38,Closed
T012,08-09,2008-11-07,38,Closed
T013,08-09,2008-11-07,38,Closed
T015,08-09,2008-11-07,38,Closed
T016,08-09,2008-11-07,38,Closed
T017,08-09,2008-11-07,38,Closed
T018,08-09,2008-11-07,38,Closed
T019,08-09,2008-11-07,38,Closed
T020,08-09,2008-11-07,38,Closed
T021,08-09,2008-11-07,38,Closed
T022,08-09,2008-11-07,38,Closed
T023,08-09,2008-11-07,38,Closed
T024,08-09,2008-11-07,38,Closed
T025,08-09,2008-11-07,38,Closed
T026,08-09,2008-11-07,38,Closed
T027,08-09,2008-11-07,38,Closed
T028,08-09,2008-11-07,38,Closed
T029,08-09,2008-11-07,38,Closed
T030,08-09,2008-11-07,38,Closed
T031,08-09,2008-11-07,38,Closed
T032,08-09,2008-11-07,38,Closed
T033,08-09,2008-11-07,38,Closed
T034,08-09,2008-11-07,38,Groomed
T035,08-09,2008-11-07,38,Closed
T036,08-09,2008-11-07,38,Groomed
T037,08-09,2008-11-07,38,Closed
T038,08-09,2008-11-07,38,Closed
T039,08-09,2008-11-07,38,Closed
T040,08-09,2008-11-07,38,Closed
T042,08-09,2008-11-07,38,Closed
T043,08-09,2008-11-07,38,Closed
T044,08-09,2008-11-07,38,Closed
T045,08-09,2008-11-07,38,Closed
T046,08-09,2008-11-07,38,Closed
T047,08-09,2008-11-07,38,Closed
T061,08-09,2008-11-07,38,Closed
T063,08-09,2008-11-07,38,Closed
T064,08-09,2008-11-07,38,Closed
T065,08-09,2008-11-07,38,Closed
T066,08-09,2008-11-07,38,Closed
T067,08-09,2008-11-07,38,Closed
T068,08-09,2008-11-07,38,Closed
T069,08-09,2008-11-07,38,Closed
T070,08-09,2008-11-07,38,Closed
T071,08-09,2008-11-07,38,Closed
T072,08-09,2008-11-07,38,Closed
T073,08-09,2008-11-07,38,Closed
T074,08-09,2008-11-07,38,Closed
T075,08-09,2008-11-07,38,Closed
T076,08-09,2008-11-07,38,Closed
T077,08-09,2008-11-07,38,Closed
T078,08-09,2008-11-07,38,Closed
T079,08-09,2008-11-07,38,Closed
T080,08-09,2008-11-07,38,Closed
T081,08-09,2008-11-07,38,Closed
T083,08-09,2008-11-07,38,Closed
T084,08-09,2008-11-07,38,Closed
T085,08-09,2008-11-07,38,Closed
T086,08-09,2008-11-07,38,Closed
T087,08-09,2008-11-07,38,Closed
T088,08-09,2008-11-07,38,Closed
T089,08-09,2008-11-07,38,Closed
T090,08-09,2008-11-07,38,Closed
T091,08-09,2008-11-07,38,Closed
T092,08-09,2008-11-07,38,Closed
T127,08-09,2008-11-07,38,Closed
T134,08-09,2008-11-07,38,Closed
T135,08-09,2008-11-07,38,Closed
T136,08-09,2008-11-07,38,Closed
T137,08-09,2008-11-07,38,Closed
T148,08-09,2008-11-07,38,Closed
T151,08-09,2008-11-07,38,Closed
T152,08-09,2008-11-07,38,Closed
T156,08-09,2008-11-07,38,Closed
T157,08-09,2008-11-07,38,Closed
T002,08-09,2008-11-08,39,Closed
T003,08-09,2008-11-08,39,Closed
T004,08-09,2008-11-08,39,Closed
T005,08-09,2008-11-08,39,Groomed
T006,08-09,2008-11-08,39,Closed
T007,08-09,2008-11-08,39,Closed
T008,08-09,2008-11-08,39,Closed
T009,08-09,2008-11-08,39,Closed
T010,08-09,2008-11-08,39,Closed
T011,08-09,2008-11-08,39,Closed
T012,08-09,2008-11-08,39,Closed
T013,08-09,2008-11-08,39,Closed
T015,08-09,2008-11-08,39,Closed
T016,08-09,2008-11-08,39,Closed
T017,08-09,2008-11-08,39,Closed
T018,08-09,2008-11-08,39,Closed
T019,08-09,2008-11-08,39,Closed
T020,08-09,2008-11-08,39,Closed
T021,08-09,2008-11-08,39,Closed
T022,08-09,2008-11-08,39,Closed
T023,08-09,2008-11-08,39,Closed
T024,08-09,2008-11-08,39,Closed
T025,08-09,2008-11-08,39,Closed
T026,08-09,2008-11-08,39,Closed
T027,08-09,2008-11-08,39,Closed
T028,08-09,2008-11-08,39,Closed
T029,08-09,2008-11-08,39,Closed
T030,08-09,2008-11-08,39,Closed
T031,08-09,2008-11-08,39,Closed
T032,08-09,2008-11-08,39,Closed
T033,08-09,2008-11-08,39,Closed
T034,08-09,2008-11-08,39,Groomed
T035,08-09,2008-11-08,39,Closed
T036,08-09,2008-11-08,39,Groomed
T037,08-09,2008-11-08,39,Closed
T038,08-09,2008-11-08,39,Closed
T039,08-09,2008-11-08,39,Closed
T040,08-09,2008-11-08,39,Closed
T042,08-09,2008-11-08,39,Closed
T043,08-09,2008-11-08,39,Closed
T044,08-09,2008-11-08,39,Closed
T045,08-09,2008-11-08,39,Closed
T046,08-09,2008-11-08,39,Closed
T047,08-09,2008-11-08,39,Closed
T061,08-09,2008-11-08,39,Closed
T063,08-09,2008-11-08,39,Closed
T064,08-09,2008-11-08,39,Closed
T065,08-09,2008-11-08,39,Closed
T066,08-09,2008-11-08,39,Closed
T067,08-09,2008-11-08,39,Closed
T068,08-09,2008-11-08,39,Closed
T069,08-09,2008-11-08,39,Closed
T070,08-09,2008-11-08,39,Closed
T071,08-09,2008-11-08,39,Closed
T072,08-09,2008-11-08,39,Closed
T073,08-09,2008-11-08,39,Closed
T074,08-09,2008-11-08,39,Closed
T075,08-09,2008-11-08,39,Closed
T076,08-09,2008-11-08,39,Closed
T077,08-09,2008-11-08,39,Closed
T078,08-09,2008-11-08,39,Closed
T079,08-09,2008-11-08,39,Closed
T080,08-09,2008-11-08,39,Closed
T081,08-09,2008-11-08,39,Closed
T083,08-09,2008-11-08,39,Closed
T084,08-09,2008-11-08,39,Closed
T085,08-09,2008-11-08,39,Closed
T086,08-09,2008-11-08,39,Closed
T087,08-09,2008-11-08,39,Closed
T088,08-09,2008-11-08,39,Closed
T089,08-09,2008-11-08,39,Closed
T090,08-09,2008-11-08,39,Closed
T091,08-09,2008-11-08,39,Closed
T092,08-09,2008-11-08,39,Closed
T127,08-09,2008-11-08,39,Closed
T134,08-09,2008-11-08,39,Closed
T135,08-09,2008-11-08,39,Closed
T136,08-09,2008-11-08,39,Closed
T137,08-09,2008-11-08,39,Closed
T148,08-09,2008-11-08,39,Closed
T151,08-09,2008-11-08,39,Closed
T152,08-09,2008-11-08,39,Closed
T156,08-09,2008-11-08,39,Closed
T157,08-09,2008-11-08,39,Closed
T002,08-09,2008-11-09,40,Closed
T003,08-09,2008-11-09,40,Closed
T004,08-09,2008-11-09,40,Closed
T005,08-09,2008-11-09,40,Groomed
T006,08-09,2008-11-09,40,Closed
T007,08-09,2008-11-09,40,Closed
T008,08-09,2008-11-09,40,Closed
T009,08-09,2008-11-09,40,Closed
T010,08-09,2008-11-09,40,Closed
T011,08-09,2008-11-09,40,Closed
T012,08-09,2008-11-09,40,Closed
T013,08-09,2008-11-09,40,Closed
T015,08-09,2008-11-09,40,Closed
T016,08-09,2008-11-09,40,Closed
T017,08-09,2008-11-09,40,Closed
T018,08-09,2008-11-09,40,Closed
T019,08-09,2008-11-09,40,Closed
T020,08-09,2008-11-09,40,Closed
T021,08-09,2008-11-09,40,Closed
T022,08-09,2008-11-09,40,Closed
T023,08-09,2008-11-09,40,Closed
T024,08-09,2008-11-09,40,Closed
T025,08-09,2008-11-09,40,Closed
T026,08-09,2008-11-09,40,Closed
T027,08-09,2008-11-09,40,Closed
T028,08-09,2008-11-09,40,Closed
T029,08-09,2008-11-09,40,Closed
T030,08-09,2008-11-09,40,Closed
T031,08-09,2008-11-09,40,Closed
T032,08-09,2008-11-09,40,Closed
T033,08-09,2008-11-09,40,Closed
T034,08-09,2008-11-09,40,Groomed
T035,08-09,2008-11-09,40,Closed
T036,08-09,2008-11-09,40,Groomed
T037,08-09,2008-11-09,40,Closed
T038,08-09,2008-11-09,40,Closed
T039,08-09,2008-11-09,40,Closed
T040,08-09,2008-11-09,40,Closed
T042,08-09,2008-11-09,40,Closed
T043,08-09,2008-11-09,40,Closed
T044,08-09,2008-11-09,40,Closed
T045,08-09,2008-11-09,40,Closed
T046,08-09,2008-11-09,40,Closed
T047,08-09,2008-11-09,40,Closed
T061,08-09,2008-11-09,40,Closed
T063,08-09,2008-11-09,40,Closed
T064,08-09,2008-11-09,40,Closed
T065,08-09,2008-11-09,40,Closed
T066,08-09,2008-11-09,40,Closed
T067,08-09,2008-11-09,40,Closed
T068,08-09,2008-11-09,40,Closed
T069,08-09,2008-11-09,40,Closed
T070,08-09,2008-11-09,40,Closed
T071,08-09,2008-11-09,40,Closed
T072,08-09,2008-11-09,40,Closed
T073,08-09,2008-11-09,40,Closed
T074,08-09,2008-11-09,40,Closed
T075,08-09,2008-11-09,40,Closed
T076,08-09,2008-11-09,40,Closed
T077,08-09,2008-11-09,40,Closed
T078,08-09,2008-11-09,40,Closed
T079,08-09,2008-11-09,40,Closed
T080,08-09,2008-11-09,40,Closed
T081,08-09,2008-11-09,40,Closed
T083,08-09,2008-11-09,40,Closed
T084,08-09,2008-11-09,40,Closed
T085,08-09,2008-11-09,40,Closed
T086,08-09,2008-11-09,40,Closed
T087,08-09,2008-11-09,40,Closed
T088,08-09,2008-11-09,40,Closed
T089,08-09,2008-11-09,40,Closed
T090,08-09,2008-11-09,40,Closed
T091,08-09,2008-11-09,40,Closed
T092,08-09,2008-11-09,40,Closed
T127,08-09,2008-11-09,40,Closed
T134,08-09,2008-11-09,40,Closed
T135,08-09,2008-11-09,40,Closed
T136,08-09,2008-11-09,40,Closed
T137,08-09,2008-11-09,40,Closed
T148,08-09,2008-11-09,40,Closed
T151,08-09,2008-11-09,40,Closed
T152,08-09,2008-11-09,40,Closed
T156,08-09,2008-11-09,40,Closed
T157,08-09,2008-11-09,40,Closed
T002,08-09,2008-11-10,41,Closed
T003,08-09,2008-11-10,41,Closed
T004,08-09,2008-11-10,41,Closed
T005,08-09,2008-11-10,41,Groomed
T006,08-09,2008-11-10,41,Closed
T007,08-09,2008-11-10,41,Closed
T008,08-09,2008-11-10,41,Closed
T009,08-09,2008-11-10,41,Closed
T010,08-09,2008-11-10,41,Closed
T011,08-09,2008-11-10,41,Closed
T012,08-09,2008-11-10,41,Closed
T013,08-09,2008-11-10,41,Closed
T015,08-09,2008-11-10,41,Closed
T016,08-09,2008-11-10,41,Closed
T017,08-09,2008-11-10,41,Closed
T018,08-09,2008-11-10,41,Closed
T019,08-09,2008-11-10,41,Closed
T020,08-09,2008-11-10,41,Closed
T021,08-09,2008-11-10,41,Closed
T022,08-09,2008-11-10,41,Closed
T023,08-09,2008-11-10,41,Closed
T024,08-09,2008-11-10,41,Closed
T025,08-09,2008-11-10,41,Closed
T026,08-09,2008-11-10,41,Closed
T027,08-09,2008-11-10,41,Closed
T028,08-09,2008-11-10,41,Closed
T029,08-09,2008-11-10,41,Closed
T030,08-09,2008-11-10,41,Closed
T031,08-09,2008-11-10,41,Closed
T032,08-09,2008-11-10,41,Closed
T033,08-09,2008-11-10,41,Closed
T034,08-09,2008-11-10,41,Groomed
T035,08-09,2008-11-10,41,Closed
T036,08-09,2008-11-10,41,Groomed
T037,08-09,2008-11-10,41,Closed
T038,08-09,2008-11-10,41,Closed
T039,08-09,2008-11-10,41,Closed
T040,08-09,2008-11-10,41,Closed
T042,08-09,2008-11-10,41,Closed
T043,08-09,2008-11-10,41,Closed
T044,08-09,2008-11-10,41,Closed
T045,08-09,2008-11-10,41,Closed
T046,08-09,2008-11-10,41,Closed
T047,08-09,2008-11-10,41,Closed
T061,08-09,2008-11-10,41,Closed
T063,08-09,2008-11-10,41,Closed
T064,08-09,2008-11-10,41,Closed
T065,08-09,2008-11-10,41,Closed
T066,08-09,2008-11-10,41,Closed
T067,08-09,2008-11-10,41,Closed
T068,08-09,2008-11-10,41,Closed
T069,08-09,2008-11-10,41,Closed
T070,08-09,2008-11-10,41,Closed
T071,08-09,2008-11-10,41,Closed
T072,08-09,2008-11-10,41,Closed
T073,08-09,2008-11-10,41,Closed
T074,08-09,2008-11-10,41,Closed
T075,08-09,2008-11-10,41,Closed
T076,08-09,2008-11-10,41,Closed
T077,08-09,2008-11-10,41,Closed
T078,08-09,2008-11-10,41,Closed
T079,08-09,2008-11-10,41,Closed
T080,08-09,2008-11-10,41,Closed
T081,08-09,2008-11-10,41,Closed
T083,08-09,2008-11-10,41,Closed
T084,08-09,2008-11-10,41,Closed
T085,08-09,2008-11-10,41,Closed
T086,08-09,2008-11-10,41,Closed
T087,08-09,2008-11-10,41,Closed
T088,08-09,2008-11-10,41,Closed
T089,08-09,2008-11-10,41,Closed
T090,08-09,2008-11-10,41,Closed
T091,08-09,2008-11-10,41,Closed
T092,08-09,2008-11-10,41,Closed
T127,08-09,2008-11-10,41,Closed
T134,08-09,2008-11-10,41,Closed
T135,08-09,2008-11-10,41,Closed
T136,08-09,2008-11-10,41,Closed
T137,08-09,2008-11-10,41,Closed
T148,08-09,2008-11-10,41,Closed
T151,08-09,2008-11-10,41,Closed
T152,08-09,2008-11-10,41,Closed
T156,08-09,2008-11-10,41,Closed
T157,08-09,2008-11-10,41,Closed
T002,08-09,2008-11-11,42,Closed
T003,08-09,2008-11-11,42,Closed
T004,08-09,2008-11-11,42,Closed
T005,08-09,2008-11-11,42,Groomed
T006,08-09,2008-11-11,42,Closed
T007,08-09,2008-11-11,42,Closed
T008,08-09,2008-11-11,42,Closed
T009,08-09,2008-11-11,42,Closed
T010,08-09,2008-11-11,42,Closed
T011,08-09,2008-11-11,42,Closed
T012,08-09,2008-11-11,42,Closed
T013,08-09,2008-11-11,42,Closed
T015,08-09,2008-11-11,42,Closed
T016,08-09,2008-11-11,42,Closed
T017,08-09,2008-11-11,42,Closed
T018,08-09,2008-11-11,42,Closed
T019,08-09,2008-11-11,42,Closed
T020,08-09,2008-11-11,42,Closed
T021,08-09,2008-11-11,42,Closed
T022,08-09,2008-11-11,42,Closed
T023,08-09,2008-11-11,42,Closed
T024,08-09,2008-11-11,42,Closed
T025,08-09,2008-11-11,42,Closed
T026,08-09,2008-11-11,42,Closed
T027,08-09,2008-11-11,42,Closed
T028,08-09,2008-11-11,42,Closed
T029,08-09,2008-11-11,42,Closed
T030,08-09,2008-11-11,42,Closed
T031,08-09,2008-11-11,42,Closed
T032,08-09,2008-11-11,42,Closed
T033,08-09,2008-11-11,42,Closed
T034,08-09,2008-11-11,42,Groomed
T035,08-09,2008-11-11,42,Closed
T036,08-09,2008-11-11,42,Groomed
T037,08-09,2008-11-11,42,Closed
T038,08-09,2008-11-11,42,Closed
T039,08-09,2008-11-11,42,Closed
T040,08-09,2008-11-11,42,Closed
T042,08-09,2008-11-11,42,Closed
T043,08-09,2008-11-11,42,Closed
T044,08-09,2008-11-11,42,Closed
T045,08-09,2008-11-11,42,Closed
T046,08-09,2008-11-11,42,Closed
T047,08-09,2008-11-11,42,Closed
T061,08-09,2008-11-11,42,Closed
T063,08-09,2008-11-11,42,Closed
T064,08-09,2008-11-11,42,Closed
T065,08-09,2008-11-11,42,Closed
T066,08-09,2008-11-11,42,Closed
T067,08-09,2008-11-11,42,Closed
T068,08-09,2008-11-11,42,Closed
T069,08-09,2008-11-11,42,Closed
T070,08-09,2008-11-11,42,Closed
T071,08-09,2008-11-11,42,Closed
T072,08-09,2008-11-11,42,Closed
T073,08-09,2008-11-11,42,Closed
T074,08-09,2008-11-11,42,Closed
T075,08-09,2008-11-11,42,Closed
T076,08-09,2008-11-11,42,Closed
T077,08-09,2008-11-11,42,Closed
T078,08-09,2008-11-11,42,Closed
T079,08-09,2008-11-11,42,Closed
T080,08-09,2008-11-11,42,Closed
T081,08-09,2008-11-11,42,Closed
T083,08-09,2008-11-11,42,Closed
T084,08-09,2008-11-11,42,Closed
T085,08-09,2008-11-11,42,Closed
T086,08-09,2008-11-11,42,Closed
T087,08-09,2008-11-11,42,Closed
T088,08-09,2008-11-11,42,Closed
T089,08-09,2008-11-11,42,Closed
T090,08-09,2008-11-11,42,Closed
T091,08-09,2008-11-11,42,Closed
T092,08-09,2008-11-11,42,Closed
T127,08-09,2008-11-11,42,Closed
T134,08-09,2008-11-11,42,Closed
T135,08-09,2008-11-11,42,Closed
T136,08-09,2008-11-11,42,Closed
T137,08-09,2008-11-11,42,Closed
T148,08-09,2008-11-11,42,Closed
T151,08-09,2008-11-11,42,Closed
T152,08-09,2008-11-11,42,Closed
T156,08-09,2008-11-11,42,Closed
T157,08-09,2008-11-11,42,Closed
T002,08-09,2008-11-12,43,Closed
T003,08-09,2008-11-12,43,Closed
T004,08-09,2008-11-12,43,Closed
T005,08-09,2008-11-12,43,Groomed
T006,08-09,2008-11-12,43,Closed
T007,08-09,2008-11-12,43,Closed
T008,08-09,2008-11-12,43,Closed
T009,08-09,2008-11-12,43,Closed
T010,08-09,2008-11-12,43,Closed
T011,08-09,2008-11-12,43,Closed
T012,08-09,2008-11-12,43,Closed
T013,08-09,2008-11-12,43,Closed
T015,08-09,2008-11-12,43,Closed
T016,08-09,2008-11-12,43,Closed
T017,08-09,2008-11-12,43,Closed
T018,08-09,2008-11-12,43,Closed
T019,08-09,2008-11-12,43,Closed
T020,08-09,2008-11-12,43,Closed
T021,08-09,2008-11-12,43,Closed
T022,08-09,2008-11-12,43,Closed
T023,08-09,2008-11-12,43,Closed
T024,08-09,2008-11-12,43,Closed
T025,08-09,2008-11-12,43,Closed
T026,08-09,2008-11-12,43,Closed
T027,08-09,2008-11-12,43,Closed
T028,08-09,2008-11-12,43,Closed
T029,08-09,2008-11-12,43,Closed
T030,08-09,2008-11-12,43,Closed
T031,08-09,2008-11-12,43,Closed
T032,08-09,2008-11-12,43,Closed
T033,08-09,2008-11-12,43,Closed
T034,08-09,2008-11-12,43,Groomed
T035,08-09,2008-11-12,43,Closed
T036,08-09,2008-11-12,43,Groomed
T037,08-09,2008-11-12,43,Closed
T038,08-09,2008-11-12,43,Closed
T039,08-09,2008-11-12,43,Closed
T040,08-09,2008-11-12,43,Closed
T042,08-09,2008-11-12,43,Closed
T043,08-09,2008-11-12,43,Closed
T044,08-09,2008-11-12,43,Closed
T045,08-09,2008-11-12,43,Closed
T046,08-09,2008-11-12,43,Closed
T047,08-09,2008-11-12,43,Closed
T061,08-09,2008-11-12,43,Closed
T063,08-09,2008-11-12,43,Closed
T064,08-09,2008-11-12,43,Closed
T065,08-09,2008-11-12,43,Closed
T066,08-09,2008-11-12,43,Closed
T067,08-09,2008-11-12,43,Closed
T068,08-09,2008-11-12,43,Closed
T069,08-09,2008-11-12,43,Closed
T070,08-09,2008-11-12,43,Closed
T071,08-09,2008-11-12,43,Closed
T072,08-09,2008-11-12,43,Closed
T073,08-09,2008-11-12,43,Closed
T074,08-09,2008-11-12,43,Closed
T075,08-09,2008-11-12,43,Closed
T076,08-09,2008-11-12,43,Closed
T077,08-09,2008-11-12,43,Closed
T078,08-09,2008-11-12,43,Closed
T079,08-09,2008-11-12,43,Closed
T080,08-09,2008-11-12,43,Closed
T081,08-09,2008-11-12,43,Closed
T083,08-09,2008-11-12,43,Closed
T084,08-09,2008-11-12,43,Closed
T085,08-09,2008-11-12,43,Closed
T086,08-09,2008-11-12,43,Closed
T087,08-09,2008-11-12,43,Closed
T088,08-09,2008-11-12,43,Closed
T089,08-09,2008-11-12,43,Closed
T090,08-09,2008-11-12,43,Closed
T091,08-09,2008-11-12,43,Closed
T092,08-09,2008-11-12,43,Closed
T127,08-09,2008-11-12,43,Closed
T134,08-09,2008-11-12,43,Closed
T135,08-09,2008-11-12,43,Closed
T136,08-09,2008-11-12,43,Closed
T137,08-09,2008-11-12,43,Closed
T148,08-09,2008-11-12,43,Closed
T151,08-09,2008-11-12,43,Closed
T152,08-09,2008-11-12,43,Closed
T156,08-09,2008-11-12,43,Closed
T157,08-09,2008-11-12,43,Closed
T002,08-09,2008-11-13,44,Closed
T003,08-09,2008-11-13,44,Closed
T004,08-09,2008-11-13,44,Closed
T005,08-09,2008-11-13,44,Groomed
T006,08-09,2008-11-13,44,Closed
T007,08-09,2008-11-13,44,Closed
T008,08-09,2008-11-13,44,Closed
T009,08-09,2008-11-13,44,Closed
T010,08-09,2008-11-13,44,Closed
T011,08-09,2008-11-13,44,Closed
T012,08-09,2008-11-13,44,Closed
T013,08-09,2008-11-13,44,Closed
T015,08-09,2008-11-13,44,Closed
T016,08-09,2008-11-13,44,Closed
T017,08-09,2008-11-13,44,Closed
T018,08-09,2008-11-13,44,Closed
T019,08-09,2008-11-13,44,Closed
T020,08-09,2008-11-13,44,Closed
T021,08-09,2008-11-13,44,Closed
T022,08-09,2008-11-13,44,Groomed
T023,08-09,2008-11-13,44,Closed
T024,08-09,2008-11-13,44,Closed
T025,08-09,2008-11-13,44,Closed
T026,08-09,2008-11-13,44,Closed
T027,08-09,2008-11-13,44,Closed
T028,08-09,2008-11-13,44,Closed
T029,08-09,2008-11-13,44,Closed
T030,08-09,2008-11-13,44,Closed
T031,08-09,2008-11-13,44,Closed
T032,08-09,2008-11-13,44,Closed
T033,08-09,2008-11-13,44,Closed
T034,08-09,2008-11-13,44,Groomed
T035,08-09,2008-11-13,44,Closed
T036,08-09,2008-11-13,44,Groomed
T037,08-09,2008-11-13,44,Closed
T038,08-09,2008-11-13,44,Closed
T039,08-09,2008-11-13,44,Closed
T040,08-09,2008-11-13,44,Closed
T042,08-09,2008-11-13,44,Closed
T043,08-09,2008-11-13,44,Closed
T044,08-09,2008-11-13,44,Closed
T045,08-09,2008-11-13,44,Closed
T046,08-09,2008-11-13,44,Closed
T047,08-09,2008-11-13,44,Closed
T061,08-09,2008-11-13,44,Closed
T063,08-09,2008-11-13,44,Closed
T064,08-09,2008-11-13,44,Closed
T065,08-09,2008-11-13,44,Closed
T066,08-09,2008-11-13,44,Closed
T067,08-09,2008-11-13,44,Closed
T068,08-09,2008-11-13,44,Closed
T069,08-09,2008-11-13,44,Closed
T070,08-09,2008-11-13,44,Closed
T071,08-09,2008-11-13,44,Closed
T072,08-09,2008-11-13,44,Closed
T073,08-09,2008-11-13,44,Closed
T074,08-09,2008-11-13,44,Closed
T075,08-09,2008-11-13,44,Closed
T076,08-09,2008-11-13,44,Closed
T077,08-09,2008-11-13,44,Closed
T078,08-09,2008-11-13,44,Closed
T079,08-09,2008-11-13,44,Closed
T080,08-09,2008-11-13,44,Closed
T081,08-09,2008-11-13,44,Closed
T083,08-09,2008-11-13,44,Closed
T084,08-09,2008-11-13,44,Closed
T085,08-09,2008-11-13,44,Closed
T086,08-09,2008-11-13,44,Closed
T087,08-09,2008-11-13,44,Closed
T088,08-09,2008-11-13,44,Closed
T089,08-09,2008-11-13,44,Closed
T090,08-09,2008-11-13,44,Closed
T091,08-09,2008-11-13,44,Closed
T092,08-09,2008-11-13,44,Closed
T127,08-09,2008-11-13,44,Closed
T134,08-09,2008-11-13,44,Closed
T135,08-09,2008-11-13,44,Closed
T136,08-09,2008-11-13,44,Closed
T137,08-09,2008-11-13,44,Closed
T148,08-09,2008-11-13,44,Closed
T151,08-09,2008-11-13,44,Closed
T152,08-09,2008-11-13,44,Closed
T156,08-09,2008-11-13,44,Closed
T157,08-09,2008-11-13,44,Closed
T002,08-09,2008-11-14,45,Closed
T003,08-09,2008-11-14,45,Closed
T004,08-09,2008-11-14,45,Closed
T005,08-09,2008-11-14,45,Groomed
T006,08-09,2008-11-14,45,Closed
T007,08-09,2008-11-14,45,Closed
T008,08-09,2008-11-14,45,Closed
T009,08-09,2008-11-14,45,Groomed
T010,08-09,2008-11-14,45,Closed
T011,08-09,2008-11-14,45,Groomed
T012,08-09,2008-11-14,45,Closed
T013,08-09,2008-11-14,45,Groomed
T015,08-09,2008-11-14,45,Closed
T016,08-09,2008-11-14,45,Closed
T017,08-09,2008-11-14,45,Closed
T018,08-09,2008-11-14,45,Closed
T019,08-09,2008-11-14,45,Closed
T020,08-09,2008-11-14,45,Closed
T021,08-09,2008-11-14,45,Closed
T022,08-09,2008-11-14,45,Groomed
T023,08-09,2008-11-14,45,Closed
T024,08-09,2008-11-14,45,Closed
T025,08-09,2008-11-14,45,Closed
T026,08-09,2008-11-14,45,Closed
T027,08-09,2008-11-14,45,Closed
T028,08-09,2008-11-14,45,Closed
T029,08-09,2008-11-14,45,Closed
T030,08-09,2008-11-14,45,Closed
T031,08-09,2008-11-14,45,Closed
T032,08-09,2008-11-14,45,Closed
T033,08-09,2008-11-14,45,Closed
T034,08-09,2008-11-14,45,Groomed
T035,08-09,2008-11-14,45,Closed
T036,08-09,2008-11-14,45,Groomed
T037,08-09,2008-11-14,45,Closed
T038,08-09,2008-11-14,45,Closed
T039,08-09,2008-11-14,45,Closed
T040,08-09,2008-11-14,45,Closed
T042,08-09,2008-11-14,45,Closed
T043,08-09,2008-11-14,45,Closed
T044,08-09,2008-11-14,45,Closed
T045,08-09,2008-11-14,45,Closed
T046,08-09,2008-11-14,45,Closed
T047,08-09,2008-11-14,45,Closed
T061,08-09,2008-11-14,45,Closed
T063,08-09,2008-11-14,45,Closed
T064,08-09,2008-11-14,45,Closed
T065,08-09,2008-11-14,45,Closed
T066,08-09,2008-11-14,45,Closed
T067,08-09,2008-11-14,45,Closed
T068,08-09,2008-11-14,45,Closed
T069,08-09,2008-11-14,45,Closed
T070,08-09,2008-11-14,45,Closed
T071,08-09,2008-11-14,45,Closed
T072,08-09,2008-11-14,45,Closed
T073,08-09,2008-11-14,45,Closed
T074,08-09,2008-11-14,45,Closed
T075,08-09,2008-11-14,45,Closed
T076,08-09,2008-11-14,45,Closed
T077,08-09,2008-11-14,45,Closed
T078,08-09,2008-11-14,45,Closed
T079,08-09,2008-11-14,45,Closed
T080,08-09,2008-11-14,45,Closed
T081,08-09,2008-11-14,45,Closed
T083,08-09,2008-11-14,45,Closed
T084,08-09,2008-11-14,45,Closed
T085,08-09,2008-11-14,45,Closed
T086,08-09,2008-11-14,45,Closed
T087,08-09,2008-11-14,45,Closed
T088,08-09,2008-11-14,45,Closed
T089,08-09,2008-11-14,45,Closed
T090,08-09,2008-11-14,45,Closed
T091,08-09,2008-11-14,45,Closed
T092,08-09,2008-11-14,45,Closed
T127,08-09,2008-11-14,45,Closed
T134,08-09,2008-11-14,45,Closed
T135,08-09,2008-11-14,45,Closed
T136,08-09,2008-11-14,45,Closed
T137,08-09,2008-11-14,45,Closed
T148,08-09,2008-11-14,45,Closed
T151,08-09,2008-11-14,45,Closed
T152,08-09,2008-11-14,45,Closed
T156,08-09,2008-11-14,45,Closed
T157,08-09,2008-11-14,45,Closed
T002,08-09,2008-11-15,46,Closed
T003,08-09,2008-11-15,46,Closed
T004,08-09,2008-11-15,46,Closed
T005,08-09,2008-11-15,46,Groomed
T006,08-09,2008-11-15,46,Closed
T007,08-09,2008-11-15,46,Closed
T008,08-09,2008-11-15,46,Closed
T009,08-09,2008-11-15,46,Groomed
T010,08-09,2008-11-15,46,Closed
T011,08-09,2008-11-15,46,Groomed
T012,08-09,2008-11-15,46,Closed
T013,08-09,2008-11-15,46,Groomed
T015,08-09,2008-11-15,46,Closed
T016,08-09,2008-11-15,46,Closed
T017,08-09,2008-11-15,46,Closed
T018,08-09,2008-11-15,46,Closed
T019,08-09,2008-11-15,46,Closed
T020,08-09,2008-11-15,46,Closed
T021,08-09,2008-11-15,46,Closed
T022,08-09,2008-11-15,46,Groomed
T023,08-09,2008-11-15,46,Closed
T024,08-09,2008-11-15,46,Closed
T025,08-09,2008-11-15,46,Closed
T026,08-09,2008-11-15,46,Closed
T027,08-09,2008-11-15,46,Closed
T028,08-09,2008-11-15,46,Closed
T029,08-09,2008-11-15,46,Closed
T030,08-09,2008-11-15,46,Closed
T031,08-09,2008-11-15,46,Closed
T032,08-09,2008-11-15,46,Closed
T033,08-09,2008-11-15,46,Closed
T034,08-09,2008-11-15,46,Groomed
T035,08-09,2008-11-15,46,Closed
T036,08-09,2008-11-15,46,Groomed
T037,08-09,2008-11-15,46,Closed
T038,08-09,2008-11-15,46,Closed
T039,08-09,2008-11-15,46,Closed
T040,08-09,2008-11-15,46,Closed
T042,08-09,2008-11-15,46,Closed
T043,08-09,2008-11-15,46,Closed
T044,08-09,2008-11-15,46,Closed
T045,08-09,2008-11-15,46,Closed
T046,08-09,2008-11-15,46,Closed
T047,08-09,2008-11-15,46,Closed
T061,08-09,2008-11-15,46,Closed
T063,08-09,2008-11-15,46,Closed
T064,08-09,2008-11-15,46,Closed
T065,08-09,2008-11-15,46,Closed
T066,08-09,2008-11-15,46,Closed
T067,08-09,2008-11-15,46,Closed
T068,08-09,2008-11-15,46,Closed
T069,08-09,2008-11-15,46,Closed
T070,08-09,2008-11-15,46,Closed
T071,08-09,2008-11-15,46,Closed
T072,08-09,2008-11-15,46,Closed
T073,08-09,2008-11-15,46,Closed
T074,08-09,2008-11-15,46,Closed
T075,08-09,2008-11-15,46,Closed
T076,08-09,2008-11-15,46,Closed
T077,08-09,2008-11-15,46,Closed
T078,08-09,2008-11-15,46,Closed
T079,08-09,2008-11-15,46,Closed
T080,08-09,2008-11-15,46,Closed
T081,08-09,2008-11-15,46,Closed
T083,08-09,2008-11-15,46,Closed
T084,08-09,2008-11-15,46,Closed
T085,08-09,2008-11-15,46,Closed
T086,08-09,2008-11-15,46,Closed
T087,08-09,2008-11-15,46,Closed
T088,08-09,2008-11-15,46,Closed
T089,08-09,2008-11-15,46,Closed
T090,08-09,2008-11-15,46,Closed
T091,08-09,2008-11-15,46,Closed
T092,08-09,2008-11-15,46,Closed
T127,08-09,2008-11-15,46,Closed
T134,08-09,2008-11-15,46,Closed
T135,08-09,2008-11-15,46,Closed
T136,08-09,2008-11-15,46,Closed
T137,08-09,2008-11-15,46,Closed
T148,08-09,2008-11-15,46,Closed
T151,08-09,2008-11-15,46,Closed
T152,08-09,2008-11-15,46,Closed
T156,08-09,2008-11-15,46,Closed
T157,08-09,2008-11-15,46,Closed
T002,08-09,2008-11-16,47,Closed
T003,08-09,2008-11-16,47,Closed
T004,08-09,2008-11-16,47,Closed
T005,08-09,2008-11-16,47,Groomed
T006,08-09,2008-11-16,47,Closed
T007,08-09,2008-11-16,47,Closed
T008,08-09,2008-11-16,47,Closed
T009,08-09,2008-11-16,47,Groomed
T010,08-09,2008-11-16,47,Closed
T011,08-09,2008-11-16,47,Groomed
T012,08-09,2008-11-16,47,Closed
T013,08-09,2008-11-16,47,Groomed
T015,08-09,2008-11-16,47,Closed
T016,08-09,2008-11-16,47,Closed
T017,08-09,2008-11-16,47,Closed
T018,08-09,2008-11-16,47,Closed
T019,08-09,2008-11-16,47,Closed
T020,08-09,2008-11-16,47,Closed
T021,08-09,2008-11-16,47,Closed
T022,08-09,2008-11-16,47,Groomed
T023,08-09,2008-11-16,47,Closed
T024,08-09,2008-11-16,47,Closed
T025,08-09,2008-11-16,47,Closed
T026,08-09,2008-11-16,47,Closed
T027,08-09,2008-11-16,47,Closed
T028,08-09,2008-11-16,47,Closed
T029,08-09,2008-11-16,47,Closed
T030,08-09,2008-11-16,47,Closed
T031,08-09,2008-11-16,47,Closed
T032,08-09,2008-11-16,47,Closed
T033,08-09,2008-11-16,47,Closed
T034,08-09,2008-11-16,47,Groomed
T035,08-09,2008-11-16,47,Closed
T036,08-09,2008-11-16,47,Groomed
T037,08-09,2008-11-16,47,Closed
T038,08-09,2008-11-16,47,Closed
T039,08-09,2008-11-16,47,Closed
T040,08-09,2008-11-16,47,Closed
T042,08-09,2008-11-16,47,Closed
T043,08-09,2008-11-16,47,Closed
T044,08-09,2008-11-16,47,Closed
T045,08-09,2008-11-16,47,Closed
T046,08-09,2008-11-16,47,Closed
T047,08-09,2008-11-16,47,Closed
T061,08-09,2008-11-16,47,Closed
T063,08-09,2008-11-16,47,Closed
T064,08-09,2008-11-16,47,Closed
T065,08-09,2008-11-16,47,Closed
T066,08-09,2008-11-16,47,Closed
T067,08-09,2008-11-16,47,Closed
T068,08-09,2008-11-16,47,Closed
T069,08-09,2008-11-16,47,Closed
T070,08-09,2008-11-16,47,Closed
T071,08-09,2008-11-16,47,Closed
T072,08-09,2008-11-16,47,Closed
T073,08-09,2008-11-16,47,Closed
T074,08-09,2008-11-16,47,Closed
T075,08-09,2008-11-16,47,Closed
T076,08-09,2008-11-16,47,Closed
T077,08-09,2008-11-16,47,Closed
T078,08-09,2008-11-16,47,Closed
T079,08-09,2008-11-16,47,Closed
T080,08-09,2008-11-16,47,Closed
T081,08-09,2008-11-16,47,Closed
T083,08-09,2008-11-16,47,Closed
T084,08-09,2008-11-16,47,Closed
T085,08-09,2008-11-16,47,Closed
T086,08-09,2008-11-16,47,Closed
T087,08-09,2008-11-16,47,Closed
T088,08-09,2008-11-16,47,Closed
T089,08-09,2008-11-16,47,Closed
T090,08-09,2008-11-16,47,Closed
T091,08-09,2008-11-16,47,Closed
T092,08-09,2008-11-16,47,Closed
T127,08-09,2008-11-16,47,Closed
T134,08-09,2008-11-16,47,Closed
T135,08-09,2008-11-16,47,Closed
T136,08-09,2008-11-16,47,Closed
T137,08-09,2008-11-16,47,Closed
T148,08-09,2008-11-16,47,Closed
T151,08-09,2008-11-16,47,Closed
T152,08-09,2008-11-16,47,Closed
T156,08-09,2008-11-16,47,Closed
T157,08-09,2008-11-16,47,Closed
T002,08-09,2008-11-17,48,Closed
T003,08-09,2008-11-17,48,Closed
T004,08-09,2008-11-17,48,Closed
T005,08-09,2008-11-17,48,Groomed
T006,08-09,2008-11-17,48,Closed
T007,08-09,2008-11-17,48,Closed
T008,08-09,2008-11-17,48,Closed
T009,08-09,2008-11-17,48,Groomed
T010,08-09,2008-11-17,48,Closed
T011,08-09,2008-11-17,48,Groomed
T012,08-09,2008-11-17,48,Closed
T013,08-09,2008-11-17,48,Groomed
T015,08-09,2008-11-17,48,Closed
T016,08-09,2008-11-17,48,Closed
T017,08-09,2008-11-17,48,Closed
T018,08-09,2008-11-17,48,Closed
T019,08-09,2008-11-17,48,Closed
T020,08-09,2008-11-17,48,Closed
T021,08-09,2008-11-17,48,Closed
T022,08-09,2008-11-17,48,Groomed
T023,08-09,2008-11-17,48,Closed
T024,08-09,2008-11-17,48,Closed
T025,08-09,2008-11-17,48,Closed
T026,08-09,2008-11-17,48,Closed
T027,08-09,2008-11-17,48,Closed
T028,08-09,2008-11-17,48,Closed
T029,08-09,2008-11-17,48,Closed
T030,08-09,2008-11-17,48,Closed
T031,08-09,2008-11-17,48,Closed
T032,08-09,2008-11-17,48,Closed
T033,08-09,2008-11-17,48,Closed
T034,08-09,2008-11-17,48,Groomed
T035,08-09,2008-11-17,48,Closed
T036,08-09,2008-11-17,48,Groomed
T037,08-09,2008-11-17,48,Closed
T038,08-09,2008-11-17,48,Closed
T039,08-09,2008-11-17,48,Closed
T040,08-09,2008-11-17,48,Closed
T042,08-09,2008-11-17,48,Closed
T043,08-09,2008-11-17,48,Closed
T044,08-09,2008-11-17,48,Closed
T045,08-09,2008-11-17,48,Closed
T046,08-09,2008-11-17,48,Closed
T047,08-09,2008-11-17,48,Closed
T061,08-09,2008-11-17,48,Closed
T063,08-09,2008-11-17,48,Closed
T064,08-09,2008-11-17,48,Closed
T065,08-09,2008-11-17,48,Closed
T066,08-09,2008-11-17,48,Closed
T067,08-09,2008-11-17,48,Closed
T068,08-09,2008-11-17,48,Closed
T069,08-09,2008-11-17,48,Closed
T070,08-09,2008-11-17,48,Closed
T071,08-09,2008-11-17,48,Closed
T072,08-09,2008-11-17,48,Closed
T073,08-09,2008-11-17,48,Closed
T074,08-09,2008-11-17,48,Closed
T075,08-09,2008-11-17,48,Closed
T076,08-09,2008-11-17,48,Closed
T077,08-09,2008-11-17,48,Closed
T078,08-09,2008-11-17,48,Closed
T079,08-09,2008-11-17,48,Closed
T080,08-09,2008-11-17,48,Closed
T081,08-09,2008-11-17,48,Closed
T083,08-09,2008-11-17,48,Closed
T084,08-09,2008-11-17,48,Closed
T085,08-09,2008-11-17,48,Closed
T086,08-09,2008-11-17,48,Closed
T087,08-09,2008-11-17,48,Closed
T088,08-09,2008-11-17,48,Closed
T089,08-09,2008-11-17,48,Closed
T090,08-09,2008-11-17,48,Closed
T091,08-09,2008-11-17,48,Closed
T092,08-09,2008-11-17,48,Closed
T127,08-09,2008-11-17,48,Closed
T134,08-09,2008-11-17,48,Closed
T135,08-09,2008-11-17,48,Closed
T136,08-09,2008-11-17,48,Closed
T137,08-09,2008-11-17,48,Closed
T148,08-09,2008-11-17,48,Closed
T151,08-09,2008-11-17,48,Closed
T152,08-09,2008-11-17,48,Closed
T156,08-09,2008-11-17,48,Closed
T157,08-09,2008-11-17,48,Closed
T002,08-09,2008-11-18,49,Closed
T003,08-09,2008-11-18,49,Closed
T004,08-09,2008-11-18,49,Closed
T005,08-09,2008-11-18,49,Groomed
T006,08-09,2008-11-18,49,Closed
T007,08-09,2008-11-18,49,Closed
T008,08-09,2008-11-18,49,Closed
T009,08-09,2008-11-18,49,Groomed
T010,08-09,2008-11-18,49,Closed
T011,08-09,2008-11-18,49,Groomed
T012,08-09,2008-11-18,49,Closed
T013,08-09,2008-11-18,49,Groomed
T015,08-09,2008-11-18,49,Closed
T016,08-09,2008-11-18,49,Closed
T017,08-09,2008-11-18,49,Closed
T018,08-09,2008-11-18,49,Closed
T019,08-09,2008-11-18,49,Closed
T020,08-09,2008-11-18,49,Closed
T021,08-09,2008-11-18,49,Closed
T022,08-09,2008-11-18,49,Groomed
T023,08-09,2008-11-18,49,Closed
T024,08-09,2008-11-18,49,Closed
T025,08-09,2008-11-18,49,Closed
T026,08-09,2008-11-18,49,Closed
T027,08-09,2008-11-18,49,Closed
T028,08-09,2008-11-18,49,Closed
T029,08-09,2008-11-18,49,Closed
T030,08-09,2008-11-18,49,Closed
T031,08-09,2008-11-18,49,Closed
T032,08-09,2008-11-18,49,Closed
T033,08-09,2008-11-18,49,Closed
T034,08-09,2008-11-18,49,Groomed
T035,08-09,2008-11-18,49,Closed
T036,08-09,2008-11-18,49,Groomed
T037,08-09,2008-11-18,49,Closed
T038,08-09,2008-11-18,49,Closed
T039,08-09,2008-11-18,49,Closed
T040,08-09,2008-11-18,49,Closed
T042,08-09,2008-11-18,49,Closed
T043,08-09,2008-11-18,49,Closed
T044,08-09,2008-11-18,49,Closed
T045,08-09,2008-11-18,49,Closed
T046,08-09,2008-11-18,49,Closed
T047,08-09,2008-11-18,49,Closed
T061,08-09,2008-11-18,49,Closed
T063,08-09,2008-11-18,49,Closed
T064,08-09,2008-11-18,49,Closed
T065,08-09,2008-11-18,49,Closed
T066,08-09,2008-11-18,49,Closed
T067,08-09,2008-11-18,49,Closed
T068,08-09,2008-11-18,49,Closed
T069,08-09,2008-11-18,49,Closed
T070,08-09,2008-11-18,49,Closed
T071,08-09,2008-11-18,49,Closed
T072,08-09,2008-11-18,49,Closed
T073,08-09,2008-11-18,49,Closed
T074,08-09,2008-11-18,49,Closed
T075,08-09,2008-11-18,49,Closed
T076,08-09,2008-11-18,49,Closed
T077,08-09,2008-11-18,49,Closed
T078,08-09,2008-11-18,49,Closed
T079,08-09,2008-11-18,49,Closed
T080,08-09,2008-11-18,49,Closed
T081,08-09,2008-11-18,49,Closed
T083,08-09,2008-11-18,49,Closed
T084,08-09,2008-11-18,49,Closed
T085,08-09,2008-11-18,49,Closed
T086,08-09,2008-11-18,49,Closed
T087,08-09,2008-11-18,49,Closed
T088,08-09,2008-11-18,49,Closed
T089,08-09,2008-11-18,49,Closed
T090,08-09,2008-11-18,49,Closed
T091,08-09,2008-11-18,49,Closed
T092,08-09,2008-11-18,49,Closed
T127,08-09,2008-11-18,49,Closed
T134,08-09,2008-11-18,49,Closed
T135,08-09,2008-11-18,49,Closed
T136,08-09,2008-11-18,49,Closed
T137,08-09,2008-11-18,49,Closed
T148,08-09,2008-11-18,49,Closed
T151,08-09,2008-11-18,49,Closed
T152,08-09,2008-11-18,49,Closed
T156,08-09,2008-11-18,49,Closed
T157,08-09,2008-11-18,49,Closed
T002,08-09,2008-11-19,50,Closed
T003,08-09,2008-11-19,50,Closed
T004,08-09,2008-11-19,50,Closed
T005,08-09,2008-11-19,50,Groomed
T006,08-09,2008-11-19,50,Closed
T007,08-09,2008-11-19,50,Closed
T008,08-09,2008-11-19,50,Closed
T009,08-09,2008-11-19,50,Groomed
T010,08-09,2008-11-19,50,Closed
T011,08-09,2008-11-19,50,Groomed
T012,08-09,2008-11-19,50,Closed
T013,08-09,2008-11-19,50,Groomed
T015,08-09,2008-11-19,50,Closed
T016,08-09,2008-11-19,50,Closed
T017,08-09,2008-11-19,50,Closed
T018,08-09,2008-11-19,50,Closed
T019,08-09,2008-11-19,50,Closed
T020,08-09,2008-11-19,50,Closed
T021,08-09,2008-11-19,50,Closed
T022,08-09,2008-11-19,50,Groomed
T023,08-09,2008-11-19,50,Closed
T024,08-09,2008-11-19,50,Closed
T025,08-09,2008-11-19,50,Closed
T026,08-09,2008-11-19,50,Closed
T027,08-09,2008-11-19,50,Closed
T028,08-09,2008-11-19,50,Closed
T029,08-09,2008-11-19,50,Closed
T030,08-09,2008-11-19,50,Closed
T031,08-09,2008-11-19,50,Closed
T032,08-09,2008-11-19,50,Closed
T033,08-09,2008-11-19,50,Closed
T034,08-09,2008-11-19,50,Groomed
T035,08-09,2008-11-19,50,Closed
T036,08-09,2008-11-19,50,Groomed
T037,08-09,2008-11-19,50,Closed
T038,08-09,2008-11-19,50,Closed
T039,08-09,2008-11-19,50,Closed
T040,08-09,2008-11-19,50,Closed
T042,08-09,2008-11-19,50,Closed
T043,08-09,2008-11-19,50,Closed
T044,08-09,2008-11-19,50,Closed
T045,08-09,2008-11-19,50,Closed
T046,08-09,2008-11-19,50,Closed
T047,08-09,2008-11-19,50,Closed
T061,08-09,2008-11-19,50,Closed
T063,08-09,2008-11-19,50,Closed
T064,08-09,2008-11-19,50,Closed
T065,08-09,2008-11-19,50,Closed
T066,08-09,2008-11-19,50,Closed
T067,08-09,2008-11-19,50,Closed
T068,08-09,2008-11-19,50,Closed
T069,08-09,2008-11-19,50,Closed
T070,08-09,2008-11-19,50,Closed
T071,08-09,2008-11-19,50,Closed
T072,08-09,2008-11-19,50,Closed
T073,08-09,2008-11-19,50,Closed
T074,08-09,2008-11-19,50,Closed
T075,08-09,2008-11-19,50,Closed
T076,08-09,2008-11-19,50,Closed
T077,08-09,2008-11-19,50,Closed
T078,08-09,2008-11-19,50,Closed
T079,08-09,2008-11-19,50,Closed
T080,08-09,2008-11-19,50,Closed
T081,08-09,2008-11-19,50,Closed
T083,08-09,2008-11-19,50,Closed
T084,08-09,2008-11-19,50,Closed
T085,08-09,2008-11-19,50,Closed
T086,08-09,2008-11-19,50,Closed
T087,08-09,2008-11-19,50,Closed
T088,08-09,2008-11-19,50,Closed
T089,08-09,2008-11-19,50,Closed
T090,08-09,2008-11-19,50,Closed
T091,08-09,2008-11-19,50,Closed
T092,08-09,2008-11-19,50,Closed
T127,08-09,2008-11-19,50,Closed
T134,08-09,2008-11-19,50,Closed
T135,08-09,2008-11-19,50,Closed
T136,08-09,2008-11-19,50,Closed
T137,08-09,2008-11-19,50,Closed
T148,08-09,2008-11-19,50,Closed
T151,08-09,2008-11-19,50,Closed
T152,08-09,2008-11-19,50,Closed
T156,08-09,2008-11-19,50,Closed
T157,08-09,2008-11-19,50,Closed
T002,08-09,2008-11-20,51,Closed
T003,08-09,2008-11-20,51,Closed
T004,08-09,2008-11-20,51,Closed
T005,08-09,2008-11-20,51,Groomed
T006,08-09,2008-11-20,51,Closed
T007,08-09,2008-11-20,51,Closed
T008,08-09,2008-11-20,51,Closed
T009,08-09,2008-11-20,51,Groomed
T010,08-09,2008-11-20,51,Closed
T011,08-09,2008-11-20,51,Groomed
T012,08-09,2008-11-20,51,Closed
T013,08-09,2008-11-20,51,Groomed
T015,08-09,2008-11-20,51,Closed
T016,08-09,2008-11-20,51,Closed
T017,08-09,2008-11-20,51,Closed
T018,08-09,2008-11-20,51,Closed
T019,08-09,2008-11-20,51,Closed
T020,08-09,2008-11-20,51,Closed
T021,08-09,2008-11-20,51,Closed
T022,08-09,2008-11-20,51,Groomed
T023,08-09,2008-11-20,51,Closed
T024,08-09,2008-11-20,51,Closed
T025,08-09,2008-11-20,51,Closed
T026,08-09,2008-11-20,51,Closed
T027,08-09,2008-11-20,51,Closed
T028,08-09,2008-11-20,51,Closed
T029,08-09,2008-11-20,51,Closed
T030,08-09,2008-11-20,51,Closed
T031,08-09,2008-11-20,51,Closed
T032,08-09,2008-11-20,51,Closed
T033,08-09,2008-11-20,51,Closed
T034,08-09,2008-11-20,51,Groomed
T035,08-09,2008-11-20,51,Closed
T036,08-09,2008-11-20,51,Groomed
T037,08-09,2008-11-20,51,Closed
T038,08-09,2008-11-20,51,Closed
T039,08-09,2008-11-20,51,Closed
T040,08-09,2008-11-20,51,Closed
T042,08-09,2008-11-20,51,Closed
T043,08-09,2008-11-20,51,Closed
T044,08-09,2008-11-20,51,Closed
T045,08-09,2008-11-20,51,Closed
T046,08-09,2008-11-20,51,Closed
T047,08-09,2008-11-20,51,Closed
T061,08-09,2008-11-20,51,Closed
T063,08-09,2008-11-20,51,Closed
T064,08-09,2008-11-20,51,Closed
T065,08-09,2008-11-20,51,Closed
T066,08-09,2008-11-20,51,Closed
T067,08-09,2008-11-20,51,Closed
T068,08-09,2008-11-20,51,Closed
T069,08-09,2008-11-20,51,Closed
T070,08-09,2008-11-20,51,Closed
T071,08-09,2008-11-20,51,Closed
T072,08-09,2008-11-20,51,Closed
T073,08-09,2008-11-20,51,Closed
T074,08-09,2008-11-20,51,Closed
T075,08-09,2008-11-20,51,Closed
T076,08-09,2008-11-20,51,Closed
T077,08-09,2008-11-20,51,Closed
T078,08-09,2008-11-20,51,Closed
T079,08-09,2008-11-20,51,Closed
T080,08-09,2008-11-20,51,Closed
T081,08-09,2008-11-20,51,Closed
T083,08-09,2008-11-20,51,Closed
T084,08-09,2008-11-20,51,Closed
T085,08-09,2008-11-20,51,Closed
T086,08-09,2008-11-20,51,Closed
T087,08-09,2008-11-20,51,Closed
T088,08-09,2008-11-20,51,Closed
T089,08-09,2008-11-20,51,Closed
T090,08-09,2008-11-20,51,Closed
T091,08-09,2008-11-20,51,Closed
T092,08-09,2008-11-20,51,Closed
T127,08-09,2008-11-20,51,Closed
T134,08-09,2008-11-20,51,Closed
T135,08-09,2008-11-20,51,Closed
T136,08-09,2008-11-20,51,Closed
T137,08-09,2008-11-20,51,Closed
T148,08-09,2008-11-20,51,Closed
T151,08-09,2008-11-20,51,Closed
T152,08-09,2008-11-20,51,Closed
T156,08-09,2008-11-20,51,Closed
T157,08-09,2008-11-20,51,Closed
T002,08-09,2008-11-21,52,Closed
T003,08-09,2008-11-21,52,Closed
T004,08-09,2008-11-21,52,Closed
T005,08-09,2008-11-21,52,Groomed
T006,08-09,2008-11-21,52,Closed
T007,08-09,2008-11-21,52,Closed
T008,08-09,2008-11-21,52,Groomed
T009,08-09,2008-11-21,52,Groomed
T010,08-09,2008-11-21,52,Closed
T011,08-09,2008-11-21,52,Groomed
T012,08-09,2008-11-21,52,Closed
T013,08-09,2008-11-21,52,Groomed
T015,08-09,2008-11-21,52,Closed
T016,08-09,2008-11-21,52,Closed
T017,08-09,2008-11-21,52,Closed
T018,08-09,2008-11-21,52,Closed
T019,08-09,2008-11-21,52,Closed
T020,08-09,2008-11-21,52,Closed
T021,08-09,2008-11-21,52,Closed
T022,08-09,2008-11-21,52,Groomed
T023,08-09,2008-11-21,52,Closed
T024,08-09,2008-11-21,52,Closed
T025,08-09,2008-11-21,52,Closed
T026,08-09,2008-11-21,52,Closed
T027,08-09,2008-11-21,52,Closed
T028,08-09,2008-11-21,52,Closed
T029,08-09,2008-11-21,52,Closed
T030,08-09,2008-11-21,52,Closed
T031,08-09,2008-11-21,52,Closed
T032,08-09,2008-11-21,52,Closed
T033,08-09,2008-11-21,52,Closed
T034,08-09,2008-11-21,52,Groomed
T035,08-09,2008-11-21,52,Closed
T036,08-09,2008-11-21,52,Groomed
T037,08-09,2008-11-21,52,Closed
T038,08-09,2008-11-21,52,Closed
T039,08-09,2008-11-21,52,Closed
T040,08-09,2008-11-21,52,Closed
T042,08-09,2008-11-21,52,Closed
T043,08-09,2008-11-21,52,Closed
T044,08-09,2008-11-21,52,Closed
T045,08-09,2008-11-21,52,Closed
T046,08-09,2008-11-21,52,Closed
T047,08-09,2008-11-21,52,Closed
T061,08-09,2008-11-21,52,Closed
T063,08-09,2008-11-21,52,Closed
T064,08-09,2008-11-21,52,Closed
T065,08-09,2008-11-21,52,Closed
T066,08-09,2008-11-21,52,Closed
T067,08-09,2008-11-21,52,Closed
T068,08-09,2008-11-21,52,Closed
T069,08-09,2008-11-21,52,Closed
T070,08-09,2008-11-21,52,Closed
T071,08-09,2008-11-21,52,Closed
T072,08-09,2008-11-21,52,Closed
T073,08-09,2008-11-21,52,Closed
T074,08-09,2008-11-21,52,Closed
T075,08-09,2008-11-21,52,Closed
T076,08-09,2008-11-21,52,Closed
T077,08-09,2008-11-21,52,Closed
T078,08-09,2008-11-21,52,Closed
T079,08-09,2008-11-21,52,Closed
T080,08-09,2008-11-21,52,Closed
T081,08-09,2008-11-21,52,Closed
T083,08-09,2008-11-21,52,Closed
T084,08-09,2008-11-21,52,Closed
T085,08-09,2008-11-21,52,Closed
T086,08-09,2008-11-21,52,Closed
T087,08-09,2008-11-21,52,Closed
T088,08-09,2008-11-21,52,Closed
T089,08-09,2008-11-21,52,Closed
T090,08-09,2008-11-21,52,Closed
T091,08-09,2008-11-21,52,Closed
T092,08-09,2008-11-21,52,Closed
T127,08-09,2008-11-21,52,Closed
T134,08-09,2008-11-21,52,Closed
T135,08-09,2008-11-21,52,Closed
T136,08-09,2008-11-21,52,Closed
T137,08-09,2008-11-21,52,Closed
T148,08-09,2008-11-21,52,Closed
T151,08-09,2008-11-21,52,Closed
T152,08-09,2008-11-21,52,Closed
T156,08-09,2008-11-21,52,Closed
T157,08-09,2008-11-21,52,Closed
T002,08-09,2008-11-22,53,Closed
T003,08-09,2008-11-22,53,Closed
T004,08-09,2008-11-22,53,Closed
T005,08-09,2008-11-22,53,Groomed
T006,08-09,2008-11-22,53,Closed
T007,08-09,2008-11-22,53,Closed
T008,08-09,2008-11-22,53,Groomed
T009,08-09,2008-11-22,53,Groomed
T010,08-09,2008-11-22,53,Closed
T011,08-09,2008-11-22,53,Groomed
T012,08-09,2008-11-22,53,Closed
T013,08-09,2008-11-22,53,Groomed
T015,08-09,2008-11-22,53,Closed
T016,08-09,2008-11-22,53,Closed
T017,08-09,2008-11-22,53,Closed
T018,08-09,2008-11-22,53,Closed
T019,08-09,2008-11-22,53,Closed
T020,08-09,2008-11-22,53,Closed
T021,08-09,2008-11-22,53,Closed
T022,08-09,2008-11-22,53,Groomed
T023,08-09,2008-11-22,53,Closed
T024,08-09,2008-11-22,53,Closed
T025,08-09,2008-11-22,53,Closed
T026,08-09,2008-11-22,53,Closed
T027,08-09,2008-11-22,53,Closed
T028,08-09,2008-11-22,53,Closed
T029,08-09,2008-11-22,53,Closed
T030,08-09,2008-11-22,53,Closed
T031,08-09,2008-11-22,53,Closed
T032,08-09,2008-11-22,53,Closed
T033,08-09,2008-11-22,53,Closed
T034,08-09,2008-11-22,53,Groomed
T035,08-09,2008-11-22,53,Closed
T036,08-09,2008-11-22,53,Groomed
T037,08-09,2008-11-22,53,Closed
T038,08-09,2008-11-22,53,Closed
T039,08-09,2008-11-22,53,Closed
T040,08-09,2008-11-22,53,Closed
T042,08-09,2008-11-22,53,Closed
T043,08-09,2008-11-22,53,Closed
T044,08-09,2008-11-22,53,Closed
T045,08-09,2008-11-22,53,Closed
T046,08-09,2008-11-22,53,Closed
T047,08-09,2008-11-22,53,Closed
T061,08-09,2008-11-22,53,Closed
T063,08-09,2008-11-22,53,Closed
T064,08-09,2008-11-22,53,Closed
T065,08-09,2008-11-22,53,Closed
T066,08-09,2008-11-22,53,Closed
T067,08-09,2008-11-22,53,Closed
T068,08-09,2008-11-22,53,Closed
T069,08-09,2008-11-22,53,Closed
T070,08-09,2008-11-22,53,Closed
T071,08-09,2008-11-22,53,Closed
T072,08-09,2008-11-22,53,Closed
T073,08-09,2008-11-22,53,Closed
T074,08-09,2008-11-22,53,Closed
T075,08-09,2008-11-22,53,Closed
T076,08-09,2008-11-22,53,Closed
T077,08-09,2008-11-22,53,Closed
T078,08-09,2008-11-22,53,Closed
T079,08-09,2008-11-22,53,Closed
T080,08-09,2008-11-22,53,Closed
T081,08-09,2008-11-22,53,Closed
T083,08-09,2008-11-22,53,Closed
T084,08-09,2008-11-22,53,Closed
T085,08-09,2008-11-22,53,Closed
T086,08-09,2008-11-22,53,Closed
T087,08-09,2008-11-22,53,Closed
T088,08-09,2008-11-22,53,Closed
T089,08-09,2008-11-22,53,Closed
T090,08-09,2008-11-22,53,Closed
T091,08-09,2008-11-22,53,Closed
T092,08-09,2008-11-22,53,Closed
T127,08-09,2008-11-22,53,Closed
T134,08-09,2008-11-22,53,Closed
T135,08-09,2008-11-22,53,Closed
T136,08-09,2008-11-22,53,Closed
T137,08-09,2008-11-22,53,Closed
T148,08-09,2008-11-22,53,Closed
T151,08-09,2008-11-22,53,Closed
T152,08-09,2008-11-22,53,Closed
T156,08-09,2008-11-22,53,Closed
T157,08-09,2008-11-22,53,Closed
T002,08-09,2008-11-23,54,Closed
T003,08-09,2008-11-23,54,Closed
T004,08-09,2008-11-23,54,Closed
T005,08-09,2008-11-23,54,Groomed
T006,08-09,2008-11-23,54,Closed
T007,08-09,2008-11-23,54,Closed
T008,08-09,2008-11-23,54,Groomed
T009,08-09,2008-11-23,54,Groomed
T010,08-09,2008-11-23,54,Closed
T011,08-09,2008-11-23,54,Groomed
T012,08-09,2008-11-23,54,Closed
T013,08-09,2008-11-23,54,Groomed
T015,08-09,2008-11-23,54,Closed
T016,08-09,2008-11-23,54,Closed
T017,08-09,2008-11-23,54,Closed
T018,08-09,2008-11-23,54,Closed
T019,08-09,2008-11-23,54,Closed
T020,08-09,2008-11-23,54,Closed
T021,08-09,2008-11-23,54,Closed
T022,08-09,2008-11-23,54,Groomed
T023,08-09,2008-11-23,54,Closed
T024,08-09,2008-11-23,54,Closed
T025,08-09,2008-11-23,54,Closed
T026,08-09,2008-11-23,54,Closed
T027,08-09,2008-11-23,54,Closed
T028,08-09,2008-11-23,54,Closed
T029,08-09,2008-11-23,54,Closed
T030,08-09,2008-11-23,54,Closed
T031,08-09,2008-11-23,54,Closed
T032,08-09,2008-11-23,54,Closed
T033,08-09,2008-11-23,54,Closed
T034,08-09,2008-11-23,54,Groomed
T035,08-09,2008-11-23,54,Closed
T036,08-09,2008-11-23,54,Groomed
T037,08-09,2008-11-23,54,Closed
T038,08-09,2008-11-23,54,Closed
T039,08-09,2008-11-23,54,Closed
T040,08-09,2008-11-23,54,Closed
T042,08-09,2008-11-23,54,Closed
T043,08-09,2008-11-23,54,Closed
T044,08-09,2008-11-23,54,Closed
T045,08-09,2008-11-23,54,Closed
T046,08-09,2008-11-23,54,Closed
T047,08-09,2008-11-23,54,Closed
T061,08-09,2008-11-23,54,Closed
T063,08-09,2008-11-23,54,Closed
T064,08-09,2008-11-23,54,Closed
T065,08-09,2008-11-23,54,Closed
T066,08-09,2008-11-23,54,Closed
T067,08-09,2008-11-23,54,Closed
T068,08-09,2008-11-23,54,Closed
T069,08-09,2008-11-23,54,Closed
T070,08-09,2008-11-23,54,Closed
T071,08-09,2008-11-23,54,Closed
T072,08-09,2008-11-23,54,Closed
T073,08-09,2008-11-23,54,Closed
T074,08-09,2008-11-23,54,Closed
T075,08-09,2008-11-23,54,Closed
T076,08-09,2008-11-23,54,Closed
T077,08-09,2008-11-23,54,Closed
T078,08-09,2008-11-23,54,Closed
T079,08-09,2008-11-23,54,Closed
T080,08-09,2008-11-23,54,Closed
T081,08-09,2008-11-23,54,Closed
T083,08-09,2008-11-23,54,Closed
T084,08-09,2008-11-23,54,Closed
T085,08-09,2008-11-23,54,Closed
T086,08-09,2008-11-23,54,Closed
T087,08-09,2008-11-23,54,Closed
T088,08-09,2008-11-23,54,Closed
T089,08-09,2008-11-23,54,Closed
T090,08-09,2008-11-23,54,Closed
T091,08-09,2008-11-23,54,Closed
T092,08-09,2008-11-23,54,Closed
T127,08-09,2008-11-23,54,Closed
T134,08-09,2008-11-23,54,Closed
T135,08-09,2008-11-23,54,Closed
T136,08-09,2008-11-23,54,Closed
T137,08-09,2008-11-23,54,Closed
T148,08-09,2008-11-23,54,Closed
T151,08-09,2008-11-23,54,Closed
T152,08-09,2008-11-23,54,Closed
T156,08-09,2008-11-23,54,Closed
T157,08-09,2008-11-23,54,Closed
T002,08-09,2008-11-24,55,Closed
T003,08-09,2008-11-24,55,Closed
T004,08-09,2008-11-24,55,Closed
T005,08-09,2008-11-24,55,Groomed
T006,08-09,2008-11-24,55,Closed
T007,08-09,2008-11-24,55,Closed
T008,08-09,2008-11-24,55,Groomed
T009,08-09,2008-11-24,55,Groomed
T010,08-09,2008-11-24,55,Closed
T011,08-09,2008-11-24,55,Groomed
T012,08-09,2008-11-24,55,Closed
T013,08-09,2008-11-24,55,Groomed
T015,08-09,2008-11-24,55,Closed
T016,08-09,2008-11-24,55,Closed
T017,08-09,2008-11-24,55,Closed
T018,08-09,2008-11-24,55,Closed
T019,08-09,2008-11-24,55,Closed
T020,08-09,2008-11-24,55,Closed
T021,08-09,2008-11-24,55,Closed
T022,08-09,2008-11-24,55,Groomed
T023,08-09,2008-11-24,55,Closed
T024,08-09,2008-11-24,55,Closed
T025,08-09,2008-11-24,55,Closed
T026,08-09,2008-11-24,55,Closed
T027,08-09,2008-11-24,55,Closed
T028,08-09,2008-11-24,55,Closed
T029,08-09,2008-11-24,55,Closed
T030,08-09,2008-11-24,55,Closed
T031,08-09,2008-11-24,55,Closed
T032,08-09,2008-11-24,55,Closed
T033,08-09,2008-11-24,55,Closed
T034,08-09,2008-11-24,55,Groomed
T035,08-09,2008-11-24,55,Closed
T036,08-09,2008-11-24,55,Groomed
T037,08-09,2008-11-24,55,Closed
T038,08-09,2008-11-24,55,Closed
T039,08-09,2008-11-24,55,Closed
T040,08-09,2008-11-24,55,Closed
T042,08-09,2008-11-24,55,Closed
T043,08-09,2008-11-24,55,Closed
T044,08-09,2008-11-24,55,Closed
T045,08-09,2008-11-24,55,Closed
T046,08-09,2008-11-24,55,Closed
T047,08-09,2008-11-24,55,Closed
T061,08-09,2008-11-24,55,Closed
T063,08-09,2008-11-24,55,Closed
T064,08-09,2008-11-24,55,Closed
T065,08-09,2008-11-24,55,Closed
T066,08-09,2008-11-24,55,Closed
T067,08-09,2008-11-24,55,Closed
T068,08-09,2008-11-24,55,Closed
T069,08-09,2008-11-24,55,Closed
T070,08-09,2008-11-24,55,Closed
T071,08-09,2008-11-24,55,Closed
T072,08-09,2008-11-24,55,Closed
T073,08-09,2008-11-24,55,Closed
T074,08-09,2008-11-24,55,Closed
T075,08-09,2008-11-24,55,Closed
T076,08-09,2008-11-24,55,Closed
T077,08-09,2008-11-24,55,Closed
T078,08-09,2008-11-24,55,Closed
T079,08-09,2008-11-24,55,Closed
T080,08-09,2008-11-24,55,Closed
T081,08-09,2008-11-24,55,Closed
T083,08-09,2008-11-24,55,Closed
T084,08-09,2008-11-24,55,Closed
T085,08-09,2008-11-24,55,Closed
T086,08-09,2008-11-24,55,Closed
T087,08-09,2008-11-24,55,Closed
T088,08-09,2008-11-24,55,Closed
T089,08-09,2008-11-24,55,Closed
T090,08-09,2008-11-24,55,Closed
T091,08-09,2008-11-24,55,Closed
T092,08-09,2008-11-24,55,Closed
T127,08-09,2008-11-24,55,Closed
T134,08-09,2008-11-24,55,Closed
T135,08-09,2008-11-24,55,Closed
T136,08-09,2008-11-24,55,Closed
T137,08-09,2008-11-24,55,Closed
T148,08-09,2008-11-24,55,Closed
T151,08-09,2008-11-24,55,Closed
T152,08-09,2008-11-24,55,Closed
T156,08-09,2008-11-24,55,Closed
T157,08-09,2008-11-24,55,Closed
T002,08-09,2008-11-25,56,Closed
T003,08-09,2008-11-25,56,Closed
T004,08-09,2008-11-25,56,Closed
T005,08-09,2008-11-25,56,Groomed
T006,08-09,2008-11-25,56,Closed
T007,08-09,2008-11-25,56,Closed
T008,08-09,2008-11-25,56,Groomed
T009,08-09,2008-11-25,56,Groomed
T010,08-09,2008-11-25,56,Closed
T011,08-09,2008-11-25,56,Groomed
T012,08-09,2008-11-25,56,Closed
T013,08-09,2008-11-25,56,Groomed
T015,08-09,2008-11-25,56,Closed
T016,08-09,2008-11-25,56,Closed
T017,08-09,2008-11-25,56,Closed
T018,08-09,2008-11-25,56,Closed
T019,08-09,2008-11-25,56,Closed
T020,08-09,2008-11-25,56,Closed
T021,08-09,2008-11-25,56,Closed
T022,08-09,2008-11-25,56,Groomed
T023,08-09,2008-11-25,56,Closed
T024,08-09,2008-11-25,56,Closed
T025,08-09,2008-11-25,56,Closed
T026,08-09,2008-11-25,56,Closed
T027,08-09,2008-11-25,56,Closed
T028,08-09,2008-11-25,56,Closed
T029,08-09,2008-11-25,56,Closed
T030,08-09,2008-11-25,56,Closed
T031,08-09,2008-11-25,56,Closed
T032,08-09,2008-11-25,56,Closed
T033,08-09,2008-11-25,56,Closed
T034,08-09,2008-11-25,56,Groomed
T035,08-09,2008-11-25,56,Closed
T036,08-09,2008-11-25,56,Groomed
T037,08-09,2008-11-25,56,Closed
T038,08-09,2008-11-25,56,Closed
T039,08-09,2008-11-25,56,Closed
T040,08-09,2008-11-25,56,Closed
T042,08-09,2008-11-25,56,Closed
T043,08-09,2008-11-25,56,Closed
T044,08-09,2008-11-25,56,Closed
T045,08-09,2008-11-25,56,Closed
T046,08-09,2008-11-25,56,Closed
T047,08-09,2008-11-25,56,Closed
T061,08-09,2008-11-25,56,Closed
T063,08-09,2008-11-25,56,Closed
T064,08-09,2008-11-25,56,Closed
T065,08-09,2008-11-25,56,Closed
T066,08-09,2008-11-25,56,Closed
T067,08-09,2008-11-25,56,Closed
T068,08-09,2008-11-25,56,Closed
T069,08-09,2008-11-25,56,Closed
T070,08-09,2008-11-25,56,Closed
T071,08-09,2008-11-25,56,Closed
T072,08-09,2008-11-25,56,Closed
T073,08-09,2008-11-25,56,Closed
T074,08-09,2008-11-25,56,Closed
T075,08-09,2008-11-25,56,Closed
T076,08-09,2008-11-25,56,Closed
T077,08-09,2008-11-25,56,Closed
T078,08-09,2008-11-25,56,Closed
T079,08-09,2008-11-25,56,Closed
T080,08-09,2008-11-25,56,Closed
T081,08-09,2008-11-25,56,Closed
T083,08-09,2008-11-25,56,Closed
T084,08-09,2008-11-25,56,Closed
T085,08-09,2008-11-25,56,Closed
T086,08-09,2008-11-25,56,Closed
T087,08-09,2008-11-25,56,Closed
T088,08-09,2008-11-25,56,Closed
T089,08-09,2008-11-25,56,Closed
T090,08-09,2008-11-25,56,Closed
T091,08-09,2008-11-25,56,Closed
T092,08-09,2008-11-25,56,Closed
T127,08-09,2008-11-25,56,Closed
T134,08-09,2008-11-25,56,Closed
T135,08-09,2008-11-25,56,Closed
T136,08-09,2008-11-25,56,Closed
T137,08-09,2008-11-25,56,Closed
T148,08-09,2008-11-25,56,Closed
T151,08-09,2008-11-25,56,Closed
T152,08-09,2008-11-25,56,Closed
T156,08-09,2008-11-25,56,Closed
T157,08-09,2008-11-25,56,Closed
T002,08-09,2008-11-26,57,Groomed
T003,08-09,2008-11-26,57,Closed
T004,08-09,2008-11-26,57,Closed
T005,08-09,2008-11-26,57,Groomed
T006,08-09,2008-11-26,57,Closed
T007,08-09,2008-11-26,57,Groomed
T008,08-09,2008-11-26,57,Groomed
T009,08-09,2008-11-26,57,Groomed
T010,08-09,2008-11-26,57,Closed
T011,08-09,2008-11-26,57,Groomed
T012,08-09,2008-11-26,57,Closed
T013,08-09,2008-11-26,57,Groomed
T015,08-09,2008-11-26,57,Closed
T016,08-09,2008-11-26,57,Closed
T017,08-09,2008-11-26,57,Closed
T018,08-09,2008-11-26,57,Closed
T019,08-09,2008-11-26,57,Closed
T020,08-09,2008-11-26,57,Closed
T021,08-09,2008-11-26,57,Groomed
T022,08-09,2008-11-26,57,Groomed
T023,08-09,2008-11-26,57,Closed
T024,08-09,2008-11-26,57,Closed
T025,08-09,2008-11-26,57,Closed
T026,08-09,2008-11-26,57,Closed
T027,08-09,2008-11-26,57,Closed
T028,08-09,2008-11-26,57,Closed
T029,08-09,2008-11-26,57,Closed
T030,08-09,2008-11-26,57,Closed
T031,08-09,2008-11-26,57,Closed
T032,08-09,2008-11-26,57,Closed
T033,08-09,2008-11-26,57,Closed
T034,08-09,2008-11-26,57,Groomed
T035,08-09,2008-11-26,57,Closed
T036,08-09,2008-11-26,57,Groomed
T037,08-09,2008-11-26,57,Closed
T038,08-09,2008-11-26,57,Closed
T039,08-09,2008-11-26,57,Closed
T040,08-09,2008-11-26,57,Closed
T042,08-09,2008-11-26,57,Closed
T043,08-09,2008-11-26,57,Closed
T044,08-09,2008-11-26,57,Closed
T045,08-09,2008-11-26,57,Closed
T046,08-09,2008-11-26,57,Closed
T047,08-09,2008-11-26,57,Closed
T061,08-09,2008-11-26,57,Closed
T063,08-09,2008-11-26,57,Closed
T064,08-09,2008-11-26,57,Closed
T065,08-09,2008-11-26,57,Closed
T066,08-09,2008-11-26,57,Closed
T067,08-09,2008-11-26,57,Closed
T068,08-09,2008-11-26,57,Closed
T069,08-09,2008-11-26,57,Closed
T070,08-09,2008-11-26,57,Closed
T071,08-09,2008-11-26,57,Closed
T072,08-09,2008-11-26,57,Closed
T073,08-09,2008-11-26,57,Closed
T074,08-09,2008-11-26,57,Closed
T075,08-09,2008-11-26,57,Closed
T076,08-09,2008-11-26,57,Closed
T077,08-09,2008-11-26,57,Closed
T078,08-09,2008-11-26,57,Closed
T079,08-09,2008-11-26,57,Closed
T080,08-09,2008-11-26,57,Closed
T081,08-09,2008-11-26,57,Closed
T083,08-09,2008-11-26,57,Closed
T084,08-09,2008-11-26,57,Closed
T085,08-09,2008-11-26,57,Closed
T086,08-09,2008-11-26,57,Closed
T087,08-09,2008-11-26,57,Closed
T088,08-09,2008-11-26,57,Closed
T089,08-09,2008-11-26,57,Closed
T090,08-09,2008-11-26,57,Closed
T091,08-09,2008-11-26,57,Closed
T092,08-09,2008-11-26,57,Closed
T127,08-09,2008-11-26,57,Closed
T134,08-09,2008-11-26,57,Closed
T135,08-09,2008-11-26,57,Closed
T136,08-09,2008-11-26,57,Closed
T137,08-09,2008-11-26,57,Closed
T148,08-09,2008-11-26,57,Closed
T151,08-09,2008-11-26,57,Closed
T152,08-09,2008-11-26,57,Groomed
T156,08-09,2008-11-26,57,Closed
T157,08-09,2008-11-26,57,Closed
T002,08-09,2008-11-27,58,Groomed
T003,08-09,2008-11-27,58,Closed
T004,08-09,2008-11-27,58,Closed
T005,08-09,2008-11-27,58,Groomed
T006,08-09,2008-11-27,58,Closed
T007,08-09,2008-11-27,58,Groomed
T008,08-09,2008-11-27,58,Groomed
T009,08-09,2008-11-27,58,Groomed
T010,08-09,2008-11-27,58,Closed
T011,08-09,2008-11-27,58,Groomed
T012,08-09,2008-11-27,58,Closed
T013,08-09,2008-11-27,58,Groomed
T015,08-09,2008-11-27,58,Closed
T016,08-09,2008-11-27,58,Closed
T017,08-09,2008-11-27,58,Closed
T018,08-09,2008-11-27,58,Closed
T019,08-09,2008-11-27,58,Closed
T020,08-09,2008-11-27,58,Closed
T021,08-09,2008-11-27,58,Groomed
T022,08-09,2008-11-27,58,Groomed
T023,08-09,2008-11-27,58,Closed
T024,08-09,2008-11-27,58,Closed
T025,08-09,2008-11-27,58,Closed
T026,08-09,2008-11-27,58,Closed
T027,08-09,2008-11-27,58,Closed
T028,08-09,2008-11-27,58,Closed
T029,08-09,2008-11-27,58,Closed
T030,08-09,2008-11-27,58,Closed
T031,08-09,2008-11-27,58,Closed
T032,08-09,2008-11-27,58,Closed
T033,08-09,2008-11-27,58,Closed
T034,08-09,2008-11-27,58,Groomed
T035,08-09,2008-11-27,58,Closed
T036,08-09,2008-11-27,58,Groomed
T037,08-09,2008-11-27,58,Closed
T038,08-09,2008-11-27,58,Closed
T039,08-09,2008-11-27,58,Closed
T040,08-09,2008-11-27,58,Closed
T042,08-09,2008-11-27,58,Closed
T043,08-09,2008-11-27,58,Closed
T044,08-09,2008-11-27,58,Closed
T045,08-09,2008-11-27,58,Closed
T046,08-09,2008-11-27,58,Closed
T047,08-09,2008-11-27,58,Closed
T061,08-09,2008-11-27,58,Closed
T063,08-09,2008-11-27,58,Closed
T064,08-09,2008-11-27,58,Closed
T065,08-09,2008-11-27,58,Closed
T066,08-09,2008-11-27,58,Closed
T067,08-09,2008-11-27,58,Closed
T068,08-09,2008-11-27,58,Closed
T069,08-09,2008-11-27,58,Closed
T070,08-09,2008-11-27,58,Closed
T071,08-09,2008-11-27,58,Closed
T072,08-09,2008-11-27,58,Closed
T073,08-09,2008-11-27,58,Closed
T074,08-09,2008-11-27,58,Closed
T075,08-09,2008-11-27,58,Closed
T076,08-09,2008-11-27,58,Closed
T077,08-09,2008-11-27,58,Closed
T078,08-09,2008-11-27,58,Closed
T079,08-09,2008-11-27,58,Closed
T080,08-09,2008-11-27,58,Closed
T081,08-09,2008-11-27,58,Closed
T083,08-09,2008-11-27,58,Closed
T084,08-09,2008-11-27,58,Closed
T085,08-09,2008-11-27,58,Closed
T086,08-09,2008-11-27,58,Closed
T087,08-09,2008-11-27,58,Closed
T088,08-09,2008-11-27,58,Closed
T089,08-09,2008-11-27,58,Closed
T090,08-09,2008-11-27,58,Closed
T091,08-09,2008-11-27,58,Closed
T092,08-09,2008-11-27,58,Closed
T127,08-09,2008-11-27,58,Closed
T134,08-09,2008-11-27,58,Closed
T135,08-09,2008-11-27,58,Closed
T136,08-09,2008-11-27,58,Closed
T137,08-09,2008-11-27,58,Closed
T148,08-09,2008-11-27,58,Closed
T151,08-09,2008-11-27,58,Closed
T152,08-09,2008-11-27,58,Groomed
T156,08-09,2008-11-27,58,Closed
T157,08-09,2008-11-27,58,Closed
T002,08-09,2008-11-28,59,Groomed
T003,08-09,2008-11-28,59,Closed
T004,08-09,2008-11-28,59,Closed
T005,08-09,2008-11-28,59,Groomed
T006,08-09,2008-11-28,59,Closed
T007,08-09,2008-11-28,59,Groomed
T008,08-09,2008-11-28,59,Groomed
T009,08-09,2008-11-28,59,Groomed
T010,08-09,2008-11-28,59,Closed
T011,08-09,2008-11-28,59,Groomed
T012,08-09,2008-11-28,59,Closed
T013,08-09,2008-11-28,59,Groomed
T015,08-09,2008-11-28,59,Closed
T016,08-09,2008-11-28,59,Closed
T017,08-09,2008-11-28,59,Closed
T018,08-09,2008-11-28,59,Closed
T019,08-09,2008-11-28,59,Closed
T020,08-09,2008-11-28,59,Closed
T021,08-09,2008-11-28,59,Groomed
T022,08-09,2008-11-28,59,Groomed
T023,08-09,2008-11-28,59,Closed
T024,08-09,2008-11-28,59,Closed
T025,08-09,2008-11-28,59,Closed
T026,08-09,2008-11-28,59,Closed
T027,08-09,2008-11-28,59,Closed
T028,08-09,2008-11-28,59,Closed
T029,08-09,2008-11-28,59,Closed
T030,08-09,2008-11-28,59,Closed
T031,08-09,2008-11-28,59,Closed
T032,08-09,2008-11-28,59,Closed
T033,08-09,2008-11-28,59,Closed
T034,08-09,2008-11-28,59,Groomed
T035,08-09,2008-11-28,59,Closed
T036,08-09,2008-11-28,59,Groomed
T037,08-09,2008-11-28,59,Closed
T038,08-09,2008-11-28,59,Closed
T039,08-09,2008-11-28,59,Closed
T040,08-09,2008-11-28,59,Closed
T042,08-09,2008-11-28,59,Closed
T043,08-09,2008-11-28,59,Closed
T044,08-09,2008-11-28,59,Closed
T045,08-09,2008-11-28,59,Closed
T046,08-09,2008-11-28,59,Closed
T047,08-09,2008-11-28,59,Closed
T061,08-09,2008-11-28,59,Closed
T063,08-09,2008-11-28,59,Closed
T064,08-09,2008-11-28,59,Closed
T065,08-09,2008-11-28,59,Closed
T066,08-09,2008-11-28,59,Closed
T067,08-09,2008-11-28,59,Closed
T068,08-09,2008-11-28,59,Closed
T069,08-09,2008-11-28,59,Closed
T070,08-09,2008-11-28,59,Closed
T071,08-09,2008-11-28,59,Closed
T072,08-09,2008-11-28,59,Closed
T073,08-09,2008-11-28,59,Closed
T074,08-09,2008-11-28,59,Closed
T075,08-09,2008-11-28,59,Closed
T076,08-09,2008-11-28,59,Closed
T077,08-09,2008-11-28,59,Closed
T078,08-09,2008-11-28,59,Closed
T079,08-09,2008-11-28,59,Closed
T080,08-09,2008-11-28,59,Closed
T081,08-09,2008-11-28,59,Closed
T083,08-09,2008-11-28,59,Closed
T084,08-09,2008-11-28,59,Closed
T085,08-09,2008-11-28,59,Closed
T086,08-09,2008-11-28,59,Closed
T087,08-09,2008-11-28,59,Closed
T088,08-09,2008-11-28,59,Closed
T089,08-09,2008-11-28,59,Closed
T090,08-09,2008-11-28,59,Closed
T091,08-09,2008-11-28,59,Closed
T092,08-09,2008-11-28,59,Closed
T127,08-09,2008-11-28,59,Closed
T134,08-09,2008-11-28,59,Closed
T135,08-09,2008-11-28,59,Closed
T136,08-09,2008-11-28,59,Closed
T137,08-09,2008-11-28,59,Closed
T148,08-09,2008-11-28,59,Closed
T151,08-09,2008-11-28,59,Closed
T152,08-09,2008-11-28,59,Groomed
T156,08-09,2008-11-28,59,Closed
T157,08-09,2008-11-28,59,Closed
T002,08-09,2008-11-29,60,Groomed
T003,08-09,2008-11-29,60,Closed
T004,08-09,2008-11-29,60,Closed
T005,08-09,2008-11-29,60,Groomed
T006,08-09,2008-11-29,60,Closed
T007,08-09,2008-11-29,60,Groomed
T008,08-09,2008-11-29,60,Groomed
T009,08-09,2008-11-29,60,Groomed
T010,08-09,2008-11-29,60,Closed
T011,08-09,2008-11-29,60,Groomed
T012,08-09,2008-11-29,60,Closed
T013,08-09,2008-11-29,60,Groomed
T015,08-09,2008-11-29,60,Closed
T016,08-09,2008-11-29,60,Closed
T017,08-09,2008-11-29,60,Closed
T018,08-09,2008-11-29,60,Closed
T019,08-09,2008-11-29,60,Closed
T020,08-09,2008-11-29,60,Closed
T021,08-09,2008-11-29,60,Groomed
T022,08-09,2008-11-29,60,Groomed
T023,08-09,2008-11-29,60,Closed
T024,08-09,2008-11-29,60,Closed
T025,08-09,2008-11-29,60,Closed
T026,08-09,2008-11-29,60,Closed
T027,08-09,2008-11-29,60,Closed
T028,08-09,2008-11-29,60,Closed
T029,08-09,2008-11-29,60,Closed
T030,08-09,2008-11-29,60,Closed
T031,08-09,2008-11-29,60,Closed
T032,08-09,2008-11-29,60,Closed
T033,08-09,2008-11-29,60,Closed
T034,08-09,2008-11-29,60,Groomed
T035,08-09,2008-11-29,60,Closed
T036,08-09,2008-11-29,60,Groomed
T037,08-09,2008-11-29,60,Closed
T038,08-09,2008-11-29,60,Closed
T039,08-09,2008-11-29,60,Closed
T040,08-09,2008-11-29,60,Closed
T042,08-09,2008-11-29,60,Closed
T043,08-09,2008-11-29,60,Closed
T044,08-09,2008-11-29,60,Closed
T045,08-09,2008-11-29,60,Closed
T046,08-09,2008-11-29,60,Closed
T047,08-09,2008-11-29,60,Closed
T061,08-09,2008-11-29,60,Closed
T063,08-09,2008-11-29,60,Closed
T064,08-09,2008-11-29,60,Closed
T065,08-09,2008-11-29,60,Closed
T066,08-09,2008-11-29,60,Closed
T067,08-09,2008-11-29,60,Closed
T068,08-09,2008-11-29,60,Closed
T069,08-09,2008-11-29,60,Closed
T070,08-09,2008-11-29,60,Closed
T071,08-09,2008-11-29,60,Closed
T072,08-09,2008-11-29,60,Closed
T073,08-09,2008-11-29,60,Closed
T074,08-09,2008-11-29,60,Closed
T075,08-09,2008-11-29,60,Closed
T076,08-09,2008-11-29,60,Closed
T077,08-09,2008-11-29,60,Closed
T078,08-09,2008-11-29,60,Closed
T079,08-09,2008-11-29,60,Closed
T080,08-09,2008-11-29,60,Closed
T081,08-09,2008-11-29,60,Closed
T083,08-09,2008-11-29,60,Closed
T084,08-09,2008-11-29,60,Closed
T085,08-09,2008-11-29,60,Closed
T086,08-09,2008-11-29,60,Closed
T087,08-09,2008-11-29,60,Closed
T088,08-09,2008-11-29,60,Closed
T089,08-09,2008-11-29,60,Closed
T090,08-09,2008-11-29,60,Closed
T091,08-09,2008-11-29,60,Closed
T092,08-09,2008-11-29,60,Closed
T127,08-09,2008-11-29,60,Closed
T134,08-09,2008-11-29,60,Closed
T135,08-09,2008-11-29,60,Closed
T136,08-09,2008-11-29,60,Closed
T137,08-09,2008-11-29,60,Closed
T148,08-09,2008-11-29,60,Closed
T151,08-09,2008-11-29,60,Closed
T152,08-09,2008-11-29,60,Groomed
T156,08-09,2008-11-29,60,Closed
T157,08-09,2008-11-29,60,Closed
T002,08-09,2008-11-30,61,Groomed
T003,08-09,2008-11-30,61,Closed
T004,08-09,2008-11-30,61,Closed
T005,08-09,2008-11-30,61,Groomed
T006,08-09,2008-11-30,61,Closed
T007,08-09,2008-11-30,61,Groomed
T008,08-09,2008-11-30,61,Groomed
T009,08-09,2008-11-30,61,Groomed
T010,08-09,2008-11-30,61,Closed
T011,08-09,2008-11-30,61,Groomed
T012,08-09,2008-11-30,61,Closed
T013,08-09,2008-11-30,61,Groomed
T015,08-09,2008-11-30,61,Closed
T016,08-09,2008-11-30,61,Closed
T017,08-09,2008-11-30,61,Closed
T018,08-09,2008-11-30,61,Closed
T019,08-09,2008-11-30,61,Closed
T020,08-09,2008-11-30,61,Closed
T021,08-09,2008-11-30,61,Groomed
T022,08-09,2008-11-30,61,Groomed
T023,08-09,2008-11-30,61,Closed
T024,08-09,2008-11-30,61,Closed
T025,08-09,2008-11-30,61,Closed
T026,08-09,2008-11-30,61,Closed
T027,08-09,2008-11-30,61,Closed
T028,08-09,2008-11-30,61,Closed
T029,08-09,2008-11-30,61,Closed
T030,08-09,2008-11-30,61,Closed
T031,08-09,2008-11-30,61,Closed
T032,08-09,2008-11-30,61,Closed
T033,08-09,2008-11-30,61,Closed
T034,08-09,2008-11-30,61,Groomed
T035,08-09,2008-11-30,61,Closed
T036,08-09,2008-11-30,61,Groomed
T037,08-09,2008-11-30,61,Closed
T038,08-09,2008-11-30,61,Closed
T039,08-09,2008-11-30,61,Closed
T040,08-09,2008-11-30,61,Closed
T042,08-09,2008-11-30,61,Closed
T043,08-09,2008-11-30,61,Closed
T044,08-09,2008-11-30,61,Closed
T045,08-09,2008-11-30,61,Closed
T046,08-09,2008-11-30,61,Closed
T047,08-09,2008-11-30,61,Closed
T061,08-09,2008-11-30,61,Closed
T063,08-09,2008-11-30,61,Closed
T064,08-09,2008-11-30,61,Closed
T065,08-09,2008-11-30,61,Closed
T066,08-09,2008-11-30,61,Closed
T067,08-09,2008-11-30,61,Closed
T068,08-09,2008-11-30,61,Closed
T069,08-09,2008-11-30,61,Closed
T070,08-09,2008-11-30,61,Closed
T071,08-09,2008-11-30,61,Closed
T072,08-09,2008-11-30,61,Closed
T073,08-09,2008-11-30,61,Closed
T074,08-09,2008-11-30,61,Closed
T075,08-09,2008-11-30,61,Closed
T076,08-09,2008-11-30,61,Closed
T077,08-09,2008-11-30,61,Closed
T078,08-09,2008-11-30,61,Closed
T079,08-09,2008-11-30,61,Closed
T080,08-09,2008-11-30,61,Closed
T081,08-09,2008-11-30,61,Closed
T083,08-09,2008-11-30,61,Closed
T084,08-09,2008-11-30,61,Closed
T085,08-09,2008-11-30,61,Closed
T086,08-09,2008-11-30,61,Closed
T087,08-09,2008-11-30,61,Closed
T088,08-09,2008-11-30,61,Closed
T089,08-09,2008-11-30,61,Closed
T090,08-09,2008-11-30,61,Closed
T091,08-09,2008-11-30,61,Closed
T092,08-09,2008-11-30,61,Closed
T127,08-09,2008-11-30,61,Closed
T134,08-09,2008-11-30,61,Closed
T135,08-09,2008-11-30,61,Closed
T136,08-09,2008-11-30,61,Closed
T137,08-09,2008-11-30,61,Closed
T148,08-09,2008-11-30,61,Closed
T151,08-09,2008-11-30,61,Closed
T152,08-09,2008-11-30,61,Groomed
T156,08-09,2008-11-30,61,Closed
T157,08-09,2008-11-30,61,Closed
T002,08-09,2008-12-01,62,Closed
T003,08-09,2008-12-01,62,Closed
T004,08-09,2008-12-01,62,Closed
T005,08-09,2008-12-01,62,Groomed
T006,08-09,2008-12-01,62,Closed
T007,08-09,2008-12-01,62,Groomed
T008,08-09,2008-12-01,62,Groomed
T009,08-09,2008-12-01,62,Groomed
T010,08-09,2008-12-01,62,Closed
T011,08-09,2008-12-01,62,Groomed
T012,08-09,2008-12-01,62,Closed
T013,08-09,2008-12-01,62,Groomed
T015,08-09,2008-12-01,62,Closed
T016,08-09,2008-12-01,62,Closed
T017,08-09,2008-12-01,62,Closed
T018,08-09,2008-12-01,62,Closed
T019,08-09,2008-12-01,62,Closed
T020,08-09,2008-12-01,62,Closed
T021,08-09,2008-12-01,62,Groomed
T022,08-09,2008-12-01,62,Groomed
T023,08-09,2008-12-01,62,Closed
T024,08-09,2008-12-01,62,Closed
T025,08-09,2008-12-01,62,Closed
T026,08-09,2008-12-01,62,Closed
T027,08-09,2008-12-01,62,Closed
T028,08-09,2008-12-01,62,Closed
T029,08-09,2008-12-01,62,Closed
T030,08-09,2008-12-01,62,Closed
T031,08-09,2008-12-01,62,Closed
T032,08-09,2008-12-01,62,Closed
T033,08-09,2008-12-01,62,Closed
T034,08-09,2008-12-01,62,Groomed
T035,08-09,2008-12-01,62,Closed
T036,08-09,2008-12-01,62,Groomed
T037,08-09,2008-12-01,62,Closed
T038,08-09,2008-12-01,62,Closed
T039,08-09,2008-12-01,62,Closed
T040,08-09,2008-12-01,62,Closed
T042,08-09,2008-12-01,62,Closed
T043,08-09,2008-12-01,62,Closed
T044,08-09,2008-12-01,62,Closed
T045,08-09,2008-12-01,62,Closed
T046,08-09,2008-12-01,62,Closed
T047,08-09,2008-12-01,62,Closed
T061,08-09,2008-12-01,62,Closed
T063,08-09,2008-12-01,62,Closed
T064,08-09,2008-12-01,62,Closed
T065,08-09,2008-12-01,62,Closed
T066,08-09,2008-12-01,62,Closed
T067,08-09,2008-12-01,62,Closed
T068,08-09,2008-12-01,62,Closed
T069,08-09,2008-12-01,62,Closed
T070,08-09,2008-12-01,62,Closed
T071,08-09,2008-12-01,62,Closed
T072,08-09,2008-12-01,62,Closed
T073,08-09,2008-12-01,62,Closed
T074,08-09,2008-12-01,62,Closed
T075,08-09,2008-12-01,62,Closed
T076,08-09,2008-12-01,62,Closed
T077,08-09,2008-12-01,62,Closed
T078,08-09,2008-12-01,62,Closed
T079,08-09,2008-12-01,62,Closed
T080,08-09,2008-12-01,62,Closed
T081,08-09,2008-12-01,62,Closed
T083,08-09,2008-12-01,62,Closed
T084,08-09,2008-12-01,62,Closed
T085,08-09,2008-12-01,62,Closed
T086,08-09,2008-12-01,62,Closed
T087,08-09,2008-12-01,62,Closed
T088,08-09,2008-12-01,62,Closed
T089,08-09,2008-12-01,62,Closed
T090,08-09,2008-12-01,62,Closed
T091,08-09,2008-12-01,62,Closed
T092,08-09,2008-12-01,62,Closed
T127,08-09,2008-12-01,62,Closed
T134,08-09,2008-12-01,62,Closed
T135,08-09,2008-12-01,62,Closed
T136,08-09,2008-12-01,62,Closed
T137,08-09,2008-12-01,62,Closed
T148,08-09,2008-12-01,62,Closed
T151,08-09,2008-12-01,62,Closed
T152,08-09,2008-12-01,62,Groomed
T156,08-09,2008-12-01,62,Closed
T157,08-09,2008-12-01,62,Closed
T002,08-09,2008-12-02,63,Closed
T003,08-09,2008-12-02,63,Closed
T004,08-09,2008-12-02,63,Closed
T005,08-09,2008-12-02,63,Groomed
T006,08-09,2008-12-02,63,Closed
T007,08-09,2008-12-02,63,Groomed
T008,08-09,2008-12-02,63,Groomed
T009,08-09,2008-12-02,63,Groomed
T010,08-09,2008-12-02,63,Closed
T011,08-09,2008-12-02,63,Groomed
T012,08-09,2008-12-02,63,Closed
T013,08-09,2008-12-02,63,Groomed
T015,08-09,2008-12-02,63,Closed
T016,08-09,2008-12-02,63,Closed
T017,08-09,2008-12-02,63,Closed
T018,08-09,2008-12-02,63,Closed
T019,08-09,2008-12-02,63,Closed
T020,08-09,2008-12-02,63,Closed
T021,08-09,2008-12-02,63,Groomed
T022,08-09,2008-12-02,63,Groomed
T023,08-09,2008-12-02,63,Closed
T024,08-09,2008-12-02,63,Closed
T025,08-09,2008-12-02,63,Closed
T026,08-09,2008-12-02,63,Closed
T027,08-09,2008-12-02,63,Closed
T028,08-09,2008-12-02,63,Closed
T029,08-09,2008-12-02,63,Closed
T030,08-09,2008-12-02,63,Closed
T031,08-09,2008-12-02,63,Closed
T032,08-09,2008-12-02,63,Closed
T033,08-09,2008-12-02,63,Closed
T034,08-09,2008-12-02,63,Groomed
T035,08-09,2008-12-02,63,Closed
T036,08-09,2008-12-02,63,Groomed
T037,08-09,2008-12-02,63,Closed
T038,08-09,2008-12-02,63,Closed
T039,08-09,2008-12-02,63,Closed
T040,08-09,2008-12-02,63,Closed
T042,08-09,2008-12-02,63,Closed
T043,08-09,2008-12-02,63,Closed
T044,08-09,2008-12-02,63,Closed
T045,08-09,2008-12-02,63,Closed
T046,08-09,2008-12-02,63,Closed
T047,08-09,2008-12-02,63,Closed
T061,08-09,2008-12-02,63,Closed
T063,08-09,2008-12-02,63,Closed
T064,08-09,2008-12-02,63,Closed
T065,08-09,2008-12-02,63,Closed
T066,08-09,2008-12-02,63,Closed
T067,08-09,2008-12-02,63,Closed
T068,08-09,2008-12-02,63,Closed
T069,08-09,2008-12-02,63,Closed
T070,08-09,2008-12-02,63,Closed
T071,08-09,2008-12-02,63,Closed
T072,08-09,2008-12-02,63,Closed
T073,08-09,2008-12-02,63,Closed
T074,08-09,2008-12-02,63,Closed
T075,08-09,2008-12-02,63,Closed
T076,08-09,2008-12-02,63,Closed
T077,08-09,2008-12-02,63,Closed
T078,08-09,2008-12-02,63,Closed
T079,08-09,2008-12-02,63,Closed
T080,08-09,2008-12-02,63,Closed
T081,08-09,2008-12-02,63,Closed
T083,08-09,2008-12-02,63,Closed
T084,08-09,2008-12-02,63,Closed
T085,08-09,2008-12-02,63,Closed
T086,08-09,2008-12-02,63,Closed
T087,08-09,2008-12-02,63,Closed
T088,08-09,2008-12-02,63,Closed
T089,08-09,2008-12-02,63,Closed
T090,08-09,2008-12-02,63,Closed
T091,08-09,2008-12-02,63,Closed
T092,08-09,2008-12-02,63,Closed
T127,08-09,2008-12-02,63,Closed
T134,08-09,2008-12-02,63,Closed
T135,08-09,2008-12-02,63,Closed
T136,08-09,2008-12-02,63,Closed
T137,08-09,2008-12-02,63,Closed
T148,08-09,2008-12-02,63,Closed
T151,08-09,2008-12-02,63,Closed
T152,08-09,2008-12-02,63,Groomed
T156,08-09,2008-12-02,63,Closed
T157,08-09,2008-12-02,63,Closed
T002,08-09,2008-12-03,64,Closed
T003,08-09,2008-12-03,64,Closed
T004,08-09,2008-12-03,64,Closed
T005,08-09,2008-12-03,64,Groomed
T006,08-09,2008-12-03,64,Closed
T007,08-09,2008-12-03,64,Groomed
T008,08-09,2008-12-03,64,Groomed
T009,08-09,2008-12-03,64,Groomed
T010,08-09,2008-12-03,64,Closed
T011,08-09,2008-12-03,64,Groomed
T012,08-09,2008-12-03,64,Groomed
T013,08-09,2008-12-03,64,Groomed
T015,08-09,2008-12-03,64,Closed
T016,08-09,2008-12-03,64,Closed
T017,08-09,2008-12-03,64,Closed
T018,08-09,2008-12-03,64,Closed
T019,08-09,2008-12-03,64,Closed
T020,08-09,2008-12-03,64,Closed
T021,08-09,2008-12-03,64,Groomed
T022,08-09,2008-12-03,64,Groomed
T023,08-09,2008-12-03,64,Closed
T024,08-09,2008-12-03,64,Closed
T025,08-09,2008-12-03,64,Closed
T026,08-09,2008-12-03,64,Closed
T027,08-09,2008-12-03,64,Closed
T028,08-09,2008-12-03,64,Closed
T029,08-09,2008-12-03,64,Closed
T030,08-09,2008-12-03,64,Closed
T031,08-09,2008-12-03,64,Closed
T032,08-09,2008-12-03,64,Closed
T033,08-09,2008-12-03,64,Closed
T034,08-09,2008-12-03,64,Groomed
T035,08-09,2008-12-03,64,Closed
T036,08-09,2008-12-03,64,Groomed
T037,08-09,2008-12-03,64,Closed
T038,08-09,2008-12-03,64,Closed
T039,08-09,2008-12-03,64,Closed
T040,08-09,2008-12-03,64,Closed
T042,08-09,2008-12-03,64,Closed
T043,08-09,2008-12-03,64,Closed
T044,08-09,2008-12-03,64,Closed
T045,08-09,2008-12-03,64,Closed
T046,08-09,2008-12-03,64,Closed
T047,08-09,2008-12-03,64,Closed
T061,08-09,2008-12-03,64,Closed
T063,08-09,2008-12-03,64,Closed
T064,08-09,2008-12-03,64,Closed
T065,08-09,2008-12-03,64,Closed
T066,08-09,2008-12-03,64,Closed
T067,08-09,2008-12-03,64,Closed
T068,08-09,2008-12-03,64,Closed
T069,08-09,2008-12-03,64,Closed
T070,08-09,2008-12-03,64,Closed
T071,08-09,2008-12-03,64,Closed
T072,08-09,2008-12-03,64,Closed
T073,08-09,2008-12-03,64,Closed
T074,08-09,2008-12-03,64,Closed
T075,08-09,2008-12-03,64,Closed
T076,08-09,2008-12-03,64,Closed
T077,08-09,2008-12-03,64,Closed
T078,08-09,2008-12-03,64,Closed
T079,08-09,2008-12-03,64,Closed
T080,08-09,2008-12-03,64,Closed
T081,08-09,2008-12-03,64,Closed
T083,08-09,2008-12-03,64,Closed
T084,08-09,2008-12-03,64,Closed
T085,08-09,2008-12-03,64,Closed
T086,08-09,2008-12-03,64,Closed
T087,08-09,2008-12-03,64,Closed
T088,08-09,2008-12-03,64,Closed
T089,08-09,2008-12-03,64,Closed
T090,08-09,2008-12-03,64,Closed
T091,08-09,2008-12-03,64,Closed
T092,08-09,2008-12-03,64,Closed
T127,08-09,2008-12-03,64,Closed
T134,08-09,2008-12-03,64,Closed
T135,08-09,2008-12-03,64,Closed
T136,08-09,2008-12-03,64,Closed
T137,08-09,2008-12-03,64,Closed
T148,08-09,2008-12-03,64,Closed
T151,08-09,2008-12-03,64,Closed
T152,08-09,2008-12-03,64,Groomed
T156,08-09,2008-12-03,64,Closed
T157,08-09,2008-12-03,64,Closed
T002,08-09,2008-12-04,65,Closed
T003,08-09,2008-12-04,65,Closed
T004,08-09,2008-12-04,65,Closed
T005,08-09,2008-12-04,65,Groomed
T006,08-09,2008-12-04,65,Closed
T007,08-09,2008-12-04,65,Groomed
T008,08-09,2008-12-04,65,Groomed
T009,08-09,2008-12-04,65,Groomed
T010,08-09,2008-12-04,65,Closed
T011,08-09,2008-12-04,65,Groomed
T012,08-09,2008-12-04,65,Groomed
T013,08-09,2008-12-04,65,Groomed
T015,08-09,2008-12-04,65,Closed
T016,08-09,2008-12-04,65,Closed
T017,08-09,2008-12-04,65,Closed
T018,08-09,2008-12-04,65,Closed
T019,08-09,2008-12-04,65,Closed
T020,08-09,2008-12-04,65,Closed
T021,08-09,2008-12-04,65,Groomed
T022,08-09,2008-12-04,65,Groomed
T023,08-09,2008-12-04,65,Closed
T024,08-09,2008-12-04,65,Closed
T025,08-09,2008-12-04,65,Closed
T026,08-09,2008-12-04,65,Closed
T027,08-09,2008-12-04,65,Closed
T028,08-09,2008-12-04,65,Closed
T029,08-09,2008-12-04,65,Closed
T030,08-09,2008-12-04,65,Closed
T031,08-09,2008-12-04,65,Closed
T032,08-09,2008-12-04,65,Closed
T033,08-09,2008-12-04,65,Closed
T034,08-09,2008-12-04,65,Groomed
T035,08-09,2008-12-04,65,Closed
T036,08-09,2008-12-04,65,Groomed
T037,08-09,2008-12-04,65,Closed
T038,08-09,2008-12-04,65,Closed
T039,08-09,2008-12-04,65,Closed
T040,08-09,2008-12-04,65,Closed
T042,08-09,2008-12-04,65,Closed
T043,08-09,2008-12-04,65,Closed
T044,08-09,2008-12-04,65,Closed
T045,08-09,2008-12-04,65,Closed
T046,08-09,2008-12-04,65,Closed
T047,08-09,2008-12-04,65,Closed
T061,08-09,2008-12-04,65,Closed
T063,08-09,2008-12-04,65,Closed
T064,08-09,2008-12-04,65,Closed
T065,08-09,2008-12-04,65,Closed
T066,08-09,2008-12-04,65,Closed
T067,08-09,2008-12-04,65,Closed
T068,08-09,2008-12-04,65,Closed
T069,08-09,2008-12-04,65,Closed
T070,08-09,2008-12-04,65,Closed
T071,08-09,2008-12-04,65,Closed
T072,08-09,2008-12-04,65,Closed
T073,08-09,2008-12-04,65,Closed
T074,08-09,2008-12-04,65,Closed
T075,08-09,2008-12-04,65,Closed
T076,08-09,2008-12-04,65,Closed
T077,08-09,2008-12-04,65,Closed
T078,08-09,2008-12-04,65,Closed
T079,08-09,2008-12-04,65,Closed
T080,08-09,2008-12-04,65,Closed
T081,08-09,2008-12-04,65,Closed
T083,08-09,2008-12-04,65,Closed
T084,08-09,2008-12-04,65,Closed
T085,08-09,2008-12-04,65,Closed
T086,08-09,2008-12-04,65,Closed
T087,08-09,2008-12-04,65,Closed
T088,08-09,2008-12-04,65,Closed
T089,08-09,2008-12-04,65,Closed
T090,08-09,2008-12-04,65,Closed
T091,08-09,2008-12-04,65,Closed
T092,08-09,2008-12-04,65,Closed
T127,08-09,2008-12-04,65,Closed
T134,08-09,2008-12-04,65,Closed
T135,08-09,2008-12-04,65,Closed
T136,08-09,2008-12-04,65,Closed
T137,08-09,2008-12-04,65,Closed
T148,08-09,2008-12-04,65,Closed
T151,08-09,2008-12-04,65,Closed
T152,08-09,2008-12-04,65,Groomed
T156,08-09,2008-12-04,65,Closed
T157,08-09,2008-12-04,65,Closed
T002,08-09,2008-12-05,66,Groomed
T003,08-09,2008-12-05,66,Closed
T004,08-09,2008-12-05,66,Groomed
T005,08-09,2008-12-05,66,Groomed
T006,08-09,2008-12-05,66,Open
T007,08-09,2008-12-05,66,Groomed
T008,08-09,2008-12-05,66,Groomed
T009,08-09,2008-12-05,66,Groomed
T010,08-09,2008-12-05,66,Closed
T011,08-09,2008-12-05,66,Groomed
T012,08-09,2008-12-05,66,Groomed
T013,08-09,2008-12-05,66,Groomed
T015,08-09,2008-12-05,66,Closed
T016,08-09,2008-12-05,66,Open
T017,08-09,2008-12-05,66,Open
T018,08-09,2008-12-05,66,Closed
T019,08-09,2008-12-05,66,Closed
T020,08-09,2008-12-05,66,Closed
T021,08-09,2008-12-05,66,Groomed
T022,08-09,2008-12-05,66,Groomed
T023,08-09,2008-12-05,66,Closed
T024,08-09,2008-12-05,66,Open
T025,08-09,2008-12-05,66,Closed
T026,08-09,2008-12-05,66,Open
T027,08-09,2008-12-05,66,Closed
T028,08-09,2008-12-05,66,Open
T029,08-09,2008-12-05,66,Closed
T030,08-09,2008-12-05,66,Closed
T031,08-09,2008-12-05,66,Open
T032,08-09,2008-12-05,66,Closed
T033,08-09,2008-12-05,66,Closed
T034,08-09,2008-12-05,66,Groomed
T035,08-09,2008-12-05,66,Open
T036,08-09,2008-12-05,66,Groomed
T037,08-09,2008-12-05,66,Open
T038,08-09,2008-12-05,66,Open
T039,08-09,2008-12-05,66,Closed
T040,08-09,2008-12-05,66,Closed
T042,08-09,2008-12-05,66,Closed
T043,08-09,2008-12-05,66,Closed
T044,08-09,2008-12-05,66,Closed
T045,08-09,2008-12-05,66,Closed
T046,08-09,2008-12-05,66,Closed
T047,08-09,2008-12-05,66,Closed
T061,08-09,2008-12-05,66,Open
T063,08-09,2008-12-05,66,Open
T064,08-09,2008-12-05,66,Open
T065,08-09,2008-12-05,66,Closed
T066,08-09,2008-12-05,66,Closed
T067,08-09,2008-12-05,66,Closed
T068,08-09,2008-12-05,66,Open
T069,08-09,2008-12-05,66,Closed
T070,08-09,2008-12-05,66,Closed
T071,08-09,2008-12-05,66,Closed
T072,08-09,2008-12-05,66,Closed
T073,08-09,2008-12-05,66,Closed
T074,08-09,2008-12-05,66,Closed
T075,08-09,2008-12-05,66,Closed
T076,08-09,2008-12-05,66,Open
T077,08-09,2008-12-05,66,Closed
T078,08-09,2008-12-05,66,Closed
T079,08-09,2008-12-05,66,Closed
T080,08-09,2008-12-05,66,Closed
T081,08-09,2008-12-05,66,Closed
T083,08-09,2008-12-05,66,Closed
T084,08-09,2008-12-05,66,Open
T085,08-09,2008-12-05,66,Open
T086,08-09,2008-12-05,66,Open
T087,08-09,2008-12-05,66,Open
T088,08-09,2008-12-05,66,Closed
T089,08-09,2008-12-05,66,Open
T090,08-09,2008-12-05,66,Open
T091,08-09,2008-12-05,66,Closed
T092,08-09,2008-12-05,66,Closed
T127,08-09,2008-12-05,66,Closed
T134,08-09,2008-12-05,66,Closed
T135,08-09,2008-12-05,66,Closed
T136,08-09,2008-12-05,66,Open
T137,08-09,2008-12-05,66,Closed
T148,08-09,2008-12-05,66,Closed
T151,08-09,2008-12-05,66,Groomed
T152,08-09,2008-12-05,66,Groomed
T156,08-09,2008-12-05,66,Closed
T157,08-09,2008-12-05,66,Closed
T002,08-09,2008-12-06,67,Groomed
T003,08-09,2008-12-06,67,Closed
T004,08-09,2008-12-06,67,Groomed
T005,08-09,2008-12-06,67,Groomed
T006,08-09,2008-12-06,67,Open
T007,08-09,2008-12-06,67,Groomed
T008,08-09,2008-12-06,67,Groomed
T009,08-09,2008-12-06,67,Groomed
T010,08-09,2008-12-06,67,Closed
T011,08-09,2008-12-06,67,Groomed
T012,08-09,2008-12-06,67,Groomed
T013,08-09,2008-12-06,67,Groomed
T015,08-09,2008-12-06,67,Closed
T016,08-09,2008-12-06,67,Open
T017,08-09,2008-12-06,67,Open
T018,08-09,2008-12-06,67,Closed
T019,08-09,2008-12-06,67,Closed
T020,08-09,2008-12-06,67,Closed
T021,08-09,2008-12-06,67,Groomed
T022,08-09,2008-12-06,67,Groomed
T023,08-09,2008-12-06,67,Closed
T024,08-09,2008-12-06,67,Open
T025,08-09,2008-12-06,67,Closed
T026,08-09,2008-12-06,67,Open
T027,08-09,2008-12-06,67,Closed
T028,08-09,2008-12-06,67,Open
T029,08-09,2008-12-06,67,Closed
T030,08-09,2008-12-06,67,Closed
T031,08-09,2008-12-06,67,Open
T032,08-09,2008-12-06,67,Closed
T033,08-09,2008-12-06,67,Closed
T034,08-09,2008-12-06,67,Groomed
T035,08-09,2008-12-06,67,Open
T036,08-09,2008-12-06,67,Groomed
T037,08-09,2008-12-06,67,Open
T038,08-09,2008-12-06,67,Open
T039,08-09,2008-12-06,67,Closed
T040,08-09,2008-12-06,67,Closed
T042,08-09,2008-12-06,67,Closed
T043,08-09,2008-12-06,67,Closed
T044,08-09,2008-12-06,67,Closed
T045,08-09,2008-12-06,67,Closed
T046,08-09,2008-12-06,67,Closed
T047,08-09,2008-12-06,67,Closed
T061,08-09,2008-12-06,67,Open
T063,08-09,2008-12-06,67,Open
T064,08-09,2008-12-06,67,Open
T065,08-09,2008-12-06,67,Closed
T066,08-09,2008-12-06,67,Closed
T067,08-09,2008-12-06,67,Closed
T068,08-09,2008-12-06,67,Open
T069,08-09,2008-12-06,67,Closed
T070,08-09,2008-12-06,67,Closed
T071,08-09,2008-12-06,67,Closed
T072,08-09,2008-12-06,67,Closed
T073,08-09,2008-12-06,67,Closed
T074,08-09,2008-12-06,67,Closed
T075,08-09,2008-12-06,67,Closed
T076,08-09,2008-12-06,67,Open
T077,08-09,2008-12-06,67,Closed
T078,08-09,2008-12-06,67,Closed
T079,08-09,2008-12-06,67,Closed
T080,08-09,2008-12-06,67,Closed
T081,08-09,2008-12-06,67,Closed
T083,08-09,2008-12-06,67,Closed
T084,08-09,2008-12-06,67,Open
T085,08-09,2008-12-06,67,Open
T086,08-09,2008-12-06,67,Open
T087,08-09,2008-12-06,67,Open
T088,08-09,2008-12-06,67,Closed
T089,08-09,2008-12-06,67,Open
T090,08-09,2008-12-06,67,Open
T091,08-09,2008-12-06,67,Closed
T092,08-09,2008-12-06,67,Closed
T127,08-09,2008-12-06,67,Closed
T134,08-09,2008-12-06,67,Closed
T135,08-09,2008-12-06,67,Closed
T136,08-09,2008-12-06,67,Open
T137,08-09,2008-12-06,67,Closed
T148,08-09,2008-12-06,67,Closed
T151,08-09,2008-12-06,67,Groomed
T152,08-09,2008-12-06,67,Groomed
T156,08-09,2008-12-06,67,Closed
T157,08-09,2008-12-06,67,Closed
T002,08-09,2008-12-07,68,Closed
T003,08-09,2008-12-07,68,Closed
T004,08-09,2008-12-07,68,Groomed
T005,08-09,2008-12-07,68,Groomed
T006,08-09,2008-12-07,68,Open
T007,08-09,2008-12-07,68,Groomed
T008,08-09,2008-12-07,68,Groomed
T009,08-09,2008-12-07,68,Groomed
T010,08-09,2008-12-07,68,Closed
T011,08-09,2008-12-07,68,Groomed
T012,08-09,2008-12-07,68,Groomed
T013,08-09,2008-12-07,68,Groomed
T015,08-09,2008-12-07,68,Closed
T016,08-09,2008-12-07,68,Open
T017,08-09,2008-12-07,68,Closed
T018,08-09,2008-12-07,68,Closed
T019,08-09,2008-12-07,68,Closed
T020,08-09,2008-12-07,68,Closed
T021,08-09,2008-12-07,68,Groomed
T022,08-09,2008-12-07,68,Groomed
T023,08-09,2008-12-07,68,Closed
T024,08-09,2008-12-07,68,Open
T025,08-09,2008-12-07,68,Closed
T026,08-09,2008-12-07,68,Open
T027,08-09,2008-12-07,68,Closed
T028,08-09,2008-12-07,68,Open
T029,08-09,2008-12-07,68,Closed
T030,08-09,2008-12-07,68,Closed
T031,08-09,2008-12-07,68,Closed
T032,08-09,2008-12-07,68,Closed
T033,08-09,2008-12-07,68,Closed
T034,08-09,2008-12-07,68,Groomed
T035,08-09,2008-12-07,68,Closed
T036,08-09,2008-12-07,68,Groomed
T037,08-09,2008-12-07,68,Closed
T038,08-09,2008-12-07,68,Open
T039,08-09,2008-12-07,68,Closed
T040,08-09,2008-12-07,68,Closed
T042,08-09,2008-12-07,68,Closed
T043,08-09,2008-12-07,68,Closed
T044,08-09,2008-12-07,68,Closed
T045,08-09,2008-12-07,68,Closed
T046,08-09,2008-12-07,68,Closed
T047,08-09,2008-12-07,68,Closed
T061,08-09,2008-12-07,68,Closed
T063,08-09,2008-12-07,68,Closed
T064,08-09,2008-12-07,68,Closed
T065,08-09,2008-12-07,68,Closed
T066,08-09,2008-12-07,68,Closed
T067,08-09,2008-12-07,68,Closed
T068,08-09,2008-12-07,68,Closed
T069,08-09,2008-12-07,68,Closed
T070,08-09,2008-12-07,68,Closed
T071,08-09,2008-12-07,68,Closed
T072,08-09,2008-12-07,68,Closed
T073,08-09,2008-12-07,68,Closed
T074,08-09,2008-12-07,68,Closed
T075,08-09,2008-12-07,68,Closed
T076,08-09,2008-12-07,68,Closed
T077,08-09,2008-12-07,68,Closed
T078,08-09,2008-12-07,68,Closed
T079,08-09,2008-12-07,68,Closed
T080,08-09,2008-12-07,68,Closed
T081,08-09,2008-12-07,68,Closed
T083,08-09,2008-12-07,68,Closed
T084,08-09,2008-12-07,68,Closed
T085,08-09,2008-12-07,68,Closed
T086,08-09,2008-12-07,68,Closed
T087,08-09,2008-12-07,68,Closed
T088,08-09,2008-12-07,68,Closed
T089,08-09,2008-12-07,68,Closed
T090,08-09,2008-12-07,68,Closed
T091,08-09,2008-12-07,68,Closed
T092,08-09,2008-12-07,68,Closed
T127,08-09,2008-12-07,68,Closed
T134,08-09,2008-12-07,68,Closed
T135,08-09,2008-12-07,68,Closed
T136,08-09,2008-12-07,68,Closed
T137,08-09,2008-12-07,68,Closed
T148,08-09,2008-12-07,68,Closed
T151,08-09,2008-12-07,68,Groomed
T152,08-09,2008-12-07,68,Groomed
T156,08-09,2008-12-07,68,Closed
T157,08-09,2008-12-07,68,Closed
T002,08-09,2008-12-08,69,Closed
T003,08-09,2008-12-08,69,Closed
T004,08-09,2008-12-08,69,Groomed
T005,08-09,2008-12-08,69,Groomed
T006,08-09,2008-12-08,69,Open
T007,08-09,2008-12-08,69,Groomed
T008,08-09,2008-12-08,69,Groomed
T009,08-09,2008-12-08,69,Groomed
T010,08-09,2008-12-08,69,Closed
T011,08-09,2008-12-08,69,Groomed
T012,08-09,2008-12-08,69,Groomed
T013,08-09,2008-12-08,69,Groomed
T015,08-09,2008-12-08,69,Closed
T016,08-09,2008-12-08,69,Closed
T017,08-09,2008-12-08,69,Closed
T018,08-09,2008-12-08,69,Closed
T019,08-09,2008-12-08,69,Closed
T020,08-09,2008-12-08,69,Closed
T021,08-09,2008-12-08,69,Groomed
T022,08-09,2008-12-08,69,Groomed
T023,08-09,2008-12-08,69,Closed
T024,08-09,2008-12-08,69,Open
T025,08-09,2008-12-08,69,Closed
T026,08-09,2008-12-08,69,Open
T027,08-09,2008-12-08,69,Closed
T028,08-09,2008-12-08,69,Open
T029,08-09,2008-12-08,69,Closed
T030,08-09,2008-12-08,69,Closed
T031,08-09,2008-12-08,69,Closed
T032,08-09,2008-12-08,69,Closed
T033,08-09,2008-12-08,69,Closed
T034,08-09,2008-12-08,69,Groomed
T035,08-09,2008-12-08,69,Closed
T036,08-09,2008-12-08,69,Groomed
T037,08-09,2008-12-08,69,Closed
T038,08-09,2008-12-08,69,Open
T039,08-09,2008-12-08,69,Closed
T040,08-09,2008-12-08,69,Closed
T042,08-09,2008-12-08,69,Closed
T043,08-09,2008-12-08,69,Closed
T044,08-09,2008-12-08,69,Closed
T045,08-09,2008-12-08,69,Closed
T046,08-09,2008-12-08,69,Closed
T047,08-09,2008-12-08,69,Closed
T061,08-09,2008-12-08,69,Closed
T063,08-09,2008-12-08,69,Closed
T064,08-09,2008-12-08,69,Closed
T065,08-09,2008-12-08,69,Closed
T066,08-09,2008-12-08,69,Closed
T067,08-09,2008-12-08,69,Closed
T068,08-09,2008-12-08,69,Closed
T069,08-09,2008-12-08,69,Closed
T070,08-09,2008-12-08,69,Closed
T071,08-09,2008-12-08,69,Closed
T072,08-09,2008-12-08,69,Closed
T073,08-09,2008-12-08,69,Closed
T074,08-09,2008-12-08,69,Closed
T075,08-09,2008-12-08,69,Closed
T076,08-09,2008-12-08,69,Closed
T077,08-09,2008-12-08,69,Closed
T078,08-09,2008-12-08,69,Closed
T079,08-09,2008-12-08,69,Closed
T080,08-09,2008-12-08,69,Closed
T081,08-09,2008-12-08,69,Closed
T083,08-09,2008-12-08,69,Closed
T084,08-09,2008-12-08,69,Closed
T085,08-09,2008-12-08,69,Closed
T086,08-09,2008-12-08,69,Closed
T087,08-09,2008-12-08,69,Closed
T088,08-09,2008-12-08,69,Closed
T089,08-09,2008-12-08,69,Closed
T090,08-09,2008-12-08,69,Closed
T091,08-09,2008-12-08,69,Closed
T092,08-09,2008-12-08,69,Closed
T127,08-09,2008-12-08,69,Closed
T134,08-09,2008-12-08,69,Closed
T135,08-09,2008-12-08,69,Closed
T136,08-09,2008-12-08,69,Closed
T137,08-09,2008-12-08,69,Closed
T148,08-09,2008-12-08,69,Closed
T151,08-09,2008-12-08,69,Groomed
T152,08-09,2008-12-08,69,Groomed
T156,08-09,2008-12-08,69,Closed
T157,08-09,2008-12-08,69,Closed
T002,08-09,2008-12-09,70,Closed
T003,08-09,2008-12-09,70,Closed
T004,08-09,2008-12-09,70,Groomed
T005,08-09,2008-12-09,70,Groomed
T006,08-09,2008-12-09,70,Open
T007,08-09,2008-12-09,70,Groomed
T008,08-09,2008-12-09,70,Groomed
T009,08-09,2008-12-09,70,Groomed
T010,08-09,2008-12-09,70,Closed
T011,08-09,2008-12-09,70,Groomed
T012,08-09,2008-12-09,70,Groomed
T013,08-09,2008-12-09,70,Groomed
T015,08-09,2008-12-09,70,Closed
T016,08-09,2008-12-09,70,Closed
T017,08-09,2008-12-09,70,Closed
T018,08-09,2008-12-09,70,Closed
T019,08-09,2008-12-09,70,Closed
T020,08-09,2008-12-09,70,Closed
T021,08-09,2008-12-09,70,Groomed
T022,08-09,2008-12-09,70,Groomed
T023,08-09,2008-12-09,70,Closed
T024,08-09,2008-12-09,70,Open
T025,08-09,2008-12-09,70,Closed
T026,08-09,2008-12-09,70,Open
T027,08-09,2008-12-09,70,Closed
T028,08-09,2008-12-09,70,Open
T029,08-09,2008-12-09,70,Closed
T030,08-09,2008-12-09,70,Closed
T031,08-09,2008-12-09,70,Closed
T032,08-09,2008-12-09,70,Closed
T033,08-09,2008-12-09,70,Closed
T034,08-09,2008-12-09,70,Groomed
T035,08-09,2008-12-09,70,Closed
T036,08-09,2008-12-09,70,Groomed
T037,08-09,2008-12-09,70,Closed
T038,08-09,2008-12-09,70,Open
T039,08-09,2008-12-09,70,Closed
T040,08-09,2008-12-09,70,Closed
T042,08-09,2008-12-09,70,Closed
T043,08-09,2008-12-09,70,Closed
T044,08-09,2008-12-09,70,Closed
T045,08-09,2008-12-09,70,Closed
T046,08-09,2008-12-09,70,Closed
T047,08-09,2008-12-09,70,Closed
T061,08-09,2008-12-09,70,Closed
T063,08-09,2008-12-09,70,Closed
T064,08-09,2008-12-09,70,Closed
T065,08-09,2008-12-09,70,Closed
T066,08-09,2008-12-09,70,Closed
T067,08-09,2008-12-09,70,Closed
T068,08-09,2008-12-09,70,Closed
T069,08-09,2008-12-09,70,Closed
T070,08-09,2008-12-09,70,Closed
T071,08-09,2008-12-09,70,Closed
T072,08-09,2008-12-09,70,Closed
T073,08-09,2008-12-09,70,Closed
T074,08-09,2008-12-09,70,Closed
T075,08-09,2008-12-09,70,Closed
T076,08-09,2008-12-09,70,Closed
T077,08-09,2008-12-09,70,Closed
T078,08-09,2008-12-09,70,Closed
T079,08-09,2008-12-09,70,Closed
T080,08-09,2008-12-09,70,Closed
T081,08-09,2008-12-09,70,Closed
T083,08-09,2008-12-09,70,Closed
T084,08-09,2008-12-09,70,Closed
T085,08-09,2008-12-09,70,Closed
T086,08-09,2008-12-09,70,Closed
T087,08-09,2008-12-09,70,Closed
T088,08-09,2008-12-09,70,Closed
T089,08-09,2008-12-09,70,Closed
T090,08-09,2008-12-09,70,Closed
T091,08-09,2008-12-09,70,Closed
T092,08-09,2008-12-09,70,Closed
T127,08-09,2008-12-09,70,Closed
T134,08-09,2008-12-09,70,Closed
T135,08-09,2008-12-09,70,Closed
T136,08-09,2008-12-09,70,Closed
T137,08-09,2008-12-09,70,Closed
T148,08-09,2008-12-09,70,Closed
T151,08-09,2008-12-09,70,Groomed
T152,08-09,2008-12-09,70,Groomed
T156,08-09,2008-12-09,70,Closed
T157,08-09,2008-12-09,70,Closed
T002,08-09,2008-12-10,71,Closed
T003,08-09,2008-12-10,71,Closed
T004,08-09,2008-12-10,71,Groomed
T005,08-09,2008-12-10,71,Groomed
T006,08-09,2008-12-10,71,Open
T007,08-09,2008-12-10,71,Groomed
T008,08-09,2008-12-10,71,Groomed
T009,08-09,2008-12-10,71,Groomed
T010,08-09,2008-12-10,71,Closed
T011,08-09,2008-12-10,71,Groomed
T012,08-09,2008-12-10,71,Groomed
T013,08-09,2008-12-10,71,Groomed
T015,08-09,2008-12-10,71,Closed
T016,08-09,2008-12-10,71,Closed
T017,08-09,2008-12-10,71,Closed
T018,08-09,2008-12-10,71,Closed
T019,08-09,2008-12-10,71,Closed
T020,08-09,2008-12-10,71,Closed
T021,08-09,2008-12-10,71,Groomed
T022,08-09,2008-12-10,71,Groomed
T023,08-09,2008-12-10,71,Closed
T024,08-09,2008-12-10,71,Open
T025,08-09,2008-12-10,71,Closed
T026,08-09,2008-12-10,71,Open
T027,08-09,2008-12-10,71,Groomed
T028,08-09,2008-12-10,71,Closed
T029,08-09,2008-12-10,71,Closed
T030,08-09,2008-12-10,71,Closed
T031,08-09,2008-12-10,71,Closed
T032,08-09,2008-12-10,71,Closed
T033,08-09,2008-12-10,71,Closed
T034,08-09,2008-12-10,71,Groomed
T035,08-09,2008-12-10,71,Closed
T036,08-09,2008-12-10,71,Groomed
T037,08-09,2008-12-10,71,Closed
T038,08-09,2008-12-10,71,Open
T039,08-09,2008-12-10,71,Closed
T040,08-09,2008-12-10,71,Closed
T042,08-09,2008-12-10,71,Closed
T043,08-09,2008-12-10,71,Closed
T044,08-09,2008-12-10,71,Closed
T045,08-09,2008-12-10,71,Closed
T046,08-09,2008-12-10,71,Closed
T047,08-09,2008-12-10,71,Closed
T061,08-09,2008-12-10,71,Closed
T063,08-09,2008-12-10,71,Closed
T064,08-09,2008-12-10,71,Closed
T065,08-09,2008-12-10,71,Closed
T066,08-09,2008-12-10,71,Closed
T067,08-09,2008-12-10,71,Closed
T068,08-09,2008-12-10,71,Closed
T069,08-09,2008-12-10,71,Closed
T070,08-09,2008-12-10,71,Closed
T071,08-09,2008-12-10,71,Closed
T072,08-09,2008-12-10,71,Closed
T073,08-09,2008-12-10,71,Closed
T074,08-09,2008-12-10,71,Closed
T075,08-09,2008-12-10,71,Closed
T076,08-09,2008-12-10,71,Closed
T077,08-09,2008-12-10,71,Closed
T078,08-09,2008-12-10,71,Closed
T079,08-09,2008-12-10,71,Closed
T080,08-09,2008-12-10,71,Closed
T081,08-09,2008-12-10,71,Closed
T083,08-09,2008-12-10,71,Closed
T084,08-09,2008-12-10,71,Closed
T085,08-09,2008-12-10,71,Closed
T086,08-09,2008-12-10,71,Closed
T087,08-09,2008-12-10,71,Closed
T088,08-09,2008-12-10,71,Closed
T089,08-09,2008-12-10,71,Closed
T090,08-09,2008-12-10,71,Closed
T091,08-09,2008-12-10,71,Closed
T092,08-09,2008-12-10,71,Closed
T127,08-09,2008-12-10,71,Closed
T134,08-09,2008-12-10,71,Closed
T135,08-09,2008-12-10,71,Closed
T136,08-09,2008-12-10,71,Closed
T137,08-09,2008-12-10,71,Closed
T148,08-09,2008-12-10,71,Closed
T151,08-09,2008-12-10,71,Groomed
T152,08-09,2008-12-10,71,Groomed
T156,08-09,2008-12-10,71,Closed
T157,08-09,2008-12-10,71,Closed
T002,08-09,2008-12-11,72,Closed
T003,08-09,2008-12-11,72,Closed
T004,08-09,2008-12-11,72,Groomed
T005,08-09,2008-12-11,72,Groomed
T006,08-09,2008-12-11,72,Open
T007,08-09,2008-12-11,72,Groomed
T008,08-09,2008-12-11,72,Groomed
T009,08-09,2008-12-11,72,Groomed
T010,08-09,2008-12-11,72,Closed
T011,08-09,2008-12-11,72,Groomed
T012,08-09,2008-12-11,72,Groomed
T013,08-09,2008-12-11,72,Groomed
T015,08-09,2008-12-11,72,Closed
T016,08-09,2008-12-11,72,Closed
T017,08-09,2008-12-11,72,Closed
T018,08-09,2008-12-11,72,Closed
T019,08-09,2008-12-11,72,Closed
T020,08-09,2008-12-11,72,Closed
T021,08-09,2008-12-11,72,Groomed
T022,08-09,2008-12-11,72,Groomed
T023,08-09,2008-12-11,72,Closed
T024,08-09,2008-12-11,72,Open
T025,08-09,2008-12-11,72,Closed
T026,08-09,2008-12-11,72,Open
T027,08-09,2008-12-11,72,Groomed
T028,08-09,2008-12-11,72,Closed
T029,08-09,2008-12-11,72,Closed
T030,08-09,2008-12-11,72,Closed
T031,08-09,2008-12-11,72,Closed
T032,08-09,2008-12-11,72,Closed
T033,08-09,2008-12-11,72,Closed
T034,08-09,2008-12-11,72,Groomed
T035,08-09,2008-12-11,72,Closed
T036,08-09,2008-12-11,72,Groomed
T037,08-09,2008-12-11,72,Closed
T038,08-09,2008-12-11,72,Open
T039,08-09,2008-12-11,72,Closed
T040,08-09,2008-12-11,72,Closed
T042,08-09,2008-12-11,72,Closed
T043,08-09,2008-12-11,72,Closed
T044,08-09,2008-12-11,72,Closed
T045,08-09,2008-12-11,72,Closed
T046,08-09,2008-12-11,72,Closed
T047,08-09,2008-12-11,72,Closed
T061,08-09,2008-12-11,72,Closed
T063,08-09,2008-12-11,72,Closed
T064,08-09,2008-12-11,72,Closed
T065,08-09,2008-12-11,72,Closed
T066,08-09,2008-12-11,72,Closed
T067,08-09,2008-12-11,72,Closed
T068,08-09,2008-12-11,72,Closed
T069,08-09,2008-12-11,72,Closed
T070,08-09,2008-12-11,72,Closed
T071,08-09,2008-12-11,72,Closed
T072,08-09,2008-12-11,72,Closed
T073,08-09,2008-12-11,72,Closed
T074,08-09,2008-12-11,72,Closed
T075,08-09,2008-12-11,72,Closed
T076,08-09,2008-12-11,72,Closed
T077,08-09,2008-12-11,72,Closed
T078,08-09,2008-12-11,72,Closed
T079,08-09,2008-12-11,72,Closed
T080,08-09,2008-12-11,72,Closed
T081,08-09,2008-12-11,72,Closed
T083,08-09,2008-12-11,72,Closed
T084,08-09,2008-12-11,72,Closed
T085,08-09,2008-12-11,72,Closed
T086,08-09,2008-12-11,72,Closed
T087,08-09,2008-12-11,72,Closed
T088,08-09,2008-12-11,72,Closed
T089,08-09,2008-12-11,72,Closed
T090,08-09,2008-12-11,72,Closed
T091,08-09,2008-12-11,72,Closed
T092,08-09,2008-12-11,72,Closed
T127,08-09,2008-12-11,72,Closed
T134,08-09,2008-12-11,72,Closed
T135,08-09,2008-12-11,72,Closed
T136,08-09,2008-12-11,72,Closed
T137,08-09,2008-12-11,72,Closed
T148,08-09,2008-12-11,72,Closed
T151,08-09,2008-12-11,72,Groomed
T152,08-09,2008-12-11,72,Groomed
T156,08-09,2008-12-11,72,Closed
T157,08-09,2008-12-11,72,Closed
T002,08-09,2008-12-12,73,Groomed
T003,08-09,2008-12-12,73,Closed
T004,08-09,2008-12-12,73,Groomed
T005,08-09,2008-12-12,73,Groomed
T006,08-09,2008-12-12,73,Closed
T007,08-09,2008-12-12,73,Groomed
T008,08-09,2008-12-12,73,Groomed
T009,08-09,2008-12-12,73,Groomed
T010,08-09,2008-12-12,73,Open
T011,08-09,2008-12-12,73,Groomed
T012,08-09,2008-12-12,73,Open
T013,08-09,2008-12-12,73,Groomed
T015,08-09,2008-12-12,73,Closed
T016,08-09,2008-12-12,73,Open
T017,08-09,2008-12-12,73,Closed
T018,08-09,2008-12-12,73,Closed
T019,08-09,2008-12-12,73,Closed
T020,08-09,2008-12-12,73,Open
T021,08-09,2008-12-12,73,Groomed
T022,08-09,2008-12-12,73,Groomed
T023,08-09,2008-12-12,73,Closed
T024,08-09,2008-12-12,73,Closed
T025,08-09,2008-12-12,73,Closed
T026,08-09,2008-12-12,73,Closed
T027,08-09,2008-12-12,73,Groomed
T028,08-09,2008-12-12,73,Open
T029,08-09,2008-12-12,73,Closed
T030,08-09,2008-12-12,73,Closed
T031,08-09,2008-12-12,73,Groomed
T032,08-09,2008-12-12,73,Closed
T033,08-09,2008-12-12,73,Closed
T034,08-09,2008-12-12,73,Groomed
T035,08-09,2008-12-12,73,Closed
T036,08-09,2008-12-12,73,Groomed
T037,08-09,2008-12-12,73,Closed
T038,08-09,2008-12-12,73,Open
T039,08-09,2008-12-12,73,Closed
T040,08-09,2008-12-12,73,Closed
T042,08-09,2008-12-12,73,Closed
T043,08-09,2008-12-12,73,Closed
T044,08-09,2008-12-12,73,Closed
T045,08-09,2008-12-12,73,Closed
T046,08-09,2008-12-12,73,Closed
T047,08-09,2008-12-12,73,Closed
T061,08-09,2008-12-12,73,Groomed
T063,08-09,2008-12-12,73,Closed
T064,08-09,2008-12-12,73,Open
T065,08-09,2008-12-12,73,Closed
T066,08-09,2008-12-12,73,Open
T067,08-09,2008-12-12,73,Closed
T068,08-09,2008-12-12,73,Open
T069,08-09,2008-12-12,73,Closed
T070,08-09,2008-12-12,73,Closed
T071,08-09,2008-12-12,73,Closed
T072,08-09,2008-12-12,73,Closed
T073,08-09,2008-12-12,73,Closed
T074,08-09,2008-12-12,73,Closed
T075,08-09,2008-12-12,73,Closed
T076,08-09,2008-12-12,73,Open
T077,08-09,2008-12-12,73,Closed
T078,08-09,2008-12-12,73,Closed
T079,08-09,2008-12-12,73,Closed
T080,08-09,2008-12-12,73,Closed
T081,08-09,2008-12-12,73,Closed
T083,08-09,2008-12-12,73,Open
T084,08-09,2008-12-12,73,Open
T085,08-09,2008-12-12,73,Open
T086,08-09,2008-12-12,73,Open
T087,08-09,2008-12-12,73,Open
T088,08-09,2008-12-12,73,Closed
T089,08-09,2008-12-12,73,Open
T090,08-09,2008-12-12,73,Open
T091,08-09,2008-12-12,73,Closed
T092,08-09,2008-12-12,73,Closed
T127,08-09,2008-12-12,73,Closed
T134,08-09,2008-12-12,73,Open
T135,08-09,2008-12-12,73,Closed
T136,08-09,2008-12-12,73,Open
T137,08-09,2008-12-12,73,Open
T148,08-09,2008-12-12,73,Closed
T151,08-09,2008-12-12,73,Groomed
T152,08-09,2008-12-12,73,Groomed
T156,08-09,2008-12-12,73,Closed
T157,08-09,2008-12-12,73,Closed
T002,08-09,2008-12-13,74,Groomed
T003,08-09,2008-12-13,74,Closed
T004,08-09,2008-12-13,74,Groomed
T005,08-09,2008-12-13,74,Groomed
T006,08-09,2008-12-13,74,Closed
T007,08-09,2008-12-13,74,Groomed
T008,08-09,2008-12-13,74,Groomed
T009,08-09,2008-12-13,74,Groomed
T010,08-09,2008-12-13,74,Open
T011,08-09,2008-12-13,74,Groomed
T012,08-09,2008-12-13,74,Open
T013,08-09,2008-12-13,74,Groomed
T015,08-09,2008-12-13,74,Closed
T016,08-09,2008-12-13,74,Open
T017,08-09,2008-12-13,74,Closed
T018,08-09,2008-12-13,74,Closed
T019,08-09,2008-12-13,74,Closed
T020,08-09,2008-12-13,74,Open
T021,08-09,2008-12-13,74,Groomed
T022,08-09,2008-12-13,74,Groomed
T023,08-09,2008-12-13,74,Closed
T024,08-09,2008-12-13,74,Closed
T025,08-09,2008-12-13,74,Closed
T026,08-09,2008-12-13,74,Closed
T027,08-09,2008-12-13,74,Groomed
T028,08-09,2008-12-13,74,Open
T029,08-09,2008-12-13,74,Closed
T030,08-09,2008-12-13,74,Closed
T031,08-09,2008-12-13,74,Groomed
T032,08-09,2008-12-13,74,Closed
T033,08-09,2008-12-13,74,Closed
T034,08-09,2008-12-13,74,Groomed
T035,08-09,2008-12-13,74,Closed
T036,08-09,2008-12-13,74,Groomed
T037,08-09,2008-12-13,74,Closed
T038,08-09,2008-12-13,74,Open
T039,08-09,2008-12-13,74,Closed
T040,08-09,2008-12-13,74,Closed
T042,08-09,2008-12-13,74,Closed
T043,08-09,2008-12-13,74,Closed
T044,08-09,2008-12-13,74,Closed
T045,08-09,2008-12-13,74,Closed
T046,08-09,2008-12-13,74,Closed
T047,08-09,2008-12-13,74,Closed
T061,08-09,2008-12-13,74,Groomed
T063,08-09,2008-12-13,74,Closed
T064,08-09,2008-12-13,74,Open
T065,08-09,2008-12-13,74,Closed
T066,08-09,2008-12-13,74,Open
T067,08-09,2008-12-13,74,Closed
T068,08-09,2008-12-13,74,Open
T069,08-09,2008-12-13,74,Closed
T070,08-09,2008-12-13,74,Closed
T071,08-09,2008-12-13,74,Closed
T072,08-09,2008-12-13,74,Closed
T073,08-09,2008-12-13,74,Closed
T074,08-09,2008-12-13,74,Closed
T075,08-09,2008-12-13,74,Closed
T076,08-09,2008-12-13,74,Open
T077,08-09,2008-12-13,74,Closed
T078,08-09,2008-12-13,74,Closed
T079,08-09,2008-12-13,74,Closed
T080,08-09,2008-12-13,74,Closed
T081,08-09,2008-12-13,74,Closed
T083,08-09,2008-12-13,74,Open
T084,08-09,2008-12-13,74,Open
T085,08-09,2008-12-13,74,Open
T086,08-09,2008-12-13,74,Open
T087,08-09,2008-12-13,74,Open
T088,08-09,2008-12-13,74,Closed
T089,08-09,2008-12-13,74,Open
T090,08-09,2008-12-13,74,Open
T091,08-09,2008-12-13,74,Closed
T092,08-09,2008-12-13,74,Closed
T127,08-09,2008-12-13,74,Closed
T134,08-09,2008-12-13,74,Open
T135,08-09,2008-12-13,74,Closed
T136,08-09,2008-12-13,74,Open
T137,08-09,2008-12-13,74,Open
T148,08-09,2008-12-13,74,Closed
T151,08-09,2008-12-13,74,Groomed
T152,08-09,2008-12-13,74,Groomed
T156,08-09,2008-12-13,74,Closed
T157,08-09,2008-12-13,74,Closed
T002,08-09,2008-12-14,75,Groomed
T003,08-09,2008-12-14,75,Closed
T004,08-09,2008-12-14,75,Groomed
T005,08-09,2008-12-14,75,Groomed
T006,08-09,2008-12-14,75,Closed
T007,08-09,2008-12-14,75,Groomed
T008,08-09,2008-12-14,75,Groomed
T009,08-09,2008-12-14,75,Open
T010,08-09,2008-12-14,75,Open
T011,08-09,2008-12-14,75,Groomed
T012,08-09,2008-12-14,75,Open
T013,08-09,2008-12-14,75,Groomed
T015,08-09,2008-12-14,75,Open
T016,08-09,2008-12-14,75,Open
T017,08-09,2008-12-14,75,Open
T018,08-09,2008-12-14,75,Closed
T019,08-09,2008-12-14,75,Closed
T020,08-09,2008-12-14,75,Open
T021,08-09,2008-12-14,75,Groomed
T022,08-09,2008-12-14,75,Groomed
T023,08-09,2008-12-14,75,Closed
T024,08-09,2008-12-14,75,Closed
T025,08-09,2008-12-14,75,Closed
T026,08-09,2008-12-14,75,Closed
T027,08-09,2008-12-14,75,Groomed
T028,08-09,2008-12-14,75,Open
T029,08-09,2008-12-14,75,Closed
T030,08-09,2008-12-14,75,Open
T031,08-09,2008-12-14,75,Groomed
T032,08-09,2008-12-14,75,Open
T033,08-09,2008-12-14,75,Closed
T034,08-09,2008-12-14,75,Groomed
T035,08-09,2008-12-14,75,Open
T036,08-09,2008-12-14,75,Groomed
T037,08-09,2008-12-14,75,Open
T038,08-09,2008-12-14,75,Open
T039,08-09,2008-12-14,75,Closed
T040,08-09,2008-12-14,75,Closed
T042,08-09,2008-12-14,75,Closed
T043,08-09,2008-12-14,75,Closed
T044,08-09,2008-12-14,75,Closed
T045,08-09,2008-12-14,75,Open
T046,08-09,2008-12-14,75,Closed
T047,08-09,2008-12-14,75,Closed
T061,08-09,2008-12-14,75,Groomed
T063,08-09,2008-12-14,75,Closed
T064,08-09,2008-12-14,75,Groomed
T065,08-09,2008-12-14,75,Closed
T066,08-09,2008-12-14,75,Open
T067,08-09,2008-12-14,75,Closed
T068,08-09,2008-12-14,75,Open
T069,08-09,2008-12-14,75,Closed
T070,08-09,2008-12-14,75,Closed
T071,08-09,2008-12-14,75,Closed
T072,08-09,2008-12-14,75,Closed
T073,08-09,2008-12-14,75,Closed
T074,08-09,2008-12-14,75,Closed
T075,08-09,2008-12-14,75,Closed
T076,08-09,2008-12-14,75,Open
T077,08-09,2008-12-14,75,Closed
T078,08-09,2008-12-14,75,Closed
T079,08-09,2008-12-14,75,Closed
T080,08-09,2008-12-14,75,Closed
T081,08-09,2008-12-14,75,Closed
T083,08-09,2008-12-14,75,Open
T084,08-09,2008-12-14,75,Open
T085,08-09,2008-12-14,75,Open
T086,08-09,2008-12-14,75,Open
T087,08-09,2008-12-14,75,Open
T088,08-09,2008-12-14,75,Closed
T089,08-09,2008-12-14,75,Open
T090,08-09,2008-12-14,75,Open
T091,08-09,2008-12-14,75,Closed
T092,08-09,2008-12-14,75,Closed
T127,08-09,2008-12-14,75,Closed
T134,08-09,2008-12-14,75,Open
T135,08-09,2008-12-14,75,Closed
T136,08-09,2008-12-14,75,Open
T137,08-09,2008-12-14,75,Open
T148,08-09,2008-12-14,75,Closed
T151,08-09,2008-12-14,75,Groomed
T152,08-09,2008-12-14,75,Groomed
T156,08-09,2008-12-14,75,Closed
T157,08-09,2008-12-14,75,Closed
T002,08-09,2008-12-15,76,Closed
T003,08-09,2008-12-15,76,Closed
T004,08-09,2008-12-15,76,Groomed
T005,08-09,2008-12-15,76,Groomed
T006,08-09,2008-12-15,76,Closed
T007,08-09,2008-12-15,76,Groomed
T008,08-09,2008-12-15,76,Groomed
T009,08-09,2008-12-15,76,Open
T010,08-09,2008-12-15,76,Open
T011,08-09,2008-12-15,76,Groomed
T012,08-09,2008-12-15,76,Open
T013,08-09,2008-12-15,76,Groomed
T015,08-09,2008-12-15,76,Open
T016,08-09,2008-12-15,76,Open
T017,08-09,2008-12-15,76,Open
T018,08-09,2008-12-15,76,Closed
T019,08-09,2008-12-15,76,Open
T020,08-09,2008-12-15,76,Open
T021,08-09,2008-12-15,76,Groomed
T022,08-09,2008-12-15,76,Groomed
T023,08-09,2008-12-15,76,Closed
T024,08-09,2008-12-15,76,Closed
T025,08-09,2008-12-15,76,Closed
T026,08-09,2008-12-15,76,Closed
T027,08-09,2008-12-15,76,Groomed
T028,08-09,2008-12-15,76,Open
T029,08-09,2008-12-15,76,Closed
T030,08-09,2008-12-15,76,Open
T031,08-09,2008-12-15,76,Groomed
T032,08-09,2008-12-15,76,Open
T033,08-09,2008-12-15,76,Open
T034,08-09,2008-12-15,76,Groomed
T035,08-09,2008-12-15,76,Open
T036,08-09,2008-12-15,76,Groomed
T037,08-09,2008-12-15,76,Open
T038,08-09,2008-12-15,76,Open
T039,08-09,2008-12-15,76,Closed
T040,08-09,2008-12-15,76,Closed
T042,08-09,2008-12-15,76,Closed
T043,08-09,2008-12-15,76,Closed
T044,08-09,2008-12-15,76,Open
T045,08-09,2008-12-15,76,Open
T046,08-09,2008-12-15,76,Closed
T047,08-09,2008-12-15,76,Closed
T061,08-09,2008-12-15,76,Groomed
T063,08-09,2008-12-15,76,Closed
T064,08-09,2008-12-15,76,Groomed
T065,08-09,2008-12-15,76,Closed
T066,08-09,2008-12-15,76,Open
T067,08-09,2008-12-15,76,Closed
T068,08-09,2008-12-15,76,Open
T069,08-09,2008-12-15,76,Closed
T070,08-09,2008-12-15,76,Closed
T071,08-09,2008-12-15,76,Closed
T072,08-09,2008-12-15,76,Closed
T073,08-09,2008-12-15,76,Closed
T074,08-09,2008-12-15,76,Closed
T075,08-09,2008-12-15,76,Closed
T076,08-09,2008-12-15,76,Open
T077,08-09,2008-12-15,76,Closed
T078,08-09,2008-12-15,76,Closed
T079,08-09,2008-12-15,76,Closed
T080,08-09,2008-12-15,76,Closed
T081,08-09,2008-12-15,76,Closed
T083,08-09,2008-12-15,76,Open
T084,08-09,2008-12-15,76,Open
T085,08-09,2008-12-15,76,Open
T086,08-09,2008-12-15,76,Open
T087,08-09,2008-12-15,76,Open
T088,08-09,2008-12-15,76,Closed
T089,08-09,2008-12-15,76,Open
T090,08-09,2008-12-15,76,Open
T091,08-09,2008-12-15,76,Closed
T092,08-09,2008-12-15,76,Closed
T127,08-09,2008-12-15,76,Closed
T134,08-09,2008-12-15,76,Open
T135,08-09,2008-12-15,76,Open
T136,08-09,2008-12-15,76,Open
T137,08-09,2008-12-15,76,Open
T148,08-09,2008-12-15,76,Closed
T151,08-09,2008-12-15,76,Groomed
T152,08-09,2008-12-15,76,Groomed
T156,08-09,2008-12-15,76,Closed
T157,08-09,2008-12-15,76,Closed
T002,08-09,2008-12-16,77,Closed
T003,08-09,2008-12-16,77,Closed
T004,08-09,2008-12-16,77,Groomed
T005,08-09,2008-12-16,77,Groomed
T006,08-09,2008-12-16,77,Closed
T007,08-09,2008-12-16,77,Groomed
T008,08-09,2008-12-16,77,Groomed
T009,08-09,2008-12-16,77,Open
T010,08-09,2008-12-16,77,Open
T011,08-09,2008-12-16,77,Groomed
T012,08-09,2008-12-16,77,Open
T013,08-09,2008-12-16,77,Groomed
T015,08-09,2008-12-16,77,Open
T016,08-09,2008-12-16,77,Open
T017,08-09,2008-12-16,77,Open
T018,08-09,2008-12-16,77,Closed
T019,08-09,2008-12-16,77,Open
T020,08-09,2008-12-16,77,Open
T021,08-09,2008-12-16,77,Groomed
T022,08-09,2008-12-16,77,Groomed
T023,08-09,2008-12-16,77,Closed
T024,08-09,2008-12-16,77,Closed
T025,08-09,2008-12-16,77,Closed
T026,08-09,2008-12-16,77,Closed
T027,08-09,2008-12-16,77,Groomed
T028,08-09,2008-12-16,77,Open
T029,08-09,2008-12-16,77,Closed
T030,08-09,2008-12-16,77,Open
T031,08-09,2008-12-16,77,Groomed
T032,08-09,2008-12-16,77,Open
T033,08-09,2008-12-16,77,Open
T034,08-09,2008-12-16,77,Groomed
T035,08-09,2008-12-16,77,Open
T036,08-09,2008-12-16,77,Groomed
T037,08-09,2008-12-16,77,Open
T038,08-09,2008-12-16,77,Open
T039,08-09,2008-12-16,77,Closed
T040,08-09,2008-12-16,77,Closed
T042,08-09,2008-12-16,77,Closed
T043,08-09,2008-12-16,77,Closed
T044,08-09,2008-12-16,77,Open
T045,08-09,2008-12-16,77,Open
T046,08-09,2008-12-16,77,Closed
T047,08-09,2008-12-16,77,Closed
T061,08-09,2008-12-16,77,Groomed
T063,08-09,2008-12-16,77,Closed
T064,08-09,2008-12-16,77,Groomed
T065,08-09,2008-12-16,77,Closed
T066,08-09,2008-12-16,77,Open
T067,08-09,2008-12-16,77,Closed
T068,08-09,2008-12-16,77,Open
T069,08-09,2008-12-16,77,Closed
T070,08-09,2008-12-16,77,Closed
T071,08-09,2008-12-16,77,Closed
T072,08-09,2008-12-16,77,Closed
T073,08-09,2008-12-16,77,Closed
T074,08-09,2008-12-16,77,Closed
T075,08-09,2008-12-16,77,Closed
T076,08-09,2008-12-16,77,Open
T077,08-09,2008-12-16,77,Open
T078,08-09,2008-12-16,77,Closed
T079,08-09,2008-12-16,77,Open
T080,08-09,2008-12-16,77,Open
T081,08-09,2008-12-16,77,Open
T083,08-09,2008-12-16,77,Open
T084,08-09,2008-12-16,77,Open
T085,08-09,2008-12-16,77,Open
T086,08-09,2008-12-16,77,Open
T087,08-09,2008-12-16,77,Open
T088,08-09,2008-12-16,77,Open
T089,08-09,2008-12-16,77,Open
T090,08-09,2008-12-16,77,Open
T091,08-09,2008-12-16,77,Open
T092,08-09,2008-12-16,77,Open
T127,08-09,2008-12-16,77,Closed
T134,08-09,2008-12-16,77,Open
T135,08-09,2008-12-16,77,Open
T136,08-09,2008-12-16,77,Open
T137,08-09,2008-12-16,77,Open
T148,08-09,2008-12-16,77,Closed
T151,08-09,2008-12-16,77,Groomed
T152,08-09,2008-12-16,77,Groomed
T156,08-09,2008-12-16,77,Closed
T157,08-09,2008-12-16,77,Open
T002,08-09,2008-12-17,78,Closed
T003,08-09,2008-12-17,78,Closed
T004,08-09,2008-12-17,78,Groomed
T005,08-09,2008-12-17,78,Groomed
T006,08-09,2008-12-17,78,Closed
T007,08-09,2008-12-17,78,Groomed
T008,08-09,2008-12-17,78,Groomed
T009,08-09,2008-12-17,78,Open
T010,08-09,2008-12-17,78,Open
T011,08-09,2008-12-17,78,Groomed
T012,08-09,2008-12-17,78,Open
T013,08-09,2008-12-17,78,Groomed
T015,08-09,2008-12-17,78,Open
T016,08-09,2008-12-17,78,Open
T017,08-09,2008-12-17,78,Open
T018,08-09,2008-12-17,78,Closed
T019,08-09,2008-12-17,78,Open
T020,08-09,2008-12-17,78,Open
T021,08-09,2008-12-17,78,Groomed
T022,08-09,2008-12-17,78,Groomed
T023,08-09,2008-12-17,78,Closed
T024,08-09,2008-12-17,78,Closed
T025,08-09,2008-12-17,78,Closed
T026,08-09,2008-12-17,78,Closed
T027,08-09,2008-12-17,78,Groomed
T028,08-09,2008-12-17,78,Open
T029,08-09,2008-12-17,78,Closed
T030,08-09,2008-12-17,78,Open
T031,08-09,2008-12-17,78,Groomed
T032,08-09,2008-12-17,78,Open
T033,08-09,2008-12-17,78,Open
T034,08-09,2008-12-17,78,Groomed
T035,08-09,2008-12-17,78,Open
T036,08-09,2008-12-17,78,Groomed
T037,08-09,2008-12-17,78,Open
T038,08-09,2008-12-17,78,Open
T039,08-09,2008-12-17,78,Closed
T040,08-09,2008-12-17,78,Closed
T042,08-09,2008-12-17,78,Closed
T043,08-09,2008-12-17,78,Closed
T044,08-09,2008-12-17,78,Open
T045,08-09,2008-12-17,78,Open
T046,08-09,2008-12-17,78,Closed
T047,08-09,2008-12-17,78,Closed
T061,08-09,2008-12-17,78,Groomed
T063,08-09,2008-12-17,78,Closed
T064,08-09,2008-12-17,78,Groomed
T065,08-09,2008-12-17,78,Closed
T066,08-09,2008-12-17,78,Open
T067,08-09,2008-12-17,78,Closed
T068,08-09,2008-12-17,78,Open
T069,08-09,2008-12-17,78,Closed
T070,08-09,2008-12-17,78,Closed
T071,08-09,2008-12-17,78,Closed
T072,08-09,2008-12-17,78,Closed
T073,08-09,2008-12-17,78,Closed
T074,08-09,2008-12-17,78,Closed
T075,08-09,2008-12-17,78,Closed
T076,08-09,2008-12-17,78,Open
T077,08-09,2008-12-17,78,Open
T078,08-09,2008-12-17,78,Closed
T079,08-09,2008-12-17,78,Open
T080,08-09,2008-12-17,78,Open
T081,08-09,2008-12-17,78,Open
T083,08-09,2008-12-17,78,Open
T084,08-09,2008-12-17,78,Open
T085,08-09,2008-12-17,78,Open
T086,08-09,2008-12-17,78,Open
T087,08-09,2008-12-17,78,Open
T088,08-09,2008-12-17,78,Open
T089,08-09,2008-12-17,78,Open
T090,08-09,2008-12-17,78,Open
T091,08-09,2008-12-17,78,Open
T092,08-09,2008-12-17,78,Open
T127,08-09,2008-12-17,78,Closed
T134,08-09,2008-12-17,78,Open
T135,08-09,2008-12-17,78,Open
T136,08-09,2008-12-17,78,Open
T137,08-09,2008-12-17,78,Open
T148,08-09,2008-12-17,78,Closed
T151,08-09,2008-12-17,78,Groomed
T152,08-09,2008-12-17,78,Groomed
T156,08-09,2008-12-17,78,Closed
T157,08-09,2008-12-17,78,Open
T002,08-09,2008-12-18,79,Closed
T003,08-09,2008-12-18,79,Closed
T004,08-09,2008-12-18,79,Groomed
T005,08-09,2008-12-18,79,Groomed
T006,08-09,2008-12-18,79,Open
T007,08-09,2008-12-18,79,Groomed
T008,08-09,2008-12-18,79,Open
T009,08-09,2008-12-18,79,Groomed
T010,08-09,2008-12-18,79,Open
T011,08-09,2008-12-18,79,Groomed
T012,08-09,2008-12-18,79,Open
T013,08-09,2008-12-18,79,Groomed
T015,08-09,2008-12-18,79,Open
T016,08-09,2008-12-18,79,Open
T017,08-09,2008-12-18,79,Open
T018,08-09,2008-12-18,79,Closed
T019,08-09,2008-12-18,79,Open
T020,08-09,2008-12-18,79,Open
T021,08-09,2008-12-18,79,Groomed
T022,08-09,2008-12-18,79,Groomed
T023,08-09,2008-12-18,79,Closed
T024,08-09,2008-12-18,79,Open
T025,08-09,2008-12-18,79,Closed
T026,08-09,2008-12-18,79,Open
T027,08-09,2008-12-18,79,Groomed
T028,08-09,2008-12-18,79,Open
T029,08-09,2008-12-18,79,Closed
T030,08-09,2008-12-18,79,Open
T031,08-09,2008-12-18,79,Groomed
T032,08-09,2008-12-18,79,Open
T033,08-09,2008-12-18,79,Open
T034,08-09,2008-12-18,79,Groomed
T035,08-09,2008-12-18,79,Open
T036,08-09,2008-12-18,79,Groomed
T037,08-09,2008-12-18,79,Open
T038,08-09,2008-12-18,79,Open
T039,08-09,2008-12-18,79,Closed
T040,08-09,2008-12-18,79,Closed
T042,08-09,2008-12-18,79,Closed
T043,08-09,2008-12-18,79,Closed
T044,08-09,2008-12-18,79,Open
T045,08-09,2008-12-18,79,Open
T046,08-09,2008-12-18,79,Closed
T047,08-09,2008-12-18,79,Closed
T061,08-09,2008-12-18,79,Groomed
T063,08-09,2008-12-18,79,Open
T064,08-09,2008-12-18,79,Groomed
T065,08-09,2008-12-18,79,Open
T066,08-09,2008-12-18,79,Open
T067,08-09,2008-12-18,79,Closed
T068,08-09,2008-12-18,79,Open
T069,08-09,2008-12-18,79,Closed
T070,08-09,2008-12-18,79,Closed
T071,08-09,2008-12-18,79,Closed
T072,08-09,2008-12-18,79,Closed
T073,08-09,2008-12-18,79,Closed
T074,08-09,2008-12-18,79,Closed
T075,08-09,2008-12-18,79,Closed
T076,08-09,2008-12-18,79,Open
T077,08-09,2008-12-18,79,Open
T078,08-09,2008-12-18,79,Closed
T079,08-09,2008-12-18,79,Open
T080,08-09,2008-12-18,79,Open
T081,08-09,2008-12-18,79,Open
T083,08-09,2008-12-18,79,Open
T084,08-09,2008-12-18,79,Open
T085,08-09,2008-12-18,79,Open
T086,08-09,2008-12-18,79,Open
T087,08-09,2008-12-18,79,Open
T088,08-09,2008-12-18,79,Open
T089,08-09,2008-12-18,79,Open
T090,08-09,2008-12-18,79,Open
T091,08-09,2008-12-18,79,Open
T092,08-09,2008-12-18,79,Open
T127,08-09,2008-12-18,79,Open
T134,08-09,2008-12-18,79,Open
T135,08-09,2008-12-18,79,Open
T136,08-09,2008-12-18,79,Open
T137,08-09,2008-12-18,79,Open
T148,08-09,2008-12-18,79,Closed
T151,08-09,2008-12-18,79,Groomed
T152,08-09,2008-12-18,79,Groomed
T156,08-09,2008-12-18,79,Closed
T157,08-09,2008-12-18,79,Open
T002,08-09,2008-12-19,80,Groomed
T003,08-09,2008-12-19,80,Closed
T004,08-09,2008-12-19,80,Closed
T005,08-09,2008-12-19,80,Groomed
T006,08-09,2008-12-19,80,Open
T007,08-09,2008-12-19,80,Groomed
T008,08-09,2008-12-19,80,Open
T009,08-09,2008-12-19,80,Groomed
T010,08-09,2008-12-19,80,Open
T011,08-09,2008-12-19,80,Groomed
T012,08-09,2008-12-19,80,Groomed
T013,08-09,2008-12-19,80,Groomed
T015,08-09,2008-12-19,80,Open
T016,08-09,2008-12-19,80,Open
T017,08-09,2008-12-19,80,Open
T018,08-09,2008-12-19,80,Closed
T019,08-09,2008-12-19,80,Open
T020,08-09,2008-12-19,80,Open
T021,08-09,2008-12-19,80,Groomed
T022,08-09,2008-12-19,80,Groomed
T023,08-09,2008-12-19,80,Closed
T024,08-09,2008-12-19,80,Open
T025,08-09,2008-12-19,80,Closed
T026,08-09,2008-12-19,80,Open
T027,08-09,2008-12-19,80,Groomed
T028,08-09,2008-12-19,80,Open
T029,08-09,2008-12-19,80,Closed
T030,08-09,2008-12-19,80,Open
T031,08-09,2008-12-19,80,Groomed
T032,08-09,2008-12-19,80,Open
T033,08-09,2008-12-19,80,Open
T034,08-09,2008-12-19,80,Groomed
T035,08-09,2008-12-19,80,Open
T036,08-09,2008-12-19,80,Groomed
T037,08-09,2008-12-19,80,Open
T038,08-09,2008-12-19,80,Open
T039,08-09,2008-12-19,80,Open
T040,08-09,2008-12-19,80,Closed
T042,08-09,2008-12-19,80,Closed
T043,08-09,2008-12-19,80,Closed
T044,08-09,2008-12-19,80,Open
T045,08-09,2008-12-19,80,Open
T046,08-09,2008-12-19,80,Closed
T047,08-09,2008-12-19,80,Closed
T061,08-09,2008-12-19,80,Groomed
T063,08-09,2008-12-19,80,Open
T064,08-09,2008-12-19,80,Groomed
T065,08-09,2008-12-19,80,Open
T066,08-09,2008-12-19,80,Open
T067,08-09,2008-12-19,80,Open
T068,08-09,2008-12-19,80,Open
T069,08-09,2008-12-19,80,Closed
T070,08-09,2008-12-19,80,Closed
T071,08-09,2008-12-19,80,Closed
T072,08-09,2008-12-19,80,Open
T073,08-09,2008-12-19,80,Open
T074,08-09,2008-12-19,80,Open
T075,08-09,2008-12-19,80,Closed
T076,08-09,2008-12-19,80,Open
T077,08-09,2008-12-19,80,Open
T078,08-09,2008-12-19,80,Closed
T079,08-09,2008-12-19,80,Open
T080,08-09,2008-12-19,80,Open
T081,08-09,2008-12-19,80,Open
T083,08-09,2008-12-19,80,Open
T084,08-09,2008-12-19,80,Open
T085,08-09,2008-12-19,80,Open
T086,08-09,2008-12-19,80,Open
T087,08-09,2008-12-19,80,Open
T088,08-09,2008-12-19,80,Open
T089,08-09,2008-12-19,80,Open
T090,08-09,2008-12-19,80,Open
T091,08-09,2008-12-19,80,Open
T092,08-09,2008-12-19,80,Open
T127,08-09,2008-12-19,80,Open
T134,08-09,2008-12-19,80,Open
T135,08-09,2008-12-19,80,Open
T136,08-09,2008-12-19,80,Open
T137,08-09,2008-12-19,80,Open
T148,08-09,2008-12-19,80,Closed
T151,08-09,2008-12-19,80,Groomed
T152,08-09,2008-12-19,80,Groomed
T156,08-09,2008-12-19,80,Closed
T157,08-09,2008-12-19,80,Open
T002,08-09,2008-12-20,81,Groomed
T003,08-09,2008-12-20,81,Closed
T004,08-09,2008-12-20,81,Closed
T005,08-09,2008-12-20,81,Groomed
T006,08-09,2008-12-20,81,Open
T007,08-09,2008-12-20,81,Groomed
T008,08-09,2008-12-20,81,Open
T009,08-09,2008-12-20,81,Groomed
T010,08-09,2008-12-20,81,Open
T011,08-09,2008-12-20,81,Groomed
T012,08-09,2008-12-20,81,Groomed
T013,08-09,2008-12-20,81,Groomed
T015,08-09,2008-12-20,81,Open
T016,08-09,2008-12-20,81,Open
T017,08-09,2008-12-20,81,Open
T018,08-09,2008-12-20,81,Closed
T019,08-09,2008-12-20,81,Open
T020,08-09,2008-12-20,81,Open
T021,08-09,2008-12-20,81,Groomed
T022,08-09,2008-12-20,81,Groomed
T023,08-09,2008-12-20,81,Closed
T024,08-09,2008-12-20,81,Open
T025,08-09,2008-12-20,81,Closed
T026,08-09,2008-12-20,81,Open
T027,08-09,2008-12-20,81,Groomed
T028,08-09,2008-12-20,81,Open
T029,08-09,2008-12-20,81,Closed
T030,08-09,2008-12-20,81,Open
T031,08-09,2008-12-20,81,Groomed
T032,08-09,2008-12-20,81,Open
T033,08-09,2008-12-20,81,Open
T034,08-09,2008-12-20,81,Groomed
T035,08-09,2008-12-20,81,Open
T036,08-09,2008-12-20,81,Groomed
T037,08-09,2008-12-20,81,Open
T038,08-09,2008-12-20,81,Open
T039,08-09,2008-12-20,81,Open
T040,08-09,2008-12-20,81,Closed
T042,08-09,2008-12-20,81,Closed
T043,08-09,2008-12-20,81,Closed
T044,08-09,2008-12-20,81,Open
T045,08-09,2008-12-20,81,Open
T046,08-09,2008-12-20,81,Closed
T047,08-09,2008-12-20,81,Closed
T061,08-09,2008-12-20,81,Groomed
T063,08-09,2008-12-20,81,Groomed
T064,08-09,2008-12-20,81,Groomed
T065,08-09,2008-12-20,81,Open
T066,08-09,2008-12-20,81,Open
T067,08-09,2008-12-20,81,Groomed
T068,08-09,2008-12-20,81,Open
T069,08-09,2008-12-20,81,Closed
T070,08-09,2008-12-20,81,Closed
T071,08-09,2008-12-20,81,Closed
T072,08-09,2008-12-20,81,Open
T073,08-09,2008-12-20,81,Open
T074,08-09,2008-12-20,81,Open
T075,08-09,2008-12-20,81,Closed
T076,08-09,2008-12-20,81,Open
T077,08-09,2008-12-20,81,Open
T078,08-09,2008-12-20,81,Closed
T079,08-09,2008-12-20,81,Open
T080,08-09,2008-12-20,81,Open
T081,08-09,2008-12-20,81,Open
T083,08-09,2008-12-20,81,Open
T084,08-09,2008-12-20,81,Open
T085,08-09,2008-12-20,81,Open
T086,08-09,2008-12-20,81,Open
T087,08-09,2008-12-20,81,Open
T088,08-09,2008-12-20,81,Open
T089,08-09,2008-12-20,81,Open
T090,08-09,2008-12-20,81,Open
T091,08-09,2008-12-20,81,Open
T092,08-09,2008-12-20,81,Open
T127,08-09,2008-12-20,81,Open
T134,08-09,2008-12-20,81,Open
T135,08-09,2008-12-20,81,Open
T136,08-09,2008-12-20,81,Open
T137,08-09,2008-12-20,81,Open
T148,08-09,2008-12-20,81,Open
T151,08-09,2008-12-20,81,Groomed
T152,08-09,2008-12-20,81,Groomed
T156,08-09,2008-12-20,81,Closed
T157,08-09,2008-12-20,81,Open
T002,08-09,2008-12-21,82,Groomed
T003,08-09,2008-12-21,82,Closed
T004,08-09,2008-12-21,82,Closed
T005,08-09,2008-12-21,82,Groomed
T006,08-09,2008-12-21,82,Open
T007,08-09,2008-12-21,82,Groomed
T008,08-09,2008-12-21,82,Open
T009,08-09,2008-12-21,82,Groomed
T010,08-09,2008-12-21,82,Open
T011,08-09,2008-12-21,82,Groomed
T012,08-09,2008-12-21,82,Groomed
T013,08-09,2008-12-21,82,Groomed
T015,08-09,2008-12-21,82,Open
T016,08-09,2008-12-21,82,Open
T017,08-09,2008-12-21,82,Open
T018,08-09,2008-12-21,82,Closed
T019,08-09,2008-12-21,82,Open
T020,08-09,2008-12-21,82,Open
T021,08-09,2008-12-21,82,Groomed
T022,08-09,2008-12-21,82,Groomed
T023,08-09,2008-12-21,82,Closed
T024,08-09,2008-12-21,82,Open
T025,08-09,2008-12-21,82,Closed
T026,08-09,2008-12-21,82,Open
T027,08-09,2008-12-21,82,Groomed
T028,08-09,2008-12-21,82,Open
T029,08-09,2008-12-21,82,Closed
T030,08-09,2008-12-21,82,Open
T031,08-09,2008-12-21,82,Groomed
T032,08-09,2008-12-21,82,Open
T033,08-09,2008-12-21,82,Open
T034,08-09,2008-12-21,82,Groomed
T035,08-09,2008-12-21,82,Open
T036,08-09,2008-12-21,82,Groomed
T037,08-09,2008-12-21,82,Open
T038,08-09,2008-12-21,82,Open
T039,08-09,2008-12-21,82,Open
T040,08-09,2008-12-21,82,Closed
T042,08-09,2008-12-21,82,Closed
T043,08-09,2008-12-21,82,Closed
T044,08-09,2008-12-21,82,Open
T045,08-09,2008-12-21,82,Open
T046,08-09,2008-12-21,82,Closed
T047,08-09,2008-12-21,82,Open
T061,08-09,2008-12-21,82,Groomed
T063,08-09,2008-12-21,82,Groomed
T064,08-09,2008-12-21,82,Groomed
T065,08-09,2008-12-21,82,Groomed
T066,08-09,2008-12-21,82,Open
T067,08-09,2008-12-21,82,Open
T068,08-09,2008-12-21,82,Open
T069,08-09,2008-12-21,82,Closed
T070,08-09,2008-12-21,82,Open
T071,08-09,2008-12-21,82,Open
T072,08-09,2008-12-21,82,Open
T073,08-09,2008-12-21,82,Open
T074,08-09,2008-12-21,82,Open
T075,08-09,2008-12-21,82,Closed
T076,08-09,2008-12-21,82,Open
T077,08-09,2008-12-21,82,Open
T078,08-09,2008-12-21,82,Closed
T079,08-09,2008-12-21,82,Open
T080,08-09,2008-12-21,82,Open
T081,08-09,2008-12-21,82,Open
T083,08-09,2008-12-21,82,Open
T084,08-09,2008-12-21,82,Open
T085,08-09,2008-12-21,82,Open
T086,08-09,2008-12-21,82,Open
T087,08-09,2008-12-21,82,Open
T088,08-09,2008-12-21,82,Open
T089,08-09,2008-12-21,82,Open
T090,08-09,2008-12-21,82,Open
T091,08-09,2008-12-21,82,Open
T092,08-09,2008-12-21,82,Open
T127,08-09,2008-12-21,82,Open
T134,08-09,2008-12-21,82,Open
T135,08-09,2008-12-21,82,Open
T136,08-09,2008-12-21,82,Open
T137,08-09,2008-12-21,82,Open
T148,08-09,2008-12-21,82,Open
T151,08-09,2008-12-21,82,Groomed
T152,08-09,2008-12-21,82,Groomed
T156,08-09,2008-12-21,82,Open
T157,08-09,2008-12-21,82,Open
T002,08-09,2008-12-22,83,Groomed
T003,08-09,2008-12-22,83,Closed
T004,08-09,2008-12-22,83,Closed
T005,08-09,2008-12-22,83,Groomed
T006,08-09,2008-12-22,83,Open
T007,08-09,2008-12-22,83,Groomed
T008,08-09,2008-12-22,83,Open
T009,08-09,2008-12-22,83,Groomed
T010,08-09,2008-12-22,83,Open
T011,08-09,2008-12-22,83,Groomed
T012,08-09,2008-12-22,83,Groomed
T013,08-09,2008-12-22,83,Groomed
T015,08-09,2008-12-22,83,Open
T016,08-09,2008-12-22,83,Open
T017,08-09,2008-12-22,83,Open
T018,08-09,2008-12-22,83,Closed
T019,08-09,2008-12-22,83,Open
T020,08-09,2008-12-22,83,Open
T021,08-09,2008-12-22,83,Groomed
T022,08-09,2008-12-22,83,Groomed
T023,08-09,2008-12-22,83,Closed
T024,08-09,2008-12-22,83,Open
T025,08-09,2008-12-22,83,Closed
T026,08-09,2008-12-22,83,Open
T027,08-09,2008-12-22,83,Groomed
T028,08-09,2008-12-22,83,Open
T029,08-09,2008-12-22,83,Closed
T030,08-09,2008-12-22,83,Open
T031,08-09,2008-12-22,83,Groomed
T032,08-09,2008-12-22,83,Open
T033,08-09,2008-12-22,83,Open
T034,08-09,2008-12-22,83,Groomed
T035,08-09,2008-12-22,83,Open
T036,08-09,2008-12-22,83,Groomed
T037,08-09,2008-12-22,83,Open
T038,08-09,2008-12-22,83,Open
T039,08-09,2008-12-22,83,Open
T040,08-09,2008-12-22,83,Closed
T042,08-09,2008-12-22,83,Closed
T043,08-09,2008-12-22,83,Closed
T044,08-09,2008-12-22,83,Open
T045,08-09,2008-12-22,83,Open
T046,08-09,2008-12-22,83,Closed
T047,08-09,2008-12-22,83,Open
T061,08-09,2008-12-22,83,Groomed
T063,08-09,2008-12-22,83,Groomed
T064,08-09,2008-12-22,83,Groomed
T065,08-09,2008-12-22,83,Groomed
T066,08-09,2008-12-22,83,Open
T067,08-09,2008-12-22,83,Groomed
T068,08-09,2008-12-22,83,Open
T069,08-09,2008-12-22,83,Open
T070,08-09,2008-12-22,83,Open
T071,08-09,2008-12-22,83,Open
T072,08-09,2008-12-22,83,Open
T073,08-09,2008-12-22,83,Open
T074,08-09,2008-12-22,83,Open
T075,08-09,2008-12-22,83,Open
T076,08-09,2008-12-22,83,Open
T077,08-09,2008-12-22,83,Open
T078,08-09,2008-12-22,83,Closed
T079,08-09,2008-12-22,83,Open
T080,08-09,2008-12-22,83,Open
T081,08-09,2008-12-22,83,Open
T083,08-09,2008-12-22,83,Open
T084,08-09,2008-12-22,83,Open
T085,08-09,2008-12-22,83,Open
T086,08-09,2008-12-22,83,Open
T087,08-09,2008-12-22,83,Open
T088,08-09,2008-12-22,83,Open
T089,08-09,2008-12-22,83,Open
T090,08-09,2008-12-22,83,Open
T091,08-09,2008-12-22,83,Open
T092,08-09,2008-12-22,83,Open
T127,08-09,2008-12-22,83,Open
T134,08-09,2008-12-22,83,Open
T135,08-09,2008-12-22,83,Open
T136,08-09,2008-12-22,83,Open
T137,08-09,2008-12-22,83,Open
T148,08-09,2008-12-22,83,Open
T151,08-09,2008-12-22,83,Groomed
T152,08-09,2008-12-22,83,Groomed
T156,08-09,2008-12-22,83,Open
T157,08-09,2008-12-22,83,Open
T002,08-09,2008-12-23,84,Groomed
T003,08-09,2008-12-23,84,Closed
T004,08-09,2008-12-23,84,Closed
T005,08-09,2008-12-23,84,Groomed
T006,08-09,2008-12-23,84,Open
T007,08-09,2008-12-23,84,Groomed
T008,08-09,2008-12-23,84,Groomed
T009,08-09,2008-12-23,84,Groomed
T010,08-09,2008-12-23,84,Groomed
T011,08-09,2008-12-23,84,Groomed
T012,08-09,2008-12-23,84,Groomed
T013,08-09,2008-12-23,84,Groomed
T015,08-09,2008-12-23,84,Open
T016,08-09,2008-12-23,84,Open
T017,08-09,2008-12-23,84,Open
T018,08-09,2008-12-23,84,Open
T019,08-09,2008-12-23,84,Open
T020,08-09,2008-12-23,84,Open
T021,08-09,2008-12-23,84,Groomed
T022,08-09,2008-12-23,84,Groomed
T023,08-09,2008-12-23,84,Open
T024,08-09,2008-12-23,84,Open
T025,08-09,2008-12-23,84,Closed
T026,08-09,2008-12-23,84,Open
T027,08-09,2008-12-23,84,Groomed
T028,08-09,2008-12-23,84,Open
T029,08-09,2008-12-23,84,Open
T030,08-09,2008-12-23,84,Open
T031,08-09,2008-12-23,84,Groomed
T032,08-09,2008-12-23,84,Open
T033,08-09,2008-12-23,84,Open
T034,08-09,2008-12-23,84,Groomed
T035,08-09,2008-12-23,84,Open
T036,08-09,2008-12-23,84,Groomed
T037,08-09,2008-12-23,84,Open
T038,08-09,2008-12-23,84,Open
T039,08-09,2008-12-23,84,Open
T040,08-09,2008-12-23,84,Closed
T042,08-09,2008-12-23,84,Closed
T043,08-09,2008-12-23,84,Closed
T044,08-09,2008-12-23,84,Open
T045,08-09,2008-12-23,84,Open
T046,08-09,2008-12-23,84,Closed
T047,08-09,2008-12-23,84,Open
T061,08-09,2008-12-23,84,Groomed
T063,08-09,2008-12-23,84,Groomed
T064,08-09,2008-12-23,84,Groomed
T065,08-09,2008-12-23,84,Groomed
T066,08-09,2008-12-23,84,Groomed
T067,08-09,2008-12-23,84,Groomed
T068,08-09,2008-12-23,84,Open
T069,08-09,2008-12-23,84,Open
T070,08-09,2008-12-23,84,Open
T071,08-09,2008-12-23,84,Open
T072,08-09,2008-12-23,84,Open
T073,08-09,2008-12-23,84,Open
T074,08-09,2008-12-23,84,Open
T075,08-09,2008-12-23,84,Closed
T076,08-09,2008-12-23,84,Open
T077,08-09,2008-12-23,84,Open
T078,08-09,2008-12-23,84,Closed
T079,08-09,2008-12-23,84,Open
T080,08-09,2008-12-23,84,Open
T081,08-09,2008-12-23,84,Open
T083,08-09,2008-12-23,84,Open
T084,08-09,2008-12-23,84,Open
T085,08-09,2008-12-23,84,Open
T086,08-09,2008-12-23,84,Open
T087,08-09,2008-12-23,84,Open
T088,08-09,2008-12-23,84,Open
T089,08-09,2008-12-23,84,Open
T090,08-09,2008-12-23,84,Open
T091,08-09,2008-12-23,84,Open
T092,08-09,2008-12-23,84,Open
T127,08-09,2008-12-23,84,Open
T134,08-09,2008-12-23,84,Open
T135,08-09,2008-12-23,84,Open
T136,08-09,2008-12-23,84,Open
T137,08-09,2008-12-23,84,Open
T148,08-09,2008-12-23,84,Open
T151,08-09,2008-12-23,84,Groomed
T152,08-09,2008-12-23,84,Groomed
T156,08-09,2008-12-23,84,Open
T157,08-09,2008-12-23,84,Open
T002,08-09,2008-12-24,85,Groomed
T003,08-09,2008-12-24,85,Closed
T004,08-09,2008-12-24,85,Closed
T005,08-09,2008-12-24,85,Groomed
T006,08-09,2008-12-24,85,Groomed
T007,08-09,2008-12-24,85,Groomed
T008,08-09,2008-12-24,85,Open
T009,08-09,2008-12-24,85,Groomed
T010,08-09,2008-12-24,85,Open
T011,08-09,2008-12-24,85,Groomed
T012,08-09,2008-12-24,85,Groomed
T013,08-09,2008-12-24,85,Groomed
T015,08-09,2008-12-24,85,Open
T016,08-09,2008-12-24,85,Open
T017,08-09,2008-12-24,85,Open
T018,08-09,2008-12-24,85,Open
T019,08-09,2008-12-24,85,Open
T020,08-09,2008-12-24,85,Open
T021,08-09,2008-12-24,85,Groomed
T022,08-09,2008-12-24,85,Groomed
T023,08-09,2008-12-24,85,Groomed
T024,08-09,2008-12-24,85,Open
T025,08-09,2008-12-24,85,Closed
T026,08-09,2008-12-24,85,Groomed
T027,08-09,2008-12-24,85,Groomed
T028,08-09,2008-12-24,85,Groomed
T029,08-09,2008-12-24,85,Open
T030,08-09,2008-12-24,85,Groomed
T031,08-09,2008-12-24,85,Groomed
T032,08-09,2008-12-24,85,Open
T033,08-09,2008-12-24,85,Open
T034,08-09,2008-12-24,85,Groomed
T035,08-09,2008-12-24,85,Open
T036,08-09,2008-12-24,85,Groomed
T037,08-09,2008-12-24,85,Open
T038,08-09,2008-12-24,85,Open
T039,08-09,2008-12-24,85,Open
T040,08-09,2008-12-24,85,Closed
T042,08-09,2008-12-24,85,Closed
T043,08-09,2008-12-24,85,Closed
T044,08-09,2008-12-24,85,Open
T045,08-09,2008-12-24,85,Open
T046,08-09,2008-12-24,85,Closed
T047,08-09,2008-12-24,85,Open
T061,08-09,2008-12-24,85,Groomed
T063,08-09,2008-12-24,85,Groomed
T064,08-09,2008-12-24,85,Groomed
T065,08-09,2008-12-24,85,Groomed
T066,08-09,2008-12-24,85,Groomed
T067,08-09,2008-12-24,85,Groomed
T068,08-09,2008-12-24,85,Open
T069,08-09,2008-12-24,85,Open
T070,08-09,2008-12-24,85,Open
T071,08-09,2008-12-24,85,Open
T072,08-09,2008-12-24,85,Open
T073,08-09,2008-12-24,85,Open
T074,08-09,2008-12-24,85,Open
T075,08-09,2008-12-24,85,Closed
T076,08-09,2008-12-24,85,Open
T077,08-09,2008-12-24,85,Open
T078,08-09,2008-12-24,85,Open
T079,08-09,2008-12-24,85,Open
T080,08-09,2008-12-24,85,Open
T081,08-09,2008-12-24,85,Open
T083,08-09,2008-12-24,85,Open
T084,08-09,2008-12-24,85,Open
T085,08-09,2008-12-24,85,Open
T086,08-09,2008-12-24,85,Open
T087,08-09,2008-12-24,85,Open
T088,08-09,2008-12-24,85,Open
T089,08-09,2008-12-24,85,Open
T090,08-09,2008-12-24,85,Open
T091,08-09,2008-12-24,85,Open
T092,08-09,2008-12-24,85,Open
T127,08-09,2008-12-24,85,Open
T134,08-09,2008-12-24,85,Open
T135,08-09,2008-12-24,85,Open
T136,08-09,2008-12-24,85,Open
T137,08-09,2008-12-24,85,Open
T148,08-09,2008-12-24,85,Open
T151,08-09,2008-12-24,85,Groomed
T152,08-09,2008-12-24,85,Groomed
T156,08-09,2008-12-24,85,Open
T157,08-09,2008-12-24,85,Open
T002,08-09,2008-12-25,86,Groomed
T003,08-09,2008-12-25,86,Closed
T004,08-09,2008-12-25,86,Closed
T005,08-09,2008-12-25,86,Groomed
T006,08-09,2008-12-25,86,Open
T007,08-09,2008-12-25,86,Groomed
T008,08-09,2008-12-25,86,Open
T009,08-09,2008-12-25,86,Groomed
T010,08-09,2008-12-25,86,Open
T011,08-09,2008-12-25,86,Groomed
T012,08-09,2008-12-25,86,Groomed
T013,08-09,2008-12-25,86,Groomed
T015,08-09,2008-12-25,86,Open
T016,08-09,2008-12-25,86,Open
T017,08-09,2008-12-25,86,Open
T018,08-09,2008-12-25,86,Closed
T019,08-09,2008-12-25,86,Open
T020,08-09,2008-12-25,86,Open
T021,08-09,2008-12-25,86,Groomed
T022,08-09,2008-12-25,86,Groomed
T023,08-09,2008-12-25,86,Groomed
T024,08-09,2008-12-25,86,Open
T025,08-09,2008-12-25,86,Closed
T026,08-09,2008-12-25,86,Open
T027,08-09,2008-12-25,86,Groomed
T028,08-09,2008-12-25,86,Closed
T029,08-09,2008-12-25,86,Open
T030,08-09,2008-12-25,86,Closed
T031,08-09,2008-12-25,86,Groomed
T032,08-09,2008-12-25,86,Open
T033,08-09,2008-12-25,86,Open
T034,08-09,2008-12-25,86,Groomed
T035,08-09,2008-12-25,86,Open
T036,08-09,2008-12-25,86,Groomed
T037,08-09,2008-12-25,86,Closed
T038,08-09,2008-12-25,86,Open
T039,08-09,2008-12-25,86,Open
T040,08-09,2008-12-25,86,Closed
T042,08-09,2008-12-25,86,Closed
T043,08-09,2008-12-25,86,Closed
T044,08-09,2008-12-25,86,Open
T045,08-09,2008-12-25,86,Open
T046,08-09,2008-12-25,86,Closed
T047,08-09,2008-12-25,86,Open
T061,08-09,2008-12-25,86,Groomed
T063,08-09,2008-12-25,86,Groomed
T064,08-09,2008-12-25,86,Open
T065,08-09,2008-12-25,86,Groomed
T066,08-09,2008-12-25,86,Open
T067,08-09,2008-12-25,86,Groomed
T068,08-09,2008-12-25,86,Open
T069,08-09,2008-12-25,86,Open
T070,08-09,2008-12-25,86,Open
T071,08-09,2008-12-25,86,Open
T072,08-09,2008-12-25,86,Open
T073,08-09,2008-12-25,86,Open
T074,08-09,2008-12-25,86,Open
T075,08-09,2008-12-25,86,Closed
T076,08-09,2008-12-25,86,Open
T077,08-09,2008-12-25,86,Open
T078,08-09,2008-12-25,86,Open
T079,08-09,2008-12-25,86,Open
T080,08-09,2008-12-25,86,Open
T081,08-09,2008-12-25,86,Open
T083,08-09,2008-12-25,86,Open
T084,08-09,2008-12-25,86,Open
T085,08-09,2008-12-25,86,Open
T086,08-09,2008-12-25,86,Open
T087,08-09,2008-12-25,86,Open
T088,08-09,2008-12-25,86,Open
T089,08-09,2008-12-25,86,Open
T090,08-09,2008-12-25,86,Open
T091,08-09,2008-12-25,86,Open
T092,08-09,2008-12-25,86,Open
T127,08-09,2008-12-25,86,Open
T134,08-09,2008-12-25,86,Open
T135,08-09,2008-12-25,86,Open
T136,08-09,2008-12-25,86,Open
T137,08-09,2008-12-25,86,Open
T148,08-09,2008-12-25,86,Open
T151,08-09,2008-12-25,86,Groomed
T152,08-09,2008-12-25,86,Groomed
T156,08-09,2008-12-25,86,Open
T157,08-09,2008-12-25,86,Open
T002,08-09,2008-12-26,87,Groomed
T003,08-09,2008-12-26,87,Closed
T004,08-09,2008-12-26,87,Closed
T005,08-09,2008-12-26,87,Groomed
T006,08-09,2008-12-26,87,Open
T007,08-09,2008-12-26,87,Groomed
T008,08-09,2008-12-26,87,Open
T009,08-09,2008-12-26,87,Groomed
T010,08-09,2008-12-26,87,Open
T011,08-09,2008-12-26,87,Groomed
T012,08-09,2008-12-26,87,Groomed
T013,08-09,2008-12-26,87,Groomed
T015,08-09,2008-12-26,87,Open
T016,08-09,2008-12-26,87,Open
T017,08-09,2008-12-26,87,Open
T018,08-09,2008-12-26,87,Closed
T019,08-09,2008-12-26,87,Open
T020,08-09,2008-12-26,87,Open
T021,08-09,2008-12-26,87,Groomed
T022,08-09,2008-12-26,87,Groomed
T023,08-09,2008-12-26,87,Groomed
T024,08-09,2008-12-26,87,Open
T025,08-09,2008-12-26,87,Closed
T026,08-09,2008-12-26,87,Open
T027,08-09,2008-12-26,87,Groomed
T028,08-09,2008-12-26,87,Closed
T029,08-09,2008-12-26,87,Closed
T030,08-09,2008-12-26,87,Closed
T031,08-09,2008-12-26,87,Groomed
T032,08-09,2008-12-26,87,Open
T033,08-09,2008-12-26,87,Open
T034,08-09,2008-12-26,87,Groomed
T035,08-09,2008-12-26,87,Open
T036,08-09,2008-12-26,87,Groomed
T037,08-09,2008-12-26,87,Closed
T038,08-09,2008-12-26,87,Open
T039,08-09,2008-12-26,87,Open
T040,08-09,2008-12-26,87,Closed
T042,08-09,2008-12-26,87,Closed
T043,08-09,2008-12-26,87,Closed
T044,08-09,2008-12-26,87,Open
T045,08-09,2008-12-26,87,Open
T046,08-09,2008-12-26,87,Closed
T047,08-09,2008-12-26,87,Open
T061,08-09,2008-12-26,87,Groomed
T063,08-09,2008-12-26,87,Groomed
T064,08-09,2008-12-26,87,Open
T065,08-09,2008-12-26,87,Groomed
T066,08-09,2008-12-26,87,Open
T067,08-09,2008-12-26,87,Groomed
T068,08-09,2008-12-26,87,Open
T069,08-09,2008-12-26,87,Open
T070,08-09,2008-12-26,87,Open
T071,08-09,2008-12-26,87,Open
T072,08-09,2008-12-26,87,Open
T073,08-09,2008-12-26,87,Open
T074,08-09,2008-12-26,87,Open
T075,08-09,2008-12-26,87,Closed
T076,08-09,2008-12-26,87,Open
T077,08-09,2008-12-26,87,Open
T078,08-09,2008-12-26,87,Open
T079,08-09,2008-12-26,87,Open
T080,08-09,2008-12-26,87,Open
T081,08-09,2008-12-26,87,Open
T083,08-09,2008-12-26,87,Open
T084,08-09,2008-12-26,87,Open
T085,08-09,2008-12-26,87,Open
T086,08-09,2008-12-26,87,Open
T087,08-09,2008-12-26,87,Open
T088,08-09,2008-12-26,87,Open
T089,08-09,2008-12-26,87,Open
T090,08-09,2008-12-26,87,Open
T091,08-09,2008-12-26,87,Open
T092,08-09,2008-12-26,87,Open
T127,08-09,2008-12-26,87,Open
T134,08-09,2008-12-26,87,Open
T135,08-09,2008-12-26,87,Open
T136,08-09,2008-12-26,87,Open
T137,08-09,2008-12-26,87,Open
T148,08-09,2008-12-26,87,Open
T151,08-09,2008-12-26,87,Groomed
T152,08-09,2008-12-26,87,Groomed
T156,08-09,2008-12-26,87,Open
T157,08-09,2008-12-26,87,Open
T002,08-09,2008-12-27,88,Groomed
T003,08-09,2008-12-27,88,Closed
T004,08-09,2008-12-27,88,Closed
T005,08-09,2008-12-27,88,Groomed
T006,08-09,2008-12-27,88,Open
T007,08-09,2008-12-27,88,Groomed
T008,08-09,2008-12-27,88,Open
T009,08-09,2008-12-27,88,Groomed
T010,08-09,2008-12-27,88,Open
T011,08-09,2008-12-27,88,Groomed
T012,08-09,2008-12-27,88,Groomed
T013,08-09,2008-12-27,88,Groomed
T015,08-09,2008-12-27,88,Open
T016,08-09,2008-12-27,88,Open
T017,08-09,2008-12-27,88,Open
T018,08-09,2008-12-27,88,Closed
T019,08-09,2008-12-27,88,Open
T020,08-09,2008-12-27,88,Open
T021,08-09,2008-12-27,88,Groomed
T022,08-09,2008-12-27,88,Groomed
T023,08-09,2008-12-27,88,Groomed
T024,08-09,2008-12-27,88,Open
T025,08-09,2008-12-27,88,Closed
T026,08-09,2008-12-27,88,Open
T027,08-09,2008-12-27,88,Groomed
T028,08-09,2008-12-27,88,Closed
T029,08-09,2008-12-27,88,Closed
T030,08-09,2008-12-27,88,Closed
T031,08-09,2008-12-27,88,Groomed
T032,08-09,2008-12-27,88,Open
T033,08-09,2008-12-27,88,Open
T034,08-09,2008-12-27,88,Groomed
T035,08-09,2008-12-27,88,Open
T036,08-09,2008-12-27,88,Groomed
T037,08-09,2008-12-27,88,Closed
T038,08-09,2008-12-27,88,Open
T039,08-09,2008-12-27,88,Open
T040,08-09,2008-12-27,88,Closed
T042,08-09,2008-12-27,88,Closed
T043,08-09,2008-12-27,88,Closed
T044,08-09,2008-12-27,88,Open
T045,08-09,2008-12-27,88,Open
T046,08-09,2008-12-27,88,Closed
T047,08-09,2008-12-27,88,Open
T061,08-09,2008-12-27,88,Groomed
T063,08-09,2008-12-27,88,Groomed
T064,08-09,2008-12-27,88,Groomed
T065,08-09,2008-12-27,88,Groomed
T066,08-09,2008-12-27,88,Open
T067,08-09,2008-12-27,88,Groomed
T068,08-09,2008-12-27,88,Open
T069,08-09,2008-12-27,88,Open
T070,08-09,2008-12-27,88,Open
T071,08-09,2008-12-27,88,Open
T072,08-09,2008-12-27,88,Open
T073,08-09,2008-12-27,88,Open
T074,08-09,2008-12-27,88,Open
T075,08-09,2008-12-27,88,Open
T076,08-09,2008-12-27,88,Open
T077,08-09,2008-12-27,88,Groomed
T078,08-09,2008-12-27,88,Open
T079,08-09,2008-12-27,88,Open
T080,08-09,2008-12-27,88,Open
T081,08-09,2008-12-27,88,Open
T083,08-09,2008-12-27,88,Open
T084,08-09,2008-12-27,88,Open
T085,08-09,2008-12-27,88,Open
T086,08-09,2008-12-27,88,Open
T087,08-09,2008-12-27,88,Open
T088,08-09,2008-12-27,88,Open
T089,08-09,2008-12-27,88,Open
T090,08-09,2008-12-27,88,Open
T091,08-09,2008-12-27,88,Open
T092,08-09,2008-12-27,88,Open
T127,08-09,2008-12-27,88,Open
T134,08-09,2008-12-27,88,Open
T135,08-09,2008-12-27,88,Open
T136,08-09,2008-12-27,88,Open
T137,08-09,2008-12-27,88,Open
T148,08-09,2008-12-27,88,Open
T151,08-09,2008-12-27,88,Groomed
T152,08-09,2008-12-27,88,Groomed
T156,08-09,2008-12-27,88,Open
T157,08-09,2008-12-27,88,Open
T002,08-09,2008-12-28,89,Groomed
T003,08-09,2008-12-28,89,Closed
T004,08-09,2008-12-28,89,Closed
T005,08-09,2008-12-28,89,Groomed
T006,08-09,2008-12-28,89,Groomed
T007,08-09,2008-12-28,89,Groomed
T008,08-09,2008-12-28,89,Open
T009,08-09,2008-12-28,89,Groomed
T010,08-09,2008-12-28,89,Open
T011,08-09,2008-12-28,89,Groomed
T012,08-09,2008-12-28,89,Groomed
T013,08-09,2008-12-28,89,Groomed
T015,08-09,2008-12-28,89,Open
T016,08-09,2008-12-28,89,Open
T017,08-09,2008-12-28,89,Open
T018,08-09,2008-12-28,89,Closed
T019,08-09,2008-12-28,89,Open
T020,08-09,2008-12-28,89,Open
T021,08-09,2008-12-28,89,Groomed
T022,08-09,2008-12-28,89,Groomed
T023,08-09,2008-12-28,89,Groomed
T024,08-09,2008-12-28,89,Groomed
T025,08-09,2008-12-28,89,Closed
T026,08-09,2008-12-28,89,Open
T027,08-09,2008-12-28,89,Groomed
T028,08-09,2008-12-28,89,Closed
T029,08-09,2008-12-28,89,Closed
T030,08-09,2008-12-28,89,Closed
T031,08-09,2008-12-28,89,Groomed
T032,08-09,2008-12-28,89,Open
T033,08-09,2008-12-28,89,Open
T034,08-09,2008-12-28,89,Groomed
T035,08-09,2008-12-28,89,Open
T036,08-09,2008-12-28,89,Groomed
T037,08-09,2008-12-28,89,Closed
T038,08-09,2008-12-28,89,Open
T039,08-09,2008-12-28,89,Open
T040,08-09,2008-12-28,89,Open
T042,08-09,2008-12-28,89,Closed
T043,08-09,2008-12-28,89,Closed
T044,08-09,2008-12-28,89,Open
T045,08-09,2008-12-28,89,Open
T046,08-09,2008-12-28,89,Closed
T047,08-09,2008-12-28,89,Open
T061,08-09,2008-12-28,89,Groomed
T063,08-09,2008-12-28,89,Groomed
T064,08-09,2008-12-28,89,Groomed
T065,08-09,2008-12-28,89,Groomed
T066,08-09,2008-12-28,89,Groomed
T067,08-09,2008-12-28,89,Groomed
T068,08-09,2008-12-28,89,Open
T069,08-09,2008-12-28,89,Open
T070,08-09,2008-12-28,89,Open
T071,08-09,2008-12-28,89,Open
T072,08-09,2008-12-28,89,Open
T073,08-09,2008-12-28,89,Open
T074,08-09,2008-12-28,89,Open
T075,08-09,2008-12-28,89,Open
T076,08-09,2008-12-28,89,Open
T077,08-09,2008-12-28,89,Groomed
T078,08-09,2008-12-28,89,Open
T079,08-09,2008-12-28,89,Open
T080,08-09,2008-12-28,89,Open
T081,08-09,2008-12-28,89,Open
T083,08-09,2008-12-28,89,Open
T084,08-09,2008-12-28,89,Open
T085,08-09,2008-12-28,89,Open
T086,08-09,2008-12-28,89,Open
T087,08-09,2008-12-28,89,Open
T088,08-09,2008-12-28,89,Open
T089,08-09,2008-12-28,89,Open
T090,08-09,2008-12-28,89,Open
T091,08-09,2008-12-28,89,Open
T092,08-09,2008-12-28,89,Open
T127,08-09,2008-12-28,89,Open
T134,08-09,2008-12-28,89,Open
T135,08-09,2008-12-28,89,Open
T136,08-09,2008-12-28,89,Open
T137,08-09,2008-12-28,89,Open
T148,08-09,2008-12-28,89,Open
T151,08-09,2008-12-28,89,Groomed
T152,08-09,2008-12-28,89,Groomed
T156,08-09,2008-12-28,89,Open
T157,08-09,2008-12-28,89,Open
T002,08-09,2008-12-29,90,Groomed
T003,08-09,2008-12-29,90,Closed
T004,08-09,2008-12-29,90,Closed
T005,08-09,2008-12-29,90,Groomed
T006,08-09,2008-12-29,90,Open
T007,08-09,2008-12-29,90,Groomed
T008,08-09,2008-12-29,90,Open
T009,08-09,2008-12-29,90,Groomed
T010,08-09,2008-12-29,90,Open
T011,08-09,2008-12-29,90,Groomed
T012,08-09,2008-12-29,90,Groomed
T013,08-09,2008-12-29,90,Groomed
T015,08-09,2008-12-29,90,Open
T016,08-09,2008-12-29,90,Open
T017,08-09,2008-12-29,90,Open
T018,08-09,2008-12-29,90,Closed
T019,08-09,2008-12-29,90,Open
T020,08-09,2008-12-29,90,Open
T021,08-09,2008-12-29,90,Groomed
T022,08-09,2008-12-29,90,Groomed
T023,08-09,2008-12-29,90,Groomed
T024,08-09,2008-12-29,90,Open
T025,08-09,2008-12-29,90,Closed
T026,08-09,2008-12-29,90,Open
T027,08-09,2008-12-29,90,Groomed
T028,08-09,2008-12-29,90,Closed
T029,08-09,2008-12-29,90,Closed
T030,08-09,2008-12-29,90,Closed
T031,08-09,2008-12-29,90,Groomed
T032,08-09,2008-12-29,90,Open
T033,08-09,2008-12-29,90,Open
T034,08-09,2008-12-29,90,Groomed
T035,08-09,2008-12-29,90,Open
T036,08-09,2008-12-29,90,Groomed
T037,08-09,2008-12-29,90,Closed
T038,08-09,2008-12-29,90,Open
T039,08-09,2008-12-29,90,Open
T040,08-09,2008-12-29,90,Open
T042,08-09,2008-12-29,90,Closed
T043,08-09,2008-12-29,90,Closed
T044,08-09,2008-12-29,90,Open
T045,08-09,2008-12-29,90,Open
T046,08-09,2008-12-29,90,Closed
T047,08-09,2008-12-29,90,Open
T061,08-09,2008-12-29,90,Groomed
T063,08-09,2008-12-29,90,Groomed
T064,08-09,2008-12-29,90,Groomed
T065,08-09,2008-12-29,90,Groomed
T066,08-09,2008-12-29,90,Groomed
T067,08-09,2008-12-29,90,Groomed
T068,08-09,2008-12-29,90,Open
T069,08-09,2008-12-29,90,Open
T070,08-09,2008-12-29,90,Open
T071,08-09,2008-12-29,90,Open
T072,08-09,2008-12-29,90,Open
T073,08-09,2008-12-29,90,Open
T074,08-09,2008-12-29,90,Open
T075,08-09,2008-12-29,90,Open
T076,08-09,2008-12-29,90,Open
T077,08-09,2008-12-29,90,Groomed
T078,08-09,2008-12-29,90,Open
T079,08-09,2008-12-29,90,Open
T080,08-09,2008-12-29,90,Open
T081,08-09,2008-12-29,90,Open
T083,08-09,2008-12-29,90,Open
T084,08-09,2008-12-29,90,Open
T085,08-09,2008-12-29,90,Open
T086,08-09,2008-12-29,90,Open
T087,08-09,2008-12-29,90,Open
T088,08-09,2008-12-29,90,Open
T089,08-09,2008-12-29,90,Open
T090,08-09,2008-12-29,90,Open
T091,08-09,2008-12-29,90,Open
T092,08-09,2008-12-29,90,Open
T127,08-09,2008-12-29,90,Open
T134,08-09,2008-12-29,90,Open
T135,08-09,2008-12-29,90,Open
T136,08-09,2008-12-29,90,Open
T137,08-09,2008-12-29,90,Open
T148,08-09,2008-12-29,90,Open
T151,08-09,2008-12-29,90,Groomed
T152,08-09,2008-12-29,90,Groomed
T156,08-09,2008-12-29,90,Open
T157,08-09,2008-12-29,90,Open
T002,08-09,2008-12-30,91,Groomed
T003,08-09,2008-12-30,91,Closed
T004,08-09,2008-12-30,91,Closed
T005,08-09,2008-12-30,91,Groomed
T006,08-09,2008-12-30,91,Open
T007,08-09,2008-12-30,91,Groomed
T008,08-09,2008-12-30,91,Open
T009,08-09,2008-12-30,91,Groomed
T010,08-09,2008-12-30,91,Open
T011,08-09,2008-12-30,91,Groomed
T012,08-09,2008-12-30,91,Groomed
T013,08-09,2008-12-30,91,Open
T015,08-09,2008-12-30,91,Open
T016,08-09,2008-12-30,91,Open
T017,08-09,2008-12-30,91,Open
T018,08-09,2008-12-30,91,Open
T019,08-09,2008-12-30,91,Closed
T020,08-09,2008-12-30,91,Open
T021,08-09,2008-12-30,91,Groomed
T022,08-09,2008-12-30,91,Groomed
T023,08-09,2008-12-30,91,Groomed
T024,08-09,2008-12-30,91,Open
T025,08-09,2008-12-30,91,Open
T026,08-09,2008-12-30,91,Open
T027,08-09,2008-12-30,91,Open
T028,08-09,2008-12-30,91,Closed
T029,08-09,2008-12-30,91,Closed
T030,08-09,2008-12-30,91,Closed
T031,08-09,2008-12-30,91,Groomed
T032,08-09,2008-12-30,91,Closed
T033,08-09,2008-12-30,91,Open
T034,08-09,2008-12-30,91,Groomed
T035,08-09,2008-12-30,91,Open
T036,08-09,2008-12-30,91,Groomed
T037,08-09,2008-12-30,91,Closed
T038,08-09,2008-12-30,91,Open
T039,08-09,2008-12-30,91,Open
T040,08-09,2008-12-30,91,Open
T042,08-09,2008-12-30,91,Closed
T043,08-09,2008-12-30,91,Closed
T044,08-09,2008-12-30,91,Open
T045,08-09,2008-12-30,91,Open
T046,08-09,2008-12-30,91,Closed
T047,08-09,2008-12-30,91,Open
T061,08-09,2008-12-30,91,Groomed
T063,08-09,2008-12-30,91,Groomed
T064,08-09,2008-12-30,91,Groomed
T065,08-09,2008-12-30,91,Groomed
T066,08-09,2008-12-30,91,Open
T067,08-09,2008-12-30,91,Groomed
T068,08-09,2008-12-30,91,Open
T069,08-09,2008-12-30,91,Open
T070,08-09,2008-12-30,91,Open
T071,08-09,2008-12-30,91,Open
T072,08-09,2008-12-30,91,Open
T073,08-09,2008-12-30,91,Open
T074,08-09,2008-12-30,91,Open
T075,08-09,2008-12-30,91,Open
T076,08-09,2008-12-30,91,Open
T077,08-09,2008-12-30,91,Groomed
T078,08-09,2008-12-30,91,Open
T079,08-09,2008-12-30,91,Groomed
T080,08-09,2008-12-30,91,Open
T081,08-09,2008-12-30,91,Open
T083,08-09,2008-12-30,91,Open
T084,08-09,2008-12-30,91,Open
T085,08-09,2008-12-30,91,Open
T086,08-09,2008-12-30,91,Open
T087,08-09,2008-12-30,91,Open
T088,08-09,2008-12-30,91,Open
T089,08-09,2008-12-30,91,Open
T090,08-09,2008-12-30,91,Open
T091,08-09,2008-12-30,91,Open
T092,08-09,2008-12-30,91,Open
T127,08-09,2008-12-30,91,Open
T134,08-09,2008-12-30,91,Open
T135,08-09,2008-12-30,91,Open
T136,08-09,2008-12-30,91,Open
T137,08-09,2008-12-30,91,Open
T148,08-09,2008-12-30,91,Open
T151,08-09,2008-12-30,91,Groomed
T152,08-09,2008-12-30,91,Groomed
T156,08-09,2008-12-30,91,Open
T157,08-09,2008-12-30,91,Open
T002,08-09,2008-12-31,92,Groomed
T003,08-09,2008-12-31,92,Closed
T004,08-09,2008-12-31,92,Closed
T005,08-09,2008-12-31,92,Groomed
T006,08-09,2008-12-31,92,Open
T007,08-09,2008-12-31,92,Groomed
T008,08-09,2008-12-31,92,Open
T009,08-09,2008-12-31,92,Groomed
T010,08-09,2008-12-31,92,Open
T011,08-09,2008-12-31,92,Groomed
T012,08-09,2008-12-31,92,Groomed
T013,08-09,2008-12-31,92,Groomed
T015,08-09,2008-12-31,92,Open
T016,08-09,2008-12-31,92,Open
T017,08-09,2008-12-31,92,Open
T018,08-09,2008-12-31,92,Open
T019,08-09,2008-12-31,92,Closed
T020,08-09,2008-12-31,92,Groomed
T021,08-09,2008-12-31,92,Groomed
T022,08-09,2008-12-31,92,Groomed
T023,08-09,2008-12-31,92,Groomed
T024,08-09,2008-12-31,92,Open
T025,08-09,2008-12-31,92,Open
T026,08-09,2008-12-31,92,Open
T027,08-09,2008-12-31,92,Groomed
T028,08-09,2008-12-31,92,Closed
T029,08-09,2008-12-31,92,Closed
T030,08-09,2008-12-31,92,Closed
T031,08-09,2008-12-31,92,Groomed
T032,08-09,2008-12-31,92,Closed
T033,08-09,2008-12-31,92,Open
T034,08-09,2008-12-31,92,Groomed
T035,08-09,2008-12-31,92,Open
T036,08-09,2008-12-31,92,Groomed
T037,08-09,2008-12-31,92,Closed
T038,08-09,2008-12-31,92,Open
T039,08-09,2008-12-31,92,Closed
T040,08-09,2008-12-31,92,Closed
T042,08-09,2008-12-31,92,Closed
T043,08-09,2008-12-31,92,Closed
T044,08-09,2008-12-31,92,Open
T045,08-09,2008-12-31,92,Open
T046,08-09,2008-12-31,92,Closed
T047,08-09,2008-12-31,92,Closed
T061,08-09,2008-12-31,92,Groomed
T063,08-09,2008-12-31,92,Groomed
T064,08-09,2008-12-31,92,Groomed
T065,08-09,2008-12-31,92,Groomed
T066,08-09,2008-12-31,92,Open
T067,08-09,2008-12-31,92,Groomed
T068,08-09,2008-12-31,92,Open
T069,08-09,2008-12-31,92,Open
T070,08-09,2008-12-31,92,Open
T071,08-09,2008-12-31,92,Open
T072,08-09,2008-12-31,92,Open
T073,08-09,2008-12-31,92,Open
T074,08-09,2008-12-31,92,Open
T075,08-09,2008-12-31,92,Open
T076,08-09,2008-12-31,92,Open
T077,08-09,2008-12-31,92,Groomed
T078,08-09,2008-12-31,92,Open
T079,08-09,2008-12-31,92,Groomed
T080,08-09,2008-12-31,92,Open
T081,08-09,2008-12-31,92,Open
T083,08-09,2008-12-31,92,Groomed
T084,08-09,2008-12-31,92,Open
T085,08-09,2008-12-31,92,Open
T086,08-09,2008-12-31,92,Open
T087,08-09,2008-12-31,92,Open
T088,08-09,2008-12-31,92,Open
T089,08-09,2008-12-31,92,Open
T090,08-09,2008-12-31,92,Open
T091,08-09,2008-12-31,92,Open
T092,08-09,2008-12-31,92,Open
T127,08-09,2008-12-31,92,Open
T134,08-09,2008-12-31,92,Open
T135,08-09,2008-12-31,92,Open
T136,08-09,2008-12-31,92,Open
T137,08-09,2008-12-31,92,Open
T148,08-09,2008-12-31,92,Open
T151,08-09,2008-12-31,92,Groomed
T152,08-09,2008-12-31,92,Groomed
T156,08-09,2008-12-31,92,Closed
T157,08-09,2008-12-31,92,Open
T002,08-09,2009-01-01,93,Groomed
T003,08-09,2009-01-01,93,Closed
T004,08-09,2009-01-01,93,Closed
T005,08-09,2009-01-01,93,Groomed
T006,08-09,2009-01-01,93,Open
T007,08-09,2009-01-01,93,Groomed
T008,08-09,2009-01-01,93,Open
T009,08-09,2009-01-01,93,Groomed
T010,08-09,2009-01-01,93,Open
T011,08-09,2009-01-01,93,Groomed
T012,08-09,2009-01-01,93,Groomed
T013,08-09,2009-01-01,93,Groomed
T015,08-09,2009-01-01,93,Open
T016,08-09,2009-01-01,93,Open
T017,08-09,2009-01-01,93,Open
T018,08-09,2009-01-01,93,Open
T019,08-09,2009-01-01,93,Closed
T020,08-09,2009-01-01,93,Groomed
T021,08-09,2009-01-01,93,Groomed
T022,08-09,2009-01-01,93,Groomed
T023,08-09,2009-01-01,93,Groomed
T024,08-09,2009-01-01,93,Open
T025,08-09,2009-01-01,93,Groomed
T026,08-09,2009-01-01,93,Open
T027,08-09,2009-01-01,93,Groomed
T028,08-09,2009-01-01,93,Open
T029,08-09,2009-01-01,93,Closed
T030,08-09,2009-01-01,93,Groomed
T031,08-09,2009-01-01,93,Groomed
T032,08-09,2009-01-01,93,Closed
T033,08-09,2009-01-01,93,Open
T034,08-09,2009-01-01,93,Groomed
T035,08-09,2009-01-01,93,Open
T036,08-09,2009-01-01,93,Groomed
T037,08-09,2009-01-01,93,Open
T038,08-09,2009-01-01,93,Open
T039,08-09,2009-01-01,93,Closed
T040,08-09,2009-01-01,93,Closed
T042,08-09,2009-01-01,93,Closed
T043,08-09,2009-01-01,93,Closed
T044,08-09,2009-01-01,93,Open
T045,08-09,2009-01-01,93,Open
T046,08-09,2009-01-01,93,Closed
T047,08-09,2009-01-01,93,Closed
T061,08-09,2009-01-01,93,Groomed
T063,08-09,2009-01-01,93,Groomed
T064,08-09,2009-01-01,93,Groomed
T065,08-09,2009-01-01,93,Groomed
T066,08-09,2009-01-01,93,Open
T067,08-09,2009-01-01,93,Groomed
T068,08-09,2009-01-01,93,Open
T069,08-09,2009-01-01,93,Open
T070,08-09,2009-01-01,93,Open
T071,08-09,2009-01-01,93,Open
T072,08-09,2009-01-01,93,Open
T073,08-09,2009-01-01,93,Open
T074,08-09,2009-01-01,93,Open
T075,08-09,2009-01-01,93,Open
T076,08-09,2009-01-01,93,Open
T077,08-09,2009-01-01,93,Groomed
T078,08-09,2009-01-01,93,Open
T079,08-09,2009-01-01,93,Open
T080,08-09,2009-01-01,93,Open
T081,08-09,2009-01-01,93,Open
T083,08-09,2009-01-01,93,Open
T084,08-09,2009-01-01,93,Open
T085,08-09,2009-01-01,93,Open
T086,08-09,2009-01-01,93,Open
T087,08-09,2009-01-01,93,Open
T088,08-09,2009-01-01,93,Open
T089,08-09,2009-01-01,93,Open
T090,08-09,2009-01-01,93,Open
T091,08-09,2009-01-01,93,Open
T092,08-09,2009-01-01,93,Open
T127,08-09,2009-01-01,93,Open
T134,08-09,2009-01-01,93,Open
T135,08-09,2009-01-01,93,Open
T136,08-09,2009-01-01,93,Open
T137,08-09,2009-01-01,93,Open
T148,08-09,2009-01-01,93,Open
T151,08-09,2009-01-01,93,Groomed
T152,08-09,2009-01-01,93,Groomed
T156,08-09,2009-01-01,93,Closed
T157,08-09,2009-01-01,93,Open
T002,08-09,2009-01-02,94,Groomed
T003,08-09,2009-01-02,94,Closed
T004,08-09,2009-01-02,94,Closed
T005,08-09,2009-01-02,94,Groomed
T006,08-09,2009-01-02,94,Groomed
T007,08-09,2009-01-02,94,Groomed
T008,08-09,2009-01-02,94,Open
T009,08-09,2009-01-02,94,Groomed
T010,08-09,2009-01-02,94,Open
T011,08-09,2009-01-02,94,Groomed
T012,08-09,2009-01-02,94,Groomed
T013,08-09,2009-01-02,94,Groomed
T015,08-09,2009-01-02,94,Open
T016,08-09,2009-01-02,94,Open
T017,08-09,2009-01-02,94,Open
T018,08-09,2009-01-02,94,Open
T019,08-09,2009-01-02,94,Closed
T020,08-09,2009-01-02,94,Groomed
T021,08-09,2009-01-02,94,Groomed
T022,08-09,2009-01-02,94,Groomed
T023,08-09,2009-01-02,94,Groomed
T024,08-09,2009-01-02,94,Open
T025,08-09,2009-01-02,94,Groomed
T026,08-09,2009-01-02,94,Open
T027,08-09,2009-01-02,94,Groomed
T028,08-09,2009-01-02,94,Groomed
T029,08-09,2009-01-02,94,Open
T030,08-09,2009-01-02,94,Open
T031,08-09,2009-01-02,94,Groomed
T032,08-09,2009-01-02,94,Closed
T033,08-09,2009-01-02,94,Open
T034,08-09,2009-01-02,94,Groomed
T035,08-09,2009-01-02,94,Open
T036,08-09,2009-01-02,94,Groomed
T037,08-09,2009-01-02,94,Open
T038,08-09,2009-01-02,94,Open
T039,08-09,2009-01-02,94,Closed
T040,08-09,2009-01-02,94,Closed
T042,08-09,2009-01-02,94,Closed
T043,08-09,2009-01-02,94,Closed
T044,08-09,2009-01-02,94,Open
T045,08-09,2009-01-02,94,Open
T046,08-09,2009-01-02,94,Closed
T047,08-09,2009-01-02,94,Closed
T061,08-09,2009-01-02,94,Groomed
T063,08-09,2009-01-02,94,Groomed
T064,08-09,2009-01-02,94,Groomed
T065,08-09,2009-01-02,94,Groomed
T066,08-09,2009-01-02,94,Open
T067,08-09,2009-01-02,94,Groomed
T068,08-09,2009-01-02,94,Open
T069,08-09,2009-01-02,94,Open
T070,08-09,2009-01-02,94,Open
T071,08-09,2009-01-02,94,Open
T072,08-09,2009-01-02,94,Open
T073,08-09,2009-01-02,94,Open
T074,08-09,2009-01-02,94,Open
T075,08-09,2009-01-02,94,Open
T076,08-09,2009-01-02,94,Open
T077,08-09,2009-01-02,94,Groomed
T078,08-09,2009-01-02,94,Open
T079,08-09,2009-01-02,94,Groomed
T080,08-09,2009-01-02,94,Open
T081,08-09,2009-01-02,94,Open
T083,08-09,2009-01-02,94,Open
T084,08-09,2009-01-02,94,Open
T085,08-09,2009-01-02,94,Open
T086,08-09,2009-01-02,94,Open
T087,08-09,2009-01-02,94,Open
T088,08-09,2009-01-02,94,Open
T089,08-09,2009-01-02,94,Open
T090,08-09,2009-01-02,94,Open
T091,08-09,2009-01-02,94,Open
T092,08-09,2009-01-02,94,Open
T127,08-09,2009-01-02,94,Open
T134,08-09,2009-01-02,94,Open
T135,08-09,2009-01-02,94,Open
T136,08-09,2009-01-02,94,Open
T137,08-09,2009-01-02,94,Open
T148,08-09,2009-01-02,94,Open
T151,08-09,2009-01-02,94,Groomed
T152,08-09,2009-01-02,94,Groomed
T156,08-09,2009-01-02,94,Closed
T157,08-09,2009-01-02,94,Open
T002,08-09,2009-01-03,95,Groomed
T003,08-09,2009-01-03,95,Closed
T004,08-09,2009-01-03,95,Closed
T005,08-09,2009-01-03,95,Groomed
T006,08-09,2009-01-03,95,Groomed
T007,08-09,2009-01-03,95,Groomed
T008,08-09,2009-01-03,95,Open
T009,08-09,2009-01-03,95,Groomed
T010,08-09,2009-01-03,95,Open
T011,08-09,2009-01-03,95,Groomed
T012,08-09,2009-01-03,95,Groomed
T013,08-09,2009-01-03,95,Groomed
T015,08-09,2009-01-03,95,Open
T016,08-09,2009-01-03,95,Open
T017,08-09,2009-01-03,95,Open
T018,08-09,2009-01-03,95,Groomed
T019,08-09,2009-01-03,95,Closed
T020,08-09,2009-01-03,95,Groomed
T021,08-09,2009-01-03,95,Groomed
T022,08-09,2009-01-03,95,Groomed
T023,08-09,2009-01-03,95,Groomed
T024,08-09,2009-01-03,95,Open
T025,08-09,2009-01-03,95,Groomed
T026,08-09,2009-01-03,95,Open
T027,08-09,2009-01-03,95,Groomed
T028,08-09,2009-01-03,95,Groomed
T029,08-09,2009-01-03,95,Open
T030,08-09,2009-01-03,95,Open
T031,08-09,2009-01-03,95,Groomed
T032,08-09,2009-01-03,95,Closed
T033,08-09,2009-01-03,95,Open
T034,08-09,2009-01-03,95,Groomed
T035,08-09,2009-01-03,95,Open
T036,08-09,2009-01-03,95,Groomed
T037,08-09,2009-01-03,95,Open
T038,08-09,2009-01-03,95,Open
T039,08-09,2009-01-03,95,Closed
T040,08-09,2009-01-03,95,Closed
T042,08-09,2009-01-03,95,Closed
T043,08-09,2009-01-03,95,Closed
T044,08-09,2009-01-03,95,Open
T045,08-09,2009-01-03,95,Open
T046,08-09,2009-01-03,95,Closed
T047,08-09,2009-01-03,95,Closed
T061,08-09,2009-01-03,95,Groomed
T063,08-09,2009-01-03,95,Groomed
T064,08-09,2009-01-03,95,Groomed
T065,08-09,2009-01-03,95,Groomed
T066,08-09,2009-01-03,95,Open
T067,08-09,2009-01-03,95,Groomed
T068,08-09,2009-01-03,95,Open
T069,08-09,2009-01-03,95,Open
T070,08-09,2009-01-03,95,Open
T071,08-09,2009-01-03,95,Open
T072,08-09,2009-01-03,95,Open
T073,08-09,2009-01-03,95,Open
T074,08-09,2009-01-03,95,Open
T075,08-09,2009-01-03,95,Open
T076,08-09,2009-01-03,95,Open
T077,08-09,2009-01-03,95,Groomed
T078,08-09,2009-01-03,95,Open
T079,08-09,2009-01-03,95,Groomed
T080,08-09,2009-01-03,95,Open
T081,08-09,2009-01-03,95,Open
T083,08-09,2009-01-03,95,Open
T084,08-09,2009-01-03,95,Open
T085,08-09,2009-01-03,95,Open
T086,08-09,2009-01-03,95,Open
T087,08-09,2009-01-03,95,Open
T088,08-09,2009-01-03,95,Open
T089,08-09,2009-01-03,95,Open
T090,08-09,2009-01-03,95,Open
T091,08-09,2009-01-03,95,Open
T092,08-09,2009-01-03,95,Open
T127,08-09,2009-01-03,95,Open
T134,08-09,2009-01-03,95,Open
T135,08-09,2009-01-03,95,Open
T136,08-09,2009-01-03,95,Open
T137,08-09,2009-01-03,95,Open
T148,08-09,2009-01-03,95,Open
T151,08-09,2009-01-03,95,Groomed
T152,08-09,2009-01-03,95,Groomed
T156,08-09,2009-01-03,95,Closed
T157,08-09,2009-01-03,95,Open
T002,08-09,2009-01-04,96,Groomed
T003,08-09,2009-01-04,96,Closed
T004,08-09,2009-01-04,96,Closed
T005,08-09,2009-01-04,96,Groomed
T006,08-09,2009-01-04,96,Groomed
T007,08-09,2009-01-04,96,Groomed
T008,08-09,2009-01-04,96,Open
T009,08-09,2009-01-04,96,Groomed
T010,08-09,2009-01-04,96,Open
T011,08-09,2009-01-04,96,Groomed
T012,08-09,2009-01-04,96,Groomed
T013,08-09,2009-01-04,96,Groomed
T015,08-09,2009-01-04,96,Open
T016,08-09,2009-01-04,96,Open
T017,08-09,2009-01-04,96,Open
T018,08-09,2009-01-04,96,Groomed
T019,08-09,2009-01-04,96,Closed
T020,08-09,2009-01-04,96,Groomed
T021,08-09,2009-01-04,96,Groomed
T022,08-09,2009-01-04,96,Groomed
T023,08-09,2009-01-04,96,Groomed
T024,08-09,2009-01-04,96,Open
T025,08-09,2009-01-04,96,Groomed
T026,08-09,2009-01-04,96,Open
T027,08-09,2009-01-04,96,Groomed
T028,08-09,2009-01-04,96,Open
T029,08-09,2009-01-04,96,Open
T030,08-09,2009-01-04,96,Open
T031,08-09,2009-01-04,96,Groomed
T032,08-09,2009-01-04,96,Closed
T033,08-09,2009-01-04,96,Open
T034,08-09,2009-01-04,96,Groomed
T035,08-09,2009-01-04,96,Open
T036,08-09,2009-01-04,96,Groomed
T037,08-09,2009-01-04,96,Open
T038,08-09,2009-01-04,96,Open
T039,08-09,2009-01-04,96,Closed
T040,08-09,2009-01-04,96,Closed
T042,08-09,2009-01-04,96,Closed
T043,08-09,2009-01-04,96,Open
T044,08-09,2009-01-04,96,Open
T045,08-09,2009-01-04,96,Open
T046,08-09,2009-01-04,96,Open
T047,08-09,2009-01-04,96,Open
T061,08-09,2009-01-04,96,Groomed
T063,08-09,2009-01-04,96,Groomed
T064,08-09,2009-01-04,96,Groomed
T065,08-09,2009-01-04,96,Groomed
T066,08-09,2009-01-04,96,Groomed
T067,08-09,2009-01-04,96,Groomed
T068,08-09,2009-01-04,96,Open
T069,08-09,2009-01-04,96,Open
T070,08-09,2009-01-04,96,Open
T071,08-09,2009-01-04,96,Open
T072,08-09,2009-01-04,96,Open
T073,08-09,2009-01-04,96,Open
T074,08-09,2009-01-04,96,Open
T075,08-09,2009-01-04,96,Open
T076,08-09,2009-01-04,96,Open
T077,08-09,2009-01-04,96,Groomed
T078,08-09,2009-01-04,96,Groomed
T079,08-09,2009-01-04,96,Groomed
T080,08-09,2009-01-04,96,Open
T081,08-09,2009-01-04,96,Open
T083,08-09,2009-01-04,96,Open
T084,08-09,2009-01-04,96,Open
T085,08-09,2009-01-04,96,Open
T086,08-09,2009-01-04,96,Open
T087,08-09,2009-01-04,96,Open
T088,08-09,2009-01-04,96,Open
T089,08-09,2009-01-04,96,Open
T090,08-09,2009-01-04,96,Open
T091,08-09,2009-01-04,96,Open
T092,08-09,2009-01-04,96,Open
T127,08-09,2009-01-04,96,Open
T134,08-09,2009-01-04,96,Open
T135,08-09,2009-01-04,96,Open
T136,08-09,2009-01-04,96,Open
T137,08-09,2009-01-04,96,Open
T148,08-09,2009-01-04,96,Open
T151,08-09,2009-01-04,96,Groomed
T152,08-09,2009-01-04,96,Groomed
T156,08-09,2009-01-04,96,Open
T157,08-09,2009-01-04,96,Open
T002,08-09,2009-01-05,97,Groomed
T003,08-09,2009-01-05,97,Closed
T004,08-09,2009-01-05,97,Closed
T005,08-09,2009-01-05,97,Groomed
T006,08-09,2009-01-05,97,Open
T007,08-09,2009-01-05,97,Groomed
T008,08-09,2009-01-05,97,Open
T009,08-09,2009-01-05,97,Groomed
T010,08-09,2009-01-05,97,Open
T011,08-09,2009-01-05,97,Groomed
T012,08-09,2009-01-05,97,Groomed
T013,08-09,2009-01-05,97,Groomed
T015,08-09,2009-01-05,97,Open
T016,08-09,2009-01-05,97,Open
T017,08-09,2009-01-05,97,Open
T018,08-09,2009-01-05,97,Open
T019,08-09,2009-01-05,97,Closed
T020,08-09,2009-01-05,97,Groomed
T021,08-09,2009-01-05,97,Groomed
T022,08-09,2009-01-05,97,Groomed
T023,08-09,2009-01-05,97,Groomed
T024,08-09,2009-01-05,97,Open
T025,08-09,2009-01-05,97,Groomed
T026,08-09,2009-01-05,97,Open
T027,08-09,2009-01-05,97,Groomed
T028,08-09,2009-01-05,97,Open
T029,08-09,2009-01-05,97,Open
T030,08-09,2009-01-05,97,Open
T031,08-09,2009-01-05,97,Groomed
T032,08-09,2009-01-05,97,Closed
T033,08-09,2009-01-05,97,Open
T034,08-09,2009-01-05,97,Groomed
T035,08-09,2009-01-05,97,Open
T036,08-09,2009-01-05,97,Groomed
T037,08-09,2009-01-05,97,Open
T038,08-09,2009-01-05,97,Open
T039,08-09,2009-01-05,97,Closed
T040,08-09,2009-01-05,97,Closed
T042,08-09,2009-01-05,97,Closed
T043,08-09,2009-01-05,97,Closed
T044,08-09,2009-01-05,97,Open
T045,08-09,2009-01-05,97,Open
T046,08-09,2009-01-05,97,Open
T047,08-09,2009-01-05,97,Open
T061,08-09,2009-01-05,97,Groomed
T063,08-09,2009-01-05,97,Groomed
T064,08-09,2009-01-05,97,Groomed
T065,08-09,2009-01-05,97,Groomed
T066,08-09,2009-01-05,97,Open
T067,08-09,2009-01-05,97,Groomed
T068,08-09,2009-01-05,97,Open
T069,08-09,2009-01-05,97,Open
T070,08-09,2009-01-05,97,Open
T071,08-09,2009-01-05,97,Open
T072,08-09,2009-01-05,97,Open
T073,08-09,2009-01-05,97,Open
T074,08-09,2009-01-05,97,Open
T075,08-09,2009-01-05,97,Open
T076,08-09,2009-01-05,97,Open
T077,08-09,2009-01-05,97,Groomed
T078,08-09,2009-01-05,97,Groomed
T079,08-09,2009-01-05,97,Groomed
T080,08-09,2009-01-05,97,Open
T081,08-09,2009-01-05,97,Open
T083,08-09,2009-01-05,97,Open
T084,08-09,2009-01-05,97,Open
T085,08-09,2009-01-05,97,Open
T086,08-09,2009-01-05,97,Open
T087,08-09,2009-01-05,97,Open
T088,08-09,2009-01-05,97,Open
T089,08-09,2009-01-05,97,Open
T090,08-09,2009-01-05,97,Open
T091,08-09,2009-01-05,97,Open
T092,08-09,2009-01-05,97,Open
T127,08-09,2009-01-05,97,Open
T134,08-09,2009-01-05,97,Open
T135,08-09,2009-01-05,97,Open
T136,08-09,2009-01-05,97,Open
T137,08-09,2009-01-05,97,Open
T148,08-09,2009-01-05,97,Open
T151,08-09,2009-01-05,97,Groomed
T152,08-09,2009-01-05,97,Groomed
T156,08-09,2009-01-05,97,Open
T157,08-09,2009-01-05,97,Open
T002,08-09,2009-01-06,98,Groomed
T003,08-09,2009-01-06,98,Closed
T004,08-09,2009-01-06,98,Open
T005,08-09,2009-01-06,98,Groomed
T006,08-09,2009-01-06,98,Open
T007,08-09,2009-01-06,98,Groomed
T008,08-09,2009-01-06,98,Open
T009,08-09,2009-01-06,98,Groomed
T010,08-09,2009-01-06,98,Open
T011,08-09,2009-01-06,98,Groomed
T012,08-09,2009-01-06,98,Groomed
T013,08-09,2009-01-06,98,Groomed
T015,08-09,2009-01-06,98,Open
T016,08-09,2009-01-06,98,Open
T017,08-09,2009-01-06,98,Open
T018,08-09,2009-01-06,98,Open
T019,08-09,2009-01-06,98,Closed
T020,08-09,2009-01-06,98,Groomed
T021,08-09,2009-01-06,98,Groomed
T022,08-09,2009-01-06,98,Groomed
T023,08-09,2009-01-06,98,Groomed
T024,08-09,2009-01-06,98,Open
T025,08-09,2009-01-06,98,Groomed
T026,08-09,2009-01-06,98,Open
T027,08-09,2009-01-06,98,Groomed
T028,08-09,2009-01-06,98,Groomed
T029,08-09,2009-01-06,98,Open
T030,08-09,2009-01-06,98,Groomed
T031,08-09,2009-01-06,98,Groomed
T032,08-09,2009-01-06,98,Closed
T033,08-09,2009-01-06,98,Open
T034,08-09,2009-01-06,98,Groomed
T035,08-09,2009-01-06,98,Open
T036,08-09,2009-01-06,98,Groomed
T037,08-09,2009-01-06,98,Open
T038,08-09,2009-01-06,98,Open
T039,08-09,2009-01-06,98,Closed
T040,08-09,2009-01-06,98,Closed
T042,08-09,2009-01-06,98,Closed
T043,08-09,2009-01-06,98,Closed
T044,08-09,2009-01-06,98,Open
T045,08-09,2009-01-06,98,Open
T046,08-09,2009-01-06,98,Open
T047,08-09,2009-01-06,98,Open
T061,08-09,2009-01-06,98,Groomed
T063,08-09,2009-01-06,98,Groomed
T064,08-09,2009-01-06,98,Groomed
T065,08-09,2009-01-06,98,Open
T066,08-09,2009-01-06,98,Open
T067,08-09,2009-01-06,98,Groomed
T068,08-09,2009-01-06,98,Open
T069,08-09,2009-01-06,98,Open
T070,08-09,2009-01-06,98,Open
T071,08-09,2009-01-06,98,Open
T072,08-09,2009-01-06,98,Open
T073,08-09,2009-01-06,98,Open
T074,08-09,2009-01-06,98,Open
T075,08-09,2009-01-06,98,Open
T076,08-09,2009-01-06,98,Open
T077,08-09,2009-01-06,98,Groomed
T078,08-09,2009-01-06,98,Open
T079,08-09,2009-01-06,98,Groomed
T080,08-09,2009-01-06,98,Open
T081,08-09,2009-01-06,98,Open
T083,08-09,2009-01-06,98,Open
T084,08-09,2009-01-06,98,Open
T085,08-09,2009-01-06,98,Open
T086,08-09,2009-01-06,98,Open
T087,08-09,2009-01-06,98,Open
T088,08-09,2009-01-06,98,Open
T089,08-09,2009-01-06,98,Open
T090,08-09,2009-01-06,98,Open
T091,08-09,2009-01-06,98,Open
T092,08-09,2009-01-06,98,Open
T127,08-09,2009-01-06,98,Open
T134,08-09,2009-01-06,98,Open
T135,08-09,2009-01-06,98,Open
T136,08-09,2009-01-06,98,Open
T137,08-09,2009-01-06,98,Open
T148,08-09,2009-01-06,98,Open
T151,08-09,2009-01-06,98,Groomed
T152,08-09,2009-01-06,98,Groomed
T156,08-09,2009-01-06,98,Open
T157,08-09,2009-01-06,98,Open
T002,08-09,2009-01-07,99,Groomed
T003,08-09,2009-01-07,99,Closed
T004,08-09,2009-01-07,99,Open
T005,08-09,2009-01-07,99,Groomed
T006,08-09,2009-01-07,99,Groomed
T007,08-09,2009-01-07,99,Groomed
T008,08-09,2009-01-07,99,Open
T009,08-09,2009-01-07,99,Groomed
T010,08-09,2009-01-07,99,Open
T011,08-09,2009-01-07,99,Groomed
T012,08-09,2009-01-07,99,Groomed
T013,08-09,2009-01-07,99,Groomed
T015,08-09,2009-01-07,99,Open
T016,08-09,2009-01-07,99,Open
T017,08-09,2009-01-07,99,Open
T018,08-09,2009-01-07,99,Groomed
T019,08-09,2009-01-07,99,Closed
T020,08-09,2009-01-07,99,Groomed
T021,08-09,2009-01-07,99,Groomed
T022,08-09,2009-01-07,99,Groomed
T023,08-09,2009-01-07,99,Groomed
T024,08-09,2009-01-07,99,Open
T025,08-09,2009-01-07,99,Groomed
T026,08-09,2009-01-07,99,Open
T027,08-09,2009-01-07,99,Groomed
T028,08-09,2009-01-07,99,Groomed
T029,08-09,2009-01-07,99,Open
T030,08-09,2009-01-07,99,Groomed
T031,08-09,2009-01-07,99,Groomed
T032,08-09,2009-01-07,99,Closed
T033,08-09,2009-01-07,99,Groomed
T034,08-09,2009-01-07,99,Groomed
T035,08-09,2009-01-07,99,Open
T036,08-09,2009-01-07,99,Groomed
T037,08-09,2009-01-07,99,Open
T038,08-09,2009-01-07,99,Open
T039,08-09,2009-01-07,99,Closed
T040,08-09,2009-01-07,99,Closed
T042,08-09,2009-01-07,99,Closed
T043,08-09,2009-01-07,99,Closed
T044,08-09,2009-01-07,99,Open
T045,08-09,2009-01-07,99,Open
T046,08-09,2009-01-07,99,Open
T047,08-09,2009-01-07,99,Open
T061,08-09,2009-01-07,99,Groomed
T063,08-09,2009-01-07,99,Groomed
T064,08-09,2009-01-07,99,Groomed
T065,08-09,2009-01-07,99,Groomed
T066,08-09,2009-01-07,99,Groomed
T067,08-09,2009-01-07,99,Groomed
T068,08-09,2009-01-07,99,Open
T069,08-09,2009-01-07,99,Open
T070,08-09,2009-01-07,99,Open
T071,08-09,2009-01-07,99,Open
T072,08-09,2009-01-07,99,Open
T073,08-09,2009-01-07,99,Open
T074,08-09,2009-01-07,99,Open
T075,08-09,2009-01-07,99,Open
T076,08-09,2009-01-07,99,Open
T077,08-09,2009-01-07,99,Groomed
T078,08-09,2009-01-07,99,Groomed
T079,08-09,2009-01-07,99,Groomed
T080,08-09,2009-01-07,99,Open
T081,08-09,2009-01-07,99,Open
T083,08-09,2009-01-07,99,Groomed
T084,08-09,2009-01-07,99,Open
T085,08-09,2009-01-07,99,Open
T086,08-09,2009-01-07,99,Open
T087,08-09,2009-01-07,99,Open
T088,08-09,2009-01-07,99,Open
T089,08-09,2009-01-07,99,Open
T090,08-09,2009-01-07,99,Open
T091,08-09,2009-01-07,99,Open
T092,08-09,2009-01-07,99,Open
T127,08-09,2009-01-07,99,Open
T134,08-09,2009-01-07,99,Open
T135,08-09,2009-01-07,99,Open
T136,08-09,2009-01-07,99,Open
T137,08-09,2009-01-07,99,Open
T148,08-09,2009-01-07,99,Open
T151,08-09,2009-01-07,99,Groomed
T152,08-09,2009-01-07,99,Groomed
T156,08-09,2009-01-07,99,Open
T157,08-09,2009-01-07,99,Open
T002,08-09,2009-01-08,100,Groomed
T003,08-09,2009-01-08,100,Closed
T004,08-09,2009-01-08,100,Open
T005,08-09,2009-01-08,100,Groomed
T006,08-09,2009-01-08,100,Groomed
T007,08-09,2009-01-08,100,Groomed
T008,08-09,2009-01-08,100,Open
T009,08-09,2009-01-08,100,Groomed
T010,08-09,2009-01-08,100,Open
T011,08-09,2009-01-08,100,Groomed
T012,08-09,2009-01-08,100,Groomed
T013,08-09,2009-01-08,100,Groomed
T015,08-09,2009-01-08,100,Open
T016,08-09,2009-01-08,100,Open
T017,08-09,2009-01-08,100,Open
T018,08-09,2009-01-08,100,Groomed
T019,08-09,2009-01-08,100,Closed
T020,08-09,2009-01-08,100,Groomed
T021,08-09,2009-01-08,100,Groomed
T022,08-09,2009-01-08,100,Groomed
T023,08-09,2009-01-08,100,Groomed
T024,08-09,2009-01-08,100,Open
T025,08-09,2009-01-08,100,Groomed
T026,08-09,2009-01-08,100,Open
T027,08-09,2009-01-08,100,Groomed
T028,08-09,2009-01-08,100,Groomed
T029,08-09,2009-01-08,100,Open
T030,08-09,2009-01-08,100,Groomed
T031,08-09,2009-01-08,100,Groomed
T032,08-09,2009-01-08,100,Closed
T033,08-09,2009-01-08,100,Groomed
T034,08-09,2009-01-08,100,Groomed
T035,08-09,2009-01-08,100,Open
T036,08-09,2009-01-08,100,Groomed
T037,08-09,2009-01-08,100,Open
T038,08-09,2009-01-08,100,Open
T039,08-09,2009-01-08,100,Closed
T040,08-09,2009-01-08,100,Closed
T042,08-09,2009-01-08,100,Closed
T043,08-09,2009-01-08,100,Closed
T044,08-09,2009-01-08,100,Open
T045,08-09,2009-01-08,100,Open
T046,08-09,2009-01-08,100,Open
T047,08-09,2009-01-08,100,Open
T061,08-09,2009-01-08,100,Groomed
T063,08-09,2009-01-08,100,Groomed
T064,08-09,2009-01-08,100,Groomed
T065,08-09,2009-01-08,100,Groomed
T066,08-09,2009-01-08,100,Groomed
T067,08-09,2009-01-08,100,Groomed
T068,08-09,2009-01-08,100,Open
T069,08-09,2009-01-08,100,Open
T070,08-09,2009-01-08,100,Open
T071,08-09,2009-01-08,100,Open
T072,08-09,2009-01-08,100,Open
T073,08-09,2009-01-08,100,Open
T074,08-09,2009-01-08,100,Open
T075,08-09,2009-01-08,100,Open
T076,08-09,2009-01-08,100,Open
T077,08-09,2009-01-08,100,Groomed
T078,08-09,2009-01-08,100,Groomed
T079,08-09,2009-01-08,100,Groomed
T080,08-09,2009-01-08,100,Open
T081,08-09,2009-01-08,100,Open
T083,08-09,2009-01-08,100,Groomed
T084,08-09,2009-01-08,100,Open
T085,08-09,2009-01-08,100,Open
T086,08-09,2009-01-08,100,Open
T087,08-09,2009-01-08,100,Open
T088,08-09,2009-01-08,100,Open
T089,08-09,2009-01-08,100,Open
T090,08-09,2009-01-08,100,Open
T091,08-09,2009-01-08,100,Open
T092,08-09,2009-01-08,100,Open
T127,08-09,2009-01-08,100,Open
T134,08-09,2009-01-08,100,Open
T135,08-09,2009-01-08,100,Open
T136,08-09,2009-01-08,100,Open
T137,08-09,2009-01-08,100,Open
T148,08-09,2009-01-08,100,Open
T151,08-09,2009-01-08,100,Groomed
T152,08-09,2009-01-08,100,Groomed
T156,08-09,2009-01-08,100,Open
T157,08-09,2009-01-08,100,Open
T002,08-09,2009-01-09,101,Groomed
T003,08-09,2009-01-09,101,Closed
T004,08-09,2009-01-09,101,Open
T005,08-09,2009-01-09,101,Groomed
T006,08-09,2009-01-09,101,Groomed
T007,08-09,2009-01-09,101,Groomed
T008,08-09,2009-01-09,101,Open
T009,08-09,2009-01-09,101,Groomed
T010,08-09,2009-01-09,101,Open
T011,08-09,2009-01-09,101,Groomed
T012,08-09,2009-01-09,101,Groomed
T013,08-09,2009-01-09,101,Groomed
T015,08-09,2009-01-09,101,Open
T016,08-09,2009-01-09,101,Open
T017,08-09,2009-01-09,101,Open
T018,08-09,2009-01-09,101,Groomed
T019,08-09,2009-01-09,101,Closed
T020,08-09,2009-01-09,101,Groomed
T021,08-09,2009-01-09,101,Groomed
T022,08-09,2009-01-09,101,Groomed
T023,08-09,2009-01-09,101,Groomed
T024,08-09,2009-01-09,101,Open
T025,08-09,2009-01-09,101,Groomed
T026,08-09,2009-01-09,101,Groomed
T027,08-09,2009-01-09,101,Groomed
T028,08-09,2009-01-09,101,Groomed
T029,08-09,2009-01-09,101,Open
T030,08-09,2009-01-09,101,Groomed
T031,08-09,2009-01-09,101,Groomed
T032,08-09,2009-01-09,101,Open
T033,08-09,2009-01-09,101,Groomed
T034,08-09,2009-01-09,101,Groomed
T035,08-09,2009-01-09,101,Open
T036,08-09,2009-01-09,101,Groomed
T037,08-09,2009-01-09,101,Open
T038,08-09,2009-01-09,101,Open
T039,08-09,2009-01-09,101,Closed
T040,08-09,2009-01-09,101,Closed
T042,08-09,2009-01-09,101,Closed
T043,08-09,2009-01-09,101,Closed
T044,08-09,2009-01-09,101,Open
T045,08-09,2009-01-09,101,Open
T046,08-09,2009-01-09,101,Open
T047,08-09,2009-01-09,101,Open
T061,08-09,2009-01-09,101,Groomed
T063,08-09,2009-01-09,101,Groomed
T064,08-09,2009-01-09,101,Groomed
T065,08-09,2009-01-09,101,Groomed
T066,08-09,2009-01-09,101,Open
T067,08-09,2009-01-09,101,Groomed
T068,08-09,2009-01-09,101,Open
T069,08-09,2009-01-09,101,Open
T070,08-09,2009-01-09,101,Open
T071,08-09,2009-01-09,101,Open
T072,08-09,2009-01-09,101,Open
T073,08-09,2009-01-09,101,Open
T074,08-09,2009-01-09,101,Open
T075,08-09,2009-01-09,101,Open
T076,08-09,2009-01-09,101,Open
T077,08-09,2009-01-09,101,Groomed
T078,08-09,2009-01-09,101,Open
T079,08-09,2009-01-09,101,Groomed
T080,08-09,2009-01-09,101,Open
T081,08-09,2009-01-09,101,Open
T083,08-09,2009-01-09,101,Open
T084,08-09,2009-01-09,101,Open
T085,08-09,2009-01-09,101,Open
T086,08-09,2009-01-09,101,Open
T087,08-09,2009-01-09,101,Open
T088,08-09,2009-01-09,101,Open
T089,08-09,2009-01-09,101,Open
T090,08-09,2009-01-09,101,Open
T091,08-09,2009-01-09,101,Open
T092,08-09,2009-01-09,101,Open
T127,08-09,2009-01-09,101,Open
T134,08-09,2009-01-09,101,Open
T135,08-09,2009-01-09,101,Open
T136,08-09,2009-01-09,101,Open
T137,08-09,2009-01-09,101,Open
T148,08-09,2009-01-09,101,Open
T151,08-09,2009-01-09,101,Open
T152,08-09,2009-01-09,101,Groomed
T156,08-09,2009-01-09,101,Open
T157,08-09,2009-01-09,101,Open
T002,08-09,2009-01-10,102,Groomed
T003,08-09,2009-01-10,102,Closed
T004,08-09,2009-01-10,102,Open
T005,08-09,2009-01-10,102,Groomed
T006,08-09,2009-01-10,102,Groomed
T007,08-09,2009-01-10,102,Groomed
T008,08-09,2009-01-10,102,Open
T009,08-09,2009-01-10,102,Groomed
T010,08-09,2009-01-10,102,Open
T011,08-09,2009-01-10,102,Groomed
T012,08-09,2009-01-10,102,Groomed
T013,08-09,2009-01-10,102,Groomed
T015,08-09,2009-01-10,102,Open
T016,08-09,2009-01-10,102,Open
T017,08-09,2009-01-10,102,Open
T018,08-09,2009-01-10,102,Groomed
T019,08-09,2009-01-10,102,Closed
T020,08-09,2009-01-10,102,Groomed
T021,08-09,2009-01-10,102,Groomed
T022,08-09,2009-01-10,102,Groomed
T023,08-09,2009-01-10,102,Groomed
T024,08-09,2009-01-10,102,Open
T025,08-09,2009-01-10,102,Groomed
T026,08-09,2009-01-10,102,Groomed
T027,08-09,2009-01-10,102,Groomed
T028,08-09,2009-01-10,102,Groomed
T029,08-09,2009-01-10,102,Open
T030,08-09,2009-01-10,102,Groomed
T031,08-09,2009-01-10,102,Groomed
T032,08-09,2009-01-10,102,Open
T033,08-09,2009-01-10,102,Groomed
T034,08-09,2009-01-10,102,Groomed
T035,08-09,2009-01-10,102,Open
T036,08-09,2009-01-10,102,Groomed
T037,08-09,2009-01-10,102,Open
T038,08-09,2009-01-10,102,Open
T039,08-09,2009-01-10,102,Closed
T040,08-09,2009-01-10,102,Groomed
T042,08-09,2009-01-10,102,Closed
T043,08-09,2009-01-10,102,Closed
T044,08-09,2009-01-10,102,Open
T045,08-09,2009-01-10,102,Open
T046,08-09,2009-01-10,102,Open
T047,08-09,2009-01-10,102,Open
T061,08-09,2009-01-10,102,Groomed
T063,08-09,2009-01-10,102,Groomed
T064,08-09,2009-01-10,102,Groomed
T065,08-09,2009-01-10,102,Groomed
T066,08-09,2009-01-10,102,Groomed
T067,08-09,2009-01-10,102,Groomed
T068,08-09,2009-01-10,102,Open
T069,08-09,2009-01-10,102,Open
T070,08-09,2009-01-10,102,Open
T071,08-09,2009-01-10,102,Open
T072,08-09,2009-01-10,102,Open
T073,08-09,2009-01-10,102,Open
T074,08-09,2009-01-10,102,Open
T075,08-09,2009-01-10,102,Open
T076,08-09,2009-01-10,102,Open
T077,08-09,2009-01-10,102,Groomed
T078,08-09,2009-01-10,102,Groomed
T079,08-09,2009-01-10,102,Groomed
T080,08-09,2009-01-10,102,Open
T081,08-09,2009-01-10,102,Open
T083,08-09,2009-01-10,102,Groomed
T084,08-09,2009-01-10,102,Open
T085,08-09,2009-01-10,102,Open
T086,08-09,2009-01-10,102,Open
T087,08-09,2009-01-10,102,Open
T088,08-09,2009-01-10,102,Open
T089,08-09,2009-01-10,102,Open
T090,08-09,2009-01-10,102,Open
T091,08-09,2009-01-10,102,Open
T092,08-09,2009-01-10,102,Open
T127,08-09,2009-01-10,102,Open
T134,08-09,2009-01-10,102,Open
T135,08-09,2009-01-10,102,Open
T136,08-09,2009-01-10,102,Open
T137,08-09,2009-01-10,102,Open
T148,08-09,2009-01-10,102,Open
T151,08-09,2009-01-10,102,Open
T152,08-09,2009-01-10,102,Groomed
T156,08-09,2009-01-10,102,Open
T157,08-09,2009-01-10,102,Open
T002,08-09,2009-01-11,103,Groomed
T003,08-09,2009-01-11,103,Closed
T004,08-09,2009-01-11,103,Groomed
T005,08-09,2009-01-11,103,Groomed
T006,08-09,2009-01-11,103,Groomed
T007,08-09,2009-01-11,103,Groomed
T008,08-09,2009-01-11,103,Open
T009,08-09,2009-01-11,103,Groomed
T010,08-09,2009-01-11,103,Open
T011,08-09,2009-01-11,103,Groomed
T012,08-09,2009-01-11,103,Groomed
T013,08-09,2009-01-11,103,Groomed
T015,08-09,2009-01-11,103,Open
T016,08-09,2009-01-11,103,Open
T017,08-09,2009-01-11,103,Open
T018,08-09,2009-01-11,103,Open
T019,08-09,2009-01-11,103,Closed
T020,08-09,2009-01-11,103,Groomed
T021,08-09,2009-01-11,103,Groomed
T022,08-09,2009-01-11,103,Groomed
T023,08-09,2009-01-11,103,Groomed
T024,08-09,2009-01-11,103,Open
T025,08-09,2009-01-11,103,Groomed
T026,08-09,2009-01-11,103,Open
T027,08-09,2009-01-11,103,Groomed
T028,08-09,2009-01-11,103,Groomed
T029,08-09,2009-01-11,103,Open
T030,08-09,2009-01-11,103,Groomed
T031,08-09,2009-01-11,103,Groomed
T032,08-09,2009-01-11,103,Open
T033,08-09,2009-01-11,103,Groomed
T034,08-09,2009-01-11,103,Groomed
T035,08-09,2009-01-11,103,Open
T036,08-09,2009-01-11,103,Groomed
T037,08-09,2009-01-11,103,Open
T038,08-09,2009-01-11,103,Open
T039,08-09,2009-01-11,103,Open
T040,08-09,2009-01-11,103,Groomed
T042,08-09,2009-01-11,103,Closed
T043,08-09,2009-01-11,103,Open
T044,08-09,2009-01-11,103,Open
T045,08-09,2009-01-11,103,Open
T046,08-09,2009-01-11,103,Open
T047,08-09,2009-01-11,103,Open
T061,08-09,2009-01-11,103,Groomed
T063,08-09,2009-01-11,103,Groomed
T064,08-09,2009-01-11,103,Groomed
T065,08-09,2009-01-11,103,Groomed
T066,08-09,2009-01-11,103,Groomed
T067,08-09,2009-01-11,103,Groomed
T068,08-09,2009-01-11,103,Open
T069,08-09,2009-01-11,103,Open
T070,08-09,2009-01-11,103,Open
T071,08-09,2009-01-11,103,Open
T072,08-09,2009-01-11,103,Open
T073,08-09,2009-01-11,103,Open
T074,08-09,2009-01-11,103,Open
T075,08-09,2009-01-11,103,Open
T076,08-09,2009-01-11,103,Open
T077,08-09,2009-01-11,103,Groomed
T078,08-09,2009-01-11,103,Groomed
T079,08-09,2009-01-11,103,Groomed
T080,08-09,2009-01-11,103,Open
T081,08-09,2009-01-11,103,Open
T083,08-09,2009-01-11,103,Groomed
T084,08-09,2009-01-11,103,Open
T085,08-09,2009-01-11,103,Open
T086,08-09,2009-01-11,103,Open
T087,08-09,2009-01-11,103,Open
T088,08-09,2009-01-11,103,Open
T089,08-09,2009-01-11,103,Open
T090,08-09,2009-01-11,103,Open
T091,08-09,2009-01-11,103,Open
T092,08-09,2009-01-11,103,Open
T127,08-09,2009-01-11,103,Open
T134,08-09,2009-01-11,103,Open
T135,08-09,2009-01-11,103,Open
T136,08-09,2009-01-11,103,Open
T137,08-09,2009-01-11,103,Open
T148,08-09,2009-01-11,103,Open
T151,08-09,2009-01-11,103,Open
T152,08-09,2009-01-11,103,Groomed
T156,08-09,2009-01-11,103,Open
T157,08-09,2009-01-11,103,Open
T002,08-09,2009-01-12,104,Groomed
T003,08-09,2009-01-12,104,Closed
T004,08-09,2009-01-12,104,Groomed
T005,08-09,2009-01-12,104,Groomed
T006,08-09,2009-01-12,104,Open
T007,08-09,2009-01-12,104,Groomed
T008,08-09,2009-01-12,104,Open
T009,08-09,2009-01-12,104,Groomed
T010,08-09,2009-01-12,104,Open
T011,08-09,2009-01-12,104,Groomed
T012,08-09,2009-01-12,104,Groomed
T013,08-09,2009-01-12,104,Groomed
T015,08-09,2009-01-12,104,Open
T016,08-09,2009-01-12,104,Open
T017,08-09,2009-01-12,104,Open
T018,08-09,2009-01-12,104,Open
T019,08-09,2009-01-12,104,Closed
T020,08-09,2009-01-12,104,Groomed
T021,08-09,2009-01-12,104,Groomed
T022,08-09,2009-01-12,104,Groomed
T023,08-09,2009-01-12,104,Groomed
T024,08-09,2009-01-12,104,Open
T025,08-09,2009-01-12,104,Groomed
T026,08-09,2009-01-12,104,Open
T027,08-09,2009-01-12,104,Groomed
T028,08-09,2009-01-12,104,Open
T029,08-09,2009-01-12,104,Open
T030,08-09,2009-01-12,104,Groomed
T031,08-09,2009-01-12,104,Groomed
T032,08-09,2009-01-12,104,Open
T033,08-09,2009-01-12,104,Open
T034,08-09,2009-01-12,104,Groomed
T035,08-09,2009-01-12,104,Open
T036,08-09,2009-01-12,104,Groomed
T037,08-09,2009-01-12,104,Open
T038,08-09,2009-01-12,104,Open
T039,08-09,2009-01-12,104,Groomed
T040,08-09,2009-01-12,104,Groomed
T042,08-09,2009-01-12,104,Closed
T043,08-09,2009-01-12,104,Groomed
T044,08-09,2009-01-12,104,Open
T045,08-09,2009-01-12,104,Open
T046,08-09,2009-01-12,104,Open
T047,08-09,2009-01-12,104,Open
T061,08-09,2009-01-12,104,Groomed
T063,08-09,2009-01-12,104,Groomed
T064,08-09,2009-01-12,104,Groomed
T065,08-09,2009-01-12,104,Groomed
T066,08-09,2009-01-12,104,Groomed
T067,08-09,2009-01-12,104,Groomed
T068,08-09,2009-01-12,104,Open
T069,08-09,2009-01-12,104,Open
T070,08-09,2009-01-12,104,Open
T071,08-09,2009-01-12,104,Open
T072,08-09,2009-01-12,104,Open
T073,08-09,2009-01-12,104,Open
T074,08-09,2009-01-12,104,Open
T075,08-09,2009-01-12,104,Open
T076,08-09,2009-01-12,104,Open
T077,08-09,2009-01-12,104,Groomed
T078,08-09,2009-01-12,104,Groomed
T079,08-09,2009-01-12,104,Groomed
T080,08-09,2009-01-12,104,Open
T081,08-09,2009-01-12,104,Open
T083,08-09,2009-01-12,104,Groomed
T084,08-09,2009-01-12,104,Open
T085,08-09,2009-01-12,104,Open
T086,08-09,2009-01-12,104,Open
T087,08-09,2009-01-12,104,Open
T088,08-09,2009-01-12,104,Open
T089,08-09,2009-01-12,104,Open
T090,08-09,2009-01-12,104,Open
T091,08-09,2009-01-12,104,Open
T092,08-09,2009-01-12,104,Open
T127,08-09,2009-01-12,104,Open
T134,08-09,2009-01-12,104,Open
T135,08-09,2009-01-12,104,Open
T136,08-09,2009-01-12,104,Open
T137,08-09,2009-01-12,104,Open
T148,08-09,2009-01-12,104,Open
T151,08-09,2009-01-12,104,Groomed
T152,08-09,2009-01-12,104,Groomed
T156,08-09,2009-01-12,104,Open
T157,08-09,2009-01-12,104,Open
T002,08-09,2009-01-13,105,Groomed
T003,08-09,2009-01-13,105,Open
T004,08-09,2009-01-13,105,Groomed
T005,08-09,2009-01-13,105,Groomed
T006,08-09,2009-01-13,105,Open
T007,08-09,2009-01-13,105,Groomed
T008,08-09,2009-01-13,105,Open
T009,08-09,2009-01-13,105,Groomed
T010,08-09,2009-01-13,105,Open
T011,08-09,2009-01-13,105,Groomed
T012,08-09,2009-01-13,105,Groomed
T013,08-09,2009-01-13,105,Groomed
T015,08-09,2009-01-13,105,Open
T016,08-09,2009-01-13,105,Open
T017,08-09,2009-01-13,105,Open
T018,08-09,2009-01-13,105,Open
T019,08-09,2009-01-13,105,Open
T020,08-09,2009-01-13,105,Groomed
T021,08-09,2009-01-13,105,Groomed
T022,08-09,2009-01-13,105,Groomed
T023,08-09,2009-01-13,105,Groomed
T024,08-09,2009-01-13,105,Open
T025,08-09,2009-01-13,105,Groomed
T026,08-09,2009-01-13,105,Open
T027,08-09,2009-01-13,105,Groomed
T028,08-09,2009-01-13,105,Groomed
T029,08-09,2009-01-13,105,Open
T030,08-09,2009-01-13,105,Groomed
T031,08-09,2009-01-13,105,Groomed
T032,08-09,2009-01-13,105,Open
T033,08-09,2009-01-13,105,Groomed
T034,08-09,2009-01-13,105,Groomed
T035,08-09,2009-01-13,105,Open
T036,08-09,2009-01-13,105,Groomed
T037,08-09,2009-01-13,105,Open
T038,08-09,2009-01-13,105,Open
T039,08-09,2009-01-13,105,Groomed
T040,08-09,2009-01-13,105,Groomed
T042,08-09,2009-01-13,105,Open
T043,08-09,2009-01-13,105,Groomed
T044,08-09,2009-01-13,105,Open
T045,08-09,2009-01-13,105,Open
T046,08-09,2009-01-13,105,Open
T047,08-09,2009-01-13,105,Open
T061,08-09,2009-01-13,105,Groomed
T063,08-09,2009-01-13,105,Groomed
T064,08-09,2009-01-13,105,Groomed
T065,08-09,2009-01-13,105,Groomed
T066,08-09,2009-01-13,105,Groomed
T067,08-09,2009-01-13,105,Groomed
T068,08-09,2009-01-13,105,Open
T069,08-09,2009-01-13,105,Open
T070,08-09,2009-01-13,105,Open
T071,08-09,2009-01-13,105,Open
T072,08-09,2009-01-13,105,Open
T073,08-09,2009-01-13,105,Open
T074,08-09,2009-01-13,105,Open
T075,08-09,2009-01-13,105,Open
T076,08-09,2009-01-13,105,Open
T077,08-09,2009-01-13,105,Groomed
T078,08-09,2009-01-13,105,Groomed
T079,08-09,2009-01-13,105,Groomed
T080,08-09,2009-01-13,105,Open
T081,08-09,2009-01-13,105,Open
T083,08-09,2009-01-13,105,Groomed
T084,08-09,2009-01-13,105,Open
T085,08-09,2009-01-13,105,Open
T086,08-09,2009-01-13,105,Open
T087,08-09,2009-01-13,105,Open
T088,08-09,2009-01-13,105,Open
T089,08-09,2009-01-13,105,Open
T090,08-09,2009-01-13,105,Open
T091,08-09,2009-01-13,105,Open
T092,08-09,2009-01-13,105,Open
T127,08-09,2009-01-13,105,Open
T134,08-09,2009-01-13,105,Open
T135,08-09,2009-01-13,105,Open
T136,08-09,2009-01-13,105,Open
T137,08-09,2009-01-13,105,Open
T148,08-09,2009-01-13,105,Open
T151,08-09,2009-01-13,105,Groomed
T152,08-09,2009-01-13,105,Groomed
T156,08-09,2009-01-13,105,Open
T157,08-09,2009-01-13,105,Open
T002,08-09,2009-01-14,106,Groomed
T003,08-09,2009-01-14,106,Open
T004,08-09,2009-01-14,106,Groomed
T005,08-09,2009-01-14,106,Groomed
T006,08-09,2009-01-14,106,Groomed
T007,08-09,2009-01-14,106,Groomed
T008,08-09,2009-01-14,106,Open
T009,08-09,2009-01-14,106,Groomed
T010,08-09,2009-01-14,106,Open
T011,08-09,2009-01-14,106,Groomed
T012,08-09,2009-01-14,106,Groomed
T013,08-09,2009-01-14,106,Groomed
T015,08-09,2009-01-14,106,Open
T016,08-09,2009-01-14,106,Groomed
T017,08-09,2009-01-14,106,Open
T018,08-09,2009-01-14,106,Open
T019,08-09,2009-01-14,106,Open
T020,08-09,2009-01-14,106,Groomed
T021,08-09,2009-01-14,106,Groomed
T022,08-09,2009-01-14,106,Groomed
T023,08-09,2009-01-14,106,Groomed
T024,08-09,2009-01-14,106,Open
T025,08-09,2009-01-14,106,Groomed
T026,08-09,2009-01-14,106,Open
T027,08-09,2009-01-14,106,Groomed
T028,08-09,2009-01-14,106,Groomed
T029,08-09,2009-01-14,106,Open
T030,08-09,2009-01-14,106,Groomed
T031,08-09,2009-01-14,106,Groomed
T032,08-09,2009-01-14,106,Open
T033,08-09,2009-01-14,106,Groomed
T034,08-09,2009-01-14,106,Groomed
T035,08-09,2009-01-14,106,Open
T036,08-09,2009-01-14,106,Groomed
T037,08-09,2009-01-14,106,Open
T038,08-09,2009-01-14,106,Open
T039,08-09,2009-01-14,106,Open
T040,08-09,2009-01-14,106,Groomed
T042,08-09,2009-01-14,106,Open
T043,08-09,2009-01-14,106,Groomed
T044,08-09,2009-01-14,106,Open
T045,08-09,2009-01-14,106,Open
T046,08-09,2009-01-14,106,Open
T047,08-09,2009-01-14,106,Open
T061,08-09,2009-01-14,106,Groomed
T063,08-09,2009-01-14,106,Groomed
T064,08-09,2009-01-14,106,Groomed
T065,08-09,2009-01-14,106,Groomed
T066,08-09,2009-01-14,106,Groomed
T067,08-09,2009-01-14,106,Groomed
T068,08-09,2009-01-14,106,Open
T069,08-09,2009-01-14,106,Open
T070,08-09,2009-01-14,106,Open
T071,08-09,2009-01-14,106,Open
T072,08-09,2009-01-14,106,Open
T073,08-09,2009-01-14,106,Open
T074,08-09,2009-01-14,106,Open
T075,08-09,2009-01-14,106,Open
T076,08-09,2009-01-14,106,Open
T077,08-09,2009-01-14,106,Groomed
T078,08-09,2009-01-14,106,Open
T079,08-09,2009-01-14,106,Groomed
T080,08-09,2009-01-14,106,Open
T081,08-09,2009-01-14,106,Open
T083,08-09,2009-01-14,106,Open
T084,08-09,2009-01-14,106,Open
T085,08-09,2009-01-14,106,Open
T086,08-09,2009-01-14,106,Open
T087,08-09,2009-01-14,106,Open
T088,08-09,2009-01-14,106,Open
T089,08-09,2009-01-14,106,Open
T090,08-09,2009-01-14,106,Open
T091,08-09,2009-01-14,106,Open
T092,08-09,2009-01-14,106,Open
T127,08-09,2009-01-14,106,Open
T134,08-09,2009-01-14,106,Open
T135,08-09,2009-01-14,106,Open
T136,08-09,2009-01-14,106,Open
T137,08-09,2009-01-14,106,Open
T148,08-09,2009-01-14,106,Open
T151,08-09,2009-01-14,106,Groomed
T152,08-09,2009-01-14,106,Groomed
T156,08-09,2009-01-14,106,Open
T157,08-09,2009-01-14,106,Open
T002,08-09,2009-01-15,107,Groomed
T003,08-09,2009-01-15,107,Open
T004,08-09,2009-01-15,107,Groomed
T005,08-09,2009-01-15,107,Groomed
T006,08-09,2009-01-15,107,Groomed
T007,08-09,2009-01-15,107,Groomed
T008,08-09,2009-01-15,107,Open
T009,08-09,2009-01-15,107,Groomed
T010,08-09,2009-01-15,107,Open
T011,08-09,2009-01-15,107,Groomed
T012,08-09,2009-01-15,107,Groomed
T013,08-09,2009-01-15,107,Groomed
T015,08-09,2009-01-15,107,Open
T016,08-09,2009-01-15,107,Open
T017,08-09,2009-01-15,107,Open
T018,08-09,2009-01-15,107,Open
T019,08-09,2009-01-15,107,Open
T020,08-09,2009-01-15,107,Groomed
T021,08-09,2009-01-15,107,Groomed
T022,08-09,2009-01-15,107,Groomed
T023,08-09,2009-01-15,107,Groomed
T024,08-09,2009-01-15,107,Open
T025,08-09,2009-01-15,107,Groomed
T026,08-09,2009-01-15,107,Open
T027,08-09,2009-01-15,107,Groomed
T028,08-09,2009-01-15,107,Groomed
T029,08-09,2009-01-15,107,Open
T030,08-09,2009-01-15,107,Groomed
T031,08-09,2009-01-15,107,Groomed
T032,08-09,2009-01-15,107,Open
T033,08-09,2009-01-15,107,Groomed
T034,08-09,2009-01-15,107,Groomed
T035,08-09,2009-01-15,107,Open
T036,08-09,2009-01-15,107,Groomed
T037,08-09,2009-01-15,107,Open
T038,08-09,2009-01-15,107,Open
T039,08-09,2009-01-15,107,Open
T040,08-09,2009-01-15,107,Groomed
T042,08-09,2009-01-15,107,Open
T043,08-09,2009-01-15,107,Groomed
T044,08-09,2009-01-15,107,Open
T045,08-09,2009-01-15,107,Open
T046,08-09,2009-01-15,107,Open
T047,08-09,2009-01-15,107,Open
T061,08-09,2009-01-15,107,Groomed
T063,08-09,2009-01-15,107,Groomed
T064,08-09,2009-01-15,107,Groomed
T065,08-09,2009-01-15,107,Groomed
T066,08-09,2009-01-15,107,Groomed
T067,08-09,2009-01-15,107,Groomed
T068,08-09,2009-01-15,107,Open
T069,08-09,2009-01-15,107,Open
T070,08-09,2009-01-15,107,Open
T071,08-09,2009-01-15,107,Open
T072,08-09,2009-01-15,107,Open
T073,08-09,2009-01-15,107,Open
T074,08-09,2009-01-15,107,Open
T075,08-09,2009-01-15,107,Open
T076,08-09,2009-01-15,107,Open
T077,08-09,2009-01-15,107,Groomed
T078,08-09,2009-01-15,107,Open
T079,08-09,2009-01-15,107,Groomed
T080,08-09,2009-01-15,107,Open
T081,08-09,2009-01-15,107,Open
T083,08-09,2009-01-15,107,Open
T084,08-09,2009-01-15,107,Open
T085,08-09,2009-01-15,107,Open
T086,08-09,2009-01-15,107,Open
T087,08-09,2009-01-15,107,Open
T088,08-09,2009-01-15,107,Open
T089,08-09,2009-01-15,107,Open
T090,08-09,2009-01-15,107,Open
T091,08-09,2009-01-15,107,Open
T092,08-09,2009-01-15,107,Open
T127,08-09,2009-01-15,107,Open
T134,08-09,2009-01-15,107,Open
T135,08-09,2009-01-15,107,Open
T136,08-09,2009-01-15,107,Open
T137,08-09,2009-01-15,107,Open
T148,08-09,2009-01-15,107,Open
T151,08-09,2009-01-15,107,Groomed
T152,08-09,2009-01-15,107,Groomed
T156,08-09,2009-01-15,107,Open
T157,08-09,2009-01-15,107,Open
T002,08-09,2009-01-16,108,Groomed
T003,08-09,2009-01-16,108,Open
T004,08-09,2009-01-16,108,Groomed
T005,08-09,2009-01-16,108,Groomed
T006,08-09,2009-01-16,108,Groomed
T007,08-09,2009-01-16,108,Groomed
T008,08-09,2009-01-16,108,Open
T009,08-09,2009-01-16,108,Groomed
T010,08-09,2009-01-16,108,Open
T011,08-09,2009-01-16,108,Groomed
T012,08-09,2009-01-16,108,Groomed
T013,08-09,2009-01-16,108,Groomed
T015,08-09,2009-01-16,108,Open
T016,08-09,2009-01-16,108,Open
T017,08-09,2009-01-16,108,Open
T018,08-09,2009-01-16,108,Groomed
T019,08-09,2009-01-16,108,Open
T020,08-09,2009-01-16,108,Groomed
T021,08-09,2009-01-16,108,Groomed
T022,08-09,2009-01-16,108,Groomed
T023,08-09,2009-01-16,108,Groomed
T024,08-09,2009-01-16,108,Open
T025,08-09,2009-01-16,108,Groomed
T026,08-09,2009-01-16,108,Open
T027,08-09,2009-01-16,108,Groomed
T028,08-09,2009-01-16,108,Groomed
T029,08-09,2009-01-16,108,Open
T030,08-09,2009-01-16,108,Groomed
T031,08-09,2009-01-16,108,Groomed
T032,08-09,2009-01-16,108,Open
T033,08-09,2009-01-16,108,Groomed
T034,08-09,2009-01-16,108,Groomed
T035,08-09,2009-01-16,108,Open
T036,08-09,2009-01-16,108,Groomed
T037,08-09,2009-01-16,108,Open
T038,08-09,2009-01-16,108,Open
T039,08-09,2009-01-16,108,Groomed
T040,08-09,2009-01-16,108,Groomed
T042,08-09,2009-01-16,108,Open
T043,08-09,2009-01-16,108,Open
T044,08-09,2009-01-16,108,Open
T045,08-09,2009-01-16,108,Open
T046,08-09,2009-01-16,108,Open
T047,08-09,2009-01-16,108,Open
T061,08-09,2009-01-16,108,Groomed
T063,08-09,2009-01-16,108,Groomed
T064,08-09,2009-01-16,108,Groomed
T065,08-09,2009-01-16,108,Groomed
T066,08-09,2009-01-16,108,Open
T067,08-09,2009-01-16,108,Groomed
T068,08-09,2009-01-16,108,Open
T069,08-09,2009-01-16,108,Open
T070,08-09,2009-01-16,108,Open
T071,08-09,2009-01-16,108,Open
T072,08-09,2009-01-16,108,Open
T073,08-09,2009-01-16,108,Open
T074,08-09,2009-01-16,108,Open
T075,08-09,2009-01-16,108,Open
T076,08-09,2009-01-16,108,Open
T077,08-09,2009-01-16,108,Groomed
T078,08-09,2009-01-16,108,Open
T079,08-09,2009-01-16,108,Groomed
T080,08-09,2009-01-16,108,Open
T081,08-09,2009-01-16,108,Open
T083,08-09,2009-01-16,108,Open
T084,08-09,2009-01-16,108,Open
T085,08-09,2009-01-16,108,Open
T086,08-09,2009-01-16,108,Open
T087,08-09,2009-01-16,108,Open
T088,08-09,2009-01-16,108,Open
T089,08-09,2009-01-16,108,Open
T090,08-09,2009-01-16,108,Open
T091,08-09,2009-01-16,108,Open
T092,08-09,2009-01-16,108,Open
T127,08-09,2009-01-16,108,Open
T134,08-09,2009-01-16,108,Open
T135,08-09,2009-01-16,108,Open
T136,08-09,2009-01-16,108,Open
T137,08-09,2009-01-16,108,Open
T148,08-09,2009-01-16,108,Open
T151,08-09,2009-01-16,108,Open
T152,08-09,2009-01-16,108,Groomed
T156,08-09,2009-01-16,108,Open
T157,08-09,2009-01-16,108,Open
T002,08-09,2009-01-17,109,Groomed
T003,08-09,2009-01-17,109,Open
T004,08-09,2009-01-17,109,Groomed
T005,08-09,2009-01-17,109,Groomed
T006,08-09,2009-01-17,109,Groomed
T007,08-09,2009-01-17,109,Groomed
T008,08-09,2009-01-17,109,Open
T009,08-09,2009-01-17,109,Groomed
T010,08-09,2009-01-17,109,Open
T011,08-09,2009-01-17,109,Groomed
T012,08-09,2009-01-17,109,Groomed
T013,08-09,2009-01-17,109,Groomed
T015,08-09,2009-01-17,109,Open
T016,08-09,2009-01-17,109,Open
T017,08-09,2009-01-17,109,Open
T018,08-09,2009-01-17,109,Groomed
T019,08-09,2009-01-17,109,Open
T020,08-09,2009-01-17,109,Groomed
T021,08-09,2009-01-17,109,Groomed
T022,08-09,2009-01-17,109,Groomed
T023,08-09,2009-01-17,109,Groomed
T024,08-09,2009-01-17,109,Open
T025,08-09,2009-01-17,109,Groomed
T026,08-09,2009-01-17,109,Open
T027,08-09,2009-01-17,109,Groomed
T028,08-09,2009-01-17,109,Groomed
T029,08-09,2009-01-17,109,Open
T030,08-09,2009-01-17,109,Groomed
T031,08-09,2009-01-17,109,Groomed
T032,08-09,2009-01-17,109,Open
T033,08-09,2009-01-17,109,Groomed
T034,08-09,2009-01-17,109,Groomed
T035,08-09,2009-01-17,109,Open
T036,08-09,2009-01-17,109,Groomed
T037,08-09,2009-01-17,109,Open
T038,08-09,2009-01-17,109,Open
T039,08-09,2009-01-17,109,Groomed
T040,08-09,2009-01-17,109,Groomed
T042,08-09,2009-01-17,109,Open
T043,08-09,2009-01-17,109,Open
T044,08-09,2009-01-17,109,Open
T045,08-09,2009-01-17,109,Open
T046,08-09,2009-01-17,109,Open
T047,08-09,2009-01-17,109,Open
T061,08-09,2009-01-17,109,Groomed
T063,08-09,2009-01-17,109,Groomed
T064,08-09,2009-01-17,109,Groomed
T065,08-09,2009-01-17,109,Groomed
T066,08-09,2009-01-17,109,Open
T067,08-09,2009-01-17,109,Groomed
T068,08-09,2009-01-17,109,Open
T069,08-09,2009-01-17,109,Open
T070,08-09,2009-01-17,109,Open
T071,08-09,2009-01-17,109,Open
T072,08-09,2009-01-17,109,Open
T073,08-09,2009-01-17,109,Open
T074,08-09,2009-01-17,109,Open
T075,08-09,2009-01-17,109,Open
T076,08-09,2009-01-17,109,Open
T077,08-09,2009-01-17,109,Groomed
T078,08-09,2009-01-17,109,Open
T079,08-09,2009-01-17,109,Groomed
T080,08-09,2009-01-17,109,Open
T081,08-09,2009-01-17,109,Open
T083,08-09,2009-01-17,109,Open
T084,08-09,2009-01-17,109,Open
T085,08-09,2009-01-17,109,Open
T086,08-09,2009-01-17,109,Open
T087,08-09,2009-01-17,109,Open
T088,08-09,2009-01-17,109,Open
T089,08-09,2009-01-17,109,Open
T090,08-09,2009-01-17,109,Open
T091,08-09,2009-01-17,109,Open
T092,08-09,2009-01-17,109,Open
T127,08-09,2009-01-17,109,Open
T134,08-09,2009-01-17,109,Open
T135,08-09,2009-01-17,109,Open
T136,08-09,2009-01-17,109,Open
T137,08-09,2009-01-17,109,Open
T148,08-09,2009-01-17,109,Open
T151,08-09,2009-01-17,109,Open
T152,08-09,2009-01-17,109,Groomed
T156,08-09,2009-01-17,109,Open
T157,08-09,2009-01-17,109,Open
T002,08-09,2009-01-18,110,Groomed
T003,08-09,2009-01-18,110,Open
T004,08-09,2009-01-18,110,Groomed
T005,08-09,2009-01-18,110,Groomed
T006,08-09,2009-01-18,110,Groomed
T007,08-09,2009-01-18,110,Groomed
T008,08-09,2009-01-18,110,Open
T009,08-09,2009-01-18,110,Groomed
T010,08-09,2009-01-18,110,Open
T011,08-09,2009-01-18,110,Groomed
T012,08-09,2009-01-18,110,Groomed
T013,08-09,2009-01-18,110,Groomed
T015,08-09,2009-01-18,110,Open
T016,08-09,2009-01-18,110,Open
T017,08-09,2009-01-18,110,Open
T018,08-09,2009-01-18,110,Groomed
T019,08-09,2009-01-18,110,Open
T020,08-09,2009-01-18,110,Open
T021,08-09,2009-01-18,110,Groomed
T022,08-09,2009-01-18,110,Groomed
T023,08-09,2009-01-18,110,Groomed
T024,08-09,2009-01-18,110,Open
T025,08-09,2009-01-18,110,Groomed
T026,08-09,2009-01-18,110,Open
T027,08-09,2009-01-18,110,Groomed
T028,08-09,2009-01-18,110,Groomed
T029,08-09,2009-01-18,110,Open
T030,08-09,2009-01-18,110,Groomed
T031,08-09,2009-01-18,110,Groomed
T032,08-09,2009-01-18,110,Open
T033,08-09,2009-01-18,110,Groomed
T034,08-09,2009-01-18,110,Groomed
T035,08-09,2009-01-18,110,Open
T036,08-09,2009-01-18,110,Groomed
T037,08-09,2009-01-18,110,Open
T038,08-09,2009-01-18,110,Open
T039,08-09,2009-01-18,110,Groomed
T040,08-09,2009-01-18,110,Groomed
T042,08-09,2009-01-18,110,Open
T043,08-09,2009-01-18,110,Open
T044,08-09,2009-01-18,110,Open
T045,08-09,2009-01-18,110,Open
T046,08-09,2009-01-18,110,Open
T047,08-09,2009-01-18,110,Open
T061,08-09,2009-01-18,110,Groomed
T063,08-09,2009-01-18,110,Groomed
T064,08-09,2009-01-18,110,Groomed
T065,08-09,2009-01-18,110,Groomed
T066,08-09,2009-01-18,110,Open
T067,08-09,2009-01-18,110,Groomed
T068,08-09,2009-01-18,110,Open
T069,08-09,2009-01-18,110,Open
T070,08-09,2009-01-18,110,Open
T071,08-09,2009-01-18,110,Open
T072,08-09,2009-01-18,110,Open
T073,08-09,2009-01-18,110,Open
T074,08-09,2009-01-18,110,Open
T075,08-09,2009-01-18,110,Open
T076,08-09,2009-01-18,110,Open
T077,08-09,2009-01-18,110,Groomed
T078,08-09,2009-01-18,110,Groomed
T079,08-09,2009-01-18,110,Groomed
T080,08-09,2009-01-18,110,Open
T081,08-09,2009-01-18,110,Open
T083,08-09,2009-01-18,110,Groomed
T084,08-09,2009-01-18,110,Open
T085,08-09,2009-01-18,110,Open
T086,08-09,2009-01-18,110,Open
T087,08-09,2009-01-18,110,Open
T088,08-09,2009-01-18,110,Open
T089,08-09,2009-01-18,110,Open
T090,08-09,2009-01-18,110,Open
T091,08-09,2009-01-18,110,Open
T092,08-09,2009-01-18,110,Open
T127,08-09,2009-01-18,110,Open
T134,08-09,2009-01-18,110,Open
T135,08-09,2009-01-18,110,Open
T136,08-09,2009-01-18,110,Open
T137,08-09,2009-01-18,110,Open
T148,08-09,2009-01-18,110,Open
T151,08-09,2009-01-18,110,Groomed
T152,08-09,2009-01-18,110,Groomed
T156,08-09,2009-01-18,110,Open
T157,08-09,2009-01-18,110,Open
T002,08-09,2009-01-19,111,Groomed
T003,08-09,2009-01-19,111,Open
T004,08-09,2009-01-19,111,Groomed
T005,08-09,2009-01-19,111,Groomed
T006,08-09,2009-01-19,111,Groomed
T007,08-09,2009-01-19,111,Groomed
T008,08-09,2009-01-19,111,Open
T009,08-09,2009-01-19,111,Groomed
T010,08-09,2009-01-19,111,Open
T011,08-09,2009-01-19,111,Groomed
T012,08-09,2009-01-19,111,Groomed
T013,08-09,2009-01-19,111,Groomed
T015,08-09,2009-01-19,111,Open
T016,08-09,2009-01-19,111,Open
T017,08-09,2009-01-19,111,Open
T018,08-09,2009-01-19,111,Groomed
T019,08-09,2009-01-19,111,Open
T020,08-09,2009-01-19,111,Open
T021,08-09,2009-01-19,111,Groomed
T022,08-09,2009-01-19,111,Groomed
T023,08-09,2009-01-19,111,Groomed
T024,08-09,2009-01-19,111,Groomed
T025,08-09,2009-01-19,111,Groomed
T026,08-09,2009-01-19,111,Groomed
T027,08-09,2009-01-19,111,Groomed
T028,08-09,2009-01-19,111,Open
T029,08-09,2009-01-19,111,Open
T030,08-09,2009-01-19,111,Open
T031,08-09,2009-01-19,111,Groomed
T032,08-09,2009-01-19,111,Open
T033,08-09,2009-01-19,111,Groomed
T034,08-09,2009-01-19,111,Groomed
T035,08-09,2009-01-19,111,Open
T036,08-09,2009-01-19,111,Groomed
T037,08-09,2009-01-19,111,Open
T038,08-09,2009-01-19,111,Open
T039,08-09,2009-01-19,111,Open
T040,08-09,2009-01-19,111,Groomed
T042,08-09,2009-01-19,111,Open
T043,08-09,2009-01-19,111,Open
T044,08-09,2009-01-19,111,Open
T045,08-09,2009-01-19,111,Open
T046,08-09,2009-01-19,111,Open
T047,08-09,2009-01-19,111,Open
T061,08-09,2009-01-19,111,Groomed
T063,08-09,2009-01-19,111,Groomed
T064,08-09,2009-01-19,111,Groomed
T065,08-09,2009-01-19,111,Groomed
T066,08-09,2009-01-19,111,Groomed
T067,08-09,2009-01-19,111,Groomed
T068,08-09,2009-01-19,111,Open
T069,08-09,2009-01-19,111,Open
T070,08-09,2009-01-19,111,Open
T071,08-09,2009-01-19,111,Open
T072,08-09,2009-01-19,111,Open
T073,08-09,2009-01-19,111,Open
T074,08-09,2009-01-19,111,Open
T075,08-09,2009-01-19,111,Open
T076,08-09,2009-01-19,111,Open
T077,08-09,2009-01-19,111,Groomed
T078,08-09,2009-01-19,111,Open
T079,08-09,2009-01-19,111,Groomed
T080,08-09,2009-01-19,111,Open
T081,08-09,2009-01-19,111,Open
T083,08-09,2009-01-19,111,Groomed
T084,08-09,2009-01-19,111,Open
T085,08-09,2009-01-19,111,Open
T086,08-09,2009-01-19,111,Open
T087,08-09,2009-01-19,111,Open
T088,08-09,2009-01-19,111,Open
T089,08-09,2009-01-19,111,Open
T090,08-09,2009-01-19,111,Open
T091,08-09,2009-01-19,111,Open
T092,08-09,2009-01-19,111,Open
T127,08-09,2009-01-19,111,Open
T134,08-09,2009-01-19,111,Open
T135,08-09,2009-01-19,111,Open
T136,08-09,2009-01-19,111,Open
T137,08-09,2009-01-19,111,Open
T148,08-09,2009-01-19,111,Open
T151,08-09,2009-01-19,111,Groomed
T152,08-09,2009-01-19,111,Groomed
T156,08-09,2009-01-19,111,Open
T157,08-09,2009-01-19,111,Open
T002,08-09,2009-01-20,112,Groomed
T003,08-09,2009-01-20,112,Open
T004,08-09,2009-01-20,112,Groomed
T005,08-09,2009-01-20,112,Groomed
T006,08-09,2009-01-20,112,Open
T007,08-09,2009-01-20,112,Groomed
T008,08-09,2009-01-20,112,Open
T009,08-09,2009-01-20,112,Groomed
T010,08-09,2009-01-20,112,Open
T011,08-09,2009-01-20,112,Groomed
T012,08-09,2009-01-20,112,Groomed
T013,08-09,2009-01-20,112,Groomed
T015,08-09,2009-01-20,112,Open
T016,08-09,2009-01-20,112,Open
T017,08-09,2009-01-20,112,Groomed
T018,08-09,2009-01-20,112,Open
T019,08-09,2009-01-20,112,Open
T020,08-09,2009-01-20,112,Open
T021,08-09,2009-01-20,112,Groomed
T022,08-09,2009-01-20,112,Groomed
T023,08-09,2009-01-20,112,Groomed
T024,08-09,2009-01-20,112,Open
T025,08-09,2009-01-20,112,Groomed
T026,08-09,2009-01-20,112,Open
T027,08-09,2009-01-20,112,Groomed
T028,08-09,2009-01-20,112,Open
T029,08-09,2009-01-20,112,Open
T030,08-09,2009-01-20,112,Open
T031,08-09,2009-01-20,112,Groomed
T032,08-09,2009-01-20,112,Open
T033,08-09,2009-01-20,112,Groomed
T034,08-09,2009-01-20,112,Groomed
T035,08-09,2009-01-20,112,Open
T036,08-09,2009-01-20,112,Groomed
T037,08-09,2009-01-20,112,Open
T038,08-09,2009-01-20,112,Open
T039,08-09,2009-01-20,112,Open
T040,08-09,2009-01-20,112,Groomed
T042,08-09,2009-01-20,112,Open
T043,08-09,2009-01-20,112,Groomed
T044,08-09,2009-01-20,112,Open
T045,08-09,2009-01-20,112,Open
T046,08-09,2009-01-20,112,Open
T047,08-09,2009-01-20,112,Open
T061,08-09,2009-01-20,112,Groomed
T063,08-09,2009-01-20,112,Groomed
T064,08-09,2009-01-20,112,Groomed
T065,08-09,2009-01-20,112,Groomed
T066,08-09,2009-01-20,112,Groomed
T067,08-09,2009-01-20,112,Groomed
T068,08-09,2009-01-20,112,Open
T069,08-09,2009-01-20,112,Open
T070,08-09,2009-01-20,112,Open
T071,08-09,2009-01-20,112,Open
T072,08-09,2009-01-20,112,Open
T073,08-09,2009-01-20,112,Open
T074,08-09,2009-01-20,112,Open
T075,08-09,2009-01-20,112,Open
T076,08-09,2009-01-20,112,Open
T077,08-09,2009-01-20,112,Groomed
T078,08-09,2009-01-20,112,Open
T079,08-09,2009-01-20,112,Groomed
T080,08-09,2009-01-20,112,Open
T081,08-09,2009-01-20,112,Open
T083,08-09,2009-01-20,112,Groomed
T084,08-09,2009-01-20,112,Open
T085,08-09,2009-01-20,112,Open
T086,08-09,2009-01-20,112,Open
T087,08-09,2009-01-20,112,Open
T088,08-09,2009-01-20,112,Open
T089,08-09,2009-01-20,112,Open
T090,08-09,2009-01-20,112,Open
T091,08-09,2009-01-20,112,Open
T092,08-09,2009-01-20,112,Open
T127,08-09,2009-01-20,112,Open
T134,08-09,2009-01-20,112,Open
T135,08-09,2009-01-20,112,Open
T136,08-09,2009-01-20,112,Open
T137,08-09,2009-01-20,112,Open
T148,08-09,2009-01-20,112,Open
T151,08-09,2009-01-20,112,Groomed
T152,08-09,2009-01-20,112,Groomed
T156,08-09,2009-01-20,112,Open
T157,08-09,2009-01-20,112,Open
T002,08-09,2009-01-21,113,Groomed
T003,08-09,2009-01-21,113,Open
T004,08-09,2009-01-21,113,Groomed
T005,08-09,2009-01-21,113,Groomed
T006,08-09,2009-01-21,113,Groomed
T007,08-09,2009-01-21,113,Groomed
T008,08-09,2009-01-21,113,Open
T009,08-09,2009-01-21,113,Groomed
T010,08-09,2009-01-21,113,Open
T011,08-09,2009-01-21,113,Groomed
T012,08-09,2009-01-21,113,Groomed
T013,08-09,2009-01-21,113,Groomed
T015,08-09,2009-01-21,113,Open
T016,08-09,2009-01-21,113,Open
T017,08-09,2009-01-21,113,Open
T018,08-09,2009-01-21,113,Groomed
T019,08-09,2009-01-21,113,Open
T020,08-09,2009-01-21,113,Open
T021,08-09,2009-01-21,113,Groomed
T022,08-09,2009-01-21,113,Groomed
T023,08-09,2009-01-21,113,Groomed
T024,08-09,2009-01-21,113,Open
T025,08-09,2009-01-21,113,Groomed
T026,08-09,2009-01-21,113,Open
T027,08-09,2009-01-21,113,Groomed
T028,08-09,2009-01-21,113,Groomed
T029,08-09,2009-01-21,113,Open
T030,08-09,2009-01-21,113,Groomed
T031,08-09,2009-01-21,113,Groomed
T032,08-09,2009-01-21,113,Open
T033,08-09,2009-01-21,113,Groomed
T034,08-09,2009-01-21,113,Groomed
T035,08-09,2009-01-21,113,Open
T036,08-09,2009-01-21,113,Groomed
T037,08-09,2009-01-21,113,Open
T038,08-09,2009-01-21,113,Open
T039,08-09,2009-01-21,113,Groomed
T040,08-09,2009-01-21,113,Groomed
T042,08-09,2009-01-21,113,Open
T043,08-09,2009-01-21,113,Open
T044,08-09,2009-01-21,113,Open
T045,08-09,2009-01-21,113,Open
T046,08-09,2009-01-21,113,Open
T047,08-09,2009-01-21,113,Open
T061,08-09,2009-01-21,113,Groomed
T063,08-09,2009-01-21,113,Groomed
T064,08-09,2009-01-21,113,Groomed
T065,08-09,2009-01-21,113,Groomed
T066,08-09,2009-01-21,113,Open
T067,08-09,2009-01-21,113,Groomed
T068,08-09,2009-01-21,113,Open
T069,08-09,2009-01-21,113,Open
T070,08-09,2009-01-21,113,Open
T071,08-09,2009-01-21,113,Open
T072,08-09,2009-01-21,113,Open
T073,08-09,2009-01-21,113,Open
T074,08-09,2009-01-21,113,Open
T075,08-09,2009-01-21,113,Open
T076,08-09,2009-01-21,113,Open
T077,08-09,2009-01-21,113,Groomed
T078,08-09,2009-01-21,113,Open
T079,08-09,2009-01-21,113,Groomed
T080,08-09,2009-01-21,113,Open
T081,08-09,2009-01-21,113,Open
T083,08-09,2009-01-21,113,Open
T084,08-09,2009-01-21,113,Open
T085,08-09,2009-01-21,113,Open
T086,08-09,2009-01-21,113,Open
T087,08-09,2009-01-21,113,Open
T088,08-09,2009-01-21,113,Open
T089,08-09,2009-01-21,113,Open
T090,08-09,2009-01-21,113,Open
T091,08-09,2009-01-21,113,Open
T092,08-09,2009-01-21,113,Open
T127,08-09,2009-01-21,113,Open
T134,08-09,2009-01-21,113,Open
T135,08-09,2009-01-21,113,Open
T136,08-09,2009-01-21,113,Open
T137,08-09,2009-01-21,113,Open
T148,08-09,2009-01-21,113,Open
T151,08-09,2009-01-21,113,Groomed
T152,08-09,2009-01-21,113,Groomed
T156,08-09,2009-01-21,113,Open
T157,08-09,2009-01-21,113,Open
T002,08-09,2009-01-22,114,Groomed
T003,08-09,2009-01-22,114,Open
T004,08-09,2009-01-22,114,Groomed
T005,08-09,2009-01-22,114,Groomed
T006,08-09,2009-01-22,114,Open
T007,08-09,2009-01-22,114,Groomed
T008,08-09,2009-01-22,114,Open
T009,08-09,2009-01-22,114,Groomed
T010,08-09,2009-01-22,114,Open
T011,08-09,2009-01-22,114,Groomed
T012,08-09,2009-01-22,114,Groomed
T013,08-09,2009-01-22,114,Groomed
T015,08-09,2009-01-22,114,Open
T016,08-09,2009-01-22,114,Open
T017,08-09,2009-01-22,114,Open
T018,08-09,2009-01-22,114,Open
T019,08-09,2009-01-22,114,Open
T020,08-09,2009-01-22,114,Open
T021,08-09,2009-01-22,114,Groomed
T022,08-09,2009-01-22,114,Groomed
T023,08-09,2009-01-22,114,Groomed
T024,08-09,2009-01-22,114,Open
T025,08-09,2009-01-22,114,Groomed
T026,08-09,2009-01-22,114,Open
T027,08-09,2009-01-22,114,Groomed
T028,08-09,2009-01-22,114,Groomed
T029,08-09,2009-01-22,114,Open
T030,08-09,2009-01-22,114,Groomed
T031,08-09,2009-01-22,114,Groomed
T032,08-09,2009-01-22,114,Open
T033,08-09,2009-01-22,114,Groomed
T034,08-09,2009-01-22,114,Groomed
T035,08-09,2009-01-22,114,Open
T036,08-09,2009-01-22,114,Groomed
T037,08-09,2009-01-22,114,Open
T038,08-09,2009-01-22,114,Open
T039,08-09,2009-01-22,114,Open
T040,08-09,2009-01-22,114,Groomed
T042,08-09,2009-01-22,114,Open
T043,08-09,2009-01-22,114,Groomed
T044,08-09,2009-01-22,114,Open
T045,08-09,2009-01-22,114,Open
T046,08-09,2009-01-22,114,Open
T047,08-09,2009-01-22,114,Open
T061,08-09,2009-01-22,114,Groomed
T063,08-09,2009-01-22,114,Groomed
T064,08-09,2009-01-22,114,Groomed
T065,08-09,2009-01-22,114,Groomed
T066,08-09,2009-01-22,114,Open
T067,08-09,2009-01-22,114,Groomed
T068,08-09,2009-01-22,114,Open
T069,08-09,2009-01-22,114,Open
T070,08-09,2009-01-22,114,Open
T071,08-09,2009-01-22,114,Open
T072,08-09,2009-01-22,114,Open
T073,08-09,2009-01-22,114,Open
T074,08-09,2009-01-22,114,Open
T075,08-09,2009-01-22,114,Open
T076,08-09,2009-01-22,114,Open
T077,08-09,2009-01-22,114,Groomed
T078,08-09,2009-01-22,114,Groomed
T079,08-09,2009-01-22,114,Groomed
T080,08-09,2009-01-22,114,Open
T081,08-09,2009-01-22,114,Open
T083,08-09,2009-01-22,114,Groomed
T084,08-09,2009-01-22,114,Open
T085,08-09,2009-01-22,114,Open
T086,08-09,2009-01-22,114,Open
T087,08-09,2009-01-22,114,Open
T088,08-09,2009-01-22,114,Open
T089,08-09,2009-01-22,114,Open
T090,08-09,2009-01-22,114,Open
T091,08-09,2009-01-22,114,Open
T092,08-09,2009-01-22,114,Open
T127,08-09,2009-01-22,114,Open
T134,08-09,2009-01-22,114,Open
T135,08-09,2009-01-22,114,Open
T136,08-09,2009-01-22,114,Open
T137,08-09,2009-01-22,114,Open
T148,08-09,2009-01-22,114,Open
T151,08-09,2009-01-22,114,Groomed
T152,08-09,2009-01-22,114,Groomed
T156,08-09,2009-01-22,114,Open
T157,08-09,2009-01-22,114,Open
T002,08-09,2009-01-23,115,Groomed
T003,08-09,2009-01-23,115,Open
T004,08-09,2009-01-23,115,Groomed
T005,08-09,2009-01-23,115,Groomed
T006,08-09,2009-01-23,115,Groomed
T007,08-09,2009-01-23,115,Groomed
T008,08-09,2009-01-23,115,Open
T009,08-09,2009-01-23,115,Groomed
T010,08-09,2009-01-23,115,Open
T011,08-09,2009-01-23,115,Groomed
T012,08-09,2009-01-23,115,Groomed
T013,08-09,2009-01-23,115,Groomed
T015,08-09,2009-01-23,115,Open
T016,08-09,2009-01-23,115,Open
T017,08-09,2009-01-23,115,Groomed
T018,08-09,2009-01-23,115,Groomed
T019,08-09,2009-01-23,115,Open
T020,08-09,2009-01-23,115,Open
T021,08-09,2009-01-23,115,Groomed
T022,08-09,2009-01-23,115,Groomed
T023,08-09,2009-01-23,115,Groomed
T024,08-09,2009-01-23,115,Open
T025,08-09,2009-01-23,115,Groomed
T026,08-09,2009-01-23,115,Open
T027,08-09,2009-01-23,115,Groomed
T028,08-09,2009-01-23,115,Groomed
T029,08-09,2009-01-23,115,Open
T030,08-09,2009-01-23,115,Groomed
T031,08-09,2009-01-23,115,Groomed
T032,08-09,2009-01-23,115,Open
T033,08-09,2009-01-23,115,Groomed
T034,08-09,2009-01-23,115,Groomed
T035,08-09,2009-01-23,115,Open
T036,08-09,2009-01-23,115,Groomed
T037,08-09,2009-01-23,115,Open
T038,08-09,2009-01-23,115,Open
T039,08-09,2009-01-23,115,Groomed
T040,08-09,2009-01-23,115,Groomed
T042,08-09,2009-01-23,115,Groomed
T043,08-09,2009-01-23,115,Groomed
T044,08-09,2009-01-23,115,Open
T045,08-09,2009-01-23,115,Open
T046,08-09,2009-01-23,115,Open
T047,08-09,2009-01-23,115,Open
T061,08-09,2009-01-23,115,Groomed
T063,08-09,2009-01-23,115,Groomed
T064,08-09,2009-01-23,115,Groomed
T065,08-09,2009-01-23,115,Groomed
T066,08-09,2009-01-23,115,Groomed
T067,08-09,2009-01-23,115,Groomed
T068,08-09,2009-01-23,115,Open
T069,08-09,2009-01-23,115,Open
T070,08-09,2009-01-23,115,Open
T071,08-09,2009-01-23,115,Open
T072,08-09,2009-01-23,115,Open
T073,08-09,2009-01-23,115,Open
T074,08-09,2009-01-23,115,Open
T075,08-09,2009-01-23,115,Open
T076,08-09,2009-01-23,115,Open
T077,08-09,2009-01-23,115,Groomed
T078,08-09,2009-01-23,115,Groomed
T079,08-09,2009-01-23,115,Groomed
T080,08-09,2009-01-23,115,Open
T081,08-09,2009-01-23,115,Open
T083,08-09,2009-01-23,115,Groomed
T084,08-09,2009-01-23,115,Open
T085,08-09,2009-01-23,115,Open
T086,08-09,2009-01-23,115,Open
T087,08-09,2009-01-23,115,Open
T088,08-09,2009-01-23,115,Open
T089,08-09,2009-01-23,115,Open
T090,08-09,2009-01-23,115,Open
T091,08-09,2009-01-23,115,Open
T092,08-09,2009-01-23,115,Open
T127,08-09,2009-01-23,115,Open
T134,08-09,2009-01-23,115,Open
T135,08-09,2009-01-23,115,Open
T136,08-09,2009-01-23,115,Open
T137,08-09,2009-01-23,115,Open
T148,08-09,2009-01-23,115,Open
T151,08-09,2009-01-23,115,Groomed
T152,08-09,2009-01-23,115,Groomed
T156,08-09,2009-01-23,115,Open
T157,08-09,2009-01-23,115,Open
T002,08-09,2009-01-24,116,Groomed
T003,08-09,2009-01-24,116,Open
T004,08-09,2009-01-24,116,Groomed
T005,08-09,2009-01-24,116,Groomed
T006,08-09,2009-01-24,116,Groomed
T007,08-09,2009-01-24,116,Groomed
T008,08-09,2009-01-24,116,Open
T009,08-09,2009-01-24,116,Groomed
T010,08-09,2009-01-24,116,Open
T011,08-09,2009-01-24,116,Groomed
T012,08-09,2009-01-24,116,Groomed
T013,08-09,2009-01-24,116,Groomed
T015,08-09,2009-01-24,116,Open
T016,08-09,2009-01-24,116,Open
T017,08-09,2009-01-24,116,Groomed
T018,08-09,2009-01-24,116,Groomed
T019,08-09,2009-01-24,116,Open
T020,08-09,2009-01-24,116,Open
T021,08-09,2009-01-24,116,Groomed
T022,08-09,2009-01-24,116,Groomed
T023,08-09,2009-01-24,116,Groomed
T024,08-09,2009-01-24,116,Open
T025,08-09,2009-01-24,116,Groomed
T026,08-09,2009-01-24,116,Open
T027,08-09,2009-01-24,116,Groomed
T028,08-09,2009-01-24,116,Groomed
T029,08-09,2009-01-24,116,Open
T030,08-09,2009-01-24,116,Groomed
T031,08-09,2009-01-24,116,Groomed
T032,08-09,2009-01-24,116,Open
T033,08-09,2009-01-24,116,Groomed
T034,08-09,2009-01-24,116,Groomed
T035,08-09,2009-01-24,116,Open
T036,08-09,2009-01-24,116,Groomed
T037,08-09,2009-01-24,116,Open
T038,08-09,2009-01-24,116,Open
T039,08-09,2009-01-24,116,Groomed
T040,08-09,2009-01-24,116,Groomed
T042,08-09,2009-01-24,116,Groomed
T043,08-09,2009-01-24,116,Groomed
T044,08-09,2009-01-24,116,Open
T045,08-09,2009-01-24,116,Open
T046,08-09,2009-01-24,116,Open
T047,08-09,2009-01-24,116,Open
T061,08-09,2009-01-24,116,Groomed
T063,08-09,2009-01-24,116,Groomed
T064,08-09,2009-01-24,116,Groomed
T065,08-09,2009-01-24,116,Groomed
T066,08-09,2009-01-24,116,Groomed
T067,08-09,2009-01-24,116,Groomed
T068,08-09,2009-01-24,116,Open
T069,08-09,2009-01-24,116,Open
T070,08-09,2009-01-24,116,Open
T071,08-09,2009-01-24,116,Open
T072,08-09,2009-01-24,116,Open
T073,08-09,2009-01-24,116,Open
T074,08-09,2009-01-24,116,Open
T075,08-09,2009-01-24,116,Open
T076,08-09,2009-01-24,116,Open
T077,08-09,2009-01-24,116,Groomed
T078,08-09,2009-01-24,116,Groomed
T079,08-09,2009-01-24,116,Groomed
T080,08-09,2009-01-24,116,Open
T081,08-09,2009-01-24,116,Open
T083,08-09,2009-01-24,116,Groomed
T084,08-09,2009-01-24,116,Open
T085,08-09,2009-01-24,116,Open
T086,08-09,2009-01-24,116,Open
T087,08-09,2009-01-24,116,Open
T088,08-09,2009-01-24,116,Open
T089,08-09,2009-01-24,116,Open
T090,08-09,2009-01-24,116,Open
T091,08-09,2009-01-24,116,Open
T092,08-09,2009-01-24,116,Open
T127,08-09,2009-01-24,116,Open
T134,08-09,2009-01-24,116,Open
T135,08-09,2009-01-24,116,Open
T136,08-09,2009-01-24,116,Open
T137,08-09,2009-01-24,116,Open
T148,08-09,2009-01-24,116,Open
T151,08-09,2009-01-24,116,Groomed
T152,08-09,2009-01-24,116,Groomed
T156,08-09,2009-01-24,116,Open
T157,08-09,2009-01-24,116,Open
T002,08-09,2009-01-25,117,Groomed
T003,08-09,2009-01-25,117,Open
T004,08-09,2009-01-25,117,Groomed
T005,08-09,2009-01-25,117,Groomed
T006,08-09,2009-01-25,117,Groomed
T007,08-09,2009-01-25,117,Groomed
T008,08-09,2009-01-25,117,Open
T009,08-09,2009-01-25,117,Groomed
T010,08-09,2009-01-25,117,Open
T011,08-09,2009-01-25,117,Groomed
T012,08-09,2009-01-25,117,Groomed
T013,08-09,2009-01-25,117,Groomed
T015,08-09,2009-01-25,117,Open
T016,08-09,2009-01-25,117,Open
T017,08-09,2009-01-25,117,Open
T018,08-09,2009-01-25,117,Groomed
T019,08-09,2009-01-25,117,Open
T020,08-09,2009-01-25,117,Open
T021,08-09,2009-01-25,117,Groomed
T022,08-09,2009-01-25,117,Groomed
T023,08-09,2009-01-25,117,Groomed
T024,08-09,2009-01-25,117,Open
T025,08-09,2009-01-25,117,Groomed
T026,08-09,2009-01-25,117,Groomed
T027,08-09,2009-01-25,117,Groomed
T028,08-09,2009-01-25,117,Groomed
T029,08-09,2009-01-25,117,Open
T030,08-09,2009-01-25,117,Groomed
T031,08-09,2009-01-25,117,Groomed
T032,08-09,2009-01-25,117,Open
T033,08-09,2009-01-25,117,Groomed
T034,08-09,2009-01-25,117,Groomed
T035,08-09,2009-01-25,117,Open
T036,08-09,2009-01-25,117,Groomed
T037,08-09,2009-01-25,117,Open
T038,08-09,2009-01-25,117,Open
T039,08-09,2009-01-25,117,Groomed
T040,08-09,2009-01-25,117,Groomed
T042,08-09,2009-01-25,117,Open
T043,08-09,2009-01-25,117,Open
T044,08-09,2009-01-25,117,Open
T045,08-09,2009-01-25,117,Open
T046,08-09,2009-01-25,117,Open
T047,08-09,2009-01-25,117,Open
T061,08-09,2009-01-25,117,Groomed
T063,08-09,2009-01-25,117,Groomed
T064,08-09,2009-01-25,117,Groomed
T065,08-09,2009-01-25,117,Groomed
T066,08-09,2009-01-25,117,Groomed
T067,08-09,2009-01-25,117,Groomed
T068,08-09,2009-01-25,117,Open
T069,08-09,2009-01-25,117,Open
T070,08-09,2009-01-25,117,Open
T071,08-09,2009-01-25,117,Open
T072,08-09,2009-01-25,117,Open
T073,08-09,2009-01-25,117,Open
T074,08-09,2009-01-25,117,Open
T075,08-09,2009-01-25,117,Open
T076,08-09,2009-01-25,117,Open
T077,08-09,2009-01-25,117,Groomed
T078,08-09,2009-01-25,117,Groomed
T079,08-09,2009-01-25,117,Groomed
T080,08-09,2009-01-25,117,Open
T081,08-09,2009-01-25,117,Open
T083,08-09,2009-01-25,117,Groomed
T084,08-09,2009-01-25,117,Open
T085,08-09,2009-01-25,117,Open
T086,08-09,2009-01-25,117,Open
T087,08-09,2009-01-25,117,Open
T088,08-09,2009-01-25,117,Open
T089,08-09,2009-01-25,117,Open
T090,08-09,2009-01-25,117,Open
T091,08-09,2009-01-25,117,Open
T092,08-09,2009-01-25,117,Open
T127,08-09,2009-01-25,117,Open
T134,08-09,2009-01-25,117,Open
T135,08-09,2009-01-25,117,Open
T136,08-09,2009-01-25,117,Open
T137,08-09,2009-01-25,117,Open
T148,08-09,2009-01-25,117,Open
T151,08-09,2009-01-25,117,Groomed
T152,08-09,2009-01-25,117,Groomed
T156,08-09,2009-01-25,117,Open
T157,08-09,2009-01-25,117,Open
T002,08-09,2009-01-26,118,Groomed
T003,08-09,2009-01-26,118,Open
T004,08-09,2009-01-26,118,Groomed
T005,08-09,2009-01-26,118,Groomed
T006,08-09,2009-01-26,118,Groomed
T007,08-09,2009-01-26,118,Groomed
T008,08-09,2009-01-26,118,Open
T009,08-09,2009-01-26,118,Groomed
T010,08-09,2009-01-26,118,Open
T011,08-09,2009-01-26,118,Groomed
T012,08-09,2009-01-26,118,Groomed
T013,08-09,2009-01-26,118,Groomed
T015,08-09,2009-01-26,118,Open
T016,08-09,2009-01-26,118,Open
T017,08-09,2009-01-26,118,Groomed
T018,08-09,2009-01-26,118,Groomed
T019,08-09,2009-01-26,118,Open
T020,08-09,2009-01-26,118,Groomed
T021,08-09,2009-01-26,118,Groomed
T022,08-09,2009-01-26,118,Groomed
T023,08-09,2009-01-26,118,Groomed
T024,08-09,2009-01-26,118,Groomed
T025,08-09,2009-01-26,118,Groomed
T026,08-09,2009-01-26,118,Groomed
T027,08-09,2009-01-26,118,Groomed
T028,08-09,2009-01-26,118,Groomed
T029,08-09,2009-01-26,118,Open
T030,08-09,2009-01-26,118,Groomed
T031,08-09,2009-01-26,118,Groomed
T032,08-09,2009-01-26,118,Open
T033,08-09,2009-01-26,118,Groomed
T034,08-09,2009-01-26,118,Groomed
T035,08-09,2009-01-26,118,Open
T036,08-09,2009-01-26,118,Groomed
T037,08-09,2009-01-26,118,Open
T038,08-09,2009-01-26,118,Open
T039,08-09,2009-01-26,118,Groomed
T040,08-09,2009-01-26,118,Groomed
T042,08-09,2009-01-26,118,Open
T043,08-09,2009-01-26,118,Open
T044,08-09,2009-01-26,118,Open
T045,08-09,2009-01-26,118,Open
T046,08-09,2009-01-26,118,Open
T047,08-09,2009-01-26,118,Open
T061,08-09,2009-01-26,118,Groomed
T063,08-09,2009-01-26,118,Groomed
T064,08-09,2009-01-26,118,Groomed
T065,08-09,2009-01-26,118,Groomed
T066,08-09,2009-01-26,118,Groomed
T067,08-09,2009-01-26,118,Groomed
T068,08-09,2009-01-26,118,Open
T069,08-09,2009-01-26,118,Open
T070,08-09,2009-01-26,118,Open
T071,08-09,2009-01-26,118,Open
T072,08-09,2009-01-26,118,Open
T073,08-09,2009-01-26,118,Open
T074,08-09,2009-01-26,118,Open
T075,08-09,2009-01-26,118,Open
T076,08-09,2009-01-26,118,Open
T077,08-09,2009-01-26,118,Groomed
T078,08-09,2009-01-26,118,Groomed
T079,08-09,2009-01-26,118,Groomed
T080,08-09,2009-01-26,118,Open
T081,08-09,2009-01-26,118,Open
T083,08-09,2009-01-26,118,Groomed
T084,08-09,2009-01-26,118,Open
T085,08-09,2009-01-26,118,Open
T086,08-09,2009-01-26,118,Open
T087,08-09,2009-01-26,118,Open
T088,08-09,2009-01-26,118,Open
T089,08-09,2009-01-26,118,Open
T090,08-09,2009-01-26,118,Open
T091,08-09,2009-01-26,118,Open
T092,08-09,2009-01-26,118,Open
T127,08-09,2009-01-26,118,Open
T134,08-09,2009-01-26,118,Open
T135,08-09,2009-01-26,118,Open
T136,08-09,2009-01-26,118,Open
T137,08-09,2009-01-26,118,Open
T148,08-09,2009-01-26,118,Open
T151,08-09,2009-01-26,118,Groomed
T152,08-09,2009-01-26,118,Groomed
T156,08-09,2009-01-26,118,Open
T157,08-09,2009-01-26,118,Open
T002,08-09,2009-01-27,119,Groomed
T003,08-09,2009-01-27,119,Open
T004,08-09,2009-01-27,119,Groomed
T005,08-09,2009-01-27,119,Groomed
T006,08-09,2009-01-27,119,Groomed
T007,08-09,2009-01-27,119,Groomed
T008,08-09,2009-01-27,119,Groomed
T009,08-09,2009-01-27,119,Groomed
T010,08-09,2009-01-27,119,Groomed
T011,08-09,2009-01-27,119,Groomed
T012,08-09,2009-01-27,119,Groomed
T013,08-09,2009-01-27,119,Groomed
T015,08-09,2009-01-27,119,Open
T016,08-09,2009-01-27,119,Open
T017,08-09,2009-01-27,119,Groomed
T018,08-09,2009-01-27,119,Groomed
T019,08-09,2009-01-27,119,Open
T020,08-09,2009-01-27,119,Groomed
T021,08-09,2009-01-27,119,Groomed
T022,08-09,2009-01-27,119,Groomed
T023,08-09,2009-01-27,119,Groomed
T024,08-09,2009-01-27,119,Open
T025,08-09,2009-01-27,119,Groomed
T026,08-09,2009-01-27,119,Open
T027,08-09,2009-01-27,119,Groomed
T028,08-09,2009-01-27,119,Groomed
T029,08-09,2009-01-27,119,Open
T030,08-09,2009-01-27,119,Groomed
T031,08-09,2009-01-27,119,Groomed
T032,08-09,2009-01-27,119,Open
T033,08-09,2009-01-27,119,Groomed
T034,08-09,2009-01-27,119,Groomed
T035,08-09,2009-01-27,119,Open
T036,08-09,2009-01-27,119,Groomed
T037,08-09,2009-01-27,119,Open
T038,08-09,2009-01-27,119,Open
T039,08-09,2009-01-27,119,Groomed
T040,08-09,2009-01-27,119,Groomed
T042,08-09,2009-01-27,119,Open
T043,08-09,2009-01-27,119,Groomed
T044,08-09,2009-01-27,119,Open
T045,08-09,2009-01-27,119,Open
T046,08-09,2009-01-27,119,Open
T047,08-09,2009-01-27,119,Open
T061,08-09,2009-01-27,119,Groomed
T063,08-09,2009-01-27,119,Groomed
T064,08-09,2009-01-27,119,Groomed
T065,08-09,2009-01-27,119,Groomed
T066,08-09,2009-01-27,119,Groomed
T067,08-09,2009-01-27,119,Groomed
T068,08-09,2009-01-27,119,Open
T069,08-09,2009-01-27,119,Open
T070,08-09,2009-01-27,119,Open
T071,08-09,2009-01-27,119,Open
T072,08-09,2009-01-27,119,Open
T073,08-09,2009-01-27,119,Open
T074,08-09,2009-01-27,119,Open
T075,08-09,2009-01-27,119,Open
T076,08-09,2009-01-27,119,Open
T077,08-09,2009-01-27,119,Groomed
T078,08-09,2009-01-27,119,Groomed
T079,08-09,2009-01-27,119,Groomed
T080,08-09,2009-01-27,119,Open
T081,08-09,2009-01-27,119,Open
T083,08-09,2009-01-27,119,Groomed
T084,08-09,2009-01-27,119,Open
T085,08-09,2009-01-27,119,Open
T086,08-09,2009-01-27,119,Open
T087,08-09,2009-01-27,119,Open
T088,08-09,2009-01-27,119,Open
T089,08-09,2009-01-27,119,Open
T090,08-09,2009-01-27,119,Open
T091,08-09,2009-01-27,119,Open
T092,08-09,2009-01-27,119,Open
T127,08-09,2009-01-27,119,Open
T134,08-09,2009-01-27,119,Open
T135,08-09,2009-01-27,119,Open
T136,08-09,2009-01-27,119,Open
T137,08-09,2009-01-27,119,Open
T148,08-09,2009-01-27,119,Open
T151,08-09,2009-01-27,119,Groomed
T152,08-09,2009-01-27,119,Groomed
T156,08-09,2009-01-27,119,Open
T157,08-09,2009-01-27,119,Open
T002,08-09,2009-01-28,120,Groomed
T003,08-09,2009-01-28,120,Open
T004,08-09,2009-01-28,120,Groomed
T005,08-09,2009-01-28,120,Groomed
T006,08-09,2009-01-28,120,Groomed
T007,08-09,2009-01-28,120,Groomed
T008,08-09,2009-01-28,120,Open
T009,08-09,2009-01-28,120,Groomed
T010,08-09,2009-01-28,120,Open
T011,08-09,2009-01-28,120,Groomed
T012,08-09,2009-01-28,120,Groomed
T013,08-09,2009-01-28,120,Groomed
T015,08-09,2009-01-28,120,Open
T016,08-09,2009-01-28,120,Open
T017,08-09,2009-01-28,120,Open
T018,08-09,2009-01-28,120,Groomed
T019,08-09,2009-01-28,120,Open
T020,08-09,2009-01-28,120,Groomed
T021,08-09,2009-01-28,120,Groomed
T022,08-09,2009-01-28,120,Groomed
T023,08-09,2009-01-28,120,Groomed
T024,08-09,2009-01-28,120,Open
T025,08-09,2009-01-28,120,Groomed
T026,08-09,2009-01-28,120,Open
T027,08-09,2009-01-28,120,Groomed
T028,08-09,2009-01-28,120,Groomed
T029,08-09,2009-01-28,120,Open
T030,08-09,2009-01-28,120,Groomed
T031,08-09,2009-01-28,120,Groomed
T032,08-09,2009-01-28,120,Open
T033,08-09,2009-01-28,120,Groomed
T034,08-09,2009-01-28,120,Groomed
T035,08-09,2009-01-28,120,Open
T036,08-09,2009-01-28,120,Groomed
T037,08-09,2009-01-28,120,Open
T038,08-09,2009-01-28,120,Open
T039,08-09,2009-01-28,120,Groomed
T040,08-09,2009-01-28,120,Groomed
T042,08-09,2009-01-28,120,Open
T043,08-09,2009-01-28,120,Open
T044,08-09,2009-01-28,120,Open
T045,08-09,2009-01-28,120,Open
T046,08-09,2009-01-28,120,Open
T047,08-09,2009-01-28,120,Open
T061,08-09,2009-01-28,120,Groomed
T063,08-09,2009-01-28,120,Groomed
T064,08-09,2009-01-28,120,Groomed
T065,08-09,2009-01-28,120,Groomed
T066,08-09,2009-01-28,120,Open
T067,08-09,2009-01-28,120,Groomed
T068,08-09,2009-01-28,120,Open
T069,08-09,2009-01-28,120,Open
T070,08-09,2009-01-28,120,Open
T071,08-09,2009-01-28,120,Open
T072,08-09,2009-01-28,120,Open
T073,08-09,2009-01-28,120,Open
T074,08-09,2009-01-28,120,Open
T075,08-09,2009-01-28,120,Open
T076,08-09,2009-01-28,120,Open
T077,08-09,2009-01-28,120,Groomed
T078,08-09,2009-01-28,120,Groomed
T079,08-09,2009-01-28,120,Groomed
T080,08-09,2009-01-28,120,Open
T081,08-09,2009-01-28,120,Open
T083,08-09,2009-01-28,120,Groomed
T084,08-09,2009-01-28,120,Open
T085,08-09,2009-01-28,120,Open
T086,08-09,2009-01-28,120,Open
T087,08-09,2009-01-28,120,Open
T088,08-09,2009-01-28,120,Open
T089,08-09,2009-01-28,120,Open
T090,08-09,2009-01-28,120,Open
T091,08-09,2009-01-28,120,Open
T092,08-09,2009-01-28,120,Open
T127,08-09,2009-01-28,120,Open
T134,08-09,2009-01-28,120,Open
T135,08-09,2009-01-28,120,Open
T136,08-09,2009-01-28,120,Open
T137,08-09,2009-01-28,120,Open
T148,08-09,2009-01-28,120,Open
T151,08-09,2009-01-28,120,Groomed
T152,08-09,2009-01-28,120,Groomed
T156,08-09,2009-01-28,120,Open
T157,08-09,2009-01-28,120,Open
T002,08-09,2009-01-29,121,Groomed
T003,08-09,2009-01-29,121,Open
T004,08-09,2009-01-29,121,Groomed
T005,08-09,2009-01-29,121,Groomed
T006,08-09,2009-01-29,121,Groomed
T007,08-09,2009-01-29,121,Groomed
T008,08-09,2009-01-29,121,Open
T009,08-09,2009-01-29,121,Groomed
T010,08-09,2009-01-29,121,Open
T011,08-09,2009-01-29,121,Groomed
T012,08-09,2009-01-29,121,Groomed
T013,08-09,2009-01-29,121,Groomed
T015,08-09,2009-01-29,121,Open
T016,08-09,2009-01-29,121,Open
T017,08-09,2009-01-29,121,Open
T018,08-09,2009-01-29,121,Groomed
T019,08-09,2009-01-29,121,Open
T020,08-09,2009-01-29,121,Groomed
T021,08-09,2009-01-29,121,Groomed
T022,08-09,2009-01-29,121,Groomed
T023,08-09,2009-01-29,121,Groomed
T024,08-09,2009-01-29,121,Open
T025,08-09,2009-01-29,121,Groomed
T026,08-09,2009-01-29,121,Groomed
T027,08-09,2009-01-29,121,Groomed
T028,08-09,2009-01-29,121,Groomed
T029,08-09,2009-01-29,121,Open
T030,08-09,2009-01-29,121,Groomed
T031,08-09,2009-01-29,121,Groomed
T032,08-09,2009-01-29,121,Open
T033,08-09,2009-01-29,121,Groomed
T034,08-09,2009-01-29,121,Groomed
T035,08-09,2009-01-29,121,Open
T036,08-09,2009-01-29,121,Groomed
T037,08-09,2009-01-29,121,Open
T038,08-09,2009-01-29,121,Groomed
T039,08-09,2009-01-29,121,Groomed
T040,08-09,2009-01-29,121,Groomed
T042,08-09,2009-01-29,121,Open
T043,08-09,2009-01-29,121,Open
T044,08-09,2009-01-29,121,Open
T045,08-09,2009-01-29,121,Open
T046,08-09,2009-01-29,121,Open
T047,08-09,2009-01-29,121,Open
T061,08-09,2009-01-29,121,Groomed
T063,08-09,2009-01-29,121,Groomed
T064,08-09,2009-01-29,121,Groomed
T065,08-09,2009-01-29,121,Groomed
T066,08-09,2009-01-29,121,Groomed
T067,08-09,2009-01-29,121,Groomed
T068,08-09,2009-01-29,121,Open
T069,08-09,2009-01-29,121,Open
T070,08-09,2009-01-29,121,Open
T071,08-09,2009-01-29,121,Open
T072,08-09,2009-01-29,121,Open
T073,08-09,2009-01-29,121,Open
T074,08-09,2009-01-29,121,Groomed
T075,08-09,2009-01-29,121,Open
T076,08-09,2009-01-29,121,Open
T077,08-09,2009-01-29,121,Groomed
T078,08-09,2009-01-29,121,Groomed
T079,08-09,2009-01-29,121,Groomed
T080,08-09,2009-01-29,121,Open
T081,08-09,2009-01-29,121,Open
T083,08-09,2009-01-29,121,Groomed
T084,08-09,2009-01-29,121,Open
T085,08-09,2009-01-29,121,Open
T086,08-09,2009-01-29,121,Open
T087,08-09,2009-01-29,121,Open
T088,08-09,2009-01-29,121,Open
T089,08-09,2009-01-29,121,Open
T090,08-09,2009-01-29,121,Open
T091,08-09,2009-01-29,121,Open
T092,08-09,2009-01-29,121,Open
T127,08-09,2009-01-29,121,Open
T134,08-09,2009-01-29,121,Open
T135,08-09,2009-01-29,121,Open
T136,08-09,2009-01-29,121,Open
T137,08-09,2009-01-29,121,Open
T148,08-09,2009-01-29,121,Open
T151,08-09,2009-01-29,121,Groomed
T152,08-09,2009-01-29,121,Groomed
T156,08-09,2009-01-29,121,Open
T157,08-09,2009-01-29,121,Open
T002,08-09,2009-01-30,122,Groomed
T003,08-09,2009-01-30,122,Open
T004,08-09,2009-01-30,122,Groomed
T005,08-09,2009-01-30,122,Groomed
T006,08-09,2009-01-30,122,Groomed
T007,08-09,2009-01-30,122,Groomed
T008,08-09,2009-01-30,122,Open
T009,08-09,2009-01-30,122,Groomed
T010,08-09,2009-01-30,122,Open
T011,08-09,2009-01-30,122,Groomed
T012,08-09,2009-01-30,122,Groomed
T013,08-09,2009-01-30,122,Groomed
T015,08-09,2009-01-30,122,Open
T016,08-09,2009-01-30,122,Open
T017,08-09,2009-01-30,122,Open
T018,08-09,2009-01-30,122,Groomed
T019,08-09,2009-01-30,122,Open
T020,08-09,2009-01-30,122,Groomed
T021,08-09,2009-01-30,122,Groomed
T022,08-09,2009-01-30,122,Groomed
T023,08-09,2009-01-30,122,Groomed
T024,08-09,2009-01-30,122,Open
T025,08-09,2009-01-30,122,Groomed
T026,08-09,2009-01-30,122,Open
T027,08-09,2009-01-30,122,Groomed
T028,08-09,2009-01-30,122,Groomed
T029,08-09,2009-01-30,122,Open
T030,08-09,2009-01-30,122,Groomed
T031,08-09,2009-01-30,122,Groomed
T032,08-09,2009-01-30,122,Open
T033,08-09,2009-01-30,122,Groomed
T034,08-09,2009-01-30,122,Groomed
T035,08-09,2009-01-30,122,Open
T036,08-09,2009-01-30,122,Groomed
T037,08-09,2009-01-30,122,Open
T038,08-09,2009-01-30,122,Open
T039,08-09,2009-01-30,122,Groomed
T040,08-09,2009-01-30,122,Groomed
T042,08-09,2009-01-30,122,Groomed
T043,08-09,2009-01-30,122,Groomed
T044,08-09,2009-01-30,122,Open
T045,08-09,2009-01-30,122,Open
T046,08-09,2009-01-30,122,Open
T047,08-09,2009-01-30,122,Open
T061,08-09,2009-01-30,122,Groomed
T063,08-09,2009-01-30,122,Groomed
T064,08-09,2009-01-30,122,Groomed
T065,08-09,2009-01-30,122,Groomed
T066,08-09,2009-01-30,122,Groomed
T067,08-09,2009-01-30,122,Groomed
T068,08-09,2009-01-30,122,Open
T069,08-09,2009-01-30,122,Open
T070,08-09,2009-01-30,122,Open
T071,08-09,2009-01-30,122,Open
T072,08-09,2009-01-30,122,Open
T073,08-09,2009-01-30,122,Open
T074,08-09,2009-01-30,122,Groomed
T075,08-09,2009-01-30,122,Open
T076,08-09,2009-01-30,122,Open
T077,08-09,2009-01-30,122,Groomed
T078,08-09,2009-01-30,122,Groomed
T079,08-09,2009-01-30,122,Groomed
T080,08-09,2009-01-30,122,Open
T081,08-09,2009-01-30,122,Open
T083,08-09,2009-01-30,122,Groomed
T084,08-09,2009-01-30,122,Open
T085,08-09,2009-01-30,122,Open
T086,08-09,2009-01-30,122,Open
T087,08-09,2009-01-30,122,Open
T088,08-09,2009-01-30,122,Open
T089,08-09,2009-01-30,122,Open
T090,08-09,2009-01-30,122,Open
T091,08-09,2009-01-30,122,Open
T092,08-09,2009-01-30,122,Open
T127,08-09,2009-01-30,122,Open
T134,08-09,2009-01-30,122,Open
T135,08-09,2009-01-30,122,Open
T136,08-09,2009-01-30,122,Open
T137,08-09,2009-01-30,122,Open
T148,08-09,2009-01-30,122,Open
T151,08-09,2009-01-30,122,Groomed
T152,08-09,2009-01-30,122,Groomed
T156,08-09,2009-01-30,122,Open
T157,08-09,2009-01-30,122,Open
T002,08-09,2009-01-31,123,Groomed
T003,08-09,2009-01-31,123,Open
T004,08-09,2009-01-31,123,Groomed
T005,08-09,2009-01-31,123,Groomed
T006,08-09,2009-01-31,123,Groomed
T007,08-09,2009-01-31,123,Groomed
T008,08-09,2009-01-31,123,Open
T009,08-09,2009-01-31,123,Groomed
T010,08-09,2009-01-31,123,Open
T011,08-09,2009-01-31,123,Groomed
T012,08-09,2009-01-31,123,Groomed
T013,08-09,2009-01-31,123,Groomed
T015,08-09,2009-01-31,123,Open
T016,08-09,2009-01-31,123,Open
T017,08-09,2009-01-31,123,Open
T018,08-09,2009-01-31,123,Groomed
T019,08-09,2009-01-31,123,Open
T020,08-09,2009-01-31,123,Groomed
T021,08-09,2009-01-31,123,Groomed
T022,08-09,2009-01-31,123,Groomed
T023,08-09,2009-01-31,123,Groomed
T024,08-09,2009-01-31,123,Open
T025,08-09,2009-01-31,123,Groomed
T026,08-09,2009-01-31,123,Open
T027,08-09,2009-01-31,123,Groomed
T028,08-09,2009-01-31,123,Groomed
T029,08-09,2009-01-31,123,Open
T030,08-09,2009-01-31,123,Groomed
T031,08-09,2009-01-31,123,Groomed
T032,08-09,2009-01-31,123,Open
T033,08-09,2009-01-31,123,Groomed
T034,08-09,2009-01-31,123,Groomed
T035,08-09,2009-01-31,123,Open
T036,08-09,2009-01-31,123,Groomed
T037,08-09,2009-01-31,123,Open
T038,08-09,2009-01-31,123,Open
T039,08-09,2009-01-31,123,Groomed
T040,08-09,2009-01-31,123,Groomed
T042,08-09,2009-01-31,123,Open
T043,08-09,2009-01-31,123,Groomed
T044,08-09,2009-01-31,123,Open
T045,08-09,2009-01-31,123,Open
T046,08-09,2009-01-31,123,Open
T047,08-09,2009-01-31,123,Open
T061,08-09,2009-01-31,123,Groomed
T063,08-09,2009-01-31,123,Groomed
T064,08-09,2009-01-31,123,Groomed
T065,08-09,2009-01-31,123,Groomed
T066,08-09,2009-01-31,123,Groomed
T067,08-09,2009-01-31,123,Groomed
T068,08-09,2009-01-31,123,Open
T069,08-09,2009-01-31,123,Open
T070,08-09,2009-01-31,123,Open
T071,08-09,2009-01-31,123,Open
T072,08-09,2009-01-31,123,Open
T073,08-09,2009-01-31,123,Open
T074,08-09,2009-01-31,123,Groomed
T075,08-09,2009-01-31,123,Open
T076,08-09,2009-01-31,123,Open
T077,08-09,2009-01-31,123,Groomed
T078,08-09,2009-01-31,123,Groomed
T079,08-09,2009-01-31,123,Groomed
T080,08-09,2009-01-31,123,Open
T081,08-09,2009-01-31,123,Open
T083,08-09,2009-01-31,123,Groomed
T084,08-09,2009-01-31,123,Open
T085,08-09,2009-01-31,123,Open
T086,08-09,2009-01-31,123,Open
T087,08-09,2009-01-31,123,Open
T088,08-09,2009-01-31,123,Open
T089,08-09,2009-01-31,123,Open
T090,08-09,2009-01-31,123,Open
T091,08-09,2009-01-31,123,Open
T092,08-09,2009-01-31,123,Open
T127,08-09,2009-01-31,123,Open
T134,08-09,2009-01-31,123,Open
T135,08-09,2009-01-31,123,Open
T136,08-09,2009-01-31,123,Open
T137,08-09,2009-01-31,123,Open
T148,08-09,2009-01-31,123,Open
T151,08-09,2009-01-31,123,Groomed
T152,08-09,2009-01-31,123,Groomed
T156,08-09,2009-01-31,123,Open
T157,08-09,2009-01-31,123,Open
T002,08-09,2009-02-01,124,Groomed
T003,08-09,2009-02-01,124,Open
T004,08-09,2009-02-01,124,Groomed
T005,08-09,2009-02-01,124,Groomed
T006,08-09,2009-02-01,124,Open
T007,08-09,2009-02-01,124,Groomed
T008,08-09,2009-02-01,124,Groomed
T009,08-09,2009-02-01,124,Groomed
T010,08-09,2009-02-01,124,Open
T011,08-09,2009-02-01,124,Groomed
T012,08-09,2009-02-01,124,Groomed
T013,08-09,2009-02-01,124,Groomed
T015,08-09,2009-02-01,124,Open
T016,08-09,2009-02-01,124,Open
T017,08-09,2009-02-01,124,Open
T018,08-09,2009-02-01,124,Open
T019,08-09,2009-02-01,124,Open
T020,08-09,2009-02-01,124,Groomed
T021,08-09,2009-02-01,124,Groomed
T022,08-09,2009-02-01,124,Groomed
T023,08-09,2009-02-01,124,Groomed
T024,08-09,2009-02-01,124,Open
T025,08-09,2009-02-01,124,Groomed
T026,08-09,2009-02-01,124,Open
T027,08-09,2009-02-01,124,Groomed
T028,08-09,2009-02-01,124,Groomed
T029,08-09,2009-02-01,124,Open
T030,08-09,2009-02-01,124,Groomed
T031,08-09,2009-02-01,124,Groomed
T032,08-09,2009-02-01,124,Open
T033,08-09,2009-02-01,124,Groomed
T034,08-09,2009-02-01,124,Groomed
T035,08-09,2009-02-01,124,Open
T036,08-09,2009-02-01,124,Groomed
T037,08-09,2009-02-01,124,Open
T038,08-09,2009-02-01,124,Open
T039,08-09,2009-02-01,124,Groomed
T040,08-09,2009-02-01,124,Groomed
T042,08-09,2009-02-01,124,Open
T043,08-09,2009-02-01,124,Groomed
T044,08-09,2009-02-01,124,Open
T045,08-09,2009-02-01,124,Open
T046,08-09,2009-02-01,124,Open
T047,08-09,2009-02-01,124,Open
T061,08-09,2009-02-01,124,Groomed
T063,08-09,2009-02-01,124,Groomed
T064,08-09,2009-02-01,124,Groomed
T065,08-09,2009-02-01,124,Groomed
T066,08-09,2009-02-01,124,Groomed
T067,08-09,2009-02-01,124,Groomed
T068,08-09,2009-02-01,124,Open
T069,08-09,2009-02-01,124,Open
T070,08-09,2009-02-01,124,Open
T071,08-09,2009-02-01,124,Open
T072,08-09,2009-02-01,124,Open
T073,08-09,2009-02-01,124,Open
T074,08-09,2009-02-01,124,Open
T075,08-09,2009-02-01,124,Open
T076,08-09,2009-02-01,124,Open
T077,08-09,2009-02-01,124,Groomed
T078,08-09,2009-02-01,124,Groomed
T079,08-09,2009-02-01,124,Groomed
T080,08-09,2009-02-01,124,Open
T081,08-09,2009-02-01,124,Open
T083,08-09,2009-02-01,124,Groomed
T084,08-09,2009-02-01,124,Open
T085,08-09,2009-02-01,124,Open
T086,08-09,2009-02-01,124,Open
T087,08-09,2009-02-01,124,Open
T088,08-09,2009-02-01,124,Open
T089,08-09,2009-02-01,124,Open
T090,08-09,2009-02-01,124,Open
T091,08-09,2009-02-01,124,Open
T092,08-09,2009-02-01,124,Open
T127,08-09,2009-02-01,124,Open
T134,08-09,2009-02-01,124,Open
T135,08-09,2009-02-01,124,Open
T136,08-09,2009-02-01,124,Open
T137,08-09,2009-02-01,124,Open
T148,08-09,2009-02-01,124,Open
T151,08-09,2009-02-01,124,Groomed
T152,08-09,2009-02-01,124,Groomed
T156,08-09,2009-02-01,124,Open
T157,08-09,2009-02-01,124,Open
T002,08-09,2009-02-02,125,Groomed
T003,08-09,2009-02-02,125,Open
T004,08-09,2009-02-02,125,Groomed
T005,08-09,2009-02-02,125,Groomed
T006,08-09,2009-02-02,125,Open
T007,08-09,2009-02-02,125,Groomed
T008,08-09,2009-02-02,125,Open
T009,08-09,2009-02-02,125,Groomed
T010,08-09,2009-02-02,125,Open
T011,08-09,2009-02-02,125,Groomed
T012,08-09,2009-02-02,125,Groomed
T013,08-09,2009-02-02,125,Groomed
T015,08-09,2009-02-02,125,Open
T016,08-09,2009-02-02,125,Open
T017,08-09,2009-02-02,125,Open
T018,08-09,2009-02-02,125,Open
T019,08-09,2009-02-02,125,Open
T020,08-09,2009-02-02,125,Groomed
T021,08-09,2009-02-02,125,Groomed
T022,08-09,2009-02-02,125,Groomed
T023,08-09,2009-02-02,125,Groomed
T024,08-09,2009-02-02,125,Open
T025,08-09,2009-02-02,125,Groomed
T026,08-09,2009-02-02,125,Open
T027,08-09,2009-02-02,125,Groomed
T028,08-09,2009-02-02,125,Groomed
T029,08-09,2009-02-02,125,Open
T030,08-09,2009-02-02,125,Groomed
T031,08-09,2009-02-02,125,Groomed
T032,08-09,2009-02-02,125,Open
T033,08-09,2009-02-02,125,Open
T034,08-09,2009-02-02,125,Groomed
T035,08-09,2009-02-02,125,Open
T036,08-09,2009-02-02,125,Groomed
T037,08-09,2009-02-02,125,Open
T038,08-09,2009-02-02,125,Open
T039,08-09,2009-02-02,125,Open
T040,08-09,2009-02-02,125,Groomed
T042,08-09,2009-02-02,125,Open
T043,08-09,2009-02-02,125,Open
T044,08-09,2009-02-02,125,Open
T045,08-09,2009-02-02,125,Open
T046,08-09,2009-02-02,125,Open
T047,08-09,2009-02-02,125,Open
T061,08-09,2009-02-02,125,Groomed
T063,08-09,2009-02-02,125,Groomed
T064,08-09,2009-02-02,125,Groomed
T065,08-09,2009-02-02,125,Groomed
T066,08-09,2009-02-02,125,Groomed
T067,08-09,2009-02-02,125,Groomed
T068,08-09,2009-02-02,125,Open
T069,08-09,2009-02-02,125,Open
T070,08-09,2009-02-02,125,Open
T071,08-09,2009-02-02,125,Open
T072,08-09,2009-02-02,125,Open
T073,08-09,2009-02-02,125,Open
T074,08-09,2009-02-02,125,Open
T075,08-09,2009-02-02,125,Open
T076,08-09,2009-02-02,125,Open
T077,08-09,2009-02-02,125,Groomed
T078,08-09,2009-02-02,125,Groomed
T079,08-09,2009-02-02,125,Groomed
T080,08-09,2009-02-02,125,Open
T081,08-09,2009-02-02,125,Open
T083,08-09,2009-02-02,125,Groomed
T084,08-09,2009-02-02,125,Open
T085,08-09,2009-02-02,125,Open
T086,08-09,2009-02-02,125,Open
T087,08-09,2009-02-02,125,Open
T088,08-09,2009-02-02,125,Open
T089,08-09,2009-02-02,125,Open
T090,08-09,2009-02-02,125,Open
T091,08-09,2009-02-02,125,Open
T092,08-09,2009-02-02,125,Open
T127,08-09,2009-02-02,125,Open
T134,08-09,2009-02-02,125,Open
T135,08-09,2009-02-02,125,Open
T136,08-09,2009-02-02,125,Open
T137,08-09,2009-02-02,125,Open
T148,08-09,2009-02-02,125,Open
T151,08-09,2009-02-02,125,Groomed
T152,08-09,2009-02-02,125,Groomed
T156,08-09,2009-02-02,125,Open
T157,08-09,2009-02-02,125,Open
T002,08-09,2009-02-03,126,Groomed
T003,08-09,2009-02-03,126,Open
T004,08-09,2009-02-03,126,Groomed
T005,08-09,2009-02-03,126,Groomed
T006,08-09,2009-02-03,126,Open
T007,08-09,2009-02-03,126,Groomed
T008,08-09,2009-02-03,126,Open
T009,08-09,2009-02-03,126,Groomed
T010,08-09,2009-02-03,126,Open
T011,08-09,2009-02-03,126,Groomed
T012,08-09,2009-02-03,126,Groomed
T013,08-09,2009-02-03,126,Groomed
T015,08-09,2009-02-03,126,Open
T016,08-09,2009-02-03,126,Open
T017,08-09,2009-02-03,126,Open
T018,08-09,2009-02-03,126,Groomed
T019,08-09,2009-02-03,126,Open
T020,08-09,2009-02-03,126,Groomed
T021,08-09,2009-02-03,126,Groomed
T022,08-09,2009-02-03,126,Groomed
T023,08-09,2009-02-03,126,Groomed
T024,08-09,2009-02-03,126,Open
T025,08-09,2009-02-03,126,Groomed
T026,08-09,2009-02-03,126,Open
T027,08-09,2009-02-03,126,Groomed
T028,08-09,2009-02-03,126,Groomed
T029,08-09,2009-02-03,126,Open
T030,08-09,2009-02-03,126,Groomed
T031,08-09,2009-02-03,126,Groomed
T032,08-09,2009-02-03,126,Open
T033,08-09,2009-02-03,126,Open
T034,08-09,2009-02-03,126,Groomed
T035,08-09,2009-02-03,126,Groomed
T036,08-09,2009-02-03,126,Groomed
T037,08-09,2009-02-03,126,Open
T038,08-09,2009-02-03,126,Groomed
T039,08-09,2009-02-03,126,Groomed
T040,08-09,2009-02-03,126,Groomed
T042,08-09,2009-02-03,126,Open
T043,08-09,2009-02-03,126,Open
T044,08-09,2009-02-03,126,Open
T045,08-09,2009-02-03,126,Open
T046,08-09,2009-02-03,126,Open
T047,08-09,2009-02-03,126,Open
T061,08-09,2009-02-03,126,Groomed
T063,08-09,2009-02-03,126,Groomed
T064,08-09,2009-02-03,126,Groomed
T065,08-09,2009-02-03,126,Groomed
T066,08-09,2009-02-03,126,Open
T067,08-09,2009-02-03,126,Groomed
T068,08-09,2009-02-03,126,Open
T069,08-09,2009-02-03,126,Open
T070,08-09,2009-02-03,126,Open
T071,08-09,2009-02-03,126,Open
T072,08-09,2009-02-03,126,Open
T073,08-09,2009-02-03,126,Open
T074,08-09,2009-02-03,126,Groomed
T075,08-09,2009-02-03,126,Open
T076,08-09,2009-02-03,126,Open
T077,08-09,2009-02-03,126,Groomed
T078,08-09,2009-02-03,126,Groomed
T079,08-09,2009-02-03,126,Groomed
T080,08-09,2009-02-03,126,Open
T081,08-09,2009-02-03,126,Open
T083,08-09,2009-02-03,126,Groomed
T084,08-09,2009-02-03,126,Open
T085,08-09,2009-02-03,126,Open
T086,08-09,2009-02-03,126,Open
T087,08-09,2009-02-03,126,Open
T088,08-09,2009-02-03,126,Open
T089,08-09,2009-02-03,126,Open
T090,08-09,2009-02-03,126,Open
T091,08-09,2009-02-03,126,Open
T092,08-09,2009-02-03,126,Open
T127,08-09,2009-02-03,126,Open
T134,08-09,2009-02-03,126,Open
T135,08-09,2009-02-03,126,Open
T136,08-09,2009-02-03,126,Open
T137,08-09,2009-02-03,126,Open
T148,08-09,2009-02-03,126,Open
T151,08-09,2009-02-03,126,Groomed
T152,08-09,2009-02-03,126,Groomed
T156,08-09,2009-02-03,126,Open
T157,08-09,2009-02-03,126,Open
T002,08-09,2009-02-04,127,Groomed
T003,08-09,2009-02-04,127,Open
T004,08-09,2009-02-04,127,Groomed
T005,08-09,2009-02-04,127,Groomed
T006,08-09,2009-02-04,127,Open
T007,08-09,2009-02-04,127,Groomed
T008,08-09,2009-02-04,127,Open
T009,08-09,2009-02-04,127,Groomed
T010,08-09,2009-02-04,127,Open
T011,08-09,2009-02-04,127,Groomed
T012,08-09,2009-02-04,127,Groomed
T013,08-09,2009-02-04,127,Groomed
T015,08-09,2009-02-04,127,Open
T016,08-09,2009-02-04,127,Open
T017,08-09,2009-02-04,127,Groomed
T018,08-09,2009-02-04,127,Groomed
T019,08-09,2009-02-04,127,Open
T020,08-09,2009-02-04,127,Groomed
T021,08-09,2009-02-04,127,Groomed
T022,08-09,2009-02-04,127,Groomed
T023,08-09,2009-02-04,127,Groomed
T024,08-09,2009-02-04,127,Open
T025,08-09,2009-02-04,127,Groomed
T026,08-09,2009-02-04,127,Open
T027,08-09,2009-02-04,127,Groomed
T028,08-09,2009-02-04,127,Groomed
T029,08-09,2009-02-04,127,Open
T030,08-09,2009-02-04,127,Groomed
T031,08-09,2009-02-04,127,Groomed
T032,08-09,2009-02-04,127,Open
T033,08-09,2009-02-04,127,Groomed
T034,08-09,2009-02-04,127,Groomed
T035,08-09,2009-02-04,127,Open
T036,08-09,2009-02-04,127,Groomed
T037,08-09,2009-02-04,127,Open
T038,08-09,2009-02-04,127,Open
T039,08-09,2009-02-04,127,Groomed
T040,08-09,2009-02-04,127,Groomed
T042,08-09,2009-02-04,127,Open
T043,08-09,2009-02-04,127,Groomed
T044,08-09,2009-02-04,127,Open
T045,08-09,2009-02-04,127,Open
T046,08-09,2009-02-04,127,Open
T047,08-09,2009-02-04,127,Open
T061,08-09,2009-02-04,127,Groomed
T063,08-09,2009-02-04,127,Groomed
T064,08-09,2009-02-04,127,Groomed
T065,08-09,2009-02-04,127,Groomed
T066,08-09,2009-02-04,127,Open
T067,08-09,2009-02-04,127,Groomed
T068,08-09,2009-02-04,127,Open
T069,08-09,2009-02-04,127,Open
T070,08-09,2009-02-04,127,Open
T071,08-09,2009-02-04,127,Open
T072,08-09,2009-02-04,127,Open
T073,08-09,2009-02-04,127,Open
T074,08-09,2009-02-04,127,Open
T075,08-09,2009-02-04,127,Open
T076,08-09,2009-02-04,127,Open
T077,08-09,2009-02-04,127,Groomed
T078,08-09,2009-02-04,127,Open
T079,08-09,2009-02-04,127,Groomed
T080,08-09,2009-02-04,127,Open
T081,08-09,2009-02-04,127,Open
T083,08-09,2009-02-04,127,Open
T084,08-09,2009-02-04,127,Open
T085,08-09,2009-02-04,127,Open
T086,08-09,2009-02-04,127,Open
T087,08-09,2009-02-04,127,Open
T088,08-09,2009-02-04,127,Open
T089,08-09,2009-02-04,127,Open
T090,08-09,2009-02-04,127,Open
T091,08-09,2009-02-04,127,Open
T092,08-09,2009-02-04,127,Open
T127,08-09,2009-02-04,127,Open
T134,08-09,2009-02-04,127,Open
T135,08-09,2009-02-04,127,Open
T136,08-09,2009-02-04,127,Open
T137,08-09,2009-02-04,127,Open
T148,08-09,2009-02-04,127,Open
T151,08-09,2009-02-04,127,Groomed
T152,08-09,2009-02-04,127,Groomed
T156,08-09,2009-02-04,127,Open
T157,08-09,2009-02-04,127,Open
T002,08-09,2009-02-05,128,Groomed
T003,08-09,2009-02-05,128,Open
T004,08-09,2009-02-05,128,Groomed
T005,08-09,2009-02-05,128,Groomed
T006,08-09,2009-02-05,128,Groomed
T007,08-09,2009-02-05,128,Groomed
T008,08-09,2009-02-05,128,Open
T009,08-09,2009-02-05,128,Groomed
T010,08-09,2009-02-05,128,Open
T011,08-09,2009-02-05,128,Groomed
T012,08-09,2009-02-05,128,Groomed
T013,08-09,2009-02-05,128,Groomed
T015,08-09,2009-02-05,128,Open
T016,08-09,2009-02-05,128,Open
T017,08-09,2009-02-05,128,Groomed
T018,08-09,2009-02-05,128,Open
T019,08-09,2009-02-05,128,Open
T020,08-09,2009-02-05,128,Groomed
T021,08-09,2009-02-05,128,Groomed
T022,08-09,2009-02-05,128,Groomed
T023,08-09,2009-02-05,128,Groomed
T024,08-09,2009-02-05,128,Open
T025,08-09,2009-02-05,128,Groomed
T026,08-09,2009-02-05,128,Open
T027,08-09,2009-02-05,128,Groomed
T028,08-09,2009-02-05,128,Groomed
T029,08-09,2009-02-05,128,Open
T030,08-09,2009-02-05,128,Groomed
T031,08-09,2009-02-05,128,Groomed
T032,08-09,2009-02-05,128,Open
T033,08-09,2009-02-05,128,Groomed
T034,08-09,2009-02-05,128,Groomed
T035,08-09,2009-02-05,128,Open
T036,08-09,2009-02-05,128,Groomed
T037,08-09,2009-02-05,128,Open
T038,08-09,2009-02-05,128,Open
T039,08-09,2009-02-05,128,Groomed
T040,08-09,2009-02-05,128,Groomed
T042,08-09,2009-02-05,128,Open
T043,08-09,2009-02-05,128,Open
T044,08-09,2009-02-05,128,Open
T045,08-09,2009-02-05,128,Open
T046,08-09,2009-02-05,128,Open
T047,08-09,2009-02-05,128,Open
T061,08-09,2009-02-05,128,Groomed
T063,08-09,2009-02-05,128,Groomed
T064,08-09,2009-02-05,128,Groomed
T065,08-09,2009-02-05,128,Groomed
T066,08-09,2009-02-05,128,Groomed
T067,08-09,2009-02-05,128,Groomed
T068,08-09,2009-02-05,128,Open
T069,08-09,2009-02-05,128,Open
T070,08-09,2009-02-05,128,Open
T071,08-09,2009-02-05,128,Open
T072,08-09,2009-02-05,128,Open
T073,08-09,2009-02-05,128,Open
T074,08-09,2009-02-05,128,Open
T075,08-09,2009-02-05,128,Open
T076,08-09,2009-02-05,128,Open
T077,08-09,2009-02-05,128,Groomed
T078,08-09,2009-02-05,128,Groomed
T079,08-09,2009-02-05,128,Groomed
T080,08-09,2009-02-05,128,Open
T081,08-09,2009-02-05,128,Open
T083,08-09,2009-02-05,128,Groomed
T084,08-09,2009-02-05,128,Open
T085,08-09,2009-02-05,128,Open
T086,08-09,2009-02-05,128,Open
T087,08-09,2009-02-05,128,Open
T088,08-09,2009-02-05,128,Open
T089,08-09,2009-02-05,128,Open
T090,08-09,2009-02-05,128,Open
T091,08-09,2009-02-05,128,Open
T092,08-09,2009-02-05,128,Open
T127,08-09,2009-02-05,128,Open
T134,08-09,2009-02-05,128,Open
T135,08-09,2009-02-05,128,Open
T136,08-09,2009-02-05,128,Open
T137,08-09,2009-02-05,128,Open
T148,08-09,2009-02-05,128,Open
T151,08-09,2009-02-05,128,Groomed
T152,08-09,2009-02-05,128,Groomed
T156,08-09,2009-02-05,128,Open
T157,08-09,2009-02-05,128,Open
T002,08-09,2009-02-06,129,Groomed
T003,08-09,2009-02-06,129,Open
T004,08-09,2009-02-06,129,Groomed
T005,08-09,2009-02-06,129,Groomed
T006,08-09,2009-02-06,129,Groomed
T007,08-09,2009-02-06,129,Groomed
T008,08-09,2009-02-06,129,Open
T009,08-09,2009-02-06,129,Groomed
T010,08-09,2009-02-06,129,Open
T011,08-09,2009-02-06,129,Groomed
T012,08-09,2009-02-06,129,Groomed
T013,08-09,2009-02-06,129,Groomed
T015,08-09,2009-02-06,129,Open
T016,08-09,2009-02-06,129,Open
T017,08-09,2009-02-06,129,Open
T018,08-09,2009-02-06,129,Groomed
T019,08-09,2009-02-06,129,Open
T020,08-09,2009-02-06,129,Groomed
T021,08-09,2009-02-06,129,Groomed
T022,08-09,2009-02-06,129,Groomed
T023,08-09,2009-02-06,129,Groomed
T024,08-09,2009-02-06,129,Open
T025,08-09,2009-02-06,129,Groomed
T026,08-09,2009-02-06,129,Groomed
T027,08-09,2009-02-06,129,Groomed
T028,08-09,2009-02-06,129,Groomed
T029,08-09,2009-02-06,129,Open
T030,08-09,2009-02-06,129,Groomed
T031,08-09,2009-02-06,129,Groomed
T032,08-09,2009-02-06,129,Open
T033,08-09,2009-02-06,129,Groomed
T034,08-09,2009-02-06,129,Groomed
T035,08-09,2009-02-06,129,Open
T036,08-09,2009-02-06,129,Groomed
T037,08-09,2009-02-06,129,Open
T038,08-09,2009-02-06,129,Open
T039,08-09,2009-02-06,129,Groomed
T040,08-09,2009-02-06,129,Groomed
T042,08-09,2009-02-06,129,Open
T043,08-09,2009-02-06,129,Groomed
T044,08-09,2009-02-06,129,Open
T045,08-09,2009-02-06,129,Open
T046,08-09,2009-02-06,129,Open
T047,08-09,2009-02-06,129,Open
T061,08-09,2009-02-06,129,Groomed
T063,08-09,2009-02-06,129,Groomed
T064,08-09,2009-02-06,129,Groomed
T065,08-09,2009-02-06,129,Groomed
T066,08-09,2009-02-06,129,Open
T067,08-09,2009-02-06,129,Groomed
T068,08-09,2009-02-06,129,Open
T069,08-09,2009-02-06,129,Open
T070,08-09,2009-02-06,129,Open
T071,08-09,2009-02-06,129,Open
T072,08-09,2009-02-06,129,Open
T073,08-09,2009-02-06,129,Open
T074,08-09,2009-02-06,129,Open
T075,08-09,2009-02-06,129,Open
T076,08-09,2009-02-06,129,Open
T077,08-09,2009-02-06,129,Groomed
T078,08-09,2009-02-06,129,Open
T079,08-09,2009-02-06,129,Groomed
T080,08-09,2009-02-06,129,Open
T081,08-09,2009-02-06,129,Open
T083,08-09,2009-02-06,129,Open
T084,08-09,2009-02-06,129,Open
T085,08-09,2009-02-06,129,Open
T086,08-09,2009-02-06,129,Open
T087,08-09,2009-02-06,129,Open
T088,08-09,2009-02-06,129,Open
T089,08-09,2009-02-06,129,Open
T090,08-09,2009-02-06,129,Open
T091,08-09,2009-02-06,129,Open
T092,08-09,2009-02-06,129,Open
T127,08-09,2009-02-06,129,Open
T134,08-09,2009-02-06,129,Open
T135,08-09,2009-02-06,129,Open
T136,08-09,2009-02-06,129,Open
T137,08-09,2009-02-06,129,Open
T148,08-09,2009-02-06,129,Open
T151,08-09,2009-02-06,129,Groomed
T152,08-09,2009-02-06,129,Groomed
T156,08-09,2009-02-06,129,Open
T157,08-09,2009-02-06,129,Open
T002,08-09,2009-02-07,130,Groomed
T003,08-09,2009-02-07,130,Open
T004,08-09,2009-02-07,130,Groomed
T005,08-09,2009-02-07,130,Groomed
T006,08-09,2009-02-07,130,Open
T007,08-09,2009-02-07,130,Groomed
T008,08-09,2009-02-07,130,Open
T009,08-09,2009-02-07,130,Groomed
T010,08-09,2009-02-07,130,Open
T011,08-09,2009-02-07,130,Groomed
T012,08-09,2009-02-07,130,Groomed
T013,08-09,2009-02-07,130,Groomed
T015,08-09,2009-02-07,130,Open
T016,08-09,2009-02-07,130,Open
T017,08-09,2009-02-07,130,Open
T018,08-09,2009-02-07,130,Groomed
T019,08-09,2009-02-07,130,Open
T020,08-09,2009-02-07,130,Groomed
T021,08-09,2009-02-07,130,Groomed
T022,08-09,2009-02-07,130,Groomed
T023,08-09,2009-02-07,130,Groomed
T024,08-09,2009-02-07,130,Open
T025,08-09,2009-02-07,130,Groomed
T026,08-09,2009-02-07,130,Groomed
T027,08-09,2009-02-07,130,Groomed
T028,08-09,2009-02-07,130,Groomed
T029,08-09,2009-02-07,130,Open
T030,08-09,2009-02-07,130,Groomed
T031,08-09,2009-02-07,130,Groomed
T032,08-09,2009-02-07,130,Open
T033,08-09,2009-02-07,130,Groomed
T034,08-09,2009-02-07,130,Groomed
T035,08-09,2009-02-07,130,Open
T036,08-09,2009-02-07,130,Groomed
T037,08-09,2009-02-07,130,Open
T038,08-09,2009-02-07,130,Open
T039,08-09,2009-02-07,130,Open
T040,08-09,2009-02-07,130,Groomed
T042,08-09,2009-02-07,130,Open
T043,08-09,2009-02-07,130,Groomed
T044,08-09,2009-02-07,130,Open
T045,08-09,2009-02-07,130,Open
T046,08-09,2009-02-07,130,Open
T047,08-09,2009-02-07,130,Open
T061,08-09,2009-02-07,130,Groomed
T063,08-09,2009-02-07,130,Groomed
T064,08-09,2009-02-07,130,Groomed
T065,08-09,2009-02-07,130,Groomed
T066,08-09,2009-02-07,130,Groomed
T067,08-09,2009-02-07,130,Groomed
T068,08-09,2009-02-07,130,Open
T069,08-09,2009-02-07,130,Open
T070,08-09,2009-02-07,130,Open
T071,08-09,2009-02-07,130,Open
T072,08-09,2009-02-07,130,Open
T073,08-09,2009-02-07,130,Open
T074,08-09,2009-02-07,130,Open
T075,08-09,2009-02-07,130,Open
T076,08-09,2009-02-07,130,Open
T077,08-09,2009-02-07,130,Groomed
T078,08-09,2009-02-07,130,Groomed
T079,08-09,2009-02-07,130,Groomed
T080,08-09,2009-02-07,130,Open
T081,08-09,2009-02-07,130,Open
T083,08-09,2009-02-07,130,Groomed
T084,08-09,2009-02-07,130,Open
T085,08-09,2009-02-07,130,Open
T086,08-09,2009-02-07,130,Open
T087,08-09,2009-02-07,130,Open
T088,08-09,2009-02-07,130,Open
T089,08-09,2009-02-07,130,Open
T090,08-09,2009-02-07,130,Open
T091,08-09,2009-02-07,130,Open
T092,08-09,2009-02-07,130,Open
T127,08-09,2009-02-07,130,Open
T134,08-09,2009-02-07,130,Open
T135,08-09,2009-02-07,130,Open
T136,08-09,2009-02-07,130,Open
T137,08-09,2009-02-07,130,Open
T148,08-09,2009-02-07,130,Open
T151,08-09,2009-02-07,130,Groomed
T152,08-09,2009-02-07,130,Groomed
T156,08-09,2009-02-07,130,Open
T157,08-09,2009-02-07,130,Open
T002,08-09,2009-02-08,131,Groomed
T003,08-09,2009-02-08,131,Open
T004,08-09,2009-02-08,131,Groomed
T005,08-09,2009-02-08,131,Groomed
T006,08-09,2009-02-08,131,Groomed
T007,08-09,2009-02-08,131,Groomed
T008,08-09,2009-02-08,131,Open
T009,08-09,2009-02-08,131,Groomed
T010,08-09,2009-02-08,131,Open
T011,08-09,2009-02-08,131,Groomed
T012,08-09,2009-02-08,131,Groomed
T013,08-09,2009-02-08,131,Groomed
T015,08-09,2009-02-08,131,Open
T016,08-09,2009-02-08,131,Open
T017,08-09,2009-02-08,131,Open
T018,08-09,2009-02-08,131,Groomed
T019,08-09,2009-02-08,131,Open
T020,08-09,2009-02-08,131,Groomed
T021,08-09,2009-02-08,131,Groomed
T022,08-09,2009-02-08,131,Groomed
T023,08-09,2009-02-08,131,Groomed
T024,08-09,2009-02-08,131,Groomed
T025,08-09,2009-02-08,131,Groomed
T026,08-09,2009-02-08,131,Open
T027,08-09,2009-02-08,131,Groomed
T028,08-09,2009-02-08,131,Groomed
T029,08-09,2009-02-08,131,Groomed
T030,08-09,2009-02-08,131,Groomed
T031,08-09,2009-02-08,131,Groomed
T032,08-09,2009-02-08,131,Open
T033,08-09,2009-02-08,131,Groomed
T034,08-09,2009-02-08,131,Groomed
T035,08-09,2009-02-08,131,Open
T036,08-09,2009-02-08,131,Groomed
T037,08-09,2009-02-08,131,Open
T038,08-09,2009-02-08,131,Open
T039,08-09,2009-02-08,131,Groomed
T040,08-09,2009-02-08,131,Groomed
T042,08-09,2009-02-08,131,Open
T043,08-09,2009-02-08,131,Open
T044,08-09,2009-02-08,131,Open
T045,08-09,2009-02-08,131,Open
T046,08-09,2009-02-08,131,Open
T047,08-09,2009-02-08,131,Open
T061,08-09,2009-02-08,131,Groomed
T063,08-09,2009-02-08,131,Groomed
T064,08-09,2009-02-08,131,Groomed
T065,08-09,2009-02-08,131,Groomed
T066,08-09,2009-02-08,131,Groomed
T067,08-09,2009-02-08,131,Groomed
T068,08-09,2009-02-08,131,Open
T069,08-09,2009-02-08,131,Open
T070,08-09,2009-02-08,131,Open
T071,08-09,2009-02-08,131,Open
T072,08-09,2009-02-08,131,Open
T073,08-09,2009-02-08,131,Open
T074,08-09,2009-02-08,131,Open
T075,08-09,2009-02-08,131,Open
T076,08-09,2009-02-08,131,Open
T077,08-09,2009-02-08,131,Groomed
T078,08-09,2009-02-08,131,Open
T079,08-09,2009-02-08,131,Groomed
T080,08-09,2009-02-08,131,Open
T081,08-09,2009-02-08,131,Open
T083,08-09,2009-02-08,131,Open
T084,08-09,2009-02-08,131,Open
T085,08-09,2009-02-08,131,Open
T086,08-09,2009-02-08,131,Open
T087,08-09,2009-02-08,131,Open
T088,08-09,2009-02-08,131,Open
T089,08-09,2009-02-08,131,Open
T090,08-09,2009-02-08,131,Open
T091,08-09,2009-02-08,131,Open
T092,08-09,2009-02-08,131,Open
T127,08-09,2009-02-08,131,Open
T134,08-09,2009-02-08,131,Open
T135,08-09,2009-02-08,131,Open
T136,08-09,2009-02-08,131,Open
T137,08-09,2009-02-08,131,Open
T148,08-09,2009-02-08,131,Open
T151,08-09,2009-02-08,131,Groomed
T152,08-09,2009-02-08,131,Groomed
T156,08-09,2009-02-08,131,Open
T157,08-09,2009-02-08,131,Open
T002,08-09,2009-02-09,132,Groomed
T003,08-09,2009-02-09,132,Open
T004,08-09,2009-02-09,132,Groomed
T005,08-09,2009-02-09,132,Groomed
T006,08-09,2009-02-09,132,Groomed
T007,08-09,2009-02-09,132,Groomed
T008,08-09,2009-02-09,132,Open
T009,08-09,2009-02-09,132,Groomed
T010,08-09,2009-02-09,132,Open
T011,08-09,2009-02-09,132,Groomed
T012,08-09,2009-02-09,132,Groomed
T013,08-09,2009-02-09,132,Groomed
T015,08-09,2009-02-09,132,Open
T016,08-09,2009-02-09,132,Open
T017,08-09,2009-02-09,132,Groomed
T018,08-09,2009-02-09,132,Groomed
T019,08-09,2009-02-09,132,Open
T020,08-09,2009-02-09,132,Groomed
T021,08-09,2009-02-09,132,Groomed
T022,08-09,2009-02-09,132,Groomed
T023,08-09,2009-02-09,132,Groomed
T024,08-09,2009-02-09,132,Groomed
T025,08-09,2009-02-09,132,Groomed
T026,08-09,2009-02-09,132,Groomed
T027,08-09,2009-02-09,132,Groomed
T028,08-09,2009-02-09,132,Open
T029,08-09,2009-02-09,132,Groomed
T030,08-09,2009-02-09,132,Open
T031,08-09,2009-02-09,132,Groomed
T032,08-09,2009-02-09,132,Open
T033,08-09,2009-02-09,132,Groomed
T034,08-09,2009-02-09,132,Groomed
T035,08-09,2009-02-09,132,Open
T036,08-09,2009-02-09,132,Groomed
T037,08-09,2009-02-09,132,Open
T038,08-09,2009-02-09,132,Open
T039,08-09,2009-02-09,132,Groomed
T040,08-09,2009-02-09,132,Groomed
T042,08-09,2009-02-09,132,Open
T043,08-09,2009-02-09,132,Open
T044,08-09,2009-02-09,132,Open
T045,08-09,2009-02-09,132,Open
T046,08-09,2009-02-09,132,Open
T047,08-09,2009-02-09,132,Open
T061,08-09,2009-02-09,132,Groomed
T063,08-09,2009-02-09,132,Groomed
T064,08-09,2009-02-09,132,Groomed
T065,08-09,2009-02-09,132,Groomed
T066,08-09,2009-02-09,132,Open
T067,08-09,2009-02-09,132,Groomed
T068,08-09,2009-02-09,132,Open
T069,08-09,2009-02-09,132,Open
T070,08-09,2009-02-09,132,Open
T071,08-09,2009-02-09,132,Open
T072,08-09,2009-02-09,132,Open
T073,08-09,2009-02-09,132,Open
T074,08-09,2009-02-09,132,Open
T075,08-09,2009-02-09,132,Open
T076,08-09,2009-02-09,132,Open
T077,08-09,2009-02-09,132,Groomed
T078,08-09,2009-02-09,132,Groomed
T079,08-09,2009-02-09,132,Groomed
T080,08-09,2009-02-09,132,Open
T081,08-09,2009-02-09,132,Open
T083,08-09,2009-02-09,132,Open
T084,08-09,2009-02-09,132,Open
T085,08-09,2009-02-09,132,Open
T086,08-09,2009-02-09,132,Open
T087,08-09,2009-02-09,132,Open
T088,08-09,2009-02-09,132,Open
T089,08-09,2009-02-09,132,Open
T090,08-09,2009-02-09,132,Open
T091,08-09,2009-02-09,132,Open
T092,08-09,2009-02-09,132,Open
T127,08-09,2009-02-09,132,Open
T134,08-09,2009-02-09,132,Open
T135,08-09,2009-02-09,132,Open
T136,08-09,2009-02-09,132,Open
T137,08-09,2009-02-09,132,Open
T148,08-09,2009-02-09,132,Open
T151,08-09,2009-02-09,132,Groomed
T152,08-09,2009-02-09,132,Groomed
T156,08-09,2009-02-09,132,Open
T157,08-09,2009-02-09,132,Open
T002,08-09,2009-02-10,133,Groomed
T003,08-09,2009-02-10,133,Open
T004,08-09,2009-02-10,133,Groomed
T005,08-09,2009-02-10,133,Groomed
T006,08-09,2009-02-10,133,Open
T007,08-09,2009-02-10,133,Groomed
T008,08-09,2009-02-10,133,Open
T009,08-09,2009-02-10,133,Groomed
T010,08-09,2009-02-10,133,Open
T011,08-09,2009-02-10,133,Groomed
T012,08-09,2009-02-10,133,Groomed
T013,08-09,2009-02-10,133,Groomed
T015,08-09,2009-02-10,133,Open
T016,08-09,2009-02-10,133,Open
T017,08-09,2009-02-10,133,Open
T018,08-09,2009-02-10,133,Open
T019,08-09,2009-02-10,133,Open
T020,08-09,2009-02-10,133,Groomed
T021,08-09,2009-02-10,133,Groomed
T022,08-09,2009-02-10,133,Groomed
T023,08-09,2009-02-10,133,Groomed
T024,08-09,2009-02-10,133,Open
T025,08-09,2009-02-10,133,Groomed
T026,08-09,2009-02-10,133,Open
T027,08-09,2009-02-10,133,Open
T028,08-09,2009-02-10,133,Open
T029,08-09,2009-02-10,133,Open
T030,08-09,2009-02-10,133,Open
T031,08-09,2009-02-10,133,Groomed
T032,08-09,2009-02-10,133,Open
T033,08-09,2009-02-10,133,Groomed
T034,08-09,2009-02-10,133,Groomed
T035,08-09,2009-02-10,133,Open
T036,08-09,2009-02-10,133,Groomed
T037,08-09,2009-02-10,133,Open
T038,08-09,2009-02-10,133,Open
T039,08-09,2009-02-10,133,Open
T040,08-09,2009-02-10,133,Groomed
T042,08-09,2009-02-10,133,Open
T043,08-09,2009-02-10,133,Groomed
T044,08-09,2009-02-10,133,Open
T045,08-09,2009-02-10,133,Open
T046,08-09,2009-02-10,133,Open
T047,08-09,2009-02-10,133,Open
T061,08-09,2009-02-10,133,Groomed
T063,08-09,2009-02-10,133,Groomed
T064,08-09,2009-02-10,133,Groomed
T065,08-09,2009-02-10,133,Groomed
T066,08-09,2009-02-10,133,Groomed
T067,08-09,2009-02-10,133,Groomed
T068,08-09,2009-02-10,133,Open
T069,08-09,2009-02-10,133,Open
T070,08-09,2009-02-10,133,Open
T071,08-09,2009-02-10,133,Open
T072,08-09,2009-02-10,133,Open
T073,08-09,2009-02-10,133,Open
T074,08-09,2009-02-10,133,Open
T075,08-09,2009-02-10,133,Open
T076,08-09,2009-02-10,133,Open
T077,08-09,2009-02-10,133,Groomed
T078,08-09,2009-02-10,133,Groomed
T079,08-09,2009-02-10,133,Groomed
T080,08-09,2009-02-10,133,Open
T081,08-09,2009-02-10,133,Open
T083,08-09,2009-02-10,133,Groomed
T084,08-09,2009-02-10,133,Open
T085,08-09,2009-02-10,133,Open
T086,08-09,2009-02-10,133,Open
T087,08-09,2009-02-10,133,Open
T088,08-09,2009-02-10,133,Open
T089,08-09,2009-02-10,133,Open
T090,08-09,2009-02-10,133,Open
T091,08-09,2009-02-10,133,Open
T092,08-09,2009-02-10,133,Open
T127,08-09,2009-02-10,133,Open
T134,08-09,2009-02-10,133,Open
T135,08-09,2009-02-10,133,Open
T136,08-09,2009-02-10,133,Open
T137,08-09,2009-02-10,133,Open
T148,08-09,2009-02-10,133,Open
T151,08-09,2009-02-10,133,Groomed
T152,08-09,2009-02-10,133,Groomed
T156,08-09,2009-02-10,133,Open
T157,08-09,2009-02-10,133,Open
T002,08-09,2009-02-11,134,Groomed
T003,08-09,2009-02-11,134,Open
T004,08-09,2009-02-11,134,Groomed
T005,08-09,2009-02-11,134,Groomed
T006,08-09,2009-02-11,134,Open
T007,08-09,2009-02-11,134,Groomed
T008,08-09,2009-02-11,134,Open
T009,08-09,2009-02-11,134,Groomed
T010,08-09,2009-02-11,134,Open
T011,08-09,2009-02-11,134,Groomed
T012,08-09,2009-02-11,134,Groomed
T013,08-09,2009-02-11,134,Groomed
T015,08-09,2009-02-11,134,Open
T016,08-09,2009-02-11,134,Open
T017,08-09,2009-02-11,134,Open
T018,08-09,2009-02-11,134,Open
T019,08-09,2009-02-11,134,Open
T020,08-09,2009-02-11,134,Groomed
T021,08-09,2009-02-11,134,Groomed
T022,08-09,2009-02-11,134,Groomed
T023,08-09,2009-02-11,134,Groomed
T024,08-09,2009-02-11,134,Open
T025,08-09,2009-02-11,134,Groomed
T026,08-09,2009-02-11,134,Open
T027,08-09,2009-02-11,134,Groomed
T028,08-09,2009-02-11,134,Groomed
T029,08-09,2009-02-11,134,Open
T030,08-09,2009-02-11,134,Groomed
T031,08-09,2009-02-11,134,Groomed
T032,08-09,2009-02-11,134,Open
T033,08-09,2009-02-11,134,Groomed
T034,08-09,2009-02-11,134,Groomed
T035,08-09,2009-02-11,134,Open
T036,08-09,2009-02-11,134,Groomed
T037,08-09,2009-02-11,134,Open
T038,08-09,2009-02-11,134,Open
T039,08-09,2009-02-11,134,Groomed
T040,08-09,2009-02-11,134,Groomed
T042,08-09,2009-02-11,134,Open
T043,08-09,2009-02-11,134,Groomed
T044,08-09,2009-02-11,134,Open
T045,08-09,2009-02-11,134,Open
T046,08-09,2009-02-11,134,Open
T047,08-09,2009-02-11,134,Open
T061,08-09,2009-02-11,134,Groomed
T063,08-09,2009-02-11,134,Groomed
T064,08-09,2009-02-11,134,Groomed
T065,08-09,2009-02-11,134,Groomed
T066,08-09,2009-02-11,134,Groomed
T067,08-09,2009-02-11,134,Groomed
T068,08-09,2009-02-11,134,Open
T069,08-09,2009-02-11,134,Open
T070,08-09,2009-02-11,134,Open
T071,08-09,2009-02-11,134,Open
T072,08-09,2009-02-11,134,Open
T073,08-09,2009-02-11,134,Open
T074,08-09,2009-02-11,134,Open
T075,08-09,2009-02-11,134,Open
T076,08-09,2009-02-11,134,Open
T077,08-09,2009-02-11,134,Groomed
T078,08-09,2009-02-11,134,Groomed
T079,08-09,2009-02-11,134,Groomed
T080,08-09,2009-02-11,134,Open
T081,08-09,2009-02-11,134,Open
T083,08-09,2009-02-11,134,Groomed
T084,08-09,2009-02-11,134,Open
T085,08-09,2009-02-11,134,Open
T086,08-09,2009-02-11,134,Open
T087,08-09,2009-02-11,134,Open
T088,08-09,2009-02-11,134,Open
T089,08-09,2009-02-11,134,Open
T090,08-09,2009-02-11,134,Open
T091,08-09,2009-02-11,134,Open
T092,08-09,2009-02-11,134,Open
T127,08-09,2009-02-11,134,Open
T134,08-09,2009-02-11,134,Open
T135,08-09,2009-02-11,134,Open
T136,08-09,2009-02-11,134,Open
T137,08-09,2009-02-11,134,Open
T148,08-09,2009-02-11,134,Open
T151,08-09,2009-02-11,134,Groomed
T152,08-09,2009-02-11,134,Groomed
T156,08-09,2009-02-11,134,Open
T157,08-09,2009-02-11,134,Open
T002,08-09,2009-02-12,135,Groomed
T003,08-09,2009-02-12,135,Open
T004,08-09,2009-02-12,135,Groomed
T005,08-09,2009-02-12,135,Groomed
T006,08-09,2009-02-12,135,Groomed
T007,08-09,2009-02-12,135,Groomed
T008,08-09,2009-02-12,135,Open
T009,08-09,2009-02-12,135,Groomed
T010,08-09,2009-02-12,135,Open
T011,08-09,2009-02-12,135,Groomed
T012,08-09,2009-02-12,135,Groomed
T013,08-09,2009-02-12,135,Groomed
T015,08-09,2009-02-12,135,Open
T016,08-09,2009-02-12,135,Open
T017,08-09,2009-02-12,135,Open
T018,08-09,2009-02-12,135,Open
T019,08-09,2009-02-12,135,Open
T020,08-09,2009-02-12,135,Groomed
T021,08-09,2009-02-12,135,Groomed
T022,08-09,2009-02-12,135,Groomed
T023,08-09,2009-02-12,135,Groomed
T024,08-09,2009-02-12,135,Open
T025,08-09,2009-02-12,135,Groomed
T026,08-09,2009-02-12,135,Open
T027,08-09,2009-02-12,135,Groomed
T028,08-09,2009-02-12,135,Groomed
T029,08-09,2009-02-12,135,Open
T030,08-09,2009-02-12,135,Groomed
T031,08-09,2009-02-12,135,Groomed
T032,08-09,2009-02-12,135,Open
T033,08-09,2009-02-12,135,Groomed
T034,08-09,2009-02-12,135,Groomed
T035,08-09,2009-02-12,135,Open
T036,08-09,2009-02-12,135,Groomed
T037,08-09,2009-02-12,135,Open
T038,08-09,2009-02-12,135,Open
T039,08-09,2009-02-12,135,Groomed
T040,08-09,2009-02-12,135,Groomed
T042,08-09,2009-02-12,135,Groomed
T043,08-09,2009-02-12,135,Groomed
T044,08-09,2009-02-12,135,Open
T045,08-09,2009-02-12,135,Open
T046,08-09,2009-02-12,135,Open
T047,08-09,2009-02-12,135,Open
T061,08-09,2009-02-12,135,Groomed
T063,08-09,2009-02-12,135,Groomed
T064,08-09,2009-02-12,135,Groomed
T065,08-09,2009-02-12,135,Groomed
T066,08-09,2009-02-12,135,Groomed
T067,08-09,2009-02-12,135,Groomed
T068,08-09,2009-02-12,135,Open
T069,08-09,2009-02-12,135,Open
T070,08-09,2009-02-12,135,Open
T071,08-09,2009-02-12,135,Open
T072,08-09,2009-02-12,135,Open
T073,08-09,2009-02-12,135,Open
T074,08-09,2009-02-12,135,Open
T075,08-09,2009-02-12,135,Open
T076,08-09,2009-02-12,135,Open
T077,08-09,2009-02-12,135,Groomed
T078,08-09,2009-02-12,135,Groomed
T079,08-09,2009-02-12,135,Groomed
T080,08-09,2009-02-12,135,Open
T081,08-09,2009-02-12,135,Open
T083,08-09,2009-02-12,135,Open
T084,08-09,2009-02-12,135,Open
T085,08-09,2009-02-12,135,Open
T086,08-09,2009-02-12,135,Open
T087,08-09,2009-02-12,135,Open
T088,08-09,2009-02-12,135,Open
T089,08-09,2009-02-12,135,Open
T090,08-09,2009-02-12,135,Open
T091,08-09,2009-02-12,135,Open
T092,08-09,2009-02-12,135,Open
T127,08-09,2009-02-12,135,Open
T134,08-09,2009-02-12,135,Open
T135,08-09,2009-02-12,135,Open
T136,08-09,2009-02-12,135,Open
T137,08-09,2009-02-12,135,Open
T148,08-09,2009-02-12,135,Open
T151,08-09,2009-02-12,135,Groomed
T152,08-09,2009-02-12,135,Groomed
T156,08-09,2009-02-12,135,Open
T157,08-09,2009-02-12,135,Open
T002,08-09,2009-02-13,136,Groomed
T003,08-09,2009-02-13,136,Open
T004,08-09,2009-02-13,136,Groomed
T005,08-09,2009-02-13,136,Groomed
T006,08-09,2009-02-13,136,Groomed
T007,08-09,2009-02-13,136,Groomed
T008,08-09,2009-02-13,136,Open
T009,08-09,2009-02-13,136,Groomed
T010,08-09,2009-02-13,136,Open
T011,08-09,2009-02-13,136,Groomed
T012,08-09,2009-02-13,136,Groomed
T013,08-09,2009-02-13,136,Groomed
T015,08-09,2009-02-13,136,Open
T016,08-09,2009-02-13,136,Open
T017,08-09,2009-02-13,136,Open
T018,08-09,2009-02-13,136,Groomed
T019,08-09,2009-02-13,136,Open
T020,08-09,2009-02-13,136,Groomed
T021,08-09,2009-02-13,136,Groomed
T022,08-09,2009-02-13,136,Groomed
T023,08-09,2009-02-13,136,Groomed
T024,08-09,2009-02-13,136,Open
T025,08-09,2009-02-13,136,Groomed
T026,08-09,2009-02-13,136,Open
T027,08-09,2009-02-13,136,Groomed
T028,08-09,2009-02-13,136,Groomed
T029,08-09,2009-02-13,136,Open
T030,08-09,2009-02-13,136,Groomed
T031,08-09,2009-02-13,136,Groomed
T032,08-09,2009-02-13,136,Open
T033,08-09,2009-02-13,136,Groomed
T034,08-09,2009-02-13,136,Groomed
T035,08-09,2009-02-13,136,Open
T036,08-09,2009-02-13,136,Groomed
T037,08-09,2009-02-13,136,Open
T038,08-09,2009-02-13,136,Open
T039,08-09,2009-02-13,136,Groomed
T040,08-09,2009-02-13,136,Groomed
T042,08-09,2009-02-13,136,Groomed
T043,08-09,2009-02-13,136,Groomed
T044,08-09,2009-02-13,136,Open
T045,08-09,2009-02-13,136,Open
T046,08-09,2009-02-13,136,Open
T047,08-09,2009-02-13,136,Open
T061,08-09,2009-02-13,136,Groomed
T063,08-09,2009-02-13,136,Groomed
T064,08-09,2009-02-13,136,Groomed
T065,08-09,2009-02-13,136,Groomed
T066,08-09,2009-02-13,136,Groomed
T067,08-09,2009-02-13,136,Groomed
T068,08-09,2009-02-13,136,Open
T069,08-09,2009-02-13,136,Open
T070,08-09,2009-02-13,136,Open
T071,08-09,2009-02-13,136,Open
T072,08-09,2009-02-13,136,Open
T073,08-09,2009-02-13,136,Open
T074,08-09,2009-02-13,136,Open
T075,08-09,2009-02-13,136,Open
T076,08-09,2009-02-13,136,Open
T077,08-09,2009-02-13,136,Groomed
T078,08-09,2009-02-13,136,Groomed
T079,08-09,2009-02-13,136,Groomed
T080,08-09,2009-02-13,136,Open
T081,08-09,2009-02-13,136,Open
T083,08-09,2009-02-13,136,Groomed
T084,08-09,2009-02-13,136,Open
T085,08-09,2009-02-13,136,Open
T086,08-09,2009-02-13,136,Open
T087,08-09,2009-02-13,136,Open
T088,08-09,2009-02-13,136,Open
T089,08-09,2009-02-13,136,Open
T090,08-09,2009-02-13,136,Open
T091,08-09,2009-02-13,136,Open
T092,08-09,2009-02-13,136,Open
T127,08-09,2009-02-13,136,Open
T134,08-09,2009-02-13,136,Open
T135,08-09,2009-02-13,136,Open
T136,08-09,2009-02-13,136,Open
T137,08-09,2009-02-13,136,Open
T148,08-09,2009-02-13,136,Open
T151,08-09,2009-02-13,136,Groomed
T152,08-09,2009-02-13,136,Groomed
T156,08-09,2009-02-13,136,Open
T157,08-09,2009-02-13,136,Open
T002,08-09,2009-02-14,137,Groomed
T003,08-09,2009-02-14,137,Open
T004,08-09,2009-02-14,137,Groomed
T005,08-09,2009-02-14,137,Groomed
T006,08-09,2009-02-14,137,Groomed
T007,08-09,2009-02-14,137,Groomed
T008,08-09,2009-02-14,137,Open
T009,08-09,2009-02-14,137,Groomed
T010,08-09,2009-02-14,137,Open
T011,08-09,2009-02-14,137,Groomed
T012,08-09,2009-02-14,137,Groomed
T013,08-09,2009-02-14,137,Groomed
T015,08-09,2009-02-14,137,Open
T016,08-09,2009-02-14,137,Open
T017,08-09,2009-02-14,137,Open
T018,08-09,2009-02-14,137,Groomed
T019,08-09,2009-02-14,137,Open
T020,08-09,2009-02-14,137,Groomed
T021,08-09,2009-02-14,137,Groomed
T022,08-09,2009-02-14,137,Groomed
T023,08-09,2009-02-14,137,Groomed
T024,08-09,2009-02-14,137,Open
T025,08-09,2009-02-14,137,Groomed
T026,08-09,2009-02-14,137,Open
T027,08-09,2009-02-14,137,Groomed
T028,08-09,2009-02-14,137,Groomed
T029,08-09,2009-02-14,137,Open
T030,08-09,2009-02-14,137,Groomed
T031,08-09,2009-02-14,137,Groomed
T032,08-09,2009-02-14,137,Open
T033,08-09,2009-02-14,137,Groomed
T034,08-09,2009-02-14,137,Groomed
T035,08-09,2009-02-14,137,Open
T036,08-09,2009-02-14,137,Groomed
T037,08-09,2009-02-14,137,Open
T038,08-09,2009-02-14,137,Groomed
T039,08-09,2009-02-14,137,Groomed
T040,08-09,2009-02-14,137,Groomed
T042,08-09,2009-02-14,137,Open
T043,08-09,2009-02-14,137,Groomed
T044,08-09,2009-02-14,137,Open
T045,08-09,2009-02-14,137,Open
T046,08-09,2009-02-14,137,Open
T047,08-09,2009-02-14,137,Open
T061,08-09,2009-02-14,137,Groomed
T063,08-09,2009-02-14,137,Groomed
T064,08-09,2009-02-14,137,Groomed
T065,08-09,2009-02-14,137,Groomed
T066,08-09,2009-02-14,137,Groomed
T067,08-09,2009-02-14,137,Groomed
T068,08-09,2009-02-14,137,Open
T069,08-09,2009-02-14,137,Open
T070,08-09,2009-02-14,137,Open
T071,08-09,2009-02-14,137,Open
T072,08-09,2009-02-14,137,Open
T073,08-09,2009-02-14,137,Open
T074,08-09,2009-02-14,137,Open
T075,08-09,2009-02-14,137,Open
T076,08-09,2009-02-14,137,Open
T077,08-09,2009-02-14,137,Groomed
T078,08-09,2009-02-14,137,Groomed
T079,08-09,2009-02-14,137,Groomed
T080,08-09,2009-02-14,137,Open
T081,08-09,2009-02-14,137,Open
T083,08-09,2009-02-14,137,Groomed
T084,08-09,2009-02-14,137,Open
T085,08-09,2009-02-14,137,Open
T086,08-09,2009-02-14,137,Open
T087,08-09,2009-02-14,137,Open
T088,08-09,2009-02-14,137,Open
T089,08-09,2009-02-14,137,Open
T090,08-09,2009-02-14,137,Open
T091,08-09,2009-02-14,137,Open
T092,08-09,2009-02-14,137,Open
T127,08-09,2009-02-14,137,Open
T134,08-09,2009-02-14,137,Open
T135,08-09,2009-02-14,137,Open
T136,08-09,2009-02-14,137,Open
T137,08-09,2009-02-14,137,Open
T148,08-09,2009-02-14,137,Open
T151,08-09,2009-02-14,137,Groomed
T152,08-09,2009-02-14,137,Groomed
T156,08-09,2009-02-14,137,Open
T157,08-09,2009-02-14,137,Open
T002,08-09,2009-02-15,138,Groomed
T003,08-09,2009-02-15,138,Open
T004,08-09,2009-02-15,138,Groomed
T005,08-09,2009-02-15,138,Groomed
T006,08-09,2009-02-15,138,Groomed
T007,08-09,2009-02-15,138,Groomed
T008,08-09,2009-02-15,138,Open
T009,08-09,2009-02-15,138,Groomed
T010,08-09,2009-02-15,138,Open
T011,08-09,2009-02-15,138,Groomed
T012,08-09,2009-02-15,138,Groomed
T013,08-09,2009-02-15,138,Groomed
T015,08-09,2009-02-15,138,Open
T016,08-09,2009-02-15,138,Open
T017,08-09,2009-02-15,138,Groomed
T018,08-09,2009-02-15,138,Groomed
T019,08-09,2009-02-15,138,Open
T020,08-09,2009-02-15,138,Groomed
T021,08-09,2009-02-15,138,Groomed
T022,08-09,2009-02-15,138,Groomed
T023,08-09,2009-02-15,138,Groomed
T024,08-09,2009-02-15,138,Groomed
T025,08-09,2009-02-15,138,Groomed
T026,08-09,2009-02-15,138,Groomed
T027,08-09,2009-02-15,138,Groomed
T028,08-09,2009-02-15,138,Groomed
T029,08-09,2009-02-15,138,Groomed
T030,08-09,2009-02-15,138,Groomed
T031,08-09,2009-02-15,138,Groomed
T032,08-09,2009-02-15,138,Open
T033,08-09,2009-02-15,138,Groomed
T034,08-09,2009-02-15,138,Groomed
T035,08-09,2009-02-15,138,Open
T036,08-09,2009-02-15,138,Groomed
T037,08-09,2009-02-15,138,Open
T038,08-09,2009-02-15,138,Groomed
T039,08-09,2009-02-15,138,Groomed
T040,08-09,2009-02-15,138,Groomed
T042,08-09,2009-02-15,138,Open
T043,08-09,2009-02-15,138,Groomed
T044,08-09,2009-02-15,138,Open
T045,08-09,2009-02-15,138,Open
T046,08-09,2009-02-15,138,Open
T047,08-09,2009-02-15,138,Open
T061,08-09,2009-02-15,138,Groomed
T063,08-09,2009-02-15,138,Groomed
T064,08-09,2009-02-15,138,Groomed
T065,08-09,2009-02-15,138,Groomed
T066,08-09,2009-02-15,138,Groomed
T067,08-09,2009-02-15,138,Groomed
T068,08-09,2009-02-15,138,Open
T069,08-09,2009-02-15,138,Open
T070,08-09,2009-02-15,138,Open
T071,08-09,2009-02-15,138,Open
T072,08-09,2009-02-15,138,Open
T073,08-09,2009-02-15,138,Open
T074,08-09,2009-02-15,138,Open
T075,08-09,2009-02-15,138,Open
T076,08-09,2009-02-15,138,Open
T077,08-09,2009-02-15,138,Groomed
T078,08-09,2009-02-15,138,Groomed
T079,08-09,2009-02-15,138,Groomed
T080,08-09,2009-02-15,138,Open
T081,08-09,2009-02-15,138,Open
T083,08-09,2009-02-15,138,Groomed
T084,08-09,2009-02-15,138,Open
T085,08-09,2009-02-15,138,Open
T086,08-09,2009-02-15,138,Open
T087,08-09,2009-02-15,138,Open
T088,08-09,2009-02-15,138,Open
T089,08-09,2009-02-15,138,Open
T090,08-09,2009-02-15,138,Open
T091,08-09,2009-02-15,138,Open
T092,08-09,2009-02-15,138,Open
T127,08-09,2009-02-15,138,Open
T134,08-09,2009-02-15,138,Open
T135,08-09,2009-02-15,138,Open
T136,08-09,2009-02-15,138,Open
T137,08-09,2009-02-15,138,Open
T148,08-09,2009-02-15,138,Open
T151,08-09,2009-02-15,138,Groomed
T152,08-09,2009-02-15,138,Groomed
T156,08-09,2009-02-15,138,Open
T157,08-09,2009-02-15,138,Open
T002,08-09,2009-02-16,139,Groomed
T003,08-09,2009-02-16,139,Open
T004,08-09,2009-02-16,139,Groomed
T005,08-09,2009-02-16,139,Groomed
T006,08-09,2009-02-16,139,Open
T007,08-09,2009-02-16,139,Groomed
T008,08-09,2009-02-16,139,Open
T009,08-09,2009-02-16,139,Groomed
T010,08-09,2009-02-16,139,Open
T011,08-09,2009-02-16,139,Groomed
T012,08-09,2009-02-16,139,Groomed
T013,08-09,2009-02-16,139,Groomed
T015,08-09,2009-02-16,139,Open
T016,08-09,2009-02-16,139,Open
T017,08-09,2009-02-16,139,Open
T018,08-09,2009-02-16,139,Open
T019,08-09,2009-02-16,139,Open
T020,08-09,2009-02-16,139,Groomed
T021,08-09,2009-02-16,139,Groomed
T022,08-09,2009-02-16,139,Groomed
T023,08-09,2009-02-16,139,Groomed
T024,08-09,2009-02-16,139,Open
T025,08-09,2009-02-16,139,Groomed
T026,08-09,2009-02-16,139,Open
T027,08-09,2009-02-16,139,Groomed
T028,08-09,2009-02-16,139,Open
T029,08-09,2009-02-16,139,Open
T030,08-09,2009-02-16,139,Open
T031,08-09,2009-02-16,139,Groomed
T032,08-09,2009-02-16,139,Open
T033,08-09,2009-02-16,139,Groomed
T034,08-09,2009-02-16,139,Groomed
T035,08-09,2009-02-16,139,Open
T036,08-09,2009-02-16,139,Groomed
T037,08-09,2009-02-16,139,Open
T038,08-09,2009-02-16,139,Open
T039,08-09,2009-02-16,139,Open
T040,08-09,2009-02-16,139,Groomed
T042,08-09,2009-02-16,139,Open
T043,08-09,2009-02-16,139,Open
T044,08-09,2009-02-16,139,Open
T045,08-09,2009-02-16,139,Open
T046,08-09,2009-02-16,139,Open
T047,08-09,2009-02-16,139,Open
T061,08-09,2009-02-16,139,Groomed
T063,08-09,2009-02-16,139,Groomed
T064,08-09,2009-02-16,139,Groomed
T065,08-09,2009-02-16,139,Groomed
T066,08-09,2009-02-16,139,Open
T067,08-09,2009-02-16,139,Groomed
T068,08-09,2009-02-16,139,Open
T069,08-09,2009-02-16,139,Open
T070,08-09,2009-02-16,139,Open
T071,08-09,2009-02-16,139,Open
T072,08-09,2009-02-16,139,Open
T073,08-09,2009-02-16,139,Open
T074,08-09,2009-02-16,139,Open
T075,08-09,2009-02-16,139,Open
T076,08-09,2009-02-16,139,Open
T077,08-09,2009-02-16,139,Groomed
T078,08-09,2009-02-16,139,Groomed
T079,08-09,2009-02-16,139,Groomed
T080,08-09,2009-02-16,139,Open
T081,08-09,2009-02-16,139,Open
T083,08-09,2009-02-16,139,Open
T084,08-09,2009-02-16,139,Open
T085,08-09,2009-02-16,139,Open
T086,08-09,2009-02-16,139,Open
T087,08-09,2009-02-16,139,Open
T088,08-09,2009-02-16,139,Open
T089,08-09,2009-02-16,139,Open
T090,08-09,2009-02-16,139,Open
T091,08-09,2009-02-16,139,Open
T092,08-09,2009-02-16,139,Open
T127,08-09,2009-02-16,139,Open
T134,08-09,2009-02-16,139,Open
T135,08-09,2009-02-16,139,Open
T136,08-09,2009-02-16,139,Open
T137,08-09,2009-02-16,139,Open
T148,08-09,2009-02-16,139,Open
T151,08-09,2009-02-16,139,Groomed
T152,08-09,2009-02-16,139,Groomed
T156,08-09,2009-02-16,139,Open
T157,08-09,2009-02-16,139,Open
T002,08-09,2009-02-17,140,Groomed
T003,08-09,2009-02-17,140,Open
T004,08-09,2009-02-17,140,Groomed
T005,08-09,2009-02-17,140,Groomed
T006,08-09,2009-02-17,140,Open
T007,08-09,2009-02-17,140,Groomed
T008,08-09,2009-02-17,140,Open
T009,08-09,2009-02-17,140,Groomed
T010,08-09,2009-02-17,140,Open
T011,08-09,2009-02-17,140,Groomed
T012,08-09,2009-02-17,140,Groomed
T013,08-09,2009-02-17,140,Groomed
T015,08-09,2009-02-17,140,Open
T016,08-09,2009-02-17,140,Open
T017,08-09,2009-02-17,140,Open
T018,08-09,2009-02-17,140,Open
T019,08-09,2009-02-17,140,Open
T020,08-09,2009-02-17,140,Groomed
T021,08-09,2009-02-17,140,Groomed
T022,08-09,2009-02-17,140,Groomed
T023,08-09,2009-02-17,140,Groomed
T024,08-09,2009-02-17,140,Open
T025,08-09,2009-02-17,140,Groomed
T026,08-09,2009-02-17,140,Open
T027,08-09,2009-02-17,140,Groomed
T028,08-09,2009-02-17,140,Groomed
T029,08-09,2009-02-17,140,Open
T030,08-09,2009-02-17,140,Groomed
T031,08-09,2009-02-17,140,Groomed
T032,08-09,2009-02-17,140,Open
T033,08-09,2009-02-17,140,Groomed
T034,08-09,2009-02-17,140,Groomed
T035,08-09,2009-02-17,140,Open
T036,08-09,2009-02-17,140,Groomed
T037,08-09,2009-02-17,140,Open
T038,08-09,2009-02-17,140,Open
T039,08-09,2009-02-17,140,Open
T040,08-09,2009-02-17,140,Groomed
T042,08-09,2009-02-17,140,Open
T043,08-09,2009-02-17,140,Open
T044,08-09,2009-02-17,140,Open
T045,08-09,2009-02-17,140,Open
T046,08-09,2009-02-17,140,Open
T047,08-09,2009-02-17,140,Open
T061,08-09,2009-02-17,140,Groomed
T063,08-09,2009-02-17,140,Groomed
T064,08-09,2009-02-17,140,Groomed
T065,08-09,2009-02-17,140,Groomed
T066,08-09,2009-02-17,140,Open
T067,08-09,2009-02-17,140,Groomed
T068,08-09,2009-02-17,140,Open
T069,08-09,2009-02-17,140,Open
T070,08-09,2009-02-17,140,Open
T071,08-09,2009-02-17,140,Open
T072,08-09,2009-02-17,140,Open
T073,08-09,2009-02-17,140,Open
T074,08-09,2009-02-17,140,Open
T075,08-09,2009-02-17,140,Open
T076,08-09,2009-02-17,140,Open
T077,08-09,2009-02-17,140,Groomed
T078,08-09,2009-02-17,140,Groomed
T079,08-09,2009-02-17,140,Groomed
T080,08-09,2009-02-17,140,Open
T081,08-09,2009-02-17,140,Open
T083,08-09,2009-02-17,140,Open
T084,08-09,2009-02-17,140,Open
T085,08-09,2009-02-17,140,Open
T086,08-09,2009-02-17,140,Open
T087,08-09,2009-02-17,140,Open
T088,08-09,2009-02-17,140,Open
T089,08-09,2009-02-17,140,Open
T090,08-09,2009-02-17,140,Open
T091,08-09,2009-02-17,140,Open
T092,08-09,2009-02-17,140,Open
T127,08-09,2009-02-17,140,Open
T134,08-09,2009-02-17,140,Open
T135,08-09,2009-02-17,140,Open
T136,08-09,2009-02-17,140,Open
T137,08-09,2009-02-17,140,Open
T148,08-09,2009-02-17,140,Open
T151,08-09,2009-02-17,140,Groomed
T152,08-09,2009-02-17,140,Groomed
T156,08-09,2009-02-17,140,Open
T157,08-09,2009-02-17,140,Open
T002,08-09,2009-02-18,141,Groomed
T003,08-09,2009-02-18,141,Open
T004,08-09,2009-02-18,141,Groomed
T005,08-09,2009-02-18,141,Groomed
T006,08-09,2009-02-18,141,Groomed
T007,08-09,2009-02-18,141,Groomed
T008,08-09,2009-02-18,141,Groomed
T009,08-09,2009-02-18,141,Groomed
T010,08-09,2009-02-18,141,Groomed
T011,08-09,2009-02-18,141,Groomed
T012,08-09,2009-02-18,141,Groomed
T013,08-09,2009-02-18,141,Groomed
T015,08-09,2009-02-18,141,Open
T016,08-09,2009-02-18,141,Open
T017,08-09,2009-02-18,141,Open
T018,08-09,2009-02-18,141,Groomed
T019,08-09,2009-02-18,141,Open
T020,08-09,2009-02-18,141,Groomed
T021,08-09,2009-02-18,141,Groomed
T022,08-09,2009-02-18,141,Groomed
T023,08-09,2009-02-18,141,Groomed
T024,08-09,2009-02-18,141,Groomed
T025,08-09,2009-02-18,141,Groomed
T026,08-09,2009-02-18,141,Groomed
T027,08-09,2009-02-18,141,Groomed
T028,08-09,2009-02-18,141,Groomed
T029,08-09,2009-02-18,141,Open
T030,08-09,2009-02-18,141,Groomed
T031,08-09,2009-02-18,141,Groomed
T032,08-09,2009-02-18,141,Open
T033,08-09,2009-02-18,141,Groomed
T034,08-09,2009-02-18,141,Groomed
T035,08-09,2009-02-18,141,Open
T036,08-09,2009-02-18,141,Groomed
T037,08-09,2009-02-18,141,Open
T038,08-09,2009-02-18,141,Groomed
T039,08-09,2009-02-18,141,Groomed
T040,08-09,2009-02-18,141,Groomed
T042,08-09,2009-02-18,141,Open
T043,08-09,2009-02-18,141,Groomed
T044,08-09,2009-02-18,141,Open
T045,08-09,2009-02-18,141,Open
T046,08-09,2009-02-18,141,Open
T047,08-09,2009-02-18,141,Open
T061,08-09,2009-02-18,141,Groomed
T063,08-09,2009-02-18,141,Groomed
T064,08-09,2009-02-18,141,Groomed
T065,08-09,2009-02-18,141,Groomed
T066,08-09,2009-02-18,141,Groomed
T067,08-09,2009-02-18,141,Groomed
T068,08-09,2009-02-18,141,Open
T069,08-09,2009-02-18,141,Open
T070,08-09,2009-02-18,141,Open
T071,08-09,2009-02-18,141,Open
T072,08-09,2009-02-18,141,Open
T073,08-09,2009-02-18,141,Open
T074,08-09,2009-02-18,141,Open
T075,08-09,2009-02-18,141,Open
T076,08-09,2009-02-18,141,Open
T077,08-09,2009-02-18,141,Groomed
T078,08-09,2009-02-18,141,Groomed
T079,08-09,2009-02-18,141,Groomed
T080,08-09,2009-02-18,141,Open
T081,08-09,2009-02-18,141,Open
T083,08-09,2009-02-18,141,Groomed
T084,08-09,2009-02-18,141,Open
T085,08-09,2009-02-18,141,Open
T086,08-09,2009-02-18,141,Open
T087,08-09,2009-02-18,141,Open
T088,08-09,2009-02-18,141,Open
T089,08-09,2009-02-18,141,Open
T090,08-09,2009-02-18,141,Open
T091,08-09,2009-02-18,141,Open
T092,08-09,2009-02-18,141,Open
T127,08-09,2009-02-18,141,Open
T134,08-09,2009-02-18,141,Open
T135,08-09,2009-02-18,141,Open
T136,08-09,2009-02-18,141,Open
T137,08-09,2009-02-18,141,Open
T148,08-09,2009-02-18,141,Open
T151,08-09,2009-02-18,141,Groomed
T152,08-09,2009-02-18,141,Groomed
T156,08-09,2009-02-18,141,Open
T157,08-09,2009-02-18,141,Open
T002,08-09,2009-02-19,142,Groomed
T003,08-09,2009-02-19,142,Open
T004,08-09,2009-02-19,142,Groomed
T005,08-09,2009-02-19,142,Groomed
T006,08-09,2009-02-19,142,Groomed
T007,08-09,2009-02-19,142,Groomed
T008,08-09,2009-02-19,142,Open
T009,08-09,2009-02-19,142,Groomed
T010,08-09,2009-02-19,142,Open
T011,08-09,2009-02-19,142,Groomed
T012,08-09,2009-02-19,142,Groomed
T013,08-09,2009-02-19,142,Groomed
T015,08-09,2009-02-19,142,Open
T016,08-09,2009-02-19,142,Open
T017,08-09,2009-02-19,142,Groomed
T018,08-09,2009-02-19,142,Groomed
T019,08-09,2009-02-19,142,Open
T020,08-09,2009-02-19,142,Groomed
T021,08-09,2009-02-19,142,Groomed
T022,08-09,2009-02-19,142,Groomed
T023,08-09,2009-02-19,142,Groomed
T024,08-09,2009-02-19,142,Open
T025,08-09,2009-02-19,142,Groomed
T026,08-09,2009-02-19,142,Open
T027,08-09,2009-02-19,142,Groomed
T028,08-09,2009-02-19,142,Groomed
T029,08-09,2009-02-19,142,Open
T030,08-09,2009-02-19,142,Groomed
T031,08-09,2009-02-19,142,Groomed
T032,08-09,2009-02-19,142,Open
T033,08-09,2009-02-19,142,Groomed
T034,08-09,2009-02-19,142,Groomed
T035,08-09,2009-02-19,142,Open
T036,08-09,2009-02-19,142,Groomed
T037,08-09,2009-02-19,142,Open
T038,08-09,2009-02-19,142,Open
T039,08-09,2009-02-19,142,Groomed
T040,08-09,2009-02-19,142,Groomed
T042,08-09,2009-02-19,142,Open
T043,08-09,2009-02-19,142,Open
T044,08-09,2009-02-19,142,Open
T045,08-09,2009-02-19,142,Open
T046,08-09,2009-02-19,142,Open
T047,08-09,2009-02-19,142,Open
T061,08-09,2009-02-19,142,Groomed
T063,08-09,2009-02-19,142,Groomed
T064,08-09,2009-02-19,142,Groomed
T065,08-09,2009-02-19,142,Groomed
T066,08-09,2009-02-19,142,Open
T067,08-09,2009-02-19,142,Groomed
T068,08-09,2009-02-19,142,Open
T069,08-09,2009-02-19,142,Open
T070,08-09,2009-02-19,142,Open
T071,08-09,2009-02-19,142,Open
T072,08-09,2009-02-19,142,Open
T073,08-09,2009-02-19,142,Open
T074,08-09,2009-02-19,142,Open
T075,08-09,2009-02-19,142,Open
T076,08-09,2009-02-19,142,Open
T077,08-09,2009-02-19,142,Groomed
T078,08-09,2009-02-19,142,Groomed
T079,08-09,2009-02-19,142,Groomed
T080,08-09,2009-02-19,142,Open
T081,08-09,2009-02-19,142,Open
T083,08-09,2009-02-19,142,Groomed
T084,08-09,2009-02-19,142,Open
T085,08-09,2009-02-19,142,Open
T086,08-09,2009-02-19,142,Open
T087,08-09,2009-02-19,142,Open
T088,08-09,2009-02-19,142,Open
T089,08-09,2009-02-19,142,Open
T090,08-09,2009-02-19,142,Open
T091,08-09,2009-02-19,142,Open
T092,08-09,2009-02-19,142,Open
T127,08-09,2009-02-19,142,Open
T134,08-09,2009-02-19,142,Open
T135,08-09,2009-02-19,142,Open
T136,08-09,2009-02-19,142,Open
T137,08-09,2009-02-19,142,Open
T148,08-09,2009-02-19,142,Open
T151,08-09,2009-02-19,142,Groomed
T152,08-09,2009-02-19,142,Groomed
T156,08-09,2009-02-19,142,Open
T157,08-09,2009-02-19,142,Open
T002,08-09,2009-02-20,143,Groomed
T003,08-09,2009-02-20,143,Open
T004,08-09,2009-02-20,143,Groomed
T005,08-09,2009-02-20,143,Groomed
T006,08-09,2009-02-20,143,Groomed
T007,08-09,2009-02-20,143,Groomed
T008,08-09,2009-02-20,143,Open
T009,08-09,2009-02-20,143,Groomed
T010,08-09,2009-02-20,143,Open
T011,08-09,2009-02-20,143,Groomed
T012,08-09,2009-02-20,143,Groomed
T013,08-09,2009-02-20,143,Groomed
T015,08-09,2009-02-20,143,Open
T016,08-09,2009-02-20,143,Open
T017,08-09,2009-02-20,143,Groomed
T018,08-09,2009-02-20,143,Open
T019,08-09,2009-02-20,143,Open
T020,08-09,2009-02-20,143,Groomed
T021,08-09,2009-02-20,143,Groomed
T022,08-09,2009-02-20,143,Groomed
T023,08-09,2009-02-20,143,Groomed
T024,08-09,2009-02-20,143,Open
T025,08-09,2009-02-20,143,Groomed
T026,08-09,2009-02-20,143,Open
T027,08-09,2009-02-20,143,Groomed
T028,08-09,2009-02-20,143,Groomed
T029,08-09,2009-02-20,143,Open
T030,08-09,2009-02-20,143,Groomed
T031,08-09,2009-02-20,143,Groomed
T032,08-09,2009-02-20,143,Open
T033,08-09,2009-02-20,143,Groomed
T034,08-09,2009-02-20,143,Groomed
T035,08-09,2009-02-20,143,Open
T036,08-09,2009-02-20,143,Groomed
T037,08-09,2009-02-20,143,Open
T038,08-09,2009-02-20,143,Open
T039,08-09,2009-02-20,143,Groomed
T040,08-09,2009-02-20,143,Groomed
T042,08-09,2009-02-20,143,Open
T043,08-09,2009-02-20,143,Open
T044,08-09,2009-02-20,143,Open
T045,08-09,2009-02-20,143,Open
T046,08-09,2009-02-20,143,Open
T047,08-09,2009-02-20,143,Open
T061,08-09,2009-02-20,143,Groomed
T063,08-09,2009-02-20,143,Groomed
T064,08-09,2009-02-20,143,Groomed
T065,08-09,2009-02-20,143,Groomed
T066,08-09,2009-02-20,143,Groomed
T067,08-09,2009-02-20,143,Groomed
T068,08-09,2009-02-20,143,Open
T069,08-09,2009-02-20,143,Open
T070,08-09,2009-02-20,143,Open
T071,08-09,2009-02-20,143,Open
T072,08-09,2009-02-20,143,Open
T073,08-09,2009-02-20,143,Open
T074,08-09,2009-02-20,143,Open
T075,08-09,2009-02-20,143,Open
T076,08-09,2009-02-20,143,Open
T077,08-09,2009-02-20,143,Groomed
T078,08-09,2009-02-20,143,Groomed
T079,08-09,2009-02-20,143,Groomed
T080,08-09,2009-02-20,143,Open
T081,08-09,2009-02-20,143,Open
T083,08-09,2009-02-20,143,Groomed
T084,08-09,2009-02-20,143,Open
T085,08-09,2009-02-20,143,Open
T086,08-09,2009-02-20,143,Open
T087,08-09,2009-02-20,143,Open
T088,08-09,2009-02-20,143,Open
T089,08-09,2009-02-20,143,Open
T090,08-09,2009-02-20,143,Open
T091,08-09,2009-02-20,143,Open
T092,08-09,2009-02-20,143,Open
T127,08-09,2009-02-20,143,Open
T134,08-09,2009-02-20,143,Open
T135,08-09,2009-02-20,143,Open
T136,08-09,2009-02-20,143,Open
T137,08-09,2009-02-20,143,Open
T148,08-09,2009-02-20,143,Open
T151,08-09,2009-02-20,143,Groomed
T152,08-09,2009-02-20,143,Groomed
T156,08-09,2009-02-20,143,Open
T157,08-09,2009-02-20,143,Open
T002,08-09,2009-02-21,144,Groomed
T003,08-09,2009-02-21,144,Open
T004,08-09,2009-02-21,144,Groomed
T005,08-09,2009-02-21,144,Groomed
T006,08-09,2009-02-21,144,Groomed
T007,08-09,2009-02-21,144,Groomed
T008,08-09,2009-02-21,144,Open
T009,08-09,2009-02-21,144,Groomed
T010,08-09,2009-02-21,144,Open
T011,08-09,2009-02-21,144,Groomed
T012,08-09,2009-02-21,144,Groomed
T013,08-09,2009-02-21,144,Groomed
T015,08-09,2009-02-21,144,Open
T016,08-09,2009-02-21,144,Open
T017,08-09,2009-02-21,144,Open
T018,08-09,2009-02-21,144,Open
T019,08-09,2009-02-21,144,Open
T020,08-09,2009-02-21,144,Groomed
T021,08-09,2009-02-21,144,Groomed
T022,08-09,2009-02-21,144,Groomed
T023,08-09,2009-02-21,144,Groomed
T024,08-09,2009-02-21,144,Open
T025,08-09,2009-02-21,144,Groomed
T026,08-09,2009-02-21,144,Open
T027,08-09,2009-02-21,144,Groomed
T028,08-09,2009-02-21,144,Groomed
T029,08-09,2009-02-21,144,Open
T030,08-09,2009-02-21,144,Groomed
T031,08-09,2009-02-21,144,Groomed
T032,08-09,2009-02-21,144,Open
T033,08-09,2009-02-21,144,Groomed
T034,08-09,2009-02-21,144,Groomed
T035,08-09,2009-02-21,144,Open
T036,08-09,2009-02-21,144,Groomed
T037,08-09,2009-02-21,144,Open
T038,08-09,2009-02-21,144,Open
T039,08-09,2009-02-21,144,Open
T040,08-09,2009-02-21,144,Groomed
T042,08-09,2009-02-21,144,Open
T043,08-09,2009-02-21,144,Open
T044,08-09,2009-02-21,144,Open
T045,08-09,2009-02-21,144,Open
T046,08-09,2009-02-21,144,Open
T047,08-09,2009-02-21,144,Open
T061,08-09,2009-02-21,144,Groomed
T063,08-09,2009-02-21,144,Groomed
T064,08-09,2009-02-21,144,Groomed
T065,08-09,2009-02-21,144,Groomed
T066,08-09,2009-02-21,144,Open
T067,08-09,2009-02-21,144,Groomed
T068,08-09,2009-02-21,144,Open
T069,08-09,2009-02-21,144,Open
T070,08-09,2009-02-21,144,Open
T071,08-09,2009-02-21,144,Open
T072,08-09,2009-02-21,144,Open
T073,08-09,2009-02-21,144,Open
T074,08-09,2009-02-21,144,Open
T075,08-09,2009-02-21,144,Open
T076,08-09,2009-02-21,144,Open
T077,08-09,2009-02-21,144,Groomed
T078,08-09,2009-02-21,144,Groomed
T079,08-09,2009-02-21,144,Groomed
T080,08-09,2009-02-21,144,Open
T081,08-09,2009-02-21,144,Open
T083,08-09,2009-02-21,144,Groomed
T084,08-09,2009-02-21,144,Open
T085,08-09,2009-02-21,144,Open
T086,08-09,2009-02-21,144,Open
T087,08-09,2009-02-21,144,Open
T088,08-09,2009-02-21,144,Open
T089,08-09,2009-02-21,144,Open
T090,08-09,2009-02-21,144,Open
T091,08-09,2009-02-21,144,Open
T092,08-09,2009-02-21,144,Open
T127,08-09,2009-02-21,144,Open
T134,08-09,2009-02-21,144,Open
T135,08-09,2009-02-21,144,Open
T136,08-09,2009-02-21,144,Open
T137,08-09,2009-02-21,144,Open
T148,08-09,2009-02-21,144,Open
T151,08-09,2009-02-21,144,Groomed
T152,08-09,2009-02-21,144,Groomed
T156,08-09,2009-02-21,144,Open
T157,08-09,2009-02-21,144,Open
T002,08-09,2009-02-22,145,Groomed
T003,08-09,2009-02-22,145,Open
T004,08-09,2009-02-22,145,Groomed
T005,08-09,2009-02-22,145,Groomed
T006,08-09,2009-02-22,145,Open
T007,08-09,2009-02-22,145,Groomed
T008,08-09,2009-02-22,145,Open
T009,08-09,2009-02-22,145,Groomed
T010,08-09,2009-02-22,145,Open
T011,08-09,2009-02-22,145,Groomed
T012,08-09,2009-02-22,145,Groomed
T013,08-09,2009-02-22,145,Groomed
T015,08-09,2009-02-22,145,Open
T016,08-09,2009-02-22,145,Open
T017,08-09,2009-02-22,145,Open
T018,08-09,2009-02-22,145,Open
T019,08-09,2009-02-22,145,Open
T020,08-09,2009-02-22,145,Groomed
T021,08-09,2009-02-22,145,Groomed
T022,08-09,2009-02-22,145,Groomed
T023,08-09,2009-02-22,145,Groomed
T024,08-09,2009-02-22,145,Open
T025,08-09,2009-02-22,145,Groomed
T026,08-09,2009-02-22,145,Open
T027,08-09,2009-02-22,145,Groomed
T028,08-09,2009-02-22,145,Groomed
T029,08-09,2009-02-22,145,Open
T030,08-09,2009-02-22,145,Groomed
T031,08-09,2009-02-22,145,Groomed
T032,08-09,2009-02-22,145,Open
T033,08-09,2009-02-22,145,Groomed
T034,08-09,2009-02-22,145,Groomed
T035,08-09,2009-02-22,145,Open
T036,08-09,2009-02-22,145,Groomed
T037,08-09,2009-02-22,145,Open
T038,08-09,2009-02-22,145,Open
T039,08-09,2009-02-22,145,Groomed
T040,08-09,2009-02-22,145,Groomed
T042,08-09,2009-02-22,145,Open
T043,08-09,2009-02-22,145,Open
T044,08-09,2009-02-22,145,Open
T045,08-09,2009-02-22,145,Open
T046,08-09,2009-02-22,145,Open
T047,08-09,2009-02-22,145,Open
T061,08-09,2009-02-22,145,Groomed
T063,08-09,2009-02-22,145,Groomed
T064,08-09,2009-02-22,145,Groomed
T065,08-09,2009-02-22,145,Groomed
T066,08-09,2009-02-22,145,Groomed
T067,08-09,2009-02-22,145,Groomed
T068,08-09,2009-02-22,145,Open
T069,08-09,2009-02-22,145,Open
T070,08-09,2009-02-22,145,Open
T071,08-09,2009-02-22,145,Open
T072,08-09,2009-02-22,145,Open
T073,08-09,2009-02-22,145,Open
T074,08-09,2009-02-22,145,Open
T075,08-09,2009-02-22,145,Open
T076,08-09,2009-02-22,145,Open
T077,08-09,2009-02-22,145,Groomed
T078,08-09,2009-02-22,145,Open
T079,08-09,2009-02-22,145,Groomed
T080,08-09,2009-02-22,145,Open
T081,08-09,2009-02-22,145,Open
T083,08-09,2009-02-22,145,Groomed
T084,08-09,2009-02-22,145,Open
T085,08-09,2009-02-22,145,Open
T086,08-09,2009-02-22,145,Open
T087,08-09,2009-02-22,145,Open
T088,08-09,2009-02-22,145,Open
T089,08-09,2009-02-22,145,Open
T090,08-09,2009-02-22,145,Open
T091,08-09,2009-02-22,145,Open
T092,08-09,2009-02-22,145,Open
T127,08-09,2009-02-22,145,Open
T134,08-09,2009-02-22,145,Open
T135,08-09,2009-02-22,145,Open
T136,08-09,2009-02-22,145,Open
T137,08-09,2009-02-22,145,Open
T148,08-09,2009-02-22,145,Open
T151,08-09,2009-02-22,145,Groomed
T152,08-09,2009-02-22,145,Groomed
T156,08-09,2009-02-22,145,Open
T157,08-09,2009-02-22,145,Open
T002,08-09,2009-02-23,146,Groomed
T003,08-09,2009-02-23,146,Open
T004,08-09,2009-02-23,146,Groomed
T005,08-09,2009-02-23,146,Groomed
T006,08-09,2009-02-23,146,Open
T007,08-09,2009-02-23,146,Groomed
T008,08-09,2009-02-23,146,Open
T009,08-09,2009-02-23,146,Groomed
T010,08-09,2009-02-23,146,Open
T011,08-09,2009-02-23,146,Groomed
T012,08-09,2009-02-23,146,Groomed
T013,08-09,2009-02-23,146,Groomed
T015,08-09,2009-02-23,146,Open
T016,08-09,2009-02-23,146,Open
T017,08-09,2009-02-23,146,Open
T018,08-09,2009-02-23,146,Open
T019,08-09,2009-02-23,146,Open
T020,08-09,2009-02-23,146,Groomed
T021,08-09,2009-02-23,146,Groomed
T022,08-09,2009-02-23,146,Groomed
T023,08-09,2009-02-23,146,Groomed
T024,08-09,2009-02-23,146,Open
T025,08-09,2009-02-23,146,Groomed
T026,08-09,2009-02-23,146,Open
T027,08-09,2009-02-23,146,Groomed
T028,08-09,2009-02-23,146,Open
T029,08-09,2009-02-23,146,Open
T030,08-09,2009-02-23,146,Open
T031,08-09,2009-02-23,146,Groomed
T032,08-09,2009-02-23,146,Open
T033,08-09,2009-02-23,146,Open
T034,08-09,2009-02-23,146,Groomed
T035,08-09,2009-02-23,146,Open
T036,08-09,2009-02-23,146,Groomed
T037,08-09,2009-02-23,146,Open
T038,08-09,2009-02-23,146,Open
T039,08-09,2009-02-23,146,Groomed
T040,08-09,2009-02-23,146,Groomed
T042,08-09,2009-02-23,146,Open
T043,08-09,2009-02-23,146,Open
T044,08-09,2009-02-23,146,Open
T045,08-09,2009-02-23,146,Open
T046,08-09,2009-02-23,146,Open
T047,08-09,2009-02-23,146,Open
T061,08-09,2009-02-23,146,Groomed
T063,08-09,2009-02-23,146,Groomed
T064,08-09,2009-02-23,146,Groomed
T065,08-09,2009-02-23,146,Groomed
T066,08-09,2009-02-23,146,Open
T067,08-09,2009-02-23,146,Groomed
T068,08-09,2009-02-23,146,Open
T069,08-09,2009-02-23,146,Open
T070,08-09,2009-02-23,146,Open
T071,08-09,2009-02-23,146,Open
T072,08-09,2009-02-23,146,Open
T073,08-09,2009-02-23,146,Open
T074,08-09,2009-02-23,146,Open
T075,08-09,2009-02-23,146,Open
T076,08-09,2009-02-23,146,Open
T077,08-09,2009-02-23,146,Groomed
T078,08-09,2009-02-23,146,Groomed
T079,08-09,2009-02-23,146,Groomed
T080,08-09,2009-02-23,146,Open
T081,08-09,2009-02-23,146,Open
T083,08-09,2009-02-23,146,Groomed
T084,08-09,2009-02-23,146,Open
T085,08-09,2009-02-23,146,Open
T086,08-09,2009-02-23,146,Open
T087,08-09,2009-02-23,146,Open
T088,08-09,2009-02-23,146,Open
T089,08-09,2009-02-23,146,Open
T090,08-09,2009-02-23,146,Open
T091,08-09,2009-02-23,146,Open
T092,08-09,2009-02-23,146,Open
T127,08-09,2009-02-23,146,Open
T134,08-09,2009-02-23,146,Open
T135,08-09,2009-02-23,146,Open
T136,08-09,2009-02-23,146,Open
T137,08-09,2009-02-23,146,Open
T148,08-09,2009-02-23,146,Open
T151,08-09,2009-02-23,146,Groomed
T152,08-09,2009-02-23,146,Groomed
T156,08-09,2009-02-23,146,Open
T157,08-09,2009-02-23,146,Open
T002,08-09,2009-02-24,147,Groomed
T003,08-09,2009-02-24,147,Open
T004,08-09,2009-02-24,147,Groomed
T005,08-09,2009-02-24,147,Groomed
T006,08-09,2009-02-24,147,Open
T007,08-09,2009-02-24,147,Groomed
T008,08-09,2009-02-24,147,Groomed
T009,08-09,2009-02-24,147,Groomed
T010,08-09,2009-02-24,147,Groomed
T011,08-09,2009-02-24,147,Groomed
T012,08-09,2009-02-24,147,Groomed
T013,08-09,2009-02-24,147,Groomed
T015,08-09,2009-02-24,147,Open
T016,08-09,2009-02-24,147,Open
T017,08-09,2009-02-24,147,Groomed
T018,08-09,2009-02-24,147,Groomed
T019,08-09,2009-02-24,147,Open
T020,08-09,2009-02-24,147,Groomed
T021,08-09,2009-02-24,147,Groomed
T022,08-09,2009-02-24,147,Groomed
T023,08-09,2009-02-24,147,Groomed
T024,08-09,2009-02-24,147,Open
T025,08-09,2009-02-24,147,Groomed
T026,08-09,2009-02-24,147,Open
T027,08-09,2009-02-24,147,Groomed
T028,08-09,2009-02-24,147,Groomed
T029,08-09,2009-02-24,147,Open
T030,08-09,2009-02-24,147,Groomed
T031,08-09,2009-02-24,147,Groomed
T032,08-09,2009-02-24,147,Open
T033,08-09,2009-02-24,147,Groomed
T034,08-09,2009-02-24,147,Groomed
T035,08-09,2009-02-24,147,Groomed
T036,08-09,2009-02-24,147,Groomed
T037,08-09,2009-02-24,147,Open
T038,08-09,2009-02-24,147,Open
T039,08-09,2009-02-24,147,Groomed
T040,08-09,2009-02-24,147,Groomed
T042,08-09,2009-02-24,147,Open
T043,08-09,2009-02-24,147,Open
T044,08-09,2009-02-24,147,Open
T045,08-09,2009-02-24,147,Open
T046,08-09,2009-02-24,147,Open
T047,08-09,2009-02-24,147,Open
T061,08-09,2009-02-24,147,Groomed
T063,08-09,2009-02-24,147,Groomed
T064,08-09,2009-02-24,147,Groomed
T065,08-09,2009-02-24,147,Groomed
T066,08-09,2009-02-24,147,Groomed
T067,08-09,2009-02-24,147,Groomed
T068,08-09,2009-02-24,147,Open
T069,08-09,2009-02-24,147,Open
T070,08-09,2009-02-24,147,Open
T071,08-09,2009-02-24,147,Open
T072,08-09,2009-02-24,147,Open
T073,08-09,2009-02-24,147,Open
T074,08-09,2009-02-24,147,Open
T075,08-09,2009-02-24,147,Open
T076,08-09,2009-02-24,147,Open
T077,08-09,2009-02-24,147,Groomed
T078,08-09,2009-02-24,147,Groomed
T079,08-09,2009-02-24,147,Groomed
T080,08-09,2009-02-24,147,Open
T081,08-09,2009-02-24,147,Open
T083,08-09,2009-02-24,147,Groomed
T084,08-09,2009-02-24,147,Open
T085,08-09,2009-02-24,147,Open
T086,08-09,2009-02-24,147,Open
T087,08-09,2009-02-24,147,Open
T088,08-09,2009-02-24,147,Open
T089,08-09,2009-02-24,147,Open
T090,08-09,2009-02-24,147,Open
T091,08-09,2009-02-24,147,Open
T092,08-09,2009-02-24,147,Open
T127,08-09,2009-02-24,147,Open
T134,08-09,2009-02-24,147,Open
T135,08-09,2009-02-24,147,Open
T136,08-09,2009-02-24,147,Open
T137,08-09,2009-02-24,147,Open
T148,08-09,2009-02-24,147,Open
T151,08-09,2009-02-24,147,Groomed
T152,08-09,2009-02-24,147,Groomed
T156,08-09,2009-02-24,147,Open
T157,08-09,2009-02-24,147,Open
T002,08-09,2009-02-25,148,Groomed
T003,08-09,2009-02-25,148,Open
T004,08-09,2009-02-25,148,Groomed
T005,08-09,2009-02-25,148,Groomed
T006,08-09,2009-02-25,148,Open
T007,08-09,2009-02-25,148,Groomed
T008,08-09,2009-02-25,148,Open
T009,08-09,2009-02-25,148,Groomed
T010,08-09,2009-02-25,148,Open
T011,08-09,2009-02-25,148,Groomed
T012,08-09,2009-02-25,148,Groomed
T013,08-09,2009-02-25,148,Groomed
T015,08-09,2009-02-25,148,Open
T016,08-09,2009-02-25,148,Open
T017,08-09,2009-02-25,148,Open
T018,08-09,2009-02-25,148,Groomed
T019,08-09,2009-02-25,148,Open
T020,08-09,2009-02-25,148,Groomed
T021,08-09,2009-02-25,148,Groomed
T022,08-09,2009-02-25,148,Groomed
T023,08-09,2009-02-25,148,Groomed
T024,08-09,2009-02-25,148,Open
T025,08-09,2009-02-25,148,Groomed
T026,08-09,2009-02-25,148,Open
T027,08-09,2009-02-25,148,Groomed
T028,08-09,2009-02-25,148,Groomed
T029,08-09,2009-02-25,148,Open
T030,08-09,2009-02-25,148,Groomed
T031,08-09,2009-02-25,148,Groomed
T032,08-09,2009-02-25,148,Open
T033,08-09,2009-02-25,148,Open
T034,08-09,2009-02-25,148,Groomed
T035,08-09,2009-02-25,148,Open
T036,08-09,2009-02-25,148,Groomed
T037,08-09,2009-02-25,148,Open
T038,08-09,2009-02-25,148,Open
T039,08-09,2009-02-25,148,Open
T040,08-09,2009-02-25,148,Groomed
T042,08-09,2009-02-25,148,Open
T043,08-09,2009-02-25,148,Open
T044,08-09,2009-02-25,148,Open
T045,08-09,2009-02-25,148,Open
T046,08-09,2009-02-25,148,Open
T047,08-09,2009-02-25,148,Open
T061,08-09,2009-02-25,148,Groomed
T063,08-09,2009-02-25,148,Groomed
T064,08-09,2009-02-25,148,Groomed
T065,08-09,2009-02-25,148,Groomed
T066,08-09,2009-02-25,148,Groomed
T067,08-09,2009-02-25,148,Groomed
T068,08-09,2009-02-25,148,Open
T069,08-09,2009-02-25,148,Open
T070,08-09,2009-02-25,148,Open
T071,08-09,2009-02-25,148,Open
T072,08-09,2009-02-25,148,Open
T073,08-09,2009-02-25,148,Open
T074,08-09,2009-02-25,148,Open
T075,08-09,2009-02-25,148,Open
T076,08-09,2009-02-25,148,Open
T077,08-09,2009-02-25,148,Groomed
T078,08-09,2009-02-25,148,Groomed
T079,08-09,2009-02-25,148,Groomed
T080,08-09,2009-02-25,148,Open
T081,08-09,2009-02-25,148,Open
T083,08-09,2009-02-25,148,Groomed
T084,08-09,2009-02-25,148,Open
T085,08-09,2009-02-25,148,Open
T086,08-09,2009-02-25,148,Open
T087,08-09,2009-02-25,148,Open
T088,08-09,2009-02-25,148,Open
T089,08-09,2009-02-25,148,Open
T090,08-09,2009-02-25,148,Open
T091,08-09,2009-02-25,148,Open
T092,08-09,2009-02-25,148,Open
T127,08-09,2009-02-25,148,Open
T134,08-09,2009-02-25,148,Open
T135,08-09,2009-02-25,148,Open
T136,08-09,2009-02-25,148,Open
T137,08-09,2009-02-25,148,Open
T148,08-09,2009-02-25,148,Open
T151,08-09,2009-02-25,148,Groomed
T152,08-09,2009-02-25,148,Groomed
T156,08-09,2009-02-25,148,Open
T157,08-09,2009-02-25,148,Open
T002,08-09,2009-02-26,149,Groomed
T003,08-09,2009-02-26,149,Open
T004,08-09,2009-02-26,149,Groomed
T005,08-09,2009-02-26,149,Groomed
T006,08-09,2009-02-26,149,Groomed
T007,08-09,2009-02-26,149,Groomed
T008,08-09,2009-02-26,149,Open
T009,08-09,2009-02-26,149,Groomed
T010,08-09,2009-02-26,149,Open
T011,08-09,2009-02-26,149,Groomed
T012,08-09,2009-02-26,149,Groomed
T013,08-09,2009-02-26,149,Groomed
T015,08-09,2009-02-26,149,Open
T016,08-09,2009-02-26,149,Open
T017,08-09,2009-02-26,149,Groomed
T018,08-09,2009-02-26,149,Open
T019,08-09,2009-02-26,149,Open
T020,08-09,2009-02-26,149,Groomed
T021,08-09,2009-02-26,149,Groomed
T022,08-09,2009-02-26,149,Groomed
T023,08-09,2009-02-26,149,Groomed
T024,08-09,2009-02-26,149,Open
T025,08-09,2009-02-26,149,Groomed
T026,08-09,2009-02-26,149,Open
T027,08-09,2009-02-26,149,Groomed
T028,08-09,2009-02-26,149,Groomed
T029,08-09,2009-02-26,149,Open
T030,08-09,2009-02-26,149,Groomed
T031,08-09,2009-02-26,149,Groomed
T032,08-09,2009-02-26,149,Open
T033,08-09,2009-02-26,149,Groomed
T034,08-09,2009-02-26,149,Groomed
T035,08-09,2009-02-26,149,Open
T036,08-09,2009-02-26,149,Groomed
T037,08-09,2009-02-26,149,Open
T038,08-09,2009-02-26,149,Open
T039,08-09,2009-02-26,149,Groomed
T040,08-09,2009-02-26,149,Groomed
T042,08-09,2009-02-26,149,Open
T043,08-09,2009-02-26,149,Groomed
T044,08-09,2009-02-26,149,Open
T045,08-09,2009-02-26,149,Open
T046,08-09,2009-02-26,149,Open
T047,08-09,2009-02-26,149,Open
T061,08-09,2009-02-26,149,Groomed
T063,08-09,2009-02-26,149,Groomed
T064,08-09,2009-02-26,149,Groomed
T065,08-09,2009-02-26,149,Groomed
T066,08-09,2009-02-26,149,Groomed
T067,08-09,2009-02-26,149,Groomed
T068,08-09,2009-02-26,149,Open
T069,08-09,2009-02-26,149,Open
T070,08-09,2009-02-26,149,Open
T071,08-09,2009-02-26,149,Open
T072,08-09,2009-02-26,149,Open
T073,08-09,2009-02-26,149,Open
T074,08-09,2009-02-26,149,Open
T075,08-09,2009-02-26,149,Open
T076,08-09,2009-02-26,149,Open
T077,08-09,2009-02-26,149,Groomed
T078,08-09,2009-02-26,149,Open
T079,08-09,2009-02-26,149,Groomed
T080,08-09,2009-02-26,149,Open
T081,08-09,2009-02-26,149,Open
T083,08-09,2009-02-26,149,Open
T084,08-09,2009-02-26,149,Open
T085,08-09,2009-02-26,149,Open
T086,08-09,2009-02-26,149,Open
T087,08-09,2009-02-26,149,Open
T088,08-09,2009-02-26,149,Open
T089,08-09,2009-02-26,149,Open
T090,08-09,2009-02-26,149,Open
T091,08-09,2009-02-26,149,Open
T092,08-09,2009-02-26,149,Open
T127,08-09,2009-02-26,149,Open
T134,08-09,2009-02-26,149,Open
T135,08-09,2009-02-26,149,Open
T136,08-09,2009-02-26,149,Open
T137,08-09,2009-02-26,149,Open
T148,08-09,2009-02-26,149,Open
T151,08-09,2009-02-26,149,Groomed
T152,08-09,2009-02-26,149,Groomed
T156,08-09,2009-02-26,149,Open
T157,08-09,2009-02-26,149,Open
T002,08-09,2009-02-27,150,Groomed
T003,08-09,2009-02-27,150,Open
T004,08-09,2009-02-27,150,Groomed
T005,08-09,2009-02-27,150,Groomed
T006,08-09,2009-02-27,150,Groomed
T007,08-09,2009-02-27,150,Groomed
T008,08-09,2009-02-27,150,Open
T009,08-09,2009-02-27,150,Groomed
T010,08-09,2009-02-27,150,Open
T011,08-09,2009-02-27,150,Groomed
T012,08-09,2009-02-27,150,Groomed
T013,08-09,2009-02-27,150,Groomed
T015,08-09,2009-02-27,150,Open
T016,08-09,2009-02-27,150,Open
T017,08-09,2009-02-27,150,Groomed
T018,08-09,2009-02-27,150,Groomed
T019,08-09,2009-02-27,150,Open
T020,08-09,2009-02-27,150,Groomed
T021,08-09,2009-02-27,150,Groomed
T022,08-09,2009-02-27,150,Groomed
T023,08-09,2009-02-27,150,Groomed
T024,08-09,2009-02-27,150,Open
T025,08-09,2009-02-27,150,Groomed
T026,08-09,2009-02-27,150,Open
T027,08-09,2009-02-27,150,Groomed
T028,08-09,2009-02-27,150,Groomed
T029,08-09,2009-02-27,150,Open
T030,08-09,2009-02-27,150,Groomed
T031,08-09,2009-02-27,150,Groomed
T032,08-09,2009-02-27,150,Open
T033,08-09,2009-02-27,150,Groomed
T034,08-09,2009-02-27,150,Groomed
T035,08-09,2009-02-27,150,Open
T036,08-09,2009-02-27,150,Groomed
T037,08-09,2009-02-27,150,Open
T038,08-09,2009-02-27,150,Open
T039,08-09,2009-02-27,150,Groomed
T040,08-09,2009-02-27,150,Groomed
T042,08-09,2009-02-27,150,Groomed
T043,08-09,2009-02-27,150,Groomed
T044,08-09,2009-02-27,150,Open
T045,08-09,2009-02-27,150,Open
T046,08-09,2009-02-27,150,Open
T047,08-09,2009-02-27,150,Open
T061,08-09,2009-02-27,150,Groomed
T063,08-09,2009-02-27,150,Groomed
T064,08-09,2009-02-27,150,Groomed
T065,08-09,2009-02-27,150,Groomed
T066,08-09,2009-02-27,150,Groomed
T067,08-09,2009-02-27,150,Groomed
T068,08-09,2009-02-27,150,Open
T069,08-09,2009-02-27,150,Open
T070,08-09,2009-02-27,150,Open
T071,08-09,2009-02-27,150,Open
T072,08-09,2009-02-27,150,Open
T073,08-09,2009-02-27,150,Open
T074,08-09,2009-02-27,150,Open
T075,08-09,2009-02-27,150,Open
T076,08-09,2009-02-27,150,Open
T077,08-09,2009-02-27,150,Groomed
T078,08-09,2009-02-27,150,Groomed
T079,08-09,2009-02-27,150,Groomed
T080,08-09,2009-02-27,150,Open
T081,08-09,2009-02-27,150,Open
T083,08-09,2009-02-27,150,Groomed
T084,08-09,2009-02-27,150,Open
T085,08-09,2009-02-27,150,Open
T086,08-09,2009-02-27,150,Open
T087,08-09,2009-02-27,150,Open
T088,08-09,2009-02-27,150,Open
T089,08-09,2009-02-27,150,Open
T090,08-09,2009-02-27,150,Open
T091,08-09,2009-02-27,150,Open
T092,08-09,2009-02-27,150,Open
T127,08-09,2009-02-27,150,Open
T134,08-09,2009-02-27,150,Open
T135,08-09,2009-02-27,150,Open
T136,08-09,2009-02-27,150,Open
T137,08-09,2009-02-27,150,Open
T148,08-09,2009-02-27,150,Open
T151,08-09,2009-02-27,150,Groomed
T152,08-09,2009-02-27,150,Groomed
T156,08-09,2009-02-27,150,Open
T157,08-09,2009-02-27,150,Open
T002,08-09,2009-02-28,151,Groomed
T003,08-09,2009-02-28,151,Open
T004,08-09,2009-02-28,151,Groomed
T005,08-09,2009-02-28,151,Groomed
T006,08-09,2009-02-28,151,Groomed
T007,08-09,2009-02-28,151,Groomed
T008,08-09,2009-02-28,151,Open
T009,08-09,2009-02-28,151,Groomed
T010,08-09,2009-02-28,151,Open
T011,08-09,2009-02-28,151,Groomed
T012,08-09,2009-02-28,151,Groomed
T013,08-09,2009-02-28,151,Groomed
T015,08-09,2009-02-28,151,Open
T016,08-09,2009-02-28,151,Open
T017,08-09,2009-02-28,151,Groomed
T018,08-09,2009-02-28,151,Groomed
T019,08-09,2009-02-28,151,Open
T020,08-09,2009-02-28,151,Groomed
T021,08-09,2009-02-28,151,Groomed
T022,08-09,2009-02-28,151,Groomed
T023,08-09,2009-02-28,151,Groomed
T024,08-09,2009-02-28,151,Open
T025,08-09,2009-02-28,151,Groomed
T026,08-09,2009-02-28,151,Open
T027,08-09,2009-02-28,151,Groomed
T028,08-09,2009-02-28,151,Groomed
T029,08-09,2009-02-28,151,Open
T030,08-09,2009-02-28,151,Groomed
T031,08-09,2009-02-28,151,Groomed
T032,08-09,2009-02-28,151,Open
T033,08-09,2009-02-28,151,Groomed
T034,08-09,2009-02-28,151,Groomed
T035,08-09,2009-02-28,151,Open
T036,08-09,2009-02-28,151,Groomed
T037,08-09,2009-02-28,151,Open
T038,08-09,2009-02-28,151,Groomed
T039,08-09,2009-02-28,151,Groomed
T040,08-09,2009-02-28,151,Groomed
T042,08-09,2009-02-28,151,Open
T043,08-09,2009-02-28,151,Groomed
T044,08-09,2009-02-28,151,Open
T045,08-09,2009-02-28,151,Open
T046,08-09,2009-02-28,151,Groomed
T047,08-09,2009-02-28,151,Open
T061,08-09,2009-02-28,151,Groomed
T063,08-09,2009-02-28,151,Groomed
T064,08-09,2009-02-28,151,Groomed
T065,08-09,2009-02-28,151,Groomed
T066,08-09,2009-02-28,151,Groomed
T067,08-09,2009-02-28,151,Groomed
T068,08-09,2009-02-28,151,Open
T069,08-09,2009-02-28,151,Open
T070,08-09,2009-02-28,151,Open
T071,08-09,2009-02-28,151,Open
T072,08-09,2009-02-28,151,Open
T073,08-09,2009-02-28,151,Open
T074,08-09,2009-02-28,151,Open
T075,08-09,2009-02-28,151,Open
T076,08-09,2009-02-28,151,Open
T077,08-09,2009-02-28,151,Groomed
T078,08-09,2009-02-28,151,Groomed
T079,08-09,2009-02-28,151,Groomed
T080,08-09,2009-02-28,151,Open
T081,08-09,2009-02-28,151,Open
T083,08-09,2009-02-28,151,Groomed
T084,08-09,2009-02-28,151,Open
T085,08-09,2009-02-28,151,Open
T086,08-09,2009-02-28,151,Open
T087,08-09,2009-02-28,151,Open
T088,08-09,2009-02-28,151,Open
T089,08-09,2009-02-28,151,Open
T090,08-09,2009-02-28,151,Open
T091,08-09,2009-02-28,151,Open
T092,08-09,2009-02-28,151,Open
T127,08-09,2009-02-28,151,Open
T134,08-09,2009-02-28,151,Open
T135,08-09,2009-02-28,151,Open
T136,08-09,2009-02-28,151,Open
T137,08-09,2009-02-28,151,Open
T148,08-09,2009-02-28,151,Open
T151,08-09,2009-02-28,151,Groomed
T152,08-09,2009-02-28,151,Groomed
T156,08-09,2009-02-28,151,Open
T157,08-09,2009-02-28,151,Open
T002,08-09,2009-03-01,152,Groomed
T003,08-09,2009-03-01,152,Open
T004,08-09,2009-03-01,152,Groomed
T005,08-09,2009-03-01,152,Groomed
T006,08-09,2009-03-01,152,Groomed
T007,08-09,2009-03-01,152,Groomed
T008,08-09,2009-03-01,152,Open
T009,08-09,2009-03-01,152,Groomed
T010,08-09,2009-03-01,152,Open
T011,08-09,2009-03-01,152,Groomed
T012,08-09,2009-03-01,152,Groomed
T013,08-09,2009-03-01,152,Groomed
T015,08-09,2009-03-01,152,Open
T016,08-09,2009-03-01,152,Open
T017,08-09,2009-03-01,152,Groomed
T018,08-09,2009-03-01,152,Open
T019,08-09,2009-03-01,152,Open
T020,08-09,2009-03-01,152,Groomed
T021,08-09,2009-03-01,152,Groomed
T022,08-09,2009-03-01,152,Groomed
T023,08-09,2009-03-01,152,Groomed
T024,08-09,2009-03-01,152,Groomed
T025,08-09,2009-03-01,152,Groomed
T026,08-09,2009-03-01,152,Groomed
T027,08-09,2009-03-01,152,Groomed
T028,08-09,2009-03-01,152,Groomed
T029,08-09,2009-03-01,152,Open
T030,08-09,2009-03-01,152,Groomed
T031,08-09,2009-03-01,152,Groomed
T032,08-09,2009-03-01,152,Open
T033,08-09,2009-03-01,152,Groomed
T034,08-09,2009-03-01,152,Groomed
T035,08-09,2009-03-01,152,Open
T036,08-09,2009-03-01,152,Groomed
T037,08-09,2009-03-01,152,Open
T038,08-09,2009-03-01,152,Open
T039,08-09,2009-03-01,152,Groomed
T040,08-09,2009-03-01,152,Groomed
T042,08-09,2009-03-01,152,Open
T043,08-09,2009-03-01,152,Open
T044,08-09,2009-03-01,152,Open
T045,08-09,2009-03-01,152,Open
T046,08-09,2009-03-01,152,Groomed
T047,08-09,2009-03-01,152,Open
T061,08-09,2009-03-01,152,Groomed
T063,08-09,2009-03-01,152,Groomed
T064,08-09,2009-03-01,152,Groomed
T065,08-09,2009-03-01,152,Groomed
T066,08-09,2009-03-01,152,Groomed
T067,08-09,2009-03-01,152,Groomed
T068,08-09,2009-03-01,152,Open
T069,08-09,2009-03-01,152,Open
T070,08-09,2009-03-01,152,Open
T071,08-09,2009-03-01,152,Open
T072,08-09,2009-03-01,152,Open
T073,08-09,2009-03-01,152,Open
T074,08-09,2009-03-01,152,Open
T075,08-09,2009-03-01,152,Open
T076,08-09,2009-03-01,152,Open
T077,08-09,2009-03-01,152,Groomed
T078,08-09,2009-03-01,152,Groomed
T079,08-09,2009-03-01,152,Groomed
T080,08-09,2009-03-01,152,Open
T081,08-09,2009-03-01,152,Open
T083,08-09,2009-03-01,152,Groomed
T084,08-09,2009-03-01,152,Open
T085,08-09,2009-03-01,152,Open
T086,08-09,2009-03-01,152,Open
T087,08-09,2009-03-01,152,Open
T088,08-09,2009-03-01,152,Open
T089,08-09,2009-03-01,152,Open
T090,08-09,2009-03-01,152,Open
T091,08-09,2009-03-01,152,Open
T092,08-09,2009-03-01,152,Open
T127,08-09,2009-03-01,152,Open
T134,08-09,2009-03-01,152,Open
T135,08-09,2009-03-01,152,Open
T136,08-09,2009-03-01,152,Open
T137,08-09,2009-03-01,152,Open
T148,08-09,2009-03-01,152,Open
T151,08-09,2009-03-01,152,Groomed
T152,08-09,2009-03-01,152,Groomed
T156,08-09,2009-03-01,152,Open
T157,08-09,2009-03-01,152,Open
T002,08-09,2009-03-02,153,Groomed
T003,08-09,2009-03-02,153,Open
T004,08-09,2009-03-02,153,Groomed
T005,08-09,2009-03-02,153,Groomed
T006,08-09,2009-03-02,153,Open
T007,08-09,2009-03-02,153,Groomed
T008,08-09,2009-03-02,153,Open
T009,08-09,2009-03-02,153,Groomed
T010,08-09,2009-03-02,153,Open
T011,08-09,2009-03-02,153,Groomed
T012,08-09,2009-03-02,153,Groomed
T013,08-09,2009-03-02,153,Groomed
T015,08-09,2009-03-02,153,Open
T016,08-09,2009-03-02,153,Open
T017,08-09,2009-03-02,153,Open
T018,08-09,2009-03-02,153,Open
T019,08-09,2009-03-02,153,Open
T020,08-09,2009-03-02,153,Groomed
T021,08-09,2009-03-02,153,Groomed
T022,08-09,2009-03-02,153,Groomed
T023,08-09,2009-03-02,153,Groomed
T024,08-09,2009-03-02,153,Open
T025,08-09,2009-03-02,153,Groomed
T026,08-09,2009-03-02,153,Open
T027,08-09,2009-03-02,153,Groomed
T028,08-09,2009-03-02,153,Groomed
T029,08-09,2009-03-02,153,Open
T030,08-09,2009-03-02,153,Groomed
T031,08-09,2009-03-02,153,Groomed
T032,08-09,2009-03-02,153,Open
T033,08-09,2009-03-02,153,Open
T034,08-09,2009-03-02,153,Groomed
T035,08-09,2009-03-02,153,Open
T036,08-09,2009-03-02,153,Groomed
T037,08-09,2009-03-02,153,Open
T038,08-09,2009-03-02,153,Open
T039,08-09,2009-03-02,153,Groomed
T040,08-09,2009-03-02,153,Groomed
T042,08-09,2009-03-02,153,Open
T043,08-09,2009-03-02,153,Open
T044,08-09,2009-03-02,153,Open
T045,08-09,2009-03-02,153,Open
T046,08-09,2009-03-02,153,Groomed
T047,08-09,2009-03-02,153,Open
T061,08-09,2009-03-02,153,Groomed
T063,08-09,2009-03-02,153,Groomed
T064,08-09,2009-03-02,153,Groomed
T065,08-09,2009-03-02,153,Groomed
T066,08-09,2009-03-02,153,Open
T067,08-09,2009-03-02,153,Groomed
T068,08-09,2009-03-02,153,Open
T069,08-09,2009-03-02,153,Open
T070,08-09,2009-03-02,153,Open
T071,08-09,2009-03-02,153,Open
T072,08-09,2009-03-02,153,Open
T073,08-09,2009-03-02,153,Open
T074,08-09,2009-03-02,153,Open
T075,08-09,2009-03-02,153,Open
T076,08-09,2009-03-02,153,Open
T077,08-09,2009-03-02,153,Groomed
T078,08-09,2009-03-02,153,Groomed
T079,08-09,2009-03-02,153,Groomed
T080,08-09,2009-03-02,153,Open
T081,08-09,2009-03-02,153,Open
T083,08-09,2009-03-02,153,Open
T084,08-09,2009-03-02,153,Open
T085,08-09,2009-03-02,153,Open
T086,08-09,2009-03-02,153,Open
T087,08-09,2009-03-02,153,Open
T088,08-09,2009-03-02,153,Open
T089,08-09,2009-03-02,153,Open
T090,08-09,2009-03-02,153,Open
T091,08-09,2009-03-02,153,Open
T092,08-09,2009-03-02,153,Open
T127,08-09,2009-03-02,153,Open
T134,08-09,2009-03-02,153,Open
T135,08-09,2009-03-02,153,Open
T136,08-09,2009-03-02,153,Open
T137,08-09,2009-03-02,153,Open
T148,08-09,2009-03-02,153,Open
T151,08-09,2009-03-02,153,Groomed
T152,08-09,2009-03-02,153,Groomed
T156,08-09,2009-03-02,153,Open
T157,08-09,2009-03-02,153,Open
T002,08-09,2009-03-03,154,Groomed
T003,08-09,2009-03-03,154,Open
T004,08-09,2009-03-03,154,Groomed
T005,08-09,2009-03-03,154,Groomed
T006,08-09,2009-03-03,154,Open
T007,08-09,2009-03-03,154,Groomed
T008,08-09,2009-03-03,154,Open
T009,08-09,2009-03-03,154,Groomed
T010,08-09,2009-03-03,154,Open
T011,08-09,2009-03-03,154,Groomed
T012,08-09,2009-03-03,154,Groomed
T013,08-09,2009-03-03,154,Groomed
T015,08-09,2009-03-03,154,Open
T016,08-09,2009-03-03,154,Open
T017,08-09,2009-03-03,154,Open
T018,08-09,2009-03-03,154,Open
T019,08-09,2009-03-03,154,Open
T020,08-09,2009-03-03,154,Groomed
T021,08-09,2009-03-03,154,Groomed
T022,08-09,2009-03-03,154,Groomed
T023,08-09,2009-03-03,154,Groomed
T024,08-09,2009-03-03,154,Open
T025,08-09,2009-03-03,154,Groomed
T026,08-09,2009-03-03,154,Open
T027,08-09,2009-03-03,154,Groomed
T028,08-09,2009-03-03,154,Groomed
T029,08-09,2009-03-03,154,Open
T030,08-09,2009-03-03,154,Groomed
T031,08-09,2009-03-03,154,Groomed
T032,08-09,2009-03-03,154,Open
T033,08-09,2009-03-03,154,Open
T034,08-09,2009-03-03,154,Groomed
T035,08-09,2009-03-03,154,Open
T036,08-09,2009-03-03,154,Groomed
T037,08-09,2009-03-03,154,Open
T038,08-09,2009-03-03,154,Open
T039,08-09,2009-03-03,154,Open
T040,08-09,2009-03-03,154,Groomed
T042,08-09,2009-03-03,154,Open
T043,08-09,2009-03-03,154,Open
T044,08-09,2009-03-03,154,Open
T045,08-09,2009-03-03,154,Open
T046,08-09,2009-03-03,154,Open
T047,08-09,2009-03-03,154,Open
T061,08-09,2009-03-03,154,Groomed
T063,08-09,2009-03-03,154,Groomed
T064,08-09,2009-03-03,154,Groomed
T065,08-09,2009-03-03,154,Groomed
T066,08-09,2009-03-03,154,Groomed
T067,08-09,2009-03-03,154,Groomed
T068,08-09,2009-03-03,154,Open
T069,08-09,2009-03-03,154,Open
T070,08-09,2009-03-03,154,Open
T071,08-09,2009-03-03,154,Open
T072,08-09,2009-03-03,154,Open
T073,08-09,2009-03-03,154,Open
T074,08-09,2009-03-03,154,Open
T075,08-09,2009-03-03,154,Open
T076,08-09,2009-03-03,154,Open
T077,08-09,2009-03-03,154,Groomed
T078,08-09,2009-03-03,154,Groomed
T079,08-09,2009-03-03,154,Groomed
T080,08-09,2009-03-03,154,Open
T081,08-09,2009-03-03,154,Open
T083,08-09,2009-03-03,154,Open
T084,08-09,2009-03-03,154,Open
T085,08-09,2009-03-03,154,Open
T086,08-09,2009-03-03,154,Open
T087,08-09,2009-03-03,154,Open
T088,08-09,2009-03-03,154,Open
T089,08-09,2009-03-03,154,Open
T090,08-09,2009-03-03,154,Open
T091,08-09,2009-03-03,154,Open
T092,08-09,2009-03-03,154,Open
T127,08-09,2009-03-03,154,Open
T134,08-09,2009-03-03,154,Open
T135,08-09,2009-03-03,154,Open
T136,08-09,2009-03-03,154,Open
T137,08-09,2009-03-03,154,Open
T148,08-09,2009-03-03,154,Open
T151,08-09,2009-03-03,154,Groomed
T152,08-09,2009-03-03,154,Groomed
T156,08-09,2009-03-03,154,Open
T157,08-09,2009-03-03,154,Open
T002,08-09,2009-03-04,155,Groomed
T003,08-09,2009-03-04,155,Open
T004,08-09,2009-03-04,155,Groomed
T005,08-09,2009-03-04,155,Groomed
T006,08-09,2009-03-04,155,Open
T007,08-09,2009-03-04,155,Groomed
T008,08-09,2009-03-04,155,Open
T009,08-09,2009-03-04,155,Groomed
T010,08-09,2009-03-04,155,Open
T011,08-09,2009-03-04,155,Groomed
T012,08-09,2009-03-04,155,Groomed
T013,08-09,2009-03-04,155,Groomed
T015,08-09,2009-03-04,155,Open
T016,08-09,2009-03-04,155,Open
T017,08-09,2009-03-04,155,Groomed
T018,08-09,2009-03-04,155,Open
T019,08-09,2009-03-04,155,Open
T020,08-09,2009-03-04,155,Groomed
T021,08-09,2009-03-04,155,Groomed
T022,08-09,2009-03-04,155,Groomed
T023,08-09,2009-03-04,155,Groomed
T024,08-09,2009-03-04,155,Open
T025,08-09,2009-03-04,155,Groomed
T026,08-09,2009-03-04,155,Open
T027,08-09,2009-03-04,155,Groomed
T028,08-09,2009-03-04,155,Groomed
T029,08-09,2009-03-04,155,Open
T030,08-09,2009-03-04,155,Groomed
T031,08-09,2009-03-04,155,Groomed
T032,08-09,2009-03-04,155,Open
T033,08-09,2009-03-04,155,Groomed
T034,08-09,2009-03-04,155,Groomed
T035,08-09,2009-03-04,155,Open
T036,08-09,2009-03-04,155,Groomed
T037,08-09,2009-03-04,155,Open
T038,08-09,2009-03-04,155,Open
T039,08-09,2009-03-04,155,Open
T040,08-09,2009-03-04,155,Groomed
T042,08-09,2009-03-04,155,Open
T043,08-09,2009-03-04,155,Open
T044,08-09,2009-03-04,155,Open
T045,08-09,2009-03-04,155,Open
T046,08-09,2009-03-04,155,Open
T047,08-09,2009-03-04,155,Open
T061,08-09,2009-03-04,155,Groomed
T063,08-09,2009-03-04,155,Groomed
T064,08-09,2009-03-04,155,Groomed
T065,08-09,2009-03-04,155,Groomed
T066,08-09,2009-03-04,155,Groomed
T067,08-09,2009-03-04,155,Groomed
T068,08-09,2009-03-04,155,Open
T069,08-09,2009-03-04,155,Open
T070,08-09,2009-03-04,155,Open
T071,08-09,2009-03-04,155,Open
T072,08-09,2009-03-04,155,Open
T073,08-09,2009-03-04,155,Open
T074,08-09,2009-03-04,155,Open
T075,08-09,2009-03-04,155,Open
T076,08-09,2009-03-04,155,Open
T077,08-09,2009-03-04,155,Groomed
T078,08-09,2009-03-04,155,Groomed
T079,08-09,2009-03-04,155,Groomed
T080,08-09,2009-03-04,155,Open
T081,08-09,2009-03-04,155,Open
T083,08-09,2009-03-04,155,Open
T084,08-09,2009-03-04,155,Open
T085,08-09,2009-03-04,155,Open
T086,08-09,2009-03-04,155,Open
T087,08-09,2009-03-04,155,Open
T088,08-09,2009-03-04,155,Open
T089,08-09,2009-03-04,155,Open
T090,08-09,2009-03-04,155,Open
T091,08-09,2009-03-04,155,Open
T092,08-09,2009-03-04,155,Open
T127,08-09,2009-03-04,155,Open
T134,08-09,2009-03-04,155,Open
T135,08-09,2009-03-04,155,Open
T136,08-09,2009-03-04,155,Open
T137,08-09,2009-03-04,155,Open
T148,08-09,2009-03-04,155,Open
T151,08-09,2009-03-04,155,Groomed
T152,08-09,2009-03-04,155,Groomed
T156,08-09,2009-03-04,155,Open
T157,08-09,2009-03-04,155,Open
T002,08-09,2009-03-05,156,Groomed
T003,08-09,2009-03-05,156,Open
T004,08-09,2009-03-05,156,Groomed
T005,08-09,2009-03-05,156,Groomed
T006,08-09,2009-03-05,156,Open
T007,08-09,2009-03-05,156,Groomed
T008,08-09,2009-03-05,156,Open
T009,08-09,2009-03-05,156,Groomed
T010,08-09,2009-03-05,156,Open
T011,08-09,2009-03-05,156,Groomed
T012,08-09,2009-03-05,156,Groomed
T013,08-09,2009-03-05,156,Groomed
T015,08-09,2009-03-05,156,Open
T016,08-09,2009-03-05,156,Open
T017,08-09,2009-03-05,156,Open
T018,08-09,2009-03-05,156,Open
T019,08-09,2009-03-05,156,Open
T020,08-09,2009-03-05,156,Groomed
T021,08-09,2009-03-05,156,Groomed
T022,08-09,2009-03-05,156,Groomed
T023,08-09,2009-03-05,156,Groomed
T024,08-09,2009-03-05,156,Open
T025,08-09,2009-03-05,156,Groomed
T026,08-09,2009-03-05,156,Open
T027,08-09,2009-03-05,156,Groomed
T028,08-09,2009-03-05,156,Groomed
T029,08-09,2009-03-05,156,Open
T030,08-09,2009-03-05,156,Groomed
T031,08-09,2009-03-05,156,Groomed
T032,08-09,2009-03-05,156,Open
T033,08-09,2009-03-05,156,Open
T034,08-09,2009-03-05,156,Groomed
T035,08-09,2009-03-05,156,Open
T036,08-09,2009-03-05,156,Groomed
T037,08-09,2009-03-05,156,Open
T038,08-09,2009-03-05,156,Open
T039,08-09,2009-03-05,156,Groomed
T040,08-09,2009-03-05,156,Groomed
T042,08-09,2009-03-05,156,Open
T043,08-09,2009-03-05,156,Open
T044,08-09,2009-03-05,156,Open
T045,08-09,2009-03-05,156,Open
T046,08-09,2009-03-05,156,Open
T047,08-09,2009-03-05,156,Open
T061,08-09,2009-03-05,156,Groomed
T063,08-09,2009-03-05,156,Groomed
T064,08-09,2009-03-05,156,Groomed
T065,08-09,2009-03-05,156,Groomed
T066,08-09,2009-03-05,156,Open
T067,08-09,2009-03-05,156,Groomed
T068,08-09,2009-03-05,156,Open
T069,08-09,2009-03-05,156,Open
T070,08-09,2009-03-05,156,Open
T071,08-09,2009-03-05,156,Open
T072,08-09,2009-03-05,156,Open
T073,08-09,2009-03-05,156,Open
T074,08-09,2009-03-05,156,Open
T075,08-09,2009-03-05,156,Open
T076,08-09,2009-03-05,156,Open
T077,08-09,2009-03-05,156,Groomed
T078,08-09,2009-03-05,156,Groomed
T079,08-09,2009-03-05,156,Groomed
T080,08-09,2009-03-05,156,Open
T081,08-09,2009-03-05,156,Open
T083,08-09,2009-03-05,156,Groomed
T084,08-09,2009-03-05,156,Open
T085,08-09,2009-03-05,156,Open
T086,08-09,2009-03-05,156,Open
T087,08-09,2009-03-05,156,Open
T088,08-09,2009-03-05,156,Open
T089,08-09,2009-03-05,156,Open
T090,08-09,2009-03-05,156,Open
T091,08-09,2009-03-05,156,Open
T092,08-09,2009-03-05,156,Open
T127,08-09,2009-03-05,156,Open
T134,08-09,2009-03-05,156,Open
T135,08-09,2009-03-05,156,Open
T136,08-09,2009-03-05,156,Open
T137,08-09,2009-03-05,156,Open
T148,08-09,2009-03-05,156,Closed
T151,08-09,2009-03-05,156,Groomed
T152,08-09,2009-03-05,156,Groomed
T156,08-09,2009-03-05,156,Open
T157,08-09,2009-03-05,156,Open
T002,08-09,2009-03-06,157,Groomed
T003,08-09,2009-03-06,157,Open
T004,08-09,2009-03-06,157,Groomed
T005,08-09,2009-03-06,157,Groomed
T006,08-09,2009-03-06,157,Groomed
T007,08-09,2009-03-06,157,Groomed
T008,08-09,2009-03-06,157,Open
T009,08-09,2009-03-06,157,Groomed
T010,08-09,2009-03-06,157,Open
T011,08-09,2009-03-06,157,Groomed
T012,08-09,2009-03-06,157,Groomed
T013,08-09,2009-03-06,157,Groomed
T015,08-09,2009-03-06,157,Open
T016,08-09,2009-03-06,157,Open
T017,08-09,2009-03-06,157,Open
T018,08-09,2009-03-06,157,Open
T019,08-09,2009-03-06,157,Open
T020,08-09,2009-03-06,157,Groomed
T021,08-09,2009-03-06,157,Groomed
T022,08-09,2009-03-06,157,Groomed
T023,08-09,2009-03-06,157,Groomed
T024,08-09,2009-03-06,157,Open
T025,08-09,2009-03-06,157,Groomed
T026,08-09,2009-03-06,157,Open
T027,08-09,2009-03-06,157,Groomed
T028,08-09,2009-03-06,157,Groomed
T029,08-09,2009-03-06,157,Open
T030,08-09,2009-03-06,157,Groomed
T031,08-09,2009-03-06,157,Groomed
T032,08-09,2009-03-06,157,Open
T033,08-09,2009-03-06,157,Groomed
T034,08-09,2009-03-06,157,Groomed
T035,08-09,2009-03-06,157,Open
T036,08-09,2009-03-06,157,Groomed
T037,08-09,2009-03-06,157,Open
T038,08-09,2009-03-06,157,Open
T039,08-09,2009-03-06,157,Open
T040,08-09,2009-03-06,157,Groomed
T042,08-09,2009-03-06,157,Open
T043,08-09,2009-03-06,157,Open
T044,08-09,2009-03-06,157,Open
T045,08-09,2009-03-06,157,Open
T046,08-09,2009-03-06,157,Open
T047,08-09,2009-03-06,157,Open
T061,08-09,2009-03-06,157,Groomed
T063,08-09,2009-03-06,157,Groomed
T064,08-09,2009-03-06,157,Groomed
T065,08-09,2009-03-06,157,Groomed
T066,08-09,2009-03-06,157,Groomed
T067,08-09,2009-03-06,157,Groomed
T068,08-09,2009-03-06,157,Open
T069,08-09,2009-03-06,157,Open
T070,08-09,2009-03-06,157,Open
T071,08-09,2009-03-06,157,Open
T072,08-09,2009-03-06,157,Open
T073,08-09,2009-03-06,157,Open
T074,08-09,2009-03-06,157,Open
T075,08-09,2009-03-06,157,Open
T076,08-09,2009-03-06,157,Open
T077,08-09,2009-03-06,157,Groomed
T078,08-09,2009-03-06,157,Groomed
T079,08-09,2009-03-06,157,Groomed
T080,08-09,2009-03-06,157,Open
T081,08-09,2009-03-06,157,Open
T083,08-09,2009-03-06,157,Groomed
T084,08-09,2009-03-06,157,Open
T085,08-09,2009-03-06,157,Open
T086,08-09,2009-03-06,157,Open
T087,08-09,2009-03-06,157,Open
T088,08-09,2009-03-06,157,Open
T089,08-09,2009-03-06,157,Open
T090,08-09,2009-03-06,157,Open
T091,08-09,2009-03-06,157,Open
T092,08-09,2009-03-06,157,Open
T127,08-09,2009-03-06,157,Open
T134,08-09,2009-03-06,157,Open
T135,08-09,2009-03-06,157,Open
T136,08-09,2009-03-06,157,Open
T137,08-09,2009-03-06,157,Open
T148,08-09,2009-03-06,157,Closed
T151,08-09,2009-03-06,157,Groomed
T152,08-09,2009-03-06,157,Groomed
T156,08-09,2009-03-06,157,Open
T157,08-09,2009-03-06,157,Open
T002,08-09,2009-03-07,158,Groomed
T003,08-09,2009-03-07,158,Open
T004,08-09,2009-03-07,158,Groomed
T005,08-09,2009-03-07,158,Groomed
T006,08-09,2009-03-07,158,Groomed
T007,08-09,2009-03-07,158,Groomed
T008,08-09,2009-03-07,158,Open
T009,08-09,2009-03-07,158,Groomed
T010,08-09,2009-03-07,158,Open
T011,08-09,2009-03-07,158,Groomed
T012,08-09,2009-03-07,158,Groomed
T013,08-09,2009-03-07,158,Groomed
T015,08-09,2009-03-07,158,Open
T016,08-09,2009-03-07,158,Open
T017,08-09,2009-03-07,158,Open
T018,08-09,2009-03-07,158,Open
T019,08-09,2009-03-07,158,Open
T020,08-09,2009-03-07,158,Groomed
T021,08-09,2009-03-07,158,Groomed
T022,08-09,2009-03-07,158,Groomed
T023,08-09,2009-03-07,158,Groomed
T024,08-09,2009-03-07,158,Open
T025,08-09,2009-03-07,158,Groomed
T026,08-09,2009-03-07,158,Open
T027,08-09,2009-03-07,158,Groomed
T028,08-09,2009-03-07,158,Groomed
T029,08-09,2009-03-07,158,Open
T030,08-09,2009-03-07,158,Groomed
T031,08-09,2009-03-07,158,Groomed
T032,08-09,2009-03-07,158,Open
T033,08-09,2009-03-07,158,Open
T034,08-09,2009-03-07,158,Groomed
T035,08-09,2009-03-07,158,Open
T036,08-09,2009-03-07,158,Groomed
T037,08-09,2009-03-07,158,Open
T038,08-09,2009-03-07,158,Open
T039,08-09,2009-03-07,158,Open
T040,08-09,2009-03-07,158,Groomed
T042,08-09,2009-03-07,158,Open
T043,08-09,2009-03-07,158,Open
T044,08-09,2009-03-07,158,Open
T045,08-09,2009-03-07,158,Open
T046,08-09,2009-03-07,158,Open
T047,08-09,2009-03-07,158,Open
T061,08-09,2009-03-07,158,Groomed
T063,08-09,2009-03-07,158,Groomed
T064,08-09,2009-03-07,158,Groomed
T065,08-09,2009-03-07,158,Groomed
T066,08-09,2009-03-07,158,Groomed
T067,08-09,2009-03-07,158,Groomed
T068,08-09,2009-03-07,158,Open
T069,08-09,2009-03-07,158,Open
T070,08-09,2009-03-07,158,Open
T071,08-09,2009-03-07,158,Open
T072,08-09,2009-03-07,158,Open
T073,08-09,2009-03-07,158,Open
T074,08-09,2009-03-07,158,Groomed
T075,08-09,2009-03-07,158,Open
T076,08-09,2009-03-07,158,Open
T077,08-09,2009-03-07,158,Groomed
T078,08-09,2009-03-07,158,Groomed
T079,08-09,2009-03-07,158,Groomed
T080,08-09,2009-03-07,158,Open
T081,08-09,2009-03-07,158,Open
T083,08-09,2009-03-07,158,Open
T084,08-09,2009-03-07,158,Open
T085,08-09,2009-03-07,158,Open
T086,08-09,2009-03-07,158,Open
T087,08-09,2009-03-07,158,Open
T088,08-09,2009-03-07,158,Open
T089,08-09,2009-03-07,158,Open
T090,08-09,2009-03-07,158,Open
T091,08-09,2009-03-07,158,Open
T092,08-09,2009-03-07,158,Open
T127,08-09,2009-03-07,158,Open
T134,08-09,2009-03-07,158,Open
T135,08-09,2009-03-07,158,Open
T136,08-09,2009-03-07,158,Open
T137,08-09,2009-03-07,158,Open
T148,08-09,2009-03-07,158,Closed
T151,08-09,2009-03-07,158,Groomed
T152,08-09,2009-03-07,158,Groomed
T156,08-09,2009-03-07,158,Open
T157,08-09,2009-03-07,158,Open
T002,08-09,2009-03-08,159,Groomed
T003,08-09,2009-03-08,159,Open
T004,08-09,2009-03-08,159,Groomed
T005,08-09,2009-03-08,159,Groomed
T006,08-09,2009-03-08,159,Groomed
T007,08-09,2009-03-08,159,Groomed
T008,08-09,2009-03-08,159,Open
T009,08-09,2009-03-08,159,Groomed
T010,08-09,2009-03-08,159,Open
T011,08-09,2009-03-08,159,Groomed
T012,08-09,2009-03-08,159,Groomed
T013,08-09,2009-03-08,159,Groomed
T015,08-09,2009-03-08,159,Open
T016,08-09,2009-03-08,159,Open
T017,08-09,2009-03-08,159,Groomed
T018,08-09,2009-03-08,159,Groomed
T019,08-09,2009-03-08,159,Open
T020,08-09,2009-03-08,159,Groomed
T021,08-09,2009-03-08,159,Groomed
T022,08-09,2009-03-08,159,Groomed
T023,08-09,2009-03-08,159,Groomed
T024,08-09,2009-03-08,159,Groomed
T025,08-09,2009-03-08,159,Groomed
T026,08-09,2009-03-08,159,Groomed
T027,08-09,2009-03-08,159,Groomed
T028,08-09,2009-03-08,159,Groomed
T029,08-09,2009-03-08,159,Open
T030,08-09,2009-03-08,159,Groomed
T031,08-09,2009-03-08,159,Groomed
T032,08-09,2009-03-08,159,Open
T033,08-09,2009-03-08,159,Groomed
T034,08-09,2009-03-08,159,Groomed
T035,08-09,2009-03-08,159,Open
T036,08-09,2009-03-08,159,Groomed
T037,08-09,2009-03-08,159,Open
T038,08-09,2009-03-08,159,Open
T039,08-09,2009-03-08,159,Groomed
T040,08-09,2009-03-08,159,Groomed
T042,08-09,2009-03-08,159,Open
T043,08-09,2009-03-08,159,Groomed
T044,08-09,2009-03-08,159,Open
T045,08-09,2009-03-08,159,Open
T046,08-09,2009-03-08,159,Open
T047,08-09,2009-03-08,159,Open
T061,08-09,2009-03-08,159,Groomed
T063,08-09,2009-03-08,159,Groomed
T064,08-09,2009-03-08,159,Groomed
T065,08-09,2009-03-08,159,Groomed
T066,08-09,2009-03-08,159,Groomed
T067,08-09,2009-03-08,159,Groomed
T068,08-09,2009-03-08,159,Open
T069,08-09,2009-03-08,159,Open
T070,08-09,2009-03-08,159,Open
T071,08-09,2009-03-08,159,Open
T072,08-09,2009-03-08,159,Open
T073,08-09,2009-03-08,159,Open
T074,08-09,2009-03-08,159,Open
T075,08-09,2009-03-08,159,Open
T076,08-09,2009-03-08,159,Open
T077,08-09,2009-03-08,159,Groomed
T078,08-09,2009-03-08,159,Groomed
T079,08-09,2009-03-08,159,Groomed
T080,08-09,2009-03-08,159,Open
T081,08-09,2009-03-08,159,Open
T083,08-09,2009-03-08,159,Groomed
T084,08-09,2009-03-08,159,Open
T085,08-09,2009-03-08,159,Open
T086,08-09,2009-03-08,159,Open
T087,08-09,2009-03-08,159,Open
T088,08-09,2009-03-08,159,Open
T089,08-09,2009-03-08,159,Open
T090,08-09,2009-03-08,159,Open
T091,08-09,2009-03-08,159,Open
T092,08-09,2009-03-08,159,Open
T127,08-09,2009-03-08,159,Open
T134,08-09,2009-03-08,159,Open
T135,08-09,2009-03-08,159,Open
T136,08-09,2009-03-08,159,Open
T137,08-09,2009-03-08,159,Open
T148,08-09,2009-03-08,159,Closed
T151,08-09,2009-03-08,159,Groomed
T152,08-09,2009-03-08,159,Groomed
T156,08-09,2009-03-08,159,Open
T157,08-09,2009-03-08,159,Open
T002,08-09,2009-03-09,160,Groomed
T003,08-09,2009-03-09,160,Open
T004,08-09,2009-03-09,160,Groomed
T005,08-09,2009-03-09,160,Groomed
T006,08-09,2009-03-09,160,Groomed
T007,08-09,2009-03-09,160,Groomed
T008,08-09,2009-03-09,160,Open
T009,08-09,2009-03-09,160,Groomed
T010,08-09,2009-03-09,160,Open
T011,08-09,2009-03-09,160,Groomed
T012,08-09,2009-03-09,160,Groomed
T013,08-09,2009-03-09,160,Groomed
T015,08-09,2009-03-09,160,Open
T016,08-09,2009-03-09,160,Open
T017,08-09,2009-03-09,160,Open
T018,08-09,2009-03-09,160,Open
T019,08-09,2009-03-09,160,Open
T020,08-09,2009-03-09,160,Groomed
T021,08-09,2009-03-09,160,Groomed
T022,08-09,2009-03-09,160,Groomed
T023,08-09,2009-03-09,160,Groomed
T024,08-09,2009-03-09,160,Open
T025,08-09,2009-03-09,160,Groomed
T026,08-09,2009-03-09,160,Open
T027,08-09,2009-03-09,160,Groomed
T028,08-09,2009-03-09,160,Open
T029,08-09,2009-03-09,160,Open
T030,08-09,2009-03-09,160,Open
T031,08-09,2009-03-09,160,Groomed
T032,08-09,2009-03-09,160,Open
T033,08-09,2009-03-09,160,Groomed
T034,08-09,2009-03-09,160,Groomed
T035,08-09,2009-03-09,160,Open
T036,08-09,2009-03-09,160,Groomed
T037,08-09,2009-03-09,160,Open
T038,08-09,2009-03-09,160,Open
T039,08-09,2009-03-09,160,Open
T040,08-09,2009-03-09,160,Groomed
T042,08-09,2009-03-09,160,Open
T043,08-09,2009-03-09,160,Open
T044,08-09,2009-03-09,160,Open
T045,08-09,2009-03-09,160,Open
T046,08-09,2009-03-09,160,Open
T047,08-09,2009-03-09,160,Open
T061,08-09,2009-03-09,160,Groomed
T063,08-09,2009-03-09,160,Groomed
T064,08-09,2009-03-09,160,Groomed
T065,08-09,2009-03-09,160,Groomed
T066,08-09,2009-03-09,160,Open
T067,08-09,2009-03-09,160,Groomed
T068,08-09,2009-03-09,160,Open
T069,08-09,2009-03-09,160,Open
T070,08-09,2009-03-09,160,Open
T071,08-09,2009-03-09,160,Open
T072,08-09,2009-03-09,160,Open
T073,08-09,2009-03-09,160,Open
T074,08-09,2009-03-09,160,Open
T075,08-09,2009-03-09,160,Open
T076,08-09,2009-03-09,160,Open
T077,08-09,2009-03-09,160,Groomed
T078,08-09,2009-03-09,160,Groomed
T079,08-09,2009-03-09,160,Groomed
T080,08-09,2009-03-09,160,Open
T081,08-09,2009-03-09,160,Open
T083,08-09,2009-03-09,160,Open
T084,08-09,2009-03-09,160,Open
T085,08-09,2009-03-09,160,Open
T086,08-09,2009-03-09,160,Open
T087,08-09,2009-03-09,160,Open
T088,08-09,2009-03-09,160,Open
T089,08-09,2009-03-09,160,Open
T090,08-09,2009-03-09,160,Open
T091,08-09,2009-03-09,160,Open
T092,08-09,2009-03-09,160,Open
T127,08-09,2009-03-09,160,Open
T134,08-09,2009-03-09,160,Open
T135,08-09,2009-03-09,160,Open
T136,08-09,2009-03-09,160,Open
T137,08-09,2009-03-09,160,Open
T148,08-09,2009-03-09,160,Closed
T151,08-09,2009-03-09,160,Groomed
T152,08-09,2009-03-09,160,Groomed
T156,08-09,2009-03-09,160,Open
T157,08-09,2009-03-09,160,Open
T002,08-09,2009-03-10,161,Groomed
T003,08-09,2009-03-10,161,Open
T004,08-09,2009-03-10,161,Groomed
T005,08-09,2009-03-10,161,Groomed
T006,08-09,2009-03-10,161,Groomed
T007,08-09,2009-03-10,161,Groomed
T008,08-09,2009-03-10,161,Open
T009,08-09,2009-03-10,161,Groomed
T010,08-09,2009-03-10,161,Open
T011,08-09,2009-03-10,161,Groomed
T012,08-09,2009-03-10,161,Groomed
T013,08-09,2009-03-10,161,Groomed
T015,08-09,2009-03-10,161,Open
T016,08-09,2009-03-10,161,Open
T017,08-09,2009-03-10,161,Groomed
T018,08-09,2009-03-10,161,Open
T019,08-09,2009-03-10,161,Open
T020,08-09,2009-03-10,161,Groomed
T021,08-09,2009-03-10,161,Groomed
T022,08-09,2009-03-10,161,Groomed
T023,08-09,2009-03-10,161,Open
T024,08-09,2009-03-10,161,Open
T025,08-09,2009-03-10,161,Groomed
T026,08-09,2009-03-10,161,Open
T027,08-09,2009-03-10,161,Groomed
T028,08-09,2009-03-10,161,Groomed
T029,08-09,2009-03-10,161,Open
T030,08-09,2009-03-10,161,Groomed
T031,08-09,2009-03-10,161,Groomed
T032,08-09,2009-03-10,161,Open
T033,08-09,2009-03-10,161,Groomed
T034,08-09,2009-03-10,161,Groomed
T035,08-09,2009-03-10,161,Open
T036,08-09,2009-03-10,161,Groomed
T037,08-09,2009-03-10,161,Open
T038,08-09,2009-03-10,161,Open
T039,08-09,2009-03-10,161,Groomed
T040,08-09,2009-03-10,161,Groomed
T042,08-09,2009-03-10,161,Open
T043,08-09,2009-03-10,161,Groomed
T044,08-09,2009-03-10,161,Open
T045,08-09,2009-03-10,161,Open
T046,08-09,2009-03-10,161,Open
T047,08-09,2009-03-10,161,Open
T061,08-09,2009-03-10,161,Groomed
T063,08-09,2009-03-10,161,Groomed
T064,08-09,2009-03-10,161,Groomed
T065,08-09,2009-03-10,161,Groomed
T066,08-09,2009-03-10,161,Open
T067,08-09,2009-03-10,161,Groomed
T068,08-09,2009-03-10,161,Open
T069,08-09,2009-03-10,161,Open
T070,08-09,2009-03-10,161,Open
T071,08-09,2009-03-10,161,Open
T072,08-09,2009-03-10,161,Open
T073,08-09,2009-03-10,161,Open
T074,08-09,2009-03-10,161,Open
T075,08-09,2009-03-10,161,Open
T076,08-09,2009-03-10,161,Open
T077,08-09,2009-03-10,161,Groomed
T078,08-09,2009-03-10,161,Groomed
T079,08-09,2009-03-10,161,Groomed
T080,08-09,2009-03-10,161,Open
T081,08-09,2009-03-10,161,Open
T083,08-09,2009-03-10,161,Open
T084,08-09,2009-03-10,161,Open
T085,08-09,2009-03-10,161,Open
T086,08-09,2009-03-10,161,Open
T087,08-09,2009-03-10,161,Open
T088,08-09,2009-03-10,161,Open
T089,08-09,2009-03-10,161,Open
T090,08-09,2009-03-10,161,Open
T091,08-09,2009-03-10,161,Open
T092,08-09,2009-03-10,161,Open
T127,08-09,2009-03-10,161,Open
T134,08-09,2009-03-10,161,Open
T135,08-09,2009-03-10,161,Open
T136,08-09,2009-03-10,161,Open
T137,08-09,2009-03-10,161,Open
T148,08-09,2009-03-10,161,Closed
T151,08-09,2009-03-10,161,Groomed
T152,08-09,2009-03-10,161,Groomed
T156,08-09,2009-03-10,161,Open
T157,08-09,2009-03-10,161,Open
T002,08-09,2009-03-11,162,Groomed
T003,08-09,2009-03-11,162,Open
T004,08-09,2009-03-11,162,Groomed
T005,08-09,2009-03-11,162,Groomed
T006,08-09,2009-03-11,162,Groomed
T007,08-09,2009-03-11,162,Groomed
T008,08-09,2009-03-11,162,Open
T009,08-09,2009-03-11,162,Groomed
T010,08-09,2009-03-11,162,Open
T011,08-09,2009-03-11,162,Groomed
T012,08-09,2009-03-11,162,Groomed
T013,08-09,2009-03-11,162,Groomed
T015,08-09,2009-03-11,162,Open
T016,08-09,2009-03-11,162,Open
T017,08-09,2009-03-11,162,Open
T018,08-09,2009-03-11,162,Groomed
T019,08-09,2009-03-11,162,Open
T020,08-09,2009-03-11,162,Groomed
T021,08-09,2009-03-11,162,Groomed
T022,08-09,2009-03-11,162,Groomed
T023,08-09,2009-03-11,162,Groomed
T024,08-09,2009-03-11,162,Groomed
T025,08-09,2009-03-11,162,Groomed
T026,08-09,2009-03-11,162,Groomed
T027,08-09,2009-03-11,162,Groomed
T028,08-09,2009-03-11,162,Groomed
T029,08-09,2009-03-11,162,Open
T030,08-09,2009-03-11,162,Groomed
T031,08-09,2009-03-11,162,Groomed
T032,08-09,2009-03-11,162,Open
T033,08-09,2009-03-11,162,Groomed
T034,08-09,2009-03-11,162,Groomed
T035,08-09,2009-03-11,162,Groomed
T036,08-09,2009-03-11,162,Groomed
T037,08-09,2009-03-11,162,Open
T038,08-09,2009-03-11,162,Groomed
T039,08-09,2009-03-11,162,Groomed
T040,08-09,2009-03-11,162,Groomed
T042,08-09,2009-03-11,162,Open
T043,08-09,2009-03-11,162,Groomed
T044,08-09,2009-03-11,162,Open
T045,08-09,2009-03-11,162,Open
T046,08-09,2009-03-11,162,Open
T047,08-09,2009-03-11,162,Open
T061,08-09,2009-03-11,162,Groomed
T063,08-09,2009-03-11,162,Groomed
T064,08-09,2009-03-11,162,Groomed
T065,08-09,2009-03-11,162,Groomed
T066,08-09,2009-03-11,162,Groomed
T067,08-09,2009-03-11,162,Groomed
T068,08-09,2009-03-11,162,Open
T069,08-09,2009-03-11,162,Open
T070,08-09,2009-03-11,162,Open
T071,08-09,2009-03-11,162,Open
T072,08-09,2009-03-11,162,Open
T073,08-09,2009-03-11,162,Open
T074,08-09,2009-03-11,162,Open
T075,08-09,2009-03-11,162,Open
T076,08-09,2009-03-11,162,Open
T077,08-09,2009-03-11,162,Groomed
T078,08-09,2009-03-11,162,Groomed
T079,08-09,2009-03-11,162,Groomed
T080,08-09,2009-03-11,162,Open
T081,08-09,2009-03-11,162,Open
T083,08-09,2009-03-11,162,Groomed
T084,08-09,2009-03-11,162,Open
T085,08-09,2009-03-11,162,Open
T086,08-09,2009-03-11,162,Open
T087,08-09,2009-03-11,162,Open
T088,08-09,2009-03-11,162,Open
T089,08-09,2009-03-11,162,Open
T090,08-09,2009-03-11,162,Open
T091,08-09,2009-03-11,162,Open
T092,08-09,2009-03-11,162,Open
T127,08-09,2009-03-11,162,Open
T134,08-09,2009-03-11,162,Open
T135,08-09,2009-03-11,162,Open
T136,08-09,2009-03-11,162,Open
T137,08-09,2009-03-11,162,Open
T148,08-09,2009-03-11,162,Closed
T151,08-09,2009-03-11,162,Groomed
T152,08-09,2009-03-11,162,Groomed
T156,08-09,2009-03-11,162,Open
T157,08-09,2009-03-11,162,Open
T002,08-09,2009-03-12,163,Groomed
T003,08-09,2009-03-12,163,Open
T004,08-09,2009-03-12,163,Groomed
T005,08-09,2009-03-12,163,Groomed
T006,08-09,2009-03-12,163,Open
T007,08-09,2009-03-12,163,Groomed
T008,08-09,2009-03-12,163,Open
T009,08-09,2009-03-12,163,Groomed
T010,08-09,2009-03-12,163,Open
T011,08-09,2009-03-12,163,Groomed
T012,08-09,2009-03-12,163,Groomed
T013,08-09,2009-03-12,163,Groomed
T015,08-09,2009-03-12,163,Open
T016,08-09,2009-03-12,163,Open
T017,08-09,2009-03-12,163,Open
T018,08-09,2009-03-12,163,Open
T019,08-09,2009-03-12,163,Open
T020,08-09,2009-03-12,163,Groomed
T021,08-09,2009-03-12,163,Groomed
T022,08-09,2009-03-12,163,Groomed
T023,08-09,2009-03-12,163,Groomed
T024,08-09,2009-03-12,163,Open
T025,08-09,2009-03-12,163,Groomed
T026,08-09,2009-03-12,163,Open
T027,08-09,2009-03-12,163,Groomed
T028,08-09,2009-03-12,163,Groomed
T029,08-09,2009-03-12,163,Open
T030,08-09,2009-03-12,163,Groomed
T031,08-09,2009-03-12,163,Groomed
T032,08-09,2009-03-12,163,Open
T033,08-09,2009-03-12,163,Groomed
T034,08-09,2009-03-12,163,Groomed
T035,08-09,2009-03-12,163,Open
T036,08-09,2009-03-12,163,Groomed
T037,08-09,2009-03-12,163,Open
T038,08-09,2009-03-12,163,Open
T039,08-09,2009-03-12,163,Open
T040,08-09,2009-03-12,163,Groomed
T042,08-09,2009-03-12,163,Open
T043,08-09,2009-03-12,163,Open
T044,08-09,2009-03-12,163,Open
T045,08-09,2009-03-12,163,Open
T046,08-09,2009-03-12,163,Open
T047,08-09,2009-03-12,163,Open
T061,08-09,2009-03-12,163,Groomed
T063,08-09,2009-03-12,163,Groomed
T064,08-09,2009-03-12,163,Groomed
T065,08-09,2009-03-12,163,Groomed
T066,08-09,2009-03-12,163,Groomed
T067,08-09,2009-03-12,163,Groomed
T068,08-09,2009-03-12,163,Open
T069,08-09,2009-03-12,163,Open
T070,08-09,2009-03-12,163,Open
T071,08-09,2009-03-12,163,Open
T072,08-09,2009-03-12,163,Open
T073,08-09,2009-03-12,163,Open
T074,08-09,2009-03-12,163,Open
T075,08-09,2009-03-12,163,Open
T076,08-09,2009-03-12,163,Open
T077,08-09,2009-03-12,163,Groomed
T078,08-09,2009-03-12,163,Groomed
T079,08-09,2009-03-12,163,Groomed
T080,08-09,2009-03-12,163,Open
T081,08-09,2009-03-12,163,Open
T083,08-09,2009-03-12,163,Groomed
T084,08-09,2009-03-12,163,Open
T085,08-09,2009-03-12,163,Open
T086,08-09,2009-03-12,163,Open
T087,08-09,2009-03-12,163,Open
T088,08-09,2009-03-12,163,Open
T089,08-09,2009-03-12,163,Open
T090,08-09,2009-03-12,163,Open
T091,08-09,2009-03-12,163,Open
T092,08-09,2009-03-12,163,Open
T127,08-09,2009-03-12,163,Open
T134,08-09,2009-03-12,163,Open
T135,08-09,2009-03-12,163,Open
T136,08-09,2009-03-12,163,Open
T137,08-09,2009-03-12,163,Open
T148,08-09,2009-03-12,163,Closed
T151,08-09,2009-03-12,163,Groomed
T152,08-09,2009-03-12,163,Groomed
T156,08-09,2009-03-12,163,Open
T157,08-09,2009-03-12,163,Open
T002,08-09,2009-03-13,164,Groomed
T003,08-09,2009-03-13,164,Open
T004,08-09,2009-03-13,164,Groomed
T005,08-09,2009-03-13,164,Groomed
T006,08-09,2009-03-13,164,Groomed
T007,08-09,2009-03-13,164,Groomed
T008,08-09,2009-03-13,164,Open
T009,08-09,2009-03-13,164,Groomed
T010,08-09,2009-03-13,164,Open
T011,08-09,2009-03-13,164,Groomed
T012,08-09,2009-03-13,164,Groomed
T013,08-09,2009-03-13,164,Groomed
T015,08-09,2009-03-13,164,Open
T016,08-09,2009-03-13,164,Open
T017,08-09,2009-03-13,164,Open
T018,08-09,2009-03-13,164,Open
T019,08-09,2009-03-13,164,Open
T020,08-09,2009-03-13,164,Groomed
T021,08-09,2009-03-13,164,Groomed
T022,08-09,2009-03-13,164,Groomed
T023,08-09,2009-03-13,164,Groomed
T024,08-09,2009-03-13,164,Open
T025,08-09,2009-03-13,164,Groomed
T026,08-09,2009-03-13,164,Open
T027,08-09,2009-03-13,164,Groomed
T028,08-09,2009-03-13,164,Groomed
T029,08-09,2009-03-13,164,Open
T030,08-09,2009-03-13,164,Groomed
T031,08-09,2009-03-13,164,Groomed
T032,08-09,2009-03-13,164,Open
T033,08-09,2009-03-13,164,Groomed
T034,08-09,2009-03-13,164,Groomed
T035,08-09,2009-03-13,164,Open
T036,08-09,2009-03-13,164,Groomed
T037,08-09,2009-03-13,164,Open
T038,08-09,2009-03-13,164,Open
T039,08-09,2009-03-13,164,Groomed
T040,08-09,2009-03-13,164,Groomed
T042,08-09,2009-03-13,164,Open
T043,08-09,2009-03-13,164,Open
T044,08-09,2009-03-13,164,Open
T045,08-09,2009-03-13,164,Open
T046,08-09,2009-03-13,164,Open
T047,08-09,2009-03-13,164,Open
T061,08-09,2009-03-13,164,Groomed
T063,08-09,2009-03-13,164,Groomed
T064,08-09,2009-03-13,164,Groomed
T065,08-09,2009-03-13,164,Groomed
T066,08-09,2009-03-13,164,Open
T067,08-09,2009-03-13,164,Groomed
T068,08-09,2009-03-13,164,Open
T069,08-09,2009-03-13,164,Open
T070,08-09,2009-03-13,164,Open
T071,08-09,2009-03-13,164,Open
T072,08-09,2009-03-13,164,Open
T073,08-09,2009-03-13,164,Open
T074,08-09,2009-03-13,164,Open
T075,08-09,2009-03-13,164,Open
T076,08-09,2009-03-13,164,Open
T077,08-09,2009-03-13,164,Groomed
T078,08-09,2009-03-13,164,Open
T079,08-09,2009-03-13,164,Groomed
T080,08-09,2009-03-13,164,Open
T081,08-09,2009-03-13,164,Open
T083,08-09,2009-03-13,164,Open
T084,08-09,2009-03-13,164,Open
T085,08-09,2009-03-13,164,Open
T086,08-09,2009-03-13,164,Open
T087,08-09,2009-03-13,164,Open
T088,08-09,2009-03-13,164,Open
T089,08-09,2009-03-13,164,Open
T090,08-09,2009-03-13,164,Open
T091,08-09,2009-03-13,164,Open
T092,08-09,2009-03-13,164,Open
T127,08-09,2009-03-13,164,Open
T134,08-09,2009-03-13,164,Open
T135,08-09,2009-03-13,164,Open
T136,08-09,2009-03-13,164,Open
T137,08-09,2009-03-13,164,Open
T148,08-09,2009-03-13,164,Open
T151,08-09,2009-03-13,164,Groomed
T152,08-09,2009-03-13,164,Groomed
T156,08-09,2009-03-13,164,Open
T157,08-09,2009-03-13,164,Open
T002,08-09,2009-03-14,165,Groomed
T003,08-09,2009-03-14,165,Open
T004,08-09,2009-03-14,165,Groomed
T005,08-09,2009-03-14,165,Groomed
T006,08-09,2009-03-14,165,Groomed
T007,08-09,2009-03-14,165,Groomed
T008,08-09,2009-03-14,165,Open
T009,08-09,2009-03-14,165,Groomed
T010,08-09,2009-03-14,165,Open
T011,08-09,2009-03-14,165,Groomed
T012,08-09,2009-03-14,165,Groomed
T013,08-09,2009-03-14,165,Groomed
T015,08-09,2009-03-14,165,Open
T016,08-09,2009-03-14,165,Open
T017,08-09,2009-03-14,165,Open
T018,08-09,2009-03-14,165,Open
T019,08-09,2009-03-14,165,Open
T020,08-09,2009-03-14,165,Groomed
T021,08-09,2009-03-14,165,Groomed
T022,08-09,2009-03-14,165,Groomed
T023,08-09,2009-03-14,165,Groomed
T024,08-09,2009-03-14,165,Open
T025,08-09,2009-03-14,165,Groomed
T026,08-09,2009-03-14,165,Open
T027,08-09,2009-03-14,165,Groomed
T028,08-09,2009-03-14,165,Groomed
T029,08-09,2009-03-14,165,Open
T030,08-09,2009-03-14,165,Groomed
T031,08-09,2009-03-14,165,Groomed
T032,08-09,2009-03-14,165,Groomed
T033,08-09,2009-03-14,165,Groomed
T034,08-09,2009-03-14,165,Groomed
T035,08-09,2009-03-14,165,Open
T036,08-09,2009-03-14,165,Groomed
T037,08-09,2009-03-14,165,Open
T038,08-09,2009-03-14,165,Open
T039,08-09,2009-03-14,165,Open
T040,08-09,2009-03-14,165,Groomed
T042,08-09,2009-03-14,165,Open
T043,08-09,2009-03-14,165,Open
T044,08-09,2009-03-14,165,Open
T045,08-09,2009-03-14,165,Open
T046,08-09,2009-03-14,165,Open
T047,08-09,2009-03-14,165,Open
T061,08-09,2009-03-14,165,Groomed
T063,08-09,2009-03-14,165,Groomed
T064,08-09,2009-03-14,165,Groomed
T065,08-09,2009-03-14,165,Groomed
T066,08-09,2009-03-14,165,Groomed
T067,08-09,2009-03-14,165,Groomed
T068,08-09,2009-03-14,165,Open
T069,08-09,2009-03-14,165,Open
T070,08-09,2009-03-14,165,Open
T071,08-09,2009-03-14,165,Open
T072,08-09,2009-03-14,165,Open
T073,08-09,2009-03-14,165,Open
T074,08-09,2009-03-14,165,Open
T075,08-09,2009-03-14,165,Open
T076,08-09,2009-03-14,165,Open
T077,08-09,2009-03-14,165,Groomed
T078,08-09,2009-03-14,165,Groomed
T079,08-09,2009-03-14,165,Groomed
T080,08-09,2009-03-14,165,Open
T081,08-09,2009-03-14,165,Open
T083,08-09,2009-03-14,165,Groomed
T084,08-09,2009-03-14,165,Open
T085,08-09,2009-03-14,165,Open
T086,08-09,2009-03-14,165,Open
T087,08-09,2009-03-14,165,Open
T088,08-09,2009-03-14,165,Open
T089,08-09,2009-03-14,165,Open
T090,08-09,2009-03-14,165,Open
T091,08-09,2009-03-14,165,Open
T092,08-09,2009-03-14,165,Open
T127,08-09,2009-03-14,165,Open
T134,08-09,2009-03-14,165,Open
T135,08-09,2009-03-14,165,Open
T136,08-09,2009-03-14,165,Open
T137,08-09,2009-03-14,165,Open
T148,08-09,2009-03-14,165,Open
T151,08-09,2009-03-14,165,Groomed
T152,08-09,2009-03-14,165,Groomed
T156,08-09,2009-03-14,165,Open
T157,08-09,2009-03-14,165,Open
T002,08-09,2009-03-15,166,Groomed
T003,08-09,2009-03-15,166,Open
T004,08-09,2009-03-15,166,Groomed
T005,08-09,2009-03-15,166,Groomed
T006,08-09,2009-03-15,166,Open
T007,08-09,2009-03-15,166,Groomed
T008,08-09,2009-03-15,166,Open
T009,08-09,2009-03-15,166,Groomed
T010,08-09,2009-03-15,166,Open
T011,08-09,2009-03-15,166,Groomed
T012,08-09,2009-03-15,166,Groomed
T013,08-09,2009-03-15,166,Groomed
T015,08-09,2009-03-15,166,Open
T016,08-09,2009-03-15,166,Open
T017,08-09,2009-03-15,166,Open
T018,08-09,2009-03-15,166,Open
T019,08-09,2009-03-15,166,Open
T020,08-09,2009-03-15,166,Groomed
T021,08-09,2009-03-15,166,Groomed
T022,08-09,2009-03-15,166,Groomed
T023,08-09,2009-03-15,166,Groomed
T024,08-09,2009-03-15,166,Open
T025,08-09,2009-03-15,166,Groomed
T026,08-09,2009-03-15,166,Open
T027,08-09,2009-03-15,166,Groomed
T028,08-09,2009-03-15,166,Groomed
T029,08-09,2009-03-15,166,Open
T030,08-09,2009-03-15,166,Groomed
T031,08-09,2009-03-15,166,Groomed
T032,08-09,2009-03-15,166,Groomed
T033,08-09,2009-03-15,166,Groomed
T034,08-09,2009-03-15,166,Groomed
T035,08-09,2009-03-15,166,Open
T036,08-09,2009-03-15,166,Groomed
T037,08-09,2009-03-15,166,Open
T038,08-09,2009-03-15,166,Groomed
T039,08-09,2009-03-15,166,Groomed
T040,08-09,2009-03-15,166,Groomed
T042,08-09,2009-03-15,166,Open
T043,08-09,2009-03-15,166,Open
T044,08-09,2009-03-15,166,Open
T045,08-09,2009-03-15,166,Open
T046,08-09,2009-03-15,166,Open
T047,08-09,2009-03-15,166,Open
T061,08-09,2009-03-15,166,Groomed
T063,08-09,2009-03-15,166,Groomed
T064,08-09,2009-03-15,166,Groomed
T065,08-09,2009-03-15,166,Groomed
T066,08-09,2009-03-15,166,Groomed
T067,08-09,2009-03-15,166,Groomed
T068,08-09,2009-03-15,166,Open
T069,08-09,2009-03-15,166,Open
T070,08-09,2009-03-15,166,Open
T071,08-09,2009-03-15,166,Open
T072,08-09,2009-03-15,166,Open
T073,08-09,2009-03-15,166,Open
T074,08-09,2009-03-15,166,Open
T075,08-09,2009-03-15,166,Open
T076,08-09,2009-03-15,166,Open
T077,08-09,2009-03-15,166,Groomed
T078,08-09,2009-03-15,166,Groomed
T079,08-09,2009-03-15,166,Groomed
T080,08-09,2009-03-15,166,Open
T081,08-09,2009-03-15,166,Open
T083,08-09,2009-03-15,166,Open
T084,08-09,2009-03-15,166,Open
T085,08-09,2009-03-15,166,Open
T086,08-09,2009-03-15,166,Open
T087,08-09,2009-03-15,166,Open
T088,08-09,2009-03-15,166,Open
T089,08-09,2009-03-15,166,Open
T090,08-09,2009-03-15,166,Open
T091,08-09,2009-03-15,166,Open
T092,08-09,2009-03-15,166,Open
T127,08-09,2009-03-15,166,Open
T134,08-09,2009-03-15,166,Open
T135,08-09,2009-03-15,166,Open
T136,08-09,2009-03-15,166,Open
T137,08-09,2009-03-15,166,Open
T148,08-09,2009-03-15,166,Open
T151,08-09,2009-03-15,166,Groomed
T152,08-09,2009-03-15,166,Groomed
T156,08-09,2009-03-15,166,Open
T157,08-09,2009-03-15,166,Open
T002,08-09,2009-03-16,167,Groomed
T003,08-09,2009-03-16,167,Open
T004,08-09,2009-03-16,167,Groomed
T005,08-09,2009-03-16,167,Groomed
T006,08-09,2009-03-16,167,Open
T007,08-09,2009-03-16,167,Groomed
T008,08-09,2009-03-16,167,Open
T009,08-09,2009-03-16,167,Groomed
T010,08-09,2009-03-16,167,Open
T011,08-09,2009-03-16,167,Groomed
T012,08-09,2009-03-16,167,Groomed
T013,08-09,2009-03-16,167,Groomed
T015,08-09,2009-03-16,167,Open
T016,08-09,2009-03-16,167,Open
T017,08-09,2009-03-16,167,Open
T018,08-09,2009-03-16,167,Open
T019,08-09,2009-03-16,167,Open
T020,08-09,2009-03-16,167,Groomed
T021,08-09,2009-03-16,167,Groomed
T022,08-09,2009-03-16,167,Groomed
T023,08-09,2009-03-16,167,Groomed
T024,08-09,2009-03-16,167,Open
T025,08-09,2009-03-16,167,Groomed
T026,08-09,2009-03-16,167,Open
T027,08-09,2009-03-16,167,Groomed
T028,08-09,2009-03-16,167,Open
T029,08-09,2009-03-16,167,Open
T030,08-09,2009-03-16,167,Open
T031,08-09,2009-03-16,167,Groomed
T032,08-09,2009-03-16,167,Open
T033,08-09,2009-03-16,167,Groomed
T034,08-09,2009-03-16,167,Groomed
T035,08-09,2009-03-16,167,Open
T036,08-09,2009-03-16,167,Groomed
T037,08-09,2009-03-16,167,Open
T038,08-09,2009-03-16,167,Open
T039,08-09,2009-03-16,167,Groomed
T040,08-09,2009-03-16,167,Groomed
T042,08-09,2009-03-16,167,Open
T043,08-09,2009-03-16,167,Open
T044,08-09,2009-03-16,167,Open
T045,08-09,2009-03-16,167,Open
T046,08-09,2009-03-16,167,Groomed
T047,08-09,2009-03-16,167,Closed
T061,08-09,2009-03-16,167,Groomed
T063,08-09,2009-03-16,167,Groomed
T064,08-09,2009-03-16,167,Groomed
T065,08-09,2009-03-16,167,Groomed
T066,08-09,2009-03-16,167,Open
T067,08-09,2009-03-16,167,Groomed
T068,08-09,2009-03-16,167,Open
T069,08-09,2009-03-16,167,Open
T070,08-09,2009-03-16,167,Open
T071,08-09,2009-03-16,167,Open
T072,08-09,2009-03-16,167,Open
T073,08-09,2009-03-16,167,Open
T074,08-09,2009-03-16,167,Open
T075,08-09,2009-03-16,167,Open
T076,08-09,2009-03-16,167,Open
T077,08-09,2009-03-16,167,Groomed
T078,08-09,2009-03-16,167,Groomed
T079,08-09,2009-03-16,167,Groomed
T080,08-09,2009-03-16,167,Open
T081,08-09,2009-03-16,167,Open
T083,08-09,2009-03-16,167,Open
T084,08-09,2009-03-16,167,Open
T085,08-09,2009-03-16,167,Open
T086,08-09,2009-03-16,167,Open
T087,08-09,2009-03-16,167,Open
T088,08-09,2009-03-16,167,Open
T089,08-09,2009-03-16,167,Open
T090,08-09,2009-03-16,167,Open
T091,08-09,2009-03-16,167,Open
T092,08-09,2009-03-16,167,Open
T127,08-09,2009-03-16,167,Open
T134,08-09,2009-03-16,167,Open
T135,08-09,2009-03-16,167,Open
T136,08-09,2009-03-16,167,Open
T137,08-09,2009-03-16,167,Open
T148,08-09,2009-03-16,167,Closed
T151,08-09,2009-03-16,167,Groomed
T152,08-09,2009-03-16,167,Groomed
T156,08-09,2009-03-16,167,Closed
T157,08-09,2009-03-16,167,Open
T002,08-09,2009-03-17,168,Groomed
T003,08-09,2009-03-17,168,Open
T004,08-09,2009-03-17,168,Groomed
T005,08-09,2009-03-17,168,Groomed
T006,08-09,2009-03-17,168,Open
T007,08-09,2009-03-17,168,Groomed
T008,08-09,2009-03-17,168,Open
T009,08-09,2009-03-17,168,Groomed
T010,08-09,2009-03-17,168,Open
T011,08-09,2009-03-17,168,Groomed
T012,08-09,2009-03-17,168,Groomed
T013,08-09,2009-03-17,168,Groomed
T015,08-09,2009-03-17,168,Open
T016,08-09,2009-03-17,168,Open
T017,08-09,2009-03-17,168,Open
T018,08-09,2009-03-17,168,Open
T019,08-09,2009-03-17,168,Open
T020,08-09,2009-03-17,168,Groomed
T021,08-09,2009-03-17,168,Groomed
T022,08-09,2009-03-17,168,Groomed
T023,08-09,2009-03-17,168,Groomed
T024,08-09,2009-03-17,168,Open
T025,08-09,2009-03-17,168,Groomed
T026,08-09,2009-03-17,168,Open
T027,08-09,2009-03-17,168,Groomed
T028,08-09,2009-03-17,168,Groomed
T029,08-09,2009-03-17,168,Open
T030,08-09,2009-03-17,168,Groomed
T031,08-09,2009-03-17,168,Groomed
T032,08-09,2009-03-17,168,Open
T033,08-09,2009-03-17,168,Open
T034,08-09,2009-03-17,168,Groomed
T035,08-09,2009-03-17,168,Open
T036,08-09,2009-03-17,168,Groomed
T037,08-09,2009-03-17,168,Open
T038,08-09,2009-03-17,168,Open
T039,08-09,2009-03-17,168,Open
T040,08-09,2009-03-17,168,Groomed
T042,08-09,2009-03-17,168,Open
T043,08-09,2009-03-17,168,Open
T044,08-09,2009-03-17,168,Open
T045,08-09,2009-03-17,168,Open
T046,08-09,2009-03-17,168,Open
T047,08-09,2009-03-17,168,Closed
T061,08-09,2009-03-17,168,Groomed
T063,08-09,2009-03-17,168,Groomed
T064,08-09,2009-03-17,168,Groomed
T065,08-09,2009-03-17,168,Groomed
T066,08-09,2009-03-17,168,Groomed
T067,08-09,2009-03-17,168,Groomed
T068,08-09,2009-03-17,168,Open
T069,08-09,2009-03-17,168,Open
T070,08-09,2009-03-17,168,Open
T071,08-09,2009-03-17,168,Open
T072,08-09,2009-03-17,168,Open
T073,08-09,2009-03-17,168,Open
T074,08-09,2009-03-17,168,Open
T075,08-09,2009-03-17,168,Open
T076,08-09,2009-03-17,168,Open
T077,08-09,2009-03-17,168,Groomed
T078,08-09,2009-03-17,168,Groomed
T079,08-09,2009-03-17,168,Groomed
T080,08-09,2009-03-17,168,Open
T081,08-09,2009-03-17,168,Open
T083,08-09,2009-03-17,168,Open
T084,08-09,2009-03-17,168,Open
T085,08-09,2009-03-17,168,Open
T086,08-09,2009-03-17,168,Open
T087,08-09,2009-03-17,168,Open
T088,08-09,2009-03-17,168,Open
T089,08-09,2009-03-17,168,Open
T090,08-09,2009-03-17,168,Open
T091,08-09,2009-03-17,168,Open
T092,08-09,2009-03-17,168,Open
T127,08-09,2009-03-17,168,Open
T134,08-09,2009-03-17,168,Open
T135,08-09,2009-03-17,168,Open
T136,08-09,2009-03-17,168,Open
T137,08-09,2009-03-17,168,Open
T148,08-09,2009-03-17,168,Closed
T151,08-09,2009-03-17,168,Groomed
T152,08-09,2009-03-17,168,Groomed
T156,08-09,2009-03-17,168,Closed
T157,08-09,2009-03-17,168,Open
T002,08-09,2009-03-18,169,Groomed
T003,08-09,2009-03-18,169,Open
T004,08-09,2009-03-18,169,Groomed
T005,08-09,2009-03-18,169,Groomed
T006,08-09,2009-03-18,169,Groomed
T007,08-09,2009-03-18,169,Groomed
T008,08-09,2009-03-18,169,Open
T009,08-09,2009-03-18,169,Groomed
T010,08-09,2009-03-18,169,Open
T011,08-09,2009-03-18,169,Groomed
T012,08-09,2009-03-18,169,Groomed
T013,08-09,2009-03-18,169,Groomed
T015,08-09,2009-03-18,169,Open
T016,08-09,2009-03-18,169,Open
T017,08-09,2009-03-18,169,Open
T018,08-09,2009-03-18,169,Open
T019,08-09,2009-03-18,169,Open
T020,08-09,2009-03-18,169,Groomed
T021,08-09,2009-03-18,169,Groomed
T022,08-09,2009-03-18,169,Groomed
T023,08-09,2009-03-18,169,Groomed
T024,08-09,2009-03-18,169,Open
T025,08-09,2009-03-18,169,Groomed
T026,08-09,2009-03-18,169,Open
T027,08-09,2009-03-18,169,Groomed
T028,08-09,2009-03-18,169,Groomed
T029,08-09,2009-03-18,169,Open
T030,08-09,2009-03-18,169,Groomed
T031,08-09,2009-03-18,169,Groomed
T032,08-09,2009-03-18,169,Open
T033,08-09,2009-03-18,169,Open
T034,08-09,2009-03-18,169,Groomed
T035,08-09,2009-03-18,169,Open
T036,08-09,2009-03-18,169,Groomed
T037,08-09,2009-03-18,169,Open
T038,08-09,2009-03-18,169,Open
T039,08-09,2009-03-18,169,Groomed
T040,08-09,2009-03-18,169,Groomed
T042,08-09,2009-03-18,169,Open
T043,08-09,2009-03-18,169,Open
T044,08-09,2009-03-18,169,Open
T045,08-09,2009-03-18,169,Open
T046,08-09,2009-03-18,169,Open
T047,08-09,2009-03-18,169,Closed
T061,08-09,2009-03-18,169,Groomed
T063,08-09,2009-03-18,169,Groomed
T064,08-09,2009-03-18,169,Groomed
T065,08-09,2009-03-18,169,Groomed
T066,08-09,2009-03-18,169,Open
T067,08-09,2009-03-18,169,Groomed
T068,08-09,2009-03-18,169,Open
T069,08-09,2009-03-18,169,Open
T070,08-09,2009-03-18,169,Open
T071,08-09,2009-03-18,169,Open
T072,08-09,2009-03-18,169,Open
T073,08-09,2009-03-18,169,Open
T074,08-09,2009-03-18,169,Open
T075,08-09,2009-03-18,169,Open
T076,08-09,2009-03-18,169,Open
T077,08-09,2009-03-18,169,Groomed
T078,08-09,2009-03-18,169,Groomed
T079,08-09,2009-03-18,169,Groomed
T080,08-09,2009-03-18,169,Open
T081,08-09,2009-03-18,169,Open
T083,08-09,2009-03-18,169,Open
T084,08-09,2009-03-18,169,Open
T085,08-09,2009-03-18,169,Open
T086,08-09,2009-03-18,169,Open
T087,08-09,2009-03-18,169,Open
T088,08-09,2009-03-18,169,Open
T089,08-09,2009-03-18,169,Open
T090,08-09,2009-03-18,169,Open
T091,08-09,2009-03-18,169,Open
T092,08-09,2009-03-18,169,Open
T127,08-09,2009-03-18,169,Open
T134,08-09,2009-03-18,169,Open
T135,08-09,2009-03-18,169,Open
T136,08-09,2009-03-18,169,Open
T137,08-09,2009-03-18,169,Open
T148,08-09,2009-03-18,169,Closed
T151,08-09,2009-03-18,169,Groomed
T152,08-09,2009-03-18,169,Groomed
T156,08-09,2009-03-18,169,Closed
T157,08-09,2009-03-18,169,Open
T002,08-09,2009-03-19,170,Groomed
T003,08-09,2009-03-19,170,Open
T004,08-09,2009-03-19,170,Groomed
T005,08-09,2009-03-19,170,Groomed
T006,08-09,2009-03-19,170,Open
T007,08-09,2009-03-19,170,Groomed
T008,08-09,2009-03-19,170,Open
T009,08-09,2009-03-19,170,Groomed
T010,08-09,2009-03-19,170,Open
T011,08-09,2009-03-19,170,Groomed
T012,08-09,2009-03-19,170,Groomed
T013,08-09,2009-03-19,170,Groomed
T015,08-09,2009-03-19,170,Open
T016,08-09,2009-03-19,170,Open
T017,08-09,2009-03-19,170,Open
T018,08-09,2009-03-19,170,Open
T019,08-09,2009-03-19,170,Open
T020,08-09,2009-03-19,170,Groomed
T021,08-09,2009-03-19,170,Groomed
T022,08-09,2009-03-19,170,Groomed
T023,08-09,2009-03-19,170,Groomed
T024,08-09,2009-03-19,170,Open
T025,08-09,2009-03-19,170,Groomed
T026,08-09,2009-03-19,170,Open
T027,08-09,2009-03-19,170,Groomed
T028,08-09,2009-03-19,170,Groomed
T029,08-09,2009-03-19,170,Open
T030,08-09,2009-03-19,170,Groomed
T031,08-09,2009-03-19,170,Groomed
T032,08-09,2009-03-19,170,Open
T033,08-09,2009-03-19,170,Groomed
T034,08-09,2009-03-19,170,Groomed
T035,08-09,2009-03-19,170,Open
T036,08-09,2009-03-19,170,Groomed
T037,08-09,2009-03-19,170,Open
T038,08-09,2009-03-19,170,Open
T039,08-09,2009-03-19,170,Groomed
T040,08-09,2009-03-19,170,Groomed
T042,08-09,2009-03-19,170,Open
T043,08-09,2009-03-19,170,Open
T044,08-09,2009-03-19,170,Open
T045,08-09,2009-03-19,170,Open
T046,08-09,2009-03-19,170,Open
T047,08-09,2009-03-19,170,Closed
T061,08-09,2009-03-19,170,Groomed
T063,08-09,2009-03-19,170,Groomed
T064,08-09,2009-03-19,170,Groomed
T065,08-09,2009-03-19,170,Groomed
T066,08-09,2009-03-19,170,Groomed
T067,08-09,2009-03-19,170,Groomed
T068,08-09,2009-03-19,170,Open
T069,08-09,2009-03-19,170,Open
T070,08-09,2009-03-19,170,Open
T071,08-09,2009-03-19,170,Open
T072,08-09,2009-03-19,170,Open
T073,08-09,2009-03-19,170,Open
T074,08-09,2009-03-19,170,Open
T075,08-09,2009-03-19,170,Open
T076,08-09,2009-03-19,170,Open
T077,08-09,2009-03-19,170,Groomed
T078,08-09,2009-03-19,170,Groomed
T079,08-09,2009-03-19,170,Groomed
T080,08-09,2009-03-19,170,Open
T081,08-09,2009-03-19,170,Open
T083,08-09,2009-03-19,170,Groomed
T084,08-09,2009-03-19,170,Open
T085,08-09,2009-03-19,170,Open
T086,08-09,2009-03-19,170,Open
T087,08-09,2009-03-19,170,Open
T088,08-09,2009-03-19,170,Open
T089,08-09,2009-03-19,170,Open
T090,08-09,2009-03-19,170,Open
T091,08-09,2009-03-19,170,Open
T092,08-09,2009-03-19,170,Open
T127,08-09,2009-03-19,170,Open
T134,08-09,2009-03-19,170,Open
T135,08-09,2009-03-19,170,Open
T136,08-09,2009-03-19,170,Open
T137,08-09,2009-03-19,170,Open
T148,08-09,2009-03-19,170,Closed
T151,08-09,2009-03-19,170,Groomed
T152,08-09,2009-03-19,170,Groomed
T156,08-09,2009-03-19,170,Closed
T157,08-09,2009-03-19,170,Open
T002,08-09,2009-03-20,171,Groomed
T003,08-09,2009-03-20,171,Open
T004,08-09,2009-03-20,171,Groomed
T005,08-09,2009-03-20,171,Groomed
T006,08-09,2009-03-20,171,Groomed
T007,08-09,2009-03-20,171,Groomed
T008,08-09,2009-03-20,171,Open
T009,08-09,2009-03-20,171,Groomed
T010,08-09,2009-03-20,171,Open
T011,08-09,2009-03-20,171,Groomed
T012,08-09,2009-03-20,171,Groomed
T013,08-09,2009-03-20,171,Groomed
T015,08-09,2009-03-20,171,Open
T016,08-09,2009-03-20,171,Open
T017,08-09,2009-03-20,171,Open
T018,08-09,2009-03-20,171,Open
T019,08-09,2009-03-20,171,Open
T020,08-09,2009-03-20,171,Groomed
T021,08-09,2009-03-20,171,Groomed
T022,08-09,2009-03-20,171,Groomed
T023,08-09,2009-03-20,171,Groomed
T024,08-09,2009-03-20,171,Open
T025,08-09,2009-03-20,171,Groomed
T026,08-09,2009-03-20,171,Open
T027,08-09,2009-03-20,171,Groomed
T028,08-09,2009-03-20,171,Groomed
T029,08-09,2009-03-20,171,Open
T030,08-09,2009-03-20,171,Groomed
T031,08-09,2009-03-20,171,Groomed
T032,08-09,2009-03-20,171,Open
T033,08-09,2009-03-20,171,Groomed
T034,08-09,2009-03-20,171,Groomed
T035,08-09,2009-03-20,171,Open
T036,08-09,2009-03-20,171,Groomed
T037,08-09,2009-03-20,171,Open
T038,08-09,2009-03-20,171,Open
T039,08-09,2009-03-20,171,Groomed
T040,08-09,2009-03-20,171,Groomed
T042,08-09,2009-03-20,171,Open
T043,08-09,2009-03-20,171,Open
T044,08-09,2009-03-20,171,Open
T045,08-09,2009-03-20,171,Open
T046,08-09,2009-03-20,171,Open
T047,08-09,2009-03-20,171,Closed
T061,08-09,2009-03-20,171,Groomed
T063,08-09,2009-03-20,171,Groomed
T064,08-09,2009-03-20,171,Groomed
T065,08-09,2009-03-20,171,Groomed
T066,08-09,2009-03-20,171,Open
T067,08-09,2009-03-20,171,Groomed
T068,08-09,2009-03-20,171,Open
T069,08-09,2009-03-20,171,Open
T070,08-09,2009-03-20,171,Open
T071,08-09,2009-03-20,171,Open
T072,08-09,2009-03-20,171,Open
T073,08-09,2009-03-20,171,Open
T074,08-09,2009-03-20,171,Open
T075,08-09,2009-03-20,171,Open
T076,08-09,2009-03-20,171,Open
T077,08-09,2009-03-20,171,Groomed
T078,08-09,2009-03-20,171,Groomed
T079,08-09,2009-03-20,171,Groomed
T080,08-09,2009-03-20,171,Open
T081,08-09,2009-03-20,171,Open
T083,08-09,2009-03-20,171,Open
T084,08-09,2009-03-20,171,Open
T085,08-09,2009-03-20,171,Open
T086,08-09,2009-03-20,171,Open
T087,08-09,2009-03-20,171,Open
T088,08-09,2009-03-20,171,Open
T089,08-09,2009-03-20,171,Open
T090,08-09,2009-03-20,171,Open
T091,08-09,2009-03-20,171,Open
T092,08-09,2009-03-20,171,Open
T127,08-09,2009-03-20,171,Open
T134,08-09,2009-03-20,171,Open
T135,08-09,2009-03-20,171,Open
T136,08-09,2009-03-20,171,Open
T137,08-09,2009-03-20,171,Open
T148,08-09,2009-03-20,171,Closed
T151,08-09,2009-03-20,171,Groomed
T152,08-09,2009-03-20,171,Groomed
T156,08-09,2009-03-20,171,Closed
T157,08-09,2009-03-20,171,Open
T002,08-09,2009-03-21,172,Groomed
T003,08-09,2009-03-21,172,Closed
T004,08-09,2009-03-21,172,Groomed
T005,08-09,2009-03-21,172,Groomed
T006,08-09,2009-03-21,172,Groomed
T007,08-09,2009-03-21,172,Groomed
T008,08-09,2009-03-21,172,Open
T009,08-09,2009-03-21,172,Groomed
T010,08-09,2009-03-21,172,Open
T011,08-09,2009-03-21,172,Groomed
T012,08-09,2009-03-21,172,Groomed
T013,08-09,2009-03-21,172,Groomed
T015,08-09,2009-03-21,172,Open
T016,08-09,2009-03-21,172,Open
T017,08-09,2009-03-21,172,Open
T018,08-09,2009-03-21,172,Open
T019,08-09,2009-03-21,172,Open
T020,08-09,2009-03-21,172,Groomed
T021,08-09,2009-03-21,172,Groomed
T022,08-09,2009-03-21,172,Groomed
T023,08-09,2009-03-21,172,Groomed
T024,08-09,2009-03-21,172,Open
T025,08-09,2009-03-21,172,Groomed
T026,08-09,2009-03-21,172,Open
T027,08-09,2009-03-21,172,Groomed
T028,08-09,2009-03-21,172,Groomed
T029,08-09,2009-03-21,172,Open
T030,08-09,2009-03-21,172,Groomed
T031,08-09,2009-03-21,172,Groomed
T032,08-09,2009-03-21,172,Open
T033,08-09,2009-03-21,172,Groomed
T034,08-09,2009-03-21,172,Groomed
T035,08-09,2009-03-21,172,Open
T036,08-09,2009-03-21,172,Groomed
T037,08-09,2009-03-21,172,Open
T038,08-09,2009-03-21,172,Open
T039,08-09,2009-03-21,172,Groomed
T040,08-09,2009-03-21,172,Groomed
T042,08-09,2009-03-21,172,Open
T043,08-09,2009-03-21,172,Open
T044,08-09,2009-03-21,172,Open
T045,08-09,2009-03-21,172,Open
T046,08-09,2009-03-21,172,Open
T047,08-09,2009-03-21,172,Closed
T061,08-09,2009-03-21,172,Groomed
T063,08-09,2009-03-21,172,Groomed
T064,08-09,2009-03-21,172,Groomed
T065,08-09,2009-03-21,172,Groomed
T066,08-09,2009-03-21,172,Groomed
T067,08-09,2009-03-21,172,Groomed
T068,08-09,2009-03-21,172,Open
T069,08-09,2009-03-21,172,Open
T070,08-09,2009-03-21,172,Open
T071,08-09,2009-03-21,172,Open
T072,08-09,2009-03-21,172,Open
T073,08-09,2009-03-21,172,Open
T074,08-09,2009-03-21,172,Open
T075,08-09,2009-03-21,172,Open
T076,08-09,2009-03-21,172,Open
T077,08-09,2009-03-21,172,Groomed
T078,08-09,2009-03-21,172,Groomed
T079,08-09,2009-03-21,172,Groomed
T080,08-09,2009-03-21,172,Open
T081,08-09,2009-03-21,172,Open
T083,08-09,2009-03-21,172,Open
T084,08-09,2009-03-21,172,Open
T085,08-09,2009-03-21,172,Open
T086,08-09,2009-03-21,172,Open
T087,08-09,2009-03-21,172,Open
T088,08-09,2009-03-21,172,Open
T089,08-09,2009-03-21,172,Open
T090,08-09,2009-03-21,172,Open
T091,08-09,2009-03-21,172,Open
T092,08-09,2009-03-21,172,Open
T127,08-09,2009-03-21,172,Open
T134,08-09,2009-03-21,172,Open
T135,08-09,2009-03-21,172,Open
T136,08-09,2009-03-21,172,Open
T137,08-09,2009-03-21,172,Open
T148,08-09,2009-03-21,172,Closed
T151,08-09,2009-03-21,172,Groomed
T152,08-09,2009-03-21,172,Groomed
T156,08-09,2009-03-21,172,Closed
T157,08-09,2009-03-21,172,Open
T002,08-09,2009-03-22,173,Groomed
T003,08-09,2009-03-22,173,Closed
T004,08-09,2009-03-22,173,Groomed
T005,08-09,2009-03-22,173,Groomed
T006,08-09,2009-03-22,173,Open
T007,08-09,2009-03-22,173,Groomed
T008,08-09,2009-03-22,173,Open
T009,08-09,2009-03-22,173,Groomed
T010,08-09,2009-03-22,173,Open
T011,08-09,2009-03-22,173,Groomed
T012,08-09,2009-03-22,173,Groomed
T013,08-09,2009-03-22,173,Groomed
T015,08-09,2009-03-22,173,Open
T016,08-09,2009-03-22,173,Open
T017,08-09,2009-03-22,173,Open
T018,08-09,2009-03-22,173,Groomed
T019,08-09,2009-03-22,173,Open
T020,08-09,2009-03-22,173,Groomed
T021,08-09,2009-03-22,173,Groomed
T022,08-09,2009-03-22,173,Groomed
T023,08-09,2009-03-22,173,Groomed
T024,08-09,2009-03-22,173,Open
T025,08-09,2009-03-22,173,Groomed
T026,08-09,2009-03-22,173,Open
T027,08-09,2009-03-22,173,Groomed
T028,08-09,2009-03-22,173,Groomed
T029,08-09,2009-03-22,173,Groomed
T030,08-09,2009-03-22,173,Groomed
T031,08-09,2009-03-22,173,Groomed
T032,08-09,2009-03-22,173,Open
T033,08-09,2009-03-22,173,Groomed
T034,08-09,2009-03-22,173,Groomed
T035,08-09,2009-03-22,173,Open
T036,08-09,2009-03-22,173,Groomed
T037,08-09,2009-03-22,173,Open
T038,08-09,2009-03-22,173,Open
T039,08-09,2009-03-22,173,Groomed
T040,08-09,2009-03-22,173,Groomed
T042,08-09,2009-03-22,173,Open
T043,08-09,2009-03-22,173,Open
T044,08-09,2009-03-22,173,Open
T045,08-09,2009-03-22,173,Open
T046,08-09,2009-03-22,173,Open
T047,08-09,2009-03-22,173,Closed
T061,08-09,2009-03-22,173,Groomed
T063,08-09,2009-03-22,173,Groomed
T064,08-09,2009-03-22,173,Groomed
T065,08-09,2009-03-22,173,Groomed
T066,08-09,2009-03-22,173,Open
T067,08-09,2009-03-22,173,Groomed
T068,08-09,2009-03-22,173,Open
T069,08-09,2009-03-22,173,Open
T070,08-09,2009-03-22,173,Open
T071,08-09,2009-03-22,173,Open
T072,08-09,2009-03-22,173,Open
T073,08-09,2009-03-22,173,Open
T074,08-09,2009-03-22,173,Open
T075,08-09,2009-03-22,173,Open
T076,08-09,2009-03-22,173,Open
T077,08-09,2009-03-22,173,Groomed
T078,08-09,2009-03-22,173,Groomed
T079,08-09,2009-03-22,173,Groomed
T080,08-09,2009-03-22,173,Open
T081,08-09,2009-03-22,173,Open
T083,08-09,2009-03-22,173,Open
T084,08-09,2009-03-22,173,Open
T085,08-09,2009-03-22,173,Open
T086,08-09,2009-03-22,173,Open
T087,08-09,2009-03-22,173,Open
T088,08-09,2009-03-22,173,Open
T089,08-09,2009-03-22,173,Open
T090,08-09,2009-03-22,173,Open
T091,08-09,2009-03-22,173,Open
T092,08-09,2009-03-22,173,Open
T127,08-09,2009-03-22,173,Open
T134,08-09,2009-03-22,173,Open
T135,08-09,2009-03-22,173,Open
T136,08-09,2009-03-22,173,Open
T137,08-09,2009-03-22,173,Open
T148,08-09,2009-03-22,173,Closed
T151,08-09,2009-03-22,173,Groomed
T152,08-09,2009-03-22,173,Groomed
T156,08-09,2009-03-22,173,Closed
T157,08-09,2009-03-22,173,Open
T002,08-09,2009-03-23,174,Groomed
T003,08-09,2009-03-23,174,Closed
T004,08-09,2009-03-23,174,Groomed
T005,08-09,2009-03-23,174,Groomed
T006,08-09,2009-03-23,174,Groomed
T007,08-09,2009-03-23,174,Groomed
T008,08-09,2009-03-23,174,Open
T009,08-09,2009-03-23,174,Groomed
T010,08-09,2009-03-23,174,Open
T011,08-09,2009-03-23,174,Groomed
T012,08-09,2009-03-23,174,Groomed
T013,08-09,2009-03-23,174,Groomed
T015,08-09,2009-03-23,174,Open
T016,08-09,2009-03-23,174,Open
T017,08-09,2009-03-23,174,Open
T018,08-09,2009-03-23,174,Groomed
T019,08-09,2009-03-23,174,Groomed
T020,08-09,2009-03-23,174,Groomed
T021,08-09,2009-03-23,174,Groomed
T022,08-09,2009-03-23,174,Groomed
T023,08-09,2009-03-23,174,Groomed
T024,08-09,2009-03-23,174,Groomed
T025,08-09,2009-03-23,174,Groomed
T026,08-09,2009-03-23,174,Groomed
T027,08-09,2009-03-23,174,Groomed
T028,08-09,2009-03-23,174,Groomed
T029,08-09,2009-03-23,174,Groomed
T030,08-09,2009-03-23,174,Groomed
T031,08-09,2009-03-23,174,Groomed
T032,08-09,2009-03-23,174,Open
T033,08-09,2009-03-23,174,Groomed
T034,08-09,2009-03-23,174,Groomed
T035,08-09,2009-03-23,174,Groomed
T036,08-09,2009-03-23,174,Groomed
T037,08-09,2009-03-23,174,Open
T038,08-09,2009-03-23,174,Open
T039,08-09,2009-03-23,174,Groomed
T040,08-09,2009-03-23,174,Groomed
T042,08-09,2009-03-23,174,Open
T043,08-09,2009-03-23,174,Open
T044,08-09,2009-03-23,174,Open
T045,08-09,2009-03-23,174,Open
T046,08-09,2009-03-23,174,Open
T047,08-09,2009-03-23,174,Closed
T061,08-09,2009-03-23,174,Groomed
T063,08-09,2009-03-23,174,Groomed
T064,08-09,2009-03-23,174,Groomed
T065,08-09,2009-03-23,174,Groomed
T066,08-09,2009-03-23,174,Open
T067,08-09,2009-03-23,174,Groomed
T068,08-09,2009-03-23,174,Open
T069,08-09,2009-03-23,174,Open
T070,08-09,2009-03-23,174,Open
T071,08-09,2009-03-23,174,Open
T072,08-09,2009-03-23,174,Open
T073,08-09,2009-03-23,174,Open
T074,08-09,2009-03-23,174,Open
T075,08-09,2009-03-23,174,Open
T076,08-09,2009-03-23,174,Open
T077,08-09,2009-03-23,174,Groomed
T078,08-09,2009-03-23,174,Groomed
T079,08-09,2009-03-23,174,Groomed
T080,08-09,2009-03-23,174,Open
T081,08-09,2009-03-23,174,Open
T083,08-09,2009-03-23,174,Open
T084,08-09,2009-03-23,174,Open
T085,08-09,2009-03-23,174,Open
T086,08-09,2009-03-23,174,Open
T087,08-09,2009-03-23,174,Open
T088,08-09,2009-03-23,174,Open
T089,08-09,2009-03-23,174,Open
T090,08-09,2009-03-23,174,Open
T091,08-09,2009-03-23,174,Open
T092,08-09,2009-03-23,174,Open
T127,08-09,2009-03-23,174,Open
T134,08-09,2009-03-23,174,Open
T135,08-09,2009-03-23,174,Open
T136,08-09,2009-03-23,174,Open
T137,08-09,2009-03-23,174,Open
T148,08-09,2009-03-23,174,Closed
T151,08-09,2009-03-23,174,Groomed
T152,08-09,2009-03-23,174,Groomed
T156,08-09,2009-03-23,174,Closed
T157,08-09,2009-03-23,174,Open
T002,08-09,2009-03-24,175,Groomed
T003,08-09,2009-03-24,175,Closed
T004,08-09,2009-03-24,175,Groomed
T005,08-09,2009-03-24,175,Groomed
T006,08-09,2009-03-24,175,Groomed
T007,08-09,2009-03-24,175,Groomed
T008,08-09,2009-03-24,175,Open
T009,08-09,2009-03-24,175,Groomed
T010,08-09,2009-03-24,175,Open
T011,08-09,2009-03-24,175,Groomed
T012,08-09,2009-03-24,175,Groomed
T013,08-09,2009-03-24,175,Groomed
T015,08-09,2009-03-24,175,Open
T016,08-09,2009-03-24,175,Open
T017,08-09,2009-03-24,175,Open
T018,08-09,2009-03-24,175,Groomed
T019,08-09,2009-03-24,175,Closed
T020,08-09,2009-03-24,175,Groomed
T021,08-09,2009-03-24,175,Groomed
T022,08-09,2009-03-24,175,Groomed
T023,08-09,2009-03-24,175,Groomed
T024,08-09,2009-03-24,175,Groomed
T025,08-09,2009-03-24,175,Groomed
T026,08-09,2009-03-24,175,Open
T027,08-09,2009-03-24,175,Groomed
T028,08-09,2009-03-24,175,Groomed
T029,08-09,2009-03-24,175,Groomed
T030,08-09,2009-03-24,175,Groomed
T031,08-09,2009-03-24,175,Groomed
T032,08-09,2009-03-24,175,Open
T033,08-09,2009-03-24,175,Groomed
T034,08-09,2009-03-24,175,Groomed
T035,08-09,2009-03-24,175,Groomed
T036,08-09,2009-03-24,175,Groomed
T037,08-09,2009-03-24,175,Open
T038,08-09,2009-03-24,175,Open
T039,08-09,2009-03-24,175,Groomed
T040,08-09,2009-03-24,175,Groomed
T042,08-09,2009-03-24,175,Open
T043,08-09,2009-03-24,175,Groomed
T044,08-09,2009-03-24,175,Open
T045,08-09,2009-03-24,175,Open
T046,08-09,2009-03-24,175,Open
T047,08-09,2009-03-24,175,Closed
T061,08-09,2009-03-24,175,Groomed
T063,08-09,2009-03-24,175,Groomed
T064,08-09,2009-03-24,175,Groomed
T065,08-09,2009-03-24,175,Groomed
T066,08-09,2009-03-24,175,Groomed
T067,08-09,2009-03-24,175,Groomed
T068,08-09,2009-03-24,175,Open
T069,08-09,2009-03-24,175,Open
T070,08-09,2009-03-24,175,Open
T071,08-09,2009-03-24,175,Open
T072,08-09,2009-03-24,175,Open
T073,08-09,2009-03-24,175,Open
T074,08-09,2009-03-24,175,Open
T075,08-09,2009-03-24,175,Open
T076,08-09,2009-03-24,175,Open
T077,08-09,2009-03-24,175,Groomed
T078,08-09,2009-03-24,175,Groomed
T079,08-09,2009-03-24,175,Groomed
T080,08-09,2009-03-24,175,Open
T081,08-09,2009-03-24,175,Open
T083,08-09,2009-03-24,175,Groomed
T084,08-09,2009-03-24,175,Open
T085,08-09,2009-03-24,175,Open
T086,08-09,2009-03-24,175,Open
T087,08-09,2009-03-24,175,Open
T088,08-09,2009-03-24,175,Open
T089,08-09,2009-03-24,175,Open
T090,08-09,2009-03-24,175,Open
T091,08-09,2009-03-24,175,Open
T092,08-09,2009-03-24,175,Open
T127,08-09,2009-03-24,175,Open
T134,08-09,2009-03-24,175,Open
T135,08-09,2009-03-24,175,Open
T136,08-09,2009-03-24,175,Open
T137,08-09,2009-03-24,175,Open
T148,08-09,2009-03-24,175,Open
T151,08-09,2009-03-24,175,Groomed
T152,08-09,2009-03-24,175,Groomed
T156,08-09,2009-03-24,175,Closed
T157,08-09,2009-03-24,175,Open
T002,08-09,2009-03-25,176,Groomed
T003,08-09,2009-03-25,176,Closed
T004,08-09,2009-03-25,176,Groomed
T005,08-09,2009-03-25,176,Groomed
T006,08-09,2009-03-25,176,Groomed
T007,08-09,2009-03-25,176,Groomed
T008,08-09,2009-03-25,176,Open
T009,08-09,2009-03-25,176,Groomed
T010,08-09,2009-03-25,176,Open
T011,08-09,2009-03-25,176,Groomed
T012,08-09,2009-03-25,176,Groomed
T013,08-09,2009-03-25,176,Groomed
T015,08-09,2009-03-25,176,Open
T016,08-09,2009-03-25,176,Open
T017,08-09,2009-03-25,176,Open
T018,08-09,2009-03-25,176,Groomed
T019,08-09,2009-03-25,176,Closed
T020,08-09,2009-03-25,176,Groomed
T021,08-09,2009-03-25,176,Groomed
T022,08-09,2009-03-25,176,Groomed
T023,08-09,2009-03-25,176,Groomed
T024,08-09,2009-03-25,176,Groomed
T025,08-09,2009-03-25,176,Groomed
T026,08-09,2009-03-25,176,Groomed
T027,08-09,2009-03-25,176,Groomed
T028,08-09,2009-03-25,176,Groomed
T029,08-09,2009-03-25,176,Open
T030,08-09,2009-03-25,176,Groomed
T031,08-09,2009-03-25,176,Groomed
T032,08-09,2009-03-25,176,Open
T033,08-09,2009-03-25,176,Groomed
T034,08-09,2009-03-25,176,Groomed
T035,08-09,2009-03-25,176,Open
T036,08-09,2009-03-25,176,Groomed
T037,08-09,2009-03-25,176,Open
T038,08-09,2009-03-25,176,Groomed
T039,08-09,2009-03-25,176,Groomed
T040,08-09,2009-03-25,176,Groomed
T042,08-09,2009-03-25,176,Open
T043,08-09,2009-03-25,176,Open
T044,08-09,2009-03-25,176,Open
T045,08-09,2009-03-25,176,Open
T046,08-09,2009-03-25,176,Open
T047,08-09,2009-03-25,176,Closed
T061,08-09,2009-03-25,176,Groomed
T063,08-09,2009-03-25,176,Groomed
T064,08-09,2009-03-25,176,Groomed
T065,08-09,2009-03-25,176,Groomed
T066,08-09,2009-03-25,176,Groomed
T067,08-09,2009-03-25,176,Groomed
T068,08-09,2009-03-25,176,Open
T069,08-09,2009-03-25,176,Open
T070,08-09,2009-03-25,176,Open
T071,08-09,2009-03-25,176,Open
T072,08-09,2009-03-25,176,Open
T073,08-09,2009-03-25,176,Open
T074,08-09,2009-03-25,176,Open
T075,08-09,2009-03-25,176,Open
T076,08-09,2009-03-25,176,Open
T077,08-09,2009-03-25,176,Groomed
T078,08-09,2009-03-25,176,Groomed
T079,08-09,2009-03-25,176,Groomed
T080,08-09,2009-03-25,176,Open
T081,08-09,2009-03-25,176,Open
T083,08-09,2009-03-25,176,Open
T084,08-09,2009-03-25,176,Open
T085,08-09,2009-03-25,176,Open
T086,08-09,2009-03-25,176,Open
T087,08-09,2009-03-25,176,Open
T088,08-09,2009-03-25,176,Open
T089,08-09,2009-03-25,176,Open
T090,08-09,2009-03-25,176,Open
T091,08-09,2009-03-25,176,Open
T092,08-09,2009-03-25,176,Open
T127,08-09,2009-03-25,176,Open
T134,08-09,2009-03-25,176,Open
T135,08-09,2009-03-25,176,Open
T136,08-09,2009-03-25,176,Open
T137,08-09,2009-03-25,176,Open
T148,08-09,2009-03-25,176,Open
T151,08-09,2009-03-25,176,Groomed
T152,08-09,2009-03-25,176,Groomed
T156,08-09,2009-03-25,176,Closed
T157,08-09,2009-03-25,176,Open
T002,08-09,2009-03-26,177,Groomed
T003,08-09,2009-03-26,177,Closed
T004,08-09,2009-03-26,177,Groomed
T005,08-09,2009-03-26,177,Groomed
T006,08-09,2009-03-26,177,Groomed
T007,08-09,2009-03-26,177,Groomed
T008,08-09,2009-03-26,177,Open
T009,08-09,2009-03-26,177,Groomed
T010,08-09,2009-03-26,177,Open
T011,08-09,2009-03-26,177,Groomed
T012,08-09,2009-03-26,177,Groomed
T013,08-09,2009-03-26,177,Groomed
T015,08-09,2009-03-26,177,Open
T016,08-09,2009-03-26,177,Open
T017,08-09,2009-03-26,177,Open
T018,08-09,2009-03-26,177,Open
T019,08-09,2009-03-26,177,Closed
T020,08-09,2009-03-26,177,Groomed
T021,08-09,2009-03-26,177,Groomed
T022,08-09,2009-03-26,177,Groomed
T023,08-09,2009-03-26,177,Groomed
T024,08-09,2009-03-26,177,Open
T025,08-09,2009-03-26,177,Groomed
T026,08-09,2009-03-26,177,Groomed
T027,08-09,2009-03-26,177,Groomed
T028,08-09,2009-03-26,177,Groomed
T029,08-09,2009-03-26,177,Open
T030,08-09,2009-03-26,177,Groomed
T031,08-09,2009-03-26,177,Groomed
T032,08-09,2009-03-26,177,Open
T033,08-09,2009-03-26,177,Groomed
T034,08-09,2009-03-26,177,Groomed
T035,08-09,2009-03-26,177,Open
T036,08-09,2009-03-26,177,Groomed
T037,08-09,2009-03-26,177,Open
T038,08-09,2009-03-26,177,Groomed
T039,08-09,2009-03-26,177,Groomed
T040,08-09,2009-03-26,177,Groomed
T042,08-09,2009-03-26,177,Open
T043,08-09,2009-03-26,177,Groomed
T044,08-09,2009-03-26,177,Open
T045,08-09,2009-03-26,177,Open
T046,08-09,2009-03-26,177,Open
T047,08-09,2009-03-26,177,Closed
T061,08-09,2009-03-26,177,Groomed
T063,08-09,2009-03-26,177,Groomed
T064,08-09,2009-03-26,177,Groomed
T065,08-09,2009-03-26,177,Groomed
T066,08-09,2009-03-26,177,Groomed
T067,08-09,2009-03-26,177,Groomed
T068,08-09,2009-03-26,177,Open
T069,08-09,2009-03-26,177,Open
T070,08-09,2009-03-26,177,Open
T071,08-09,2009-03-26,177,Open
T072,08-09,2009-03-26,177,Open
T073,08-09,2009-03-26,177,Open
T074,08-09,2009-03-26,177,Open
T075,08-09,2009-03-26,177,Open
T076,08-09,2009-03-26,177,Open
T077,08-09,2009-03-26,177,Groomed
T078,08-09,2009-03-26,177,Groomed
T079,08-09,2009-03-26,177,Groomed
T080,08-09,2009-03-26,177,Open
T081,08-09,2009-03-26,177,Open
T083,08-09,2009-03-26,177,Groomed
T084,08-09,2009-03-26,177,Open
T085,08-09,2009-03-26,177,Open
T086,08-09,2009-03-26,177,Open
T087,08-09,2009-03-26,177,Open
T088,08-09,2009-03-26,177,Open
T089,08-09,2009-03-26,177,Open
T090,08-09,2009-03-26,177,Open
T091,08-09,2009-03-26,177,Open
T092,08-09,2009-03-26,177,Open
T127,08-09,2009-03-26,177,Open
T134,08-09,2009-03-26,177,Open
T135,08-09,2009-03-26,177,Open
T136,08-09,2009-03-26,177,Open
T137,08-09,2009-03-26,177,Open
T148,08-09,2009-03-26,177,Open
T151,08-09,2009-03-26,177,Groomed
T152,08-09,2009-03-26,177,Groomed
T156,08-09,2009-03-26,177,Closed
T157,08-09,2009-03-26,177,Open
T002,08-09,2009-03-27,178,Groomed
T003,08-09,2009-03-27,178,Closed
T004,08-09,2009-03-27,178,Groomed
T005,08-09,2009-03-27,178,Groomed
T006,08-09,2009-03-27,178,Groomed
T007,08-09,2009-03-27,178,Groomed
T008,08-09,2009-03-27,178,Open
T009,08-09,2009-03-27,178,Groomed
T010,08-09,2009-03-27,178,Open
T011,08-09,2009-03-27,178,Groomed
T012,08-09,2009-03-27,178,Groomed
T013,08-09,2009-03-27,178,Groomed
T015,08-09,2009-03-27,178,Open
T016,08-09,2009-03-27,178,Open
T017,08-09,2009-03-27,178,Open
T018,08-09,2009-03-27,178,Groomed
T019,08-09,2009-03-27,178,Open
T020,08-09,2009-03-27,178,Groomed
T021,08-09,2009-03-27,178,Groomed
T022,08-09,2009-03-27,178,Groomed
T023,08-09,2009-03-27,178,Groomed
T024,08-09,2009-03-27,178,Open
T025,08-09,2009-03-27,178,Groomed
T026,08-09,2009-03-27,178,Groomed
T027,08-09,2009-03-27,178,Groomed
T028,08-09,2009-03-27,178,Groomed
T029,08-09,2009-03-27,178,Open
T030,08-09,2009-03-27,178,Groomed
T031,08-09,2009-03-27,178,Groomed
T032,08-09,2009-03-27,178,Open
T033,08-09,2009-03-27,178,Groomed
T034,08-09,2009-03-27,178,Groomed
T035,08-09,2009-03-27,178,Groomed
T036,08-09,2009-03-27,178,Groomed
T037,08-09,2009-03-27,178,Open
T038,08-09,2009-03-27,178,Groomed
T039,08-09,2009-03-27,178,Groomed
T040,08-09,2009-03-27,178,Groomed
T042,08-09,2009-03-27,178,Groomed
T043,08-09,2009-03-27,178,Groomed
T044,08-09,2009-03-27,178,Open
T045,08-09,2009-03-27,178,Open
T046,08-09,2009-03-27,178,Open
T047,08-09,2009-03-27,178,Closed
T061,08-09,2009-03-27,178,Groomed
T063,08-09,2009-03-27,178,Groomed
T064,08-09,2009-03-27,178,Groomed
T065,08-09,2009-03-27,178,Groomed
T066,08-09,2009-03-27,178,Groomed
T067,08-09,2009-03-27,178,Groomed
T068,08-09,2009-03-27,178,Open
T069,08-09,2009-03-27,178,Open
T070,08-09,2009-03-27,178,Open
T071,08-09,2009-03-27,178,Open
T072,08-09,2009-03-27,178,Open
T073,08-09,2009-03-27,178,Open
T074,08-09,2009-03-27,178,Open
T075,08-09,2009-03-27,178,Open
T076,08-09,2009-03-27,178,Open
T077,08-09,2009-03-27,178,Groomed
T078,08-09,2009-03-27,178,Groomed
T079,08-09,2009-03-27,178,Groomed
T080,08-09,2009-03-27,178,Open
T081,08-09,2009-03-27,178,Open
T083,08-09,2009-03-27,178,Groomed
T084,08-09,2009-03-27,178,Open
T085,08-09,2009-03-27,178,Open
T086,08-09,2009-03-27,178,Open
T087,08-09,2009-03-27,178,Open
T088,08-09,2009-03-27,178,Open
T089,08-09,2009-03-27,178,Open
T090,08-09,2009-03-27,178,Open
T091,08-09,2009-03-27,178,Open
T092,08-09,2009-03-27,178,Open
T127,08-09,2009-03-27,178,Open
T134,08-09,2009-03-27,178,Open
T135,08-09,2009-03-27,178,Open
T136,08-09,2009-03-27,178,Open
T137,08-09,2009-03-27,178,Open
T148,08-09,2009-03-27,178,Open
T151,08-09,2009-03-27,178,Groomed
T152,08-09,2009-03-27,178,Groomed
T156,08-09,2009-03-27,178,Closed
T157,08-09,2009-03-27,178,Open
T002,08-09,2009-03-28,179,Groomed
T003,08-09,2009-03-28,179,Open
T004,08-09,2009-03-28,179,Groomed
T005,08-09,2009-03-28,179,Groomed
T006,08-09,2009-03-28,179,Groomed
T007,08-09,2009-03-28,179,Groomed
T008,08-09,2009-03-28,179,Open
T009,08-09,2009-03-28,179,Groomed
T010,08-09,2009-03-28,179,Open
T011,08-09,2009-03-28,179,Groomed
T012,08-09,2009-03-28,179,Groomed
T013,08-09,2009-03-28,179,Groomed
T015,08-09,2009-03-28,179,Open
T016,08-09,2009-03-28,179,Open
T017,08-09,2009-03-28,179,Open
T018,08-09,2009-03-28,179,Groomed
T019,08-09,2009-03-28,179,Open
T020,08-09,2009-03-28,179,Groomed
T021,08-09,2009-03-28,179,Groomed
T022,08-09,2009-03-28,179,Groomed
T023,08-09,2009-03-28,179,Groomed
T024,08-09,2009-03-28,179,Open
T025,08-09,2009-03-28,179,Groomed
T026,08-09,2009-03-28,179,Groomed
T027,08-09,2009-03-28,179,Groomed
T028,08-09,2009-03-28,179,Groomed
T029,08-09,2009-03-28,179,Open
T030,08-09,2009-03-28,179,Groomed
T031,08-09,2009-03-28,179,Groomed
T032,08-09,2009-03-28,179,Open
T033,08-09,2009-03-28,179,Groomed
T034,08-09,2009-03-28,179,Groomed
T035,08-09,2009-03-28,179,Groomed
T036,08-09,2009-03-28,179,Groomed
T037,08-09,2009-03-28,179,Open
T038,08-09,2009-03-28,179,Groomed
T039,08-09,2009-03-28,179,Groomed
T040,08-09,2009-03-28,179,Groomed
T042,08-09,2009-03-28,179,Open
T043,08-09,2009-03-28,179,Open
T044,08-09,2009-03-28,179,Open
T045,08-09,2009-03-28,179,Open
T046,08-09,2009-03-28,179,Open
T047,08-09,2009-03-28,179,Closed
T061,08-09,2009-03-28,179,Groomed
T063,08-09,2009-03-28,179,Groomed
T064,08-09,2009-03-28,179,Groomed
T065,08-09,2009-03-28,179,Groomed
T066,08-09,2009-03-28,179,Groomed
T067,08-09,2009-03-28,179,Groomed
T068,08-09,2009-03-28,179,Open
T069,08-09,2009-03-28,179,Open
T070,08-09,2009-03-28,179,Open
T071,08-09,2009-03-28,179,Open
T072,08-09,2009-03-28,179,Open
T073,08-09,2009-03-28,179,Open
T074,08-09,2009-03-28,179,Open
T075,08-09,2009-03-28,179,Open
T076,08-09,2009-03-28,179,Open
T077,08-09,2009-03-28,179,Groomed
T078,08-09,2009-03-28,179,Groomed
T079,08-09,2009-03-28,179,Groomed
T080,08-09,2009-03-28,179,Open
T081,08-09,2009-03-28,179,Open
T083,08-09,2009-03-28,179,Open
T084,08-09,2009-03-28,179,Open
T085,08-09,2009-03-28,179,Open
T086,08-09,2009-03-28,179,Open
T087,08-09,2009-03-28,179,Open
T088,08-09,2009-03-28,179,Open
T089,08-09,2009-03-28,179,Open
T090,08-09,2009-03-28,179,Open
T091,08-09,2009-03-28,179,Open
T092,08-09,2009-03-28,179,Open
T127,08-09,2009-03-28,179,Open
T134,08-09,2009-03-28,179,Open
T135,08-09,2009-03-28,179,Open
T136,08-09,2009-03-28,179,Open
T137,08-09,2009-03-28,179,Open
T148,08-09,2009-03-28,179,Open
T151,08-09,2009-03-28,179,Groomed
T152,08-09,2009-03-28,179,Groomed
T156,08-09,2009-03-28,179,Closed
T157,08-09,2009-03-28,179,Open
T002,08-09,2009-03-29,180,Groomed
T003,08-09,2009-03-29,180,Open
T004,08-09,2009-03-29,180,Groomed
T005,08-09,2009-03-29,180,Groomed
T006,08-09,2009-03-29,180,Groomed
T007,08-09,2009-03-29,180,Groomed
T008,08-09,2009-03-29,180,Open
T009,08-09,2009-03-29,180,Groomed
T010,08-09,2009-03-29,180,Open
T011,08-09,2009-03-29,180,Groomed
T012,08-09,2009-03-29,180,Groomed
T013,08-09,2009-03-29,180,Groomed
T015,08-09,2009-03-29,180,Open
T016,08-09,2009-03-29,180,Open
T017,08-09,2009-03-29,180,Open
T018,08-09,2009-03-29,180,Groomed
T019,08-09,2009-03-29,180,Open
T020,08-09,2009-03-29,180,Groomed
T021,08-09,2009-03-29,180,Groomed
T022,08-09,2009-03-29,180,Groomed
T023,08-09,2009-03-29,180,Groomed
T024,08-09,2009-03-29,180,Open
T025,08-09,2009-03-29,180,Groomed
T026,08-09,2009-03-29,180,Groomed
T027,08-09,2009-03-29,180,Groomed
T028,08-09,2009-03-29,180,Groomed
T029,08-09,2009-03-29,180,Open
T030,08-09,2009-03-29,180,Groomed
T031,08-09,2009-03-29,180,Groomed
T032,08-09,2009-03-29,180,Open
T033,08-09,2009-03-29,180,Groomed
T034,08-09,2009-03-29,180,Groomed
T035,08-09,2009-03-29,180,Open
T036,08-09,2009-03-29,180,Groomed
T037,08-09,2009-03-29,180,Open
T038,08-09,2009-03-29,180,Open
T039,08-09,2009-03-29,180,Groomed
T040,08-09,2009-03-29,180,Groomed
T042,08-09,2009-03-29,180,Open
T043,08-09,2009-03-29,180,Groomed
T044,08-09,2009-03-29,180,Open
T045,08-09,2009-03-29,180,Open
T046,08-09,2009-03-29,180,Open
T047,08-09,2009-03-29,180,Closed
T061,08-09,2009-03-29,180,Groomed
T063,08-09,2009-03-29,180,Groomed
T064,08-09,2009-03-29,180,Groomed
T065,08-09,2009-03-29,180,Groomed
T066,08-09,2009-03-29,180,Open
T067,08-09,2009-03-29,180,Groomed
T068,08-09,2009-03-29,180,Open
T069,08-09,2009-03-29,180,Open
T070,08-09,2009-03-29,180,Open
T071,08-09,2009-03-29,180,Open
T072,08-09,2009-03-29,180,Open
T073,08-09,2009-03-29,180,Open
T074,08-09,2009-03-29,180,Open
T075,08-09,2009-03-29,180,Open
T076,08-09,2009-03-29,180,Open
T077,08-09,2009-03-29,180,Groomed
T078,08-09,2009-03-29,180,Groomed
T079,08-09,2009-03-29,180,Groomed
T080,08-09,2009-03-29,180,Open
T081,08-09,2009-03-29,180,Open
T083,08-09,2009-03-29,180,Open
T084,08-09,2009-03-29,180,Open
T085,08-09,2009-03-29,180,Open
T086,08-09,2009-03-29,180,Open
T087,08-09,2009-03-29,180,Open
T088,08-09,2009-03-29,180,Open
T089,08-09,2009-03-29,180,Open
T090,08-09,2009-03-29,180,Open
T091,08-09,2009-03-29,180,Open
T092,08-09,2009-03-29,180,Open
T127,08-09,2009-03-29,180,Open
T134,08-09,2009-03-29,180,Open
T135,08-09,2009-03-29,180,Open
T136,08-09,2009-03-29,180,Open
T137,08-09,2009-03-29,180,Open
T148,08-09,2009-03-29,180,Open
T151,08-09,2009-03-29,180,Groomed
T152,08-09,2009-03-29,180,Groomed
T156,08-09,2009-03-29,180,Closed
T157,08-09,2009-03-29,180,Open
T002,08-09,2009-03-30,181,Groomed
T003,08-09,2009-03-30,181,Open
T004,08-09,2009-03-30,181,Groomed
T005,08-09,2009-03-30,181,Groomed
T006,08-09,2009-03-30,181,Groomed
T007,08-09,2009-03-30,181,Groomed
T008,08-09,2009-03-30,181,Open
T009,08-09,2009-03-30,181,Groomed
T010,08-09,2009-03-30,181,Open
T011,08-09,2009-03-30,181,Groomed
T012,08-09,2009-03-30,181,Groomed
T013,08-09,2009-03-30,181,Groomed
T015,08-09,2009-03-30,181,Open
T016,08-09,2009-03-30,181,Open
T017,08-09,2009-03-30,181,Open
T018,08-09,2009-03-30,181,Groomed
T019,08-09,2009-03-30,181,Open
T020,08-09,2009-03-30,181,Groomed
T021,08-09,2009-03-30,181,Groomed
T022,08-09,2009-03-30,181,Groomed
T023,08-09,2009-03-30,181,Groomed
T024,08-09,2009-03-30,181,Groomed
T025,08-09,2009-03-30,181,Groomed
T026,08-09,2009-03-30,181,Groomed
T027,08-09,2009-03-30,181,Groomed
T028,08-09,2009-03-30,181,Groomed
T029,08-09,2009-03-30,181,Open
T030,08-09,2009-03-30,181,Groomed
T031,08-09,2009-03-30,181,Groomed
T032,08-09,2009-03-30,181,Open
T033,08-09,2009-03-30,181,Groomed
T034,08-09,2009-03-30,181,Groomed
T035,08-09,2009-03-30,181,Groomed
T036,08-09,2009-03-30,181,Groomed
T037,08-09,2009-03-30,181,Open
T038,08-09,2009-03-30,181,Groomed
T039,08-09,2009-03-30,181,Groomed
T040,08-09,2009-03-30,181,Groomed
T042,08-09,2009-03-30,181,Open
T043,08-09,2009-03-30,181,Groomed
T044,08-09,2009-03-30,181,Open
T045,08-09,2009-03-30,181,Open
T046,08-09,2009-03-30,181,Open
T047,08-09,2009-03-30,181,Closed
T061,08-09,2009-03-30,181,Groomed
T063,08-09,2009-03-30,181,Groomed
T064,08-09,2009-03-30,181,Groomed
T065,08-09,2009-03-30,181,Groomed
T066,08-09,2009-03-30,181,Open
T067,08-09,2009-03-30,181,Groomed
T068,08-09,2009-03-30,181,Open
T069,08-09,2009-03-30,181,Open
T070,08-09,2009-03-30,181,Open
T071,08-09,2009-03-30,181,Open
T072,08-09,2009-03-30,181,Open
T073,08-09,2009-03-30,181,Open
T074,08-09,2009-03-30,181,Open
T075,08-09,2009-03-30,181,Open
T076,08-09,2009-03-30,181,Open
T077,08-09,2009-03-30,181,Groomed
T078,08-09,2009-03-30,181,Groomed
T079,08-09,2009-03-30,181,Groomed
T080,08-09,2009-03-30,181,Open
T081,08-09,2009-03-30,181,Open
T083,08-09,2009-03-30,181,Groomed
T084,08-09,2009-03-30,181,Open
T085,08-09,2009-03-30,181,Open
T086,08-09,2009-03-30,181,Open
T087,08-09,2009-03-30,181,Open
T088,08-09,2009-03-30,181,Open
T089,08-09,2009-03-30,181,Open
T090,08-09,2009-03-30,181,Open
T091,08-09,2009-03-30,181,Open
T092,08-09,2009-03-30,181,Open
T127,08-09,2009-03-30,181,Open
T134,08-09,2009-03-30,181,Open
T135,08-09,2009-03-30,181,Open
T136,08-09,2009-03-30,181,Open
T137,08-09,2009-03-30,181,Open
T148,08-09,2009-03-30,181,Open
T151,08-09,2009-03-30,181,Groomed
T152,08-09,2009-03-30,181,Groomed
T156,08-09,2009-03-30,181,Closed
T157,08-09,2009-03-30,181,Open
T002,08-09,2009-03-31,182,Groomed
T003,08-09,2009-03-31,182,Open
T004,08-09,2009-03-31,182,Groomed
T005,08-09,2009-03-31,182,Groomed
T006,08-09,2009-03-31,182,Groomed
T007,08-09,2009-03-31,182,Groomed
T008,08-09,2009-03-31,182,Open
T009,08-09,2009-03-31,182,Groomed
T010,08-09,2009-03-31,182,Open
T011,08-09,2009-03-31,182,Groomed
T012,08-09,2009-03-31,182,Groomed
T013,08-09,2009-03-31,182,Groomed
T015,08-09,2009-03-31,182,Open
T016,08-09,2009-03-31,182,Open
T017,08-09,2009-03-31,182,Open
T018,08-09,2009-03-31,182,Groomed
T019,08-09,2009-03-31,182,Open
T020,08-09,2009-03-31,182,Groomed
T021,08-09,2009-03-31,182,Groomed
T022,08-09,2009-03-31,182,Groomed
T023,08-09,2009-03-31,182,Groomed
T024,08-09,2009-03-31,182,Groomed
T025,08-09,2009-03-31,182,Groomed
T026,08-09,2009-03-31,182,Groomed
T027,08-09,2009-03-31,182,Groomed
T028,08-09,2009-03-31,182,Groomed
T029,08-09,2009-03-31,182,Open
T030,08-09,2009-03-31,182,Groomed
T031,08-09,2009-03-31,182,Groomed
T032,08-09,2009-03-31,182,Open
T033,08-09,2009-03-31,182,Groomed
T034,08-09,2009-03-31,182,Groomed
T035,08-09,2009-03-31,182,Open
T036,08-09,2009-03-31,182,Groomed
T037,08-09,2009-03-31,182,Open
T038,08-09,2009-03-31,182,Groomed
T039,08-09,2009-03-31,182,Groomed
T040,08-09,2009-03-31,182,Groomed
T042,08-09,2009-03-31,182,Open
T043,08-09,2009-03-31,182,Groomed
T044,08-09,2009-03-31,182,Open
T045,08-09,2009-03-31,182,Open
T046,08-09,2009-03-31,182,Open
T047,08-09,2009-03-31,182,Closed
T061,08-09,2009-03-31,182,Groomed
T063,08-09,2009-03-31,182,Groomed
T064,08-09,2009-03-31,182,Groomed
T065,08-09,2009-03-31,182,Groomed
T066,08-09,2009-03-31,182,Groomed
T067,08-09,2009-03-31,182,Groomed
T068,08-09,2009-03-31,182,Open
T069,08-09,2009-03-31,182,Open
T070,08-09,2009-03-31,182,Open
T071,08-09,2009-03-31,182,Open
T072,08-09,2009-03-31,182,Open
T073,08-09,2009-03-31,182,Open
T074,08-09,2009-03-31,182,Open
T075,08-09,2009-03-31,182,Open
T076,08-09,2009-03-31,182,Open
T077,08-09,2009-03-31,182,Groomed
T078,08-09,2009-03-31,182,Groomed
T079,08-09,2009-03-31,182,Groomed
T080,08-09,2009-03-31,182,Open
T081,08-09,2009-03-31,182,Open
T083,08-09,2009-03-31,182,Groomed
T084,08-09,2009-03-31,182,Open
T085,08-09,2009-03-31,182,Open
T086,08-09,2009-03-31,182,Open
T087,08-09,2009-03-31,182,Open
T088,08-09,2009-03-31,182,Open
T089,08-09,2009-03-31,182,Open
T090,08-09,2009-03-31,182,Open
T091,08-09,2009-03-31,182,Open
T092,08-09,2009-03-31,182,Open
T127,08-09,2009-03-31,182,Open
T134,08-09,2009-03-31,182,Open
T135,08-09,2009-03-31,182,Open
T136,08-09,2009-03-31,182,Open
T137,08-09,2009-03-31,182,Open
T148,08-09,2009-03-31,182,Open
T151,08-09,2009-03-31,182,Groomed
T152,08-09,2009-03-31,182,Groomed
T156,08-09,2009-03-31,182,Closed
T157,08-09,2009-03-31,182,Open
T002,08-09,2009-04-01,183,Groomed
T003,08-09,2009-04-01,183,Open
T004,08-09,2009-04-01,183,Groomed
T005,08-09,2009-04-01,183,Groomed
T006,08-09,2009-04-01,183,Groomed
T007,08-09,2009-04-01,183,Groomed
T008,08-09,2009-04-01,183,Groomed
T009,08-09,2009-04-01,183,Groomed
T010,08-09,2009-04-01,183,Groomed
T011,08-09,2009-04-01,183,Groomed
T012,08-09,2009-04-01,183,Groomed
T013,08-09,2009-04-01,183,Groomed
T015,08-09,2009-04-01,183,Open
T016,08-09,2009-04-01,183,Open
T017,08-09,2009-04-01,183,Open
T018,08-09,2009-04-01,183,Groomed
T019,08-09,2009-04-01,183,Open
T020,08-09,2009-04-01,183,Groomed
T021,08-09,2009-04-01,183,Groomed
T022,08-09,2009-04-01,183,Groomed
T023,08-09,2009-04-01,183,Groomed
T024,08-09,2009-04-01,183,Groomed
T025,08-09,2009-04-01,183,Groomed
T026,08-09,2009-04-01,183,Groomed
T027,08-09,2009-04-01,183,Groomed
T028,08-09,2009-04-01,183,Groomed
T029,08-09,2009-04-01,183,Open
T030,08-09,2009-04-01,183,Groomed
T031,08-09,2009-04-01,183,Groomed
T032,08-09,2009-04-01,183,Open
T033,08-09,2009-04-01,183,Groomed
T034,08-09,2009-04-01,183,Groomed
T035,08-09,2009-04-01,183,Open
T036,08-09,2009-04-01,183,Groomed
T037,08-09,2009-04-01,183,Open
T038,08-09,2009-04-01,183,Groomed
T039,08-09,2009-04-01,183,Groomed
T040,08-09,2009-04-01,183,Groomed
T042,08-09,2009-04-01,183,Open
T043,08-09,2009-04-01,183,Groomed
T044,08-09,2009-04-01,183,Open
T045,08-09,2009-04-01,183,Open
T046,08-09,2009-04-01,183,Open
T047,08-09,2009-04-01,183,Closed
T061,08-09,2009-04-01,183,Groomed
T063,08-09,2009-04-01,183,Groomed
T064,08-09,2009-04-01,183,Groomed
T065,08-09,2009-04-01,183,Groomed
T066,08-09,2009-04-01,183,Groomed
T067,08-09,2009-04-01,183,Groomed
T068,08-09,2009-04-01,183,Open
T069,08-09,2009-04-01,183,Open
T070,08-09,2009-04-01,183,Open
T071,08-09,2009-04-01,183,Open
T072,08-09,2009-04-01,183,Open
T073,08-09,2009-04-01,183,Open
T074,08-09,2009-04-01,183,Open
T075,08-09,2009-04-01,183,Open
T076,08-09,2009-04-01,183,Open
T077,08-09,2009-04-01,183,Groomed
T078,08-09,2009-04-01,183,Groomed
T079,08-09,2009-04-01,183,Groomed
T080,08-09,2009-04-01,183,Open
T081,08-09,2009-04-01,183,Open
T083,08-09,2009-04-01,183,Groomed
T084,08-09,2009-04-01,183,Open
T085,08-09,2009-04-01,183,Open
T086,08-09,2009-04-01,183,Open
T087,08-09,2009-04-01,183,Open
T088,08-09,2009-04-01,183,Open
T089,08-09,2009-04-01,183,Open
T090,08-09,2009-04-01,183,Open
T091,08-09,2009-04-01,183,Open
T092,08-09,2009-04-01,183,Open
T127,08-09,2009-04-01,183,Open
T134,08-09,2009-04-01,183,Open
T135,08-09,2009-04-01,183,Open
T136,08-09,2009-04-01,183,Open
T137,08-09,2009-04-01,183,Open
T148,08-09,2009-04-01,183,Open
T151,08-09,2009-04-01,183,Groomed
T152,08-09,2009-04-01,183,Groomed
T156,08-09,2009-04-01,183,Closed
T157,08-09,2009-04-01,183,Open
T002,08-09,2009-04-02,184,Groomed
T003,08-09,2009-04-02,184,Open
T004,08-09,2009-04-02,184,Groomed
T005,08-09,2009-04-02,184,Groomed
T006,08-09,2009-04-02,184,Groomed
T007,08-09,2009-04-02,184,Groomed
T008,08-09,2009-04-02,184,Open
T009,08-09,2009-04-02,184,Groomed
T010,08-09,2009-04-02,184,Open
T011,08-09,2009-04-02,184,Groomed
T012,08-09,2009-04-02,184,Groomed
T013,08-09,2009-04-02,184,Groomed
T015,08-09,2009-04-02,184,Open
T016,08-09,2009-04-02,184,Open
T017,08-09,2009-04-02,184,Open
T018,08-09,2009-04-02,184,Open
T019,08-09,2009-04-02,184,Open
T020,08-09,2009-04-02,184,Groomed
T021,08-09,2009-04-02,184,Groomed
T022,08-09,2009-04-02,184,Groomed
T023,08-09,2009-04-02,184,Groomed
T024,08-09,2009-04-02,184,Open
T025,08-09,2009-04-02,184,Groomed
T026,08-09,2009-04-02,184,Groomed
T027,08-09,2009-04-02,184,Groomed
T028,08-09,2009-04-02,184,Groomed
T029,08-09,2009-04-02,184,Open
T030,08-09,2009-04-02,184,Groomed
T031,08-09,2009-04-02,184,Groomed
T032,08-09,2009-04-02,184,Open
T033,08-09,2009-04-02,184,Groomed
T034,08-09,2009-04-02,184,Groomed
T035,08-09,2009-04-02,184,Groomed
T036,08-09,2009-04-02,184,Groomed
T037,08-09,2009-04-02,184,Open
T038,08-09,2009-04-02,184,Open
T039,08-09,2009-04-02,184,Groomed
T040,08-09,2009-04-02,184,Groomed
T042,08-09,2009-04-02,184,Open
T043,08-09,2009-04-02,184,Groomed
T044,08-09,2009-04-02,184,Open
T045,08-09,2009-04-02,184,Open
T046,08-09,2009-04-02,184,Open
T047,08-09,2009-04-02,184,Closed
T061,08-09,2009-04-02,184,Groomed
T063,08-09,2009-04-02,184,Groomed
T064,08-09,2009-04-02,184,Groomed
T065,08-09,2009-04-02,184,Groomed
T066,08-09,2009-04-02,184,Groomed
T067,08-09,2009-04-02,184,Groomed
T068,08-09,2009-04-02,184,Open
T069,08-09,2009-04-02,184,Open
T070,08-09,2009-04-02,184,Open
T071,08-09,2009-04-02,184,Open
T072,08-09,2009-04-02,184,Open
T073,08-09,2009-04-02,184,Open
T074,08-09,2009-04-02,184,Open
T075,08-09,2009-04-02,184,Open
T076,08-09,2009-04-02,184,Open
T077,08-09,2009-04-02,184,Groomed
T078,08-09,2009-04-02,184,Groomed
T079,08-09,2009-04-02,184,Groomed
T080,08-09,2009-04-02,184,Open
T081,08-09,2009-04-02,184,Open
T083,08-09,2009-04-02,184,Groomed
T084,08-09,2009-04-02,184,Open
T085,08-09,2009-04-02,184,Open
T086,08-09,2009-04-02,184,Open
T087,08-09,2009-04-02,184,Open
T088,08-09,2009-04-02,184,Open
T089,08-09,2009-04-02,184,Open
T090,08-09,2009-04-02,184,Open
T091,08-09,2009-04-02,184,Open
T092,08-09,2009-04-02,184,Open
T127,08-09,2009-04-02,184,Open
T134,08-09,2009-04-02,184,Open
T135,08-09,2009-04-02,184,Open
T136,08-09,2009-04-02,184,Open
T137,08-09,2009-04-02,184,Open
T148,08-09,2009-04-02,184,Open
T151,08-09,2009-04-02,184,Groomed
T152,08-09,2009-04-02,184,Groomed
T156,08-09,2009-04-02,184,Closed
T157,08-09,2009-04-02,184,Open
T002,08-09,2009-04-03,185,Groomed
T003,08-09,2009-04-03,185,Open
T004,08-09,2009-04-03,185,Groomed
T005,08-09,2009-04-03,185,Groomed
T006,08-09,2009-04-03,185,Groomed
T007,08-09,2009-04-03,185,Groomed
T008,08-09,2009-04-03,185,Open
T009,08-09,2009-04-03,185,Groomed
T010,08-09,2009-04-03,185,Open
T011,08-09,2009-04-03,185,Groomed
T012,08-09,2009-04-03,185,Groomed
T013,08-09,2009-04-03,185,Groomed
T015,08-09,2009-04-03,185,Open
T016,08-09,2009-04-03,185,Open
T017,08-09,2009-04-03,185,Open
T018,08-09,2009-04-03,185,Open
T019,08-09,2009-04-03,185,Open
T020,08-09,2009-04-03,185,Groomed
T021,08-09,2009-04-03,185,Groomed
T022,08-09,2009-04-03,185,Groomed
T023,08-09,2009-04-03,185,Groomed
T024,08-09,2009-04-03,185,Open
T025,08-09,2009-04-03,185,Groomed
T026,08-09,2009-04-03,185,Groomed
T027,08-09,2009-04-03,185,Groomed
T028,08-09,2009-04-03,185,Groomed
T029,08-09,2009-04-03,185,Open
T030,08-09,2009-04-03,185,Groomed
T031,08-09,2009-04-03,185,Groomed
T032,08-09,2009-04-03,185,Open
T033,08-09,2009-04-03,185,Groomed
T034,08-09,2009-04-03,185,Groomed
T035,08-09,2009-04-03,185,Groomed
T036,08-09,2009-04-03,185,Groomed
T037,08-09,2009-04-03,185,Open
T038,08-09,2009-04-03,185,Open
T039,08-09,2009-04-03,185,Groomed
T040,08-09,2009-04-03,185,Groomed
T042,08-09,2009-04-03,185,Open
T043,08-09,2009-04-03,185,Open
T044,08-09,2009-04-03,185,Open
T045,08-09,2009-04-03,185,Open
T046,08-09,2009-04-03,185,Open
T047,08-09,2009-04-03,185,Closed
T061,08-09,2009-04-03,185,Groomed
T063,08-09,2009-04-03,185,Groomed
T064,08-09,2009-04-03,185,Groomed
T065,08-09,2009-04-03,185,Groomed
T066,08-09,2009-04-03,185,Open
T067,08-09,2009-04-03,185,Groomed
T068,08-09,2009-04-03,185,Open
T069,08-09,2009-04-03,185,Open
T070,08-09,2009-04-03,185,Open
T071,08-09,2009-04-03,185,Open
T072,08-09,2009-04-03,185,Open
T073,08-09,2009-04-03,185,Open
T074,08-09,2009-04-03,185,Open
T075,08-09,2009-04-03,185,Open
T076,08-09,2009-04-03,185,Open
T077,08-09,2009-04-03,185,Groomed
T078,08-09,2009-04-03,185,Groomed
T079,08-09,2009-04-03,185,Groomed
T080,08-09,2009-04-03,185,Open
T081,08-09,2009-04-03,185,Open
T083,08-09,2009-04-03,185,Groomed
T084,08-09,2009-04-03,185,Open
T085,08-09,2009-04-03,185,Open
T086,08-09,2009-04-03,185,Open
T087,08-09,2009-04-03,185,Open
T088,08-09,2009-04-03,185,Open
T089,08-09,2009-04-03,185,Open
T090,08-09,2009-04-03,185,Open
T091,08-09,2009-04-03,185,Open
T092,08-09,2009-04-03,185,Open
T127,08-09,2009-04-03,185,Open
T134,08-09,2009-04-03,185,Open
T135,08-09,2009-04-03,185,Open
T136,08-09,2009-04-03,185,Open
T137,08-09,2009-04-03,185,Open
T148,08-09,2009-04-03,185,Open
T151,08-09,2009-04-03,185,Groomed
T152,08-09,2009-04-03,185,Groomed
T156,08-09,2009-04-03,185,Closed
T157,08-09,2009-04-03,185,Open
T002,08-09,2009-04-04,186,Groomed
T003,08-09,2009-04-04,186,Open
T004,08-09,2009-04-04,186,Groomed
T005,08-09,2009-04-04,186,Groomed
T006,08-09,2009-04-04,186,Groomed
T007,08-09,2009-04-04,186,Groomed
T008,08-09,2009-04-04,186,Groomed
T009,08-09,2009-04-04,186,Groomed
T010,08-09,2009-04-04,186,Groomed
T011,08-09,2009-04-04,186,Groomed
T012,08-09,2009-04-04,186,Groomed
T013,08-09,2009-04-04,186,Groomed
T015,08-09,2009-04-04,186,Open
T016,08-09,2009-04-04,186,Open
T017,08-09,2009-04-04,186,Open
T018,08-09,2009-04-04,186,Groomed
T019,08-09,2009-04-04,186,Open
T020,08-09,2009-04-04,186,Groomed
T021,08-09,2009-04-04,186,Groomed
T022,08-09,2009-04-04,186,Groomed
T023,08-09,2009-04-04,186,Groomed
T024,08-09,2009-04-04,186,Open
T025,08-09,2009-04-04,186,Groomed
T026,08-09,2009-04-04,186,Groomed
T027,08-09,2009-04-04,186,Groomed
T028,08-09,2009-04-04,186,Groomed
T029,08-09,2009-04-04,186,Open
T030,08-09,2009-04-04,186,Groomed
T031,08-09,2009-04-04,186,Groomed
T032,08-09,2009-04-04,186,Open
T033,08-09,2009-04-04,186,Groomed
T034,08-09,2009-04-04,186,Groomed
T035,08-09,2009-04-04,186,Groomed
T036,08-09,2009-04-04,186,Groomed
T037,08-09,2009-04-04,186,Open
T038,08-09,2009-04-04,186,Groomed
T039,08-09,2009-04-04,186,Groomed
T040,08-09,2009-04-04,186,Groomed
T042,08-09,2009-04-04,186,Open
T043,08-09,2009-04-04,186,Groomed
T044,08-09,2009-04-04,186,Open
T045,08-09,2009-04-04,186,Open
T046,08-09,2009-04-04,186,Open
T047,08-09,2009-04-04,186,Open
T061,08-09,2009-04-04,186,Groomed
T063,08-09,2009-04-04,186,Groomed
T064,08-09,2009-04-04,186,Groomed
T065,08-09,2009-04-04,186,Groomed
T066,08-09,2009-04-04,186,Groomed
T067,08-09,2009-04-04,186,Groomed
T068,08-09,2009-04-04,186,Open
T069,08-09,2009-04-04,186,Open
T070,08-09,2009-04-04,186,Open
T071,08-09,2009-04-04,186,Open
T072,08-09,2009-04-04,186,Open
T073,08-09,2009-04-04,186,Open
T074,08-09,2009-04-04,186,Open
T075,08-09,2009-04-04,186,Open
T076,08-09,2009-04-04,186,Open
T077,08-09,2009-04-04,186,Groomed
T078,08-09,2009-04-04,186,Groomed
T079,08-09,2009-04-04,186,Groomed
T080,08-09,2009-04-04,186,Open
T081,08-09,2009-04-04,186,Open
T083,08-09,2009-04-04,186,Groomed
T084,08-09,2009-04-04,186,Open
T085,08-09,2009-04-04,186,Open
T086,08-09,2009-04-04,186,Open
T087,08-09,2009-04-04,186,Open
T088,08-09,2009-04-04,186,Open
T089,08-09,2009-04-04,186,Open
T090,08-09,2009-04-04,186,Open
T091,08-09,2009-04-04,186,Open
T092,08-09,2009-04-04,186,Open
T127,08-09,2009-04-04,186,Open
T134,08-09,2009-04-04,186,Open
T135,08-09,2009-04-04,186,Open
T136,08-09,2009-04-04,186,Open
T137,08-09,2009-04-04,186,Open
T148,08-09,2009-04-04,186,Open
T151,08-09,2009-04-04,186,Groomed
T152,08-09,2009-04-04,186,Groomed
T156,08-09,2009-04-04,186,Closed
T157,08-09,2009-04-04,186,Open
T002,08-09,2009-04-05,187,Groomed
T003,08-09,2009-04-05,187,Open
T004,08-09,2009-04-05,187,Groomed
T005,08-09,2009-04-05,187,Groomed
T006,08-09,2009-04-05,187,Groomed
T007,08-09,2009-04-05,187,Groomed
T008,08-09,2009-04-05,187,Groomed
T009,08-09,2009-04-05,187,Groomed
T010,08-09,2009-04-05,187,Groomed
T011,08-09,2009-04-05,187,Groomed
T012,08-09,2009-04-05,187,Groomed
T013,08-09,2009-04-05,187,Groomed
T015,08-09,2009-04-05,187,Open
T016,08-09,2009-04-05,187,Open
T017,08-09,2009-04-05,187,Groomed
T018,08-09,2009-04-05,187,Groomed
T019,08-09,2009-04-05,187,Open
T020,08-09,2009-04-05,187,Groomed
T021,08-09,2009-04-05,187,Groomed
T022,08-09,2009-04-05,187,Groomed
T023,08-09,2009-04-05,187,Groomed
T024,08-09,2009-04-05,187,Groomed
T025,08-09,2009-04-05,187,Groomed
T026,08-09,2009-04-05,187,Groomed
T027,08-09,2009-04-05,187,Groomed
T028,08-09,2009-04-05,187,Groomed
T029,08-09,2009-04-05,187,Open
T030,08-09,2009-04-05,187,Groomed
T031,08-09,2009-04-05,187,Groomed
T032,08-09,2009-04-05,187,Open
T033,08-09,2009-04-05,187,Groomed
T034,08-09,2009-04-05,187,Groomed
T035,08-09,2009-04-05,187,Groomed
T036,08-09,2009-04-05,187,Groomed
T037,08-09,2009-04-05,187,Open
T038,08-09,2009-04-05,187,Groomed
T039,08-09,2009-04-05,187,Groomed
T040,08-09,2009-04-05,187,Groomed
T042,08-09,2009-04-05,187,Open
T043,08-09,2009-04-05,187,Open
T044,08-09,2009-04-05,187,Open
T045,08-09,2009-04-05,187,Open
T046,08-09,2009-04-05,187,Open
T047,08-09,2009-04-05,187,Open
T061,08-09,2009-04-05,187,Groomed
T063,08-09,2009-04-05,187,Groomed
T064,08-09,2009-04-05,187,Groomed
T065,08-09,2009-04-05,187,Groomed
T066,08-09,2009-04-05,187,Groomed
T067,08-09,2009-04-05,187,Groomed
T068,08-09,2009-04-05,187,Open
T069,08-09,2009-04-05,187,Open
T070,08-09,2009-04-05,187,Open
T071,08-09,2009-04-05,187,Open
T072,08-09,2009-04-05,187,Open
T073,08-09,2009-04-05,187,Open
T074,08-09,2009-04-05,187,Open
T075,08-09,2009-04-05,187,Open
T076,08-09,2009-04-05,187,Open
T077,08-09,2009-04-05,187,Groomed
T078,08-09,2009-04-05,187,Groomed
T079,08-09,2009-04-05,187,Groomed
T080,08-09,2009-04-05,187,Open
T081,08-09,2009-04-05,187,Open
T083,08-09,2009-04-05,187,Groomed
T084,08-09,2009-04-05,187,Open
T085,08-09,2009-04-05,187,Open
T086,08-09,2009-04-05,187,Open
T087,08-09,2009-04-05,187,Open
T088,08-09,2009-04-05,187,Open
T089,08-09,2009-04-05,187,Open
T090,08-09,2009-04-05,187,Open
T091,08-09,2009-04-05,187,Open
T092,08-09,2009-04-05,187,Open
T127,08-09,2009-04-05,187,Open
T134,08-09,2009-04-05,187,Open
T135,08-09,2009-04-05,187,Open
T136,08-09,2009-04-05,187,Open
T137,08-09,2009-04-05,187,Open
T148,08-09,2009-04-05,187,Open
T151,08-09,2009-04-05,187,Groomed
T152,08-09,2009-04-05,187,Groomed
T156,08-09,2009-04-05,187,Closed
T157,08-09,2009-04-05,187,Open
T002,08-09,2009-04-06,188,Closed
T003,08-09,2009-04-06,188,Open
T004,08-09,2009-04-06,188,Groomed
T005,08-09,2009-04-06,188,Groomed
T006,08-09,2009-04-06,188,Groomed
T007,08-09,2009-04-06,188,Groomed
T008,08-09,2009-04-06,188,Open
T009,08-09,2009-04-06,188,Groomed
T010,08-09,2009-04-06,188,Open
T011,08-09,2009-04-06,188,Groomed
T012,08-09,2009-04-06,188,Groomed
T013,08-09,2009-04-06,188,Groomed
T015,08-09,2009-04-06,188,Open
T016,08-09,2009-04-06,188,Open
T017,08-09,2009-04-06,188,Open
T018,08-09,2009-04-06,188,Open
T019,08-09,2009-04-06,188,Open
T020,08-09,2009-04-06,188,Groomed
T021,08-09,2009-04-06,188,Groomed
T022,08-09,2009-04-06,188,Groomed
T023,08-09,2009-04-06,188,Groomed
T024,08-09,2009-04-06,188,Open
T025,08-09,2009-04-06,188,Groomed
T026,08-09,2009-04-06,188,Open
T027,08-09,2009-04-06,188,Groomed
T028,08-09,2009-04-06,188,Groomed
T029,08-09,2009-04-06,188,Open
T030,08-09,2009-04-06,188,Groomed
T031,08-09,2009-04-06,188,Groomed
T032,08-09,2009-04-06,188,Open
T033,08-09,2009-04-06,188,Groomed
T034,08-09,2009-04-06,188,Groomed
T035,08-09,2009-04-06,188,Open
T036,08-09,2009-04-06,188,Groomed
T037,08-09,2009-04-06,188,Open
T038,08-09,2009-04-06,188,Open
T039,08-09,2009-04-06,188,Groomed
T040,08-09,2009-04-06,188,Groomed
T042,08-09,2009-04-06,188,Open
T043,08-09,2009-04-06,188,Open
T044,08-09,2009-04-06,188,Open
T045,08-09,2009-04-06,188,Open
T046,08-09,2009-04-06,188,Open
T047,08-09,2009-04-06,188,Open
T061,08-09,2009-04-06,188,Groomed
T063,08-09,2009-04-06,188,Groomed
T064,08-09,2009-04-06,188,Groomed
T065,08-09,2009-04-06,188,Groomed
T066,08-09,2009-04-06,188,Groomed
T067,08-09,2009-04-06,188,Groomed
T068,08-09,2009-04-06,188,Open
T069,08-09,2009-04-06,188,Open
T070,08-09,2009-04-06,188,Open
T071,08-09,2009-04-06,188,Open
T072,08-09,2009-04-06,188,Open
T073,08-09,2009-04-06,188,Open
T074,08-09,2009-04-06,188,Open
T075,08-09,2009-04-06,188,Open
T076,08-09,2009-04-06,188,Open
T077,08-09,2009-04-06,188,Groomed
T078,08-09,2009-04-06,188,Open
T079,08-09,2009-04-06,188,Groomed
T080,08-09,2009-04-06,188,Open
T081,08-09,2009-04-06,188,Open
T083,08-09,2009-04-06,188,Open
T084,08-09,2009-04-06,188,Open
T085,08-09,2009-04-06,188,Open
T086,08-09,2009-04-06,188,Open
T087,08-09,2009-04-06,188,Open
T088,08-09,2009-04-06,188,Open
T089,08-09,2009-04-06,188,Open
T090,08-09,2009-04-06,188,Open
T091,08-09,2009-04-06,188,Open
T092,08-09,2009-04-06,188,Open
T127,08-09,2009-04-06,188,Open
T134,08-09,2009-04-06,188,Open
T135,08-09,2009-04-06,188,Open
T136,08-09,2009-04-06,188,Open
T137,08-09,2009-04-06,188,Open
T148,08-09,2009-04-06,188,Closed
T151,08-09,2009-04-06,188,Groomed
T152,08-09,2009-04-06,188,Groomed
T156,08-09,2009-04-06,188,Closed
T157,08-09,2009-04-06,188,Open
T002,08-09,2009-04-07,189,Closed
T003,08-09,2009-04-07,189,Open
T004,08-09,2009-04-07,189,Groomed
T005,08-09,2009-04-07,189,Groomed
T006,08-09,2009-04-07,189,Open
T007,08-09,2009-04-07,189,Groomed
T008,08-09,2009-04-07,189,Open
T009,08-09,2009-04-07,189,Groomed
T010,08-09,2009-04-07,189,Open
T011,08-09,2009-04-07,189,Groomed
T012,08-09,2009-04-07,189,Groomed
T013,08-09,2009-04-07,189,Groomed
T015,08-09,2009-04-07,189,Open
T016,08-09,2009-04-07,189,Open
T017,08-09,2009-04-07,189,Open
T018,08-09,2009-04-07,189,Open
T019,08-09,2009-04-07,189,Open
T020,08-09,2009-04-07,189,Groomed
T021,08-09,2009-04-07,189,Groomed
T022,08-09,2009-04-07,189,Groomed
T023,08-09,2009-04-07,189,Groomed
T024,08-09,2009-04-07,189,Open
T025,08-09,2009-04-07,189,Groomed
T026,08-09,2009-04-07,189,Open
T027,08-09,2009-04-07,189,Open
T028,08-09,2009-04-07,189,Open
T029,08-09,2009-04-07,189,Open
T030,08-09,2009-04-07,189,Open
T031,08-09,2009-04-07,189,Groomed
T032,08-09,2009-04-07,189,Open
T033,08-09,2009-04-07,189,Groomed
T034,08-09,2009-04-07,189,Groomed
T035,08-09,2009-04-07,189,Open
T036,08-09,2009-04-07,189,Groomed
T037,08-09,2009-04-07,189,Open
T038,08-09,2009-04-07,189,Open
T039,08-09,2009-04-07,189,Groomed
T040,08-09,2009-04-07,189,Groomed
T042,08-09,2009-04-07,189,Open
T043,08-09,2009-04-07,189,Open
T044,08-09,2009-04-07,189,Open
T045,08-09,2009-04-07,189,Open
T046,08-09,2009-04-07,189,Open
T047,08-09,2009-04-07,189,Open
T061,08-09,2009-04-07,189,Groomed
T063,08-09,2009-04-07,189,Groomed
T064,08-09,2009-04-07,189,Groomed
T065,08-09,2009-04-07,189,Groomed
T066,08-09,2009-04-07,189,Open
T067,08-09,2009-04-07,189,Groomed
T068,08-09,2009-04-07,189,Open
T069,08-09,2009-04-07,189,Open
T070,08-09,2009-04-07,189,Open
T071,08-09,2009-04-07,189,Open
T072,08-09,2009-04-07,189,Open
T073,08-09,2009-04-07,189,Open
T074,08-09,2009-04-07,189,Open
T075,08-09,2009-04-07,189,Open
T076,08-09,2009-04-07,189,Open
T077,08-09,2009-04-07,189,Groomed
T078,08-09,2009-04-07,189,Open
T079,08-09,2009-04-07,189,Groomed
T080,08-09,2009-04-07,189,Open
T081,08-09,2009-04-07,189,Open
T083,08-09,2009-04-07,189,Open
T084,08-09,2009-04-07,189,Open
T085,08-09,2009-04-07,189,Open
T086,08-09,2009-04-07,189,Open
T087,08-09,2009-04-07,189,Open
T088,08-09,2009-04-07,189,Open
T089,08-09,2009-04-07,189,Open
T090,08-09,2009-04-07,189,Open
T091,08-09,2009-04-07,189,Open
T092,08-09,2009-04-07,189,Open
T127,08-09,2009-04-07,189,Open
T134,08-09,2009-04-07,189,Open
T135,08-09,2009-04-07,189,Open
T136,08-09,2009-04-07,189,Open
T137,08-09,2009-04-07,189,Open
T148,08-09,2009-04-07,189,Closed
T151,08-09,2009-04-07,189,Groomed
T152,08-09,2009-04-07,189,Groomed
T156,08-09,2009-04-07,189,Closed
T157,08-09,2009-04-07,189,Open
T002,08-09,2009-04-08,190,Closed
T003,08-09,2009-04-08,190,Open
T004,08-09,2009-04-08,190,Groomed
T005,08-09,2009-04-08,190,Groomed
T006,08-09,2009-04-08,190,Open
T007,08-09,2009-04-08,190,Groomed
T008,08-09,2009-04-08,190,Open
T009,08-09,2009-04-08,190,Groomed
T010,08-09,2009-04-08,190,Open
T011,08-09,2009-04-08,190,Groomed
T012,08-09,2009-04-08,190,Groomed
T013,08-09,2009-04-08,190,Groomed
T015,08-09,2009-04-08,190,Open
T016,08-09,2009-04-08,190,Open
T017,08-09,2009-04-08,190,Open
T018,08-09,2009-04-08,190,Open
T019,08-09,2009-04-08,190,Open
T020,08-09,2009-04-08,190,Groomed
T021,08-09,2009-04-08,190,Groomed
T022,08-09,2009-04-08,190,Groomed
T023,08-09,2009-04-08,190,Groomed
T024,08-09,2009-04-08,190,Open
T025,08-09,2009-04-08,190,Groomed
T026,08-09,2009-04-08,190,Open
T027,08-09,2009-04-08,190,Groomed
T028,08-09,2009-04-08,190,Groomed
T029,08-09,2009-04-08,190,Open
T030,08-09,2009-04-08,190,Groomed
T031,08-09,2009-04-08,190,Groomed
T032,08-09,2009-04-08,190,Open
T033,08-09,2009-04-08,190,Groomed
T034,08-09,2009-04-08,190,Groomed
T035,08-09,2009-04-08,190,Open
T036,08-09,2009-04-08,190,Groomed
T037,08-09,2009-04-08,190,Open
T038,08-09,2009-04-08,190,Open
T039,08-09,2009-04-08,190,Groomed
T040,08-09,2009-04-08,190,Groomed
T042,08-09,2009-04-08,190,Open
T043,08-09,2009-04-08,190,Open
T044,08-09,2009-04-08,190,Open
T045,08-09,2009-04-08,190,Open
T046,08-09,2009-04-08,190,Open
T047,08-09,2009-04-08,190,Open
T061,08-09,2009-04-08,190,Groomed
T063,08-09,2009-04-08,190,Groomed
T064,08-09,2009-04-08,190,Groomed
T065,08-09,2009-04-08,190,Groomed
T066,08-09,2009-04-08,190,Groomed
T067,08-09,2009-04-08,190,Groomed
T068,08-09,2009-04-08,190,Open
T069,08-09,2009-04-08,190,Open
T070,08-09,2009-04-08,190,Open
T071,08-09,2009-04-08,190,Open
T072,08-09,2009-04-08,190,Open
T073,08-09,2009-04-08,190,Open
T074,08-09,2009-04-08,190,Open
T075,08-09,2009-04-08,190,Open
T076,08-09,2009-04-08,190,Open
T077,08-09,2009-04-08,190,Groomed
T078,08-09,2009-04-08,190,Open
T079,08-09,2009-04-08,190,Groomed
T080,08-09,2009-04-08,190,Open
T081,08-09,2009-04-08,190,Open
T083,08-09,2009-04-08,190,Open
T084,08-09,2009-04-08,190,Open
T085,08-09,2009-04-08,190,Open
T086,08-09,2009-04-08,190,Open
T087,08-09,2009-04-08,190,Open
T088,08-09,2009-04-08,190,Open
T089,08-09,2009-04-08,190,Open
T090,08-09,2009-04-08,190,Open
T091,08-09,2009-04-08,190,Open
T092,08-09,2009-04-08,190,Open
T127,08-09,2009-04-08,190,Open
T134,08-09,2009-04-08,190,Open
T135,08-09,2009-04-08,190,Open
T136,08-09,2009-04-08,190,Open
T137,08-09,2009-04-08,190,Open
T148,08-09,2009-04-08,190,Closed
T151,08-09,2009-04-08,190,Groomed
T152,08-09,2009-04-08,190,Groomed
T156,08-09,2009-04-08,190,Closed
T157,08-09,2009-04-08,190,Open
T002,08-09,2009-04-09,191,Closed
T003,08-09,2009-04-09,191,Open
T004,08-09,2009-04-09,191,Groomed
T005,08-09,2009-04-09,191,Groomed
T006,08-09,2009-04-09,191,Groomed
T007,08-09,2009-04-09,191,Groomed
T008,08-09,2009-04-09,191,Open
T009,08-09,2009-04-09,191,Groomed
T010,08-09,2009-04-09,191,Open
T011,08-09,2009-04-09,191,Groomed
T012,08-09,2009-04-09,191,Groomed
T013,08-09,2009-04-09,191,Groomed
T015,08-09,2009-04-09,191,Open
T016,08-09,2009-04-09,191,Open
T017,08-09,2009-04-09,191,Open
T018,08-09,2009-04-09,191,Groomed
T019,08-09,2009-04-09,191,Open
T020,08-09,2009-04-09,191,Groomed
T021,08-09,2009-04-09,191,Groomed
T022,08-09,2009-04-09,191,Groomed
T023,08-09,2009-04-09,191,Groomed
T024,08-09,2009-04-09,191,Groomed
T025,08-09,2009-04-09,191,Groomed
T026,08-09,2009-04-09,191,Groomed
T027,08-09,2009-04-09,191,Groomed
T028,08-09,2009-04-09,191,Groomed
T029,08-09,2009-04-09,191,Open
T030,08-09,2009-04-09,191,Groomed
T031,08-09,2009-04-09,191,Groomed
T032,08-09,2009-04-09,191,Open
T033,08-09,2009-04-09,191,Groomed
T034,08-09,2009-04-09,191,Groomed
T035,08-09,2009-04-09,191,Open
T036,08-09,2009-04-09,191,Groomed
T037,08-09,2009-04-09,191,Open
T038,08-09,2009-04-09,191,Open
T039,08-09,2009-04-09,191,Groomed
T040,08-09,2009-04-09,191,Groomed
T042,08-09,2009-04-09,191,Open
T043,08-09,2009-04-09,191,Open
T044,08-09,2009-04-09,191,Open
T045,08-09,2009-04-09,191,Open
T046,08-09,2009-04-09,191,Open
T047,08-09,2009-04-09,191,Open
T061,08-09,2009-04-09,191,Groomed
T063,08-09,2009-04-09,191,Groomed
T064,08-09,2009-04-09,191,Groomed
T065,08-09,2009-04-09,191,Groomed
T066,08-09,2009-04-09,191,Groomed
T067,08-09,2009-04-09,191,Groomed
T068,08-09,2009-04-09,191,Open
T069,08-09,2009-04-09,191,Open
T070,08-09,2009-04-09,191,Open
T071,08-09,2009-04-09,191,Open
T072,08-09,2009-04-09,191,Open
T073,08-09,2009-04-09,191,Open
T074,08-09,2009-04-09,191,Open
T075,08-09,2009-04-09,191,Open
T076,08-09,2009-04-09,191,Open
T077,08-09,2009-04-09,191,Groomed
T078,08-09,2009-04-09,191,Groomed
T079,08-09,2009-04-09,191,Groomed
T080,08-09,2009-04-09,191,Open
T081,08-09,2009-04-09,191,Open
T083,08-09,2009-04-09,191,Groomed
T084,08-09,2009-04-09,191,Open
T085,08-09,2009-04-09,191,Open
T086,08-09,2009-04-09,191,Open
T087,08-09,2009-04-09,191,Open
T088,08-09,2009-04-09,191,Open
T089,08-09,2009-04-09,191,Open
T090,08-09,2009-04-09,191,Open
T091,08-09,2009-04-09,191,Open
T092,08-09,2009-04-09,191,Open
T127,08-09,2009-04-09,191,Open
T134,08-09,2009-04-09,191,Open
T135,08-09,2009-04-09,191,Open
T136,08-09,2009-04-09,191,Open
T137,08-09,2009-04-09,191,Open
T148,08-09,2009-04-09,191,Closed
T151,08-09,2009-04-09,191,Groomed
T152,08-09,2009-04-09,191,Groomed
T156,08-09,2009-04-09,191,Closed
T157,08-09,2009-04-09,191,Open
T002,08-09,2009-04-10,192,Closed
T003,08-09,2009-04-10,192,Open
T004,08-09,2009-04-10,192,Groomed
T005,08-09,2009-04-10,192,Groomed
T006,08-09,2009-04-10,192,Groomed
T007,08-09,2009-04-10,192,Groomed
T008,08-09,2009-04-10,192,Open
T009,08-09,2009-04-10,192,Groomed
T010,08-09,2009-04-10,192,Open
T011,08-09,2009-04-10,192,Groomed
T012,08-09,2009-04-10,192,Groomed
T013,08-09,2009-04-10,192,Groomed
T015,08-09,2009-04-10,192,Open
T016,08-09,2009-04-10,192,Open
T017,08-09,2009-04-10,192,Open
T018,08-09,2009-04-10,192,Groomed
T019,08-09,2009-04-10,192,Open
T020,08-09,2009-04-10,192,Groomed
T021,08-09,2009-04-10,192,Groomed
T022,08-09,2009-04-10,192,Groomed
T023,08-09,2009-04-10,192,Groomed
T024,08-09,2009-04-10,192,Groomed
T025,08-09,2009-04-10,192,Groomed
T026,08-09,2009-04-10,192,Groomed
T027,08-09,2009-04-10,192,Groomed
T028,08-09,2009-04-10,192,Groomed
T029,08-09,2009-04-10,192,Open
T030,08-09,2009-04-10,192,Groomed
T031,08-09,2009-04-10,192,Groomed
T032,08-09,2009-04-10,192,Open
T033,08-09,2009-04-10,192,Groomed
T034,08-09,2009-04-10,192,Groomed
T035,08-09,2009-04-10,192,Open
T036,08-09,2009-04-10,192,Groomed
T037,08-09,2009-04-10,192,Open
T038,08-09,2009-04-10,192,Groomed
T039,08-09,2009-04-10,192,Groomed
T040,08-09,2009-04-10,192,Groomed
T042,08-09,2009-04-10,192,Open
T043,08-09,2009-04-10,192,Open
T044,08-09,2009-04-10,192,Open
T045,08-09,2009-04-10,192,Open
T046,08-09,2009-04-10,192,Open
T047,08-09,2009-04-10,192,Open
T061,08-09,2009-04-10,192,Groomed
T063,08-09,2009-04-10,192,Groomed
T064,08-09,2009-04-10,192,Groomed
T065,08-09,2009-04-10,192,Groomed
T066,08-09,2009-04-10,192,Groomed
T067,08-09,2009-04-10,192,Groomed
T068,08-09,2009-04-10,192,Open
T069,08-09,2009-04-10,192,Open
T070,08-09,2009-04-10,192,Open
T071,08-09,2009-04-10,192,Open
T072,08-09,2009-04-10,192,Open
T073,08-09,2009-04-10,192,Open
T074,08-09,2009-04-10,192,Open
T075,08-09,2009-04-10,192,Open
T076,08-09,2009-04-10,192,Open
T077,08-09,2009-04-10,192,Groomed
T078,08-09,2009-04-10,192,Groomed
T079,08-09,2009-04-10,192,Groomed
T080,08-09,2009-04-10,192,Open
T081,08-09,2009-04-10,192,Open
T083,08-09,2009-04-10,192,Groomed
T084,08-09,2009-04-10,192,Open
T085,08-09,2009-04-10,192,Open
T086,08-09,2009-04-10,192,Open
T087,08-09,2009-04-10,192,Open
T088,08-09,2009-04-10,192,Open
T089,08-09,2009-04-10,192,Open
T090,08-09,2009-04-10,192,Open
T091,08-09,2009-04-10,192,Open
T092,08-09,2009-04-10,192,Open
T127,08-09,2009-04-10,192,Open
T134,08-09,2009-04-10,192,Open
T135,08-09,2009-04-10,192,Open
T136,08-09,2009-04-10,192,Open
T137,08-09,2009-04-10,192,Open
T148,08-09,2009-04-10,192,Closed
T151,08-09,2009-04-10,192,Groomed
T152,08-09,2009-04-10,192,Groomed
T156,08-09,2009-04-10,192,Closed
T157,08-09,2009-04-10,192,Open
T002,08-09,2009-04-11,193,Closed
T003,08-09,2009-04-11,193,Closed
T004,08-09,2009-04-11,193,Closed
T005,08-09,2009-04-11,193,Closed
T006,08-09,2009-04-11,193,Closed
T007,08-09,2009-04-11,193,Closed
T008,08-09,2009-04-11,193,Closed
T009,08-09,2009-04-11,193,Closed
T010,08-09,2009-04-11,193,Closed
T011,08-09,2009-04-11,193,Closed
T012,08-09,2009-04-11,193,Closed
T013,08-09,2009-04-11,193,Closed
T015,08-09,2009-04-11,193,Closed
T016,08-09,2009-04-11,193,Closed
T017,08-09,2009-04-11,193,Closed
T018,08-09,2009-04-11,193,Closed
T019,08-09,2009-04-11,193,Closed
T020,08-09,2009-04-11,193,Closed
T021,08-09,2009-04-11,193,Closed
T022,08-09,2009-04-11,193,Closed
T023,08-09,2009-04-11,193,Closed
T024,08-09,2009-04-11,193,Closed
T025,08-09,2009-04-11,193,Closed
T026,08-09,2009-04-11,193,Closed
T027,08-09,2009-04-11,193,Closed
T028,08-09,2009-04-11,193,Closed
T029,08-09,2009-04-11,193,Closed
T030,08-09,2009-04-11,193,Closed
T031,08-09,2009-04-11,193,Closed
T032,08-09,2009-04-11,193,Closed
T033,08-09,2009-04-11,193,Closed
T034,08-09,2009-04-11,193,Closed
T035,08-09,2009-04-11,193,Closed
T036,08-09,2009-04-11,193,Closed
T037,08-09,2009-04-11,193,Closed
T038,08-09,2009-04-11,193,Closed
T039,08-09,2009-04-11,193,Closed
T040,08-09,2009-04-11,193,Closed
T042,08-09,2009-04-11,193,Closed
T043,08-09,2009-04-11,193,Closed
T044,08-09,2009-04-11,193,Closed
T045,08-09,2009-04-11,193,Closed
T046,08-09,2009-04-11,193,Closed
T047,08-09,2009-04-11,193,Closed
T061,08-09,2009-04-11,193,Closed
T063,08-09,2009-04-11,193,Closed
T064,08-09,2009-04-11,193,Closed
T065,08-09,2009-04-11,193,Closed
T066,08-09,2009-04-11,193,Closed
T067,08-09,2009-04-11,193,Closed
T068,08-09,2009-04-11,193,Closed
T069,08-09,2009-04-11,193,Closed
T070,08-09,2009-04-11,193,Closed
T071,08-09,2009-04-11,193,Closed
T072,08-09,2009-04-11,193,Closed
T073,08-09,2009-04-11,193,Closed
T074,08-09,2009-04-11,193,Closed
T075,08-09,2009-04-11,193,Closed
T076,08-09,2009-04-11,193,Closed
T077,08-09,2009-04-11,193,Closed
T078,08-09,2009-04-11,193,Closed
T079,08-09,2009-04-11,193,Closed
T080,08-09,2009-04-11,193,Closed
T081,08-09,2009-04-11,193,Closed
T083,08-09,2009-04-11,193,Closed
T084,08-09,2009-04-11,193,Closed
T085,08-09,2009-04-11,193,Closed
T086,08-09,2009-04-11,193,Closed
T087,08-09,2009-04-11,193,Closed
T088,08-09,2009-04-11,193,Closed
T089,08-09,2009-04-11,193,Closed
T090,08-09,2009-04-11,193,Closed
T091,08-09,2009-04-11,193,Closed
T092,08-09,2009-04-11,193,Closed
T127,08-09,2009-04-11,193,Closed
T134,08-09,2009-04-11,193,Closed
T135,08-09,2009-04-11,193,Closed
T136,08-09,2009-04-11,193,Closed
T137,08-09,2009-04-11,193,Closed
T148,08-09,2009-04-11,193,Closed
T151,08-09,2009-04-11,193,Closed
T152,08-09,2009-04-11,193,Closed
T156,08-09,2009-04-11,193,Closed
T157,08-09,2009-04-11,193,Closed
T002,08-09,2009-04-12,194,Closed
T003,08-09,2009-04-12,194,Closed
T004,08-09,2009-04-12,194,Groomed
T005,08-09,2009-04-12,194,Closed
T006,08-09,2009-04-12,194,Closed
T007,08-09,2009-04-12,194,Groomed
T008,08-09,2009-04-12,194,Closed
T009,08-09,2009-04-12,194,Groomed
T010,08-09,2009-04-12,194,Closed
T011,08-09,2009-04-12,194,Groomed
T012,08-09,2009-04-12,194,Closed
T013,08-09,2009-04-12,194,Groomed
T015,08-09,2009-04-12,194,Closed
T016,08-09,2009-04-12,194,Open
T017,08-09,2009-04-12,194,Closed
T018,08-09,2009-04-12,194,Open
T019,08-09,2009-04-12,194,Closed
T020,08-09,2009-04-12,194,Closed
T021,08-09,2009-04-12,194,Groomed
T022,08-09,2009-04-12,194,Groomed
T023,08-09,2009-04-12,194,Closed
T024,08-09,2009-04-12,194,Groomed
T025,08-09,2009-04-12,194,Closed
T026,08-09,2009-04-12,194,Closed
T027,08-09,2009-04-12,194,Groomed
T028,08-09,2009-04-12,194,Groomed
T029,08-09,2009-04-12,194,Open
T030,08-09,2009-04-12,194,Groomed
T031,08-09,2009-04-12,194,Closed
T032,08-09,2009-04-12,194,Closed
T033,08-09,2009-04-12,194,Closed
T034,08-09,2009-04-12,194,Groomed
T035,08-09,2009-04-12,194,Open
T036,08-09,2009-04-12,194,Groomed
T037,08-09,2009-04-12,194,Groomed
T038,08-09,2009-04-12,194,Groomed
T039,08-09,2009-04-12,194,Closed
T040,08-09,2009-04-12,194,Closed
T042,08-09,2009-04-12,194,Closed
T043,08-09,2009-04-12,194,Closed
T044,08-09,2009-04-12,194,Closed
T045,08-09,2009-04-12,194,Open
T046,08-09,2009-04-12,194,Closed
T047,08-09,2009-04-12,194,Closed
T061,08-09,2009-04-12,194,Closed
T063,08-09,2009-04-12,194,Closed
T064,08-09,2009-04-12,194,Closed
T065,08-09,2009-04-12,194,Closed
T066,08-09,2009-04-12,194,Closed
T067,08-09,2009-04-12,194,Closed
T068,08-09,2009-04-12,194,Closed
T069,08-09,2009-04-12,194,Closed
T070,08-09,2009-04-12,194,Closed
T071,08-09,2009-04-12,194,Closed
T072,08-09,2009-04-12,194,Closed
T073,08-09,2009-04-12,194,Closed
T074,08-09,2009-04-12,194,Closed
T075,08-09,2009-04-12,194,Closed
T076,08-09,2009-04-12,194,Closed
T077,08-09,2009-04-12,194,Closed
T078,08-09,2009-04-12,194,Closed
T079,08-09,2009-04-12,194,Closed
T080,08-09,2009-04-12,194,Closed
T081,08-09,2009-04-12,194,Closed
T083,08-09,2009-04-12,194,Closed
T084,08-09,2009-04-12,194,Closed
T085,08-09,2009-04-12,194,Closed
T086,08-09,2009-04-12,194,Closed
T087,08-09,2009-04-12,194,Closed
T088,08-09,2009-04-12,194,Closed
T089,08-09,2009-04-12,194,Closed
T090,08-09,2009-04-12,194,Closed
T091,08-09,2009-04-12,194,Closed
T092,08-09,2009-04-12,194,Closed
T127,08-09,2009-04-12,194,Closed
T134,08-09,2009-04-12,194,Closed
T135,08-09,2009-04-12,194,Closed
T136,08-09,2009-04-12,194,Closed
T137,08-09,2009-04-12,194,Closed
T148,08-09,2009-04-12,194,Closed
T151,08-09,2009-04-12,194,Closed
T152,08-09,2009-04-12,194,Groomed
T156,08-09,2009-04-12,194,Closed
T157,08-09,2009-04-12,194,Closed
T002,08-09,2009-04-13,195,Not Open
T003,08-09,2009-04-13,195,Not Open
T004,08-09,2009-04-13,195,Not Open
T005,08-09,2009-04-13,195,Not Open
T006,08-09,2009-04-13,195,Not Open
T007,08-09,2009-04-13,195,Not Open
T008,08-09,2009-04-13,195,Not Open
T009,08-09,2009-04-13,195,Not Open
T010,08-09,2009-04-13,195,Not Open
T011,08-09,2009-04-13,195,Not Open
T012,08-09,2009-04-13,195,Not Open
T013,08-09,2009-04-13,195,Not Open
T015,08-09,2009-04-13,195,Not Open
T016,08-09,2009-04-13,195,Not Open
T017,08-09,2009-04-13,195,Not Open
T018,08-09,2009-04-13,195,Not Open
T019,08-09,2009-04-13,195,Not Open
T020,08-09,2009-04-13,195,Not Open
T021,08-09,2009-04-13,195,Not Open
T022,08-09,2009-04-13,195,Not Open
T023,08-09,2009-04-13,195,Not Open
T024,08-09,2009-04-13,195,Not Open
T025,08-09,2009-04-13,195,Not Open
T026,08-09,2009-04-13,195,Not Open
T027,08-09,2009-04-13,195,Not Open
T028,08-09,2009-04-13,195,Not Open
T029,08-09,2009-04-13,195,Not Open
T030,08-09,2009-04-13,195,Not Open
T031,08-09,2009-04-13,195,Not Open
T032,08-09,2009-04-13,195,Not Open
T033,08-09,2009-04-13,195,Not Open
T034,08-09,2009-04-13,195,Not Open
T035,08-09,2009-04-13,195,Not Open
T036,08-09,2009-04-13,195,Not Open
T037,08-09,2009-04-13,195,Not Open
T038,08-09,2009-04-13,195,Not Open
T039,08-09,2009-04-13,195,Not Open
T040,08-09,2009-04-13,195,Not Open
T042,08-09,2009-04-13,195,Not Open
T043,08-09,2009-04-13,195,Not Open
T044,08-09,2009-04-13,195,Not Open
T045,08-09,2009-04-13,195,Not Open
T046,08-09,2009-04-13,195,Not Open
T047,08-09,2009-04-13,195,Not Open
T061,08-09,2009-04-13,195,Not Open
T063,08-09,2009-04-13,195,Not Open
T064,08-09,2009-04-13,195,Not Open
T065,08-09,2009-04-13,195,Not Open
T066,08-09,2009-04-13,195,Not Open
T067,08-09,2009-04-13,195,Not Open
T068,08-09,2009-04-13,195,Not Open
T069,08-09,2009-04-13,195,Not Open
T070,08-09,2009-04-13,195,Not Open
T071,08-09,2009-04-13,195,Not Open
T072,08-09,2009-04-13,195,Not Open
T073,08-09,2009-04-13,195,Not Open
T074,08-09,2009-04-13,195,Not Open
T075,08-09,2009-04-13,195,Not Open
T076,08-09,2009-04-13,195,Not Open
T077,08-09,2009-04-13,195,Not Open
T078,08-09,2009-04-13,195,Not Open
T079,08-09,2009-04-13,195,Not Open
T080,08-09,2009-04-13,195,Not Open
T081,08-09,2009-04-13,195,Not Open
T083,08-09,2009-04-13,195,Not Open
T084,08-09,2009-04-13,195,Not Open
T085,08-09,2009-04-13,195,Not Open
T086,08-09,2009-04-13,195,Not Open
T087,08-09,2009-04-13,195,Not Open
T088,08-09,2009-04-13,195,Not Open
T089,08-09,2009-04-13,195,Not Open
T090,08-09,2009-04-13,195,Not Open
T091,08-09,2009-04-13,195,Not Open
T092,08-09,2009-04-13,195,Not Open
T127,08-09,2009-04-13,195,Not Open
T134,08-09,2009-04-13,195,Not Open
T135,08-09,2009-04-13,195,Not Open
T136,08-09,2009-04-13,195,Not Open
T137,08-09,2009-04-13,195,Not Open
T148,08-09,2009-04-13,195,Not Open
T151,08-09,2009-04-13,195,Not Open
T152,08-09,2009-04-13,195,Not Open
T156,08-09,2009-04-13,195,Not Open
T157,08-09,2009-04-13,195,Not Open
T002,08-09,2009-04-14,196,Not Open
T003,08-09,2009-04-14,196,Not Open
T004,08-09,2009-04-14,196,Not Open
T005,08-09,2009-04-14,196,Not Open
T006,08-09,2009-04-14,196,Not Open
T007,08-09,2009-04-14,196,Not Open
T008,08-09,2009-04-14,196,Not Open
T009,08-09,2009-04-14,196,Not Open
T010,08-09,2009-04-14,196,Not Open
T011,08-09,2009-04-14,196,Not Open
T012,08-09,2009-04-14,196,Not Open
T013,08-09,2009-04-14,196,Not Open
T015,08-09,2009-04-14,196,Not Open
T016,08-09,2009-04-14,196,Not Open
T017,08-09,2009-04-14,196,Not Open
T018,08-09,2009-04-14,196,Not Open
T019,08-09,2009-04-14,196,Not Open
T020,08-09,2009-04-14,196,Not Open
T021,08-09,2009-04-14,196,Not Open
T022,08-09,2009-04-14,196,Not Open
T023,08-09,2009-04-14,196,Not Open
T024,08-09,2009-04-14,196,Not Open
T025,08-09,2009-04-14,196,Not Open
T026,08-09,2009-04-14,196,Not Open
T027,08-09,2009-04-14,196,Not Open
T028,08-09,2009-04-14,196,Not Open
T029,08-09,2009-04-14,196,Not Open
T030,08-09,2009-04-14,196,Not Open
T031,08-09,2009-04-14,196,Not Open
T032,08-09,2009-04-14,196,Not Open
T033,08-09,2009-04-14,196,Not Open
T034,08-09,2009-04-14,196,Not Open
T035,08-09,2009-04-14,196,Not Open
T036,08-09,2009-04-14,196,Not Open
T037,08-09,2009-04-14,196,Not Open
T038,08-09,2009-04-14,196,Not Open
T039,08-09,2009-04-14,196,Not Open
T040,08-09,2009-04-14,196,Not Open
T042,08-09,2009-04-14,196,Not Open
T043,08-09,2009-04-14,196,Not Open
T044,08-09,2009-04-14,196,Not Open
T045,08-09,2009-04-14,196,Not Open
T046,08-09,2009-04-14,196,Not Open
T047,08-09,2009-04-14,196,Not Open
T061,08-09,2009-04-14,196,Not Open
T063,08-09,2009-04-14,196,Not Open
T064,08-09,2009-04-14,196,Not Open
T065,08-09,2009-04-14,196,Not Open
T066,08-09,2009-04-14,196,Not Open
T067,08-09,2009-04-14,196,Not Open
T068,08-09,2009-04-14,196,Not Open
T069,08-09,2009-04-14,196,Not Open
T070,08-09,2009-04-14,196,Not Open
T071,08-09,2009-04-14,196,Not Open
T072,08-09,2009-04-14,196,Not Open
T073,08-09,2009-04-14,196,Not Open
T074,08-09,2009-04-14,196,Not Open
T075,08-09,2009-04-14,196,Not Open
T076,08-09,2009-04-14,196,Not Open
T077,08-09,2009-04-14,196,Not Open
T078,08-09,2009-04-14,196,Not Open
T079,08-09,2009-04-14,196,Not Open
T080,08-09,2009-04-14,196,Not Open
T081,08-09,2009-04-14,196,Not Open
T083,08-09,2009-04-14,196,Not Open
T084,08-09,2009-04-14,196,Not Open
T085,08-09,2009-04-14,196,Not Open
T086,08-09,2009-04-14,196,Not Open
T087,08-09,2009-04-14,196,Not Open
T088,08-09,2009-04-14,196,Not Open
T089,08-09,2009-04-14,196,Not Open
T090,08-09,2009-04-14,196,Not Open
T091,08-09,2009-04-14,196,Not Open
T092,08-09,2009-04-14,196,Not Open
T127,08-09,2009-04-14,196,Not Open
T134,08-09,2009-04-14,196,Not Open
T135,08-09,2009-04-14,196,Not Open
T136,08-09,2009-04-14,196,Not Open
T137,08-09,2009-04-14,196,Not Open
T148,08-09,2009-04-14,196,Not Open
T151,08-09,2009-04-14,196,Not Open
T152,08-09,2009-04-14,196,Not Open
T156,08-09,2009-04-14,196,Not Open
T157,08-09,2009-04-14,196,Not Open
T002,08-09,2009-04-15,197,Not Open
T003,08-09,2009-04-15,197,Not Open
T004,08-09,2009-04-15,197,Not Open
T005,08-09,2009-04-15,197,Not Open
T006,08-09,2009-04-15,197,Not Open
T007,08-09,2009-04-15,197,Not Open
T008,08-09,2009-04-15,197,Not Open
T009,08-09,2009-04-15,197,Not Open
T010,08-09,2009-04-15,197,Not Open
T011,08-09,2009-04-15,197,Not Open
T012,08-09,2009-04-15,197,Not Open
T013,08-09,2009-04-15,197,Not Open
T015,08-09,2009-04-15,197,Not Open
T016,08-09,2009-04-15,197,Not Open
T017,08-09,2009-04-15,197,Not Open
T018,08-09,2009-04-15,197,Not Open
T019,08-09,2009-04-15,197,Not Open
T020,08-09,2009-04-15,197,Not Open
T021,08-09,2009-04-15,197,Not Open
T022,08-09,2009-04-15,197,Not Open
T023,08-09,2009-04-15,197,Not Open
T024,08-09,2009-04-15,197,Not Open
T025,08-09,2009-04-15,197,Not Open
T026,08-09,2009-04-15,197,Not Open
T027,08-09,2009-04-15,197,Not Open
T028,08-09,2009-04-15,197,Not Open
T029,08-09,2009-04-15,197,Not Open
T030,08-09,2009-04-15,197,Not Open
T031,08-09,2009-04-15,197,Not Open
T032,08-09,2009-04-15,197,Not Open
T033,08-09,2009-04-15,197,Not Open
T034,08-09,2009-04-15,197,Not Open
T035,08-09,2009-04-15,197,Not Open
T036,08-09,2009-04-15,197,Not Open
T037,08-09,2009-04-15,197,Not Open
T038,08-09,2009-04-15,197,Not Open
T039,08-09,2009-04-15,197,Not Open
T040,08-09,2009-04-15,197,Not Open
T042,08-09,2009-04-15,197,Not Open
T043,08-09,2009-04-15,197,Not Open
T044,08-09,2009-04-15,197,Not Open
T045,08-09,2009-04-15,197,Not Open
T046,08-09,2009-04-15,197,Not Open
T047,08-09,2009-04-15,197,Not Open
T061,08-09,2009-04-15,197,Not Open
T063,08-09,2009-04-15,197,Not Open
T064,08-09,2009-04-15,197,Not Open
T065,08-09,2009-04-15,197,Not Open
T066,08-09,2009-04-15,197,Not Open
T067,08-09,2009-04-15,197,Not Open
T068,08-09,2009-04-15,197,Not Open
T069,08-09,2009-04-15,197,Not Open
T070,08-09,2009-04-15,197,Not Open
T071,08-09,2009-04-15,197,Not Open
T072,08-09,2009-04-15,197,Not Open
T073,08-09,2009-04-15,197,Not Open
T074,08-09,2009-04-15,197,Not Open
T075,08-09,2009-04-15,197,Not Open
T076,08-09,2009-04-15,197,Not Open
T077,08-09,2009-04-15,197,Not Open
T078,08-09,2009-04-15,197,Not Open
T079,08-09,2009-04-15,197,Not Open
T080,08-09,2009-04-15,197,Not Open
T081,08-09,2009-04-15,197,Not Open
T083,08-09,2009-04-15,197,Not Open
T084,08-09,2009-04-15,197,Not Open
T085,08-09,2009-04-15,197,Not Open
T086,08-09,2009-04-15,197,Not Open
T087,08-09,2009-04-15,197,Not Open
T088,08-09,2009-04-15,197,Not Open
T089,08-09,2009-04-15,197,Not Open
T090,08-09,2009-04-15,197,Not Open
T091,08-09,2009-04-15,197,Not Open
T092,08-09,2009-04-15,197,Not Open
T127,08-09,2009-04-15,197,Not Open
T134,08-09,2009-04-15,197,Not Open
T135,08-09,2009-04-15,197,Not Open
T136,08-09,2009-04-15,197,Not Open
T137,08-09,2009-04-15,197,Not Open
T148,08-09,2009-04-15,197,Not Open
T151,08-09,2009-04-15,197,Not Open
T152,08-09,2009-04-15,197,Not Open
T156,08-09,2009-04-15,197,Not Open
T157,08-09,2009-04-15,197,Not Open
T002,08-09,2009-04-16,198,Not Open
T003,08-09,2009-04-16,198,Not Open
T004,08-09,2009-04-16,198,Not Open
T005,08-09,2009-04-16,198,Not Open
T006,08-09,2009-04-16,198,Not Open
T007,08-09,2009-04-16,198,Not Open
T008,08-09,2009-04-16,198,Not Open
T009,08-09,2009-04-16,198,Not Open
T010,08-09,2009-04-16,198,Not Open
T011,08-09,2009-04-16,198,Not Open
T012,08-09,2009-04-16,198,Not Open
T013,08-09,2009-04-16,198,Not Open
T015,08-09,2009-04-16,198,Not Open
T016,08-09,2009-04-16,198,Not Open
T017,08-09,2009-04-16,198,Not Open
T018,08-09,2009-04-16,198,Not Open
T019,08-09,2009-04-16,198,Not Open
T020,08-09,2009-04-16,198,Not Open
T021,08-09,2009-04-16,198,Not Open
T022,08-09,2009-04-16,198,Not Open
T023,08-09,2009-04-16,198,Not Open
T024,08-09,2009-04-16,198,Not Open
T025,08-09,2009-04-16,198,Not Open
T026,08-09,2009-04-16,198,Not Open
T027,08-09,2009-04-16,198,Not Open
T028,08-09,2009-04-16,198,Not Open
T029,08-09,2009-04-16,198,Not Open
T030,08-09,2009-04-16,198,Not Open
T031,08-09,2009-04-16,198,Not Open
T032,08-09,2009-04-16,198,Not Open
T033,08-09,2009-04-16,198,Not Open
T034,08-09,2009-04-16,198,Not Open
T035,08-09,2009-04-16,198,Not Open
T036,08-09,2009-04-16,198,Not Open
T037,08-09,2009-04-16,198,Not Open
T038,08-09,2009-04-16,198,Not Open
T039,08-09,2009-04-16,198,Not Open
T040,08-09,2009-04-16,198,Not Open
T042,08-09,2009-04-16,198,Not Open
T043,08-09,2009-04-16,198,Not Open
T044,08-09,2009-04-16,198,Not Open
T045,08-09,2009-04-16,198,Not Open
T046,08-09,2009-04-16,198,Not Open
T047,08-09,2009-04-16,198,Not Open
T061,08-09,2009-04-16,198,Not Open
T063,08-09,2009-04-16,198,Not Open
T064,08-09,2009-04-16,198,Not Open
T065,08-09,2009-04-16,198,Not Open
T066,08-09,2009-04-16,198,Not Open
T067,08-09,2009-04-16,198,Not Open
T068,08-09,2009-04-16,198,Not Open
T069,08-09,2009-04-16,198,Not Open
T070,08-09,2009-04-16,198,Not Open
T071,08-09,2009-04-16,198,Not Open
T072,08-09,2009-04-16,198,Not Open
T073,08-09,2009-04-16,198,Not Open
T074,08-09,2009-04-16,198,Not Open
T075,08-09,2009-04-16,198,Not Open
T076,08-09,2009-04-16,198,Not Open
T077,08-09,2009-04-16,198,Not Open
T078,08-09,2009-04-16,198,Not Open
T079,08-09,2009-04-16,198,Not Open
T080,08-09,2009-04-16,198,Not Open
T081,08-09,2009-04-16,198,Not Open
T083,08-09,2009-04-16,198,Not Open
T084,08-09,2009-04-16,198,Not Open
T085,08-09,2009-04-16,198,Not Open
T086,08-09,2009-04-16,198,Not Open
T087,08-09,2009-04-16,198,Not Open
T088,08-09,2009-04-16,198,Not Open
T089,08-09,2009-04-16,198,Not Open
T090,08-09,2009-04-16,198,Not Open
T091,08-09,2009-04-16,198,Not Open
T092,08-09,2009-04-16,198,Not Open
T127,08-09,2009-04-16,198,Not Open
T134,08-09,2009-04-16,198,Not Open
T135,08-09,2009-04-16,198,Not Open
T136,08-09,2009-04-16,198,Not Open
T137,08-09,2009-04-16,198,Not Open
T148,08-09,2009-04-16,198,Not Open
T151,08-09,2009-04-16,198,Not Open
T152,08-09,2009-04-16,198,Not Open
T156,08-09,2009-04-16,198,Not Open
T157,08-09,2009-04-16,198,Not Open
T002,08-09,2009-04-17,199,Not Open
T003,08-09,2009-04-17,199,Not Open
T004,08-09,2009-04-17,199,Not Open
T005,08-09,2009-04-17,199,Not Open
T006,08-09,2009-04-17,199,Not Open
T007,08-09,2009-04-17,199,Not Open
T008,08-09,2009-04-17,199,Not Open
T009,08-09,2009-04-17,199,Not Open
T010,08-09,2009-04-17,199,Not Open
T011,08-09,2009-04-17,199,Not Open
T012,08-09,2009-04-17,199,Not Open
T013,08-09,2009-04-17,199,Not Open
T015,08-09,2009-04-17,199,Not Open
T016,08-09,2009-04-17,199,Not Open
T017,08-09,2009-04-17,199,Not Open
T018,08-09,2009-04-17,199,Not Open
T019,08-09,2009-04-17,199,Not Open
T020,08-09,2009-04-17,199,Not Open
T021,08-09,2009-04-17,199,Not Open
T022,08-09,2009-04-17,199,Not Open
T023,08-09,2009-04-17,199,Not Open
T024,08-09,2009-04-17,199,Not Open
T025,08-09,2009-04-17,199,Not Open
T026,08-09,2009-04-17,199,Not Open
T027,08-09,2009-04-17,199,Not Open
T028,08-09,2009-04-17,199,Not Open
T029,08-09,2009-04-17,199,Not Open
T030,08-09,2009-04-17,199,Not Open
T031,08-09,2009-04-17,199,Not Open
T032,08-09,2009-04-17,199,Not Open
T033,08-09,2009-04-17,199,Not Open
T034,08-09,2009-04-17,199,Not Open
T035,08-09,2009-04-17,199,Not Open
T036,08-09,2009-04-17,199,Not Open
T037,08-09,2009-04-17,199,Not Open
T038,08-09,2009-04-17,199,Not Open
T039,08-09,2009-04-17,199,Not Open
T040,08-09,2009-04-17,199,Not Open
T042,08-09,2009-04-17,199,Not Open
T043,08-09,2009-04-17,199,Not Open
T044,08-09,2009-04-17,199,Not Open
T045,08-09,2009-04-17,199,Not Open
T046,08-09,2009-04-17,199,Not Open
T047,08-09,2009-04-17,199,Not Open
T061,08-09,2009-04-17,199,Not Open
T063,08-09,2009-04-17,199,Not Open
T064,08-09,2009-04-17,199,Not Open
T065,08-09,2009-04-17,199,Not Open
T066,08-09,2009-04-17,199,Not Open
T067,08-09,2009-04-17,199,Not Open
T068,08-09,2009-04-17,199,Not Open
T069,08-09,2009-04-17,199,Not Open
T070,08-09,2009-04-17,199,Not Open
T071,08-09,2009-04-17,199,Not Open
T072,08-09,2009-04-17,199,Not Open
T073,08-09,2009-04-17,199,Not Open
T074,08-09,2009-04-17,199,Not Open
T075,08-09,2009-04-17,199,Not Open
T076,08-09,2009-04-17,199,Not Open
T077,08-09,2009-04-17,199,Not Open
T078,08-09,2009-04-17,199,Not Open
T079,08-09,2009-04-17,199,Not Open
T080,08-09,2009-04-17,199,Not Open
T081,08-09,2009-04-17,199,Not Open
T083,08-09,2009-04-17,199,Not Open
T084,08-09,2009-04-17,199,Not Open
T085,08-09,2009-04-17,199,Not Open
T086,08-09,2009-04-17,199,Not Open
T087,08-09,2009-04-17,199,Not Open
T088,08-09,2009-04-17,199,Not Open
T089,08-09,2009-04-17,199,Not Open
T090,08-09,2009-04-17,199,Not Open
T091,08-09,2009-04-17,199,Not Open
T092,08-09,2009-04-17,199,Not Open
T127,08-09,2009-04-17,199,Not Open
T134,08-09,2009-04-17,199,Not Open
T135,08-09,2009-04-17,199,Not Open
T136,08-09,2009-04-17,199,Not Open
T137,08-09,2009-04-17,199,Not Open
T148,08-09,2009-04-17,199,Not Open
T151,08-09,2009-04-17,199,Not Open
T152,08-09,2009-04-17,199,Not Open
T156,08-09,2009-04-17,199,Not Open
T157,08-09,2009-04-17,199,Not Open
T002,08-09,2009-04-18,200,Not Open
T003,08-09,2009-04-18,200,Not Open
T004,08-09,2009-04-18,200,Not Open
T005,08-09,2009-04-18,200,Not Open
T006,08-09,2009-04-18,200,Not Open
T007,08-09,2009-04-18,200,Not Open
T008,08-09,2009-04-18,200,Not Open
T009,08-09,2009-04-18,200,Not Open
T010,08-09,2009-04-18,200,Not Open
T011,08-09,2009-04-18,200,Not Open
T012,08-09,2009-04-18,200,Not Open
T013,08-09,2009-04-18,200,Not Open
T015,08-09,2009-04-18,200,Not Open
T016,08-09,2009-04-18,200,Not Open
T017,08-09,2009-04-18,200,Not Open
T018,08-09,2009-04-18,200,Not Open
T019,08-09,2009-04-18,200,Not Open
T020,08-09,2009-04-18,200,Not Open
T021,08-09,2009-04-18,200,Not Open
T022,08-09,2009-04-18,200,Not Open
T023,08-09,2009-04-18,200,Not Open
T024,08-09,2009-04-18,200,Not Open
T025,08-09,2009-04-18,200,Not Open
T026,08-09,2009-04-18,200,Not Open
T027,08-09,2009-04-18,200,Not Open
T028,08-09,2009-04-18,200,Not Open
T029,08-09,2009-04-18,200,Not Open
T030,08-09,2009-04-18,200,Not Open
T031,08-09,2009-04-18,200,Not Open
T032,08-09,2009-04-18,200,Not Open
T033,08-09,2009-04-18,200,Not Open
T034,08-09,2009-04-18,200,Not Open
T035,08-09,2009-04-18,200,Not Open
T036,08-09,2009-04-18,200,Not Open
T037,08-09,2009-04-18,200,Not Open
T038,08-09,2009-04-18,200,Not Open
T039,08-09,2009-04-18,200,Not Open
T040,08-09,2009-04-18,200,Not Open
T042,08-09,2009-04-18,200,Not Open
T043,08-09,2009-04-18,200,Not Open
T044,08-09,2009-04-18,200,Not Open
T045,08-09,2009-04-18,200,Not Open
T046,08-09,2009-04-18,200,Not Open
T047,08-09,2009-04-18,200,Not Open
T061,08-09,2009-04-18,200,Not Open
T063,08-09,2009-04-18,200,Not Open
T064,08-09,2009-04-18,200,Not Open
T065,08-09,2009-04-18,200,Not Open
T066,08-09,2009-04-18,200,Not Open
T067,08-09,2009-04-18,200,Not Open
T068,08-09,2009-04-18,200,Not Open
T069,08-09,2009-04-18,200,Not Open
T070,08-09,2009-04-18,200,Not Open
T071,08-09,2009-04-18,200,Not Open
T072,08-09,2009-04-18,200,Not Open
T073,08-09,2009-04-18,200,Not Open
T074,08-09,2009-04-18,200,Not Open
T075,08-09,2009-04-18,200,Not Open
T076,08-09,2009-04-18,200,Not Open
T077,08-09,2009-04-18,200,Not Open
T078,08-09,2009-04-18,200,Not Open
T079,08-09,2009-04-18,200,Not Open
T080,08-09,2009-04-18,200,Not Open
T081,08-09,2009-04-18,200,Not Open
T083,08-09,2009-04-18,200,Not Open
T084,08-09,2009-04-18,200,Not Open
T085,08-09,2009-04-18,200,Not Open
T086,08-09,2009-04-18,200,Not Open
T087,08-09,2009-04-18,200,Not Open
T088,08-09,2009-04-18,200,Not Open
T089,08-09,2009-04-18,200,Not Open
T090,08-09,2009-04-18,200,Not Open
T091,08-09,2009-04-18,200,Not Open
T092,08-09,2009-04-18,200,Not Open
T127,08-09,2009-04-18,200,Not Open
T134,08-09,2009-04-18,200,Not Open
T135,08-09,2009-04-18,200,Not Open
T136,08-09,2009-04-18,200,Not Open
T137,08-09,2009-04-18,200,Not Open
T148,08-09,2009-04-18,200,Not Open
T151,08-09,2009-04-18,200,Not Open
T152,08-09,2009-04-18,200,Not Open
T156,08-09,2009-04-18,200,Not Open
T157,08-09,2009-04-18,200,Not Open
T002,08-09,2009-04-19,201,Not Open
T003,08-09,2009-04-19,201,Not Open
T004,08-09,2009-04-19,201,Not Open
T005,08-09,2009-04-19,201,Not Open
T006,08-09,2009-04-19,201,Not Open
T007,08-09,2009-04-19,201,Not Open
T008,08-09,2009-04-19,201,Not Open
T009,08-09,2009-04-19,201,Not Open
T010,08-09,2009-04-19,201,Not Open
T011,08-09,2009-04-19,201,Not Open
T012,08-09,2009-04-19,201,Not Open
T013,08-09,2009-04-19,201,Not Open
T015,08-09,2009-04-19,201,Not Open
T016,08-09,2009-04-19,201,Not Open
T017,08-09,2009-04-19,201,Not Open
T018,08-09,2009-04-19,201,Not Open
T019,08-09,2009-04-19,201,Not Open
T020,08-09,2009-04-19,201,Not Open
T021,08-09,2009-04-19,201,Not Open
T022,08-09,2009-04-19,201,Not Open
T023,08-09,2009-04-19,201,Not Open
T024,08-09,2009-04-19,201,Not Open
T025,08-09,2009-04-19,201,Not Open
T026,08-09,2009-04-19,201,Not Open
T027,08-09,2009-04-19,201,Not Open
T028,08-09,2009-04-19,201,Not Open
T029,08-09,2009-04-19,201,Not Open
T030,08-09,2009-04-19,201,Not Open
T031,08-09,2009-04-19,201,Not Open
T032,08-09,2009-04-19,201,Not Open
T033,08-09,2009-04-19,201,Not Open
T034,08-09,2009-04-19,201,Not Open
T035,08-09,2009-04-19,201,Not Open
T036,08-09,2009-04-19,201,Not Open
T037,08-09,2009-04-19,201,Not Open
T038,08-09,2009-04-19,201,Not Open
T039,08-09,2009-04-19,201,Not Open
T040,08-09,2009-04-19,201,Not Open
T042,08-09,2009-04-19,201,Not Open
T043,08-09,2009-04-19,201,Not Open
T044,08-09,2009-04-19,201,Not Open
T045,08-09,2009-04-19,201,Not Open
T046,08-09,2009-04-19,201,Not Open
T047,08-09,2009-04-19,201,Not Open
T061,08-09,2009-04-19,201,Not Open
T063,08-09,2009-04-19,201,Not Open
T064,08-09,2009-04-19,201,Not Open
T065,08-09,2009-04-19,201,Not Open
T066,08-09,2009-04-19,201,Not Open
T067,08-09,2009-04-19,201,Not Open
T068,08-09,2009-04-19,201,Not Open
T069,08-09,2009-04-19,201,Not Open
T070,08-09,2009-04-19,201,Not Open
T071,08-09,2009-04-19,201,Not Open
T072,08-09,2009-04-19,201,Not Open
T073,08-09,2009-04-19,201,Not Open
T074,08-09,2009-04-19,201,Not Open
T075,08-09,2009-04-19,201,Not Open
T076,08-09,2009-04-19,201,Not Open
T077,08-09,2009-04-19,201,Not Open
T078,08-09,2009-04-19,201,Not Open
T079,08-09,2009-04-19,201,Not Open
T080,08-09,2009-04-19,201,Not Open
T081,08-09,2009-04-19,201,Not Open
T083,08-09,2009-04-19,201,Not Open
T084,08-09,2009-04-19,201,Not Open
T085,08-09,2009-04-19,201,Not Open
T086,08-09,2009-04-19,201,Not Open
T087,08-09,2009-04-19,201,Not Open
T088,08-09,2009-04-19,201,Not Open
T089,08-09,2009-04-19,201,Not Open
T090,08-09,2009-04-19,201,Not Open
T091,08-09,2009-04-19,201,Not Open
T092,08-09,2009-04-19,201,Not Open
T127,08-09,2009-04-19,201,Not Open
T134,08-09,2009-04-19,201,Not Open
T135,08-09,2009-04-19,201,Not Open
T136,08-09,2009-04-19,201,Not Open
T137,08-09,2009-04-19,201,Not Open
T148,08-09,2009-04-19,201,Not Open
T151,08-09,2009-04-19,201,Not Open
T152,08-09,2009-04-19,201,Not Open
T156,08-09,2009-04-19,201,Not Open
T157,08-09,2009-04-19,201,Not Open
T002,08-09,2009-04-20,202,Not Open
T003,08-09,2009-04-20,202,Not Open
T004,08-09,2009-04-20,202,Not Open
T005,08-09,2009-04-20,202,Not Open
T006,08-09,2009-04-20,202,Not Open
T007,08-09,2009-04-20,202,Not Open
T008,08-09,2009-04-20,202,Not Open
T009,08-09,2009-04-20,202,Not Open
T010,08-09,2009-04-20,202,Not Open
T011,08-09,2009-04-20,202,Not Open
T012,08-09,2009-04-20,202,Not Open
T013,08-09,2009-04-20,202,Not Open
T015,08-09,2009-04-20,202,Not Open
T016,08-09,2009-04-20,202,Not Open
T017,08-09,2009-04-20,202,Not Open
T018,08-09,2009-04-20,202,Not Open
T019,08-09,2009-04-20,202,Not Open
T020,08-09,2009-04-20,202,Not Open
T021,08-09,2009-04-20,202,Not Open
T022,08-09,2009-04-20,202,Not Open
T023,08-09,2009-04-20,202,Not Open
T024,08-09,2009-04-20,202,Not Open
T025,08-09,2009-04-20,202,Not Open
T026,08-09,2009-04-20,202,Not Open
T027,08-09,2009-04-20,202,Not Open
T028,08-09,2009-04-20,202,Not Open
T029,08-09,2009-04-20,202,Not Open
T030,08-09,2009-04-20,202,Not Open
T031,08-09,2009-04-20,202,Not Open
T032,08-09,2009-04-20,202,Not Open
T033,08-09,2009-04-20,202,Not Open
T034,08-09,2009-04-20,202,Not Open
T035,08-09,2009-04-20,202,Not Open
T036,08-09,2009-04-20,202,Not Open
T037,08-09,2009-04-20,202,Not Open
T038,08-09,2009-04-20,202,Not Open
T039,08-09,2009-04-20,202,Not Open
T040,08-09,2009-04-20,202,Not Open
T042,08-09,2009-04-20,202,Not Open
T043,08-09,2009-04-20,202,Not Open
T044,08-09,2009-04-20,202,Not Open
T045,08-09,2009-04-20,202,Not Open
T046,08-09,2009-04-20,202,Not Open
T047,08-09,2009-04-20,202,Not Open
T061,08-09,2009-04-20,202,Not Open
T063,08-09,2009-04-20,202,Not Open
T064,08-09,2009-04-20,202,Not Open
T065,08-09,2009-04-20,202,Not Open
T066,08-09,2009-04-20,202,Not Open
T067,08-09,2009-04-20,202,Not Open
T068,08-09,2009-04-20,202,Not Open
T069,08-09,2009-04-20,202,Not Open
T070,08-09,2009-04-20,202,Not Open
T071,08-09,2009-04-20,202,Not Open
T072,08-09,2009-04-20,202,Not Open
T073,08-09,2009-04-20,202,Not Open
T074,08-09,2009-04-20,202,Not Open
T075,08-09,2009-04-20,202,Not Open
T076,08-09,2009-04-20,202,Not Open
T077,08-09,2009-04-20,202,Not Open
T078,08-09,2009-04-20,202,Not Open
T079,08-09,2009-04-20,202,Not Open
T080,08-09,2009-04-20,202,Not Open
T081,08-09,2009-04-20,202,Not Open
T083,08-09,2009-04-20,202,Not Open
T084,08-09,2009-04-20,202,Not Open
T085,08-09,2009-04-20,202,Not Open
T086,08-09,2009-04-20,202,Not Open
T087,08-09,2009-04-20,202,Not Open
T088,08-09,2009-04-20,202,Not Open
T089,08-09,2009-04-20,202,Not Open
T090,08-09,2009-04-20,202,Not Open
T091,08-09,2009-04-20,202,Not Open
T092,08-09,2009-04-20,202,Not Open
T127,08-09,2009-04-20,202,Not Open
T134,08-09,2009-04-20,202,Not Open
T135,08-09,2009-04-20,202,Not Open
T136,08-09,2009-04-20,202,Not Open
T137,08-09,2009-04-20,202,Not Open
T148,08-09,2009-04-20,202,Not Open
T151,08-09,2009-04-20,202,Not Open
T152,08-09,2009-04-20,202,Not Open
T156,08-09,2009-04-20,202,Not Open
T157,08-09,2009-04-20,202,Not Open
T002,08-09,2009-04-21,203,Not Open
T003,08-09,2009-04-21,203,Not Open
T004,08-09,2009-04-21,203,Not Open
T005,08-09,2009-04-21,203,Not Open
T006,08-09,2009-04-21,203,Not Open
T007,08-09,2009-04-21,203,Not Open
T008,08-09,2009-04-21,203,Not Open
T009,08-09,2009-04-21,203,Not Open
T010,08-09,2009-04-21,203,Not Open
T011,08-09,2009-04-21,203,Not Open
T012,08-09,2009-04-21,203,Not Open
T013,08-09,2009-04-21,203,Not Open
T015,08-09,2009-04-21,203,Not Open
T016,08-09,2009-04-21,203,Not Open
T017,08-09,2009-04-21,203,Not Open
T018,08-09,2009-04-21,203,Not Open
T019,08-09,2009-04-21,203,Not Open
T020,08-09,2009-04-21,203,Not Open
T021,08-09,2009-04-21,203,Not Open
T022,08-09,2009-04-21,203,Not Open
T023,08-09,2009-04-21,203,Not Open
T024,08-09,2009-04-21,203,Not Open
T025,08-09,2009-04-21,203,Not Open
T026,08-09,2009-04-21,203,Not Open
T027,08-09,2009-04-21,203,Not Open
T028,08-09,2009-04-21,203,Not Open
T029,08-09,2009-04-21,203,Not Open
T030,08-09,2009-04-21,203,Not Open
T031,08-09,2009-04-21,203,Not Open
T032,08-09,2009-04-21,203,Not Open
T033,08-09,2009-04-21,203,Not Open
T034,08-09,2009-04-21,203,Not Open
T035,08-09,2009-04-21,203,Not Open
T036,08-09,2009-04-21,203,Not Open
T037,08-09,2009-04-21,203,Not Open
T038,08-09,2009-04-21,203,Not Open
T039,08-09,2009-04-21,203,Not Open
T040,08-09,2009-04-21,203,Not Open
T042,08-09,2009-04-21,203,Not Open
T043,08-09,2009-04-21,203,Not Open
T044,08-09,2009-04-21,203,Not Open
T045,08-09,2009-04-21,203,Not Open
T046,08-09,2009-04-21,203,Not Open
T047,08-09,2009-04-21,203,Not Open
T061,08-09,2009-04-21,203,Not Open
T063,08-09,2009-04-21,203,Not Open
T064,08-09,2009-04-21,203,Not Open
T065,08-09,2009-04-21,203,Not Open
T066,08-09,2009-04-21,203,Not Open
T067,08-09,2009-04-21,203,Not Open
T068,08-09,2009-04-21,203,Not Open
T069,08-09,2009-04-21,203,Not Open
T070,08-09,2009-04-21,203,Not Open
T071,08-09,2009-04-21,203,Not Open
T072,08-09,2009-04-21,203,Not Open
T073,08-09,2009-04-21,203,Not Open
T074,08-09,2009-04-21,203,Not Open
T075,08-09,2009-04-21,203,Not Open
T076,08-09,2009-04-21,203,Not Open
T077,08-09,2009-04-21,203,Not Open
T078,08-09,2009-04-21,203,Not Open
T079,08-09,2009-04-21,203,Not Open
T080,08-09,2009-04-21,203,Not Open
T081,08-09,2009-04-21,203,Not Open
T083,08-09,2009-04-21,203,Not Open
T084,08-09,2009-04-21,203,Not Open
T085,08-09,2009-04-21,203,Not Open
T086,08-09,2009-04-21,203,Not Open
T087,08-09,2009-04-21,203,Not Open
T088,08-09,2009-04-21,203,Not Open
T089,08-09,2009-04-21,203,Not Open
T090,08-09,2009-04-21,203,Not Open
T091,08-09,2009-04-21,203,Not Open
T092,08-09,2009-04-21,203,Not Open
T127,08-09,2009-04-21,203,Not Open
T134,08-09,2009-04-21,203,Not Open
T135,08-09,2009-04-21,203,Not Open
T136,08-09,2009-04-21,203,Not Open
T137,08-09,2009-04-21,203,Not Open
T148,08-09,2009-04-21,203,Not Open
T151,08-09,2009-04-21,203,Not Open
T152,08-09,2009-04-21,203,Not Open
T156,08-09,2009-04-21,203,Not Open
T157,08-09,2009-04-21,203,Not Open
T002,08-09,2009-04-22,204,Not Open
T003,08-09,2009-04-22,204,Not Open
T004,08-09,2009-04-22,204,Not Open
T005,08-09,2009-04-22,204,Not Open
T006,08-09,2009-04-22,204,Not Open
T007,08-09,2009-04-22,204,Not Open
T008,08-09,2009-04-22,204,Not Open
T009,08-09,2009-04-22,204,Not Open
T010,08-09,2009-04-22,204,Not Open
T011,08-09,2009-04-22,204,Not Open
T012,08-09,2009-04-22,204,Not Open
T013,08-09,2009-04-22,204,Not Open
T015,08-09,2009-04-22,204,Not Open
T016,08-09,2009-04-22,204,Not Open
T017,08-09,2009-04-22,204,Not Open
T018,08-09,2009-04-22,204,Not Open
T019,08-09,2009-04-22,204,Not Open
T020,08-09,2009-04-22,204,Not Open
T021,08-09,2009-04-22,204,Not Open
T022,08-09,2009-04-22,204,Not Open
T023,08-09,2009-04-22,204,Not Open
T024,08-09,2009-04-22,204,Not Open
T025,08-09,2009-04-22,204,Not Open
T026,08-09,2009-04-22,204,Not Open
T027,08-09,2009-04-22,204,Not Open
T028,08-09,2009-04-22,204,Not Open
T029,08-09,2009-04-22,204,Not Open
T030,08-09,2009-04-22,204,Not Open
T031,08-09,2009-04-22,204,Not Open
T032,08-09,2009-04-22,204,Not Open
T033,08-09,2009-04-22,204,Not Open
T034,08-09,2009-04-22,204,Not Open
T035,08-09,2009-04-22,204,Not Open
T036,08-09,2009-04-22,204,Not Open
T037,08-09,2009-04-22,204,Not Open
T038,08-09,2009-04-22,204,Not Open
T039,08-09,2009-04-22,204,Not Open
T040,08-09,2009-04-22,204,Not Open
T042,08-09,2009-04-22,204,Not Open
T043,08-09,2009-04-22,204,Not Open
T044,08-09,2009-04-22,204,Not Open
T045,08-09,2009-04-22,204,Not Open
T046,08-09,2009-04-22,204,Not Open
T047,08-09,2009-04-22,204,Not Open
T061,08-09,2009-04-22,204,Not Open
T063,08-09,2009-04-22,204,Not Open
T064,08-09,2009-04-22,204,Not Open
T065,08-09,2009-04-22,204,Not Open
T066,08-09,2009-04-22,204,Not Open
T067,08-09,2009-04-22,204,Not Open
T068,08-09,2009-04-22,204,Not Open
T069,08-09,2009-04-22,204,Not Open
T070,08-09,2009-04-22,204,Not Open
T071,08-09,2009-04-22,204,Not Open
T072,08-09,2009-04-22,204,Not Open
T073,08-09,2009-04-22,204,Not Open
T074,08-09,2009-04-22,204,Not Open
T075,08-09,2009-04-22,204,Not Open
T076,08-09,2009-04-22,204,Not Open
T077,08-09,2009-04-22,204,Not Open
T078,08-09,2009-04-22,204,Not Open
T079,08-09,2009-04-22,204,Not Open
T080,08-09,2009-04-22,204,Not Open
T081,08-09,2009-04-22,204,Not Open
T083,08-09,2009-04-22,204,Not Open
T084,08-09,2009-04-22,204,Not Open
T085,08-09,2009-04-22,204,Not Open
T086,08-09,2009-04-22,204,Not Open
T087,08-09,2009-04-22,204,Not Open
T088,08-09,2009-04-22,204,Not Open
T089,08-09,2009-04-22,204,Not Open
T090,08-09,2009-04-22,204,Not Open
T091,08-09,2009-04-22,204,Not Open
T092,08-09,2009-04-22,204,Not Open
T127,08-09,2009-04-22,204,Not Open
T134,08-09,2009-04-22,204,Not Open
T135,08-09,2009-04-22,204,Not Open
T136,08-09,2009-04-22,204,Not Open
T137,08-09,2009-04-22,204,Not Open
T148,08-09,2009-04-22,204,Not Open
T151,08-09,2009-04-22,204,Not Open
T152,08-09,2009-04-22,204,Not Open
T156,08-09,2009-04-22,204,Not Open
T157,08-09,2009-04-22,204,Not Open
T002,08-09,2009-04-23,205,Not Open
T003,08-09,2009-04-23,205,Not Open
T004,08-09,2009-04-23,205,Not Open
T005,08-09,2009-04-23,205,Not Open
T006,08-09,2009-04-23,205,Not Open
T007,08-09,2009-04-23,205,Not Open
T008,08-09,2009-04-23,205,Not Open
T009,08-09,2009-04-23,205,Not Open
T010,08-09,2009-04-23,205,Not Open
T011,08-09,2009-04-23,205,Not Open
T012,08-09,2009-04-23,205,Not Open
T013,08-09,2009-04-23,205,Not Open
T015,08-09,2009-04-23,205,Not Open
T016,08-09,2009-04-23,205,Not Open
T017,08-09,2009-04-23,205,Not Open
T018,08-09,2009-04-23,205,Not Open
T019,08-09,2009-04-23,205,Not Open
T020,08-09,2009-04-23,205,Not Open
T021,08-09,2009-04-23,205,Not Open
T022,08-09,2009-04-23,205,Not Open
T023,08-09,2009-04-23,205,Not Open
T024,08-09,2009-04-23,205,Not Open
T025,08-09,2009-04-23,205,Not Open
T026,08-09,2009-04-23,205,Not Open
T027,08-09,2009-04-23,205,Not Open
T028,08-09,2009-04-23,205,Not Open
T029,08-09,2009-04-23,205,Not Open
T030,08-09,2009-04-23,205,Not Open
T031,08-09,2009-04-23,205,Not Open
T032,08-09,2009-04-23,205,Not Open
T033,08-09,2009-04-23,205,Not Open
T034,08-09,2009-04-23,205,Not Open
T035,08-09,2009-04-23,205,Not Open
T036,08-09,2009-04-23,205,Not Open
T037,08-09,2009-04-23,205,Not Open
T038,08-09,2009-04-23,205,Not Open
T039,08-09,2009-04-23,205,Not Open
T040,08-09,2009-04-23,205,Not Open
T042,08-09,2009-04-23,205,Not Open
T043,08-09,2009-04-23,205,Not Open
T044,08-09,2009-04-23,205,Not Open
T045,08-09,2009-04-23,205,Not Open
T046,08-09,2009-04-23,205,Not Open
T047,08-09,2009-04-23,205,Not Open
T061,08-09,2009-04-23,205,Not Open
T063,08-09,2009-04-23,205,Not Open
T064,08-09,2009-04-23,205,Not Open
T065,08-09,2009-04-23,205,Not Open
T066,08-09,2009-04-23,205,Not Open
T067,08-09,2009-04-23,205,Not Open
T068,08-09,2009-04-23,205,Not Open
T069,08-09,2009-04-23,205,Not Open
T070,08-09,2009-04-23,205,Not Open
T071,08-09,2009-04-23,205,Not Open
T072,08-09,2009-04-23,205,Not Open
T073,08-09,2009-04-23,205,Not Open
T074,08-09,2009-04-23,205,Not Open
T075,08-09,2009-04-23,205,Not Open
T076,08-09,2009-04-23,205,Not Open
T077,08-09,2009-04-23,205,Not Open
T078,08-09,2009-04-23,205,Not Open
T079,08-09,2009-04-23,205,Not Open
T080,08-09,2009-04-23,205,Not Open
T081,08-09,2009-04-23,205,Not Open
T083,08-09,2009-04-23,205,Not Open
T084,08-09,2009-04-23,205,Not Open
T085,08-09,2009-04-23,205,Not Open
T086,08-09,2009-04-23,205,Not Open
T087,08-09,2009-04-23,205,Not Open
T088,08-09,2009-04-23,205,Not Open
T089,08-09,2009-04-23,205,Not Open
T090,08-09,2009-04-23,205,Not Open
T091,08-09,2009-04-23,205,Not Open
T092,08-09,2009-04-23,205,Not Open
T127,08-09,2009-04-23,205,Not Open
T134,08-09,2009-04-23,205,Not Open
T135,08-09,2009-04-23,205,Not Open
T136,08-09,2009-04-23,205,Not Open
T137,08-09,2009-04-23,205,Not Open
T148,08-09,2009-04-23,205,Not Open
T151,08-09,2009-04-23,205,Not Open
T152,08-09,2009-04-23,205,Not Open
T156,08-09,2009-04-23,205,Not Open
T157,08-09,2009-04-23,205,Not Open
T002,08-09,2009-04-24,206,Not Open
T003,08-09,2009-04-24,206,Not Open
T004,08-09,2009-04-24,206,Not Open
T005,08-09,2009-04-24,206,Not Open
T006,08-09,2009-04-24,206,Not Open
T007,08-09,2009-04-24,206,Not Open
T008,08-09,2009-04-24,206,Not Open
T009,08-09,2009-04-24,206,Not Open
T010,08-09,2009-04-24,206,Not Open
T011,08-09,2009-04-24,206,Not Open
T012,08-09,2009-04-24,206,Not Open
T013,08-09,2009-04-24,206,Not Open
T015,08-09,2009-04-24,206,Not Open
T016,08-09,2009-04-24,206,Not Open
T017,08-09,2009-04-24,206,Not Open
T018,08-09,2009-04-24,206,Not Open
T019,08-09,2009-04-24,206,Not Open
T020,08-09,2009-04-24,206,Not Open
T021,08-09,2009-04-24,206,Not Open
T022,08-09,2009-04-24,206,Not Open
T023,08-09,2009-04-24,206,Not Open
T024,08-09,2009-04-24,206,Not Open
T025,08-09,2009-04-24,206,Not Open
T026,08-09,2009-04-24,206,Not Open
T027,08-09,2009-04-24,206,Not Open
T028,08-09,2009-04-24,206,Not Open
T029,08-09,2009-04-24,206,Not Open
T030,08-09,2009-04-24,206,Not Open
T031,08-09,2009-04-24,206,Not Open
T032,08-09,2009-04-24,206,Not Open
T033,08-09,2009-04-24,206,Not Open
T034,08-09,2009-04-24,206,Not Open
T035,08-09,2009-04-24,206,Not Open
T036,08-09,2009-04-24,206,Not Open
T037,08-09,2009-04-24,206,Not Open
T038,08-09,2009-04-24,206,Not Open
T039,08-09,2009-04-24,206,Not Open
T040,08-09,2009-04-24,206,Not Open
T042,08-09,2009-04-24,206,Not Open
T043,08-09,2009-04-24,206,Not Open
T044,08-09,2009-04-24,206,Not Open
T045,08-09,2009-04-24,206,Not Open
T046,08-09,2009-04-24,206,Not Open
T047,08-09,2009-04-24,206,Not Open
T061,08-09,2009-04-24,206,Not Open
T063,08-09,2009-04-24,206,Not Open
T064,08-09,2009-04-24,206,Not Open
T065,08-09,2009-04-24,206,Not Open
T066,08-09,2009-04-24,206,Not Open
T067,08-09,2009-04-24,206,Not Open
T068,08-09,2009-04-24,206,Not Open
T069,08-09,2009-04-24,206,Not Open
T070,08-09,2009-04-24,206,Not Open
T071,08-09,2009-04-24,206,Not Open
T072,08-09,2009-04-24,206,Not Open
T073,08-09,2009-04-24,206,Not Open
T074,08-09,2009-04-24,206,Not Open
T075,08-09,2009-04-24,206,Not Open
T076,08-09,2009-04-24,206,Not Open
T077,08-09,2009-04-24,206,Not Open
T078,08-09,2009-04-24,206,Not Open
T079,08-09,2009-04-24,206,Not Open
T080,08-09,2009-04-24,206,Not Open
T081,08-09,2009-04-24,206,Not Open
T083,08-09,2009-04-24,206,Not Open
T084,08-09,2009-04-24,206,Not Open
T085,08-09,2009-04-24,206,Not Open
T086,08-09,2009-04-24,206,Not Open
T087,08-09,2009-04-24,206,Not Open
T088,08-09,2009-04-24,206,Not Open
T089,08-09,2009-04-24,206,Not Open
T090,08-09,2009-04-24,206,Not Open
T091,08-09,2009-04-24,206,Not Open
T092,08-09,2009-04-24,206,Not Open
T127,08-09,2009-04-24,206,Not Open
T134,08-09,2009-04-24,206,Not Open
T135,08-09,2009-04-24,206,Not Open
T136,08-09,2009-04-24,206,Not Open
T137,08-09,2009-04-24,206,Not Open
T148,08-09,2009-04-24,206,Not Open
T151,08-09,2009-04-24,206,Not Open
T152,08-09,2009-04-24,206,Not Open
T156,08-09,2009-04-24,206,Not Open
T157,08-09,2009-04-24,206,Not Open
T002,08-09,2009-04-25,207,Not Open
T003,08-09,2009-04-25,207,Not Open
T004,08-09,2009-04-25,207,Not Open
T005,08-09,2009-04-25,207,Not Open
T006,08-09,2009-04-25,207,Not Open
T007,08-09,2009-04-25,207,Not Open
T008,08-09,2009-04-25,207,Not Open
T009,08-09,2009-04-25,207,Not Open
T010,08-09,2009-04-25,207,Not Open
T011,08-09,2009-04-25,207,Not Open
T012,08-09,2009-04-25,207,Not Open
T013,08-09,2009-04-25,207,Not Open
T015,08-09,2009-04-25,207,Not Open
T016,08-09,2009-04-25,207,Not Open
T017,08-09,2009-04-25,207,Not Open
T018,08-09,2009-04-25,207,Not Open
T019,08-09,2009-04-25,207,Not Open
T020,08-09,2009-04-25,207,Not Open
T021,08-09,2009-04-25,207,Not Open
T022,08-09,2009-04-25,207,Not Open
T023,08-09,2009-04-25,207,Not Open
T024,08-09,2009-04-25,207,Not Open
T025,08-09,2009-04-25,207,Not Open
T026,08-09,2009-04-25,207,Not Open
T027,08-09,2009-04-25,207,Not Open
T028,08-09,2009-04-25,207,Not Open
T029,08-09,2009-04-25,207,Not Open
T030,08-09,2009-04-25,207,Not Open
T031,08-09,2009-04-25,207,Not Open
T032,08-09,2009-04-25,207,Not Open
T033,08-09,2009-04-25,207,Not Open
T034,08-09,2009-04-25,207,Not Open
T035,08-09,2009-04-25,207,Not Open
T036,08-09,2009-04-25,207,Not Open
T037,08-09,2009-04-25,207,Not Open
T038,08-09,2009-04-25,207,Not Open
T039,08-09,2009-04-25,207,Not Open
T040,08-09,2009-04-25,207,Not Open
T042,08-09,2009-04-25,207,Not Open
T043,08-09,2009-04-25,207,Not Open
T044,08-09,2009-04-25,207,Not Open
T045,08-09,2009-04-25,207,Not Open
T046,08-09,2009-04-25,207,Not Open
T047,08-09,2009-04-25,207,Not Open
T061,08-09,2009-04-25,207,Not Open
T063,08-09,2009-04-25,207,Not Open
T064,08-09,2009-04-25,207,Not Open
T065,08-09,2009-04-25,207,Not Open
T066,08-09,2009-04-25,207,Not Open
T067,08-09,2009-04-25,207,Not Open
T068,08-09,2009-04-25,207,Not Open
T069,08-09,2009-04-25,207,Not Open
T070,08-09,2009-04-25,207,Not Open
T071,08-09,2009-04-25,207,Not Open
T072,08-09,2009-04-25,207,Not Open
T073,08-09,2009-04-25,207,Not Open
T074,08-09,2009-04-25,207,Not Open
T075,08-09,2009-04-25,207,Not Open
T076,08-09,2009-04-25,207,Not Open
T077,08-09,2009-04-25,207,Not Open
T078,08-09,2009-04-25,207,Not Open
T079,08-09,2009-04-25,207,Not Open
T080,08-09,2009-04-25,207,Not Open
T081,08-09,2009-04-25,207,Not Open
T083,08-09,2009-04-25,207,Not Open
T084,08-09,2009-04-25,207,Not Open
T085,08-09,2009-04-25,207,Not Open
T086,08-09,2009-04-25,207,Not Open
T087,08-09,2009-04-25,207,Not Open
T088,08-09,2009-04-25,207,Not Open
T089,08-09,2009-04-25,207,Not Open
T090,08-09,2009-04-25,207,Not Open
T091,08-09,2009-04-25,207,Not Open
T092,08-09,2009-04-25,207,Not Open
T127,08-09,2009-04-25,207,Not Open
T134,08-09,2009-04-25,207,Not Open
T135,08-09,2009-04-25,207,Not Open
T136,08-09,2009-04-25,207,Not Open
T137,08-09,2009-04-25,207,Not Open
T148,08-09,2009-04-25,207,Not Open
T151,08-09,2009-04-25,207,Not Open
T152,08-09,2009-04-25,207,Not Open
T156,08-09,2009-04-25,207,Not Open
T157,08-09,2009-04-25,207,Not Open
T002,08-09,2009-04-26,208,Not Open
T003,08-09,2009-04-26,208,Not Open
T004,08-09,2009-04-26,208,Not Open
T005,08-09,2009-04-26,208,Not Open
T006,08-09,2009-04-26,208,Not Open
T007,08-09,2009-04-26,208,Not Open
T008,08-09,2009-04-26,208,Not Open
T009,08-09,2009-04-26,208,Not Open
T010,08-09,2009-04-26,208,Not Open
T011,08-09,2009-04-26,208,Not Open
T012,08-09,2009-04-26,208,Not Open
T013,08-09,2009-04-26,208,Not Open
T015,08-09,2009-04-26,208,Not Open
T016,08-09,2009-04-26,208,Not Open
T017,08-09,2009-04-26,208,Not Open
T018,08-09,2009-04-26,208,Not Open
T019,08-09,2009-04-26,208,Not Open
T020,08-09,2009-04-26,208,Not Open
T021,08-09,2009-04-26,208,Not Open
T022,08-09,2009-04-26,208,Not Open
T023,08-09,2009-04-26,208,Not Open
T024,08-09,2009-04-26,208,Not Open
T025,08-09,2009-04-26,208,Not Open
T026,08-09,2009-04-26,208,Not Open
T027,08-09,2009-04-26,208,Not Open
T028,08-09,2009-04-26,208,Not Open
T029,08-09,2009-04-26,208,Not Open
T030,08-09,2009-04-26,208,Not Open
T031,08-09,2009-04-26,208,Not Open
T032,08-09,2009-04-26,208,Not Open
T033,08-09,2009-04-26,208,Not Open
T034,08-09,2009-04-26,208,Not Open
T035,08-09,2009-04-26,208,Not Open
T036,08-09,2009-04-26,208,Not Open
T037,08-09,2009-04-26,208,Not Open
T038,08-09,2009-04-26,208,Not Open
T039,08-09,2009-04-26,208,Not Open
T040,08-09,2009-04-26,208,Not Open
T042,08-09,2009-04-26,208,Not Open
T043,08-09,2009-04-26,208,Not Open
T044,08-09,2009-04-26,208,Not Open
T045,08-09,2009-04-26,208,Not Open
T046,08-09,2009-04-26,208,Not Open
T047,08-09,2009-04-26,208,Not Open
T061,08-09,2009-04-26,208,Not Open
T063,08-09,2009-04-26,208,Not Open
T064,08-09,2009-04-26,208,Not Open
T065,08-09,2009-04-26,208,Not Open
T066,08-09,2009-04-26,208,Not Open
T067,08-09,2009-04-26,208,Not Open
T068,08-09,2009-04-26,208,Not Open
T069,08-09,2009-04-26,208,Not Open
T070,08-09,2009-04-26,208,Not Open
T071,08-09,2009-04-26,208,Not Open
T072,08-09,2009-04-26,208,Not Open
T073,08-09,2009-04-26,208,Not Open
T074,08-09,2009-04-26,208,Not Open
T075,08-09,2009-04-26,208,Not Open
T076,08-09,2009-04-26,208,Not Open
T077,08-09,2009-04-26,208,Not Open
T078,08-09,2009-04-26,208,Not Open
T079,08-09,2009-04-26,208,Not Open
T080,08-09,2009-04-26,208,Not Open
T081,08-09,2009-04-26,208,Not Open
T083,08-09,2009-04-26,208,Not Open
T084,08-09,2009-04-26,208,Not Open
T085,08-09,2009-04-26,208,Not Open
T086,08-09,2009-04-26,208,Not Open
T087,08-09,2009-04-26,208,Not Open
T088,08-09,2009-04-26,208,Not Open
T089,08-09,2009-04-26,208,Not Open
T090,08-09,2009-04-26,208,Not Open
T091,08-09,2009-04-26,208,Not Open
T092,08-09,2009-04-26,208,Not Open
T127,08-09,2009-04-26,208,Not Open
T134,08-09,2009-04-26,208,Not Open
T135,08-09,2009-04-26,208,Not Open
T136,08-09,2009-04-26,208,Not Open
T137,08-09,2009-04-26,208,Not Open
T148,08-09,2009-04-26,208,Not Open
T151,08-09,2009-04-26,208,Not Open
T152,08-09,2009-04-26,208,Not Open
T156,08-09,2009-04-26,208,Not Open
T157,08-09,2009-04-26,208,Not Open
T002,08-09,2009-04-27,209,Not Open
T003,08-09,2009-04-27,209,Not Open
T004,08-09,2009-04-27,209,Not Open
T005,08-09,2009-04-27,209,Not Open
T006,08-09,2009-04-27,209,Not Open
T007,08-09,2009-04-27,209,Not Open
T008,08-09,2009-04-27,209,Not Open
T009,08-09,2009-04-27,209,Not Open
T010,08-09,2009-04-27,209,Not Open
T011,08-09,2009-04-27,209,Not Open
T012,08-09,2009-04-27,209,Not Open
T013,08-09,2009-04-27,209,Not Open
T015,08-09,2009-04-27,209,Not Open
T016,08-09,2009-04-27,209,Not Open
T017,08-09,2009-04-27,209,Not Open
T018,08-09,2009-04-27,209,Not Open
T019,08-09,2009-04-27,209,Not Open
T020,08-09,2009-04-27,209,Not Open
T021,08-09,2009-04-27,209,Not Open
T022,08-09,2009-04-27,209,Not Open
T023,08-09,2009-04-27,209,Not Open
T024,08-09,2009-04-27,209,Not Open
T025,08-09,2009-04-27,209,Not Open
T026,08-09,2009-04-27,209,Not Open
T027,08-09,2009-04-27,209,Not Open
T028,08-09,2009-04-27,209,Not Open
T029,08-09,2009-04-27,209,Not Open
T030,08-09,2009-04-27,209,Not Open
T031,08-09,2009-04-27,209,Not Open
T032,08-09,2009-04-27,209,Not Open
T033,08-09,2009-04-27,209,Not Open
T034,08-09,2009-04-27,209,Not Open
T035,08-09,2009-04-27,209,Not Open
T036,08-09,2009-04-27,209,Not Open
T037,08-09,2009-04-27,209,Not Open
T038,08-09,2009-04-27,209,Not Open
T039,08-09,2009-04-27,209,Not Open
T040,08-09,2009-04-27,209,Not Open
T042,08-09,2009-04-27,209,Not Open
T043,08-09,2009-04-27,209,Not Open
T044,08-09,2009-04-27,209,Not Open
T045,08-09,2009-04-27,209,Not Open
T046,08-09,2009-04-27,209,Not Open
T047,08-09,2009-04-27,209,Not Open
T061,08-09,2009-04-27,209,Not Open
T063,08-09,2009-04-27,209,Not Open
T064,08-09,2009-04-27,209,Not Open
T065,08-09,2009-04-27,209,Not Open
T066,08-09,2009-04-27,209,Not Open
T067,08-09,2009-04-27,209,Not Open
T068,08-09,2009-04-27,209,Not Open
T069,08-09,2009-04-27,209,Not Open
T070,08-09,2009-04-27,209,Not Open
T071,08-09,2009-04-27,209,Not Open
T072,08-09,2009-04-27,209,Not Open
T073,08-09,2009-04-27,209,Not Open
T074,08-09,2009-04-27,209,Not Open
T075,08-09,2009-04-27,209,Not Open
T076,08-09,2009-04-27,209,Not Open
T077,08-09,2009-04-27,209,Not Open
T078,08-09,2009-04-27,209,Not Open
T079,08-09,2009-04-27,209,Not Open
T080,08-09,2009-04-27,209,Not Open
T081,08-09,2009-04-27,209,Not Open
T083,08-09,2009-04-27,209,Not Open
T084,08-09,2009-04-27,209,Not Open
T085,08-09,2009-04-27,209,Not Open
T086,08-09,2009-04-27,209,Not Open
T087,08-09,2009-04-27,209,Not Open
T088,08-09,2009-04-27,209,Not Open
T089,08-09,2009-04-27,209,Not Open
T090,08-09,2009-04-27,209,Not Open
T091,08-09,2009-04-27,209,Not Open
T092,08-09,2009-04-27,209,Not Open
T127,08-09,2009-04-27,209,Not Open
T134,08-09,2009-04-27,209,Not Open
T135,08-09,2009-04-27,209,Not Open
T136,08-09,2009-04-27,209,Not Open
T137,08-09,2009-04-27,209,Not Open
T148,08-09,2009-04-27,209,Not Open
T151,08-09,2009-04-27,209,Not Open
T152,08-09,2009-04-27,209,Not Open
T156,08-09,2009-04-27,209,Not Open
T157,08-09,2009-04-27,209,Not Open
T002,08-09,2009-04-28,210,Not Open
T003,08-09,2009-04-28,210,Not Open
T004,08-09,2009-04-28,210,Not Open
T005,08-09,2009-04-28,210,Not Open
T006,08-09,2009-04-28,210,Not Open
T007,08-09,2009-04-28,210,Not Open
T008,08-09,2009-04-28,210,Not Open
T009,08-09,2009-04-28,210,Not Open
T010,08-09,2009-04-28,210,Not Open
T011,08-09,2009-04-28,210,Not Open
T012,08-09,2009-04-28,210,Not Open
T013,08-09,2009-04-28,210,Not Open
T015,08-09,2009-04-28,210,Not Open
T016,08-09,2009-04-28,210,Not Open
T017,08-09,2009-04-28,210,Not Open
T018,08-09,2009-04-28,210,Not Open
T019,08-09,2009-04-28,210,Not Open
T020,08-09,2009-04-28,210,Not Open
T021,08-09,2009-04-28,210,Not Open
T022,08-09,2009-04-28,210,Not Open
T023,08-09,2009-04-28,210,Not Open
T024,08-09,2009-04-28,210,Not Open
T025,08-09,2009-04-28,210,Not Open
T026,08-09,2009-04-28,210,Not Open
T027,08-09,2009-04-28,210,Not Open
T028,08-09,2009-04-28,210,Not Open
T029,08-09,2009-04-28,210,Not Open
T030,08-09,2009-04-28,210,Not Open
T031,08-09,2009-04-28,210,Not Open
T032,08-09,2009-04-28,210,Not Open
T033,08-09,2009-04-28,210,Not Open
T034,08-09,2009-04-28,210,Not Open
T035,08-09,2009-04-28,210,Not Open
T036,08-09,2009-04-28,210,Not Open
T037,08-09,2009-04-28,210,Not Open
T038,08-09,2009-04-28,210,Not Open
T039,08-09,2009-04-28,210,Not Open
T040,08-09,2009-04-28,210,Not Open
T042,08-09,2009-04-28,210,Not Open
T043,08-09,2009-04-28,210,Not Open
T044,08-09,2009-04-28,210,Not Open
T045,08-09,2009-04-28,210,Not Open
T046,08-09,2009-04-28,210,Not Open
T047,08-09,2009-04-28,210,Not Open
T061,08-09,2009-04-28,210,Not Open
T063,08-09,2009-04-28,210,Not Open
T064,08-09,2009-04-28,210,Not Open
T065,08-09,2009-04-28,210,Not Open
T066,08-09,2009-04-28,210,Not Open
T067,08-09,2009-04-28,210,Not Open
T068,08-09,2009-04-28,210,Not Open
T069,08-09,2009-04-28,210,Not Open
T070,08-09,2009-04-28,210,Not Open
T071,08-09,2009-04-28,210,Not Open
T072,08-09,2009-04-28,210,Not Open
T073,08-09,2009-04-28,210,Not Open
T074,08-09,2009-04-28,210,Not Open
T075,08-09,2009-04-28,210,Not Open
T076,08-09,2009-04-28,210,Not Open
T077,08-09,2009-04-28,210,Not Open
T078,08-09,2009-04-28,210,Not Open
T079,08-09,2009-04-28,210,Not Open
T080,08-09,2009-04-28,210,Not Open
T081,08-09,2009-04-28,210,Not Open
T083,08-09,2009-04-28,210,Not Open
T084,08-09,2009-04-28,210,Not Open
T085,08-09,2009-04-28,210,Not Open
T086,08-09,2009-04-28,210,Not Open
T087,08-09,2009-04-28,210,Not Open
T088,08-09,2009-04-28,210,Not Open
T089,08-09,2009-04-28,210,Not Open
T090,08-09,2009-04-28,210,Not Open
T091,08-09,2009-04-28,210,Not Open
T092,08-09,2009-04-28,210,Not Open
T127,08-09,2009-04-28,210,Not Open
T134,08-09,2009-04-28,210,Not Open
T135,08-09,2009-04-28,210,Not Open
T136,08-09,2009-04-28,210,Not Open
T137,08-09,2009-04-28,210,Not Open
T148,08-09,2009-04-28,210,Not Open
T151,08-09,2009-04-28,210,Not Open
T152,08-09,2009-04-28,210,Not Open
T156,08-09,2009-04-28,210,Not Open
T157,08-09,2009-04-28,210,Not Open
T002,08-09,2009-04-29,211,Not Open
T003,08-09,2009-04-29,211,Not Open
T004,08-09,2009-04-29,211,Not Open
T005,08-09,2009-04-29,211,Not Open
T006,08-09,2009-04-29,211,Not Open
T007,08-09,2009-04-29,211,Not Open
T008,08-09,2009-04-29,211,Not Open
T009,08-09,2009-04-29,211,Not Open
T010,08-09,2009-04-29,211,Not Open
T011,08-09,2009-04-29,211,Not Open
T012,08-09,2009-04-29,211,Not Open
T013,08-09,2009-04-29,211,Not Open
T015,08-09,2009-04-29,211,Not Open
T016,08-09,2009-04-29,211,Not Open
T017,08-09,2009-04-29,211,Not Open
T018,08-09,2009-04-29,211,Not Open
T019,08-09,2009-04-29,211,Not Open
T020,08-09,2009-04-29,211,Not Open
T021,08-09,2009-04-29,211,Not Open
T022,08-09,2009-04-29,211,Not Open
T023,08-09,2009-04-29,211,Not Open
T024,08-09,2009-04-29,211,Not Open
T025,08-09,2009-04-29,211,Not Open
T026,08-09,2009-04-29,211,Not Open
T027,08-09,2009-04-29,211,Not Open
T028,08-09,2009-04-29,211,Not Open
T029,08-09,2009-04-29,211,Not Open
T030,08-09,2009-04-29,211,Not Open
T031,08-09,2009-04-29,211,Not Open
T032,08-09,2009-04-29,211,Not Open
T033,08-09,2009-04-29,211,Not Open
T034,08-09,2009-04-29,211,Not Open
T035,08-09,2009-04-29,211,Not Open
T036,08-09,2009-04-29,211,Not Open
T037,08-09,2009-04-29,211,Not Open
T038,08-09,2009-04-29,211,Not Open
T039,08-09,2009-04-29,211,Not Open
T040,08-09,2009-04-29,211,Not Open
T042,08-09,2009-04-29,211,Not Open
T043,08-09,2009-04-29,211,Not Open
T044,08-09,2009-04-29,211,Not Open
T045,08-09,2009-04-29,211,Not Open
T046,08-09,2009-04-29,211,Not Open
T047,08-09,2009-04-29,211,Not Open
T061,08-09,2009-04-29,211,Not Open
T063,08-09,2009-04-29,211,Not Open
T064,08-09,2009-04-29,211,Not Open
T065,08-09,2009-04-29,211,Not Open
T066,08-09,2009-04-29,211,Not Open
T067,08-09,2009-04-29,211,Not Open
T068,08-09,2009-04-29,211,Not Open
T069,08-09,2009-04-29,211,Not Open
T070,08-09,2009-04-29,211,Not Open
T071,08-09,2009-04-29,211,Not Open
T072,08-09,2009-04-29,211,Not Open
T073,08-09,2009-04-29,211,Not Open
T074,08-09,2009-04-29,211,Not Open
T075,08-09,2009-04-29,211,Not Open
T076,08-09,2009-04-29,211,Not Open
T077,08-09,2009-04-29,211,Not Open
T078,08-09,2009-04-29,211,Not Open
T079,08-09,2009-04-29,211,Not Open
T080,08-09,2009-04-29,211,Not Open
T081,08-09,2009-04-29,211,Not Open
T083,08-09,2009-04-29,211,Not Open
T084,08-09,2009-04-29,211,Not Open
T085,08-09,2009-04-29,211,Not Open
T086,08-09,2009-04-29,211,Not Open
T087,08-09,2009-04-29,211,Not Open
T088,08-09,2009-04-29,211,Not Open
T089,08-09,2009-04-29,211,Not Open
T090,08-09,2009-04-29,211,Not Open
T091,08-09,2009-04-29,211,Not Open
T092,08-09,2009-04-29,211,Not Open
T127,08-09,2009-04-29,211,Not Open
T134,08-09,2009-04-29,211,Not Open
T135,08-09,2009-04-29,211,Not Open
T136,08-09,2009-04-29,211,Not Open
T137,08-09,2009-04-29,211,Not Open
T148,08-09,2009-04-29,211,Not Open
T151,08-09,2009-04-29,211,Not Open
T152,08-09,2009-04-29,211,Not Open
T156,08-09,2009-04-29,211,Not Open
T157,08-09,2009-04-29,211,Not Open
T002,08-09,2009-04-30,212,Not Open
T003,08-09,2009-04-30,212,Not Open
T004,08-09,2009-04-30,212,Not Open
T005,08-09,2009-04-30,212,Not Open
T006,08-09,2009-04-30,212,Not Open
T007,08-09,2009-04-30,212,Not Open
T008,08-09,2009-04-30,212,Not Open
T009,08-09,2009-04-30,212,Not Open
T010,08-09,2009-04-30,212,Not Open
T011,08-09,2009-04-30,212,Not Open
T012,08-09,2009-04-30,212,Not Open
T013,08-09,2009-04-30,212,Not Open
T015,08-09,2009-04-30,212,Not Open
T016,08-09,2009-04-30,212,Not Open
T017,08-09,2009-04-30,212,Not Open
T018,08-09,2009-04-30,212,Not Open
T019,08-09,2009-04-30,212,Not Open
T020,08-09,2009-04-30,212,Not Open
T021,08-09,2009-04-30,212,Not Open
T022,08-09,2009-04-30,212,Not Open
T023,08-09,2009-04-30,212,Not Open
T024,08-09,2009-04-30,212,Not Open
T025,08-09,2009-04-30,212,Not Open
T026,08-09,2009-04-30,212,Not Open
T027,08-09,2009-04-30,212,Not Open
T028,08-09,2009-04-30,212,Not Open
T029,08-09,2009-04-30,212,Not Open
T030,08-09,2009-04-30,212,Not Open
T031,08-09,2009-04-30,212,Not Open
T032,08-09,2009-04-30,212,Not Open
T033,08-09,2009-04-30,212,Not Open
T034,08-09,2009-04-30,212,Not Open
T035,08-09,2009-04-30,212,Not Open
T036,08-09,2009-04-30,212,Not Open
T037,08-09,2009-04-30,212,Not Open
T038,08-09,2009-04-30,212,Not Open
T039,08-09,2009-04-30,212,Not Open
T040,08-09,2009-04-30,212,Not Open
T042,08-09,2009-04-30,212,Not Open
T043,08-09,2009-04-30,212,Not Open
T044,08-09,2009-04-30,212,Not Open
T045,08-09,2009-04-30,212,Not Open
T046,08-09,2009-04-30,212,Not Open
T047,08-09,2009-04-30,212,Not Open
T061,08-09,2009-04-30,212,Not Open
T063,08-09,2009-04-30,212,Not Open
T064,08-09,2009-04-30,212,Not Open
T065,08-09,2009-04-30,212,Not Open
T066,08-09,2009-04-30,212,Not Open
T067,08-09,2009-04-30,212,Not Open
T068,08-09,2009-04-30,212,Not Open
T069,08-09,2009-04-30,212,Not Open
T070,08-09,2009-04-30,212,Not Open
T071,08-09,2009-04-30,212,Not Open
T072,08-09,2009-04-30,212,Not Open
T073,08-09,2009-04-30,212,Not Open
T074,08-09,2009-04-30,212,Not Open
T075,08-09,2009-04-30,212,Not Open
T076,08-09,2009-04-30,212,Not Open
T077,08-09,2009-04-30,212,Not Open
T078,08-09,2009-04-30,212,Not Open
T079,08-09,2009-04-30,212,Not Open
T080,08-09,2009-04-30,212,Not Open
T081,08-09,2009-04-30,212,Not Open
T083,08-09,2009-04-30,212,Not Open
T084,08-09,2009-04-30,212,Not Open
T085,08-09,2009-04-30,212,Not Open
T086,08-09,2009-04-30,212,Not Open
T087,08-09,2009-04-30,212,Not Open
T088,08-09,2009-04-30,212,Not Open
T089,08-09,2009-04-30,212,Not Open
T090,08-09,2009-04-30,212,Not Open
T091,08-09,2009-04-30,212,Not Open
T092,08-09,2009-04-30,212,Not Open
T127,08-09,2009-04-30,212,Not Open
T134,08-09,2009-04-30,212,Not Open
T135,08-09,2009-04-30,212,Not Open
T136,08-09,2009-04-30,212,Not Open
T137,08-09,2009-04-30,212,Not Open
T148,08-09,2009-04-30,212,Not Open
T151,08-09,2009-04-30,212,Not Open
T152,08-09,2009-04-30,212,Not Open
T156,08-09,2009-04-30,212,Not Open
T157,08-09,2009-04-30,212,Not Open