trail_id,season,date,season_day,dashboard_status
T001,23-24,10/1/23,1,Not Open
T002,23-24,10/1/23,1,Not Open
T003,23-24,10/1/23,1,Not Open
T004,23-24,10/1/23,1,Not Open
T005,23-24,10/1/23,1,Not Open
T006,23-24,10/1/23,1,Not Open
T007,23-24,10/1/23,1,Not Open
T008,23-24,10/1/23,1,Not Open
T009,23-24,10/1/23,1,Not Open
T010,23-24,10/1/23,1,Not Open
T011,23-24,10/1/23,1,Not Open
T012,23-24,10/1/23,1,Not Open
T013,23-24,10/1/23,1,Not Open
T014,23-24,10/1/23,1,Not Open
T015,23-24,10/1/23,1,Not Open
T016,23-24,10/1/23,1,Not Open
T017,23-24,10/1/23,1,Not Open
T018,23-24,10/1/23,1,Not Open
T019,23-24,10/1/23,1,Not Open
T020,23-24,10/1/23,1,Not Open
T021,23-24,10/1/23,1,Not Open
T022,23-24,10/1/23,1,Not Open
T023,23-24,10/1/23,1,Not Open
T024,23-24,10/1/23,1,Not Open
T025,23-24,10/1/23,1,Not Open
T026,23-24,10/1/23,1,Not Open
T027,23-24,10/1/23,1,Not Open
T028,23-24,10/1/23,1,Not Open
T029,23-24,10/1/23,1,Not Open
T030,23-24,10/1/23,1,Not Open
T031,23-24,10/1/23,1,Not Open
T032,23-24,10/1/23,1,Not Open
T033,23-24,10/1/23,1,Not Open
T034,23-24,10/1/23,1,Not Open
T035,23-24,10/1/23,1,Not Open
T036,23-24,10/1/23,1,Not Open
T037,23-24,10/1/23,1,Not Open
T038,23-24,10/1/23,1,Not Open
T039,23-24,10/1/23,1,Not Open
T040,23-24,10/1/23,1,Not Open
T042,23-24,10/1/23,1,Not Open
T043,23-24,10/1/23,1,Not Open
T044,23-24,10/1/23,1,Not Open
T045,23-24,10/1/23,1,Not Open
T046,23-24,10/1/23,1,Not Open
T047,23-24,10/1/23,1,Not Open
T048,23-24,10/1/23,1,Not Open
T049,23-24,10/1/23,1,Not Open
T050,23-24,10/1/23,1,Not Open
T051,23-24,10/1/23,1,Not Open
T052,23-24,10/1/23,1,Not Open
T053,23-24,10/1/23,1,Not Open
T054,23-24,10/1/23,1,Not Open
T055,23-24,10/1/23,1,Not Open
T056,23-24,10/1/23,1,Not Open
T057,23-24,10/1/23,1,Not Open
T058,23-24,10/1/23,1,Not Open
T061,23-24,10/1/23,1,Not Open
T062,23-24,10/1/23,1,Not Open
T063,23-24,10/1/23,1,Not Open
T064,23-24,10/1/23,1,Not Open
T065,23-24,10/1/23,1,Not Open
T066,23-24,10/1/23,1,Not Open
T067,23-24,10/1/23,1,Not Open
T068,23-24,10/1/23,1,Not Open
T069,23-24,10/1/23,1,Not Open
T070,23-24,10/1/23,1,Not Open
T071,23-24,10/1/23,1,Not Open
T072,23-24,10/1/23,1,Not Open
T073,23-24,10/1/23,1,Not Open
T074,23-24,10/1/23,1,Not Open
T075,23-24,10/1/23,1,Not Open
T076,23-24,10/1/23,1,Not Open
T077,23-24,10/1/23,1,Not Open
T078,23-24,10/1/23,1,Not Open
T079,23-24,10/1/23,1,Not Open
T080,23-24,10/1/23,1,Not Open
T081,23-24,10/1/23,1,Not Open
T082,23-24,10/1/23,1,Not Open
T083,23-24,10/1/23,1,Not Open
T084,23-24,10/1/23,1,Not Open
T085,23-24,10/1/23,1,Not Open
T086,23-24,10/1/23,1,Not Open
T087,23-24,10/1/23,1,Not Open
T088,23-24,10/1/23,1,Not Open
T089,23-24,10/1/23,1,Not Open
T090,23-24,10/1/23,1,Not Open
T091,23-24,10/1/23,1,Not Open
T092,23-24,10/1/23,1,Not Open
T107,23-24,10/1/23,1,Not Open
T108,23-24,10/1/23,1,Not Open
T109,23-24,10/1/23,1,Not Open
T110,23-24,10/1/23,1,Not Open
T111,23-24,10/1/23,1,Not Open
T112,23-24,10/1/23,1,Not Open
T113,23-24,10/1/23,1,Not Open
T114,23-24,10/1/23,1,Not Open
T115,23-24,10/1/23,1,Not Open
T116,23-24,10/1/23,1,Not Open
T117,23-24,10/1/23,1,Not Open
T118,23-24,10/1/23,1,Not Open
T119,23-24,10/1/23,1,Not Open
T127,23-24,10/1/23,1,Not Open
T128,23-24,10/1/23,1,Not Open
T129,23-24,10/1/23,1,Not Open
T130,23-24,10/1/23,1,Not Open
T131,23-24,10/1/23,1,Not Open
T132,23-24,10/1/23,1,Not Open
T133,23-24,10/1/23,1,Not Open
T136,23-24,10/1/23,1,Not Open
T137,23-24,10/1/23,1,Not Open
T148,23-24,10/1/23,1,Not Open
T001,23-24,10/2/23,2,Not Open
T002,23-24,10/2/23,2,Not Open
T003,23-24,10/2/23,2,Not Open
T004,23-24,10/2/23,2,Not Open
T005,23-24,10/2/23,2,Not Open
T006,23-24,10/2/23,2,Not Open
T007,23-24,10/2/23,2,Not Open
T008,23-24,10/2/23,2,Not Open
T009,23-24,10/2/23,2,Not Open
T010,23-24,10/2/23,2,Not Open
T011,23-24,10/2/23,2,Not Open
T012,23-24,10/2/23,2,Not Open
T013,23-24,10/2/23,2,Not Open
T014,23-24,10/2/23,2,Not Open
T015,23-24,10/2/23,2,Not Open
T016,23-24,10/2/23,2,Not Open
T017,23-24,10/2/23,2,Not Open
T018,23-24,10/2/23,2,Not Open
T019,23-24,10/2/23,2,Not Open
T020,23-24,10/2/23,2,Not Open
T021,23-24,10/2/23,2,Not Open
T022,23-24,10/2/23,2,Not Open
T023,23-24,10/2/23,2,Not Open
T024,23-24,10/2/23,2,Not Open
T025,23-24,10/2/23,2,Not Open
T026,23-24,10/2/23,2,Not Open
T027,23-24,10/2/23,2,Not Open
T028,23-24,10/2/23,2,Not Open
T029,23-24,10/2/23,2,Not Open
T030,23-24,10/2/23,2,Not Open
T031,23-24,10/2/23,2,Not Open
T032,23-24,10/2/23,2,Not Open
T033,23-24,10/2/23,2,Not Open
T034,23-24,10/2/23,2,Not Open
T035,23-24,10/2/23,2,Not Open
T036,23-24,10/2/23,2,Not Open
T037,23-24,10/2/23,2,Not Open
T038,23-24,10/2/23,2,Not Open
T039,23-24,10/2/23,2,Not Open
T040,23-24,10/2/23,2,Not Open
T042,23-24,10/2/23,2,Not Open
T043,23-24,10/2/23,2,Not Open
T044,23-24,10/2/23,2,Not Open
T045,23-24,10/2/23,2,Not Open
T046,23-24,10/2/23,2,Not Open
T047,23-24,10/2/23,2,Not Open
T048,23-24,10/2/23,2,Not Open
T049,23-24,10/2/23,2,Not Open
T050,23-24,10/2/23,2,Not Open
T051,23-24,10/2/23,2,Not Open
T052,23-24,10/2/23,2,Not Open
T053,23-24,10/2/23,2,Not Open
T054,23-24,10/2/23,2,Not Open
T055,23-24,10/2/23,2,Not Open
T056,23-24,10/2/23,2,Not Open
T057,23-24,10/2/23,2,Not Open
T058,23-24,10/2/23,2,Not Open
T061,23-24,10/2/23,2,Not Open
T062,23-24,10/2/23,2,Not Open
T063,23-24,10/2/23,2,Not Open
T064,23-24,10/2/23,2,Not Open
T065,23-24,10/2/23,2,Not Open
T066,23-24,10/2/23,2,Not Open
T067,23-24,10/2/23,2,Not Open
T068,23-24,10/2/23,2,Not Open
T069,23-24,10/2/23,2,Not Open
T070,23-24,10/2/23,2,Not Open
T071,23-24,10/2/23,2,Not Open
T072,23-24,10/2/23,2,Not Open
T073,23-24,10/2/23,2,Not Open
T074,23-24,10/2/23,2,Not Open
T075,23-24,10/2/23,2,Not Open
T076,23-24,10/2/23,2,Not Open
T077,23-24,10/2/23,2,Not Open
T078,23-24,10/2/23,2,Not Open
T079,23-24,10/2/23,2,Not Open
T080,23-24,10/2/23,2,Not Open
T081,23-24,10/2/23,2,Not Open
T082,23-24,10/2/23,2,Not Open
T083,23-24,10/2/23,2,Not Open
T084,23-24,10/2/23,2,Not Open
T085,23-24,10/2/23,2,Not Open
T086,23-24,10/2/23,2,Not Open
T087,23-24,10/2/23,2,Not Open
T088,23-24,10/2/23,2,Not Open
T089,23-24,10/2/23,2,Not Open
T090,23-24,10/2/23,2,Not Open
T091,23-24,10/2/23,2,Not Open
T092,23-24,10/2/23,2,Not Open
T107,23-24,10/2/23,2,Not Open
T108,23-24,10/2/23,2,Not Open
T109,23-24,10/2/23,2,Not Open
T110,23-24,10/2/23,2,Not Open
T111,23-24,10/2/23,2,Not Open
T112,23-24,10/2/23,2,Not Open
T113,23-24,10/2/23,2,Not Open
T114,23-24,10/2/23,2,Not Open
T115,23-24,10/2/23,2,Not Open
T116,23-24,10/2/23,2,Not Open
T117,23-24,10/2/23,2,Not Open
T118,23-24,10/2/23,2,Not Open
T119,23-24,10/2/23,2,Not Open
T127,23-24,10/2/23,2,Not Open
T128,23-24,10/2/23,2,Not Open
T129,23-24,10/2/23,2,Not Open
T130,23-24,10/2/23,2,Not Open
T131,23-24,10/2/23,2,Not Open
T132,23-24,10/2/23,2,Not Open
T133,23-24,10/2/23,2,Not Open
T136,23-24,10/2/23,2,Not Open
T137,23-24,10/2/23,2,Not Open
T148,23-24,10/2/23,2,Not Open
T001,23-24,10/3/23,3,Not Open
T002,23-24,10/3/23,3,Not Open
T003,23-24,10/3/23,3,Not Open
T004,23-24,10/3/23,3,Not Open
T005,23-24,10/3/23,3,Not Open
T006,23-24,10/3/23,3,Not Open
T007,23-24,10/3/23,3,Not Open
T008,23-24,10/3/23,3,Not Open
T009,23-24,10/3/23,3,Not Open
T010,23-24,10/3/23,3,Not Open
T011,23-24,10/3/23,3,Not Open
T012,23-24,10/3/23,3,Not Open
T013,23-24,10/3/23,3,Not Open
T014,23-24,10/3/23,3,Not Open
T015,23-24,10/3/23,3,Not Open
T016,23-24,10/3/23,3,Not Open
T017,23-24,10/3/23,3,Not Open
T018,23-24,10/3/23,3,Not Open
T019,23-24,10/3/23,3,Not Open
T020,23-24,10/3/23,3,Not Open
T021,23-24,10/3/23,3,Not Open
T022,23-24,10/3/23,3,Not Open
T023,23-24,10/3/23,3,Not Open
T024,23-24,10/3/23,3,Not Open
T025,23-24,10/3/23,3,Not Open
T026,23-24,10/3/23,3,Not Open
T027,23-24,10/3/23,3,Not Open
T028,23-24,10/3/23,3,Not Open
T029,23-24,10/3/23,3,Not Open
T030,23-24,10/3/23,3,Not Open
T031,23-24,10/3/23,3,Not Open
T032,23-24,10/3/23,3,Not Open
T033,23-24,10/3/23,3,Not Open
T034,23-24,10/3/23,3,Not Open
T035,23-24,10/3/23,3,Not Open
T036,23-24,10/3/23,3,Not Open
T037,23-24,10/3/23,3,Not Open
T038,23-24,10/3/23,3,Not Open
T039,23-24,10/3/23,3,Not Open
T040,23-24,10/3/23,3,Not Open
T042,23-24,10/3/23,3,Not Open
T043,23-24,10/3/23,3,Not Open
T044,23-24,10/3/23,3,Not Open
T045,23-24,10/3/23,3,Not Open
T046,23-24,10/3/23,3,Not Open
T047,23-24,10/3/23,3,Not Open
T048,23-24,10/3/23,3,Not Open
T049,23-24,10/3/23,3,Not Open
T050,23-24,10/3/23,3,Not Open
T051,23-24,10/3/23,3,Not Open
T052,23-24,10/3/23,3,Not Open
T053,23-24,10/3/23,3,Not Open
T054,23-24,10/3/23,3,Not Open
T055,23-24,10/3/23,3,Not Open
T056,23-24,10/3/23,3,Not Open
T057,23-24,10/3/23,3,Not Open
T058,23-24,10/3/23,3,Not Open
T061,23-24,10/3/23,3,Not Open
T062,23-24,10/3/23,3,Not Open
T063,23-24,10/3/23,3,Not Open
T064,23-24,10/3/23,3,Not Open
T065,23-24,10/3/23,3,Not Open
T066,23-24,10/3/23,3,Not Open
T067,23-24,10/3/23,3,Not Open
T068,23-24,10/3/23,3,Not Open
T069,23-24,10/3/23,3,Not Open
T070,23-24,10/3/23,3,Not Open
T071,23-24,10/3/23,3,Not Open
T072,23-24,10/3/23,3,Not Open
T073,23-24,10/3/23,3,Not Open
T074,23-24,10/3/23,3,Not Open
T075,23-24,10/3/23,3,Not Open
T076,23-24,10/3/23,3,Not Open
T077,23-24,10/3/23,3,Not Open
T078,23-24,10/3/23,3,Not Open
T079,23-24,10/3/23,3,Not Open
T080,23-24,10/3/23,3,Not Open
T081,23-24,10/3/23,3,Not Open
T082,23-24,10/3/23,3,Not Open
T083,23-24,10/3/23,3,Not Open
T084,23-24,10/3/23,3,Not Open
T085,23-24,10/3/23,3,Not Open
T086,23-24,10/3/23,3,Not Open
T087,23-24,10/3/23,3,Not Open
T088,23-24,10/3/23,3,Not Open
T089,23-24,10/3/23,3,Not Open
T090,23-24,10/3/23,3,Not Open
T091,23-24,10/3/23,3,Not Open
T092,23-24,10/3/23,3,Not Open
T107,23-24,10/3/23,3,Not Open
T108,23-24,10/3/23,3,Not Open
T109,23-24,10/3/23,3,Not Open
T110,23-24,10/3/23,3,Not Open
T111,23-24,10/3/23,3,Not Open
T112,23-24,10/3/23,3,Not Open
T113,23-24,10/3/23,3,Not Open
T114,23-24,10/3/23,3,Not Open
T115,23-24,10/3/23,3,Not Open
T116,23-24,10/3/23,3,Not Open
T117,23-24,10/3/23,3,Not Open
T118,23-24,10/3/23,3,Not Open
T119,23-24,10/3/23,3,Not Open
T127,23-24,10/3/23,3,Not Open
T128,23-24,10/3/23,3,Not Open
T129,23-24,10/3/23,3,Not Open
T130,23-24,10/3/23,3,Not Open
T131,23-24,10/3/23,3,Not Open
T132,23-24,10/3/23,3,Not Open
T133,23-24,10/3/23,3,Not Open
T136,23-24,10/3/23,3,Not Open
T137,23-24,10/3/23,3,Not Open
T148,23-24,10/3/23,3,Not Open
T001,23-24,10/4/23,4,Not Open
T002,23-24,10/4/23,4,Not Open
T003,23-24,10/4/23,4,Not Open
T004,23-24,10/4/23,4,Not Open
T005,23-24,10/4/23,4,Not Open
T006,23-24,10/4/23,4,Not Open
T007,23-24,10/4/23,4,Not Open
T008,23-24,10/4/23,4,Not Open
T009,23-24,10/4/23,4,Not Open
T010,23-24,10/4/23,4,Not Open
T011,23-24,10/4/23,4,Not Open
T012,23-24,10/4/23,4,Not Open
T013,23-24,10/4/23,4,Not Open
T014,23-24,10/4/23,4,Not Open
T015,23-24,10/4/23,4,Not Open
T016,23-24,10/4/23,4,Not Open
T017,23-24,10/4/23,4,Not Open
T018,23-24,10/4/23,4,Not Open
T019,23-24,10/4/23,4,Not Open
T020,23-24,10/4/23,4,Not Open
T021,23-24,10/4/23,4,Not Open
T022,23-24,10/4/23,4,Not Open
T023,23-24,10/4/23,4,Not Open
T024,23-24,10/4/23,4,Not Open
T025,23-24,10/4/23,4,Not Open
T026,23-24,10/4/23,4,Not Open
T027,23-24,10/4/23,4,Not Open
T028,23-24,10/4/23,4,Not Open
T029,23-24,10/4/23,4,Not Open
T030,23-24,10/4/23,4,Not Open
T031,23-24,10/4/23,4,Not Open
T032,23-24,10/4/23,4,Not Open
T033,23-24,10/4/23,4,Not Open
T034,23-24,10/4/23,4,Not Open
T035,23-24,10/4/23,4,Not Open
T036,23-24,10/4/23,4,Not Open
T037,23-24,10/4/23,4,Not Open
T038,23-24,10/4/23,4,Not Open
T039,23-24,10/4/23,4,Not Open
T040,23-24,10/4/23,4,Not Open
T042,23-24,10/4/23,4,Not Open
T043,23-24,10/4/23,4,Not Open
T044,23-24,10/4/23,4,Not Open
T045,23-24,10/4/23,4,Not Open
T046,23-24,10/4/23,4,Not Open
T047,23-24,10/4/23,4,Not Open
T048,23-24,10/4/23,4,Not Open
T049,23-24,10/4/23,4,Not Open
T050,23-24,10/4/23,4,Not Open
T051,23-24,10/4/23,4,Not Open
T052,23-24,10/4/23,4,Not Open
T053,23-24,10/4/23,4,Not Open
T054,23-24,10/4/23,4,Not Open
T055,23-24,10/4/23,4,Not Open
T056,23-24,10/4/23,4,Not Open
T057,23-24,10/4/23,4,Not Open
T058,23-24,10/4/23,4,Not Open
T061,23-24,10/4/23,4,Not Open
T062,23-24,10/4/23,4,Not Open
T063,23-24,10/4/23,4,Not Open
T064,23-24,10/4/23,4,Not Open
T065,23-24,10/4/23,4,Not Open
T066,23-24,10/4/23,4,Not Open
T067,23-24,10/4/23,4,Not Open
T068,23-24,10/4/23,4,Not Open
T069,23-24,10/4/23,4,Not Open
T070,23-24,10/4/23,4,Not Open
T071,23-24,10/4/23,4,Not Open
T072,23-24,10/4/23,4,Not Open
T073,23-24,10/4/23,4,Not Open
T074,23-24,10/4/23,4,Not Open
T075,23-24,10/4/23,4,Not Open
T076,23-24,10/4/23,4,Not Open
T077,23-24,10/4/23,4,Not Open
T078,23-24,10/4/23,4,Not Open
T079,23-24,10/4/23,4,Not Open
T080,23-24,10/4/23,4,Not Open
T081,23-24,10/4/23,4,Not Open
T082,23-24,10/4/23,4,Not Open
T083,23-24,10/4/23,4,Not Open
T084,23-24,10/4/23,4,Not Open
T085,23-24,10/4/23,4,Not Open
T086,23-24,10/4/23,4,Not Open
T087,23-24,10/4/23,4,Not Open
T088,23-24,10/4/23,4,Not Open
T089,23-24,10/4/23,4,Not Open
T090,23-24,10/4/23,4,Not Open
T091,23-24,10/4/23,4,Not Open
T092,23-24,10/4/23,4,Not Open
T107,23-24,10/4/23,4,Not Open
T108,23-24,10/4/23,4,Not Open
T109,23-24,10/4/23,4,Not Open
T110,23-24,10/4/23,4,Not Open
T111,23-24,10/4/23,4,Not Open
T112,23-24,10/4/23,4,Not Open
T113,23-24,10/4/23,4,Not Open
T114,23-24,10/4/23,4,Not Open
T115,23-24,10/4/23,4,Not Open
T116,23-24,10/4/23,4,Not Open
T117,23-24,10/4/23,4,Not Open
T118,23-24,10/4/23,4,Not Open
T119,23-24,10/4/23,4,Not Open
T127,23-24,10/4/23,4,Not Open
T128,23-24,10/4/23,4,Not Open
T129,23-24,10/4/23,4,Not Open
T130,23-24,10/4/23,4,Not Open
T131,23-24,10/4/23,4,Not Open
T132,23-24,10/4/23,4,Not Open
T133,23-24,10/4/23,4,Not Open
T136,23-24,10/4/23,4,Not Open
T137,23-24,10/4/23,4,Not Open
T148,23-24,10/4/23,4,Not Open
T001,23-24,10/5/23,5,Not Open
T002,23-24,10/5/23,5,Not Open
T003,23-24,10/5/23,5,Not Open
T004,23-24,10/5/23,5,Not Open
T005,23-24,10/5/23,5,Not Open
T006,23-24,10/5/23,5,Not Open
T007,23-24,10/5/23,5,Not Open
T008,23-24,10/5/23,5,Not Open
T009,23-24,10/5/23,5,Not Open
T010,23-24,10/5/23,5,Not Open
T011,23-24,10/5/23,5,Not Open
T012,23-24,10/5/23,5,Not Open
T013,23-24,10/5/23,5,Not Open
T014,23-24,10/5/23,5,Not Open
T015,23-24,10/5/23,5,Not Open
T016,23-24,10/5/23,5,Not Open
T017,23-24,10/5/23,5,Not Open
T018,23-24,10/5/23,5,Not Open
T019,23-24,10/5/23,5,Not Open
T020,23-24,10/5/23,5,Not Open
T021,23-24,10/5/23,5,Not Open
T022,23-24,10/5/23,5,Not Open
T023,23-24,10/5/23,5,Not Open
T024,23-24,10/5/23,5,Not Open
T025,23-24,10/5/23,5,Not Open
T026,23-24,10/5/23,5,Not Open
T027,23-24,10/5/23,5,Not Open
T028,23-24,10/5/23,5,Not Open
T029,23-24,10/5/23,5,Not Open
T030,23-24,10/5/23,5,Not Open
T031,23-24,10/5/23,5,Not Open
T032,23-24,10/5/23,5,Not Open
T033,23-24,10/5/23,5,Not Open
T034,23-24,10/5/23,5,Not Open
T035,23-24,10/5/23,5,Not Open
T036,23-24,10/5/23,5,Not Open
T037,23-24,10/5/23,5,Not Open
T038,23-24,10/5/23,5,Not Open
T039,23-24,10/5/23,5,Not Open
T040,23-24,10/5/23,5,Not Open
T042,23-24,10/5/23,5,Not Open
T043,23-24,10/5/23,5,Not Open
T044,23-24,10/5/23,5,Not Open
T045,23-24,10/5/23,5,Not Open
T046,23-24,10/5/23,5,Not Open
T047,23-24,10/5/23,5,Not Open
T048,23-24,10/5/23,5,Not Open
T049,23-24,10/5/23,5,Not Open
T050,23-24,10/5/23,5,Not Open
T051,23-24,10/5/23,5,Not Open
T052,23-24,10/5/23,5,Not Open
T053,23-24,10/5/23,5,Not Open
T054,23-24,10/5/23,5,Not Open
T055,23-24,10/5/23,5,Not Open
T056,23-24,10/5/23,5,Not Open
T057,23-24,10/5/23,5,Not Open
T058,23-24,10/5/23,5,Not Open
T061,23-24,10/5/23,5,Not Open
T062,23-24,10/5/23,5,Not Open
T063,23-24,10/5/23,5,Not Open
T064,23-24,10/5/23,5,Not Open
T065,23-24,10/5/23,5,Not Open
T066,23-24,10/5/23,5,Not Open
T067,23-24,10/5/23,5,Not Open
T068,23-24,10/5/23,5,Not Open
T069,23-24,10/5/23,5,Not Open
T070,23-24,10/5/23,5,Not Open
T071,23-24,10/5/23,5,Not Open
T072,23-24,10/5/23,5,Not Open
T073,23-24,10/5/23,5,Not Open
T074,23-24,10/5/23,5,Not Open
T075,23-24,10/5/23,5,Not Open
T076,23-24,10/5/23,5,Not Open
T077,23-24,10/5/23,5,Not Open
T078,23-24,10/5/23,5,Not Open
T079,23-24,10/5/23,5,Not Open
T080,23-24,10/5/23,5,Not Open
T081,23-24,10/5/23,5,Not Open
T082,23-24,10/5/23,5,Not Open
T083,23-24,10/5/23,5,Not Open
T084,23-24,10/5/23,5,Not Open
T085,23-24,10/5/23,5,Not Open
T086,23-24,10/5/23,5,Not Open
T087,23-24,10/5/23,5,Not Open
T088,23-24,10/5/23,5,Not Open
T089,23-24,10/5/23,5,Not Open
T090,23-24,10/5/23,5,Not Open
T091,23-24,10/5/23,5,Not Open
T092,23-24,10/5/23,5,Not Open
T107,23-24,10/5/23,5,Not Open
T108,23-24,10/5/23,5,Not Open
T109,23-24,10/5/23,5,Not Open
T110,23-24,10/5/23,5,Not Open
T111,23-24,10/5/23,5,Not Open
T112,23-24,10/5/23,5,Not Open
T113,23-24,10/5/23,5,Not Open
T114,23-24,10/5/23,5,Not Open
T115,23-24,10/5/23,5,Not Open
T116,23-24,10/5/23,5,Not Open
T117,23-24,10/5/23,5,Not Open
T118,23-24,10/5/23,5,Not Open
T119,23-24,10/5/23,5,Not Open
T127,23-24,10/5/23,5,Not Open
T128,23-24,10/5/23,5,Not Open
T129,23-24,10/5/23,5,Not Open
T130,23-24,10/5/23,5,Not Open
T131,23-24,10/5/23,5,Not Open
T132,23-24,10/5/23,5,Not Open
T133,23-24,10/5/23,5,Not Open
T136,23-24,10/5/23,5,Not Open
T137,23-24,10/5/23,5,Not Open
T148,23-24,10/5/23,5,Not Open
T001,23-24,10/6/23,6,Not Open
T002,23-24,10/6/23,6,Not Open
T003,23-24,10/6/23,6,Not Open
T004,23-24,10/6/23,6,Not Open
T005,23-24,10/6/23,6,Not Open
T006,23-24,10/6/23,6,Not Open
T007,23-24,10/6/23,6,Not Open
T008,23-24,10/6/23,6,Not Open
T009,23-24,10/6/23,6,Not Open
T010,23-24,10/6/23,6,Not Open
T011,23-24,10/6/23,6,Not Open
T012,23-24,10/6/23,6,Not Open
T013,23-24,10/6/23,6,Not Open
T014,23-24,10/6/23,6,Not Open
T015,23-24,10/6/23,6,Not Open
T016,23-24,10/6/23,6,Not Open
T017,23-24,10/6/23,6,Not Open
T018,23-24,10/6/23,6,Not Open
T019,23-24,10/6/23,6,Not Open
T020,23-24,10/6/23,6,Not Open
T021,23-24,10/6/23,6,Not Open
T022,23-24,10/6/23,6,Not Open
T023,23-24,10/6/23,6,Not Open
T024,23-24,10/6/23,6,Not Open
T025,23-24,10/6/23,6,Not Open
T026,23-24,10/6/23,6,Not Open
T027,23-24,10/6/23,6,Not Open
T028,23-24,10/6/23,6,Not Open
T029,23-24,10/6/23,6,Not Open
T030,23-24,10/6/23,6,Not Open
T031,23-24,10/6/23,6,Not Open
T032,23-24,10/6/23,6,Not Open
T033,23-24,10/6/23,6,Not Open
T034,23-24,10/6/23,6,Not Open
T035,23-24,10/6/23,6,Not Open
T036,23-24,10/6/23,6,Not Open
T037,23-24,10/6/23,6,Not Open
T038,23-24,10/6/23,6,Not Open
T039,23-24,10/6/23,6,Not Open
T040,23-24,10/6/23,6,Not Open
T042,23-24,10/6/23,6,Not Open
T043,23-24,10/6/23,6,Not Open
T044,23-24,10/6/23,6,Not Open
T045,23-24,10/6/23,6,Not Open
T046,23-24,10/6/23,6,Not Open
T047,23-24,10/6/23,6,Not Open
T048,23-24,10/6/23,6,Not Open
T049,23-24,10/6/23,6,Not Open
T050,23-24,10/6/23,6,Not Open
T051,23-24,10/6/23,6,Not Open
T052,23-24,10/6/23,6,Not Open
T053,23-24,10/6/23,6,Not Open
T054,23-24,10/6/23,6,Not Open
T055,23-24,10/6/23,6,Not Open
T056,23-24,10/6/23,6,Not Open
T057,23-24,10/6/23,6,Not Open
T058,23-24,10/6/23,6,Not Open
T061,23-24,10/6/23,6,Not Open
T062,23-24,10/6/23,6,Not Open
T063,23-24,10/6/23,6,Not Open
T064,23-24,10/6/23,6,Not Open
T065,23-24,10/6/23,6,Not Open
T066,23-24,10/6/23,6,Not Open
T067,23-24,10/6/23,6,Not Open
T068,23-24,10/6/23,6,Not Open
T069,23-24,10/6/23,6,Not Open
T070,23-24,10/6/23,6,Not Open
T071,23-24,10/6/23,6,Not Open
T072,23-24,10/6/23,6,Not Open
T073,23-24,10/6/23,6,Not Open
T074,23-24,10/6/23,6,Not Open
T075,23-24,10/6/23,6,Not Open
T076,23-24,10/6/23,6,Not Open
T077,23-24,10/6/23,6,Not Open
T078,23-24,10/6/23,6,Not Open
T079,23-24,10/6/23,6,Not Open
T080,23-24,10/6/23,6,Not Open
T081,23-24,10/6/23,6,Not Open
T082,23-24,10/6/23,6,Not Open
T083,23-24,10/6/23,6,Not Open
T084,23-24,10/6/23,6,Not Open
T085,23-24,10/6/23,6,Not Open
T086,23-24,10/6/23,6,Not Open
T087,23-24,10/6/23,6,Not Open
T088,23-24,10/6/23,6,Not Open
T089,23-24,10/6/23,6,Not Open
T090,23-24,10/6/23,6,Not Open
T091,23-24,10/6/23,6,Not Open
T092,23-24,10/6/23,6,Not Open
T107,23-24,10/6/23,6,Not Open
T108,23-24,10/6/23,6,Not Open
T109,23-24,10/6/23,6,Not Open
T110,23-24,10/6/23,6,Not Open
T111,23-24,10/6/23,6,Not Open
T112,23-24,10/6/23,6,Not Open
T113,23-24,10/6/23,6,Not Open
T114,23-24,10/6/23,6,Not Open
T115,23-24,10/6/23,6,Not Open
T116,23-24,10/6/23,6,Not Open
T117,23-24,10/6/23,6,Not Open
T118,23-24,10/6/23,6,Not Open
T119,23-24,10/6/23,6,Not Open
T127,23-24,10/6/23,6,Not Open
T128,23-24,10/6/23,6,Not Open
T129,23-24,10/6/23,6,Not Open
T130,23-24,10/6/23,6,Not Open
T131,23-24,10/6/23,6,Not Open
T132,23-24,10/6/23,6,Not Open
T133,23-24,10/6/23,6,Not Open
T136,23-24,10/6/23,6,Not Open
T137,23-24,10/6/23,6,Not Open
T148,23-24,10/6/23,6,Not Open
T001,23-24,10/7/23,7,Not Open
T002,23-24,10/7/23,7,Not Open
T003,23-24,10/7/23,7,Not Open
T004,23-24,10/7/23,7,Not Open
T005,23-24,10/7/23,7,Not Open
T006,23-24,10/7/23,7,Not Open
T007,23-24,10/7/23,7,Not Open
T008,23-24,10/7/23,7,Not Open
T009,23-24,10/7/23,7,Not Open
T010,23-24,10/7/23,7,Not Open
T011,23-24,10/7/23,7,Not Open
T012,23-24,10/7/23,7,Not Open
T013,23-24,10/7/23,7,Not Open
T014,23-24,10/7/23,7,Not Open
T015,23-24,10/7/23,7,Not Open
T016,23-24,10/7/23,7,Not Open
T017,23-24,10/7/23,7,Not Open
T018,23-24,10/7/23,7,Not Open
T019,23-24,10/7/23,7,Not Open
T020,23-24,10/7/23,7,Not Open
T021,23-24,10/7/23,7,Not Open
T022,23-24,10/7/23,7,Not Open
T023,23-24,10/7/23,7,Not Open
T024,23-24,10/7/23,7,Not Open
T025,23-24,10/7/23,7,Not Open
T026,23-24,10/7/23,7,Not Open
T027,23-24,10/7/23,7,Not Open
T028,23-24,10/7/23,7,Not Open
T029,23-24,10/7/23,7,Not Open
T030,23-24,10/7/23,7,Not Open
T031,23-24,10/7/23,7,Not Open
T032,23-24,10/7/23,7,Not Open
T033,23-24,10/7/23,7,Not Open
T034,23-24,10/7/23,7,Not Open
T035,23-24,10/7/23,7,Not Open
T036,23-24,10/7/23,7,Not Open
T037,23-24,10/7/23,7,Not Open
T038,23-24,10/7/23,7,Not Open
T039,23-24,10/7/23,7,Not Open
T040,23-24,10/7/23,7,Not Open
T042,23-24,10/7/23,7,Not Open
T043,23-24,10/7/23,7,Not Open
T044,23-24,10/7/23,7,Not Open
T045,23-24,10/7/23,7,Not Open
T046,23-24,10/7/23,7,Not Open
T047,23-24,10/7/23,7,Not Open
T048,23-24,10/7/23,7,Not Open
T049,23-24,10/7/23,7,Not Open
T050,23-24,10/7/23,7,Not Open
T051,23-24,10/7/23,7,Not Open
T052,23-24,10/7/23,7,Not Open
T053,23-24,10/7/23,7,Not Open
T054,23-24,10/7/23,7,Not Open
T055,23-24,10/7/23,7,Not Open
T056,23-24,10/7/23,7,Not Open
T057,23-24,10/7/23,7,Not Open
T058,23-24,10/7/23,7,Not Open
T061,23-24,10/7/23,7,Not Open
T062,23-24,10/7/23,7,Not Open
T063,23-24,10/7/23,7,Not Open
T064,23-24,10/7/23,7,Not Open
T065,23-24,10/7/23,7,Not Open
T066,23-24,10/7/23,7,Not Open
T067,23-24,10/7/23,7,Not Open
T068,23-24,10/7/23,7,Not Open
T069,23-24,10/7/23,7,Not Open
T070,23-24,10/7/23,7,Not Open
T071,23-24,10/7/23,7,Not Open
T072,23-24,10/7/23,7,Not Open
T073,23-24,10/7/23,7,Not Open
T074,23-24,10/7/23,7,Not Open
T075,23-24,10/7/23,7,Not Open
T076,23-24,10/7/23,7,Not Open
T077,23-24,10/7/23,7,Not Open
T078,23-24,10/7/23,7,Not Open
T079,23-24,10/7/23,7,Not Open
T080,23-24,10/7/23,7,Not Open
T081,23-24,10/7/23,7,Not Open
T082,23-24,10/7/23,7,Not Open
T083,23-24,10/7/23,7,Not Open
T084,23-24,10/7/23,7,Not Open
T085,23-24,10/7/23,7,Not Open
T086,23-24,10/7/23,7,Not Open
T087,23-24,10/7/23,7,Not Open
T088,23-24,10/7/23,7,Not Open
T089,23-24,10/7/23,7,Not Open
T090,23-24,10/7/23,7,Not Open
T091,23-24,10/7/23,7,Not Open
T092,23-24,10/7/23,7,Not Open
T107,23-24,10/7/23,7,Not Open
T108,23-24,10/7/23,7,Not Open
T109,23-24,10/7/23,7,Not Open
T110,23-24,10/7/23,7,Not Open
T111,23-24,10/7/23,7,Not Open
T112,23-24,10/7/23,7,Not Open
T113,23-24,10/7/23,7,Not Open
T114,23-24,10/7/23,7,Not Open
T115,23-24,10/7/23,7,Not Open
T116,23-24,10/7/23,7,Not Open
T117,23-24,10/7/23,7,Not Open
T118,23-24,10/7/23,7,Not Open
T119,23-24,10/7/23,7,Not Open
T127,23-24,10/7/23,7,Not Open
T128,23-24,10/7/23,7,Not Open
T129,23-24,10/7/23,7,Not Open
T130,23-24,10/7/23,7,Not Open
T131,23-24,10/7/23,7,Not Open
T132,23-24,10/7/23,7,Not Open
T133,23-24,10/7/23,7,Not Open
T136,23-24,10/7/23,7,Not Open
T137,23-24,10/7/23,7,Not Open
T148,23-24,10/7/23,7,Not Open
T001,23-24,10/8/23,8,Not Open
T002,23-24,10/8/23,8,Not Open
T003,23-24,10/8/23,8,Not Open
T004,23-24,10/8/23,8,Not Open
T005,23-24,10/8/23,8,Not Open
T006,23-24,10/8/23,8,Not Open
T007,23-24,10/8/23,8,Not Open
T008,23-24,10/8/23,8,Not Open
T009,23-24,10/8/23,8,Not Open
T010,23-24,10/8/23,8,Not Open
T011,23-24,10/8/23,8,Not Open
T012,23-24,10/8/23,8,Not Open
T013,23-24,10/8/23,8,Not Open
T014,23-24,10/8/23,8,Not Open
T015,23-24,10/8/23,8,Not Open
T016,23-24,10/8/23,8,Not Open
T017,23-24,10/8/23,8,Not Open
T018,23-24,10/8/23,8,Not Open
T019,23-24,10/8/23,8,Not Open
T020,23-24,10/8/23,8,Not Open
T021,23-24,10/8/23,8,Not Open
T022,23-24,10/8/23,8,Not Open
T023,23-24,10/8/23,8,Not Open
T024,23-24,10/8/23,8,Not Open
T025,23-24,10/8/23,8,Not Open
T026,23-24,10/8/23,8,Not Open
T027,23-24,10/8/23,8,Not Open
T028,23-24,10/8/23,8,Not Open
T029,23-24,10/8/23,8,Not Open
T030,23-24,10/8/23,8,Not Open
T031,23-24,10/8/23,8,Not Open
T032,23-24,10/8/23,8,Not Open
T033,23-24,10/8/23,8,Not Open
T034,23-24,10/8/23,8,Not Open
T035,23-24,10/8/23,8,Not Open
T036,23-24,10/8/23,8,Not Open
T037,23-24,10/8/23,8,Not Open
T038,23-24,10/8/23,8,Not Open
T039,23-24,10/8/23,8,Not Open
T040,23-24,10/8/23,8,Not Open
T042,23-24,10/8/23,8,Not Open
T043,23-24,10/8/23,8,Not Open
T044,23-24,10/8/23,8,Not Open
T045,23-24,10/8/23,8,Not Open
T046,23-24,10/8/23,8,Not Open
T047,23-24,10/8/23,8,Not Open
T048,23-24,10/8/23,8,Not Open
T049,23-24,10/8/23,8,Not Open
T050,23-24,10/8/23,8,Not Open
T051,23-24,10/8/23,8,Not Open
T052,23-24,10/8/23,8,Not Open
T053,23-24,10/8/23,8,Not Open
T054,23-24,10/8/23,8,Not Open
T055,23-24,10/8/23,8,Not Open
T056,23-24,10/8/23,8,Not Open
T057,23-24,10/8/23,8,Not Open
T058,23-24,10/8/23,8,Not Open
T061,23-24,10/8/23,8,Not Open
T062,23-24,10/8/23,8,Not Open
T063,23-24,10/8/23,8,Not Open
T064,23-24,10/8/23,8,Not Open
T065,23-24,10/8/23,8,Not Open
T066,23-24,10/8/23,8,Not Open
T067,23-24,10/8/23,8,Not Open
T068,23-24,10/8/23,8,Not Open
T069,23-24,10/8/23,8,Not Open
T070,23-24,10/8/23,8,Not Open
T071,23-24,10/8/23,8,Not Open
T072,23-24,10/8/23,8,Not Open
T073,23-24,10/8/23,8,Not Open
T074,23-24,10/8/23,8,Not Open
T075,23-24,10/8/23,8,Not Open
T076,23-24,10/8/23,8,Not Open
T077,23-24,10/8/23,8,Not Open
T078,23-24,10/8/23,8,Not Open
T079,23-24,10/8/23,8,Not Open
T080,23-24,10/8/23,8,Not Open
T081,23-24,10/8/23,8,Not Open
T082,23-24,10/8/23,8,Not Open
T083,23-24,10/8/23,8,Not Open
T084,23-24,10/8/23,8,Not Open
T085,23-24,10/8/23,8,Not Open
T086,23-24,10/8/23,8,Not Open
T087,23-24,10/8/23,8,Not Open
T088,23-24,10/8/23,8,Not Open
T089,23-24,10/8/23,8,Not Open
T090,23-24,10/8/23,8,Not Open
T091,23-24,10/8/23,8,Not Open
T092,23-24,10/8/23,8,Not Open
T107,23-24,10/8/23,8,Not Open
T108,23-24,10/8/23,8,Not Open
T109,23-24,10/8/23,8,Not Open
T110,23-24,10/8/23,8,Not Open
T111,23-24,10/8/23,8,Not Open
T112,23-24,10/8/23,8,Not Open
T113,23-24,10/8/23,8,Not Open
T114,23-24,10/8/23,8,Not Open
T115,23-24,10/8/23,8,Not Open
T116,23-24,10/8/23,8,Not Open
T117,23-24,10/8/23,8,Not Open
T118,23-24,10/8/23,8,Not Open
T119,23-24,10/8/23,8,Not Open
T127,23-24,10/8/23,8,Not Open
T128,23-24,10/8/23,8,Not Open
T129,23-24,10/8/23,8,Not Open
T130,23-24,10/8/23,8,Not Open
T131,23-24,10/8/23,8,Not Open
T132,23-24,10/8/23,8,Not Open
T133,23-24,10/8/23,8,Not Open
T136,23-24,10/8/23,8,Not Open
T137,23-24,10/8/23,8,Not Open
T148,23-24,10/8/23,8,Not Open
T001,23-24,10/9/23,9,Not Open
T002,23-24,10/9/23,9,Not Open
T003,23-24,10/9/23,9,Not Open
T004,23-24,10/9/23,9,Not Open
T005,23-24,10/9/23,9,Not Open
T006,23-24,10/9/23,9,Not Open
T007,23-24,10/9/23,9,Not Open
T008,23-24,10/9/23,9,Not Open
T009,23-24,10/9/23,9,Not Open
T010,23-24,10/9/23,9,Not Open
T011,23-24,10/9/23,9,Not Open
T012,23-24,10/9/23,9,Not Open
T013,23-24,10/9/23,9,Not Open
T014,23-24,10/9/23,9,Not Open
T015,23-24,10/9/23,9,Not Open
T016,23-24,10/9/23,9,Not Open
T017,23-24,10/9/23,9,Not Open
T018,23-24,10/9/23,9,Not Open
T019,23-24,10/9/23,9,Not Open
T020,23-24,10/9/23,9,Not Open
T021,23-24,10/9/23,9,Not Open
T022,23-24,10/9/23,9,Not Open
T023,23-24,10/9/23,9,Not Open
T024,23-24,10/9/23,9,Not Open
T025,23-24,10/9/23,9,Not Open
T026,23-24,10/9/23,9,Not Open
T027,23-24,10/9/23,9,Not Open
T028,23-24,10/9/23,9,Not Open
T029,23-24,10/9/23,9,Not Open
T030,23-24,10/9/23,9,Not Open
T031,23-24,10/9/23,9,Not Open
T032,23-24,10/9/23,9,Not Open
T033,23-24,10/9/23,9,Not Open
T034,23-24,10/9/23,9,Not Open
T035,23-24,10/9/23,9,Not Open
T036,23-24,10/9/23,9,Not Open
T037,23-24,10/9/23,9,Not Open
T038,23-24,10/9/23,9,Not Open
T039,23-24,10/9/23,9,Not Open
T040,23-24,10/9/23,9,Not Open
T042,23-24,10/9/23,9,Not Open
T043,23-24,10/9/23,9,Not Open
T044,23-24,10/9/23,9,Not Open
T045,23-24,10/9/23,9,Not Open
T046,23-24,10/9/23,9,Not Open
T047,23-24,10/9/23,9,Not Open
T048,23-24,10/9/23,9,Not Open
T049,23-24,10/9/23,9,Not Open
T050,23-24,10/9/23,9,Not Open
T051,23-24,10/9/23,9,Not Open
T052,23-24,10/9/23,9,Not Open
T053,23-24,10/9/23,9,Not Open
T054,23-24,10/9/23,9,Not Open
T055,23-24,10/9/23,9,Not Open
T056,23-24,10/9/23,9,Not Open
T057,23-24,10/9/23,9,Not Open
T058,23-24,10/9/23,9,Not Open
T061,23-24,10/9/23,9,Not Open
T062,23-24,10/9/23,9,Not Open
T063,23-24,10/9/23,9,Not Open
T064,23-24,10/9/23,9,Not Open
T065,23-24,10/9/23,9,Not Open
T066,23-24,10/9/23,9,Not Open
T067,23-24,10/9/23,9,Not Open
T068,23-24,10/9/23,9,Not Open
T069,23-24,10/9/23,9,Not Open
T070,23-24,10/9/23,9,Not Open
T071,23-24,10/9/23,9,Not Open
T072,23-24,10/9/23,9,Not Open
T073,23-24,10/9/23,9,Not Open
T074,23-24,10/9/23,9,Not Open
T075,23-24,10/9/23,9,Not Open
T076,23-24,10/9/23,9,Not Open
T077,23-24,10/9/23,9,Not Open
T078,23-24,10/9/23,9,Not Open
T079,23-24,10/9/23,9,Not Open
T080,23-24,10/9/23,9,Not Open
T081,23-24,10/9/23,9,Not Open
T082,23-24,10/9/23,9,Not Open
T083,23-24,10/9/23,9,Not Open
T084,23-24,10/9/23,9,Not Open
T085,23-24,10/9/23,9,Not Open
T086,23-24,10/9/23,9,Not Open
T087,23-24,10/9/23,9,Not Open
T088,23-24,10/9/23,9,Not Open
T089,23-24,10/9/23,9,Not Open
T090,23-24,10/9/23,9,Not Open
T091,23-24,10/9/23,9,Not Open
T092,23-24,10/9/23,9,Not Open
T107,23-24,10/9/23,9,Not Open
T108,23-24,10/9/23,9,Not Open
T109,23-24,10/9/23,9,Not Open
T110,23-24,10/9/23,9,Not Open
T111,23-24,10/9/23,9,Not Open
T112,23-24,10/9/23,9,Not Open
T113,23-24,10/9/23,9,Not Open
T114,23-24,10/9/23,9,Not Open
T115,23-24,10/9/23,9,Not Open
T116,23-24,10/9/23,9,Not Open
T117,23-24,10/9/23,9,Not Open
T118,23-24,10/9/23,9,Not Open
T119,23-24,10/9/23,9,Not Open
T127,23-24,10/9/23,9,Not Open
T128,23-24,10/9/23,9,Not Open
T129,23-24,10/9/23,9,Not Open
T130,23-24,10/9/23,9,Not Open
T131,23-24,10/9/23,9,Not Open
T132,23-24,10/9/23,9,Not Open
T133,23-24,10/9/23,9,Not Open
T136,23-24,10/9/23,9,Not Open
T137,23-24,10/9/23,9,Not Open
T148,23-24,10/9/23,9,Not Open
T001,23-24,10/10/23,10,Not Open
T002,23-24,10/10/23,10,Not Open
T003,23-24,10/10/23,10,Not Open
T004,23-24,10/10/23,10,Not Open
T005,23-24,10/10/23,10,Not Open
T006,23-24,10/10/23,10,Not Open
T007,23-24,10/10/23,10,Not Open
T008,23-24,10/10/23,10,Not Open
T009,23-24,10/10/23,10,Not Open
T010,23-24,10/10/23,10,Not Open
T011,23-24,10/10/23,10,Not Open
T012,23-24,10/10/23,10,Not Open
T013,23-24,10/10/23,10,Not Open
T014,23-24,10/10/23,10,Not Open
T015,23-24,10/10/23,10,Not Open
T016,23-24,10/10/23,10,Not Open
T017,23-24,10/10/23,10,Not Open
T018,23-24,10/10/23,10,Not Open
T019,23-24,10/10/23,10,Not Open
T020,23-24,10/10/23,10,Not Open
T021,23-24,10/10/23,10,Not Open
T022,23-24,10/10/23,10,Not Open
T023,23-24,10/10/23,10,Not Open
T024,23-24,10/10/23,10,Not Open
T025,23-24,10/10/23,10,Not Open
T026,23-24,10/10/23,10,Not Open
T027,23-24,10/10/23,10,Not Open
T028,23-24,10/10/23,10,Not Open
T029,23-24,10/10/23,10,Not Open
T030,23-24,10/10/23,10,Not Open
T031,23-24,10/10/23,10,Not Open
T032,23-24,10/10/23,10,Not Open
T033,23-24,10/10/23,10,Not Open
T034,23-24,10/10/23,10,Not Open
T035,23-24,10/10/23,10,Not Open
T036,23-24,10/10/23,10,Not Open
T037,23-24,10/10/23,10,Not Open
T038,23-24,10/10/23,10,Not Open
T039,23-24,10/10/23,10,Not Open
T040,23-24,10/10/23,10,Not Open
T042,23-24,10/10/23,10,Not Open
T043,23-24,10/10/23,10,Not Open
T044,23-24,10/10/23,10,Not Open
T045,23-24,10/10/23,10,Not Open
T046,23-24,10/10/23,10,Not Open
T047,23-24,10/10/23,10,Not Open
T048,23-24,10/10/23,10,Not Open
T049,23-24,10/10/23,10,Not Open
T050,23-24,10/10/23,10,Not Open
T051,23-24,10/10/23,10,Not Open
T052,23-24,10/10/23,10,Not Open
T053,23-24,10/10/23,10,Not Open
T054,23-24,10/10/23,10,Not Open
T055,23-24,10/10/23,10,Not Open
T056,23-24,10/10/23,10,Not Open
T057,23-24,10/10/23,10,Not Open
T058,23-24,10/10/23,10,Not Open
T061,23-24,10/10/23,10,Not Open
T062,23-24,10/10/23,10,Not Open
T063,23-24,10/10/23,10,Not Open
T064,23-24,10/10/23,10,Not Open
T065,23-24,10/10/23,10,Not Open
T066,23-24,10/10/23,10,Not Open
T067,23-24,10/10/23,10,Not Open
T068,23-24,10/10/23,10,Not Open
T069,23-24,10/10/23,10,Not Open
T070,23-24,10/10/23,10,Not Open
T071,23-24,10/10/23,10,Not Open
T072,23-24,10/10/23,10,Not Open
T073,23-24,10/10/23,10,Not Open
T074,23-24,10/10/23,10,Not Open
T075,23-24,10/10/23,10,Not Open
T076,23-24,10/10/23,10,Not Open
T077,23-24,10/10/23,10,Not Open
T078,23-24,10/10/23,10,Not Open
T079,23-24,10/10/23,10,Not Open
T080,23-24,10/10/23,10,Not Open
T081,23-24,10/10/23,10,Not Open
T082,23-24,10/10/23,10,Not Open
T083,23-24,10/10/23,10,Not Open
T084,23-24,10/10/23,10,Not Open
T085,23-24,10/10/23,10,Not Open
T086,23-24,10/10/23,10,Not Open
T087,23-24,10/10/23,10,Not Open
T088,23-24,10/10/23,10,Not Open
T089,23-24,10/10/23,10,Not Open
T090,23-24,10/10/23,10,Not Open
T091,23-24,10/10/23,10,Not Open
T092,23-24,10/10/23,10,Not Open
T107,23-24,10/10/23,10,Not Open
T108,23-24,10/10/23,10,Not Open
T109,23-24,10/10/23,10,Not Open
T110,23-24,10/10/23,10,Not Open
T111,23-24,10/10/23,10,Not Open
T112,23-24,10/10/23,10,Not Open
T113,23-24,10/10/23,10,Not Open
T114,23-24,10/10/23,10,Not Open
T115,23-24,10/10/23,10,Not Open
T116,23-24,10/10/23,10,Not Open
T117,23-24,10/10/23,10,Not Open
T118,23-24,10/10/23,10,Not Open
T119,23-24,10/10/23,10,Not Open
T127,23-24,10/10/23,10,Not Open
T128,23-24,10/10/23,10,Not Open
T129,23-24,10/10/23,10,Not Open
T130,23-24,10/10/23,10,Not Open
T131,23-24,10/10/23,10,Not Open
T132,23-24,10/10/23,10,Not Open
T133,23-24,10/10/23,10,Not Open
T136,23-24,10/10/23,10,Not Open
T137,23-24,10/10/23,10,Not Open
T148,23-24,10/10/23,10,Not Open
T001,23-24,10/11/23,11,Not Open
T002,23-24,10/11/23,11,Not Open
T003,23-24,10/11/23,11,Not Open
T004,23-24,10/11/23,11,Not Open
T005,23-24,10/11/23,11,Not Open
T006,23-24,10/11/23,11,Not Open
T007,23-24,10/11/23,11,Not Open
T008,23-24,10/11/23,11,Not Open
T009,23-24,10/11/23,11,Not Open
T010,23-24,10/11/23,11,Not Open
T011,23-24,10/11/23,11,Not Open
T012,23-24,10/11/23,11,Not Open
T013,23-24,10/11/23,11,Not Open
T014,23-24,10/11/23,11,Not Open
T015,23-24,10/11/23,11,Not Open
T016,23-24,10/11/23,11,Not Open
T017,23-24,10/11/23,11,Not Open
T018,23-24,10/11/23,11,Not Open
T019,23-24,10/11/23,11,Not Open
T020,23-24,10/11/23,11,Not Open
T021,23-24,10/11/23,11,Not Open
T022,23-24,10/11/23,11,Not Open
T023,23-24,10/11/23,11,Not Open
T024,23-24,10/11/23,11,Not Open
T025,23-24,10/11/23,11,Not Open
T026,23-24,10/11/23,11,Not Open
T027,23-24,10/11/23,11,Not Open
T028,23-24,10/11/23,11,Not Open
T029,23-24,10/11/23,11,Not Open
T030,23-24,10/11/23,11,Not Open
T031,23-24,10/11/23,11,Not Open
T032,23-24,10/11/23,11,Not Open
T033,23-24,10/11/23,11,Not Open
T034,23-24,10/11/23,11,Not Open
T035,23-24,10/11/23,11,Not Open
T036,23-24,10/11/23,11,Not Open
T037,23-24,10/11/23,11,Not Open
T038,23-24,10/11/23,11,Not Open
T039,23-24,10/11/23,11,Not Open
T040,23-24,10/11/23,11,Not Open
T042,23-24,10/11/23,11,Not Open
T043,23-24,10/11/23,11,Not Open
T044,23-24,10/11/23,11,Not Open
T045,23-24,10/11/23,11,Not Open
T046,23-24,10/11/23,11,Not Open
T047,23-24,10/11/23,11,Not Open
T048,23-24,10/11/23,11,Not Open
T049,23-24,10/11/23,11,Not Open
T050,23-24,10/11/23,11,Not Open
T051,23-24,10/11/23,11,Not Open
T052,23-24,10/11/23,11,Not Open
T053,23-24,10/11/23,11,Not Open
T054,23-24,10/11/23,11,Not Open
T055,23-24,10/11/23,11,Not Open
T056,23-24,10/11/23,11,Not Open
T057,23-24,10/11/23,11,Not Open
T058,23-24,10/11/23,11,Not Open
T061,23-24,10/11/23,11,Not Open
T062,23-24,10/11/23,11,Not Open
T063,23-24,10/11/23,11,Not Open
T064,23-24,10/11/23,11,Not Open
T065,23-24,10/11/23,11,Not Open
T066,23-24,10/11/23,11,Not Open
T067,23-24,10/11/23,11,Not Open
T068,23-24,10/11/23,11,Not Open
T069,23-24,10/11/23,11,Not Open
T070,23-24,10/11/23,11,Not Open
T071,23-24,10/11/23,11,Not Open
T072,23-24,10/11/23,11,Not Open
T073,23-24,10/11/23,11,Not Open
T074,23-24,10/11/23,11,Not Open
T075,23-24,10/11/23,11,Not Open
T076,23-24,10/11/23,11,Not Open
T077,23-24,10/11/23,11,Not Open
T078,23-24,10/11/23,11,Not Open
T079,23-24,10/11/23,11,Not Open
T080,23-24,10/11/23,11,Not Open
T081,23-24,10/11/23,11,Not Open
T082,23-24,10/11/23,11,Not Open
T083,23-24,10/11/23,11,Not Open
T084,23-24,10/11/23,11,Not Open
T085,23-24,10/11/23,11,Not Open
T086,23-24,10/11/23,11,Not Open
T087,23-24,10/11/23,11,Not Open
T088,23-24,10/11/23,11,Not Open
T089,23-24,10/11/23,11,Not Open
T090,23-24,10/11/23,11,Not Open
T091,23-24,10/11/23,11,Not Open
T092,23-24,10/11/23,11,Not Open
T107,23-24,10/11/23,11,Not Open
T108,23-24,10/11/23,11,Not Open
T109,23-24,10/11/23,11,Not Open
T110,23-24,10/11/23,11,Not Open
T111,23-24,10/11/23,11,Not Open
T112,23-24,10/11/23,11,Not Open
T113,23-24,10/11/23,11,Not Open
T114,23-24,10/11/23,11,Not Open
T115,23-24,10/11/23,11,Not Open
T116,23-24,10/11/23,11,Not Open
T117,23-24,10/11/23,11,Not Open
T118,23-24,10/11/23,11,Not Open
T119,23-24,10/11/23,11,Not Open
T127,23-24,10/11/23,11,Not Open
T128,23-24,10/11/23,11,Not Open
T129,23-24,10/11/23,11,Not Open
T130,23-24,10/11/23,11,Not Open
T131,23-24,10/11/23,11,Not Open
T132,23-24,10/11/23,11,Not Open
T133,23-24,10/11/23,11,Not Open
T136,23-24,10/11/23,11,Not Open
T137,23-24,10/11/23,11,Not Open
T148,23-24,10/11/23,11,Not Open
T001,23-24,10/12/23,12,Not Open
T002,23-24,10/12/23,12,Not Open
T003,23-24,10/12/23,12,Not Open
T004,23-24,10/12/23,12,Not Open
T005,23-24,10/12/23,12,Not Open
T006,23-24,10/12/23,12,Not Open
T007,23-24,10/12/23,12,Not Open
T008,23-24,10/12/23,12,Not Open
T009,23-24,10/12/23,12,Not Open
T010,23-24,10/12/23,12,Not Open
T011,23-24,10/12/23,12,Not Open
T012,23-24,10/12/23,12,Not Open
T013,23-24,10/12/23,12,Not Open
T014,23-24,10/12/23,12,Not Open
T015,23-24,10/12/23,12,Not Open
T016,23-24,10/12/23,12,Not Open
T017,23-24,10/12/23,12,Not Open
T018,23-24,10/12/23,12,Not Open
T019,23-24,10/12/23,12,Not Open
T020,23-24,10/12/23,12,Not Open
T021,23-24,10/12/23,12,Not Open
T022,23-24,10/12/23,12,Not Open
T023,23-24,10/12/23,12,Not Open
T024,23-24,10/12/23,12,Not Open
T025,23-24,10/12/23,12,Not Open
T026,23-24,10/12/23,12,Not Open
T027,23-24,10/12/23,12,Not Open
T028,23-24,10/12/23,12,Not Open
T029,23-24,10/12/23,12,Not Open
T030,23-24,10/12/23,12,Not Open
T031,23-24,10/12/23,12,Not Open
T032,23-24,10/12/23,12,Not Open
T033,23-24,10/12/23,12,Not Open
T034,23-24,10/12/23,12,Not Open
T035,23-24,10/12/23,12,Not Open
T036,23-24,10/12/23,12,Not Open
T037,23-24,10/12/23,12,Not Open
T038,23-24,10/12/23,12,Not Open
T039,23-24,10/12/23,12,Not Open
T040,23-24,10/12/23,12,Not Open
T042,23-24,10/12/23,12,Not Open
T043,23-24,10/12/23,12,Not Open
T044,23-24,10/12/23,12,Not Open
T045,23-24,10/12/23,12,Not Open
T046,23-24,10/12/23,12,Not Open
T047,23-24,10/12/23,12,Not Open
T048,23-24,10/12/23,12,Not Open
T049,23-24,10/12/23,12,Not Open
T050,23-24,10/12/23,12,Not Open
T051,23-24,10/12/23,12,Not Open
T052,23-24,10/12/23,12,Not Open
T053,23-24,10/12/23,12,Not Open
T054,23-24,10/12/23,12,Not Open
T055,23-24,10/12/23,12,Not Open
T056,23-24,10/12/23,12,Not Open
T057,23-24,10/12/23,12,Not Open
T058,23-24,10/12/23,12,Not Open
T061,23-24,10/12/23,12,Not Open
T062,23-24,10/12/23,12,Not Open
T063,23-24,10/12/23,12,Not Open
T064,23-24,10/12/23,12,Not Open
T065,23-24,10/12/23,12,Not Open
T066,23-24,10/12/23,12,Not Open
T067,23-24,10/12/23,12,Not Open
T068,23-24,10/12/23,12,Not Open
T069,23-24,10/12/23,12,Not Open
T070,23-24,10/12/23,12,Not Open
T071,23-24,10/12/23,12,Not Open
T072,23-24,10/12/23,12,Not Open
T073,23-24,10/12/23,12,Not Open
T074,23-24,10/12/23,12,Not Open
T075,23-24,10/12/23,12,Not Open
T076,23-24,10/12/23,12,Not Open
T077,23-24,10/12/23,12,Not Open
T078,23-24,10/12/23,12,Not Open
T079,23-24,10/12/23,12,Not Open
T080,23-24,10/12/23,12,Not Open
T081,23-24,10/12/23,12,Not Open
T082,23-24,10/12/23,12,Not Open
T083,23-24,10/12/23,12,Not Open
T084,23-24,10/12/23,12,Not Open
T085,23-24,10/12/23,12,Not Open
T086,23-24,10/12/23,12,Not Open
T087,23-24,10/12/23,12,Not Open
T088,23-24,10/12/23,12,Not Open
T089,23-24,10/12/23,12,Not Open
T090,23-24,10/12/23,12,Not Open
T091,23-24,10/12/23,12,Not Open
T092,23-24,10/12/23,12,Not Open
T107,23-24,10/12/23,12,Not Open
T108,23-24,10/12/23,12,Not Open
T109,23-24,10/12/23,12,Not Open
T110,23-24,10/12/23,12,Not Open
T111,23-24,10/12/23,12,Not Open
T112,23-24,10/12/23,12,Not Open
T113,23-24,10/12/23,12,Not Open
T114,23-24,10/12/23,12,Not Open
T115,23-24,10/12/23,12,Not Open
T116,23-24,10/12/23,12,Not Open
T117,23-24,10/12/23,12,Not Open
T118,23-24,10/12/23,12,Not Open
T119,23-24,10/12/23,12,Not Open
T127,23-24,10/12/23,12,Not Open
T128,23-24,10/12/23,12,Not Open
T129,23-24,10/12/23,12,Not Open
T130,23-24,10/12/23,12,Not Open
T131,23-24,10/12/23,12,Not Open
T132,23-24,10/12/23,12,Not Open
T133,23-24,10/12/23,12,Not Open
T136,23-24,10/12/23,12,Not Open
T137,23-24,10/12/23,12,Not Open
T148,23-24,10/12/23,12,Not Open
T001,23-24,10/13/23,13,Not Open
T002,23-24,10/13/23,13,Not Open
T003,23-24,10/13/23,13,Not Open
T004,23-24,10/13/23,13,Not Open
T005,23-24,10/13/23,13,Not Open
T006,23-24,10/13/23,13,Not Open
T007,23-24,10/13/23,13,Not Open
T008,23-24,10/13/23,13,Not Open
T009,23-24,10/13/23,13,Not Open
T010,23-24,10/13/23,13,Not Open
T011,23-24,10/13/23,13,Not Open
T012,23-24,10/13/23,13,Not Open
T013,23-24,10/13/23,13,Not Open
T014,23-24,10/13/23,13,Not Open
T015,23-24,10/13/23,13,Not Open
T016,23-24,10/13/23,13,Not Open
T017,23-24,10/13/23,13,Not Open
T018,23-24,10/13/23,13,Not Open
T019,23-24,10/13/23,13,Not Open
T020,23-24,10/13/23,13,Not Open
T021,23-24,10/13/23,13,Not Open
T022,23-24,10/13/23,13,Not Open
T023,23-24,10/13/23,13,Not Open
T024,23-24,10/13/23,13,Not Open
T025,23-24,10/13/23,13,Not Open
T026,23-24,10/13/23,13,Not Open
T027,23-24,10/13/23,13,Not Open
T028,23-24,10/13/23,13,Not Open
T029,23-24,10/13/23,13,Not Open
T030,23-24,10/13/23,13,Not Open
T031,23-24,10/13/23,13,Not Open
T032,23-24,10/13/23,13,Not Open
T033,23-24,10/13/23,13,Not Open
T034,23-24,10/13/23,13,Not Open
T035,23-24,10/13/23,13,Not Open
T036,23-24,10/13/23,13,Not Open
T037,23-24,10/13/23,13,Not Open
T038,23-24,10/13/23,13,Not Open
T039,23-24,10/13/23,13,Not Open
T040,23-24,10/13/23,13,Not Open
T042,23-24,10/13/23,13,Not Open
T043,23-24,10/13/23,13,Not Open
T044,23-24,10/13/23,13,Not Open
T045,23-24,10/13/23,13,Not Open
T046,23-24,10/13/23,13,Not Open
T047,23-24,10/13/23,13,Not Open
T048,23-24,10/13/23,13,Not Open
T049,23-24,10/13/23,13,Not Open
T050,23-24,10/13/23,13,Not Open
T051,23-24,10/13/23,13,Not Open
T052,23-24,10/13/23,13,Not Open
T053,23-24,10/13/23,13,Not Open
T054,23-24,10/13/23,13,Not Open
T055,23-24,10/13/23,13,Not Open
T056,23-24,10/13/23,13,Not Open
T057,23-24,10/13/23,13,Not Open
T058,23-24,10/13/23,13,Not Open
T061,23-24,10/13/23,13,Not Open
T062,23-24,10/13/23,13,Not Open
T063,23-24,10/13/23,13,Not Open
T064,23-24,10/13/23,13,Not Open
T065,23-24,10/13/23,13,Not Open
T066,23-24,10/13/23,13,Not Open
T067,23-24,10/13/23,13,Not Open
T068,23-24,10/13/23,13,Not Open
T069,23-24,10/13/23,13,Not Open
T070,23-24,10/13/23,13,Not Open
T071,23-24,10/13/23,13,Not Open
T072,23-24,10/13/23,13,Not Open
T073,23-24,10/13/23,13,Not Open
T074,23-24,10/13/23,13,Not Open
T075,23-24,10/13/23,13,Not Open
T076,23-24,10/13/23,13,Not Open
T077,23-24,10/13/23,13,Not Open
T078,23-24,10/13/23,13,Not Open
T079,23-24,10/13/23,13,Not Open
T080,23-24,10/13/23,13,Not Open
T081,23-24,10/13/23,13,Not Open
T082,23-24,10/13/23,13,Not Open
T083,23-24,10/13/23,13,Not Open
T084,23-24,10/13/23,13,Not Open
T085,23-24,10/13/23,13,Not Open
T086,23-24,10/13/23,13,Not Open
T087,23-24,10/13/23,13,Not Open
T088,23-24,10/13/23,13,Not Open
T089,23-24,10/13/23,13,Not Open
T090,23-24,10/13/23,13,Not Open
T091,23-24,10/13/23,13,Not Open
T092,23-24,10/13/23,13,Not Open
T107,23-24,10/13/23,13,Not Open
T108,23-24,10/13/23,13,Not Open
T109,23-24,10/13/23,13,Not Open
T110,23-24,10/13/23,13,Not Open
T111,23-24,10/13/23,13,Not Open
T112,23-24,10/13/23,13,Not Open
T113,23-24,10/13/23,13,Not Open
T114,23-24,10/13/23,13,Not Open
T115,23-24,10/13/23,13,Not Open
T116,23-24,10/13/23,13,Not Open
T117,23-24,10/13/23,13,Not Open
T118,23-24,10/13/23,13,Not Open
T119,23-24,10/13/23,13,Not Open
T127,23-24,10/13/23,13,Not Open
T128,23-24,10/13/23,13,Not Open
T129,23-24,10/13/23,13,Not Open
T130,23-24,10/13/23,13,Not Open
T131,23-24,10/13/23,13,Not Open
T132,23-24,10/13/23,13,Not Open
T133,23-24,10/13/23,13,Not Open
T136,23-24,10/13/23,13,Not Open
T137,23-24,10/13/23,13,Not Open
T148,23-24,10/13/23,13,Not Open
T001,23-24,10/14/23,14,Not Open
T002,23-24,10/14/23,14,Not Open
T003,23-24,10/14/23,14,Not Open
T004,23-24,10/14/23,14,Not Open
T005,23-24,10/14/23,14,Not Open
T006,23-24,10/14/23,14,Not Open
T007,23-24,10/14/23,14,Not Open
T008,23-24,10/14/23,14,Not Open
T009,23-24,10/14/23,14,Not Open
T010,23-24,10/14/23,14,Not Open
T011,23-24,10/14/23,14,Not Open
T012,23-24,10/14/23,14,Not Open
T013,23-24,10/14/23,14,Not Open
T014,23-24,10/14/23,14,Not Open
T015,23-24,10/14/23,14,Not Open
T016,23-24,10/14/23,14,Not Open
T017,23-24,10/14/23,14,Not Open
T018,23-24,10/14/23,14,Not Open
T019,23-24,10/14/23,14,Not Open
T020,23-24,10/14/23,14,Not Open
T021,23-24,10/14/23,14,Not Open
T022,23-24,10/14/23,14,Not Open
T023,23-24,10/14/23,14,Not Open
T024,23-24,10/14/23,14,Not Open
T025,23-24,10/14/23,14,Not Open
T026,23-24,10/14/23,14,Not Open
T027,23-24,10/14/23,14,Not Open
T028,23-24,10/14/23,14,Not Open
T029,23-24,10/14/23,14,Not Open
T030,23-24,10/14/23,14,Not Open
T031,23-24,10/14/23,14,Not Open
T032,23-24,10/14/23,14,Not Open
T033,23-24,10/14/23,14,Not Open
T034,23-24,10/14/23,14,Not Open
T035,23-24,10/14/23,14,Not Open
T036,23-24,10/14/23,14,Not Open
T037,23-24,10/14/23,14,Not Open
T038,23-24,10/14/23,14,Not Open
T039,23-24,10/14/23,14,Not Open
T040,23-24,10/14/23,14,Not Open
T042,23-24,10/14/23,14,Not Open
T043,23-24,10/14/23,14,Not Open
T044,23-24,10/14/23,14,Not Open
T045,23-24,10/14/23,14,Not Open
T046,23-24,10/14/23,14,Not Open
T047,23-24,10/14/23,14,Not Open
T048,23-24,10/14/23,14,Not Open
T049,23-24,10/14/23,14,Not Open
T050,23-24,10/14/23,14,Not Open
T051,23-24,10/14/23,14,Not Open
T052,23-24,10/14/23,14,Not Open
T053,23-24,10/14/23,14,Not Open
T054,23-24,10/14/23,14,Not Open
T055,23-24,10/14/23,14,Not Open
T056,23-24,10/14/23,14,Not Open
T057,23-24,10/14/23,14,Not Open
T058,23-24,10/14/23,14,Not Open
T061,23-24,10/14/23,14,Not Open
T062,23-24,10/14/23,14,Not Open
T063,23-24,10/14/23,14,Not Open
T064,23-24,10/14/23,14,Not Open
T065,23-24,10/14/23,14,Not Open
T066,23-24,10/14/23,14,Not Open
T067,23-24,10/14/23,14,Not Open
T068,23-24,10/14/23,14,Not Open
T069,23-24,10/14/23,14,Not Open
T070,23-24,10/14/23,14,Not Open
T071,23-24,10/14/23,14,Not Open
T072,23-24,10/14/23,14,Not Open
T073,23-24,10/14/23,14,Not Open
T074,23-24,10/14/23,14,Not Open
T075,23-24,10/14/23,14,Not Open
T076,23-24,10/14/23,14,Not Open
T077,23-24,10/14/23,14,Not Open
T078,23-24,10/14/23,14,Not Open
T079,23-24,10/14/23,14,Not Open
T080,23-24,10/14/23,14,Not Open
T081,23-24,10/14/23,14,Not Open
T082,23-24,10/14/23,14,Not Open
T083,23-24,10/14/23,14,Not Open
T084,23-24,10/14/23,14,Not Open
T085,23-24,10/14/23,14,Not Open
T086,23-24,10/14/23,14,Not Open
T087,23-24,10/14/23,14,Not Open
T088,23-24,10/14/23,14,Not Open
T089,23-24,10/14/23,14,Not Open
T090,23-24,10/14/23,14,Not Open
T091,23-24,10/14/23,14,Not Open
T092,23-24,10/14/23,14,Not Open
T107,23-24,10/14/23,14,Not Open
T108,23-24,10/14/23,14,Not Open
T109,23-24,10/14/23,14,Not Open
T110,23-24,10/14/23,14,Not Open
T111,23-24,10/14/23,14,Not Open
T112,23-24,10/14/23,14,Not Open
T113,23-24,10/14/23,14,Not Open
T114,23-24,10/14/23,14,Not Open
T115,23-24,10/14/23,14,Not Open
T116,23-24,10/14/23,14,Not Open
T117,23-24,10/14/23,14,Not Open
T118,23-24,10/14/23,14,Not Open
T119,23-24,10/14/23,14,Not Open
T127,23-24,10/14/23,14,Not Open
T128,23-24,10/14/23,14,Not Open
T129,23-24,10/14/23,14,Not Open
T130,23-24,10/14/23,14,Not Open
T131,23-24,10/14/23,14,Not Open
T132,23-24,10/14/23,14,Not Open
T133,23-24,10/14/23,14,Not Open
T136,23-24,10/14/23,14,Not Open
T137,23-24,10/14/23,14,Not Open
T148,23-24,10/14/23,14,Not Open
T001,23-24,10/15/23,15,Not Open
T002,23-24,10/15/23,15,Not Open
T003,23-24,10/15/23,15,Not Open
T004,23-24,10/15/23,15,Not Open
T005,23-24,10/15/23,15,Not Open
T006,23-24,10/15/23,15,Not Open
T007,23-24,10/15/23,15,Not Open
T008,23-24,10/15/23,15,Not Open
T009,23-24,10/15/23,15,Not Open
T010,23-24,10/15/23,15,Not Open
T011,23-24,10/15/23,15,Not Open
T012,23-24,10/15/23,15,Not Open
T013,23-24,10/15/23,15,Not Open
T014,23-24,10/15/23,15,Not Open
T015,23-24,10/15/23,15,Not Open
T016,23-24,10/15/23,15,Not Open
T017,23-24,10/15/23,15,Not Open
T018,23-24,10/15/23,15,Not Open
T019,23-24,10/15/23,15,Not Open
T020,23-24,10/15/23,15,Not Open
T021,23-24,10/15/23,15,Not Open
T022,23-24,10/15/23,15,Not Open
T023,23-24,10/15/23,15,Not Open
T024,23-24,10/15/23,15,Not Open
T025,23-24,10/15/23,15,Not Open
T026,23-24,10/15/23,15,Not Open
T027,23-24,10/15/23,15,Not Open
T028,23-24,10/15/23,15,Not Open
T029,23-24,10/15/23,15,Not Open
T030,23-24,10/15/23,15,Not Open
T031,23-24,10/15/23,15,Not Open
T032,23-24,10/15/23,15,Not Open
T033,23-24,10/15/23,15,Not Open
T034,23-24,10/15/23,15,Not Open
T035,23-24,10/15/23,15,Not Open
T036,23-24,10/15/23,15,Not Open
T037,23-24,10/15/23,15,Not Open
T038,23-24,10/15/23,15,Not Open
T039,23-24,10/15/23,15,Not Open
T040,23-24,10/15/23,15,Not Open
T042,23-24,10/15/23,15,Not Open
T043,23-24,10/15/23,15,Not Open
T044,23-24,10/15/23,15,Not Open
T045,23-24,10/15/23,15,Not Open
T046,23-24,10/15/23,15,Not Open
T047,23-24,10/15/23,15,Not Open
T048,23-24,10/15/23,15,Not Open
T049,23-24,10/15/23,15,Not Open
T050,23-24,10/15/23,15,Not Open
T051,23-24,10/15/23,15,Not Open
T052,23-24,10/15/23,15,Not Open
T053,23-24,10/15/23,15,Not Open
T054,23-24,10/15/23,15,Not Open
T055,23-24,10/15/23,15,Not Open
T056,23-24,10/15/23,15,Not Open
T057,23-24,10/15/23,15,Not Open
T058,23-24,10/15/23,15,Not Open
T061,23-24,10/15/23,15,Not Open
T062,23-24,10/15/23,15,Not Open
T063,23-24,10/15/23,15,Not Open
T064,23-24,10/15/23,15,Not Open
T065,23-24,10/15/23,15,Not Open
T066,23-24,10/15/23,15,Not Open
T067,23-24,10/15/23,15,Not Open
T068,23-24,10/15/23,15,Not Open
T069,23-24,10/15/23,15,Not Open
T070,23-24,10/15/23,15,Not Open
T071,23-24,10/15/23,15,Not Open
T072,23-24,10/15/23,15,Not Open
T073,23-24,10/15/23,15,Not Open
T074,23-24,10/15/23,15,Not Open
T075,23-24,10/15/23,15,Not Open
T076,23-24,10/15/23,15,Not Open
T077,23-24,10/15/23,15,Not Open
T078,23-24,10/15/23,15,Not Open
T079,23-24,10/15/23,15,Not Open
T080,23-24,10/15/23,15,Not Open
T081,23-24,10/15/23,15,Not Open
T082,23-24,10/15/23,15,Not Open
T083,23-24,10/15/23,15,Not Open
T084,23-24,10/15/23,15,Not Open
T085,23-24,10/15/23,15,Not Open
T086,23-24,10/15/23,15,Not Open
T087,23-24,10/15/23,15,Not Open
T088,23-24,10/15/23,15,Not Open
T089,23-24,10/15/23,15,Not Open
T090,23-24,10/15/23,15,Not Open
T091,23-24,10/15/23,15,Not Open
T092,23-24,10/15/23,15,Not Open
T107,23-24,10/15/23,15,Not Open
T108,23-24,10/15/23,15,Not Open
T109,23-24,10/15/23,15,Not Open
T110,23-24,10/15/23,15,Not Open
T111,23-24,10/15/23,15,Not Open
T112,23-24,10/15/23,15,Not Open
T113,23-24,10/15/23,15,Not Open
T114,23-24,10/15/23,15,Not Open
T115,23-24,10/15/23,15,Not Open
T116,23-24,10/15/23,15,Not Open
T117,23-24,10/15/23,15,Not Open
T118,23-24,10/15/23,15,Not Open
T119,23-24,10/15/23,15,Not Open
T127,23-24,10/15/23,15,Not Open
T128,23-24,10/15/23,15,Not Open
T129,23-24,10/15/23,15,Not Open
T130,23-24,10/15/23,15,Not Open
T131,23-24,10/15/23,15,Not Open
T132,23-24,10/15/23,15,Not Open
T133,23-24,10/15/23,15,Not Open
T136,23-24,10/15/23,15,Not Open
T137,23-24,10/15/23,15,Not Open
T148,23-24,10/15/23,15,Not Open
T001,23-24,10/16/23,16,Not Open
T002,23-24,10/16/23,16,Not Open
T003,23-24,10/16/23,16,Not Open
T004,23-24,10/16/23,16,Not Open
T005,23-24,10/16/23,16,Not Open
T006,23-24,10/16/23,16,Not Open
T007,23-24,10/16/23,16,Not Open
T008,23-24,10/16/23,16,Not Open
T009,23-24,10/16/23,16,Not Open
T010,23-24,10/16/23,16,Not Open
T011,23-24,10/16/23,16,Not Open
T012,23-24,10/16/23,16,Not Open
T013,23-24,10/16/23,16,Not Open
T014,23-24,10/16/23,16,Not Open
T015,23-24,10/16/23,16,Not Open
T016,23-24,10/16/23,16,Not Open
T017,23-24,10/16/23,16,Not Open
T018,23-24,10/16/23,16,Not Open
T019,23-24,10/16/23,16,Not Open
T020,23-24,10/16/23,16,Not Open
T021,23-24,10/16/23,16,Not Open
T022,23-24,10/16/23,16,Not Open
T023,23-24,10/16/23,16,Not Open
T024,23-24,10/16/23,16,Not Open
T025,23-24,10/16/23,16,Not Open
T026,23-24,10/16/23,16,Not Open
T027,23-24,10/16/23,16,Not Open
T028,23-24,10/16/23,16,Not Open
T029,23-24,10/16/23,16,Not Open
T030,23-24,10/16/23,16,Not Open
T031,23-24,10/16/23,16,Not Open
T032,23-24,10/16/23,16,Not Open
T033,23-24,10/16/23,16,Not Open
T034,23-24,10/16/23,16,Not Open
T035,23-24,10/16/23,16,Not Open
T036,23-24,10/16/23,16,Not Open
T037,23-24,10/16/23,16,Not Open
T038,23-24,10/16/23,16,Not Open
T039,23-24,10/16/23,16,Not Open
T040,23-24,10/16/23,16,Not Open
T042,23-24,10/16/23,16,Not Open
T043,23-24,10/16/23,16,Not Open
T044,23-24,10/16/23,16,Not Open
T045,23-24,10/16/23,16,Not Open
T046,23-24,10/16/23,16,Not Open
T047,23-24,10/16/23,16,Not Open
T048,23-24,10/16/23,16,Not Open
T049,23-24,10/16/23,16,Not Open
T050,23-24,10/16/23,16,Not Open
T051,23-24,10/16/23,16,Not Open
T052,23-24,10/16/23,16,Not Open
T053,23-24,10/16/23,16,Not Open
T054,23-24,10/16/23,16,Not Open
T055,23-24,10/16/23,16,Not Open
T056,23-24,10/16/23,16,Not Open
T057,23-24,10/16/23,16,Not Open
T058,23-24,10/16/23,16,Not Open
T061,23-24,10/16/23,16,Not Open
T062,23-24,10/16/23,16,Not Open
T063,23-24,10/16/23,16,Not Open
T064,23-24,10/16/23,16,Not Open
T065,23-24,10/16/23,16,Not Open
T066,23-24,10/16/23,16,Not Open
T067,23-24,10/16/23,16,Not Open
T068,23-24,10/16/23,16,Not Open
T069,23-24,10/16/23,16,Not Open
T070,23-24,10/16/23,16,Not Open
T071,23-24,10/16/23,16,Not Open
T072,23-24,10/16/23,16,Not Open
T073,23-24,10/16/23,16,Not Open
T074,23-24,10/16/23,16,Not Open
T075,23-24,10/16/23,16,Not Open
T076,23-24,10/16/23,16,Not Open
T077,23-24,10/16/23,16,Not Open
T078,23-24,10/16/23,16,Not Open
T079,23-24,10/16/23,16,Not Open
T080,23-24,10/16/23,16,Not Open
T081,23-24,10/16/23,16,Not Open
T082,23-24,10/16/23,16,Not Open
T083,23-24,10/16/23,16,Not Open
T084,23-24,10/16/23,16,Not Open
T085,23-24,10/16/23,16,Not Open
T086,23-24,10/16/23,16,Not Open
T087,23-24,10/16/23,16,Not Open
T088,23-24,10/16/23,16,Not Open
T089,23-24,10/16/23,16,Not Open
T090,23-24,10/16/23,16,Not Open
T091,23-24,10/16/23,16,Not Open
T092,23-24,10/16/23,16,Not Open
T107,23-24,10/16/23,16,Not Open
T108,23-24,10/16/23,16,Not Open
T109,23-24,10/16/23,16,Not Open
T110,23-24,10/16/23,16,Not Open
T111,23-24,10/16/23,16,Not Open
T112,23-24,10/16/23,16,Not Open
T113,23-24,10/16/23,16,Not Open
T114,23-24,10/16/23,16,Not Open
T115,23-24,10/16/23,16,Not Open
T116,23-24,10/16/23,16,Not Open
T117,23-24,10/16/23,16,Not Open
T118,23-24,10/16/23,16,Not Open
T119,23-24,10/16/23,16,Not Open
T127,23-24,10/16/23,16,Not Open
T128,23-24,10/16/23,16,Not Open
T129,23-24,10/16/23,16,Not Open
T130,23-24,10/16/23,16,Not Open
T131,23-24,10/16/23,16,Not Open
T132,23-24,10/16/23,16,Not Open
T133,23-24,10/16/23,16,Not Open
T136,23-24,10/16/23,16,Not Open
T137,23-24,10/16/23,16,Not Open
T148,23-24,10/16/23,16,Not Open
T001,23-24,10/17/23,17,Not Open
T002,23-24,10/17/23,17,Not Open
T003,23-24,10/17/23,17,Not Open
T004,23-24,10/17/23,17,Not Open
T005,23-24,10/17/23,17,Not Open
T006,23-24,10/17/23,17,Not Open
T007,23-24,10/17/23,17,Not Open
T008,23-24,10/17/23,17,Not Open
T009,23-24,10/17/23,17,Not Open
T010,23-24,10/17/23,17,Not Open
T011,23-24,10/17/23,17,Not Open
T012,23-24,10/17/23,17,Not Open
T013,23-24,10/17/23,17,Not Open
T014,23-24,10/17/23,17,Not Open
T015,23-24,10/17/23,17,Not Open
T016,23-24,10/17/23,17,Not Open
T017,23-24,10/17/23,17,Not Open
T018,23-24,10/17/23,17,Not Open
T019,23-24,10/17/23,17,Not Open
T020,23-24,10/17/23,17,Not Open
T021,23-24,10/17/23,17,Not Open
T022,23-24,10/17/23,17,Not Open
T023,23-24,10/17/23,17,Not Open
T024,23-24,10/17/23,17,Not Open
T025,23-24,10/17/23,17,Not Open
T026,23-24,10/17/23,17,Not Open
T027,23-24,10/17/23,17,Not Open
T028,23-24,10/17/23,17,Not Open
T029,23-24,10/17/23,17,Not Open
T030,23-24,10/17/23,17,Not Open
T031,23-24,10/17/23,17,Not Open
T032,23-24,10/17/23,17,Not Open
T033,23-24,10/17/23,17,Not Open
T034,23-24,10/17/23,17,Not Open
T035,23-24,10/17/23,17,Not Open
T036,23-24,10/17/23,17,Not Open
T037,23-24,10/17/23,17,Not Open
T038,23-24,10/17/23,17,Not Open
T039,23-24,10/17/23,17,Not Open
T040,23-24,10/17/23,17,Not Open
T042,23-24,10/17/23,17,Not Open
T043,23-24,10/17/23,17,Not Open
T044,23-24,10/17/23,17,Not Open
T045,23-24,10/17/23,17,Not Open
T046,23-24,10/17/23,17,Not Open
T047,23-24,10/17/23,17,Not Open
T048,23-24,10/17/23,17,Not Open
T049,23-24,10/17/23,17,Not Open
T050,23-24,10/17/23,17,Not Open
T051,23-24,10/17/23,17,Not Open
T052,23-24,10/17/23,17,Not Open
T053,23-24,10/17/23,17,Not Open
T054,23-24,10/17/23,17,Not Open
T055,23-24,10/17/23,17,Not Open
T056,23-24,10/17/23,17,Not Open
T057,23-24,10/17/23,17,Not Open
T058,23-24,10/17/23,17,Not Open
T061,23-24,10/17/23,17,Not Open
T062,23-24,10/17/23,17,Not Open
T063,23-24,10/17/23,17,Not Open
T064,23-24,10/17/23,17,Not Open
T065,23-24,10/17/23,17,Not Open
T066,23-24,10/17/23,17,Not Open
T067,23-24,10/17/23,17,Not Open
T068,23-24,10/17/23,17,Not Open
T069,23-24,10/17/23,17,Not Open
T070,23-24,10/17/23,17,Not Open
T071,23-24,10/17/23,17,Not Open
T072,23-24,10/17/23,17,Not Open
T073,23-24,10/17/23,17,Not Open
T074,23-24,10/17/23,17,Not Open
T075,23-24,10/17/23,17,Not Open
T076,23-24,10/17/23,17,Not Open
T077,23-24,10/17/23,17,Not Open
T078,23-24,10/17/23,17,Not Open
T079,23-24,10/17/23,17,Not Open
T080,23-24,10/17/23,17,Not Open
T081,23-24,10/17/23,17,Not Open
T082,23-24,10/17/23,17,Not Open
T083,23-24,10/17/23,17,Not Open
T084,23-24,10/17/23,17,Not Open
T085,23-24,10/17/23,17,Not Open
T086,23-24,10/17/23,17,Not Open
T087,23-24,10/17/23,17,Not Open
T088,23-24,10/17/23,17,Not Open
T089,23-24,10/17/23,17,Not Open
T090,23-24,10/17/23,17,Not Open
T091,23-24,10/17/23,17,Not Open
T092,23-24,10/17/23,17,Not Open
T107,23-24,10/17/23,17,Not Open
T108,23-24,10/17/23,17,Not Open
T109,23-24,10/17/23,17,Not Open
T110,23-24,10/17/23,17,Not Open
T111,23-24,10/17/23,17,Not Open
T112,23-24,10/17/23,17,Not Open
T113,23-24,10/17/23,17,Not Open
T114,23-24,10/17/23,17,Not Open
T115,23-24,10/17/23,17,Not Open
T116,23-24,10/17/23,17,Not Open
T117,23-24,10/17/23,17,Not Open
T118,23-24,10/17/23,17,Not Open
T119,23-24,10/17/23,17,Not Open
T127,23-24,10/17/23,17,Not Open
T128,23-24,10/17/23,17,Not Open
T129,23-24,10/17/23,17,Not Open
T130,23-24,10/17/23,17,Not Open
T131,23-24,10/17/23,17,Not Open
T132,23-24,10/17/23,17,Not Open
T133,23-24,10/17/23,17,Not Open
T136,23-24,10/17/23,17,Not Open
T137,23-24,10/17/23,17,Not Open
T148,23-24,10/17/23,17,Not Open
T001,23-24,10/18/23,18,Not Open
T002,23-24,10/18/23,18,Not Open
T003,23-24,10/18/23,18,Not Open
T004,23-24,10/18/23,18,Not Open
T005,23-24,10/18/23,18,Not Open
T006,23-24,10/18/23,18,Not Open
T007,23-24,10/18/23,18,Not Open
T008,23-24,10/18/23,18,Not Open
T009,23-24,10/18/23,18,Not Open
T010,23-24,10/18/23,18,Not Open
T011,23-24,10/18/23,18,Not Open
T012,23-24,10/18/23,18,Not Open
T013,23-24,10/18/23,18,Not Open
T014,23-24,10/18/23,18,Not Open
T015,23-24,10/18/23,18,Not Open
T016,23-24,10/18/23,18,Not Open
T017,23-24,10/18/23,18,Not Open
T018,23-24,10/18/23,18,Not Open
T019,23-24,10/18/23,18,Not Open
T020,23-24,10/18/23,18,Not Open
T021,23-24,10/18/23,18,Not Open
T022,23-24,10/18/23,18,Not Open
T023,23-24,10/18/23,18,Not Open
T024,23-24,10/18/23,18,Not Open
T025,23-24,10/18/23,18,Not Open
T026,23-24,10/18/23,18,Not Open
T027,23-24,10/18/23,18,Not Open
T028,23-24,10/18/23,18,Not Open
T029,23-24,10/18/23,18,Not Open
T030,23-24,10/18/23,18,Not Open
T031,23-24,10/18/23,18,Not Open
T032,23-24,10/18/23,18,Not Open
T033,23-24,10/18/23,18,Not Open
T034,23-24,10/18/23,18,Not Open
T035,23-24,10/18/23,18,Not Open
T036,23-24,10/18/23,18,Not Open
T037,23-24,10/18/23,18,Not Open
T038,23-24,10/18/23,18,Not Open
T039,23-24,10/18/23,18,Not Open
T040,23-24,10/18/23,18,Not Open
T042,23-24,10/18/23,18,Not Open
T043,23-24,10/18/23,18,Not Open
T044,23-24,10/18/23,18,Not Open
T045,23-24,10/18/23,18,Not Open
T046,23-24,10/18/23,18,Not Open
T047,23-24,10/18/23,18,Not Open
T048,23-24,10/18/23,18,Not Open
T049,23-24,10/18/23,18,Not Open
T050,23-24,10/18/23,18,Not Open
T051,23-24,10/18/23,18,Not Open
T052,23-24,10/18/23,18,Not Open
T053,23-24,10/18/23,18,Not Open
T054,23-24,10/18/23,18,Not Open
T055,23-24,10/18/23,18,Not Open
T056,23-24,10/18/23,18,Not Open
T057,23-24,10/18/23,18,Not Open
T058,23-24,10/18/23,18,Not Open
T061,23-24,10/18/23,18,Not Open
T062,23-24,10/18/23,18,Not Open
T063,23-24,10/18/23,18,Not Open
T064,23-24,10/18/23,18,Not Open
T065,23-24,10/18/23,18,Not Open
T066,23-24,10/18/23,18,Not Open
T067,23-24,10/18/23,18,Not Open
T068,23-24,10/18/23,18,Not Open
T069,23-24,10/18/23,18,Not Open
T070,23-24,10/18/23,18,Not Open
T071,23-24,10/18/23,18,Not Open
T072,23-24,10/18/23,18,Not Open
T073,23-24,10/18/23,18,Not Open
T074,23-24,10/18/23,18,Not Open
T075,23-24,10/18/23,18,Not Open
T076,23-24,10/18/23,18,Not Open
T077,23-24,10/18/23,18,Not Open
T078,23-24,10/18/23,18,Not Open
T079,23-24,10/18/23,18,Not Open
T080,23-24,10/18/23,18,Not Open
T081,23-24,10/18/23,18,Not Open
T082,23-24,10/18/23,18,Not Open
T083,23-24,10/18/23,18,Not Open
T084,23-24,10/18/23,18,Not Open
T085,23-24,10/18/23,18,Not Open
T086,23-24,10/18/23,18,Not Open
T087,23-24,10/18/23,18,Not Open
T088,23-24,10/18/23,18,Not Open
T089,23-24,10/18/23,18,Not Open
T090,23-24,10/18/23,18,Not Open
T091,23-24,10/18/23,18,Not Open
T092,23-24,10/18/23,18,Not Open
T107,23-24,10/18/23,18,Not Open
T108,23-24,10/18/23,18,Not Open
T109,23-24,10/18/23,18,Not Open
T110,23-24,10/18/23,18,Not Open
T111,23-24,10/18/23,18,Not Open
T112,23-24,10/18/23,18,Not Open
T113,23-24,10/18/23,18,Not Open
T114,23-24,10/18/23,18,Not Open
T115,23-24,10/18/23,18,Not Open
T116,23-24,10/18/23,18,Not Open
T117,23-24,10/18/23,18,Not Open
T118,23-24,10/18/23,18,Not Open
T119,23-24,10/18/23,18,Not Open
T127,23-24,10/18/23,18,Not Open
T128,23-24,10/18/23,18,Not Open
T129,23-24,10/18/23,18,Not Open
T130,23-24,10/18/23,18,Not Open
T131,23-24,10/18/23,18,Not Open
T132,23-24,10/18/23,18,Not Open
T133,23-24,10/18/23,18,Not Open
T136,23-24,10/18/23,18,Not Open
T137,23-24,10/18/23,18,Not Open
T148,23-24,10/18/23,18,Not Open
T001,23-24,10/19/23,19,Not Open
T002,23-24,10/19/23,19,Not Open
T003,23-24,10/19/23,19,Not Open
T004,23-24,10/19/23,19,Not Open
T005,23-24,10/19/23,19,Not Open
T006,23-24,10/19/23,19,Not Open
T007,23-24,10/19/23,19,Not Open
T008,23-24,10/19/23,19,Not Open
T009,23-24,10/19/23,19,Not Open
T010,23-24,10/19/23,19,Not Open
T011,23-24,10/19/23,19,Not Open
T012,23-24,10/19/23,19,Not Open
T013,23-24,10/19/23,19,Not Open
T014,23-24,10/19/23,19,Not Open
T015,23-24,10/19/23,19,Not Open
T016,23-24,10/19/23,19,Not Open
T017,23-24,10/19/23,19,Not Open
T018,23-24,10/19/23,19,Not Open
T019,23-24,10/19/23,19,Not Open
T020,23-24,10/19/23,19,Not Open
T021,23-24,10/19/23,19,Not Open
T022,23-24,10/19/23,19,Not Open
T023,23-24,10/19/23,19,Not Open
T024,23-24,10/19/23,19,Not Open
T025,23-24,10/19/23,19,Not Open
T026,23-24,10/19/23,19,Not Open
T027,23-24,10/19/23,19,Not Open
T028,23-24,10/19/23,19,Not Open
T029,23-24,10/19/23,19,Not Open
T030,23-24,10/19/23,19,Not Open
T031,23-24,10/19/23,19,Not Open
T032,23-24,10/19/23,19,Not Open
T033,23-24,10/19/23,19,Not Open
T034,23-24,10/19/23,19,Not Open
T035,23-24,10/19/23,19,Not Open
T036,23-24,10/19/23,19,Not Open
T037,23-24,10/19/23,19,Not Open
T038,23-24,10/19/23,19,Not Open
T039,23-24,10/19/23,19,Not Open
T040,23-24,10/19/23,19,Not Open
T042,23-24,10/19/23,19,Not Open
T043,23-24,10/19/23,19,Not Open
T044,23-24,10/19/23,19,Not Open
T045,23-24,10/19/23,19,Not Open
T046,23-24,10/19/23,19,Not Open
T047,23-24,10/19/23,19,Not Open
T048,23-24,10/19/23,19,Not Open
T049,23-24,10/19/23,19,Not Open
T050,23-24,10/19/23,19,Not Open
T051,23-24,10/19/23,19,Not Open
T052,23-24,10/19/23,19,Not Open
T053,23-24,10/19/23,19,Not Open
T054,23-24,10/19/23,19,Not Open
T055,23-24,10/19/23,19,Not Open
T056,23-24,10/19/23,19,Not Open
T057,23-24,10/19/23,19,Not Open
T058,23-24,10/19/23,19,Not Open
T061,23-24,10/19/23,19,Not Open
T062,23-24,10/19/23,19,Not Open
T063,23-24,10/19/23,19,Not Open
T064,23-24,10/19/23,19,Not Open
T065,23-24,10/19/23,19,Not Open
T066,23-24,10/19/23,19,Not Open
T067,23-24,10/19/23,19,Not Open
T068,23-24,10/19/23,19,Not Open
T069,23-24,10/19/23,19,Not Open
T070,23-24,10/19/23,19,Not Open
T071,23-24,10/19/23,19,Not Open
T072,23-24,10/19/23,19,Not Open
T073,23-24,10/19/23,19,Not Open
T074,23-24,10/19/23,19,Not Open
T075,23-24,10/19/23,19,Not Open
T076,23-24,10/19/23,19,Not Open
T077,23-24,10/19/23,19,Not Open
T078,23-24,10/19/23,19,Not Open
T079,23-24,10/19/23,19,Not Open
T080,23-24,10/19/23,19,Not Open
T081,23-24,10/19/23,19,Not Open
T082,23-24,10/19/23,19,Not Open
T083,23-24,10/19/23,19,Not Open
T084,23-24,10/19/23,19,Not Open
T085,23-24,10/19/23,19,Not Open
T086,23-24,10/19/23,19,Not Open
T087,23-24,10/19/23,19,Not Open
T088,23-24,10/19/23,19,Not Open
T089,23-24,10/19/23,19,Not Open
T090,23-24,10/19/23,19,Not Open
T091,23-24,10/19/23,19,Not Open
T092,23-24,10/19/23,19,Not Open
T107,23-24,10/19/23,19,Not Open
T108,23-24,10/19/23,19,Not Open
T109,23-24,10/19/23,19,Not Open
T110,23-24,10/19/23,19,Not Open
T111,23-24,10/19/23,19,Not Open
T112,23-24,10/19/23,19,Not Open
T113,23-24,10/19/23,19,Not Open
T114,23-24,10/19/23,19,Not Open
T115,23-24,10/19/23,19,Not Open
T116,23-24,10/19/23,19,Not Open
T117,23-24,10/19/23,19,Not Open
T118,23-24,10/19/23,19,Not Open
T119,23-24,10/19/23,19,Not Open
T127,23-24,10/19/23,19,Not Open
T128,23-24,10/19/23,19,Not Open
T129,23-24,10/19/23,19,Not Open
T130,23-24,10/19/23,19,Not Open
T131,23-24,10/19/23,19,Not Open
T132,23-24,10/19/23,19,Not Open
T133,23-24,10/19/23,19,Not Open
T136,23-24,10/19/23,19,Not Open
T137,23-24,10/19/23,19,Not Open
T148,23-24,10/19/23,19,Not Open
T001,23-24,10/20/23,20,Not Open
T002,23-24,10/20/23,20,Not Open
T003,23-24,10/20/23,20,Not Open
T004,23-24,10/20/23,20,Not Open
T005,23-24,10/20/23,20,Not Open
T006,23-24,10/20/23,20,Not Open
T007,23-24,10/20/23,20,Not Open
T008,23-24,10/20/23,20,Not Open
T009,23-24,10/20/23,20,Not Open
T010,23-24,10/20/23,20,Not Open
T011,23-24,10/20/23,20,Not Open
T012,23-24,10/20/23,20,Not Open
T013,23-24,10/20/23,20,Not Open
T014,23-24,10/20/23,20,Not Open
T015,23-24,10/20/23,20,Not Open
T016,23-24,10/20/23,20,Not Open
T017,23-24,10/20/23,20,Not Open
T018,23-24,10/20/23,20,Not Open
T019,23-24,10/20/23,20,Not Open
T020,23-24,10/20/23,20,Not Open
T021,23-24,10/20/23,20,Not Open
T022,23-24,10/20/23,20,Not Open
T023,23-24,10/20/23,20,Not Open
T024,23-24,10/20/23,20,Not Open
T025,23-24,10/20/23,20,Not Open
T026,23-24,10/20/23,20,Not Open
T027,23-24,10/20/23,20,Not Open
T028,23-24,10/20/23,20,Not Open
T029,23-24,10/20/23,20,Not Open
T030,23-24,10/20/23,20,Not Open
T031,23-24,10/20/23,20,Not Open
T032,23-24,10/20/23,20,Not Open
T033,23-24,10/20/23,20,Not Open
T034,23-24,10/20/23,20,Not Open
T035,23-24,10/20/23,20,Not Open
T036,23-24,10/20/23,20,Not Open
T037,23-24,10/20/23,20,Not Open
T038,23-24,10/20/23,20,Not Open
T039,23-24,10/20/23,20,Not Open
T040,23-24,10/20/23,20,Not Open
T042,23-24,10/20/23,20,Not Open
T043,23-24,10/20/23,20,Not Open
T044,23-24,10/20/23,20,Not Open
T045,23-24,10/20/23,20,Not Open
T046,23-24,10/20/23,20,Not Open
T047,23-24,10/20/23,20,Not Open
T048,23-24,10/20/23,20,Not Open
T049,23-24,10/20/23,20,Not Open
T050,23-24,10/20/23,20,Not Open
T051,23-24,10/20/23,20,Not Open
T052,23-24,10/20/23,20,Not Open
T053,23-24,10/20/23,20,Not Open
T054,23-24,10/20/23,20,Not Open
T055,23-24,10/20/23,20,Not Open
T056,23-24,10/20/23,20,Not Open
T057,23-24,10/20/23,20,Not Open
T058,23-24,10/20/23,20,Not Open
T061,23-24,10/20/23,20,Not Open
T062,23-24,10/20/23,20,Not Open
T063,23-24,10/20/23,20,Not Open
T064,23-24,10/20/23,20,Not Open
T065,23-24,10/20/23,20,Not Open
T066,23-24,10/20/23,20,Not Open
T067,23-24,10/20/23,20,Not Open
T068,23-24,10/20/23,20,Not Open
T069,23-24,10/20/23,20,Not Open
T070,23-24,10/20/23,20,Not Open
T071,23-24,10/20/23,20,Not Open
T072,23-24,10/20/23,20,Not Open
T073,23-24,10/20/23,20,Not Open
T074,23-24,10/20/23,20,Not Open
T075,23-24,10/20/23,20,Not Open
T076,23-24,10/20/23,20,Not Open
T077,23-24,10/20/23,20,Not Open
T078,23-24,10/20/23,20,Not Open
T079,23-24,10/20/23,20,Not Open
T080,23-24,10/20/23,20,Not Open
T081,23-24,10/20/23,20,Not Open
T082,23-24,10/20/23,20,Not Open
T083,23-24,10/20/23,20,Not Open
T084,23-24,10/20/23,20,Not Open
T085,23-24,10/20/23,20,Not Open
T086,23-24,10/20/23,20,Not Open
T087,23-24,10/20/23,20,Not Open
T088,23-24,10/20/23,20,Not Open
T089,23-24,10/20/23,20,Not Open
T090,23-24,10/20/23,20,Not Open
T091,23-24,10/20/23,20,Not Open
T092,23-24,10/20/23,20,Not Open
T107,23-24,10/20/23,20,Not Open
T108,23-24,10/20/23,20,Not Open
T109,23-24,10/20/23,20,Not Open
T110,23-24,10/20/23,20,Not Open
T111,23-24,10/20/23,20,Not Open
T112,23-24,10/20/23,20,Not Open
T113,23-24,10/20/23,20,Not Open
T114,23-24,10/20/23,20,Not Open
T115,23-24,10/20/23,20,Not Open
T116,23-24,10/20/23,20,Not Open
T117,23-24,10/20/23,20,Not Open
T118,23-24,10/20/23,20,Not Open
T119,23-24,10/20/23,20,Not Open
T127,23-24,10/20/23,20,Not Open
T128,23-24,10/20/23,20,Not Open
T129,23-24,10/20/23,20,Not Open
T130,23-24,10/20/23,20,Not Open
T131,23-24,10/20/23,20,Not Open
T132,23-24,10/20/23,20,Not Open
T133,23-24,10/20/23,20,Not Open
T136,23-24,10/20/23,20,Not Open
T137,23-24,10/20/23,20,Not Open
T148,23-24,10/20/23,20,Not Open
T001,23-24,10/21/23,21,Not Open
T002,23-24,10/21/23,21,Not Open
T003,23-24,10/21/23,21,Not Open
T004,23-24,10/21/23,21,Not Open
T005,23-24,10/21/23,21,Not Open
T006,23-24,10/21/23,21,Not Open
T007,23-24,10/21/23,21,Not Open
T008,23-24,10/21/23,21,Not Open
T009,23-24,10/21/23,21,Not Open
T010,23-24,10/21/23,21,Not Open
T011,23-24,10/21/23,21,Not Open
T012,23-24,10/21/23,21,Not Open
T013,23-24,10/21/23,21,Not Open
T014,23-24,10/21/23,21,Not Open
T015,23-24,10/21/23,21,Not Open
T016,23-24,10/21/23,21,Not Open
T017,23-24,10/21/23,21,Not Open
T018,23-24,10/21/23,21,Not Open
T019,23-24,10/21/23,21,Not Open
T020,23-24,10/21/23,21,Not Open
T021,23-24,10/21/23,21,Not Open
T022,23-24,10/21/23,21,Not Open
T023,23-24,10/21/23,21,Not Open
T024,23-24,10/21/23,21,Not Open
T025,23-24,10/21/23,21,Not Open
T026,23-24,10/21/23,21,Not Open
T027,23-24,10/21/23,21,Not Open
T028,23-24,10/21/23,21,Not Open
T029,23-24,10/21/23,21,Not Open
T030,23-24,10/21/23,21,Not Open
T031,23-24,10/21/23,21,Not Open
T032,23-24,10/21/23,21,Not Open
T033,23-24,10/21/23,21,Not Open
T034,23-24,10/21/23,21,Not Open
T035,23-24,10/21/23,21,Not Open
T036,23-24,10/21/23,21,Not Open
T037,23-24,10/21/23,21,Not Open
T038,23-24,10/21/23,21,Not Open
T039,23-24,10/21/23,21,Not Open
T040,23-24,10/21/23,21,Not Open
T042,23-24,10/21/23,21,Not Open
T043,23-24,10/21/23,21,Not Open
T044,23-24,10/21/23,21,Not Open
T045,23-24,10/21/23,21,Not Open
T046,23-24,10/21/23,21,Not Open
T047,23-24,10/21/23,21,Not Open
T048,23-24,10/21/23,21,Not Open
T049,23-24,10/21/23,21,Not Open
T050,23-24,10/21/23,21,Not Open
T051,23-24,10/21/23,21,Not Open
T052,23-24,10/21/23,21,Not Open
T053,23-24,10/21/23,21,Not Open
T054,23-24,10/21/23,21,Not Open
T055,23-24,10/21/23,21,Not Open
T056,23-24,10/21/23,21,Not Open
T057,23-24,10/21/23,21,Not Open
T058,23-24,10/21/23,21,Not Open
T061,23-24,10/21/23,21,Not Open
T062,23-24,10/21/23,21,Not Open
T063,23-24,10/21/23,21,Not Open
T064,23-24,10/21/23,21,Not Open
T065,23-24,10/21/23,21,Not Open
T066,23-24,10/21/23,21,Not Open
T067,23-24,10/21/23,21,Not Open
T068,23-24,10/21/23,21,Not Open
T069,23-24,10/21/23,21,Not Open
T070,23-24,10/21/23,21,Not Open
T071,23-24,10/21/23,21,Not Open
T072,23-24,10/21/23,21,Not Open
T073,23-24,10/21/23,21,Not Open
T074,23-24,10/21/23,21,Not Open
T075,23-24,10/21/23,21,Not Open
T076,23-24,10/21/23,21,Not Open
T077,23-24,10/21/23,21,Not Open
T078,23-24,10/21/23,21,Not Open
T079,23-24,10/21/23,21,Not Open
T080,23-24,10/21/23,21,Not Open
T081,23-24,10/21/23,21,Not Open
T082,23-24,10/21/23,21,Not Open
T083,23-24,10/21/23,21,Not Open
T084,23-24,10/21/23,21,Not Open
T085,23-24,10/21/23,21,Not Open
T086,23-24,10/21/23,21,Not Open
T087,23-24,10/21/23,21,Not Open
T088,23-24,10/21/23,21,Not Open
T089,23-24,10/21/23,21,Not Open
T090,23-24,10/21/23,21,Not Open
T091,23-24,10/21/23,21,Not Open
T092,23-24,10/21/23,21,Not Open
T107,23-24,10/21/23,21,Not Open
T108,23-24,10/21/23,21,Not Open
T109,23-24,10/21/23,21,Not Open
T110,23-24,10/21/23,21,Not Open
T111,23-24,10/21/23,21,Not Open
T112,23-24,10/21/23,21,Not Open
T113,23-24,10/21/23,21,Not Open
T114,23-24,10/21/23,21,Not Open
T115,23-24,10/21/23,21,Not Open
T116,23-24,10/21/23,21,Not Open
T117,23-24,10/21/23,21,Not Open
T118,23-24,10/21/23,21,Not Open
T119,23-24,10/21/23,21,Not Open
T127,23-24,10/21/23,21,Not Open
T128,23-24,10/21/23,21,Not Open
T129,23-24,10/21/23,21,Not Open
T130,23-24,10/21/23,21,Not Open
T131,23-24,10/21/23,21,Not Open
T132,23-24,10/21/23,21,Not Open
T133,23-24,10/21/23,21,Not Open
T136,23-24,10/21/23,21,Not Open
T137,23-24,10/21/23,21,Not Open
T148,23-24,10/21/23,21,Not Open
T001,23-24,10/22/23,22,Not Open
T002,23-24,10/22/23,22,Not Open
T003,23-24,10/22/23,22,Not Open
T004,23-24,10/22/23,22,Not Open
T005,23-24,10/22/23,22,Not Open
T006,23-24,10/22/23,22,Not Open
T007,23-24,10/22/23,22,Not Open
T008,23-24,10/22/23,22,Not Open
T009,23-24,10/22/23,22,Not Open
T010,23-24,10/22/23,22,Not Open
T011,23-24,10/22/23,22,Not Open
T012,23-24,10/22/23,22,Not Open
T013,23-24,10/22/23,22,Not Open
T014,23-24,10/22/23,22,Not Open
T015,23-24,10/22/23,22,Not Open
T016,23-24,10/22/23,22,Not Open
T017,23-24,10/22/23,22,Not Open
T018,23-24,10/22/23,22,Not Open
T019,23-24,10/22/23,22,Not Open
T020,23-24,10/22/23,22,Not Open
T021,23-24,10/22/23,22,Not Open
T022,23-24,10/22/23,22,Not Open
T023,23-24,10/22/23,22,Not Open
T024,23-24,10/22/23,22,Not Open
T025,23-24,10/22/23,22,Not Open
T026,23-24,10/22/23,22,Not Open
T027,23-24,10/22/23,22,Not Open
T028,23-24,10/22/23,22,Not Open
T029,23-24,10/22/23,22,Not Open
T030,23-24,10/22/23,22,Not Open
T031,23-24,10/22/23,22,Not Open
T032,23-24,10/22/23,22,Not Open
T033,23-24,10/22/23,22,Not Open
T034,23-24,10/22/23,22,Not Open
T035,23-24,10/22/23,22,Not Open
T036,23-24,10/22/23,22,Not Open
T037,23-24,10/22/23,22,Not Open
T038,23-24,10/22/23,22,Not Open
T039,23-24,10/22/23,22,Not Open
T040,23-24,10/22/23,22,Not Open
T042,23-24,10/22/23,22,Not Open
T043,23-24,10/22/23,22,Not Open
T044,23-24,10/22/23,22,Not Open
T045,23-24,10/22/23,22,Not Open
T046,23-24,10/22/23,22,Not Open
T047,23-24,10/22/23,22,Not Open
T048,23-24,10/22/23,22,Not Open
T049,23-24,10/22/23,22,Not Open
T050,23-24,10/22/23,22,Not Open
T051,23-24,10/22/23,22,Not Open
T052,23-24,10/22/23,22,Not Open
T053,23-24,10/22/23,22,Not Open
T054,23-24,10/22/23,22,Not Open
T055,23-24,10/22/23,22,Not Open
T056,23-24,10/22/23,22,Not Open
T057,23-24,10/22/23,22,Not Open
T058,23-24,10/22/23,22,Not Open
T061,23-24,10/22/23,22,Not Open
T062,23-24,10/22/23,22,Not Open
T063,23-24,10/22/23,22,Not Open
T064,23-24,10/22/23,22,Not Open
T065,23-24,10/22/23,22,Not Open
T066,23-24,10/22/23,22,Not Open
T067,23-24,10/22/23,22,Not Open
T068,23-24,10/22/23,22,Not Open
T069,23-24,10/22/23,22,Not Open
T070,23-24,10/22/23,22,Not Open
T071,23-24,10/22/23,22,Not Open
T072,23-24,10/22/23,22,Not Open
T073,23-24,10/22/23,22,Not Open
T074,23-24,10/22/23,22,Not Open
T075,23-24,10/22/23,22,Not Open
T076,23-24,10/22/23,22,Not Open
T077,23-24,10/22/23,22,Not Open
T078,23-24,10/22/23,22,Not Open
T079,23-24,10/22/23,22,Not Open
T080,23-24,10/22/23,22,Not Open
T081,23-24,10/22/23,22,Not Open
T082,23-24,10/22/23,22,Not Open
T083,23-24,10/22/23,22,Not Open
T084,23-24,10/22/23,22,Not Open
T085,23-24,10/22/23,22,Not Open
T086,23-24,10/22/23,22,Not Open
T087,23-24,10/22/23,22,Not Open
T088,23-24,10/22/23,22,Not Open
T089,23-24,10/22/23,22,Not Open
T090,23-24,10/22/23,22,Not Open
T091,23-24,10/22/23,22,Not Open
T092,23-24,10/22/23,22,Not Open
T107,23-24,10/22/23,22,Not Open
T108,23-24,10/22/23,22,Not Open
T109,23-24,10/22/23,22,Not Open
T110,23-24,10/22/23,22,Not Open
T111,23-24,10/22/23,22,Not Open
T112,23-24,10/22/23,22,Not Open
T113,23-24,10/22/23,22,Not Open
T114,23-24,10/22/23,22,Not Open
T115,23-24,10/22/23,22,Not Open
T116,23-24,10/22/23,22,Not Open
T117,23-24,10/22/23,22,Not Open
T118,23-24,10/22/23,22,Not Open
T119,23-24,10/22/23,22,Not Open
T127,23-24,10/22/23,22,Not Open
T128,23-24,10/22/23,22,Not Open
T129,23-24,10/22/23,22,Not Open
T130,23-24,10/22/23,22,Not Open
T131,23-24,10/22/23,22,Not Open
T132,23-24,10/22/23,22,Not Open
T133,23-24,10/22/23,22,Not Open
T136,23-24,10/22/23,22,Not Open
T137,23-24,10/22/23,22,Not Open
T148,23-24,10/22/23,22,Not Open
T001,23-24,10/23/23,23,Not Open
T002,23-24,10/23/23,23,Not Open
T003,23-24,10/23/23,23,Not Open
T004,23-24,10/23/23,23,Not Open
T005,23-24,10/23/23,23,Not Open
T006,23-24,10/23/23,23,Not Open
T007,23-24,10/23/23,23,Not Open
T008,23-24,10/23/23,23,Not Open
T009,23-24,10/23/23,23,Not Open
T010,23-24,10/23/23,23,Not Open
T011,23-24,10/23/23,23,Not Open
T012,23-24,10/23/23,23,Not Open
T013,23-24,10/23/23,23,Not Open
T014,23-24,10/23/23,23,Not Open
T015,23-24,10/23/23,23,Not Open
T016,23-24,10/23/23,23,Not Open
T017,23-24,10/23/23,23,Not Open
T018,23-24,10/23/23,23,Not Open
T019,23-24,10/23/23,23,Not Open
T020,23-24,10/23/23,23,Not Open
T021,23-24,10/23/23,23,Not Open
T022,23-24,10/23/23,23,Not Open
T023,23-24,10/23/23,23,Not Open
T024,23-24,10/23/23,23,Not Open
T025,23-24,10/23/23,23,Not Open
T026,23-24,10/23/23,23,Not Open
T027,23-24,10/23/23,23,Not Open
T028,23-24,10/23/23,23,Not Open
T029,23-24,10/23/23,23,Not Open
T030,23-24,10/23/23,23,Not Open
T031,23-24,10/23/23,23,Not Open
T032,23-24,10/23/23,23,Not Open
T033,23-24,10/23/23,23,Not Open
T034,23-24,10/23/23,23,Not Open
T035,23-24,10/23/23,23,Not Open
T036,23-24,10/23/23,23,Not Open
T037,23-24,10/23/23,23,Not Open
T038,23-24,10/23/23,23,Not Open
T039,23-24,10/23/23,23,Not Open
T040,23-24,10/23/23,23,Not Open
T042,23-24,10/23/23,23,Not Open
T043,23-24,10/23/23,23,Not Open
T044,23-24,10/23/23,23,Not Open
T045,23-24,10/23/23,23,Not Open
T046,23-24,10/23/23,23,Not Open
T047,23-24,10/23/23,23,Not Open
T048,23-24,10/23/23,23,Not Open
T049,23-24,10/23/23,23,Not Open
T050,23-24,10/23/23,23,Not Open
T051,23-24,10/23/23,23,Not Open
T052,23-24,10/23/23,23,Not Open
T053,23-24,10/23/23,23,Not Open
T054,23-24,10/23/23,23,Not Open
T055,23-24,10/23/23,23,Not Open
T056,23-24,10/23/23,23,Not Open
T057,23-24,10/23/23,23,Not Open
T058,23-24,10/23/23,23,Not Open
T061,23-24,10/23/23,23,Not Open
T062,23-24,10/23/23,23,Not Open
T063,23-24,10/23/23,23,Not Open
T064,23-24,10/23/23,23,Not Open
T065,23-24,10/23/23,23,Not Open
T066,23-24,10/23/23,23,Not Open
T067,23-24,10/23/23,23,Not Open
T068,23-24,10/23/23,23,Not Open
T069,23-24,10/23/23,23,Not Open
T070,23-24,10/23/23,23,Not Open
T071,23-24,10/23/23,23,Not Open
T072,23-24,10/23/23,23,Not Open
T073,23-24,10/23/23,23,Not Open
T074,23-24,10/23/23,23,Not Open
T075,23-24,10/23/23,23,Not Open
T076,23-24,10/23/23,23,Not Open
T077,23-24,10/23/23,23,Not Open
T078,23-24,10/23/23,23,Not Open
T079,23-24,10/23/23,23,Not Open
T080,23-24,10/23/23,23,Not Open
T081,23-24,10/23/23,23,Not Open
T082,23-24,10/23/23,23,Not Open
T083,23-24,10/23/23,23,Not Open
T084,23-24,10/23/23,23,Not Open
T085,23-24,10/23/23,23,Not Open
T086,23-24,10/23/23,23,Not Open
T087,23-24,10/23/23,23,Not Open
T088,23-24,10/23/23,23,Not Open
T089,23-24,10/23/23,23,Not Open
T090,23-24,10/23/23,23,Not Open
T091,23-24,10/23/23,23,Not Open
T092,23-24,10/23/23,23,Not Open
T107,23-24,10/23/23,23,Not Open
T108,23-24,10/23/23,23,Not Open
T109,23-24,10/23/23,23,Not Open
T110,23-24,10/23/23,23,Not Open
T111,23-24,10/23/23,23,Not Open
T112,23-24,10/23/23,23,Not Open
T113,23-24,10/23/23,23,Not Open
T114,23-24,10/23/23,23,Not Open
T115,23-24,10/23/23,23,Not Open
T116,23-24,10/23/23,23,Not Open
T117,23-24,10/23/23,23,Not Open
T118,23-24,10/23/23,23,Not Open
T119,23-24,10/23/23,23,Not Open
T127,23-24,10/23/23,23,Not Open
T128,23-24,10/23/23,23,Not Open
T129,23-24,10/23/23,23,Not Open
T130,23-24,10/23/23,23,Not Open
T131,23-24,10/23/23,23,Not Open
T132,23-24,10/23/23,23,Not Open
T133,23-24,10/23/23,23,Not Open
T136,23-24,10/23/23,23,Not Open
T137,23-24,10/23/23,23,Not Open
T148,23-24,10/23/23,23,Not Open
T001,23-24,10/24/23,24,Not Open
T002,23-24,10/24/23,24,Not Open
T003,23-24,10/24/23,24,Not Open
T004,23-24,10/24/23,24,Not Open
T005,23-24,10/24/23,24,Not Open
T006,23-24,10/24/23,24,Not Open
T007,23-24,10/24/23,24,Not Open
T008,23-24,10/24/23,24,Not Open
T009,23-24,10/24/23,24,Not Open
T010,23-24,10/24/23,24,Not Open
T011,23-24,10/24/23,24,Not Open
T012,23-24,10/24/23,24,Not Open
T013,23-24,10/24/23,24,Not Open
T014,23-24,10/24/23,24,Not Open
T015,23-24,10/24/23,24,Not Open
T016,23-24,10/24/23,24,Not Open
T017,23-24,10/24/23,24,Not Open
T018,23-24,10/24/23,24,Not Open
T019,23-24,10/24/23,24,Not Open
T020,23-24,10/24/23,24,Not Open
T021,23-24,10/24/23,24,Not Open
T022,23-24,10/24/23,24,Not Open
T023,23-24,10/24/23,24,Not Open
T024,23-24,10/24/23,24,Not Open
T025,23-24,10/24/23,24,Not Open
T026,23-24,10/24/23,24,Not Open
T027,23-24,10/24/23,24,Not Open
T028,23-24,10/24/23,24,Not Open
T029,23-24,10/24/23,24,Not Open
T030,23-24,10/24/23,24,Not Open
T031,23-24,10/24/23,24,Not Open
T032,23-24,10/24/23,24,Not Open
T033,23-24,10/24/23,24,Not Open
T034,23-24,10/24/23,24,Not Open
T035,23-24,10/24/23,24,Not Open
T036,23-24,10/24/23,24,Not Open
T037,23-24,10/24/23,24,Not Open
T038,23-24,10/24/23,24,Not Open
T039,23-24,10/24/23,24,Not Open
T040,23-24,10/24/23,24,Not Open
T042,23-24,10/24/23,24,Not Open
T043,23-24,10/24/23,24,Not Open
T044,23-24,10/24/23,24,Not Open
T045,23-24,10/24/23,24,Not Open
T046,23-24,10/24/23,24,Not Open
T047,23-24,10/24/23,24,Not Open
T048,23-24,10/24/23,24,Not Open
T049,23-24,10/24/23,24,Not Open
T050,23-24,10/24/23,24,Not Open
T051,23-24,10/24/23,24,Not Open
T052,23-24,10/24/23,24,Not Open
T053,23-24,10/24/23,24,Not Open
T054,23-24,10/24/23,24,Not Open
T055,23-24,10/24/23,24,Not Open
T056,23-24,10/24/23,24,Not Open
T057,23-24,10/24/23,24,Not Open
T058,23-24,10/24/23,24,Not Open
T061,23-24,10/24/23,24,Not Open
T062,23-24,10/24/23,24,Not Open
T063,23-24,10/24/23,24,Not Open
T064,23-24,10/24/23,24,Not Open
T065,23-24,10/24/23,24,Not Open
T066,23-24,10/24/23,24,Not Open
T067,23-24,10/24/23,24,Not Open
T068,23-24,10/24/23,24,Not Open
T069,23-24,10/24/23,24,Not Open
T070,23-24,10/24/23,24,Not Open
T071,23-24,10/24/23,24,Not Open
T072,23-24,10/24/23,24,Not Open
T073,23-24,10/24/23,24,Not Open
T074,23-24,10/24/23,24,Not Open
T075,23-24,10/24/23,24,Not Open
T076,23-24,10/24/23,24,Not Open
T077,23-24,10/24/23,24,Not Open
T078,23-24,10/24/23,24,Not Open
T079,23-24,10/24/23,24,Not Open
T080,23-24,10/24/23,24,Not Open
T081,23-24,10/24/23,24,Not Open
T082,23-24,10/24/23,24,Not Open
T083,23-24,10/24/23,24,Not Open
T084,23-24,10/24/23,24,Not Open
T085,23-24,10/24/23,24,Not Open
T086,23-24,10/24/23,24,Not Open
T087,23-24,10/24/23,24,Not Open
T088,23-24,10/24/23,24,Not Open
T089,23-24,10/24/23,24,Not Open
T090,23-24,10/24/23,24,Not Open
T091,23-24,10/24/23,24,Not Open
T092,23-24,10/24/23,24,Not Open
T107,23-24,10/24/23,24,Not Open
T108,23-24,10/24/23,24,Not Open
T109,23-24,10/24/23,24,Not Open
T110,23-24,10/24/23,24,Not Open
T111,23-24,10/24/23,24,Not Open
T112,23-24,10/24/23,24,Not Open
T113,23-24,10/24/23,24,Not Open
T114,23-24,10/24/23,24,Not Open
T115,23-24,10/24/23,24,Not Open
T116,23-24,10/24/23,24,Not Open
T117,23-24,10/24/23,24,Not Open
T118,23-24,10/24/23,24,Not Open
T119,23-24,10/24/23,24,Not Open
T127,23-24,10/24/23,24,Not Open
T128,23-24,10/24/23,24,Not Open
T129,23-24,10/24/23,24,Not Open
T130,23-24,10/24/23,24,Not Open
T131,23-24,10/24/23,24,Not Open
T132,23-24,10/24/23,24,Not Open
T133,23-24,10/24/23,24,Not Open
T136,23-24,10/24/23,24,Not Open
T137,23-24,10/24/23,24,Not Open
T148,23-24,10/24/23,24,Not Open
T001,23-24,10/25/23,25,Not Open
T002,23-24,10/25/23,25,Not Open
T003,23-24,10/25/23,25,Not Open
T004,23-24,10/25/23,25,Not Open
T005,23-24,10/25/23,25,Not Open
T006,23-24,10/25/23,25,Not Open
T007,23-24,10/25/23,25,Not Open
T008,23-24,10/25/23,25,Not Open
T009,23-24,10/25/23,25,Not Open
T010,23-24,10/25/23,25,Not Open
T011,23-24,10/25/23,25,Not Open
T012,23-24,10/25/23,25,Not Open
T013,23-24,10/25/23,25,Not Open
T014,23-24,10/25/23,25,Not Open
T015,23-24,10/25/23,25,Not Open
T016,23-24,10/25/23,25,Not Open
T017,23-24,10/25/23,25,Not Open
T018,23-24,10/25/23,25,Not Open
T019,23-24,10/25/23,25,Not Open
T020,23-24,10/25/23,25,Not Open
T021,23-24,10/25/23,25,Not Open
T022,23-24,10/25/23,25,Not Open
T023,23-24,10/25/23,25,Not Open
T024,23-24,10/25/23,25,Not Open
T025,23-24,10/25/23,25,Not Open
T026,23-24,10/25/23,25,Not Open
T027,23-24,10/25/23,25,Not Open
T028,23-24,10/25/23,25,Not Open
T029,23-24,10/25/23,25,Not Open
T030,23-24,10/25/23,25,Not Open
T031,23-24,10/25/23,25,Not Open
T032,23-24,10/25/23,25,Not Open
T033,23-24,10/25/23,25,Not Open
T034,23-24,10/25/23,25,Not Open
T035,23-24,10/25/23,25,Not Open
T036,23-24,10/25/23,25,Not Open
T037,23-24,10/25/23,25,Not Open
T038,23-24,10/25/23,25,Not Open
T039,23-24,10/25/23,25,Not Open
T040,23-24,10/25/23,25,Not Open
T042,23-24,10/25/23,25,Not Open
T043,23-24,10/25/23,25,Not Open
T044,23-24,10/25/23,25,Not Open
T045,23-24,10/25/23,25,Not Open
T046,23-24,10/25/23,25,Not Open
T047,23-24,10/25/23,25,Not Open
T048,23-24,10/25/23,25,Not Open
T049,23-24,10/25/23,25,Not Open
T050,23-24,10/25/23,25,Not Open
T051,23-24,10/25/23,25,Not Open
T052,23-24,10/25/23,25,Not Open
T053,23-24,10/25/23,25,Not Open
T054,23-24,10/25/23,25,Not Open
T055,23-24,10/25/23,25,Not Open
T056,23-24,10/25/23,25,Not Open
T057,23-24,10/25/23,25,Not Open
T058,23-24,10/25/23,25,Not Open
T061,23-24,10/25/23,25,Not Open
T062,23-24,10/25/23,25,Not Open
T063,23-24,10/25/23,25,Not Open
T064,23-24,10/25/23,25,Not Open
T065,23-24,10/25/23,25,Not Open
T066,23-24,10/25/23,25,Not Open
T067,23-24,10/25/23,25,Not Open
T068,23-24,10/25/23,25,Not Open
T069,23-24,10/25/23,25,Not Open
T070,23-24,10/25/23,25,Not Open
T071,23-24,10/25/23,25,Not Open
T072,23-24,10/25/23,25,Not Open
T073,23-24,10/25/23,25,Not Open
T074,23-24,10/25/23,25,Not Open
T075,23-24,10/25/23,25,Not Open
T076,23-24,10/25/23,25,Not Open
T077,23-24,10/25/23,25,Not Open
T078,23-24,10/25/23,25,Not Open
T079,23-24,10/25/23,25,Not Open
T080,23-24,10/25/23,25,Not Open
T081,23-24,10/25/23,25,Not Open
T082,23-24,10/25/23,25,Not Open
T083,23-24,10/25/23,25,Not Open
T084,23-24,10/25/23,25,Not Open
T085,23-24,10/25/23,25,Not Open
T086,23-24,10/25/23,25,Not Open
T087,23-24,10/25/23,25,Not Open
T088,23-24,10/25/23,25,Not Open
T089,23-24,10/25/23,25,Not Open
T090,23-24,10/25/23,25,Not Open
T091,23-24,10/25/23,25,Not Open
T092,23-24,10/25/23,25,Not Open
T107,23-24,10/25/23,25,Not Open
T108,23-24,10/25/23,25,Not Open
T109,23-24,10/25/23,25,Not Open
T110,23-24,10/25/23,25,Not Open
T111,23-24,10/25/23,25,Not Open
T112,23-24,10/25/23,25,Not Open
T113,23-24,10/25/23,25,Not Open
T114,23-24,10/25/23,25,Not Open
T115,23-24,10/25/23,25,Not Open
T116,23-24,10/25/23,25,Not Open
T117,23-24,10/25/23,25,Not Open
T118,23-24,10/25/23,25,Not Open
T119,23-24,10/25/23,25,Not Open
T127,23-24,10/25/23,25,Not Open
T128,23-24,10/25/23,25,Not Open
T129,23-24,10/25/23,25,Not Open
T130,23-24,10/25/23,25,Not Open
T131,23-24,10/25/23,25,Not Open
T132,23-24,10/25/23,25,Not Open
T133,23-24,10/25/23,25,Not Open
T136,23-24,10/25/23,25,Not Open
T137,23-24,10/25/23,25,Not Open
T148,23-24,10/25/23,25,Not Open
T001,23-24,10/26/23,26,Not Open
T002,23-24,10/26/23,26,Not Open
T003,23-24,10/26/23,26,Not Open
T004,23-24,10/26/23,26,Not Open
T005,23-24,10/26/23,26,Not Open
T006,23-24,10/26/23,26,Not Open
T007,23-24,10/26/23,26,Not Open
T008,23-24,10/26/23,26,Not Open
T009,23-24,10/26/23,26,Not Open
T010,23-24,10/26/23,26,Not Open
T011,23-24,10/26/23,26,Not Open
T012,23-24,10/26/23,26,Not Open
T013,23-24,10/26/23,26,Not Open
T014,23-24,10/26/23,26,Not Open
T015,23-24,10/26/23,26,Not Open
T016,23-24,10/26/23,26,Not Open
T017,23-24,10/26/23,26,Not Open
T018,23-24,10/26/23,26,Not Open
T019,23-24,10/26/23,26,Not Open
T020,23-24,10/26/23,26,Not Open
T021,23-24,10/26/23,26,Not Open
T022,23-24,10/26/23,26,Not Open
T023,23-24,10/26/23,26,Not Open
T024,23-24,10/26/23,26,Not Open
T025,23-24,10/26/23,26,Not Open
T026,23-24,10/26/23,26,Not Open
T027,23-24,10/26/23,26,Not Open
T028,23-24,10/26/23,26,Not Open
T029,23-24,10/26/23,26,Not Open
T030,23-24,10/26/23,26,Not Open
T031,23-24,10/26/23,26,Not Open
T032,23-24,10/26/23,26,Not Open
T033,23-24,10/26/23,26,Not Open
T034,23-24,10/26/23,26,Not Open
T035,23-24,10/26/23,26,Not Open
T036,23-24,10/26/23,26,Not Open
T037,23-24,10/26/23,26,Not Open
T038,23-24,10/26/23,26,Not Open
T039,23-24,10/26/23,26,Not Open
T040,23-24,10/26/23,26,Not Open
T042,23-24,10/26/23,26,Not Open
T043,23-24,10/26/23,26,Not Open
T044,23-24,10/26/23,26,Not Open
T045,23-24,10/26/23,26,Not Open
T046,23-24,10/26/23,26,Not Open
T047,23-24,10/26/23,26,Not Open
T048,23-24,10/26/23,26,Not Open
T049,23-24,10/26/23,26,Not Open
T050,23-24,10/26/23,26,Not Open
T051,23-24,10/26/23,26,Not Open
T052,23-24,10/26/23,26,Not Open
T053,23-24,10/26/23,26,Not Open
T054,23-24,10/26/23,26,Not Open
T055,23-24,10/26/23,26,Not Open
T056,23-24,10/26/23,26,Not Open
T057,23-24,10/26/23,26,Not Open
T058,23-24,10/26/23,26,Not Open
T061,23-24,10/26/23,26,Not Open
T062,23-24,10/26/23,26,Not Open
T063,23-24,10/26/23,26,Not Open
T064,23-24,10/26/23,26,Not Open
T065,23-24,10/26/23,26,Not Open
T066,23-24,10/26/23,26,Not Open
T067,23-24,10/26/23,26,Not Open
T068,23-24,10/26/23,26,Not Open
T069,23-24,10/26/23,26,Not Open
T070,23-24,10/26/23,26,Not Open
T071,23-24,10/26/23,26,Not Open
T072,23-24,10/26/23,26,Not Open
T073,23-24,10/26/23,26,Not Open
T074,23-24,10/26/23,26,Not Open
T075,23-24,10/26/23,26,Not Open
T076,23-24,10/26/23,26,Not Open
T077,23-24,10/26/23,26,Not Open
T078,23-24,10/26/23,26,Not Open
T079,23-24,10/26/23,26,Not Open
T080,23-24,10/26/23,26,Not Open
T081,23-24,10/26/23,26,Not Open
T082,23-24,10/26/23,26,Not Open
T083,23-24,10/26/23,26,Not Open
T084,23-24,10/26/23,26,Not Open
T085,23-24,10/26/23,26,Not Open
T086,23-24,10/26/23,26,Not Open
T087,23-24,10/26/23,26,Not Open
T088,23-24,10/26/23,26,Not Open
T089,23-24,10/26/23,26,Not Open
T090,23-24,10/26/23,26,Not Open
T091,23-24,10/26/23,26,Not Open
T092,23-24,10/26/23,26,Not Open
T107,23-24,10/26/23,26,Not Open
T108,23-24,10/26/23,26,Not Open
T109,23-24,10/26/23,26,Not Open
T110,23-24,10/26/23,26,Not Open
T111,23-24,10/26/23,26,Not Open
T112,23-24,10/26/23,26,Not Open
T113,23-24,10/26/23,26,Not Open
T114,23-24,10/26/23,26,Not Open
T115,23-24,10/26/23,26,Not Open
T116,23-24,10/26/23,26,Not Open
T117,23-24,10/26/23,26,Not Open
T118,23-24,10/26/23,26,Not Open
T119,23-24,10/26/23,26,Not Open
T127,23-24,10/26/23,26,Not Open
T128,23-24,10/26/23,26,Not Open
T129,23-24,10/26/23,26,Not Open
T130,23-24,10/26/23,26,Not Open
T131,23-24,10/26/23,26,Not Open
T132,23-24,10/26/23,26,Not Open
T133,23-24,10/26/23,26,Not Open
T136,23-24,10/26/23,26,Not Open
T137,23-24,10/26/23,26,Not Open
T148,23-24,10/26/23,26,Not Open
T001,23-24,10/27/23,27,Not Open
T002,23-24,10/27/23,27,Not Open
T003,23-24,10/27/23,27,Not Open
T004,23-24,10/27/23,27,Not Open
T005,23-24,10/27/23,27,Not Open
T006,23-24,10/27/23,27,Not Open
T007,23-24,10/27/23,27,Not Open
T008,23-24,10/27/23,27,Not Open
T009,23-24,10/27/23,27,Not Open
T010,23-24,10/27/23,27,Not Open
T011,23-24,10/27/23,27,Not Open
T012,23-24,10/27/23,27,Not Open
T013,23-24,10/27/23,27,Not Open
T014,23-24,10/27/23,27,Not Open
T015,23-24,10/27/23,27,Not Open
T016,23-24,10/27/23,27,Not Open
T017,23-24,10/27/23,27,Not Open
T018,23-24,10/27/23,27,Not Open
T019,23-24,10/27/23,27,Not Open
T020,23-24,10/27/23,27,Not Open
T021,23-24,10/27/23,27,Not Open
T022,23-24,10/27/23,27,Not Open
T023,23-24,10/27/23,27,Not Open
T024,23-24,10/27/23,27,Not Open
T025,23-24,10/27/23,27,Not Open
T026,23-24,10/27/23,27,Not Open
T027,23-24,10/27/23,27,Not Open
T028,23-24,10/27/23,27,Not Open
T029,23-24,10/27/23,27,Not Open
T030,23-24,10/27/23,27,Not Open
T031,23-24,10/27/23,27,Not Open
T032,23-24,10/27/23,27,Not Open
T033,23-24,10/27/23,27,Not Open
T034,23-24,10/27/23,27,Not Open
T035,23-24,10/27/23,27,Not Open
T036,23-24,10/27/23,27,Not Open
T037,23-24,10/27/23,27,Not Open
T038,23-24,10/27/23,27,Not Open
T039,23-24,10/27/23,27,Not Open
T040,23-24,10/27/23,27,Not Open
T042,23-24,10/27/23,27,Not Open
T043,23-24,10/27/23,27,Not Open
T044,23-24,10/27/23,27,Not Open
T045,23-24,10/27/23,27,Not Open
T046,23-24,10/27/23,27,Not Open
T047,23-24,10/27/23,27,Not Open
T048,23-24,10/27/23,27,Not Open
T049,23-24,10/27/23,27,Not Open
T050,23-24,10/27/23,27,Not Open
T051,23-24,10/27/23,27,Not Open
T052,23-24,10/27/23,27,Not Open
T053,23-24,10/27/23,27,Not Open
T054,23-24,10/27/23,27,Not Open
T055,23-24,10/27/23,27,Not Open
T056,23-24,10/27/23,27,Not Open
T057,23-24,10/27/23,27,Not Open
T058,23-24,10/27/23,27,Not Open
T061,23-24,10/27/23,27,Not Open
T062,23-24,10/27/23,27,Not Open
T063,23-24,10/27/23,27,Not Open
T064,23-24,10/27/23,27,Not Open
T065,23-24,10/27/23,27,Not Open
T066,23-24,10/27/23,27,Not Open
T067,23-24,10/27/23,27,Not Open
T068,23-24,10/27/23,27,Not Open
T069,23-24,10/27/23,27,Not Open
T070,23-24,10/27/23,27,Not Open
T071,23-24,10/27/23,27,Not Open
T072,23-24,10/27/23,27,Not Open
T073,23-24,10/27/23,27,Not Open
T074,23-24,10/27/23,27,Not Open
T075,23-24,10/27/23,27,Not Open
T076,23-24,10/27/23,27,Not Open
T077,23-24,10/27/23,27,Not Open
T078,23-24,10/27/23,27,Not Open
T079,23-24,10/27/23,27,Not Open
T080,23-24,10/27/23,27,Not Open
T081,23-24,10/27/23,27,Not Open
T082,23-24,10/27/23,27,Not Open
T083,23-24,10/27/23,27,Not Open
T084,23-24,10/27/23,27,Not Open
T085,23-24,10/27/23,27,Not Open
T086,23-24,10/27/23,27,Not Open
T087,23-24,10/27/23,27,Not Open
T088,23-24,10/27/23,27,Not Open
T089,23-24,10/27/23,27,Not Open
T090,23-24,10/27/23,27,Not Open
T091,23-24,10/27/23,27,Not Open
T092,23-24,10/27/23,27,Not Open
T107,23-24,10/27/23,27,Not Open
T108,23-24,10/27/23,27,Not Open
T109,23-24,10/27/23,27,Not Open
T110,23-24,10/27/23,27,Not Open
T111,23-24,10/27/23,27,Not Open
T112,23-24,10/27/23,27,Not Open
T113,23-24,10/27/23,27,Not Open
T114,23-24,10/27/23,27,Not Open
T115,23-24,10/27/23,27,Not Open
T116,23-24,10/27/23,27,Not Open
T117,23-24,10/27/23,27,Not Open
T118,23-24,10/27/23,27,Not Open
T119,23-24,10/27/23,27,Not Open
T127,23-24,10/27/23,27,Not Open
T128,23-24,10/27/23,27,Not Open
T129,23-24,10/27/23,27,Not Open
T130,23-24,10/27/23,27,Not Open
T131,23-24,10/27/23,27,Not Open
T132,23-24,10/27/23,27,Not Open
T133,23-24,10/27/23,27,Not Open
T136,23-24,10/27/23,27,Not Open
T137,23-24,10/27/23,27,Not Open
T148,23-24,10/27/23,27,Not Open
T001,23-24,10/28/23,28,Not Open
T002,23-24,10/28/23,28,Not Open
T003,23-24,10/28/23,28,Not Open
T004,23-24,10/28/23,28,Not Open
T005,23-24,10/28/23,28,Not Open
T006,23-24,10/28/23,28,Not Open
T007,23-24,10/28/23,28,Not Open
T008,23-24,10/28/23,28,Not Open
T009,23-24,10/28/23,28,Not Open
T010,23-24,10/28/23,28,Not Open
T011,23-24,10/28/23,28,Not Open
T012,23-24,10/28/23,28,Not Open
T013,23-24,10/28/23,28,Not Open
T014,23-24,10/28/23,28,Not Open
T015,23-24,10/28/23,28,Not Open
T016,23-24,10/28/23,28,Not Open
T017,23-24,10/28/23,28,Not Open
T018,23-24,10/28/23,28,Not Open
T019,23-24,10/28/23,28,Not Open
T020,23-24,10/28/23,28,Not Open
T021,23-24,10/28/23,28,Not Open
T022,23-24,10/28/23,28,Not Open
T023,23-24,10/28/23,28,Not Open
T024,23-24,10/28/23,28,Not Open
T025,23-24,10/28/23,28,Not Open
T026,23-24,10/28/23,28,Not Open
T027,23-24,10/28/23,28,Not Open
T028,23-24,10/28/23,28,Not Open
T029,23-24,10/28/23,28,Not Open
T030,23-24,10/28/23,28,Not Open
T031,23-24,10/28/23,28,Not Open
T032,23-24,10/28/23,28,Not Open
T033,23-24,10/28/23,28,Not Open
T034,23-24,10/28/23,28,Not Open
T035,23-24,10/28/23,28,Not Open
T036,23-24,10/28/23,28,Not Open
T037,23-24,10/28/23,28,Not Open
T038,23-24,10/28/23,28,Not Open
T039,23-24,10/28/23,28,Not Open
T040,23-24,10/28/23,28,Not Open
T042,23-24,10/28/23,28,Not Open
T043,23-24,10/28/23,28,Not Open
T044,23-24,10/28/23,28,Not Open
T045,23-24,10/28/23,28,Not Open
T046,23-24,10/28/23,28,Not Open
T047,23-24,10/28/23,28,Not Open
T048,23-24,10/28/23,28,Not Open
T049,23-24,10/28/23,28,Not Open
T050,23-24,10/28/23,28,Not Open
T051,23-24,10/28/23,28,Not Open
T052,23-24,10/28/23,28,Not Open
T053,23-24,10/28/23,28,Not Open
T054,23-24,10/28/23,28,Not Open
T055,23-24,10/28/23,28,Not Open
T056,23-24,10/28/23,28,Not Open
T057,23-24,10/28/23,28,Not Open
T058,23-24,10/28/23,28,Not Open
T061,23-24,10/28/23,28,Not Open
T062,23-24,10/28/23,28,Not Open
T063,23-24,10/28/23,28,Not Open
T064,23-24,10/28/23,28,Not Open
T065,23-24,10/28/23,28,Not Open
T066,23-24,10/28/23,28,Not Open
T067,23-24,10/28/23,28,Not Open
T068,23-24,10/28/23,28,Not Open
T069,23-24,10/28/23,28,Not Open
T070,23-24,10/28/23,28,Not Open
T071,23-24,10/28/23,28,Not Open
T072,23-24,10/28/23,28,Not Open
T073,23-24,10/28/23,28,Not Open
T074,23-24,10/28/23,28,Not Open
T075,23-24,10/28/23,28,Not Open
T076,23-24,10/28/23,28,Not Open
T077,23-24,10/28/23,28,Not Open
T078,23-24,10/28/23,28,Not Open
T079,23-24,10/28/23,28,Not Open
T080,23-24,10/28/23,28,Not Open
T081,23-24,10/28/23,28,Not Open
T082,23-24,10/28/23,28,Not Open
T083,23-24,10/28/23,28,Not Open
T084,23-24,10/28/23,28,Not Open
T085,23-24,10/28/23,28,Not Open
T086,23-24,10/28/23,28,Not Open
T087,23-24,10/28/23,28,Not Open
T088,23-24,10/28/23,28,Not Open
T089,23-24,10/28/23,28,Not Open
T090,23-24,10/28/23,28,Not Open
T091,23-24,10/28/23,28,Not Open
T092,23-24,10/28/23,28,Not Open
T107,23-24,10/28/23,28,Not Open
T108,23-24,10/28/23,28,Not Open
T109,23-24,10/28/23,28,Not Open
T110,23-24,10/28/23,28,Not Open
T111,23-24,10/28/23,28,Not Open
T112,23-24,10/28/23,28,Not Open
T113,23-24,10/28/23,28,Not Open
T114,23-24,10/28/23,28,Not Open
T115,23-24,10/28/23,28,Not Open
T116,23-24,10/28/23,28,Not Open
T117,23-24,10/28/23,28,Not Open
T118,23-24,10/28/23,28,Not Open
T119,23-24,10/28/23,28,Not Open
T127,23-24,10/28/23,28,Not Open
T128,23-24,10/28/23,28,Not Open
T129,23-24,10/28/23,28,Not Open
T130,23-24,10/28/23,28,Not Open
T131,23-24,10/28/23,28,Not Open
T132,23-24,10/28/23,28,Not Open
T133,23-24,10/28/23,28,Not Open
T136,23-24,10/28/23,28,Not Open
T137,23-24,10/28/23,28,Not Open
T148,23-24,10/28/23,28,Not Open
T001,23-24,10/29/23,29,Not Open
T002,23-24,10/29/23,29,Not Open
T003,23-24,10/29/23,29,Not Open
T004,23-24,10/29/23,29,Not Open
T005,23-24,10/29/23,29,Not Open
T006,23-24,10/29/23,29,Not Open
T007,23-24,10/29/23,29,Not Open
T008,23-24,10/29/23,29,Not Open
T009,23-24,10/29/23,29,Not Open
T010,23-24,10/29/23,29,Not Open
T011,23-24,10/29/23,29,Not Open
T012,23-24,10/29/23,29,Not Open
T013,23-24,10/29/23,29,Not Open
T014,23-24,10/29/23,29,Not Open
T015,23-24,10/29/23,29,Not Open
T016,23-24,10/29/23,29,Not Open
T017,23-24,10/29/23,29,Not Open
T018,23-24,10/29/23,29,Not Open
T019,23-24,10/29/23,29,Not Open
T020,23-24,10/29/23,29,Not Open
T021,23-24,10/29/23,29,Not Open
T022,23-24,10/29/23,29,Not Open
T023,23-24,10/29/23,29,Not Open
T024,23-24,10/29/23,29,Not Open
T025,23-24,10/29/23,29,Not Open
T026,23-24,10/29/23,29,Not Open
T027,23-24,10/29/23,29,Not Open
T028,23-24,10/29/23,29,Not Open
T029,23-24,10/29/23,29,Not Open
T030,23-24,10/29/23,29,Not Open
T031,23-24,10/29/23,29,Not Open
T032,23-24,10/29/23,29,Not Open
T033,23-24,10/29/23,29,Not Open
T034,23-24,10/29/23,29,Not Open
T035,23-24,10/29/23,29,Not Open
T036,23-24,10/29/23,29,Not Open
T037,23-24,10/29/23,29,Not Open
T038,23-24,10/29/23,29,Not Open
T039,23-24,10/29/23,29,Not Open
T040,23-24,10/29/23,29,Not Open
T042,23-24,10/29/23,29,Not Open
T043,23-24,10/29/23,29,Not Open
T044,23-24,10/29/23,29,Not Open
T045,23-24,10/29/23,29,Not Open
T046,23-24,10/29/23,29,Not Open
T047,23-24,10/29/23,29,Not Open
T048,23-24,10/29/23,29,Not Open
T049,23-24,10/29/23,29,Not Open
T050,23-24,10/29/23,29,Not Open
T051,23-24,10/29/23,29,Not Open
T052,23-24,10/29/23,29,Not Open
T053,23-24,10/29/23,29,Not Open
T054,23-24,10/29/23,29,Not Open
T055,23-24,10/29/23,29,Not Open
T056,23-24,10/29/23,29,Not Open
T057,23-24,10/29/23,29,Not Open
T058,23-24,10/29/23,29,Not Open
T061,23-24,10/29/23,29,Not Open
T062,23-24,10/29/23,29,Not Open
T063,23-24,10/29/23,29,Not Open
T064,23-24,10/29/23,29,Not Open
T065,23-24,10/29/23,29,Not Open
T066,23-24,10/29/23,29,Not Open
T067,23-24,10/29/23,29,Not Open
T068,23-24,10/29/23,29,Not Open
T069,23-24,10/29/23,29,Not Open
T070,23-24,10/29/23,29,Not Open
T071,23-24,10/29/23,29,Not Open
T072,23-24,10/29/23,29,Not Open
T073,23-24,10/29/23,29,Not Open
T074,23-24,10/29/23,29,Not Open
T075,23-24,10/29/23,29,Not Open
T076,23-24,10/29/23,29,Not Open
T077,23-24,10/29/23,29,Not Open
T078,23-24,10/29/23,29,Not Open
T079,23-24,10/29/23,29,Not Open
T080,23-24,10/29/23,29,Not Open
T081,23-24,10/29/23,29,Not Open
T082,23-24,10/29/23,29,Not Open
T083,23-24,10/29/23,29,Not Open
T084,23-24,10/29/23,29,Not Open
T085,23-24,10/29/23,29,Not Open
T086,23-24,10/29/23,29,Not Open
T087,23-24,10/29/23,29,Not Open
T088,23-24,10/29/23,29,Not Open
T089,23-24,10/29/23,29,Not Open
T090,23-24,10/29/23,29,Not Open
T091,23-24,10/29/23,29,Not Open
T092,23-24,10/29/23,29,Not Open
T107,23-24,10/29/23,29,Not Open
T108,23-24,10/29/23,29,Not Open
T109,23-24,10/29/23,29,Not Open
T110,23-24,10/29/23,29,Not Open
T111,23-24,10/29/23,29,Not Open
T112,23-24,10/29/23,29,Not Open
T113,23-24,10/29/23,29,Not Open
T114,23-24,10/29/23,29,Not Open
T115,23-24,10/29/23,29,Not Open
T116,23-24,10/29/23,29,Not Open
T117,23-24,10/29/23,29,Not Open
T118,23-24,10/29/23,29,Not Open
T119,23-24,10/29/23,29,Not Open
T127,23-24,10/29/23,29,Not Open
T128,23-24,10/29/23,29,Not Open
T129,23-24,10/29/23,29,Not Open
T130,23-24,10/29/23,29,Not Open
T131,23-24,10/29/23,29,Not Open
T132,23-24,10/29/23,29,Not Open
T133,23-24,10/29/23,29,Not Open
T136,23-24,10/29/23,29,Not Open
T137,23-24,10/29/23,29,Not Open
T148,23-24,10/29/23,29,Not Open
T001,23-24,10/30/23,30,Not Open
T002,23-24,10/30/23,30,Not Open
T003,23-24,10/30/23,30,Not Open
T004,23-24,10/30/23,30,Not Open
T005,23-24,10/30/23,30,Not Open
T006,23-24,10/30/23,30,Not Open
T007,23-24,10/30/23,30,Not Open
T008,23-24,10/30/23,30,Not Open
T009,23-24,10/30/23,30,Not Open
T010,23-24,10/30/23,30,Not Open
T011,23-24,10/30/23,30,Not Open
T012,23-24,10/30/23,30,Not Open
T013,23-24,10/30/23,30,Not Open
T014,23-24,10/30/23,30,Not Open
T015,23-24,10/30/23,30,Not Open
T016,23-24,10/30/23,30,Not Open
T017,23-24,10/30/23,30,Not Open
T018,23-24,10/30/23,30,Not Open
T019,23-24,10/30/23,30,Not Open
T020,23-24,10/30/23,30,Not Open
T021,23-24,10/30/23,30,Not Open
T022,23-24,10/30/23,30,Not Open
T023,23-24,10/30/23,30,Not Open
T024,23-24,10/30/23,30,Not Open
T025,23-24,10/30/23,30,Not Open
T026,23-24,10/30/23,30,Not Open
T027,23-24,10/30/23,30,Not Open
T028,23-24,10/30/23,30,Not Open
T029,23-24,10/30/23,30,Not Open
T030,23-24,10/30/23,30,Not Open
T031,23-24,10/30/23,30,Not Open
T032,23-24,10/30/23,30,Not Open
T033,23-24,10/30/23,30,Not Open
T034,23-24,10/30/23,30,Not Open
T035,23-24,10/30/23,30,Not Open
T036,23-24,10/30/23,30,Not Open
T037,23-24,10/30/23,30,Not Open
T038,23-24,10/30/23,30,Not Open
T039,23-24,10/30/23,30,Not Open
T040,23-24,10/30/23,30,Not Open
T042,23-24,10/30/23,30,Not Open
T043,23-24,10/30/23,30,Not Open
T044,23-24,10/30/23,30,Not Open
T045,23-24,10/30/23,30,Not Open
T046,23-24,10/30/23,30,Not Open
T047,23-24,10/30/23,30,Not Open
T048,23-24,10/30/23,30,Not Open
T049,23-24,10/30/23,30,Not Open
T050,23-24,10/30/23,30,Not Open
T051,23-24,10/30/23,30,Not Open
T052,23-24,10/30/23,30,Not Open
T053,23-24,10/30/23,30,Not Open
T054,23-24,10/30/23,30,Not Open
T055,23-24,10/30/23,30,Not Open
T056,23-24,10/30/23,30,Not Open
T057,23-24,10/30/23,30,Not Open
T058,23-24,10/30/23,30,Not Open
T061,23-24,10/30/23,30,Not Open
T062,23-24,10/30/23,30,Not Open
T063,23-24,10/30/23,30,Not Open
T064,23-24,10/30/23,30,Not Open
T065,23-24,10/30/23,30,Not Open
T066,23-24,10/30/23,30,Not Open
T067,23-24,10/30/23,30,Not Open
T068,23-24,10/30/23,30,Not Open
T069,23-24,10/30/23,30,Not Open
T070,23-24,10/30/23,30,Not Open
T071,23-24,10/30/23,30,Not Open
T072,23-24,10/30/23,30,Not Open
T073,23-24,10/30/23,30,Not Open
T074,23-24,10/30/23,30,Not Open
T075,23-24,10/30/23,30,Not Open
T076,23-24,10/30/23,30,Not Open
T077,23-24,10/30/23,30,Not Open
T078,23-24,10/30/23,30,Not Open
T079,23-24,10/30/23,30,Not Open
T080,23-24,10/30/23,30,Not Open
T081,23-24,10/30/23,30,Not Open
T082,23-24,10/30/23,30,Not Open
T083,23-24,10/30/23,30,Not Open
T084,23-24,10/30/23,30,Not Open
T085,23-24,10/30/23,30,Not Open
T086,23-24,10/30/23,30,Not Open
T087,23-24,10/30/23,30,Not Open
T088,23-24,10/30/23,30,Not Open
T089,23-24,10/30/23,30,Not Open
T090,23-24,10/30/23,30,Not Open
T091,23-24,10/30/23,30,Not Open
T092,23-24,10/30/23,30,Not Open
T107,23-24,10/30/23,30,Not Open
T108,23-24,10/30/23,30,Not Open
T109,23-24,10/30/23,30,Not Open
T110,23-24,10/30/23,30,Not Open
T111,23-24,10/30/23,30,Not Open
T112,23-24,10/30/23,30,Not Open
T113,23-24,10/30/23,30,Not Open
T114,23-24,10/30/23,30,Not Open
T115,23-24,10/30/23,30,Not Open
T116,23-24,10/30/23,30,Not Open
T117,23-24,10/30/23,30,Not Open
T118,23-24,10/30/23,30,Not Open
T119,23-24,10/30/23,30,Not Open
T127,23-24,10/30/23,30,Not Open
T128,23-24,10/30/23,30,Not Open
T129,23-24,10/30/23,30,Not Open
T130,23-24,10/30/23,30,Not Open
T131,23-24,10/30/23,30,Not Open
T132,23-24,10/30/23,30,Not Open
T133,23-24,10/30/23,30,Not Open
T136,23-24,10/30/23,30,Not Open
T137,23-24,10/30/23,30,Not Open
T148,23-24,10/30/23,30,Not Open
T001,23-24,10/31/23,31,Not Open
T002,23-24,10/31/23,31,Not Open
T003,23-24,10/31/23,31,Not Open
T004,23-24,10/31/23,31,Not Open
T005,23-24,10/31/23,31,Not Open
T006,23-24,10/31/23,31,Not Open
T007,23-24,10/31/23,31,Not Open
T008,23-24,10/31/23,31,Not Open
T009,23-24,10/31/23,31,Not Open
T010,23-24,10/31/23,31,Not Open
T011,23-24,10/31/23,31,Not Open
T012,23-24,10/31/23,31,Not Open
T013,23-24,10/31/23,31,Not Open
T014,23-24,10/31/23,31,Not Open
T015,23-24,10/31/23,31,Not Open
T016,23-24,10/31/23,31,Not Open
T017,23-24,10/31/23,31,Not Open
T018,23-24,10/31/23,31,Not Open
T019,23-24,10/31/23,31,Not Open
T020,23-24,10/31/23,31,Not Open
T021,23-24,10/31/23,31,Not Open
T022,23-24,10/31/23,31,Not Open
T023,23-24,10/31/23,31,Not Open
T024,23-24,10/31/23,31,Not Open
T025,23-24,10/31/23,31,Not Open
T026,23-24,10/31/23,31,Not Open
T027,23-24,10/31/23,31,Not Open
T028,23-24,10/31/23,31,Not Open
T029,23-24,10/31/23,31,Not Open
T030,23-24,10/31/23,31,Not Open
T031,23-24,10/31/23,31,Not Open
T032,23-24,10/31/23,31,Not Open
T033,23-24,10/31/23,31,Not Open
T034,23-24,10/31/23,31,Not Open
T035,23-24,10/31/23,31,Not Open
T036,23-24,10/31/23,31,Not Open
T037,23-24,10/31/23,31,Not Open
T038,23-24,10/31/23,31,Not Open
T039,23-24,10/31/23,31,Not Open
T040,23-24,10/31/23,31,Not Open
T042,23-24,10/31/23,31,Not Open
T043,23-24,10/31/23,31,Not Open
T044,23-24,10/31/23,31,Not Open
T045,23-24,10/31/23,31,Not Open
T046,23-24,10/31/23,31,Not Open
T047,23-24,10/31/23,31,Not Open
T048,23-24,10/31/23,31,Not Open
T049,23-24,10/31/23,31,Not Open
T050,23-24,10/31/23,31,Not Open
T051,23-24,10/31/23,31,Not Open
T052,23-24,10/31/23,31,Not Open
T053,23-24,10/31/23,31,Not Open
T054,23-24,10/31/23,31,Not Open
T055,23-24,10/31/23,31,Not Open
T056,23-24,10/31/23,31,Not Open
T057,23-24,10/31/23,31,Not Open
T058,23-24,10/31/23,31,Not Open
T061,23-24,10/31/23,31,Not Open
T062,23-24,10/31/23,31,Not Open
T063,23-24,10/31/23,31,Not Open
T064,23-24,10/31/23,31,Not Open
T065,23-24,10/31/23,31,Not Open
T066,23-24,10/31/23,31,Not Open
T067,23-24,10/31/23,31,Not Open
T068,23-24,10/31/23,31,Not Open
T069,23-24,10/31/23,31,Not Open
T070,23-24,10/31/23,31,Not Open
T071,23-24,10/31/23,31,Not Open
T072,23-24,10/31/23,31,Not Open
T073,23-24,10/31/23,31,Not Open
T074,23-24,10/31/23,31,Not Open
T075,23-24,10/31/23,31,Not Open
T076,23-24,10/31/23,31,Not Open
T077,23-24,10/31/23,31,Not Open
T078,23-24,10/31/23,31,Not Open
T079,23-24,10/31/23,31,Not Open
T080,23-24,10/31/23,31,Not Open
T081,23-24,10/31/23,31,Not Open
T082,23-24,10/31/23,31,Not Open
T083,23-24,10/31/23,31,Not Open
T084,23-24,10/31/23,31,Not Open
T085,23-24,10/31/23,31,Not Open
T086,23-24,10/31/23,31,Not Open
T087,23-24,10/31/23,31,Not Open
T088,23-24,10/31/23,31,Not Open
T089,23-24,10/31/23,31,Not Open
T090,23-24,10/31/23,31,Not Open
T091,23-24,10/31/23,31,Not Open
T092,23-24,10/31/23,31,Not Open
T107,23-24,10/31/23,31,Not Open
T108,23-24,10/31/23,31,Not Open
T109,23-24,10/31/23,31,Not Open
T110,23-24,10/31/23,31,Not Open
T111,23-24,10/31/23,31,Not Open
T112,23-24,10/31/23,31,Not Open
T113,23-24,10/31/23,31,Not Open
T114,23-24,10/31/23,31,Not Open
T115,23-24,10/31/23,31,Not Open
T116,23-24,10/31/23,31,Not Open
T117,23-24,10/31/23,31,Not Open
T118,23-24,10/31/23,31,Not Open
T119,23-24,10/31/23,31,Not Open
T127,23-24,10/31/23,31,Not Open
T128,23-24,10/31/23,31,Not Open
T129,23-24,10/31/23,31,Not Open
T130,23-24,10/31/23,31,Not Open
T131,23-24,10/31/23,31,Not Open
T132,23-24,10/31/23,31,Not Open
T133,23-24,10/31/23,31,Not Open
T136,23-24,10/31/23,31,Not Open
T137,23-24,10/31/23,31,Not Open
T148,23-24,10/31/23,31,Not Open
T001,23-24,11/1/23,32,Closed
T002,23-24,11/1/23,32,Closed
T003,23-24,11/1/23,32,Closed
T004,23-24,11/1/23,32,Closed
T005,23-24,11/1/23,32,Groomed
T006,23-24,11/1/23,32,Closed
T007,23-24,11/1/23,32,Closed
T008,23-24,11/1/23,32,Closed
T009,23-24,11/1/23,32,Closed
T010,23-24,11/1/23,32,Closed
T011,23-24,11/1/23,32,Groomed
T012,23-24,11/1/23,32,Closed
T013,23-24,11/1/23,32,Closed
T014,23-24,11/1/23,32,Closed
T015,23-24,11/1/23,32,Closed
T016,23-24,11/1/23,32,Closed
T017,23-24,11/1/23,32,Closed
T018,23-24,11/1/23,32,Closed
T019,23-24,11/1/23,32,Closed
T020,23-24,11/1/23,32,Closed
T021,23-24,11/1/23,32,Closed
T022,23-24,11/1/23,32,Closed
T023,23-24,11/1/23,32,Closed
T024,23-24,11/1/23,32,Closed
T025,23-24,11/1/23,32,Closed
T026,23-24,11/1/23,32,Closed
T027,23-24,11/1/23,32,Closed
T028,23-24,11/1/23,32,Closed
T029,23-24,11/1/23,32,Closed
T030,23-24,11/1/23,32,Closed
T031,23-24,11/1/23,32,Closed
T032,23-24,11/1/23,32,Closed
T033,23-24,11/1/23,32,Closed
T034,23-24,11/1/23,32,Closed
T035,23-24,11/1/23,32,Closed
T036,23-24,11/1/23,32,Closed
T037,23-24,11/1/23,32,Closed
T038,23-24,11/1/23,32,Closed
T039,23-24,11/1/23,32,Closed
T040,23-24,11/1/23,32,Closed
T042,23-24,11/1/23,32,Closed
T043,23-24,11/1/23,32,Closed
T044,23-24,11/1/23,32,Closed
T045,23-24,11/1/23,32,Closed
T046,23-24,11/1/23,32,Closed
T047,23-24,11/1/23,32,Closed
T048,23-24,11/1/23,32,Closed
T049,23-24,11/1/23,32,Closed
T050,23-24,11/1/23,32,Closed
T051,23-24,11/1/23,32,Closed
T052,23-24,11/1/23,32,Closed
T053,23-24,11/1/23,32,Closed
T054,23-24,11/1/23,32,Closed
T055,23-24,11/1/23,32,Closed
T056,23-24,11/1/23,32,Closed
T057,23-24,11/1/23,32,Closed
T058,23-24,11/1/23,32,Closed
T061,23-24,11/1/23,32,Closed
T062,23-24,11/1/23,32,Closed
T063,23-24,11/1/23,32,Closed
T064,23-24,11/1/23,32,Closed
T065,23-24,11/1/23,32,Closed
T066,23-24,11/1/23,32,Closed
T067,23-24,11/1/23,32,Closed
T068,23-24,11/1/23,32,Closed
T069,23-24,11/1/23,32,Closed
T070,23-24,11/1/23,32,Closed
T071,23-24,11/1/23,32,Closed
T072,23-24,11/1/23,32,Closed
T073,23-24,11/1/23,32,Closed
T074,23-24,11/1/23,32,Closed
T075,23-24,11/1/23,32,Closed
T076,23-24,11/1/23,32,Closed
T077,23-24,11/1/23,32,Closed
T078,23-24,11/1/23,32,Closed
T079,23-24,11/1/23,32,Closed
T080,23-24,11/1/23,32,Closed
T081,23-24,11/1/23,32,Closed
T082,23-24,11/1/23,32,Closed
T083,23-24,11/1/23,32,Closed
T084,23-24,11/1/23,32,Closed
T085,23-24,11/1/23,32,Closed
T086,23-24,11/1/23,32,Closed
T087,23-24,11/1/23,32,Closed
T088,23-24,11/1/23,32,Closed
T089,23-24,11/1/23,32,Closed
T090,23-24,11/1/23,32,Closed
T091,23-24,11/1/23,32,Closed
T092,23-24,11/1/23,32,Closed
T107,23-24,11/1/23,32,Closed
T108,23-24,11/1/23,32,Closed
T109,23-24,11/1/23,32,Closed
T110,23-24,11/1/23,32,Closed
T111,23-24,11/1/23,32,Closed
T112,23-24,11/1/23,32,Closed
T113,23-24,11/1/23,32,Closed
T114,23-24,11/1/23,32,Closed
T115,23-24,11/1/23,32,Closed
T116,23-24,11/1/23,32,Closed
T117,23-24,11/1/23,32,Closed
T118,23-24,11/1/23,32,Closed
T119,23-24,11/1/23,32,Closed
T127,23-24,11/1/23,32,Closed
T128,23-24,11/1/23,32,Closed
T129,23-24,11/1/23,32,Closed
T130,23-24,11/1/23,32,Closed
T131,23-24,11/1/23,32,Closed
T132,23-24,11/1/23,32,Closed
T133,23-24,11/1/23,32,Closed
T136,23-24,11/1/23,32,Closed
T137,23-24,11/1/23,32,Closed
T148,23-24,11/1/23,32,Closed
T001,23-24,11/2/23,33,Closed
T002,23-24,11/2/23,33,Closed
T003,23-24,11/2/23,33,Closed
T004,23-24,11/2/23,33,Closed
T005,23-24,11/2/23,33,Groomed
T006,23-24,11/2/23,33,Closed
T007,23-24,11/2/23,33,Closed
T008,23-24,11/2/23,33,Closed
T009,23-24,11/2/23,33,Closed
T010,23-24,11/2/23,33,Closed
T011,23-24,11/2/23,33,Groomed
T012,23-24,11/2/23,33,Closed
T013,23-24,11/2/23,33,Closed
T014,23-24,11/2/23,33,Closed
T015,23-24,11/2/23,33,Closed
T016,23-24,11/2/23,33,Closed
T017,23-24,11/2/23,33,Closed
T018,23-24,11/2/23,33,Closed
T019,23-24,11/2/23,33,Closed
T020,23-24,11/2/23,33,Closed
T021,23-24,11/2/23,33,Closed
T022,23-24,11/2/23,33,Closed
T023,23-24,11/2/23,33,Closed
T024,23-24,11/2/23,33,Closed
T025,23-24,11/2/23,33,Closed
T026,23-24,11/2/23,33,Closed
T027,23-24,11/2/23,33,Closed
T028,23-24,11/2/23,33,Closed
T029,23-24,11/2/23,33,Closed
T030,23-24,11/2/23,33,Closed
T031,23-24,11/2/23,33,Closed
T032,23-24,11/2/23,33,Closed
T033,23-24,11/2/23,33,Closed
T034,23-24,11/2/23,33,Closed
T035,23-24,11/2/23,33,Closed
T036,23-24,11/2/23,33,Closed
T037,23-24,11/2/23,33,Closed
T038,23-24,11/2/23,33,Closed
T039,23-24,11/2/23,33,Closed
T040,23-24,11/2/23,33,Closed
T042,23-24,11/2/23,33,Closed
T043,23-24,11/2/23,33,Closed
T044,23-24,11/2/23,33,Closed
T045,23-24,11/2/23,33,Closed
T046,23-24,11/2/23,33,Closed
T047,23-24,11/2/23,33,Closed
T048,23-24,11/2/23,33,Closed
T049,23-24,11/2/23,33,Closed
T050,23-24,11/2/23,33,Closed
T051,23-24,11/2/23,33,Closed
T052,23-24,11/2/23,33,Closed
T053,23-24,11/2/23,33,Closed
T054,23-24,11/2/23,33,Closed
T055,23-24,11/2/23,33,Closed
T056,23-24,11/2/23,33,Closed
T057,23-24,11/2/23,33,Closed
T058,23-24,11/2/23,33,Closed
T061,23-24,11/2/23,33,Closed
T062,23-24,11/2/23,33,Closed
T063,23-24,11/2/23,33,Closed
T064,23-24,11/2/23,33,Closed
T065,23-24,11/2/23,33,Closed
T066,23-24,11/2/23,33,Closed
T067,23-24,11/2/23,33,Closed
T068,23-24,11/2/23,33,Closed
T069,23-24,11/2/23,33,Closed
T070,23-24,11/2/23,33,Closed
T071,23-24,11/2/23,33,Closed
T072,23-24,11/2/23,33,Closed
T073,23-24,11/2/23,33,Closed
T074,23-24,11/2/23,33,Closed
T075,23-24,11/2/23,33,Closed
T076,23-24,11/2/23,33,Closed
T077,23-24,11/2/23,33,Closed
T078,23-24,11/2/23,33,Closed
T079,23-24,11/2/23,33,Closed
T080,23-24,11/2/23,33,Closed
T081,23-24,11/2/23,33,Closed
T082,23-24,11/2/23,33,Closed
T083,23-24,11/2/23,33,Closed
T084,23-24,11/2/23,33,Closed
T085,23-24,11/2/23,33,Closed
T086,23-24,11/2/23,33,Closed
T087,23-24,11/2/23,33,Closed
T088,23-24,11/2/23,33,Closed
T089,23-24,11/2/23,33,Closed
T090,23-24,11/2/23,33,Closed
T091,23-24,11/2/23,33,Closed
T092,23-24,11/2/23,33,Closed
T107,23-24,11/2/23,33,Closed
T108,23-24,11/2/23,33,Closed
T109,23-24,11/2/23,33,Closed
T110,23-24,11/2/23,33,Closed
T111,23-24,11/2/23,33,Closed
T112,23-24,11/2/23,33,Closed
T113,23-24,11/2/23,33,Closed
T114,23-24,11/2/23,33,Closed
T115,23-24,11/2/23,33,Closed
T116,23-24,11/2/23,33,Closed
T117,23-24,11/2/23,33,Closed
T118,23-24,11/2/23,33,Closed
T119,23-24,11/2/23,33,Closed
T127,23-24,11/2/23,33,Closed
T128,23-24,11/2/23,33,Closed
T129,23-24,11/2/23,33,Closed
T130,23-24,11/2/23,33,Closed
T131,23-24,11/2/23,33,Closed
T132,23-24,11/2/23,33,Closed
T133,23-24,11/2/23,33,Closed
T136,23-24,11/2/23,33,Closed
T137,23-24,11/2/23,33,Closed
T148,23-24,11/2/23,33,Closed
T001,23-24,11/3/23,34,Closed
T002,23-24,11/3/23,34,Closed
T003,23-24,11/3/23,34,Closed
T004,23-24,11/3/23,34,Closed
T005,23-24,11/3/23,34,Groomed
T006,23-24,11/3/23,34,Closed
T007,23-24,11/3/23,34,Closed
T008,23-24,11/3/23,34,Closed
T009,23-24,11/3/23,34,Closed
T010,23-24,11/3/23,34,Closed
T011,23-24,11/3/23,34,Groomed
T012,23-24,11/3/23,34,Closed
T013,23-24,11/3/23,34,Closed
T014,23-24,11/3/23,34,Closed
T015,23-24,11/3/23,34,Closed
T016,23-24,11/3/23,34,Closed
T017,23-24,11/3/23,34,Closed
T018,23-24,11/3/23,34,Closed
T019,23-24,11/3/23,34,Closed
T020,23-24,11/3/23,34,Closed
T021,23-24,11/3/23,34,Closed
T022,23-24,11/3/23,34,Closed
T023,23-24,11/3/23,34,Closed
T024,23-24,11/3/23,34,Closed
T025,23-24,11/3/23,34,Closed
T026,23-24,11/3/23,34,Closed
T027,23-24,11/3/23,34,Closed
T028,23-24,11/3/23,34,Closed
T029,23-24,11/3/23,34,Closed
T030,23-24,11/3/23,34,Closed
T031,23-24,11/3/23,34,Closed
T032,23-24,11/3/23,34,Closed
T033,23-24,11/3/23,34,Closed
T034,23-24,11/3/23,34,Closed
T035,23-24,11/3/23,34,Closed
T036,23-24,11/3/23,34,Closed
T037,23-24,11/3/23,34,Closed
T038,23-24,11/3/23,34,Closed
T039,23-24,11/3/23,34,Closed
T040,23-24,11/3/23,34,Closed
T042,23-24,11/3/23,34,Closed
T043,23-24,11/3/23,34,Closed
T044,23-24,11/3/23,34,Closed
T045,23-24,11/3/23,34,Closed
T046,23-24,11/3/23,34,Closed
T047,23-24,11/3/23,34,Closed
T048,23-24,11/3/23,34,Closed
T049,23-24,11/3/23,34,Closed
T050,23-24,11/3/23,34,Closed
T051,23-24,11/3/23,34,Closed
T052,23-24,11/3/23,34,Closed
T053,23-24,11/3/23,34,Closed
T054,23-24,11/3/23,34,Closed
T055,23-24,11/3/23,34,Closed
T056,23-24,11/3/23,34,Closed
T057,23-24,11/3/23,34,Closed
T058,23-24,11/3/23,34,Closed
T061,23-24,11/3/23,34,Closed
T062,23-24,11/3/23,34,Closed
T063,23-24,11/3/23,34,Closed
T064,23-24,11/3/23,34,Closed
T065,23-24,11/3/23,34,Closed
T066,23-24,11/3/23,34,Closed
T067,23-24,11/3/23,34,Closed
T068,23-24,11/3/23,34,Closed
T069,23-24,11/3/23,34,Closed
T070,23-24,11/3/23,34,Closed
T071,23-24,11/3/23,34,Closed
T072,23-24,11/3/23,34,Closed
T073,23-24,11/3/23,34,Closed
T074,23-24,11/3/23,34,Closed
T075,23-24,11/3/23,34,Closed
T076,23-24,11/3/23,34,Closed
T077,23-24,11/3/23,34,Closed
T078,23-24,11/3/23,34,Closed
T079,23-24,11/3/23,34,Closed
T080,23-24,11/3/23,34,Closed
T081,23-24,11/3/23,34,Closed
T082,23-24,11/3/23,34,Closed
T083,23-24,11/3/23,34,Closed
T084,23-24,11/3/23,34,Closed
T085,23-24,11/3/23,34,Closed
T086,23-24,11/3/23,34,Closed
T087,23-24,11/3/23,34,Closed
T088,23-24,11/3/23,34,Closed
T089,23-24,11/3/23,34,Closed
T090,23-24,11/3/23,34,Closed
T091,23-24,11/3/23,34,Closed
T092,23-24,11/3/23,34,Closed
T107,23-24,11/3/23,34,Closed
T108,23-24,11/3/23,34,Closed
T109,23-24,11/3/23,34,Closed
T110,23-24,11/3/23,34,Closed
T111,23-24,11/3/23,34,Closed
T112,23-24,11/3/23,34,Closed
T113,23-24,11/3/23,34,Closed
T114,23-24,11/3/23,34,Closed
T115,23-24,11/3/23,34,Closed
T116,23-24,11/3/23,34,Closed
T117,23-24,11/3/23,34,Closed
T118,23-24,11/3/23,34,Closed
T119,23-24,11/3/23,34,Closed
T127,23-24,11/3/23,34,Closed
T128,23-24,11/3/23,34,Closed
T129,23-24,11/3/23,34,Closed
T130,23-24,11/3/23,34,Closed
T131,23-24,11/3/23,34,Closed
T132,23-24,11/3/23,34,Closed
T133,23-24,11/3/23,34,Closed
T136,23-24,11/3/23,34,Closed
T137,23-24,11/3/23,34,Closed
T148,23-24,11/3/23,34,Closed
T001,23-24,11/4/23,35,Closed
T002,23-24,11/4/23,35,Closed
T003,23-24,11/4/23,35,Closed
T004,23-24,11/4/23,35,Closed
T005,23-24,11/4/23,35,Groomed
T006,23-24,11/4/23,35,Closed
T007,23-24,11/4/23,35,Closed
T008,23-24,11/4/23,35,Closed
T009,23-24,11/4/23,35,Closed
T010,23-24,11/4/23,35,Closed
T011,23-24,11/4/23,35,Groomed
T012,23-24,11/4/23,35,Closed
T013,23-24,11/4/23,35,Closed
T014,23-24,11/4/23,35,Closed
T015,23-24,11/4/23,35,Closed
T016,23-24,11/4/23,35,Closed
T017,23-24,11/4/23,35,Closed
T018,23-24,11/4/23,35,Closed
T019,23-24,11/4/23,35,Closed
T020,23-24,11/4/23,35,Closed
T021,23-24,11/4/23,35,Closed
T022,23-24,11/4/23,35,Closed
T023,23-24,11/4/23,35,Closed
T024,23-24,11/4/23,35,Closed
T025,23-24,11/4/23,35,Closed
T026,23-24,11/4/23,35,Closed
T027,23-24,11/4/23,35,Closed
T028,23-24,11/4/23,35,Closed
T029,23-24,11/4/23,35,Closed
T030,23-24,11/4/23,35,Closed
T031,23-24,11/4/23,35,Closed
T032,23-24,11/4/23,35,Closed
T033,23-24,11/4/23,35,Closed
T034,23-24,11/4/23,35,Closed
T035,23-24,11/4/23,35,Closed
T036,23-24,11/4/23,35,Closed
T037,23-24,11/4/23,35,Closed
T038,23-24,11/4/23,35,Closed
T039,23-24,11/4/23,35,Closed
T040,23-24,11/4/23,35,Closed
T042,23-24,11/4/23,35,Closed
T043,23-24,11/4/23,35,Closed
T044,23-24,11/4/23,35,Closed
T045,23-24,11/4/23,35,Closed
T046,23-24,11/4/23,35,Closed
T047,23-24,11/4/23,35,Closed
T048,23-24,11/4/23,35,Closed
T049,23-24,11/4/23,35,Closed
T050,23-24,11/4/23,35,Closed
T051,23-24,11/4/23,35,Closed
T052,23-24,11/4/23,35,Closed
T053,23-24,11/4/23,35,Closed
T054,23-24,11/4/23,35,Closed
T055,23-24,11/4/23,35,Closed
T056,23-24,11/4/23,35,Closed
T057,23-24,11/4/23,35,Closed
T058,23-24,11/4/23,35,Closed
T061,23-24,11/4/23,35,Closed
T062,23-24,11/4/23,35,Closed
T063,23-24,11/4/23,35,Closed
T064,23-24,11/4/23,35,Closed
T065,23-24,11/4/23,35,Closed
T066,23-24,11/4/23,35,Closed
T067,23-24,11/4/23,35,Closed
T068,23-24,11/4/23,35,Closed
T069,23-24,11/4/23,35,Closed
T070,23-24,11/4/23,35,Closed
T071,23-24,11/4/23,35,Closed
T072,23-24,11/4/23,35,Closed
T073,23-24,11/4/23,35,Closed
T074,23-24,11/4/23,35,Closed
T075,23-24,11/4/23,35,Closed
T076,23-24,11/4/23,35,Closed
T077,23-24,11/4/23,35,Closed
T078,23-24,11/4/23,35,Closed
T079,23-24,11/4/23,35,Closed
T080,23-24,11/4/23,35,Closed
T081,23-24,11/4/23,35,Closed
T082,23-24,11/4/23,35,Closed
T083,23-24,11/4/23,35,Closed
T084,23-24,11/4/23,35,Closed
T085,23-24,11/4/23,35,Closed
T086,23-24,11/4/23,35,Closed
T087,23-24,11/4/23,35,Closed
T088,23-24,11/4/23,35,Closed
T089,23-24,11/4/23,35,Closed
T090,23-24,11/4/23,35,Closed
T091,23-24,11/4/23,35,Closed
T092,23-24,11/4/23,35,Closed
T107,23-24,11/4/23,35,Closed
T108,23-24,11/4/23,35,Closed
T109,23-24,11/4/23,35,Closed
T110,23-24,11/4/23,35,Closed
T111,23-24,11/4/23,35,Closed
T112,23-24,11/4/23,35,Closed
T113,23-24,11/4/23,35,Closed
T114,23-24,11/4/23,35,Closed
T115,23-24,11/4/23,35,Closed
T116,23-24,11/4/23,35,Closed
T117,23-24,11/4/23,35,Closed
T118,23-24,11/4/23,35,Closed
T119,23-24,11/4/23,35,Closed
T127,23-24,11/4/23,35,Closed
T128,23-24,11/4/23,35,Closed
T129,23-24,11/4/23,35,Closed
T130,23-24,11/4/23,35,Closed
T131,23-24,11/4/23,35,Closed
T132,23-24,11/4/23,35,Closed
T133,23-24,11/4/23,35,Closed
T136,23-24,11/4/23,35,Closed
T137,23-24,11/4/23,35,Closed
T148,23-24,11/4/23,35,Closed
T001,23-24,11/5/23,36,Closed
T002,23-24,11/5/23,36,Closed
T003,23-24,11/5/23,36,Closed
T004,23-24,11/5/23,36,Closed
T005,23-24,11/5/23,36,Groomed
T006,23-24,11/5/23,36,Closed
T007,23-24,11/5/23,36,Closed
T008,23-24,11/5/23,36,Closed
T009,23-24,11/5/23,36,Closed
T010,23-24,11/5/23,36,Closed
T011,23-24,11/5/23,36,Groomed
T012,23-24,11/5/23,36,Closed
T013,23-24,11/5/23,36,Closed
T014,23-24,11/5/23,36,Closed
T015,23-24,11/5/23,36,Closed
T016,23-24,11/5/23,36,Closed
T017,23-24,11/5/23,36,Closed
T018,23-24,11/5/23,36,Closed
T019,23-24,11/5/23,36,Closed
T020,23-24,11/5/23,36,Closed
T021,23-24,11/5/23,36,Groomed
T022,23-24,11/5/23,36,Closed
T023,23-24,11/5/23,36,Closed
T024,23-24,11/5/23,36,Closed
T025,23-24,11/5/23,36,Closed
T026,23-24,11/5/23,36,Closed
T027,23-24,11/5/23,36,Closed
T028,23-24,11/5/23,36,Closed
T029,23-24,11/5/23,36,Closed
T030,23-24,11/5/23,36,Closed
T031,23-24,11/5/23,36,Closed
T032,23-24,11/5/23,36,Closed
T033,23-24,11/5/23,36,Closed
T034,23-24,11/5/23,36,Groomed
T035,23-24,11/5/23,36,Closed
T036,23-24,11/5/23,36,Closed
T037,23-24,11/5/23,36,Closed
T038,23-24,11/5/23,36,Closed
T039,23-24,11/5/23,36,Closed
T040,23-24,11/5/23,36,Closed
T042,23-24,11/5/23,36,Closed
T043,23-24,11/5/23,36,Closed
T044,23-24,11/5/23,36,Closed
T045,23-24,11/5/23,36,Closed
T046,23-24,11/5/23,36,Closed
T047,23-24,11/5/23,36,Closed
T048,23-24,11/5/23,36,Closed
T049,23-24,11/5/23,36,Closed
T050,23-24,11/5/23,36,Closed
T051,23-24,11/5/23,36,Closed
T052,23-24,11/5/23,36,Closed
T053,23-24,11/5/23,36,Closed
T054,23-24,11/5/23,36,Closed
T055,23-24,11/5/23,36,Closed
T056,23-24,11/5/23,36,Closed
T057,23-24,11/5/23,36,Closed
T058,23-24,11/5/23,36,Closed
T061,23-24,11/5/23,36,Closed
T062,23-24,11/5/23,36,Closed
T063,23-24,11/5/23,36,Closed
T064,23-24,11/5/23,36,Closed
T065,23-24,11/5/23,36,Closed
T066,23-24,11/5/23,36,Closed
T067,23-24,11/5/23,36,Closed
T068,23-24,11/5/23,36,Closed
T069,23-24,11/5/23,36,Closed
T070,23-24,11/5/23,36,Closed
T071,23-24,11/5/23,36,Closed
T072,23-24,11/5/23,36,Closed
T073,23-24,11/5/23,36,Closed
T074,23-24,11/5/23,36,Closed
T075,23-24,11/5/23,36,Closed
T076,23-24,11/5/23,36,Closed
T077,23-24,11/5/23,36,Closed
T078,23-24,11/5/23,36,Closed
T079,23-24,11/5/23,36,Closed
T080,23-24,11/5/23,36,Closed
T081,23-24,11/5/23,36,Closed
T082,23-24,11/5/23,36,Closed
T083,23-24,11/5/23,36,Closed
T084,23-24,11/5/23,36,Closed
T085,23-24,11/5/23,36,Closed
T086,23-24,11/5/23,36,Closed
T087,23-24,11/5/23,36,Closed
T088,23-24,11/5/23,36,Closed
T089,23-24,11/5/23,36,Closed
T090,23-24,11/5/23,36,Closed
T091,23-24,11/5/23,36,Closed
T092,23-24,11/5/23,36,Closed
T107,23-24,11/5/23,36,Closed
T108,23-24,11/5/23,36,Closed
T109,23-24,11/5/23,36,Closed
T110,23-24,11/5/23,36,Closed
T111,23-24,11/5/23,36,Closed
T112,23-24,11/5/23,36,Closed
T113,23-24,11/5/23,36,Closed
T114,23-24,11/5/23,36,Closed
T115,23-24,11/5/23,36,Closed
T116,23-24,11/5/23,36,Closed
T117,23-24,11/5/23,36,Closed
T118,23-24,11/5/23,36,Closed
T119,23-24,11/5/23,36,Closed
T127,23-24,11/5/23,36,Closed
T128,23-24,11/5/23,36,Closed
T129,23-24,11/5/23,36,Closed
T130,23-24,11/5/23,36,Closed
T131,23-24,11/5/23,36,Closed
T132,23-24,11/5/23,36,Closed
T133,23-24,11/5/23,36,Closed
T136,23-24,11/5/23,36,Closed
T137,23-24,11/5/23,36,Closed
T148,23-24,11/5/23,36,Closed
T001,23-24,11/6/23,37,Closed
T002,23-24,11/6/23,37,Closed
T003,23-24,11/6/23,37,Closed
T004,23-24,11/6/23,37,Closed
T005,23-24,11/6/23,37,Groomed
T006,23-24,11/6/23,37,Closed
T007,23-24,11/6/23,37,Closed
T008,23-24,11/6/23,37,Closed
T009,23-24,11/6/23,37,Closed
T010,23-24,11/6/23,37,Closed
T011,23-24,11/6/23,37,Groomed
T012,23-24,11/6/23,37,Closed
T013,23-24,11/6/23,37,Groomed
T014,23-24,11/6/23,37,Closed
T015,23-24,11/6/23,37,Closed
T016,23-24,11/6/23,37,Closed
T017,23-24,11/6/23,37,Closed
T018,23-24,11/6/23,37,Closed
T019,23-24,11/6/23,37,Closed
T020,23-24,11/6/23,37,Closed
T021,23-24,11/6/23,37,Groomed
T022,23-24,11/6/23,37,Closed
T023,23-24,11/6/23,37,Closed
T024,23-24,11/6/23,37,Closed
T025,23-24,11/6/23,37,Closed
T026,23-24,11/6/23,37,Closed
T027,23-24,11/6/23,37,Closed
T028,23-24,11/6/23,37,Closed
T029,23-24,11/6/23,37,Closed
T030,23-24,11/6/23,37,Closed
T031,23-24,11/6/23,37,Closed
T032,23-24,11/6/23,37,Closed
T033,23-24,11/6/23,37,Closed
T034,23-24,11/6/23,37,Groomed
T035,23-24,11/6/23,37,Closed
T036,23-24,11/6/23,37,Closed
T037,23-24,11/6/23,37,Closed
T038,23-24,11/6/23,37,Closed
T039,23-24,11/6/23,37,Closed
T040,23-24,11/6/23,37,Closed
T042,23-24,11/6/23,37,Closed
T043,23-24,11/6/23,37,Closed
T044,23-24,11/6/23,37,Closed
T045,23-24,11/6/23,37,Closed
T046,23-24,11/6/23,37,Closed
T047,23-24,11/6/23,37,Closed
T048,23-24,11/6/23,37,Closed
T049,23-24,11/6/23,37,Closed
T050,23-24,11/6/23,37,Closed
T051,23-24,11/6/23,37,Closed
T052,23-24,11/6/23,37,Closed
T053,23-24,11/6/23,37,Closed
T054,23-24,11/6/23,37,Closed
T055,23-24,11/6/23,37,Closed
T056,23-24,11/6/23,37,Closed
T057,23-24,11/6/23,37,Closed
T058,23-24,11/6/23,37,Closed
T061,23-24,11/6/23,37,Closed
T062,23-24,11/6/23,37,Closed
T063,23-24,11/6/23,37,Closed
T064,23-24,11/6/23,37,Closed
T065,23-24,11/6/23,37,Closed
T066,23-24,11/6/23,37,Closed
T067,23-24,11/6/23,37,Closed
T068,23-24,11/6/23,37,Closed
T069,23-24,11/6/23,37,Closed
T070,23-24,11/6/23,37,Closed
T071,23-24,11/6/23,37,Closed
T072,23-24,11/6/23,37,Closed
T073,23-24,11/6/23,37,Closed
T074,23-24,11/6/23,37,Closed
T075,23-24,11/6/23,37,Closed
T076,23-24,11/6/23,37,Closed
T077,23-24,11/6/23,37,Closed
T078,23-24,11/6/23,37,Closed
T079,23-24,11/6/23,37,Closed
T080,23-24,11/6/23,37,Closed
T081,23-24,11/6/23,37,Closed
T082,23-24,11/6/23,37,Closed
T083,23-24,11/6/23,37,Closed
T084,23-24,11/6/23,37,Closed
T085,23-24,11/6/23,37,Closed
T086,23-24,11/6/23,37,Closed
T087,23-24,11/6/23,37,Closed
T088,23-24,11/6/23,37,Closed
T089,23-24,11/6/23,37,Closed
T090,23-24,11/6/23,37,Closed
T091,23-24,11/6/23,37,Closed
T092,23-24,11/6/23,37,Closed
T107,23-24,11/6/23,37,Closed
T108,23-24,11/6/23,37,Closed
T109,23-24,11/6/23,37,Closed
T110,23-24,11/6/23,37,Closed
T111,23-24,11/6/23,37,Closed
T112,23-24,11/6/23,37,Closed
T113,23-24,11/6/23,37,Closed
T114,23-24,11/6/23,37,Closed
T115,23-24,11/6/23,37,Closed
T116,23-24,11/6/23,37,Closed
T117,23-24,11/6/23,37,Closed
T118,23-24,11/6/23,37,Closed
T119,23-24,11/6/23,37,Closed
T127,23-24,11/6/23,37,Closed
T128,23-24,11/6/23,37,Closed
T129,23-24,11/6/23,37,Closed
T130,23-24,11/6/23,37,Closed
T131,23-24,11/6/23,37,Closed
T132,23-24,11/6/23,37,Closed
T133,23-24,11/6/23,37,Closed
T136,23-24,11/6/23,37,Closed
T137,23-24,11/6/23,37,Closed
T148,23-24,11/6/23,37,Closed
T001,23-24,11/7/23,38,Closed
T002,23-24,11/7/23,38,Closed
T003,23-24,11/7/23,38,Closed
T004,23-24,11/7/23,38,Closed
T005,23-24,11/7/23,38,Groomed
T006,23-24,11/7/23,38,Closed
T007,23-24,11/7/23,38,Closed
T008,23-24,11/7/23,38,Closed
T009,23-24,11/7/23,38,Closed
T010,23-24,11/7/23,38,Closed
T011,23-24,11/7/23,38,Groomed
T012,23-24,11/7/23,38,Closed
T013,23-24,11/7/23,38,Groomed
T014,23-24,11/7/23,38,Closed
T015,23-24,11/7/23,38,Closed
T016,23-24,11/7/23,38,Closed
T017,23-24,11/7/23,38,Closed
T018,23-24,11/7/23,38,Closed
T019,23-24,11/7/23,38,Closed
T020,23-24,11/7/23,38,Closed
T021,23-24,11/7/23,38,Groomed
T022,23-24,11/7/23,38,Closed
T023,23-24,11/7/23,38,Closed
T024,23-24,11/7/23,38,Closed
T025,23-24,11/7/23,38,Closed
T026,23-24,11/7/23,38,Closed
T027,23-24,11/7/23,38,Closed
T028,23-24,11/7/23,38,Closed
T029,23-24,11/7/23,38,Closed
T030,23-24,11/7/23,38,Closed
T031,23-24,11/7/23,38,Closed
T032,23-24,11/7/23,38,Closed
T033,23-24,11/7/23,38,Closed
T034,23-24,11/7/23,38,Groomed
T035,23-24,11/7/23,38,Closed
T036,23-24,11/7/23,38,Closed
T037,23-24,11/7/23,38,Closed
T038,23-24,11/7/23,38,Closed
T039,23-24,11/7/23,38,Closed
T040,23-24,11/7/23,38,Closed
T042,23-24,11/7/23,38,Closed
T043,23-24,11/7/23,38,Closed
T044,23-24,11/7/23,38,Closed
T045,23-24,11/7/23,38,Closed
T046,23-24,11/7/23,38,Closed
T047,23-24,11/7/23,38,Closed
T048,23-24,11/7/23,38,Closed
T049,23-24,11/7/23,38,Closed
T050,23-24,11/7/23,38,Closed
T051,23-24,11/7/23,38,Closed
T052,23-24,11/7/23,38,Closed
T053,23-24,11/7/23,38,Closed
T054,23-24,11/7/23,38,Closed
T055,23-24,11/7/23,38,Closed
T056,23-24,11/7/23,38,Closed
T057,23-24,11/7/23,38,Closed
T058,23-24,11/7/23,38,Closed
T061,23-24,11/7/23,38,Closed
T062,23-24,11/7/23,38,Closed
T063,23-24,11/7/23,38,Closed
T064,23-24,11/7/23,38,Closed
T065,23-24,11/7/23,38,Closed
T066,23-24,11/7/23,38,Closed
T067,23-24,11/7/23,38,Closed
T068,23-24,11/7/23,38,Closed
T069,23-24,11/7/23,38,Closed
T070,23-24,11/7/23,38,Closed
T071,23-24,11/7/23,38,Closed
T072,23-24,11/7/23,38,Closed
T073,23-24,11/7/23,38,Closed
T074,23-24,11/7/23,38,Closed
T075,23-24,11/7/23,38,Closed
T076,23-24,11/7/23,38,Closed
T077,23-24,11/7/23,38,Closed
T078,23-24,11/7/23,38,Closed
T079,23-24,11/7/23,38,Closed
T080,23-24,11/7/23,38,Closed
T081,23-24,11/7/23,38,Closed
T082,23-24,11/7/23,38,Closed
T083,23-24,11/7/23,38,Closed
T084,23-24,11/7/23,38,Closed
T085,23-24,11/7/23,38,Closed
T086,23-24,11/7/23,38,Closed
T087,23-24,11/7/23,38,Closed
T088,23-24,11/7/23,38,Closed
T089,23-24,11/7/23,38,Closed
T090,23-24,11/7/23,38,Closed
T091,23-24,11/7/23,38,Closed
T092,23-24,11/7/23,38,Closed
T107,23-24,11/7/23,38,Closed
T108,23-24,11/7/23,38,Closed
T109,23-24,11/7/23,38,Closed
T110,23-24,11/7/23,38,Closed
T111,23-24,11/7/23,38,Closed
T112,23-24,11/7/23,38,Closed
T113,23-24,11/7/23,38,Closed
T114,23-24,11/7/23,38,Closed
T115,23-24,11/7/23,38,Closed
T116,23-24,11/7/23,38,Closed
T117,23-24,11/7/23,38,Closed
T118,23-24,11/7/23,38,Closed
T119,23-24,11/7/23,38,Closed
T127,23-24,11/7/23,38,Closed
T128,23-24,11/7/23,38,Closed
T129,23-24,11/7/23,38,Closed
T130,23-24,11/7/23,38,Closed
T131,23-24,11/7/23,38,Closed
T132,23-24,11/7/23,38,Closed
T133,23-24,11/7/23,38,Closed
T136,23-24,11/7/23,38,Closed
T137,23-24,11/7/23,38,Closed
T148,23-24,11/7/23,38,Closed
T001,23-24,11/8/23,39,Closed
T002,23-24,11/8/23,39,Closed
T003,23-24,11/8/23,39,Closed
T004,23-24,11/8/23,39,Closed
T005,23-24,11/8/23,39,Groomed
T006,23-24,11/8/23,39,Closed
T007,23-24,11/8/23,39,Closed
T008,23-24,11/8/23,39,Closed
T009,23-24,11/8/23,39,Closed
T010,23-24,11/8/23,39,Closed
T011,23-24,11/8/23,39,Groomed
T012,23-24,11/8/23,39,Closed
T013,23-24,11/8/23,39,Groomed
T014,23-24,11/8/23,39,Closed
T015,23-24,11/8/23,39,Closed
T016,23-24,11/8/23,39,Closed
T017,23-24,11/8/23,39,Closed
T018,23-24,11/8/23,39,Closed
T019,23-24,11/8/23,39,Closed
T020,23-24,11/8/23,39,Closed
T021,23-24,11/8/23,39,Groomed
T022,23-24,11/8/23,39,Closed
T023,23-24,11/8/23,39,Closed
T024,23-24,11/8/23,39,Closed
T025,23-24,11/8/23,39,Closed
T026,23-24,11/8/23,39,Closed
T027,23-24,11/8/23,39,Closed
T028,23-24,11/8/23,39,Closed
T029,23-24,11/8/23,39,Closed
T030,23-24,11/8/23,39,Closed
T031,23-24,11/8/23,39,Closed
T032,23-24,11/8/23,39,Closed
T033,23-24,11/8/23,39,Closed
T034,23-24,11/8/23,39,Groomed
T035,23-24,11/8/23,39,Closed
T036,23-24,11/8/23,39,Closed
T037,23-24,11/8/23,39,Closed
T038,23-24,11/8/23,39,Closed
T039,23-24,11/8/23,39,Closed
T040,23-24,11/8/23,39,Closed
T042,23-24,11/8/23,39,Closed
T043,23-24,11/8/23,39,Closed
T044,23-24,11/8/23,39,Closed
T045,23-24,11/8/23,39,Closed
T046,23-24,11/8/23,39,Closed
T047,23-24,11/8/23,39,Closed
T048,23-24,11/8/23,39,Closed
T049,23-24,11/8/23,39,Closed
T050,23-24,11/8/23,39,Closed
T051,23-24,11/8/23,39,Closed
T052,23-24,11/8/23,39,Closed
T053,23-24,11/8/23,39,Closed
T054,23-24,11/8/23,39,Closed
T055,23-24,11/8/23,39,Closed
T056,23-24,11/8/23,39,Closed
T057,23-24,11/8/23,39,Closed
T058,23-24,11/8/23,39,Closed
T061,23-24,11/8/23,39,Closed
T062,23-24,11/8/23,39,Closed
T063,23-24,11/8/23,39,Closed
T064,23-24,11/8/23,39,Closed
T065,23-24,11/8/23,39,Closed
T066,23-24,11/8/23,39,Closed
T067,23-24,11/8/23,39,Closed
T068,23-24,11/8/23,39,Closed
T069,23-24,11/8/23,39,Closed
T070,23-24,11/8/23,39,Closed
T071,23-24,11/8/23,39,Closed
T072,23-24,11/8/23,39,Closed
T073,23-24,11/8/23,39,Closed
T074,23-24,11/8/23,39,Closed
T075,23-24,11/8/23,39,Closed
T076,23-24,11/8/23,39,Closed
T077,23-24,11/8/23,39,Closed
T078,23-24,11/8/23,39,Closed
T079,23-24,11/8/23,39,Closed
T080,23-24,11/8/23,39,Closed
T081,23-24,11/8/23,39,Closed
T082,23-24,11/8/23,39,Closed
T083,23-24,11/8/23,39,Closed
T084,23-24,11/8/23,39,Closed
T085,23-24,11/8/23,39,Closed
T086,23-24,11/8/23,39,Closed
T087,23-24,11/8/23,39,Closed
T088,23-24,11/8/23,39,Closed
T089,23-24,11/8/23,39,Closed
T090,23-24,11/8/23,39,Closed
T091,23-24,11/8/23,39,Closed
T092,23-24,11/8/23,39,Closed
T107,23-24,11/8/23,39,Closed
T108,23-24,11/8/23,39,Closed
T109,23-24,11/8/23,39,Closed
T110,23-24,11/8/23,39,Closed
T111,23-24,11/8/23,39,Closed
T112,23-24,11/8/23,39,Closed
T113,23-24,11/8/23,39,Closed
T114,23-24,11/8/23,39,Closed
T115,23-24,11/8/23,39,Closed
T116,23-24,11/8/23,39,Closed
T117,23-24,11/8/23,39,Closed
T118,23-24,11/8/23,39,Closed
T119,23-24,11/8/23,39,Closed
T127,23-24,11/8/23,39,Closed
T128,23-24,11/8/23,39,Closed
T129,23-24,11/8/23,39,Closed
T130,23-24,11/8/23,39,Closed
T131,23-24,11/8/23,39,Closed
T132,23-24,11/8/23,39,Closed
T133,23-24,11/8/23,39,Closed
T136,23-24,11/8/23,39,Closed
T137,23-24,11/8/23,39,Closed
T148,23-24,11/8/23,39,Closed
T001,23-24,11/9/23,40,Closed
T002,23-24,11/9/23,40,Closed
T003,23-24,11/9/23,40,Closed
T004,23-24,11/9/23,40,Closed
T005,23-24,11/9/23,40,Groomed
T006,23-24,11/9/23,40,Closed
T007,23-24,11/9/23,40,Closed
T008,23-24,11/9/23,40,Closed
T009,23-24,11/9/23,40,Closed
T010,23-24,11/9/23,40,Closed
T011,23-24,11/9/23,40,Groomed
T012,23-24,11/9/23,40,Closed
T013,23-24,11/9/23,40,Groomed
T014,23-24,11/9/23,40,Closed
T015,23-24,11/9/23,40,Closed
T016,23-24,11/9/23,40,Closed
T017,23-24,11/9/23,40,Closed
T018,23-24,11/9/23,40,Closed
T019,23-24,11/9/23,40,Closed
T020,23-24,11/9/23,40,Closed
T021,23-24,11/9/23,40,Groomed
T022,23-24,11/9/23,40,Closed
T023,23-24,11/9/23,40,Closed
T024,23-24,11/9/23,40,Closed
T025,23-24,11/9/23,40,Closed
T026,23-24,11/9/23,40,Closed
T027,23-24,11/9/23,40,Closed
T028,23-24,11/9/23,40,Closed
T029,23-24,11/9/23,40,Closed
T030,23-24,11/9/23,40,Closed
T031,23-24,11/9/23,40,Closed
T032,23-24,11/9/23,40,Closed
T033,23-24,11/9/23,40,Closed
T034,23-24,11/9/23,40,Groomed
T035,23-24,11/9/23,40,Closed
T036,23-24,11/9/23,40,Closed
T037,23-24,11/9/23,40,Closed
T038,23-24,11/9/23,40,Closed
T039,23-24,11/9/23,40,Closed
T040,23-24,11/9/23,40,Closed
T042,23-24,11/9/23,40,Closed
T043,23-24,11/9/23,40,Closed
T044,23-24,11/9/23,40,Closed
T045,23-24,11/9/23,40,Closed
T046,23-24,11/9/23,40,Closed
T047,23-24,11/9/23,40,Closed
T048,23-24,11/9/23,40,Closed
T049,23-24,11/9/23,40,Closed
T050,23-24,11/9/23,40,Closed
T051,23-24,11/9/23,40,Closed
T052,23-24,11/9/23,40,Closed
T053,23-24,11/9/23,40,Closed
T054,23-24,11/9/23,40,Closed
T055,23-24,11/9/23,40,Closed
T056,23-24,11/9/23,40,Closed
T057,23-24,11/9/23,40,Closed
T058,23-24,11/9/23,40,Closed
T061,23-24,11/9/23,40,Closed
T062,23-24,11/9/23,40,Closed
T063,23-24,11/9/23,40,Closed
T064,23-24,11/9/23,40,Closed
T065,23-24,11/9/23,40,Closed
T066,23-24,11/9/23,40,Closed
T067,23-24,11/9/23,40,Closed
T068,23-24,11/9/23,40,Closed
T069,23-24,11/9/23,40,Closed
T070,23-24,11/9/23,40,Closed
T071,23-24,11/9/23,40,Closed
T072,23-24,11/9/23,40,Closed
T073,23-24,11/9/23,40,Closed
T074,23-24,11/9/23,40,Closed
T075,23-24,11/9/23,40,Closed
T076,23-24,11/9/23,40,Closed
T077,23-24,11/9/23,40,Closed
T078,23-24,11/9/23,40,Closed
T079,23-24,11/9/23,40,Closed
T080,23-24,11/9/23,40,Closed
T081,23-24,11/9/23,40,Closed
T082,23-24,11/9/23,40,Closed
T083,23-24,11/9/23,40,Closed
T084,23-24,11/9/23,40,Closed
T085,23-24,11/9/23,40,Closed
T086,23-24,11/9/23,40,Closed
T087,23-24,11/9/23,40,Closed
T088,23-24,11/9/23,40,Closed
T089,23-24,11/9/23,40,Closed
T090,23-24,11/9/23,40,Closed
T091,23-24,11/9/23,40,Closed
T092,23-24,11/9/23,40,Closed
T107,23-24,11/9/23,40,Closed
T108,23-24,11/9/23,40,Closed
T109,23-24,11/9/23,40,Closed
T110,23-24,11/9/23,40,Closed
T111,23-24,11/9/23,40,Closed
T112,23-24,11/9/23,40,Closed
T113,23-24,11/9/23,40,Closed
T114,23-24,11/9/23,40,Closed
T115,23-24,11/9/23,40,Closed
T116,23-24,11/9/23,40,Closed
T117,23-24,11/9/23,40,Closed
T118,23-24,11/9/23,40,Closed
T119,23-24,11/9/23,40,Closed
T127,23-24,11/9/23,40,Closed
T128,23-24,11/9/23,40,Closed
T129,23-24,11/9/23,40,Closed
T130,23-24,11/9/23,40,Closed
T131,23-24,11/9/23,40,Closed
T132,23-24,11/9/23,40,Closed
T133,23-24,11/9/23,40,Closed
T136,23-24,11/9/23,40,Closed
T137,23-24,11/9/23,40,Closed
T148,23-24,11/9/23,40,Closed
T001,23-24,11/10/23,41,Closed
T002,23-24,11/10/23,41,Closed
T003,23-24,11/10/23,41,Closed
T004,23-24,11/10/23,41,Closed
T005,23-24,11/10/23,41,Groomed
T006,23-24,11/10/23,41,Closed
T007,23-24,11/10/23,41,Closed
T008,23-24,11/10/23,41,Closed
T009,23-24,11/10/23,41,Closed
T010,23-24,11/10/23,41,Closed
T011,23-24,11/10/23,41,Groomed
T012,23-24,11/10/23,41,Closed
T013,23-24,11/10/23,41,Groomed
T014,23-24,11/10/23,41,Closed
T015,23-24,11/10/23,41,Closed
T016,23-24,11/10/23,41,Closed
T017,23-24,11/10/23,41,Closed
T018,23-24,11/10/23,41,Closed
T019,23-24,11/10/23,41,Closed
T020,23-24,11/10/23,41,Closed
T021,23-24,11/10/23,41,Groomed
T022,23-24,11/10/23,41,Closed
T023,23-24,11/10/23,41,Closed
T024,23-24,11/10/23,41,Closed
T025,23-24,11/10/23,41,Closed
T026,23-24,11/10/23,41,Closed
T027,23-24,11/10/23,41,Closed
T028,23-24,11/10/23,41,Closed
T029,23-24,11/10/23,41,Closed
T030,23-24,11/10/23,41,Closed
T031,23-24,11/10/23,41,Closed
T032,23-24,11/10/23,41,Closed
T033,23-24,11/10/23,41,Closed
T034,23-24,11/10/23,41,Groomed
T035,23-24,11/10/23,41,Closed
T036,23-24,11/10/23,41,Closed
T037,23-24,11/10/23,41,Closed
T038,23-24,11/10/23,41,Closed
T039,23-24,11/10/23,41,Closed
T040,23-24,11/10/23,41,Closed
T042,23-24,11/10/23,41,Closed
T043,23-24,11/10/23,41,Closed
T044,23-24,11/10/23,41,Closed
T045,23-24,11/10/23,41,Closed
T046,23-24,11/10/23,41,Closed
T047,23-24,11/10/23,41,Closed
T048,23-24,11/10/23,41,Closed
T049,23-24,11/10/23,41,Closed
T050,23-24,11/10/23,41,Closed
T051,23-24,11/10/23,41,Closed
T052,23-24,11/10/23,41,Closed
T053,23-24,11/10/23,41,Closed
T054,23-24,11/10/23,41,Closed
T055,23-24,11/10/23,41,Closed
T056,23-24,11/10/23,41,Closed
T057,23-24,11/10/23,41,Closed
T058,23-24,11/10/23,41,Closed
T061,23-24,11/10/23,41,Closed
T062,23-24,11/10/23,41,Closed
T063,23-24,11/10/23,41,Closed
T064,23-24,11/10/23,41,Closed
T065,23-24,11/10/23,41,Closed
T066,23-24,11/10/23,41,Closed
T067,23-24,11/10/23,41,Closed
T068,23-24,11/10/23,41,Closed
T069,23-24,11/10/23,41,Closed
T070,23-24,11/10/23,41,Closed
T071,23-24,11/10/23,41,Closed
T072,23-24,11/10/23,41,Closed
T073,23-24,11/10/23,41,Closed
T074,23-24,11/10/23,41,Closed
T075,23-24,11/10/23,41,Closed
T076,23-24,11/10/23,41,Closed
T077,23-24,11/10/23,41,Closed
T078,23-24,11/10/23,41,Closed
T079,23-24,11/10/23,41,Closed
T080,23-24,11/10/23,41,Closed
T081,23-24,11/10/23,41,Closed
T082,23-24,11/10/23,41,Closed
T083,23-24,11/10/23,41,Closed
T084,23-24,11/10/23,41,Closed
T085,23-24,11/10/23,41,Closed
T086,23-24,11/10/23,41,Closed
T087,23-24,11/10/23,41,Closed
T088,23-24,11/10/23,41,Closed
T089,23-24,11/10/23,41,Closed
T090,23-24,11/10/23,41,Closed
T091,23-24,11/10/23,41,Closed
T092,23-24,11/10/23,41,Closed
T107,23-24,11/10/23,41,Closed
T108,23-24,11/10/23,41,Closed
T109,23-24,11/10/23,41,Closed
T110,23-24,11/10/23,41,Closed
T111,23-24,11/10/23,41,Closed
T112,23-24,11/10/23,41,Closed
T113,23-24,11/10/23,41,Closed
T114,23-24,11/10/23,41,Closed
T115,23-24,11/10/23,41,Closed
T116,23-24,11/10/23,41,Closed
T117,23-24,11/10/23,41,Closed
T118,23-24,11/10/23,41,Closed
T119,23-24,11/10/23,41,Closed
T127,23-24,11/10/23,41,Closed
T128,23-24,11/10/23,41,Closed
T129,23-24,11/10/23,41,Closed
T130,23-24,11/10/23,41,Closed
T131,23-24,11/10/23,41,Closed
T132,23-24,11/10/23,41,Closed
T133,23-24,11/10/23,41,Closed
T136,23-24,11/10/23,41,Closed
T137,23-24,11/10/23,41,Closed
T148,23-24,11/10/23,41,Closed
T001,23-24,11/11/23,42,Closed
T002,23-24,11/11/23,42,Closed
T003,23-24,11/11/23,42,Closed
T004,23-24,11/11/23,42,Closed
T005,23-24,11/11/23,42,Groomed
T006,23-24,11/11/23,42,Closed
T007,23-24,11/11/23,42,Closed
T008,23-24,11/11/23,42,Closed
T009,23-24,11/11/23,42,Closed
T010,23-24,11/11/23,42,Closed
T011,23-24,11/11/23,42,Groomed
T012,23-24,11/11/23,42,Closed
T013,23-24,11/11/23,42,Groomed
T014,23-24,11/11/23,42,Closed
T015,23-24,11/11/23,42,Closed
T016,23-24,11/11/23,42,Closed
T017,23-24,11/11/23,42,Closed
T018,23-24,11/11/23,42,Closed
T019,23-24,11/11/23,42,Closed
T020,23-24,11/11/23,42,Closed
T021,23-24,11/11/23,42,Groomed
T022,23-24,11/11/23,42,Closed
T023,23-24,11/11/23,42,Closed
T024,23-24,11/11/23,42,Closed
T025,23-24,11/11/23,42,Closed
T026,23-24,11/11/23,42,Closed
T027,23-24,11/11/23,42,Closed
T028,23-24,11/11/23,42,Closed
T029,23-24,11/11/23,42,Closed
T030,23-24,11/11/23,42,Closed
T031,23-24,11/11/23,42,Closed
T032,23-24,11/11/23,42,Closed
T033,23-24,11/11/23,42,Closed
T034,23-24,11/11/23,42,Groomed
T035,23-24,11/11/23,42,Closed
T036,23-24,11/11/23,42,Closed
T037,23-24,11/11/23,42,Closed
T038,23-24,11/11/23,42,Closed
T039,23-24,11/11/23,42,Closed
T040,23-24,11/11/23,42,Closed
T042,23-24,11/11/23,42,Closed
T043,23-24,11/11/23,42,Closed
T044,23-24,11/11/23,42,Closed
T045,23-24,11/11/23,42,Closed
T046,23-24,11/11/23,42,Closed
T047,23-24,11/11/23,42,Closed
T048,23-24,11/11/23,42,Closed
T049,23-24,11/11/23,42,Closed
T050,23-24,11/11/23,42,Closed
T051,23-24,11/11/23,42,Closed
T052,23-24,11/11/23,42,Closed
T053,23-24,11/11/23,42,Closed
T054,23-24,11/11/23,42,Closed
T055,23-24,11/11/23,42,Closed
T056,23-24,11/11/23,42,Closed
T057,23-24,11/11/23,42,Closed
T058,23-24,11/11/23,42,Closed
T061,23-24,11/11/23,42,Closed
T062,23-24,11/11/23,42,Closed
T063,23-24,11/11/23,42,Closed
T064,23-24,11/11/23,42,Closed
T065,23-24,11/11/23,42,Closed
T066,23-24,11/11/23,42,Closed
T067,23-24,11/11/23,42,Closed
T068,23-24,11/11/23,42,Closed
T069,23-24,11/11/23,42,Closed
T070,23-24,11/11/23,42,Closed
T071,23-24,11/11/23,42,Closed
T072,23-24,11/11/23,42,Closed
T073,23-24,11/11/23,42,Closed
T074,23-24,11/11/23,42,Closed
T075,23-24,11/11/23,42,Closed
T076,23-24,11/11/23,42,Closed
T077,23-24,11/11/23,42,Closed
T078,23-24,11/11/23,42,Closed
T079,23-24,11/11/23,42,Closed
T080,23-24,11/11/23,42,Closed
T081,23-24,11/11/23,42,Closed
T082,23-24,11/11/23,42,Closed
T083,23-24,11/11/23,42,Closed
T084,23-24,11/11/23,42,Closed
T085,23-24,11/11/23,42,Closed
T086,23-24,11/11/23,42,Closed
T087,23-24,11/11/23,42,Closed
T088,23-24,11/11/23,42,Closed
T089,23-24,11/11/23,42,Closed
T090,23-24,11/11/23,42,Closed
T091,23-24,11/11/23,42,Closed
T092,23-24,11/11/23,42,Closed
T107,23-24,11/11/23,42,Closed
T108,23-24,11/11/23,42,Closed
T109,23-24,11/11/23,42,Closed
T110,23-24,11/11/23,42,Closed
T111,23-24,11/11/23,42,Closed
T112,23-24,11/11/23,42,Closed
T113,23-24,11/11/23,42,Closed
T114,23-24,11/11/23,42,Closed
T115,23-24,11/11/23,42,Closed
T116,23-24,11/11/23,42,Closed
T117,23-24,11/11/23,42,Closed
T118,23-24,11/11/23,42,Closed
T119,23-24,11/11/23,42,Closed
T127,23-24,11/11/23,42,Closed
T128,23-24,11/11/23,42,Closed
T129,23-24,11/11/23,42,Closed
T130,23-24,11/11/23,42,Closed
T131,23-24,11/11/23,42,Closed
T132,23-24,11/11/23,42,Closed
T133,23-24,11/11/23,42,Closed
T136,23-24,11/11/23,42,Closed
T137,23-24,11/11/23,42,Closed
T148,23-24,11/11/23,42,Closed
T001,23-24,11/12/23,43,Closed
T002,23-24,11/12/23,43,Closed
T003,23-24,11/12/23,43,Closed
T004,23-24,11/12/23,43,Closed
T005,23-24,11/12/23,43,Groomed
T006,23-24,11/12/23,43,Closed
T007,23-24,11/12/23,43,Closed
T008,23-24,11/12/23,43,Closed
T009,23-24,11/12/23,43,Closed
T010,23-24,11/12/23,43,Closed
T011,23-24,11/12/23,43,Groomed
T012,23-24,11/12/23,43,Closed
T013,23-24,11/12/23,43,Groomed
T014,23-24,11/12/23,43,Closed
T015,23-24,11/12/23,43,Closed
T016,23-24,11/12/23,43,Closed
T017,23-24,11/12/23,43,Closed
T018,23-24,11/12/23,43,Closed
T019,23-24,11/12/23,43,Closed
T020,23-24,11/12/23,43,Closed
T021,23-24,11/12/23,43,Groomed
T022,23-24,11/12/23,43,Closed
T023,23-24,11/12/23,43,Closed
T024,23-24,11/12/23,43,Closed
T025,23-24,11/12/23,43,Closed
T026,23-24,11/12/23,43,Closed
T027,23-24,11/12/23,43,Closed
T028,23-24,11/12/23,43,Closed
T029,23-24,11/12/23,43,Closed
T030,23-24,11/12/23,43,Closed
T031,23-24,11/12/23,43,Closed
T032,23-24,11/12/23,43,Closed
T033,23-24,11/12/23,43,Closed
T034,23-24,11/12/23,43,Groomed
T035,23-24,11/12/23,43,Closed
T036,23-24,11/12/23,43,Closed
T037,23-24,11/12/23,43,Closed
T038,23-24,11/12/23,43,Closed
T039,23-24,11/12/23,43,Closed
T040,23-24,11/12/23,43,Closed
T042,23-24,11/12/23,43,Closed
T043,23-24,11/12/23,43,Closed
T044,23-24,11/12/23,43,Closed
T045,23-24,11/12/23,43,Closed
T046,23-24,11/12/23,43,Closed
T047,23-24,11/12/23,43,Closed
T048,23-24,11/12/23,43,Closed
T049,23-24,11/12/23,43,Closed
T050,23-24,11/12/23,43,Closed
T051,23-24,11/12/23,43,Closed
T052,23-24,11/12/23,43,Closed
T053,23-24,11/12/23,43,Closed
T054,23-24,11/12/23,43,Closed
T055,23-24,11/12/23,43,Closed
T056,23-24,11/12/23,43,Closed
T057,23-24,11/12/23,43,Closed
T058,23-24,11/12/23,43,Closed
T061,23-24,11/12/23,43,Closed
T062,23-24,11/12/23,43,Closed
T063,23-24,11/12/23,43,Closed
T064,23-24,11/12/23,43,Closed
T065,23-24,11/12/23,43,Closed
T066,23-24,11/12/23,43,Closed
T067,23-24,11/12/23,43,Closed
T068,23-24,11/12/23,43,Closed
T069,23-24,11/12/23,43,Closed
T070,23-24,11/12/23,43,Closed
T071,23-24,11/12/23,43,Closed
T072,23-24,11/12/23,43,Closed
T073,23-24,11/12/23,43,Closed
T074,23-24,11/12/23,43,Closed
T075,23-24,11/12/23,43,Closed
T076,23-24,11/12/23,43,Closed
T077,23-24,11/12/23,43,Closed
T078,23-24,11/12/23,43,Closed
T079,23-24,11/12/23,43,Closed
T080,23-24,11/12/23,43,Closed
T081,23-24,11/12/23,43,Closed
T082,23-24,11/12/23,43,Closed
T083,23-24,11/12/23,43,Closed
T084,23-24,11/12/23,43,Closed
T085,23-24,11/12/23,43,Closed
T086,23-24,11/12/23,43,Closed
T087,23-24,11/12/23,43,Closed
T088,23-24,11/12/23,43,Closed
T089,23-24,11/12/23,43,Closed
T090,23-24,11/12/23,43,Closed
T091,23-24,11/12/23,43,Closed
T092,23-24,11/12/23,43,Closed
T107,23-24,11/12/23,43,Closed
T108,23-24,11/12/23,43,Closed
T109,23-24,11/12/23,43,Closed
T110,23-24,11/12/23,43,Closed
T111,23-24,11/12/23,43,Closed
T112,23-24,11/12/23,43,Closed
T113,23-24,11/12/23,43,Closed
T114,23-24,11/12/23,43,Closed
T115,23-24,11/12/23,43,Closed
T116,23-24,11/12/23,43,Closed
T117,23-24,11/12/23,43,Closed
T118,23-24,11/12/23,43,Closed
T119,23-24,11/12/23,43,Closed
T127,23-24,11/12/23,43,Closed
T128,23-24,11/12/23,43,Closed
T129,23-24,11/12/23,43,Closed
T130,23-24,11/12/23,43,Closed
T131,23-24,11/12/23,43,Closed
T132,23-24,11/12/23,43,Closed
T133,23-24,11/12/23,43,Closed
T136,23-24,11/12/23,43,Closed
T137,23-24,11/12/23,43,Closed
T148,23-24,11/12/23,43,Closed
T001,23-24,11/13/23,44,Closed
T002,23-24,11/13/23,44,Closed
T003,23-24,11/13/23,44,Closed
T004,23-24,11/13/23,44,Closed
T005,23-24,11/13/23,44,Groomed
T006,23-24,11/13/23,44,Closed
T007,23-24,11/13/23,44,Closed
T008,23-24,11/13/23,44,Closed
T009,23-24,11/13/23,44,Closed
T010,23-24,11/13/23,44,Closed
T011,23-24,11/13/23,44,Groomed
T012,23-24,11/13/23,44,Closed
T013,23-24,11/13/23,44,Groomed
T014,23-24,11/13/23,44,Closed
T015,23-24,11/13/23,44,Closed
T016,23-24,11/13/23,44,Closed
T017,23-24,11/13/23,44,Closed
T018,23-24,11/13/23,44,Closed
T019,23-24,11/13/23,44,Closed
T020,23-24,11/13/23,44,Closed
T021,23-24,11/13/23,44,Groomed
T022,23-24,11/13/23,44,Closed
T023,23-24,11/13/23,44,Closed
T024,23-24,11/13/23,44,Closed
T025,23-24,11/13/23,44,Closed
T026,23-24,11/13/23,44,Closed
T027,23-24,11/13/23,44,Closed
T028,23-24,11/13/23,44,Closed
T029,23-24,11/13/23,44,Closed
T030,23-24,11/13/23,44,Closed
T031,23-24,11/13/23,44,Closed
T032,23-24,11/13/23,44,Closed
T033,23-24,11/13/23,44,Closed
T034,23-24,11/13/23,44,Groomed
T035,23-24,11/13/23,44,Closed
T036,23-24,11/13/23,44,Closed
T037,23-24,11/13/23,44,Closed
T038,23-24,11/13/23,44,Closed
T039,23-24,11/13/23,44,Closed
T040,23-24,11/13/23,44,Closed
T042,23-24,11/13/23,44,Closed
T043,23-24,11/13/23,44,Closed
T044,23-24,11/13/23,44,Closed
T045,23-24,11/13/23,44,Closed
T046,23-24,11/13/23,44,Closed
T047,23-24,11/13/23,44,Closed
T048,23-24,11/13/23,44,Closed
T049,23-24,11/13/23,44,Closed
T050,23-24,11/13/23,44,Closed
T051,23-24,11/13/23,44,Closed
T052,23-24,11/13/23,44,Closed
T053,23-24,11/13/23,44,Closed
T054,23-24,11/13/23,44,Closed
T055,23-24,11/13/23,44,Closed
T056,23-24,11/13/23,44,Closed
T057,23-24,11/13/23,44,Closed
T058,23-24,11/13/23,44,Closed
T061,23-24,11/13/23,44,Closed
T062,23-24,11/13/23,44,Closed
T063,23-24,11/13/23,44,Closed
T064,23-24,11/13/23,44,Closed
T065,23-24,11/13/23,44,Closed
T066,23-24,11/13/23,44,Closed
T067,23-24,11/13/23,44,Closed
T068,23-24,11/13/23,44,Closed
T069,23-24,11/13/23,44,Closed
T070,23-24,11/13/23,44,Closed
T071,23-24,11/13/23,44,Closed
T072,23-24,11/13/23,44,Closed
T073,23-24,11/13/23,44,Closed
T074,23-24,11/13/23,44,Closed
T075,23-24,11/13/23,44,Closed
T076,23-24,11/13/23,44,Closed
T077,23-24,11/13/23,44,Closed
T078,23-24,11/13/23,44,Closed
T079,23-24,11/13/23,44,Closed
T080,23-24,11/13/23,44,Closed
T081,23-24,11/13/23,44,Closed
T082,23-24,11/13/23,44,Closed
T083,23-24,11/13/23,44,Closed
T084,23-24,11/13/23,44,Closed
T085,23-24,11/13/23,44,Closed
T086,23-24,11/13/23,44,Closed
T087,23-24,11/13/23,44,Closed
T088,23-24,11/13/23,44,Closed
T089,23-24,11/13/23,44,Closed
T090,23-24,11/13/23,44,Closed
T091,23-24,11/13/23,44,Closed
T092,23-24,11/13/23,44,Closed
T107,23-24,11/13/23,44,Closed
T108,23-24,11/13/23,44,Closed
T109,23-24,11/13/23,44,Closed
T110,23-24,11/13/23,44,Closed
T111,23-24,11/13/23,44,Closed
T112,23-24,11/13/23,44,Closed
T113,23-24,11/13/23,44,Closed
T114,23-24,11/13/23,44,Closed
T115,23-24,11/13/23,44,Closed
T116,23-24,11/13/23,44,Closed
T117,23-24,11/13/23,44,Closed
T118,23-24,11/13/23,44,Closed
T119,23-24,11/13/23,44,Closed
T127,23-24,11/13/23,44,Closed
T128,23-24,11/13/23,44,Closed
T129,23-24,11/13/23,44,Closed
T130,23-24,11/13/23,44,Closed
T131,23-24,11/13/23,44,Closed
T132,23-24,11/13/23,44,Closed
T133,23-24,11/13/23,44,Closed
T136,23-24,11/13/23,44,Closed
T137,23-24,11/13/23,44,Closed
T148,23-24,11/13/23,44,Closed
T001,23-24,11/14/23,45,Closed
T002,23-24,11/14/23,45,Closed
T003,23-24,11/14/23,45,Closed
T004,23-24,11/14/23,45,Closed
T005,23-24,11/14/23,45,Groomed
T006,23-24,11/14/23,45,Closed
T007,23-24,11/14/23,45,Closed
T008,23-24,11/14/23,45,Groomed
T009,23-24,11/14/23,45,Closed
T010,23-24,11/14/23,45,Closed
T011,23-24,11/14/23,45,Groomed
T012,23-24,11/14/23,45,Closed
T013,23-24,11/14/23,45,Groomed
T014,23-24,11/14/23,45,Closed
T015,23-24,11/14/23,45,Closed
T016,23-24,11/14/23,45,Closed
T017,23-24,11/14/23,45,Closed
T018,23-24,11/14/23,45,Closed
T019,23-24,11/14/23,45,Closed
T020,23-24,11/14/23,45,Closed
T021,23-24,11/14/23,45,Groomed
T022,23-24,11/14/23,45,Closed
T023,23-24,11/14/23,45,Closed
T024,23-24,11/14/23,45,Closed
T025,23-24,11/14/23,45,Closed
T026,23-24,11/14/23,45,Closed
T027,23-24,11/14/23,45,Closed
T028,23-24,11/14/23,45,Closed
T029,23-24,11/14/23,45,Closed
T030,23-24,11/14/23,45,Closed
T031,23-24,11/14/23,45,Closed
T032,23-24,11/14/23,45,Closed
T033,23-24,11/14/23,45,Closed
T034,23-24,11/14/23,45,Groomed
T035,23-24,11/14/23,45,Closed
T036,23-24,11/14/23,45,Closed
T037,23-24,11/14/23,45,Closed
T038,23-24,11/14/23,45,Closed
T039,23-24,11/14/23,45,Closed
T040,23-24,11/14/23,45,Closed
T042,23-24,11/14/23,45,Closed
T043,23-24,11/14/23,45,Closed
T044,23-24,11/14/23,45,Closed
T045,23-24,11/14/23,45,Closed
T046,23-24,11/14/23,45,Closed
T047,23-24,11/14/23,45,Closed
T048,23-24,11/14/23,45,Closed
T049,23-24,11/14/23,45,Closed
T050,23-24,11/14/23,45,Closed
T051,23-24,11/14/23,45,Closed
T052,23-24,11/14/23,45,Closed
T053,23-24,11/14/23,45,Closed
T054,23-24,11/14/23,45,Closed
T055,23-24,11/14/23,45,Closed
T056,23-24,11/14/23,45,Closed
T057,23-24,11/14/23,45,Closed
T058,23-24,11/14/23,45,Closed
T061,23-24,11/14/23,45,Closed
T062,23-24,11/14/23,45,Closed
T063,23-24,11/14/23,45,Closed
T064,23-24,11/14/23,45,Closed
T065,23-24,11/14/23,45,Closed
T066,23-24,11/14/23,45,Closed
T067,23-24,11/14/23,45,Closed
T068,23-24,11/14/23,45,Closed
T069,23-24,11/14/23,45,Closed
T070,23-24,11/14/23,45,Closed
T071,23-24,11/14/23,45,Closed
T072,23-24,11/14/23,45,Closed
T073,23-24,11/14/23,45,Closed
T074,23-24,11/14/23,45,Closed
T075,23-24,11/14/23,45,Closed
T076,23-24,11/14/23,45,Closed
T077,23-24,11/14/23,45,Closed
T078,23-24,11/14/23,45,Closed
T079,23-24,11/14/23,45,Closed
T080,23-24,11/14/23,45,Closed
T081,23-24,11/14/23,45,Closed
T082,23-24,11/14/23,45,Closed
T083,23-24,11/14/23,45,Closed
T084,23-24,11/14/23,45,Closed
T085,23-24,11/14/23,45,Closed
T086,23-24,11/14/23,45,Closed
T087,23-24,11/14/23,45,Closed
T088,23-24,11/14/23,45,Closed
T089,23-24,11/14/23,45,Closed
T090,23-24,11/14/23,45,Closed
T091,23-24,11/14/23,45,Closed
T092,23-24,11/14/23,45,Closed
T107,23-24,11/14/23,45,Closed
T108,23-24,11/14/23,45,Closed
T109,23-24,11/14/23,45,Closed
T110,23-24,11/14/23,45,Closed
T111,23-24,11/14/23,45,Closed
T112,23-24,11/14/23,45,Closed
T113,23-24,11/14/23,45,Closed
T114,23-24,11/14/23,45,Closed
T115,23-24,11/14/23,45,Closed
T116,23-24,11/14/23,45,Closed
T117,23-24,11/14/23,45,Closed
T118,23-24,11/14/23,45,Closed
T119,23-24,11/14/23,45,Closed
T127,23-24,11/14/23,45,Closed
T128,23-24,11/14/23,45,Closed
T129,23-24,11/14/23,45,Closed
T130,23-24,11/14/23,45,Closed
T131,23-24,11/14/23,45,Closed
T132,23-24,11/14/23,45,Closed
T133,23-24,11/14/23,45,Closed
T136,23-24,11/14/23,45,Closed
T137,23-24,11/14/23,45,Closed
T148,23-24,11/14/23,45,Closed
T001,23-24,11/15/23,46,Groomed
T002,23-24,11/15/23,46,Closed
T003,23-24,11/15/23,46,Closed
T004,23-24,11/15/23,46,Closed
T005,23-24,11/15/23,46,Groomed
T006,23-24,11/15/23,46,Closed
T007,23-24,11/15/23,46,Groomed
T008,23-24,11/15/23,46,Groomed
T009,23-24,11/15/23,46,Closed
T010,23-24,11/15/23,46,Closed
T011,23-24,11/15/23,46,Groomed
T012,23-24,11/15/23,46,Closed
T013,23-24,11/15/23,46,Groomed
T014,23-24,11/15/23,46,Closed
T015,23-24,11/15/23,46,Closed
T016,23-24,11/15/23,46,Closed
T017,23-24,11/15/23,46,Closed
T018,23-24,11/15/23,46,Closed
T019,23-24,11/15/23,46,Closed
T020,23-24,11/15/23,46,Closed
T021,23-24,11/15/23,46,Groomed
T022,23-24,11/15/23,46,Closed
T023,23-24,11/15/23,46,Closed
T024,23-24,11/15/23,46,Closed
T025,23-24,11/15/23,46,Closed
T026,23-24,11/15/23,46,Closed
T027,23-24,11/15/23,46,Closed
T028,23-24,11/15/23,46,Closed
T029,23-24,11/15/23,46,Closed
T030,23-24,11/15/23,46,Closed
T031,23-24,11/15/23,46,Closed
T032,23-24,11/15/23,46,Closed
T033,23-24,11/15/23,46,Closed
T034,23-24,11/15/23,46,Groomed
T035,23-24,11/15/23,46,Closed
T036,23-24,11/15/23,46,Closed
T037,23-24,11/15/23,46,Closed
T038,23-24,11/15/23,46,Closed
T039,23-24,11/15/23,46,Closed
T040,23-24,11/15/23,46,Closed
T042,23-24,11/15/23,46,Closed
T043,23-24,11/15/23,46,Closed
T044,23-24,11/15/23,46,Closed
T045,23-24,11/15/23,46,Closed
T046,23-24,11/15/23,46,Closed
T047,23-24,11/15/23,46,Closed
T048,23-24,11/15/23,46,Closed
T049,23-24,11/15/23,46,Closed
T050,23-24,11/15/23,46,Closed
T051,23-24,11/15/23,46,Closed
T052,23-24,11/15/23,46,Closed
T053,23-24,11/15/23,46,Closed
T054,23-24,11/15/23,46,Closed
T055,23-24,11/15/23,46,Closed
T056,23-24,11/15/23,46,Closed
T057,23-24,11/15/23,46,Closed
T058,23-24,11/15/23,46,Closed
T061,23-24,11/15/23,46,Closed
T062,23-24,11/15/23,46,Closed
T063,23-24,11/15/23,46,Closed
T064,23-24,11/15/23,46,Closed
T065,23-24,11/15/23,46,Closed
T066,23-24,11/15/23,46,Closed
T067,23-24,11/15/23,46,Closed
T068,23-24,11/15/23,46,Closed
T069,23-24,11/15/23,46,Closed
T070,23-24,11/15/23,46,Closed
T071,23-24,11/15/23,46,Closed
T072,23-24,11/15/23,46,Closed
T073,23-24,11/15/23,46,Closed
T074,23-24,11/15/23,46,Closed
T075,23-24,11/15/23,46,Closed
T076,23-24,11/15/23,46,Closed
T077,23-24,11/15/23,46,Closed
T078,23-24,11/15/23,46,Closed
T079,23-24,11/15/23,46,Closed
T080,23-24,11/15/23,46,Closed
T081,23-24,11/15/23,46,Closed
T082,23-24,11/15/23,46,Closed
T083,23-24,11/15/23,46,Closed
T084,23-24,11/15/23,46,Closed
T085,23-24,11/15/23,46,Closed
T086,23-24,11/15/23,46,Closed
T087,23-24,11/15/23,46,Closed
T088,23-24,11/15/23,46,Closed
T089,23-24,11/15/23,46,Closed
T090,23-24,11/15/23,46,Closed
T091,23-24,11/15/23,46,Closed
T092,23-24,11/15/23,46,Closed
T107,23-24,11/15/23,46,Closed
T108,23-24,11/15/23,46,Closed
T109,23-24,11/15/23,46,Closed
T110,23-24,11/15/23,46,Closed
T111,23-24,11/15/23,46,Closed
T112,23-24,11/15/23,46,Closed
T113,23-24,11/15/23,46,Closed
T114,23-24,11/15/23,46,Closed
T115,23-24,11/15/23,46,Closed
T116,23-24,11/15/23,46,Closed
T117,23-24,11/15/23,46,Closed
T118,23-24,11/15/23,46,Closed
T119,23-24,11/15/23,46,Closed
T127,23-24,11/15/23,46,Closed
T128,23-24,11/15/23,46,Closed
T129,23-24,11/15/23,46,Closed
T130,23-24,11/15/23,46,Closed
T131,23-24,11/15/23,46,Closed
T132,23-24,11/15/23,46,Closed
T133,23-24,11/15/23,46,Closed
T136,23-24,11/15/23,46,Closed
T137,23-24,11/15/23,46,Closed
T148,23-24,11/15/23,46,Closed
T001,23-24,11/16/23,47,Closed
T002,23-24,11/16/23,47,Closed
T003,23-24,11/16/23,47,Groomed
T004,23-24,11/16/23,47,Closed
T005,23-24,11/16/23,47,Groomed
T006,23-24,11/16/23,47,Closed
T007,23-24,11/16/23,47,Groomed
T008,23-24,11/16/23,47,Groomed
T009,23-24,11/16/23,47,Closed
T010,23-24,11/16/23,47,Closed
T011,23-24,11/16/23,47,Groomed
T012,23-24,11/16/23,47,Closed
T013,23-24,11/16/23,47,Groomed
T014,23-24,11/16/23,47,Closed
T015,23-24,11/16/23,47,Closed
T016,23-24,11/16/23,47,Closed
T017,23-24,11/16/23,47,Closed
T018,23-24,11/16/23,47,Closed
T019,23-24,11/16/23,47,Closed
T020,23-24,11/16/23,47,Closed
T021,23-24,11/16/23,47,Groomed
T022,23-24,11/16/23,47,Closed
T023,23-24,11/16/23,47,Closed
T024,23-24,11/16/23,47,Closed
T025,23-24,11/16/23,47,Closed
T026,23-24,11/16/23,47,Closed
T027,23-24,11/16/23,47,Closed
T028,23-24,11/16/23,47,Closed
T029,23-24,11/16/23,47,Closed
T030,23-24,11/16/23,47,Closed
T031,23-24,11/16/23,47,Closed
T032,23-24,11/16/23,47,Closed
T033,23-24,11/16/23,47,Closed
T034,23-24,11/16/23,47,Groomed
T035,23-24,11/16/23,47,Closed
T036,23-24,11/16/23,47,Closed
T037,23-24,11/16/23,47,Closed
T038,23-24,11/16/23,47,Closed
T039,23-24,11/16/23,47,Closed
T040,23-24,11/16/23,47,Closed
T042,23-24,11/16/23,47,Closed
T043,23-24,11/16/23,47,Closed
T044,23-24,11/16/23,47,Closed
T045,23-24,11/16/23,47,Closed
T046,23-24,11/16/23,47,Closed
T047,23-24,11/16/23,47,Closed
T048,23-24,11/16/23,47,Closed
T049,23-24,11/16/23,47,Closed
T050,23-24,11/16/23,47,Closed
T051,23-24,11/16/23,47,Closed
T052,23-24,11/16/23,47,Closed
T053,23-24,11/16/23,47,Closed
T054,23-24,11/16/23,47,Closed
T055,23-24,11/16/23,47,Closed
T056,23-24,11/16/23,47,Closed
T057,23-24,11/16/23,47,Closed
T058,23-24,11/16/23,47,Closed
T061,23-24,11/16/23,47,Closed
T062,23-24,11/16/23,47,Closed
T063,23-24,11/16/23,47,Closed
T064,23-24,11/16/23,47,Closed
T065,23-24,11/16/23,47,Closed
T066,23-24,11/16/23,47,Closed
T067,23-24,11/16/23,47,Closed
T068,23-24,11/16/23,47,Closed
T069,23-24,11/16/23,47,Closed
T070,23-24,11/16/23,47,Closed
T071,23-24,11/16/23,47,Closed
T072,23-24,11/16/23,47,Closed
T073,23-24,11/16/23,47,Closed
T074,23-24,11/16/23,47,Closed
T075,23-24,11/16/23,47,Closed
T076,23-24,11/16/23,47,Closed
T077,23-24,11/16/23,47,Closed
T078,23-24,11/16/23,47,Closed
T079,23-24,11/16/23,47,Closed
T080,23-24,11/16/23,47,Closed
T081,23-24,11/16/23,47,Closed
T082,23-24,11/16/23,47,Closed
T083,23-24,11/16/23,47,Closed
T084,23-24,11/16/23,47,Closed
T085,23-24,11/16/23,47,Closed
T086,23-24,11/16/23,47,Closed
T087,23-24,11/16/23,47,Closed
T088,23-24,11/16/23,47,Closed
T089,23-24,11/16/23,47,Closed
T090,23-24,11/16/23,47,Closed
T091,23-24,11/16/23,47,Closed
T092,23-24,11/16/23,47,Closed
T107,23-24,11/16/23,47,Closed
T108,23-24,11/16/23,47,Closed
T109,23-24,11/16/23,47,Closed
T110,23-24,11/16/23,47,Closed
T111,23-24,11/16/23,47,Closed
T112,23-24,11/16/23,47,Closed
T113,23-24,11/16/23,47,Closed
T114,23-24,11/16/23,47,Closed
T115,23-24,11/16/23,47,Closed
T116,23-24,11/16/23,47,Closed
T117,23-24,11/16/23,47,Closed
T118,23-24,11/16/23,47,Closed
T119,23-24,11/16/23,47,Closed
T127,23-24,11/16/23,47,Closed
T128,23-24,11/16/23,47,Closed
T129,23-24,11/16/23,47,Closed
T130,23-24,11/16/23,47,Closed
T131,23-24,11/16/23,47,Closed
T132,23-24,11/16/23,47,Closed
T133,23-24,11/16/23,47,Closed
T136,23-24,11/16/23,47,Closed
T137,23-24,11/16/23,47,Closed
T148,23-24,11/16/23,47,Closed
T001,23-24,11/17/23,48,Closed
T002,23-24,11/17/23,48,Closed
T003,23-24,11/17/23,48,Groomed
T004,23-24,11/17/23,48,Closed
T005,23-24,11/17/23,48,Groomed
T006,23-24,11/17/23,48,Closed
T007,23-24,11/17/23,48,Groomed
T008,23-24,11/17/23,48,Groomed
T009,23-24,11/17/23,48,Closed
T010,23-24,11/17/23,48,Closed
T011,23-24,11/17/23,48,Groomed
T012,23-24,11/17/23,48,Closed
T013,23-24,11/17/23,48,Groomed
T014,23-24,11/17/23,48,Closed
T015,23-24,11/17/23,48,Closed
T016,23-24,11/17/23,48,Closed
T017,23-24,11/17/23,48,Closed
T018,23-24,11/17/23,48,Closed
T019,23-24,11/17/23,48,Closed
T020,23-24,11/17/23,48,Closed
T021,23-24,11/17/23,48,Groomed
T022,23-24,11/17/23,48,Closed
T023,23-24,11/17/23,48,Closed
T024,23-24,11/17/23,48,Closed
T025,23-24,11/17/23,48,Closed
T026,23-24,11/17/23,48,Closed
T027,23-24,11/17/23,48,Closed
T028,23-24,11/17/23,48,Closed
T029,23-24,11/17/23,48,Closed
T030,23-24,11/17/23,48,Closed
T031,23-24,11/17/23,48,Closed
T032,23-24,11/17/23,48,Closed
T033,23-24,11/17/23,48,Closed
T034,23-24,11/17/23,48,Groomed
T035,23-24,11/17/23,48,Closed
T036,23-24,11/17/23,48,Closed
T037,23-24,11/17/23,48,Closed
T038,23-24,11/17/23,48,Closed
T039,23-24,11/17/23,48,Closed
T040,23-24,11/17/23,48,Closed
T042,23-24,11/17/23,48,Closed
T043,23-24,11/17/23,48,Closed
T044,23-24,11/17/23,48,Closed
T045,23-24,11/17/23,48,Closed
T046,23-24,11/17/23,48,Closed
T047,23-24,11/17/23,48,Closed
T048,23-24,11/17/23,48,Closed
T049,23-24,11/17/23,48,Closed
T050,23-24,11/17/23,48,Closed
T051,23-24,11/17/23,48,Closed
T052,23-24,11/17/23,48,Closed
T053,23-24,11/17/23,48,Closed
T054,23-24,11/17/23,48,Closed
T055,23-24,11/17/23,48,Closed
T056,23-24,11/17/23,48,Closed
T057,23-24,11/17/23,48,Closed
T058,23-24,11/17/23,48,Closed
T061,23-24,11/17/23,48,Closed
T062,23-24,11/17/23,48,Closed
T063,23-24,11/17/23,48,Closed
T064,23-24,11/17/23,48,Closed
T065,23-24,11/17/23,48,Closed
T066,23-24,11/17/23,48,Closed
T067,23-24,11/17/23,48,Closed
T068,23-24,11/17/23,48,Closed
T069,23-24,11/17/23,48,Closed
T070,23-24,11/17/23,48,Closed
T071,23-24,11/17/23,48,Closed
T072,23-24,11/17/23,48,Closed
T073,23-24,11/17/23,48,Closed
T074,23-24,11/17/23,48,Closed
T075,23-24,11/17/23,48,Closed
T076,23-24,11/17/23,48,Closed
T077,23-24,11/17/23,48,Closed
T078,23-24,11/17/23,48,Closed
T079,23-24,11/17/23,48,Closed
T080,23-24,11/17/23,48,Closed
T081,23-24,11/17/23,48,Closed
T082,23-24,11/17/23,48,Closed
T083,23-24,11/17/23,48,Closed
T084,23-24,11/17/23,48,Closed
T085,23-24,11/17/23,48,Closed
T086,23-24,11/17/23,48,Closed
T087,23-24,11/17/23,48,Closed
T088,23-24,11/17/23,48,Closed
T089,23-24,11/17/23,48,Closed
T090,23-24,11/17/23,48,Closed
T091,23-24,11/17/23,48,Closed
T092,23-24,11/17/23,48,Closed
T107,23-24,11/17/23,48,Closed
T108,23-24,11/17/23,48,Closed
T109,23-24,11/17/23,48,Closed
T110,23-24,11/17/23,48,Closed
T111,23-24,11/17/23,48,Closed
T112,23-24,11/17/23,48,Closed
T113,23-24,11/17/23,48,Closed
T114,23-24,11/17/23,48,Closed
T115,23-24,11/17/23,48,Closed
T116,23-24,11/17/23,48,Closed
T117,23-24,11/17/23,48,Closed
T118,23-24,11/17/23,48,Closed
T119,23-24,11/17/23,48,Closed
T127,23-24,11/17/23,48,Closed
T128,23-24,11/17/23,48,Closed
T129,23-24,11/17/23,48,Closed
T130,23-24,11/17/23,48,Closed
T131,23-24,11/17/23,48,Closed
T132,23-24,11/17/23,48,Closed
T133,23-24,11/17/23,48,Closed
T136,23-24,11/17/23,48,Closed
T137,23-24,11/17/23,48,Closed
T148,23-24,11/17/23,48,Closed
T001,23-24,11/18/23,49,Closed
T002,23-24,11/18/23,49,Closed
T003,23-24,11/18/23,49,Groomed
T004,23-24,11/18/23,49,Closed
T005,23-24,11/18/23,49,Groomed
T006,23-24,11/18/23,49,Closed
T007,23-24,11/18/23,49,Groomed
T008,23-24,11/18/23,49,Groomed
T009,23-24,11/18/23,49,Closed
T010,23-24,11/18/23,49,Closed
T011,23-24,11/18/23,49,Groomed
T012,23-24,11/18/23,49,Closed
T013,23-24,11/18/23,49,Groomed
T014,23-24,11/18/23,49,Closed
T015,23-24,11/18/23,49,Closed
T016,23-24,11/18/23,49,Closed
T017,23-24,11/18/23,49,Closed
T018,23-24,11/18/23,49,Closed
T019,23-24,11/18/23,49,Closed
T020,23-24,11/18/23,49,Closed
T021,23-24,11/18/23,49,Groomed
T022,23-24,11/18/23,49,Closed
T023,23-24,11/18/23,49,Closed
T024,23-24,11/18/23,49,Closed
T025,23-24,11/18/23,49,Closed
T026,23-24,11/18/23,49,Closed
T027,23-24,11/18/23,49,Closed
T028,23-24,11/18/23,49,Closed
T029,23-24,11/18/23,49,Closed
T030,23-24,11/18/23,49,Closed
T031,23-24,11/18/23,49,Closed
T032,23-24,11/18/23,49,Closed
T033,23-24,11/18/23,49,Closed
T034,23-24,11/18/23,49,Groomed
T035,23-24,11/18/23,49,Closed
T036,23-24,11/18/23,49,Closed
T037,23-24,11/18/23,49,Closed
T038,23-24,11/18/23,49,Closed
T039,23-24,11/18/23,49,Closed
T040,23-24,11/18/23,49,Closed
T042,23-24,11/18/23,49,Closed
T043,23-24,11/18/23,49,Closed
T044,23-24,11/18/23,49,Closed
T045,23-24,11/18/23,49,Closed
T046,23-24,11/18/23,49,Closed
T047,23-24,11/18/23,49,Closed
T048,23-24,11/18/23,49,Closed
T049,23-24,11/18/23,49,Closed
T050,23-24,11/18/23,49,Closed
T051,23-24,11/18/23,49,Closed
T052,23-24,11/18/23,49,Closed
T053,23-24,11/18/23,49,Closed
T054,23-24,11/18/23,49,Closed
T055,23-24,11/18/23,49,Closed
T056,23-24,11/18/23,49,Closed
T057,23-24,11/18/23,49,Closed
T058,23-24,11/18/23,49,Closed
T061,23-24,11/18/23,49,Closed
T062,23-24,11/18/23,49,Closed
T063,23-24,11/18/23,49,Closed
T064,23-24,11/18/23,49,Closed
T065,23-24,11/18/23,49,Closed
T066,23-24,11/18/23,49,Closed
T067,23-24,11/18/23,49,Closed
T068,23-24,11/18/23,49,Closed
T069,23-24,11/18/23,49,Closed
T070,23-24,11/18/23,49,Closed
T071,23-24,11/18/23,49,Closed
T072,23-24,11/18/23,49,Closed
T073,23-24,11/18/23,49,Closed
T074,23-24,11/18/23,49,Closed
T075,23-24,11/18/23,49,Closed
T076,23-24,11/18/23,49,Closed
T077,23-24,11/18/23,49,Closed
T078,23-24,11/18/23,49,Closed
T079,23-24,11/18/23,49,Closed
T080,23-24,11/18/23,49,Closed
T081,23-24,11/18/23,49,Closed
T082,23-24,11/18/23,49,Closed
T083,23-24,11/18/23,49,Closed
T084,23-24,11/18/23,49,Closed
T085,23-24,11/18/23,49,Closed
T086,23-24,11/18/23,49,Closed
T087,23-24,11/18/23,49,Closed
T088,23-24,11/18/23,49,Closed
T089,23-24,11/18/23,49,Closed
T090,23-24,11/18/23,49,Closed
T091,23-24,11/18/23,49,Closed
T092,23-24,11/18/23,49,Closed
T107,23-24,11/18/23,49,Closed
T108,23-24,11/18/23,49,Closed
T109,23-24,11/18/23,49,Closed
T110,23-24,11/18/23,49,Closed
T111,23-24,11/18/23,49,Closed
T112,23-24,11/18/23,49,Closed
T113,23-24,11/18/23,49,Closed
T114,23-24,11/18/23,49,Closed
T115,23-24,11/18/23,49,Closed
T116,23-24,11/18/23,49,Closed
T117,23-24,11/18/23,49,Closed
T118,23-24,11/18/23,49,Closed
T119,23-24,11/18/23,49,Closed
T127,23-24,11/18/23,49,Closed
T128,23-24,11/18/23,49,Closed
T129,23-24,11/18/23,49,Closed
T130,23-24,11/18/23,49,Closed
T131,23-24,11/18/23,49,Closed
T132,23-24,11/18/23,49,Closed
T133,23-24,11/18/23,49,Closed
T136,23-24,11/18/23,49,Closed
T137,23-24,11/18/23,49,Closed
T148,23-24,11/18/23,49,Closed
T001,23-24,11/19/23,50,Closed
T002,23-24,11/19/23,50,Closed
T003,23-24,11/19/23,50,Groomed
T004,23-24,11/19/23,50,Closed
T005,23-24,11/19/23,50,Groomed
T006,23-24,11/19/23,50,Closed
T007,23-24,11/19/23,50,Groomed
T008,23-24,11/19/23,50,Groomed
T009,23-24,11/19/23,50,Closed
T010,23-24,11/19/23,50,Closed
T011,23-24,11/19/23,50,Groomed
T012,23-24,11/19/23,50,Groomed
T013,23-24,11/19/23,50,Groomed
T014,23-24,11/19/23,50,Closed
T015,23-24,11/19/23,50,Closed
T016,23-24,11/19/23,50,Closed
T017,23-24,11/19/23,50,Closed
T018,23-24,11/19/23,50,Closed
T019,23-24,11/19/23,50,Closed
T020,23-24,11/19/23,50,Closed
T021,23-24,11/19/23,50,Groomed
T022,23-24,11/19/23,50,Closed
T023,23-24,11/19/23,50,Closed
T024,23-24,11/19/23,50,Closed
T025,23-24,11/19/23,50,Closed
T026,23-24,11/19/23,50,Closed
T027,23-24,11/19/23,50,Closed
T028,23-24,11/19/23,50,Closed
T029,23-24,11/19/23,50,Closed
T030,23-24,11/19/23,50,Closed
T031,23-24,11/19/23,50,Closed
T032,23-24,11/19/23,50,Groomed
T033,23-24,11/19/23,50,Closed
T034,23-24,11/19/23,50,Groomed
T035,23-24,11/19/23,50,Closed
T036,23-24,11/19/23,50,Closed
T037,23-24,11/19/23,50,Closed
T038,23-24,11/19/23,50,Closed
T039,23-24,11/19/23,50,Closed
T040,23-24,11/19/23,50,Closed
T042,23-24,11/19/23,50,Closed
T043,23-24,11/19/23,50,Closed
T044,23-24,11/19/23,50,Closed
T045,23-24,11/19/23,50,Closed
T046,23-24,11/19/23,50,Closed
T047,23-24,11/19/23,50,Closed
T048,23-24,11/19/23,50,Closed
T049,23-24,11/19/23,50,Closed
T050,23-24,11/19/23,50,Closed
T051,23-24,11/19/23,50,Closed
T052,23-24,11/19/23,50,Closed
T053,23-24,11/19/23,50,Closed
T054,23-24,11/19/23,50,Closed
T055,23-24,11/19/23,50,Closed
T056,23-24,11/19/23,50,Closed
T057,23-24,11/19/23,50,Closed
T058,23-24,11/19/23,50,Closed
T061,23-24,11/19/23,50,Closed
T062,23-24,11/19/23,50,Closed
T063,23-24,11/19/23,50,Closed
T064,23-24,11/19/23,50,Closed
T065,23-24,11/19/23,50,Closed
T066,23-24,11/19/23,50,Closed
T067,23-24,11/19/23,50,Closed
T068,23-24,11/19/23,50,Closed
T069,23-24,11/19/23,50,Closed
T070,23-24,11/19/23,50,Closed
T071,23-24,11/19/23,50,Closed
T072,23-24,11/19/23,50,Closed
T073,23-24,11/19/23,50,Closed
T074,23-24,11/19/23,50,Closed
T075,23-24,11/19/23,50,Closed
T076,23-24,11/19/23,50,Closed
T077,23-24,11/19/23,50,Closed
T078,23-24,11/19/23,50,Closed
T079,23-24,11/19/23,50,Closed
T080,23-24,11/19/23,50,Closed
T081,23-24,11/19/23,50,Closed
T082,23-24,11/19/23,50,Closed
T083,23-24,11/19/23,50,Closed
T084,23-24,11/19/23,50,Closed
T085,23-24,11/19/23,50,Closed
T086,23-24,11/19/23,50,Closed
T087,23-24,11/19/23,50,Closed
T088,23-24,11/19/23,50,Closed
T089,23-24,11/19/23,50,Closed
T090,23-24,11/19/23,50,Closed
T091,23-24,11/19/23,50,Closed
T092,23-24,11/19/23,50,Closed
T107,23-24,11/19/23,50,Closed
T108,23-24,11/19/23,50,Closed
T109,23-24,11/19/23,50,Closed
T110,23-24,11/19/23,50,Closed
T111,23-24,11/19/23,50,Closed
T112,23-24,11/19/23,50,Closed
T113,23-24,11/19/23,50,Closed
T114,23-24,11/19/23,50,Closed
T115,23-24,11/19/23,50,Closed
T116,23-24,11/19/23,50,Closed
T117,23-24,11/19/23,50,Closed
T118,23-24,11/19/23,50,Closed
T119,23-24,11/19/23,50,Closed
T127,23-24,11/19/23,50,Closed
T128,23-24,11/19/23,50,Closed
T129,23-24,11/19/23,50,Closed
T130,23-24,11/19/23,50,Closed
T131,23-24,11/19/23,50,Closed
T132,23-24,11/19/23,50,Closed
T133,23-24,11/19/23,50,Closed
T136,23-24,11/19/23,50,Closed
T137,23-24,11/19/23,50,Closed
T148,23-24,11/19/23,50,Closed
T001,23-24,11/20/23,51,Closed
T002,23-24,11/20/23,51,Closed
T003,23-24,11/20/23,51,Groomed
T004,23-24,11/20/23,51,Closed
T005,23-24,11/20/23,51,Groomed
T006,23-24,11/20/23,51,Closed
T007,23-24,11/20/23,51,Groomed
T008,23-24,11/20/23,51,Groomed
T009,23-24,11/20/23,51,Closed
T010,23-24,11/20/23,51,Closed
T011,23-24,11/20/23,51,Groomed
T012,23-24,11/20/23,51,Groomed
T013,23-24,11/20/23,51,Groomed
T014,23-24,11/20/23,51,Closed
T015,23-24,11/20/23,51,Closed
T016,23-24,11/20/23,51,Closed
T017,23-24,11/20/23,51,Closed
T018,23-24,11/20/23,51,Closed
T019,23-24,11/20/23,51,Closed
T020,23-24,11/20/23,51,Closed
T021,23-24,11/20/23,51,Groomed
T022,23-24,11/20/23,51,Closed
T023,23-24,11/20/23,51,Closed
T024,23-24,11/20/23,51,Closed
T025,23-24,11/20/23,51,Closed
T026,23-24,11/20/23,51,Closed
T027,23-24,11/20/23,51,Closed
T028,23-24,11/20/23,51,Closed
T029,23-24,11/20/23,51,Closed
T030,23-24,11/20/23,51,Closed
T031,23-24,11/20/23,51,Closed
T032,23-24,11/20/23,51,Groomed
T033,23-24,11/20/23,51,Closed
T034,23-24,11/20/23,51,Groomed
T035,23-24,11/20/23,51,Closed
T036,23-24,11/20/23,51,Closed
T037,23-24,11/20/23,51,Closed
T038,23-24,11/20/23,51,Closed
T039,23-24,11/20/23,51,Closed
T040,23-24,11/20/23,51,Closed
T042,23-24,11/20/23,51,Closed
T043,23-24,11/20/23,51,Closed
T044,23-24,11/20/23,51,Closed
T045,23-24,11/20/23,51,Closed
T046,23-24,11/20/23,51,Closed
T047,23-24,11/20/23,51,Closed
T048,23-24,11/20/23,51,Closed
T049,23-24,11/20/23,51,Closed
T050,23-24,11/20/23,51,Closed
T051,23-24,11/20/23,51,Closed
T052,23-24,11/20/23,51,Closed
T053,23-24,11/20/23,51,Closed
T054,23-24,11/20/23,51,Closed
T055,23-24,11/20/23,51,Closed
T056,23-24,11/20/23,51,Closed
T057,23-24,11/20/23,51,Closed
T058,23-24,11/20/23,51,Closed
T061,23-24,11/20/23,51,Closed
T062,23-24,11/20/23,51,Closed
T063,23-24,11/20/23,51,Closed
T064,23-24,11/20/23,51,Closed
T065,23-24,11/20/23,51,Closed
T066,23-24,11/20/23,51,Closed
T067,23-24,11/20/23,51,Closed
T068,23-24,11/20/23,51,Closed
T069,23-24,11/20/23,51,Closed
T070,23-24,11/20/23,51,Closed
T071,23-24,11/20/23,51,Closed
T072,23-24,11/20/23,51,Closed
T073,23-24,11/20/23,51,Closed
T074,23-24,11/20/23,51,Closed
T075,23-24,11/20/23,51,Closed
T076,23-24,11/20/23,51,Closed
T077,23-24,11/20/23,51,Closed
T078,23-24,11/20/23,51,Closed
T079,23-24,11/20/23,51,Closed
T080,23-24,11/20/23,51,Closed
T081,23-24,11/20/23,51,Closed
T082,23-24,11/20/23,51,Closed
T083,23-24,11/20/23,51,Closed
T084,23-24,11/20/23,51,Closed
T085,23-24,11/20/23,51,Closed
T086,23-24,11/20/23,51,Closed
T087,23-24,11/20/23,51,Closed
T088,23-24,11/20/23,51,Closed
T089,23-24,11/20/23,51,Closed
T090,23-24,11/20/23,51,Closed
T091,23-24,11/20/23,51,Closed
T092,23-24,11/20/23,51,Closed
T107,23-24,11/20/23,51,Closed
T108,23-24,11/20/23,51,Closed
T109,23-24,11/20/23,51,Closed
T110,23-24,11/20/23,51,Closed
T111,23-24,11/20/23,51,Closed
T112,23-24,11/20/23,51,Closed
T113,23-24,11/20/23,51,Closed
T114,23-24,11/20/23,51,Closed
T115,23-24,11/20/23,51,Closed
T116,23-24,11/20/23,51,Closed
T117,23-24,11/20/23,51,Closed
T118,23-24,11/20/23,51,Closed
T119,23-24,11/20/23,51,Closed
T127,23-24,11/20/23,51,Closed
T128,23-24,11/20/23,51,Closed
T129,23-24,11/20/23,51,Closed
T130,23-24,11/20/23,51,Closed
T131,23-24,11/20/23,51,Closed
T132,23-24,11/20/23,51,Closed
T133,23-24,11/20/23,51,Closed
T136,23-24,11/20/23,51,Closed
T137,23-24,11/20/23,51,Closed
T148,23-24,11/20/23,51,Closed
T001,23-24,11/21/23,52,Closed
T002,23-24,11/21/23,52,Closed
T003,23-24,11/21/23,52,Groomed
T004,23-24,11/21/23,52,Closed
T005,23-24,11/21/23,52,Groomed
T006,23-24,11/21/23,52,Closed
T007,23-24,11/21/23,52,Groomed
T008,23-24,11/21/23,52,Groomed
T009,23-24,11/21/23,52,Closed
T010,23-24,11/21/23,52,Closed
T011,23-24,11/21/23,52,Groomed
T012,23-24,11/21/23,52,Groomed
T013,23-24,11/21/23,52,Groomed
T014,23-24,11/21/23,52,Closed
T015,23-24,11/21/23,52,Closed
T016,23-24,11/21/23,52,Closed
T017,23-24,11/21/23,52,Closed
T018,23-24,11/21/23,52,Closed
T019,23-24,11/21/23,52,Closed
T020,23-24,11/21/23,52,Closed
T021,23-24,11/21/23,52,Groomed
T022,23-24,11/21/23,52,Closed
T023,23-24,11/21/23,52,Closed
T024,23-24,11/21/23,52,Closed
T025,23-24,11/21/23,52,Closed
T026,23-24,11/21/23,52,Closed
T027,23-24,11/21/23,52,Closed
T028,23-24,11/21/23,52,Closed
T029,23-24,11/21/23,52,Closed
T030,23-24,11/21/23,52,Closed
T031,23-24,11/21/23,52,Closed
T032,23-24,11/21/23,52,Groomed
T033,23-24,11/21/23,52,Closed
T034,23-24,11/21/23,52,Groomed
T035,23-24,11/21/23,52,Closed
T036,23-24,11/21/23,52,Closed
T037,23-24,11/21/23,52,Closed
T038,23-24,11/21/23,52,Closed
T039,23-24,11/21/23,52,Closed
T040,23-24,11/21/23,52,Closed
T042,23-24,11/21/23,52,Closed
T043,23-24,11/21/23,52,Closed
T044,23-24,11/21/23,52,Closed
T045,23-24,11/21/23,52,Closed
T046,23-24,11/21/23,52,Closed
T047,23-24,11/21/23,52,Closed
T048,23-24,11/21/23,52,Closed
T049,23-24,11/21/23,52,Closed
T050,23-24,11/21/23,52,Closed
T051,23-24,11/21/23,52,Closed
T052,23-24,11/21/23,52,Closed
T053,23-24,11/21/23,52,Closed
T054,23-24,11/21/23,52,Closed
T055,23-24,11/21/23,52,Closed
T056,23-24,11/21/23,52,Closed
T057,23-24,11/21/23,52,Closed
T058,23-24,11/21/23,52,Closed
T061,23-24,11/21/23,52,Closed
T062,23-24,11/21/23,52,Closed
T063,23-24,11/21/23,52,Closed
T064,23-24,11/21/23,52,Closed
T065,23-24,11/21/23,52,Closed
T066,23-24,11/21/23,52,Closed
T067,23-24,11/21/23,52,Closed
T068,23-24,11/21/23,52,Closed
T069,23-24,11/21/23,52,Closed
T070,23-24,11/21/23,52,Closed
T071,23-24,11/21/23,52,Closed
T072,23-24,11/21/23,52,Closed
T073,23-24,11/21/23,52,Closed
T074,23-24,11/21/23,52,Closed
T075,23-24,11/21/23,52,Closed
T076,23-24,11/21/23,52,Closed
T077,23-24,11/21/23,52,Closed
T078,23-24,11/21/23,52,Closed
T079,23-24,11/21/23,52,Closed
T080,23-24,11/21/23,52,Closed
T081,23-24,11/21/23,52,Closed
T082,23-24,11/21/23,52,Closed
T083,23-24,11/21/23,52,Closed
T084,23-24,11/21/23,52,Closed
T085,23-24,11/21/23,52,Closed
T086,23-24,11/21/23,52,Closed
T087,23-24,11/21/23,52,Closed
T088,23-24,11/21/23,52,Closed
T089,23-24,11/21/23,52,Closed
T090,23-24,11/21/23,52,Closed
T091,23-24,11/21/23,52,Closed
T092,23-24,11/21/23,52,Closed
T107,23-24,11/21/23,52,Closed
T108,23-24,11/21/23,52,Closed
T109,23-24,11/21/23,52,Closed
T110,23-24,11/21/23,52,Closed
T111,23-24,11/21/23,52,Closed
T112,23-24,11/21/23,52,Closed
T113,23-24,11/21/23,52,Closed
T114,23-24,11/21/23,52,Closed
T115,23-24,11/21/23,52,Closed
T116,23-24,11/21/23,52,Closed
T117,23-24,11/21/23,52,Closed
T118,23-24,11/21/23,52,Closed
T119,23-24,11/21/23,52,Closed
T127,23-24,11/21/23,52,Closed
T128,23-24,11/21/23,52,Closed
T129,23-24,11/21/23,52,Closed
T130,23-24,11/21/23,52,Closed
T131,23-24,11/21/23,52,Closed
T132,23-24,11/21/23,52,Closed
T133,23-24,11/21/23,52,Closed
T136,23-24,11/21/23,52,Closed
T137,23-24,11/21/23,52,Closed
T148,23-24,11/21/23,52,Closed
T001,23-24,11/22/23,53,Closed
T002,23-24,11/22/23,53,Closed
T003,23-24,11/22/23,53,Groomed
T004,23-24,11/22/23,53,Closed
T005,23-24,11/22/23,53,Groomed
T006,23-24,11/22/23,53,Closed
T007,23-24,11/22/23,53,Groomed
T008,23-24,11/22/23,53,Groomed
T009,23-24,11/22/23,53,Closed
T010,23-24,11/22/23,53,Closed
T011,23-24,11/22/23,53,Groomed
T012,23-24,11/22/23,53,Groomed
T013,23-24,11/22/23,53,Groomed
T014,23-24,11/22/23,53,Closed
T015,23-24,11/22/23,53,Closed
T016,23-24,11/22/23,53,Closed
T017,23-24,11/22/23,53,Closed
T018,23-24,11/22/23,53,Closed
T019,23-24,11/22/23,53,Closed
T020,23-24,11/22/23,53,Closed
T021,23-24,11/22/23,53,Groomed
T022,23-24,11/22/23,53,Closed
T023,23-24,11/22/23,53,Closed
T024,23-24,11/22/23,53,Closed
T025,23-24,11/22/23,53,Closed
T026,23-24,11/22/23,53,Closed
T027,23-24,11/22/23,53,Closed
T028,23-24,11/22/23,53,Closed
T029,23-24,11/22/23,53,Closed
T030,23-24,11/22/23,53,Closed
T031,23-24,11/22/23,53,Closed
T032,23-24,11/22/23,53,Groomed
T033,23-24,11/22/23,53,Closed
T034,23-24,11/22/23,53,Groomed
T035,23-24,11/22/23,53,Closed
T036,23-24,11/22/23,53,Closed
T037,23-24,11/22/23,53,Closed
T038,23-24,11/22/23,53,Closed
T039,23-24,11/22/23,53,Closed
T040,23-24,11/22/23,53,Closed
T042,23-24,11/22/23,53,Closed
T043,23-24,11/22/23,53,Closed
T044,23-24,11/22/23,53,Closed
T045,23-24,11/22/23,53,Closed
T046,23-24,11/22/23,53,Closed
T047,23-24,11/22/23,53,Closed
T048,23-24,11/22/23,53,Closed
T049,23-24,11/22/23,53,Closed
T050,23-24,11/22/23,53,Closed
T051,23-24,11/22/23,53,Closed
T052,23-24,11/22/23,53,Closed
T053,23-24,11/22/23,53,Closed
T054,23-24,11/22/23,53,Closed
T055,23-24,11/22/23,53,Closed
T056,23-24,11/22/23,53,Closed
T057,23-24,11/22/23,53,Closed
T058,23-24,11/22/23,53,Closed
T061,23-24,11/22/23,53,Closed
T062,23-24,11/22/23,53,Closed
T063,23-24,11/22/23,53,Closed
T064,23-24,11/22/23,53,Closed
T065,23-24,11/22/23,53,Closed
T066,23-24,11/22/23,53,Closed
T067,23-24,11/22/23,53,Closed
T068,23-24,11/22/23,53,Closed
T069,23-24,11/22/23,53,Closed
T070,23-24,11/22/23,53,Closed
T071,23-24,11/22/23,53,Closed
T072,23-24,11/22/23,53,Closed
T073,23-24,11/22/23,53,Closed
T074,23-24,11/22/23,53,Closed
T075,23-24,11/22/23,53,Closed
T076,23-24,11/22/23,53,Closed
T077,23-24,11/22/23,53,Closed
T078,23-24,11/22/23,53,Closed
T079,23-24,11/22/23,53,Closed
T080,23-24,11/22/23,53,Closed
T081,23-24,11/22/23,53,Closed
T082,23-24,11/22/23,53,Closed
T083,23-24,11/22/23,53,Closed
T084,23-24,11/22/23,53,Closed
T085,23-24,11/22/23,53,Closed
T086,23-24,11/22/23,53,Closed
T087,23-24,11/22/23,53,Closed
T088,23-24,11/22/23,53,Closed
T089,23-24,11/22/23,53,Closed
T090,23-24,11/22/23,53,Closed
T091,23-24,11/22/23,53,Closed
T092,23-24,11/22/23,53,Closed
T107,23-24,11/22/23,53,Closed
T108,23-24,11/22/23,53,Closed
T109,23-24,11/22/23,53,Closed
T110,23-24,11/22/23,53,Closed
T111,23-24,11/22/23,53,Closed
T112,23-24,11/22/23,53,Closed
T113,23-24,11/22/23,53,Closed
T114,23-24,11/22/23,53,Closed
T115,23-24,11/22/23,53,Closed
T116,23-24,11/22/23,53,Closed
T117,23-24,11/22/23,53,Closed
T118,23-24,11/22/23,53,Closed
T119,23-24,11/22/23,53,Closed
T127,23-24,11/22/23,53,Closed
T128,23-24,11/22/23,53,Closed
T129,23-24,11/22/23,53,Closed
T130,23-24,11/22/23,53,Closed
T131,23-24,11/22/23,53,Closed
T132,23-24,11/22/23,53,Closed
T133,23-24,11/22/23,53,Closed
T136,23-24,11/22/23,53,Closed
T137,23-24,11/22/23,53,Closed
T148,23-24,11/22/23,53,Closed
T001,23-24,11/23/23,54,Groomed
T002,23-24,11/23/23,54,Closed
T003,23-24,11/23/23,54,Groomed
T004,23-24,11/23/23,54,Closed
T005,23-24,11/23/23,54,Groomed
T006,23-24,11/23/23,54,Closed
T007,23-24,11/23/23,54,Groomed
T008,23-24,11/23/23,54,Groomed
T009,23-24,11/23/23,54,Closed
T010,23-24,11/23/23,54,Closed
T011,23-24,11/23/23,54,Groomed
T012,23-24,11/23/23,54,Groomed
T013,23-24,11/23/23,54,Groomed
T014,23-24,11/23/23,54,Closed
T015,23-24,11/23/23,54,Closed
T016,23-24,11/23/23,54,Closed
T017,23-24,11/23/23,54,Closed
T018,23-24,11/23/23,54,Closed
T019,23-24,11/23/23,54,Closed
T020,23-24,11/23/23,54,Closed
T021,23-24,11/23/23,54,Groomed
T022,23-24,11/23/23,54,Closed
T023,23-24,11/23/23,54,Closed
T024,23-24,11/23/23,54,Closed
T025,23-24,11/23/23,54,Closed
T026,23-24,11/23/23,54,Closed
T027,23-24,11/23/23,54,Closed
T028,23-24,11/23/23,54,Closed
T029,23-24,11/23/23,54,Closed
T030,23-24,11/23/23,54,Closed
T031,23-24,11/23/23,54,Closed
T032,23-24,11/23/23,54,Groomed
T033,23-24,11/23/23,54,Groomed
T034,23-24,11/23/23,54,Groomed
T035,23-24,11/23/23,54,Closed
T036,23-24,11/23/23,54,Groomed
T037,23-24,11/23/23,54,Closed
T038,23-24,11/23/23,54,Closed
T039,23-24,11/23/23,54,Closed
T040,23-24,11/23/23,54,Closed
T042,23-24,11/23/23,54,Closed
T043,23-24,11/23/23,54,Closed
T044,23-24,11/23/23,54,Closed
T045,23-24,11/23/23,54,Closed
T046,23-24,11/23/23,54,Closed
T047,23-24,11/23/23,54,Closed
T048,23-24,11/23/23,54,Closed
T049,23-24,11/23/23,54,Closed
T050,23-24,11/23/23,54,Closed
T051,23-24,11/23/23,54,Closed
T052,23-24,11/23/23,54,Closed
T053,23-24,11/23/23,54,Closed
T054,23-24,11/23/23,54,Closed
T055,23-24,11/23/23,54,Closed
T056,23-24,11/23/23,54,Closed
T057,23-24,11/23/23,54,Closed
T058,23-24,11/23/23,54,Closed
T061,23-24,11/23/23,54,Closed
T062,23-24,11/23/23,54,Closed
T063,23-24,11/23/23,54,Closed
T064,23-24,11/23/23,54,Closed
T065,23-24,11/23/23,54,Closed
T066,23-24,11/23/23,54,Closed
T067,23-24,11/23/23,54,Closed
T068,23-24,11/23/23,54,Closed
T069,23-24,11/23/23,54,Closed
T070,23-24,11/23/23,54,Closed
T071,23-24,11/23/23,54,Closed
T072,23-24,11/23/23,54,Closed
T073,23-24,11/23/23,54,Closed
T074,23-24,11/23/23,54,Closed
T075,23-24,11/23/23,54,Closed
T076,23-24,11/23/23,54,Closed
T077,23-24,11/23/23,54,Closed
T078,23-24,11/23/23,54,Closed
T079,23-24,11/23/23,54,Closed
T080,23-24,11/23/23,54,Closed
T081,23-24,11/23/23,54,Closed
T082,23-24,11/23/23,54,Closed
T083,23-24,11/23/23,54,Closed
T084,23-24,11/23/23,54,Closed
T085,23-24,11/23/23,54,Closed
T086,23-24,11/23/23,54,Closed
T087,23-24,11/23/23,54,Closed
T088,23-24,11/23/23,54,Closed
T089,23-24,11/23/23,54,Closed
T090,23-24,11/23/23,54,Closed
T091,23-24,11/23/23,54,Closed
T092,23-24,11/23/23,54,Closed
T107,23-24,11/23/23,54,Closed
T108,23-24,11/23/23,54,Closed
T109,23-24,11/23/23,54,Closed
T110,23-24,11/23/23,54,Closed
T111,23-24,11/23/23,54,Closed
T112,23-24,11/23/23,54,Closed
T113,23-24,11/23/23,54,Closed
T114,23-24,11/23/23,54,Closed
T115,23-24,11/23/23,54,Closed
T116,23-24,11/23/23,54,Closed
T117,23-24,11/23/23,54,Closed
T118,23-24,11/23/23,54,Closed
T119,23-24,11/23/23,54,Closed
T127,23-24,11/23/23,54,Closed
T128,23-24,11/23/23,54,Closed
T129,23-24,11/23/23,54,Closed
T130,23-24,11/23/23,54,Closed
T131,23-24,11/23/23,54,Closed
T132,23-24,11/23/23,54,Closed
T133,23-24,11/23/23,54,Closed
T136,23-24,11/23/23,54,Closed
T137,23-24,11/23/23,54,Closed
T148,23-24,11/23/23,54,Closed
T001,23-24,11/24/23,55,Groomed
T002,23-24,11/24/23,55,Closed
T003,23-24,11/24/23,55,Groomed
T004,23-24,11/24/23,55,Closed
T005,23-24,11/24/23,55,Groomed
T006,23-24,11/24/23,55,Closed
T007,23-24,11/24/23,55,Groomed
T008,23-24,11/24/23,55,Groomed
T009,23-24,11/24/23,55,Closed
T010,23-24,11/24/23,55,Closed
T011,23-24,11/24/23,55,Groomed
T012,23-24,11/24/23,55,Groomed
T013,23-24,11/24/23,55,Groomed
T014,23-24,11/24/23,55,Closed
T015,23-24,11/24/23,55,Closed
T016,23-24,11/24/23,55,Closed
T017,23-24,11/24/23,55,Closed
T018,23-24,11/24/23,55,Closed
T019,23-24,11/24/23,55,Closed
T020,23-24,11/24/23,55,Closed
T021,23-24,11/24/23,55,Groomed
T022,23-24,11/24/23,55,Closed
T023,23-24,11/24/23,55,Closed
T024,23-24,11/24/23,55,Closed
T025,23-24,11/24/23,55,Closed
T026,23-24,11/24/23,55,Closed
T027,23-24,11/24/23,55,Closed
T028,23-24,11/24/23,55,Closed
T029,23-24,11/24/23,55,Closed
T030,23-24,11/24/23,55,Closed
T031,23-24,11/24/23,55,Closed
T032,23-24,11/24/23,55,Groomed
T033,23-24,11/24/23,55,Groomed
T034,23-24,11/24/23,55,Groomed
T035,23-24,11/24/23,55,Closed
T036,23-24,11/24/23,55,Groomed
T037,23-24,11/24/23,55,Closed
T038,23-24,11/24/23,55,Closed
T039,23-24,11/24/23,55,Closed
T040,23-24,11/24/23,55,Closed
T042,23-24,11/24/23,55,Closed
T043,23-24,11/24/23,55,Closed
T044,23-24,11/24/23,55,Closed
T045,23-24,11/24/23,55,Closed
T046,23-24,11/24/23,55,Closed
T047,23-24,11/24/23,55,Closed
T048,23-24,11/24/23,55,Closed
T049,23-24,11/24/23,55,Closed
T050,23-24,11/24/23,55,Closed
T051,23-24,11/24/23,55,Closed
T052,23-24,11/24/23,55,Closed
T053,23-24,11/24/23,55,Closed
T054,23-24,11/24/23,55,Closed
T055,23-24,11/24/23,55,Closed
T056,23-24,11/24/23,55,Closed
T057,23-24,11/24/23,55,Closed
T058,23-24,11/24/23,55,Closed
T061,23-24,11/24/23,55,Closed
T062,23-24,11/24/23,55,Closed
T063,23-24,11/24/23,55,Closed
T064,23-24,11/24/23,55,Closed
T065,23-24,11/24/23,55,Closed
T066,23-24,11/24/23,55,Closed
T067,23-24,11/24/23,55,Closed
T068,23-24,11/24/23,55,Closed
T069,23-24,11/24/23,55,Closed
T070,23-24,11/24/23,55,Closed
T071,23-24,11/24/23,55,Closed
T072,23-24,11/24/23,55,Closed
T073,23-24,11/24/23,55,Closed
T074,23-24,11/24/23,55,Closed
T075,23-24,11/24/23,55,Closed
T076,23-24,11/24/23,55,Closed
T077,23-24,11/24/23,55,Closed
T078,23-24,11/24/23,55,Closed
T079,23-24,11/24/23,55,Closed
T080,23-24,11/24/23,55,Closed
T081,23-24,11/24/23,55,Closed
T082,23-24,11/24/23,55,Closed
T083,23-24,11/24/23,55,Closed
T084,23-24,11/24/23,55,Closed
T085,23-24,11/24/23,55,Closed
T086,23-24,11/24/23,55,Closed
T087,23-24,11/24/23,55,Closed
T088,23-24,11/24/23,55,Closed
T089,23-24,11/24/23,55,Closed
T090,23-24,11/24/23,55,Closed
T091,23-24,11/24/23,55,Closed
T092,23-24,11/24/23,55,Closed
T107,23-24,11/24/23,55,Closed
T108,23-24,11/24/23,55,Closed
T109,23-24,11/24/23,55,Closed
T110,23-24,11/24/23,55,Closed
T111,23-24,11/24/23,55,Closed
T112,23-24,11/24/23,55,Closed
T113,23-24,11/24/23,55,Closed
T114,23-24,11/24/23,55,Closed
T115,23-24,11/24/23,55,Closed
T116,23-24,11/24/23,55,Closed
T117,23-24,11/24/23,55,Closed
T118,23-24,11/24/23,55,Closed
T119,23-24,11/24/23,55,Closed
T127,23-24,11/24/23,55,Closed
T128,23-24,11/24/23,55,Closed
T129,23-24,11/24/23,55,Closed
T130,23-24,11/24/23,55,Closed
T131,23-24,11/24/23,55,Closed
T132,23-24,11/24/23,55,Closed
T133,23-24,11/24/23,55,Closed
T136,23-24,11/24/23,55,Closed
T137,23-24,11/24/23,55,Closed
T148,23-24,11/24/23,55,Closed
T001,23-24,11/25/23,56,Groomed
T002,23-24,11/25/23,56,Closed
T003,23-24,11/25/23,56,Groomed
T004,23-24,11/25/23,56,Closed
T005,23-24,11/25/23,56,Groomed
T006,23-24,11/25/23,56,Closed
T007,23-24,11/25/23,56,Groomed
T008,23-24,11/25/23,56,Groomed
T009,23-24,11/25/23,56,Closed
T010,23-24,11/25/23,56,Closed
T011,23-24,11/25/23,56,Groomed
T012,23-24,11/25/23,56,Groomed
T013,23-24,11/25/23,56,Groomed
T014,23-24,11/25/23,56,Closed
T015,23-24,11/25/23,56,Closed
T016,23-24,11/25/23,56,Closed
T017,23-24,11/25/23,56,Closed
T018,23-24,11/25/23,56,Closed
T019,23-24,11/25/23,56,Closed
T020,23-24,11/25/23,56,Closed
T021,23-24,11/25/23,56,Groomed
T022,23-24,11/25/23,56,Closed
T023,23-24,11/25/23,56,Closed
T024,23-24,11/25/23,56,Closed
T025,23-24,11/25/23,56,Closed
T026,23-24,11/25/23,56,Closed
T027,23-24,11/25/23,56,Closed
T028,23-24,11/25/23,56,Closed
T029,23-24,11/25/23,56,Closed
T030,23-24,11/25/23,56,Closed
T031,23-24,11/25/23,56,Closed
T032,23-24,11/25/23,56,Groomed
T033,23-24,11/25/23,56,Groomed
T034,23-24,11/25/23,56,Groomed
T035,23-24,11/25/23,56,Closed
T036,23-24,11/25/23,56,Groomed
T037,23-24,11/25/23,56,Closed
T038,23-24,11/25/23,56,Closed
T039,23-24,11/25/23,56,Closed
T040,23-24,11/25/23,56,Closed
T042,23-24,11/25/23,56,Closed
T043,23-24,11/25/23,56,Closed
T044,23-24,11/25/23,56,Closed
T045,23-24,11/25/23,56,Closed
T046,23-24,11/25/23,56,Closed
T047,23-24,11/25/23,56,Closed
T048,23-24,11/25/23,56,Closed
T049,23-24,11/25/23,56,Closed
T050,23-24,11/25/23,56,Closed
T051,23-24,11/25/23,56,Closed
T052,23-24,11/25/23,56,Closed
T053,23-24,11/25/23,56,Closed
T054,23-24,11/25/23,56,Closed
T055,23-24,11/25/23,56,Closed
T056,23-24,11/25/23,56,Closed
T057,23-24,11/25/23,56,Closed
T058,23-24,11/25/23,56,Closed
T061,23-24,11/25/23,56,Closed
T062,23-24,11/25/23,56,Closed
T063,23-24,11/25/23,56,Closed
T064,23-24,11/25/23,56,Closed
T065,23-24,11/25/23,56,Closed
T066,23-24,11/25/23,56,Closed
T067,23-24,11/25/23,56,Closed
T068,23-24,11/25/23,56,Closed
T069,23-24,11/25/23,56,Closed
T070,23-24,11/25/23,56,Closed
T071,23-24,11/25/23,56,Closed
T072,23-24,11/25/23,56,Closed
T073,23-24,11/25/23,56,Closed
T074,23-24,11/25/23,56,Closed
T075,23-24,11/25/23,56,Closed
T076,23-24,11/25/23,56,Closed
T077,23-24,11/25/23,56,Closed
T078,23-24,11/25/23,56,Closed
T079,23-24,11/25/23,56,Closed
T080,23-24,11/25/23,56,Closed
T081,23-24,11/25/23,56,Closed
T082,23-24,11/25/23,56,Closed
T083,23-24,11/25/23,56,Closed
T084,23-24,11/25/23,56,Closed
T085,23-24,11/25/23,56,Closed
T086,23-24,11/25/23,56,Closed
T087,23-24,11/25/23,56,Closed
T088,23-24,11/25/23,56,Closed
T089,23-24,11/25/23,56,Closed
T090,23-24,11/25/23,56,Closed
T091,23-24,11/25/23,56,Closed
T092,23-24,11/25/23,56,Closed
T107,23-24,11/25/23,56,Closed
T108,23-24,11/25/23,56,Closed
T109,23-24,11/25/23,56,Closed
T110,23-24,11/25/23,56,Closed
T111,23-24,11/25/23,56,Closed
T112,23-24,11/25/23,56,Closed
T113,23-24,11/25/23,56,Closed
T114,23-24,11/25/23,56,Closed
T115,23-24,11/25/23,56,Closed
T116,23-24,11/25/23,56,Closed
T117,23-24,11/25/23,56,Closed
T118,23-24,11/25/23,56,Closed
T119,23-24,11/25/23,56,Closed
T127,23-24,11/25/23,56,Closed
T128,23-24,11/25/23,56,Closed
T129,23-24,11/25/23,56,Closed
T130,23-24,11/25/23,56,Closed
T131,23-24,11/25/23,56,Closed
T132,23-24,11/25/23,56,Closed
T133,23-24,11/25/23,56,Closed
T136,23-24,11/25/23,56,Closed
T137,23-24,11/25/23,56,Closed
T148,23-24,11/25/23,56,Closed
T001,23-24,11/26/23,57,Groomed
T002,23-24,11/26/23,57,Closed
T003,23-24,11/26/23,57,Groomed
T004,23-24,11/26/23,57,Closed
T005,23-24,11/26/23,57,Groomed
T006,23-24,11/26/23,57,Closed
T007,23-24,11/26/23,57,Groomed
T008,23-24,11/26/23,57,Groomed
T009,23-24,11/26/23,57,Closed
T010,23-24,11/26/23,57,Closed
T011,23-24,11/26/23,57,Groomed
T012,23-24,11/26/23,57,Groomed
T013,23-24,11/26/23,57,Groomed
T014,23-24,11/26/23,57,Closed
T015,23-24,11/26/23,57,Closed
T016,23-24,11/26/23,57,Closed
T017,23-24,11/26/23,57,Closed
T018,23-24,11/26/23,57,Closed
T019,23-24,11/26/23,57,Closed
T020,23-24,11/26/23,57,Closed
T021,23-24,11/26/23,57,Groomed
T022,23-24,11/26/23,57,Closed
T023,23-24,11/26/23,57,Closed
T024,23-24,11/26/23,57,Closed
T025,23-24,11/26/23,57,Closed
T026,23-24,11/26/23,57,Closed
T027,23-24,11/26/23,57,Closed
T028,23-24,11/26/23,57,Closed
T029,23-24,11/26/23,57,Closed
T030,23-24,11/26/23,57,Closed
T031,23-24,11/26/23,57,Closed
T032,23-24,11/26/23,57,Groomed
T033,23-24,11/26/23,57,Groomed
T034,23-24,11/26/23,57,Groomed
T035,23-24,11/26/23,57,Closed
T036,23-24,11/26/23,57,Groomed
T037,23-24,11/26/23,57,Closed
T038,23-24,11/26/23,57,Closed
T039,23-24,11/26/23,57,Closed
T040,23-24,11/26/23,57,Closed
T042,23-24,11/26/23,57,Closed
T043,23-24,11/26/23,57,Closed
T044,23-24,11/26/23,57,Closed
T045,23-24,11/26/23,57,Closed
T046,23-24,11/26/23,57,Closed
T047,23-24,11/26/23,57,Closed
T048,23-24,11/26/23,57,Closed
T049,23-24,11/26/23,57,Closed
T050,23-24,11/26/23,57,Closed
T051,23-24,11/26/23,57,Closed
T052,23-24,11/26/23,57,Closed
T053,23-24,11/26/23,57,Closed
T054,23-24,11/26/23,57,Closed
T055,23-24,11/26/23,57,Closed
T056,23-24,11/26/23,57,Closed
T057,23-24,11/26/23,57,Closed
T058,23-24,11/26/23,57,Closed
T061,23-24,11/26/23,57,Closed
T062,23-24,11/26/23,57,Closed
T063,23-24,11/26/23,57,Closed
T064,23-24,11/26/23,57,Closed
T065,23-24,11/26/23,57,Closed
T066,23-24,11/26/23,57,Closed
T067,23-24,11/26/23,57,Closed
T068,23-24,11/26/23,57,Closed
T069,23-24,11/26/23,57,Closed
T070,23-24,11/26/23,57,Closed
T071,23-24,11/26/23,57,Closed
T072,23-24,11/26/23,57,Closed
T073,23-24,11/26/23,57,Closed
T074,23-24,11/26/23,57,Closed
T075,23-24,11/26/23,57,Closed
T076,23-24,11/26/23,57,Closed
T077,23-24,11/26/23,57,Closed
T078,23-24,11/26/23,57,Closed
T079,23-24,11/26/23,57,Closed
T080,23-24,11/26/23,57,Closed
T081,23-24,11/26/23,57,Closed
T082,23-24,11/26/23,57,Closed
T083,23-24,11/26/23,57,Closed
T084,23-24,11/26/23,57,Closed
T085,23-24,11/26/23,57,Closed
T086,23-24,11/26/23,57,Closed
T087,23-24,11/26/23,57,Closed
T088,23-24,11/26/23,57,Closed
T089,23-24,11/26/23,57,Closed
T090,23-24,11/26/23,57,Closed
T091,23-24,11/26/23,57,Closed
T092,23-24,11/26/23,57,Closed
T107,23-24,11/26/23,57,Closed
T108,23-24,11/26/23,57,Closed
T109,23-24,11/26/23,57,Closed
T110,23-24,11/26/23,57,Closed
T111,23-24,11/26/23,57,Closed
T112,23-24,11/26/23,57,Closed
T113,23-24,11/26/23,57,Closed
T114,23-24,11/26/23,57,Closed
T115,23-24,11/26/23,57,Closed
T116,23-24,11/26/23,57,Closed
T117,23-24,11/26/23,57,Closed
T118,23-24,11/26/23,57,Closed
T119,23-24,11/26/23,57,Closed
T127,23-24,11/26/23,57,Closed
T128,23-24,11/26/23,57,Closed
T129,23-24,11/26/23,57,Closed
T130,23-24,11/26/23,57,Closed
T131,23-24,11/26/23,57,Closed
T132,23-24,11/26/23,57,Closed
T133,23-24,11/26/23,57,Closed
T136,23-24,11/26/23,57,Closed
T137,23-24,11/26/23,57,Closed
T148,23-24,11/26/23,57,Closed
T001,23-24,11/27/23,58,Groomed
T002,23-24,11/27/23,58,Closed
T003,23-24,11/27/23,58,Groomed
T004,23-24,11/27/23,58,Closed
T005,23-24,11/27/23,58,Groomed
T006,23-24,11/27/23,58,Closed
T007,23-24,11/27/23,58,Groomed
T008,23-24,11/27/23,58,Groomed
T009,23-24,11/27/23,58,Closed
T010,23-24,11/27/23,58,Closed
T011,23-24,11/27/23,58,Groomed
T012,23-24,11/27/23,58,Groomed
T013,23-24,11/27/23,58,Groomed
T014,23-24,11/27/23,58,Closed
T015,23-24,11/27/23,58,Closed
T016,23-24,11/27/23,58,Closed
T017,23-24,11/27/23,58,Closed
T018,23-24,11/27/23,58,Closed
T019,23-24,11/27/23,58,Closed
T020,23-24,11/27/23,58,Closed
T021,23-24,11/27/23,58,Groomed
T022,23-24,11/27/23,58,Closed
T023,23-24,11/27/23,58,Closed
T024,23-24,11/27/23,58,Closed
T025,23-24,11/27/23,58,Closed
T026,23-24,11/27/23,58,Closed
T027,23-24,11/27/23,58,Closed
T028,23-24,11/27/23,58,Closed
T029,23-24,11/27/23,58,Closed
T030,23-24,11/27/23,58,Closed
T031,23-24,11/27/23,58,Closed
T032,23-24,11/27/23,58,Groomed
T033,23-24,11/27/23,58,Groomed
T034,23-24,11/27/23,58,Groomed
T035,23-24,11/27/23,58,Closed
T036,23-24,11/27/23,58,Groomed
T037,23-24,11/27/23,58,Closed
T038,23-24,11/27/23,58,Closed
T039,23-24,11/27/23,58,Closed
T040,23-24,11/27/23,58,Closed
T042,23-24,11/27/23,58,Closed
T043,23-24,11/27/23,58,Closed
T044,23-24,11/27/23,58,Closed
T045,23-24,11/27/23,58,Closed
T046,23-24,11/27/23,58,Closed
T047,23-24,11/27/23,58,Closed
T048,23-24,11/27/23,58,Closed
T049,23-24,11/27/23,58,Closed
T050,23-24,11/27/23,58,Closed
T051,23-24,11/27/23,58,Closed
T052,23-24,11/27/23,58,Closed
T053,23-24,11/27/23,58,Closed
T054,23-24,11/27/23,58,Closed
T055,23-24,11/27/23,58,Closed
T056,23-24,11/27/23,58,Closed
T057,23-24,11/27/23,58,Closed
T058,23-24,11/27/23,58,Closed
T061,23-24,11/27/23,58,Closed
T062,23-24,11/27/23,58,Closed
T063,23-24,11/27/23,58,Closed
T064,23-24,11/27/23,58,Closed
T065,23-24,11/27/23,58,Closed
T066,23-24,11/27/23,58,Closed
T067,23-24,11/27/23,58,Closed
T068,23-24,11/27/23,58,Closed
T069,23-24,11/27/23,58,Closed
T070,23-24,11/27/23,58,Closed
T071,23-24,11/27/23,58,Closed
T072,23-24,11/27/23,58,Closed
T073,23-24,11/27/23,58,Closed
T074,23-24,11/27/23,58,Closed
T075,23-24,11/27/23,58,Closed
T076,23-24,11/27/23,58,Closed
T077,23-24,11/27/23,58,Closed
T078,23-24,11/27/23,58,Closed
T079,23-24,11/27/23,58,Closed
T080,23-24,11/27/23,58,Closed
T081,23-24,11/27/23,58,Closed
T082,23-24,11/27/23,58,Closed
T083,23-24,11/27/23,58,Closed
T084,23-24,11/27/23,58,Closed
T085,23-24,11/27/23,58,Closed
T086,23-24,11/27/23,58,Closed
T087,23-24,11/27/23,58,Closed
T088,23-24,11/27/23,58,Closed
T089,23-24,11/27/23,58,Closed
T090,23-24,11/27/23,58,Closed
T091,23-24,11/27/23,58,Closed
T092,23-24,11/27/23,58,Closed
T107,23-24,11/27/23,58,Closed
T108,23-24,11/27/23,58,Closed
T109,23-24,11/27/23,58,Closed
T110,23-24,11/27/23,58,Closed
T111,23-24,11/27/23,58,Closed
T112,23-24,11/27/23,58,Closed
T113,23-24,11/27/23,58,Closed
T114,23-24,11/27/23,58,Closed
T115,23-24,11/27/23,58,Closed
T116,23-24,11/27/23,58,Closed
T117,23-24,11/27/23,58,Closed
T118,23-24,11/27/23,58,Closed
T119,23-24,11/27/23,58,Closed
T127,23-24,11/27/23,58,Closed
T128,23-24,11/27/23,58,Closed
T129,23-24,11/27/23,58,Closed
T130,23-24,11/27/23,58,Closed
T131,23-24,11/27/23,58,Closed
T132,23-24,11/27/23,58,Closed
T133,23-24,11/27/23,58,Closed
T136,23-24,11/27/23,58,Closed
T137,23-24,11/27/23,58,Closed
T148,23-24,11/27/23,58,Closed
T001,23-24,11/28/23,59,Groomed
T002,23-24,11/28/23,59,Closed
T003,23-24,11/28/23,59,Groomed
T004,23-24,11/28/23,59,Closed
T005,23-24,11/28/23,59,Groomed
T006,23-24,11/28/23,59,Closed
T007,23-24,11/28/23,59,Groomed
T008,23-24,11/28/23,59,Groomed
T009,23-24,11/28/23,59,Closed
T010,23-24,11/28/23,59,Closed
T011,23-24,11/28/23,59,Groomed
T012,23-24,11/28/23,59,Groomed
T013,23-24,11/28/23,59,Groomed
T014,23-24,11/28/23,59,Closed
T015,23-24,11/28/23,59,Closed
T016,23-24,11/28/23,59,Closed
T017,23-24,11/28/23,59,Closed
T018,23-24,11/28/23,59,Closed
T019,23-24,11/28/23,59,Closed
T020,23-24,11/28/23,59,Closed
T021,23-24,11/28/23,59,Groomed
T022,23-24,11/28/23,59,Closed
T023,23-24,11/28/23,59,Closed
T024,23-24,11/28/23,59,Closed
T025,23-24,11/28/23,59,Closed
T026,23-24,11/28/23,59,Closed
T027,23-24,11/28/23,59,Closed
T028,23-24,11/28/23,59,Closed
T029,23-24,11/28/23,59,Closed
T030,23-24,11/28/23,59,Closed
T031,23-24,11/28/23,59,Closed
T032,23-24,11/28/23,59,Groomed
T033,23-24,11/28/23,59,Groomed
T034,23-24,11/28/23,59,Groomed
T035,23-24,11/28/23,59,Closed
T036,23-24,11/28/23,59,Groomed
T037,23-24,11/28/23,59,Closed
T038,23-24,11/28/23,59,Closed
T039,23-24,11/28/23,59,Closed
T040,23-24,11/28/23,59,Closed
T042,23-24,11/28/23,59,Closed
T043,23-24,11/28/23,59,Closed
T044,23-24,11/28/23,59,Closed
T045,23-24,11/28/23,59,Closed
T046,23-24,11/28/23,59,Closed
T047,23-24,11/28/23,59,Closed
T048,23-24,11/28/23,59,Closed
T049,23-24,11/28/23,59,Closed
T050,23-24,11/28/23,59,Closed
T051,23-24,11/28/23,59,Closed
T052,23-24,11/28/23,59,Closed
T053,23-24,11/28/23,59,Closed
T054,23-24,11/28/23,59,Closed
T055,23-24,11/28/23,59,Closed
T056,23-24,11/28/23,59,Closed
T057,23-24,11/28/23,59,Closed
T058,23-24,11/28/23,59,Closed
T061,23-24,11/28/23,59,Closed
T062,23-24,11/28/23,59,Closed
T063,23-24,11/28/23,59,Closed
T064,23-24,11/28/23,59,Closed
T065,23-24,11/28/23,59,Closed
T066,23-24,11/28/23,59,Closed
T067,23-24,11/28/23,59,Closed
T068,23-24,11/28/23,59,Closed
T069,23-24,11/28/23,59,Closed
T070,23-24,11/28/23,59,Closed
T071,23-24,11/28/23,59,Closed
T072,23-24,11/28/23,59,Closed
T073,23-24,11/28/23,59,Closed
T074,23-24,11/28/23,59,Closed
T075,23-24,11/28/23,59,Closed
T076,23-24,11/28/23,59,Closed
T077,23-24,11/28/23,59,Closed
T078,23-24,11/28/23,59,Closed
T079,23-24,11/28/23,59,Closed
T080,23-24,11/28/23,59,Closed
T081,23-24,11/28/23,59,Closed
T082,23-24,11/28/23,59,Closed
T083,23-24,11/28/23,59,Closed
T084,23-24,11/28/23,59,Closed
T085,23-24,11/28/23,59,Closed
T086,23-24,11/28/23,59,Closed
T087,23-24,11/28/23,59,Closed
T088,23-24,11/28/23,59,Closed
T089,23-24,11/28/23,59,Closed
T090,23-24,11/28/23,59,Closed
T091,23-24,11/28/23,59,Closed
T092,23-24,11/28/23,59,Closed
T107,23-24,11/28/23,59,Closed
T108,23-24,11/28/23,59,Closed
T109,23-24,11/28/23,59,Closed
T110,23-24,11/28/23,59,Closed
T111,23-24,11/28/23,59,Closed
T112,23-24,11/28/23,59,Closed
T113,23-24,11/28/23,59,Closed
T114,23-24,11/28/23,59,Closed
T115,23-24,11/28/23,59,Closed
T116,23-24,11/28/23,59,Closed
T117,23-24,11/28/23,59,Closed
T118,23-24,11/28/23,59,Closed
T119,23-24,11/28/23,59,Closed
T127,23-24,11/28/23,59,Closed
T128,23-24,11/28/23,59,Closed
T129,23-24,11/28/23,59,Closed
T130,23-24,11/28/23,59,Closed
T131,23-24,11/28/23,59,Closed
T132,23-24,11/28/23,59,Closed
T133,23-24,11/28/23,59,Closed
T136,23-24,11/28/23,59,Closed
T137,23-24,11/28/23,59,Closed
T148,23-24,11/28/23,59,Closed
T001,23-24,11/29/23,60,Groomed
T002,23-24,11/29/23,60,Closed
T003,23-24,11/29/23,60,Groomed
T004,23-24,11/29/23,60,Closed
T005,23-24,11/29/23,60,Groomed
T006,23-24,11/29/23,60,Closed
T007,23-24,11/29/23,60,Groomed
T008,23-24,11/29/23,60,Groomed
T009,23-24,11/29/23,60,Closed
T010,23-24,11/29/23,60,Closed
T011,23-24,11/29/23,60,Groomed
T012,23-24,11/29/23,60,Groomed
T013,23-24,11/29/23,60,Groomed
T014,23-24,11/29/23,60,Closed
T015,23-24,11/29/23,60,Closed
T016,23-24,11/29/23,60,Closed
T017,23-24,11/29/23,60,Closed
T018,23-24,11/29/23,60,Closed
T019,23-24,11/29/23,60,Closed
T020,23-24,11/29/23,60,Closed
T021,23-24,11/29/23,60,Groomed
T022,23-24,11/29/23,60,Closed
T023,23-24,11/29/23,60,Closed
T024,23-24,11/29/23,60,Closed
T025,23-24,11/29/23,60,Closed
T026,23-24,11/29/23,60,Closed
T027,23-24,11/29/23,60,Closed
T028,23-24,11/29/23,60,Closed
T029,23-24,11/29/23,60,Closed
T030,23-24,11/29/23,60,Closed
T031,23-24,11/29/23,60,Closed
T032,23-24,11/29/23,60,Groomed
T033,23-24,11/29/23,60,Groomed
T034,23-24,11/29/23,60,Groomed
T035,23-24,11/29/23,60,Closed
T036,23-24,11/29/23,60,Groomed
T037,23-24,11/29/23,60,Closed
T038,23-24,11/29/23,60,Closed
T039,23-24,11/29/23,60,Closed
T040,23-24,11/29/23,60,Closed
T042,23-24,11/29/23,60,Closed
T043,23-24,11/29/23,60,Closed
T044,23-24,11/29/23,60,Closed
T045,23-24,11/29/23,60,Closed
T046,23-24,11/29/23,60,Closed
T047,23-24,11/29/23,60,Closed
T048,23-24,11/29/23,60,Closed
T049,23-24,11/29/23,60,Closed
T050,23-24,11/29/23,60,Closed
T051,23-24,11/29/23,60,Closed
T052,23-24,11/29/23,60,Closed
T053,23-24,11/29/23,60,Closed
T054,23-24,11/29/23,60,Closed
T055,23-24,11/29/23,60,Closed
T056,23-24,11/29/23,60,Closed
T057,23-24,11/29/23,60,Closed
T058,23-24,11/29/23,60,Closed
T061,23-24,11/29/23,60,Closed
T062,23-24,11/29/23,60,Closed
T063,23-24,11/29/23,60,Closed
T064,23-24,11/29/23,60,Closed
T065,23-24,11/29/23,60,Closed
T066,23-24,11/29/23,60,Closed
T067,23-24,11/29/23,60,Closed
T068,23-24,11/29/23,60,Closed
T069,23-24,11/29/23,60,Closed
T070,23-24,11/29/23,60,Closed
T071,23-24,11/29/23,60,Closed
T072,23-24,11/29/23,60,Closed
T073,23-24,11/29/23,60,Closed
T074,23-24,11/29/23,60,Closed
T075,23-24,11/29/23,60,Closed
T076,23-24,11/29/23,60,Closed
T077,23-24,11/29/23,60,Closed
T078,23-24,11/29/23,60,Closed
T079,23-24,11/29/23,60,Closed
T080,23-24,11/29/23,60,Closed
T081,23-24,11/29/23,60,Closed
T082,23-24,11/29/23,60,Closed
T083,23-24,11/29/23,60,Closed
T084,23-24,11/29/23,60,Closed
T085,23-24,11/29/23,60,Closed
T086,23-24,11/29/23,60,Closed
T087,23-24,11/29/23,60,Closed
T088,23-24,11/29/23,60,Closed
T089,23-24,11/29/23,60,Closed
T090,23-24,11/29/23,60,Closed
T091,23-24,11/29/23,60,Closed
T092,23-24,11/29/23,60,Closed
T107,23-24,11/29/23,60,Closed
T108,23-24,11/29/23,60,Closed
T109,23-24,11/29/23,60,Closed
T110,23-24,11/29/23,60,Closed
T111,23-24,11/29/23,60,Closed
T112,23-24,11/29/23,60,Closed
T113,23-24,11/29/23,60,Closed
T114,23-24,11/29/23,60,Closed
T115,23-24,11/29/23,60,Closed
T116,23-24,11/29/23,60,Closed
T117,23-24,11/29/23,60,Closed
T118,23-24,11/29/23,60,Closed
T119,23-24,11/29/23,60,Closed
T127,23-24,11/29/23,60,Closed
T128,23-24,11/29/23,60,Closed
T129,23-24,11/29/23,60,Closed
T130,23-24,11/29/23,60,Closed
T131,23-24,11/29/23,60,Closed
T132,23-24,11/29/23,60,Closed
T133,23-24,11/29/23,60,Closed
T136,23-24,11/29/23,60,Closed
T137,23-24,11/29/23,60,Closed
T148,23-24,11/29/23,60,Closed
T001,23-24,11/30/23,61,Groomed
T002,23-24,11/30/23,61,Closed
T003,23-24,11/30/23,61,Groomed
T004,23-24,11/30/23,61,Closed
T005,23-24,11/30/23,61,Groomed
T006,23-24,11/30/23,61,Closed
T007,23-24,11/30/23,61,Groomed
T008,23-24,11/30/23,61,Groomed
T009,23-24,11/30/23,61,Closed
T010,23-24,11/30/23,61,Closed
T011,23-24,11/30/23,61,Groomed
T012,23-24,11/30/23,61,Groomed
T013,23-24,11/30/23,61,Groomed
T014,23-24,11/30/23,61,Closed
T015,23-24,11/30/23,61,Closed
T016,23-24,11/30/23,61,Closed
T017,23-24,11/30/23,61,Closed
T018,23-24,11/30/23,61,Closed
T019,23-24,11/30/23,61,Closed
T020,23-24,11/30/23,61,Closed
T021,23-24,11/30/23,61,Groomed
T022,23-24,11/30/23,61,Closed
T023,23-24,11/30/23,61,Closed
T024,23-24,11/30/23,61,Closed
T025,23-24,11/30/23,61,Closed
T026,23-24,11/30/23,61,Closed
T027,23-24,11/30/23,61,Closed
T028,23-24,11/30/23,61,Closed
T029,23-24,11/30/23,61,Closed
T030,23-24,11/30/23,61,Closed
T031,23-24,11/30/23,61,Closed
T032,23-24,11/30/23,61,Open
T033,23-24,11/30/23,61,Groomed
T034,23-24,11/30/23,61,Groomed
T035,23-24,11/30/23,61,Closed
T036,23-24,11/30/23,61,Groomed
T037,23-24,11/30/23,61,Closed
T038,23-24,11/30/23,61,Closed
T039,23-24,11/30/23,61,Closed
T040,23-24,11/30/23,61,Closed
T042,23-24,11/30/23,61,Closed
T043,23-24,11/30/23,61,Closed
T044,23-24,11/30/23,61,Closed
T045,23-24,11/30/23,61,Closed
T046,23-24,11/30/23,61,Closed
T047,23-24,11/30/23,61,Closed
T048,23-24,11/30/23,61,Closed
T049,23-24,11/30/23,61,Closed
T050,23-24,11/30/23,61,Closed
T051,23-24,11/30/23,61,Closed
T052,23-24,11/30/23,61,Closed
T053,23-24,11/30/23,61,Closed
T054,23-24,11/30/23,61,Closed
T055,23-24,11/30/23,61,Closed
T056,23-24,11/30/23,61,Closed
T057,23-24,11/30/23,61,Closed
T058,23-24,11/30/23,61,Closed
T061,23-24,11/30/23,61,Closed
T062,23-24,11/30/23,61,Closed
T063,23-24,11/30/23,61,Closed
T064,23-24,11/30/23,61,Closed
T065,23-24,11/30/23,61,Closed
T066,23-24,11/30/23,61,Closed
T067,23-24,11/30/23,61,Closed
T068,23-24,11/30/23,61,Closed
T069,23-24,11/30/23,61,Closed
T070,23-24,11/30/23,61,Closed
T071,23-24,11/30/23,61,Closed
T072,23-24,11/30/23,61,Closed
T073,23-24,11/30/23,61,Closed
T074,23-24,11/30/23,61,Closed
T075,23-24,11/30/23,61,Closed
T076,23-24,11/30/23,61,Closed
T077,23-24,11/30/23,61,Closed
T078,23-24,11/30/23,61,Closed
T079,23-24,11/30/23,61,Closed
T080,23-24,11/30/23,61,Closed
T081,23-24,11/30/23,61,Closed
T082,23-24,11/30/23,61,Closed
T083,23-24,11/30/23,61,Closed
T084,23-24,11/30/23,61,Closed
T085,23-24,11/30/23,61,Closed
T086,23-24,11/30/23,61,Closed
T087,23-24,11/30/23,61,Closed
T088,23-24,11/30/23,61,Closed
T089,23-24,11/30/23,61,Closed
T090,23-24,11/30/23,61,Closed
T091,23-24,11/30/23,61,Closed
T092,23-24,11/30/23,61,Closed
T107,23-24,11/30/23,61,Closed
T108,23-24,11/30/23,61,Closed
T109,23-24,11/30/23,61,Closed
T110,23-24,11/30/23,61,Closed
T111,23-24,11/30/23,61,Closed
T112,23-24,11/30/23,61,Closed
T113,23-24,11/30/23,61,Closed
T114,23-24,11/30/23,61,Closed
T115,23-24,11/30/23,61,Closed
T116,23-24,11/30/23,61,Closed
T117,23-24,11/30/23,61,Closed
T118,23-24,11/30/23,61,Closed
T119,23-24,11/30/23,61,Closed
T127,23-24,11/30/23,61,Closed
T128,23-24,11/30/23,61,Closed
T129,23-24,11/30/23,61,Closed
T130,23-24,11/30/23,61,Closed
T131,23-24,11/30/23,61,Closed
T132,23-24,11/30/23,61,Closed
T133,23-24,11/30/23,61,Closed
T136,23-24,11/30/23,61,Closed
T137,23-24,11/30/23,61,Closed
T148,23-24,11/30/23,61,Closed
T001,23-24,12/1/23,62,Groomed
T002,23-24,12/1/23,62,Closed
T003,23-24,12/1/23,62,Groomed
T004,23-24,12/1/23,62,Closed
T005,23-24,12/1/23,62,Groomed
T006,23-24,12/1/23,62,Closed
T007,23-24,12/1/23,62,Groomed
T008,23-24,12/1/23,62,Groomed
T009,23-24,12/1/23,62,Closed
T010,23-24,12/1/23,62,Closed
T011,23-24,12/1/23,62,Groomed
T012,23-24,12/1/23,62,Groomed
T013,23-24,12/1/23,62,Groomed
T014,23-24,12/1/23,62,Closed
T015,23-24,12/1/23,62,Closed
T016,23-24,12/1/23,62,Closed
T017,23-24,12/1/23,62,Closed
T018,23-24,12/1/23,62,Closed
T019,23-24,12/1/23,62,Closed
T020,23-24,12/1/23,62,Closed
T021,23-24,12/1/23,62,Groomed
T022,23-24,12/1/23,62,Closed
T023,23-24,12/1/23,62,Closed
T024,23-24,12/1/23,62,Closed
T025,23-24,12/1/23,62,Closed
T026,23-24,12/1/23,62,Closed
T027,23-24,12/1/23,62,Closed
T028,23-24,12/1/23,62,Closed
T029,23-24,12/1/23,62,Closed
T030,23-24,12/1/23,62,Closed
T031,23-24,12/1/23,62,Closed
T032,23-24,12/1/23,62,Groomed
T033,23-24,12/1/23,62,Groomed
T034,23-24,12/1/23,62,Groomed
T035,23-24,12/1/23,62,Closed
T036,23-24,12/1/23,62,Groomed
T037,23-24,12/1/23,62,Closed
T038,23-24,12/1/23,62,Closed
T039,23-24,12/1/23,62,Closed
T040,23-24,12/1/23,62,Closed
T042,23-24,12/1/23,62,Closed
T043,23-24,12/1/23,62,Closed
T044,23-24,12/1/23,62,Closed
T045,23-24,12/1/23,62,Closed
T046,23-24,12/1/23,62,Closed
T047,23-24,12/1/23,62,Closed
T048,23-24,12/1/23,62,Closed
T049,23-24,12/1/23,62,Closed
T050,23-24,12/1/23,62,Groomed
T051,23-24,12/1/23,62,Closed
T052,23-24,12/1/23,62,Closed
T053,23-24,12/1/23,62,Closed
T054,23-24,12/1/23,62,Closed
T055,23-24,12/1/23,62,Closed
T056,23-24,12/1/23,62,Closed
T057,23-24,12/1/23,62,Closed
T058,23-24,12/1/23,62,Closed
T061,23-24,12/1/23,62,Closed
T062,23-24,12/1/23,62,Closed
T063,23-24,12/1/23,62,Closed
T064,23-24,12/1/23,62,Closed
T065,23-24,12/1/23,62,Closed
T066,23-24,12/1/23,62,Closed
T067,23-24,12/1/23,62,Closed
T068,23-24,12/1/23,62,Closed
T069,23-24,12/1/23,62,Closed
T070,23-24,12/1/23,62,Closed
T071,23-24,12/1/23,62,Closed
T072,23-24,12/1/23,62,Closed
T073,23-24,12/1/23,62,Closed
T074,23-24,12/1/23,62,Closed
T075,23-24,12/1/23,62,Closed
T076,23-24,12/1/23,62,Closed
T077,23-24,12/1/23,62,Closed
T078,23-24,12/1/23,62,Closed
T079,23-24,12/1/23,62,Closed
T080,23-24,12/1/23,62,Closed
T081,23-24,12/1/23,62,Closed
T082,23-24,12/1/23,62,Closed
T083,23-24,12/1/23,62,Closed
T084,23-24,12/1/23,62,Closed
T085,23-24,12/1/23,62,Closed
T086,23-24,12/1/23,62,Closed
T087,23-24,12/1/23,62,Closed
T088,23-24,12/1/23,62,Closed
T089,23-24,12/1/23,62,Closed
T090,23-24,12/1/23,62,Closed
T091,23-24,12/1/23,62,Closed
T092,23-24,12/1/23,62,Closed
T107,23-24,12/1/23,62,Closed
T108,23-24,12/1/23,62,Closed
T109,23-24,12/1/23,62,Closed
T110,23-24,12/1/23,62,Closed
T111,23-24,12/1/23,62,Closed
T112,23-24,12/1/23,62,Closed
T113,23-24,12/1/23,62,Closed
T114,23-24,12/1/23,62,Closed
T115,23-24,12/1/23,62,Closed
T116,23-24,12/1/23,62,Closed
T117,23-24,12/1/23,62,Closed
T118,23-24,12/1/23,62,Closed
T119,23-24,12/1/23,62,Closed
T127,23-24,12/1/23,62,Closed
T128,23-24,12/1/23,62,Closed
T129,23-24,12/1/23,62,Closed
T130,23-24,12/1/23,62,Closed
T131,23-24,12/1/23,62,Closed
T132,23-24,12/1/23,62,Closed
T133,23-24,12/1/23,62,Closed
T136,23-24,12/1/23,62,Closed
T137,23-24,12/1/23,62,Closed
T148,23-24,12/1/23,62,Closed
T001,23-24,12/2/23,63,Groomed
T002,23-24,12/2/23,63,Closed
T003,23-24,12/2/23,63,Groomed
T004,23-24,12/2/23,63,Closed
T005,23-24,12/2/23,63,Groomed
T006,23-24,12/2/23,63,Closed
T007,23-24,12/2/23,63,Groomed
T008,23-24,12/2/23,63,Groomed
T009,23-24,12/2/23,63,Closed
T010,23-24,12/2/23,63,Closed
T011,23-24,12/2/23,63,Groomed
T012,23-24,12/2/23,63,Groomed
T013,23-24,12/2/23,63,Groomed
T014,23-24,12/2/23,63,Closed
T015,23-24,12/2/23,63,Closed
T016,23-24,12/2/23,63,Closed
T017,23-24,12/2/23,63,Closed
T018,23-24,12/2/23,63,Closed
T019,23-24,12/2/23,63,Closed
T020,23-24,12/2/23,63,Closed
T021,23-24,12/2/23,63,Groomed
T022,23-24,12/2/23,63,Closed
T023,23-24,12/2/23,63,Closed
T024,23-24,12/2/23,63,Closed
T025,23-24,12/2/23,63,Closed
T026,23-24,12/2/23,63,Closed
T027,23-24,12/2/23,63,Closed
T028,23-24,12/2/23,63,Closed
T029,23-24,12/2/23,63,Closed
T030,23-24,12/2/23,63,Closed
T031,23-24,12/2/23,63,Closed
T032,23-24,12/2/23,63,Groomed
T033,23-24,12/2/23,63,Groomed
T034,23-24,12/2/23,63,Groomed
T035,23-24,12/2/23,63,Closed
T036,23-24,12/2/23,63,Groomed
T037,23-24,12/2/23,63,Closed
T038,23-24,12/2/23,63,Closed
T039,23-24,12/2/23,63,Closed
T040,23-24,12/2/23,63,Closed
T042,23-24,12/2/23,63,Closed
T043,23-24,12/2/23,63,Closed
T044,23-24,12/2/23,63,Closed
T045,23-24,12/2/23,63,Closed
T046,23-24,12/2/23,63,Closed
T047,23-24,12/2/23,63,Closed
T048,23-24,12/2/23,63,Closed
T049,23-24,12/2/23,63,Closed
T050,23-24,12/2/23,63,Groomed
T051,23-24,12/2/23,63,Closed
T052,23-24,12/2/23,63,Closed
T053,23-24,12/2/23,63,Closed
T054,23-24,12/2/23,63,Closed
T055,23-24,12/2/23,63,Closed
T056,23-24,12/2/23,63,Closed
T057,23-24,12/2/23,63,Closed
T058,23-24,12/2/23,63,Closed
T061,23-24,12/2/23,63,Closed
T062,23-24,12/2/23,63,Closed
T063,23-24,12/2/23,63,Closed
T064,23-24,12/2/23,63,Closed
T065,23-24,12/2/23,63,Closed
T066,23-24,12/2/23,63,Closed
T067,23-24,12/2/23,63,Closed
T068,23-24,12/2/23,63,Closed
T069,23-24,12/2/23,63,Closed
T070,23-24,12/2/23,63,Closed
T071,23-24,12/2/23,63,Closed
T072,23-24,12/2/23,63,Closed
T073,23-24,12/2/23,63,Closed
T074,23-24,12/2/23,63,Closed
T075,23-24,12/2/23,63,Closed
T076,23-24,12/2/23,63,Closed
T077,23-24,12/2/23,63,Closed
T078,23-24,12/2/23,63,Closed
T079,23-24,12/2/23,63,Closed
T080,23-24,12/2/23,63,Closed
T081,23-24,12/2/23,63,Closed
T082,23-24,12/2/23,63,Closed
T083,23-24,12/2/23,63,Closed
T084,23-24,12/2/23,63,Closed
T085,23-24,12/2/23,63,Closed
T086,23-24,12/2/23,63,Closed
T087,23-24,12/2/23,63,Closed
T088,23-24,12/2/23,63,Closed
T089,23-24,12/2/23,63,Closed
T090,23-24,12/2/23,63,Closed
T091,23-24,12/2/23,63,Closed
T092,23-24,12/2/23,63,Closed
T107,23-24,12/2/23,63,Closed
T108,23-24,12/2/23,63,Closed
T109,23-24,12/2/23,63,Closed
T110,23-24,12/2/23,63,Closed
T111,23-24,12/2/23,63,Closed
T112,23-24,12/2/23,63,Closed
T113,23-24,12/2/23,63,Closed
T114,23-24,12/2/23,63,Closed
T115,23-24,12/2/23,63,Closed
T116,23-24,12/2/23,63,Closed
T117,23-24,12/2/23,63,Closed
T118,23-24,12/2/23,63,Closed
T119,23-24,12/2/23,63,Closed
T127,23-24,12/2/23,63,Closed
T128,23-24,12/2/23,63,Closed
T129,23-24,12/2/23,63,Closed
T130,23-24,12/2/23,63,Closed
T131,23-24,12/2/23,63,Closed
T132,23-24,12/2/23,63,Closed
T133,23-24,12/2/23,63,Closed
T136,23-24,12/2/23,63,Closed
T137,23-24,12/2/23,63,Closed
T148,23-24,12/2/23,63,Closed
T001,23-24,12/3/23,64,Groomed
T002,23-24,12/3/23,64,Closed
T003,23-24,12/3/23,64,Groomed
T004,23-24,12/3/23,64,Closed
T005,23-24,12/3/23,64,Groomed
T006,23-24,12/3/23,64,Closed
T007,23-24,12/3/23,64,Groomed
T008,23-24,12/3/23,64,Groomed
T009,23-24,12/3/23,64,Closed
T010,23-24,12/3/23,64,Closed
T011,23-24,12/3/23,64,Groomed
T012,23-24,12/3/23,64,Groomed
T013,23-24,12/3/23,64,Groomed
T014,23-24,12/3/23,64,Closed
T015,23-24,12/3/23,64,Closed
T016,23-24,12/3/23,64,Closed
T017,23-24,12/3/23,64,Closed
T018,23-24,12/3/23,64,Closed
T019,23-24,12/3/23,64,Closed
T020,23-24,12/3/23,64,Closed
T021,23-24,12/3/23,64,Groomed
T022,23-24,12/3/23,64,Closed
T023,23-24,12/3/23,64,Closed
T024,23-24,12/3/23,64,Closed
T025,23-24,12/3/23,64,Closed
T026,23-24,12/3/23,64,Closed
T027,23-24,12/3/23,64,Closed
T028,23-24,12/3/23,64,Closed
T029,23-24,12/3/23,64,Closed
T030,23-24,12/3/23,64,Closed
T031,23-24,12/3/23,64,Closed
T032,23-24,12/3/23,64,Open
T033,23-24,12/3/23,64,Groomed
T034,23-24,12/3/23,64,Groomed
T035,23-24,12/3/23,64,Closed
T036,23-24,12/3/23,64,Groomed
T037,23-24,12/3/23,64,Closed
T038,23-24,12/3/23,64,Closed
T039,23-24,12/3/23,64,Closed
T040,23-24,12/3/23,64,Closed
T042,23-24,12/3/23,64,Closed
T043,23-24,12/3/23,64,Closed
T044,23-24,12/3/23,64,Closed
T045,23-24,12/3/23,64,Closed
T046,23-24,12/3/23,64,Closed
T047,23-24,12/3/23,64,Closed
T048,23-24,12/3/23,64,Closed
T049,23-24,12/3/23,64,Closed
T050,23-24,12/3/23,64,Groomed
T051,23-24,12/3/23,64,Closed
T052,23-24,12/3/23,64,Closed
T053,23-24,12/3/23,64,Closed
T054,23-24,12/3/23,64,Closed
T055,23-24,12/3/23,64,Closed
T056,23-24,12/3/23,64,Closed
T057,23-24,12/3/23,64,Closed
T058,23-24,12/3/23,64,Closed
T061,23-24,12/3/23,64,Closed
T062,23-24,12/3/23,64,Closed
T063,23-24,12/3/23,64,Closed
T064,23-24,12/3/23,64,Closed
T065,23-24,12/3/23,64,Closed
T066,23-24,12/3/23,64,Closed
T067,23-24,12/3/23,64,Closed
T068,23-24,12/3/23,64,Closed
T069,23-24,12/3/23,64,Closed
T070,23-24,12/3/23,64,Closed
T071,23-24,12/3/23,64,Closed
T072,23-24,12/3/23,64,Closed
T073,23-24,12/3/23,64,Closed
T074,23-24,12/3/23,64,Closed
T075,23-24,12/3/23,64,Closed
T076,23-24,12/3/23,64,Closed
T077,23-24,12/3/23,64,Closed
T078,23-24,12/3/23,64,Closed
T079,23-24,12/3/23,64,Closed
T080,23-24,12/3/23,64,Closed
T081,23-24,12/3/23,64,Closed
T082,23-24,12/3/23,64,Closed
T083,23-24,12/3/23,64,Closed
T084,23-24,12/3/23,64,Closed
T085,23-24,12/3/23,64,Closed
T086,23-24,12/3/23,64,Closed
T087,23-24,12/3/23,64,Closed
T088,23-24,12/3/23,64,Closed
T089,23-24,12/3/23,64,Closed
T090,23-24,12/3/23,64,Closed
T091,23-24,12/3/23,64,Closed
T092,23-24,12/3/23,64,Closed
T107,23-24,12/3/23,64,Closed
T108,23-24,12/3/23,64,Closed
T109,23-24,12/3/23,64,Closed
T110,23-24,12/3/23,64,Closed
T111,23-24,12/3/23,64,Closed
T112,23-24,12/3/23,64,Closed
T113,23-24,12/3/23,64,Closed
T114,23-24,12/3/23,64,Closed
T115,23-24,12/3/23,64,Closed
T116,23-24,12/3/23,64,Closed
T117,23-24,12/3/23,64,Closed
T118,23-24,12/3/23,64,Closed
T119,23-24,12/3/23,64,Closed
T127,23-24,12/3/23,64,Closed
T128,23-24,12/3/23,64,Closed
T129,23-24,12/3/23,64,Closed
T130,23-24,12/3/23,64,Closed
T131,23-24,12/3/23,64,Closed
T132,23-24,12/3/23,64,Closed
T133,23-24,12/3/23,64,Closed
T136,23-24,12/3/23,64,Closed
T137,23-24,12/3/23,64,Closed
T148,23-24,12/3/23,64,Closed
T001,23-24,12/4/23,65,Groomed
T002,23-24,12/4/23,65,Closed
T003,23-24,12/4/23,65,Groomed
T004,23-24,12/4/23,65,Closed
T005,23-24,12/4/23,65,Groomed
T006,23-24,12/4/23,65,Closed
T007,23-24,12/4/23,65,Groomed
T008,23-24,12/4/23,65,Groomed
T009,23-24,12/4/23,65,Closed
T010,23-24,12/4/23,65,Closed
T011,23-24,12/4/23,65,Groomed
T012,23-24,12/4/23,65,Groomed
T013,23-24,12/4/23,65,Groomed
T014,23-24,12/4/23,65,Groomed
T015,23-24,12/4/23,65,Closed
T016,23-24,12/4/23,65,Closed
T017,23-24,12/4/23,65,Closed
T018,23-24,12/4/23,65,Closed
T019,23-24,12/4/23,65,Closed
T020,23-24,12/4/23,65,Closed
T021,23-24,12/4/23,65,Groomed
T022,23-24,12/4/23,65,Closed
T023,23-24,12/4/23,65,Closed
T024,23-24,12/4/23,65,Closed
T025,23-24,12/4/23,65,Groomed
T026,23-24,12/4/23,65,Closed
T027,23-24,12/4/23,65,Closed
T028,23-24,12/4/23,65,Closed
T029,23-24,12/4/23,65,Closed
T030,23-24,12/4/23,65,Closed
T031,23-24,12/4/23,65,Groomed
T032,23-24,12/4/23,65,Groomed
T033,23-24,12/4/23,65,Groomed
T034,23-24,12/4/23,65,Groomed
T035,23-24,12/4/23,65,Closed
T036,23-24,12/4/23,65,Groomed
T037,23-24,12/4/23,65,Closed
T038,23-24,12/4/23,65,Closed
T039,23-24,12/4/23,65,Closed
T040,23-24,12/4/23,65,Closed
T042,23-24,12/4/23,65,Closed
T043,23-24,12/4/23,65,Closed
T044,23-24,12/4/23,65,Closed
T045,23-24,12/4/23,65,Closed
T046,23-24,12/4/23,65,Closed
T047,23-24,12/4/23,65,Closed
T048,23-24,12/4/23,65,Closed
T049,23-24,12/4/23,65,Closed
T050,23-24,12/4/23,65,Groomed
T051,23-24,12/4/23,65,Closed
T052,23-24,12/4/23,65,Closed
T053,23-24,12/4/23,65,Closed
T054,23-24,12/4/23,65,Closed
T055,23-24,12/4/23,65,Closed
T056,23-24,12/4/23,65,Closed
T057,23-24,12/4/23,65,Closed
T058,23-24,12/4/23,65,Closed
T061,23-24,12/4/23,65,Closed
T062,23-24,12/4/23,65,Closed
T063,23-24,12/4/23,65,Closed
T064,23-24,12/4/23,65,Closed
T065,23-24,12/4/23,65,Closed
T066,23-24,12/4/23,65,Closed
T067,23-24,12/4/23,65,Closed
T068,23-24,12/4/23,65,Closed
T069,23-24,12/4/23,65,Closed
T070,23-24,12/4/23,65,Closed
T071,23-24,12/4/23,65,Closed
T072,23-24,12/4/23,65,Closed
T073,23-24,12/4/23,65,Closed
T074,23-24,12/4/23,65,Closed
T075,23-24,12/4/23,65,Closed
T076,23-24,12/4/23,65,Closed
T077,23-24,12/4/23,65,Closed
T078,23-24,12/4/23,65,Closed
T079,23-24,12/4/23,65,Closed
T080,23-24,12/4/23,65,Closed
T081,23-24,12/4/23,65,Closed
T082,23-24,12/4/23,65,Closed
T083,23-24,12/4/23,65,Closed
T084,23-24,12/4/23,65,Closed
T085,23-24,12/4/23,65,Closed
T086,23-24,12/4/23,65,Closed
T087,23-24,12/4/23,65,Closed
T088,23-24,12/4/23,65,Closed
T089,23-24,12/4/23,65,Closed
T090,23-24,12/4/23,65,Closed
T091,23-24,12/4/23,65,Closed
T092,23-24,12/4/23,65,Closed
T107,23-24,12/4/23,65,Closed
T108,23-24,12/4/23,65,Closed
T109,23-24,12/4/23,65,Closed
T110,23-24,12/4/23,65,Closed
T111,23-24,12/4/23,65,Closed
T112,23-24,12/4/23,65,Closed
T113,23-24,12/4/23,65,Closed
T114,23-24,12/4/23,65,Closed
T115,23-24,12/4/23,65,Closed
T116,23-24,12/4/23,65,Closed
T117,23-24,12/4/23,65,Closed
T118,23-24,12/4/23,65,Closed
T119,23-24,12/4/23,65,Closed
T127,23-24,12/4/23,65,Closed
T128,23-24,12/4/23,65,Closed
T129,23-24,12/4/23,65,Closed
T130,23-24,12/4/23,65,Closed
T131,23-24,12/4/23,65,Closed
T132,23-24,12/4/23,65,Closed
T133,23-24,12/4/23,65,Closed
T136,23-24,12/4/23,65,Closed
T137,23-24,12/4/23,65,Closed
T148,23-24,12/4/23,65,Closed
T001,23-24,12/5/23,66,Groomed
T002,23-24,12/5/23,66,Closed
T003,23-24,12/5/23,66,Groomed
T004,23-24,12/5/23,66,Closed
T005,23-24,12/5/23,66,Groomed
T006,23-24,12/5/23,66,Closed
T007,23-24,12/5/23,66,Groomed
T008,23-24,12/5/23,66,Groomed
T009,23-24,12/5/23,66,Closed
T010,23-24,12/5/23,66,Closed
T011,23-24,12/5/23,66,Groomed
T012,23-24,12/5/23,66,Groomed
T013,23-24,12/5/23,66,Groomed
T014,23-24,12/5/23,66,Groomed
T015,23-24,12/5/23,66,Closed
T016,23-24,12/5/23,66,Closed
T017,23-24,12/5/23,66,Closed
T018,23-24,12/5/23,66,Closed
T019,23-24,12/5/23,66,Closed
T020,23-24,12/5/23,66,Closed
T021,23-24,12/5/23,66,Groomed
T022,23-24,12/5/23,66,Closed
T023,23-24,12/5/23,66,Closed
T024,23-24,12/5/23,66,Closed
T025,23-24,12/5/23,66,Groomed
T026,23-24,12/5/23,66,Closed
T027,23-24,12/5/23,66,Closed
T028,23-24,12/5/23,66,Closed
T029,23-24,12/5/23,66,Closed
T030,23-24,12/5/23,66,Closed
T031,23-24,12/5/23,66,Groomed
T032,23-24,12/5/23,66,Groomed
T033,23-24,12/5/23,66,Groomed
T034,23-24,12/5/23,66,Groomed
T035,23-24,12/5/23,66,Closed
T036,23-24,12/5/23,66,Groomed
T037,23-24,12/5/23,66,Closed
T038,23-24,12/5/23,66,Closed
T039,23-24,12/5/23,66,Closed
T040,23-24,12/5/23,66,Closed
T042,23-24,12/5/23,66,Closed
T043,23-24,12/5/23,66,Closed
T044,23-24,12/5/23,66,Closed
T045,23-24,12/5/23,66,Closed
T046,23-24,12/5/23,66,Closed
T047,23-24,12/5/23,66,Closed
T048,23-24,12/5/23,66,Closed
T049,23-24,12/5/23,66,Closed
T050,23-24,12/5/23,66,Groomed
T051,23-24,12/5/23,66,Closed
T052,23-24,12/5/23,66,Closed
T053,23-24,12/5/23,66,Closed
T054,23-24,12/5/23,66,Closed
T055,23-24,12/5/23,66,Closed
T056,23-24,12/5/23,66,Closed
T057,23-24,12/5/23,66,Closed
T058,23-24,12/5/23,66,Closed
T061,23-24,12/5/23,66,Closed
T062,23-24,12/5/23,66,Closed
T063,23-24,12/5/23,66,Closed
T064,23-24,12/5/23,66,Closed
T065,23-24,12/5/23,66,Closed
T066,23-24,12/5/23,66,Closed
T067,23-24,12/5/23,66,Closed
T068,23-24,12/5/23,66,Closed
T069,23-24,12/5/23,66,Closed
T070,23-24,12/5/23,66,Closed
T071,23-24,12/5/23,66,Closed
T072,23-24,12/5/23,66,Closed
T073,23-24,12/5/23,66,Closed
T074,23-24,12/5/23,66,Closed
T075,23-24,12/5/23,66,Closed
T076,23-24,12/5/23,66,Closed
T077,23-24,12/5/23,66,Closed
T078,23-24,12/5/23,66,Closed
T079,23-24,12/5/23,66,Closed
T080,23-24,12/5/23,66,Closed
T081,23-24,12/5/23,66,Closed
T082,23-24,12/5/23,66,Closed
T083,23-24,12/5/23,66,Closed
T084,23-24,12/5/23,66,Closed
T085,23-24,12/5/23,66,Closed
T086,23-24,12/5/23,66,Closed
T087,23-24,12/5/23,66,Closed
T088,23-24,12/5/23,66,Closed
T089,23-24,12/5/23,66,Closed
T090,23-24,12/5/23,66,Closed
T091,23-24,12/5/23,66,Closed
T092,23-24,12/5/23,66,Closed
T107,23-24,12/5/23,66,Closed
T108,23-24,12/5/23,66,Closed
T109,23-24,12/5/23,66,Closed
T110,23-24,12/5/23,66,Closed
T111,23-24,12/5/23,66,Closed
T112,23-24,12/5/23,66,Closed
T113,23-24,12/5/23,66,Closed
T114,23-24,12/5/23,66,Closed
T115,23-24,12/5/23,66,Closed
T116,23-24,12/5/23,66,Closed
T117,23-24,12/5/23,66,Closed
T118,23-24,12/5/23,66,Closed
T119,23-24,12/5/23,66,Closed
T127,23-24,12/5/23,66,Closed
T128,23-24,12/5/23,66,Closed
T129,23-24,12/5/23,66,Closed
T130,23-24,12/5/23,66,Closed
T131,23-24,12/5/23,66,Closed
T132,23-24,12/5/23,66,Closed
T133,23-24,12/5/23,66,Closed
T136,23-24,12/5/23,66,Closed
T137,23-24,12/5/23,66,Closed
T148,23-24,12/5/23,66,Closed
T001,23-24,12/6/23,67,Groomed
T002,23-24,12/6/23,67,Closed
T003,23-24,12/6/23,67,Groomed
T004,23-24,12/6/23,67,Closed
T005,23-24,12/6/23,67,Groomed
T006,23-24,12/6/23,67,Closed
T007,23-24,12/6/23,67,Groomed
T008,23-24,12/6/23,67,Groomed
T009,23-24,12/6/23,67,Closed
T010,23-24,12/6/23,67,Closed
T011,23-24,12/6/23,67,Groomed
T012,23-24,12/6/23,67,Groomed
T013,23-24,12/6/23,67,Groomed
T014,23-24,12/6/23,67,Groomed
T015,23-24,12/6/23,67,Closed
T016,23-24,12/6/23,67,Closed
T017,23-24,12/6/23,67,Closed
T018,23-24,12/6/23,67,Closed
T019,23-24,12/6/23,67,Closed
T020,23-24,12/6/23,67,Closed
T021,23-24,12/6/23,67,Groomed
T022,23-24,12/6/23,67,Closed
T023,23-24,12/6/23,67,Closed
T024,23-24,12/6/23,67,Closed
T025,23-24,12/6/23,67,Groomed
T026,23-24,12/6/23,67,Closed
T027,23-24,12/6/23,67,Closed
T028,23-24,12/6/23,67,Groomed
T029,23-24,12/6/23,67,Closed
T030,23-24,12/6/23,67,Groomed
T031,23-24,12/6/23,67,Groomed
T032,23-24,12/6/23,67,Groomed
T033,23-24,12/6/23,67,Groomed
T034,23-24,12/6/23,67,Groomed
T035,23-24,12/6/23,67,Closed
T036,23-24,12/6/23,67,Groomed
T037,23-24,12/6/23,67,Closed
T038,23-24,12/6/23,67,Closed
T039,23-24,12/6/23,67,Closed
T040,23-24,12/6/23,67,Closed
T042,23-24,12/6/23,67,Closed
T043,23-24,12/6/23,67,Closed
T044,23-24,12/6/23,67,Closed
T045,23-24,12/6/23,67,Closed
T046,23-24,12/6/23,67,Closed
T047,23-24,12/6/23,67,Closed
T048,23-24,12/6/23,67,Closed
T049,23-24,12/6/23,67,Closed
T050,23-24,12/6/23,67,Groomed
T051,23-24,12/6/23,67,Closed
T052,23-24,12/6/23,67,Closed
T053,23-24,12/6/23,67,Closed
T054,23-24,12/6/23,67,Closed
T055,23-24,12/6/23,67,Closed
T056,23-24,12/6/23,67,Closed
T057,23-24,12/6/23,67,Closed
T058,23-24,12/6/23,67,Closed
T061,23-24,12/6/23,67,Closed
T062,23-24,12/6/23,67,Closed
T063,23-24,12/6/23,67,Closed
T064,23-24,12/6/23,67,Closed
T065,23-24,12/6/23,67,Closed
T066,23-24,12/6/23,67,Closed
T067,23-24,12/6/23,67,Closed
T068,23-24,12/6/23,67,Closed
T069,23-24,12/6/23,67,Closed
T070,23-24,12/6/23,67,Closed
T071,23-24,12/6/23,67,Closed
T072,23-24,12/6/23,67,Closed
T073,23-24,12/6/23,67,Closed
T074,23-24,12/6/23,67,Closed
T075,23-24,12/6/23,67,Closed
T076,23-24,12/6/23,67,Closed
T077,23-24,12/6/23,67,Closed
T078,23-24,12/6/23,67,Closed
T079,23-24,12/6/23,67,Closed
T080,23-24,12/6/23,67,Closed
T081,23-24,12/6/23,67,Closed
T082,23-24,12/6/23,67,Closed
T083,23-24,12/6/23,67,Closed
T084,23-24,12/6/23,67,Closed
T085,23-24,12/6/23,67,Closed
T086,23-24,12/6/23,67,Closed
T087,23-24,12/6/23,67,Closed
T088,23-24,12/6/23,67,Closed
T089,23-24,12/6/23,67,Closed
T090,23-24,12/6/23,67,Closed
T091,23-24,12/6/23,67,Closed
T092,23-24,12/6/23,67,Closed
T107,23-24,12/6/23,67,Closed
T108,23-24,12/6/23,67,Closed
T109,23-24,12/6/23,67,Closed
T110,23-24,12/6/23,67,Closed
T111,23-24,12/6/23,67,Closed
T112,23-24,12/6/23,67,Closed
T113,23-24,12/6/23,67,Closed
T114,23-24,12/6/23,67,Closed
T115,23-24,12/6/23,67,Closed
T116,23-24,12/6/23,67,Closed
T117,23-24,12/6/23,67,Closed
T118,23-24,12/6/23,67,Closed
T119,23-24,12/6/23,67,Closed
T127,23-24,12/6/23,67,Closed
T128,23-24,12/6/23,67,Closed
T129,23-24,12/6/23,67,Closed
T130,23-24,12/6/23,67,Closed
T131,23-24,12/6/23,67,Closed
T132,23-24,12/6/23,67,Closed
T133,23-24,12/6/23,67,Closed
T136,23-24,12/6/23,67,Closed
T137,23-24,12/6/23,67,Closed
T148,23-24,12/6/23,67,Closed
T001,23-24,12/7/23,68,Groomed
T002,23-24,12/7/23,68,Closed
T003,23-24,12/7/23,68,Groomed
T004,23-24,12/7/23,68,Closed
T005,23-24,12/7/23,68,Groomed
T006,23-24,12/7/23,68,Closed
T007,23-24,12/7/23,68,Groomed
T008,23-24,12/7/23,68,Groomed
T009,23-24,12/7/23,68,Closed
T010,23-24,12/7/23,68,Closed
T011,23-24,12/7/23,68,Groomed
T012,23-24,12/7/23,68,Groomed
T013,23-24,12/7/23,68,Groomed
T014,23-24,12/7/23,68,Groomed
T015,23-24,12/7/23,68,Closed
T016,23-24,12/7/23,68,Closed
T017,23-24,12/7/23,68,Closed
T018,23-24,12/7/23,68,Closed
T019,23-24,12/7/23,68,Closed
T020,23-24,12/7/23,68,Closed
T021,23-24,12/7/23,68,Groomed
T022,23-24,12/7/23,68,Closed
T023,23-24,12/7/23,68,Closed
T024,23-24,12/7/23,68,Closed
T025,23-24,12/7/23,68,Groomed
T026,23-24,12/7/23,68,Closed
T027,23-24,12/7/23,68,Closed
T028,23-24,12/7/23,68,Groomed
T029,23-24,12/7/23,68,Closed
T030,23-24,12/7/23,68,Groomed
T031,23-24,12/7/23,68,Groomed
T032,23-24,12/7/23,68,Groomed
T033,23-24,12/7/23,68,Groomed
T034,23-24,12/7/23,68,Groomed
T035,23-24,12/7/23,68,Closed
T036,23-24,12/7/23,68,Groomed
T037,23-24,12/7/23,68,Closed
T038,23-24,12/7/23,68,Closed
T039,23-24,12/7/23,68,Closed
T040,23-24,12/7/23,68,Closed
T042,23-24,12/7/23,68,Closed
T043,23-24,12/7/23,68,Closed
T044,23-24,12/7/23,68,Closed
T045,23-24,12/7/23,68,Closed
T046,23-24,12/7/23,68,Closed
T047,23-24,12/7/23,68,Closed
T048,23-24,12/7/23,68,Closed
T049,23-24,12/7/23,68,Closed
T050,23-24,12/7/23,68,Groomed
T051,23-24,12/7/23,68,Closed
T052,23-24,12/7/23,68,Closed
T053,23-24,12/7/23,68,Closed
T054,23-24,12/7/23,68,Closed
T055,23-24,12/7/23,68,Closed
T056,23-24,12/7/23,68,Closed
T057,23-24,12/7/23,68,Closed
T058,23-24,12/7/23,68,Closed
T061,23-24,12/7/23,68,Closed
T062,23-24,12/7/23,68,Closed
T063,23-24,12/7/23,68,Closed
T064,23-24,12/7/23,68,Closed
T065,23-24,12/7/23,68,Closed
T066,23-24,12/7/23,68,Closed
T067,23-24,12/7/23,68,Closed
T068,23-24,12/7/23,68,Closed
T069,23-24,12/7/23,68,Closed
T070,23-24,12/7/23,68,Closed
T071,23-24,12/7/23,68,Closed
T072,23-24,12/7/23,68,Closed
T073,23-24,12/7/23,68,Closed
T074,23-24,12/7/23,68,Closed
T075,23-24,12/7/23,68,Closed
T076,23-24,12/7/23,68,Closed
T077,23-24,12/7/23,68,Closed
T078,23-24,12/7/23,68,Closed
T079,23-24,12/7/23,68,Closed
T080,23-24,12/7/23,68,Closed
T081,23-24,12/7/23,68,Closed
T082,23-24,12/7/23,68,Closed
T083,23-24,12/7/23,68,Closed
T084,23-24,12/7/23,68,Closed
T085,23-24,12/7/23,68,Closed
T086,23-24,12/7/23,68,Closed
T087,23-24,12/7/23,68,Closed
T088,23-24,12/7/23,68,Closed
T089,23-24,12/7/23,68,Closed
T090,23-24,12/7/23,68,Closed
T091,23-24,12/7/23,68,Closed
T092,23-24,12/7/23,68,Closed
T107,23-24,12/7/23,68,Closed
T108,23-24,12/7/23,68,Closed
T109,23-24,12/7/23,68,Closed
T110,23-24,12/7/23,68,Closed
T111,23-24,12/7/23,68,Closed
T112,23-24,12/7/23,68,Closed
T113,23-24,12/7/23,68,Closed
T114,23-24,12/7/23,68,Closed
T115,23-24,12/7/23,68,Closed
T116,23-24,12/7/23,68,Closed
T117,23-24,12/7/23,68,Closed
T118,23-24,12/7/23,68,Closed
T119,23-24,12/7/23,68,Closed
T127,23-24,12/7/23,68,Closed
T128,23-24,12/7/23,68,Closed
T129,23-24,12/7/23,68,Closed
T130,23-24,12/7/23,68,Closed
T131,23-24,12/7/23,68,Closed
T132,23-24,12/7/23,68,Closed
T133,23-24,12/7/23,68,Closed
T136,23-24,12/7/23,68,Closed
T137,23-24,12/7/23,68,Closed
T148,23-24,12/7/23,68,Closed
T001,23-24,12/8/23,69,Groomed
T002,23-24,12/8/23,69,Groomed
T003,23-24,12/8/23,69,Groomed
T004,23-24,12/8/23,69,Closed
T005,23-24,12/8/23,69,Groomed
T006,23-24,12/8/23,69,Closed
T007,23-24,12/8/23,69,Groomed
T008,23-24,12/8/23,69,Groomed
T009,23-24,12/8/23,69,Closed
T010,23-24,12/8/23,69,Closed
T011,23-24,12/8/23,69,Groomed
T012,23-24,12/8/23,69,Groomed
T013,23-24,12/8/23,69,Groomed
T014,23-24,12/8/23,69,Groomed
T015,23-24,12/8/23,69,Closed
T016,23-24,12/8/23,69,Closed
T017,23-24,12/8/23,69,Closed
T018,23-24,12/8/23,69,Closed
T019,23-24,12/8/23,69,Closed
T020,23-24,12/8/23,69,Closed
T021,23-24,12/8/23,69,Groomed
T022,23-24,12/8/23,69,Closed
T023,23-24,12/8/23,69,Closed
T024,23-24,12/8/23,69,Closed
T025,23-24,12/8/23,69,Groomed
T026,23-24,12/8/23,69,Closed
T027,23-24,12/8/23,69,Closed
T028,23-24,12/8/23,69,Groomed
T029,23-24,12/8/23,69,Closed
T030,23-24,12/8/23,69,Groomed
T031,23-24,12/8/23,69,Groomed
T032,23-24,12/8/23,69,Groomed
T033,23-24,12/8/23,69,Groomed
T034,23-24,12/8/23,69,Groomed
T035,23-24,12/8/23,69,Closed
T036,23-24,12/8/23,69,Groomed
T037,23-24,12/8/23,69,Closed
T038,23-24,12/8/23,69,Closed
T039,23-24,12/8/23,69,Closed
T040,23-24,12/8/23,69,Closed
T042,23-24,12/8/23,69,Closed
T043,23-24,12/8/23,69,Closed
T044,23-24,12/8/23,69,Open
T045,23-24,12/8/23,69,Closed
T046,23-24,12/8/23,69,Closed
T047,23-24,12/8/23,69,Closed
T048,23-24,12/8/23,69,Closed
T049,23-24,12/8/23,69,Closed
T050,23-24,12/8/23,69,Groomed
T051,23-24,12/8/23,69,Closed
T052,23-24,12/8/23,69,Closed
T053,23-24,12/8/23,69,Closed
T054,23-24,12/8/23,69,Closed
T055,23-24,12/8/23,69,Closed
T056,23-24,12/8/23,69,Closed
T057,23-24,12/8/23,69,Closed
T058,23-24,12/8/23,69,Closed
T061,23-24,12/8/23,69,Groomed
T062,23-24,12/8/23,69,Groomed
T063,23-24,12/8/23,69,Closed
T064,23-24,12/8/23,69,Closed
T065,23-24,12/8/23,69,Closed
T066,23-24,12/8/23,69,Closed
T067,23-24,12/8/23,69,Closed
T068,23-24,12/8/23,69,Closed
T069,23-24,12/8/23,69,Closed
T070,23-24,12/8/23,69,Closed
T071,23-24,12/8/23,69,Closed
T072,23-24,12/8/23,69,Closed
T073,23-24,12/8/23,69,Closed
T074,23-24,12/8/23,69,Closed
T075,23-24,12/8/23,69,Closed
T076,23-24,12/8/23,69,Closed
T077,23-24,12/8/23,69,Closed
T078,23-24,12/8/23,69,Closed
T079,23-24,12/8/23,69,Closed
T080,23-24,12/8/23,69,Closed
T081,23-24,12/8/23,69,Closed
T082,23-24,12/8/23,69,Closed
T083,23-24,12/8/23,69,Closed
T084,23-24,12/8/23,69,Closed
T085,23-24,12/8/23,69,Closed
T086,23-24,12/8/23,69,Closed
T087,23-24,12/8/23,69,Closed
T088,23-24,12/8/23,69,Closed
T089,23-24,12/8/23,69,Closed
T090,23-24,12/8/23,69,Closed
T091,23-24,12/8/23,69,Closed
T092,23-24,12/8/23,69,Closed
T107,23-24,12/8/23,69,Closed
T108,23-24,12/8/23,69,Closed
T109,23-24,12/8/23,69,Closed
T110,23-24,12/8/23,69,Closed
T111,23-24,12/8/23,69,Closed
T112,23-24,12/8/23,69,Closed
T113,23-24,12/8/23,69,Closed
T114,23-24,12/8/23,69,Closed
T115,23-24,12/8/23,69,Closed
T116,23-24,12/8/23,69,Closed
T117,23-24,12/8/23,69,Closed
T118,23-24,12/8/23,69,Closed
T119,23-24,12/8/23,69,Closed
T127,23-24,12/8/23,69,Closed
T128,23-24,12/8/23,69,Closed
T129,23-24,12/8/23,69,Closed
T130,23-24,12/8/23,69,Closed
T131,23-24,12/8/23,69,Closed
T132,23-24,12/8/23,69,Closed
T133,23-24,12/8/23,69,Closed
T136,23-24,12/8/23,69,Closed
T137,23-24,12/8/23,69,Closed
T148,23-24,12/8/23,69,Closed
T001,23-24,12/9/23,70,Groomed
T002,23-24,12/9/23,70,Groomed
T003,23-24,12/9/23,70,Groomed
T004,23-24,12/9/23,70,Closed
T005,23-24,12/9/23,70,Groomed
T006,23-24,12/9/23,70,Closed
T007,23-24,12/9/23,70,Groomed
T008,23-24,12/9/23,70,Groomed
T009,23-24,12/9/23,70,Closed
T010,23-24,12/9/23,70,Closed
T011,23-24,12/9/23,70,Groomed
T012,23-24,12/9/23,70,Groomed
T013,23-24,12/9/23,70,Groomed
T014,23-24,12/9/23,70,Groomed
T015,23-24,12/9/23,70,Closed
T016,23-24,12/9/23,70,Closed
T017,23-24,12/9/23,70,Closed
T018,23-24,12/9/23,70,Closed
T019,23-24,12/9/23,70,Closed
T020,23-24,12/9/23,70,Closed
T021,23-24,12/9/23,70,Groomed
T022,23-24,12/9/23,70,Closed
T023,23-24,12/9/23,70,Closed
T024,23-24,12/9/23,70,Closed
T025,23-24,12/9/23,70,Groomed
T026,23-24,12/9/23,70,Closed
T027,23-24,12/9/23,70,Closed
T028,23-24,12/9/23,70,Groomed
T029,23-24,12/9/23,70,Closed
T030,23-24,12/9/23,70,Groomed
T031,23-24,12/9/23,70,Groomed
T032,23-24,12/9/23,70,Groomed
T033,23-24,12/9/23,70,Groomed
T034,23-24,12/9/23,70,Groomed
T035,23-24,12/9/23,70,Closed
T036,23-24,12/9/23,70,Groomed
T037,23-24,12/9/23,70,Closed
T038,23-24,12/9/23,70,Closed
T039,23-24,12/9/23,70,Closed
T040,23-24,12/9/23,70,Closed
T042,23-24,12/9/23,70,Closed
T043,23-24,12/9/23,70,Closed
T044,23-24,12/9/23,70,Open
T045,23-24,12/9/23,70,Closed
T046,23-24,12/9/23,70,Closed
T047,23-24,12/9/23,70,Closed
T048,23-24,12/9/23,70,Closed
T049,23-24,12/9/23,70,Closed
T050,23-24,12/9/23,70,Groomed
T051,23-24,12/9/23,70,Closed
T052,23-24,12/9/23,70,Closed
T053,23-24,12/9/23,70,Closed
T054,23-24,12/9/23,70,Closed
T055,23-24,12/9/23,70,Closed
T056,23-24,12/9/23,70,Closed
T057,23-24,12/9/23,70,Closed
T058,23-24,12/9/23,70,Closed
T061,23-24,12/9/23,70,Groomed
T062,23-24,12/9/23,70,Groomed
T063,23-24,12/9/23,70,Closed
T064,23-24,12/9/23,70,Closed
T065,23-24,12/9/23,70,Closed
T066,23-24,12/9/23,70,Closed
T067,23-24,12/9/23,70,Closed
T068,23-24,12/9/23,70,Closed
T069,23-24,12/9/23,70,Closed
T070,23-24,12/9/23,70,Closed
T071,23-24,12/9/23,70,Closed
T072,23-24,12/9/23,70,Closed
T073,23-24,12/9/23,70,Closed
T074,23-24,12/9/23,70,Closed
T075,23-24,12/9/23,70,Closed
T076,23-24,12/9/23,70,Closed
T077,23-24,12/9/23,70,Closed
T078,23-24,12/9/23,70,Closed
T079,23-24,12/9/23,70,Closed
T080,23-24,12/9/23,70,Closed
T081,23-24,12/9/23,70,Closed
T082,23-24,12/9/23,70,Closed
T083,23-24,12/9/23,70,Closed
T084,23-24,12/9/23,70,Closed
T085,23-24,12/9/23,70,Closed
T086,23-24,12/9/23,70,Closed
T087,23-24,12/9/23,70,Closed
T088,23-24,12/9/23,70,Closed
T089,23-24,12/9/23,70,Closed
T090,23-24,12/9/23,70,Closed
T091,23-24,12/9/23,70,Closed
T092,23-24,12/9/23,70,Closed
T107,23-24,12/9/23,70,Closed
T108,23-24,12/9/23,70,Closed
T109,23-24,12/9/23,70,Closed
T110,23-24,12/9/23,70,Closed
T111,23-24,12/9/23,70,Closed
T112,23-24,12/9/23,70,Closed
T113,23-24,12/9/23,70,Closed
T114,23-24,12/9/23,70,Closed
T115,23-24,12/9/23,70,Closed
T116,23-24,12/9/23,70,Closed
T117,23-24,12/9/23,70,Closed
T118,23-24,12/9/23,70,Closed
T119,23-24,12/9/23,70,Closed
T127,23-24,12/9/23,70,Closed
T128,23-24,12/9/23,70,Closed
T129,23-24,12/9/23,70,Closed
T130,23-24,12/9/23,70,Closed
T131,23-24,12/9/23,70,Closed
T132,23-24,12/9/23,70,Closed
T133,23-24,12/9/23,70,Closed
T136,23-24,12/9/23,70,Closed
T137,23-24,12/9/23,70,Closed
T148,23-24,12/9/23,70,Closed
T001,23-24,12/10/23,71,Groomed
T002,23-24,12/10/23,71,Groomed
T003,23-24,12/10/23,71,Groomed
T004,23-24,12/10/23,71,Closed
T005,23-24,12/10/23,71,Groomed
T006,23-24,12/10/23,71,Closed
T007,23-24,12/10/23,71,Groomed
T008,23-24,12/10/23,71,Groomed
T009,23-24,12/10/23,71,Closed
T010,23-24,12/10/23,71,Closed
T011,23-24,12/10/23,71,Groomed
T012,23-24,12/10/23,71,Groomed
T013,23-24,12/10/23,71,Groomed
T014,23-24,12/10/23,71,Groomed
T015,23-24,12/10/23,71,Closed
T016,23-24,12/10/23,71,Closed
T017,23-24,12/10/23,71,Closed
T018,23-24,12/10/23,71,Closed
T019,23-24,12/10/23,71,Closed
T020,23-24,12/10/23,71,Closed
T021,23-24,12/10/23,71,Groomed
T022,23-24,12/10/23,71,Closed
T023,23-24,12/10/23,71,Closed
T024,23-24,12/10/23,71,Closed
T025,23-24,12/10/23,71,Groomed
T026,23-24,12/10/23,71,Closed
T027,23-24,12/10/23,71,Closed
T028,23-24,12/10/23,71,Groomed
T029,23-24,12/10/23,71,Closed
T030,23-24,12/10/23,71,Groomed
T031,23-24,12/10/23,71,Groomed
T032,23-24,12/10/23,71,Groomed
T033,23-24,12/10/23,71,Groomed
T034,23-24,12/10/23,71,Groomed
T035,23-24,12/10/23,71,Closed
T036,23-24,12/10/23,71,Groomed
T037,23-24,12/10/23,71,Closed
T038,23-24,12/10/23,71,Closed
T039,23-24,12/10/23,71,Closed
T040,23-24,12/10/23,71,Closed
T042,23-24,12/10/23,71,Closed
T043,23-24,12/10/23,71,Closed
T044,23-24,12/10/23,71,Open
T045,23-24,12/10/23,71,Closed
T046,23-24,12/10/23,71,Closed
T047,23-24,12/10/23,71,Closed
T048,23-24,12/10/23,71,Closed
T049,23-24,12/10/23,71,Closed
T050,23-24,12/10/23,71,Groomed
T051,23-24,12/10/23,71,Closed
T052,23-24,12/10/23,71,Closed
T053,23-24,12/10/23,71,Closed
T054,23-24,12/10/23,71,Closed
T055,23-24,12/10/23,71,Closed
T056,23-24,12/10/23,71,Closed
T057,23-24,12/10/23,71,Closed
T058,23-24,12/10/23,71,Closed
T061,23-24,12/10/23,71,Groomed
T062,23-24,12/10/23,71,Groomed
T063,23-24,12/10/23,71,Closed
T064,23-24,12/10/23,71,Closed
T065,23-24,12/10/23,71,Closed
T066,23-24,12/10/23,71,Closed
T067,23-24,12/10/23,71,Closed
T068,23-24,12/10/23,71,Closed
T069,23-24,12/10/23,71,Closed
T070,23-24,12/10/23,71,Closed
T071,23-24,12/10/23,71,Closed
T072,23-24,12/10/23,71,Closed
T073,23-24,12/10/23,71,Closed
T074,23-24,12/10/23,71,Closed
T075,23-24,12/10/23,71,Closed
T076,23-24,12/10/23,71,Closed
T077,23-24,12/10/23,71,Closed
T078,23-24,12/10/23,71,Closed
T079,23-24,12/10/23,71,Closed
T080,23-24,12/10/23,71,Closed
T081,23-24,12/10/23,71,Closed
T082,23-24,12/10/23,71,Closed
T083,23-24,12/10/23,71,Closed
T084,23-24,12/10/23,71,Closed
T085,23-24,12/10/23,71,Closed
T086,23-24,12/10/23,71,Closed
T087,23-24,12/10/23,71,Closed
T088,23-24,12/10/23,71,Closed
T089,23-24,12/10/23,71,Closed
T090,23-24,12/10/23,71,Closed
T091,23-24,12/10/23,71,Closed
T092,23-24,12/10/23,71,Closed
T107,23-24,12/10/23,71,Closed
T108,23-24,12/10/23,71,Closed
T109,23-24,12/10/23,71,Closed
T110,23-24,12/10/23,71,Closed
T111,23-24,12/10/23,71,Closed
T112,23-24,12/10/23,71,Closed
T113,23-24,12/10/23,71,Closed
T114,23-24,12/10/23,71,Closed
T115,23-24,12/10/23,71,Closed
T116,23-24,12/10/23,71,Closed
T117,23-24,12/10/23,71,Closed
T118,23-24,12/10/23,71,Closed
T119,23-24,12/10/23,71,Closed
T127,23-24,12/10/23,71,Closed
T128,23-24,12/10/23,71,Closed
T129,23-24,12/10/23,71,Closed
T130,23-24,12/10/23,71,Closed
T131,23-24,12/10/23,71,Closed
T132,23-24,12/10/23,71,Closed
T133,23-24,12/10/23,71,Closed
T136,23-24,12/10/23,71,Closed
T137,23-24,12/10/23,71,Closed
T148,23-24,12/10/23,71,Closed
T001,23-24,12/11/23,72,Groomed
T002,23-24,12/11/23,72,Groomed
T003,23-24,12/11/23,72,Groomed
T004,23-24,12/11/23,72,Closed
T005,23-24,12/11/23,72,Groomed
T006,23-24,12/11/23,72,Closed
T007,23-24,12/11/23,72,Groomed
T008,23-24,12/11/23,72,Groomed
T009,23-24,12/11/23,72,Closed
T010,23-24,12/11/23,72,Closed
T011,23-24,12/11/23,72,Groomed
T012,23-24,12/11/23,72,Groomed
T013,23-24,12/11/23,72,Groomed
T014,23-24,12/11/23,72,Groomed
T015,23-24,12/11/23,72,Closed
T016,23-24,12/11/23,72,Closed
T017,23-24,12/11/23,72,Closed
T018,23-24,12/11/23,72,Closed
T019,23-24,12/11/23,72,Closed
T020,23-24,12/11/23,72,Closed
T021,23-24,12/11/23,72,Groomed
T022,23-24,12/11/23,72,Closed
T023,23-24,12/11/23,72,Closed
T024,23-24,12/11/23,72,Closed
T025,23-24,12/11/23,72,Groomed
T026,23-24,12/11/23,72,Closed
T027,23-24,12/11/23,72,Closed
T028,23-24,12/11/23,72,Groomed
T029,23-24,12/11/23,72,Closed
T030,23-24,12/11/23,72,Groomed
T031,23-24,12/11/23,72,Groomed
T032,23-24,12/11/23,72,Groomed
T033,23-24,12/11/23,72,Groomed
T034,23-24,12/11/23,72,Groomed
T035,23-24,12/11/23,72,Closed
T036,23-24,12/11/23,72,Groomed
T037,23-24,12/11/23,72,Closed
T038,23-24,12/11/23,72,Closed
T039,23-24,12/11/23,72,Closed
T040,23-24,12/11/23,72,Closed
T042,23-24,12/11/23,72,Closed
T043,23-24,12/11/23,72,Closed
T044,23-24,12/11/23,72,Open
T045,23-24,12/11/23,72,Closed
T046,23-24,12/11/23,72,Closed
T047,23-24,12/11/23,72,Closed
T048,23-24,12/11/23,72,Closed
T049,23-24,12/11/23,72,Closed
T050,23-24,12/11/23,72,Groomed
T051,23-24,12/11/23,72,Closed
T052,23-24,12/11/23,72,Closed
T053,23-24,12/11/23,72,Closed
T054,23-24,12/11/23,72,Closed
T055,23-24,12/11/23,72,Closed
T056,23-24,12/11/23,72,Closed
T057,23-24,12/11/23,72,Closed
T058,23-24,12/11/23,72,Closed
T061,23-24,12/11/23,72,Groomed
T062,23-24,12/11/23,72,Groomed
T063,23-24,12/11/23,72,Closed
T064,23-24,12/11/23,72,Closed
T065,23-24,12/11/23,72,Closed
T066,23-24,12/11/23,72,Closed
T067,23-24,12/11/23,72,Closed
T068,23-24,12/11/23,72,Closed
T069,23-24,12/11/23,72,Closed
T070,23-24,12/11/23,72,Closed
T071,23-24,12/11/23,72,Closed
T072,23-24,12/11/23,72,Closed
T073,23-24,12/11/23,72,Closed
T074,23-24,12/11/23,72,Closed
T075,23-24,12/11/23,72,Closed
T076,23-24,12/11/23,72,Closed
T077,23-24,12/11/23,72,Closed
T078,23-24,12/11/23,72,Closed
T079,23-24,12/11/23,72,Closed
T080,23-24,12/11/23,72,Closed
T081,23-24,12/11/23,72,Closed
T082,23-24,12/11/23,72,Closed
T083,23-24,12/11/23,72,Closed
T084,23-24,12/11/23,72,Closed
T085,23-24,12/11/23,72,Closed
T086,23-24,12/11/23,72,Closed
T087,23-24,12/11/23,72,Closed
T088,23-24,12/11/23,72,Closed
T089,23-24,12/11/23,72,Closed
T090,23-24,12/11/23,72,Closed
T091,23-24,12/11/23,72,Closed
T092,23-24,12/11/23,72,Closed
T107,23-24,12/11/23,72,Closed
T108,23-24,12/11/23,72,Closed
T109,23-24,12/11/23,72,Closed
T110,23-24,12/11/23,72,Closed
T111,23-24,12/11/23,72,Closed
T112,23-24,12/11/23,72,Closed
T113,23-24,12/11/23,72,Closed
T114,23-24,12/11/23,72,Closed
T115,23-24,12/11/23,72,Closed
T116,23-24,12/11/23,72,Closed
T117,23-24,12/11/23,72,Closed
T118,23-24,12/11/23,72,Closed
T119,23-24,12/11/23,72,Closed
T127,23-24,12/11/23,72,Closed
T128,23-24,12/11/23,72,Closed
T129,23-24,12/11/23,72,Closed
T130,23-24,12/11/23,72,Closed
T131,23-24,12/11/23,72,Closed
T132,23-24,12/11/23,72,Closed
T133,23-24,12/11/23,72,Closed
T136,23-24,12/11/23,72,Closed
T137,23-24,12/11/23,72,Closed
T148,23-24,12/11/23,72,Closed
T001,23-24,12/12/23,73,Groomed
T002,23-24,12/12/23,73,Groomed
T003,23-24,12/12/23,73,Groomed
T004,23-24,12/12/23,73,Closed
T005,23-24,12/12/23,73,Groomed
T006,23-24,12/12/23,73,Closed
T007,23-24,12/12/23,73,Groomed
T008,23-24,12/12/23,73,Groomed
T009,23-24,12/12/23,73,Closed
T010,23-24,12/12/23,73,Closed
T011,23-24,12/12/23,73,Groomed
T012,23-24,12/12/23,73,Groomed
T013,23-24,12/12/23,73,Groomed
T014,23-24,12/12/23,73,Groomed
T015,23-24,12/12/23,73,Closed
T016,23-24,12/12/23,73,Closed
T017,23-24,12/12/23,73,Closed
T018,23-24,12/12/23,73,Closed
T019,23-24,12/12/23,73,Closed
T020,23-24,12/12/23,73,Closed
T021,23-24,12/12/23,73,Groomed
T022,23-24,12/12/23,73,Closed
T023,23-24,12/12/23,73,Closed
T024,23-24,12/12/23,73,Closed
T025,23-24,12/12/23,73,Groomed
T026,23-24,12/12/23,73,Closed
T027,23-24,12/12/23,73,Closed
T028,23-24,12/12/23,73,Groomed
T029,23-24,12/12/23,73,Closed
T030,23-24,12/12/23,73,Groomed
T031,23-24,12/12/23,73,Groomed
T032,23-24,12/12/23,73,Groomed
T033,23-24,12/12/23,73,Groomed
T034,23-24,12/12/23,73,Groomed
T035,23-24,12/12/23,73,Closed
T036,23-24,12/12/23,73,Groomed
T037,23-24,12/12/23,73,Closed
T038,23-24,12/12/23,73,Closed
T039,23-24,12/12/23,73,Closed
T040,23-24,12/12/23,73,Closed
T042,23-24,12/12/23,73,Closed
T043,23-24,12/12/23,73,Closed
T044,23-24,12/12/23,73,Open
T045,23-24,12/12/23,73,Closed
T046,23-24,12/12/23,73,Closed
T047,23-24,12/12/23,73,Closed
T048,23-24,12/12/23,73,Closed
T049,23-24,12/12/23,73,Closed
T050,23-24,12/12/23,73,Groomed
T051,23-24,12/12/23,73,Closed
T052,23-24,12/12/23,73,Closed
T053,23-24,12/12/23,73,Closed
T054,23-24,12/12/23,73,Closed
T055,23-24,12/12/23,73,Closed
T056,23-24,12/12/23,73,Closed
T057,23-24,12/12/23,73,Closed
T058,23-24,12/12/23,73,Closed
T061,23-24,12/12/23,73,Groomed
T062,23-24,12/12/23,73,Groomed
T063,23-24,12/12/23,73,Closed
T064,23-24,12/12/23,73,Closed
T065,23-24,12/12/23,73,Closed
T066,23-24,12/12/23,73,Closed
T067,23-24,12/12/23,73,Closed
T068,23-24,12/12/23,73,Closed
T069,23-24,12/12/23,73,Closed
T070,23-24,12/12/23,73,Closed
T071,23-24,12/12/23,73,Closed
T072,23-24,12/12/23,73,Closed
T073,23-24,12/12/23,73,Closed
T074,23-24,12/12/23,73,Closed
T075,23-24,12/12/23,73,Closed
T076,23-24,12/12/23,73,Closed
T077,23-24,12/12/23,73,Closed
T078,23-24,12/12/23,73,Closed
T079,23-24,12/12/23,73,Closed
T080,23-24,12/12/23,73,Closed
T081,23-24,12/12/23,73,Closed
T082,23-24,12/12/23,73,Closed
T083,23-24,12/12/23,73,Closed
T084,23-24,12/12/23,73,Closed
T085,23-24,12/12/23,73,Closed
T086,23-24,12/12/23,73,Closed
T087,23-24,12/12/23,73,Closed
T088,23-24,12/12/23,73,Closed
T089,23-24,12/12/23,73,Closed
T090,23-24,12/12/23,73,Closed
T091,23-24,12/12/23,73,Closed
T092,23-24,12/12/23,73,Closed
T107,23-24,12/12/23,73,Closed
T108,23-24,12/12/23,73,Closed
T109,23-24,12/12/23,73,Closed
T110,23-24,12/12/23,73,Closed
T111,23-24,12/12/23,73,Closed
T112,23-24,12/12/23,73,Closed
T113,23-24,12/12/23,73,Closed
T114,23-24,12/12/23,73,Closed
T115,23-24,12/12/23,73,Closed
T116,23-24,12/12/23,73,Closed
T117,23-24,12/12/23,73,Closed
T118,23-24,12/12/23,73,Closed
T119,23-24,12/12/23,73,Closed
T127,23-24,12/12/23,73,Closed
T128,23-24,12/12/23,73,Closed
T129,23-24,12/12/23,73,Closed
T130,23-24,12/12/23,73,Closed
T131,23-24,12/12/23,73,Closed
T132,23-24,12/12/23,73,Closed
T133,23-24,12/12/23,73,Closed
T136,23-24,12/12/23,73,Closed
T137,23-24,12/12/23,73,Closed
T148,23-24,12/12/23,73,Closed
T001,23-24,12/13/23,74,Groomed
T002,23-24,12/13/23,74,Groomed
T003,23-24,12/13/23,74,Groomed
T004,23-24,12/13/23,74,Closed
T005,23-24,12/13/23,74,Groomed
T006,23-24,12/13/23,74,Closed
T007,23-24,12/13/23,74,Groomed
T008,23-24,12/13/23,74,Groomed
T009,23-24,12/13/23,74,Groomed
T010,23-24,12/13/23,74,Closed
T011,23-24,12/13/23,74,Groomed
T012,23-24,12/13/23,74,Groomed
T013,23-24,12/13/23,74,Groomed
T014,23-24,12/13/23,74,Groomed
T015,23-24,12/13/23,74,Closed
T016,23-24,12/13/23,74,Closed
T017,23-24,12/13/23,74,Closed
T018,23-24,12/13/23,74,Closed
T019,23-24,12/13/23,74,Closed
T020,23-24,12/13/23,74,Closed
T021,23-24,12/13/23,74,Groomed
T022,23-24,12/13/23,74,Closed
T023,23-24,12/13/23,74,Closed
T024,23-24,12/13/23,74,Closed
T025,23-24,12/13/23,74,Groomed
T026,23-24,12/13/23,74,Closed
T027,23-24,12/13/23,74,Closed
T028,23-24,12/13/23,74,Groomed
T029,23-24,12/13/23,74,Closed
T030,23-24,12/13/23,74,Groomed
T031,23-24,12/13/23,74,Groomed
T032,23-24,12/13/23,74,Open
T033,23-24,12/13/23,74,Groomed
T034,23-24,12/13/23,74,Groomed
T035,23-24,12/13/23,74,Closed
T036,23-24,12/13/23,74,Groomed
T037,23-24,12/13/23,74,Closed
T038,23-24,12/13/23,74,Closed
T039,23-24,12/13/23,74,Closed
T040,23-24,12/13/23,74,Closed
T042,23-24,12/13/23,74,Closed
T043,23-24,12/13/23,74,Closed
T044,23-24,12/13/23,74,Open
T045,23-24,12/13/23,74,Closed
T046,23-24,12/13/23,74,Closed
T047,23-24,12/13/23,74,Closed
T048,23-24,12/13/23,74,Closed
T049,23-24,12/13/23,74,Closed
T050,23-24,12/13/23,74,Groomed
T051,23-24,12/13/23,74,Closed
T052,23-24,12/13/23,74,Closed
T053,23-24,12/13/23,74,Closed
T054,23-24,12/13/23,74,Closed
T055,23-24,12/13/23,74,Closed
T056,23-24,12/13/23,74,Closed
T057,23-24,12/13/23,74,Closed
T058,23-24,12/13/23,74,Closed
T061,23-24,12/13/23,74,Groomed
T062,23-24,12/13/23,74,Groomed
T063,23-24,12/13/23,74,Closed
T064,23-24,12/13/23,74,Closed
T065,23-24,12/13/23,74,Closed
T066,23-24,12/13/23,74,Closed
T067,23-24,12/13/23,74,Closed
T068,23-24,12/13/23,74,Closed
T069,23-24,12/13/23,74,Closed
T070,23-24,12/13/23,74,Closed
T071,23-24,12/13/23,74,Closed
T072,23-24,12/13/23,74,Closed
T073,23-24,12/13/23,74,Closed
T074,23-24,12/13/23,74,Closed
T075,23-24,12/13/23,74,Closed
T076,23-24,12/13/23,74,Closed
T077,23-24,12/13/23,74,Closed
T078,23-24,12/13/23,74,Closed
T079,23-24,12/13/23,74,Closed
T080,23-24,12/13/23,74,Closed
T081,23-24,12/13/23,74,Closed
T082,23-24,12/13/23,74,Closed
T083,23-24,12/13/23,74,Closed
T084,23-24,12/13/23,74,Closed
T085,23-24,12/13/23,74,Closed
T086,23-24,12/13/23,74,Closed
T087,23-24,12/13/23,74,Closed
T088,23-24,12/13/23,74,Closed
T089,23-24,12/13/23,74,Closed
T090,23-24,12/13/23,74,Closed
T091,23-24,12/13/23,74,Closed
T092,23-24,12/13/23,74,Closed
T107,23-24,12/13/23,74,Closed
T108,23-24,12/13/23,74,Closed
T109,23-24,12/13/23,74,Closed
T110,23-24,12/13/23,74,Closed
T111,23-24,12/13/23,74,Closed
T112,23-24,12/13/23,74,Closed
T113,23-24,12/13/23,74,Closed
T114,23-24,12/13/23,74,Closed
T115,23-24,12/13/23,74,Closed
T116,23-24,12/13/23,74,Closed
T117,23-24,12/13/23,74,Closed
T118,23-24,12/13/23,74,Closed
T119,23-24,12/13/23,74,Closed
T127,23-24,12/13/23,74,Closed
T128,23-24,12/13/23,74,Closed
T129,23-24,12/13/23,74,Closed
T130,23-24,12/13/23,74,Closed
T131,23-24,12/13/23,74,Closed
T132,23-24,12/13/23,74,Closed
T133,23-24,12/13/23,74,Closed
T136,23-24,12/13/23,74,Closed
T137,23-24,12/13/23,74,Closed
T148,23-24,12/13/23,74,Closed
T001,23-24,12/14/23,75,Groomed
T002,23-24,12/14/23,75,Groomed
T003,23-24,12/14/23,75,Groomed
T004,23-24,12/14/23,75,Closed
T005,23-24,12/14/23,75,Groomed
T006,23-24,12/14/23,75,Closed
T007,23-24,12/14/23,75,Groomed
T008,23-24,12/14/23,75,Groomed
T009,23-24,12/14/23,75,Groomed
T010,23-24,12/14/23,75,Closed
T011,23-24,12/14/23,75,Groomed
T012,23-24,12/14/23,75,Groomed
T013,23-24,12/14/23,75,Groomed
T014,23-24,12/14/23,75,Groomed
T015,23-24,12/14/23,75,Closed
T016,23-24,12/14/23,75,Closed
T017,23-24,12/14/23,75,Closed
T018,23-24,12/14/23,75,Closed
T019,23-24,12/14/23,75,Closed
T020,23-24,12/14/23,75,Closed
T021,23-24,12/14/23,75,Groomed
T022,23-24,12/14/23,75,Closed
T023,23-24,12/14/23,75,Closed
T024,23-24,12/14/23,75,Closed
T025,23-24,12/14/23,75,Groomed
T026,23-24,12/14/23,75,Closed
T027,23-24,12/14/23,75,Closed
T028,23-24,12/14/23,75,Groomed
T029,23-24,12/14/23,75,Closed
T030,23-24,12/14/23,75,Groomed
T031,23-24,12/14/23,75,Groomed
T032,23-24,12/14/23,75,Groomed
T033,23-24,12/14/23,75,Groomed
T034,23-24,12/14/23,75,Groomed
T035,23-24,12/14/23,75,Closed
T036,23-24,12/14/23,75,Groomed
T037,23-24,12/14/23,75,Closed
T038,23-24,12/14/23,75,Closed
T039,23-24,12/14/23,75,Closed
T040,23-24,12/14/23,75,Closed
T042,23-24,12/14/23,75,Closed
T043,23-24,12/14/23,75,Closed
T044,23-24,12/14/23,75,Open
T045,23-24,12/14/23,75,Closed
T046,23-24,12/14/23,75,Closed
T047,23-24,12/14/23,75,Closed
T048,23-24,12/14/23,75,Closed
T049,23-24,12/14/23,75,Closed
T050,23-24,12/14/23,75,Groomed
T051,23-24,12/14/23,75,Closed
T052,23-24,12/14/23,75,Closed
T053,23-24,12/14/23,75,Closed
T054,23-24,12/14/23,75,Closed
T055,23-24,12/14/23,75,Closed
T056,23-24,12/14/23,75,Closed
T057,23-24,12/14/23,75,Closed
T058,23-24,12/14/23,75,Closed
T061,23-24,12/14/23,75,Groomed
T062,23-24,12/14/23,75,Groomed
T063,23-24,12/14/23,75,Closed
T064,23-24,12/14/23,75,Groomed
T065,23-24,12/14/23,75,Closed
T066,23-24,12/14/23,75,Closed
T067,23-24,12/14/23,75,Closed
T068,23-24,12/14/23,75,Closed
T069,23-24,12/14/23,75,Closed
T070,23-24,12/14/23,75,Closed
T071,23-24,12/14/23,75,Closed
T072,23-24,12/14/23,75,Closed
T073,23-24,12/14/23,75,Closed
T074,23-24,12/14/23,75,Closed
T075,23-24,12/14/23,75,Closed
T076,23-24,12/14/23,75,Closed
T077,23-24,12/14/23,75,Closed
T078,23-24,12/14/23,75,Closed
T079,23-24,12/14/23,75,Closed
T080,23-24,12/14/23,75,Closed
T081,23-24,12/14/23,75,Closed
T082,23-24,12/14/23,75,Closed
T083,23-24,12/14/23,75,Closed
T084,23-24,12/14/23,75,Closed
T085,23-24,12/14/23,75,Closed
T086,23-24,12/14/23,75,Closed
T087,23-24,12/14/23,75,Closed
T088,23-24,12/14/23,75,Closed
T089,23-24,12/14/23,75,Closed
T090,23-24,12/14/23,75,Closed
T091,23-24,12/14/23,75,Closed
T092,23-24,12/14/23,75,Closed
T107,23-24,12/14/23,75,Closed
T108,23-24,12/14/23,75,Closed
T109,23-24,12/14/23,75,Closed
T110,23-24,12/14/23,75,Closed
T111,23-24,12/14/23,75,Closed
T112,23-24,12/14/23,75,Closed
T113,23-24,12/14/23,75,Closed
T114,23-24,12/14/23,75,Closed
T115,23-24,12/14/23,75,Closed
T116,23-24,12/14/23,75,Closed
T117,23-24,12/14/23,75,Closed
T118,23-24,12/14/23,75,Closed
T119,23-24,12/14/23,75,Closed
T127,23-24,12/14/23,75,Closed
T128,23-24,12/14/23,75,Closed
T129,23-24,12/14/23,75,Closed
T130,23-24,12/14/23,75,Closed
T131,23-24,12/14/23,75,Closed
T132,23-24,12/14/23,75,Closed
T133,23-24,12/14/23,75,Closed
T136,23-24,12/14/23,75,Closed
T137,23-24,12/14/23,75,Closed
T148,23-24,12/14/23,75,Closed
T001,23-24,12/15/23,76,Groomed
T002,23-24,12/15/23,76,Groomed
T003,23-24,12/15/23,76,Groomed
T004,23-24,12/15/23,76,Closed
T005,23-24,12/15/23,76,Groomed
T006,23-24,12/15/23,76,Closed
T007,23-24,12/15/23,76,Groomed
T008,23-24,12/15/23,76,Groomed
T009,23-24,12/15/23,76,Groomed
T010,23-24,12/15/23,76,Closed
T011,23-24,12/15/23,76,Groomed
T012,23-24,12/15/23,76,Groomed
T013,23-24,12/15/23,76,Groomed
T014,23-24,12/15/23,76,Groomed
T015,23-24,12/15/23,76,Closed
T016,23-24,12/15/23,76,Closed
T017,23-24,12/15/23,76,Closed
T018,23-24,12/15/23,76,Closed
T019,23-24,12/15/23,76,Closed
T020,23-24,12/15/23,76,Closed
T021,23-24,12/15/23,76,Groomed
T022,23-24,12/15/23,76,Closed
T023,23-24,12/15/23,76,Closed
T024,23-24,12/15/23,76,Open
T025,23-24,12/15/23,76,Groomed
T026,23-24,12/15/23,76,Open
T027,23-24,12/15/23,76,Closed
T028,23-24,12/15/23,76,Groomed
T029,23-24,12/15/23,76,Closed
T030,23-24,12/15/23,76,Groomed
T031,23-24,12/15/23,76,Groomed
T032,23-24,12/15/23,76,Groomed
T033,23-24,12/15/23,76,Groomed
T034,23-24,12/15/23,76,Groomed
T035,23-24,12/15/23,76,Closed
T036,23-24,12/15/23,76,Groomed
T037,23-24,12/15/23,76,Closed
T038,23-24,12/15/23,76,Closed
T039,23-24,12/15/23,76,Closed
T040,23-24,12/15/23,76,Closed
T042,23-24,12/15/23,76,Closed
T043,23-24,12/15/23,76,Closed
T044,23-24,12/15/23,76,Closed
T045,23-24,12/15/23,76,Closed
T046,23-24,12/15/23,76,Closed
T047,23-24,12/15/23,76,Closed
T048,23-24,12/15/23,76,Closed
T049,23-24,12/15/23,76,Closed
T050,23-24,12/15/23,76,Groomed
T051,23-24,12/15/23,76,Closed
T052,23-24,12/15/23,76,Closed
T053,23-24,12/15/23,76,Closed
T054,23-24,12/15/23,76,Closed
T055,23-24,12/15/23,76,Closed
T056,23-24,12/15/23,76,Closed
T057,23-24,12/15/23,76,Closed
T058,23-24,12/15/23,76,Closed
T061,23-24,12/15/23,76,Groomed
T062,23-24,12/15/23,76,Groomed
T063,23-24,12/15/23,76,Groomed
T064,23-24,12/15/23,76,Groomed
T065,23-24,12/15/23,76,Closed
T066,23-24,12/15/23,76,Closed
T067,23-24,12/15/23,76,Closed
T068,23-24,12/15/23,76,Closed
T069,23-24,12/15/23,76,Closed
T070,23-24,12/15/23,76,Closed
T071,23-24,12/15/23,76,Closed
T072,23-24,12/15/23,76,Closed
T073,23-24,12/15/23,76,Closed
T074,23-24,12/15/23,76,Closed
T075,23-24,12/15/23,76,Closed
T076,23-24,12/15/23,76,Closed
T077,23-24,12/15/23,76,Closed
T078,23-24,12/15/23,76,Closed
T079,23-24,12/15/23,76,Closed
T080,23-24,12/15/23,76,Closed
T081,23-24,12/15/23,76,Closed
T082,23-24,12/15/23,76,Closed
T083,23-24,12/15/23,76,Closed
T084,23-24,12/15/23,76,Closed
T085,23-24,12/15/23,76,Closed
T086,23-24,12/15/23,76,Closed
T087,23-24,12/15/23,76,Closed
T088,23-24,12/15/23,76,Closed
T089,23-24,12/15/23,76,Closed
T090,23-24,12/15/23,76,Closed
T091,23-24,12/15/23,76,Closed
T092,23-24,12/15/23,76,Closed
T107,23-24,12/15/23,76,Closed
T108,23-24,12/15/23,76,Closed
T109,23-24,12/15/23,76,Closed
T110,23-24,12/15/23,76,Closed
T111,23-24,12/15/23,76,Closed
T112,23-24,12/15/23,76,Closed
T113,23-24,12/15/23,76,Closed
T114,23-24,12/15/23,76,Closed
T115,23-24,12/15/23,76,Closed
T116,23-24,12/15/23,76,Closed
T117,23-24,12/15/23,76,Closed
T118,23-24,12/15/23,76,Closed
T119,23-24,12/15/23,76,Closed
T127,23-24,12/15/23,76,Closed
T128,23-24,12/15/23,76,Closed
T129,23-24,12/15/23,76,Closed
T130,23-24,12/15/23,76,Closed
T131,23-24,12/15/23,76,Closed
T132,23-24,12/15/23,76,Closed
T133,23-24,12/15/23,76,Closed
T136,23-24,12/15/23,76,Closed
T137,23-24,12/15/23,76,Closed
T148,23-24,12/15/23,76,Closed
T001,23-24,12/16/23,77,Groomed
T002,23-24,12/16/23,77,Groomed
T003,23-24,12/16/23,77,Groomed
T004,23-24,12/16/23,77,Closed
T005,23-24,12/16/23,77,Groomed
T006,23-24,12/16/23,77,Closed
T007,23-24,12/16/23,77,Groomed
T008,23-24,12/16/23,77,Groomed
T009,23-24,12/16/23,77,Groomed
T010,23-24,12/16/23,77,Closed
T011,23-24,12/16/23,77,Groomed
T012,23-24,12/16/23,77,Groomed
T013,23-24,12/16/23,77,Groomed
T014,23-24,12/16/23,77,Groomed
T015,23-24,12/16/23,77,Closed
T016,23-24,12/16/23,77,Closed
T017,23-24,12/16/23,77,Closed
T018,23-24,12/16/23,77,Closed
T019,23-24,12/16/23,77,Closed
T020,23-24,12/16/23,77,Closed
T021,23-24,12/16/23,77,Groomed
T022,23-24,12/16/23,77,Closed
T023,23-24,12/16/23,77,Closed
T024,23-24,12/16/23,77,Open
T025,23-24,12/16/23,77,Groomed
T026,23-24,12/16/23,77,Open
T027,23-24,12/16/23,77,Closed
T028,23-24,12/16/23,77,Groomed
T029,23-24,12/16/23,77,Closed
T030,23-24,12/16/23,77,Groomed
T031,23-24,12/16/23,77,Groomed
T032,23-24,12/16/23,77,Groomed
T033,23-24,12/16/23,77,Groomed
T034,23-24,12/16/23,77,Groomed
T035,23-24,12/16/23,77,Closed
T036,23-24,12/16/23,77,Groomed
T037,23-24,12/16/23,77,Closed
T038,23-24,12/16/23,77,Closed
T039,23-24,12/16/23,77,Closed
T040,23-24,12/16/23,77,Closed
T042,23-24,12/16/23,77,Closed
T043,23-24,12/16/23,77,Closed
T044,23-24,12/16/23,77,Closed
T045,23-24,12/16/23,77,Closed
T046,23-24,12/16/23,77,Closed
T047,23-24,12/16/23,77,Closed
T048,23-24,12/16/23,77,Closed
T049,23-24,12/16/23,77,Closed
T050,23-24,12/16/23,77,Groomed
T051,23-24,12/16/23,77,Closed
T052,23-24,12/16/23,77,Closed
T053,23-24,12/16/23,77,Closed
T054,23-24,12/16/23,77,Closed
T055,23-24,12/16/23,77,Closed
T056,23-24,12/16/23,77,Closed
T057,23-24,12/16/23,77,Closed
T058,23-24,12/16/23,77,Closed
T061,23-24,12/16/23,77,Groomed
T062,23-24,12/16/23,77,Groomed
T063,23-24,12/16/23,77,Groomed
T064,23-24,12/16/23,77,Groomed
T065,23-24,12/16/23,77,Closed
T066,23-24,12/16/23,77,Closed
T067,23-24,12/16/23,77,Closed
T068,23-24,12/16/23,77,Closed
T069,23-24,12/16/23,77,Closed
T070,23-24,12/16/23,77,Closed
T071,23-24,12/16/23,77,Closed
T072,23-24,12/16/23,77,Closed
T073,23-24,12/16/23,77,Closed
T074,23-24,12/16/23,77,Closed
T075,23-24,12/16/23,77,Closed
T076,23-24,12/16/23,77,Closed
T077,23-24,12/16/23,77,Closed
T078,23-24,12/16/23,77,Closed
T079,23-24,12/16/23,77,Closed
T080,23-24,12/16/23,77,Closed
T081,23-24,12/16/23,77,Closed
T082,23-24,12/16/23,77,Closed
T083,23-24,12/16/23,77,Closed
T084,23-24,12/16/23,77,Closed
T085,23-24,12/16/23,77,Closed
T086,23-24,12/16/23,77,Closed
T087,23-24,12/16/23,77,Closed
T088,23-24,12/16/23,77,Closed
T089,23-24,12/16/23,77,Closed
T090,23-24,12/16/23,77,Closed
T091,23-24,12/16/23,77,Closed
T092,23-24,12/16/23,77,Closed
T107,23-24,12/16/23,77,Closed
T108,23-24,12/16/23,77,Closed
T109,23-24,12/16/23,77,Closed
T110,23-24,12/16/23,77,Closed
T111,23-24,12/16/23,77,Closed
T112,23-24,12/16/23,77,Closed
T113,23-24,12/16/23,77,Closed
T114,23-24,12/16/23,77,Closed
T115,23-24,12/16/23,77,Closed
T116,23-24,12/16/23,77,Closed
T117,23-24,12/16/23,77,Closed
T118,23-24,12/16/23,77,Closed
T119,23-24,12/16/23,77,Closed
T127,23-24,12/16/23,77,Closed
T128,23-24,12/16/23,77,Closed
T129,23-24,12/16/23,77,Closed
T130,23-24,12/16/23,77,Closed
T131,23-24,12/16/23,77,Closed
T132,23-24,12/16/23,77,Closed
T133,23-24,12/16/23,77,Closed
T136,23-24,12/16/23,77,Closed
T137,23-24,12/16/23,77,Closed
T148,23-24,12/16/23,77,Closed
T001,23-24,12/17/23,78,Groomed
T002,23-24,12/17/23,78,Groomed
T003,23-24,12/17/23,78,Groomed
T004,23-24,12/17/23,78,Closed
T005,23-24,12/17/23,78,Groomed
T006,23-24,12/17/23,78,Closed
T007,23-24,12/17/23,78,Groomed
T008,23-24,12/17/23,78,Groomed
T009,23-24,12/17/23,78,Groomed
T010,23-24,12/17/23,78,Closed
T011,23-24,12/17/23,78,Groomed
T012,23-24,12/17/23,78,Groomed
T013,23-24,12/17/23,78,Groomed
T014,23-24,12/17/23,78,Groomed
T015,23-24,12/17/23,78,Closed
T016,23-24,12/17/23,78,Closed
T017,23-24,12/17/23,78,Closed
T018,23-24,12/17/23,78,Closed
T019,23-24,12/17/23,78,Closed
T020,23-24,12/17/23,78,Closed
T021,23-24,12/17/23,78,Groomed
T022,23-24,12/17/23,78,Closed
T023,23-24,12/17/23,78,Closed
T024,23-24,12/17/23,78,Open
T025,23-24,12/17/23,78,Groomed
T026,23-24,12/17/23,78,Open
T027,23-24,12/17/23,78,Closed
T028,23-24,12/17/23,78,Groomed
T029,23-24,12/17/23,78,Closed
T030,23-24,12/17/23,78,Groomed
T031,23-24,12/17/23,78,Groomed
T032,23-24,12/17/23,78,Groomed
T033,23-24,12/17/23,78,Groomed
T034,23-24,12/17/23,78,Groomed
T035,23-24,12/17/23,78,Closed
T036,23-24,12/17/23,78,Groomed
T037,23-24,12/17/23,78,Closed
T038,23-24,12/17/23,78,Closed
T039,23-24,12/17/23,78,Closed
T040,23-24,12/17/23,78,Closed
T042,23-24,12/17/23,78,Closed
T043,23-24,12/17/23,78,Closed
T044,23-24,12/17/23,78,Closed
T045,23-24,12/17/23,78,Closed
T046,23-24,12/17/23,78,Closed
T047,23-24,12/17/23,78,Closed
T048,23-24,12/17/23,78,Closed
T049,23-24,12/17/23,78,Closed
T050,23-24,12/17/23,78,Groomed
T051,23-24,12/17/23,78,Closed
T052,23-24,12/17/23,78,Closed
T053,23-24,12/17/23,78,Closed
T054,23-24,12/17/23,78,Closed
T055,23-24,12/17/23,78,Closed
T056,23-24,12/17/23,78,Closed
T057,23-24,12/17/23,78,Closed
T058,23-24,12/17/23,78,Closed
T061,23-24,12/17/23,78,Groomed
T062,23-24,12/17/23,78,Groomed
T063,23-24,12/17/23,78,Groomed
T064,23-24,12/17/23,78,Open
T065,23-24,12/17/23,78,Closed
T066,23-24,12/17/23,78,Closed
T067,23-24,12/17/23,78,Closed
T068,23-24,12/17/23,78,Closed
T069,23-24,12/17/23,78,Closed
T070,23-24,12/17/23,78,Closed
T071,23-24,12/17/23,78,Closed
T072,23-24,12/17/23,78,Closed
T073,23-24,12/17/23,78,Closed
T074,23-24,12/17/23,78,Closed
T075,23-24,12/17/23,78,Closed
T076,23-24,12/17/23,78,Closed
T077,23-24,12/17/23,78,Closed
T078,23-24,12/17/23,78,Closed
T079,23-24,12/17/23,78,Closed
T080,23-24,12/17/23,78,Closed
T081,23-24,12/17/23,78,Closed
T082,23-24,12/17/23,78,Closed
T083,23-24,12/17/23,78,Closed
T084,23-24,12/17/23,78,Closed
T085,23-24,12/17/23,78,Closed
T086,23-24,12/17/23,78,Closed
T087,23-24,12/17/23,78,Closed
T088,23-24,12/17/23,78,Closed
T089,23-24,12/17/23,78,Closed
T090,23-24,12/17/23,78,Closed
T091,23-24,12/17/23,78,Closed
T092,23-24,12/17/23,78,Closed
T107,23-24,12/17/23,78,Closed
T108,23-24,12/17/23,78,Closed
T109,23-24,12/17/23,78,Closed
T110,23-24,12/17/23,78,Closed
T111,23-24,12/17/23,78,Closed
T112,23-24,12/17/23,78,Closed
T113,23-24,12/17/23,78,Closed
T114,23-24,12/17/23,78,Closed
T115,23-24,12/17/23,78,Closed
T116,23-24,12/17/23,78,Closed
T117,23-24,12/17/23,78,Closed
T118,23-24,12/17/23,78,Closed
T119,23-24,12/17/23,78,Closed
T127,23-24,12/17/23,78,Closed
T128,23-24,12/17/23,78,Closed
T129,23-24,12/17/23,78,Closed
T130,23-24,12/17/23,78,Closed
T131,23-24,12/17/23,78,Closed
T132,23-24,12/17/23,78,Closed
T133,23-24,12/17/23,78,Closed
T136,23-24,12/17/23,78,Closed
T137,23-24,12/17/23,78,Closed
T148,23-24,12/17/23,78,Closed
T001,23-24,12/18/23,79,Groomed
T002,23-24,12/18/23,79,Groomed
T003,23-24,12/18/23,79,Groomed
T004,23-24,12/18/23,79,Closed
T005,23-24,12/18/23,79,Groomed
T006,23-24,12/18/23,79,Closed
T007,23-24,12/18/23,79,Groomed
T008,23-24,12/18/23,79,Groomed
T009,23-24,12/18/23,79,Groomed
T010,23-24,12/18/23,79,Closed
T011,23-24,12/18/23,79,Groomed
T012,23-24,12/18/23,79,Groomed
T013,23-24,12/18/23,79,Groomed
T014,23-24,12/18/23,79,Groomed
T015,23-24,12/18/23,79,Closed
T016,23-24,12/18/23,79,Closed
T017,23-24,12/18/23,79,Closed
T018,23-24,12/18/23,79,Closed
T019,23-24,12/18/23,79,Closed
T020,23-24,12/18/23,79,Closed
T021,23-24,12/18/23,79,Groomed
T022,23-24,12/18/23,79,Closed
T023,23-24,12/18/23,79,Closed
T024,23-24,12/18/23,79,Open
T025,23-24,12/18/23,79,Groomed
T026,23-24,12/18/23,79,Open
T027,23-24,12/18/23,79,Closed
T028,23-24,12/18/23,79,Groomed
T029,23-24,12/18/23,79,Closed
T030,23-24,12/18/23,79,Groomed
T031,23-24,12/18/23,79,Groomed
T032,23-24,12/18/23,79,Groomed
T033,23-24,12/18/23,79,Groomed
T034,23-24,12/18/23,79,Groomed
T035,23-24,12/18/23,79,Closed
T036,23-24,12/18/23,79,Groomed
T037,23-24,12/18/23,79,Closed
T038,23-24,12/18/23,79,Closed
T039,23-24,12/18/23,79,Closed
T040,23-24,12/18/23,79,Closed
T042,23-24,12/18/23,79,Closed
T043,23-24,12/18/23,79,Closed
T044,23-24,12/18/23,79,Closed
T045,23-24,12/18/23,79,Closed
T046,23-24,12/18/23,79,Closed
T047,23-24,12/18/23,79,Closed
T048,23-24,12/18/23,79,Closed
T049,23-24,12/18/23,79,Closed
T050,23-24,12/18/23,79,Groomed
T051,23-24,12/18/23,79,Closed
T052,23-24,12/18/23,79,Closed
T053,23-24,12/18/23,79,Closed
T054,23-24,12/18/23,79,Closed
T055,23-24,12/18/23,79,Closed
T056,23-24,12/18/23,79,Closed
T057,23-24,12/18/23,79,Closed
T058,23-24,12/18/23,79,Closed
T061,23-24,12/18/23,79,Groomed
T062,23-24,12/18/23,79,Groomed
T063,23-24,12/18/23,79,Groomed
T064,23-24,12/18/23,79,Groomed
T065,23-24,12/18/23,79,Closed
T066,23-24,12/18/23,79,Closed
T067,23-24,12/18/23,79,Closed
T068,23-24,12/18/23,79,Closed
T069,23-24,12/18/23,79,Closed
T070,23-24,12/18/23,79,Closed
T071,23-24,12/18/23,79,Closed
T072,23-24,12/18/23,79,Closed
T073,23-24,12/18/23,79,Closed
T074,23-24,12/18/23,79,Closed
T075,23-24,12/18/23,79,Closed
T076,23-24,12/18/23,79,Closed
T077,23-24,12/18/23,79,Closed
T078,23-24,12/18/23,79,Closed
T079,23-24,12/18/23,79,Closed
T080,23-24,12/18/23,79,Closed
T081,23-24,12/18/23,79,Closed
T082,23-24,12/18/23,79,Closed
T083,23-24,12/18/23,79,Closed
T084,23-24,12/18/23,79,Closed
T085,23-24,12/18/23,79,Closed
T086,23-24,12/18/23,79,Closed
T087,23-24,12/18/23,79,Closed
T088,23-24,12/18/23,79,Closed
T089,23-24,12/18/23,79,Closed
T090,23-24,12/18/23,79,Closed
T091,23-24,12/18/23,79,Closed
T092,23-24,12/18/23,79,Closed
T107,23-24,12/18/23,79,Closed
T108,23-24,12/18/23,79,Closed
T109,23-24,12/18/23,79,Closed
T110,23-24,12/18/23,79,Closed
T111,23-24,12/18/23,79,Closed
T112,23-24,12/18/23,79,Closed
T113,23-24,12/18/23,79,Closed
T114,23-24,12/18/23,79,Closed
T115,23-24,12/18/23,79,Closed
T116,23-24,12/18/23,79,Closed
T117,23-24,12/18/23,79,Closed
T118,23-24,12/18/23,79,Closed
T119,23-24,12/18/23,79,Closed
T127,23-24,12/18/23,79,Closed
T128,23-24,12/18/23,79,Closed
T129,23-24,12/18/23,79,Closed
T130,23-24,12/18/23,79,Closed
T131,23-24,12/18/23,79,Closed
T132,23-24,12/18/23,79,Closed
T133,23-24,12/18/23,79,Closed
T136,23-24,12/18/23,79,Closed
T137,23-24,12/18/23,79,Closed
T148,23-24,12/18/23,79,Closed
T001,23-24,12/19/23,80,Groomed
T002,23-24,12/19/23,80,Groomed
T003,23-24,12/19/23,80,Groomed
T004,23-24,12/19/23,80,Closed
T005,23-24,12/19/23,80,Groomed
T006,23-24,12/19/23,80,Closed
T007,23-24,12/19/23,80,Groomed
T008,23-24,12/19/23,80,Groomed
T009,23-24,12/19/23,80,Groomed
T010,23-24,12/19/23,80,Closed
T011,23-24,12/19/23,80,Groomed
T012,23-24,12/19/23,80,Groomed
T013,23-24,12/19/23,80,Groomed
T014,23-24,12/19/23,80,Groomed
T015,23-24,12/19/23,80,Closed
T016,23-24,12/19/23,80,Closed
T017,23-24,12/19/23,80,Closed
T018,23-24,12/19/23,80,Closed
T019,23-24,12/19/23,80,Closed
T020,23-24,12/19/23,80,Closed
T021,23-24,12/19/23,80,Groomed
T022,23-24,12/19/23,80,Closed
T023,23-24,12/19/23,80,Closed
T024,23-24,12/19/23,80,Open
T025,23-24,12/19/23,80,Groomed
T026,23-24,12/19/23,80,Open
T027,23-24,12/19/23,80,Closed
T028,23-24,12/19/23,80,Groomed
T029,23-24,12/19/23,80,Closed
T030,23-24,12/19/23,80,Groomed
T031,23-24,12/19/23,80,Groomed
T032,23-24,12/19/23,80,Groomed
T033,23-24,12/19/23,80,Groomed
T034,23-24,12/19/23,80,Groomed
T035,23-24,12/19/23,80,Closed
T036,23-24,12/19/23,80,Groomed
T037,23-24,12/19/23,80,Closed
T038,23-24,12/19/23,80,Closed
T039,23-24,12/19/23,80,Closed
T040,23-24,12/19/23,80,Closed
T042,23-24,12/19/23,80,Closed
T043,23-24,12/19/23,80,Closed
T044,23-24,12/19/23,80,Closed
T045,23-24,12/19/23,80,Closed
T046,23-24,12/19/23,80,Closed
T047,23-24,12/19/23,80,Closed
T048,23-24,12/19/23,80,Closed
T049,23-24,12/19/23,80,Closed
T050,23-24,12/19/23,80,Groomed
T051,23-24,12/19/23,80,Closed
T052,23-24,12/19/23,80,Closed
T053,23-24,12/19/23,80,Closed
T054,23-24,12/19/23,80,Closed
T055,23-24,12/19/23,80,Closed
T056,23-24,12/19/23,80,Closed
T057,23-24,12/19/23,80,Closed
T058,23-24,12/19/23,80,Closed
T061,23-24,12/19/23,80,Groomed
T062,23-24,12/19/23,80,Groomed
T063,23-24,12/19/23,80,Groomed
T064,23-24,12/19/23,80,Groomed
T065,23-24,12/19/23,80,Closed
T066,23-24,12/19/23,80,Closed
T067,23-24,12/19/23,80,Closed
T068,23-24,12/19/23,80,Closed
T069,23-24,12/19/23,80,Closed
T070,23-24,12/19/23,80,Closed
T071,23-24,12/19/23,80,Closed
T072,23-24,12/19/23,80,Closed
T073,23-24,12/19/23,80,Closed
T074,23-24,12/19/23,80,Closed
T075,23-24,12/19/23,80,Closed
T076,23-24,12/19/23,80,Closed
T077,23-24,12/19/23,80,Closed
T078,23-24,12/19/23,80,Closed
T079,23-24,12/19/23,80,Closed
T080,23-24,12/19/23,80,Closed
T081,23-24,12/19/23,80,Closed
T082,23-24,12/19/23,80,Closed
T083,23-24,12/19/23,80,Closed
T084,23-24,12/19/23,80,Closed
T085,23-24,12/19/23,80,Closed
T086,23-24,12/19/23,80,Closed
T087,23-24,12/19/23,80,Closed
T088,23-24,12/19/23,80,Closed
T089,23-24,12/19/23,80,Closed
T090,23-24,12/19/23,80,Closed
T091,23-24,12/19/23,80,Closed
T092,23-24,12/19/23,80,Closed
T107,23-24,12/19/23,80,Closed
T108,23-24,12/19/23,80,Closed
T109,23-24,12/19/23,80,Closed
T110,23-24,12/19/23,80,Closed
T111,23-24,12/19/23,80,Closed
T112,23-24,12/19/23,80,Closed
T113,23-24,12/19/23,80,Closed
T114,23-24,12/19/23,80,Closed
T115,23-24,12/19/23,80,Closed
T116,23-24,12/19/23,80,Closed
T117,23-24,12/19/23,80,Closed
T118,23-24,12/19/23,80,Closed
T119,23-24,12/19/23,80,Closed
T127,23-24,12/19/23,80,Closed
T128,23-24,12/19/23,80,Closed
T129,23-24,12/19/23,80,Closed
T130,23-24,12/19/23,80,Closed
T131,23-24,12/19/23,80,Closed
T132,23-24,12/19/23,80,Closed
T133,23-24,12/19/23,80,Closed
T136,23-24,12/19/23,80,Closed
T137,23-24,12/19/23,80,Closed
T148,23-24,12/19/23,80,Closed
T001,23-24,12/20/23,81,Groomed
T002,23-24,12/20/23,81,Groomed
T003,23-24,12/20/23,81,Groomed
T004,23-24,12/20/23,81,Closed
T005,23-24,12/20/23,81,Groomed
T006,23-24,12/20/23,81,Closed
T007,23-24,12/20/23,81,Groomed
T008,23-24,12/20/23,81,Groomed
T009,23-24,12/20/23,81,Groomed
T010,23-24,12/20/23,81,Closed
T011,23-24,12/20/23,81,Groomed
T012,23-24,12/20/23,81,Groomed
T013,23-24,12/20/23,81,Groomed
T014,23-24,12/20/23,81,Groomed
T015,23-24,12/20/23,81,Closed
T016,23-24,12/20/23,81,Closed
T017,23-24,12/20/23,81,Closed
T018,23-24,12/20/23,81,Closed
T019,23-24,12/20/23,81,Closed
T020,23-24,12/20/23,81,Closed
T021,23-24,12/20/23,81,Groomed
T022,23-24,12/20/23,81,Closed
T023,23-24,12/20/23,81,Closed
T024,23-24,12/20/23,81,Open
T025,23-24,12/20/23,81,Groomed
T026,23-24,12/20/23,81,Open
T027,23-24,12/20/23,81,Closed
T028,23-24,12/20/23,81,Groomed
T029,23-24,12/20/23,81,Closed
T030,23-24,12/20/23,81,Groomed
T031,23-24,12/20/23,81,Groomed
T032,23-24,12/20/23,81,Groomed
T033,23-24,12/20/23,81,Groomed
T034,23-24,12/20/23,81,Groomed
T035,23-24,12/20/23,81,Closed
T036,23-24,12/20/23,81,Groomed
T037,23-24,12/20/23,81,Closed
T038,23-24,12/20/23,81,Closed
T039,23-24,12/20/23,81,Closed
T040,23-24,12/20/23,81,Closed
T042,23-24,12/20/23,81,Closed
T043,23-24,12/20/23,81,Closed
T044,23-24,12/20/23,81,Closed
T045,23-24,12/20/23,81,Closed
T046,23-24,12/20/23,81,Closed
T047,23-24,12/20/23,81,Closed
T048,23-24,12/20/23,81,Closed
T049,23-24,12/20/23,81,Closed
T050,23-24,12/20/23,81,Groomed
T051,23-24,12/20/23,81,Closed
T052,23-24,12/20/23,81,Closed
T053,23-24,12/20/23,81,Closed
T054,23-24,12/20/23,81,Closed
T055,23-24,12/20/23,81,Closed
T056,23-24,12/20/23,81,Closed
T057,23-24,12/20/23,81,Closed
T058,23-24,12/20/23,81,Closed
T061,23-24,12/20/23,81,Groomed
T062,23-24,12/20/23,81,Groomed
T063,23-24,12/20/23,81,Groomed
T064,23-24,12/20/23,81,Groomed
T065,23-24,12/20/23,81,Closed
T066,23-24,12/20/23,81,Closed
T067,23-24,12/20/23,81,Closed
T068,23-24,12/20/23,81,Closed
T069,23-24,12/20/23,81,Closed
T070,23-24,12/20/23,81,Closed
T071,23-24,12/20/23,81,Closed
T072,23-24,12/20/23,81,Closed
T073,23-24,12/20/23,81,Closed
T074,23-24,12/20/23,81,Closed
T075,23-24,12/20/23,81,Closed
T076,23-24,12/20/23,81,Closed
T077,23-24,12/20/23,81,Closed
T078,23-24,12/20/23,81,Closed
T079,23-24,12/20/23,81,Closed
T080,23-24,12/20/23,81,Closed
T081,23-24,12/20/23,81,Closed
T082,23-24,12/20/23,81,Closed
T083,23-24,12/20/23,81,Closed
T084,23-24,12/20/23,81,Closed
T085,23-24,12/20/23,81,Closed
T086,23-24,12/20/23,81,Closed
T087,23-24,12/20/23,81,Closed
T088,23-24,12/20/23,81,Closed
T089,23-24,12/20/23,81,Closed
T090,23-24,12/20/23,81,Closed
T091,23-24,12/20/23,81,Closed
T092,23-24,12/20/23,81,Closed
T107,23-24,12/20/23,81,Closed
T108,23-24,12/20/23,81,Closed
T109,23-24,12/20/23,81,Closed
T110,23-24,12/20/23,81,Closed
T111,23-24,12/20/23,81,Closed
T112,23-24,12/20/23,81,Closed
T113,23-24,12/20/23,81,Closed
T114,23-24,12/20/23,81,Closed
T115,23-24,12/20/23,81,Closed
T116,23-24,12/20/23,81,Closed
T117,23-24,12/20/23,81,Closed
T118,23-24,12/20/23,81,Closed
T119,23-24,12/20/23,81,Closed
T127,23-24,12/20/23,81,Closed
T128,23-24,12/20/23,81,Closed
T129,23-24,12/20/23,81,Closed
T130,23-24,12/20/23,81,Closed
T131,23-24,12/20/23,81,Closed
T132,23-24,12/20/23,81,Closed
T133,23-24,12/20/23,81,Closed
T136,23-24,12/20/23,81,Closed
T137,23-24,12/20/23,81,Closed
T148,23-24,12/20/23,81,Closed
T001,23-24,12/21/23,82,Groomed
T002,23-24,12/21/23,82,Groomed
T003,23-24,12/21/23,82,Groomed
T004,23-24,12/21/23,82,Closed
T005,23-24,12/21/23,82,Groomed
T006,23-24,12/21/23,82,Closed
T007,23-24,12/21/23,82,Groomed
T008,23-24,12/21/23,82,Groomed
T009,23-24,12/21/23,82,Groomed
T010,23-24,12/21/23,82,Closed
T011,23-24,12/21/23,82,Groomed
T012,23-24,12/21/23,82,Groomed
T013,23-24,12/21/23,82,Groomed
T014,23-24,12/21/23,82,Groomed
T015,23-24,12/21/23,82,Closed
T016,23-24,12/21/23,82,Closed
T017,23-24,12/21/23,82,Closed
T018,23-24,12/21/23,82,Closed
T019,23-24,12/21/23,82,Closed
T020,23-24,12/21/23,82,Closed
T021,23-24,12/21/23,82,Groomed
T022,23-24,12/21/23,82,Closed
T023,23-24,12/21/23,82,Closed
T024,23-24,12/21/23,82,Open
T025,23-24,12/21/23,82,Open
T026,23-24,12/21/23,82,Open
T027,23-24,12/21/23,82,Closed
T028,23-24,12/21/23,82,Groomed
T029,23-24,12/21/23,82,Closed
T030,23-24,12/21/23,82,Groomed
T031,23-24,12/21/23,82,Groomed
T032,23-24,12/21/23,82,Groomed
T033,23-24,12/21/23,82,Groomed
T034,23-24,12/21/23,82,Groomed
T035,23-24,12/21/23,82,Closed
T036,23-24,12/21/23,82,Groomed
T037,23-24,12/21/23,82,Closed
T038,23-24,12/21/23,82,Closed
T039,23-24,12/21/23,82,Closed
T040,23-24,12/21/23,82,Closed
T042,23-24,12/21/23,82,Closed
T043,23-24,12/21/23,82,Closed
T044,23-24,12/21/23,82,Closed
T045,23-24,12/21/23,82,Closed
T046,23-24,12/21/23,82,Closed
T047,23-24,12/21/23,82,Closed
T048,23-24,12/21/23,82,Closed
T049,23-24,12/21/23,82,Closed
T050,23-24,12/21/23,82,Groomed
T051,23-24,12/21/23,82,Closed
T052,23-24,12/21/23,82,Closed
T053,23-24,12/21/23,82,Closed
T054,23-24,12/21/23,82,Closed
T055,23-24,12/21/23,82,Closed
T056,23-24,12/21/23,82,Closed
T057,23-24,12/21/23,82,Closed
T058,23-24,12/21/23,82,Closed
T061,23-24,12/21/23,82,Groomed
T062,23-24,12/21/23,82,Groomed
T063,23-24,12/21/23,82,Groomed
T064,23-24,12/21/23,82,Open
T065,23-24,12/21/23,82,Closed
T066,23-24,12/21/23,82,Closed
T067,23-24,12/21/23,82,Closed
T068,23-24,12/21/23,82,Closed
T069,23-24,12/21/23,82,Closed
T070,23-24,12/21/23,82,Closed
T071,23-24,12/21/23,82,Closed
T072,23-24,12/21/23,82,Closed
T073,23-24,12/21/23,82,Closed
T074,23-24,12/21/23,82,Closed
T075,23-24,12/21/23,82,Closed
T076,23-24,12/21/23,82,Closed
T077,23-24,12/21/23,82,Closed
T078,23-24,12/21/23,82,Closed
T079,23-24,12/21/23,82,Closed
T080,23-24,12/21/23,82,Closed
T081,23-24,12/21/23,82,Closed
T082,23-24,12/21/23,82,Closed
T083,23-24,12/21/23,82,Closed
T084,23-24,12/21/23,82,Closed
T085,23-24,12/21/23,82,Closed
T086,23-24,12/21/23,82,Closed
T087,23-24,12/21/23,82,Closed
T088,23-24,12/21/23,82,Closed
T089,23-24,12/21/23,82,Closed
T090,23-24,12/21/23,82,Closed
T091,23-24,12/21/23,82,Closed
T092,23-24,12/21/23,82,Closed
T107,23-24,12/21/23,82,Closed
T108,23-24,12/21/23,82,Closed
T109,23-24,12/21/23,82,Closed
T110,23-24,12/21/23,82,Closed
T111,23-24,12/21/23,82,Closed
T112,23-24,12/21/23,82,Closed
T113,23-24,12/21/23,82,Closed
T114,23-24,12/21/23,82,Closed
T115,23-24,12/21/23,82,Closed
T116,23-24,12/21/23,82,Closed
T117,23-24,12/21/23,82,Closed
T118,23-24,12/21/23,82,Closed
T119,23-24,12/21/23,82,Closed
T127,23-24,12/21/23,82,Closed
T128,23-24,12/21/23,82,Closed
T129,23-24,12/21/23,82,Closed
T130,23-24,12/21/23,82,Closed
T131,23-24,12/21/23,82,Closed
T132,23-24,12/21/23,82,Closed
T133,23-24,12/21/23,82,Closed
T136,23-24,12/21/23,82,Closed
T137,23-24,12/21/23,82,Closed
T148,23-24,12/21/23,82,Closed
T001,23-24,12/22/23,83,Groomed
T002,23-24,12/22/23,83,Groomed
T003,23-24,12/22/23,83,Groomed
T004,23-24,12/22/23,83,Closed
T005,23-24,12/22/23,83,Groomed
T006,23-24,12/22/23,83,Closed
T007,23-24,12/22/23,83,Groomed
T008,23-24,12/22/23,83,Groomed
T009,23-24,12/22/23,83,Groomed
T010,23-24,12/22/23,83,Closed
T011,23-24,12/22/23,83,Groomed
T012,23-24,12/22/23,83,Groomed
T013,23-24,12/22/23,83,Groomed
T014,23-24,12/22/23,83,Groomed
T015,23-24,12/22/23,83,Closed
T016,23-24,12/22/23,83,Closed
T017,23-24,12/22/23,83,Closed
T018,23-24,12/22/23,83,Closed
T019,23-24,12/22/23,83,Closed
T020,23-24,12/22/23,83,Closed
T021,23-24,12/22/23,83,Groomed
T022,23-24,12/22/23,83,Closed
T023,23-24,12/22/23,83,Closed
T024,23-24,12/22/23,83,Open
T025,23-24,12/22/23,83,Open
T026,23-24,12/22/23,83,Open
T027,23-24,12/22/23,83,Closed
T028,23-24,12/22/23,83,Open
T029,23-24,12/22/23,83,Closed
T030,23-24,12/22/23,83,Open
T031,23-24,12/22/23,83,Groomed
T032,23-24,12/22/23,83,Groomed
T033,23-24,12/22/23,83,Groomed
T034,23-24,12/22/23,83,Groomed
T035,23-24,12/22/23,83,Closed
T036,23-24,12/22/23,83,Groomed
T037,23-24,12/22/23,83,Closed
T038,23-24,12/22/23,83,Closed
T039,23-24,12/22/23,83,Closed
T040,23-24,12/22/23,83,Closed
T042,23-24,12/22/23,83,Closed
T043,23-24,12/22/23,83,Closed
T044,23-24,12/22/23,83,Closed
T045,23-24,12/22/23,83,Closed
T046,23-24,12/22/23,83,Closed
T047,23-24,12/22/23,83,Closed
T048,23-24,12/22/23,83,Closed
T049,23-24,12/22/23,83,Closed
T050,23-24,12/22/23,83,Groomed
T051,23-24,12/22/23,83,Closed
T052,23-24,12/22/23,83,Closed
T053,23-24,12/22/23,83,Closed
T054,23-24,12/22/23,83,Closed
T055,23-24,12/22/23,83,Closed
T056,23-24,12/22/23,83,Closed
T057,23-24,12/22/23,83,Closed
T058,23-24,12/22/23,83,Closed
T061,23-24,12/22/23,83,Groomed
T062,23-24,12/22/23,83,Groomed
T063,23-24,12/22/23,83,Groomed
T064,23-24,12/22/23,83,Groomed
T065,23-24,12/22/23,83,Closed
T066,23-24,12/22/23,83,Closed
T067,23-24,12/22/23,83,Closed
T068,23-24,12/22/23,83,Closed
T069,23-24,12/22/23,83,Closed
T070,23-24,12/22/23,83,Closed
T071,23-24,12/22/23,83,Closed
T072,23-24,12/22/23,83,Closed
T073,23-24,12/22/23,83,Closed
T074,23-24,12/22/23,83,Closed
T075,23-24,12/22/23,83,Closed
T076,23-24,12/22/23,83,Closed
T077,23-24,12/22/23,83,Groomed
T078,23-24,12/22/23,83,Closed
T079,23-24,12/22/23,83,Closed
T080,23-24,12/22/23,83,Closed
T081,23-24,12/22/23,83,Open
T082,23-24,12/22/23,83,Closed
T083,23-24,12/22/23,83,Closed
T084,23-24,12/22/23,83,Open
T085,23-24,12/22/23,83,Closed
T086,23-24,12/22/23,83,Open
T087,23-24,12/22/23,83,Open
T088,23-24,12/22/23,83,Closed
T089,23-24,12/22/23,83,Open
T090,23-24,12/22/23,83,Open
T091,23-24,12/22/23,83,Closed
T092,23-24,12/22/23,83,Closed
T107,23-24,12/22/23,83,Closed
T108,23-24,12/22/23,83,Closed
T109,23-24,12/22/23,83,Closed
T110,23-24,12/22/23,83,Closed
T111,23-24,12/22/23,83,Closed
T112,23-24,12/22/23,83,Closed
T113,23-24,12/22/23,83,Closed
T114,23-24,12/22/23,83,Closed
T115,23-24,12/22/23,83,Closed
T116,23-24,12/22/23,83,Closed
T117,23-24,12/22/23,83,Closed
T118,23-24,12/22/23,83,Closed
T119,23-24,12/22/23,83,Closed
T127,23-24,12/22/23,83,Closed
T128,23-24,12/22/23,83,Closed
T129,23-24,12/22/23,83,Closed
T130,23-24,12/22/23,83,Closed
T131,23-24,12/22/23,83,Closed
T132,23-24,12/22/23,83,Closed
T133,23-24,12/22/23,83,Closed
T136,23-24,12/22/23,83,Open
T137,23-24,12/22/23,83,Closed
T148,23-24,12/22/23,83,Closed
T001,23-24,12/23/23,84,Groomed
T002,23-24,12/23/23,84,Groomed
T003,23-24,12/23/23,84,Groomed
T004,23-24,12/23/23,84,Closed
T005,23-24,12/23/23,84,Groomed
T006,23-24,12/23/23,84,Closed
T007,23-24,12/23/23,84,Groomed
T008,23-24,12/23/23,84,Groomed
T009,23-24,12/23/23,84,Groomed
T010,23-24,12/23/23,84,Closed
T011,23-24,12/23/23,84,Groomed
T012,23-24,12/23/23,84,Groomed
T013,23-24,12/23/23,84,Groomed
T014,23-24,12/23/23,84,Groomed
T015,23-24,12/23/23,84,Closed
T016,23-24,12/23/23,84,Closed
T017,23-24,12/23/23,84,Closed
T018,23-24,12/23/23,84,Closed
T019,23-24,12/23/23,84,Closed
T020,23-24,12/23/23,84,Closed
T021,23-24,12/23/23,84,Groomed
T022,23-24,12/23/23,84,Closed
T023,23-24,12/23/23,84,Closed
T024,23-24,12/23/23,84,Open
T025,23-24,12/23/23,84,Groomed
T026,23-24,12/23/23,84,Open
T027,23-24,12/23/23,84,Closed
T028,23-24,12/23/23,84,Groomed
T029,23-24,12/23/23,84,Closed
T030,23-24,12/23/23,84,Groomed
T031,23-24,12/23/23,84,Groomed
T032,23-24,12/23/23,84,Groomed
T033,23-24,12/23/23,84,Groomed
T034,23-24,12/23/23,84,Groomed
T035,23-24,12/23/23,84,Closed
T036,23-24,12/23/23,84,Groomed
T037,23-24,12/23/23,84,Closed
T038,23-24,12/23/23,84,Closed
T039,23-24,12/23/23,84,Closed
T040,23-24,12/23/23,84,Closed
T042,23-24,12/23/23,84,Closed
T043,23-24,12/23/23,84,Closed
T044,23-24,12/23/23,84,Closed
T045,23-24,12/23/23,84,Closed
T046,23-24,12/23/23,84,Closed
T047,23-24,12/23/23,84,Closed
T048,23-24,12/23/23,84,Closed
T049,23-24,12/23/23,84,Closed
T050,23-24,12/23/23,84,Groomed
T051,23-24,12/23/23,84,Open
T052,23-24,12/23/23,84,Closed
T053,23-24,12/23/23,84,Closed
T054,23-24,12/23/23,84,Closed
T055,23-24,12/23/23,84,Closed
T056,23-24,12/23/23,84,Closed
T057,23-24,12/23/23,84,Closed
T058,23-24,12/23/23,84,Closed
T061,23-24,12/23/23,84,Groomed
T062,23-24,12/23/23,84,Groomed
T063,23-24,12/23/23,84,Groomed
T064,23-24,12/23/23,84,Groomed
T065,23-24,12/23/23,84,Closed
T066,23-24,12/23/23,84,Closed
T067,23-24,12/23/23,84,Closed
T068,23-24,12/23/23,84,Closed
T069,23-24,12/23/23,84,Closed
T070,23-24,12/23/23,84,Closed
T071,23-24,12/23/23,84,Closed
T072,23-24,12/23/23,84,Closed
T073,23-24,12/23/23,84,Closed
T074,23-24,12/23/23,84,Closed
T075,23-24,12/23/23,84,Closed
T076,23-24,12/23/23,84,Closed
T077,23-24,12/23/23,84,Groomed
T078,23-24,12/23/23,84,Closed
T079,23-24,12/23/23,84,Closed
T080,23-24,12/23/23,84,Closed
T081,23-24,12/23/23,84,Open
T082,23-24,12/23/23,84,Closed
T083,23-24,12/23/23,84,Closed
T084,23-24,12/23/23,84,Open
T085,23-24,12/23/23,84,Closed
T086,23-24,12/23/23,84,Open
T087,23-24,12/23/23,84,Open
T088,23-24,12/23/23,84,Closed
T089,23-24,12/23/23,84,Open
T090,23-24,12/23/23,84,Open
T091,23-24,12/23/23,84,Closed
T092,23-24,12/23/23,84,Closed
T107,23-24,12/23/23,84,Closed
T108,23-24,12/23/23,84,Closed
T109,23-24,12/23/23,84,Closed
T110,23-24,12/23/23,84,Closed
T111,23-24,12/23/23,84,Closed
T112,23-24,12/23/23,84,Closed
T113,23-24,12/23/23,84,Closed
T114,23-24,12/23/23,84,Closed
T115,23-24,12/23/23,84,Closed
T116,23-24,12/23/23,84,Closed
T117,23-24,12/23/23,84,Closed
T118,23-24,12/23/23,84,Closed
T119,23-24,12/23/23,84,Closed
T127,23-24,12/23/23,84,Closed
T128,23-24,12/23/23,84,Closed
T129,23-24,12/23/23,84,Closed
T130,23-24,12/23/23,84,Closed
T131,23-24,12/23/23,84,Closed
T132,23-24,12/23/23,84,Closed
T133,23-24,12/23/23,84,Closed
T136,23-24,12/23/23,84,Open
T137,23-24,12/23/23,84,Closed
T148,23-24,12/23/23,84,Closed
T001,23-24,12/24/23,85,Groomed
T002,23-24,12/24/23,85,Groomed
T003,23-24,12/24/23,85,Groomed
T004,23-24,12/24/23,85,Closed
T005,23-24,12/24/23,85,Groomed
T006,23-24,12/24/23,85,Closed
T007,23-24,12/24/23,85,Groomed
T008,23-24,12/24/23,85,Groomed
T009,23-24,12/24/23,85,Groomed
T010,23-24,12/24/23,85,Closed
T011,23-24,12/24/23,85,Groomed
T012,23-24,12/24/23,85,Groomed
T013,23-24,12/24/23,85,Groomed
T014,23-24,12/24/23,85,Groomed
T015,23-24,12/24/23,85,Closed
T016,23-24,12/24/23,85,Closed
T017,23-24,12/24/23,85,Closed
T018,23-24,12/24/23,85,Closed
T019,23-24,12/24/23,85,Closed
T020,23-24,12/24/23,85,Closed
T021,23-24,12/24/23,85,Groomed
T022,23-24,12/24/23,85,Closed
T023,23-24,12/24/23,85,Closed
T024,23-24,12/24/23,85,Open
T025,23-24,12/24/23,85,Groomed
T026,23-24,12/24/23,85,Open
T027,23-24,12/24/23,85,Closed
T028,23-24,12/24/23,85,Groomed
T029,23-24,12/24/23,85,Closed
T030,23-24,12/24/23,85,Groomed
T031,23-24,12/24/23,85,Groomed
T032,23-24,12/24/23,85,Groomed
T033,23-24,12/24/23,85,Groomed
T034,23-24,12/24/23,85,Groomed
T035,23-24,12/24/23,85,Closed
T036,23-24,12/24/23,85,Groomed
T037,23-24,12/24/23,85,Closed
T038,23-24,12/24/23,85,Closed
T039,23-24,12/24/23,85,Closed
T040,23-24,12/24/23,85,Closed
T042,23-24,12/24/23,85,Closed
T043,23-24,12/24/23,85,Closed
T044,23-24,12/24/23,85,Closed
T045,23-24,12/24/23,85,Closed
T046,23-24,12/24/23,85,Closed
T047,23-24,12/24/23,85,Closed
T048,23-24,12/24/23,85,Closed
T049,23-24,12/24/23,85,Closed
T050,23-24,12/24/23,85,Groomed
T051,23-24,12/24/23,85,Open
T052,23-24,12/24/23,85,Closed
T053,23-24,12/24/23,85,Closed
T054,23-24,12/24/23,85,Closed
T055,23-24,12/24/23,85,Closed
T056,23-24,12/24/23,85,Closed
T057,23-24,12/24/23,85,Closed
T058,23-24,12/24/23,85,Closed
T061,23-24,12/24/23,85,Groomed
T062,23-24,12/24/23,85,Groomed
T063,23-24,12/24/23,85,Groomed
T064,23-24,12/24/23,85,Groomed
T065,23-24,12/24/23,85,Closed
T066,23-24,12/24/23,85,Closed
T067,23-24,12/24/23,85,Closed
T068,23-24,12/24/23,85,Closed
T069,23-24,12/24/23,85,Closed
T070,23-24,12/24/23,85,Closed
T071,23-24,12/24/23,85,Closed
T072,23-24,12/24/23,85,Closed
T073,23-24,12/24/23,85,Closed
T074,23-24,12/24/23,85,Closed
T075,23-24,12/24/23,85,Closed
T076,23-24,12/24/23,85,Closed
T077,23-24,12/24/23,85,Groomed
T078,23-24,12/24/23,85,Closed
T079,23-24,12/24/23,85,Closed
T080,23-24,12/24/23,85,Closed
T081,23-24,12/24/23,85,Open
T082,23-24,12/24/23,85,Closed
T083,23-24,12/24/23,85,Closed
T084,23-24,12/24/23,85,Open
T085,23-24,12/24/23,85,Closed
T086,23-24,12/24/23,85,Open
T087,23-24,12/24/23,85,Open
T088,23-24,12/24/23,85,Closed
T089,23-24,12/24/23,85,Open
T090,23-24,12/24/23,85,Open
T091,23-24,12/24/23,85,Closed
T092,23-24,12/24/23,85,Closed
T107,23-24,12/24/23,85,Closed
T108,23-24,12/24/23,85,Closed
T109,23-24,12/24/23,85,Closed
T110,23-24,12/24/23,85,Closed
T111,23-24,12/24/23,85,Closed
T112,23-24,12/24/23,85,Closed
T113,23-24,12/24/23,85,Closed
T114,23-24,12/24/23,85,Closed
T115,23-24,12/24/23,85,Closed
T116,23-24,12/24/23,85,Closed
T117,23-24,12/24/23,85,Closed
T118,23-24,12/24/23,85,Closed
T119,23-24,12/24/23,85,Closed
T127,23-24,12/24/23,85,Closed
T128,23-24,12/24/23,85,Closed
T129,23-24,12/24/23,85,Closed
T130,23-24,12/24/23,85,Closed
T131,23-24,12/24/23,85,Closed
T132,23-24,12/24/23,85,Closed
T133,23-24,12/24/23,85,Closed
T136,23-24,12/24/23,85,Open
T137,23-24,12/24/23,85,Closed
T148,23-24,12/24/23,85,Closed
T001,23-24,12/25/23,86,Groomed
T002,23-24,12/25/23,86,Groomed
T003,23-24,12/25/23,86,Groomed
T004,23-24,12/25/23,86,Closed
T005,23-24,12/25/23,86,Groomed
T006,23-24,12/25/23,86,Closed
T007,23-24,12/25/23,86,Groomed
T008,23-24,12/25/23,86,Groomed
T009,23-24,12/25/23,86,Groomed
T010,23-24,12/25/23,86,Closed
T011,23-24,12/25/23,86,Groomed
T012,23-24,12/25/23,86,Groomed
T013,23-24,12/25/23,86,Groomed
T014,23-24,12/25/23,86,Groomed
T015,23-24,12/25/23,86,Closed
T016,23-24,12/25/23,86,Open
T017,23-24,12/25/23,86,Closed
T018,23-24,12/25/23,86,Closed
T019,23-24,12/25/23,86,Closed
T020,23-24,12/25/23,86,Closed
T021,23-24,12/25/23,86,Groomed
T022,23-24,12/25/23,86,Closed
T023,23-24,12/25/23,86,Open
T024,23-24,12/25/23,86,Open
T025,23-24,12/25/23,86,Groomed
T026,23-24,12/25/23,86,Open
T027,23-24,12/25/23,86,Closed
T028,23-24,12/25/23,86,Groomed
T029,23-24,12/25/23,86,Closed
T030,23-24,12/25/23,86,Groomed
T031,23-24,12/25/23,86,Groomed
T032,23-24,12/25/23,86,Groomed
T033,23-24,12/25/23,86,Groomed
T034,23-24,12/25/23,86,Groomed
T035,23-24,12/25/23,86,Open
T036,23-24,12/25/23,86,Groomed
T037,23-24,12/25/23,86,Open
T038,23-24,12/25/23,86,Closed
T039,23-24,12/25/23,86,Open
T040,23-24,12/25/23,86,Closed
T042,23-24,12/25/23,86,Closed
T043,23-24,12/25/23,86,Closed
T044,23-24,12/25/23,86,Closed
T045,23-24,12/25/23,86,Closed
T046,23-24,12/25/23,86,Closed
T047,23-24,12/25/23,86,Closed
T048,23-24,12/25/23,86,Closed
T049,23-24,12/25/23,86,Closed
T050,23-24,12/25/23,86,Groomed
T051,23-24,12/25/23,86,Open
T052,23-24,12/25/23,86,Closed
T053,23-24,12/25/23,86,Closed
T054,23-24,12/25/23,86,Closed
T055,23-24,12/25/23,86,Closed
T056,23-24,12/25/23,86,Closed
T057,23-24,12/25/23,86,Closed
T058,23-24,12/25/23,86,Closed
T061,23-24,12/25/23,86,Groomed
T062,23-24,12/25/23,86,Groomed
T063,23-24,12/25/23,86,Groomed
T064,23-24,12/25/23,86,Groomed
T065,23-24,12/25/23,86,Closed
T066,23-24,12/25/23,86,Closed
T067,23-24,12/25/23,86,Closed
T068,23-24,12/25/23,86,Open
T069,23-24,12/25/23,86,Closed
T070,23-24,12/25/23,86,Open
T071,23-24,12/25/23,86,Closed
T072,23-24,12/25/23,86,Closed
T073,23-24,12/25/23,86,Closed
T074,23-24,12/25/23,86,Closed
T075,23-24,12/25/23,86,Closed
T076,23-24,12/25/23,86,Open
T077,23-24,12/25/23,86,Groomed
T078,23-24,12/25/23,86,Closed
T079,23-24,12/25/23,86,Open
T080,23-24,12/25/23,86,Open
T081,23-24,12/25/23,86,Open
T082,23-24,12/25/23,86,Closed
T083,23-24,12/25/23,86,Closed
T084,23-24,12/25/23,86,Open
T085,23-24,12/25/23,86,Closed
T086,23-24,12/25/23,86,Open
T087,23-24,12/25/23,86,Open
T088,23-24,12/25/23,86,Closed
T089,23-24,12/25/23,86,Open
T090,23-24,12/25/23,86,Open
T091,23-24,12/25/23,86,Closed
T092,23-24,12/25/23,86,Closed
T107,23-24,12/25/23,86,Closed
T108,23-24,12/25/23,86,Closed
T109,23-24,12/25/23,86,Closed
T110,23-24,12/25/23,86,Closed
T111,23-24,12/25/23,86,Closed
T112,23-24,12/25/23,86,Closed
T113,23-24,12/25/23,86,Closed
T114,23-24,12/25/23,86,Closed
T115,23-24,12/25/23,86,Closed
T116,23-24,12/25/23,86,Closed
T117,23-24,12/25/23,86,Closed
T118,23-24,12/25/23,86,Closed
T119,23-24,12/25/23,86,Closed
T127,23-24,12/25/23,86,Closed
T128,23-24,12/25/23,86,Closed
T129,23-24,12/25/23,86,Closed
T130,23-24,12/25/23,86,Closed
T131,23-24,12/25/23,86,Closed
T132,23-24,12/25/23,86,Closed
T133,23-24,12/25/23,86,Closed
T136,23-24,12/25/23,86,Open
T137,23-24,12/25/23,86,Closed
T148,23-24,12/25/23,86,Closed
T001,23-24,12/26/23,87,Groomed
T002,23-24,12/26/23,87,Groomed
T003,23-24,12/26/23,87,Groomed
T004,23-24,12/26/23,87,Closed
T005,23-24,12/26/23,87,Groomed
T006,23-24,12/26/23,87,Closed
T007,23-24,12/26/23,87,Groomed
T008,23-24,12/26/23,87,Groomed
T009,23-24,12/26/23,87,Groomed
T010,23-24,12/26/23,87,Closed
T011,23-24,12/26/23,87,Groomed
T012,23-24,12/26/23,87,Groomed
T013,23-24,12/26/23,87,Groomed
T014,23-24,12/26/23,87,Groomed
T015,23-24,12/26/23,87,Closed
T016,23-24,12/26/23,87,Open
T017,23-24,12/26/23,87,Closed
T018,23-24,12/26/23,87,Closed
T019,23-24,12/26/23,87,Closed
T020,23-24,12/26/23,87,Closed
T021,23-24,12/26/23,87,Groomed
T022,23-24,12/26/23,87,Closed
T023,23-24,12/26/23,87,Open
T024,23-24,12/26/23,87,Open
T025,23-24,12/26/23,87,Groomed
T026,23-24,12/26/23,87,Open
T027,23-24,12/26/23,87,Closed
T028,23-24,12/26/23,87,Groomed
T029,23-24,12/26/23,87,Closed
T030,23-24,12/26/23,87,Groomed
T031,23-24,12/26/23,87,Groomed
T032,23-24,12/26/23,87,Groomed
T033,23-24,12/26/23,87,Groomed
T034,23-24,12/26/23,87,Groomed
T035,23-24,12/26/23,87,Open
T036,23-24,12/26/23,87,Groomed
T037,23-24,12/26/23,87,Open
T038,23-24,12/26/23,87,Closed
T039,23-24,12/26/23,87,Open
T040,23-24,12/26/23,87,Closed
T042,23-24,12/26/23,87,Closed
T043,23-24,12/26/23,87,Closed
T044,23-24,12/26/23,87,Closed
T045,23-24,12/26/23,87,Closed
T046,23-24,12/26/23,87,Closed
T047,23-24,12/26/23,87,Closed
T048,23-24,12/26/23,87,Closed
T049,23-24,12/26/23,87,Closed
T050,23-24,12/26/23,87,Groomed
T051,23-24,12/26/23,87,Open
T052,23-24,12/26/23,87,Closed
T053,23-24,12/26/23,87,Closed
T054,23-24,12/26/23,87,Closed
T055,23-24,12/26/23,87,Closed
T056,23-24,12/26/23,87,Closed
T057,23-24,12/26/23,87,Closed
T058,23-24,12/26/23,87,Closed
T061,23-24,12/26/23,87,Groomed
T062,23-24,12/26/23,87,Groomed
T063,23-24,12/26/23,87,Groomed
T064,23-24,12/26/23,87,Groomed
T065,23-24,12/26/23,87,Closed
T066,23-24,12/26/23,87,Closed
T067,23-24,12/26/23,87,Closed
T068,23-24,12/26/23,87,Open
T069,23-24,12/26/23,87,Closed
T070,23-24,12/26/23,87,Open
T071,23-24,12/26/23,87,Closed
T072,23-24,12/26/23,87,Closed
T073,23-24,12/26/23,87,Closed
T074,23-24,12/26/23,87,Closed
T075,23-24,12/26/23,87,Closed
T076,23-24,12/26/23,87,Open
T077,23-24,12/26/23,87,Groomed
T078,23-24,12/26/23,87,Closed
T079,23-24,12/26/23,87,Open
T080,23-24,12/26/23,87,Open
T081,23-24,12/26/23,87,Open
T082,23-24,12/26/23,87,Closed
T083,23-24,12/26/23,87,Closed
T084,23-24,12/26/23,87,Open
T085,23-24,12/26/23,87,Closed
T086,23-24,12/26/23,87,Open
T087,23-24,12/26/23,87,Open
T088,23-24,12/26/23,87,Closed
T089,23-24,12/26/23,87,Open
T090,23-24,12/26/23,87,Open
T091,23-24,12/26/23,87,Closed
T092,23-24,12/26/23,87,Closed
T107,23-24,12/26/23,87,Closed
T108,23-24,12/26/23,87,Closed
T109,23-24,12/26/23,87,Closed
T110,23-24,12/26/23,87,Closed
T111,23-24,12/26/23,87,Closed
T112,23-24,12/26/23,87,Closed
T113,23-24,12/26/23,87,Closed
T114,23-24,12/26/23,87,Closed
T115,23-24,12/26/23,87,Closed
T116,23-24,12/26/23,87,Closed
T117,23-24,12/26/23,87,Closed
T118,23-24,12/26/23,87,Closed
T119,23-24,12/26/23,87,Closed
T127,23-24,12/26/23,87,Closed
T128,23-24,12/26/23,87,Closed
T129,23-24,12/26/23,87,Closed
T130,23-24,12/26/23,87,Closed
T131,23-24,12/26/23,87,Closed
T132,23-24,12/26/23,87,Closed
T133,23-24,12/26/23,87,Closed
T136,23-24,12/26/23,87,Open
T137,23-24,12/26/23,87,Closed
T148,23-24,12/26/23,87,Closed
T001,23-24,12/27/23,88,Groomed
T002,23-24,12/27/23,88,Groomed
T003,23-24,12/27/23,88,Groomed
T004,23-24,12/27/23,88,Closed
T005,23-24,12/27/23,88,Groomed
T006,23-24,12/27/23,88,Closed
T007,23-24,12/27/23,88,Groomed
T008,23-24,12/27/23,88,Groomed
T009,23-24,12/27/23,88,Groomed
T010,23-24,12/27/23,88,Closed
T011,23-24,12/27/23,88,Groomed
T012,23-24,12/27/23,88,Groomed
T013,23-24,12/27/23,88,Groomed
T014,23-24,12/27/23,88,Groomed
T015,23-24,12/27/23,88,Closed
T016,23-24,12/27/23,88,Open
T017,23-24,12/27/23,88,Closed
T018,23-24,12/27/23,88,Closed
T019,23-24,12/27/23,88,Closed
T020,23-24,12/27/23,88,Closed
T021,23-24,12/27/23,88,Groomed
T022,23-24,12/27/23,88,Closed
T023,23-24,12/27/23,88,Open
T024,23-24,12/27/23,88,Closed
T025,23-24,12/27/23,88,Groomed
T026,23-24,12/27/23,88,Open
T027,23-24,12/27/23,88,Closed
T028,23-24,12/27/23,88,Groomed
T029,23-24,12/27/23,88,Closed
T030,23-24,12/27/23,88,Groomed
T031,23-24,12/27/23,88,Groomed
T032,23-24,12/27/23,88,Groomed
T033,23-24,12/27/23,88,Groomed
T034,23-24,12/27/23,88,Groomed
T035,23-24,12/27/23,88,Open
T036,23-24,12/27/23,88,Groomed
T037,23-24,12/27/23,88,Open
T038,23-24,12/27/23,88,Closed
T039,23-24,12/27/23,88,Open
T040,23-24,12/27/23,88,Closed
T042,23-24,12/27/23,88,Closed
T043,23-24,12/27/23,88,Closed
T044,23-24,12/27/23,88,Closed
T045,23-24,12/27/23,88,Closed
T046,23-24,12/27/23,88,Closed
T047,23-24,12/27/23,88,Closed
T048,23-24,12/27/23,88,Closed
T049,23-24,12/27/23,88,Closed
T050,23-24,12/27/23,88,Groomed
T051,23-24,12/27/23,88,Open
T052,23-24,12/27/23,88,Closed
T053,23-24,12/27/23,88,Closed
T054,23-24,12/27/23,88,Closed
T055,23-24,12/27/23,88,Closed
T056,23-24,12/27/23,88,Closed
T057,23-24,12/27/23,88,Closed
T058,23-24,12/27/23,88,Closed
T061,23-24,12/27/23,88,Groomed
T062,23-24,12/27/23,88,Groomed
T063,23-24,12/27/23,88,Groomed
T064,23-24,12/27/23,88,Groomed
T065,23-24,12/27/23,88,Closed
T066,23-24,12/27/23,88,Closed
T067,23-24,12/27/23,88,Closed
T068,23-24,12/27/23,88,Open
T069,23-24,12/27/23,88,Closed
T070,23-24,12/27/23,88,Open
T071,23-24,12/27/23,88,Closed
T072,23-24,12/27/23,88,Closed
T073,23-24,12/27/23,88,Closed
T074,23-24,12/27/23,88,Closed
T075,23-24,12/27/23,88,Closed
T076,23-24,12/27/23,88,Open
T077,23-24,12/27/23,88,Groomed
T078,23-24,12/27/23,88,Closed
T079,23-24,12/27/23,88,Open
T080,23-24,12/27/23,88,Open
T081,23-24,12/27/23,88,Open
T082,23-24,12/27/23,88,Closed
T083,23-24,12/27/23,88,Closed
T084,23-24,12/27/23,88,Open
T085,23-24,12/27/23,88,Closed
T086,23-24,12/27/23,88,Open
T087,23-24,12/27/23,88,Open
T088,23-24,12/27/23,88,Closed
T089,23-24,12/27/23,88,Open
T090,23-24,12/27/23,88,Open
T091,23-24,12/27/23,88,Closed
T092,23-24,12/27/23,88,Closed
T107,23-24,12/27/23,88,Closed
T108,23-24,12/27/23,88,Closed
T109,23-24,12/27/23,88,Closed
T110,23-24,12/27/23,88,Closed
T111,23-24,12/27/23,88,Closed
T112,23-24,12/27/23,88,Closed
T113,23-24,12/27/23,88,Closed
T114,23-24,12/27/23,88,Closed
T115,23-24,12/27/23,88,Closed
T116,23-24,12/27/23,88,Closed
T117,23-24,12/27/23,88,Closed
T118,23-24,12/27/23,88,Closed
T119,23-24,12/27/23,88,Closed
T127,23-24,12/27/23,88,Closed
T128,23-24,12/27/23,88,Closed
T129,23-24,12/27/23,88,Closed
T130,23-24,12/27/23,88,Closed
T131,23-24,12/27/23,88,Closed
T132,23-24,12/27/23,88,Closed
T133,23-24,12/27/23,88,Closed
T136,23-24,12/27/23,88,Open
T137,23-24,12/27/23,88,Closed
T148,23-24,12/27/23,88,Closed
T001,23-24,12/28/23,89,Groomed
T002,23-24,12/28/23,89,Groomed
T003,23-24,12/28/23,89,Groomed
T004,23-24,12/28/23,89,Closed
T005,23-24,12/28/23,89,Groomed
T006,23-24,12/28/23,89,Closed
T007,23-24,12/28/23,89,Groomed
T008,23-24,12/28/23,89,Groomed
T009,23-24,12/28/23,89,Groomed
T010,23-24,12/28/23,89,Closed
T011,23-24,12/28/23,89,Groomed
T012,23-24,12/28/23,89,Groomed
T013,23-24,12/28/23,89,Groomed
T014,23-24,12/28/23,89,Groomed
T015,23-24,12/28/23,89,Closed
T016,23-24,12/28/23,89,Open
T017,23-24,12/28/23,89,Closed
T018,23-24,12/28/23,89,Closed
T019,23-24,12/28/23,89,Closed
T020,23-24,12/28/23,89,Closed
T021,23-24,12/28/23,89,Groomed
T022,23-24,12/28/23,89,Closed
T023,23-24,12/28/23,89,Open
T024,23-24,12/28/23,89,Closed
T025,23-24,12/28/23,89,Groomed
T026,23-24,12/28/23,89,Open
T027,23-24,12/28/23,89,Closed
T028,23-24,12/28/23,89,Open
T029,23-24,12/28/23,89,Closed
T030,23-24,12/28/23,89,Open
T031,23-24,12/28/23,89,Groomed
T032,23-24,12/28/23,89,Groomed
T033,23-24,12/28/23,89,Groomed
T034,23-24,12/28/23,89,Groomed
T035,23-24,12/28/23,89,Open
T036,23-24,12/28/23,89,Groomed
T037,23-24,12/28/23,89,Open
T038,23-24,12/28/23,89,Closed
T039,23-24,12/28/23,89,Open
T040,23-24,12/28/23,89,Closed
T042,23-24,12/28/23,89,Closed
T043,23-24,12/28/23,89,Closed
T044,23-24,12/28/23,89,Closed
T045,23-24,12/28/23,89,Open
T046,23-24,12/28/23,89,Closed
T047,23-24,12/28/23,89,Closed
T048,23-24,12/28/23,89,Closed
T049,23-24,12/28/23,89,Closed
T050,23-24,12/28/23,89,Groomed
T051,23-24,12/28/23,89,Open
T052,23-24,12/28/23,89,Closed
T053,23-24,12/28/23,89,Closed
T054,23-24,12/28/23,89,Closed
T055,23-24,12/28/23,89,Closed
T056,23-24,12/28/23,89,Closed
T057,23-24,12/28/23,89,Closed
T058,23-24,12/28/23,89,Closed
T061,23-24,12/28/23,89,Groomed
T062,23-24,12/28/23,89,Groomed
T063,23-24,12/28/23,89,Groomed
T064,23-24,12/28/23,89,Groomed
T065,23-24,12/28/23,89,Closed
T066,23-24,12/28/23,89,Closed
T067,23-24,12/28/23,89,Closed
T068,23-24,12/28/23,89,Open
T069,23-24,12/28/23,89,Closed
T070,23-24,12/28/23,89,Open
T071,23-24,12/28/23,89,Closed
T072,23-24,12/28/23,89,Closed
T073,23-24,12/28/23,89,Closed
T074,23-24,12/28/23,89,Closed
T075,23-24,12/28/23,89,Closed
T076,23-24,12/28/23,89,Open
T077,23-24,12/28/23,89,Groomed
T078,23-24,12/28/23,89,Closed
T079,23-24,12/28/23,89,Open
T080,23-24,12/28/23,89,Open
T081,23-24,12/28/23,89,Open
T082,23-24,12/28/23,89,Closed
T083,23-24,12/28/23,89,Closed
T084,23-24,12/28/23,89,Open
T085,23-24,12/28/23,89,Closed
T086,23-24,12/28/23,89,Open
T087,23-24,12/28/23,89,Open
T088,23-24,12/28/23,89,Closed
T089,23-24,12/28/23,89,Open
T090,23-24,12/28/23,89,Open
T091,23-24,12/28/23,89,Closed
T092,23-24,12/28/23,89,Closed
T107,23-24,12/28/23,89,Closed
T108,23-24,12/28/23,89,Closed
T109,23-24,12/28/23,89,Closed
T110,23-24,12/28/23,89,Closed
T111,23-24,12/28/23,89,Closed
T112,23-24,12/28/23,89,Closed
T113,23-24,12/28/23,89,Closed
T114,23-24,12/28/23,89,Closed
T115,23-24,12/28/23,89,Closed
T116,23-24,12/28/23,89,Closed
T117,23-24,12/28/23,89,Closed
T118,23-24,12/28/23,89,Closed
T119,23-24,12/28/23,89,Closed
T127,23-24,12/28/23,89,Closed
T128,23-24,12/28/23,89,Closed
T129,23-24,12/28/23,89,Closed
T130,23-24,12/28/23,89,Closed
T131,23-24,12/28/23,89,Closed
T132,23-24,12/28/23,89,Closed
T133,23-24,12/28/23,89,Closed
T136,23-24,12/28/23,89,Open
T137,23-24,12/28/23,89,Closed
T148,23-24,12/28/23,89,Closed
T001,23-24,12/29/23,90,Groomed
T002,23-24,12/29/23,90,Groomed
T003,23-24,12/29/23,90,Groomed
T004,23-24,12/29/23,90,Groomed
T005,23-24,12/29/23,90,Groomed
T006,23-24,12/29/23,90,Closed
T007,23-24,12/29/23,90,Groomed
T008,23-24,12/29/23,90,Groomed
T009,23-24,12/29/23,90,Groomed
T010,23-24,12/29/23,90,Closed
T011,23-24,12/29/23,90,Groomed
T012,23-24,12/29/23,90,Groomed
T013,23-24,12/29/23,90,Groomed
T014,23-24,12/29/23,90,Groomed
T015,23-24,12/29/23,90,Closed
T016,23-24,12/29/23,90,Open
T017,23-24,12/29/23,90,Closed
T018,23-24,12/29/23,90,Closed
T019,23-24,12/29/23,90,Closed
T020,23-24,12/29/23,90,Closed
T021,23-24,12/29/23,90,Groomed
T022,23-24,12/29/23,90,Closed
T023,23-24,12/29/23,90,Open
T024,23-24,12/29/23,90,Closed
T025,23-24,12/29/23,90,Groomed
T026,23-24,12/29/23,90,Open
T027,23-24,12/29/23,90,Closed
T028,23-24,12/29/23,90,Groomed
T029,23-24,12/29/23,90,Closed
T030,23-24,12/29/23,90,Groomed
T031,23-24,12/29/23,90,Groomed
T032,23-24,12/29/23,90,Groomed
T033,23-24,12/29/23,90,Groomed
T034,23-24,12/29/23,90,Groomed
T035,23-24,12/29/23,90,Open
T036,23-24,12/29/23,90,Groomed
T037,23-24,12/29/23,90,Open
T038,23-24,12/29/23,90,Closed
T039,23-24,12/29/23,90,Open
T040,23-24,12/29/23,90,Closed
T042,23-24,12/29/23,90,Closed
T043,23-24,12/29/23,90,Closed
T044,23-24,12/29/23,90,Closed
T045,23-24,12/29/23,90,Open
T046,23-24,12/29/23,90,Closed
T047,23-24,12/29/23,90,Closed
T048,23-24,12/29/23,90,Closed
T049,23-24,12/29/23,90,Closed
T050,23-24,12/29/23,90,Groomed
T051,23-24,12/29/23,90,Open
T052,23-24,12/29/23,90,Closed
T053,23-24,12/29/23,90,Closed
T054,23-24,12/29/23,90,Closed
T055,23-24,12/29/23,90,Closed
T056,23-24,12/29/23,90,Open
T057,23-24,12/29/23,90,Closed
T058,23-24,12/29/23,90,Closed
T061,23-24,12/29/23,90,Groomed
T062,23-24,12/29/23,90,Groomed
T063,23-24,12/29/23,90,Groomed
T064,23-24,12/29/23,90,Groomed
T065,23-24,12/29/23,90,Closed
T066,23-24,12/29/23,90,Closed
T067,23-24,12/29/23,90,Closed
T068,23-24,12/29/23,90,Open
T069,23-24,12/29/23,90,Closed
T070,23-24,12/29/23,90,Open
T071,23-24,12/29/23,90,Closed
T072,23-24,12/29/23,90,Closed
T073,23-24,12/29/23,90,Closed
T074,23-24,12/29/23,90,Closed
T075,23-24,12/29/23,90,Closed
T076,23-24,12/29/23,90,Open
T077,23-24,12/29/23,90,Groomed
T078,23-24,12/29/23,90,Closed
T079,23-24,12/29/23,90,Open
T080,23-24,12/29/23,90,Open
T081,23-24,12/29/23,90,Open
T082,23-24,12/29/23,90,Closed
T083,23-24,12/29/23,90,Closed
T084,23-24,12/29/23,90,Open
T085,23-24,12/29/23,90,Closed
T086,23-24,12/29/23,90,Open
T087,23-24,12/29/23,90,Open
T088,23-24,12/29/23,90,Closed
T089,23-24,12/29/23,90,Open
T090,23-24,12/29/23,90,Open
T091,23-24,12/29/23,90,Closed
T092,23-24,12/29/23,90,Closed
T107,23-24,12/29/23,90,Closed
T108,23-24,12/29/23,90,Closed
T109,23-24,12/29/23,90,Closed
T110,23-24,12/29/23,90,Closed
T111,23-24,12/29/23,90,Closed
T112,23-24,12/29/23,90,Closed
T113,23-24,12/29/23,90,Closed
T114,23-24,12/29/23,90,Closed
T115,23-24,12/29/23,90,Closed
T116,23-24,12/29/23,90,Closed
T117,23-24,12/29/23,90,Closed
T118,23-24,12/29/23,90,Closed
T119,23-24,12/29/23,90,Closed
T127,23-24,12/29/23,90,Closed
T128,23-24,12/29/23,90,Closed
T129,23-24,12/29/23,90,Closed
T130,23-24,12/29/23,90,Closed
T131,23-24,12/29/23,90,Closed
T132,23-24,12/29/23,90,Closed
T133,23-24,12/29/23,90,Closed
T136,23-24,12/29/23,90,Open
T137,23-24,12/29/23,90,Closed
T148,23-24,12/29/23,90,Closed
T001,23-24,12/30/23,91,Groomed
T002,23-24,12/30/23,91,Groomed
T003,23-24,12/30/23,91,Groomed
T004,23-24,12/30/23,91,Groomed
T005,23-24,12/30/23,91,Groomed
T006,23-24,12/30/23,91,Closed
T007,23-24,12/30/23,91,Groomed
T008,23-24,12/30/23,91,Groomed
T009,23-24,12/30/23,91,Groomed
T010,23-24,12/30/23,91,Closed
T011,23-24,12/30/23,91,Groomed
T012,23-24,12/30/23,91,Groomed
T013,23-24,12/30/23,91,Groomed
T014,23-24,12/30/23,91,Groomed
T015,23-24,12/30/23,91,Closed
T016,23-24,12/30/23,91,Open
T017,23-24,12/30/23,91,Closed
T018,23-24,12/30/23,91,Closed
T019,23-24,12/30/23,91,Closed
T020,23-24,12/30/23,91,Closed
T021,23-24,12/30/23,91,Groomed
T022,23-24,12/30/23,91,Closed
T023,23-24,12/30/23,91,Open
T024,23-24,12/30/23,91,Closed
T025,23-24,12/30/23,91,Groomed
T026,23-24,12/30/23,91,Open
T027,23-24,12/30/23,91,Closed
T028,23-24,12/30/23,91,Groomed
T029,23-24,12/30/23,91,Closed
T030,23-24,12/30/23,91,Groomed
T031,23-24,12/30/23,91,Groomed
T032,23-24,12/30/23,91,Groomed
T033,23-24,12/30/23,91,Groomed
T034,23-24,12/30/23,91,Groomed
T035,23-24,12/30/23,91,Open
T036,23-24,12/30/23,91,Groomed
T037,23-24,12/30/23,91,Open
T038,23-24,12/30/23,91,Closed
T039,23-24,12/30/23,91,Open
T040,23-24,12/30/23,91,Closed
T042,23-24,12/30/23,91,Closed
T043,23-24,12/30/23,91,Closed
T044,23-24,12/30/23,91,Closed
T045,23-24,12/30/23,91,Open
T046,23-24,12/30/23,91,Closed
T047,23-24,12/30/23,91,Closed
T048,23-24,12/30/23,91,Closed
T049,23-24,12/30/23,91,Closed
T050,23-24,12/30/23,91,Groomed
T051,23-24,12/30/23,91,Open
T052,23-24,12/30/23,91,Closed
T053,23-24,12/30/23,91,Closed
T054,23-24,12/30/23,91,Closed
T055,23-24,12/30/23,91,Closed
T056,23-24,12/30/23,91,Open
T057,23-24,12/30/23,91,Closed
T058,23-24,12/30/23,91,Closed
T061,23-24,12/30/23,91,Groomed
T062,23-24,12/30/23,91,Groomed
T063,23-24,12/30/23,91,Groomed
T064,23-24,12/30/23,91,Groomed
T065,23-24,12/30/23,91,Closed
T066,23-24,12/30/23,91,Closed
T067,23-24,12/30/23,91,Closed
T068,23-24,12/30/23,91,Open
T069,23-24,12/30/23,91,Closed
T070,23-24,12/30/23,91,Open
T071,23-24,12/30/23,91,Closed
T072,23-24,12/30/23,91,Closed
T073,23-24,12/30/23,91,Closed
T074,23-24,12/30/23,91,Closed
T075,23-24,12/30/23,91,Closed
T076,23-24,12/30/23,91,Open
T077,23-24,12/30/23,91,Groomed
T078,23-24,12/30/23,91,Closed
T079,23-24,12/30/23,91,Closed
T080,23-24,12/30/23,91,Closed
T081,23-24,12/30/23,91,Open
T082,23-24,12/30/23,91,Closed
T083,23-24,12/30/23,91,Closed
T084,23-24,12/30/23,91,Open
T085,23-24,12/30/23,91,Closed
T086,23-24,12/30/23,91,Open
T087,23-24,12/30/23,91,Open
T088,23-24,12/30/23,91,Closed
T089,23-24,12/30/23,91,Open
T090,23-24,12/30/23,91,Open
T091,23-24,12/30/23,91,Closed
T092,23-24,12/30/23,91,Closed
T107,23-24,12/30/23,91,Groomed
T108,23-24,12/30/23,91,Groomed
T109,23-24,12/30/23,91,Groomed
T110,23-24,12/30/23,91,Open
T111,23-24,12/30/23,91,Open
T112,23-24,12/30/23,91,Open
T113,23-24,12/30/23,91,Open
T114,23-24,12/30/23,91,Open
T115,23-24,12/30/23,91,Open
T116,23-24,12/30/23,91,Open
T117,23-24,12/30/23,91,Open
T118,23-24,12/30/23,91,Open
T119,23-24,12/30/23,91,Open
T127,23-24,12/30/23,91,Closed
T128,23-24,12/30/23,91,Closed
T129,23-24,12/30/23,91,Closed
T130,23-24,12/30/23,91,Closed
T131,23-24,12/30/23,91,Closed
T132,23-24,12/30/23,91,Closed
T133,23-24,12/30/23,91,Closed
T136,23-24,12/30/23,91,Open
T137,23-24,12/30/23,91,Open
T148,23-24,12/30/23,91,Closed
T001,23-24,12/31/23,92,Groomed
T002,23-24,12/31/23,92,Groomed
T003,23-24,12/31/23,92,Groomed
T004,23-24,12/31/23,92,Groomed
T005,23-24,12/31/23,92,Groomed
T006,23-24,12/31/23,92,Closed
T007,23-24,12/31/23,92,Groomed
T008,23-24,12/31/23,92,Groomed
T009,23-24,12/31/23,92,Groomed
T010,23-24,12/31/23,92,Closed
T011,23-24,12/31/23,92,Groomed
T012,23-24,12/31/23,92,Groomed
T013,23-24,12/31/23,92,Groomed
T014,23-24,12/31/23,92,Groomed
T015,23-24,12/31/23,92,Closed
T016,23-24,12/31/23,92,Open
T017,23-24,12/31/23,92,Closed
T018,23-24,12/31/23,92,Closed
T019,23-24,12/31/23,92,Closed
T020,23-24,12/31/23,92,Closed
T021,23-24,12/31/23,92,Groomed
T022,23-24,12/31/23,92,Closed
T023,23-24,12/31/23,92,Open
T024,23-24,12/31/23,92,Closed
T025,23-24,12/31/23,92,Groomed
T026,23-24,12/31/23,92,Open
T027,23-24,12/31/23,92,Closed
T028,23-24,12/31/23,92,Groomed
T029,23-24,12/31/23,92,Closed
T030,23-24,12/31/23,92,Groomed
T031,23-24,12/31/23,92,Groomed
T032,23-24,12/31/23,92,Groomed
T033,23-24,12/31/23,92,Groomed
T034,23-24,12/31/23,92,Groomed
T035,23-24,12/31/23,92,Open
T036,23-24,12/31/23,92,Groomed
T037,23-24,12/31/23,92,Open
T038,23-24,12/31/23,92,Closed
T039,23-24,12/31/23,92,Open
T040,23-24,12/31/23,92,Closed
T042,23-24,12/31/23,92,Closed
T043,23-24,12/31/23,92,Closed
T044,23-24,12/31/23,92,Closed
T045,23-24,12/31/23,92,Open
T046,23-24,12/31/23,92,Closed
T047,23-24,12/31/23,92,Closed
T048,23-24,12/31/23,92,Closed
T049,23-24,12/31/23,92,Closed
T050,23-24,12/31/23,92,Groomed
T051,23-24,12/31/23,92,Open
T052,23-24,12/31/23,92,Closed
T053,23-24,12/31/23,92,Closed
T054,23-24,12/31/23,92,Closed
T055,23-24,12/31/23,92,Closed
T056,23-24,12/31/23,92,Open
T057,23-24,12/31/23,92,Closed
T058,23-24,12/31/23,92,Closed
T061,23-24,12/31/23,92,Groomed
T062,23-24,12/31/23,92,Groomed
T063,23-24,12/31/23,92,Groomed
T064,23-24,12/31/23,92,Groomed
T065,23-24,12/31/23,92,Open
T066,23-24,12/31/23,92,Closed
T067,23-24,12/31/23,92,Closed
T068,23-24,12/31/23,92,Open
T069,23-24,12/31/23,92,Closed
T070,23-24,12/31/23,92,Open
T071,23-24,12/31/23,92,Open
T072,23-24,12/31/23,92,Closed
T073,23-24,12/31/23,92,Closed
T074,23-24,12/31/23,92,Closed
T075,23-24,12/31/23,92,Open
T076,23-24,12/31/23,92,Open
T077,23-24,12/31/23,92,Groomed
T078,23-24,12/31/23,92,Closed
T079,23-24,12/31/23,92,Closed
T080,23-24,12/31/23,92,Closed
T081,23-24,12/31/23,92,Open
T082,23-24,12/31/23,92,Closed
T083,23-24,12/31/23,92,Closed
T084,23-24,12/31/23,92,Open
T085,23-24,12/31/23,92,Closed
T086,23-24,12/31/23,92,Open
T087,23-24,12/31/23,92,Open
T088,23-24,12/31/23,92,Closed
T089,23-24,12/31/23,92,Open
T090,23-24,12/31/23,92,Open
T091,23-24,12/31/23,92,Closed
T092,23-24,12/31/23,92,Closed
T107,23-24,12/31/23,92,Groomed
T108,23-24,12/31/23,92,Groomed
T109,23-24,12/31/23,92,Groomed
T110,23-24,12/31/23,92,Open
T111,23-24,12/31/23,92,Open
T112,23-24,12/31/23,92,Open
T113,23-24,12/31/23,92,Open
T114,23-24,12/31/23,92,Open
T115,23-24,12/31/23,92,Open
T116,23-24,12/31/23,92,Open
T117,23-24,12/31/23,92,Open
T118,23-24,12/31/23,92,Open
T119,23-24,12/31/23,92,Open
T127,23-24,12/31/23,92,Closed
T128,23-24,12/31/23,92,Closed
T129,23-24,12/31/23,92,Closed
T130,23-24,12/31/23,92,Closed
T131,23-24,12/31/23,92,Closed
T132,23-24,12/31/23,92,Closed
T133,23-24,12/31/23,92,Closed
T136,23-24,12/31/23,92,Open
T137,23-24,12/31/23,92,Open
T148,23-24,12/31/23,92,Closed
T001,23-24,1/1/24,93,Groomed
T002,23-24,1/1/24,93,Groomed
T003,23-24,1/1/24,93,Groomed
T004,23-24,1/1/24,93,Groomed
T005,23-24,1/1/24,93,Groomed
T006,23-24,1/1/24,93,Closed
T007,23-24,1/1/24,93,Groomed
T008,23-24,1/1/24,93,Groomed
T009,23-24,1/1/24,93,Groomed
T010,23-24,1/1/24,93,Closed
T011,23-24,1/1/24,93,Groomed
T012,23-24,1/1/24,93,Groomed
T013,23-24,1/1/24,93,Groomed
T014,23-24,1/1/24,93,Groomed
T015,23-24,1/1/24,93,Closed
T016,23-24,1/1/24,93,Open
T017,23-24,1/1/24,93,Closed
T018,23-24,1/1/24,93,Closed
T019,23-24,1/1/24,93,Closed
T020,23-24,1/1/24,93,Closed
T021,23-24,1/1/24,93,Groomed
T022,23-24,1/1/24,93,Closed
T023,23-24,1/1/24,93,Closed
T024,23-24,1/1/24,93,Closed
T025,23-24,1/1/24,93,Groomed
T026,23-24,1/1/24,93,Open
T027,23-24,1/1/24,93,Closed
T028,23-24,1/1/24,93,Groomed
T029,23-24,1/1/24,93,Closed
T030,23-24,1/1/24,93,Groomed
T031,23-24,1/1/24,93,Groomed
T032,23-24,1/1/24,93,Groomed
T033,23-24,1/1/24,93,Groomed
T034,23-24,1/1/24,93,Groomed
T035,23-24,1/1/24,93,Open
T036,23-24,1/1/24,93,Groomed
T037,23-24,1/1/24,93,Open
T038,23-24,1/1/24,93,Closed
T039,23-24,1/1/24,93,Open
T040,23-24,1/1/24,93,Closed
T042,23-24,1/1/24,93,Closed
T043,23-24,1/1/24,93,Closed
T044,23-24,1/1/24,93,Closed
T045,23-24,1/1/24,93,Open
T046,23-24,1/1/24,93,Closed
T047,23-24,1/1/24,93,Closed
T048,23-24,1/1/24,93,Closed
T049,23-24,1/1/24,93,Closed
T050,23-24,1/1/24,93,Groomed
T051,23-24,1/1/24,93,Open
T052,23-24,1/1/24,93,Closed
T053,23-24,1/1/24,93,Closed
T054,23-24,1/1/24,93,Closed
T055,23-24,1/1/24,93,Closed
T056,23-24,1/1/24,93,Open
T057,23-24,1/1/24,93,Closed
T058,23-24,1/1/24,93,Closed
T061,23-24,1/1/24,93,Groomed
T062,23-24,1/1/24,93,Groomed
T063,23-24,1/1/24,93,Groomed
T064,23-24,1/1/24,93,Groomed
T065,23-24,1/1/24,93,Open
T066,23-24,1/1/24,93,Closed
T067,23-24,1/1/24,93,Closed
T068,23-24,1/1/24,93,Open
T069,23-24,1/1/24,93,Closed
T070,23-24,1/1/24,93,Open
T071,23-24,1/1/24,93,Open
T072,23-24,1/1/24,93,Closed
T073,23-24,1/1/24,93,Closed
T074,23-24,1/1/24,93,Closed
T075,23-24,1/1/24,93,Open
T076,23-24,1/1/24,93,Open
T077,23-24,1/1/24,93,Groomed
T078,23-24,1/1/24,93,Closed
T079,23-24,1/1/24,93,Closed
T080,23-24,1/1/24,93,Closed
T081,23-24,1/1/24,93,Open
T082,23-24,1/1/24,93,Closed
T083,23-24,1/1/24,93,Closed
T084,23-24,1/1/24,93,Open
T085,23-24,1/1/24,93,Closed
T086,23-24,1/1/24,93,Open
T087,23-24,1/1/24,93,Open
T088,23-24,1/1/24,93,Closed
T089,23-24,1/1/24,93,Open
T090,23-24,1/1/24,93,Open
T091,23-24,1/1/24,93,Closed
T092,23-24,1/1/24,93,Closed
T107,23-24,1/1/24,93,Groomed
T108,23-24,1/1/24,93,Groomed
T109,23-24,1/1/24,93,Groomed
T110,23-24,1/1/24,93,Open
T111,23-24,1/1/24,93,Open
T112,23-24,1/1/24,93,Open
T113,23-24,1/1/24,93,Open
T114,23-24,1/1/24,93,Open
T115,23-24,1/1/24,93,Open
T116,23-24,1/1/24,93,Open
T117,23-24,1/1/24,93,Open
T118,23-24,1/1/24,93,Open
T119,23-24,1/1/24,93,Open
T127,23-24,1/1/24,93,Closed
T128,23-24,1/1/24,93,Closed
T129,23-24,1/1/24,93,Closed
T130,23-24,1/1/24,93,Closed
T131,23-24,1/1/24,93,Closed
T132,23-24,1/1/24,93,Closed
T133,23-24,1/1/24,93,Closed
T136,23-24,1/1/24,93,Open
T137,23-24,1/1/24,93,Open
T148,23-24,1/1/24,93,Closed
T001,23-24,1/2/24,94,Groomed
T002,23-24,1/2/24,94,Groomed
T003,23-24,1/2/24,94,Groomed
T004,23-24,1/2/24,94,Groomed
T005,23-24,1/2/24,94,Groomed
T006,23-24,1/2/24,94,Closed
T007,23-24,1/2/24,94,Groomed
T008,23-24,1/2/24,94,Groomed
T009,23-24,1/2/24,94,Groomed
T010,23-24,1/2/24,94,Closed
T011,23-24,1/2/24,94,Groomed
T012,23-24,1/2/24,94,Groomed
T013,23-24,1/2/24,94,Groomed
T014,23-24,1/2/24,94,Groomed
T015,23-24,1/2/24,94,Closed
T016,23-24,1/2/24,94,Open
T017,23-24,1/2/24,94,Closed
T018,23-24,1/2/24,94,Closed
T019,23-24,1/2/24,94,Closed
T020,23-24,1/2/24,94,Closed
T021,23-24,1/2/24,94,Groomed
T022,23-24,1/2/24,94,Groomed
T023,23-24,1/2/24,94,Closed
T024,23-24,1/2/24,94,Closed
T025,23-24,1/2/24,94,Groomed
T026,23-24,1/2/24,94,Open
T027,23-24,1/2/24,94,Closed
T028,23-24,1/2/24,94,Groomed
T029,23-24,1/2/24,94,Closed
T030,23-24,1/2/24,94,Groomed
T031,23-24,1/2/24,94,Groomed
T032,23-24,1/2/24,94,Groomed
T033,23-24,1/2/24,94,Groomed
T034,23-24,1/2/24,94,Groomed
T035,23-24,1/2/24,94,Open
T036,23-24,1/2/24,94,Groomed
T037,23-24,1/2/24,94,Open
T038,23-24,1/2/24,94,Closed
T039,23-24,1/2/24,94,Open
T040,23-24,1/2/24,94,Closed
T042,23-24,1/2/24,94,Closed
T043,23-24,1/2/24,94,Closed
T044,23-24,1/2/24,94,Closed
T045,23-24,1/2/24,94,Open
T046,23-24,1/2/24,94,Closed
T047,23-24,1/2/24,94,Closed
T048,23-24,1/2/24,94,Closed
T049,23-24,1/2/24,94,Closed
T050,23-24,1/2/24,94,Groomed
T051,23-24,1/2/24,94,Open
T052,23-24,1/2/24,94,Closed
T053,23-24,1/2/24,94,Closed
T054,23-24,1/2/24,94,Closed
T055,23-24,1/2/24,94,Closed
T056,23-24,1/2/24,94,Open
T057,23-24,1/2/24,94,Closed
T058,23-24,1/2/24,94,Closed
T061,23-24,1/2/24,94,Groomed
T062,23-24,1/2/24,94,Groomed
T063,23-24,1/2/24,94,Groomed
T064,23-24,1/2/24,94,Groomed
T065,23-24,1/2/24,94,Open
T066,23-24,1/2/24,94,Closed
T067,23-24,1/2/24,94,Closed
T068,23-24,1/2/24,94,Open
T069,23-24,1/2/24,94,Closed
T070,23-24,1/2/24,94,Open
T071,23-24,1/2/24,94,Open
T072,23-24,1/2/24,94,Closed
T073,23-24,1/2/24,94,Closed
T074,23-24,1/2/24,94,Closed
T075,23-24,1/2/24,94,Open
T076,23-24,1/2/24,94,Open
T077,23-24,1/2/24,94,Groomed
T078,23-24,1/2/24,94,Closed
T079,23-24,1/2/24,94,Closed
T080,23-24,1/2/24,94,Closed
T081,23-24,1/2/24,94,Open
T082,23-24,1/2/24,94,Closed
T083,23-24,1/2/24,94,Closed
T084,23-24,1/2/24,94,Open
T085,23-24,1/2/24,94,Closed
T086,23-24,1/2/24,94,Open
T087,23-24,1/2/24,94,Open
T088,23-24,1/2/24,94,Closed
T089,23-24,1/2/24,94,Open
T090,23-24,1/2/24,94,Open
T091,23-24,1/2/24,94,Closed
T092,23-24,1/2/24,94,Closed
T107,23-24,1/2/24,94,Groomed
T108,23-24,1/2/24,94,Groomed
T109,23-24,1/2/24,94,Groomed
T110,23-24,1/2/24,94,Open
T111,23-24,1/2/24,94,Open
T112,23-24,1/2/24,94,Open
T113,23-24,1/2/24,94,Open
T114,23-24,1/2/24,94,Open
T115,23-24,1/2/24,94,Open
T116,23-24,1/2/24,94,Open
T117,23-24,1/2/24,94,Open
T118,23-24,1/2/24,94,Open
T119,23-24,1/2/24,94,Closed
T127,23-24,1/2/24,94,Closed
T128,23-24,1/2/24,94,Closed
T129,23-24,1/2/24,94,Closed
T130,23-24,1/2/24,94,Closed
T131,23-24,1/2/24,94,Closed
T132,23-24,1/2/24,94,Closed
T133,23-24,1/2/24,94,Closed
T136,23-24,1/2/24,94,Open
T137,23-24,1/2/24,94,Open
T148,23-24,1/2/24,94,Closed
T001,23-24,1/3/24,95,Groomed
T002,23-24,1/3/24,95,Groomed
T003,23-24,1/3/24,95,Groomed
T004,23-24,1/3/24,95,Groomed
T005,23-24,1/3/24,95,Groomed
T006,23-24,1/3/24,95,Closed
T007,23-24,1/3/24,95,Groomed
T008,23-24,1/3/24,95,Groomed
T009,23-24,1/3/24,95,Groomed
T010,23-24,1/3/24,95,Closed
T011,23-24,1/3/24,95,Groomed
T012,23-24,1/3/24,95,Groomed
T013,23-24,1/3/24,95,Groomed
T014,23-24,1/3/24,95,Groomed
T015,23-24,1/3/24,95,Closed
T016,23-24,1/3/24,95,Open
T017,23-24,1/3/24,95,Closed
T018,23-24,1/3/24,95,Closed
T019,23-24,1/3/24,95,Closed
T020,23-24,1/3/24,95,Closed
T021,23-24,1/3/24,95,Groomed
T022,23-24,1/3/24,95,Groomed
T023,23-24,1/3/24,95,Closed
T024,23-24,1/3/24,95,Closed
T025,23-24,1/3/24,95,Groomed
T026,23-24,1/3/24,95,Open
T027,23-24,1/3/24,95,Closed
T028,23-24,1/3/24,95,Groomed
T029,23-24,1/3/24,95,Closed
T030,23-24,1/3/24,95,Groomed
T031,23-24,1/3/24,95,Groomed
T032,23-24,1/3/24,95,Groomed
T033,23-24,1/3/24,95,Groomed
T034,23-24,1/3/24,95,Groomed
T035,23-24,1/3/24,95,Open
T036,23-24,1/3/24,95,Groomed
T037,23-24,1/3/24,95,Open
T038,23-24,1/3/24,95,Closed
T039,23-24,1/3/24,95,Open
T040,23-24,1/3/24,95,Closed
T042,23-24,1/3/24,95,Closed
T043,23-24,1/3/24,95,Closed
T044,23-24,1/3/24,95,Closed
T045,23-24,1/3/24,95,Open
T046,23-24,1/3/24,95,Closed
T047,23-24,1/3/24,95,Closed
T048,23-24,1/3/24,95,Closed
T049,23-24,1/3/24,95,Closed
T050,23-24,1/3/24,95,Groomed
T051,23-24,1/3/24,95,Open
T052,23-24,1/3/24,95,Closed
T053,23-24,1/3/24,95,Closed
T054,23-24,1/3/24,95,Closed
T055,23-24,1/3/24,95,Closed
T056,23-24,1/3/24,95,Open
T057,23-24,1/3/24,95,Closed
T058,23-24,1/3/24,95,Closed
T061,23-24,1/3/24,95,Groomed
T062,23-24,1/3/24,95,Groomed
T063,23-24,1/3/24,95,Groomed
T064,23-24,1/3/24,95,Groomed
T065,23-24,1/3/24,95,Open
T066,23-24,1/3/24,95,Closed
T067,23-24,1/3/24,95,Closed
T068,23-24,1/3/24,95,Open
T069,23-24,1/3/24,95,Closed
T070,23-24,1/3/24,95,Open
T071,23-24,1/3/24,95,Open
T072,23-24,1/3/24,95,Closed
T073,23-24,1/3/24,95,Closed
T074,23-24,1/3/24,95,Closed
T075,23-24,1/3/24,95,Open
T076,23-24,1/3/24,95,Open
T077,23-24,1/3/24,95,Groomed
T078,23-24,1/3/24,95,Closed
T079,23-24,1/3/24,95,Closed
T080,23-24,1/3/24,95,Closed
T081,23-24,1/3/24,95,Open
T082,23-24,1/3/24,95,Closed
T083,23-24,1/3/24,95,Closed
T084,23-24,1/3/24,95,Open
T085,23-24,1/3/24,95,Closed
T086,23-24,1/3/24,95,Open
T087,23-24,1/3/24,95,Open
T088,23-24,1/3/24,95,Closed
T089,23-24,1/3/24,95,Open
T090,23-24,1/3/24,95,Open
T091,23-24,1/3/24,95,Closed
T092,23-24,1/3/24,95,Closed
T107,23-24,1/3/24,95,Groomed
T108,23-24,1/3/24,95,Groomed
T109,23-24,1/3/24,95,Groomed
T110,23-24,1/3/24,95,Open
T111,23-24,1/3/24,95,Open
T112,23-24,1/3/24,95,Open
T113,23-24,1/3/24,95,Open
T114,23-24,1/3/24,95,Open
T115,23-24,1/3/24,95,Open
T116,23-24,1/3/24,95,Open
T117,23-24,1/3/24,95,Open
T118,23-24,1/3/24,95,Open
T119,23-24,1/3/24,95,Closed
T127,23-24,1/3/24,95,Closed
T128,23-24,1/3/24,95,Closed
T129,23-24,1/3/24,95,Closed
T130,23-24,1/3/24,95,Closed
T131,23-24,1/3/24,95,Closed
T132,23-24,1/3/24,95,Closed
T133,23-24,1/3/24,95,Closed
T136,23-24,1/3/24,95,Open
T137,23-24,1/3/24,95,Open
T148,23-24,1/3/24,95,Closed
T001,23-24,1/4/24,96,Groomed
T002,23-24,1/4/24,96,Groomed
T003,23-24,1/4/24,96,Groomed
T004,23-24,1/4/24,96,Groomed
T005,23-24,1/4/24,96,Groomed
T006,23-24,1/4/24,96,Closed
T007,23-24,1/4/24,96,Groomed
T008,23-24,1/4/24,96,Groomed
T009,23-24,1/4/24,96,Groomed
T010,23-24,1/4/24,96,Closed
T011,23-24,1/4/24,96,Groomed
T012,23-24,1/4/24,96,Groomed
T013,23-24,1/4/24,96,Groomed
T014,23-24,1/4/24,96,Groomed
T015,23-24,1/4/24,96,Closed
T016,23-24,1/4/24,96,Open
T017,23-24,1/4/24,96,Closed
T018,23-24,1/4/24,96,Closed
T019,23-24,1/4/24,96,Closed
T020,23-24,1/4/24,96,Closed
T021,23-24,1/4/24,96,Groomed
T022,23-24,1/4/24,96,Groomed
T023,23-24,1/4/24,96,Closed
T024,23-24,1/4/24,96,Closed
T025,23-24,1/4/24,96,Groomed
T026,23-24,1/4/24,96,Open
T027,23-24,1/4/24,96,Groomed
T028,23-24,1/4/24,96,Groomed
T029,23-24,1/4/24,96,Closed
T030,23-24,1/4/24,96,Groomed
T031,23-24,1/4/24,96,Groomed
T032,23-24,1/4/24,96,Groomed
T033,23-24,1/4/24,96,Groomed
T034,23-24,1/4/24,96,Groomed
T035,23-24,1/4/24,96,Open
T036,23-24,1/4/24,96,Groomed
T037,23-24,1/4/24,96,Open
T038,23-24,1/4/24,96,Closed
T039,23-24,1/4/24,96,Closed
T040,23-24,1/4/24,96,Closed
T042,23-24,1/4/24,96,Closed
T043,23-24,1/4/24,96,Closed
T044,23-24,1/4/24,96,Closed
T045,23-24,1/4/24,96,Open
T046,23-24,1/4/24,96,Closed
T047,23-24,1/4/24,96,Closed
T048,23-24,1/4/24,96,Closed
T049,23-24,1/4/24,96,Closed
T050,23-24,1/4/24,96,Groomed
T051,23-24,1/4/24,96,Open
T052,23-24,1/4/24,96,Closed
T053,23-24,1/4/24,96,Closed
T054,23-24,1/4/24,96,Closed
T055,23-24,1/4/24,96,Closed
T056,23-24,1/4/24,96,Open
T057,23-24,1/4/24,96,Closed
T058,23-24,1/4/24,96,Closed
T061,23-24,1/4/24,96,Groomed
T062,23-24,1/4/24,96,Groomed
T063,23-24,1/4/24,96,Groomed
T064,23-24,1/4/24,96,Groomed
T065,23-24,1/4/24,96,Open
T066,23-24,1/4/24,96,Closed
T067,23-24,1/4/24,96,Closed
T068,23-24,1/4/24,96,Open
T069,23-24,1/4/24,96,Closed
T070,23-24,1/4/24,96,Open
T071,23-24,1/4/24,96,Open
T072,23-24,1/4/24,96,Closed
T073,23-24,1/4/24,96,Closed
T074,23-24,1/4/24,96,Closed
T075,23-24,1/4/24,96,Open
T076,23-24,1/4/24,96,Open
T077,23-24,1/4/24,96,Groomed
T078,23-24,1/4/24,96,Groomed
T079,23-24,1/4/24,96,Open
T080,23-24,1/4/24,96,Open
T081,23-24,1/4/24,96,Open
T082,23-24,1/4/24,96,Closed
T083,23-24,1/4/24,96,Open
T084,23-24,1/4/24,96,Open
T085,23-24,1/4/24,96,Closed
T086,23-24,1/4/24,96,Open
T087,23-24,1/4/24,96,Open
T088,23-24,1/4/24,96,Closed
T089,23-24,1/4/24,96,Open
T090,23-24,1/4/24,96,Open
T091,23-24,1/4/24,96,Closed
T092,23-24,1/4/24,96,Closed
T107,23-24,1/4/24,96,Groomed
T108,23-24,1/4/24,96,Groomed
T109,23-24,1/4/24,96,Groomed
T110,23-24,1/4/24,96,Open
T111,23-24,1/4/24,96,Open
T112,23-24,1/4/24,96,Open
T113,23-24,1/4/24,96,Open
T114,23-24,1/4/24,96,Open
T115,23-24,1/4/24,96,Open
T116,23-24,1/4/24,96,Open
T117,23-24,1/4/24,96,Open
T118,23-24,1/4/24,96,Open
T119,23-24,1/4/24,96,Closed
T127,23-24,1/4/24,96,Open
T128,23-24,1/4/24,96,Closed
T129,23-24,1/4/24,96,Closed
T130,23-24,1/4/24,96,Closed
T131,23-24,1/4/24,96,Closed
T132,23-24,1/4/24,96,Closed
T133,23-24,1/4/24,96,Closed
T136,23-24,1/4/24,96,Open
T137,23-24,1/4/24,96,Open
T148,23-24,1/4/24,96,Closed
T001,23-24,1/5/24,97,Groomed
T002,23-24,1/5/24,97,Groomed
T003,23-24,1/5/24,97,Groomed
T004,23-24,1/5/24,97,Groomed
T005,23-24,1/5/24,97,Groomed
T006,23-24,1/5/24,97,Closed
T007,23-24,1/5/24,97,Groomed
T008,23-24,1/5/24,97,Groomed
T009,23-24,1/5/24,97,Groomed
T010,23-24,1/5/24,97,Closed
T011,23-24,1/5/24,97,Groomed
T012,23-24,1/5/24,97,Groomed
T013,23-24,1/5/24,97,Groomed
T014,23-24,1/5/24,97,Groomed
T015,23-24,1/5/24,97,Groomed
T016,23-24,1/5/24,97,Open
T017,23-24,1/5/24,97,Closed
T018,23-24,1/5/24,97,Closed
T019,23-24,1/5/24,97,Closed
T020,23-24,1/5/24,97,Closed
T021,23-24,1/5/24,97,Groomed
T022,23-24,1/5/24,97,Groomed
T023,23-24,1/5/24,97,Closed
T024,23-24,1/5/24,97,Open
T025,23-24,1/5/24,97,Groomed
T026,23-24,1/5/24,97,Open
T027,23-24,1/5/24,97,Groomed
T028,23-24,1/5/24,97,Groomed
T029,23-24,1/5/24,97,Closed
T030,23-24,1/5/24,97,Groomed
T031,23-24,1/5/24,97,Groomed
T032,23-24,1/5/24,97,Groomed
T033,23-24,1/5/24,97,Groomed
T034,23-24,1/5/24,97,Groomed
T035,23-24,1/5/24,97,Open
T036,23-24,1/5/24,97,Groomed
T037,23-24,1/5/24,97,Open
T038,23-24,1/5/24,97,Closed
T039,23-24,1/5/24,97,Closed
T040,23-24,1/5/24,97,Closed
T042,23-24,1/5/24,97,Closed
T043,23-24,1/5/24,97,Closed
T044,23-24,1/5/24,97,Closed
T045,23-24,1/5/24,97,Open
T046,23-24,1/5/24,97,Closed
T047,23-24,1/5/24,97,Closed
T048,23-24,1/5/24,97,Closed
T049,23-24,1/5/24,97,Closed
T050,23-24,1/5/24,97,Groomed
T051,23-24,1/5/24,97,Open
T052,23-24,1/5/24,97,Closed
T053,23-24,1/5/24,97,Closed
T054,23-24,1/5/24,97,Closed
T055,23-24,1/5/24,97,Closed
T056,23-24,1/5/24,97,Open
T057,23-24,1/5/24,97,Closed
T058,23-24,1/5/24,97,Closed
T061,23-24,1/5/24,97,Groomed
T062,23-24,1/5/24,97,Groomed
T063,23-24,1/5/24,97,Groomed
T064,23-24,1/5/24,97,Groomed
T065,23-24,1/5/24,97,Groomed
T066,23-24,1/5/24,97,Closed
T067,23-24,1/5/24,97,Closed
T068,23-24,1/5/24,97,Open
T069,23-24,1/5/24,97,Closed
T070,23-24,1/5/24,97,Open
T071,23-24,1/5/24,97,Open
T072,23-24,1/5/24,97,Closed
T073,23-24,1/5/24,97,Closed
T074,23-24,1/5/24,97,Closed
T075,23-24,1/5/24,97,Open
T076,23-24,1/5/24,97,Open
T077,23-24,1/5/24,97,Groomed
T078,23-24,1/5/24,97,Groomed
T079,23-24,1/5/24,97,Groomed
T080,23-24,1/5/24,97,Open
T081,23-24,1/5/24,97,Open
T082,23-24,1/5/24,97,Closed
T083,23-24,1/5/24,97,Open
T084,23-24,1/5/24,97,Open
T085,23-24,1/5/24,97,Closed
T086,23-24,1/5/24,97,Open
T087,23-24,1/5/24,97,Open
T088,23-24,1/5/24,97,Closed
T089,23-24,1/5/24,97,Open
T090,23-24,1/5/24,97,Open
T091,23-24,1/5/24,97,Closed
T092,23-24,1/5/24,97,Closed
T107,23-24,1/5/24,97,Groomed
T108,23-24,1/5/24,97,Groomed
T109,23-24,1/5/24,97,Groomed
T110,23-24,1/5/24,97,Open
T111,23-24,1/5/24,97,Open
T112,23-24,1/5/24,97,Open
T113,23-24,1/5/24,97,Open
T114,23-24,1/5/24,97,Open
T115,23-24,1/5/24,97,Open
T116,23-24,1/5/24,97,Open
T117,23-24,1/5/24,97,Open
T118,23-24,1/5/24,97,Open
T119,23-24,1/5/24,97,Closed
T127,23-24,1/5/24,97,Open
T128,23-24,1/5/24,97,Closed
T129,23-24,1/5/24,97,Closed
T130,23-24,1/5/24,97,Closed
T131,23-24,1/5/24,97,Closed
T132,23-24,1/5/24,97,Closed
T133,23-24,1/5/24,97,Closed
T136,23-24,1/5/24,97,Open
T137,23-24,1/5/24,97,Open
T148,23-24,1/5/24,97,Closed
T001,23-24,1/6/24,98,Groomed
T002,23-24,1/6/24,98,Groomed
T003,23-24,1/6/24,98,Groomed
T004,23-24,1/6/24,98,Groomed
T005,23-24,1/6/24,98,Groomed
T006,23-24,1/6/24,98,Closed
T007,23-24,1/6/24,98,Groomed
T008,23-24,1/6/24,98,Groomed
T009,23-24,1/6/24,98,Groomed
T010,23-24,1/6/24,98,Closed
T011,23-24,1/6/24,98,Groomed
T012,23-24,1/6/24,98,Groomed
T013,23-24,1/6/24,98,Groomed
T014,23-24,1/6/24,98,Groomed
T015,23-24,1/6/24,98,Groomed
T016,23-24,1/6/24,98,Open
T017,23-24,1/6/24,98,Closed
T018,23-24,1/6/24,98,Closed
T019,23-24,1/6/24,98,Closed
T020,23-24,1/6/24,98,Closed
T021,23-24,1/6/24,98,Groomed
T022,23-24,1/6/24,98,Groomed
T023,23-24,1/6/24,98,Closed
T024,23-24,1/6/24,98,Open
T025,23-24,1/6/24,98,Groomed
T026,23-24,1/6/24,98,Open
T027,23-24,1/6/24,98,Groomed
T028,23-24,1/6/24,98,Groomed
T029,23-24,1/6/24,98,Closed
T030,23-24,1/6/24,98,Groomed
T031,23-24,1/6/24,98,Groomed
T032,23-24,1/6/24,98,Groomed
T033,23-24,1/6/24,98,Groomed
T034,23-24,1/6/24,98,Groomed
T035,23-24,1/6/24,98,Open
T036,23-24,1/6/24,98,Groomed
T037,23-24,1/6/24,98,Open
T038,23-24,1/6/24,98,Closed
T039,23-24,1/6/24,98,Closed
T040,23-24,1/6/24,98,Closed
T042,23-24,1/6/24,98,Open
T043,23-24,1/6/24,98,Groomed
T044,23-24,1/6/24,98,Closed
T045,23-24,1/6/24,98,Open
T046,23-24,1/6/24,98,Closed
T047,23-24,1/6/24,98,Closed
T048,23-24,1/6/24,98,Closed
T049,23-24,1/6/24,98,Open
T050,23-24,1/6/24,98,Groomed
T051,23-24,1/6/24,98,Open
T052,23-24,1/6/24,98,Open
T053,23-24,1/6/24,98,Closed
T054,23-24,1/6/24,98,Closed
T055,23-24,1/6/24,98,Closed
T056,23-24,1/6/24,98,Open
T057,23-24,1/6/24,98,Closed
T058,23-24,1/6/24,98,Closed
T061,23-24,1/6/24,98,Groomed
T062,23-24,1/6/24,98,Groomed
T063,23-24,1/6/24,98,Groomed
T064,23-24,1/6/24,98,Groomed
T065,23-24,1/6/24,98,Open
T066,23-24,1/6/24,98,Closed
T067,23-24,1/6/24,98,Closed
T068,23-24,1/6/24,98,Open
T069,23-24,1/6/24,98,Closed
T070,23-24,1/6/24,98,Open
T071,23-24,1/6/24,98,Open
T072,23-24,1/6/24,98,Closed
T073,23-24,1/6/24,98,Closed
T074,23-24,1/6/24,98,Closed
T075,23-24,1/6/24,98,Open
T076,23-24,1/6/24,98,Open
T077,23-24,1/6/24,98,Groomed
T078,23-24,1/6/24,98,Groomed
T079,23-24,1/6/24,98,Groomed
T080,23-24,1/6/24,98,Open
T081,23-24,1/6/24,98,Open
T082,23-24,1/6/24,98,Closed
T083,23-24,1/6/24,98,Open
T084,23-24,1/6/24,98,Open
T085,23-24,1/6/24,98,Closed
T086,23-24,1/6/24,98,Open
T087,23-24,1/6/24,98,Open
T088,23-24,1/6/24,98,Closed
T089,23-24,1/6/24,98,Open
T090,23-24,1/6/24,98,Open
T091,23-24,1/6/24,98,Closed
T092,23-24,1/6/24,98,Closed
T107,23-24,1/6/24,98,Groomed
T108,23-24,1/6/24,98,Groomed
T109,23-24,1/6/24,98,Groomed
T110,23-24,1/6/24,98,Open
T111,23-24,1/6/24,98,Open
T112,23-24,1/6/24,98,Open
T113,23-24,1/6/24,98,Open
T114,23-24,1/6/24,98,Open
T115,23-24,1/6/24,98,Open
T116,23-24,1/6/24,98,Open
T117,23-24,1/6/24,98,Open
T118,23-24,1/6/24,98,Open
T119,23-24,1/6/24,98,Closed
T127,23-24,1/6/24,98,Open
T128,23-24,1/6/24,98,Closed
T129,23-24,1/6/24,98,Closed
T130,23-24,1/6/24,98,Closed
T131,23-24,1/6/24,98,Closed
T132,23-24,1/6/24,98,Closed
T133,23-24,1/6/24,98,Closed
T136,23-24,1/6/24,98,Open
T137,23-24,1/6/24,98,Open
T148,23-24,1/6/24,98,Closed
T001,23-24,1/7/24,99,Groomed
T002,23-24,1/7/24,99,Groomed
T003,23-24,1/7/24,99,Groomed
T004,23-24,1/7/24,99,Groomed
T005,23-24,1/7/24,99,Groomed
T006,23-24,1/7/24,99,Closed
T007,23-24,1/7/24,99,Groomed
T008,23-24,1/7/24,99,Groomed
T009,23-24,1/7/24,99,Groomed
T010,23-24,1/7/24,99,Closed
T011,23-24,1/7/24,99,Groomed
T012,23-24,1/7/24,99,Groomed
T013,23-24,1/7/24,99,Groomed
T014,23-24,1/7/24,99,Groomed
T015,23-24,1/7/24,99,Groomed
T016,23-24,1/7/24,99,Open
T017,23-24,1/7/24,99,Closed
T018,23-24,1/7/24,99,Closed
T019,23-24,1/7/24,99,Closed
T020,23-24,1/7/24,99,Open
T021,23-24,1/7/24,99,Groomed
T022,23-24,1/7/24,99,Groomed
T023,23-24,1/7/24,99,Closed
T024,23-24,1/7/24,99,Open
T025,23-24,1/7/24,99,Groomed
T026,23-24,1/7/24,99,Open
T027,23-24,1/7/24,99,Groomed
T028,23-24,1/7/24,99,Groomed
T029,23-24,1/7/24,99,Closed
T030,23-24,1/7/24,99,Groomed
T031,23-24,1/7/24,99,Groomed
T032,23-24,1/7/24,99,Groomed
T033,23-24,1/7/24,99,Groomed
T034,23-24,1/7/24,99,Groomed
T035,23-24,1/7/24,99,Open
T036,23-24,1/7/24,99,Groomed
T037,23-24,1/7/24,99,Open
T038,23-24,1/7/24,99,Closed
T039,23-24,1/7/24,99,Closed
T040,23-24,1/7/24,99,Closed
T042,23-24,1/7/24,99,Open
T043,23-24,1/7/24,99,Groomed
T044,23-24,1/7/24,99,Closed
T045,23-24,1/7/24,99,Open
T046,23-24,1/7/24,99,Closed
T047,23-24,1/7/24,99,Closed
T048,23-24,1/7/24,99,Closed
T049,23-24,1/7/24,99,Open
T050,23-24,1/7/24,99,Groomed
T051,23-24,1/7/24,99,Open
T052,23-24,1/7/24,99,Open
T053,23-24,1/7/24,99,Closed
T054,23-24,1/7/24,99,Closed
T055,23-24,1/7/24,99,Closed
T056,23-24,1/7/24,99,Open
T057,23-24,1/7/24,99,Closed
T058,23-24,1/7/24,99,Closed
T061,23-24,1/7/24,99,Groomed
T062,23-24,1/7/24,99,Groomed
T063,23-24,1/7/24,99,Groomed
T064,23-24,1/7/24,99,Groomed
T065,23-24,1/7/24,99,Open
T066,23-24,1/7/24,99,Closed
T067,23-24,1/7/24,99,Closed
T068,23-24,1/7/24,99,Open
T069,23-24,1/7/24,99,Closed
T070,23-24,1/7/24,99,Open
T071,23-24,1/7/24,99,Open
T072,23-24,1/7/24,99,Closed
T073,23-24,1/7/24,99,Closed
T074,23-24,1/7/24,99,Closed
T075,23-24,1/7/24,99,Open
T076,23-24,1/7/24,99,Open
T077,23-24,1/7/24,99,Groomed
T078,23-24,1/7/24,99,Groomed
T079,23-24,1/7/24,99,Groomed
T080,23-24,1/7/24,99,Open
T081,23-24,1/7/24,99,Open
T082,23-24,1/7/24,99,Open
T083,23-24,1/7/24,99,Open
T084,23-24,1/7/24,99,Open
T085,23-24,1/7/24,99,Closed
T086,23-24,1/7/24,99,Open
T087,23-24,1/7/24,99,Open
T088,23-24,1/7/24,99,Open
T089,23-24,1/7/24,99,Open
T090,23-24,1/7/24,99,Open
T091,23-24,1/7/24,99,Open
T092,23-24,1/7/24,99,Open
T107,23-24,1/7/24,99,Groomed
T108,23-24,1/7/24,99,Groomed
T109,23-24,1/7/24,99,Groomed
T110,23-24,1/7/24,99,Open
T111,23-24,1/7/24,99,Open
T112,23-24,1/7/24,99,Open
T113,23-24,1/7/24,99,Open
T114,23-24,1/7/24,99,Open
T115,23-24,1/7/24,99,Open
T116,23-24,1/7/24,99,Open
T117,23-24,1/7/24,99,Open
T118,23-24,1/7/24,99,Open
T119,23-24,1/7/24,99,Closed
T127,23-24,1/7/24,99,Open
T128,23-24,1/7/24,99,Closed
T129,23-24,1/7/24,99,Closed
T130,23-24,1/7/24,99,Closed
T131,23-24,1/7/24,99,Closed
T132,23-24,1/7/24,99,Closed
T133,23-24,1/7/24,99,Closed
T136,23-24,1/7/24,99,Open
T137,23-24,1/7/24,99,Open
T148,23-24,1/7/24,99,Closed
T001,23-24,1/8/24,100,Groomed
T002,23-24,1/8/24,100,Groomed
T003,23-24,1/8/24,100,Groomed
T004,23-24,1/8/24,100,Groomed
T005,23-24,1/8/24,100,Groomed
T006,23-24,1/8/24,100,Groomed
T007,23-24,1/8/24,100,Groomed
T008,23-24,1/8/24,100,Groomed
T009,23-24,1/8/24,100,Groomed
T010,23-24,1/8/24,100,Closed
T011,23-24,1/8/24,100,Groomed
T012,23-24,1/8/24,100,Groomed
T013,23-24,1/8/24,100,Groomed
T014,23-24,1/8/24,100,Groomed
T015,23-24,1/8/24,100,Groomed
T016,23-24,1/8/24,100,Open
T017,23-24,1/8/24,100,Closed
T018,23-24,1/8/24,100,Closed
T019,23-24,1/8/24,100,Closed
T020,23-24,1/8/24,100,Open
T021,23-24,1/8/24,100,Groomed
T022,23-24,1/8/24,100,Groomed
T023,23-24,1/8/24,100,Closed
T024,23-24,1/8/24,100,Open
T025,23-24,1/8/24,100,Groomed
T026,23-24,1/8/24,100,Open
T027,23-24,1/8/24,100,Groomed
T028,23-24,1/8/24,100,Groomed
T029,23-24,1/8/24,100,Closed
T030,23-24,1/8/24,100,Groomed
T031,23-24,1/8/24,100,Groomed
T032,23-24,1/8/24,100,Groomed
T033,23-24,1/8/24,100,Groomed
T034,23-24,1/8/24,100,Groomed
T035,23-24,1/8/24,100,Open
T036,23-24,1/8/24,100,Groomed
T037,23-24,1/8/24,100,Open
T038,23-24,1/8/24,100,Closed
T039,23-24,1/8/24,100,Closed
T040,23-24,1/8/24,100,Closed
T042,23-24,1/8/24,100,Open
T043,23-24,1/8/24,100,Groomed
T044,23-24,1/8/24,100,Open
T045,23-24,1/8/24,100,Open
T046,23-24,1/8/24,100,Closed
T047,23-24,1/8/24,100,Closed
T048,23-24,1/8/24,100,Open
T049,23-24,1/8/24,100,Open
T050,23-24,1/8/24,100,Groomed
T051,23-24,1/8/24,100,Open
T052,23-24,1/8/24,100,Open
T053,23-24,1/8/24,100,Closed
T054,23-24,1/8/24,100,Closed
T055,23-24,1/8/24,100,Closed
T056,23-24,1/8/24,100,Open
T057,23-24,1/8/24,100,Closed
T058,23-24,1/8/24,100,Closed
T061,23-24,1/8/24,100,Groomed
T062,23-24,1/8/24,100,Groomed
T063,23-24,1/8/24,100,Groomed
T064,23-24,1/8/24,100,Groomed
T065,23-24,1/8/24,100,Open
T066,23-24,1/8/24,100,Closed
T067,23-24,1/8/24,100,Closed
T068,23-24,1/8/24,100,Open
T069,23-24,1/8/24,100,Closed
T070,23-24,1/8/24,100,Open
T071,23-24,1/8/24,100,Open
T072,23-24,1/8/24,100,Closed
T073,23-24,1/8/24,100,Closed
T074,23-24,1/8/24,100,Closed
T075,23-24,1/8/24,100,Open
T076,23-24,1/8/24,100,Open
T077,23-24,1/8/24,100,Groomed
T078,23-24,1/8/24,100,Groomed
T079,23-24,1/8/24,100,Groomed
T080,23-24,1/8/24,100,Open
T081,23-24,1/8/24,100,Open
T082,23-24,1/8/24,100,Open
T083,23-24,1/8/24,100,Open
T084,23-24,1/8/24,100,Open
T085,23-24,1/8/24,100,Closed
T086,23-24,1/8/24,100,Open
T087,23-24,1/8/24,100,Open
T088,23-24,1/8/24,100,Open
T089,23-24,1/8/24,100,Open
T090,23-24,1/8/24,100,Open
T091,23-24,1/8/24,100,Open
T092,23-24,1/8/24,100,Open
T107,23-24,1/8/24,100,Groomed
T108,23-24,1/8/24,100,Groomed
T109,23-24,1/8/24,100,Groomed
T110,23-24,1/8/24,100,Open
T111,23-24,1/8/24,100,Open
T112,23-24,1/8/24,100,Open
T113,23-24,1/8/24,100,Open
T114,23-24,1/8/24,100,Open
T115,23-24,1/8/24,100,Open
T116,23-24,1/8/24,100,Open
T117,23-24,1/8/24,100,Open
T118,23-24,1/8/24,100,Open
T119,23-24,1/8/24,100,Closed
T127,23-24,1/8/24,100,Open
T128,23-24,1/8/24,100,Closed
T129,23-24,1/8/24,100,Closed
T130,23-24,1/8/24,100,Closed
T131,23-24,1/8/24,100,Closed
T132,23-24,1/8/24,100,Closed
T133,23-24,1/8/24,100,Closed
T136,23-24,1/8/24,100,Open
T137,23-24,1/8/24,100,Open
T148,23-24,1/8/24,100,Closed
T001,23-24,1/9/24,101,Groomed
T002,23-24,1/9/24,101,Groomed
T003,23-24,1/9/24,101,Groomed
T004,23-24,1/9/24,101,Groomed
T005,23-24,1/9/24,101,Groomed
T006,23-24,1/9/24,101,Groomed
T007,23-24,1/9/24,101,Groomed
T008,23-24,1/9/24,101,Groomed
T009,23-24,1/9/24,101,Groomed
T010,23-24,1/9/24,101,Closed
T011,23-24,1/9/24,101,Groomed
T012,23-24,1/9/24,101,Groomed
T013,23-24,1/9/24,101,Groomed
T014,23-24,1/9/24,101,Groomed
T015,23-24,1/9/24,101,Groomed
T016,23-24,1/9/24,101,Open
T017,23-24,1/9/24,101,Closed
T018,23-24,1/9/24,101,Closed
T019,23-24,1/9/24,101,Closed
T020,23-24,1/9/24,101,Open
T021,23-24,1/9/24,101,Groomed
T022,23-24,1/9/24,101,Groomed
T023,23-24,1/9/24,101,Open
T024,23-24,1/9/24,101,Open
T025,23-24,1/9/24,101,Groomed
T026,23-24,1/9/24,101,Open
T027,23-24,1/9/24,101,Groomed
T028,23-24,1/9/24,101,Groomed
T029,23-24,1/9/24,101,Closed
T030,23-24,1/9/24,101,Groomed
T031,23-24,1/9/24,101,Groomed
T032,23-24,1/9/24,101,Groomed
T033,23-24,1/9/24,101,Groomed
T034,23-24,1/9/24,101,Groomed
T035,23-24,1/9/24,101,Open
T036,23-24,1/9/24,101,Groomed
T037,23-24,1/9/24,101,Open
T038,23-24,1/9/24,101,Closed
T039,23-24,1/9/24,101,Open
T040,23-24,1/9/24,101,Closed
T042,23-24,1/9/24,101,Open
T043,23-24,1/9/24,101,Groomed
T044,23-24,1/9/24,101,Open
T045,23-24,1/9/24,101,Open
T046,23-24,1/9/24,101,Closed
T047,23-24,1/9/24,101,Closed
T048,23-24,1/9/24,101,Open
T049,23-24,1/9/24,101,Open
T050,23-24,1/9/24,101,Groomed
T051,23-24,1/9/24,101,Open
T052,23-24,1/9/24,101,Open
T053,23-24,1/9/24,101,Closed
T054,23-24,1/9/24,101,Closed
T055,23-24,1/9/24,101,Closed
T056,23-24,1/9/24,101,Open
T057,23-24,1/9/24,101,Groomed
T058,23-24,1/9/24,101,Closed
T061,23-24,1/9/24,101,Groomed
T062,23-24,1/9/24,101,Groomed
T063,23-24,1/9/24,101,Groomed
T064,23-24,1/9/24,101,Groomed
T065,23-24,1/9/24,101,Open
T066,23-24,1/9/24,101,Closed
T067,23-24,1/9/24,101,Closed
T068,23-24,1/9/24,101,Open
T069,23-24,1/9/24,101,Closed
T070,23-24,1/9/24,101,Open
T071,23-24,1/9/24,101,Open
T072,23-24,1/9/24,101,Closed
T073,23-24,1/9/24,101,Closed
T074,23-24,1/9/24,101,Closed
T075,23-24,1/9/24,101,Open
T076,23-24,1/9/24,101,Open
T077,23-24,1/9/24,101,Groomed
T078,23-24,1/9/24,101,Groomed
T079,23-24,1/9/24,101,Groomed
T080,23-24,1/9/24,101,Open
T081,23-24,1/9/24,101,Open
T082,23-24,1/9/24,101,Open
T083,23-24,1/9/24,101,Open
T084,23-24,1/9/24,101,Open
T085,23-24,1/9/24,101,Closed
T086,23-24,1/9/24,101,Open
T087,23-24,1/9/24,101,Open
T088,23-24,1/9/24,101,Open
T089,23-24,1/9/24,101,Open
T090,23-24,1/9/24,101,Open
T091,23-24,1/9/24,101,Open
T092,23-24,1/9/24,101,Open
T107,23-24,1/9/24,101,Groomed
T108,23-24,1/9/24,101,Groomed
T109,23-24,1/9/24,101,Groomed
T110,23-24,1/9/24,101,Open
T111,23-24,1/9/24,101,Open
T112,23-24,1/9/24,101,Open
T113,23-24,1/9/24,101,Open
T114,23-24,1/9/24,101,Open
T115,23-24,1/9/24,101,Open
T116,23-24,1/9/24,101,Open
T117,23-24,1/9/24,101,Open
T118,23-24,1/9/24,101,Open
T119,23-24,1/9/24,101,Closed
T127,23-24,1/9/24,101,Open
T128,23-24,1/9/24,101,Closed
T129,23-24,1/9/24,101,Closed
T130,23-24,1/9/24,101,Closed
T131,23-24,1/9/24,101,Closed
T132,23-24,1/9/24,101,Closed
T133,23-24,1/9/24,101,Closed
T136,23-24,1/9/24,101,Open
T137,23-24,1/9/24,101,Open
T148,23-24,1/9/24,101,Closed
T001,23-24,1/10/24,102,Groomed
T002,23-24,1/10/24,102,Groomed
T003,23-24,1/10/24,102,Groomed
T004,23-24,1/10/24,102,Groomed
T005,23-24,1/10/24,102,Groomed
T006,23-24,1/10/24,102,Open
T007,23-24,1/10/24,102,Groomed
T008,23-24,1/10/24,102,Groomed
T009,23-24,1/10/24,102,Groomed
T010,23-24,1/10/24,102,Closed
T011,23-24,1/10/24,102,Groomed
T012,23-24,1/10/24,102,Groomed
T013,23-24,1/10/24,102,Groomed
T014,23-24,1/10/24,102,Groomed
T015,23-24,1/10/24,102,Groomed
T016,23-24,1/10/24,102,Open
T017,23-24,1/10/24,102,Closed
T018,23-24,1/10/24,102,Closed
T019,23-24,1/10/24,102,Closed
T020,23-24,1/10/24,102,Open
T021,23-24,1/10/24,102,Groomed
T022,23-24,1/10/24,102,Groomed
T023,23-24,1/10/24,102,Groomed
T024,23-24,1/10/24,102,Open
T025,23-24,1/10/24,102,Groomed
T026,23-24,1/10/24,102,Open
T027,23-24,1/10/24,102,Groomed
T028,23-24,1/10/24,102,Groomed
T029,23-24,1/10/24,102,Closed
T030,23-24,1/10/24,102,Groomed
T031,23-24,1/10/24,102,Groomed
T032,23-24,1/10/24,102,Open
T033,23-24,1/10/24,102,Groomed
T034,23-24,1/10/24,102,Groomed
T035,23-24,1/10/24,102,Open
T036,23-24,1/10/24,102,Groomed
T037,23-24,1/10/24,102,Open
T038,23-24,1/10/24,102,Closed
T039,23-24,1/10/24,102,Open
T040,23-24,1/10/24,102,Closed
T042,23-24,1/10/24,102,Open
T043,23-24,1/10/24,102,Open
T044,23-24,1/10/24,102,Open
T045,23-24,1/10/24,102,Open
T046,23-24,1/10/24,102,Closed
T047,23-24,1/10/24,102,Closed
T048,23-24,1/10/24,102,Open
T049,23-24,1/10/24,102,Open
T050,23-24,1/10/24,102,Groomed
T051,23-24,1/10/24,102,Open
T052,23-24,1/10/24,102,Open
T053,23-24,1/10/24,102,Closed
T054,23-24,1/10/24,102,Closed
T055,23-24,1/10/24,102,Closed
T056,23-24,1/10/24,102,Open
T057,23-24,1/10/24,102,Open
T058,23-24,1/10/24,102,Closed
T061,23-24,1/10/24,102,Groomed
T062,23-24,1/10/24,102,Groomed
T063,23-24,1/10/24,102,Groomed
T064,23-24,1/10/24,102,Groomed
T065,23-24,1/10/24,102,Open
T066,23-24,1/10/24,102,Closed
T067,23-24,1/10/24,102,Closed
T068,23-24,1/10/24,102,Open
T069,23-24,1/10/24,102,Closed
T070,23-24,1/10/24,102,Open
T071,23-24,1/10/24,102,Open
T072,23-24,1/10/24,102,Open
T073,23-24,1/10/24,102,Open
T074,23-24,1/10/24,102,Open
T075,23-24,1/10/24,102,Open
T076,23-24,1/10/24,102,Open
T077,23-24,1/10/24,102,Groomed
T078,23-24,1/10/24,102,Groomed
T079,23-24,1/10/24,102,Groomed
T080,23-24,1/10/24,102,Open
T081,23-24,1/10/24,102,Open
T082,23-24,1/10/24,102,Open
T083,23-24,1/10/24,102,Open
T084,23-24,1/10/24,102,Open
T085,23-24,1/10/24,102,Closed
T086,23-24,1/10/24,102,Open
T087,23-24,1/10/24,102,Open
T088,23-24,1/10/24,102,Open
T089,23-24,1/10/24,102,Open
T090,23-24,1/10/24,102,Open
T091,23-24,1/10/24,102,Open
T092,23-24,1/10/24,102,Open
T107,23-24,1/10/24,102,Groomed
T108,23-24,1/10/24,102,Groomed
T109,23-24,1/10/24,102,Groomed
T110,23-24,1/10/24,102,Open
T111,23-24,1/10/24,102,Open
T112,23-24,1/10/24,102,Groomed
T113,23-24,1/10/24,102,Open
T114,23-24,1/10/24,102,Open
T115,23-24,1/10/24,102,Open
T116,23-24,1/10/24,102,Groomed
T117,23-24,1/10/24,102,Open
T118,23-24,1/10/24,102,Groomed
T119,23-24,1/10/24,102,Closed
T127,23-24,1/10/24,102,Open
T128,23-24,1/10/24,102,Closed
T129,23-24,1/10/24,102,Closed
T130,23-24,1/10/24,102,Closed
T131,23-24,1/10/24,102,Closed
T132,23-24,1/10/24,102,Closed
T133,23-24,1/10/24,102,Closed
T136,23-24,1/10/24,102,Open
T137,23-24,1/10/24,102,Open
T148,23-24,1/10/24,102,Closed
T001,23-24,1/11/24,103,Groomed
T002,23-24,1/11/24,103,Groomed
T003,23-24,1/11/24,103,Groomed
T004,23-24,1/11/24,103,Groomed
T005,23-24,1/11/24,103,Groomed
T006,23-24,1/11/24,103,Open
T007,23-24,1/11/24,103,Groomed
T008,23-24,1/11/24,103,Open
T009,23-24,1/11/24,103,Groomed
T010,23-24,1/11/24,103,Closed
T011,23-24,1/11/24,103,Groomed
T012,23-24,1/11/24,103,Groomed
T013,23-24,1/11/24,103,Groomed
T014,23-24,1/11/24,103,Groomed
T015,23-24,1/11/24,103,Groomed
T016,23-24,1/11/24,103,Open
T017,23-24,1/11/24,103,Closed
T018,23-24,1/11/24,103,Closed
T019,23-24,1/11/24,103,Closed
T020,23-24,1/11/24,103,Open
T021,23-24,1/11/24,103,Groomed
T022,23-24,1/11/24,103,Groomed
T023,23-24,1/11/24,103,Groomed
T024,23-24,1/11/24,103,Open
T025,23-24,1/11/24,103,Groomed
T026,23-24,1/11/24,103,Open
T027,23-24,1/11/24,103,Groomed
T028,23-24,1/11/24,103,Groomed
T029,23-24,1/11/24,103,Closed
T030,23-24,1/11/24,103,Groomed
T031,23-24,1/11/24,103,Groomed
T032,23-24,1/11/24,103,Open
T033,23-24,1/11/24,103,Groomed
T034,23-24,1/11/24,103,Groomed
T035,23-24,1/11/24,103,Open
T036,23-24,1/11/24,103,Groomed
T037,23-24,1/11/24,103,Open
T038,23-24,1/11/24,103,Closed
T039,23-24,1/11/24,103,Open
T040,23-24,1/11/24,103,Closed
T042,23-24,1/11/24,103,Open
T043,23-24,1/11/24,103,Open
T044,23-24,1/11/24,103,Open
T045,23-24,1/11/24,103,Open
T046,23-24,1/11/24,103,Closed
T047,23-24,1/11/24,103,Closed
T048,23-24,1/11/24,103,Open
T049,23-24,1/11/24,103,Open
T050,23-24,1/11/24,103,Groomed
T051,23-24,1/11/24,103,Open
T052,23-24,1/11/24,103,Open
T053,23-24,1/11/24,103,Closed
T054,23-24,1/11/24,103,Closed
T055,23-24,1/11/24,103,Closed
T056,23-24,1/11/24,103,Open
T057,23-24,1/11/24,103,Open
T058,23-24,1/11/24,103,Closed
T061,23-24,1/11/24,103,Groomed
T062,23-24,1/11/24,103,Groomed
T063,23-24,1/11/24,103,Groomed
T064,23-24,1/11/24,103,Groomed
T065,23-24,1/11/24,103,Open
T066,23-24,1/11/24,103,Closed
T067,23-24,1/11/24,103,Closed
T068,23-24,1/11/24,103,Open
T069,23-24,1/11/24,103,Closed
T070,23-24,1/11/24,103,Open
T071,23-24,1/11/24,103,Open
T072,23-24,1/11/24,103,Open
T073,23-24,1/11/24,103,Open
T074,23-24,1/11/24,103,Open
T075,23-24,1/11/24,103,Open
T076,23-24,1/11/24,103,Open
T077,23-24,1/11/24,103,Groomed
T078,23-24,1/11/24,103,Groomed
T079,23-24,1/11/24,103,Groomed
T080,23-24,1/11/24,103,Open
T081,23-24,1/11/24,103,Open
T082,23-24,1/11/24,103,Open
T083,23-24,1/11/24,103,Open
T084,23-24,1/11/24,103,Open
T085,23-24,1/11/24,103,Closed
T086,23-24,1/11/24,103,Open
T087,23-24,1/11/24,103,Open
T088,23-24,1/11/24,103,Open
T089,23-24,1/11/24,103,Open
T090,23-24,1/11/24,103,Open
T091,23-24,1/11/24,103,Open
T092,23-24,1/11/24,103,Open
T107,23-24,1/11/24,103,Groomed
T108,23-24,1/11/24,103,Groomed
T109,23-24,1/11/24,103,Groomed
T110,23-24,1/11/24,103,Open
T111,23-24,1/11/24,103,Open
T112,23-24,1/11/24,103,Groomed
T113,23-24,1/11/24,103,Open
T114,23-24,1/11/24,103,Open
T115,23-24,1/11/24,103,Open
T116,23-24,1/11/24,103,Groomed
T117,23-24,1/11/24,103,Open
T118,23-24,1/11/24,103,Groomed
T119,23-24,1/11/24,103,Closed
T127,23-24,1/11/24,103,Open
T128,23-24,1/11/24,103,Closed
T129,23-24,1/11/24,103,Closed
T130,23-24,1/11/24,103,Closed
T131,23-24,1/11/24,103,Closed
T132,23-24,1/11/24,103,Closed
T133,23-24,1/11/24,103,Closed
T136,23-24,1/11/24,103,Open
T137,23-24,1/11/24,103,Open
T148,23-24,1/11/24,103,Closed
T001,23-24,1/12/24,104,Groomed
T002,23-24,1/12/24,104,Groomed
T003,23-24,1/12/24,104,Groomed
T004,23-24,1/12/24,104,Groomed
T005,23-24,1/12/24,104,Groomed
T006,23-24,1/12/24,104,Open
T007,23-24,1/12/24,104,Groomed
T008,23-24,1/12/24,104,Groomed
T009,23-24,1/12/24,104,Groomed
T010,23-24,1/12/24,104,Closed
T011,23-24,1/12/24,104,Groomed
T012,23-24,1/12/24,104,Groomed
T013,23-24,1/12/24,104,Groomed
T014,23-24,1/12/24,104,Groomed
T015,23-24,1/12/24,104,Groomed
T016,23-24,1/12/24,104,Open
T017,23-24,1/12/24,104,Closed
T018,23-24,1/12/24,104,Closed
T019,23-24,1/12/24,104,Closed
T020,23-24,1/12/24,104,Open
T021,23-24,1/12/24,104,Groomed
T022,23-24,1/12/24,104,Groomed
T023,23-24,1/12/24,104,Groomed
T024,23-24,1/12/24,104,Open
T025,23-24,1/12/24,104,Groomed
T026,23-24,1/12/24,104,Open
T027,23-24,1/12/24,104,Groomed
T028,23-24,1/12/24,104,Groomed
T029,23-24,1/12/24,104,Closed
T030,23-24,1/12/24,104,Groomed
T031,23-24,1/12/24,104,Groomed
T032,23-24,1/12/24,104,Open
T033,23-24,1/12/24,104,Groomed
T034,23-24,1/12/24,104,Groomed
T035,23-24,1/12/24,104,Open
T036,23-24,1/12/24,104,Groomed
T037,23-24,1/12/24,104,Open
T038,23-24,1/12/24,104,Closed
T039,23-24,1/12/24,104,Open
T040,23-24,1/12/24,104,Groomed
T042,23-24,1/12/24,104,Open
T043,23-24,1/12/24,104,Open
T044,23-24,1/12/24,104,Open
T045,23-24,1/12/24,104,Open
T046,23-24,1/12/24,104,Closed
T047,23-24,1/12/24,104,Closed
T048,23-24,1/12/24,104,Open
T049,23-24,1/12/24,104,Open
T050,23-24,1/12/24,104,Groomed
T051,23-24,1/12/24,104,Open
T052,23-24,1/12/24,104,Open
T053,23-24,1/12/24,104,Closed
T054,23-24,1/12/24,104,Closed
T055,23-24,1/12/24,104,Closed
T056,23-24,1/12/24,104,Open
T057,23-24,1/12/24,104,Open
T058,23-24,1/12/24,104,Closed
T061,23-24,1/12/24,104,Groomed
T062,23-24,1/12/24,104,Groomed
T063,23-24,1/12/24,104,Groomed
T064,23-24,1/12/24,104,Groomed
T065,23-24,1/12/24,104,Open
T066,23-24,1/12/24,104,Closed
T067,23-24,1/12/24,104,Closed
T068,23-24,1/12/24,104,Open
T069,23-24,1/12/24,104,Closed
T070,23-24,1/12/24,104,Open
T071,23-24,1/12/24,104,Open
T072,23-24,1/12/24,104,Open
T073,23-24,1/12/24,104,Open
T074,23-24,1/12/24,104,Open
T075,23-24,1/12/24,104,Open
T076,23-24,1/12/24,104,Open
T077,23-24,1/12/24,104,Groomed
T078,23-24,1/12/24,104,Groomed
T079,23-24,1/12/24,104,Groomed
T080,23-24,1/12/24,104,Open
T081,23-24,1/12/24,104,Open
T082,23-24,1/12/24,104,Open
T083,23-24,1/12/24,104,Open
T084,23-24,1/12/24,104,Open
T085,23-24,1/12/24,104,Closed
T086,23-24,1/12/24,104,Open
T087,23-24,1/12/24,104,Open
T088,23-24,1/12/24,104,Open
T089,23-24,1/12/24,104,Open
T090,23-24,1/12/24,104,Open
T091,23-24,1/12/24,104,Open
T092,23-24,1/12/24,104,Open
T107,23-24,1/12/24,104,Groomed
T108,23-24,1/12/24,104,Groomed
T109,23-24,1/12/24,104,Groomed
T110,23-24,1/12/24,104,Open
T111,23-24,1/12/24,104,Open
T112,23-24,1/12/24,104,Groomed
T113,23-24,1/12/24,104,Open
T114,23-24,1/12/24,104,Open
T115,23-24,1/12/24,104,Open
T116,23-24,1/12/24,104,Groomed
T117,23-24,1/12/24,104,Open
T118,23-24,1/12/24,104,Groomed
T119,23-24,1/12/24,104,Closed
T127,23-24,1/12/24,104,Open
T128,23-24,1/12/24,104,Closed
T129,23-24,1/12/24,104,Closed
T130,23-24,1/12/24,104,Closed
T131,23-24,1/12/24,104,Closed
T132,23-24,1/12/24,104,Closed
T133,23-24,1/12/24,104,Closed
T136,23-24,1/12/24,104,Open
T137,23-24,1/12/24,104,Open
T148,23-24,1/12/24,104,Closed
T001,23-24,1/13/24,105,Groomed
T002,23-24,1/13/24,105,Groomed
T003,23-24,1/13/24,105,Groomed
T004,23-24,1/13/24,105,Groomed
T005,23-24,1/13/24,105,Groomed
T006,23-24,1/13/24,105,Open
T007,23-24,1/13/24,105,Groomed
T008,23-24,1/13/24,105,Groomed
T009,23-24,1/13/24,105,Groomed
T010,23-24,1/13/24,105,Closed
T011,23-24,1/13/24,105,Groomed
T012,23-24,1/13/24,105,Groomed
T013,23-24,1/13/24,105,Groomed
T014,23-24,1/13/24,105,Groomed
T015,23-24,1/13/24,105,Groomed
T016,23-24,1/13/24,105,Open
T017,23-24,1/13/24,105,Closed
T018,23-24,1/13/24,105,Closed
T019,23-24,1/13/24,105,Closed
T020,23-24,1/13/24,105,Open
T021,23-24,1/13/24,105,Groomed
T022,23-24,1/13/24,105,Groomed
T023,23-24,1/13/24,105,Open
T024,23-24,1/13/24,105,Open
T025,23-24,1/13/24,105,Groomed
T026,23-24,1/13/24,105,Open
T027,23-24,1/13/24,105,Groomed
T028,23-24,1/13/24,105,Groomed
T029,23-24,1/13/24,105,Closed
T030,23-24,1/13/24,105,Groomed
T031,23-24,1/13/24,105,Groomed
T032,23-24,1/13/24,105,Open
T033,23-24,1/13/24,105,Groomed
T034,23-24,1/13/24,105,Groomed
T035,23-24,1/13/24,105,Open
T036,23-24,1/13/24,105,Groomed
T037,23-24,1/13/24,105,Open
T038,23-24,1/13/24,105,Closed
T039,23-24,1/13/24,105,Open
T040,23-24,1/13/24,105,Open
T042,23-24,1/13/24,105,Open
T043,23-24,1/13/24,105,Open
T044,23-24,1/13/24,105,Open
T045,23-24,1/13/24,105,Open
T046,23-24,1/13/24,105,Closed
T047,23-24,1/13/24,105,Closed
T048,23-24,1/13/24,105,Open
T049,23-24,1/13/24,105,Open
T050,23-24,1/13/24,105,Groomed
T051,23-24,1/13/24,105,Open
T052,23-24,1/13/24,105,Open
T053,23-24,1/13/24,105,Closed
T054,23-24,1/13/24,105,Closed
T055,23-24,1/13/24,105,Closed
T056,23-24,1/13/24,105,Open
T057,23-24,1/13/24,105,Open
T058,23-24,1/13/24,105,Closed
T061,23-24,1/13/24,105,Groomed
T062,23-24,1/13/24,105,Groomed
T063,23-24,1/13/24,105,Groomed
T064,23-24,1/13/24,105,Groomed
T065,23-24,1/13/24,105,Open
T066,23-24,1/13/24,105,Closed
T067,23-24,1/13/24,105,Closed
T068,23-24,1/13/24,105,Open
T069,23-24,1/13/24,105,Closed
T070,23-24,1/13/24,105,Open
T071,23-24,1/13/24,105,Open
T072,23-24,1/13/24,105,Open
T073,23-24,1/13/24,105,Open
T074,23-24,1/13/24,105,Open
T075,23-24,1/13/24,105,Open
T076,23-24,1/13/24,105,Open
T077,23-24,1/13/24,105,Groomed
T078,23-24,1/13/24,105,Groomed
T079,23-24,1/13/24,105,Groomed
T080,23-24,1/13/24,105,Open
T081,23-24,1/13/24,105,Open
T082,23-24,1/13/24,105,Open
T083,23-24,1/13/24,105,Open
T084,23-24,1/13/24,105,Open
T085,23-24,1/13/24,105,Closed
T086,23-24,1/13/24,105,Open
T087,23-24,1/13/24,105,Open
T088,23-24,1/13/24,105,Open
T089,23-24,1/13/24,105,Open
T090,23-24,1/13/24,105,Open
T091,23-24,1/13/24,105,Open
T092,23-24,1/13/24,105,Open
T107,23-24,1/13/24,105,Groomed
T108,23-24,1/13/24,105,Groomed
T109,23-24,1/13/24,105,Groomed
T110,23-24,1/13/24,105,Open
T111,23-24,1/13/24,105,Open
T112,23-24,1/13/24,105,Groomed
T113,23-24,1/13/24,105,Open
T114,23-24,1/13/24,105,Open
T115,23-24,1/13/24,105,Open
T116,23-24,1/13/24,105,Groomed
T117,23-24,1/13/24,105,Open
T118,23-24,1/13/24,105,Groomed
T119,23-24,1/13/24,105,Closed
T127,23-24,1/13/24,105,Open
T128,23-24,1/13/24,105,Closed
T129,23-24,1/13/24,105,Closed
T130,23-24,1/13/24,105,Closed
T131,23-24,1/13/24,105,Closed
T132,23-24,1/13/24,105,Closed
T133,23-24,1/13/24,105,Closed
T136,23-24,1/13/24,105,Open
T137,23-24,1/13/24,105,Open
T148,23-24,1/13/24,105,Closed
T001,23-24,1/14/24,106,Groomed
T002,23-24,1/14/24,106,Groomed
T003,23-24,1/14/24,106,Groomed
T004,23-24,1/14/24,106,Groomed
T005,23-24,1/14/24,106,Groomed
T006,23-24,1/14/24,106,Open
T007,23-24,1/14/24,106,Groomed
T008,23-24,1/14/24,106,Groomed
T009,23-24,1/14/24,106,Groomed
T010,23-24,1/14/24,106,Closed
T011,23-24,1/14/24,106,Groomed
T012,23-24,1/14/24,106,Groomed
T013,23-24,1/14/24,106,Groomed
T014,23-24,1/14/24,106,Groomed
T015,23-24,1/14/24,106,Groomed
T016,23-24,1/14/24,106,Open
T017,23-24,1/14/24,106,Closed
T018,23-24,1/14/24,106,Closed
T019,23-24,1/14/24,106,Closed
T020,23-24,1/14/24,106,Open
T021,23-24,1/14/24,106,Groomed
T022,23-24,1/14/24,106,Groomed
T023,23-24,1/14/24,106,Open
T024,23-24,1/14/24,106,Open
T025,23-24,1/14/24,106,Groomed
T026,23-24,1/14/24,106,Open
T027,23-24,1/14/24,106,Groomed
T028,23-24,1/14/24,106,Groomed
T029,23-24,1/14/24,106,Closed
T030,23-24,1/14/24,106,Groomed
T031,23-24,1/14/24,106,Groomed
T032,23-24,1/14/24,106,Open
T033,23-24,1/14/24,106,Groomed
T034,23-24,1/14/24,106,Groomed
T035,23-24,1/14/24,106,Open
T036,23-24,1/14/24,106,Groomed
T037,23-24,1/14/24,106,Open
T038,23-24,1/14/24,106,Closed
T039,23-24,1/14/24,106,Open
T040,23-24,1/14/24,106,Open
T042,23-24,1/14/24,106,Open
T043,23-24,1/14/24,106,Open
T044,23-24,1/14/24,106,Open
T045,23-24,1/14/24,106,Open
T046,23-24,1/14/24,106,Closed
T047,23-24,1/14/24,106,Closed
T048,23-24,1/14/24,106,Open
T049,23-24,1/14/24,106,Open
T050,23-24,1/14/24,106,Groomed
T051,23-24,1/14/24,106,Open
T052,23-24,1/14/24,106,Open
T053,23-24,1/14/24,106,Closed
T054,23-24,1/14/24,106,Closed
T055,23-24,1/14/24,106,Closed
T056,23-24,1/14/24,106,Open
T057,23-24,1/14/24,106,Open
T058,23-24,1/14/24,106,Closed
T061,23-24,1/14/24,106,Groomed
T062,23-24,1/14/24,106,Groomed
T063,23-24,1/14/24,106,Groomed
T064,23-24,1/14/24,106,Groomed
T065,23-24,1/14/24,106,Open
T066,23-24,1/14/24,106,Closed
T067,23-24,1/14/24,106,Closed
T068,23-24,1/14/24,106,Open
T069,23-24,1/14/24,106,Closed
T070,23-24,1/14/24,106,Open
T071,23-24,1/14/24,106,Open
T072,23-24,1/14/24,106,Open
T073,23-24,1/14/24,106,Open
T074,23-24,1/14/24,106,Open
T075,23-24,1/14/24,106,Open
T076,23-24,1/14/24,106,Open
T077,23-24,1/14/24,106,Groomed
T078,23-24,1/14/24,106,Groomed
T079,23-24,1/14/24,106,Groomed
T080,23-24,1/14/24,106,Open
T081,23-24,1/14/24,106,Open
T082,23-24,1/14/24,106,Open
T083,23-24,1/14/24,106,Open
T084,23-24,1/14/24,106,Open
T085,23-24,1/14/24,106,Closed
T086,23-24,1/14/24,106,Open
T087,23-24,1/14/24,106,Open
T088,23-24,1/14/24,106,Open
T089,23-24,1/14/24,106,Open
T090,23-24,1/14/24,106,Open
T091,23-24,1/14/24,106,Open
T092,23-24,1/14/24,106,Open
T107,23-24,1/14/24,106,Groomed
T108,23-24,1/14/24,106,Groomed
T109,23-24,1/14/24,106,Groomed
T110,23-24,1/14/24,106,Open
T111,23-24,1/14/24,106,Open
T112,23-24,1/14/24,106,Groomed
T113,23-24,1/14/24,106,Open
T114,23-24,1/14/24,106,Open
T115,23-24,1/14/24,106,Open
T116,23-24,1/14/24,106,Groomed
T117,23-24,1/14/24,106,Open
T118,23-24,1/14/24,106,Groomed
T119,23-24,1/14/24,106,Closed
T127,23-24,1/14/24,106,Open
T128,23-24,1/14/24,106,Closed
T129,23-24,1/14/24,106,Closed
T130,23-24,1/14/24,106,Closed
T131,23-24,1/14/24,106,Closed
T132,23-24,1/14/24,106,Closed
T133,23-24,1/14/24,106,Closed
T136,23-24,1/14/24,106,Open
T137,23-24,1/14/24,106,Open
T148,23-24,1/14/24,106,Closed
T001,23-24,1/15/24,107,Groomed
T002,23-24,1/15/24,107,Groomed
T003,23-24,1/15/24,107,Groomed
T004,23-24,1/15/24,107,Open
T005,23-24,1/15/24,107,Groomed
T006,23-24,1/15/24,107,Open
T007,23-24,1/15/24,107,Groomed
T008,23-24,1/15/24,107,Groomed
T009,23-24,1/15/24,107,Open
T010,23-24,1/15/24,107,Closed
T011,23-24,1/15/24,107,Groomed
T012,23-24,1/15/24,107,Groomed
T013,23-24,1/15/24,107,Groomed
T014,23-24,1/15/24,107,Groomed
T015,23-24,1/15/24,107,Groomed
T016,23-24,1/15/24,107,Open
T017,23-24,1/15/24,107,Closed
T018,23-24,1/15/24,107,Closed
T019,23-24,1/15/24,107,Closed
T020,23-24,1/15/24,107,Open
T021,23-24,1/15/24,107,Groomed
T022,23-24,1/15/24,107,Groomed
T023,23-24,1/15/24,107,Open
T024,23-24,1/15/24,107,Open
T025,23-24,1/15/24,107,Groomed
T026,23-24,1/15/24,107,Open
T027,23-24,1/15/24,107,Groomed
T028,23-24,1/15/24,107,Groomed
T029,23-24,1/15/24,107,Closed
T030,23-24,1/15/24,107,Groomed
T031,23-24,1/15/24,107,Groomed
T032,23-24,1/15/24,107,Groomed
T033,23-24,1/15/24,107,Groomed
T034,23-24,1/15/24,107,Groomed
T035,23-24,1/15/24,107,Open
T036,23-24,1/15/24,107,Groomed
T037,23-24,1/15/24,107,Open
T038,23-24,1/15/24,107,Closed
T039,23-24,1/15/24,107,Open
T040,23-24,1/15/24,107,Open
T042,23-24,1/15/24,107,Open
T043,23-24,1/15/24,107,Open
T044,23-24,1/15/24,107,Open
T045,23-24,1/15/24,107,Open
T046,23-24,1/15/24,107,Closed
T047,23-24,1/15/24,107,Closed
T048,23-24,1/15/24,107,Open
T049,23-24,1/15/24,107,Open
T050,23-24,1/15/24,107,Groomed
T051,23-24,1/15/24,107,Open
T052,23-24,1/15/24,107,Open
T053,23-24,1/15/24,107,Closed
T054,23-24,1/15/24,107,Closed
T055,23-24,1/15/24,107,Closed
T056,23-24,1/15/24,107,Open
T057,23-24,1/15/24,107,Open
T058,23-24,1/15/24,107,Closed
T061,23-24,1/15/24,107,Groomed
T062,23-24,1/15/24,107,Groomed
T063,23-24,1/15/24,107,Groomed
T064,23-24,1/15/24,107,Groomed
T065,23-24,1/15/24,107,Open
T066,23-24,1/15/24,107,Closed
T067,23-24,1/15/24,107,Closed
T068,23-24,1/15/24,107,Open
T069,23-24,1/15/24,107,Closed
T070,23-24,1/15/24,107,Open
T071,23-24,1/15/24,107,Open
T072,23-24,1/15/24,107,Open
T073,23-24,1/15/24,107,Open
T074,23-24,1/15/24,107,Open
T075,23-24,1/15/24,107,Open
T076,23-24,1/15/24,107,Open
T077,23-24,1/15/24,107,Groomed
T078,23-24,1/15/24,107,Groomed
T079,23-24,1/15/24,107,Groomed
T080,23-24,1/15/24,107,Open
T081,23-24,1/15/24,107,Open
T082,23-24,1/15/24,107,Open
T083,23-24,1/15/24,107,Open
T084,23-24,1/15/24,107,Open
T085,23-24,1/15/24,107,Closed
T086,23-24,1/15/24,107,Open
T087,23-24,1/15/24,107,Open
T088,23-24,1/15/24,107,Open
T089,23-24,1/15/24,107,Open
T090,23-24,1/15/24,107,Open
T091,23-24,1/15/24,107,Open
T092,23-24,1/15/24,107,Open
T107,23-24,1/15/24,107,Groomed
T108,23-24,1/15/24,107,Groomed
T109,23-24,1/15/24,107,Groomed
T110,23-24,1/15/24,107,Open
T111,23-24,1/15/24,107,Open
T112,23-24,1/15/24,107,Groomed
T113,23-24,1/15/24,107,Open
T114,23-24,1/15/24,107,Open
T115,23-24,1/15/24,107,Open
T116,23-24,1/15/24,107,Groomed
T117,23-24,1/15/24,107,Open
T118,23-24,1/15/24,107,Groomed
T119,23-24,1/15/24,107,Closed
T127,23-24,1/15/24,107,Open
T128,23-24,1/15/24,107,Closed
T129,23-24,1/15/24,107,Closed
T130,23-24,1/15/24,107,Closed
T131,23-24,1/15/24,107,Closed
T132,23-24,1/15/24,107,Closed
T133,23-24,1/15/24,107,Closed
T136,23-24,1/15/24,107,Open
T137,23-24,1/15/24,107,Open
T148,23-24,1/15/24,107,Closed
T001,23-24,1/16/24,108,Groomed
T002,23-24,1/16/24,108,Groomed
T003,23-24,1/16/24,108,Groomed
T004,23-24,1/16/24,108,Open
T005,23-24,1/16/24,108,Groomed
T006,23-24,1/16/24,108,Open
T007,23-24,1/16/24,108,Groomed
T008,23-24,1/16/24,108,Groomed
T009,23-24,1/16/24,108,Open
T010,23-24,1/16/24,108,Closed
T011,23-24,1/16/24,108,Groomed
T012,23-24,1/16/24,108,Groomed
T013,23-24,1/16/24,108,Groomed
T014,23-24,1/16/24,108,Groomed
T015,23-24,1/16/24,108,Groomed
T016,23-24,1/16/24,108,Open
T017,23-24,1/16/24,108,Open
T018,23-24,1/16/24,108,Closed
T019,23-24,1/16/24,108,Open
T020,23-24,1/16/24,108,Open
T021,23-24,1/16/24,108,Groomed
T022,23-24,1/16/24,108,Groomed
T023,23-24,1/16/24,108,Open
T024,23-24,1/16/24,108,Open
T025,23-24,1/16/24,108,Groomed
T026,23-24,1/16/24,108,Open
T027,23-24,1/16/24,108,Groomed
T028,23-24,1/16/24,108,Groomed
T029,23-24,1/16/24,108,Closed
T030,23-24,1/16/24,108,Groomed
T031,23-24,1/16/24,108,Groomed
T032,23-24,1/16/24,108,Groomed
T033,23-24,1/16/24,108,Groomed
T034,23-24,1/16/24,108,Groomed
T035,23-24,1/16/24,108,Open
T036,23-24,1/16/24,108,Groomed
T037,23-24,1/16/24,108,Open
T038,23-24,1/16/24,108,Closed
T039,23-24,1/16/24,108,Open
T040,23-24,1/16/24,108,Open
T042,23-24,1/16/24,108,Open
T043,23-24,1/16/24,108,Open
T044,23-24,1/16/24,108,Open
T045,23-24,1/16/24,108,Open
T046,23-24,1/16/24,108,Closed
T047,23-24,1/16/24,108,Open
T048,23-24,1/16/24,108,Open
T049,23-24,1/16/24,108,Open
T050,23-24,1/16/24,108,Groomed
T051,23-24,1/16/24,108,Open
T052,23-24,1/16/24,108,Open
T053,23-24,1/16/24,108,Closed
T054,23-24,1/16/24,108,Closed
T055,23-24,1/16/24,108,Closed
T056,23-24,1/16/24,108,Open
T057,23-24,1/16/24,108,Open
T058,23-24,1/16/24,108,Closed
T061,23-24,1/16/24,108,Groomed
T062,23-24,1/16/24,108,Groomed
T063,23-24,1/16/24,108,Groomed
T064,23-24,1/16/24,108,Groomed
T065,23-24,1/16/24,108,Open
T066,23-24,1/16/24,108,Closed
T067,23-24,1/16/24,108,Closed
T068,23-24,1/16/24,108,Open
T069,23-24,1/16/24,108,Closed
T070,23-24,1/16/24,108,Open
T071,23-24,1/16/24,108,Open
T072,23-24,1/16/24,108,Open
T073,23-24,1/16/24,108,Open
T074,23-24,1/16/24,108,Open
T075,23-24,1/16/24,108,Open
T076,23-24,1/16/24,108,Open
T077,23-24,1/16/24,108,Groomed
T078,23-24,1/16/24,108,Groomed
T079,23-24,1/16/24,108,Groomed
T080,23-24,1/16/24,108,Open
T081,23-24,1/16/24,108,Open
T082,23-24,1/16/24,108,Open
T083,23-24,1/16/24,108,Open
T084,23-24,1/16/24,108,Open
T085,23-24,1/16/24,108,Closed
T086,23-24,1/16/24,108,Open
T087,23-24,1/16/24,108,Open
T088,23-24,1/16/24,108,Open
T089,23-24,1/16/24,108,Open
T090,23-24,1/16/24,108,Open
T091,23-24,1/16/24,108,Open
T092,23-24,1/16/24,108,Open
T107,23-24,1/16/24,108,Groomed
T108,23-24,1/16/24,108,Groomed
T109,23-24,1/16/24,108,Groomed
T110,23-24,1/16/24,108,Open
T111,23-24,1/16/24,108,Open
T112,23-24,1/16/24,108,Groomed
T113,23-24,1/16/24,108,Open
T114,23-24,1/16/24,108,Open
T115,23-24,1/16/24,108,Open
T116,23-24,1/16/24,108,Groomed
T117,23-24,1/16/24,108,Open
T118,23-24,1/16/24,108,Groomed
T119,23-24,1/16/24,108,Closed
T127,23-24,1/16/24,108,Open
T128,23-24,1/16/24,108,Closed
T129,23-24,1/16/24,108,Closed
T130,23-24,1/16/24,108,Closed
T131,23-24,1/16/24,108,Closed
T132,23-24,1/16/24,108,Closed
T133,23-24,1/16/24,108,Closed
T136,23-24,1/16/24,108,Open
T137,23-24,1/16/24,108,Open
T148,23-24,1/16/24,108,Closed
T001,23-24,1/17/24,109,Groomed
T002,23-24,1/17/24,109,Groomed
T003,23-24,1/17/24,109,Groomed
T004,23-24,1/17/24,109,Groomed
T005,23-24,1/17/24,109,Groomed
T006,23-24,1/17/24,109,Open
T007,23-24,1/17/24,109,Groomed
T008,23-24,1/17/24,109,Groomed
T009,23-24,1/17/24,109,Groomed
T010,23-24,1/17/24,109,Closed
T011,23-24,1/17/24,109,Groomed
T012,23-24,1/17/24,109,Groomed
T013,23-24,1/17/24,109,Groomed
T014,23-24,1/17/24,109,Groomed
T015,23-24,1/17/24,109,Groomed
T016,23-24,1/17/24,109,Open
T017,23-24,1/17/24,109,Open
T018,23-24,1/17/24,109,Closed
T019,23-24,1/17/24,109,Open
T020,23-24,1/17/24,109,Open
T021,23-24,1/17/24,109,Groomed
T022,23-24,1/17/24,109,Groomed
T023,23-24,1/17/24,109,Open
T024,23-24,1/17/24,109,Open
T025,23-24,1/17/24,109,Groomed
T026,23-24,1/17/24,109,Open
T027,23-24,1/17/24,109,Open
T028,23-24,1/17/24,109,Groomed
T029,23-24,1/17/24,109,Closed
T030,23-24,1/17/24,109,Groomed
T031,23-24,1/17/24,109,Groomed
T032,23-24,1/17/24,109,Groomed
T033,23-24,1/17/24,109,Groomed
T034,23-24,1/17/24,109,Groomed
T035,23-24,1/17/24,109,Open
T036,23-24,1/17/24,109,Groomed
T037,23-24,1/17/24,109,Open
T038,23-24,1/17/24,109,Closed
T039,23-24,1/17/24,109,Open
T040,23-24,1/17/24,109,Open
T042,23-24,1/17/24,109,Open
T043,23-24,1/17/24,109,Open
T044,23-24,1/17/24,109,Open
T045,23-24,1/17/24,109,Open
T046,23-24,1/17/24,109,Closed
T047,23-24,1/17/24,109,Open
T048,23-24,1/17/24,109,Open
T049,23-24,1/17/24,109,Open
T050,23-24,1/17/24,109,Groomed
T051,23-24,1/17/24,109,Open
T052,23-24,1/17/24,109,Open
T053,23-24,1/17/24,109,Closed
T054,23-24,1/17/24,109,Closed
T055,23-24,1/17/24,109,Closed
T056,23-24,1/17/24,109,Open
T057,23-24,1/17/24,109,Open
T058,23-24,1/17/24,109,Closed
T061,23-24,1/17/24,109,Groomed
T062,23-24,1/17/24,109,Groomed
T063,23-24,1/17/24,109,Groomed
T064,23-24,1/17/24,109,Groomed
T065,23-24,1/17/24,109,Open
T066,23-24,1/17/24,109,Closed
T067,23-24,1/17/24,109,Closed
T068,23-24,1/17/24,109,Open
T069,23-24,1/17/24,109,Closed
T070,23-24,1/17/24,109,Open
T071,23-24,1/17/24,109,Open
T072,23-24,1/17/24,109,Open
T073,23-24,1/17/24,109,Open
T074,23-24,1/17/24,109,Open
T075,23-24,1/17/24,109,Open
T076,23-24,1/17/24,109,Open
T077,23-24,1/17/24,109,Groomed
T078,23-24,1/17/24,109,Groomed
T079,23-24,1/17/24,109,Groomed
T080,23-24,1/17/24,109,Open
T081,23-24,1/17/24,109,Open
T082,23-24,1/17/24,109,Open
T083,23-24,1/17/24,109,Open
T084,23-24,1/17/24,109,Open
T085,23-24,1/17/24,109,Closed
T086,23-24,1/17/24,109,Open
T087,23-24,1/17/24,109,Open
T088,23-24,1/17/24,109,Open
T089,23-24,1/17/24,109,Open
T090,23-24,1/17/24,109,Open
T091,23-24,1/17/24,109,Open
T092,23-24,1/17/24,109,Open
T107,23-24,1/17/24,109,Groomed
T108,23-24,1/17/24,109,Groomed
T109,23-24,1/17/24,109,Groomed
T110,23-24,1/17/24,109,Open
T111,23-24,1/17/24,109,Open
T112,23-24,1/17/24,109,Groomed
T113,23-24,1/17/24,109,Open
T114,23-24,1/17/24,109,Open
T115,23-24,1/17/24,109,Open
T116,23-24,1/17/24,109,Groomed
T117,23-24,1/17/24,109,Open
T118,23-24,1/17/24,109,Groomed
T119,23-24,1/17/24,109,Closed
T127,23-24,1/17/24,109,Open
T128,23-24,1/17/24,109,Closed
T129,23-24,1/17/24,109,Closed
T130,23-24,1/17/24,109,Closed
T131,23-24,1/17/24,109,Closed
T132,23-24,1/17/24,109,Closed
T133,23-24,1/17/24,109,Closed
T136,23-24,1/17/24,109,Open
T137,23-24,1/17/24,109,Open
T148,23-24,1/17/24,109,Closed
T001,23-24,1/18/24,110,Groomed
T002,23-24,1/18/24,110,Groomed
T003,23-24,1/18/24,110,Groomed
T004,23-24,1/18/24,110,Groomed
T005,23-24,1/18/24,110,Groomed
T006,23-24,1/18/24,110,Open
T007,23-24,1/18/24,110,Groomed
T008,23-24,1/18/24,110,Groomed
T009,23-24,1/18/24,110,Groomed
T010,23-24,1/18/24,110,Closed
T011,23-24,1/18/24,110,Groomed
T012,23-24,1/18/24,110,Groomed
T013,23-24,1/18/24,110,Groomed
T014,23-24,1/18/24,110,Groomed
T015,23-24,1/18/24,110,Groomed
T016,23-24,1/18/24,110,Open
T017,23-24,1/18/24,110,Open
T018,23-24,1/18/24,110,Closed
T019,23-24,1/18/24,110,Open
T020,23-24,1/18/24,110,Open
T021,23-24,1/18/24,110,Groomed
T022,23-24,1/18/24,110,Groomed
T023,23-24,1/18/24,110,Open
T024,23-24,1/18/24,110,Open
T025,23-24,1/18/24,110,Groomed
T026,23-24,1/18/24,110,Open
T027,23-24,1/18/24,110,Open
T028,23-24,1/18/24,110,Groomed
T029,23-24,1/18/24,110,Closed
T030,23-24,1/18/24,110,Groomed
T031,23-24,1/18/24,110,Groomed
T032,23-24,1/18/24,110,Open
T033,23-24,1/18/24,110,Groomed
T034,23-24,1/18/24,110,Groomed
T035,23-24,1/18/24,110,Open
T036,23-24,1/18/24,110,Groomed
T037,23-24,1/18/24,110,Open
T038,23-24,1/18/24,110,Closed
T039,23-24,1/18/24,110,Open
T040,23-24,1/18/24,110,Open
T042,23-24,1/18/24,110,Open
T043,23-24,1/18/24,110,Open
T044,23-24,1/18/24,110,Open
T045,23-24,1/18/24,110,Open
T046,23-24,1/18/24,110,Closed
T047,23-24,1/18/24,110,Open
T048,23-24,1/18/24,110,Open
T049,23-24,1/18/24,110,Open
T050,23-24,1/18/24,110,Groomed
T051,23-24,1/18/24,110,Open
T052,23-24,1/18/24,110,Open
T053,23-24,1/18/24,110,Closed
T054,23-24,1/18/24,110,Closed
T055,23-24,1/18/24,110,Closed
T056,23-24,1/18/24,110,Open
T057,23-24,1/18/24,110,Open
T058,23-24,1/18/24,110,Closed
T061,23-24,1/18/24,110,Groomed
T062,23-24,1/18/24,110,Groomed
T063,23-24,1/18/24,110,Groomed
T064,23-24,1/18/24,110,Groomed
T065,23-24,1/18/24,110,Open
T066,23-24,1/18/24,110,Closed
T067,23-24,1/18/24,110,Closed
T068,23-24,1/18/24,110,Open
T069,23-24,1/18/24,110,Closed
T070,23-24,1/18/24,110,Open
T071,23-24,1/18/24,110,Open
T072,23-24,1/18/24,110,Open
T073,23-24,1/18/24,110,Open
T074,23-24,1/18/24,110,Open
T075,23-24,1/18/24,110,Open
T076,23-24,1/18/24,110,Open
T077,23-24,1/18/24,110,Groomed
T078,23-24,1/18/24,110,Groomed
T079,23-24,1/18/24,110,Groomed
T080,23-24,1/18/24,110,Open
T081,23-24,1/18/24,110,Open
T082,23-24,1/18/24,110,Open
T083,23-24,1/18/24,110,Groomed
T084,23-24,1/18/24,110,Open
T085,23-24,1/18/24,110,Closed
T086,23-24,1/18/24,110,Open
T087,23-24,1/18/24,110,Open
T088,23-24,1/18/24,110,Open
T089,23-24,1/18/24,110,Open
T090,23-24,1/18/24,110,Open
T091,23-24,1/18/24,110,Open
T092,23-24,1/18/24,110,Open
T107,23-24,1/18/24,110,Groomed
T108,23-24,1/18/24,110,Groomed
T109,23-24,1/18/24,110,Groomed
T110,23-24,1/18/24,110,Open
T111,23-24,1/18/24,110,Open
T112,23-24,1/18/24,110,Groomed
T113,23-24,1/18/24,110,Open
T114,23-24,1/18/24,110,Open
T115,23-24,1/18/24,110,Open
T116,23-24,1/18/24,110,Groomed
T117,23-24,1/18/24,110,Open
T118,23-24,1/18/24,110,Groomed
T119,23-24,1/18/24,110,Closed
T127,23-24,1/18/24,110,Open
T128,23-24,1/18/24,110,Closed
T129,23-24,1/18/24,110,Closed
T130,23-24,1/18/24,110,Closed
T131,23-24,1/18/24,110,Closed
T132,23-24,1/18/24,110,Closed
T133,23-24,1/18/24,110,Closed
T136,23-24,1/18/24,110,Open
T137,23-24,1/18/24,110,Open
T148,23-24,1/18/24,110,Closed
T001,23-24,1/19/24,111,Groomed
T002,23-24,1/19/24,111,Groomed
T003,23-24,1/19/24,111,Groomed
T004,23-24,1/19/24,111,Groomed
T005,23-24,1/19/24,111,Groomed
T006,23-24,1/19/24,111,Open
T007,23-24,1/19/24,111,Groomed
T008,23-24,1/19/24,111,Groomed
T009,23-24,1/19/24,111,Groomed
T010,23-24,1/19/24,111,Closed
T011,23-24,1/19/24,111,Groomed
T012,23-24,1/19/24,111,Groomed
T013,23-24,1/19/24,111,Groomed
T014,23-24,1/19/24,111,Groomed
T015,23-24,1/19/24,111,Groomed
T016,23-24,1/19/24,111,Open
T017,23-24,1/19/24,111,Open
T018,23-24,1/19/24,111,Closed
T019,23-24,1/19/24,111,Open
T020,23-24,1/19/24,111,Open
T021,23-24,1/19/24,111,Groomed
T022,23-24,1/19/24,111,Groomed
T023,23-24,1/19/24,111,Groomed
T024,23-24,1/19/24,111,Open
T025,23-24,1/19/24,111,Groomed
T026,23-24,1/19/24,111,Open
T027,23-24,1/19/24,111,Groomed
T028,23-24,1/19/24,111,Groomed
T029,23-24,1/19/24,111,Closed
T030,23-24,1/19/24,111,Groomed
T031,23-24,1/19/24,111,Groomed
T032,23-24,1/19/24,111,Groomed
T033,23-24,1/19/24,111,Groomed
T034,23-24,1/19/24,111,Groomed
T035,23-24,1/19/24,111,Open
T036,23-24,1/19/24,111,Groomed
T037,23-24,1/19/24,111,Open
T038,23-24,1/19/24,111,Closed
T039,23-24,1/19/24,111,Open
T040,23-24,1/19/24,111,Groomed
T042,23-24,1/19/24,111,Open
T043,23-24,1/19/24,111,Open
T044,23-24,1/19/24,111,Open
T045,23-24,1/19/24,111,Open
T046,23-24,1/19/24,111,Open
T047,23-24,1/19/24,111,Open
T048,23-24,1/19/24,111,Open
T049,23-24,1/19/24,111,Open
T050,23-24,1/19/24,111,Groomed
T051,23-24,1/19/24,111,Open
T052,23-24,1/19/24,111,Open
T053,23-24,1/19/24,111,Closed
T054,23-24,1/19/24,111,Closed
T055,23-24,1/19/24,111,Closed
T056,23-24,1/19/24,111,Open
T057,23-24,1/19/24,111,Open
T058,23-24,1/19/24,111,Closed
T061,23-24,1/19/24,111,Groomed
T062,23-24,1/19/24,111,Groomed
T063,23-24,1/19/24,111,Groomed
T064,23-24,1/19/24,111,Groomed
T065,23-24,1/19/24,111,Open
T066,23-24,1/19/24,111,Closed
T067,23-24,1/19/24,111,Closed
T068,23-24,1/19/24,111,Open
T069,23-24,1/19/24,111,Closed
T070,23-24,1/19/24,111,Open
T071,23-24,1/19/24,111,Open
T072,23-24,1/19/24,111,Open
T073,23-24,1/19/24,111,Open
T074,23-24,1/19/24,111,Open
T075,23-24,1/19/24,111,Open
T076,23-24,1/19/24,111,Open
T077,23-24,1/19/24,111,Groomed
T078,23-24,1/19/24,111,Groomed
T079,23-24,1/19/24,111,Groomed
T080,23-24,1/19/24,111,Open
T081,23-24,1/19/24,111,Open
T082,23-24,1/19/24,111,Open
T083,23-24,1/19/24,111,Groomed
T084,23-24,1/19/24,111,Open
T085,23-24,1/19/24,111,Closed
T086,23-24,1/19/24,111,Open
T087,23-24,1/19/24,111,Open
T088,23-24,1/19/24,111,Open
T089,23-24,1/19/24,111,Open
T090,23-24,1/19/24,111,Open
T091,23-24,1/19/24,111,Open
T092,23-24,1/19/24,111,Open
T107,23-24,1/19/24,111,Groomed
T108,23-24,1/19/24,111,Groomed
T109,23-24,1/19/24,111,Groomed
T110,23-24,1/19/24,111,Open
T111,23-24,1/19/24,111,Open
T112,23-24,1/19/24,111,Groomed
T113,23-24,1/19/24,111,Open
T114,23-24,1/19/24,111,Open
T115,23-24,1/19/24,111,Open
T116,23-24,1/19/24,111,Groomed
T117,23-24,1/19/24,111,Open
T118,23-24,1/19/24,111,Groomed
T119,23-24,1/19/24,111,Open
T127,23-24,1/19/24,111,Open
T128,23-24,1/19/24,111,Closed
T129,23-24,1/19/24,111,Closed
T130,23-24,1/19/24,111,Closed
T131,23-24,1/19/24,111,Closed
T132,23-24,1/19/24,111,Closed
T133,23-24,1/19/24,111,Closed
T136,23-24,1/19/24,111,Open
T137,23-24,1/19/24,111,Open
T148,23-24,1/19/24,111,Closed
T001,23-24,1/20/24,112,Groomed
T002,23-24,1/20/24,112,Groomed
T003,23-24,1/20/24,112,Groomed
T004,23-24,1/20/24,112,Groomed
T005,23-24,1/20/24,112,Groomed
T006,23-24,1/20/24,112,Open
T007,23-24,1/20/24,112,Groomed
T008,23-24,1/20/24,112,Groomed
T009,23-24,1/20/24,112,Groomed
T010,23-24,1/20/24,112,Closed
T011,23-24,1/20/24,112,Groomed
T012,23-24,1/20/24,112,Groomed
T013,23-24,1/20/24,112,Groomed
T014,23-24,1/20/24,112,Groomed
T015,23-24,1/20/24,112,Groomed
T016,23-24,1/20/24,112,Open
T017,23-24,1/20/24,112,Open
T018,23-24,1/20/24,112,Closed
T019,23-24,1/20/24,112,Open
T020,23-24,1/20/24,112,Open
T021,23-24,1/20/24,112,Groomed
T022,23-24,1/20/24,112,Groomed
T023,23-24,1/20/24,112,Open
T024,23-24,1/20/24,112,Open
T025,23-24,1/20/24,112,Groomed
T026,23-24,1/20/24,112,Open
T027,23-24,1/20/24,112,Open
T028,23-24,1/20/24,112,Groomed
T029,23-24,1/20/24,112,Closed
T030,23-24,1/20/24,112,Groomed
T031,23-24,1/20/24,112,Groomed
T032,23-24,1/20/24,112,Open
T033,23-24,1/20/24,112,Open
T034,23-24,1/20/24,112,Groomed
T035,23-24,1/20/24,112,Open
T036,23-24,1/20/24,112,Groomed
T037,23-24,1/20/24,112,Open
T038,23-24,1/20/24,112,Closed
T039,23-24,1/20/24,112,Open
T040,23-24,1/20/24,112,Open
T042,23-24,1/20/24,112,Open
T043,23-24,1/20/24,112,Open
T044,23-24,1/20/24,112,Open
T045,23-24,1/20/24,112,Open
T046,23-24,1/20/24,112,Open
T047,23-24,1/20/24,112,Open
T048,23-24,1/20/24,112,Open
T049,23-24,1/20/24,112,Open
T050,23-24,1/20/24,112,Groomed
T051,23-24,1/20/24,112,Open
T052,23-24,1/20/24,112,Open
T053,23-24,1/20/24,112,Closed
T054,23-24,1/20/24,112,Closed
T055,23-24,1/20/24,112,Closed
T056,23-24,1/20/24,112,Open
T057,23-24,1/20/24,112,Open
T058,23-24,1/20/24,112,Closed
T061,23-24,1/20/24,112,Groomed
T062,23-24,1/20/24,112,Groomed
T063,23-24,1/20/24,112,Groomed
T064,23-24,1/20/24,112,Groomed
T065,23-24,1/20/24,112,Open
T066,23-24,1/20/24,112,Closed
T067,23-24,1/20/24,112,Closed
T068,23-24,1/20/24,112,Open
T069,23-24,1/20/24,112,Closed
T070,23-24,1/20/24,112,Open
T071,23-24,1/20/24,112,Open
T072,23-24,1/20/24,112,Open
T073,23-24,1/20/24,112,Open
T074,23-24,1/20/24,112,Open
T075,23-24,1/20/24,112,Open
T076,23-24,1/20/24,112,Open
T077,23-24,1/20/24,112,Groomed
T078,23-24,1/20/24,112,Open
T079,23-24,1/20/24,112,Groomed
T080,23-24,1/20/24,112,Open
T081,23-24,1/20/24,112,Open
T082,23-24,1/20/24,112,Open
T083,23-24,1/20/24,112,Open
T084,23-24,1/20/24,112,Open
T085,23-24,1/20/24,112,Closed
T086,23-24,1/20/24,112,Open
T087,23-24,1/20/24,112,Open
T088,23-24,1/20/24,112,Open
T089,23-24,1/20/24,112,Open
T090,23-24,1/20/24,112,Open
T091,23-24,1/20/24,112,Open
T092,23-24,1/20/24,112,Open
T107,23-24,1/20/24,112,Groomed
T108,23-24,1/20/24,112,Groomed
T109,23-24,1/20/24,112,Groomed
T110,23-24,1/20/24,112,Open
T111,23-24,1/20/24,112,Open
T112,23-24,1/20/24,112,Groomed
T113,23-24,1/20/24,112,Open
T114,23-24,1/20/24,112,Open
T115,23-24,1/20/24,112,Open
T116,23-24,1/20/24,112,Groomed
T117,23-24,1/20/24,112,Open
T118,23-24,1/20/24,112,Groomed
T119,23-24,1/20/24,112,Open
T127,23-24,1/20/24,112,Open
T128,23-24,1/20/24,112,Closed
T129,23-24,1/20/24,112,Closed
T130,23-24,1/20/24,112,Closed
T131,23-24,1/20/24,112,Closed
T132,23-24,1/20/24,112,Closed
T133,23-24,1/20/24,112,Closed
T136,23-24,1/20/24,112,Open
T137,23-24,1/20/24,112,Open
T148,23-24,1/20/24,112,Closed
T001,23-24,1/21/24,113,Groomed
T002,23-24,1/21/24,113,Groomed
T003,23-24,1/21/24,113,Groomed
T004,23-24,1/21/24,113,Groomed
T005,23-24,1/21/24,113,Groomed
T006,23-24,1/21/24,113,Open
T007,23-24,1/21/24,113,Groomed
T008,23-24,1/21/24,113,Groomed
T009,23-24,1/21/24,113,Groomed
T010,23-24,1/21/24,113,Groomed
T011,23-24,1/21/24,113,Groomed
T012,23-24,1/21/24,113,Groomed
T013,23-24,1/21/24,113,Groomed
T014,23-24,1/21/24,113,Groomed
T015,23-24,1/21/24,113,Groomed
T016,23-24,1/21/24,113,Open
T017,23-24,1/21/24,113,Open
T018,23-24,1/21/24,113,Closed
T019,23-24,1/21/24,113,Open
T020,23-24,1/21/24,113,Open
T021,23-24,1/21/24,113,Groomed
T022,23-24,1/21/24,113,Groomed
T023,23-24,1/21/24,113,Open
T024,23-24,1/21/24,113,Open
T025,23-24,1/21/24,113,Groomed
T026,23-24,1/21/24,113,Open
T027,23-24,1/21/24,113,Open
T028,23-24,1/21/24,113,Groomed
T029,23-24,1/21/24,113,Closed
T030,23-24,1/21/24,113,Groomed
T031,23-24,1/21/24,113,Groomed
T032,23-24,1/21/24,113,Open
T033,23-24,1/21/24,113,Open
T034,23-24,1/21/24,113,Groomed
T035,23-24,1/21/24,113,Open
T036,23-24,1/21/24,113,Groomed
T037,23-24,1/21/24,113,Open
T038,23-24,1/21/24,113,Closed
T039,23-24,1/21/24,113,Open
T040,23-24,1/21/24,113,Open
T042,23-24,1/21/24,113,Open
T043,23-24,1/21/24,113,Open
T044,23-24,1/21/24,113,Open
T045,23-24,1/21/24,113,Open
T046,23-24,1/21/24,113,Open
T047,23-24,1/21/24,113,Open
T048,23-24,1/21/24,113,Open
T049,23-24,1/21/24,113,Open
T050,23-24,1/21/24,113,Groomed
T051,23-24,1/21/24,113,Open
T052,23-24,1/21/24,113,Open
T053,23-24,1/21/24,113,Closed
T054,23-24,1/21/24,113,Closed
T055,23-24,1/21/24,113,Closed
T056,23-24,1/21/24,113,Open
T057,23-24,1/21/24,113,Open
T058,23-24,1/21/24,113,Closed
T061,23-24,1/21/24,113,Groomed
T062,23-24,1/21/24,113,Groomed
T063,23-24,1/21/24,113,Groomed
T064,23-24,1/21/24,113,Groomed
T065,23-24,1/21/24,113,Open
T066,23-24,1/21/24,113,Open
T067,23-24,1/21/24,113,Open
T068,23-24,1/21/24,113,Open
T069,23-24,1/21/24,113,Open
T070,23-24,1/21/24,113,Open
T071,23-24,1/21/24,113,Open
T072,23-24,1/21/24,113,Open
T073,23-24,1/21/24,113,Open
T074,23-24,1/21/24,113,Open
T075,23-24,1/21/24,113,Open
T076,23-24,1/21/24,113,Open
T077,23-24,1/21/24,113,Groomed
T078,23-24,1/21/24,113,Open
T079,23-24,1/21/24,113,Groomed
T080,23-24,1/21/24,113,Open
T081,23-24,1/21/24,113,Open
T082,23-24,1/21/24,113,Open
T083,23-24,1/21/24,113,Open
T084,23-24,1/21/24,113,Open
T085,23-24,1/21/24,113,Open
T086,23-24,1/21/24,113,Open
T087,23-24,1/21/24,113,Open
T088,23-24,1/21/24,113,Open
T089,23-24,1/21/24,113,Open
T090,23-24,1/21/24,113,Open
T091,23-24,1/21/24,113,Open
T092,23-24,1/21/24,113,Open
T107,23-24,1/21/24,113,Groomed
T108,23-24,1/21/24,113,Groomed
T109,23-24,1/21/24,113,Groomed
T110,23-24,1/21/24,113,Open
T111,23-24,1/21/24,113,Open
T112,23-24,1/21/24,113,Groomed
T113,23-24,1/21/24,113,Open
T114,23-24,1/21/24,113,Open
T115,23-24,1/21/24,113,Open
T116,23-24,1/21/24,113,Groomed
T117,23-24,1/21/24,113,Open
T118,23-24,1/21/24,113,Groomed
T119,23-24,1/21/24,113,Open
T127,23-24,1/21/24,113,Open
T128,23-24,1/21/24,113,Open
T129,23-24,1/21/24,113,Open
T130,23-24,1/21/24,113,Open
T131,23-24,1/21/24,113,Open
T132,23-24,1/21/24,113,Open
T133,23-24,1/21/24,113,Closed
T136,23-24,1/21/24,113,Open
T137,23-24,1/21/24,113,Open
T148,23-24,1/21/24,113,Closed
T001,23-24,1/22/24,114,Groomed
T002,23-24,1/22/24,114,Groomed
T003,23-24,1/22/24,114,Groomed
T004,23-24,1/22/24,114,Groomed
T005,23-24,1/22/24,114,Groomed
T006,23-24,1/22/24,114,Groomed
T007,23-24,1/22/24,114,Groomed
T008,23-24,1/22/24,114,Open
T009,23-24,1/22/24,114,Groomed
T010,23-24,1/22/24,114,Groomed
T011,23-24,1/22/24,114,Groomed
T012,23-24,1/22/24,114,Groomed
T013,23-24,1/22/24,114,Groomed
T014,23-24,1/22/24,114,Groomed
T015,23-24,1/22/24,114,Groomed
T016,23-24,1/22/24,114,Open
T017,23-24,1/22/24,114,Open
T018,23-24,1/22/24,114,Closed
T019,23-24,1/22/24,114,Open
T020,23-24,1/22/24,114,Open
T021,23-24,1/22/24,114,Groomed
T022,23-24,1/22/24,114,Groomed
T023,23-24,1/22/24,114,Groomed
T024,23-24,1/22/24,114,Open
T025,23-24,1/22/24,114,Groomed
T026,23-24,1/22/24,114,Open
T027,23-24,1/22/24,114,Open
T028,23-24,1/22/24,114,Groomed
T029,23-24,1/22/24,114,Closed
T030,23-24,1/22/24,114,Groomed
T031,23-24,1/22/24,114,Groomed
T032,23-24,1/22/24,114,Open
T033,23-24,1/22/24,114,Groomed
T034,23-24,1/22/24,114,Groomed
T035,23-24,1/22/24,114,Open
T036,23-24,1/22/24,114,Groomed
T037,23-24,1/22/24,114,Open
T038,23-24,1/22/24,114,Open
T039,23-24,1/22/24,114,Open
T040,23-24,1/22/24,114,Open
T042,23-24,1/22/24,114,Open
T043,23-24,1/22/24,114,Open
T044,23-24,1/22/24,114,Open
T045,23-24,1/22/24,114,Open
T046,23-24,1/22/24,114,Open
T047,23-24,1/22/24,114,Open
T048,23-24,1/22/24,114,Open
T049,23-24,1/22/24,114,Groomed
T050,23-24,1/22/24,114,Groomed
T051,23-24,1/22/24,114,Open
T052,23-24,1/22/24,114,Open
T053,23-24,1/22/24,114,Closed
T054,23-24,1/22/24,114,Closed
T055,23-24,1/22/24,114,Open
T056,23-24,1/22/24,114,Open
T057,23-24,1/22/24,114,Open
T058,23-24,1/22/24,114,Open
T061,23-24,1/22/24,114,Groomed
T062,23-24,1/22/24,114,Groomed
T063,23-24,1/22/24,114,Groomed
T064,23-24,1/22/24,114,Groomed
T065,23-24,1/22/24,114,Groomed
T066,23-24,1/22/24,114,Open
T067,23-24,1/22/24,114,Groomed
T068,23-24,1/22/24,114,Open
T069,23-24,1/22/24,114,Open
T070,23-24,1/22/24,114,Open
T071,23-24,1/22/24,114,Open
T072,23-24,1/22/24,114,Open
T073,23-24,1/22/24,114,Open
T074,23-24,1/22/24,114,Open
T075,23-24,1/22/24,114,Open
T076,23-24,1/22/24,114,Open
T077,23-24,1/22/24,114,Groomed
T078,23-24,1/22/24,114,Groomed
T079,23-24,1/22/24,114,Groomed
T080,23-24,1/22/24,114,Open
T081,23-24,1/22/24,114,Open
T082,23-24,1/22/24,114,Open
T083,23-24,1/22/24,114,Open
T084,23-24,1/22/24,114,Open
T085,23-24,1/22/24,114,Open
T086,23-24,1/22/24,114,Open
T087,23-24,1/22/24,114,Open
T088,23-24,1/22/24,114,Open
T089,23-24,1/22/24,114,Open
T090,23-24,1/22/24,114,Open
T091,23-24,1/22/24,114,Open
T092,23-24,1/22/24,114,Open
T107,23-24,1/22/24,114,Groomed
T108,23-24,1/22/24,114,Groomed
T109,23-24,1/22/24,114,Groomed
T110,23-24,1/22/24,114,Open
T111,23-24,1/22/24,114,Open
T112,23-24,1/22/24,114,Groomed
T113,23-24,1/22/24,114,Open
T114,23-24,1/22/24,114,Open
T115,23-24,1/22/24,114,Open
T116,23-24,1/22/24,114,Groomed
T117,23-24,1/22/24,114,Open
T118,23-24,1/22/24,114,Groomed
T119,23-24,1/22/24,114,Open
T127,23-24,1/22/24,114,Open
T128,23-24,1/22/24,114,Open
T129,23-24,1/22/24,114,Open
T130,23-24,1/22/24,114,Open
T131,23-24,1/22/24,114,Open
T132,23-24,1/22/24,114,Open
T133,23-24,1/22/24,114,Closed
T136,23-24,1/22/24,114,Open
T137,23-24,1/22/24,114,Open
T148,23-24,1/22/24,114,Closed
T001,23-24,1/23/24,115,Groomed
T002,23-24,1/23/24,115,Groomed
T003,23-24,1/23/24,115,Groomed
T004,23-24,1/23/24,115,Groomed
T005,23-24,1/23/24,115,Groomed
T006,23-24,1/23/24,115,Groomed
T007,23-24,1/23/24,115,Groomed
T008,23-24,1/23/24,115,Open
T009,23-24,1/23/24,115,Groomed
T010,23-24,1/23/24,115,Groomed
T011,23-24,1/23/24,115,Groomed
T012,23-24,1/23/24,115,Groomed
T013,23-24,1/23/24,115,Groomed
T014,23-24,1/23/24,115,Groomed
T015,23-24,1/23/24,115,Groomed
T016,23-24,1/23/24,115,Open
T017,23-24,1/23/24,115,Open
T018,23-24,1/23/24,115,Closed
T019,23-24,1/23/24,115,Open
T020,23-24,1/23/24,115,Open
T021,23-24,1/23/24,115,Groomed
T022,23-24,1/23/24,115,Groomed
T023,23-24,1/23/24,115,Groomed
T024,23-24,1/23/24,115,Open
T025,23-24,1/23/24,115,Groomed
T026,23-24,1/23/24,115,Open
T027,23-24,1/23/24,115,Open
T028,23-24,1/23/24,115,Groomed
T029,23-24,1/23/24,115,Closed
T030,23-24,1/23/24,115,Groomed
T031,23-24,1/23/24,115,Groomed
T032,23-24,1/23/24,115,Open
T033,23-24,1/23/24,115,Groomed
T034,23-24,1/23/24,115,Groomed
T035,23-24,1/23/24,115,Open
T036,23-24,1/23/24,115,Groomed
T037,23-24,1/23/24,115,Open
T038,23-24,1/23/24,115,Open
T039,23-24,1/23/24,115,Open
T040,23-24,1/23/24,115,Open
T042,23-24,1/23/24,115,Open
T043,23-24,1/23/24,115,Open
T044,23-24,1/23/24,115,Open
T045,23-24,1/23/24,115,Open
T046,23-24,1/23/24,115,Open
T047,23-24,1/23/24,115,Open
T048,23-24,1/23/24,115,Open
T049,23-24,1/23/24,115,Open
T050,23-24,1/23/24,115,Groomed
T051,23-24,1/23/24,115,Open
T052,23-24,1/23/24,115,Open
T053,23-24,1/23/24,115,Closed
T054,23-24,1/23/24,115,Closed
T055,23-24,1/23/24,115,Open
T056,23-24,1/23/24,115,Open
T057,23-24,1/23/24,115,Open
T058,23-24,1/23/24,115,Open
T061,23-24,1/23/24,115,Groomed
T062,23-24,1/23/24,115,Groomed
T063,23-24,1/23/24,115,Groomed
T064,23-24,1/23/24,115,Groomed
T065,23-24,1/23/24,115,Groomed
T066,23-24,1/23/24,115,Open
T067,23-24,1/23/24,115,Groomed
T068,23-24,1/23/24,115,Open
T069,23-24,1/23/24,115,Open
T070,23-24,1/23/24,115,Open
T071,23-24,1/23/24,115,Open
T072,23-24,1/23/24,115,Open
T073,23-24,1/23/24,115,Open
T074,23-24,1/23/24,115,Open
T075,23-24,1/23/24,115,Open
T076,23-24,1/23/24,115,Open
T077,23-24,1/23/24,115,Groomed
T078,23-24,1/23/24,115,Groomed
T079,23-24,1/23/24,115,Groomed
T080,23-24,1/23/24,115,Open
T081,23-24,1/23/24,115,Open
T082,23-24,1/23/24,115,Open
T083,23-24,1/23/24,115,Open
T084,23-24,1/23/24,115,Open
T085,23-24,1/23/24,115,Open
T086,23-24,1/23/24,115,Open
T087,23-24,1/23/24,115,Open
T088,23-24,1/23/24,115,Open
T089,23-24,1/23/24,115,Open
T090,23-24,1/23/24,115,Open
T091,23-24,1/23/24,115,Open
T092,23-24,1/23/24,115,Open
T107,23-24,1/23/24,115,Groomed
T108,23-24,1/23/24,115,Groomed
T109,23-24,1/23/24,115,Groomed
T110,23-24,1/23/24,115,Open
T111,23-24,1/23/24,115,Open
T112,23-24,1/23/24,115,Groomed
T113,23-24,1/23/24,115,Open
T114,23-24,1/23/24,115,Open
T115,23-24,1/23/24,115,Open
T116,23-24,1/23/24,115,Groomed
T117,23-24,1/23/24,115,Open
T118,23-24,1/23/24,115,Groomed
T119,23-24,1/23/24,115,Open
T127,23-24,1/23/24,115,Open
T128,23-24,1/23/24,115,Open
T129,23-24,1/23/24,115,Open
T130,23-24,1/23/24,115,Open
T131,23-24,1/23/24,115,Open
T132,23-24,1/23/24,115,Open
T133,23-24,1/23/24,115,Closed
T136,23-24,1/23/24,115,Open
T137,23-24,1/23/24,115,Open
T148,23-24,1/23/24,115,Closed
T001,23-24,1/24/24,116,Groomed
T002,23-24,1/24/24,116,Groomed
T003,23-24,1/24/24,116,Groomed
T004,23-24,1/24/24,116,Groomed
T005,23-24,1/24/24,116,Groomed
T006,23-24,1/24/24,116,Open
T007,23-24,1/24/24,116,Groomed
T008,23-24,1/24/24,116,Groomed
T009,23-24,1/24/24,116,Groomed
T010,23-24,1/24/24,116,Groomed
T011,23-24,1/24/24,116,Groomed
T012,23-24,1/24/24,116,Groomed
T013,23-24,1/24/24,116,Groomed
T014,23-24,1/24/24,116,Groomed
T015,23-24,1/24/24,116,Groomed
T016,23-24,1/24/24,116,Open
T017,23-24,1/24/24,116,Open
T018,23-24,1/24/24,116,Open
T019,23-24,1/24/24,116,Open
T020,23-24,1/24/24,116,Open
T021,23-24,1/24/24,116,Groomed
T022,23-24,1/24/24,116,Groomed
T023,23-24,1/24/24,116,Groomed
T024,23-24,1/24/24,116,Open
T025,23-24,1/24/24,116,Groomed
T026,23-24,1/24/24,116,Open
T027,23-24,1/24/24,116,Open
T028,23-24,1/24/24,116,Open
T029,23-24,1/24/24,116,Open
T030,23-24,1/24/24,116,Open
T031,23-24,1/24/24,116,Groomed
T032,23-24,1/24/24,116,Open
T033,23-24,1/24/24,116,Groomed
T034,23-24,1/24/24,116,Groomed
T035,23-24,1/24/24,116,Open
T036,23-24,1/24/24,116,Groomed
T037,23-24,1/24/24,116,Open
T038,23-24,1/24/24,116,Open
T039,23-24,1/24/24,116,Open
T040,23-24,1/24/24,116,Open
T042,23-24,1/24/24,116,Open
T043,23-24,1/24/24,116,Groomed
T044,23-24,1/24/24,116,Open
T045,23-24,1/24/24,116,Open
T046,23-24,1/24/24,116,Open
T047,23-24,1/24/24,116,Open
T048,23-24,1/24/24,116,Open
T049,23-24,1/24/24,116,Open
T050,23-24,1/24/24,116,Groomed
T051,23-24,1/24/24,116,Open
T052,23-24,1/24/24,116,Open
T053,23-24,1/24/24,116,Closed
T054,23-24,1/24/24,116,Closed
T055,23-24,1/24/24,116,Open
T056,23-24,1/24/24,116,Open
T057,23-24,1/24/24,116,Open
T058,23-24,1/24/24,116,Open
T061,23-24,1/24/24,116,Groomed
T062,23-24,1/24/24,116,Groomed
T063,23-24,1/24/24,116,Groomed
T064,23-24,1/24/24,116,Groomed
T065,23-24,1/24/24,116,Groomed
T066,23-24,1/24/24,116,Open
T067,23-24,1/24/24,116,Groomed
T068,23-24,1/24/24,116,Open
T069,23-24,1/24/24,116,Open
T070,23-24,1/24/24,116,Open
T071,23-24,1/24/24,116,Open
T072,23-24,1/24/24,116,Open
T073,23-24,1/24/24,116,Open
T074,23-24,1/24/24,116,Open
T075,23-24,1/24/24,116,Open
T076,23-24,1/24/24,116,Open
T077,23-24,1/24/24,116,Groomed
T078,23-24,1/24/24,116,Groomed
T079,23-24,1/24/24,116,Groomed
T080,23-24,1/24/24,116,Open
T081,23-24,1/24/24,116,Open
T082,23-24,1/24/24,116,Open
T083,23-24,1/24/24,116,Open
T084,23-24,1/24/24,116,Open
T085,23-24,1/24/24,116,Open
T086,23-24,1/24/24,116,Open
T087,23-24,1/24/24,116,Open
T088,23-24,1/24/24,116,Open
T089,23-24,1/24/24,116,Open
T090,23-24,1/24/24,116,Open
T091,23-24,1/24/24,116,Open
T092,23-24,1/24/24,116,Open
T107,23-24,1/24/24,116,Groomed
T108,23-24,1/24/24,116,Groomed
T109,23-24,1/24/24,116,Groomed
T110,23-24,1/24/24,116,Open
T111,23-24,1/24/24,116,Open
T112,23-24,1/24/24,116,Groomed
T113,23-24,1/24/24,116,Open
T114,23-24,1/24/24,116,Open
T115,23-24,1/24/24,116,Open
T116,23-24,1/24/24,116,Groomed
T117,23-24,1/24/24,116,Open
T118,23-24,1/24/24,116,Groomed
T119,23-24,1/24/24,116,Open
T127,23-24,1/24/24,116,Open
T128,23-24,1/24/24,116,Open
T129,23-24,1/24/24,116,Open
T130,23-24,1/24/24,116,Open
T131,23-24,1/24/24,116,Open
T132,23-24,1/24/24,116,Open
T133,23-24,1/24/24,116,Open
T136,23-24,1/24/24,116,Open
T137,23-24,1/24/24,116,Open
T148,23-24,1/24/24,116,Open
T001,23-24,1/25/24,117,Groomed
T002,23-24,1/25/24,117,Groomed
T003,23-24,1/25/24,117,Groomed
T004,23-24,1/25/24,117,Groomed
T005,23-24,1/25/24,117,Groomed
T006,23-24,1/25/24,117,Groomed
T007,23-24,1/25/24,117,Groomed
T008,23-24,1/25/24,117,Open
T009,23-24,1/25/24,117,Groomed
T010,23-24,1/25/24,117,Open
T011,23-24,1/25/24,117,Groomed
T012,23-24,1/25/24,117,Groomed
T013,23-24,1/25/24,117,Groomed
T014,23-24,1/25/24,117,Groomed
T015,23-24,1/25/24,117,Groomed
T016,23-24,1/25/24,117,Open
T017,23-24,1/25/24,117,Open
T018,23-24,1/25/24,117,Groomed
T019,23-24,1/25/24,117,Open
T020,23-24,1/25/24,117,Open
T021,23-24,1/25/24,117,Groomed
T022,23-24,1/25/24,117,Groomed
T023,23-24,1/25/24,117,Groomed
T024,23-24,1/25/24,117,Groomed
T025,23-24,1/25/24,117,Groomed
T026,23-24,1/25/24,117,Groomed
T027,23-24,1/25/24,117,Groomed
T028,23-24,1/25/24,117,Groomed
T029,23-24,1/25/24,117,Groomed
T030,23-24,1/25/24,117,Groomed
T031,23-24,1/25/24,117,Groomed
T032,23-24,1/25/24,117,Open
T033,23-24,1/25/24,117,Groomed
T034,23-24,1/25/24,117,Groomed
T035,23-24,1/25/24,117,Open
T036,23-24,1/25/24,117,Groomed
T037,23-24,1/25/24,117,Open
T038,23-24,1/25/24,117,Open
T039,23-24,1/25/24,117,Open
T040,23-24,1/25/24,117,Open
T042,23-24,1/25/24,117,Open
T043,23-24,1/25/24,117,Groomed
T044,23-24,1/25/24,117,Open
T045,23-24,1/25/24,117,Open
T046,23-24,1/25/24,117,Open
T047,23-24,1/25/24,117,Open
T048,23-24,1/25/24,117,Open
T049,23-24,1/25/24,117,Open
T050,23-24,1/25/24,117,Groomed
T051,23-24,1/25/24,117,Open
T052,23-24,1/25/24,117,Open
T053,23-24,1/25/24,117,Closed
T054,23-24,1/25/24,117,Closed
T055,23-24,1/25/24,117,Open
T056,23-24,1/25/24,117,Open
T057,23-24,1/25/24,117,Open
T058,23-24,1/25/24,117,Open
T061,23-24,1/25/24,117,Groomed
T062,23-24,1/25/24,117,Groomed
T063,23-24,1/25/24,117,Groomed
T064,23-24,1/25/24,117,Groomed
T065,23-24,1/25/24,117,Groomed
T066,23-24,1/25/24,117,Open
T067,23-24,1/25/24,117,Groomed
T068,23-24,1/25/24,117,Open
T069,23-24,1/25/24,117,Open
T070,23-24,1/25/24,117,Open
T071,23-24,1/25/24,117,Open
T072,23-24,1/25/24,117,Open
T073,23-24,1/25/24,117,Open
T074,23-24,1/25/24,117,Open
T075,23-24,1/25/24,117,Open
T076,23-24,1/25/24,117,Open
T077,23-24,1/25/24,117,Groomed
T078,23-24,1/25/24,117,Groomed
T079,23-24,1/25/24,117,Groomed
T080,23-24,1/25/24,117,Open
T081,23-24,1/25/24,117,Open
T082,23-24,1/25/24,117,Open
T083,23-24,1/25/24,117,Open
T084,23-24,1/25/24,117,Open
T085,23-24,1/25/24,117,Open
T086,23-24,1/25/24,117,Open
T087,23-24,1/25/24,117,Open
T088,23-24,1/25/24,117,Open
T089,23-24,1/25/24,117,Open
T090,23-24,1/25/24,117,Open
T091,23-24,1/25/24,117,Open
T092,23-24,1/25/24,117,Open
T107,23-24,1/25/24,117,Groomed
T108,23-24,1/25/24,117,Groomed
T109,23-24,1/25/24,117,Groomed
T110,23-24,1/25/24,117,Open
T111,23-24,1/25/24,117,Open
T112,23-24,1/25/24,117,Groomed
T113,23-24,1/25/24,117,Open
T114,23-24,1/25/24,117,Open
T115,23-24,1/25/24,117,Open
T116,23-24,1/25/24,117,Groomed
T117,23-24,1/25/24,117,Open
T118,23-24,1/25/24,117,Groomed
T119,23-24,1/25/24,117,Open
T127,23-24,1/25/24,117,Open
T128,23-24,1/25/24,117,Open
T129,23-24,1/25/24,117,Open
T130,23-24,1/25/24,117,Open
T131,23-24,1/25/24,117,Open
T132,23-24,1/25/24,117,Open
T133,23-24,1/25/24,117,Open
T136,23-24,1/25/24,117,Open
T137,23-24,1/25/24,117,Open
T148,23-24,1/25/24,117,Open
T001,23-24,1/26/24,118,Groomed
T002,23-24,1/26/24,118,Groomed
T003,23-24,1/26/24,118,Groomed
T004,23-24,1/26/24,118,Groomed
T005,23-24,1/26/24,118,Groomed
T006,23-24,1/26/24,118,Groomed
T007,23-24,1/26/24,118,Groomed
T008,23-24,1/26/24,118,Open
T009,23-24,1/26/24,118,Groomed
T010,23-24,1/26/24,118,Open
T011,23-24,1/26/24,118,Groomed
T012,23-24,1/26/24,118,Groomed
T013,23-24,1/26/24,118,Groomed
T014,23-24,1/26/24,118,Groomed
T015,23-24,1/26/24,118,Groomed
T016,23-24,1/26/24,118,Open
T017,23-24,1/26/24,118,Open
T018,23-24,1/26/24,118,Groomed
T019,23-24,1/26/24,118,Open
T020,23-24,1/26/24,118,Open
T021,23-24,1/26/24,118,Groomed
T022,23-24,1/26/24,118,Groomed
T023,23-24,1/26/24,118,Groomed
T024,23-24,1/26/24,118,Groomed
T025,23-24,1/26/24,118,Groomed
T026,23-24,1/26/24,118,Groomed
T027,23-24,1/26/24,118,Groomed
T028,23-24,1/26/24,118,Groomed
T029,23-24,1/26/24,118,Groomed
T030,23-24,1/26/24,118,Groomed
T031,23-24,1/26/24,118,Groomed
T032,23-24,1/26/24,118,Groomed
T033,23-24,1/26/24,118,Groomed
T034,23-24,1/26/24,118,Groomed
T035,23-24,1/26/24,118,Groomed
T036,23-24,1/26/24,118,Groomed
T037,23-24,1/26/24,118,Open
T038,23-24,1/26/24,118,Open
T039,23-24,1/26/24,118,Open
T040,23-24,1/26/24,118,Groomed
T042,23-24,1/26/24,118,Open
T043,23-24,1/26/24,118,Groomed
T044,23-24,1/26/24,118,Open
T045,23-24,1/26/24,118,Open
T046,23-24,1/26/24,118,Open
T047,23-24,1/26/24,118,Open
T048,23-24,1/26/24,118,Open
T049,23-24,1/26/24,118,Open
T050,23-24,1/26/24,118,Groomed
T051,23-24,1/26/24,118,Open
T052,23-24,1/26/24,118,Open
T053,23-24,1/26/24,118,Closed
T054,23-24,1/26/24,118,Closed
T055,23-24,1/26/24,118,Open
T056,23-24,1/26/24,118,Open
T057,23-24,1/26/24,118,Open
T058,23-24,1/26/24,118,Open
T061,23-24,1/26/24,118,Groomed
T062,23-24,1/26/24,118,Groomed
T063,23-24,1/26/24,118,Groomed
T064,23-24,1/26/24,118,Groomed
T065,23-24,1/26/24,118,Open
T066,23-24,1/26/24,118,Open
T067,23-24,1/26/24,118,Groomed
T068,23-24,1/26/24,118,Open
T069,23-24,1/26/24,118,Open
T070,23-24,1/26/24,118,Open
T071,23-24,1/26/24,118,Open
T072,23-24,1/26/24,118,Open
T073,23-24,1/26/24,118,Open
T074,23-24,1/26/24,118,Open
T075,23-24,1/26/24,118,Open
T076,23-24,1/26/24,118,Open
T077,23-24,1/26/24,118,Groomed
T078,23-24,1/26/24,118,Groomed
T079,23-24,1/26/24,118,Groomed
T080,23-24,1/26/24,118,Open
T081,23-24,1/26/24,118,Open
T082,23-24,1/26/24,118,Open
T083,23-24,1/26/24,118,Open
T084,23-24,1/26/24,118,Open
T085,23-24,1/26/24,118,Open
T086,23-24,1/26/24,118,Open
T087,23-24,1/26/24,118,Open
T088,23-24,1/26/24,118,Open
T089,23-24,1/26/24,118,Open
T090,23-24,1/26/24,118,Open
T091,23-24,1/26/24,118,Open
T092,23-24,1/26/24,118,Open
T107,23-24,1/26/24,118,Groomed
T108,23-24,1/26/24,118,Groomed
T109,23-24,1/26/24,118,Groomed
T110,23-24,1/26/24,118,Open
T111,23-24,1/26/24,118,Open
T112,23-24,1/26/24,118,Groomed
T113,23-24,1/26/24,118,Open
T114,23-24,1/26/24,118,Open
T115,23-24,1/26/24,118,Open
T116,23-24,1/26/24,118,Groomed
T117,23-24,1/26/24,118,Open
T118,23-24,1/26/24,118,Groomed
T119,23-24,1/26/24,118,Open
T127,23-24,1/26/24,118,Open
T128,23-24,1/26/24,118,Open
T129,23-24,1/26/24,118,Open
T130,23-24,1/26/24,118,Open
T131,23-24,1/26/24,118,Open
T132,23-24,1/26/24,118,Open
T133,23-24,1/26/24,118,Open
T136,23-24,1/26/24,118,Open
T137,23-24,1/26/24,118,Open
T148,23-24,1/26/24,118,Open
T001,23-24,1/27/24,119,Groomed
T002,23-24,1/27/24,119,Groomed
T003,23-24,1/27/24,119,Groomed
T004,23-24,1/27/24,119,Groomed
T005,23-24,1/27/24,119,Groomed
T006,23-24,1/27/24,119,Groomed
T007,23-24,1/27/24,119,Groomed
T008,23-24,1/27/24,119,Open
T009,23-24,1/27/24,119,Groomed
T010,23-24,1/27/24,119,Open
T011,23-24,1/27/24,119,Groomed
T012,23-24,1/27/24,119,Groomed
T013,23-24,1/27/24,119,Groomed
T014,23-24,1/27/24,119,Groomed
T015,23-24,1/27/24,119,Groomed
T016,23-24,1/27/24,119,Open
T017,23-24,1/27/24,119,Open
T018,23-24,1/27/24,119,Groomed
T019,23-24,1/27/24,119,Open
T020,23-24,1/27/24,119,Open
T021,23-24,1/27/24,119,Groomed
T022,23-24,1/27/24,119,Groomed
T023,23-24,1/27/24,119,Groomed
T024,23-24,1/27/24,119,Groomed
T025,23-24,1/27/24,119,Groomed
T026,23-24,1/27/24,119,Groomed
T027,23-24,1/27/24,119,Groomed
T028,23-24,1/27/24,119,Groomed
T029,23-24,1/27/24,119,Groomed
T030,23-24,1/27/24,119,Groomed
T031,23-24,1/27/24,119,Groomed
T032,23-24,1/27/24,119,Groomed
T033,23-24,1/27/24,119,Groomed
T034,23-24,1/27/24,119,Groomed
T035,23-24,1/27/24,119,Groomed
T036,23-24,1/27/24,119,Groomed
T037,23-24,1/27/24,119,Open
T038,23-24,1/27/24,119,Open
T039,23-24,1/27/24,119,Open
T040,23-24,1/27/24,119,Groomed
T042,23-24,1/27/24,119,Open
T043,23-24,1/27/24,119,Open
T044,23-24,1/27/24,119,Open
T045,23-24,1/27/24,119,Open
T046,23-24,1/27/24,119,Open
T047,23-24,1/27/24,119,Open
T048,23-24,1/27/24,119,Open
T049,23-24,1/27/24,119,Open
T050,23-24,1/27/24,119,Groomed
T051,23-24,1/27/24,119,Open
T052,23-24,1/27/24,119,Open
T053,23-24,1/27/24,119,Closed
T054,23-24,1/27/24,119,Closed
T055,23-24,1/27/24,119,Open
T056,23-24,1/27/24,119,Open
T057,23-24,1/27/24,119,Open
T058,23-24,1/27/24,119,Open
T061,23-24,1/27/24,119,Groomed
T062,23-24,1/27/24,119,Groomed
T063,23-24,1/27/24,119,Groomed
T064,23-24,1/27/24,119,Groomed
T065,23-24,1/27/24,119,Groomed
T066,23-24,1/27/24,119,Groomed
T067,23-24,1/27/24,119,Groomed
T068,23-24,1/27/24,119,Open
T069,23-24,1/27/24,119,Open
T070,23-24,1/27/24,119,Open
T071,23-24,1/27/24,119,Open
T072,23-24,1/27/24,119,Open
T073,23-24,1/27/24,119,Open
T074,23-24,1/27/24,119,Groomed
T075,23-24,1/27/24,119,Open
T076,23-24,1/27/24,119,Open
T077,23-24,1/27/24,119,Groomed
T078,23-24,1/27/24,119,Groomed
T079,23-24,1/27/24,119,Groomed
T080,23-24,1/27/24,119,Open
T081,23-24,1/27/24,119,Open
T082,23-24,1/27/24,119,Open
T083,23-24,1/27/24,119,Open
T084,23-24,1/27/24,119,Open
T085,23-24,1/27/24,119,Open
T086,23-24,1/27/24,119,Open
T087,23-24,1/27/24,119,Open
T088,23-24,1/27/24,119,Open
T089,23-24,1/27/24,119,Open
T090,23-24,1/27/24,119,Open
T091,23-24,1/27/24,119,Open
T092,23-24,1/27/24,119,Open
T107,23-24,1/27/24,119,Groomed
T108,23-24,1/27/24,119,Groomed
T109,23-24,1/27/24,119,Groomed
T110,23-24,1/27/24,119,Open
T111,23-24,1/27/24,119,Open
T112,23-24,1/27/24,119,Groomed
T113,23-24,1/27/24,119,Open
T114,23-24,1/27/24,119,Open
T115,23-24,1/27/24,119,Open
T116,23-24,1/27/24,119,Groomed
T117,23-24,1/27/24,119,Open
T118,23-24,1/27/24,119,Groomed
T119,23-24,1/27/24,119,Open
T127,23-24,1/27/24,119,Open
T128,23-24,1/27/24,119,Open
T129,23-24,1/27/24,119,Open
T130,23-24,1/27/24,119,Open
T131,23-24,1/27/24,119,Open
T132,23-24,1/27/24,119,Open
T133,23-24,1/27/24,119,Open
T136,23-24,1/27/24,119,Open
T137,23-24,1/27/24,119,Open
T148,23-24,1/27/24,119,Open
T001,23-24,1/28/24,120,Groomed
T002,23-24,1/28/24,120,Groomed
T003,23-24,1/28/24,120,Groomed
T004,23-24,1/28/24,120,Groomed
T005,23-24,1/28/24,120,Groomed
T006,23-24,1/28/24,120,Groomed
T007,23-24,1/28/24,120,Groomed
T008,23-24,1/28/24,120,Open
T009,23-24,1/28/24,120,Groomed
T010,23-24,1/28/24,120,Open
T011,23-24,1/28/24,120,Groomed
T012,23-24,1/28/24,120,Groomed
T013,23-24,1/28/24,120,Groomed
T014,23-24,1/28/24,120,Groomed
T015,23-24,1/28/24,120,Groomed
T016,23-24,1/28/24,120,Open
T017,23-24,1/28/24,120,Open
T018,23-24,1/28/24,120,Groomed
T019,23-24,1/28/24,120,Open
T020,23-24,1/28/24,120,Open
T021,23-24,1/28/24,120,Groomed
T022,23-24,1/28/24,120,Groomed
T023,23-24,1/28/24,120,Groomed
T024,23-24,1/28/24,120,Groomed
T025,23-24,1/28/24,120,Groomed
T026,23-24,1/28/24,120,Groomed
T027,23-24,1/28/24,120,Groomed
T028,23-24,1/28/24,120,Groomed
T029,23-24,1/28/24,120,Groomed
T030,23-24,1/28/24,120,Groomed
T031,23-24,1/28/24,120,Groomed
T032,23-24,1/28/24,120,Groomed
T033,23-24,1/28/24,120,Groomed
T034,23-24,1/28/24,120,Groomed
T035,23-24,1/28/24,120,Groomed
T036,23-24,1/28/24,120,Groomed
T037,23-24,1/28/24,120,Open
T038,23-24,1/28/24,120,Open
T039,23-24,1/28/24,120,Open
T040,23-24,1/28/24,120,Groomed
T042,23-24,1/28/24,120,Open
T043,23-24,1/28/24,120,Open
T044,23-24,1/28/24,120,Open
T045,23-24,1/28/24,120,Open
T046,23-24,1/28/24,120,Open
T047,23-24,1/28/24,120,Open
T048,23-24,1/28/24,120,Open
T049,23-24,1/28/24,120,Open
T050,23-24,1/28/24,120,Groomed
T051,23-24,1/28/24,120,Open
T052,23-24,1/28/24,120,Open
T053,23-24,1/28/24,120,Open
T054,23-24,1/28/24,120,Open
T055,23-24,1/28/24,120,Open
T056,23-24,1/28/24,120,Open
T057,23-24,1/28/24,120,Open
T058,23-24,1/28/24,120,Open
T061,23-24,1/28/24,120,Groomed
T062,23-24,1/28/24,120,Groomed
T063,23-24,1/28/24,120,Groomed
T064,23-24,1/28/24,120,Groomed
T065,23-24,1/28/24,120,Groomed
T066,23-24,1/28/24,120,Groomed
T067,23-24,1/28/24,120,Groomed
T068,23-24,1/28/24,120,Open
T069,23-24,1/28/24,120,Open
T070,23-24,1/28/24,120,Open
T071,23-24,1/28/24,120,Open
T072,23-24,1/28/24,120,Open
T073,23-24,1/28/24,120,Open
T074,23-24,1/28/24,120,Open
T075,23-24,1/28/24,120,Open
T076,23-24,1/28/24,120,Open
T077,23-24,1/28/24,120,Groomed
T078,23-24,1/28/24,120,Groomed
T079,23-24,1/28/24,120,Groomed
T080,23-24,1/28/24,120,Open
T081,23-24,1/28/24,120,Open
T082,23-24,1/28/24,120,Open
T083,23-24,1/28/24,120,Open
T084,23-24,1/28/24,120,Open
T085,23-24,1/28/24,120,Open
T086,23-24,1/28/24,120,Open
T087,23-24,1/28/24,120,Open
T088,23-24,1/28/24,120,Open
T089,23-24,1/28/24,120,Open
T090,23-24,1/28/24,120,Open
T091,23-24,1/28/24,120,Open
T092,23-24,1/28/24,120,Open
T107,23-24,1/28/24,120,Groomed
T108,23-24,1/28/24,120,Groomed
T109,23-24,1/28/24,120,Groomed
T110,23-24,1/28/24,120,Open
T111,23-24,1/28/24,120,Open
T112,23-24,1/28/24,120,Groomed
T113,23-24,1/28/24,120,Open
T114,23-24,1/28/24,120,Open
T115,23-24,1/28/24,120,Open
T116,23-24,1/28/24,120,Groomed
T117,23-24,1/28/24,120,Open
T118,23-24,1/28/24,120,Groomed
T119,23-24,1/28/24,120,Open
T127,23-24,1/28/24,120,Open
T128,23-24,1/28/24,120,Open
T129,23-24,1/28/24,120,Open
T130,23-24,1/28/24,120,Open
T131,23-24,1/28/24,120,Open
T132,23-24,1/28/24,120,Open
T133,23-24,1/28/24,120,Open
T136,23-24,1/28/24,120,Open
T137,23-24,1/28/24,120,Open
T148,23-24,1/28/24,120,Open
T001,23-24,1/29/24,121,Groomed
T002,23-24,1/29/24,121,Groomed
T003,23-24,1/29/24,121,Groomed
T004,23-24,1/29/24,121,Groomed
T005,23-24,1/29/24,121,Groomed
T006,23-24,1/29/24,121,Open
T007,23-24,1/29/24,121,Groomed
T008,23-24,1/29/24,121,Open
T009,23-24,1/29/24,121,Groomed
T010,23-24,1/29/24,121,Open
T011,23-24,1/29/24,121,Groomed
T012,23-24,1/29/24,121,Groomed
T013,23-24,1/29/24,121,Groomed
T014,23-24,1/29/24,121,Groomed
T015,23-24,1/29/24,121,Groomed
T016,23-24,1/29/24,121,Open
T017,23-24,1/29/24,121,Open
T018,23-24,1/29/24,121,Groomed
T019,23-24,1/29/24,121,Open
T020,23-24,1/29/24,121,Open
T021,23-24,1/29/24,121,Groomed
T022,23-24,1/29/24,121,Groomed
T023,23-24,1/29/24,121,Groomed
T024,23-24,1/29/24,121,Open
T025,23-24,1/29/24,121,Groomed
T026,23-24,1/29/24,121,Open
T027,23-24,1/29/24,121,Open
T028,23-24,1/29/24,121,Open
T029,23-24,1/29/24,121,Groomed
T030,23-24,1/29/24,121,Open
T031,23-24,1/29/24,121,Groomed
T032,23-24,1/29/24,121,Groomed
T033,23-24,1/29/24,121,Groomed
T034,23-24,1/29/24,121,Groomed
T035,23-24,1/29/24,121,Open
T036,23-24,1/29/24,121,Groomed
T037,23-24,1/29/24,121,Open
T038,23-24,1/29/24,121,Open
T039,23-24,1/29/24,121,Open
T040,23-24,1/29/24,121,Groomed
T042,23-24,1/29/24,121,Open
T043,23-24,1/29/24,121,Open
T044,23-24,1/29/24,121,Open
T045,23-24,1/29/24,121,Open
T046,23-24,1/29/24,121,Open
T047,23-24,1/29/24,121,Open
T048,23-24,1/29/24,121,Open
T049,23-24,1/29/24,121,Groomed
T050,23-24,1/29/24,121,Groomed
T051,23-24,1/29/24,121,Open
T052,23-24,1/29/24,121,Open
T053,23-24,1/29/24,121,Closed
T054,23-24,1/29/24,121,Closed
T055,23-24,1/29/24,121,Open
T056,23-24,1/29/24,121,Open
T057,23-24,1/29/24,121,Open
T058,23-24,1/29/24,121,Open
T061,23-24,1/29/24,121,Groomed
T062,23-24,1/29/24,121,Groomed
T063,23-24,1/29/24,121,Groomed
T064,23-24,1/29/24,121,Groomed
T065,23-24,1/29/24,121,Groomed
T066,23-24,1/29/24,121,Groomed
T067,23-24,1/29/24,121,Groomed
T068,23-24,1/29/24,121,Open
T069,23-24,1/29/24,121,Open
T070,23-24,1/29/24,121,Open
T071,23-24,1/29/24,121,Open
T072,23-24,1/29/24,121,Open
T073,23-24,1/29/24,121,Open
T074,23-24,1/29/24,121,Open
T075,23-24,1/29/24,121,Open
T076,23-24,1/29/24,121,Open
T077,23-24,1/29/24,121,Groomed
T078,23-24,1/29/24,121,Groomed
T079,23-24,1/29/24,121,Groomed
T080,23-24,1/29/24,121,Open
T081,23-24,1/29/24,121,Open
T082,23-24,1/29/24,121,Open
T083,23-24,1/29/24,121,Open
T084,23-24,1/29/24,121,Open
T085,23-24,1/29/24,121,Open
T086,23-24,1/29/24,121,Open
T087,23-24,1/29/24,121,Open
T088,23-24,1/29/24,121,Open
T089,23-24,1/29/24,121,Open
T090,23-24,1/29/24,121,Open
T091,23-24,1/29/24,121,Open
T092,23-24,1/29/24,121,Open
T107,23-24,1/29/24,121,Groomed
T108,23-24,1/29/24,121,Groomed
T109,23-24,1/29/24,121,Groomed
T110,23-24,1/29/24,121,Open
T111,23-24,1/29/24,121,Open
T112,23-24,1/29/24,121,Groomed
T113,23-24,1/29/24,121,Open
T114,23-24,1/29/24,121,Open
T115,23-24,1/29/24,121,Open
T116,23-24,1/29/24,121,Groomed
T117,23-24,1/29/24,121,Open
T118,23-24,1/29/24,121,Groomed
T119,23-24,1/29/24,121,Open
T127,23-24,1/29/24,121,Open
T128,23-24,1/29/24,121,Open
T129,23-24,1/29/24,121,Open
T130,23-24,1/29/24,121,Open
T131,23-24,1/29/24,121,Open
T132,23-24,1/29/24,121,Open
T133,23-24,1/29/24,121,Open
T136,23-24,1/29/24,121,Open
T137,23-24,1/29/24,121,Open
T148,23-24,1/29/24,121,Open
T001,23-24,45321,122,Groomed
T002,23-24,45321,122,Groomed
T003,23-24,45321,122,Groomed
T004,23-24,45321,122,Groomed
T005,23-24,45321,122,Groomed
T006,23-24,45321,122,Groomed
T007,23-24,45321,122,Groomed
T008,23-24,45321,122,Open
T009,23-24,45321,122,Groomed
T010,23-24,45321,122,Groomed
T011,23-24,45321,122,Groomed
T012,23-24,45321,122,Groomed
T013,23-24,45321,122,Groomed
T014,23-24,45321,122,Groomed
T015,23-24,45321,122,Groomed
T016,23-24,45321,122,Open
T017,23-24,45321,122,Open
T018,23-24,45321,122,Groomed
T019,23-24,45321,122,Open
T020,23-24,45321,122,Open
T021,23-24,45321,122,Groomed
T022,23-24,45321,122,Groomed
T023,23-24,45321,122,Groomed
T024,23-24,45321,122,Open
T025,23-24,45321,122,Groomed
T026,23-24,45321,122,Open
T027,23-24,45321,122,Groomed
T028,23-24,45321,122,Groomed
T029,23-24,45321,122,Groomed
T030,23-24,45321,122,Groomed
T031,23-24,45321,122,Groomed
T032,23-24,45321,122,Groomed
T033,23-24,45321,122,Groomed
T034,23-24,45321,122,Groomed
T035,23-24,45321,122,Open
T036,23-24,45321,122,Groomed
T037,23-24,45321,122,Open
T038,23-24,45321,122,Open
T039,23-24,45321,122,Open
T040,23-24,45321,122,Groomed
T042,23-24,45321,122,Open
T043,23-24,45321,122,Open
T044,23-24,45321,122,Open
T045,23-24,45321,122,Open
T046,23-24,45321,122,Open
T047,23-24,45321,122,Open
T048,23-24,45321,122,Open
T049,23-24,45321,122,Open
T050,23-24,45321,122,Groomed
T051,23-24,45321,122,Open
T052,23-24,45321,122,Open
T053,23-24,45321,122,Closed
T054,23-24,45321,122,Closed
T055,23-24,45321,122,Open
T056,23-24,45321,122,Open
T057,23-24,45321,122,Open
T058,23-24,45321,122,Open
T061,23-24,45321,122,Groomed
T062,23-24,45321,122,Groomed
T063,23-24,45321,122,Groomed
T064,23-24,45321,122,Groomed
T065,23-24,45321,122,Groomed
T066,23-24,45321,122,Groomed
T067,23-24,45321,122,Groomed
T068,23-24,45321,122,Open
T069,23-24,45321,122,Open
T070,23-24,45321,122,Open
T071,23-24,45321,122,Open
T072,23-24,45321,122,Open
T073,23-24,45321,122,Open
T074,23-24,45321,122,Open
T075,23-24,45321,122,Open
T076,23-24,45321,122,Open
T077,23-24,45321,122,Groomed
T078,23-24,45321,122,Groomed
T079,23-24,45321,122,Groomed
T080,23-24,45321,122,Open
T081,23-24,45321,122,Open
T082,23-24,45321,122,Open
T083,23-24,45321,122,Open
T084,23-24,45321,122,Open
T085,23-24,45321,122,Open
T086,23-24,45321,122,Open
T087,23-24,45321,122,Open
T088,23-24,45321,122,Open
T089,23-24,45321,122,Open
T090,23-24,45321,122,Open
T091,23-24,45321,122,Open
T092,23-24,45321,122,Open
T107,23-24,45321,122,Groomed
T108,23-24,45321,122,Groomed
T109,23-24,45321,122,Groomed
T110,23-24,45321,122,Open
T111,23-24,45321,122,Open
T112,23-24,45321,122,Groomed
T113,23-24,45321,122,Open
T114,23-24,45321,122,Open
T115,23-24,45321,122,Open
T116,23-24,45321,122,Groomed
T117,23-24,45321,122,Open
T118,23-24,45321,122,Groomed
T119,23-24,45321,122,Open
T127,23-24,45321,122,Open
T128,23-24,45321,122,Open
T129,23-24,45321,122,Open
T130,23-24,45321,122,Open
T131,23-24,45321,122,Open
T132,23-24,45321,122,Open
T133,23-24,45321,122,Open
T136,23-24,45321,122,Open
T137,23-24,45321,122,Open
T148,23-24,45321,122,Open
T001,23-24,45322,123,Groomed
T002,23-24,45322,123,Groomed
T003,23-24,45322,123,Groomed
T004,23-24,45322,123,Groomed
T005,23-24,45322,123,Groomed
T006,23-24,45322,123,Groomed
T007,23-24,45322,123,Groomed
T008,23-24,45322,123,Groomed
T009,23-24,45322,123,Groomed
T010,23-24,45322,123,Groomed
T011,23-24,45322,123,Groomed
T012,23-24,45322,123,Groomed
T013,23-24,45322,123,Groomed
T014,23-24,45322,123,Groomed
T015,23-24,45322,123,Groomed
T016,23-24,45322,123,Open
T017,23-24,45322,123,Open
T018,23-24,45322,123,Groomed
T019,23-24,45322,123,Open
T020,23-24,45322,123,Open
T021,23-24,45322,123,Groomed
T022,23-24,45322,123,Groomed
T023,23-24,45322,123,Groomed
T024,23-24,45322,123,Open
T025,23-24,45322,123,Groomed
T026,23-24,45322,123,Groomed
T027,23-24,45322,123,Groomed
T028,23-24,45322,123,Groomed
T029,23-24,45322,123,Groomed
T030,23-24,45322,123,Groomed
T031,23-24,45322,123,Groomed
T032,23-24,45322,123,Open
T033,23-24,45322,123,Groomed
T034,23-24,45322,123,Groomed
T035,23-24,45322,123,Open
T036,23-24,45322,123,Groomed
T037,23-24,45322,123,Open
T038,23-24,45322,123,Open
T039,23-24,45322,123,Open
T040,23-24,45322,123,Groomed
T042,23-24,45322,123,Open
T043,23-24,45322,123,Groomed
T044,23-24,45322,123,Open
T045,23-24,45322,123,Open
T046,23-24,45322,123,Open
T047,23-24,45322,123,Open
T048,23-24,45322,123,Open
T049,23-24,45322,123,Open
T050,23-24,45322,123,Groomed
T051,23-24,45322,123,Open
T052,23-24,45322,123,Open
T053,23-24,45322,123,Open
T054,23-24,45322,123,Open
T055,23-24,45322,123,Open
T056,23-24,45322,123,Open
T057,23-24,45322,123,Open
T058,23-24,45322,123,Open
T061,23-24,45322,123,Groomed
T062,23-24,45322,123,Groomed
T063,23-24,45322,123,Groomed
T064,23-24,45322,123,Groomed
T065,23-24,45322,123,Groomed
T066,23-24,45322,123,Groomed
T067,23-24,45322,123,Groomed
T068,23-24,45322,123,Open
T069,23-24,45322,123,Open
T070,23-24,45322,123,Open
T071,23-24,45322,123,Open
T072,23-24,45322,123,Open
T073,23-24,45322,123,Open
T074,23-24,45322,123,Open
T075,23-24,45322,123,Open
T076,23-24,45322,123,Open
T077,23-24,45322,123,Groomed
T078,23-24,45322,123,Groomed
T079,23-24,45322,123,Groomed
T080,23-24,45322,123,Open
T081,23-24,45322,123,Open
T082,23-24,45322,123,Open
T083,23-24,45322,123,Open
T084,23-24,45322,123,Open
T085,23-24,45322,123,Open
T086,23-24,45322,123,Open
T087,23-24,45322,123,Open
T088,23-24,45322,123,Open
T089,23-24,45322,123,Open
T090,23-24,45322,123,Open
T091,23-24,45322,123,Open
T092,23-24,45322,123,Open
T107,23-24,45322,123,Groomed
T108,23-24,45322,123,Groomed
T109,23-24,45322,123,Groomed
T110,23-24,45322,123,Open
T111,23-24,45322,123,Open
T112,23-24,45322,123,Groomed
T113,23-24,45322,123,Open
T114,23-24,45322,123,Open
T115,23-24,45322,123,Open
T116,23-24,45322,123,Groomed
T117,23-24,45322,123,Open
T118,23-24,45322,123,Groomed
T119,23-24,45322,123,Open
T127,23-24,45322,123,Open
T128,23-24,45322,123,Open
T129,23-24,45322,123,Open
T130,23-24,45322,123,Open
T131,23-24,45322,123,Open
T132,23-24,45322,123,Open
T133,23-24,45322,123,Open
T136,23-24,45322,123,Open
T137,23-24,45322,123,Open
T148,23-24,45322,123,Open
T001,23-24,45323,124,Groomed
T002,23-24,45323,124,Groomed
T003,23-24,45323,124,Groomed
T004,23-24,45323,124,Groomed
T005,23-24,45323,124,Groomed
T006,23-24,45323,124,Groomed
T007,23-24,45323,124,Groomed
T008,23-24,45323,124,Groomed
T009,23-24,45323,124,Groomed
T010,23-24,45323,124,Groomed
T011,23-24,45323,124,Groomed
T012,23-24,45323,124,Groomed
T013,23-24,45323,124,Groomed
T014,23-24,45323,124,Groomed
T015,23-24,45323,124,Groomed
T016,23-24,45323,124,Open
T017,23-24,45323,124,Open
T018,23-24,45323,124,Groomed
T019,23-24,45323,124,Open
T020,23-24,45323,124,Open
T021,23-24,45323,124,Groomed
T022,23-24,45323,124,Groomed
T023,23-24,45323,124,Groomed
T024,23-24,45323,124,Open
T025,23-24,45323,124,Groomed
T026,23-24,45323,124,Groomed
T027,23-24,45323,124,Groomed
T028,23-24,45323,124,Groomed
T029,23-24,45323,124,Groomed
T030,23-24,45323,124,Groomed
T031,23-24,45323,124,Groomed
T032,23-24,45323,124,Open
T033,23-24,45323,124,Groomed
T034,23-24,45323,124,Groomed
T035,23-24,45323,124,Open
T036,23-24,45323,124,Groomed
T037,23-24,45323,124,Open
T038,23-24,45323,124,Open
T039,23-24,45323,124,Open
T040,23-24,45323,124,Groomed
T042,23-24,45323,124,Open
T043,23-24,45323,124,Groomed
T044,23-24,45323,124,Open
T045,23-24,45323,124,Open
T046,23-24,45323,124,Open
T047,23-24,45323,124,Open
T048,23-24,45323,124,Open
T049,23-24,45323,124,Open
T050,23-24,45323,124,Groomed
T051,23-24,45323,124,Open
T052,23-24,45323,124,Open
T053,23-24,45323,124,Open
T054,23-24,45323,124,Open
T055,23-24,45323,124,Open
T056,23-24,45323,124,Open
T057,23-24,45323,124,Open
T058,23-24,45323,124,Open
T061,23-24,45323,124,Groomed
T062,23-24,45323,124,Groomed
T063,23-24,45323,124,Groomed
T064,23-24,45323,124,Groomed
T065,23-24,45323,124,Groomed
T066,23-24,45323,124,Groomed
T067,23-24,45323,124,Groomed
T068,23-24,45323,124,Open
T069,23-24,45323,124,Open
T070,23-24,45323,124,Open
T071,23-24,45323,124,Open
T072,23-24,45323,124,Open
T073,23-24,45323,124,Open
T074,23-24,45323,124,Open
T075,23-24,45323,124,Open
T076,23-24,45323,124,Open
T077,23-24,45323,124,Groomed
T078,23-24,45323,124,Groomed
T079,23-24,45323,124,Groomed
T080,23-24,45323,124,Open
T081,23-24,45323,124,Open
T082,23-24,45323,124,Open
T083,23-24,45323,124,Open
T084,23-24,45323,124,Open
T085,23-24,45323,124,Open
T086,23-24,45323,124,Open
T087,23-24,45323,124,Open
T088,23-24,45323,124,Open
T089,23-24,45323,124,Open
T090,23-24,45323,124,Open
T091,23-24,45323,124,Open
T092,23-24,45323,124,Open
T107,23-24,45323,124,Groomed
T108,23-24,45323,124,Groomed
T109,23-24,45323,124,Groomed
T110,23-24,45323,124,Open
T111,23-24,45323,124,Open
T112,23-24,45323,124,Groomed
T113,23-24,45323,124,Open
T114,23-24,45323,124,Open
T115,23-24,45323,124,Open
T116,23-24,45323,124,Groomed
T117,23-24,45323,124,Open
T118,23-24,45323,124,Groomed
T119,23-24,45323,124,Open
T127,23-24,45323,124,Open
T128,23-24,45323,124,Open
T129,23-24,45323,124,Open
T130,23-24,45323,124,Open
T131,23-24,45323,124,Open
T132,23-24,45323,124,Open
T133,23-24,45323,124,Open
T136,23-24,45323,124,Open
T137,23-24,45323,124,Open
T148,23-24,45323,124,Open
T001,23-24,45324,125,Groomed
T002,23-24,45324,125,Groomed
T003,23-24,45324,125,Groomed
T004,23-24,45324,125,Groomed
T005,23-24,45324,125,Groomed
T006,23-24,45324,125,Open
T007,23-24,45324,125,Groomed
T008,23-24,45324,125,Groomed
T009,23-24,45324,125,Groomed
T010,23-24,45324,125,Open
T011,23-24,45324,125,Groomed
T012,23-24,45324,125,Groomed
T013,23-24,45324,125,Groomed
T014,23-24,45324,125,Groomed
T015,23-24,45324,125,Groomed
T016,23-24,45324,125,Open
T017,23-24,45324,125,Open
T018,23-24,45324,125,Groomed
T019,23-24,45324,125,Open
T020,23-24,45324,125,Open
T021,23-24,45324,125,Groomed
T022,23-24,45324,125,Groomed
T023,23-24,45324,125,Groomed
T024,23-24,45324,125,Open
T025,23-24,45324,125,Groomed
T026,23-24,45324,125,Open
T027,23-24,45324,125,Groomed
T028,23-24,45324,125,Groomed
T029,23-24,45324,125,Groomed
T030,23-24,45324,125,Groomed
T031,23-24,45324,125,Groomed
T032,23-24,45324,125,Groomed
T033,23-24,45324,125,Groomed
T034,23-24,45324,125,Groomed
T035,23-24,45324,125,Open
T036,23-24,45324,125,Groomed
T037,23-24,45324,125,Open
T038,23-24,45324,125,Open
T039,23-24,45324,125,Groomed
T040,23-24,45324,125,Groomed
T042,23-24,45324,125,Open
T043,23-24,45324,125,Groomed
T044,23-24,45324,125,Open
T045,23-24,45324,125,Open
T046,23-24,45324,125,Open
T047,23-24,45324,125,Open
T048,23-24,45324,125,Open
T049,23-24,45324,125,Open
T050,23-24,45324,125,Groomed
T051,23-24,45324,125,Open
T052,23-24,45324,125,Open
T053,23-24,45324,125,Open
T054,23-24,45324,125,Open
T055,23-24,45324,125,Open
T056,23-24,45324,125,Open
T057,23-24,45324,125,Open
T058,23-24,45324,125,Open
T061,23-24,45324,125,Groomed
T062,23-24,45324,125,Groomed
T063,23-24,45324,125,Groomed
T064,23-24,45324,125,Groomed
T065,23-24,45324,125,Groomed
T066,23-24,45324,125,Groomed
T067,23-24,45324,125,Groomed
T068,23-24,45324,125,Open
T069,23-24,45324,125,Open
T070,23-24,45324,125,Open
T071,23-24,45324,125,Open
T072,23-24,45324,125,Open
T073,23-24,45324,125,Open
T074,23-24,45324,125,Open
T075,23-24,45324,125,Open
T076,23-24,45324,125,Open
T077,23-24,45324,125,Groomed
T078,23-24,45324,125,Groomed
T079,23-24,45324,125,Groomed
T080,23-24,45324,125,Open
T081,23-24,45324,125,Open
T082,23-24,45324,125,Open
T083,23-24,45324,125,Open
T084,23-24,45324,125,Open
T085,23-24,45324,125,Open
T086,23-24,45324,125,Open
T087,23-24,45324,125,Open
T088,23-24,45324,125,Open
T089,23-24,45324,125,Open
T090,23-24,45324,125,Open
T091,23-24,45324,125,Open
T092,23-24,45324,125,Open
T107,23-24,45324,125,Groomed
T108,23-24,45324,125,Groomed
T109,23-24,45324,125,Groomed
T110,23-24,45324,125,Open
T111,23-24,45324,125,Open
T112,23-24,45324,125,Groomed
T113,23-24,45324,125,Open
T114,23-24,45324,125,Open
T115,23-24,45324,125,Open
T116,23-24,45324,125,Groomed
T117,23-24,45324,125,Open
T118,23-24,45324,125,Groomed
T119,23-24,45324,125,Open
T127,23-24,45324,125,Open
T128,23-24,45324,125,Open
T129,23-24,45324,125,Open
T130,23-24,45324,125,Open
T131,23-24,45324,125,Open
T132,23-24,45324,125,Open
T133,23-24,45324,125,Open
T136,23-24,45324,125,Open
T137,23-24,45324,125,Open
T148,23-24,45324,125,Open
T001,23-24,45325,126,Groomed
T002,23-24,45325,126,Groomed
T003,23-24,45325,126,Groomed
T004,23-24,45325,126,Groomed
T005,23-24,45325,126,Groomed
T006,23-24,45325,126,Groomed
T007,23-24,45325,126,Groomed
T008,23-24,45325,126,Groomed
T009,23-24,45325,126,Groomed
T010,23-24,45325,126,Groomed
T011,23-24,45325,126,Groomed
T012,23-24,45325,126,Groomed
T013,23-24,45325,126,Groomed
T014,23-24,45325,126,Groomed
T015,23-24,45325,126,Groomed
T016,23-24,45325,126,Open
T017,23-24,45325,126,Open
T018,23-24,45325,126,Groomed
T019,23-24,45325,126,Open
T020,23-24,45325,126,Open
T021,23-24,45325,126,Groomed
T022,23-24,45325,126,Groomed
T023,23-24,45325,126,Groomed
T024,23-24,45325,126,Groomed
T025,23-24,45325,126,Groomed
T026,23-24,45325,126,Groomed
T027,23-24,45325,126,Groomed
T028,23-24,45325,126,Groomed
T029,23-24,45325,126,Groomed
T030,23-24,45325,126,Groomed
T031,23-24,45325,126,Groomed
T032,23-24,45325,126,Groomed
T033,23-24,45325,126,Groomed
T034,23-24,45325,126,Groomed
T035,23-24,45325,126,Groomed
T036,23-24,45325,126,Groomed
T037,23-24,45325,126,Open
T038,23-24,45325,126,Groomed
T039,23-24,45325,126,Groomed
T040,23-24,45325,126,Groomed
T042,23-24,45325,126,Open
T043,23-24,45325,126,Groomed
T044,23-24,45325,126,Open
T045,23-24,45325,126,Open
T046,23-24,45325,126,Open
T047,23-24,45325,126,Open
T048,23-24,45325,126,Open
T049,23-24,45325,126,Open
T050,23-24,45325,126,Groomed
T051,23-24,45325,126,Open
T052,23-24,45325,126,Open
T053,23-24,45325,126,Open
T054,23-24,45325,126,Open
T055,23-24,45325,126,Open
T056,23-24,45325,126,Open
T057,23-24,45325,126,Open
T058,23-24,45325,126,Open
T061,23-24,45325,126,Groomed
T062,23-24,45325,126,Groomed
T063,23-24,45325,126,Groomed
T064,23-24,45325,126,Groomed
T065,23-24,45325,126,Open
T066,23-24,45325,126,Groomed
T067,23-24,45325,126,Groomed
T068,23-24,45325,126,Open
T069,23-24,45325,126,Open
T070,23-24,45325,126,Open
T071,23-24,45325,126,Open
T072,23-24,45325,126,Open
T073,23-24,45325,126,Open
T074,23-24,45325,126,Open
T075,23-24,45325,126,Open
T076,23-24,45325,126,Open
T077,23-24,45325,126,Groomed
T078,23-24,45325,126,Groomed
T079,23-24,45325,126,Groomed
T080,23-24,45325,126,Open
T081,23-24,45325,126,Open
T082,23-24,45325,126,Open
T083,23-24,45325,126,Open
T084,23-24,45325,126,Open
T085,23-24,45325,126,Open
T086,23-24,45325,126,Open
T087,23-24,45325,126,Open
T088,23-24,45325,126,Open
T089,23-24,45325,126,Open
T090,23-24,45325,126,Open
T091,23-24,45325,126,Open
T092,23-24,45325,126,Open
T107,23-24,45325,126,Groomed
T108,23-24,45325,126,Groomed
T109,23-24,45325,126,Groomed
T110,23-24,45325,126,Open
T111,23-24,45325,126,Open
T112,23-24,45325,126,Groomed
T113,23-24,45325,126,Open
T114,23-24,45325,126,Open
T115,23-24,45325,126,Open
T116,23-24,45325,126,Groomed
T117,23-24,45325,126,Open
T118,23-24,45325,126,Groomed
T119,23-24,45325,126,Open
T127,23-24,45325,126,Open
T128,23-24,45325,126,Open
T129,23-24,45325,126,Open
T130,23-24,45325,126,Open
T131,23-24,45325,126,Open
T132,23-24,45325,126,Open
T133,23-24,45325,126,Open
T136,23-24,45325,126,Open
T137,23-24,45325,126,Open
T148,23-24,45325,126,Open
T001,23-24,45326,127,Groomed
T002,23-24,45326,127,Groomed
T003,23-24,45326,127,Groomed
T004,23-24,45326,127,Groomed
T005,23-24,45326,127,Groomed
T006,23-24,45326,127,Open
T007,23-24,45326,127,Groomed
T008,23-24,45326,127,Groomed
T009,23-24,45326,127,Groomed
T010,23-24,45326,127,Groomed
T011,23-24,45326,127,Groomed
T012,23-24,45326,127,Groomed
T013,23-24,45326,127,Groomed
T014,23-24,45326,127,Groomed
T015,23-24,45326,127,Groomed
T016,23-24,45326,127,Open
T017,23-24,45326,127,Open
T018,23-24,45326,127,Groomed
T019,23-24,45326,127,Open
T020,23-24,45326,127,Open
T021,23-24,45326,127,Groomed
T022,23-24,45326,127,Groomed
T023,23-24,45326,127,Groomed
T024,23-24,45326,127,Open
T025,23-24,45326,127,Groomed
T026,23-24,45326,127,Open
T027,23-24,45326,127,Groomed
T028,23-24,45326,127,Groomed
T029,23-24,45326,127,Groomed
T030,23-24,45326,127,Groomed
T031,23-24,45326,127,Groomed
T032,23-24,45326,127,Groomed
T033,23-24,45326,127,Groomed
T034,23-24,45326,127,Groomed
T035,23-24,45326,127,Open
T036,23-24,45326,127,Groomed
T037,23-24,45326,127,Open
T038,23-24,45326,127,Groomed
T039,23-24,45326,127,Open
T040,23-24,45326,127,Open
T042,23-24,45326,127,Open
T043,23-24,45326,127,Groomed
T044,23-24,45326,127,Open
T045,23-24,45326,127,Open
T046,23-24,45326,127,Open
T047,23-24,45326,127,Open
T048,23-24,45326,127,Open
T049,23-24,45326,127,Open
T050,23-24,45326,127,Groomed
T051,23-24,45326,127,Open
T052,23-24,45326,127,Open
T053,23-24,45326,127,Open
T054,23-24,45326,127,Open
T055,23-24,45326,127,Open
T056,23-24,45326,127,Open
T057,23-24,45326,127,Open
T058,23-24,45326,127,Open
T061,23-24,45326,127,Groomed
T062,23-24,45326,127,Groomed
T063,23-24,45326,127,Groomed
T064,23-24,45326,127,Groomed
T065,23-24,45326,127,Groomed
T066,23-24,45326,127,Groomed
T067,23-24,45326,127,Groomed
T068,23-24,45326,127,Open
T069,23-24,45326,127,Open
T070,23-24,45326,127,Open
T071,23-24,45326,127,Open
T072,23-24,45326,127,Open
T073,23-24,45326,127,Open
T074,23-24,45326,127,Open
T075,23-24,45326,127,Open
T076,23-24,45326,127,Open
T077,23-24,45326,127,Groomed
T078,23-24,45326,127,Groomed
T079,23-24,45326,127,Groomed
T080,23-24,45326,127,Open
T081,23-24,45326,127,Open
T082,23-24,45326,127,Open
T083,23-24,45326,127,Open
T084,23-24,45326,127,Open
T085,23-24,45326,127,Open
T086,23-24,45326,127,Open
T087,23-24,45326,127,Open
T088,23-24,45326,127,Open
T089,23-24,45326,127,Open
T090,23-24,45326,127,Open
T091,23-24,45326,127,Open
T092,23-24,45326,127,Open
T107,23-24,45326,127,Groomed
T108,23-24,45326,127,Groomed
T109,23-24,45326,127,Groomed
T110,23-24,45326,127,Open
T111,23-24,45326,127,Open
T112,23-24,45326,127,Groomed
T113,23-24,45326,127,Open
T114,23-24,45326,127,Open
T115,23-24,45326,127,Open
T116,23-24,45326,127,Groomed
T117,23-24,45326,127,Open
T118,23-24,45326,127,Groomed
T119,23-24,45326,127,Open
T127,23-24,45326,127,Open
T128,23-24,45326,127,Open
T129,23-24,45326,127,Open
T130,23-24,45326,127,Open
T131,23-24,45326,127,Open
T132,23-24,45326,127,Open
T133,23-24,45326,127,Open
T136,23-24,45326,127,Open
T137,23-24,45326,127,Open
T148,23-24,45326,127,Open
T001,23-24,45327,128,Groomed
T002,23-24,45327,128,Groomed
T003,23-24,45327,128,Groomed
T004,23-24,45327,128,Groomed
T005,23-24,45327,128,Groomed
T006,23-24,45327,128,Groomed
T007,23-24,45327,128,Groomed
T008,23-24,45327,128,Groomed
T009,23-24,45327,128,Groomed
T010,23-24,45327,128,Groomed
T011,23-24,45327,128,Groomed
T012,23-24,45327,128,Groomed
T013,23-24,45327,128,Groomed
T014,23-24,45327,128,Groomed
T015,23-24,45327,128,Groomed
T016,23-24,45327,128,Open
T017,23-24,45327,128,Open
T018,23-24,45327,128,Groomed
T019,23-24,45327,128,Open
T020,23-24,45327,128,Open
T021,23-24,45327,128,Groomed
T022,23-24,45327,128,Groomed
T023,23-24,45327,128,Groomed
T024,23-24,45327,128,Open
T025,23-24,45327,128,Groomed
T026,23-24,45327,128,Open
T027,23-24,45327,128,Open
T028,23-24,45327,128,Groomed
T029,23-24,45327,128,Groomed
T030,23-24,45327,128,Groomed
T031,23-24,45327,128,Groomed
T032,23-24,45327,128,Groomed
T033,23-24,45327,128,Groomed
T034,23-24,45327,128,Groomed
T035,23-24,45327,128,Groomed
T036,23-24,45327,128,Groomed
T037,23-24,45327,128,Open
T038,23-24,45327,128,Groomed
T039,23-24,45327,128,Open
T040,23-24,45327,128,Groomed
T042,23-24,45327,128,Open
T043,23-24,45327,128,Groomed
T044,23-24,45327,128,Open
T045,23-24,45327,128,Open
T046,23-24,45327,128,Open
T047,23-24,45327,128,Open
T048,23-24,45327,128,Open
T049,23-24,45327,128,Open
T050,23-24,45327,128,Groomed
T051,23-24,45327,128,Open
T052,23-24,45327,128,Open
T053,23-24,45327,128,Open
T054,23-24,45327,128,Open
T055,23-24,45327,128,Open
T056,23-24,45327,128,Open
T057,23-24,45327,128,Open
T058,23-24,45327,128,Open
T061,23-24,45327,128,Groomed
T062,23-24,45327,128,Groomed
T063,23-24,45327,128,Groomed
T064,23-24,45327,128,Groomed
T065,23-24,45327,128,Open
T066,23-24,45327,128,Groomed
T067,23-24,45327,128,Groomed
T068,23-24,45327,128,Open
T069,23-24,45327,128,Open
T070,23-24,45327,128,Open
T071,23-24,45327,128,Open
T072,23-24,45327,128,Open
T073,23-24,45327,128,Open
T074,23-24,45327,128,Open
T075,23-24,45327,128,Open
T076,23-24,45327,128,Open
T077,23-24,45327,128,Groomed
T078,23-24,45327,128,Groomed
T079,23-24,45327,128,Groomed
T080,23-24,45327,128,Open
T081,23-24,45327,128,Open
T082,23-24,45327,128,Open
T083,23-24,45327,128,Open
T084,23-24,45327,128,Open
T085,23-24,45327,128,Open
T086,23-24,45327,128,Open
T087,23-24,45327,128,Open
T088,23-24,45327,128,Open
T089,23-24,45327,128,Open
T090,23-24,45327,128,Open
T091,23-24,45327,128,Open
T092,23-24,45327,128,Open
T107,23-24,45327,128,Groomed
T108,23-24,45327,128,Groomed
T109,23-24,45327,128,Groomed
T110,23-24,45327,128,Open
T111,23-24,45327,128,Open
T112,23-24,45327,128,Groomed
T113,23-24,45327,128,Open
T114,23-24,45327,128,Open
T115,23-24,45327,128,Open
T116,23-24,45327,128,Groomed
T117,23-24,45327,128,Open
T118,23-24,45327,128,Groomed
T119,23-24,45327,128,Open
T127,23-24,45327,128,Open
T128,23-24,45327,128,Open
T129,23-24,45327,128,Open
T130,23-24,45327,128,Open
T131,23-24,45327,128,Open
T132,23-24,45327,128,Open
T133,23-24,45327,128,Open
T136,23-24,45327,128,Open
T137,23-24,45327,128,Open
T148,23-24,45327,128,Open
T001,23-24,45328,129,Groomed
T002,23-24,45328,129,Groomed
T003,23-24,45328,129,Groomed
T004,23-24,45328,129,Groomed
T005,23-24,45328,129,Groomed
T006,23-24,45328,129,Groomed
T007,23-24,45328,129,Groomed
T008,23-24,45328,129,Groomed
T009,23-24,45328,129,Groomed
T010,23-24,45328,129,Groomed
T011,23-24,45328,129,Groomed
T012,23-24,45328,129,Groomed
T013,23-24,45328,129,Groomed
T014,23-24,45328,129,Groomed
T015,23-24,45328,129,Groomed
T016,23-24,45328,129,Open
T017,23-24,45328,129,Open
T018,23-24,45328,129,Groomed
T019,23-24,45328,129,Open
T020,23-24,45328,129,Open
T021,23-24,45328,129,Groomed
T022,23-24,45328,129,Groomed
T023,23-24,45328,129,Groomed
T024,23-24,45328,129,Open
T025,23-24,45328,129,Groomed
T026,23-24,45328,129,Open
T027,23-24,45328,129,Open
T028,23-24,45328,129,Groomed
T029,23-24,45328,129,Groomed
T030,23-24,45328,129,Groomed
T031,23-24,45328,129,Groomed
T032,23-24,45328,129,Groomed
T033,23-24,45328,129,Groomed
T034,23-24,45328,129,Groomed
T035,23-24,45328,129,Groomed
T036,23-24,45328,129,Groomed
T037,23-24,45328,129,Open
T038,23-24,45328,129,Groomed
T039,23-24,45328,129,Open
T040,23-24,45328,129,Groomed
T042,23-24,45328,129,Open
T043,23-24,45328,129,Groomed
T044,23-24,45328,129,Open
T045,23-24,45328,129,Open
T046,23-24,45328,129,Open
T047,23-24,45328,129,Open
T048,23-24,45328,129,Open
T049,23-24,45328,129,Open
T050,23-24,45328,129,Groomed
T051,23-24,45328,129,Open
T052,23-24,45328,129,Open
T053,23-24,45328,129,Open
T054,23-24,45328,129,Open
T055,23-24,45328,129,Open
T056,23-24,45328,129,Open
T057,23-24,45328,129,Open
T058,23-24,45328,129,Open
T061,23-24,45328,129,Groomed
T062,23-24,45328,129,Groomed
T063,23-24,45328,129,Groomed
T064,23-24,45328,129,Groomed
T065,23-24,45328,129,Open
T066,23-24,45328,129,Groomed
T067,23-24,45328,129,Groomed
T068,23-24,45328,129,Open
T069,23-24,45328,129,Open
T070,23-24,45328,129,Open
T071,23-24,45328,129,Open
T072,23-24,45328,129,Open
T073,23-24,45328,129,Open
T074,23-24,45328,129,Open
T075,23-24,45328,129,Open
T076,23-24,45328,129,Open
T077,23-24,45328,129,Groomed
T078,23-24,45328,129,Groomed
T079,23-24,45328,129,Groomed
T080,23-24,45328,129,Open
T081,23-24,45328,129,Open
T082,23-24,45328,129,Open
T083,23-24,45328,129,Open
T084,23-24,45328,129,Open
T085,23-24,45328,129,Open
T086,23-24,45328,129,Open
T087,23-24,45328,129,Open
T088,23-24,45328,129,Open
T089,23-24,45328,129,Open
T090,23-24,45328,129,Open
T091,23-24,45328,129,Open
T092,23-24,45328,129,Open
T107,23-24,45328,129,Groomed
T108,23-24,45328,129,Groomed
T109,23-24,45328,129,Groomed
T110,23-24,45328,129,Open
T111,23-24,45328,129,Open
T112,23-24,45328,129,Groomed
T113,23-24,45328,129,Open
T114,23-24,45328,129,Open
T115,23-24,45328,129,Open
T116,23-24,45328,129,Groomed
T117,23-24,45328,129,Open
T118,23-24,45328,129,Groomed
T119,23-24,45328,129,Open
T127,23-24,45328,129,Open
T128,23-24,45328,129,Open
T129,23-24,45328,129,Open
T130,23-24,45328,129,Open
T131,23-24,45328,129,Open
T132,23-24,45328,129,Open
T133,23-24,45328,129,Open
T136,23-24,45328,129,Open
T137,23-24,45328,129,Open
T148,23-24,45328,129,Open
T001,23-24,45329,130,Groomed
T002,23-24,45329,130,Groomed
T003,23-24,45329,130,Open
T004,23-24,45329,130,Groomed
T005,23-24,45329,130,Groomed
T006,23-24,45329,130,Open
T007,23-24,45329,130,Groomed
T008,23-24,45329,130,Open
T009,23-24,45329,130,Groomed
T010,23-24,45329,130,Open
T011,23-24,45329,130,Groomed
T012,23-24,45329,130,Groomed
T013,23-24,45329,130,Groomed
T014,23-24,45329,130,Groomed
T015,23-24,45329,130,Groomed
T016,23-24,45329,130,Open
T017,23-24,45329,130,Open
T018,23-24,45329,130,Groomed
T019,23-24,45329,130,Open
T020,23-24,45329,130,Open
T021,23-24,45329,130,Groomed
T022,23-24,45329,130,Groomed
T023,23-24,45329,130,Groomed
T024,23-24,45329,130,Open
T025,23-24,45329,130,Groomed
T026,23-24,45329,130,Open
T027,23-24,45329,130,Open
T028,23-24,45329,130,Open
T029,23-24,45329,130,Groomed
T030,23-24,45329,130,Open
T031,23-24,45329,130,Groomed
T032,23-24,45329,130,Open
T033,23-24,45329,130,Groomed
T034,23-24,45329,130,Groomed
T035,23-24,45329,130,Groomed
T036,23-24,45329,130,Groomed
T037,23-24,45329,130,Open
T038,23-24,45329,130,Open
T039,23-24,45329,130,Open
T040,23-24,45329,130,Groomed
T042,23-24,45329,130,Open
T043,23-24,45329,130,Groomed
T044,23-24,45329,130,Open
T045,23-24,45329,130,Open
T046,23-24,45329,130,Open
T047,23-24,45329,130,Open
T048,23-24,45329,130,Open
T049,23-24,45329,130,Groomed
T050,23-24,45329,130,Groomed
T051,23-24,45329,130,Open
T052,23-24,45329,130,Open
T053,23-24,45329,130,Open
T054,23-24,45329,130,Open
T055,23-24,45329,130,Open
T056,23-24,45329,130,Open
T057,23-24,45329,130,Open
T058,23-24,45329,130,Open
T061,23-24,45329,130,Groomed
T062,23-24,45329,130,Groomed
T063,23-24,45329,130,Groomed
T064,23-24,45329,130,Groomed
T065,23-24,45329,130,Groomed
T066,23-24,45329,130,Groomed
T067,23-24,45329,130,Groomed
T068,23-24,45329,130,Open
T069,23-24,45329,130,Open
T070,23-24,45329,130,Open
T071,23-24,45329,130,Open
T072,23-24,45329,130,Open
T073,23-24,45329,130,Open
T074,23-24,45329,130,Open
T075,23-24,45329,130,Open
T076,23-24,45329,130,Open
T077,23-24,45329,130,Groomed
T078,23-24,45329,130,Groomed
T079,23-24,45329,130,Groomed
T080,23-24,45329,130,Open
T081,23-24,45329,130,Open
T082,23-24,45329,130,Open
T083,23-24,45329,130,Open
T084,23-24,45329,130,Open
T085,23-24,45329,130,Open
T086,23-24,45329,130,Open
T087,23-24,45329,130,Open
T088,23-24,45329,130,Open
T089,23-24,45329,130,Open
T090,23-24,45329,130,Open
T091,23-24,45329,130,Open
T092,23-24,45329,130,Open
T107,23-24,45329,130,Groomed
T108,23-24,45329,130,Groomed
T109,23-24,45329,130,Groomed
T110,23-24,45329,130,Open
T111,23-24,45329,130,Groomed
T112,23-24,45329,130,Groomed
T113,23-24,45329,130,Open
T114,23-24,45329,130,Open
T115,23-24,45329,130,Open
T116,23-24,45329,130,Groomed
T117,23-24,45329,130,Open
T118,23-24,45329,130,Groomed
T119,23-24,45329,130,Open
T127,23-24,45329,130,Open
T128,23-24,45329,130,Open
T129,23-24,45329,130,Open
T130,23-24,45329,130,Open
T131,23-24,45329,130,Open
T132,23-24,45329,130,Open
T133,23-24,45329,130,Open
T136,23-24,45329,130,Open
T137,23-24,45329,130,Open
T148,23-24,45329,130,Open
T001,23-24,45330,131,Open
T002,23-24,45330,131,Groomed
T003,23-24,45330,131,Open
T004,23-24,45330,131,Groomed
T005,23-24,45330,131,Groomed
T006,23-24,45330,131,Open
T007,23-24,45330,131,Groomed
T008,23-24,45330,131,Open
T009,23-24,45330,131,Groomed
T010,23-24,45330,131,Open
T011,23-24,45330,131,Groomed
T012,23-24,45330,131,Groomed
T013,23-24,45330,131,Groomed
T014,23-24,45330,131,Groomed
T015,23-24,45330,131,Groomed
T016,23-24,45330,131,Open
T017,23-24,45330,131,Open
T018,23-24,45330,131,Groomed
T019,23-24,45330,131,Open
T020,23-24,45330,131,Open
T021,23-24,45330,131,Groomed
T022,23-24,45330,131,Groomed
T023,23-24,45330,131,Groomed
T024,23-24,45330,131,Open
T025,23-24,45330,131,Groomed
T026,23-24,45330,131,Open
T027,23-24,45330,131,Open
T028,23-24,45330,131,Open
T029,23-24,45330,131,Groomed
T030,23-24,45330,131,Open
T031,23-24,45330,131,Groomed
T032,23-24,45330,131,Open
T033,23-24,45330,131,Open
T034,23-24,45330,131,Groomed
T035,23-24,45330,131,Groomed
T036,23-24,45330,131,Groomed
T037,23-24,45330,131,Open
T038,23-24,45330,131,Open
T039,23-24,45330,131,Open
T040,23-24,45330,131,Groomed
T042,23-24,45330,131,Open
T043,23-24,45330,131,Groomed
T044,23-24,45330,131,Open
T045,23-24,45330,131,Open
T046,23-24,45330,131,Open
T047,23-24,45330,131,Open
T048,23-24,45330,131,Open
T049,23-24,45330,131,Groomed
T050,23-24,45330,131,Groomed
T051,23-24,45330,131,Open
T052,23-24,45330,131,Open
T053,23-24,45330,131,Open
T054,23-24,45330,131,Open
T055,23-24,45330,131,Open
T056,23-24,45330,131,Open
T057,23-24,45330,131,Open
T058,23-24,45330,131,Open
T061,23-24,45330,131,Groomed
T062,23-24,45330,131,Groomed
T063,23-24,45330,131,Groomed
T064,23-24,45330,131,Open
T065,23-24,45330,131,Groomed
T066,23-24,45330,131,Groomed
T067,23-24,45330,131,Groomed
T068,23-24,45330,131,Open
T069,23-24,45330,131,Open
T070,23-24,45330,131,Open
T071,23-24,45330,131,Open
T072,23-24,45330,131,Open
T073,23-24,45330,131,Open
T074,23-24,45330,131,Open
T075,23-24,45330,131,Open
T076,23-24,45330,131,Open
T077,23-24,45330,131,Groomed
T078,23-24,45330,131,Groomed
T079,23-24,45330,131,Open
T080,23-24,45330,131,Open
T081,23-24,45330,131,Open
T082,23-24,45330,131,Open
T083,23-24,45330,131,Open
T084,23-24,45330,131,Open
T085,23-24,45330,131,Open
T086,23-24,45330,131,Open
T087,23-24,45330,131,Open
T088,23-24,45330,131,Open
T089,23-24,45330,131,Open
T090,23-24,45330,131,Open
T091,23-24,45330,131,Open
T092,23-24,45330,131,Open
T107,23-24,45330,131,Groomed
T108,23-24,45330,131,Groomed
T109,23-24,45330,131,Groomed
T110,23-24,45330,131,Open
T111,23-24,45330,131,Groomed
T112,23-24,45330,131,Groomed
T113,23-24,45330,131,Open
T114,23-24,45330,131,Open
T115,23-24,45330,131,Open
T116,23-24,45330,131,Groomed
T117,23-24,45330,131,Open
T118,23-24,45330,131,Groomed
T119,23-24,45330,131,Open
T127,23-24,45330,131,Open
T128,23-24,45330,131,Open
T129,23-24,45330,131,Open
T130,23-24,45330,131,Open
T131,23-24,45330,131,Open
T132,23-24,45330,131,Open
T133,23-24,45330,131,Open
T136,23-24,45330,131,Open
T137,23-24,45330,131,Open
T148,23-24,45330,131,Open
T001,23-24,45331,132,Groomed
T002,23-24,45331,132,Groomed
T003,23-24,45331,132,Groomed
T004,23-24,45331,132,Groomed
T005,23-24,45331,132,Groomed
T006,23-24,45331,132,Open
T007,23-24,45331,132,Groomed
T008,23-24,45331,132,Open
T009,23-24,45331,132,Groomed
T010,23-24,45331,132,Open
T011,23-24,45331,132,Groomed
T012,23-24,45331,132,Groomed
T013,23-24,45331,132,Groomed
T014,23-24,45331,132,Groomed
T015,23-24,45331,132,Groomed
T016,23-24,45331,132,Open
T017,23-24,45331,132,Open
T018,23-24,45331,132,Groomed
T019,23-24,45331,132,Open
T020,23-24,45331,132,Open
T021,23-24,45331,132,Groomed
T022,23-24,45331,132,Groomed
T023,23-24,45331,132,Groomed
T024,23-24,45331,132,Open
T025,23-24,45331,132,Groomed
T026,23-24,45331,132,Open
T027,23-24,45331,132,Open
T028,23-24,45331,132,Groomed
T029,23-24,45331,132,Groomed
T030,23-24,45331,132,Groomed
T031,23-24,45331,132,Groomed
T032,23-24,45331,132,Open
T033,23-24,45331,132,Groomed
T034,23-24,45331,132,Groomed
T035,23-24,45331,132,Groomed
T036,23-24,45331,132,Groomed
T037,23-24,45331,132,Open
T038,23-24,45331,132,Open
T039,23-24,45331,132,Groomed
T040,23-24,45331,132,Groomed
T042,23-24,45331,132,Open
T043,23-24,45331,132,Groomed
T044,23-24,45331,132,Open
T045,23-24,45331,132,Open
T046,23-24,45331,132,Open
T047,23-24,45331,132,Open
T048,23-24,45331,132,Open
T049,23-24,45331,132,Groomed
T050,23-24,45331,132,Groomed
T051,23-24,45331,132,Open
T052,23-24,45331,132,Open
T053,23-24,45331,132,Open
T054,23-24,45331,132,Open
T055,23-24,45331,132,Open
T056,23-24,45331,132,Open
T057,23-24,45331,132,Open
T058,23-24,45331,132,Open
T061,23-24,45331,132,Groomed
T062,23-24,45331,132,Groomed
T063,23-24,45331,132,Groomed
T064,23-24,45331,132,Open
T065,23-24,45331,132,Open
T066,23-24,45331,132,Open
T067,23-24,45331,132,Groomed
T068,23-24,45331,132,Open
T069,23-24,45331,132,Open
T070,23-24,45331,132,Open
T071,23-24,45331,132,Open
T072,23-24,45331,132,Open
T073,23-24,45331,132,Open
T074,23-24,45331,132,Open
T075,23-24,45331,132,Open
T076,23-24,45331,132,Open
T077,23-24,45331,132,Groomed
T078,23-24,45331,132,Groomed
T079,23-24,45331,132,Groomed
T080,23-24,45331,132,Open
T081,23-24,45331,132,Open
T082,23-24,45331,132,Open
T083,23-24,45331,132,Open
T084,23-24,45331,132,Open
T085,23-24,45331,132,Open
T086,23-24,45331,132,Open
T087,23-24,45331,132,Open
T088,23-24,45331,132,Open
T089,23-24,45331,132,Open
T090,23-24,45331,132,Open
T091,23-24,45331,132,Open
T092,23-24,45331,132,Open
T107,23-24,45331,132,Groomed
T108,23-24,45331,132,Groomed
T109,23-24,45331,132,Groomed
T110,23-24,45331,132,Open
T111,23-24,45331,132,Groomed
T112,23-24,45331,132,Groomed
T113,23-24,45331,132,Open
T114,23-24,45331,132,Open
T115,23-24,45331,132,Open
T116,23-24,45331,132,Groomed
T117,23-24,45331,132,Open
T118,23-24,45331,132,Groomed
T119,23-24,45331,132,Open
T127,23-24,45331,132,Open
T128,23-24,45331,132,Open
T129,23-24,45331,132,Open
T130,23-24,45331,132,Open
T131,23-24,45331,132,Open
T132,23-24,45331,132,Open
T133,23-24,45331,132,Open
T136,23-24,45331,132,Open
T137,23-24,45331,132,Open
T148,23-24,45331,132,Open
T001,23-24,45332,133,Groomed
T002,23-24,45332,133,Groomed
T003,23-24,45332,133,Groomed
T004,23-24,45332,133,Groomed
T005,23-24,45332,133,Groomed
T006,23-24,45332,133,Open
T007,23-24,45332,133,Groomed
T008,23-24,45332,133,Groomed
T009,23-24,45332,133,Groomed
T010,23-24,45332,133,Groomed
T011,23-24,45332,133,Groomed
T012,23-24,45332,133,Groomed
T013,23-24,45332,133,Groomed
T014,23-24,45332,133,Groomed
T015,23-24,45332,133,Groomed
T016,23-24,45332,133,Open
T017,23-24,45332,133,Open
T018,23-24,45332,133,Groomed
T019,23-24,45332,133,Open
T020,23-24,45332,133,Open
T021,23-24,45332,133,Groomed
T022,23-24,45332,133,Groomed
T023,23-24,45332,133,Groomed
T024,23-24,45332,133,Open
T025,23-24,45332,133,Groomed
T026,23-24,45332,133,Open
T027,23-24,45332,133,Open
T028,23-24,45332,133,Groomed
T029,23-24,45332,133,Groomed
T030,23-24,45332,133,Groomed
T031,23-24,45332,133,Groomed
T032,23-24,45332,133,Groomed
T033,23-24,45332,133,Groomed
T034,23-24,45332,133,Groomed
T035,23-24,45332,133,Open
T036,23-24,45332,133,Groomed
T037,23-24,45332,133,Open
T038,23-24,45332,133,Groomed
T039,23-24,45332,133,Groomed
T040,23-24,45332,133,Groomed
T042,23-24,45332,133,Open
T043,23-24,45332,133,Groomed
T044,23-24,45332,133,Open
T045,23-24,45332,133,Open
T046,23-24,45332,133,Open
T047,23-24,45332,133,Open
T048,23-24,45332,133,Open
T049,23-24,45332,133,Groomed
T050,23-24,45332,133,Groomed
T051,23-24,45332,133,Open
T052,23-24,45332,133,Open
T053,23-24,45332,133,Open
T054,23-24,45332,133,Open
T055,23-24,45332,133,Open
T056,23-24,45332,133,Open
T057,23-24,45332,133,Open
T058,23-24,45332,133,Open
T061,23-24,45332,133,Groomed
T062,23-24,45332,133,Groomed
T063,23-24,45332,133,Groomed
T064,23-24,45332,133,Groomed
T065,23-24,45332,133,Groomed
T066,23-24,45332,133,Groomed
T067,23-24,45332,133,Groomed
T068,23-24,45332,133,Open
T069,23-24,45332,133,Open
T070,23-24,45332,133,Open
T071,23-24,45332,133,Open
T072,23-24,45332,133,Open
T073,23-24,45332,133,Open
T074,23-24,45332,133,Open
T075,23-24,45332,133,Open
T076,23-24,45332,133,Open
T077,23-24,45332,133,Groomed
T078,23-24,45332,133,Groomed
T079,23-24,45332,133,Groomed
T080,23-24,45332,133,Open
T081,23-24,45332,133,Open
T082,23-24,45332,133,Open
T083,23-24,45332,133,Groomed
T084,23-24,45332,133,Open
T085,23-24,45332,133,Open
T086,23-24,45332,133,Open
T087,23-24,45332,133,Open
T088,23-24,45332,133,Open
T089,23-24,45332,133,Open
T090,23-24,45332,133,Open
T091,23-24,45332,133,Open
T092,23-24,45332,133,Open
T107,23-24,45332,133,Groomed
T108,23-24,45332,133,Groomed
T109,23-24,45332,133,Groomed
T110,23-24,45332,133,Open
T111,23-24,45332,133,Groomed
T112,23-24,45332,133,Groomed
T113,23-24,45332,133,Open
T114,23-24,45332,133,Groomed
T115,23-24,45332,133,Open
T116,23-24,45332,133,Groomed
T117,23-24,45332,133,Open
T118,23-24,45332,133,Groomed
T119,23-24,45332,133,Open
T127,23-24,45332,133,Open
T128,23-24,45332,133,Open
T129,23-24,45332,133,Open
T130,23-24,45332,133,Open
T131,23-24,45332,133,Open
T132,23-24,45332,133,Open
T133,23-24,45332,133,Open
T136,23-24,45332,133,Open
T137,23-24,45332,133,Open
T148,23-24,45332,133,Open
T001,23-24,45333,134,Groomed
T002,23-24,45333,134,Groomed
T003,23-24,45333,134,Groomed
T004,23-24,45333,134,Groomed
T005,23-24,45333,134,Groomed
T006,23-24,45333,134,Open
T007,23-24,45333,134,Groomed
T008,23-24,45333,134,Open
T009,23-24,45333,134,Groomed
T010,23-24,45333,134,Groomed
T011,23-24,45333,134,Groomed
T012,23-24,45333,134,Groomed
T013,23-24,45333,134,Groomed
T014,23-24,45333,134,Groomed
T015,23-24,45333,134,Groomed
T016,23-24,45333,134,Open
T017,23-24,45333,134,Open
T018,23-24,45333,134,Groomed
T019,23-24,45333,134,Open
T020,23-24,45333,134,Open
T021,23-24,45333,134,Groomed
T022,23-24,45333,134,Groomed
T023,23-24,45333,134,Groomed
T024,23-24,45333,134,Open
T025,23-24,45333,134,Groomed
T026,23-24,45333,134,Open
T027,23-24,45333,134,Groomed
T028,23-24,45333,134,Groomed
T029,23-24,45333,134,Groomed
T030,23-24,45333,134,Groomed
T031,23-24,45333,134,Groomed
T032,23-24,45333,134,Groomed
T033,23-24,45333,134,Groomed
T034,23-24,45333,134,Groomed
T035,23-24,45333,134,Groomed
T036,23-24,45333,134,Groomed
T037,23-24,45333,134,Open
T038,23-24,45333,134,Groomed
T039,23-24,45333,134,Groomed
T040,23-24,45333,134,Groomed
T042,23-24,45333,134,Open
T043,23-24,45333,134,Groomed
T044,23-24,45333,134,Open
T045,23-24,45333,134,Open
T046,23-24,45333,134,Open
T047,23-24,45333,134,Open
T048,23-24,45333,134,Open
T049,23-24,45333,134,Groomed
T050,23-24,45333,134,Groomed
T051,23-24,45333,134,Open
T052,23-24,45333,134,Open
T053,23-24,45333,134,Open
T054,23-24,45333,134,Open
T055,23-24,45333,134,Open
T056,23-24,45333,134,Open
T057,23-24,45333,134,Open
T058,23-24,45333,134,Open
T061,23-24,45333,134,Groomed
T062,23-24,45333,134,Groomed
T063,23-24,45333,134,Groomed
T064,23-24,45333,134,Groomed
T065,23-24,45333,134,Groomed
T066,23-24,45333,134,Groomed
T067,23-24,45333,134,Groomed
T068,23-24,45333,134,Open
T069,23-24,45333,134,Open
T070,23-24,45333,134,Open
T071,23-24,45333,134,Open
T072,23-24,45333,134,Open
T073,23-24,45333,134,Open
T074,23-24,45333,134,Open
T075,23-24,45333,134,Open
T076,23-24,45333,134,Open
T077,23-24,45333,134,Groomed
T078,23-24,45333,134,Groomed
T079,23-24,45333,134,Groomed
T080,23-24,45333,134,Open
T081,23-24,45333,134,Open
T082,23-24,45333,134,Open
T083,23-24,45333,134,Groomed
T084,23-24,45333,134,Open
T085,23-24,45333,134,Open
T086,23-24,45333,134,Open
T087,23-24,45333,134,Open
T088,23-24,45333,134,Open
T089,23-24,45333,134,Open
T090,23-24,45333,134,Open
T091,23-24,45333,134,Open
T092,23-24,45333,134,Open
T107,23-24,45333,134,Groomed
T108,23-24,45333,134,Groomed
T109,23-24,45333,134,Groomed
T110,23-24,45333,134,Open
T111,23-24,45333,134,Groomed
T112,23-24,45333,134,Groomed
T113,23-24,45333,134,Open
T114,23-24,45333,134,Open
T115,23-24,45333,134,Open
T116,23-24,45333,134,Groomed
T117,23-24,45333,134,Open
T118,23-24,45333,134,Groomed
T119,23-24,45333,134,Open
T127,23-24,45333,134,Open
T128,23-24,45333,134,Open
T129,23-24,45333,134,Open
T130,23-24,45333,134,Open
T131,23-24,45333,134,Open
T132,23-24,45333,134,Open
T133,23-24,45333,134,Open
T136,23-24,45333,134,Open
T137,23-24,45333,134,Open
T148,23-24,45333,134,Open
T001,23-24,45334,135,Groomed
T002,23-24,45334,135,Groomed
T003,23-24,45334,135,Groomed
T004,23-24,45334,135,Groomed
T005,23-24,45334,135,Groomed
T006,23-24,45334,135,Open
T007,23-24,45334,135,Groomed
T008,23-24,45334,135,Groomed
T009,23-24,45334,135,Groomed
T010,23-24,45334,135,Open
T011,23-24,45334,135,Groomed
T012,23-24,45334,135,Groomed
T013,23-24,45334,135,Groomed
T014,23-24,45334,135,Groomed
T015,23-24,45334,135,Groomed
T016,23-24,45334,135,Open
T017,23-24,45334,135,Open
T018,23-24,45334,135,Groomed
T019,23-24,45334,135,Open
T020,23-24,45334,135,Open
T021,23-24,45334,135,Groomed
T022,23-24,45334,135,Groomed
T023,23-24,45334,135,Groomed
T024,23-24,45334,135,Open
T025,23-24,45334,135,Groomed
T026,23-24,45334,135,Open
T027,23-24,45334,135,Open
T028,23-24,45334,135,Groomed
T029,23-24,45334,135,Groomed
T030,23-24,45334,135,Groomed
T031,23-24,45334,135,Groomed
T032,23-24,45334,135,Groomed
T033,23-24,45334,135,Groomed
T034,23-24,45334,135,Groomed
T035,23-24,45334,135,Open
T036,23-24,45334,135,Groomed
T037,23-24,45334,135,Open
T038,23-24,45334,135,Open
T039,23-24,45334,135,Open
T040,23-24,45334,135,Groomed
T042,23-24,45334,135,Open
T043,23-24,45334,135,Groomed
T044,23-24,45334,135,Open
T045,23-24,45334,135,Open
T046,23-24,45334,135,Open
T047,23-24,45334,135,Open
T048,23-24,45334,135,Open
T049,23-24,45334,135,Groomed
T050,23-24,45334,135,Groomed
T051,23-24,45334,135,Open
T052,23-24,45334,135,Open
T053,23-24,45334,135,Open
T054,23-24,45334,135,Open
T055,23-24,45334,135,Open
T056,23-24,45334,135,Open
T057,23-24,45334,135,Open
T058,23-24,45334,135,Open
T061,23-24,45334,135,Groomed
T062,23-24,45334,135,Groomed
T063,23-24,45334,135,Groomed
T064,23-24,45334,135,Groomed
T065,23-24,45334,135,Groomed
T066,23-24,45334,135,Groomed
T067,23-24,45334,135,Groomed
T068,23-24,45334,135,Open
T069,23-24,45334,135,Open
T070,23-24,45334,135,Open
T071,23-24,45334,135,Open
T072,23-24,45334,135,Open
T073,23-24,45334,135,Open
T074,23-24,45334,135,Open
T075,23-24,45334,135,Open
T076,23-24,45334,135,Open
T077,23-24,45334,135,Groomed
T078,23-24,45334,135,Groomed
T079,23-24,45334,135,Groomed
T080,23-24,45334,135,Open
T081,23-24,45334,135,Open
T082,23-24,45334,135,Open
T083,23-24,45334,135,Groomed
T084,23-24,45334,135,Open
T085,23-24,45334,135,Open
T086,23-24,45334,135,Open
T087,23-24,45334,135,Open
T088,23-24,45334,135,Open
T089,23-24,45334,135,Open
T090,23-24,45334,135,Open
T091,23-24,45334,135,Open
T092,23-24,45334,135,Open
T107,23-24,45334,135,Groomed
T108,23-24,45334,135,Groomed
T109,23-24,45334,135,Groomed
T110,23-24,45334,135,Open
T111,23-24,45334,135,Groomed
T112,23-24,45334,135,Groomed
T113,23-24,45334,135,Open
T114,23-24,45334,135,Groomed
T115,23-24,45334,135,Open
T116,23-24,45334,135,Groomed
T117,23-24,45334,135,Open
T118,23-24,45334,135,Groomed
T119,23-24,45334,135,Open
T127,23-24,45334,135,Open
T128,23-24,45334,135,Open
T129,23-24,45334,135,Open
T130,23-24,45334,135,Open
T131,23-24,45334,135,Open
T132,23-24,45334,135,Open
T133,23-24,45334,135,Open
T136,23-24,45334,135,Open
T137,23-24,45334,135,Open
T148,23-24,45334,135,Open
T001,23-24,45335,136,Groomed
T002,23-24,45335,136,Groomed
T003,23-24,45335,136,Groomed
T004,23-24,45335,136,Groomed
T005,23-24,45335,136,Groomed
T006,23-24,45335,136,Open
T007,23-24,45335,136,Groomed
T008,23-24,45335,136,Groomed
T009,23-24,45335,136,Groomed
T010,23-24,45335,136,Open
T011,23-24,45335,136,Groomed
T012,23-24,45335,136,Groomed
T013,23-24,45335,136,Groomed
T014,23-24,45335,136,Groomed
T015,23-24,45335,136,Groomed
T016,23-24,45335,136,Open
T017,23-24,45335,136,Open
T018,23-24,45335,136,Groomed
T019,23-24,45335,136,Open
T020,23-24,45335,136,Open
T021,23-24,45335,136,Groomed
T022,23-24,45335,136,Groomed
T023,23-24,45335,136,Groomed
T024,23-24,45335,136,Open
T025,23-24,45335,136,Groomed
T026,23-24,45335,136,Open
T027,23-24,45335,136,Open
T028,23-24,45335,136,Groomed
T029,23-24,45335,136,Groomed
T030,23-24,45335,136,Groomed
T031,23-24,45335,136,Groomed
T032,23-24,45335,136,Groomed
T033,23-24,45335,136,Groomed
T034,23-24,45335,136,Groomed
T035,23-24,45335,136,Open
T036,23-24,45335,136,Groomed
T037,23-24,45335,136,Open
T038,23-24,45335,136,Open
T039,23-24,45335,136,Groomed
T040,23-24,45335,136,Groomed
T042,23-24,45335,136,Open
T043,23-24,45335,136,Groomed
T044,23-24,45335,136,Open
T045,23-24,45335,136,Open
T046,23-24,45335,136,Open
T047,23-24,45335,136,Open
T048,23-24,45335,136,Open
T049,23-24,45335,136,Open
T050,23-24,45335,136,Groomed
T051,23-24,45335,136,Open
T052,23-24,45335,136,Open
T053,23-24,45335,136,Open
T054,23-24,45335,136,Open
T055,23-24,45335,136,Open
T056,23-24,45335,136,Open
T057,23-24,45335,136,Open
T058,23-24,45335,136,Open
T061,23-24,45335,136,Groomed
T062,23-24,45335,136,Groomed
T063,23-24,45335,136,Groomed
T064,23-24,45335,136,Groomed
T065,23-24,45335,136,Groomed
T066,23-24,45335,136,Groomed
T067,23-24,45335,136,Groomed
T068,23-24,45335,136,Open
T069,23-24,45335,136,Open
T070,23-24,45335,136,Open
T071,23-24,45335,136,Open
T072,23-24,45335,136,Open
T073,23-24,45335,136,Open
T074,23-24,45335,136,Open
T075,23-24,45335,136,Open
T076,23-24,45335,136,Open
T077,23-24,45335,136,Groomed
T078,23-24,45335,136,Groomed
T079,23-24,45335,136,Groomed
T080,23-24,45335,136,Open
T081,23-24,45335,136,Open
T082,23-24,45335,136,Open
T083,23-24,45335,136,Groomed
T084,23-24,45335,136,Open
T085,23-24,45335,136,Open
T086,23-24,45335,136,Open
T087,23-24,45335,136,Open
T088,23-24,45335,136,Open
T089,23-24,45335,136,Open
T090,23-24,45335,136,Open
T091,23-24,45335,136,Open
T092,23-24,45335,136,Open
T107,23-24,45335,136,Groomed
T108,23-24,45335,136,Groomed
T109,23-24,45335,136,Groomed
T110,23-24,45335,136,Open
T111,23-24,45335,136,Groomed
T112,23-24,45335,136,Groomed
T113,23-24,45335,136,Open
T114,23-24,45335,136,Groomed
T115,23-24,45335,136,Open
T116,23-24,45335,136,Groomed
T117,23-24,45335,136,Open
T118,23-24,45335,136,Groomed
T119,23-24,45335,136,Open
T127,23-24,45335,136,Open
T128,23-24,45335,136,Open
T129,23-24,45335,136,Open
T130,23-24,45335,136,Open
T131,23-24,45335,136,Open
T132,23-24,45335,136,Open
T133,23-24,45335,136,Open
T136,23-24,45335,136,Open
T137,23-24,45335,136,Open
T148,23-24,45335,136,Open
T001,23-24,45336,137,Groomed
T002,23-24,45336,137,Groomed
T003,23-24,45336,137,Groomed
T004,23-24,45336,137,Groomed
T005,23-24,45336,137,Groomed
T006,23-24,45336,137,Open
T007,23-24,45336,137,Groomed
T008,23-24,45336,137,Groomed
T009,23-24,45336,137,Groomed
T010,23-24,45336,137,Open
T011,23-24,45336,137,Groomed
T012,23-24,45336,137,Groomed
T013,23-24,45336,137,Groomed
T014,23-24,45336,137,Groomed
T015,23-24,45336,137,Groomed
T016,23-24,45336,137,Open
T017,23-24,45336,137,Open
T018,23-24,45336,137,Groomed
T019,23-24,45336,137,Open
T020,23-24,45336,137,Open
T021,23-24,45336,137,Groomed
T022,23-24,45336,137,Groomed
T023,23-24,45336,137,Groomed
T024,23-24,45336,137,Open
T025,23-24,45336,137,Groomed
T026,23-24,45336,137,Open
T027,23-24,45336,137,Groomed
T028,23-24,45336,137,Open
T029,23-24,45336,137,Groomed
T030,23-24,45336,137,Open
T031,23-24,45336,137,Groomed
T032,23-24,45336,137,Open
T033,23-24,45336,137,Groomed
T034,23-24,45336,137,Groomed
T035,23-24,45336,137,Open
T036,23-24,45336,137,Groomed
T037,23-24,45336,137,Open
T038,23-24,45336,137,Open
T039,23-24,45336,137,Open
T040,23-24,45336,137,Groomed
T042,23-24,45336,137,Open
T043,23-24,45336,137,Groomed
T044,23-24,45336,137,Open
T045,23-24,45336,137,Open
T046,23-24,45336,137,Open
T047,23-24,45336,137,Open
T048,23-24,45336,137,Open
T049,23-24,45336,137,Open
T050,23-24,45336,137,Groomed
T051,23-24,45336,137,Groomed
T052,23-24,45336,137,Groomed
T053,23-24,45336,137,Groomed
T054,23-24,45336,137,Groomed
T055,23-24,45336,137,Open
T056,23-24,45336,137,Open
T057,23-24,45336,137,Open
T058,23-24,45336,137,Open
T061,23-24,45336,137,Groomed
T062,23-24,45336,137,Groomed
T063,23-24,45336,137,Groomed
T064,23-24,45336,137,Open
T065,23-24,45336,137,Groomed
T066,23-24,45336,137,Groomed
T067,23-24,45336,137,Groomed
T068,23-24,45336,137,Open
T069,23-24,45336,137,Open
T070,23-24,45336,137,Open
T071,23-24,45336,137,Open
T072,23-24,45336,137,Open
T073,23-24,45336,137,Open
T074,23-24,45336,137,Open
T075,23-24,45336,137,Open
T076,23-24,45336,137,Open
T077,23-24,45336,137,Groomed
T078,23-24,45336,137,Groomed
T079,23-24,45336,137,Groomed
T080,23-24,45336,137,Open
T081,23-24,45336,137,Open
T082,23-24,45336,137,Open
T083,23-24,45336,137,Open
T084,23-24,45336,137,Open
T085,23-24,45336,137,Open
T086,23-24,45336,137,Open
T087,23-24,45336,137,Open
T088,23-24,45336,137,Open
T089,23-24,45336,137,Open
T090,23-24,45336,137,Open
T091,23-24,45336,137,Open
T092,23-24,45336,137,Open
T107,23-24,45336,137,Groomed
T108,23-24,45336,137,Groomed
T109,23-24,45336,137,Groomed
T110,23-24,45336,137,Open
T111,23-24,45336,137,Open
T112,23-24,45336,137,Groomed
T113,23-24,45336,137,Open
T114,23-24,45336,137,Open
T115,23-24,45336,137,Open
T116,23-24,45336,137,Groomed
T117,23-24,45336,137,Open
T118,23-24,45336,137,Groomed
T119,23-24,45336,137,Open
T127,23-24,45336,137,Open
T128,23-24,45336,137,Open
T129,23-24,45336,137,Open
T130,23-24,45336,137,Open
T131,23-24,45336,137,Open
T132,23-24,45336,137,Open
T133,23-24,45336,137,Open
T136,23-24,45336,137,Open
T137,23-24,45336,137,Open
T148,23-24,45336,137,Open
T001,23-24,45337,138,Groomed
T002,23-24,45337,138,Groomed
T003,23-24,45337,138,Groomed
T004,23-24,45337,138,Groomed
T005,23-24,45337,138,Groomed
T006,23-24,45337,138,Open
T007,23-24,45337,138,Groomed
T008,23-24,45337,138,Groomed
T009,23-24,45337,138,Groomed
T010,23-24,45337,138,Groomed
T011,23-24,45337,138,Groomed
T012,23-24,45337,138,Groomed
T013,23-24,45337,138,Groomed
T014,23-24,45337,138,Groomed
T015,23-24,45337,138,Groomed
T016,23-24,45337,138,Open
T017,23-24,45337,138,Open
T018,23-24,45337,138,Groomed
T019,23-24,45337,138,Open
T020,23-24,45337,138,Groomed
T021,23-24,45337,138,Groomed
T022,23-24,45337,138,Groomed
T023,23-24,45337,138,Groomed
T024,23-24,45337,138,Open
T025,23-24,45337,138,Groomed
T026,23-24,45337,138,Open
T027,23-24,45337,138,Open
T028,23-24,45337,138,Groomed
T029,23-24,45337,138,Groomed
T030,23-24,45337,138,Groomed
T031,23-24,45337,138,Groomed
T032,23-24,45337,138,Groomed
T033,23-24,45337,138,Groomed
T034,23-24,45337,138,Groomed
T035,23-24,45337,138,Groomed
T036,23-24,45337,138,Groomed
T037,23-24,45337,138,Open
T038,23-24,45337,138,Open
T039,23-24,45337,138,Groomed
T040,23-24,45337,138,Groomed
T042,23-24,45337,138,Open
T043,23-24,45337,138,Groomed
T044,23-24,45337,138,Open
T045,23-24,45337,138,Open
T046,23-24,45337,138,Open
T047,23-24,45337,138,Open
T048,23-24,45337,138,Open
T049,23-24,45337,138,Open
T050,23-24,45337,138,Groomed
T051,23-24,45337,138,Groomed
T052,23-24,45337,138,Groomed
T053,23-24,45337,138,Groomed
T054,23-24,45337,138,Groomed
T055,23-24,45337,138,Open
T056,23-24,45337,138,Open
T057,23-24,45337,138,Open
T058,23-24,45337,138,Open
T061,23-24,45337,138,Groomed
T062,23-24,45337,138,Groomed
T063,23-24,45337,138,Groomed
T064,23-24,45337,138,Groomed
T065,23-24,45337,138,Groomed
T066,23-24,45337,138,Groomed
T067,23-24,45337,138,Groomed
T068,23-24,45337,138,Open
T069,23-24,45337,138,Open
T070,23-24,45337,138,Open
T071,23-24,45337,138,Open
T072,23-24,45337,138,Open
T073,23-24,45337,138,Open
T074,23-24,45337,138,Open
T075,23-24,45337,138,Open
T076,23-24,45337,138,Open
T077,23-24,45337,138,Groomed
T078,23-24,45337,138,Groomed
T079,23-24,45337,138,Groomed
T080,23-24,45337,138,Open
T081,23-24,45337,138,Open
T082,23-24,45337,138,Open
T083,23-24,45337,138,Groomed
T084,23-24,45337,138,Open
T085,23-24,45337,138,Open
T086,23-24,45337,138,Open
T087,23-24,45337,138,Open
T088,23-24,45337,138,Open
T089,23-24,45337,138,Open
T090,23-24,45337,138,Open
T091,23-24,45337,138,Open
T092,23-24,45337,138,Open
T107,23-24,45337,138,Groomed
T108,23-24,45337,138,Groomed
T109,23-24,45337,138,Groomed
T110,23-24,45337,138,Open
T111,23-24,45337,138,Open
T112,23-24,45337,138,Groomed
T113,23-24,45337,138,Open
T114,23-24,45337,138,Groomed
T115,23-24,45337,138,Open
T116,23-24,45337,138,Groomed
T117,23-24,45337,138,Open
T118,23-24,45337,138,Groomed
T119,23-24,45337,138,Open
T127,23-24,45337,138,Open
T128,23-24,45337,138,Open
T129,23-24,45337,138,Open
T130,23-24,45337,138,Open
T131,23-24,45337,138,Open
T132,23-24,45337,138,Open
T133,23-24,45337,138,Open
T136,23-24,45337,138,Open
T137,23-24,45337,138,Open
T148,23-24,45337,138,Open
T001,23-24,45338,139,Groomed
T002,23-24,45338,139,Groomed
T003,23-24,45338,139,Groomed
T004,23-24,45338,139,Groomed
T005,23-24,45338,139,Groomed
T006,23-24,45338,139,Groomed
T007,23-24,45338,139,Groomed
T008,23-24,45338,139,Groomed
T009,23-24,45338,139,Groomed
T010,23-24,45338,139,Groomed
T011,23-24,45338,139,Groomed
T012,23-24,45338,139,Groomed
T013,23-24,45338,139,Groomed
T014,23-24,45338,139,Groomed
T015,23-24,45338,139,Groomed
T016,23-24,45338,139,Open
T017,23-24,45338,139,Open
T018,23-24,45338,139,Groomed
T019,23-24,45338,139,Open
T020,23-24,45338,139,Groomed
T021,23-24,45338,139,Groomed
T022,23-24,45338,139,Groomed
T023,23-24,45338,139,Groomed
T024,23-24,45338,139,Open
T025,23-24,45338,139,Groomed
T026,23-24,45338,139,Groomed
T027,23-24,45338,139,Groomed
T028,23-24,45338,139,Groomed
T029,23-24,45338,139,Groomed
T030,23-24,45338,139,Groomed
T031,23-24,45338,139,Groomed
T032,23-24,45338,139,Groomed
T033,23-24,45338,139,Groomed
T034,23-24,45338,139,Groomed
T035,23-24,45338,139,Open
T036,23-24,45338,139,Groomed
T037,23-24,45338,139,Open
T038,23-24,45338,139,Groomed
T039,23-24,45338,139,Open
T040,23-24,45338,139,Groomed
T042,23-24,45338,139,Open
T043,23-24,45338,139,Groomed
T044,23-24,45338,139,Open
T045,23-24,45338,139,Open
T046,23-24,45338,139,Open
T047,23-24,45338,139,Open
T048,23-24,45338,139,Open
T049,23-24,45338,139,Open
T050,23-24,45338,139,Groomed
T051,23-24,45338,139,Groomed
T052,23-24,45338,139,Groomed
T053,23-24,45338,139,Groomed
T054,23-24,45338,139,Groomed
T055,23-24,45338,139,Open
T056,23-24,45338,139,Open
T057,23-24,45338,139,Open
T058,23-24,45338,139,Open
T061,23-24,45338,139,Groomed
T062,23-24,45338,139,Groomed
T063,23-24,45338,139,Groomed
T064,23-24,45338,139,Groomed
T065,23-24,45338,139,Groomed
T066,23-24,45338,139,Groomed
T067,23-24,45338,139,Groomed
T068,23-24,45338,139,Open
T069,23-24,45338,139,Open
T070,23-24,45338,139,Open
T071,23-24,45338,139,Open
T072,23-24,45338,139,Open
T073,23-24,45338,139,Open
T074,23-24,45338,139,Open
T075,23-24,45338,139,Open
T076,23-24,45338,139,Open
T077,23-24,45338,139,Groomed
T078,23-24,45338,139,Groomed
T079,23-24,45338,139,Groomed
T080,23-24,45338,139,Open
T081,23-24,45338,139,Open
T082,23-24,45338,139,Open
T083,23-24,45338,139,Groomed
T084,23-24,45338,139,Open
T085,23-24,45338,139,Open
T086,23-24,45338,139,Open
T087,23-24,45338,139,Open
T088,23-24,45338,139,Open
T089,23-24,45338,139,Open
T090,23-24,45338,139,Open
T091,23-24,45338,139,Open
T092,23-24,45338,139,Open
T107,23-24,45338,139,Groomed
T108,23-24,45338,139,Groomed
T109,23-24,45338,139,Groomed
T110,23-24,45338,139,Open
T111,23-24,45338,139,Open
T112,23-24,45338,139,Groomed
T113,23-24,45338,139,Open
T114,23-24,45338,139,Groomed
T115,23-24,45338,139,Open
T116,23-24,45338,139,Groomed
T117,23-24,45338,139,Open
T118,23-24,45338,139,Groomed
T119,23-24,45338,139,Open
T127,23-24,45338,139,Open
T128,23-24,45338,139,Open
T129,23-24,45338,139,Open
T130,23-24,45338,139,Open
T131,23-24,45338,139,Open
T132,23-24,45338,139,Open
T133,23-24,45338,139,Open
T136,23-24,45338,139,Open
T137,23-24,45338,139,Open
T148,23-24,45338,139,Open
T001,23-24,45339,140,Groomed
T002,23-24,45339,140,Groomed
T003,23-24,45339,140,Groomed
T004,23-24,45339,140,Groomed
T005,23-24,45339,140,Groomed
T006,23-24,45339,140,Open
T007,23-24,45339,140,Groomed
T008,23-24,45339,140,Groomed
T009,23-24,45339,140,Groomed
T010,23-24,45339,140,Groomed
T011,23-24,45339,140,Groomed
T012,23-24,45339,140,Groomed
T013,23-24,45339,140,Groomed
T014,23-24,45339,140,Groomed
T015,23-24,45339,140,Groomed
T016,23-24,45339,140,Open
T017,23-24,45339,140,Open
T018,23-24,45339,140,Groomed
T019,23-24,45339,140,Open
T020,23-24,45339,140,Groomed
T021,23-24,45339,140,Groomed
T022,23-24,45339,140,Groomed
T023,23-24,45339,140,Groomed
T024,23-24,45339,140,Open
T025,23-24,45339,140,Groomed
T026,23-24,45339,140,Open
T027,23-24,45339,140,Open
T028,23-24,45339,140,Groomed
T029,23-24,45339,140,Groomed
T030,23-24,45339,140,Groomed
T031,23-24,45339,140,Groomed
T032,23-24,45339,140,Groomed
T033,23-24,45339,140,Groomed
T034,23-24,45339,140,Groomed
T035,23-24,45339,140,Open
T036,23-24,45339,140,Groomed
T037,23-24,45339,140,Open
T038,23-24,45339,140,Open
T039,23-24,45339,140,Open
T040,23-24,45339,140,Groomed
T042,23-24,45339,140,Open
T043,23-24,45339,140,Groomed
T044,23-24,45339,140,Open
T045,23-24,45339,140,Open
T046,23-24,45339,140,Open
T047,23-24,45339,140,Open
T048,23-24,45339,140,Open
T049,23-24,45339,140,Open
T050,23-24,45339,140,Groomed
T051,23-24,45339,140,Groomed
T052,23-24,45339,140,Groomed
T053,23-24,45339,140,Groomed
T054,23-24,45339,140,Groomed
T055,23-24,45339,140,Open
T056,23-24,45339,140,Open
T057,23-24,45339,140,Open
T058,23-24,45339,140,Open
T061,23-24,45339,140,Groomed
T062,23-24,45339,140,Groomed
T063,23-24,45339,140,Groomed
T064,23-24,45339,140,Groomed
T065,23-24,45339,140,Groomed
T066,23-24,45339,140,Groomed
T067,23-24,45339,140,Groomed
T068,23-24,45339,140,Open
T069,23-24,45339,140,Open
T070,23-24,45339,140,Open
T071,23-24,45339,140,Open
T072,23-24,45339,140,Open
T073,23-24,45339,140,Open
T074,23-24,45339,140,Open
T075,23-24,45339,140,Open
T076,23-24,45339,140,Open
T077,23-24,45339,140,Groomed
T078,23-24,45339,140,Groomed
T079,23-24,45339,140,Groomed
T080,23-24,45339,140,Open
T081,23-24,45339,140,Open
T082,23-24,45339,140,Open
T083,23-24,45339,140,Groomed
T084,23-24,45339,140,Open
T085,23-24,45339,140,Open
T086,23-24,45339,140,Open
T087,23-24,45339,140,Open
T088,23-24,45339,140,Open
T089,23-24,45339,140,Open
T090,23-24,45339,140,Open
T091,23-24,45339,140,Open
T092,23-24,45339,140,Open
T107,23-24,45339,140,Groomed
T108,23-24,45339,140,Groomed
T109,23-24,45339,140,Groomed
T110,23-24,45339,140,Open
T111,23-24,45339,140,Open
T112,23-24,45339,140,Groomed
T113,23-24,45339,140,Open
T114,23-24,45339,140,Groomed
T115,23-24,45339,140,Open
T116,23-24,45339,140,Groomed
T117,23-24,45339,140,Open
T118,23-24,45339,140,Groomed
T119,23-24,45339,140,Open
T127,23-24,45339,140,Open
T128,23-24,45339,140,Open
T129,23-24,45339,140,Open
T130,23-24,45339,140,Open
T131,23-24,45339,140,Open
T132,23-24,45339,140,Open
T133,23-24,45339,140,Open
T136,23-24,45339,140,Open
T137,23-24,45339,140,Open
T148,23-24,45339,140,Open
T001,23-24,45340,141,Groomed
T002,23-24,45340,141,Groomed
T003,23-24,45340,141,Groomed
T004,23-24,45340,141,Groomed
T005,23-24,45340,141,Groomed
T006,23-24,45340,141,Open
T007,23-24,45340,141,Groomed
T008,23-24,45340,141,Groomed
T009,23-24,45340,141,Groomed
T010,23-24,45340,141,Groomed
T011,23-24,45340,141,Groomed
T012,23-24,45340,141,Groomed
T013,23-24,45340,141,Groomed
T014,23-24,45340,141,Groomed
T015,23-24,45340,141,Groomed
T016,23-24,45340,141,Open
T017,23-24,45340,141,Open
T018,23-24,45340,141,Groomed
T019,23-24,45340,141,Open
T020,23-24,45340,141,Groomed
T021,23-24,45340,141,Groomed
T022,23-24,45340,141,Groomed
T023,23-24,45340,141,Groomed
T024,23-24,45340,141,Open
T025,23-24,45340,141,Groomed
T026,23-24,45340,141,Open
T027,23-24,45340,141,Open
T028,23-24,45340,141,Groomed
T029,23-24,45340,141,Groomed
T030,23-24,45340,141,Groomed
T031,23-24,45340,141,Groomed
T032,23-24,45340,141,Groomed
T033,23-24,45340,141,Groomed
T034,23-24,45340,141,Groomed
T035,23-24,45340,141,Open
T036,23-24,45340,141,Groomed
T037,23-24,45340,141,Open
T038,23-24,45340,141,Open
T039,23-24,45340,141,Open
T040,23-24,45340,141,Groomed
T042,23-24,45340,141,Open
T043,23-24,45340,141,Groomed
T044,23-24,45340,141,Open
T045,23-24,45340,141,Open
T046,23-24,45340,141,Open
T047,23-24,45340,141,Open
T048,23-24,45340,141,Open
T049,23-24,45340,141,Open
T050,23-24,45340,141,Groomed
T051,23-24,45340,141,Groomed
T052,23-24,45340,141,Groomed
T053,23-24,45340,141,Groomed
T054,23-24,45340,141,Groomed
T055,23-24,45340,141,Open
T056,23-24,45340,141,Open
T057,23-24,45340,141,Open
T058,23-24,45340,141,Open
T061,23-24,45340,141,Groomed
T062,23-24,45340,141,Groomed
T063,23-24,45340,141,Groomed
T064,23-24,45340,141,Groomed
T065,23-24,45340,141,Groomed
T066,23-24,45340,141,Groomed
T067,23-24,45340,141,Groomed
T068,23-24,45340,141,Open
T069,23-24,45340,141,Open
T070,23-24,45340,141,Open
T071,23-24,45340,141,Open
T072,23-24,45340,141,Open
T073,23-24,45340,141,Open
T074,23-24,45340,141,Open
T075,23-24,45340,141,Open
T076,23-24,45340,141,Open
T077,23-24,45340,141,Groomed
T078,23-24,45340,141,Groomed
T079,23-24,45340,141,Groomed
T080,23-24,45340,141,Open
T081,23-24,45340,141,Open
T082,23-24,45340,141,Open
T083,23-24,45340,141,Groomed
T084,23-24,45340,141,Open
T085,23-24,45340,141,Open
T086,23-24,45340,141,Open
T087,23-24,45340,141,Open
T088,23-24,45340,141,Open
T089,23-24,45340,141,Open
T090,23-24,45340,141,Open
T091,23-24,45340,141,Open
T092,23-24,45340,141,Open
T107,23-24,45340,141,Groomed
T108,23-24,45340,141,Groomed
T109,23-24,45340,141,Groomed
T110,23-24,45340,141,Open
T111,23-24,45340,141,Open
T112,23-24,45340,141,Groomed
T113,23-24,45340,141,Open
T114,23-24,45340,141,Groomed
T115,23-24,45340,141,Open
T116,23-24,45340,141,Groomed
T117,23-24,45340,141,Open
T118,23-24,45340,141,Groomed
T119,23-24,45340,141,Open
T127,23-24,45340,141,Open
T128,23-24,45340,141,Open
T129,23-24,45340,141,Open
T130,23-24,45340,141,Open
T131,23-24,45340,141,Open
T132,23-24,45340,141,Open
T133,23-24,45340,141,Open
T136,23-24,45340,141,Open
T137,23-24,45340,141,Open
T148,23-24,45340,141,Open
T001,23-24,45341,142,Groomed
T002,23-24,45341,142,Groomed
T003,23-24,45341,142,Groomed
T004,23-24,45341,142,Groomed
T005,23-24,45341,142,Groomed
T006,23-24,45341,142,Open
T007,23-24,45341,142,Groomed
T008,23-24,45341,142,Groomed
T009,23-24,45341,142,Groomed
T010,23-24,45341,142,Open
T011,23-24,45341,142,Groomed
T012,23-24,45341,142,Groomed
T013,23-24,45341,142,Groomed
T014,23-24,45341,142,Groomed
T015,23-24,45341,142,Groomed
T016,23-24,45341,142,Open
T017,23-24,45341,142,Open
T018,23-24,45341,142,Groomed
T019,23-24,45341,142,Open
T020,23-24,45341,142,Open
T021,23-24,45341,142,Groomed
T022,23-24,45341,142,Groomed
T023,23-24,45341,142,Groomed
T024,23-24,45341,142,Open
T025,23-24,45341,142,Groomed
T026,23-24,45341,142,Open
T027,23-24,45341,142,Open
T028,23-24,45341,142,Groomed
T029,23-24,45341,142,Groomed
T030,23-24,45341,142,Groomed
T031,23-24,45341,142,Groomed
T032,23-24,45341,142,Groomed
T033,23-24,45341,142,Groomed
T034,23-24,45341,142,Groomed
T035,23-24,45341,142,Open
T036,23-24,45341,142,Groomed
T037,23-24,45341,142,Open
T038,23-24,45341,142,Groomed
T039,23-24,45341,142,Open
T040,23-24,45341,142,Groomed
T042,23-24,45341,142,Open
T043,23-24,45341,142,Groomed
T044,23-24,45341,142,Open
T045,23-24,45341,142,Open
T046,23-24,45341,142,Open
T047,23-24,45341,142,Open
T048,23-24,45341,142,Open
T049,23-24,45341,142,Groomed
T050,23-24,45341,142,Groomed
T051,23-24,45341,142,Groomed
T052,23-24,45341,142,Groomed
T053,23-24,45341,142,Groomed
T054,23-24,45341,142,Groomed
T055,23-24,45341,142,Open
T056,23-24,45341,142,Open
T057,23-24,45341,142,Open
T058,23-24,45341,142,Open
T061,23-24,45341,142,Groomed
T062,23-24,45341,142,Groomed
T063,23-24,45341,142,Groomed
T064,23-24,45341,142,Groomed
T065,23-24,45341,142,Groomed
T066,23-24,45341,142,Groomed
T067,23-24,45341,142,Groomed
T068,23-24,45341,142,Open
T069,23-24,45341,142,Open
T070,23-24,45341,142,Open
T071,23-24,45341,142,Open
T072,23-24,45341,142,Open
T073,23-24,45341,142,Open
T074,23-24,45341,142,Open
T075,23-24,45341,142,Open
T076,23-24,45341,142,Open
T077,23-24,45341,142,Groomed
T078,23-24,45341,142,Groomed
T079,23-24,45341,142,Groomed
T080,23-24,45341,142,Open
T081,23-24,45341,142,Open
T082,23-24,45341,142,Open
T083,23-24,45341,142,Groomed
T084,23-24,45341,142,Open
T085,23-24,45341,142,Open
T086,23-24,45341,142,Open
T087,23-24,45341,142,Open
T088,23-24,45341,142,Open
T089,23-24,45341,142,Open
T090,23-24,45341,142,Open
T091,23-24,45341,142,Open
T092,23-24,45341,142,Open
T107,23-24,45341,142,Groomed
T108,23-24,45341,142,Groomed
T109,23-24,45341,142,Groomed
T110,23-24,45341,142,Open
T111,23-24,45341,142,Open
T112,23-24,45341,142,Groomed
T113,23-24,45341,142,Open
T114,23-24,45341,142,Groomed
T115,23-24,45341,142,Open
T116,23-24,45341,142,Groomed
T117,23-24,45341,142,Open
T118,23-24,45341,142,Groomed
T119,23-24,45341,142,Open
T127,23-24,45341,142,Open
T128,23-24,45341,142,Open
T129,23-24,45341,142,Open
T130,23-24,45341,142,Open
T131,23-24,45341,142,Open
T132,23-24,45341,142,Open
T133,23-24,45341,142,Open
T136,23-24,45341,142,Open
T137,23-24,45341,142,Open
T148,23-24,45341,142,Open
T001,23-24,45342,143,Groomed
T002,23-24,45342,143,Groomed
T003,23-24,45342,143,Groomed
T004,23-24,45342,143,Groomed
T005,23-24,45342,143,Groomed
T006,23-24,45342,143,Open
T007,23-24,45342,143,Groomed
T008,23-24,45342,143,Groomed
T009,23-24,45342,143,Groomed
T010,23-24,45342,143,Open
T011,23-24,45342,143,Groomed
T012,23-24,45342,143,Groomed
T013,23-24,45342,143,Groomed
T014,23-24,45342,143,Groomed
T015,23-24,45342,143,Groomed
T016,23-24,45342,143,Open
T017,23-24,45342,143,Open
T018,23-24,45342,143,Groomed
T019,23-24,45342,143,Open
T020,23-24,45342,143,Open
T021,23-24,45342,143,Groomed
T022,23-24,45342,143,Groomed
T023,23-24,45342,143,Groomed
T024,23-24,45342,143,Open
T025,23-24,45342,143,Groomed
T026,23-24,45342,143,Open
T027,23-24,45342,143,Open
T028,23-24,45342,143,Groomed
T029,23-24,45342,143,Groomed
T030,23-24,45342,143,Groomed
T031,23-24,45342,143,Groomed
T032,23-24,45342,143,Groomed
T033,23-24,45342,143,Groomed
T034,23-24,45342,143,Groomed
T035,23-24,45342,143,Open
T036,23-24,45342,143,Groomed
T037,23-24,45342,143,Groomed
T038,23-24,45342,143,Open
T039,23-24,45342,143,Open
T040,23-24,45342,143,Groomed
T042,23-24,45342,143,Open
T043,23-24,45342,143,Groomed
T044,23-24,45342,143,Open
T045,23-24,45342,143,Open
T046,23-24,45342,143,Open
T047,23-24,45342,143,Open
T048,23-24,45342,143,Open
T049,23-24,45342,143,Groomed
T050,23-24,45342,143,Groomed
T051,23-24,45342,143,Groomed
T052,23-24,45342,143,Groomed
T053,23-24,45342,143,Groomed
T054,23-24,45342,143,Groomed
T055,23-24,45342,143,Open
T056,23-24,45342,143,Open
T057,23-24,45342,143,Open
T058,23-24,45342,143,Open
T061,23-24,45342,143,Groomed
T062,23-24,45342,143,Groomed
T063,23-24,45342,143,Groomed
T064,23-24,45342,143,Groomed
T065,23-24,45342,143,Groomed
T066,23-24,45342,143,Groomed
T067,23-24,45342,143,Groomed
T068,23-24,45342,143,Open
T069,23-24,45342,143,Open
T070,23-24,45342,143,Open
T071,23-24,45342,143,Open
T072,23-24,45342,143,Open
T073,23-24,45342,143,Open
T074,23-24,45342,143,Open
T075,23-24,45342,143,Open
T076,23-24,45342,143,Open
T077,23-24,45342,143,Groomed
T078,23-24,45342,143,Groomed
T079,23-24,45342,143,Groomed
T080,23-24,45342,143,Open
T081,23-24,45342,143,Open
T082,23-24,45342,143,Open
T083,23-24,45342,143,Groomed
T084,23-24,45342,143,Open
T085,23-24,45342,143,Open
T086,23-24,45342,143,Open
T087,23-24,45342,143,Open
T088,23-24,45342,143,Open
T089,23-24,45342,143,Open
T090,23-24,45342,143,Open
T091,23-24,45342,143,Open
T092,23-24,45342,143,Open
T107,23-24,45342,143,Groomed
T108,23-24,45342,143,Groomed
T109,23-24,45342,143,Groomed
T110,23-24,45342,143,Open
T111,23-24,45342,143,Open
T112,23-24,45342,143,Groomed
T113,23-24,45342,143,Open
T114,23-24,45342,143,Groomed
T115,23-24,45342,143,Open
T116,23-24,45342,143,Groomed
T117,23-24,45342,143,Open
T118,23-24,45342,143,Groomed
T119,23-24,45342,143,Open
T127,23-24,45342,143,Open
T128,23-24,45342,143,Open
T129,23-24,45342,143,Open
T130,23-24,45342,143,Open
T131,23-24,45342,143,Open
T132,23-24,45342,143,Open
T133,23-24,45342,143,Open
T136,23-24,45342,143,Open
T137,23-24,45342,143,Open
T148,23-24,45342,143,Open
T001,23-24,45343,144,Groomed
T002,23-24,45343,144,Groomed
T003,23-24,45343,144,Groomed
T004,23-24,45343,144,Groomed
T005,23-24,45343,144,Groomed
T006,23-24,45343,144,Open
T007,23-24,45343,144,Groomed
T008,23-24,45343,144,Open
T009,23-24,45343,144,Groomed
T010,23-24,45343,144,Open
T011,23-24,45343,144,Groomed
T012,23-24,45343,144,Groomed
T013,23-24,45343,144,Groomed
T014,23-24,45343,144,Groomed
T015,23-24,45343,144,Groomed
T016,23-24,45343,144,Open
T017,23-24,45343,144,Open
T018,23-24,45343,144,Groomed
T019,23-24,45343,144,Open
T020,23-24,45343,144,Open
T021,23-24,45343,144,Groomed
T022,23-24,45343,144,Groomed
T023,23-24,45343,144,Groomed
T024,23-24,45343,144,Open
T025,23-24,45343,144,Groomed
T026,23-24,45343,144,Open
T027,23-24,45343,144,Open
T028,23-24,45343,144,Groomed
T029,23-24,45343,144,Groomed
T030,23-24,45343,144,Groomed
T031,23-24,45343,144,Groomed
T032,23-24,45343,144,Groomed
T033,23-24,45343,144,Groomed
T034,23-24,45343,144,Groomed
T035,23-24,45343,144,Open
T036,23-24,45343,144,Groomed
T037,23-24,45343,144,Open
T038,23-24,45343,144,Open
T039,23-24,45343,144,Open
T040,23-24,45343,144,Groomed
T042,23-24,45343,144,Open
T043,23-24,45343,144,Groomed
T044,23-24,45343,144,Open
T045,23-24,45343,144,Open
T046,23-24,45343,144,Open
T047,23-24,45343,144,Open
T048,23-24,45343,144,Open
T049,23-24,45343,144,Open
T050,23-24,45343,144,Groomed
T051,23-24,45343,144,Groomed
T052,23-24,45343,144,Groomed
T053,23-24,45343,144,Groomed
T054,23-24,45343,144,Groomed
T055,23-24,45343,144,Open
T056,23-24,45343,144,Open
T057,23-24,45343,144,Open
T058,23-24,45343,144,Open
T061,23-24,45343,144,Groomed
T062,23-24,45343,144,Groomed
T063,23-24,45343,144,Groomed
T064,23-24,45343,144,Groomed
T065,23-24,45343,144,Groomed
T066,23-24,45343,144,Groomed
T067,23-24,45343,144,Groomed
T068,23-24,45343,144,Open
T069,23-24,45343,144,Open
T070,23-24,45343,144,Open
T071,23-24,45343,144,Open
T072,23-24,45343,144,Open
T073,23-24,45343,144,Open
T074,23-24,45343,144,Open
T075,23-24,45343,144,Open
T076,23-24,45343,144,Open
T077,23-24,45343,144,Groomed
T078,23-24,45343,144,Groomed
T079,23-24,45343,144,Groomed
T080,23-24,45343,144,Open
T081,23-24,45343,144,Open
T082,23-24,45343,144,Open
T083,23-24,45343,144,Open
T084,23-24,45343,144,Open
T085,23-24,45343,144,Open
T086,23-24,45343,144,Open
T087,23-24,45343,144,Open
T088,23-24,45343,144,Open
T089,23-24,45343,144,Open
T090,23-24,45343,144,Open
T091,23-24,45343,144,Open
T092,23-24,45343,144,Open
T107,23-24,45343,144,Groomed
T108,23-24,45343,144,Groomed
T109,23-24,45343,144,Groomed
T110,23-24,45343,144,Open
T111,23-24,45343,144,Open
T112,23-24,45343,144,Groomed
T113,23-24,45343,144,Open
T114,23-24,45343,144,Open
T115,23-24,45343,144,Open
T116,23-24,45343,144,Groomed
T117,23-24,45343,144,Open
T118,23-24,45343,144,Groomed
T119,23-24,45343,144,Open
T127,23-24,45343,144,Open
T128,23-24,45343,144,Open
T129,23-24,45343,144,Open
T130,23-24,45343,144,Open
T131,23-24,45343,144,Open
T132,23-24,45343,144,Open
T133,23-24,45343,144,Open
T136,23-24,45343,144,Open
T137,23-24,45343,144,Open
T148,23-24,45343,144,Open
T001,23-24,45344,145,Groomed
T002,23-24,45344,145,Groomed
T003,23-24,45344,145,Groomed
T004,23-24,45344,145,Groomed
T005,23-24,45344,145,Groomed
T006,23-24,45344,145,Open
T007,23-24,45344,145,Groomed
T008,23-24,45344,145,Open
T009,23-24,45344,145,Groomed
T010,23-24,45344,145,Open
T011,23-24,45344,145,Groomed
T012,23-24,45344,145,Groomed
T013,23-24,45344,145,Groomed
T014,23-24,45344,145,Groomed
T015,23-24,45344,145,Groomed
T016,23-24,45344,145,Open
T017,23-24,45344,145,Open
T018,23-24,45344,145,Groomed
T019,23-24,45344,145,Open
T020,23-24,45344,145,Open
T021,23-24,45344,145,Groomed
T022,23-24,45344,145,Groomed
T023,23-24,45344,145,Groomed
T024,23-24,45344,145,Open
T025,23-24,45344,145,Groomed
T026,23-24,45344,145,Open
T027,23-24,45344,145,Open
T028,23-24,45344,145,Groomed
T029,23-24,45344,145,Groomed
T030,23-24,45344,145,Groomed
T031,23-24,45344,145,Groomed
T032,23-24,45344,145,Groomed
T033,23-24,45344,145,Groomed
T034,23-24,45344,145,Groomed
T035,23-24,45344,145,Open
T036,23-24,45344,145,Groomed
T037,23-24,45344,145,Open
T038,23-24,45344,145,Open
T039,23-24,45344,145,Groomed
T040,23-24,45344,145,Groomed
T042,23-24,45344,145,Open
T043,23-24,45344,145,Groomed
T044,23-24,45344,145,Open
T045,23-24,45344,145,Open
T046,23-24,45344,145,Open
T047,23-24,45344,145,Open
T048,23-24,45344,145,Open
T049,23-24,45344,145,Open
T050,23-24,45344,145,Groomed
T051,23-24,45344,145,Groomed
T052,23-24,45344,145,Groomed
T053,23-24,45344,145,Groomed
T054,23-24,45344,145,Groomed
T055,23-24,45344,145,Open
T056,23-24,45344,145,Open
T057,23-24,45344,145,Open
T058,23-24,45344,145,Open
T061,23-24,45344,145,Groomed
T062,23-24,45344,145,Groomed
T063,23-24,45344,145,Groomed
T064,23-24,45344,145,Groomed
T065,23-24,45344,145,Groomed
T066,23-24,45344,145,Groomed
T067,23-24,45344,145,Groomed
T068,23-24,45344,145,Open
T069,23-24,45344,145,Open
T070,23-24,45344,145,Open
T071,23-24,45344,145,Open
T072,23-24,45344,145,Open
T073,23-24,45344,145,Open
T074,23-24,45344,145,Open
T075,23-24,45344,145,Open
T076,23-24,45344,145,Open
T077,23-24,45344,145,Groomed
T078,23-24,45344,145,Groomed
T079,23-24,45344,145,Groomed
T080,23-24,45344,145,Open
T081,23-24,45344,145,Open
T082,23-24,45344,145,Open
T083,23-24,45344,145,Open
T084,23-24,45344,145,Open
T085,23-24,45344,145,Open
T086,23-24,45344,145,Open
T087,23-24,45344,145,Open
T088,23-24,45344,145,Open
T089,23-24,45344,145,Open
T090,23-24,45344,145,Open
T091,23-24,45344,145,Open
T092,23-24,45344,145,Open
T107,23-24,45344,145,Groomed
T108,23-24,45344,145,Groomed
T109,23-24,45344,145,Groomed
T110,23-24,45344,145,Open
T111,23-24,45344,145,Open
T112,23-24,45344,145,Groomed
T113,23-24,45344,145,Open
T114,23-24,45344,145,Open
T115,23-24,45344,145,Open
T116,23-24,45344,145,Groomed
T117,23-24,45344,145,Open
T118,23-24,45344,145,Groomed
T119,23-24,45344,145,Open
T127,23-24,45344,145,Open
T128,23-24,45344,145,Open
T129,23-24,45344,145,Open
T130,23-24,45344,145,Open
T131,23-24,45344,145,Open
T132,23-24,45344,145,Open
T133,23-24,45344,145,Open
T136,23-24,45344,145,Open
T137,23-24,45344,145,Open
T148,23-24,45344,145,Open
T001,23-24,45345,146,Groomed
T002,23-24,45345,146,Groomed
T003,23-24,45345,146,Groomed
T004,23-24,45345,146,Groomed
T005,23-24,45345,146,Groomed
T006,23-24,45345,146,Open
T007,23-24,45345,146,Groomed
T008,23-24,45345,146,Open
T009,23-24,45345,146,Groomed
T010,23-24,45345,146,Groomed
T011,23-24,45345,146,Groomed
T012,23-24,45345,146,Groomed
T013,23-24,45345,146,Groomed
T014,23-24,45345,146,Groomed
T015,23-24,45345,146,Groomed
T016,23-24,45345,146,Open
T017,23-24,45345,146,Open
T018,23-24,45345,146,Groomed
T019,23-24,45345,146,Open
T020,23-24,45345,146,Open
T021,23-24,45345,146,Groomed
T022,23-24,45345,146,Groomed
T023,23-24,45345,146,Groomed
T024,23-24,45345,146,Open
T025,23-24,45345,146,Groomed
T026,23-24,45345,146,Open
T027,23-24,45345,146,Groomed
T028,23-24,45345,146,Groomed
T029,23-24,45345,146,Groomed
T030,23-24,45345,146,Groomed
T031,23-24,45345,146,Groomed
T032,23-24,45345,146,Groomed
T033,23-24,45345,146,Groomed
T034,23-24,45345,146,Groomed
T035,23-24,45345,146,Open
T036,23-24,45345,146,Groomed
T037,23-24,45345,146,Open
T038,23-24,45345,146,Groomed
T039,23-24,45345,146,Open
T040,23-24,45345,146,Groomed
T042,23-24,45345,146,Open
T043,23-24,45345,146,Groomed
T044,23-24,45345,146,Open
T045,23-24,45345,146,Open
T046,23-24,45345,146,Open
T047,23-24,45345,146,Open
T048,23-24,45345,146,Open
T049,23-24,45345,146,Open
T050,23-24,45345,146,Groomed
T051,23-24,45345,146,Groomed
T052,23-24,45345,146,Groomed
T053,23-24,45345,146,Groomed
T054,23-24,45345,146,Groomed
T055,23-24,45345,146,Open
T056,23-24,45345,146,Open
T057,23-24,45345,146,Open
T058,23-24,45345,146,Open
T061,23-24,45345,146,Groomed
T062,23-24,45345,146,Groomed
T063,23-24,45345,146,Groomed
T064,23-24,45345,146,Groomed
T065,23-24,45345,146,Groomed
T066,23-24,45345,146,Groomed
T067,23-24,45345,146,Groomed
T068,23-24,45345,146,Open
T069,23-24,45345,146,Open
T070,23-24,45345,146,Open
T071,23-24,45345,146,Open
T072,23-24,45345,146,Open
T073,23-24,45345,146,Open
T074,23-24,45345,146,Open
T075,23-24,45345,146,Open
T076,23-24,45345,146,Open
T077,23-24,45345,146,Groomed
T078,23-24,45345,146,Groomed
T079,23-24,45345,146,Groomed
T080,23-24,45345,146,Open
T081,23-24,45345,146,Open
T082,23-24,45345,146,Open
T083,23-24,45345,146,Open
T084,23-24,45345,146,Open
T085,23-24,45345,146,Open
T086,23-24,45345,146,Open
T087,23-24,45345,146,Open
T088,23-24,45345,146,Open
T089,23-24,45345,146,Open
T090,23-24,45345,146,Open
T091,23-24,45345,146,Open
T092,23-24,45345,146,Open
T107,23-24,45345,146,Groomed
T108,23-24,45345,146,Groomed
T109,23-24,45345,146,Groomed
T110,23-24,45345,146,Open
T111,23-24,45345,146,Open
T112,23-24,45345,146,Groomed
T113,23-24,45345,146,Open
T114,23-24,45345,146,Open
T115,23-24,45345,146,Open
T116,23-24,45345,146,Groomed
T117,23-24,45345,146,Open
T118,23-24,45345,146,Groomed
T119,23-24,45345,146,Open
T127,23-24,45345,146,Open
T128,23-24,45345,146,Open
T129,23-24,45345,146,Open
T130,23-24,45345,146,Open
T131,23-24,45345,146,Open
T132,23-24,45345,146,Open
T133,23-24,45345,146,Open
T136,23-24,45345,146,Open
T137,23-24,45345,146,Open
T148,23-24,45345,146,Open
T001,23-24,45346,147,Groomed
T002,23-24,45346,147,Groomed
T003,23-24,45346,147,Groomed
T004,23-24,45346,147,Groomed
T005,23-24,45346,147,Groomed
T006,23-24,45346,147,Open
T007,23-24,45346,147,Groomed
T008,23-24,45346,147,Groomed
T009,23-24,45346,147,Groomed
T010,23-24,45346,147,Groomed
T011,23-24,45346,147,Groomed
T012,23-24,45346,147,Groomed
T013,23-24,45346,147,Groomed
T014,23-24,45346,147,Groomed
T015,23-24,45346,147,Groomed
T016,23-24,45346,147,Open
T017,23-24,45346,147,Open
T018,23-24,45346,147,Groomed
T019,23-24,45346,147,Open
T020,23-24,45346,147,Open
T021,23-24,45346,147,Groomed
T022,23-24,45346,147,Groomed
T023,23-24,45346,147,Groomed
T024,23-24,45346,147,Open
T025,23-24,45346,147,Groomed
T026,23-24,45346,147,Open
T027,23-24,45346,147,Open
T028,23-24,45346,147,Groomed
T029,23-24,45346,147,Groomed
T030,23-24,45346,147,Groomed
T031,23-24,45346,147,Groomed
T032,23-24,45346,147,Groomed
T033,23-24,45346,147,Groomed
T034,23-24,45346,147,Groomed
T035,23-24,45346,147,Open
T036,23-24,45346,147,Groomed
T037,23-24,45346,147,Open
T038,23-24,45346,147,Open
T039,23-24,45346,147,Open
T040,23-24,45346,147,Groomed
T042,23-24,45346,147,Open
T043,23-24,45346,147,Groomed
T044,23-24,45346,147,Open
T045,23-24,45346,147,Open
T046,23-24,45346,147,Open
T047,23-24,45346,147,Open
T048,23-24,45346,147,Open
T049,23-24,45346,147,Open
T050,23-24,45346,147,Groomed
T051,23-24,45346,147,Groomed
T052,23-24,45346,147,Groomed
T053,23-24,45346,147,Groomed
T054,23-24,45346,147,Groomed
T055,23-24,45346,147,Open
T056,23-24,45346,147,Open
T057,23-24,45346,147,Open
T058,23-24,45346,147,Open
T061,23-24,45346,147,Groomed
T062,23-24,45346,147,Groomed
T063,23-24,45346,147,Groomed
T064,23-24,45346,147,Groomed
T065,23-24,45346,147,Groomed
T066,23-24,45346,147,Groomed
T067,23-24,45346,147,Groomed
T068,23-24,45346,147,Open
T069,23-24,45346,147,Open
T070,23-24,45346,147,Open
T071,23-24,45346,147,Open
T072,23-24,45346,147,Open
T073,23-24,45346,147,Open
T074,23-24,45346,147,Open
T075,23-24,45346,147,Open
T076,23-24,45346,147,Open
T077,23-24,45346,147,Groomed
T078,23-24,45346,147,Groomed
T079,23-24,45346,147,Groomed
T080,23-24,45346,147,Open
T081,23-24,45346,147,Open
T082,23-24,45346,147,Open
T083,23-24,45346,147,Open
T084,23-24,45346,147,Open
T085,23-24,45346,147,Open
T086,23-24,45346,147,Open
T087,23-24,45346,147,Open
T088,23-24,45346,147,Open
T089,23-24,45346,147,Open
T090,23-24,45346,147,Open
T091,23-24,45346,147,Open
T092,23-24,45346,147,Open
T107,23-24,45346,147,Groomed
T108,23-24,45346,147,Groomed
T109,23-24,45346,147,Groomed
T110,23-24,45346,147,Open
T111,23-24,45346,147,Open
T112,23-24,45346,147,Groomed
T113,23-24,45346,147,Open
T114,23-24,45346,147,Open
T115,23-24,45346,147,Open
T116,23-24,45346,147,Groomed
T117,23-24,45346,147,Open
T118,23-24,45346,147,Groomed
T119,23-24,45346,147,Open
T127,23-24,45346,147,Open
T128,23-24,45346,147,Open
T129,23-24,45346,147,Open
T130,23-24,45346,147,Open
T131,23-24,45346,147,Open
T132,23-24,45346,147,Open
T133,23-24,45346,147,Open
T136,23-24,45346,147,Open
T137,23-24,45346,147,Open
T148,23-24,45346,147,Open
T001,23-24,45347,148,Groomed
T002,23-24,45347,148,Groomed
T003,23-24,45347,148,Groomed
T004,23-24,45347,148,Groomed
T005,23-24,45347,148,Groomed
T006,23-24,45347,148,Groomed
T007,23-24,45347,148,Groomed
T008,23-24,45347,148,Groomed
T009,23-24,45347,148,Groomed
T010,23-24,45347,148,Groomed
T011,23-24,45347,148,Groomed
T012,23-24,45347,148,Groomed
T013,23-24,45347,148,Groomed
T014,23-24,45347,148,Groomed
T015,23-24,45347,148,Groomed
T016,23-24,45347,148,Open
T017,23-24,45347,148,Open
T018,23-24,45347,148,Groomed
T019,23-24,45347,148,Open
T020,23-24,45347,148,Open
T021,23-24,45347,148,Groomed
T022,23-24,45347,148,Groomed
T023,23-24,45347,148,Groomed
T024,23-24,45347,148,Open
T025,23-24,45347,148,Groomed
T026,23-24,45347,148,Open
T027,23-24,45347,148,Open
T028,23-24,45347,148,Groomed
T029,23-24,45347,148,Groomed
T030,23-24,45347,148,Groomed
T031,23-24,45347,148,Groomed
T032,23-24,45347,148,Groomed
T033,23-24,45347,148,Groomed
T034,23-24,45347,148,Groomed
T035,23-24,45347,148,Open
T036,23-24,45347,148,Groomed
T037,23-24,45347,148,Open
T038,23-24,45347,148,Open
T039,23-24,45347,148,Open
T040,23-24,45347,148,Groomed
T042,23-24,45347,148,Open
T043,23-24,45347,148,Groomed
T044,23-24,45347,148,Open
T045,23-24,45347,148,Open
T046,23-24,45347,148,Open
T047,23-24,45347,148,Open
T048,23-24,45347,148,Open
T049,23-24,45347,148,Open
T050,23-24,45347,148,Groomed
T051,23-24,45347,148,Groomed
T052,23-24,45347,148,Groomed
T053,23-24,45347,148,Groomed
T054,23-24,45347,148,Groomed
T055,23-24,45347,148,Open
T056,23-24,45347,148,Open
T057,23-24,45347,148,Open
T058,23-24,45347,148,Open
T061,23-24,45347,148,Groomed
T062,23-24,45347,148,Groomed
T063,23-24,45347,148,Groomed
T064,23-24,45347,148,Groomed
T065,23-24,45347,148,Groomed
T066,23-24,45347,148,Groomed
T067,23-24,45347,148,Groomed
T068,23-24,45347,148,Open
T069,23-24,45347,148,Open
T070,23-24,45347,148,Open
T071,23-24,45347,148,Open
T072,23-24,45347,148,Open
T073,23-24,45347,148,Open
T074,23-24,45347,148,Open
T075,23-24,45347,148,Open
T076,23-24,45347,148,Open
T077,23-24,45347,148,Groomed
T078,23-24,45347,148,Groomed
T079,23-24,45347,148,Groomed
T080,23-24,45347,148,Open
T081,23-24,45347,148,Open
T082,23-24,45347,148,Open
T083,23-24,45347,148,Open
T084,23-24,45347,148,Open
T085,23-24,45347,148,Open
T086,23-24,45347,148,Open
T087,23-24,45347,148,Open
T088,23-24,45347,148,Open
T089,23-24,45347,148,Open
T090,23-24,45347,148,Open
T091,23-24,45347,148,Open
T092,23-24,45347,148,Open
T107,23-24,45347,148,Groomed
T108,23-24,45347,148,Groomed
T109,23-24,45347,148,Groomed
T110,23-24,45347,148,Open
T111,23-24,45347,148,Open
T112,23-24,45347,148,Groomed
T113,23-24,45347,148,Open
T114,23-24,45347,148,Open
T115,23-24,45347,148,Open
T116,23-24,45347,148,Groomed
T117,23-24,45347,148,Open
T118,23-24,45347,148,Groomed
T119,23-24,45347,148,Open
T127,23-24,45347,148,Open
T128,23-24,45347,148,Open
T129,23-24,45347,148,Open
T130,23-24,45347,148,Open
T131,23-24,45347,148,Open
T132,23-24,45347,148,Open
T133,23-24,45347,148,Open
T136,23-24,45347,148,Open
T137,23-24,45347,148,Open
T148,23-24,45347,148,Open
T001,23-24,45348,149,Groomed
T002,23-24,45348,149,Groomed
T003,23-24,45348,149,Groomed
T004,23-24,45348,149,Groomed
T005,23-24,45348,149,Groomed
T006,23-24,45348,149,Open
T007,23-24,45348,149,Groomed
T008,23-24,45348,149,Groomed
T009,23-24,45348,149,Groomed
T010,23-24,45348,149,Groomed
T011,23-24,45348,149,Groomed
T012,23-24,45348,149,Groomed
T013,23-24,45348,149,Groomed
T014,23-24,45348,149,Groomed
T015,23-24,45348,149,Groomed
T016,23-24,45348,149,Open
T017,23-24,45348,149,Groomed
T018,23-24,45348,149,Groomed
T019,23-24,45348,149,Open
T020,23-24,45348,149,Open
T021,23-24,45348,149,Groomed
T022,23-24,45348,149,Groomed
T023,23-24,45348,149,Groomed
T024,23-24,45348,149,Open
T025,23-24,45348,149,Groomed
T026,23-24,45348,149,Open
T027,23-24,45348,149,Open
T028,23-24,45348,149,Groomed
T029,23-24,45348,149,Groomed
T030,23-24,45348,149,Groomed
T031,23-24,45348,149,Groomed
T032,23-24,45348,149,Groomed
T033,23-24,45348,149,Groomed
T034,23-24,45348,149,Groomed
T035,23-24,45348,149,Open
T036,23-24,45348,149,Groomed
T037,23-24,45348,149,Open
T038,23-24,45348,149,Open
T039,23-24,45348,149,Open
T040,23-24,45348,149,Groomed
T042,23-24,45348,149,Open
T043,23-24,45348,149,Groomed
T044,23-24,45348,149,Open
T045,23-24,45348,149,Open
T046,23-24,45348,149,Open
T047,23-24,45348,149,Open
T048,23-24,45348,149,Open
T049,23-24,45348,149,Groomed
T050,23-24,45348,149,Groomed
T051,23-24,45348,149,Groomed
T052,23-24,45348,149,Groomed
T053,23-24,45348,149,Groomed
T054,23-24,45348,149,Groomed
T055,23-24,45348,149,Open
T056,23-24,45348,149,Open
T057,23-24,45348,149,Open
T058,23-24,45348,149,Open
T061,23-24,45348,149,Groomed
T062,23-24,45348,149,Groomed
T063,23-24,45348,149,Groomed
T064,23-24,45348,149,Groomed
T065,23-24,45348,149,Groomed
T066,23-24,45348,149,Groomed
T067,23-24,45348,149,Groomed
T068,23-24,45348,149,Open
T069,23-24,45348,149,Open
T070,23-24,45348,149,Open
T071,23-24,45348,149,Open
T072,23-24,45348,149,Open
T073,23-24,45348,149,Open
T074,23-24,45348,149,Open
T075,23-24,45348,149,Open
T076,23-24,45348,149,Open
T077,23-24,45348,149,Groomed
T078,23-24,45348,149,Groomed
T079,23-24,45348,149,Groomed
T080,23-24,45348,149,Open
T081,23-24,45348,149,Open
T082,23-24,45348,149,Open
T083,23-24,45348,149,Open
T084,23-24,45348,149,Open
T085,23-24,45348,149,Open
T086,23-24,45348,149,Open
T087,23-24,45348,149,Open
T088,23-24,45348,149,Open
T089,23-24,45348,149,Open
T090,23-24,45348,149,Open
T091,23-24,45348,149,Open
T092,23-24,45348,149,Open
T107,23-24,45348,149,Groomed
T108,23-24,45348,149,Groomed
T109,23-24,45348,149,Groomed
T110,23-24,45348,149,Open
T111,23-24,45348,149,Open
T112,23-24,45348,149,Groomed
T113,23-24,45348,149,Open
T114,23-24,45348,149,Open
T115,23-24,45348,149,Open
T116,23-24,45348,149,Groomed
T117,23-24,45348,149,Open
T118,23-24,45348,149,Groomed
T119,23-24,45348,149,Open
T127,23-24,45348,149,Open
T128,23-24,45348,149,Open
T129,23-24,45348,149,Open
T130,23-24,45348,149,Open
T131,23-24,45348,149,Open
T132,23-24,45348,149,Open
T133,23-24,45348,149,Open
T136,23-24,45348,149,Open
T137,23-24,45348,149,Open
T148,23-24,45348,149,Open
T001,23-24,45349,150,Groomed
T002,23-24,45349,150,Groomed
T003,23-24,45349,150,Groomed
T004,23-24,45349,150,Groomed
T005,23-24,45349,150,Groomed
T006,23-24,45349,150,Open
T007,23-24,45349,150,Groomed
T008,23-24,45349,150,Groomed
T009,23-24,45349,150,Groomed
T010,23-24,45349,150,Groomed
T011,23-24,45349,150,Groomed
T012,23-24,45349,150,Groomed
T013,23-24,45349,150,Groomed
T014,23-24,45349,150,Groomed
T015,23-24,45349,150,Groomed
T016,23-24,45349,150,Open
T017,23-24,45349,150,Open
T018,23-24,45349,150,Groomed
T019,23-24,45349,150,Open
T020,23-24,45349,150,Open
T021,23-24,45349,150,Groomed
T022,23-24,45349,150,Groomed
T023,23-24,45349,150,Groomed
T024,23-24,45349,150,Open
T025,23-24,45349,150,Groomed
T026,23-24,45349,150,Open
T027,23-24,45349,150,Open
T028,23-24,45349,150,Groomed
T029,23-24,45349,150,Groomed
T030,23-24,45349,150,Groomed
T031,23-24,45349,150,Groomed
T032,23-24,45349,150,Groomed
T033,23-24,45349,150,Groomed
T034,23-24,45349,150,Groomed
T035,23-24,45349,150,Open
T036,23-24,45349,150,Groomed
T037,23-24,45349,150,Open
T038,23-24,45349,150,Groomed
T039,23-24,45349,150,Groomed
T040,23-24,45349,150,Groomed
T042,23-24,45349,150,Open
T043,23-24,45349,150,Groomed
T044,23-24,45349,150,Open
T045,23-24,45349,150,Open
T046,23-24,45349,150,Open
T047,23-24,45349,150,Open
T048,23-24,45349,150,Open
T049,23-24,45349,150,Open
T050,23-24,45349,150,Groomed
T051,23-24,45349,150,Groomed
T052,23-24,45349,150,Groomed
T053,23-24,45349,150,Groomed
T054,23-24,45349,150,Groomed
T055,23-24,45349,150,Open
T056,23-24,45349,150,Open
T057,23-24,45349,150,Open
T058,23-24,45349,150,Open
T061,23-24,45349,150,Groomed
T062,23-24,45349,150,Groomed
T063,23-24,45349,150,Groomed
T064,23-24,45349,150,Groomed
T065,23-24,45349,150,Groomed
T066,23-24,45349,150,Groomed
T067,23-24,45349,150,Groomed
T068,23-24,45349,150,Open
T069,23-24,45349,150,Open
T070,23-24,45349,150,Open
T071,23-24,45349,150,Open
T072,23-24,45349,150,Open
T073,23-24,45349,150,Open
T074,23-24,45349,150,Open
T075,23-24,45349,150,Open
T076,23-24,45349,150,Open
T077,23-24,45349,150,Groomed
T078,23-24,45349,150,Groomed
T079,23-24,45349,150,Groomed
T080,23-24,45349,150,Open
T081,23-24,45349,150,Open
T082,23-24,45349,150,Open
T083,23-24,45349,150,Open
T084,23-24,45349,150,Open
T085,23-24,45349,150,Open
T086,23-24,45349,150,Open
T087,23-24,45349,150,Open
T088,23-24,45349,150,Open
T089,23-24,45349,150,Open
T090,23-24,45349,150,Open
T091,23-24,45349,150,Open
T092,23-24,45349,150,Open
T107,23-24,45349,150,Groomed
T108,23-24,45349,150,Groomed
T109,23-24,45349,150,Groomed
T110,23-24,45349,150,Open
T111,23-24,45349,150,Open
T112,23-24,45349,150,Groomed
T113,23-24,45349,150,Open
T114,23-24,45349,150,Open
T115,23-24,45349,150,Open
T116,23-24,45349,150,Groomed
T117,23-24,45349,150,Open
T118,23-24,45349,150,Groomed
T119,23-24,45349,150,Open
T127,23-24,45349,150,Open
T128,23-24,45349,150,Open
T129,23-24,45349,150,Open
T130,23-24,45349,150,Open
T131,23-24,45349,150,Open
T132,23-24,45349,150,Open
T133,23-24,45349,150,Open
T136,23-24,45349,150,Open
T137,23-24,45349,150,Open
T148,23-24,45349,150,Open
T001,23-24,45350,151,Groomed
T002,23-24,45350,151,Groomed
T003,23-24,45350,151,Groomed
T004,23-24,45350,151,Groomed
T005,23-24,45350,151,Groomed
T006,23-24,45350,151,Groomed
T007,23-24,45350,151,Groomed
T008,23-24,45350,151,Groomed
T009,23-24,45350,151,Groomed
T010,23-24,45350,151,Groomed
T011,23-24,45350,151,Groomed
T012,23-24,45350,151,Groomed
T013,23-24,45350,151,Groomed
T014,23-24,45350,151,Groomed
T015,23-24,45350,151,Groomed
T016,23-24,45350,151,Open
T017,23-24,45350,151,Open
T018,23-24,45350,151,Groomed
T019,23-24,45350,151,Open
T020,23-24,45350,151,Groomed
T021,23-24,45350,151,Groomed
T022,23-24,45350,151,Groomed
T023,23-24,45350,151,Groomed
T024,23-24,45350,151,Open
T025,23-24,45350,151,Groomed
T026,23-24,45350,151,Groomed
T027,23-24,45350,151,Groomed
T028,23-24,45350,151,Groomed
T029,23-24,45350,151,Groomed
T030,23-24,45350,151,Groomed
T031,23-24,45350,151,Groomed
T032,23-24,45350,151,Groomed
T033,23-24,45350,151,Groomed
T034,23-24,45350,151,Groomed
T035,23-24,45350,151,Open
T036,23-24,45350,151,Groomed
T037,23-24,45350,151,Open
T038,23-24,45350,151,Open
T039,23-24,45350,151,Open
T040,23-24,45350,151,Groomed
T042,23-24,45350,151,Open
T043,23-24,45350,151,Groomed
T044,23-24,45350,151,Open
T045,23-24,45350,151,Open
T046,23-24,45350,151,Open
T047,23-24,45350,151,Open
T048,23-24,45350,151,Open
T049,23-24,45350,151,Open
T050,23-24,45350,151,Groomed
T051,23-24,45350,151,Groomed
T052,23-24,45350,151,Groomed
T053,23-24,45350,151,Groomed
T054,23-24,45350,151,Groomed
T055,23-24,45350,151,Open
T056,23-24,45350,151,Open
T057,23-24,45350,151,Open
T058,23-24,45350,151,Open
T061,23-24,45350,151,Groomed
T062,23-24,45350,151,Groomed
T063,23-24,45350,151,Groomed
T064,23-24,45350,151,Groomed
T065,23-24,45350,151,Groomed
T066,23-24,45350,151,Groomed
T067,23-24,45350,151,Groomed
T068,23-24,45350,151,Open
T069,23-24,45350,151,Open
T070,23-24,45350,151,Open
T071,23-24,45350,151,Open
T072,23-24,45350,151,Open
T073,23-24,45350,151,Open
T074,23-24,45350,151,Open
T075,23-24,45350,151,Open
T076,23-24,45350,151,Open
T077,23-24,45350,151,Groomed
T078,23-24,45350,151,Groomed
T079,23-24,45350,151,Open
T080,23-24,45350,151,Open
T081,23-24,45350,151,Open
T082,23-24,45350,151,Open
T083,23-24,45350,151,Groomed
T084,23-24,45350,151,Open
T085,23-24,45350,151,Open
T086,23-24,45350,151,Open
T087,23-24,45350,151,Open
T088,23-24,45350,151,Open
T089,23-24,45350,151,Open
T090,23-24,45350,151,Open
T091,23-24,45350,151,Open
T092,23-24,45350,151,Open
T107,23-24,45350,151,Groomed
T108,23-24,45350,151,Groomed
T109,23-24,45350,151,Groomed
T110,23-24,45350,151,Open
T111,23-24,45350,151,Open
T112,23-24,45350,151,Groomed
T113,23-24,45350,151,Open
T114,23-24,45350,151,Open
T115,23-24,45350,151,Open
T116,23-24,45350,151,Groomed
T117,23-24,45350,151,Open
T118,23-24,45350,151,Groomed
T119,23-24,45350,151,Open
T127,23-24,45350,151,Open
T128,23-24,45350,151,Open
T129,23-24,45350,151,Open
T130,23-24,45350,151,Open
T131,23-24,45350,151,Open
T132,23-24,45350,151,Open
T133,23-24,45350,151,Open
T136,23-24,45350,151,Open
T137,23-24,45350,151,Open
T148,23-24,45350,151,Open
T001,23-24,45351,152,Groomed
T002,23-24,45351,152,Groomed
T003,23-24,45351,152,Groomed
T004,23-24,45351,152,Groomed
T005,23-24,45351,152,Groomed
T006,23-24,45351,152,Groomed
T007,23-24,45351,152,Groomed
T008,23-24,45351,152,Open
T009,23-24,45351,152,Groomed
T010,23-24,45351,152,Open
T011,23-24,45351,152,Groomed
T012,23-24,45351,152,Groomed
T013,23-24,45351,152,Groomed
T014,23-24,45351,152,Groomed
T015,23-24,45351,152,Groomed
T016,23-24,45351,152,Open
T017,23-24,45351,152,Open
T018,23-24,45351,152,Groomed
T019,23-24,45351,152,Open
T020,23-24,45351,152,Open
T021,23-24,45351,152,Groomed
T022,23-24,45351,152,Groomed
T023,23-24,45351,152,Groomed
T024,23-24,45351,152,Open
T025,23-24,45351,152,Groomed
T026,23-24,45351,152,Groomed
T027,23-24,45351,152,Open
T028,23-24,45351,152,Groomed
T029,23-24,45351,152,Groomed
T030,23-24,45351,152,Groomed
T031,23-24,45351,152,Groomed
T032,23-24,45351,152,Open
T033,23-24,45351,152,Groomed
T034,23-24,45351,152,Groomed
T035,23-24,45351,152,Open
T036,23-24,45351,152,Groomed
T037,23-24,45351,152,Open
T038,23-24,45351,152,Open
T039,23-24,45351,152,Open
T040,23-24,45351,152,Groomed
T042,23-24,45351,152,Open
T043,23-24,45351,152,Groomed
T044,23-24,45351,152,Open
T045,23-24,45351,152,Open
T046,23-24,45351,152,Open
T047,23-24,45351,152,Open
T048,23-24,45351,152,Open
T049,23-24,45351,152,Open
T050,23-24,45351,152,Groomed
T051,23-24,45351,152,Groomed
T052,23-24,45351,152,Groomed
T053,23-24,45351,152,Groomed
T054,23-24,45351,152,Groomed
T055,23-24,45351,152,Open
T056,23-24,45351,152,Open
T057,23-24,45351,152,Open
T058,23-24,45351,152,Open
T061,23-24,45351,152,Groomed
T062,23-24,45351,152,Groomed
T063,23-24,45351,152,Groomed
T064,23-24,45351,152,Groomed
T065,23-24,45351,152,Groomed
T066,23-24,45351,152,Groomed
T067,23-24,45351,152,Groomed
T068,23-24,45351,152,Open
T069,23-24,45351,152,Open
T070,23-24,45351,152,Open
T071,23-24,45351,152,Open
T072,23-24,45351,152,Open
T073,23-24,45351,152,Open
T074,23-24,45351,152,Open
T075,23-24,45351,152,Open
T076,23-24,45351,152,Open
T077,23-24,45351,152,Groomed
T078,23-24,45351,152,Groomed
T079,23-24,45351,152,Groomed
T080,23-24,45351,152,Open
T081,23-24,45351,152,Open
T082,23-24,45351,152,Open
T083,23-24,45351,152,Groomed
T084,23-24,45351,152,Open
T085,23-24,45351,152,Open
T086,23-24,45351,152,Open
T087,23-24,45351,152,Open
T088,23-24,45351,152,Open
T089,23-24,45351,152,Open
T090,23-24,45351,152,Open
T091,23-24,45351,152,Open
T092,23-24,45351,152,Open
T107,23-24,45351,152,Groomed
T108,23-24,45351,152,Groomed
T109,23-24,45351,152,Groomed
T110,23-24,45351,152,Open
T111,23-24,45351,152,Open
T112,23-24,45351,152,Groomed
T113,23-24,45351,152,Open
T114,23-24,45351,152,Open
T115,23-24,45351,152,Open
T116,23-24,45351,152,Groomed
T117,23-24,45351,152,Open
T118,23-24,45351,152,Groomed
T119,23-24,45351,152,Open
T127,23-24,45351,152,Open
T128,23-24,45351,152,Open
T129,23-24,45351,152,Open
T130,23-24,45351,152,Open
T131,23-24,45351,152,Open
T132,23-24,45351,152,Open
T133,23-24,45351,152,Open
T136,23-24,45351,152,Open
T137,23-24,45351,152,Open
T148,23-24,45351,152,Open
T001,23-24,45352,153,Groomed
T002,23-24,45352,153,Groomed
T003,23-24,45352,153,Groomed
T004,23-24,45352,153,Groomed
T005,23-24,45352,153,Groomed
T006,23-24,45352,153,Open
T007,23-24,45352,153,Groomed
T008,23-24,45352,153,Groomed
T009,23-24,45352,153,Groomed
T010,23-24,45352,153,Groomed
T011,23-24,45352,153,Groomed
T012,23-24,45352,153,Groomed
T013,23-24,45352,153,Groomed
T014,23-24,45352,153,Groomed
T015,23-24,45352,153,Groomed
T016,23-24,45352,153,Open
T017,23-24,45352,153,Open
T018,23-24,45352,153,Groomed
T019,23-24,45352,153,Open
T020,23-24,45352,153,Groomed
T021,23-24,45352,153,Groomed
T022,23-24,45352,153,Groomed
T023,23-24,45352,153,Groomed
T024,23-24,45352,153,Groomed
T025,23-24,45352,153,Groomed
T026,23-24,45352,153,Open
T027,23-24,45352,153,Open
T028,23-24,45352,153,Groomed
T029,23-24,45352,153,Groomed
T030,23-24,45352,153,Groomed
T031,23-24,45352,153,Groomed
T032,23-24,45352,153,Groomed
T033,23-24,45352,153,Groomed
T034,23-24,45352,153,Groomed
T035,23-24,45352,153,Open
T036,23-24,45352,153,Groomed
T037,23-24,45352,153,Open
T038,23-24,45352,153,Open
T039,23-24,45352,153,Open
T040,23-24,45352,153,Open
T042,23-24,45352,153,Open
T043,23-24,45352,153,Groomed
T044,23-24,45352,153,Open
T045,23-24,45352,153,Open
T046,23-24,45352,153,Open
T047,23-24,45352,153,Open
T048,23-24,45352,153,Open
T049,23-24,45352,153,Open
T050,23-24,45352,153,Groomed
T051,23-24,45352,153,Groomed
T052,23-24,45352,153,Groomed
T053,23-24,45352,153,Groomed
T054,23-24,45352,153,Groomed
T055,23-24,45352,153,Open
T056,23-24,45352,153,Open
T057,23-24,45352,153,Open
T058,23-24,45352,153,Open
T061,23-24,45352,153,Groomed
T062,23-24,45352,153,Groomed
T063,23-24,45352,153,Groomed
T064,23-24,45352,153,Open
T065,23-24,45352,153,Open
T066,23-24,45352,153,Groomed
T067,23-24,45352,153,Groomed
T068,23-24,45352,153,Open
T069,23-24,45352,153,Open
T070,23-24,45352,153,Open
T071,23-24,45352,153,Open
T072,23-24,45352,153,Open
T073,23-24,45352,153,Open
T074,23-24,45352,153,Open
T075,23-24,45352,153,Open
T076,23-24,45352,153,Open
T077,23-24,45352,153,Groomed
T078,23-24,45352,153,Groomed
T079,23-24,45352,153,Groomed
T080,23-24,45352,153,Open
T081,23-24,45352,153,Open
T082,23-24,45352,153,Open
T083,23-24,45352,153,Groomed
T084,23-24,45352,153,Open
T085,23-24,45352,153,Open
T086,23-24,45352,153,Open
T087,23-24,45352,153,Open
T088,23-24,45352,153,Open
T089,23-24,45352,153,Open
T090,23-24,45352,153,Open
T091,23-24,45352,153,Open
T092,23-24,45352,153,Open
T107,23-24,45352,153,Groomed
T108,23-24,45352,153,Groomed
T109,23-24,45352,153,Groomed
T110,23-24,45352,153,Open
T111,23-24,45352,153,Open
T112,23-24,45352,153,Groomed
T113,23-24,45352,153,Open
T114,23-24,45352,153,Open
T115,23-24,45352,153,Open
T116,23-24,45352,153,Groomed
T117,23-24,45352,153,Open
T118,23-24,45352,153,Groomed
T119,23-24,45352,153,Open
T127,23-24,45352,153,Open
T128,23-24,45352,153,Open
T129,23-24,45352,153,Open
T130,23-24,45352,153,Open
T131,23-24,45352,153,Open
T132,23-24,45352,153,Open
T133,23-24,45352,153,Open
T136,23-24,45352,153,Open
T137,23-24,45352,153,Open
T148,23-24,45352,153,Open
T001,23-24,45353,154,Groomed
T002,23-24,45353,154,Groomed
T003,23-24,45353,154,Groomed
T004,23-24,45353,154,Groomed
T005,23-24,45353,154,Groomed
T006,23-24,45353,154,Open
T007,23-24,45353,154,Groomed
T008,23-24,45353,154,Groomed
T009,23-24,45353,154,Groomed
T010,23-24,45353,154,Open
T011,23-24,45353,154,Groomed
T012,23-24,45353,154,Groomed
T013,23-24,45353,154,Groomed
T014,23-24,45353,154,Groomed
T015,23-24,45353,154,Groomed
T016,23-24,45353,154,Open
T017,23-24,45353,154,Open
T018,23-24,45353,154,Groomed
T019,23-24,45353,154,Open
T020,23-24,45353,154,Groomed
T021,23-24,45353,154,Groomed
T022,23-24,45353,154,Groomed
T023,23-24,45353,154,Groomed
T024,23-24,45353,154,Groomed
T025,23-24,45353,154,Groomed
T026,23-24,45353,154,Open
T027,23-24,45353,154,Open
T028,23-24,45353,154,Groomed
T029,23-24,45353,154,Groomed
T030,23-24,45353,154,Groomed
T031,23-24,45353,154,Groomed
T032,23-24,45353,154,Groomed
T033,23-24,45353,154,Groomed
T034,23-24,45353,154,Groomed
T035,23-24,45353,154,Open
T036,23-24,45353,154,Groomed
T037,23-24,45353,154,Open
T038,23-24,45353,154,Open
T039,23-24,45353,154,Groomed
T040,23-24,45353,154,Open
T042,23-24,45353,154,Open
T043,23-24,45353,154,Groomed
T044,23-24,45353,154,Open
T045,23-24,45353,154,Open
T046,23-24,45353,154,Open
T047,23-24,45353,154,Open
T048,23-24,45353,154,Open
T049,23-24,45353,154,Open
T050,23-24,45353,154,Groomed
T051,23-24,45353,154,Groomed
T052,23-24,45353,154,Groomed
T053,23-24,45353,154,Groomed
T054,23-24,45353,154,Groomed
T055,23-24,45353,154,Open
T056,23-24,45353,154,Open
T057,23-24,45353,154,Open
T058,23-24,45353,154,Open
T061,23-24,45353,154,Groomed
T062,23-24,45353,154,Groomed
T063,23-24,45353,154,Groomed
T064,23-24,45353,154,Open
T065,23-24,45353,154,Groomed
T066,23-24,45353,154,Groomed
T067,23-24,45353,154,Groomed
T068,23-24,45353,154,Open
T069,23-24,45353,154,Open
T070,23-24,45353,154,Open
T071,23-24,45353,154,Open
T072,23-24,45353,154,Open
T073,23-24,45353,154,Open
T074,23-24,45353,154,Open
T075,23-24,45353,154,Open
T076,23-24,45353,154,Open
T077,23-24,45353,154,Groomed
T078,23-24,45353,154,Groomed
T079,23-24,45353,154,Groomed
T080,23-24,45353,154,Open
T081,23-24,45353,154,Open
T082,23-24,45353,154,Open
T083,23-24,45353,154,Groomed
T084,23-24,45353,154,Open
T085,23-24,45353,154,Open
T086,23-24,45353,154,Open
T087,23-24,45353,154,Open
T088,23-24,45353,154,Open
T089,23-24,45353,154,Open
T090,23-24,45353,154,Open
T091,23-24,45353,154,Open
T092,23-24,45353,154,Open
T107,23-24,45353,154,Groomed
T108,23-24,45353,154,Groomed
T109,23-24,45353,154,Groomed
T110,23-24,45353,154,Open
T111,23-24,45353,154,Open
T112,23-24,45353,154,Groomed
T113,23-24,45353,154,Open
T114,23-24,45353,154,Open
T115,23-24,45353,154,Open
T116,23-24,45353,154,Groomed
T117,23-24,45353,154,Open
T118,23-24,45353,154,Groomed
T119,23-24,45353,154,Open
T127,23-24,45353,154,Open
T128,23-24,45353,154,Open
T129,23-24,45353,154,Open
T130,23-24,45353,154,Open
T131,23-24,45353,154,Open
T132,23-24,45353,154,Open
T133,23-24,45353,154,Open
T136,23-24,45353,154,Open
T137,23-24,45353,154,Open
T148,23-24,45353,154,Open
T001,23-24,45354,155,Groomed
T002,23-24,45354,155,Groomed
T003,23-24,45354,155,Groomed
T004,23-24,45354,155,Groomed
T005,23-24,45354,155,Groomed
T006,23-24,45354,155,Groomed
T007,23-24,45354,155,Groomed
T008,23-24,45354,155,Groomed
T009,23-24,45354,155,Groomed
T010,23-24,45354,155,Groomed
T011,23-24,45354,155,Groomed
T012,23-24,45354,155,Groomed
T013,23-24,45354,155,Groomed
T014,23-24,45354,155,Groomed
T015,23-24,45354,155,Groomed
T016,23-24,45354,155,Open
T017,23-24,45354,155,Groomed
T018,23-24,45354,155,Groomed
T019,23-24,45354,155,Open
T020,23-24,45354,155,Groomed
T021,23-24,45354,155,Groomed
T022,23-24,45354,155,Groomed
T023,23-24,45354,155,Groomed
T024,23-24,45354,155,Groomed
T025,23-24,45354,155,Groomed
T026,23-24,45354,155,Groomed
T027,23-24,45354,155,Groomed
T028,23-24,45354,155,Groomed
T029,23-24,45354,155,Groomed
T030,23-24,45354,155,Groomed
T031,23-24,45354,155,Groomed
T032,23-24,45354,155,Groomed
T033,23-24,45354,155,Groomed
T034,23-24,45354,155,Groomed
T035,23-24,45354,155,Groomed
T036,23-24,45354,155,Groomed
T037,23-24,45354,155,Open
T038,23-24,45354,155,Groomed
T039,23-24,45354,155,Open
T040,23-24,45354,155,Groomed
T042,23-24,45354,155,Open
T043,23-24,45354,155,Groomed
T044,23-24,45354,155,Open
T045,23-24,45354,155,Open
T046,23-24,45354,155,Open
T047,23-24,45354,155,Open
T048,23-24,45354,155,Open
T049,23-24,45354,155,Open
T050,23-24,45354,155,Groomed
T051,23-24,45354,155,Groomed
T052,23-24,45354,155,Groomed
T053,23-24,45354,155,Groomed
T054,23-24,45354,155,Groomed
T055,23-24,45354,155,Open
T056,23-24,45354,155,Open
T057,23-24,45354,155,Open
T058,23-24,45354,155,Open
T061,23-24,45354,155,Groomed
T062,23-24,45354,155,Groomed
T063,23-24,45354,155,Groomed
T064,23-24,45354,155,Groomed
T065,23-24,45354,155,Groomed
T066,23-24,45354,155,Groomed
T067,23-24,45354,155,Groomed
T068,23-24,45354,155,Open
T069,23-24,45354,155,Open
T070,23-24,45354,155,Open
T071,23-24,45354,155,Open
T072,23-24,45354,155,Open
T073,23-24,45354,155,Open
T074,23-24,45354,155,Open
T075,23-24,45354,155,Open
T076,23-24,45354,155,Open
T077,23-24,45354,155,Groomed
T078,23-24,45354,155,Groomed
T079,23-24,45354,155,Groomed
T080,23-24,45354,155,Open
T081,23-24,45354,155,Open
T082,23-24,45354,155,Open
T083,23-24,45354,155,Open
T084,23-24,45354,155,Open
T085,23-24,45354,155,Open
T086,23-24,45354,155,Open
T087,23-24,45354,155,Open
T088,23-24,45354,155,Open
T089,23-24,45354,155,Open
T090,23-24,45354,155,Open
T091,23-24,45354,155,Open
T092,23-24,45354,155,Open
T107,23-24,45354,155,Groomed
T108,23-24,45354,155,Groomed
T109,23-24,45354,155,Groomed
T110,23-24,45354,155,Open
T111,23-24,45354,155,Open
T112,23-24,45354,155,Groomed
T113,23-24,45354,155,Open
T114,23-24,45354,155,Open
T115,23-24,45354,155,Open
T116,23-24,45354,155,Groomed
T117,23-24,45354,155,Open
T118,23-24,45354,155,Groomed
T119,23-24,45354,155,Open
T127,23-24,45354,155,Open
T128,23-24,45354,155,Open
T129,23-24,45354,155,Open
T130,23-24,45354,155,Open
T131,23-24,45354,155,Open
T132,23-24,45354,155,Open
T133,23-24,45354,155,Open
T136,23-24,45354,155,Open
T137,23-24,45354,155,Open
T148,23-24,45354,155,Open
T001,23-24,45355,156,Groomed
T002,23-24,45355,156,Groomed
T003,23-24,45355,156,Groomed
T004,23-24,45355,156,Groomed
T005,23-24,45355,156,Groomed
T006,23-24,45355,156,Groomed
T007,23-24,45355,156,Groomed
T008,23-24,45355,156,Groomed
T009,23-24,45355,156,Groomed
T010,23-24,45355,156,Groomed
T011,23-24,45355,156,Groomed
T012,23-24,45355,156,Groomed
T013,23-24,45355,156,Groomed
T014,23-24,45355,156,Groomed
T015,23-24,45355,156,Groomed
T016,23-24,45355,156,Open
T017,23-24,45355,156,Open
T018,23-24,45355,156,Groomed
T019,23-24,45355,156,Open
T020,23-24,45355,156,Open
T021,23-24,45355,156,Groomed
T022,23-24,45355,156,Groomed
T023,23-24,45355,156,Groomed
T024,23-24,45355,156,Open
T025,23-24,45355,156,Groomed
T026,23-24,45355,156,Groomed
T027,23-24,45355,156,Groomed
T028,23-24,45355,156,Groomed
T029,23-24,45355,156,Groomed
T030,23-24,45355,156,Groomed
T031,23-24,45355,156,Groomed
T032,23-24,45355,156,Groomed
T033,23-24,45355,156,Groomed
T034,23-24,45355,156,Groomed
T035,23-24,45355,156,Open
T036,23-24,45355,156,Groomed
T037,23-24,45355,156,Open
T038,23-24,45355,156,Open
T039,23-24,45355,156,Open
T040,23-24,45355,156,Groomed
T042,23-24,45355,156,Open
T043,23-24,45355,156,Groomed
T044,23-24,45355,156,Open
T045,23-24,45355,156,Open
T046,23-24,45355,156,Open
T047,23-24,45355,156,Open
T048,23-24,45355,156,Open
T049,23-24,45355,156,Open
T050,23-24,45355,156,Groomed
T051,23-24,45355,156,Groomed
T052,23-24,45355,156,Groomed
T053,23-24,45355,156,Groomed
T054,23-24,45355,156,Groomed
T055,23-24,45355,156,Open
T056,23-24,45355,156,Open
T057,23-24,45355,156,Open
T058,23-24,45355,156,Open
T061,23-24,45355,156,Groomed
T062,23-24,45355,156,Groomed
T063,23-24,45355,156,Groomed
T064,23-24,45355,156,Groomed
T065,23-24,45355,156,Groomed
T066,23-24,45355,156,Groomed
T067,23-24,45355,156,Groomed
T068,23-24,45355,156,Open
T069,23-24,45355,156,Open
T070,23-24,45355,156,Open
T071,23-24,45355,156,Open
T072,23-24,45355,156,Open
T073,23-24,45355,156,Open
T074,23-24,45355,156,Open
T075,23-24,45355,156,Open
T076,23-24,45355,156,Open
T077,23-24,45355,156,Groomed
T078,23-24,45355,156,Groomed
T079,23-24,45355,156,Groomed
T080,23-24,45355,156,Open
T081,23-24,45355,156,Open
T082,23-24,45355,156,Open
T083,23-24,45355,156,Open
T084,23-24,45355,156,Open
T085,23-24,45355,156,Open
T086,23-24,45355,156,Open
T087,23-24,45355,156,Open
T088,23-24,45355,156,Open
T089,23-24,45355,156,Open
T090,23-24,45355,156,Open
T091,23-24,45355,156,Open
T092,23-24,45355,156,Open
T107,23-24,45355,156,Groomed
T108,23-24,45355,156,Groomed
T109,23-24,45355,156,Groomed
T110,23-24,45355,156,Open
T111,23-24,45355,156,Open
T112,23-24,45355,156,Groomed
T113,23-24,45355,156,Open
T114,23-24,45355,156,Open
T115,23-24,45355,156,Open
T116,23-24,45355,156,Groomed
T117,23-24,45355,156,Open
T118,23-24,45355,156,Groomed
T119,23-24,45355,156,Open
T127,23-24,45355,156,Open
T128,23-24,45355,156,Open
T129,23-24,45355,156,Open
T130,23-24,45355,156,Open
T131,23-24,45355,156,Open
T132,23-24,45355,156,Open
T133,23-24,45355,156,Open
T136,23-24,45355,156,Open
T137,23-24,45355,156,Open
T148,23-24,45355,156,Open
T001,23-24,45356,157,Groomed
T002,23-24,45356,157,Groomed
T003,23-24,45356,157,Groomed
T004,23-24,45356,157,Groomed
T005,23-24,45356,157,Groomed
T006,23-24,45356,157,Groomed
T007,23-24,45356,157,Groomed
T008,23-24,45356,157,Groomed
T009,23-24,45356,157,Groomed
T010,23-24,45356,157,Groomed
T011,23-24,45356,157,Groomed
T012,23-24,45356,157,Groomed
T013,23-24,45356,157,Groomed
T014,23-24,45356,157,Groomed
T015,23-24,45356,157,Groomed
T016,23-24,45356,157,Open
T017,23-24,45356,157,Open
T018,23-24,45356,157,Groomed
T019,23-24,45356,157,Open
T020,23-24,45356,157,Open
T021,23-24,45356,157,Groomed
T022,23-24,45356,157,Groomed
T023,23-24,45356,157,Groomed
T024,23-24,45356,157,Open
T025,23-24,45356,157,Groomed
T026,23-24,45356,157,Groomed
T027,23-24,45356,157,Open
T028,23-24,45356,157,Groomed
T029,23-24,45356,157,Groomed
T030,23-24,45356,157,Groomed
T031,23-24,45356,157,Groomed
T032,23-24,45356,157,Groomed
T033,23-24,45356,157,Groomed
T034,23-24,45356,157,Groomed
T035,23-24,45356,157,Open
T036,23-24,45356,157,Groomed
T037,23-24,45356,157,Open
T038,23-24,45356,157,Open
T039,23-24,45356,157,Open
T040,23-24,45356,157,Groomed
T042,23-24,45356,157,Open
T043,23-24,45356,157,Groomed
T044,23-24,45356,157,Open
T045,23-24,45356,157,Open
T046,23-24,45356,157,Open
T047,23-24,45356,157,Open
T048,23-24,45356,157,Open
T049,23-24,45356,157,Open
T050,23-24,45356,157,Groomed
T051,23-24,45356,157,Groomed
T052,23-24,45356,157,Groomed
T053,23-24,45356,157,Groomed
T054,23-24,45356,157,Groomed
T055,23-24,45356,157,Open
T056,23-24,45356,157,Open
T057,23-24,45356,157,Open
T058,23-24,45356,157,Open
T061,23-24,45356,157,Groomed
T062,23-24,45356,157,Groomed
T063,23-24,45356,157,Groomed
T064,23-24,45356,157,Groomed
T065,23-24,45356,157,Groomed
T066,23-24,45356,157,Groomed
T067,23-24,45356,157,Groomed
T068,23-24,45356,157,Open
T069,23-24,45356,157,Open
T070,23-24,45356,157,Open
T071,23-24,45356,157,Open
T072,23-24,45356,157,Open
T073,23-24,45356,157,Open
T074,23-24,45356,157,Open
T075,23-24,45356,157,Open
T076,23-24,45356,157,Open
T077,23-24,45356,157,Groomed
T078,23-24,45356,157,Groomed
T079,23-24,45356,157,Open
T080,23-24,45356,157,Open
T081,23-24,45356,157,Open
T082,23-24,45356,157,Open
T083,23-24,45356,157,Open
T084,23-24,45356,157,Open
T085,23-24,45356,157,Open
T086,23-24,45356,157,Open
T087,23-24,45356,157,Open
T088,23-24,45356,157,Open
T089,23-24,45356,157,Open
T090,23-24,45356,157,Open
T091,23-24,45356,157,Open
T092,23-24,45356,157,Open
T107,23-24,45356,157,Groomed
T108,23-24,45356,157,Groomed
T109,23-24,45356,157,Groomed
T110,23-24,45356,157,Open
T111,23-24,45356,157,Open
T112,23-24,45356,157,Groomed
T113,23-24,45356,157,Open
T114,23-24,45356,157,Open
T115,23-24,45356,157,Open
T116,23-24,45356,157,Groomed
T117,23-24,45356,157,Open
T118,23-24,45356,157,Groomed
T119,23-24,45356,157,Open
T127,23-24,45356,157,Open
T128,23-24,45356,157,Open
T129,23-24,45356,157,Open
T130,23-24,45356,157,Open
T131,23-24,45356,157,Open
T132,23-24,45356,157,Open
T133,23-24,45356,157,Open
T136,23-24,45356,157,Open
T137,23-24,45356,157,Open
T148,23-24,45356,157,Open
T001,23-24,45357,158,Groomed
T002,23-24,45357,158,Groomed
T003,23-24,45357,158,Groomed
T004,23-24,45357,158,Groomed
T005,23-24,45357,158,Groomed
T006,23-24,45357,158,Groomed
T007,23-24,45357,158,Groomed
T008,23-24,45357,158,Groomed
T009,23-24,45357,158,Groomed
T010,23-24,45357,158,Groomed
T011,23-24,45357,158,Groomed
T012,23-24,45357,158,Groomed
T013,23-24,45357,158,Groomed
T014,23-24,45357,158,Groomed
T015,23-24,45357,158,Groomed
T016,23-24,45357,158,Open
T017,23-24,45357,158,Open
T018,23-24,45357,158,Groomed
T019,23-24,45357,158,Open
T020,23-24,45357,158,Groomed
T021,23-24,45357,158,Groomed
T022,23-24,45357,158,Groomed
T023,23-24,45357,158,Groomed
T024,23-24,45357,158,Open
T025,23-24,45357,158,Groomed
T026,23-24,45357,158,Groomed
T027,23-24,45357,158,Groomed
T028,23-24,45357,158,Groomed
T029,23-24,45357,158,Groomed
T030,23-24,45357,158,Groomed
T031,23-24,45357,158,Groomed
T032,23-24,45357,158,Open
T033,23-24,45357,158,Groomed
T034,23-24,45357,158,Groomed
T035,23-24,45357,158,Open
T036,23-24,45357,158,Groomed
T037,23-24,45357,158,Open
T038,23-24,45357,158,Open
T039,23-24,45357,158,Open
T040,23-24,45357,158,Groomed
T042,23-24,45357,158,Open
T043,23-24,45357,158,Groomed
T044,23-24,45357,158,Open
T045,23-24,45357,158,Open
T046,23-24,45357,158,Open
T047,23-24,45357,158,Open
T048,23-24,45357,158,Open
T049,23-24,45357,158,Open
T050,23-24,45357,158,Groomed
T051,23-24,45357,158,Groomed
T052,23-24,45357,158,Groomed
T053,23-24,45357,158,Groomed
T054,23-24,45357,158,Groomed
T055,23-24,45357,158,Open
T056,23-24,45357,158,Open
T057,23-24,45357,158,Open
T058,23-24,45357,158,Open
T061,23-24,45357,158,Groomed
T062,23-24,45357,158,Groomed
T063,23-24,45357,158,Groomed
T064,23-24,45357,158,Open
T065,23-24,45357,158,Groomed
T066,23-24,45357,158,Groomed
T067,23-24,45357,158,Groomed
T068,23-24,45357,158,Open
T069,23-24,45357,158,Open
T070,23-24,45357,158,Open
T071,23-24,45357,158,Open
T072,23-24,45357,158,Open
T073,23-24,45357,158,Open
T074,23-24,45357,158,Open
T075,23-24,45357,158,Open
T076,23-24,45357,158,Open
T077,23-24,45357,158,Groomed
T078,23-24,45357,158,Groomed
T079,23-24,45357,158,Groomed
T080,23-24,45357,158,Open
T081,23-24,45357,158,Open
T082,23-24,45357,158,Open
T083,23-24,45357,158,Open
T084,23-24,45357,158,Open
T085,23-24,45357,158,Open
T086,23-24,45357,158,Open
T087,23-24,45357,158,Open
T088,23-24,45357,158,Open
T089,23-24,45357,158,Open
T090,23-24,45357,158,Open
T091,23-24,45357,158,Open
T092,23-24,45357,158,Open
T107,23-24,45357,158,Groomed
T108,23-24,45357,158,Groomed
T109,23-24,45357,158,Groomed
T110,23-24,45357,158,Open
T111,23-24,45357,158,Open
T112,23-24,45357,158,Groomed
T113,23-24,45357,158,Open
T114,23-24,45357,158,Open
T115,23-24,45357,158,Open
T116,23-24,45357,158,Groomed
T117,23-24,45357,158,Open
T118,23-24,45357,158,Groomed
T119,23-24,45357,158,Open
T127,23-24,45357,158,Open
T128,23-24,45357,158,Open
T129,23-24,45357,158,Open
T130,23-24,45357,158,Open
T131,23-24,45357,158,Open
T132,23-24,45357,158,Open
T133,23-24,45357,158,Open
T136,23-24,45357,158,Open
T137,23-24,45357,158,Open
T148,23-24,45357,158,Open
T001,23-24,45358,159,Groomed
T002,23-24,45358,159,Groomed
T003,23-24,45358,159,Groomed
T004,23-24,45358,159,Groomed
T005,23-24,45358,159,Groomed
T006,23-24,45358,159,Open
T007,23-24,45358,159,Groomed
T008,23-24,45358,159,Groomed
T009,23-24,45358,159,Groomed
T010,23-24,45358,159,Groomed
T011,23-24,45358,159,Groomed
T012,23-24,45358,159,Groomed
T013,23-24,45358,159,Groomed
T014,23-24,45358,159,Groomed
T015,23-24,45358,159,Groomed
T016,23-24,45358,159,Open
T017,23-24,45358,159,Open
T018,23-24,45358,159,Groomed
T019,23-24,45358,159,Open
T020,23-24,45358,159,Groomed
T021,23-24,45358,159,Groomed
T022,23-24,45358,159,Groomed
T023,23-24,45358,159,Groomed
T024,23-24,45358,159,Open
T025,23-24,45358,159,Groomed
T026,23-24,45358,159,Open
T027,23-24,45358,159,Open
T028,23-24,45358,159,Groomed
T029,23-24,45358,159,Groomed
T030,23-24,45358,159,Groomed
T031,23-24,45358,159,Groomed
T032,23-24,45358,159,Open
T033,23-24,45358,159,Groomed
T034,23-24,45358,159,Groomed
T035,23-24,45358,159,Groomed
T036,23-24,45358,159,Groomed
T037,23-24,45358,159,Open
T038,23-24,45358,159,Open
T039,23-24,45358,159,Groomed
T040,23-24,45358,159,Groomed
T042,23-24,45358,159,Open
T043,23-24,45358,159,Groomed
T044,23-24,45358,159,Open
T045,23-24,45358,159,Open
T046,23-24,45358,159,Open
T047,23-24,45358,159,Open
T048,23-24,45358,159,Open
T049,23-24,45358,159,Open
T050,23-24,45358,159,Groomed
T051,23-24,45358,159,Groomed
T052,23-24,45358,159,Groomed
T053,23-24,45358,159,Groomed
T054,23-24,45358,159,Groomed
T055,23-24,45358,159,Open
T056,23-24,45358,159,Open
T057,23-24,45358,159,Open
T058,23-24,45358,159,Open
T061,23-24,45358,159,Groomed
T062,23-24,45358,159,Groomed
T063,23-24,45358,159,Groomed
T064,23-24,45358,159,Groomed
T065,23-24,45358,159,Groomed
T066,23-24,45358,159,Groomed
T067,23-24,45358,159,Groomed
T068,23-24,45358,159,Open
T069,23-24,45358,159,Open
T070,23-24,45358,159,Open
T071,23-24,45358,159,Open
T072,23-24,45358,159,Open
T073,23-24,45358,159,Open
T074,23-24,45358,159,Open
T075,23-24,45358,159,Open
T076,23-24,45358,159,Open
T077,23-24,45358,159,Groomed
T078,23-24,45358,159,Groomed
T079,23-24,45358,159,Groomed
T080,23-24,45358,159,Open
T081,23-24,45358,159,Open
T082,23-24,45358,159,Open
T083,23-24,45358,159,Open
T084,23-24,45358,159,Open
T085,23-24,45358,159,Open
T086,23-24,45358,159,Open
T087,23-24,45358,159,Open
T088,23-24,45358,159,Open
T089,23-24,45358,159,Open
T090,23-24,45358,159,Open
T091,23-24,45358,159,Open
T092,23-24,45358,159,Open
T107,23-24,45358,159,Groomed
T108,23-24,45358,159,Groomed
T109,23-24,45358,159,Groomed
T110,23-24,45358,159,Open
T111,23-24,45358,159,Open
T112,23-24,45358,159,Groomed
T113,23-24,45358,159,Open
T114,23-24,45358,159,Open
T115,23-24,45358,159,Open
T116,23-24,45358,159,Groomed
T117,23-24,45358,159,Open
T118,23-24,45358,159,Groomed
T119,23-24,45358,159,Open
T127,23-24,45358,159,Open
T128,23-24,45358,159,Open
T129,23-24,45358,159,Open
T130,23-24,45358,159,Open
T131,23-24,45358,159,Open
T132,23-24,45358,159,Open
T133,23-24,45358,159,Open
T136,23-24,45358,159,Open
T137,23-24,45358,159,Open
T148,23-24,45358,159,Open
T001,23-24,45359,160,Groomed
T002,23-24,45359,160,Groomed
T003,23-24,45359,160,Groomed
T004,23-24,45359,160,Groomed
T005,23-24,45359,160,Groomed
T006,23-24,45359,160,Groomed
T007,23-24,45359,160,Groomed
T008,23-24,45359,160,Groomed
T009,23-24,45359,160,Groomed
T010,23-24,45359,160,Groomed
T011,23-24,45359,160,Groomed
T012,23-24,45359,160,Groomed
T013,23-24,45359,160,Groomed
T014,23-24,45359,160,Groomed
T015,23-24,45359,160,Groomed
T016,23-24,45359,160,Open
T017,23-24,45359,160,Open
T018,23-24,45359,160,Groomed
T019,23-24,45359,160,Open
T020,23-24,45359,160,Groomed
T021,23-24,45359,160,Groomed
T022,23-24,45359,160,Groomed
T023,23-24,45359,160,Groomed
T024,23-24,45359,160,Open
T025,23-24,45359,160,Groomed
T026,23-24,45359,160,Groomed
T027,23-24,45359,160,Open
T028,23-24,45359,160,Groomed
T029,23-24,45359,160,Groomed
T030,23-24,45359,160,Groomed
T031,23-24,45359,160,Groomed
T032,23-24,45359,160,Groomed
T033,23-24,45359,160,Groomed
T034,23-24,45359,160,Groomed
T035,23-24,45359,160,Open
T036,23-24,45359,160,Groomed
T037,23-24,45359,160,Open
T038,23-24,45359,160,Groomed
T039,23-24,45359,160,Open
T040,23-24,45359,160,Groomed
T042,23-24,45359,160,Open
T043,23-24,45359,160,Groomed
T044,23-24,45359,160,Open
T045,23-24,45359,160,Open
T046,23-24,45359,160,Open
T047,23-24,45359,160,Open
T048,23-24,45359,160,Open
T049,23-24,45359,160,Groomed
T050,23-24,45359,160,Groomed
T051,23-24,45359,160,Groomed
T052,23-24,45359,160,Groomed
T053,23-24,45359,160,Groomed
T054,23-24,45359,160,Groomed
T055,23-24,45359,160,Open
T056,23-24,45359,160,Open
T057,23-24,45359,160,Open
T058,23-24,45359,160,Open
T061,23-24,45359,160,Groomed
T062,23-24,45359,160,Groomed
T063,23-24,45359,160,Groomed
T064,23-24,45359,160,Open
T065,23-24,45359,160,Open
T066,23-24,45359,160,Groomed
T067,23-24,45359,160,Groomed
T068,23-24,45359,160,Open
T069,23-24,45359,160,Open
T070,23-24,45359,160,Open
T071,23-24,45359,160,Open
T072,23-24,45359,160,Open
T073,23-24,45359,160,Open
T074,23-24,45359,160,Open
T075,23-24,45359,160,Open
T076,23-24,45359,160,Open
T077,23-24,45359,160,Groomed
T078,23-24,45359,160,Groomed
T079,23-24,45359,160,Groomed
T080,23-24,45359,160,Open
T081,23-24,45359,160,Open
T082,23-24,45359,160,Open
T083,23-24,45359,160,Open
T084,23-24,45359,160,Open
T085,23-24,45359,160,Open
T086,23-24,45359,160,Open
T087,23-24,45359,160,Open
T088,23-24,45359,160,Open
T089,23-24,45359,160,Open
T090,23-24,45359,160,Open
T091,23-24,45359,160,Open
T092,23-24,45359,160,Open
T107,23-24,45359,160,Groomed
T108,23-24,45359,160,Groomed
T109,23-24,45359,160,Groomed
T110,23-24,45359,160,Open
T111,23-24,45359,160,Open
T112,23-24,45359,160,Groomed
T113,23-24,45359,160,Open
T114,23-24,45359,160,Open
T115,23-24,45359,160,Open
T116,23-24,45359,160,Groomed
T117,23-24,45359,160,Open
T118,23-24,45359,160,Groomed
T119,23-24,45359,160,Open
T127,23-24,45359,160,Open
T128,23-24,45359,160,Open
T129,23-24,45359,160,Open
T130,23-24,45359,160,Open
T131,23-24,45359,160,Open
T132,23-24,45359,160,Open
T133,23-24,45359,160,Open
T136,23-24,45359,160,Open
T137,23-24,45359,160,Open
T148,23-24,45359,160,Open
T001,23-24,45360,161,Groomed
T002,23-24,45360,161,Groomed
T003,23-24,45360,161,Groomed
T004,23-24,45360,161,Groomed
T005,23-24,45360,161,Groomed
T006,23-24,45360,161,Groomed
T007,23-24,45360,161,Groomed
T008,23-24,45360,161,Groomed
T009,23-24,45360,161,Groomed
T010,23-24,45360,161,Open
T011,23-24,45360,161,Groomed
T012,23-24,45360,161,Groomed
T013,23-24,45360,161,Groomed
T014,23-24,45360,161,Groomed
T015,23-24,45360,161,Groomed
T016,23-24,45360,161,Open
T017,23-24,45360,161,Open
T018,23-24,45360,161,Groomed
T019,23-24,45360,161,Open
T020,23-24,45360,161,Groomed
T021,23-24,45360,161,Groomed
T022,23-24,45360,161,Groomed
T023,23-24,45360,161,Groomed
T024,23-24,45360,161,Open
T025,23-24,45360,161,Groomed
T026,23-24,45360,161,Groomed
T027,23-24,45360,161,Groomed
T028,23-24,45360,161,Groomed
T029,23-24,45360,161,Groomed
T030,23-24,45360,161,Groomed
T031,23-24,45360,161,Groomed
T032,23-24,45360,161,Groomed
T033,23-24,45360,161,Groomed
T034,23-24,45360,161,Groomed
T035,23-24,45360,161,Open
T036,23-24,45360,161,Groomed
T037,23-24,45360,161,Groomed
T038,23-24,45360,161,Groomed
T039,23-24,45360,161,Groomed
T040,23-24,45360,161,Groomed
T042,23-24,45360,161,Open
T043,23-24,45360,161,Groomed
T044,23-24,45360,161,Open
T045,23-24,45360,161,Open
T046,23-24,45360,161,Open
T047,23-24,45360,161,Open
T048,23-24,45360,161,Open
T049,23-24,45360,161,Open
T050,23-24,45360,161,Groomed
T051,23-24,45360,161,Groomed
T052,23-24,45360,161,Groomed
T053,23-24,45360,161,Groomed
T054,23-24,45360,161,Groomed
T055,23-24,45360,161,Open
T056,23-24,45360,161,Open
T057,23-24,45360,161,Open
T058,23-24,45360,161,Open
T061,23-24,45360,161,Groomed
T062,23-24,45360,161,Groomed
T063,23-24,45360,161,Groomed
T064,23-24,45360,161,Groomed
T065,23-24,45360,161,Groomed
T066,23-24,45360,161,Groomed
T067,23-24,45360,161,Groomed
T068,23-24,45360,161,Open
T069,23-24,45360,161,Open
T070,23-24,45360,161,Open
T071,23-24,45360,161,Open
T072,23-24,45360,161,Open
T073,23-24,45360,161,Open
T074,23-24,45360,161,Open
T075,23-24,45360,161,Open
T076,23-24,45360,161,Open
T077,23-24,45360,161,Groomed
T078,23-24,45360,161,Groomed
T079,23-24,45360,161,Groomed
T080,23-24,45360,161,Open
T081,23-24,45360,161,Open
T082,23-24,45360,161,Open
T083,23-24,45360,161,Open
T084,23-24,45360,161,Open
T085,23-24,45360,161,Open
T086,23-24,45360,161,Open
T087,23-24,45360,161,Open
T088,23-24,45360,161,Open
T089,23-24,45360,161,Open
T090,23-24,45360,161,Open
T091,23-24,45360,161,Open
T092,23-24,45360,161,Open
T107,23-24,45360,161,Groomed
T108,23-24,45360,161,Groomed
T109,23-24,45360,161,Groomed
T110,23-24,45360,161,Open
T111,23-24,45360,161,Open
T112,23-24,45360,161,Groomed
T113,23-24,45360,161,Open
T114,23-24,45360,161,Open
T115,23-24,45360,161,Open
T116,23-24,45360,161,Groomed
T117,23-24,45360,161,Open
T118,23-24,45360,161,Groomed
T119,23-24,45360,161,Open
T127,23-24,45360,161,Open
T128,23-24,45360,161,Open
T129,23-24,45360,161,Open
T130,23-24,45360,161,Open
T131,23-24,45360,161,Open
T132,23-24,45360,161,Open
T133,23-24,45360,161,Open
T136,23-24,45360,161,Open
T137,23-24,45360,161,Open
T148,23-24,45360,161,Open
T001,23-24,45361,162,Groomed
T002,23-24,45361,162,Groomed
T003,23-24,45361,162,Groomed
T004,23-24,45361,162,Groomed
T005,23-24,45361,162,Groomed
T006,23-24,45361,162,Groomed
T007,23-24,45361,162,Groomed
T008,23-24,45361,162,Groomed
T009,23-24,45361,162,Groomed
T010,23-24,45361,162,Open
T011,23-24,45361,162,Groomed
T012,23-24,45361,162,Groomed
T013,23-24,45361,162,Groomed
T014,23-24,45361,162,Groomed
T015,23-24,45361,162,Groomed
T016,23-24,45361,162,Open
T017,23-24,45361,162,Open
T018,23-24,45361,162,Groomed
T019,23-24,45361,162,Open
T020,23-24,45361,162,Groomed
T021,23-24,45361,162,Groomed
T022,23-24,45361,162,Groomed
T023,23-24,45361,162,Groomed
T024,23-24,45361,162,Open
T025,23-24,45361,162,Groomed
T026,23-24,45361,162,Groomed
T027,23-24,45361,162,Groomed
T028,23-24,45361,162,Groomed
T029,23-24,45361,162,Groomed
T030,23-24,45361,162,Groomed
T031,23-24,45361,162,Groomed
T032,23-24,45361,162,Groomed
T033,23-24,45361,162,Groomed
T034,23-24,45361,162,Groomed
T035,23-24,45361,162,Open
T036,23-24,45361,162,Groomed
T037,23-24,45361,162,Groomed
T038,23-24,45361,162,Groomed
T039,23-24,45361,162,Groomed
T040,23-24,45361,162,Groomed
T042,23-24,45361,162,Open
T043,23-24,45361,162,Groomed
T044,23-24,45361,162,Open
T045,23-24,45361,162,Open
T046,23-24,45361,162,Open
T047,23-24,45361,162,Open
T048,23-24,45361,162,Open
T049,23-24,45361,162,Open
T050,23-24,45361,162,Groomed
T051,23-24,45361,162,Groomed
T052,23-24,45361,162,Groomed
T053,23-24,45361,162,Groomed
T054,23-24,45361,162,Groomed
T055,23-24,45361,162,Open
T056,23-24,45361,162,Open
T057,23-24,45361,162,Open
T058,23-24,45361,162,Open
T061,23-24,45361,162,Groomed
T062,23-24,45361,162,Groomed
T063,23-24,45361,162,Groomed
T064,23-24,45361,162,Groomed
T065,23-24,45361,162,Groomed
T066,23-24,45361,162,Groomed
T067,23-24,45361,162,Groomed
T068,23-24,45361,162,Open
T069,23-24,45361,162,Open
T070,23-24,45361,162,Open
T071,23-24,45361,162,Open
T072,23-24,45361,162,Open
T073,23-24,45361,162,Open
T074,23-24,45361,162,Open
T075,23-24,45361,162,Open
T076,23-24,45361,162,Open
T077,23-24,45361,162,Groomed
T078,23-24,45361,162,Groomed
T079,23-24,45361,162,Groomed
T080,23-24,45361,162,Open
T081,23-24,45361,162,Open
T082,23-24,45361,162,Open
T083,23-24,45361,162,Open
T084,23-24,45361,162,Open
T085,23-24,45361,162,Open
T086,23-24,45361,162,Open
T087,23-24,45361,162,Open
T088,23-24,45361,162,Open
T089,23-24,45361,162,Open
T090,23-24,45361,162,Open
T091,23-24,45361,162,Open
T092,23-24,45361,162,Open
T107,23-24,45361,162,Groomed
T108,23-24,45361,162,Groomed
T109,23-24,45361,162,Groomed
T110,23-24,45361,162,Open
T111,23-24,45361,162,Open
T112,23-24,45361,162,Groomed
T113,23-24,45361,162,Open
T114,23-24,45361,162,Open
T115,23-24,45361,162,Open
T116,23-24,45361,162,Groomed
T117,23-24,45361,162,Open
T118,23-24,45361,162,Groomed
T119,23-24,45361,162,Open
T127,23-24,45361,162,Open
T128,23-24,45361,162,Open
T129,23-24,45361,162,Open
T130,23-24,45361,162,Open
T131,23-24,45361,162,Open
T132,23-24,45361,162,Open
T133,23-24,45361,162,Open
T136,23-24,45361,162,Open
T137,23-24,45361,162,Open
T148,23-24,45361,162,Open
T001,23-24,45362,163,Groomed
T002,23-24,45362,163,Groomed
T003,23-24,45362,163,Groomed
T004,23-24,45362,163,Groomed
T005,23-24,45362,163,Groomed
T006,23-24,45362,163,Open
T007,23-24,45362,163,Groomed
T008,23-24,45362,163,Groomed
T009,23-24,45362,163,Groomed
T010,23-24,45362,163,Open
T011,23-24,45362,163,Groomed
T012,23-24,45362,163,Groomed
T013,23-24,45362,163,Groomed
T014,23-24,45362,163,Groomed
T015,23-24,45362,163,Groomed
T016,23-24,45362,163,Open
T017,23-24,45362,163,Open
T018,23-24,45362,163,Groomed
T019,23-24,45362,163,Open
T020,23-24,45362,163,Open
T021,23-24,45362,163,Groomed
T022,23-24,45362,163,Groomed
T023,23-24,45362,163,Groomed
T024,23-24,45362,163,Open
T025,23-24,45362,163,Groomed
T026,23-24,45362,163,Open
T027,23-24,45362,163,Open
T028,23-24,45362,163,Groomed
T029,23-24,45362,163,Groomed
T030,23-24,45362,163,Groomed
T031,23-24,45362,163,Groomed
T032,23-24,45362,163,Groomed
T033,23-24,45362,163,Groomed
T034,23-24,45362,163,Groomed
T035,23-24,45362,163,Open
T036,23-24,45362,163,Groomed
T037,23-24,45362,163,Groomed
T038,23-24,45362,163,Groomed
T039,23-24,45362,163,Groomed
T040,23-24,45362,163,Groomed
T042,23-24,45362,163,Open
T043,23-24,45362,163,Groomed
T044,23-24,45362,163,Open
T045,23-24,45362,163,Open
T046,23-24,45362,163,Open
T047,23-24,45362,163,Open
T048,23-24,45362,163,Open
T049,23-24,45362,163,Open
T050,23-24,45362,163,Groomed
T051,23-24,45362,163,Groomed
T052,23-24,45362,163,Groomed
T053,23-24,45362,163,Groomed
T054,23-24,45362,163,Groomed
T055,23-24,45362,163,Open
T056,23-24,45362,163,Open
T057,23-24,45362,163,Open
T058,23-24,45362,163,Open
T061,23-24,45362,163,Groomed
T062,23-24,45362,163,Groomed
T063,23-24,45362,163,Groomed
T064,23-24,45362,163,Groomed
T065,23-24,45362,163,Groomed
T066,23-24,45362,163,Groomed
T067,23-24,45362,163,Groomed
T068,23-24,45362,163,Open
T069,23-24,45362,163,Open
T070,23-24,45362,163,Open
T071,23-24,45362,163,Open
T072,23-24,45362,163,Open
T073,23-24,45362,163,Open
T074,23-24,45362,163,Open
T075,23-24,45362,163,Open
T076,23-24,45362,163,Open
T077,23-24,45362,163,Groomed
T078,23-24,45362,163,Groomed
T079,23-24,45362,163,Groomed
T080,23-24,45362,163,Open
T081,23-24,45362,163,Open
T082,23-24,45362,163,Open
T083,23-24,45362,163,Open
T084,23-24,45362,163,Open
T085,23-24,45362,163,Open
T086,23-24,45362,163,Open
T087,23-24,45362,163,Open
T088,23-24,45362,163,Open
T089,23-24,45362,163,Open
T090,23-24,45362,163,Open
T091,23-24,45362,163,Open
T092,23-24,45362,163,Open
T107,23-24,45362,163,Groomed
T108,23-24,45362,163,Groomed
T109,23-24,45362,163,Groomed
T110,23-24,45362,163,Open
T111,23-24,45362,163,Open
T112,23-24,45362,163,Groomed
T113,23-24,45362,163,Open
T114,23-24,45362,163,Open
T115,23-24,45362,163,Open
T116,23-24,45362,163,Groomed
T117,23-24,45362,163,Open
T118,23-24,45362,163,Groomed
T119,23-24,45362,163,Open
T127,23-24,45362,163,Open
T128,23-24,45362,163,Open
T129,23-24,45362,163,Open
T130,23-24,45362,163,Open
T131,23-24,45362,163,Open
T132,23-24,45362,163,Open
T133,23-24,45362,163,Open
T136,23-24,45362,163,Open
T137,23-24,45362,163,Open
T148,23-24,45362,163,Open
T001,23-24,45363,164,Groomed
T002,23-24,45363,164,Groomed
T003,23-24,45363,164,Groomed
T004,23-24,45363,164,Groomed
T005,23-24,45363,164,Groomed
T006,23-24,45363,164,Open
T007,23-24,45363,164,Groomed
T008,23-24,45363,164,Groomed
T009,23-24,45363,164,Groomed
T010,23-24,45363,164,Groomed
T011,23-24,45363,164,Groomed
T012,23-24,45363,164,Groomed
T013,23-24,45363,164,Groomed
T014,23-24,45363,164,Groomed
T015,23-24,45363,164,Groomed
T016,23-24,45363,164,Open
T017,23-24,45363,164,Open
T018,23-24,45363,164,Groomed
T019,23-24,45363,164,Open
T020,23-24,45363,164,Open
T021,23-24,45363,164,Groomed
T022,23-24,45363,164,Groomed
T023,23-24,45363,164,Groomed
T024,23-24,45363,164,Groomed
T025,23-24,45363,164,Groomed
T026,23-24,45363,164,Groomed
T027,23-24,45363,164,Groomed
T028,23-24,45363,164,Groomed
T029,23-24,45363,164,Groomed
T030,23-24,45363,164,Groomed
T031,23-24,45363,164,Groomed
T032,23-24,45363,164,Groomed
T033,23-24,45363,164,Groomed
T034,23-24,45363,164,Groomed
T035,23-24,45363,164,Open
T036,23-24,45363,164,Groomed
T037,23-24,45363,164,Groomed
T038,23-24,45363,164,Groomed
T039,23-24,45363,164,Open
T040,23-24,45363,164,Groomed
T042,23-24,45363,164,Open
T043,23-24,45363,164,Groomed
T044,23-24,45363,164,Open
T045,23-24,45363,164,Open
T046,23-24,45363,164,Open
T047,23-24,45363,164,Open
T048,23-24,45363,164,Open
T049,23-24,45363,164,Open
T050,23-24,45363,164,Groomed
T051,23-24,45363,164,Groomed
T052,23-24,45363,164,Groomed
T053,23-24,45363,164,Groomed
T054,23-24,45363,164,Groomed
T055,23-24,45363,164,Open
T056,23-24,45363,164,Open
T057,23-24,45363,164,Open
T058,23-24,45363,164,Open
T061,23-24,45363,164,Groomed
T062,23-24,45363,164,Groomed
T063,23-24,45363,164,Groomed
T064,23-24,45363,164,Groomed
T065,23-24,45363,164,Groomed
T066,23-24,45363,164,Groomed
T067,23-24,45363,164,Groomed
T068,23-24,45363,164,Open
T069,23-24,45363,164,Open
T070,23-24,45363,164,Open
T071,23-24,45363,164,Open
T072,23-24,45363,164,Open
T073,23-24,45363,164,Open
T074,23-24,45363,164,Open
T075,23-24,45363,164,Open
T076,23-24,45363,164,Open
T077,23-24,45363,164,Groomed
T078,23-24,45363,164,Groomed
T079,23-24,45363,164,Groomed
T080,23-24,45363,164,Open
T081,23-24,45363,164,Open
T082,23-24,45363,164,Open
T083,23-24,45363,164,Open
T084,23-24,45363,164,Open
T085,23-24,45363,164,Open
T086,23-24,45363,164,Open
T087,23-24,45363,164,Open
T088,23-24,45363,164,Open
T089,23-24,45363,164,Open
T090,23-24,45363,164,Open
T091,23-24,45363,164,Open
T092,23-24,45363,164,Open
T107,23-24,45363,164,Groomed
T108,23-24,45363,164,Groomed
T109,23-24,45363,164,Groomed
T110,23-24,45363,164,Open
T111,23-24,45363,164,Open
T112,23-24,45363,164,Groomed
T113,23-24,45363,164,Open
T114,23-24,45363,164,Open
T115,23-24,45363,164,Open
T116,23-24,45363,164,Groomed
T117,23-24,45363,164,Open
T118,23-24,45363,164,Groomed
T119,23-24,45363,164,Open
T127,23-24,45363,164,Open
T128,23-24,45363,164,Open
T129,23-24,45363,164,Open
T130,23-24,45363,164,Open
T131,23-24,45363,164,Open
T132,23-24,45363,164,Open
T133,23-24,45363,164,Open
T136,23-24,45363,164,Open
T137,23-24,45363,164,Open
T148,23-24,45363,164,Open
T001,23-24,45364,165,Groomed
T002,23-24,45364,165,Groomed
T003,23-24,45364,165,Groomed
T004,23-24,45364,165,Groomed
T005,23-24,45364,165,Groomed
T006,23-24,45364,165,Groomed
T007,23-24,45364,165,Groomed
T008,23-24,45364,165,Groomed
T009,23-24,45364,165,Groomed
T010,23-24,45364,165,Groomed
T011,23-24,45364,165,Groomed
T012,23-24,45364,165,Groomed
T013,23-24,45364,165,Groomed
T014,23-24,45364,165,Groomed
T015,23-24,45364,165,Groomed
T016,23-24,45364,165,Open
T017,23-24,45364,165,Open
T018,23-24,45364,165,Groomed
T019,23-24,45364,165,Open
T020,23-24,45364,165,Groomed
T021,23-24,45364,165,Groomed
T022,23-24,45364,165,Groomed
T023,23-24,45364,165,Groomed
T024,23-24,45364,165,Open
T025,23-24,45364,165,Groomed
T026,23-24,45364,165,Groomed
T027,23-24,45364,165,Open
T028,23-24,45364,165,Groomed
T029,23-24,45364,165,Groomed
T030,23-24,45364,165,Groomed
T031,23-24,45364,165,Groomed
T032,23-24,45364,165,Groomed
T033,23-24,45364,165,Groomed
T034,23-24,45364,165,Groomed
T035,23-24,45364,165,Open
T036,23-24,45364,165,Groomed
T037,23-24,45364,165,Open
T038,23-24,45364,165,Open
T039,23-24,45364,165,Open
T040,23-24,45364,165,Groomed
T042,23-24,45364,165,Open
T043,23-24,45364,165,Groomed
T044,23-24,45364,165,Open
T045,23-24,45364,165,Open
T046,23-24,45364,165,Open
T047,23-24,45364,165,Open
T048,23-24,45364,165,Open
T049,23-24,45364,165,Open
T050,23-24,45364,165,Groomed
T051,23-24,45364,165,Groomed
T052,23-24,45364,165,Groomed
T053,23-24,45364,165,Groomed
T054,23-24,45364,165,Groomed
T055,23-24,45364,165,Open
T056,23-24,45364,165,Open
T057,23-24,45364,165,Open
T058,23-24,45364,165,Open
T061,23-24,45364,165,Groomed
T062,23-24,45364,165,Groomed
T063,23-24,45364,165,Groomed
T064,23-24,45364,165,Groomed
T065,23-24,45364,165,Groomed
T066,23-24,45364,165,Groomed
T067,23-24,45364,165,Groomed
T068,23-24,45364,165,Open
T069,23-24,45364,165,Open
T070,23-24,45364,165,Open
T071,23-24,45364,165,Open
T072,23-24,45364,165,Open
T073,23-24,45364,165,Open
T074,23-24,45364,165,Open
T075,23-24,45364,165,Open
T076,23-24,45364,165,Open
T077,23-24,45364,165,Groomed
T078,23-24,45364,165,Groomed
T079,23-24,45364,165,Groomed
T080,23-24,45364,165,Open
T081,23-24,45364,165,Open
T082,23-24,45364,165,Open
T083,23-24,45364,165,Open
T084,23-24,45364,165,Open
T085,23-24,45364,165,Open
T086,23-24,45364,165,Open
T087,23-24,45364,165,Open
T088,23-24,45364,165,Open
T089,23-24,45364,165,Open
T090,23-24,45364,165,Open
T091,23-24,45364,165,Open
T092,23-24,45364,165,Open
T107,23-24,45364,165,Groomed
T108,23-24,45364,165,Groomed
T109,23-24,45364,165,Groomed
T110,23-24,45364,165,Open
T111,23-24,45364,165,Open
T112,23-24,45364,165,Groomed
T113,23-24,45364,165,Open
T114,23-24,45364,165,Open
T115,23-24,45364,165,Open
T116,23-24,45364,165,Groomed
T117,23-24,45364,165,Open
T118,23-24,45364,165,Groomed
T119,23-24,45364,165,Open
T127,23-24,45364,165,Open
T128,23-24,45364,165,Open
T129,23-24,45364,165,Open
T130,23-24,45364,165,Open
T131,23-24,45364,165,Open
T132,23-24,45364,165,Open
T133,23-24,45364,165,Open
T136,23-24,45364,165,Open
T137,23-24,45364,165,Open
T148,23-24,45364,165,Open
T001,23-24,45365,166,Groomed
T002,23-24,45365,166,Groomed
T003,23-24,45365,166,Groomed
T004,23-24,45365,166,Groomed
T005,23-24,45365,166,Groomed
T006,23-24,45365,166,Open
T007,23-24,45365,166,Groomed
T008,23-24,45365,166,Groomed
T009,23-24,45365,166,Groomed
T010,23-24,45365,166,Groomed
T011,23-24,45365,166,Groomed
T012,23-24,45365,166,Groomed
T013,23-24,45365,166,Groomed
T014,23-24,45365,166,Groomed
T015,23-24,45365,166,Groomed
T016,23-24,45365,166,Open
T017,23-24,45365,166,Open
T018,23-24,45365,166,Groomed
T019,23-24,45365,166,Open
T020,23-24,45365,166,Groomed
T021,23-24,45365,166,Groomed
T022,23-24,45365,166,Groomed
T023,23-24,45365,166,Groomed
T024,23-24,45365,166,Open
T025,23-24,45365,166,Groomed
T026,23-24,45365,166,Groomed
T027,23-24,45365,166,Groomed
T028,23-24,45365,166,Groomed
T029,23-24,45365,166,Groomed
T030,23-24,45365,166,Groomed
T031,23-24,45365,166,Groomed
T032,23-24,45365,166,Groomed
T033,23-24,45365,166,Groomed
T034,23-24,45365,166,Groomed
T035,23-24,45365,166,Open
T036,23-24,45365,166,Groomed
T037,23-24,45365,166,Open
T038,23-24,45365,166,Open
T039,23-24,45365,166,Groomed
T040,23-24,45365,166,Groomed
T042,23-24,45365,166,Open
T043,23-24,45365,166,Groomed
T044,23-24,45365,166,Open
T045,23-24,45365,166,Open
T046,23-24,45365,166,Open
T047,23-24,45365,166,Open
T048,23-24,45365,166,Open
T049,23-24,45365,166,Open
T050,23-24,45365,166,Groomed
T051,23-24,45365,166,Groomed
T052,23-24,45365,166,Groomed
T053,23-24,45365,166,Groomed
T054,23-24,45365,166,Groomed
T055,23-24,45365,166,Open
T056,23-24,45365,166,Open
T057,23-24,45365,166,Open
T058,23-24,45365,166,Open
T061,23-24,45365,166,Groomed
T062,23-24,45365,166,Groomed
T063,23-24,45365,166,Groomed
T064,23-24,45365,166,Groomed
T065,23-24,45365,166,Groomed
T066,23-24,45365,166,Groomed
T067,23-24,45365,166,Groomed
T068,23-24,45365,166,Open
T069,23-24,45365,166,Open
T070,23-24,45365,166,Open
T071,23-24,45365,166,Open
T072,23-24,45365,166,Open
T073,23-24,45365,166,Open
T074,23-24,45365,166,Open
T075,23-24,45365,166,Open
T076,23-24,45365,166,Open
T077,23-24,45365,166,Groomed
T078,23-24,45365,166,Groomed
T079,23-24,45365,166,Groomed
T080,23-24,45365,166,Open
T081,23-24,45365,166,Open
T082,23-24,45365,166,Open
T083,23-24,45365,166,Open
T084,23-24,45365,166,Open
T085,23-24,45365,166,Open
T086,23-24,45365,166,Open
T087,23-24,45365,166,Open
T088,23-24,45365,166,Open
T089,23-24,45365,166,Open
T090,23-24,45365,166,Open
T091,23-24,45365,166,Open
T092,23-24,45365,166,Open
T107,23-24,45365,166,Groomed
T108,23-24,45365,166,Groomed
T109,23-24,45365,166,Groomed
T110,23-24,45365,166,Open
T111,23-24,45365,166,Open
T112,23-24,45365,166,Groomed
T113,23-24,45365,166,Open
T114,23-24,45365,166,Open
T115,23-24,45365,166,Open
T116,23-24,45365,166,Groomed
T117,23-24,45365,166,Open
T118,23-24,45365,166,Groomed
T119,23-24,45365,166,Open
T127,23-24,45365,166,Open
T128,23-24,45365,166,Open
T129,23-24,45365,166,Open
T130,23-24,45365,166,Open
T131,23-24,45365,166,Open
T132,23-24,45365,166,Open
T133,23-24,45365,166,Open
T136,23-24,45365,166,Open
T137,23-24,45365,166,Open
T148,23-24,45365,166,Open
T001,23-24,45366,167,Groomed
T002,23-24,45366,167,Groomed
T003,23-24,45366,167,Groomed
T004,23-24,45366,167,Groomed
T005,23-24,45366,167,Groomed
T006,23-24,45366,167,Groomed
T007,23-24,45366,167,Groomed
T008,23-24,45366,167,Groomed
T009,23-24,45366,167,Groomed
T010,23-24,45366,167,Groomed
T011,23-24,45366,167,Groomed
T012,23-24,45366,167,Groomed
T013,23-24,45366,167,Groomed
T014,23-24,45366,167,Groomed
T015,23-24,45366,167,Groomed
T016,23-24,45366,167,Open
T017,23-24,45366,167,Open
T018,23-24,45366,167,Groomed
T019,23-24,45366,167,Open
T020,23-24,45366,167,Open
T021,23-24,45366,167,Groomed
T022,23-24,45366,167,Groomed
T023,23-24,45366,167,Groomed
T024,23-24,45366,167,Open
T025,23-24,45366,167,Groomed
T026,23-24,45366,167,Open
T027,23-24,45366,167,Open
T028,23-24,45366,167,Groomed
T029,23-24,45366,167,Groomed
T030,23-24,45366,167,Groomed
T031,23-24,45366,167,Groomed
T032,23-24,45366,167,Open
T033,23-24,45366,167,Open
T034,23-24,45366,167,Groomed
T035,23-24,45366,167,Open
T036,23-24,45366,167,Groomed
T037,23-24,45366,167,Open
T038,23-24,45366,167,Open
T039,23-24,45366,167,Open
T040,23-24,45366,167,Groomed
T042,23-24,45366,167,Open
T043,23-24,45366,167,Groomed
T044,23-24,45366,167,Open
T045,23-24,45366,167,Open
T046,23-24,45366,167,Open
T047,23-24,45366,167,Open
T048,23-24,45366,167,Open
T049,23-24,45366,167,Open
T050,23-24,45366,167,Groomed
T051,23-24,45366,167,Groomed
T052,23-24,45366,167,Groomed
T053,23-24,45366,167,Groomed
T054,23-24,45366,167,Groomed
T055,23-24,45366,167,Open
T056,23-24,45366,167,Open
T057,23-24,45366,167,Open
T058,23-24,45366,167,Open
T061,23-24,45366,167,Groomed
T062,23-24,45366,167,Groomed
T063,23-24,45366,167,Groomed
T064,23-24,45366,167,Groomed
T065,23-24,45366,167,Open
T066,23-24,45366,167,Groomed
T067,23-24,45366,167,Groomed
T068,23-24,45366,167,Open
T069,23-24,45366,167,Open
T070,23-24,45366,167,Open
T071,23-24,45366,167,Open
T072,23-24,45366,167,Open
T073,23-24,45366,167,Open
T074,23-24,45366,167,Open
T075,23-24,45366,167,Open
T076,23-24,45366,167,Open
T077,23-24,45366,167,Groomed
T078,23-24,45366,167,Groomed
T079,23-24,45366,167,Groomed
T080,23-24,45366,167,Open
T081,23-24,45366,167,Open
T082,23-24,45366,167,Open
T083,23-24,45366,167,Open
T084,23-24,45366,167,Open
T085,23-24,45366,167,Open
T086,23-24,45366,167,Open
T087,23-24,45366,167,Open
T088,23-24,45366,167,Open
T089,23-24,45366,167,Open
T090,23-24,45366,167,Open
T091,23-24,45366,167,Open
T092,23-24,45366,167,Open
T107,23-24,45366,167,Groomed
T108,23-24,45366,167,Groomed
T109,23-24,45366,167,Groomed
T110,23-24,45366,167,Open
T111,23-24,45366,167,Open
T112,23-24,45366,167,Groomed
T113,23-24,45366,167,Open
T114,23-24,45366,167,Open
T115,23-24,45366,167,Open
T116,23-24,45366,167,Groomed
T117,23-24,45366,167,Open
T118,23-24,45366,167,Groomed
T119,23-24,45366,167,Open
T127,23-24,45366,167,Open
T128,23-24,45366,167,Open
T129,23-24,45366,167,Open
T130,23-24,45366,167,Open
T131,23-24,45366,167,Open
T132,23-24,45366,167,Open
T133,23-24,45366,167,Open
T136,23-24,45366,167,Open
T137,23-24,45366,167,Open
T148,23-24,45366,167,Open
T001,23-24,45367,168,Groomed
T002,23-24,45367,168,Groomed
T003,23-24,45367,168,Groomed
T004,23-24,45367,168,Groomed
T005,23-24,45367,168,Groomed
T006,23-24,45367,168,Open
T007,23-24,45367,168,Groomed
T008,23-24,45367,168,Groomed
T009,23-24,45367,168,Groomed
T010,23-24,45367,168,Open
T011,23-24,45367,168,Groomed
T012,23-24,45367,168,Groomed
T013,23-24,45367,168,Groomed
T014,23-24,45367,168,Groomed
T015,23-24,45367,168,Groomed
T016,23-24,45367,168,Open
T017,23-24,45367,168,Open
T018,23-24,45367,168,Groomed
T019,23-24,45367,168,Open
T020,23-24,45367,168,Open
T021,23-24,45367,168,Groomed
T022,23-24,45367,168,Groomed
T023,23-24,45367,168,Groomed
T024,23-24,45367,168,Open
T025,23-24,45367,168,Groomed
T026,23-24,45367,168,Open
T027,23-24,45367,168,Open
T028,23-24,45367,168,Groomed
T029,23-24,45367,168,Groomed
T030,23-24,45367,168,Groomed
T031,23-24,45367,168,Groomed
T032,23-24,45367,168,Groomed
T033,23-24,45367,168,Groomed
T034,23-24,45367,168,Groomed
T035,23-24,45367,168,Open
T036,23-24,45367,168,Groomed
T037,23-24,45367,168,Open
T038,23-24,45367,168,Open
T039,23-24,45367,168,Open
T040,23-24,45367,168,Groomed
T042,23-24,45367,168,Open
T043,23-24,45367,168,Groomed
T044,23-24,45367,168,Open
T045,23-24,45367,168,Open
T046,23-24,45367,168,Open
T047,23-24,45367,168,Open
T048,23-24,45367,168,Open
T049,23-24,45367,168,Open
T050,23-24,45367,168,Groomed
T051,23-24,45367,168,Groomed
T052,23-24,45367,168,Groomed
T053,23-24,45367,168,Groomed
T054,23-24,45367,168,Groomed
T055,23-24,45367,168,Open
T056,23-24,45367,168,Open
T057,23-24,45367,168,Open
T058,23-24,45367,168,Open
T061,23-24,45367,168,Groomed
T062,23-24,45367,168,Groomed
T063,23-24,45367,168,Groomed
T064,23-24,45367,168,Groomed
T065,23-24,45367,168,Open
T066,23-24,45367,168,Groomed
T067,23-24,45367,168,Groomed
T068,23-24,45367,168,Open
T069,23-24,45367,168,Open
T070,23-24,45367,168,Open
T071,23-24,45367,168,Open
T072,23-24,45367,168,Open
T073,23-24,45367,168,Open
T074,23-24,45367,168,Open
T075,23-24,45367,168,Open
T076,23-24,45367,168,Open
T077,23-24,45367,168,Groomed
T078,23-24,45367,168,Groomed
T079,23-24,45367,168,Open
T080,23-24,45367,168,Open
T081,23-24,45367,168,Open
T082,23-24,45367,168,Open
T083,23-24,45367,168,Open
T084,23-24,45367,168,Open
T085,23-24,45367,168,Open
T086,23-24,45367,168,Open
T087,23-24,45367,168,Open
T088,23-24,45367,168,Open
T089,23-24,45367,168,Open
T090,23-24,45367,168,Open
T091,23-24,45367,168,Open
T092,23-24,45367,168,Open
T107,23-24,45367,168,Groomed
T108,23-24,45367,168,Groomed
T109,23-24,45367,168,Groomed
T110,23-24,45367,168,Open
T111,23-24,45367,168,Open
T112,23-24,45367,168,Groomed
T113,23-24,45367,168,Open
T114,23-24,45367,168,Open
T115,23-24,45367,168,Open
T116,23-24,45367,168,Groomed
T117,23-24,45367,168,Open
T118,23-24,45367,168,Groomed
T119,23-24,45367,168,Open
T127,23-24,45367,168,Open
T128,23-24,45367,168,Open
T129,23-24,45367,168,Open
T130,23-24,45367,168,Open
T131,23-24,45367,168,Open
T132,23-24,45367,168,Open
T133,23-24,45367,168,Open
T136,23-24,45367,168,Open
T137,23-24,45367,168,Open
T148,23-24,45367,168,Open
T001,23-24,45368,169,Groomed
T002,23-24,45368,169,Groomed
T003,23-24,45368,169,Groomed
T004,23-24,45368,169,Groomed
T005,23-24,45368,169,Groomed
T006,23-24,45368,169,Groomed
T007,23-24,45368,169,Groomed
T008,23-24,45368,169,Groomed
T009,23-24,45368,169,Groomed
T010,23-24,45368,169,Open
T011,23-24,45368,169,Groomed
T012,23-24,45368,169,Groomed
T013,23-24,45368,169,Groomed
T014,23-24,45368,169,Groomed
T015,23-24,45368,169,Groomed
T016,23-24,45368,169,Open
T017,23-24,45368,169,Open
T018,23-24,45368,169,Groomed
T019,23-24,45368,169,Open
T020,23-24,45368,169,Open
T021,23-24,45368,169,Groomed
T022,23-24,45368,169,Groomed
T023,23-24,45368,169,Groomed
T024,23-24,45368,169,Open
T025,23-24,45368,169,Groomed
T026,23-24,45368,169,Groomed
T027,23-24,45368,169,Groomed
T028,23-24,45368,169,Groomed
T029,23-24,45368,169,Groomed
T030,23-24,45368,169,Groomed
T031,23-24,45368,169,Groomed
T032,23-24,45368,169,Groomed
T033,23-24,45368,169,Groomed
T034,23-24,45368,169,Groomed
T035,23-24,45368,169,Open
T036,23-24,45368,169,Groomed
T037,23-24,45368,169,Open
T038,23-24,45368,169,Groomed
T039,23-24,45368,169,Open
T040,23-24,45368,169,Groomed
T042,23-24,45368,169,Open
T043,23-24,45368,169,Groomed
T044,23-24,45368,169,Open
T045,23-24,45368,169,Open
T046,23-24,45368,169,Open
T047,23-24,45368,169,Open
T048,23-24,45368,169,Open
T049,23-24,45368,169,Open
T050,23-24,45368,169,Groomed
T051,23-24,45368,169,Groomed
T052,23-24,45368,169,Groomed
T053,23-24,45368,169,Groomed
T054,23-24,45368,169,Groomed
T055,23-24,45368,169,Open
T056,23-24,45368,169,Open
T057,23-24,45368,169,Open
T058,23-24,45368,169,Open
T061,23-24,45368,169,Groomed
T062,23-24,45368,169,Groomed
T063,23-24,45368,169,Groomed
T064,23-24,45368,169,Groomed
T065,23-24,45368,169,Open
T066,23-24,45368,169,Groomed
T067,23-24,45368,169,Groomed
T068,23-24,45368,169,Open
T069,23-24,45368,169,Open
T070,23-24,45368,169,Open
T071,23-24,45368,169,Open
T072,23-24,45368,169,Open
T073,23-24,45368,169,Open
T074,23-24,45368,169,Open
T075,23-24,45368,169,Open
T076,23-24,45368,169,Open
T077,23-24,45368,169,Groomed
T078,23-24,45368,169,Groomed
T079,23-24,45368,169,Open
T080,23-24,45368,169,Open
T081,23-24,45368,169,Open
T082,23-24,45368,169,Open
T083,23-24,45368,169,Open
T084,23-24,45368,169,Open
T085,23-24,45368,169,Open
T086,23-24,45368,169,Open
T087,23-24,45368,169,Open
T088,23-24,45368,169,Open
T089,23-24,45368,169,Open
T090,23-24,45368,169,Open
T091,23-24,45368,169,Open
T092,23-24,45368,169,Open
T107,23-24,45368,169,Groomed
T108,23-24,45368,169,Groomed
T109,23-24,45368,169,Groomed
T110,23-24,45368,169,Open
T111,23-24,45368,169,Open
T112,23-24,45368,169,Groomed
T113,23-24,45368,169,Open
T114,23-24,45368,169,Open
T115,23-24,45368,169,Open
T116,23-24,45368,169,Groomed
T117,23-24,45368,169,Open
T118,23-24,45368,169,Groomed
T119,23-24,45368,169,Open
T127,23-24,45368,169,Open
T128,23-24,45368,169,Open
T129,23-24,45368,169,Open
T130,23-24,45368,169,Open
T131,23-24,45368,169,Open
T132,23-24,45368,169,Open
T133,23-24,45368,169,Open
T136,23-24,45368,169,Open
T137,23-24,45368,169,Open
T148,23-24,45368,169,Open
T001,23-24,45369,170,Groomed
T002,23-24,45369,170,Groomed
T003,23-24,45369,170,Groomed
T004,23-24,45369,170,Groomed
T005,23-24,45369,170,Groomed
T006,23-24,45369,170,Groomed
T007,23-24,45369,170,Groomed
T008,23-24,45369,170,Groomed
T009,23-24,45369,170,Groomed
T010,23-24,45369,170,Groomed
T011,23-24,45369,170,Groomed
T012,23-24,45369,170,Groomed
T013,23-24,45369,170,Groomed
T014,23-24,45369,170,Groomed
T015,23-24,45369,170,Groomed
T016,23-24,45369,170,Open
T017,23-24,45369,170,Open
T018,23-24,45369,170,Groomed
T019,23-24,45369,170,Open
T020,23-24,45369,170,Open
T021,23-24,45369,170,Groomed
T022,23-24,45369,170,Groomed
T023,23-24,45369,170,Groomed
T024,23-24,45369,170,Open
T025,23-24,45369,170,Groomed
T026,23-24,45369,170,Groomed
T027,23-24,45369,170,Groomed
T028,23-24,45369,170,Groomed
T029,23-24,45369,170,Groomed
T030,23-24,45369,170,Groomed
T031,23-24,45369,170,Groomed
T032,23-24,45369,170,Groomed
T033,23-24,45369,170,Groomed
T034,23-24,45369,170,Groomed
T035,23-24,45369,170,Open
T036,23-24,45369,170,Groomed
T037,23-24,45369,170,Open
T038,23-24,45369,170,Open
T039,23-24,45369,170,Groomed
T040,23-24,45369,170,Groomed
T042,23-24,45369,170,Open
T043,23-24,45369,170,Groomed
T044,23-24,45369,170,Open
T045,23-24,45369,170,Open
T046,23-24,45369,170,Open
T047,23-24,45369,170,Open
T048,23-24,45369,170,Open
T049,23-24,45369,170,Groomed
T050,23-24,45369,170,Groomed
T051,23-24,45369,170,Groomed
T052,23-24,45369,170,Groomed
T053,23-24,45369,170,Groomed
T054,23-24,45369,170,Groomed
T055,23-24,45369,170,Open
T056,23-24,45369,170,Open
T057,23-24,45369,170,Open
T058,23-24,45369,170,Open
T061,23-24,45369,170,Groomed
T062,23-24,45369,170,Groomed
T063,23-24,45369,170,Groomed
T064,23-24,45369,170,Groomed
T065,23-24,45369,170,Open
T066,23-24,45369,170,Groomed
T067,23-24,45369,170,Groomed
T068,23-24,45369,170,Open
T069,23-24,45369,170,Open
T070,23-24,45369,170,Open
T071,23-24,45369,170,Open
T072,23-24,45369,170,Open
T073,23-24,45369,170,Open
T074,23-24,45369,170,Open
T075,23-24,45369,170,Open
T076,23-24,45369,170,Open
T077,23-24,45369,170,Groomed
T078,23-24,45369,170,Groomed
T079,23-24,45369,170,Groomed
T080,23-24,45369,170,Open
T081,23-24,45369,170,Open
T082,23-24,45369,170,Open
T083,23-24,45369,170,Open
T084,23-24,45369,170,Open
T085,23-24,45369,170,Open
T086,23-24,45369,170,Open
T087,23-24,45369,170,Open
T088,23-24,45369,170,Open
T089,23-24,45369,170,Open
T090,23-24,45369,170,Open
T091,23-24,45369,170,Open
T092,23-24,45369,170,Open
T107,23-24,45369,170,Groomed
T108,23-24,45369,170,Groomed
T109,23-24,45369,170,Groomed
T110,23-24,45369,170,Open
T111,23-24,45369,170,Open
T112,23-24,45369,170,Groomed
T113,23-24,45369,170,Open
T114,23-24,45369,170,Open
T115,23-24,45369,170,Open
T116,23-24,45369,170,Groomed
T117,23-24,45369,170,Open
T118,23-24,45369,170,Groomed
T119,23-24,45369,170,Open
T127,23-24,45369,170,Open
T128,23-24,45369,170,Open
T129,23-24,45369,170,Open
T130,23-24,45369,170,Open
T131,23-24,45369,170,Open
T132,23-24,45369,170,Open
T133,23-24,45369,170,Open
T136,23-24,45369,170,Open
T137,23-24,45369,170,Open
T148,23-24,45369,170,Open
T001,23-24,45370,171,Groomed
T002,23-24,45370,171,Groomed
T003,23-24,45370,171,Groomed
T004,23-24,45370,171,Groomed
T005,23-24,45370,171,Groomed
T006,23-24,45370,171,Groomed
T007,23-24,45370,171,Groomed
T008,23-24,45370,171,Groomed
T009,23-24,45370,171,Groomed
T010,23-24,45370,171,Groomed
T011,23-24,45370,171,Groomed
T012,23-24,45370,171,Groomed
T013,23-24,45370,171,Groomed
T014,23-24,45370,171,Groomed
T015,23-24,45370,171,Groomed
T016,23-24,45370,171,Open
T017,23-24,45370,171,Open
T018,23-24,45370,171,Groomed
T019,23-24,45370,171,Open
T020,23-24,45370,171,Open
T021,23-24,45370,171,Groomed
T022,23-24,45370,171,Groomed
T023,23-24,45370,171,Groomed
T024,23-24,45370,171,Open
T025,23-24,45370,171,Groomed
T026,23-24,45370,171,Groomed
T027,23-24,45370,171,Groomed
T028,23-24,45370,171,Groomed
T029,23-24,45370,171,Groomed
T030,23-24,45370,171,Groomed
T031,23-24,45370,171,Groomed
T032,23-24,45370,171,Groomed
T033,23-24,45370,171,Groomed
T034,23-24,45370,171,Groomed
T035,23-24,45370,171,Open
T036,23-24,45370,171,Groomed
T037,23-24,45370,171,Open
T038,23-24,45370,171,Open
T039,23-24,45370,171,Groomed
T040,23-24,45370,171,Groomed
T042,23-24,45370,171,Open
T043,23-24,45370,171,Groomed
T044,23-24,45370,171,Open
T045,23-24,45370,171,Open
T046,23-24,45370,171,Open
T047,23-24,45370,171,Open
T048,23-24,45370,171,Open
T049,23-24,45370,171,Open
T050,23-24,45370,171,Groomed
T051,23-24,45370,171,Groomed
T052,23-24,45370,171,Groomed
T053,23-24,45370,171,Groomed
T054,23-24,45370,171,Groomed
T055,23-24,45370,171,Open
T056,23-24,45370,171,Open
T057,23-24,45370,171,Open
T058,23-24,45370,171,Open
T061,23-24,45370,171,Groomed
T062,23-24,45370,171,Groomed
T063,23-24,45370,171,Groomed
T064,23-24,45370,171,Groomed
T065,23-24,45370,171,Open
T066,23-24,45370,171,Groomed
T067,23-24,45370,171,Groomed
T068,23-24,45370,171,Open
T069,23-24,45370,171,Open
T070,23-24,45370,171,Open
T071,23-24,45370,171,Open
T072,23-24,45370,171,Open
T073,23-24,45370,171,Open
T074,23-24,45370,171,Open
T075,23-24,45370,171,Open
T076,23-24,45370,171,Open
T077,23-24,45370,171,Groomed
T078,23-24,45370,171,Groomed
T079,23-24,45370,171,Groomed
T080,23-24,45370,171,Open
T081,23-24,45370,171,Open
T082,23-24,45370,171,Open
T083,23-24,45370,171,Open
T084,23-24,45370,171,Open
T085,23-24,45370,171,Open
T086,23-24,45370,171,Open
T087,23-24,45370,171,Open
T088,23-24,45370,171,Open
T089,23-24,45370,171,Open
T090,23-24,45370,171,Open
T091,23-24,45370,171,Open
T092,23-24,45370,171,Open
T107,23-24,45370,171,Groomed
T108,23-24,45370,171,Groomed
T109,23-24,45370,171,Groomed
T110,23-24,45370,171,Open
T111,23-24,45370,171,Open
T112,23-24,45370,171,Groomed
T113,23-24,45370,171,Open
T114,23-24,45370,171,Groomed
T115,23-24,45370,171,Open
T116,23-24,45370,171,Groomed
T117,23-24,45370,171,Open
T118,23-24,45370,171,Groomed
T119,23-24,45370,171,Open
T127,23-24,45370,171,Open
T128,23-24,45370,171,Open
T129,23-24,45370,171,Open
T130,23-24,45370,171,Open
T131,23-24,45370,171,Open
T132,23-24,45370,171,Open
T133,23-24,45370,171,Open
T136,23-24,45370,171,Open
T137,23-24,45370,171,Open
T148,23-24,45370,171,Open
T001,23-24,45371,172,Groomed
T002,23-24,45371,172,Groomed
T003,23-24,45371,172,Groomed
T004,23-24,45371,172,Groomed
T005,23-24,45371,172,Groomed
T006,23-24,45371,172,Open
T007,23-24,45371,172,Groomed
T008,23-24,45371,172,Groomed
T009,23-24,45371,172,Groomed
T010,23-24,45371,172,Groomed
T011,23-24,45371,172,Groomed
T012,23-24,45371,172,Groomed
T013,23-24,45371,172,Groomed
T014,23-24,45371,172,Groomed
T015,23-24,45371,172,Groomed
T016,23-24,45371,172,Open
T017,23-24,45371,172,Open
T018,23-24,45371,172,Groomed
T019,23-24,45371,172,Open
T020,23-24,45371,172,Open
T021,23-24,45371,172,Groomed
T022,23-24,45371,172,Groomed
T023,23-24,45371,172,Groomed
T024,23-24,45371,172,Open
T025,23-24,45371,172,Groomed
T026,23-24,45371,172,Open
T027,23-24,45371,172,Open
T028,23-24,45371,172,Groomed
T029,23-24,45371,172,Groomed
T030,23-24,45371,172,Groomed
T031,23-24,45371,172,Groomed
T032,23-24,45371,172,Groomed
T033,23-24,45371,172,Groomed
T034,23-24,45371,172,Groomed
T035,23-24,45371,172,Open
T036,23-24,45371,172,Groomed
T037,23-24,45371,172,Open
T038,23-24,45371,172,Open
T039,23-24,45371,172,Groomed
T040,23-24,45371,172,Groomed
T042,23-24,45371,172,Open
T043,23-24,45371,172,Groomed
T044,23-24,45371,172,Open
T045,23-24,45371,172,Open
T046,23-24,45371,172,Open
T047,23-24,45371,172,Open
T048,23-24,45371,172,Open
T049,23-24,45371,172,Groomed
T050,23-24,45371,172,Groomed
T051,23-24,45371,172,Groomed
T052,23-24,45371,172,Groomed
T053,23-24,45371,172,Groomed
T054,23-24,45371,172,Groomed
T055,23-24,45371,172,Open
T056,23-24,45371,172,Open
T057,23-24,45371,172,Open
T058,23-24,45371,172,Open
T061,23-24,45371,172,Groomed
T062,23-24,45371,172,Groomed
T063,23-24,45371,172,Groomed
T064,23-24,45371,172,Groomed
T065,23-24,45371,172,Open
T066,23-24,45371,172,Groomed
T067,23-24,45371,172,Groomed
T068,23-24,45371,172,Open
T069,23-24,45371,172,Open
T070,23-24,45371,172,Open
T071,23-24,45371,172,Open
T072,23-24,45371,172,Open
T073,23-24,45371,172,Open
T074,23-24,45371,172,Open
T075,23-24,45371,172,Open
T076,23-24,45371,172,Open
T077,23-24,45371,172,Groomed
T078,23-24,45371,172,Groomed
T079,23-24,45371,172,Groomed
T080,23-24,45371,172,Open
T081,23-24,45371,172,Open
T082,23-24,45371,172,Open
T083,23-24,45371,172,Open
T084,23-24,45371,172,Open
T085,23-24,45371,172,Open
T086,23-24,45371,172,Open
T087,23-24,45371,172,Open
T088,23-24,45371,172,Open
T089,23-24,45371,172,Open
T090,23-24,45371,172,Open
T091,23-24,45371,172,Open
T092,23-24,45371,172,Open
T107,23-24,45371,172,Groomed
T108,23-24,45371,172,Groomed
T109,23-24,45371,172,Groomed
T110,23-24,45371,172,Open
T111,23-24,45371,172,Open
T112,23-24,45371,172,Groomed
T113,23-24,45371,172,Open
T114,23-24,45371,172,Open
T115,23-24,45371,172,Open
T116,23-24,45371,172,Groomed
T117,23-24,45371,172,Open
T118,23-24,45371,172,Groomed
T119,23-24,45371,172,Open
T127,23-24,45371,172,Open
T128,23-24,45371,172,Open
T129,23-24,45371,172,Open
T130,23-24,45371,172,Open
T131,23-24,45371,172,Open
T132,23-24,45371,172,Open
T133,23-24,45371,172,Open
T136,23-24,45371,172,Open
T137,23-24,45371,172,Open
T148,23-24,45371,172,Open
T001,23-24,45372,173,Groomed
T002,23-24,45372,173,Groomed
T003,23-24,45372,173,Groomed
T004,23-24,45372,173,Groomed
T005,23-24,45372,173,Groomed
T006,23-24,45372,173,Open
T007,23-24,45372,173,Groomed
T008,23-24,45372,173,Open
T009,23-24,45372,173,Groomed
T010,23-24,45372,173,Open
T011,23-24,45372,173,Groomed
T012,23-24,45372,173,Groomed
T013,23-24,45372,173,Groomed
T014,23-24,45372,173,Groomed
T015,23-24,45372,173,Groomed
T016,23-24,45372,173,Open
T017,23-24,45372,173,Open
T018,23-24,45372,173,Groomed
T019,23-24,45372,173,Open
T020,23-24,45372,173,Groomed
T021,23-24,45372,173,Groomed
T022,23-24,45372,173,Groomed
T023,23-24,45372,173,Groomed
T024,23-24,45372,173,Open
T025,23-24,45372,173,Groomed
T026,23-24,45372,173,Open
T027,23-24,45372,173,Open
T028,23-24,45372,173,Groomed
T029,23-24,45372,173,Groomed
T030,23-24,45372,173,Groomed
T031,23-24,45372,173,Groomed
T032,23-24,45372,173,Open
T033,23-24,45372,173,Groomed
T034,23-24,45372,173,Groomed
T035,23-24,45372,173,Open
T036,23-24,45372,173,Groomed
T037,23-24,45372,173,Open
T038,23-24,45372,173,Open
T039,23-24,45372,173,Open
T040,23-24,45372,173,Groomed
T042,23-24,45372,173,Open
T043,23-24,45372,173,Groomed
T044,23-24,45372,173,Open
T045,23-24,45372,173,Open
T046,23-24,45372,173,Open
T047,23-24,45372,173,Open
T048,23-24,45372,173,Open
T049,23-24,45372,173,Groomed
T050,23-24,45372,173,Groomed
T051,23-24,45372,173,Groomed
T052,23-24,45372,173,Groomed
T053,23-24,45372,173,Groomed
T054,23-24,45372,173,Groomed
T055,23-24,45372,173,Open
T056,23-24,45372,173,Open
T057,23-24,45372,173,Open
T058,23-24,45372,173,Open
T061,23-24,45372,173,Groomed
T062,23-24,45372,173,Groomed
T063,23-24,45372,173,Groomed
T064,23-24,45372,173,Groomed
T065,23-24,45372,173,Groomed
T066,23-24,45372,173,Groomed
T067,23-24,45372,173,Groomed
T068,23-24,45372,173,Open
T069,23-24,45372,173,Open
T070,23-24,45372,173,Open
T071,23-24,45372,173,Open
T072,23-24,45372,173,Open
T073,23-24,45372,173,Open
T074,23-24,45372,173,Open
T075,23-24,45372,173,Open
T076,23-24,45372,173,Open
T077,23-24,45372,173,Groomed
T078,23-24,45372,173,Groomed
T079,23-24,45372,173,Groomed
T080,23-24,45372,173,Open
T081,23-24,45372,173,Open
T082,23-24,45372,173,Open
T083,23-24,45372,173,Open
T084,23-24,45372,173,Open
T085,23-24,45372,173,Open
T086,23-24,45372,173,Open
T087,23-24,45372,173,Open
T088,23-24,45372,173,Open
T089,23-24,45372,173,Open
T090,23-24,45372,173,Open
T091,23-24,45372,173,Open
T092,23-24,45372,173,Open
T107,23-24,45372,173,Groomed
T108,23-24,45372,173,Groomed
T109,23-24,45372,173,Groomed
T110,23-24,45372,173,Open
T111,23-24,45372,173,Open
T112,23-24,45372,173,Groomed
T113,23-24,45372,173,Open
T114,23-24,45372,173,Open
T115,23-24,45372,173,Open
T116,23-24,45372,173,Groomed
T117,23-24,45372,173,Open
T118,23-24,45372,173,Groomed
T119,23-24,45372,173,Open
T127,23-24,45372,173,Open
T128,23-24,45372,173,Open
T129,23-24,45372,173,Open
T130,23-24,45372,173,Open
T131,23-24,45372,173,Open
T132,23-24,45372,173,Open
T133,23-24,45372,173,Open
T136,23-24,45372,173,Open
T137,23-24,45372,173,Open
T148,23-24,45372,173,Open
T001,23-24,45373,174,Groomed
T002,23-24,45373,174,Groomed
T003,23-24,45373,174,Groomed
T004,23-24,45373,174,Groomed
T005,23-24,45373,174,Groomed
T006,23-24,45373,174,Open
T007,23-24,45373,174,Groomed
T008,23-24,45373,174,Open
T009,23-24,45373,174,Groomed
T010,23-24,45373,174,Open
T011,23-24,45373,174,Groomed
T012,23-24,45373,174,Groomed
T013,23-24,45373,174,Groomed
T014,23-24,45373,174,Groomed
T015,23-24,45373,174,Groomed
T016,23-24,45373,174,Open
T017,23-24,45373,174,Open
T018,23-24,45373,174,Groomed
T019,23-24,45373,174,Open
T020,23-24,45373,174,Groomed
T021,23-24,45373,174,Groomed
T022,23-24,45373,174,Groomed
T023,23-24,45373,174,Groomed
T024,23-24,45373,174,Open
T025,23-24,45373,174,Groomed
T026,23-24,45373,174,Open
T027,23-24,45373,174,Open
T028,23-24,45373,174,Groomed
T029,23-24,45373,174,Groomed
T030,23-24,45373,174,Groomed
T031,23-24,45373,174,Groomed
T032,23-24,45373,174,Open
T033,23-24,45373,174,Groomed
T034,23-24,45373,174,Groomed
T035,23-24,45373,174,Open
T036,23-24,45373,174,Groomed
T037,23-24,45373,174,Open
T038,23-24,45373,174,Open
T039,23-24,45373,174,Open
T040,23-24,45373,174,Groomed
T042,23-24,45373,174,Open
T043,23-24,45373,174,Groomed
T044,23-24,45373,174,Open
T045,23-24,45373,174,Open
T046,23-24,45373,174,Open
T047,23-24,45373,174,Open
T048,23-24,45373,174,Open
T049,23-24,45373,174,Groomed
T050,23-24,45373,174,Groomed
T051,23-24,45373,174,Groomed
T052,23-24,45373,174,Groomed
T053,23-24,45373,174,Groomed
T054,23-24,45373,174,Groomed
T055,23-24,45373,174,Open
T056,23-24,45373,174,Open
T057,23-24,45373,174,Open
T058,23-24,45373,174,Open
T061,23-24,45373,174,Groomed
T062,23-24,45373,174,Groomed
T063,23-24,45373,174,Groomed
T064,23-24,45373,174,Groomed
T065,23-24,45373,174,Open
T066,23-24,45373,174,Groomed
T067,23-24,45373,174,Groomed
T068,23-24,45373,174,Open
T069,23-24,45373,174,Open
T070,23-24,45373,174,Open
T071,23-24,45373,174,Open
T072,23-24,45373,174,Open
T073,23-24,45373,174,Open
T074,23-24,45373,174,Open
T075,23-24,45373,174,Open
T076,23-24,45373,174,Open
T077,23-24,45373,174,Groomed
T078,23-24,45373,174,Groomed
T079,23-24,45373,174,Open
T080,23-24,45373,174,Open
T081,23-24,45373,174,Open
T082,23-24,45373,174,Open
T083,23-24,45373,174,Open
T084,23-24,45373,174,Open
T085,23-24,45373,174,Open
T086,23-24,45373,174,Open
T087,23-24,45373,174,Open
T088,23-24,45373,174,Open
T089,23-24,45373,174,Open
T090,23-24,45373,174,Open
T091,23-24,45373,174,Open
T092,23-24,45373,174,Open
T107,23-24,45373,174,Groomed
T108,23-24,45373,174,Groomed
T109,23-24,45373,174,Groomed
T110,23-24,45373,174,Open
T111,23-24,45373,174,Open
T112,23-24,45373,174,Groomed
T113,23-24,45373,174,Open
T114,23-24,45373,174,Open
T115,23-24,45373,174,Open
T116,23-24,45373,174,Groomed
T117,23-24,45373,174,Open
T118,23-24,45373,174,Groomed
T119,23-24,45373,174,Open
T127,23-24,45373,174,Open
T128,23-24,45373,174,Open
T129,23-24,45373,174,Open
T130,23-24,45373,174,Open
T131,23-24,45373,174,Open
T132,23-24,45373,174,Open
T133,23-24,45373,174,Open
T136,23-24,45373,174,Open
T137,23-24,45373,174,Open
T148,23-24,45373,174,Open
T001,23-24,45374,175,Groomed
T002,23-24,45374,175,Groomed
T003,23-24,45374,175,Groomed
T004,23-24,45374,175,Groomed
T005,23-24,45374,175,Groomed
T006,23-24,45374,175,Open
T007,23-24,45374,175,Groomed
T008,23-24,45374,175,Open
T009,23-24,45374,175,Groomed
T010,23-24,45374,175,Groomed
T011,23-24,45374,175,Groomed
T012,23-24,45374,175,Groomed
T013,23-24,45374,175,Groomed
T014,23-24,45374,175,Groomed
T015,23-24,45374,175,Groomed
T016,23-24,45374,175,Open
T017,23-24,45374,175,Open
T018,23-24,45374,175,Groomed
T019,23-24,45374,175,Open
T020,23-24,45374,175,Groomed
T021,23-24,45374,175,Groomed
T022,23-24,45374,175,Groomed
T023,23-24,45374,175,Groomed
T024,23-24,45374,175,Open
T025,23-24,45374,175,Groomed
T026,23-24,45374,175,Open
T027,23-24,45374,175,Open
T028,23-24,45374,175,Groomed
T029,23-24,45374,175,Groomed
T030,23-24,45374,175,Groomed
T031,23-24,45374,175,Groomed
T032,23-24,45374,175,Groomed
T033,23-24,45374,175,Groomed
T034,23-24,45374,175,Groomed
T035,23-24,45374,175,Open
T036,23-24,45374,175,Groomed
T037,23-24,45374,175,Open
T038,23-24,45374,175,Open
T039,23-24,45374,175,Open
T040,23-24,45374,175,Groomed
T042,23-24,45374,175,Open
T043,23-24,45374,175,Groomed
T044,23-24,45374,175,Open
T045,23-24,45374,175,Open
T046,23-24,45374,175,Open
T047,23-24,45374,175,Open
T048,23-24,45374,175,Open
T049,23-24,45374,175,Open
T050,23-24,45374,175,Groomed
T051,23-24,45374,175,Groomed
T052,23-24,45374,175,Groomed
T053,23-24,45374,175,Groomed
T054,23-24,45374,175,Groomed
T055,23-24,45374,175,Open
T056,23-24,45374,175,Open
T057,23-24,45374,175,Open
T058,23-24,45374,175,Open
T061,23-24,45374,175,Groomed
T062,23-24,45374,175,Groomed
T063,23-24,45374,175,Groomed
T064,23-24,45374,175,Groomed
T065,23-24,45374,175,Open
T066,23-24,45374,175,Groomed
T067,23-24,45374,175,Groomed
T068,23-24,45374,175,Open
T069,23-24,45374,175,Open
T070,23-24,45374,175,Open
T071,23-24,45374,175,Open
T072,23-24,45374,175,Open
T073,23-24,45374,175,Open
T074,23-24,45374,175,Open
T075,23-24,45374,175,Open
T076,23-24,45374,175,Open
T077,23-24,45374,175,Groomed
T078,23-24,45374,175,Groomed
T079,23-24,45374,175,Groomed
T080,23-24,45374,175,Open
T081,23-24,45374,175,Open
T082,23-24,45374,175,Open
T083,23-24,45374,175,Open
T084,23-24,45374,175,Open
T085,23-24,45374,175,Open
T086,23-24,45374,175,Open
T087,23-24,45374,175,Open
T088,23-24,45374,175,Open
T089,23-24,45374,175,Open
T090,23-24,45374,175,Open
T091,23-24,45374,175,Open
T092,23-24,45374,175,Open
T107,23-24,45374,175,Groomed
T108,23-24,45374,175,Groomed
T109,23-24,45374,175,Groomed
T110,23-24,45374,175,Open
T111,23-24,45374,175,Open
T112,23-24,45374,175,Groomed
T113,23-24,45374,175,Open
T114,23-24,45374,175,Open
T115,23-24,45374,175,Open
T116,23-24,45374,175,Groomed
T117,23-24,45374,175,Open
T118,23-24,45374,175,Groomed
T119,23-24,45374,175,Open
T127,23-24,45374,175,Open
T128,23-24,45374,175,Open
T129,23-24,45374,175,Open
T130,23-24,45374,175,Open
T131,23-24,45374,175,Open
T132,23-24,45374,175,Open
T133,23-24,45374,175,Open
T136,23-24,45374,175,Open
T137,23-24,45374,175,Open
T148,23-24,45374,175,Open
T001,23-24,45375,176,Groomed
T002,23-24,45375,176,Groomed
T003,23-24,45375,176,Groomed
T004,23-24,45375,176,Groomed
T005,23-24,45375,176,Groomed
T006,23-24,45375,176,Groomed
T007,23-24,45375,176,Groomed
T008,23-24,45375,176,Groomed
T009,23-24,45375,176,Groomed
T010,23-24,45375,176,Groomed
T011,23-24,45375,176,Groomed
T012,23-24,45375,176,Groomed
T013,23-24,45375,176,Groomed
T014,23-24,45375,176,Groomed
T015,23-24,45375,176,Groomed
T016,23-24,45375,176,Open
T017,23-24,45375,176,Open
T018,23-24,45375,176,Groomed
T019,23-24,45375,176,Open
T020,23-24,45375,176,Groomed
T021,23-24,45375,176,Groomed
T022,23-24,45375,176,Groomed
T023,23-24,45375,176,Groomed
T024,23-24,45375,176,Open
T025,23-24,45375,176,Groomed
T026,23-24,45375,176,Groomed
T027,23-24,45375,176,Groomed
T028,23-24,45375,176,Groomed
T029,23-24,45375,176,Groomed
T030,23-24,45375,176,Groomed
T031,23-24,45375,176,Groomed
T032,23-24,45375,176,Groomed
T033,23-24,45375,176,Groomed
T034,23-24,45375,176,Groomed
T035,23-24,45375,176,Open
T036,23-24,45375,176,Groomed
T037,23-24,45375,176,Open
T038,23-24,45375,176,Groomed
T039,23-24,45375,176,Groomed
T040,23-24,45375,176,Groomed
T042,23-24,45375,176,Open
T043,23-24,45375,176,Groomed
T044,23-24,45375,176,Open
T045,23-24,45375,176,Open
T046,23-24,45375,176,Open
T047,23-24,45375,176,Open
T048,23-24,45375,176,Open
T049,23-24,45375,176,Open
T050,23-24,45375,176,Groomed
T051,23-24,45375,176,Groomed
T052,23-24,45375,176,Groomed
T053,23-24,45375,176,Groomed
T054,23-24,45375,176,Groomed
T055,23-24,45375,176,Open
T056,23-24,45375,176,Open
T057,23-24,45375,176,Open
T058,23-24,45375,176,Open
T061,23-24,45375,176,Groomed
T062,23-24,45375,176,Groomed
T063,23-24,45375,176,Groomed
T064,23-24,45375,176,Groomed
T065,23-24,45375,176,Open
T066,23-24,45375,176,Groomed
T067,23-24,45375,176,Groomed
T068,23-24,45375,176,Open
T069,23-24,45375,176,Open
T070,23-24,45375,176,Open
T071,23-24,45375,176,Open
T072,23-24,45375,176,Open
T073,23-24,45375,176,Open
T074,23-24,45375,176,Open
T075,23-24,45375,176,Open
T076,23-24,45375,176,Open
T077,23-24,45375,176,Groomed
T078,23-24,45375,176,Groomed
T079,23-24,45375,176,Groomed
T080,23-24,45375,176,Open
T081,23-24,45375,176,Open
T082,23-24,45375,176,Open
T083,23-24,45375,176,Open
T084,23-24,45375,176,Open
T085,23-24,45375,176,Open
T086,23-24,45375,176,Open
T087,23-24,45375,176,Open
T088,23-24,45375,176,Open
T089,23-24,45375,176,Open
T090,23-24,45375,176,Open
T091,23-24,45375,176,Open
T092,23-24,45375,176,Open
T107,23-24,45375,176,Groomed
T108,23-24,45375,176,Groomed
T109,23-24,45375,176,Groomed
T110,23-24,45375,176,Open
T111,23-24,45375,176,Open
T112,23-24,45375,176,Groomed
T113,23-24,45375,176,Open
T114,23-24,45375,176,Open
T115,23-24,45375,176,Open
T116,23-24,45375,176,Groomed
T117,23-24,45375,176,Open
T118,23-24,45375,176,Groomed
T119,23-24,45375,176,Open
T127,23-24,45375,176,Open
T128,23-24,45375,176,Open
T129,23-24,45375,176,Open
T130,23-24,45375,176,Open
T131,23-24,45375,176,Open
T132,23-24,45375,176,Open
T133,23-24,45375,176,Open
T136,23-24,45375,176,Open
T137,23-24,45375,176,Open
T148,23-24,45375,176,Open
T001,23-24,45376,177,Groomed
T002,23-24,45376,177,Groomed
T003,23-24,45376,177,Groomed
T004,23-24,45376,177,Groomed
T005,23-24,45376,177,Groomed
T006,23-24,45376,177,Open
T007,23-24,45376,177,Groomed
T008,23-24,45376,177,Groomed
T009,23-24,45376,177,Groomed
T010,23-24,45376,177,Groomed
T011,23-24,45376,177,Groomed
T012,23-24,45376,177,Groomed
T013,23-24,45376,177,Groomed
T014,23-24,45376,177,Groomed
T015,23-24,45376,177,Groomed
T016,23-24,45376,177,Open
T017,23-24,45376,177,Open
T018,23-24,45376,177,Groomed
T019,23-24,45376,177,Open
T020,23-24,45376,177,Groomed
T021,23-24,45376,177,Groomed
T022,23-24,45376,177,Groomed
T023,23-24,45376,177,Groomed
T024,23-24,45376,177,Open
T025,23-24,45376,177,Groomed
T026,23-24,45376,177,Groomed
T027,23-24,45376,177,Groomed
T028,23-24,45376,177,Groomed
T029,23-24,45376,177,Groomed
T030,23-24,45376,177,Groomed
T031,23-24,45376,177,Groomed
T032,23-24,45376,177,Groomed
T033,23-24,45376,177,Groomed
T034,23-24,45376,177,Groomed
T035,23-24,45376,177,Open
T036,23-24,45376,177,Groomed
T037,23-24,45376,177,Open
T038,23-24,45376,177,Groomed
T039,23-24,45376,177,Groomed
T040,23-24,45376,177,Groomed
T042,23-24,45376,177,Open
T043,23-24,45376,177,Groomed
T044,23-24,45376,177,Open
T045,23-24,45376,177,Open
T046,23-24,45376,177,Open
T047,23-24,45376,177,Open
T048,23-24,45376,177,Open
T049,23-24,45376,177,Open
T050,23-24,45376,177,Groomed
T051,23-24,45376,177,Groomed
T052,23-24,45376,177,Groomed
T053,23-24,45376,177,Groomed
T054,23-24,45376,177,Groomed
T055,23-24,45376,177,Open
T056,23-24,45376,177,Open
T057,23-24,45376,177,Open
T058,23-24,45376,177,Open
T061,23-24,45376,177,Groomed
T062,23-24,45376,177,Groomed
T063,23-24,45376,177,Groomed
T064,23-24,45376,177,Groomed
T065,23-24,45376,177,Open
T066,23-24,45376,177,Groomed
T067,23-24,45376,177,Groomed
T068,23-24,45376,177,Open
T069,23-24,45376,177,Open
T070,23-24,45376,177,Open
T071,23-24,45376,177,Open
T072,23-24,45376,177,Open
T073,23-24,45376,177,Open
T074,23-24,45376,177,Open
T075,23-24,45376,177,Open
T076,23-24,45376,177,Open
T077,23-24,45376,177,Groomed
T078,23-24,45376,177,Groomed
T079,23-24,45376,177,Groomed
T080,23-24,45376,177,Open
T081,23-24,45376,177,Open
T082,23-24,45376,177,Open
T083,23-24,45376,177,Open
T084,23-24,45376,177,Open
T085,23-24,45376,177,Open
T086,23-24,45376,177,Open
T087,23-24,45376,177,Open
T088,23-24,45376,177,Open
T089,23-24,45376,177,Open
T090,23-24,45376,177,Open
T091,23-24,45376,177,Open
T092,23-24,45376,177,Open
T107,23-24,45376,177,Groomed
T108,23-24,45376,177,Groomed
T109,23-24,45376,177,Groomed
T110,23-24,45376,177,Open
T111,23-24,45376,177,Open
T112,23-24,45376,177,Groomed
T113,23-24,45376,177,Open
T114,23-24,45376,177,Open
T115,23-24,45376,177,Open
T116,23-24,45376,177,Groomed
T117,23-24,45376,177,Open
T118,23-24,45376,177,Groomed
T119,23-24,45376,177,Open
T127,23-24,45376,177,Open
T128,23-24,45376,177,Open
T129,23-24,45376,177,Open
T130,23-24,45376,177,Open
T131,23-24,45376,177,Open
T132,23-24,45376,177,Open
T133,23-24,45376,177,Open
T136,23-24,45376,177,Open
T137,23-24,45376,177,Open
T148,23-24,45376,177,Open
T001,23-24,45377,178,Groomed
T002,23-24,45377,178,Groomed
T003,23-24,45377,178,Groomed
T004,23-24,45377,178,Groomed
T005,23-24,45377,178,Groomed
T006,23-24,45377,178,Groomed
T007,23-24,45377,178,Groomed
T008,23-24,45377,178,Groomed
T009,23-24,45377,178,Groomed
T010,23-24,45377,178,Groomed
T011,23-24,45377,178,Groomed
T012,23-24,45377,178,Groomed
T013,23-24,45377,178,Groomed
T014,23-24,45377,178,Groomed
T015,23-24,45377,178,Groomed
T016,23-24,45377,178,Open
T017,23-24,45377,178,Open
T018,23-24,45377,178,Groomed
T019,23-24,45377,178,Open
T020,23-24,45377,178,Groomed
T021,23-24,45377,178,Groomed
T022,23-24,45377,178,Groomed
T023,23-24,45377,178,Groomed
T024,23-24,45377,178,Open
T025,23-24,45377,178,Groomed
T026,23-24,45377,178,Groomed
T027,23-24,45377,178,Groomed
T028,23-24,45377,178,Groomed
T029,23-24,45377,178,Groomed
T030,23-24,45377,178,Groomed
T031,23-24,45377,178,Groomed
T032,23-24,45377,178,Groomed
T033,23-24,45377,178,Groomed
T034,23-24,45377,178,Groomed
T035,23-24,45377,178,Groomed
T036,23-24,45377,178,Groomed
T037,23-24,45377,178,Open
T038,23-24,45377,178,Groomed
T039,23-24,45377,178,Groomed
T040,23-24,45377,178,Groomed
T042,23-24,45377,178,Open
T043,23-24,45377,178,Groomed
T044,23-24,45377,178,Open
T045,23-24,45377,178,Open
T046,23-24,45377,178,Open
T047,23-24,45377,178,Open
T048,23-24,45377,178,Open
T049,23-24,45377,178,Open
T050,23-24,45377,178,Groomed
T051,23-24,45377,178,Groomed
T052,23-24,45377,178,Groomed
T053,23-24,45377,178,Groomed
T054,23-24,45377,178,Groomed
T055,23-24,45377,178,Open
T056,23-24,45377,178,Open
T057,23-24,45377,178,Open
T058,23-24,45377,178,Open
T061,23-24,45377,178,Groomed
T062,23-24,45377,178,Groomed
T063,23-24,45377,178,Groomed
T064,23-24,45377,178,Groomed
T065,23-24,45377,178,Open
T066,23-24,45377,178,Groomed
T067,23-24,45377,178,Groomed
T068,23-24,45377,178,Open
T069,23-24,45377,178,Open
T070,23-24,45377,178,Open
T071,23-24,45377,178,Open
T072,23-24,45377,178,Open
T073,23-24,45377,178,Open
T074,23-24,45377,178,Open
T075,23-24,45377,178,Open
T076,23-24,45377,178,Open
T077,23-24,45377,178,Groomed
T078,23-24,45377,178,Groomed
T079,23-24,45377,178,Groomed
T080,23-24,45377,178,Open
T081,23-24,45377,178,Open
T082,23-24,45377,178,Open
T083,23-24,45377,178,Open
T084,23-24,45377,178,Open
T085,23-24,45377,178,Open
T086,23-24,45377,178,Open
T087,23-24,45377,178,Open
T088,23-24,45377,178,Open
T089,23-24,45377,178,Open
T090,23-24,45377,178,Open
T091,23-24,45377,178,Open
T092,23-24,45377,178,Open
T107,23-24,45377,178,Groomed
T108,23-24,45377,178,Groomed
T109,23-24,45377,178,Groomed
T110,23-24,45377,178,Open
T111,23-24,45377,178,Open
T112,23-24,45377,178,Open
T113,23-24,45377,178,Open
T114,23-24,45377,178,Open
T115,23-24,45377,178,Open
T116,23-24,45377,178,Groomed
T117,23-24,45377,178,Open
T118,23-24,45377,178,Groomed
T119,23-24,45377,178,Open
T127,23-24,45377,178,Open
T128,23-24,45377,178,Open
T129,23-24,45377,178,Open
T130,23-24,45377,178,Open
T131,23-24,45377,178,Open
T132,23-24,45377,178,Open
T133,23-24,45377,178,Open
T136,23-24,45377,178,Open
T137,23-24,45377,178,Open
T148,23-24,45377,178,Closed
T001,23-24,45378,179,Groomed
T002,23-24,45378,179,Groomed
T003,23-24,45378,179,Groomed
T004,23-24,45378,179,Groomed
T005,23-24,45378,179,Groomed
T006,23-24,45378,179,Groomed
T007,23-24,45378,179,Groomed
T008,23-24,45378,179,Groomed
T009,23-24,45378,179,Groomed
T010,23-24,45378,179,Groomed
T011,23-24,45378,179,Groomed
T012,23-24,45378,179,Groomed
T013,23-24,45378,179,Groomed
T014,23-24,45378,179,Groomed
T015,23-24,45378,179,Groomed
T016,23-24,45378,179,Open
T017,23-24,45378,179,Open
T018,23-24,45378,179,Groomed
T019,23-24,45378,179,Open
T020,23-24,45378,179,Groomed
T021,23-24,45378,179,Groomed
T022,23-24,45378,179,Groomed
T023,23-24,45378,179,Groomed
T024,23-24,45378,179,Groomed
T025,23-24,45378,179,Groomed
T026,23-24,45378,179,Groomed
T027,23-24,45378,179,Open
T028,23-24,45378,179,Groomed
T029,23-24,45378,179,Groomed
T030,23-24,45378,179,Groomed
T031,23-24,45378,179,Groomed
T032,23-24,45378,179,Groomed
T033,23-24,45378,179,Groomed
T034,23-24,45378,179,Groomed
T035,23-24,45378,179,Open
T036,23-24,45378,179,Groomed
T037,23-24,45378,179,Open
T038,23-24,45378,179,Groomed
T039,23-24,45378,179,Open
T040,23-24,45378,179,Groomed
T042,23-24,45378,179,Open
T043,23-24,45378,179,Groomed
T044,23-24,45378,179,Open
T045,23-24,45378,179,Open
T046,23-24,45378,179,Open
T047,23-24,45378,179,Open
T048,23-24,45378,179,Open
T049,23-24,45378,179,Open
T050,23-24,45378,179,Groomed
T051,23-24,45378,179,Groomed
T052,23-24,45378,179,Groomed
T053,23-24,45378,179,Groomed
T054,23-24,45378,179,Groomed
T055,23-24,45378,179,Open
T056,23-24,45378,179,Open
T057,23-24,45378,179,Open
T058,23-24,45378,179,Open
T061,23-24,45378,179,Groomed
T062,23-24,45378,179,Groomed
T063,23-24,45378,179,Groomed
T064,23-24,45378,179,Groomed
T065,23-24,45378,179,Groomed
T066,23-24,45378,179,Groomed
T067,23-24,45378,179,Groomed
T068,23-24,45378,179,Open
T069,23-24,45378,179,Open
T070,23-24,45378,179,Open
T071,23-24,45378,179,Open
T072,23-24,45378,179,Open
T073,23-24,45378,179,Open
T074,23-24,45378,179,Open
T075,23-24,45378,179,Open
T076,23-24,45378,179,Open
T077,23-24,45378,179,Groomed
T078,23-24,45378,179,Groomed
T079,23-24,45378,179,Groomed
T080,23-24,45378,179,Open
T081,23-24,45378,179,Open
T082,23-24,45378,179,Open
T083,23-24,45378,179,Open
T084,23-24,45378,179,Open
T085,23-24,45378,179,Open
T086,23-24,45378,179,Open
T087,23-24,45378,179,Open
T088,23-24,45378,179,Open
T089,23-24,45378,179,Open
T090,23-24,45378,179,Open
T091,23-24,45378,179,Open
T092,23-24,45378,179,Open
T107,23-24,45378,179,Groomed
T108,23-24,45378,179,Groomed
T109,23-24,45378,179,Groomed
T110,23-24,45378,179,Open
T111,23-24,45378,179,Open
T112,23-24,45378,179,Open
T113,23-24,45378,179,Open
T114,23-24,45378,179,Groomed
T115,23-24,45378,179,Open
T116,23-24,45378,179,Groomed
T117,23-24,45378,179,Open
T118,23-24,45378,179,Groomed
T119,23-24,45378,179,Open
T127,23-24,45378,179,Open
T128,23-24,45378,179,Open
T129,23-24,45378,179,Open
T130,23-24,45378,179,Open
T131,23-24,45378,179,Open
T132,23-24,45378,179,Open
T133,23-24,45378,179,Open
T136,23-24,45378,179,Open
T137,23-24,45378,179,Open
T148,23-24,45378,179,Closed
T001,23-24,45379,180,Groomed
T002,23-24,45379,180,Groomed
T003,23-24,45379,180,Groomed
T004,23-24,45379,180,Groomed
T005,23-24,45379,180,Groomed
T006,23-24,45379,180,Groomed
T007,23-24,45379,180,Groomed
T008,23-24,45379,180,Open
T009,23-24,45379,180,Groomed
T010,23-24,45379,180,Open
T011,23-24,45379,180,Groomed
T012,23-24,45379,180,Groomed
T013,23-24,45379,180,Groomed
T014,23-24,45379,180,Groomed
T015,23-24,45379,180,Groomed
T016,23-24,45379,180,Open
T017,23-24,45379,180,Open
T018,23-24,45379,180,Groomed
T019,23-24,45379,180,Open
T020,23-24,45379,180,Groomed
T021,23-24,45379,180,Groomed
T022,23-24,45379,180,Groomed
T023,23-24,45379,180,Groomed
T024,23-24,45379,180,Open
T025,23-24,45379,180,Groomed
T026,23-24,45379,180,Groomed
T027,23-24,45379,180,Open
T028,23-24,45379,180,Groomed
T029,23-24,45379,180,Groomed
T030,23-24,45379,180,Groomed
T031,23-24,45379,180,Groomed
T032,23-24,45379,180,Open
T033,23-24,45379,180,Groomed
T034,23-24,45379,180,Groomed
T035,23-24,45379,180,Open
T036,23-24,45379,180,Groomed
T037,23-24,45379,180,Open
T038,23-24,45379,180,Open
T039,23-24,45379,180,Open
T040,23-24,45379,180,Groomed
T042,23-24,45379,180,Open
T043,23-24,45379,180,Groomed
T044,23-24,45379,180,Open
T045,23-24,45379,180,Open
T046,23-24,45379,180,Open
T047,23-24,45379,180,Open
T048,23-24,45379,180,Open
T049,23-24,45379,180,Open
T050,23-24,45379,180,Groomed
T051,23-24,45379,180,Groomed
T052,23-24,45379,180,Groomed
T053,23-24,45379,180,Groomed
T054,23-24,45379,180,Groomed
T055,23-24,45379,180,Open
T056,23-24,45379,180,Open
T057,23-24,45379,180,Open
T058,23-24,45379,180,Open
T061,23-24,45379,180,Groomed
T062,23-24,45379,180,Groomed
T063,23-24,45379,180,Groomed
T064,23-24,45379,180,Groomed
T065,23-24,45379,180,Open
T066,23-24,45379,180,Groomed
T067,23-24,45379,180,Groomed
T068,23-24,45379,180,Open
T069,23-24,45379,180,Open
T070,23-24,45379,180,Open
T071,23-24,45379,180,Open
T072,23-24,45379,180,Open
T073,23-24,45379,180,Open
T074,23-24,45379,180,Open
T075,23-24,45379,180,Open
T076,23-24,45379,180,Open
T077,23-24,45379,180,Groomed
T078,23-24,45379,180,Groomed
T079,23-24,45379,180,Open
T080,23-24,45379,180,Open
T081,23-24,45379,180,Open
T082,23-24,45379,180,Open
T083,23-24,45379,180,Open
T084,23-24,45379,180,Open
T085,23-24,45379,180,Open
T086,23-24,45379,180,Open
T087,23-24,45379,180,Open
T088,23-24,45379,180,Open
T089,23-24,45379,180,Open
T090,23-24,45379,180,Open
T091,23-24,45379,180,Open
T092,23-24,45379,180,Open
T107,23-24,45379,180,Groomed
T108,23-24,45379,180,Groomed
T109,23-24,45379,180,Groomed
T110,23-24,45379,180,Open
T111,23-24,45379,180,Open
T112,23-24,45379,180,Open
T113,23-24,45379,180,Open
T114,23-24,45379,180,Open
T115,23-24,45379,180,Open
T116,23-24,45379,180,Groomed
T117,23-24,45379,180,Open
T118,23-24,45379,180,Groomed
T119,23-24,45379,180,Open
T127,23-24,45379,180,Open
T128,23-24,45379,180,Open
T129,23-24,45379,180,Open
T130,23-24,45379,180,Open
T131,23-24,45379,180,Open
T132,23-24,45379,180,Open
T133,23-24,45379,180,Open
T136,23-24,45379,180,Open
T137,23-24,45379,180,Open
T148,23-24,45379,180,Closed
T001,23-24,45380,181,Groomed
T002,23-24,45380,181,Groomed
T003,23-24,45380,181,Groomed
T004,23-24,45380,181,Groomed
T005,23-24,45380,181,Groomed
T006,23-24,45380,181,Groomed
T007,23-24,45380,181,Groomed
T008,23-24,45380,181,Groomed
T009,23-24,45380,181,Groomed
T010,23-24,45380,181,Groomed
T011,23-24,45380,181,Groomed
T012,23-24,45380,181,Groomed
T013,23-24,45380,181,Groomed
T014,23-24,45380,181,Groomed
T015,23-24,45380,181,Groomed
T016,23-24,45380,181,Open
T017,23-24,45380,181,Open
T018,23-24,45380,181,Groomed
T019,23-24,45380,181,Open
T020,23-24,45380,181,Groomed
T021,23-24,45380,181,Groomed
T022,23-24,45380,181,Groomed
T023,23-24,45380,181,Groomed
T024,23-24,45380,181,Open
T025,23-24,45380,181,Groomed
T026,23-24,45380,181,Groomed
T027,23-24,45380,181,Open
T028,23-24,45380,181,Groomed
T029,23-24,45380,181,Groomed
T030,23-24,45380,181,Groomed
T031,23-24,45380,181,Groomed
T032,23-24,45380,181,Groomed
T033,23-24,45380,181,Groomed
T034,23-24,45380,181,Groomed
T035,23-24,45380,181,Open
T036,23-24,45380,181,Groomed
T037,23-24,45380,181,Groomed
T038,23-24,45380,181,Open
T039,23-24,45380,181,Open
T040,23-24,45380,181,Groomed
T042,23-24,45380,181,Open
T043,23-24,45380,181,Groomed
T044,23-24,45380,181,Open
T045,23-24,45380,181,Open
T046,23-24,45380,181,Open
T047,23-24,45380,181,Open
T048,23-24,45380,181,Open
T049,23-24,45380,181,Open
T050,23-24,45380,181,Groomed
T051,23-24,45380,181,Groomed
T052,23-24,45380,181,Groomed
T053,23-24,45380,181,Groomed
T054,23-24,45380,181,Groomed
T055,23-24,45380,181,Open
T056,23-24,45380,181,Open
T057,23-24,45380,181,Open
T058,23-24,45380,181,Open
T061,23-24,45380,181,Groomed
T062,23-24,45380,181,Groomed
T063,23-24,45380,181,Groomed
T064,23-24,45380,181,Groomed
T065,23-24,45380,181,Open
T066,23-24,45380,181,Groomed
T067,23-24,45380,181,Groomed
T068,23-24,45380,181,Open
T069,23-24,45380,181,Open
T070,23-24,45380,181,Open
T071,23-24,45380,181,Open
T072,23-24,45380,181,Open
T073,23-24,45380,181,Open
T074,23-24,45380,181,Open
T075,23-24,45380,181,Open
T076,23-24,45380,181,Open
T077,23-24,45380,181,Groomed
T078,23-24,45380,181,Groomed
T079,23-24,45380,181,Groomed
T080,23-24,45380,181,Open
T081,23-24,45380,181,Open
T082,23-24,45380,181,Open
T083,23-24,45380,181,Open
T084,23-24,45380,181,Open
T085,23-24,45380,181,Open
T086,23-24,45380,181,Open
T087,23-24,45380,181,Open
T088,23-24,45380,181,Open
T089,23-24,45380,181,Open
T090,23-24,45380,181,Open
T091,23-24,45380,181,Open
T092,23-24,45380,181,Open
T107,23-24,45380,181,Groomed
T108,23-24,45380,181,Groomed
T109,23-24,45380,181,Groomed
T110,23-24,45380,181,Open
T111,23-24,45380,181,Open
T112,23-24,45380,181,Open
T113,23-24,45380,181,Open
T114,23-24,45380,181,Open
T115,23-24,45380,181,Open
T116,23-24,45380,181,Groomed
T117,23-24,45380,181,Open
T118,23-24,45380,181,Groomed
T119,23-24,45380,181,Open
T127,23-24,45380,181,Open
T128,23-24,45380,181,Open
T129,23-24,45380,181,Open
T130,23-24,45380,181,Open
T131,23-24,45380,181,Open
T132,23-24,45380,181,Open
T133,23-24,45380,181,Open
T136,23-24,45380,181,Open
T137,23-24,45380,181,Open
T148,23-24,45380,181,Closed
T001,23-24,45381,182,Groomed
T002,23-24,45381,182,Groomed
T003,23-24,45381,182,Groomed
T004,23-24,45381,182,Groomed
T005,23-24,45381,182,Groomed
T006,23-24,45381,182,Open
T007,23-24,45381,182,Groomed
T008,23-24,45381,182,Groomed
T009,23-24,45381,182,Groomed
T010,23-24,45381,182,Groomed
T011,23-24,45381,182,Groomed
T012,23-24,45381,182,Groomed
T013,23-24,45381,182,Groomed
T014,23-24,45381,182,Groomed
T015,23-24,45381,182,Groomed
T016,23-24,45381,182,Open
T017,23-24,45381,182,Open
T018,23-24,45381,182,Groomed
T019,23-24,45381,182,Open
T020,23-24,45381,182,Groomed
T021,23-24,45381,182,Groomed
T022,23-24,45381,182,Groomed
T023,23-24,45381,182,Groomed
T024,23-24,45381,182,Open
T025,23-24,45381,182,Groomed
T026,23-24,45381,182,Open
T027,23-24,45381,182,Groomed
T028,23-24,45381,182,Groomed
T029,23-24,45381,182,Groomed
T030,23-24,45381,182,Groomed
T031,23-24,45381,182,Groomed
T032,23-24,45381,182,Groomed
T033,23-24,45381,182,Groomed
T034,23-24,45381,182,Groomed
T035,23-24,45381,182,Open
T036,23-24,45381,182,Groomed
T037,23-24,45381,182,Groomed
T038,23-24,45381,182,Open
T039,23-24,45381,182,Groomed
T040,23-24,45381,182,Groomed
T042,23-24,45381,182,Open
T043,23-24,45381,182,Groomed
T044,23-24,45381,182,Open
T045,23-24,45381,182,Open
T046,23-24,45381,182,Open
T047,23-24,45381,182,Open
T048,23-24,45381,182,Open
T049,23-24,45381,182,Open
T050,23-24,45381,182,Groomed
T051,23-24,45381,182,Groomed
T052,23-24,45381,182,Groomed
T053,23-24,45381,182,Groomed
T054,23-24,45381,182,Groomed
T055,23-24,45381,182,Open
T056,23-24,45381,182,Open
T057,23-24,45381,182,Open
T058,23-24,45381,182,Open
T061,23-24,45381,182,Groomed
T062,23-24,45381,182,Groomed
T063,23-24,45381,182,Groomed
T064,23-24,45381,182,Groomed
T065,23-24,45381,182,Groomed
T066,23-24,45381,182,Groomed
T067,23-24,45381,182,Groomed
T068,23-24,45381,182,Open
T069,23-24,45381,182,Open
T070,23-24,45381,182,Open
T071,23-24,45381,182,Open
T072,23-24,45381,182,Open
T073,23-24,45381,182,Open
T074,23-24,45381,182,Open
T075,23-24,45381,182,Open
T076,23-24,45381,182,Open
T077,23-24,45381,182,Groomed
T078,23-24,45381,182,Groomed
T079,23-24,45381,182,Groomed
T080,23-24,45381,182,Open
T081,23-24,45381,182,Open
T082,23-24,45381,182,Open
T083,23-24,45381,182,Open
T084,23-24,45381,182,Open
T085,23-24,45381,182,Open
T086,23-24,45381,182,Open
T087,23-24,45381,182,Open
T088,23-24,45381,182,Open
T089,23-24,45381,182,Open
T090,23-24,45381,182,Open
T091,23-24,45381,182,Open
T092,23-24,45381,182,Open
T107,23-24,45381,182,Groomed
T108,23-24,45381,182,Groomed
T109,23-24,45381,182,Groomed
T110,23-24,45381,182,Open
T111,23-24,45381,182,Open
T112,23-24,45381,182,Open
T113,23-24,45381,182,Open
T114,23-24,45381,182,Open
T115,23-24,45381,182,Open
T116,23-24,45381,182,Groomed
T117,23-24,45381,182,Open
T118,23-24,45381,182,Groomed
T119,23-24,45381,182,Open
T127,23-24,45381,182,Open
T128,23-24,45381,182,Open
T129,23-24,45381,182,Open
T130,23-24,45381,182,Open
T131,23-24,45381,182,Open
T132,23-24,45381,182,Open
T133,23-24,45381,182,Open
T136,23-24,45381,182,Open
T137,23-24,45381,182,Open
T148,23-24,45381,182,Closed
T001,23-24,45382,183,Groomed
T002,23-24,45382,183,Groomed
T003,23-24,45382,183,Groomed
T004,23-24,45382,183,Groomed
T005,23-24,45382,183,Groomed
T006,23-24,45382,183,Groomed
T007,23-24,45382,183,Groomed
T008,23-24,45382,183,Groomed
T009,23-24,45382,183,Groomed
T010,23-24,45382,183,Groomed
T011,23-24,45382,183,Groomed
T012,23-24,45382,183,Groomed
T013,23-24,45382,183,Groomed
T014,23-24,45382,183,Groomed
T015,23-24,45382,183,Groomed
T016,23-24,45382,183,Open
T017,23-24,45382,183,Open
T018,23-24,45382,183,Groomed
T019,23-24,45382,183,Open
T020,23-24,45382,183,Groomed
T021,23-24,45382,183,Groomed
T022,23-24,45382,183,Groomed
T023,23-24,45382,183,Groomed
T024,23-24,45382,183,Open
T025,23-24,45382,183,Groomed
T026,23-24,45382,183,Open
T027,23-24,45382,183,Groomed
T028,23-24,45382,183,Groomed
T029,23-24,45382,183,Groomed
T030,23-24,45382,183,Groomed
T031,23-24,45382,183,Groomed
T032,23-24,45382,183,Groomed
T033,23-24,45382,183,Groomed
T034,23-24,45382,183,Groomed
T035,23-24,45382,183,Open
T036,23-24,45382,183,Groomed
T037,23-24,45382,183,Groomed
T038,23-24,45382,183,Open
T039,23-24,45382,183,Groomed
T040,23-24,45382,183,Groomed
T042,23-24,45382,183,Open
T043,23-24,45382,183,Groomed
T044,23-24,45382,183,Open
T045,23-24,45382,183,Open
T046,23-24,45382,183,Open
T047,23-24,45382,183,Open
T048,23-24,45382,183,Open
T049,23-24,45382,183,Open
T050,23-24,45382,183,Groomed
T051,23-24,45382,183,Groomed
T052,23-24,45382,183,Groomed
T053,23-24,45382,183,Groomed
T054,23-24,45382,183,Groomed
T055,23-24,45382,183,Open
T056,23-24,45382,183,Open
T057,23-24,45382,183,Open
T058,23-24,45382,183,Open
T061,23-24,45382,183,Groomed
T062,23-24,45382,183,Groomed
T063,23-24,45382,183,Groomed
T064,23-24,45382,183,Groomed
T065,23-24,45382,183,Groomed
T066,23-24,45382,183,Groomed
T067,23-24,45382,183,Groomed
T068,23-24,45382,183,Open
T069,23-24,45382,183,Open
T070,23-24,45382,183,Open
T071,23-24,45382,183,Open
T072,23-24,45382,183,Open
T073,23-24,45382,183,Open
T074,23-24,45382,183,Open
T075,23-24,45382,183,Open
T076,23-24,45382,183,Open
T077,23-24,45382,183,Groomed
T078,23-24,45382,183,Groomed
T079,23-24,45382,183,Groomed
T080,23-24,45382,183,Open
T081,23-24,45382,183,Open
T082,23-24,45382,183,Open
T083,23-24,45382,183,Open
T084,23-24,45382,183,Open
T085,23-24,45382,183,Open
T086,23-24,45382,183,Open
T087,23-24,45382,183,Open
T088,23-24,45382,183,Open
T089,23-24,45382,183,Open
T090,23-24,45382,183,Open
T091,23-24,45382,183,Open
T092,23-24,45382,183,Open
T107,23-24,45382,183,Groomed
T108,23-24,45382,183,Groomed
T109,23-24,45382,183,Groomed
T110,23-24,45382,183,Open
T111,23-24,45382,183,Open
T112,23-24,45382,183,Open
T113,23-24,45382,183,Open
T114,23-24,45382,183,Open
T115,23-24,45382,183,Open
T116,23-24,45382,183,Groomed
T117,23-24,45382,183,Open
T118,23-24,45382,183,Groomed
T119,23-24,45382,183,Open
T127,23-24,45382,183,Open
T128,23-24,45382,183,Open
T129,23-24,45382,183,Open
T130,23-24,45382,183,Open
T131,23-24,45382,183,Open
T132,23-24,45382,183,Open
T133,23-24,45382,183,Open
T136,23-24,45382,183,Open
T137,23-24,45382,183,Open
T148,23-24,45382,183,Closed
T001,23-24,45383,184,Groomed
T002,23-24,45383,184,Closed
T003,23-24,45383,184,Groomed
T004,23-24,45383,184,Groomed
T005,23-24,45383,184,Groomed
T006,23-24,45383,184,Open
T007,23-24,45383,184,Groomed
T008,23-24,45383,184,Groomed
T009,23-24,45383,184,Groomed
T010,23-24,45383,184,Groomed
T011,23-24,45383,184,Groomed
T012,23-24,45383,184,Groomed
T013,23-24,45383,184,Groomed
T014,23-24,45383,184,Groomed
T015,23-24,45383,184,Groomed
T016,23-24,45383,184,Open
T017,23-24,45383,184,Open
T018,23-24,45383,184,Groomed
T019,23-24,45383,184,Open
T020,23-24,45383,184,Groomed
T021,23-24,45383,184,Groomed
T022,23-24,45383,184,Groomed
T023,23-24,45383,184,Groomed
T024,23-24,45383,184,Open
T025,23-24,45383,184,Groomed
T026,23-24,45383,184,Open
T027,23-24,45383,184,Groomed
T028,23-24,45383,184,Groomed
T029,23-24,45383,184,Groomed
T030,23-24,45383,184,Groomed
T031,23-24,45383,184,Groomed
T032,23-24,45383,184,Groomed
T033,23-24,45383,184,Groomed
T034,23-24,45383,184,Groomed
T035,23-24,45383,184,Open
T036,23-24,45383,184,Groomed
T037,23-24,45383,184,Groomed
T038,23-24,45383,184,Open
T039,23-24,45383,184,Groomed
T040,23-24,45383,184,Groomed
T042,23-24,45383,184,Open
T043,23-24,45383,184,Groomed
T044,23-24,45383,184,Open
T045,23-24,45383,184,Open
T046,23-24,45383,184,Open
T047,23-24,45383,184,Open
T048,23-24,45383,184,Open
T049,23-24,45383,184,Open
T050,23-24,45383,184,Groomed
T051,23-24,45383,184,Groomed
T052,23-24,45383,184,Groomed
T053,23-24,45383,184,Groomed
T054,23-24,45383,184,Groomed
T055,23-24,45383,184,Open
T056,23-24,45383,184,Open
T057,23-24,45383,184,Open
T058,23-24,45383,184,Open
T061,23-24,45383,184,Groomed
T062,23-24,45383,184,Groomed
T063,23-24,45383,184,Groomed
T064,23-24,45383,184,Groomed
T065,23-24,45383,184,Groomed
T066,23-24,45383,184,Groomed
T067,23-24,45383,184,Groomed
T068,23-24,45383,184,Open
T069,23-24,45383,184,Open
T070,23-24,45383,184,Open
T071,23-24,45383,184,Open
T072,23-24,45383,184,Open
T073,23-24,45383,184,Open
T074,23-24,45383,184,Open
T075,23-24,45383,184,Open
T076,23-24,45383,184,Open
T077,23-24,45383,184,Groomed
T078,23-24,45383,184,Groomed
T079,23-24,45383,184,Groomed
T080,23-24,45383,184,Open
T081,23-24,45383,184,Open
T082,23-24,45383,184,Open
T083,23-24,45383,184,Open
T084,23-24,45383,184,Open
T085,23-24,45383,184,Open
T086,23-24,45383,184,Open
T087,23-24,45383,184,Open
T088,23-24,45383,184,Open
T089,23-24,45383,184,Open
T090,23-24,45383,184,Open
T091,23-24,45383,184,Open
T092,23-24,45383,184,Open
T107,23-24,45383,184,Groomed
T108,23-24,45383,184,Groomed
T109,23-24,45383,184,Groomed
T110,23-24,45383,184,Open
T111,23-24,45383,184,Open
T112,23-24,45383,184,Open
T113,23-24,45383,184,Open
T114,23-24,45383,184,Open
T115,23-24,45383,184,Open
T116,23-24,45383,184,Groomed
T117,23-24,45383,184,Open
T118,23-24,45383,184,Groomed
T119,23-24,45383,184,Open
T127,23-24,45383,184,Open
T128,23-24,45383,184,Open
T129,23-24,45383,184,Open
T130,23-24,45383,184,Open
T131,23-24,45383,184,Open
T132,23-24,45383,184,Open
T133,23-24,45383,184,Open
T136,23-24,45383,184,Open
T137,23-24,45383,184,Open
T148,23-24,45383,184,Closed
T001,23-24,45384,185,Groomed
T002,23-24,45384,185,Closed
T003,23-24,45384,185,Groomed
T004,23-24,45384,185,Groomed
T005,23-24,45384,185,Groomed
T006,23-24,45384,185,Groomed
T007,23-24,45384,185,Groomed
T008,23-24,45384,185,Groomed
T009,23-24,45384,185,Groomed
T010,23-24,45384,185,Groomed
T011,23-24,45384,185,Groomed
T012,23-24,45384,185,Groomed
T013,23-24,45384,185,Groomed
T014,23-24,45384,185,Groomed
T015,23-24,45384,185,Groomed
T016,23-24,45384,185,Open
T017,23-24,45384,185,Open
T018,23-24,45384,185,Groomed
T019,23-24,45384,185,Open
T020,23-24,45384,185,Groomed
T021,23-24,45384,185,Groomed
T022,23-24,45384,185,Groomed
T023,23-24,45384,185,Groomed
T024,23-24,45384,185,Groomed
T025,23-24,45384,185,Groomed
T026,23-24,45384,185,Groomed
T027,23-24,45384,185,Groomed
T028,23-24,45384,185,Groomed
T029,23-24,45384,185,Groomed
T030,23-24,45384,185,Groomed
T031,23-24,45384,185,Groomed
T032,23-24,45384,185,Groomed
T033,23-24,45384,185,Groomed
T034,23-24,45384,185,Groomed
T035,23-24,45384,185,Groomed
T036,23-24,45384,185,Groomed
T037,23-24,45384,185,Groomed
T038,23-24,45384,185,Groomed
T039,23-24,45384,185,Groomed
T040,23-24,45384,185,Groomed
T042,23-24,45384,185,Open
T043,23-24,45384,185,Groomed
T044,23-24,45384,185,Open
T045,23-24,45384,185,Open
T046,23-24,45384,185,Open
T047,23-24,45384,185,Open
T048,23-24,45384,185,Open
T049,23-24,45384,185,Open
T050,23-24,45384,185,Groomed
T051,23-24,45384,185,Groomed
T052,23-24,45384,185,Groomed
T053,23-24,45384,185,Groomed
T054,23-24,45384,185,Groomed
T055,23-24,45384,185,Open
T056,23-24,45384,185,Open
T057,23-24,45384,185,Open
T058,23-24,45384,185,Open
T061,23-24,45384,185,Groomed
T062,23-24,45384,185,Groomed
T063,23-24,45384,185,Groomed
T064,23-24,45384,185,Groomed
T065,23-24,45384,185,Groomed
T066,23-24,45384,185,Groomed
T067,23-24,45384,185,Groomed
T068,23-24,45384,185,Open
T069,23-24,45384,185,Open
T070,23-24,45384,185,Open
T071,23-24,45384,185,Open
T072,23-24,45384,185,Open
T073,23-24,45384,185,Open
T074,23-24,45384,185,Open
T075,23-24,45384,185,Open
T076,23-24,45384,185,Open
T077,23-24,45384,185,Groomed
T078,23-24,45384,185,Groomed
T079,23-24,45384,185,Groomed
T080,23-24,45384,185,Open
T081,23-24,45384,185,Open
T082,23-24,45384,185,Open
T083,23-24,45384,185,Open
T084,23-24,45384,185,Open
T085,23-24,45384,185,Open
T086,23-24,45384,185,Open
T087,23-24,45384,185,Open
T088,23-24,45384,185,Open
T089,23-24,45384,185,Open
T090,23-24,45384,185,Open
T091,23-24,45384,185,Open
T092,23-24,45384,185,Open
T107,23-24,45384,185,Groomed
T108,23-24,45384,185,Groomed
T109,23-24,45384,185,Groomed
T110,23-24,45384,185,Open
T111,23-24,45384,185,Open
T112,23-24,45384,185,Open
T113,23-24,45384,185,Open
T114,23-24,45384,185,Open
T115,23-24,45384,185,Open
T116,23-24,45384,185,Groomed
T117,23-24,45384,185,Open
T118,23-24,45384,185,Groomed
T119,23-24,45384,185,Open
T127,23-24,45384,185,Open
T128,23-24,45384,185,Open
T129,23-24,45384,185,Open
T130,23-24,45384,185,Open
T131,23-24,45384,185,Open
T132,23-24,45384,185,Open
T133,23-24,45384,185,Open
T136,23-24,45384,185,Open
T137,23-24,45384,185,Open
T148,23-24,45384,185,Closed
T001,23-24,45385,186,Groomed
T002,23-24,45385,186,Closed
T003,23-24,45385,186,Groomed
T004,23-24,45385,186,Groomed
T005,23-24,45385,186,Groomed
T006,23-24,45385,186,Groomed
T007,23-24,45385,186,Groomed
T008,23-24,45385,186,Groomed
T009,23-24,45385,186,Groomed
T010,23-24,45385,186,Groomed
T011,23-24,45385,186,Groomed
T012,23-24,45385,186,Groomed
T013,23-24,45385,186,Groomed
T014,23-24,45385,186,Groomed
T015,23-24,45385,186,Groomed
T016,23-24,45385,186,Open
T017,23-24,45385,186,Open
T018,23-24,45385,186,Groomed
T019,23-24,45385,186,Open
T020,23-24,45385,186,Groomed
T021,23-24,45385,186,Groomed
T022,23-24,45385,186,Groomed
T023,23-24,45385,186,Groomed
T024,23-24,45385,186,Groomed
T025,23-24,45385,186,Groomed
T026,23-24,45385,186,Groomed
T027,23-24,45385,186,Groomed
T028,23-24,45385,186,Groomed
T029,23-24,45385,186,Groomed
T030,23-24,45385,186,Groomed
T031,23-24,45385,186,Groomed
T032,23-24,45385,186,Groomed
T033,23-24,45385,186,Groomed
T034,23-24,45385,186,Groomed
T035,23-24,45385,186,Groomed
T036,23-24,45385,186,Groomed
T037,23-24,45385,186,Groomed
T038,23-24,45385,186,Groomed
T039,23-24,45385,186,Groomed
T040,23-24,45385,186,Groomed
T042,23-24,45385,186,Open
T043,23-24,45385,186,Groomed
T044,23-24,45385,186,Open
T045,23-24,45385,186,Open
T046,23-24,45385,186,Open
T047,23-24,45385,186,Open
T048,23-24,45385,186,Open
T049,23-24,45385,186,Groomed
T050,23-24,45385,186,Groomed
T051,23-24,45385,186,Groomed
T052,23-24,45385,186,Groomed
T053,23-24,45385,186,Groomed
T054,23-24,45385,186,Groomed
T055,23-24,45385,186,Open
T056,23-24,45385,186,Open
T057,23-24,45385,186,Open
T058,23-24,45385,186,Open
T061,23-24,45385,186,Groomed
T062,23-24,45385,186,Groomed
T063,23-24,45385,186,Groomed
T064,23-24,45385,186,Groomed
T065,23-24,45385,186,Groomed
T066,23-24,45385,186,Groomed
T067,23-24,45385,186,Groomed
T068,23-24,45385,186,Open
T069,23-24,45385,186,Open
T070,23-24,45385,186,Open
T071,23-24,45385,186,Open
T072,23-24,45385,186,Open
T073,23-24,45385,186,Open
T074,23-24,45385,186,Open
T075,23-24,45385,186,Open
T076,23-24,45385,186,Open
T077,23-24,45385,186,Groomed
T078,23-24,45385,186,Groomed
T079,23-24,45385,186,Groomed
T080,23-24,45385,186,Open
T081,23-24,45385,186,Open
T082,23-24,45385,186,Open
T083,23-24,45385,186,Open
T084,23-24,45385,186,Open
T085,23-24,45385,186,Open
T086,23-24,45385,186,Open
T087,23-24,45385,186,Open
T088,23-24,45385,186,Open
T089,23-24,45385,186,Open
T090,23-24,45385,186,Open
T091,23-24,45385,186,Open
T092,23-24,45385,186,Open
T107,23-24,45385,186,Groomed
T108,23-24,45385,186,Groomed
T109,23-24,45385,186,Groomed
T110,23-24,45385,186,Open
T111,23-24,45385,186,Groomed
T112,23-24,45385,186,Open
T113,23-24,45385,186,Groomed
T114,23-24,45385,186,Groomed
T115,23-24,45385,186,Open
T116,23-24,45385,186,Groomed
T117,23-24,45385,186,Groomed
T118,23-24,45385,186,Groomed
T119,23-24,45385,186,Open
T127,23-24,45385,186,Open
T128,23-24,45385,186,Open
T129,23-24,45385,186,Open
T130,23-24,45385,186,Open
T131,23-24,45385,186,Open
T132,23-24,45385,186,Open
T133,23-24,45385,186,Open
T136,23-24,45385,186,Open
T137,23-24,45385,186,Open
T148,23-24,45385,186,Closed
T001,23-24,45386,187,Groomed
T002,23-24,45386,187,Closed
T003,23-24,45386,187,Groomed
T004,23-24,45386,187,Groomed
T005,23-24,45386,187,Groomed
T006,23-24,45386,187,Groomed
T007,23-24,45386,187,Groomed
T008,23-24,45386,187,Open
T009,23-24,45386,187,Groomed
T010,23-24,45386,187,Open
T011,23-24,45386,187,Groomed
T012,23-24,45386,187,Groomed
T013,23-24,45386,187,Groomed
T014,23-24,45386,187,Groomed
T015,23-24,45386,187,Groomed
T016,23-24,45386,187,Open
T017,23-24,45386,187,Open
T018,23-24,45386,187,Groomed
T019,23-24,45386,187,Open
T020,23-24,45386,187,Groomed
T021,23-24,45386,187,Groomed
T022,23-24,45386,187,Groomed
T023,23-24,45386,187,Groomed
T024,23-24,45386,187,Open
T025,23-24,45386,187,Groomed
T026,23-24,45386,187,Groomed
T027,23-24,45386,187,Open
T028,23-24,45386,187,Groomed
T029,23-24,45386,187,Groomed
T030,23-24,45386,187,Groomed
T031,23-24,45386,187,Groomed
T032,23-24,45386,187,Open
T033,23-24,45386,187,Groomed
T034,23-24,45386,187,Groomed
T035,23-24,45386,187,Open
T036,23-24,45386,187,Groomed
T037,23-24,45386,187,Open
T038,23-24,45386,187,Open
T039,23-24,45386,187,Open
T040,23-24,45386,187,Groomed
T042,23-24,45386,187,Closed
T043,23-24,45386,187,Closed
T044,23-24,45386,187,Open
T045,23-24,45386,187,Open
T046,23-24,45386,187,Closed
T047,23-24,45386,187,Open
T048,23-24,45386,187,Closed
T049,23-24,45386,187,Closed
T050,23-24,45386,187,Groomed
T051,23-24,45386,187,Groomed
T052,23-24,45386,187,Groomed
T053,23-24,45386,187,Groomed
T054,23-24,45386,187,Groomed
T055,23-24,45386,187,Open
T056,23-24,45386,187,Open
T057,23-24,45386,187,Open
T058,23-24,45386,187,Open
T061,23-24,45386,187,Groomed
T062,23-24,45386,187,Groomed
T063,23-24,45386,187,Groomed
T064,23-24,45386,187,Groomed
T065,23-24,45386,187,Groomed
T066,23-24,45386,187,Groomed
T067,23-24,45386,187,Groomed
T068,23-24,45386,187,Open
T069,23-24,45386,187,Open
T070,23-24,45386,187,Open
T071,23-24,45386,187,Open
T072,23-24,45386,187,Open
T073,23-24,45386,187,Open
T074,23-24,45386,187,Open
T075,23-24,45386,187,Open
T076,23-24,45386,187,Open
T077,23-24,45386,187,Groomed
T078,23-24,45386,187,Groomed
T079,23-24,45386,187,Groomed
T080,23-24,45386,187,Open
T081,23-24,45386,187,Open
T082,23-24,45386,187,Open
T083,23-24,45386,187,Open
T084,23-24,45386,187,Open
T085,23-24,45386,187,Open
T086,23-24,45386,187,Open
T087,23-24,45386,187,Open
T088,23-24,45386,187,Open
T089,23-24,45386,187,Open
T090,23-24,45386,187,Open
T091,23-24,45386,187,Open
T092,23-24,45386,187,Open
T107,23-24,45386,187,Groomed
T108,23-24,45386,187,Groomed
T109,23-24,45386,187,Groomed
T110,23-24,45386,187,Open
T111,23-24,45386,187,Groomed
T112,23-24,45386,187,Groomed
T113,23-24,45386,187,Groomed
T114,23-24,45386,187,Groomed
T115,23-24,45386,187,Open
T116,23-24,45386,187,Groomed
T117,23-24,45386,187,Groomed
T118,23-24,45386,187,Groomed
T119,23-24,45386,187,Open
T127,23-24,45386,187,Open
T128,23-24,45386,187,Open
T129,23-24,45386,187,Open
T130,23-24,45386,187,Open
T131,23-24,45386,187,Open
T132,23-24,45386,187,Open
T133,23-24,45386,187,Open
T136,23-24,45386,187,Open
T137,23-24,45386,187,Open
T148,23-24,45386,187,Closed
T001,23-24,45387,188,Groomed
T002,23-24,45387,188,Closed
T003,23-24,45387,188,Groomed
T004,23-24,45387,188,Groomed
T005,23-24,45387,188,Groomed
T006,23-24,45387,188,Open
T007,23-24,45387,188,Groomed
T008,23-24,45387,188,Open
T009,23-24,45387,188,Groomed
T010,23-24,45387,188,Open
T011,23-24,45387,188,Groomed
T012,23-24,45387,188,Groomed
T013,23-24,45387,188,Groomed
T014,23-24,45387,188,Groomed
T015,23-24,45387,188,Groomed
T016,23-24,45387,188,Open
T017,23-24,45387,188,Open
T018,23-24,45387,188,Groomed
T019,23-24,45387,188,Open
T020,23-24,45387,188,Groomed
T021,23-24,45387,188,Groomed
T022,23-24,45387,188,Groomed
T023,23-24,45387,188,Groomed
T024,23-24,45387,188,Open
T025,23-24,45387,188,Groomed
T026,23-24,45387,188,Open
T027,23-24,45387,188,Open
T028,23-24,45387,188,Groomed
T029,23-24,45387,188,Groomed
T030,23-24,45387,188,Groomed
T031,23-24,45387,188,Groomed
T032,23-24,45387,188,Groomed
T033,23-24,45387,188,Groomed
T034,23-24,45387,188,Groomed
T035,23-24,45387,188,Open
T036,23-24,45387,188,Groomed
T037,23-24,45387,188,Open
T038,23-24,45387,188,Open
T039,23-24,45387,188,Open
T040,23-24,45387,188,Groomed
T042,23-24,45387,188,Closed
T043,23-24,45387,188,Closed
T044,23-24,45387,188,Open
T045,23-24,45387,188,Open
T046,23-24,45387,188,Closed
T047,23-24,45387,188,Open
T048,23-24,45387,188,Closed
T049,23-24,45387,188,Closed
T050,23-24,45387,188,Groomed
T051,23-24,45387,188,Groomed
T052,23-24,45387,188,Groomed
T053,23-24,45387,188,Groomed
T054,23-24,45387,188,Groomed
T055,23-24,45387,188,Open
T056,23-24,45387,188,Open
T057,23-24,45387,188,Open
T058,23-24,45387,188,Open
T061,23-24,45387,188,Groomed
T062,23-24,45387,188,Groomed
T063,23-24,45387,188,Groomed
T064,23-24,45387,188,Groomed
T065,23-24,45387,188,Groomed
T066,23-24,45387,188,Groomed
T067,23-24,45387,188,Groomed
T068,23-24,45387,188,Open
T069,23-24,45387,188,Open
T070,23-24,45387,188,Open
T071,23-24,45387,188,Open
T072,23-24,45387,188,Open
T073,23-24,45387,188,Open
T074,23-24,45387,188,Open
T075,23-24,45387,188,Open
T076,23-24,45387,188,Open
T077,23-24,45387,188,Groomed
T078,23-24,45387,188,Groomed
T079,23-24,45387,188,Groomed
T080,23-24,45387,188,Open
T081,23-24,45387,188,Open
T082,23-24,45387,188,Open
T083,23-24,45387,188,Open
T084,23-24,45387,188,Open
T085,23-24,45387,188,Open
T086,23-24,45387,188,Open
T087,23-24,45387,188,Open
T088,23-24,45387,188,Open
T089,23-24,45387,188,Open
T090,23-24,45387,188,Open
T091,23-24,45387,188,Open
T092,23-24,45387,188,Open
T107,23-24,45387,188,Groomed
T108,23-24,45387,188,Groomed
T109,23-24,45387,188,Groomed
T110,23-24,45387,188,Open
T111,23-24,45387,188,Open
T112,23-24,45387,188,Groomed
T113,23-24,45387,188,Groomed
T114,23-24,45387,188,Open
T115,23-24,45387,188,Open
T116,23-24,45387,188,Groomed
T117,23-24,45387,188,Open
T118,23-24,45387,188,Groomed
T119,23-24,45387,188,Open
T127,23-24,45387,188,Open
T128,23-24,45387,188,Open
T129,23-24,45387,188,Open
T130,23-24,45387,188,Open
T131,23-24,45387,188,Open
T132,23-24,45387,188,Open
T133,23-24,45387,188,Open
T136,23-24,45387,188,Open
T137,23-24,45387,188,Open
T148,23-24,45387,188,Closed
T001,23-24,45388,189,Groomed
T002,23-24,45388,189,Closed
T003,23-24,45388,189,Groomed
T004,23-24,45388,189,Groomed
T005,23-24,45388,189,Groomed
T006,23-24,45388,189,Open
T007,23-24,45388,189,Groomed
T008,23-24,45388,189,Open
T009,23-24,45388,189,Groomed
T010,23-24,45388,189,Groomed
T011,23-24,45388,189,Groomed
T012,23-24,45388,189,Groomed
T013,23-24,45388,189,Groomed
T014,23-24,45388,189,Groomed
T015,23-24,45388,189,Groomed
T016,23-24,45388,189,Open
T017,23-24,45388,189,Open
T018,23-24,45388,189,Groomed
T019,23-24,45388,189,Open
T020,23-24,45388,189,Groomed
T021,23-24,45388,189,Groomed
T022,23-24,45388,189,Groomed
T023,23-24,45388,189,Groomed
T024,23-24,45388,189,Open
T025,23-24,45388,189,Groomed
T026,23-24,45388,189,Groomed
T027,23-24,45388,189,Groomed
T028,23-24,45388,189,Groomed
T029,23-24,45388,189,Groomed
T030,23-24,45388,189,Groomed
T031,23-24,45388,189,Groomed
T032,23-24,45388,189,Groomed
T033,23-24,45388,189,Groomed
T034,23-24,45388,189,Groomed
T035,23-24,45388,189,Open
T036,23-24,45388,189,Groomed
T037,23-24,45388,189,Open
T038,23-24,45388,189,Groomed
T039,23-24,45388,189,Groomed
T040,23-24,45388,189,Groomed
T042,23-24,45388,189,Closed
T043,23-24,45388,189,Closed
T044,23-24,45388,189,Open
T045,23-24,45388,189,Open
T046,23-24,45388,189,Closed
T047,23-24,45388,189,Open
T048,23-24,45388,189,Closed
T049,23-24,45388,189,Closed
T050,23-24,45388,189,Groomed
T051,23-24,45388,189,Groomed
T052,23-24,45388,189,Groomed
T053,23-24,45388,189,Groomed
T054,23-24,45388,189,Groomed
T055,23-24,45388,189,Open
T056,23-24,45388,189,Open
T057,23-24,45388,189,Open
T058,23-24,45388,189,Open
T061,23-24,45388,189,Groomed
T062,23-24,45388,189,Groomed
T063,23-24,45388,189,Groomed
T064,23-24,45388,189,Groomed
T065,23-24,45388,189,Groomed
T066,23-24,45388,189,Groomed
T067,23-24,45388,189,Groomed
T068,23-24,45388,189,Open
T069,23-24,45388,189,Open
T070,23-24,45388,189,Open
T071,23-24,45388,189,Open
T072,23-24,45388,189,Open
T073,23-24,45388,189,Open
T074,23-24,45388,189,Open
T075,23-24,45388,189,Open
T076,23-24,45388,189,Open
T077,23-24,45388,189,Groomed
T078,23-24,45388,189,Groomed
T079,23-24,45388,189,Groomed
T080,23-24,45388,189,Open
T081,23-24,45388,189,Open
T082,23-24,45388,189,Open
T083,23-24,45388,189,Open
T084,23-24,45388,189,Open
T085,23-24,45388,189,Open
T086,23-24,45388,189,Open
T087,23-24,45388,189,Open
T088,23-24,45388,189,Open
T089,23-24,45388,189,Open
T090,23-24,45388,189,Open
T091,23-24,45388,189,Open
T092,23-24,45388,189,Open
T107,23-24,45388,189,Groomed
T108,23-24,45388,189,Groomed
T109,23-24,45388,189,Groomed
T110,23-24,45388,189,Open
T111,23-24,45388,189,Open
T112,23-24,45388,189,Groomed
T113,23-24,45388,189,Groomed
T114,23-24,45388,189,Open
T115,23-24,45388,189,Open
T116,23-24,45388,189,Groomed
T117,23-24,45388,189,Open
T118,23-24,45388,189,Groomed
T119,23-24,45388,189,Open
T127,23-24,45388,189,Open
T128,23-24,45388,189,Open
T129,23-24,45388,189,Open
T130,23-24,45388,189,Open
T131,23-24,45388,189,Open
T132,23-24,45388,189,Open
T133,23-24,45388,189,Open
T136,23-24,45388,189,Open
T137,23-24,45388,189,Open
T148,23-24,45388,189,Closed
T001,23-24,45389,190,Groomed
T002,23-24,45389,190,Closed
T003,23-24,45389,190,Groomed
T004,23-24,45389,190,Groomed
T005,23-24,45389,190,Groomed
T006,23-24,45389,190,Open
T007,23-24,45389,190,Groomed
T008,23-24,45389,190,Open
T009,23-24,45389,190,Groomed
T010,23-24,45389,190,Groomed
T011,23-24,45389,190,Groomed
T012,23-24,45389,190,Groomed
T013,23-24,45389,190,Groomed
T014,23-24,45389,190,Groomed
T015,23-24,45389,190,Groomed
T016,23-24,45389,190,Open
T017,23-24,45389,190,Open
T018,23-24,45389,190,Groomed
T019,23-24,45389,190,Open
T020,23-24,45389,190,Groomed
T021,23-24,45389,190,Groomed
T022,23-24,45389,190,Groomed
T023,23-24,45389,190,Groomed
T024,23-24,45389,190,Open
T025,23-24,45389,190,Groomed
T026,23-24,45389,190,Groomed
T027,23-24,45389,190,Groomed
T028,23-24,45389,190,Groomed
T029,23-24,45389,190,Groomed
T030,23-24,45389,190,Groomed
T031,23-24,45389,190,Groomed
T032,23-24,45389,190,Groomed
T033,23-24,45389,190,Groomed
T034,23-24,45389,190,Groomed
T035,23-24,45389,190,Open
T036,23-24,45389,190,Groomed
T037,23-24,45389,190,Open
T038,23-24,45389,190,Groomed
T039,23-24,45389,190,Groomed
T040,23-24,45389,190,Groomed
T042,23-24,45389,190,Closed
T043,23-24,45389,190,Closed
T044,23-24,45389,190,Open
T045,23-24,45389,190,Open
T046,23-24,45389,190,Closed
T047,23-24,45389,190,Open
T048,23-24,45389,190,Closed
T049,23-24,45389,190,Closed
T050,23-24,45389,190,Groomed
T051,23-24,45389,190,Groomed
T052,23-24,45389,190,Closed
T053,23-24,45389,190,Groomed
T054,23-24,45389,190,Groomed
T055,23-24,45389,190,Open
T056,23-24,45389,190,Open
T057,23-24,45389,190,Open
T058,23-24,45389,190,Open
T061,23-24,45389,190,Groomed
T062,23-24,45389,190,Groomed
T063,23-24,45389,190,Groomed
T064,23-24,45389,190,Groomed
T065,23-24,45389,190,Groomed
T066,23-24,45389,190,Groomed
T067,23-24,45389,190,Groomed
T068,23-24,45389,190,Open
T069,23-24,45389,190,Open
T070,23-24,45389,190,Open
T071,23-24,45389,190,Open
T072,23-24,45389,190,Open
T073,23-24,45389,190,Open
T074,23-24,45389,190,Open
T075,23-24,45389,190,Open
T076,23-24,45389,190,Open
T077,23-24,45389,190,Groomed
T078,23-24,45389,190,Groomed
T079,23-24,45389,190,Groomed
T080,23-24,45389,190,Open
T081,23-24,45389,190,Open
T082,23-24,45389,190,Open
T083,23-24,45389,190,Open
T084,23-24,45389,190,Open
T085,23-24,45389,190,Open
T086,23-24,45389,190,Open
T087,23-24,45389,190,Open
T088,23-24,45389,190,Open
T089,23-24,45389,190,Open
T090,23-24,45389,190,Open
T091,23-24,45389,190,Open
T092,23-24,45389,190,Open
T107,23-24,45389,190,Groomed
T108,23-24,45389,190,Groomed
T109,23-24,45389,190,Groomed
T110,23-24,45389,190,Open
T111,23-24,45389,190,Open
T112,23-24,45389,190,Groomed
T113,23-24,45389,190,Groomed
T114,23-24,45389,190,Groomed
T115,23-24,45389,190,Open
T116,23-24,45389,190,Groomed
T117,23-24,45389,190,Open
T118,23-24,45389,190,Groomed
T119,23-24,45389,190,Open
T127,23-24,45389,190,Open
T128,23-24,45389,190,Open
T129,23-24,45389,190,Open
T130,23-24,45389,190,Open
T131,23-24,45389,190,Open
T132,23-24,45389,190,Open
T133,23-24,45389,190,Open
T136,23-24,45389,190,Open
T137,23-24,45389,190,Open
T148,23-24,45389,190,Closed
T001,23-24,45390,191,Groomed
T002,23-24,45390,191,Closed
T003,23-24,45390,191,Groomed
T004,23-24,45390,191,Closed
T005,23-24,45390,191,Closed
T006,23-24,45390,191,Open
T007,23-24,45390,191,Closed
T008,23-24,45390,191,Open
T009,23-24,45390,191,Groomed
T010,23-24,45390,191,Groomed
T011,23-24,45390,191,Groomed
T012,23-24,45390,191,Closed
T013,23-24,45390,191,Groomed
T014,23-24,45390,191,Closed
T015,23-24,45390,191,Closed
T016,23-24,45390,191,Open
T017,23-24,45390,191,Open
T018,23-24,45390,191,Groomed
T019,23-24,45390,191,Closed
T020,23-24,45390,191,Groomed
T021,23-24,45390,191,Closed
T022,23-24,45390,191,Groomed
T023,23-24,45390,191,Groomed
T024,23-24,45390,191,Open
T025,23-24,45390,191,Groomed
T026,23-24,45390,191,Groomed
T027,23-24,45390,191,Groomed
T028,23-24,45390,191,Closed
T029,23-24,45390,191,Closed
T030,23-24,45390,191,Closed
T031,23-24,45390,191,Closed
T032,23-24,45390,191,Groomed
T033,23-24,45390,191,Groomed
T034,23-24,45390,191,Closed
T035,23-24,45390,191,Open
T036,23-24,45390,191,Groomed
T037,23-24,45390,191,Closed
T038,23-24,45390,191,Groomed
T039,23-24,45390,191,Groomed
T040,23-24,45390,191,Closed
T042,23-24,45390,191,Closed
T043,23-24,45390,191,Closed
T044,23-24,45390,191,Open
T045,23-24,45390,191,Open
T046,23-24,45390,191,Closed
T047,23-24,45390,191,Closed
T048,23-24,45390,191,Closed
T049,23-24,45390,191,Closed
T050,23-24,45390,191,Closed
T051,23-24,45390,191,Closed
T052,23-24,45390,191,Closed
T053,23-24,45390,191,Closed
T054,23-24,45390,191,Closed
T055,23-24,45390,191,Closed
T056,23-24,45390,191,Closed
T057,23-24,45390,191,Closed
T058,23-24,45390,191,Closed
T061,23-24,45390,191,Closed
T062,23-24,45390,191,Closed
T063,23-24,45390,191,Closed
T064,23-24,45390,191,Closed
T065,23-24,45390,191,Closed
T066,23-24,45390,191,Closed
T067,23-24,45390,191,Closed
T068,23-24,45390,191,Closed
T069,23-24,45390,191,Closed
T070,23-24,45390,191,Closed
T071,23-24,45390,191,Closed
T072,23-24,45390,191,Closed
T073,23-24,45390,191,Closed
T074,23-24,45390,191,Closed
T075,23-24,45390,191,Closed
T076,23-24,45390,191,Closed
T077,23-24,45390,191,Closed
T078,23-24,45390,191,Closed
T079,23-24,45390,191,Closed
T080,23-24,45390,191,Closed
T081,23-24,45390,191,Closed
T082,23-24,45390,191,Closed
T083,23-24,45390,191,Closed
T084,23-24,45390,191,Closed
T085,23-24,45390,191,Closed
T086,23-24,45390,191,Closed
T087,23-24,45390,191,Closed
T088,23-24,45390,191,Closed
T089,23-24,45390,191,Closed
T090,23-24,45390,191,Closed
T091,23-24,45390,191,Closed
T092,23-24,45390,191,Closed
T107,23-24,45390,191,Closed
T108,23-24,45390,191,Closed
T109,23-24,45390,191,Closed
T110,23-24,45390,191,Closed
T111,23-24,45390,191,Closed
T112,23-24,45390,191,Closed
T113,23-24,45390,191,Closed
T114,23-24,45390,191,Closed
T115,23-24,45390,191,Closed
T116,23-24,45390,191,Closed
T117,23-24,45390,191,Closed
T118,23-24,45390,191,Closed
T119,23-24,45390,191,Closed
T127,23-24,45390,191,Closed
T128,23-24,45390,191,Closed
T129,23-24,45390,191,Closed
T130,23-24,45390,191,Closed
T131,23-24,45390,191,Closed
T132,23-24,45390,191,Closed
T133,23-24,45390,191,Closed
T136,23-24,45390,191,Closed
T137,23-24,45390,191,Closed
T148,23-24,45390,191,Closed
T001,23-24,45391,192,Not Open
T002,23-24,45391,192,Not Open
T003,23-24,45391,192,Not Open
T004,23-24,45391,192,Not Open
T005,23-24,45391,192,Not Open
T006,23-24,45391,192,Not Open
T007,23-24,45391,192,Not Open
T008,23-24,45391,192,Not Open
T009,23-24,45391,192,Not Open
T010,23-24,45391,192,Not Open
T011,23-24,45391,192,Not Open
T012,23-24,45391,192,Not Open
T013,23-24,45391,192,Not Open
T014,23-24,45391,192,Not Open
T015,23-24,45391,192,Not Open
T016,23-24,45391,192,Not Open
T017,23-24,45391,192,Not Open
T018,23-24,45391,192,Not Open
T019,23-24,45391,192,Not Open
T020,23-24,45391,192,Not Open
T021,23-24,45391,192,Not Open
T022,23-24,45391,192,Not Open
T023,23-24,45391,192,Not Open
T024,23-24,45391,192,Not Open
T025,23-24,45391,192,Not Open
T026,23-24,45391,192,Not Open
T027,23-24,45391,192,Not Open
T028,23-24,45391,192,Not Open
T029,23-24,45391,192,Not Open
T030,23-24,45391,192,Not Open
T031,23-24,45391,192,Not Open
T032,23-24,45391,192,Not Open
T033,23-24,45391,192,Not Open
T034,23-24,45391,192,Not Open
T035,23-24,45391,192,Not Open
T036,23-24,45391,192,Not Open
T037,23-24,45391,192,Not Open
T038,23-24,45391,192,Not Open
T039,23-24,45391,192,Not Open
T040,23-24,45391,192,Not Open
T042,23-24,45391,192,Not Open
T043,23-24,45391,192,Not Open
T044,23-24,45391,192,Not Open
T045,23-24,45391,192,Not Open
T046,23-24,45391,192,Not Open
T047,23-24,45391,192,Not Open
T048,23-24,45391,192,Not Open
T049,23-24,45391,192,Not Open
T050,23-24,45391,192,Not Open
T051,23-24,45391,192,Not Open
T052,23-24,45391,192,Not Open
T053,23-24,45391,192,Not Open
T054,23-24,45391,192,Not Open
T055,23-24,45391,192,Not Open
T056,23-24,45391,192,Not Open
T057,23-24,45391,192,Not Open
T058,23-24,45391,192,Not Open
T061,23-24,45391,192,Not Open
T062,23-24,45391,192,Not Open
T063,23-24,45391,192,Not Open
T064,23-24,45391,192,Not Open
T065,23-24,45391,192,Not Open
T066,23-24,45391,192,Not Open
T067,23-24,45391,192,Not Open
T068,23-24,45391,192,Not Open
T069,23-24,45391,192,Not Open
T070,23-24,45391,192,Not Open
T071,23-24,45391,192,Not Open
T072,23-24,45391,192,Not Open
T073,23-24,45391,192,Not Open
T074,23-24,45391,192,Not Open
T075,23-24,45391,192,Not Open
T076,23-24,45391,192,Not Open
T077,23-24,45391,192,Not Open
T078,23-24,45391,192,Not Open
T079,23-24,45391,192,Not Open
T080,23-24,45391,192,Not Open
T081,23-24,45391,192,Not Open
T082,23-24,45391,192,Not Open
T083,23-24,45391,192,Not Open
T084,23-24,45391,192,Not Open
T085,23-24,45391,192,Not Open
T086,23-24,45391,192,Not Open
T087,23-24,45391,192,Not Open
T088,23-24,45391,192,Not Open
T089,23-24,45391,192,Not Open
T090,23-24,45391,192,Not Open
T091,23-24,45391,192,Not Open
T092,23-24,45391,192,Not Open
T107,23-24,45391,192,Not Open
T108,23-24,45391,192,Not Open
T109,23-24,45391,192,Not Open
T110,23-24,45391,192,Not Open
T111,23-24,45391,192,Not Open
T112,23-24,45391,192,Not Open
T113,23-24,45391,192,Not Open
T114,23-24,45391,192,Not Open
T115,23-24,45391,192,Not Open
T116,23-24,45391,192,Not Open
T117,23-24,45391,192,Not Open
T118,23-24,45391,192,Not Open
T119,23-24,45391,192,Not Open
T127,23-24,45391,192,Not Open
T128,23-24,45391,192,Not Open
T129,23-24,45391,192,Not Open
T130,23-24,45391,192,Not Open
T131,23-24,45391,192,Not Open
T132,23-24,45391,192,Not Open
T133,23-24,45391,192,Not Open
T136,23-24,45391,192,Not Open
T137,23-24,45391,192,Not Open
T148,23-24,45391,192,Not Open
T001,23-24,45392,193,Not Open
T002,23-24,45392,193,Not Open
T003,23-24,45392,193,Not Open
T004,23-24,45392,193,Not Open
T005,23-24,45392,193,Not Open
T006,23-24,45392,193,Not Open
T007,23-24,45392,193,Not Open
T008,23-24,45392,193,Not Open
T009,23-24,45392,193,Not Open
T010,23-24,45392,193,Not Open
T011,23-24,45392,193,Not Open
T012,23-24,45392,193,Not Open
T013,23-24,45392,193,Not Open
T014,23-24,45392,193,Not Open
T015,23-24,45392,193,Not Open
T016,23-24,45392,193,Not Open
T017,23-24,45392,193,Not Open
T018,23-24,45392,193,Not Open
T019,23-24,45392,193,Not Open
T020,23-24,45392,193,Not Open
T021,23-24,45392,193,Not Open
T022,23-24,45392,193,Not Open
T023,23-24,45392,193,Not Open
T024,23-24,45392,193,Not Open
T025,23-24,45392,193,Not Open
T026,23-24,45392,193,Not Open
T027,23-24,45392,193,Not Open
T028,23-24,45392,193,Not Open
T029,23-24,45392,193,Not Open
T030,23-24,45392,193,Not Open
T031,23-24,45392,193,Not Open
T032,23-24,45392,193,Not Open
T033,23-24,45392,193,Not Open
T034,23-24,45392,193,Not Open
T035,23-24,45392,193,Not Open
T036,23-24,45392,193,Not Open
T037,23-24,45392,193,Not Open
T038,23-24,45392,193,Not Open
T039,23-24,45392,193,Not Open
T040,23-24,45392,193,Not Open
T042,23-24,45392,193,Not Open
T043,23-24,45392,193,Not Open
T044,23-24,45392,193,Not Open
T045,23-24,45392,193,Not Open
T046,23-24,45392,193,Not Open
T047,23-24,45392,193,Not Open
T048,23-24,45392,193,Not Open
T049,23-24,45392,193,Not Open
T050,23-24,45392,193,Not Open
T051,23-24,45392,193,Not Open
T052,23-24,45392,193,Not Open
T053,23-24,45392,193,Not Open
T054,23-24,45392,193,Not Open
T055,23-24,45392,193,Not Open
T056,23-24,45392,193,Not Open
T057,23-24,45392,193,Not Open
T058,23-24,45392,193,Not Open
T061,23-24,45392,193,Not Open
T062,23-24,45392,193,Not Open
T063,23-24,45392,193,Not Open
T064,23-24,45392,193,Not Open
T065,23-24,45392,193,Not Open
T066,23-24,45392,193,Not Open
T067,23-24,45392,193,Not Open
T068,23-24,45392,193,Not Open
T069,23-24,45392,193,Not Open
T070,23-24,45392,193,Not Open
T071,23-24,45392,193,Not Open
T072,23-24,45392,193,Not Open
T073,23-24,45392,193,Not Open
T074,23-24,45392,193,Not Open
T075,23-24,45392,193,Not Open
T076,23-24,45392,193,Not Open
T077,23-24,45392,193,Not Open
T078,23-24,45392,193,Not Open
T079,23-24,45392,193,Not Open
T080,23-24,45392,193,Not Open
T081,23-24,45392,193,Not Open
T082,23-24,45392,193,Not Open
T083,23-24,45392,193,Not Open
T084,23-24,45392,193,Not Open
T085,23-24,45392,193,Not Open
T086,23-24,45392,193,Not Open
T087,23-24,45392,193,Not Open
T088,23-24,45392,193,Not Open
T089,23-24,45392,193,Not Open
T090,23-24,45392,193,Not Open
T091,23-24,45392,193,Not Open
T092,23-24,45392,193,Not Open
T107,23-24,45392,193,Not Open
T108,23-24,45392,193,Not Open
T109,23-24,45392,193,Not Open
T110,23-24,45392,193,Not Open
T111,23-24,45392,193,Not Open
T112,23-24,45392,193,Not Open
T113,23-24,45392,193,Not Open
T114,23-24,45392,193,Not Open
T115,23-24,45392,193,Not Open
T116,23-24,45392,193,Not Open
T117,23-24,45392,193,Not Open
T118,23-24,45392,193,Not Open
T119,23-24,45392,193,Not Open
T127,23-24,45392,193,Not Open
T128,23-24,45392,193,Not Open
T129,23-24,45392,193,Not Open
T130,23-24,45392,193,Not Open
T131,23-24,45392,193,Not Open
T132,23-24,45392,193,Not Open
T133,23-24,45392,193,Not Open
T136,23-24,45392,193,Not Open
T137,23-24,45392,193,Not Open
T148,23-24,45392,193,Not Open
T001,23-24,45393,194,Not Open
T002,23-24,45393,194,Not Open
T003,23-24,45393,194,Not Open
T004,23-24,45393,194,Not Open
T005,23-24,45393,194,Not Open
T006,23-24,45393,194,Not Open
T007,23-24,45393,194,Not Open
T008,23-24,45393,194,Not Open
T009,23-24,45393,194,Not Open
T010,23-24,45393,194,Not Open
T011,23-24,45393,194,Not Open
T012,23-24,45393,194,Not Open
T013,23-24,45393,194,Not Open
T014,23-24,45393,194,Not Open
T015,23-24,45393,194,Not Open
T016,23-24,45393,194,Not Open
T017,23-24,45393,194,Not Open
T018,23-24,45393,194,Not Open
T019,23-24,45393,194,Not Open
T020,23-24,45393,194,Not Open
T021,23-24,45393,194,Not Open
T022,23-24,45393,194,Not Open
T023,23-24,45393,194,Not Open
T024,23-24,45393,194,Not Open
T025,23-24,45393,194,Not Open
T026,23-24,45393,194,Not Open
T027,23-24,45393,194,Not Open
T028,23-24,45393,194,Not Open
T029,23-24,45393,194,Not Open
T030,23-24,45393,194,Not Open
T031,23-24,45393,194,Not Open
T032,23-24,45393,194,Not Open
T033,23-24,45393,194,Not Open
T034,23-24,45393,194,Not Open
T035,23-24,45393,194,Not Open
T036,23-24,45393,194,Not Open
T037,23-24,45393,194,Not Open
T038,23-24,45393,194,Not Open
T039,23-24,45393,194,Not Open
T040,23-24,45393,194,Not Open
T042,23-24,45393,194,Not Open
T043,23-24,45393,194,Not Open
T044,23-24,45393,194,Not Open
T045,23-24,45393,194,Not Open
T046,23-24,45393,194,Not Open
T047,23-24,45393,194,Not Open
T048,23-24,45393,194,Not Open
T049,23-24,45393,194,Not Open
T050,23-24,45393,194,Not Open
T051,23-24,45393,194,Not Open
T052,23-24,45393,194,Not Open
T053,23-24,45393,194,Not Open
T054,23-24,45393,194,Not Open
T055,23-24,45393,194,Not Open
T056,23-24,45393,194,Not Open
T057,23-24,45393,194,Not Open
T058,23-24,45393,194,Not Open
T061,23-24,45393,194,Not Open
T062,23-24,45393,194,Not Open
T063,23-24,45393,194,Not Open
T064,23-24,45393,194,Not Open
T065,23-24,45393,194,Not Open
T066,23-24,45393,194,Not Open
T067,23-24,45393,194,Not Open
T068,23-24,45393,194,Not Open
T069,23-24,45393,194,Not Open
T070,23-24,45393,194,Not Open
T071,23-24,45393,194,Not Open
T072,23-24,45393,194,Not Open
T073,23-24,45393,194,Not Open
T074,23-24,45393,194,Not Open
T075,23-24,45393,194,Not Open
T076,23-24,45393,194,Not Open
T077,23-24,45393,194,Not Open
T078,23-24,45393,194,Not Open
T079,23-24,45393,194,Not Open
T080,23-24,45393,194,Not Open
T081,23-24,45393,194,Not Open
T082,23-24,45393,194,Not Open
T083,23-24,45393,194,Not Open
T084,23-24,45393,194,Not Open
T085,23-24,45393,194,Not Open
T086,23-24,45393,194,Not Open
T087,23-24,45393,194,Not Open
T088,23-24,45393,194,Not Open
T089,23-24,45393,194,Not Open
T090,23-24,45393,194,Not Open
T091,23-24,45393,194,Not Open
T092,23-24,45393,194,Not Open
T107,23-24,45393,194,Not Open
T108,23-24,45393,194,Not Open
T109,23-24,45393,194,Not Open
T110,23-24,45393,194,Not Open
T111,23-24,45393,194,Not Open
T112,23-24,45393,194,Not Open
T113,23-24,45393,194,Not Open
T114,23-24,45393,194,Not Open
T115,23-24,45393,194,Not Open
T116,23-24,45393,194,Not Open
T117,23-24,45393,194,Not Open
T118,23-24,45393,194,Not Open
T119,23-24,45393,194,Not Open
T127,23-24,45393,194,Not Open
T128,23-24,45393,194,Not Open
T129,23-24,45393,194,Not Open
T130,23-24,45393,194,Not Open
T131,23-24,45393,194,Not Open
T132,23-24,45393,194,Not Open
T133,23-24,45393,194,Not Open
T136,23-24,45393,194,Not Open
T137,23-24,45393,194,Not Open
T148,23-24,45393,194,Not Open
T001,23-24,45394,195,Not Open
T002,23-24,45394,195,Not Open
T003,23-24,45394,195,Not Open
T004,23-24,45394,195,Not Open
T005,23-24,45394,195,Not Open
T006,23-24,45394,195,Not Open
T007,23-24,45394,195,Not Open
T008,23-24,45394,195,Not Open
T009,23-24,45394,195,Not Open
T010,23-24,45394,195,Not Open
T011,23-24,45394,195,Not Open
T012,23-24,45394,195,Not Open
T013,23-24,45394,195,Not Open
T014,23-24,45394,195,Not Open
T015,23-24,45394,195,Not Open
T016,23-24,45394,195,Not Open
T017,23-24,45394,195,Not Open
T018,23-24,45394,195,Not Open
T019,23-24,45394,195,Not Open
T020,23-24,45394,195,Not Open
T021,23-24,45394,195,Not Open
T022,23-24,45394,195,Not Open
T023,23-24,45394,195,Not Open
T024,23-24,45394,195,Not Open
T025,23-24,45394,195,Not Open
T026,23-24,45394,195,Not Open
T027,23-24,45394,195,Not Open
T028,23-24,45394,195,Not Open
T029,23-24,45394,195,Not Open
T030,23-24,45394,195,Not Open
T031,23-24,45394,195,Not Open
T032,23-24,45394,195,Not Open
T033,23-24,45394,195,Not Open
T034,23-24,45394,195,Not Open
T035,23-24,45394,195,Not Open
T036,23-24,45394,195,Not Open
T037,23-24,45394,195,Not Open
T038,23-24,45394,195,Not Open
T039,23-24,45394,195,Not Open
T040,23-24,45394,195,Not Open
T042,23-24,45394,195,Not Open
T043,23-24,45394,195,Not Open
T044,23-24,45394,195,Not Open
T045,23-24,45394,195,Not Open
T046,23-24,45394,195,Not Open
T047,23-24,45394,195,Not Open
T048,23-24,45394,195,Not Open
T049,23-24,45394,195,Not Open
T050,23-24,45394,195,Not Open
T051,23-24,45394,195,Not Open
T052,23-24,45394,195,Not Open
T053,23-24,45394,195,Not Open
T054,23-24,45394,195,Not Open
T055,23-24,45394,195,Not Open
T056,23-24,45394,195,Not Open
T057,23-24,45394,195,Not Open
T058,23-24,45394,195,Not Open
T061,23-24,45394,195,Not Open
T062,23-24,45394,195,Not Open
T063,23-24,45394,195,Not Open
T064,23-24,45394,195,Not Open
T065,23-24,45394,195,Not Open
T066,23-24,45394,195,Not Open
T067,23-24,45394,195,Not Open
T068,23-24,45394,195,Not Open
T069,23-24,45394,195,Not Open
T070,23-24,45394,195,Not Open
T071,23-24,45394,195,Not Open
T072,23-24,45394,195,Not Open
T073,23-24,45394,195,Not Open
T074,23-24,45394,195,Not Open
T075,23-24,45394,195,Not Open
T076,23-24,45394,195,Not Open
T077,23-24,45394,195,Not Open
T078,23-24,45394,195,Not Open
T079,23-24,45394,195,Not Open
T080,23-24,45394,195,Not Open
T081,23-24,45394,195,Not Open
T082,23-24,45394,195,Not Open
T083,23-24,45394,195,Not Open
T084,23-24,45394,195,Not Open
T085,23-24,45394,195,Not Open
T086,23-24,45394,195,Not Open
T087,23-24,45394,195,Not Open
T088,23-24,45394,195,Not Open
T089,23-24,45394,195,Not Open
T090,23-24,45394,195,Not Open
T091,23-24,45394,195,Not Open
T092,23-24,45394,195,Not Open
T107,23-24,45394,195,Not Open
T108,23-24,45394,195,Not Open
T109,23-24,45394,195,Not Open
T110,23-24,45394,195,Not Open
T111,23-24,45394,195,Not Open
T112,23-24,45394,195,Not Open
T113,23-24,45394,195,Not Open
T114,23-24,45394,195,Not Open
T115,23-24,45394,195,Not Open
T116,23-24,45394,195,Not Open
T117,23-24,45394,195,Not Open
T118,23-24,45394,195,Not Open
T119,23-24,45394,195,Not Open
T127,23-24,45394,195,Not Open
T128,23-24,45394,195,Not Open
T129,23-24,45394,195,Not Open
T130,23-24,45394,195,Not Open
T131,23-24,45394,195,Not Open
T132,23-24,45394,195,Not Open
T133,23-24,45394,195,Not Open
T136,23-24,45394,195,Not Open
T137,23-24,45394,195,Not Open
T148,23-24,45394,195,Not Open
T001,23-24,45395,196,Not Open
T002,23-24,45395,196,Not Open
T003,23-24,45395,196,Not Open
T004,23-24,45395,196,Not Open
T005,23-24,45395,196,Not Open
T006,23-24,45395,196,Not Open
T007,23-24,45395,196,Not Open
T008,23-24,45395,196,Not Open
T009,23-24,45395,196,Not Open
T010,23-24,45395,196,Not Open
T011,23-24,45395,196,Not Open
T012,23-24,45395,196,Not Open
T013,23-24,45395,196,Not Open
T014,23-24,45395,196,Not Open
T015,23-24,45395,196,Not Open
T016,23-24,45395,196,Not Open
T017,23-24,45395,196,Not Open
T018,23-24,45395,196,Not Open
T019,23-24,45395,196,Not Open
T020,23-24,45395,196,Not Open
T021,23-24,45395,196,Not Open
T022,23-24,45395,196,Not Open
T023,23-24,45395,196,Not Open
T024,23-24,45395,196,Not Open
T025,23-24,45395,196,Not Open
T026,23-24,45395,196,Not Open
T027,23-24,45395,196,Not Open
T028,23-24,45395,196,Not Open
T029,23-24,45395,196,Not Open
T030,23-24,45395,196,Not Open
T031,23-24,45395,196,Not Open
T032,23-24,45395,196,Not Open
T033,23-24,45395,196,Not Open
T034,23-24,45395,196,Not Open
T035,23-24,45395,196,Not Open
T036,23-24,45395,196,Not Open
T037,23-24,45395,196,Not Open
T038,23-24,45395,196,Not Open
T039,23-24,45395,196,Not Open
T040,23-24,45395,196,Not Open
T042,23-24,45395,196,Not Open
T043,23-24,45395,196,Not Open
T044,23-24,45395,196,Not Open
T045,23-24,45395,196,Not Open
T046,23-24,45395,196,Not Open
T047,23-24,45395,196,Not Open
T048,23-24,45395,196,Not Open
T049,23-24,45395,196,Not Open
T050,23-24,45395,196,Not Open
T051,23-24,45395,196,Not Open
T052,23-24,45395,196,Not Open
T053,23-24,45395,196,Not Open
T054,23-24,45395,196,Not Open
T055,23-24,45395,196,Not Open
T056,23-24,45395,196,Not Open
T057,23-24,45395,196,Not Open
T058,23-24,45395,196,Not Open
T061,23-24,45395,196,Not Open
T062,23-24,45395,196,Not Open
T063,23-24,45395,196,Not Open
T064,23-24,45395,196,Not Open
T065,23-24,45395,196,Not Open
T066,23-24,45395,196,Not Open
T067,23-24,45395,196,Not Open
T068,23-24,45395,196,Not Open
T069,23-24,45395,196,Not Open
T070,23-24,45395,196,Not Open
T071,23-24,45395,196,Not Open
T072,23-24,45395,196,Not Open
T073,23-24,45395,196,Not Open
T074,23-24,45395,196,Not Open
T075,23-24,45395,196,Not Open
T076,23-24,45395,196,Not Open
T077,23-24,45395,196,Not Open
T078,23-24,45395,196,Not Open
T079,23-24,45395,196,Not Open
T080,23-24,45395,196,Not Open
T081,23-24,45395,196,Not Open
T082,23-24,45395,196,Not Open
T083,23-24,45395,196,Not Open
T084,23-24,45395,196,Not Open
T085,23-24,45395,196,Not Open
T086,23-24,45395,196,Not Open
T087,23-24,45395,196,Not Open
T088,23-24,45395,196,Not Open
T089,23-24,45395,196,Not Open
T090,23-24,45395,196,Not Open
T091,23-24,45395,196,Not Open
T092,23-24,45395,196,Not Open
T107,23-24,45395,196,Not Open
T108,23-24,45395,196,Not Open
T109,23-24,45395,196,Not Open
T110,23-24,45395,196,Not Open
T111,23-24,45395,196,Not Open
T112,23-24,45395,196,Not Open
T113,23-24,45395,196,Not Open
T114,23-24,45395,196,Not Open
T115,23-24,45395,196,Not Open
T116,23-24,45395,196,Not Open
T117,23-24,45395,196,Not Open
T118,23-24,45395,196,Not Open
T119,23-24,45395,196,Not Open
T127,23-24,45395,196,Not Open
T128,23-24,45395,196,Not Open
T129,23-24,45395,196,Not Open
T130,23-24,45395,196,Not Open
T131,23-24,45395,196,Not Open
T132,23-24,45395,196,Not Open
T133,23-24,45395,196,Not Open
T136,23-24,45395,196,Not Open
T137,23-24,45395,196,Not Open
T148,23-24,45395,196,Not Open
T001,23-24,45396,197,Not Open
T002,23-24,45396,197,Not Open
T003,23-24,45396,197,Not Open
T004,23-24,45396,197,Not Open
T005,23-24,45396,197,Not Open
T006,23-24,45396,197,Not Open
T007,23-24,45396,197,Not Open
T008,23-24,45396,197,Not Open
T009,23-24,45396,197,Not Open
T010,23-24,45396,197,Not Open
T011,23-24,45396,197,Not Open
T012,23-24,45396,197,Not Open
T013,23-24,45396,197,Not Open
T014,23-24,45396,197,Not Open
T015,23-24,45396,197,Not Open
T016,23-24,45396,197,Not Open
T017,23-24,45396,197,Not Open
T018,23-24,45396,197,Not Open
T019,23-24,45396,197,Not Open
T020,23-24,45396,197,Not Open
T021,23-24,45396,197,Not Open
T022,23-24,45396,197,Not Open
T023,23-24,45396,197,Not Open
T024,23-24,45396,197,Not Open
T025,23-24,45396,197,Not Open
T026,23-24,45396,197,Not Open
T027,23-24,45396,197,Not Open
T028,23-24,45396,197,Not Open
T029,23-24,45396,197,Not Open
T030,23-24,45396,197,Not Open
T031,23-24,45396,197,Not Open
T032,23-24,45396,197,Not Open
T033,23-24,45396,197,Not Open
T034,23-24,45396,197,Not Open
T035,23-24,45396,197,Not Open
T036,23-24,45396,197,Not Open
T037,23-24,45396,197,Not Open
T038,23-24,45396,197,Not Open
T039,23-24,45396,197,Not Open
T040,23-24,45396,197,Not Open
T042,23-24,45396,197,Not Open
T043,23-24,45396,197,Not Open
T044,23-24,45396,197,Not Open
T045,23-24,45396,197,Not Open
T046,23-24,45396,197,Not Open
T047,23-24,45396,197,Not Open
T048,23-24,45396,197,Not Open
T049,23-24,45396,197,Not Open
T050,23-24,45396,197,Not Open
T051,23-24,45396,197,Not Open
T052,23-24,45396,197,Not Open
T053,23-24,45396,197,Not Open
T054,23-24,45396,197,Not Open
T055,23-24,45396,197,Not Open
T056,23-24,45396,197,Not Open
T057,23-24,45396,197,Not Open
T058,23-24,45396,197,Not Open
T061,23-24,45396,197,Not Open
T062,23-24,45396,197,Not Open
T063,23-24,45396,197,Not Open
T064,23-24,45396,197,Not Open
T065,23-24,45396,197,Not Open
T066,23-24,45396,197,Not Open
T067,23-24,45396,197,Not Open
T068,23-24,45396,197,Not Open
T069,23-24,45396,197,Not Open
T070,23-24,45396,197,Not Open
T071,23-24,45396,197,Not Open
T072,23-24,45396,197,Not Open
T073,23-24,45396,197,Not Open
T074,23-24,45396,197,Not Open
T075,23-24,45396,197,Not Open
T076,23-24,45396,197,Not Open
T077,23-24,45396,197,Not Open
T078,23-24,45396,197,Not Open
T079,23-24,45396,197,Not Open
T080,23-24,45396,197,Not Open
T081,23-24,45396,197,Not Open
T082,23-24,45396,197,Not Open
T083,23-24,45396,197,Not Open
T084,23-24,45396,197,Not Open
T085,23-24,45396,197,Not Open
T086,23-24,45396,197,Not Open
T087,23-24,45396,197,Not Open
T088,23-24,45396,197,Not Open
T089,23-24,45396,197,Not Open
T090,23-24,45396,197,Not Open
T091,23-24,45396,197,Not Open
T092,23-24,45396,197,Not Open
T107,23-24,45396,197,Not Open
T108,23-24,45396,197,Not Open
T109,23-24,45396,197,Not Open
T110,23-24,45396,197,Not Open
T111,23-24,45396,197,Not Open
T112,23-24,45396,197,Not Open
T113,23-24,45396,197,Not Open
T114,23-24,45396,197,Not Open
T115,23-24,45396,197,Not Open
T116,23-24,45396,197,Not Open
T117,23-24,45396,197,Not Open
T118,23-24,45396,197,Not Open
T119,23-24,45396,197,Not Open
T127,23-24,45396,197,Not Open
T128,23-24,45396,197,Not Open
T129,23-24,45396,197,Not Open
T130,23-24,45396,197,Not Open
T131,23-24,45396,197,Not Open
T132,23-24,45396,197,Not Open
T133,23-24,45396,197,Not Open
T136,23-24,45396,197,Not Open
T137,23-24,45396,197,Not Open
T148,23-24,45396,197,Not Open
T001,23-24,45397,198,Not Open
T002,23-24,45397,198,Not Open
T003,23-24,45397,198,Not Open
T004,23-24,45397,198,Not Open
T005,23-24,45397,198,Not Open
T006,23-24,45397,198,Not Open
T007,23-24,45397,198,Not Open
T008,23-24,45397,198,Not Open
T009,23-24,45397,198,Not Open
T010,23-24,45397,198,Not Open
T011,23-24,45397,198,Not Open
T012,23-24,45397,198,Not Open
T013,23-24,45397,198,Not Open
T014,23-24,45397,198,Not Open
T015,23-24,45397,198,Not Open
T016,23-24,45397,198,Not Open
T017,23-24,45397,198,Not Open
T018,23-24,45397,198,Not Open
T019,23-24,45397,198,Not Open
T020,23-24,45397,198,Not Open
T021,23-24,45397,198,Not Open
T022,23-24,45397,198,Not Open
T023,23-24,45397,198,Not Open
T024,23-24,45397,198,Not Open
T025,23-24,45397,198,Not Open
T026,23-24,45397,198,Not Open
T027,23-24,45397,198,Not Open
T028,23-24,45397,198,Not Open
T029,23-24,45397,198,Not Open
T030,23-24,45397,198,Not Open
T031,23-24,45397,198,Not Open
T032,23-24,45397,198,Not Open
T033,23-24,45397,198,Not Open
T034,23-24,45397,198,Not Open
T035,23-24,45397,198,Not Open
T036,23-24,45397,198,Not Open
T037,23-24,45397,198,Not Open
T038,23-24,45397,198,Not Open
T039,23-24,45397,198,Not Open
T040,23-24,45397,198,Not Open
T042,23-24,45397,198,Not Open
T043,23-24,45397,198,Not Open
T044,23-24,45397,198,Not Open
T045,23-24,45397,198,Not Open
T046,23-24,45397,198,Not Open
T047,23-24,45397,198,Not Open
T048,23-24,45397,198,Not Open
T049,23-24,45397,198,Not Open
T050,23-24,45397,198,Not Open
T051,23-24,45397,198,Not Open
T052,23-24,45397,198,Not Open
T053,23-24,45397,198,Not Open
T054,23-24,45397,198,Not Open
T055,23-24,45397,198,Not Open
T056,23-24,45397,198,Not Open
T057,23-24,45397,198,Not Open
T058,23-24,45397,198,Not Open
T061,23-24,45397,198,Not Open
T062,23-24,45397,198,Not Open
T063,23-24,45397,198,Not Open
T064,23-24,45397,198,Not Open
T065,23-24,45397,198,Not Open
T066,23-24,45397,198,Not Open
T067,23-24,45397,198,Not Open
T068,23-24,45397,198,Not Open
T069,23-24,45397,198,Not Open
T070,23-24,45397,198,Not Open
T071,23-24,45397,198,Not Open
T072,23-24,45397,198,Not Open
T073,23-24,45397,198,Not Open
T074,23-24,45397,198,Not Open
T075,23-24,45397,198,Not Open
T076,23-24,45397,198,Not Open
T077,23-24,45397,198,Not Open
T078,23-24,45397,198,Not Open
T079,23-24,45397,198,Not Open
T080,23-24,45397,198,Not Open
T081,23-24,45397,198,Not Open
T082,23-24,45397,198,Not Open
T083,23-24,45397,198,Not Open
T084,23-24,45397,198,Not Open
T085,23-24,45397,198,Not Open
T086,23-24,45397,198,Not Open
T087,23-24,45397,198,Not Open
T088,23-24,45397,198,Not Open
T089,23-24,45397,198,Not Open
T090,23-24,45397,198,Not Open
T091,23-24,45397,198,Not Open
T092,23-24,45397,198,Not Open
T107,23-24,45397,198,Not Open
T108,23-24,45397,198,Not Open
T109,23-24,45397,198,Not Open
T110,23-24,45397,198,Not Open
T111,23-24,45397,198,Not Open
T112,23-24,45397,198,Not Open
T113,23-24,45397,198,Not Open
T114,23-24,45397,198,Not Open
T115,23-24,45397,198,Not Open
T116,23-24,45397,198,Not Open
T117,23-24,45397,198,Not Open
T118,23-24,45397,198,Not Open
T119,23-24,45397,198,Not Open
T127,23-24,45397,198,Not Open
T128,23-24,45397,198,Not Open
T129,23-24,45397,198,Not Open
T130,23-24,45397,198,Not Open
T131,23-24,45397,198,Not Open
T132,23-24,45397,198,Not Open
T133,23-24,45397,198,Not Open
T136,23-24,45397,198,Not Open
T137,23-24,45397,198,Not Open
T148,23-24,45397,198,Not Open
T001,23-24,45398,199,Not Open
T002,23-24,45398,199,Not Open
T003,23-24,45398,199,Not Open
T004,23-24,45398,199,Not Open
T005,23-24,45398,199,Not Open
T006,23-24,45398,199,Not Open
T007,23-24,45398,199,Not Open
T008,23-24,45398,199,Not Open
T009,23-24,45398,199,Not Open
T010,23-24,45398,199,Not Open
T011,23-24,45398,199,Not Open
T012,23-24,45398,199,Not Open
T013,23-24,45398,199,Not Open
T014,23-24,45398,199,Not Open
T015,23-24,45398,199,Not Open
T016,23-24,45398,199,Not Open
T017,23-24,45398,199,Not Open
T018,23-24,45398,199,Not Open
T019,23-24,45398,199,Not Open
T020,23-24,45398,199,Not Open
T021,23-24,45398,199,Not Open
T022,23-24,45398,199,Not Open
T023,23-24,45398,199,Not Open
T024,23-24,45398,199,Not Open
T025,23-24,45398,199,Not Open
T026,23-24,45398,199,Not Open
T027,23-24,45398,199,Not Open
T028,23-24,45398,199,Not Open
T029,23-24,45398,199,Not Open
T030,23-24,45398,199,Not Open
T031,23-24,45398,199,Not Open
T032,23-24,45398,199,Not Open
T033,23-24,45398,199,Not Open
T034,23-24,45398,199,Not Open
T035,23-24,45398,199,Not Open
T036,23-24,45398,199,Not Open
T037,23-24,45398,199,Not Open
T038,23-24,45398,199,Not Open
T039,23-24,45398,199,Not Open
T040,23-24,45398,199,Not Open
T042,23-24,45398,199,Not Open
T043,23-24,45398,199,Not Open
T044,23-24,45398,199,Not Open
T045,23-24,45398,199,Not Open
T046,23-24,45398,199,Not Open
T047,23-24,45398,199,Not Open
T048,23-24,45398,199,Not Open
T049,23-24,45398,199,Not Open
T050,23-24,45398,199,Not Open
T051,23-24,45398,199,Not Open
T052,23-24,45398,199,Not Open
T053,23-24,45398,199,Not Open
T054,23-24,45398,199,Not Open
T055,23-24,45398,199,Not Open
T056,23-24,45398,199,Not Open
T057,23-24,45398,199,Not Open
T058,23-24,45398,199,Not Open
T061,23-24,45398,199,Not Open
T062,23-24,45398,199,Not Open
T063,23-24,45398,199,Not Open
T064,23-24,45398,199,Not Open
T065,23-24,45398,199,Not Open
T066,23-24,45398,199,Not Open
T067,23-24,45398,199,Not Open
T068,23-24,45398,199,Not Open
T069,23-24,45398,199,Not Open
T070,23-24,45398,199,Not Open
T071,23-24,45398,199,Not Open
T072,23-24,45398,199,Not Open
T073,23-24,45398,199,Not Open
T074,23-24,45398,199,Not Open
T075,23-24,45398,199,Not Open
T076,23-24,45398,199,Not Open
T077,23-24,45398,199,Not Open
T078,23-24,45398,199,Not Open
T079,23-24,45398,199,Not Open
T080,23-24,45398,199,Not Open
T081,23-24,45398,199,Not Open
T082,23-24,45398,199,Not Open
T083,23-24,45398,199,Not Open
T084,23-24,45398,199,Not Open
T085,23-24,45398,199,Not Open
T086,23-24,45398,199,Not Open
T087,23-24,45398,199,Not Open
T088,23-24,45398,199,Not Open
T089,23-24,45398,199,Not Open
T090,23-24,45398,199,Not Open
T091,23-24,45398,199,Not Open
T092,23-24,45398,199,Not Open
T107,23-24,45398,199,Not Open
T108,23-24,45398,199,Not Open
T109,23-24,45398,199,Not Open
T110,23-24,45398,199,Not Open
T111,23-24,45398,199,Not Open
T112,23-24,45398,199,Not Open
T113,23-24,45398,199,Not Open
T114,23-24,45398,199,Not Open
T115,23-24,45398,199,Not Open
T116,23-24,45398,199,Not Open
T117,23-24,45398,199,Not Open
T118,23-24,45398,199,Not Open
T119,23-24,45398,199,Not Open
T127,23-24,45398,199,Not Open
T128,23-24,45398,199,Not Open
T129,23-24,45398,199,Not Open
T130,23-24,45398,199,Not Open
T131,23-24,45398,199,Not Open
T132,23-24,45398,199,Not Open
T133,23-24,45398,199,Not Open
T136,23-24,45398,199,Not Open
T137,23-24,45398,199,Not Open
T148,23-24,45398,199,Not Open
T001,23-24,45399,200,Not Open
T002,23-24,45399,200,Not Open
T003,23-24,45399,200,Not Open
T004,23-24,45399,200,Not Open
T005,23-24,45399,200,Not Open
T006,23-24,45399,200,Not Open
T007,23-24,45399,200,Not Open
T008,23-24,45399,200,Not Open
T009,23-24,45399,200,Not Open
T010,23-24,45399,200,Not Open
T011,23-24,45399,200,Not Open
T012,23-24,45399,200,Not Open
T013,23-24,45399,200,Not Open
T014,23-24,45399,200,Not Open
T015,23-24,45399,200,Not Open
T016,23-24,45399,200,Not Open
T017,23-24,45399,200,Not Open
T018,23-24,45399,200,Not Open
T019,23-24,45399,200,Not Open
T020,23-24,45399,200,Not Open
T021,23-24,45399,200,Not Open
T022,23-24,45399,200,Not Open
T023,23-24,45399,200,Not Open
T024,23-24,45399,200,Not Open
T025,23-24,45399,200,Not Open
T026,23-24,45399,200,Not Open
T027,23-24,45399,200,Not Open
T028,23-24,45399,200,Not Open
T029,23-24,45399,200,Not Open
T030,23-24,45399,200,Not Open
T031,23-24,45399,200,Not Open
T032,23-24,45399,200,Not Open
T033,23-24,45399,200,Not Open
T034,23-24,45399,200,Not Open
T035,23-24,45399,200,Not Open
T036,23-24,45399,200,Not Open
T037,23-24,45399,200,Not Open
T038,23-24,45399,200,Not Open
T039,23-24,45399,200,Not Open
T040,23-24,45399,200,Not Open
T042,23-24,45399,200,Not Open
T043,23-24,45399,200,Not Open
T044,23-24,45399,200,Not Open
T045,23-24,45399,200,Not Open
T046,23-24,45399,200,Not Open
T047,23-24,45399,200,Not Open
T048,23-24,45399,200,Not Open
T049,23-24,45399,200,Not Open
T050,23-24,45399,200,Not Open
T051,23-24,45399,200,Not Open
T052,23-24,45399,200,Not Open
T053,23-24,45399,200,Not Open
T054,23-24,45399,200,Not Open
T055,23-24,45399,200,Not Open
T056,23-24,45399,200,Not Open
T057,23-24,45399,200,Not Open
T058,23-24,45399,200,Not Open
T061,23-24,45399,200,Not Open
T062,23-24,45399,200,Not Open
T063,23-24,45399,200,Not Open
T064,23-24,45399,200,Not Open
T065,23-24,45399,200,Not Open
T066,23-24,45399,200,Not Open
T067,23-24,45399,200,Not Open
T068,23-24,45399,200,Not Open
T069,23-24,45399,200,Not Open
T070,23-24,45399,200,Not Open
T071,23-24,45399,200,Not Open
T072,23-24,45399,200,Not Open
T073,23-24,45399,200,Not Open
T074,23-24,45399,200,Not Open
T075,23-24,45399,200,Not Open
T076,23-24,45399,200,Not Open
T077,23-24,45399,200,Not Open
T078,23-24,45399,200,Not Open
T079,23-24,45399,200,Not Open
T080,23-24,45399,200,Not Open
T081,23-24,45399,200,Not Open
T082,23-24,45399,200,Not Open
T083,23-24,45399,200,Not Open
T084,23-24,45399,200,Not Open
T085,23-24,45399,200,Not Open
T086,23-24,45399,200,Not Open
T087,23-24,45399,200,Not Open
T088,23-24,45399,200,Not Open
T089,23-24,45399,200,Not Open
T090,23-24,45399,200,Not Open
T091,23-24,45399,200,Not Open
T092,23-24,45399,200,Not Open
T107,23-24,45399,200,Not Open
T108,23-24,45399,200,Not Open
T109,23-24,45399,200,Not Open
T110,23-24,45399,200,Not Open
T111,23-24,45399,200,Not Open
T112,23-24,45399,200,Not Open
T113,23-24,45399,200,Not Open
T114,23-24,45399,200,Not Open
T115,23-24,45399,200,Not Open
T116,23-24,45399,200,Not Open
T117,23-24,45399,200,Not Open
T118,23-24,45399,200,Not Open
T119,23-24,45399,200,Not Open
T127,23-24,45399,200,Not Open
T128,23-24,45399,200,Not Open
T129,23-24,45399,200,Not Open
T130,23-24,45399,200,Not Open
T131,23-24,45399,200,Not Open
T132,23-24,45399,200,Not Open
T133,23-24,45399,200,Not Open
T136,23-24,45399,200,Not Open
T137,23-24,45399,200,Not Open
T148,23-24,45399,200,Not Open
T001,23-24,45400,201,Not Open
T002,23-24,45400,201,Not Open
T003,23-24,45400,201,Not Open
T004,23-24,45400,201,Not Open
T005,23-24,45400,201,Not Open
T006,23-24,45400,201,Not Open
T007,23-24,45400,201,Not Open
T008,23-24,45400,201,Not Open
T009,23-24,45400,201,Not Open
T010,23-24,45400,201,Not Open
T011,23-24,45400,201,Not Open
T012,23-24,45400,201,Not Open
T013,23-24,45400,201,Not Open
T014,23-24,45400,201,Not Open
T015,23-24,45400,201,Not Open
T016,23-24,45400,201,Not Open
T017,23-24,45400,201,Not Open
T018,23-24,45400,201,Not Open
T019,23-24,45400,201,Not Open
T020,23-24,45400,201,Not Open
T021,23-24,45400,201,Not Open
T022,23-24,45400,201,Not Open
T023,23-24,45400,201,Not Open
T024,23-24,45400,201,Not Open
T025,23-24,45400,201,Not Open
T026,23-24,45400,201,Not Open
T027,23-24,45400,201,Not Open
T028,23-24,45400,201,Not Open
T029,23-24,45400,201,Not Open
T030,23-24,45400,201,Not Open
T031,23-24,45400,201,Not Open
T032,23-24,45400,201,Not Open
T033,23-24,45400,201,Not Open
T034,23-24,45400,201,Not Open
T035,23-24,45400,201,Not Open
T036,23-24,45400,201,Not Open
T037,23-24,45400,201,Not Open
T038,23-24,45400,201,Not Open
T039,23-24,45400,201,Not Open
T040,23-24,45400,201,Not Open
T042,23-24,45400,201,Not Open
T043,23-24,45400,201,Not Open
T044,23-24,45400,201,Not Open
T045,23-24,45400,201,Not Open
T046,23-24,45400,201,Not Open
T047,23-24,45400,201,Not Open
T048,23-24,45400,201,Not Open
T049,23-24,45400,201,Not Open
T050,23-24,45400,201,Not Open
T051,23-24,45400,201,Not Open
T052,23-24,45400,201,Not Open
T053,23-24,45400,201,Not Open
T054,23-24,45400,201,Not Open
T055,23-24,45400,201,Not Open
T056,23-24,45400,201,Not Open
T057,23-24,45400,201,Not Open
T058,23-24,45400,201,Not Open
T061,23-24,45400,201,Not Open
T062,23-24,45400,201,Not Open
T063,23-24,45400,201,Not Open
T064,23-24,45400,201,Not Open
T065,23-24,45400,201,Not Open
T066,23-24,45400,201,Not Open
T067,23-24,45400,201,Not Open
T068,23-24,45400,201,Not Open
T069,23-24,45400,201,Not Open
T070,23-24,45400,201,Not Open
T071,23-24,45400,201,Not Open
T072,23-24,45400,201,Not Open
T073,23-24,45400,201,Not Open
T074,23-24,45400,201,Not Open
T075,23-24,45400,201,Not Open
T076,23-24,45400,201,Not Open
T077,23-24,45400,201,Not Open
T078,23-24,45400,201,Not Open
T079,23-24,45400,201,Not Open
T080,23-24,45400,201,Not Open
T081,23-24,45400,201,Not Open
T082,23-24,45400,201,Not Open
T083,23-24,45400,201,Not Open
T084,23-24,45400,201,Not Open
T085,23-24,45400,201,Not Open
T086,23-24,45400,201,Not Open
T087,23-24,45400,201,Not Open
T088,23-24,45400,201,Not Open
T089,23-24,45400,201,Not Open
T090,23-24,45400,201,Not Open
T091,23-24,45400,201,Not Open
T092,23-24,45400,201,Not Open
T107,23-24,45400,201,Not Open
T108,23-24,45400,201,Not Open
T109,23-24,45400,201,Not Open
T110,23-24,45400,201,Not Open
T111,23-24,45400,201,Not Open
T112,23-24,45400,201,Not Open
T113,23-24,45400,201,Not Open
T114,23-24,45400,201,Not Open
T115,23-24,45400,201,Not Open
T116,23-24,45400,201,Not Open
T117,23-24,45400,201,Not Open
T118,23-24,45400,201,Not Open
T119,23-24,45400,201,Not Open
T127,23-24,45400,201,Not Open
T128,23-24,45400,201,Not Open
T129,23-24,45400,201,Not Open
T130,23-24,45400,201,Not Open
T131,23-24,45400,201,Not Open
T132,23-24,45400,201,Not Open
T133,23-24,45400,201,Not Open
T136,23-24,45400,201,Not Open
T137,23-24,45400,201,Not Open
T148,23-24,45400,201,Not Open
T001,23-24,45401,202,Not Open
T002,23-24,45401,202,Not Open
T003,23-24,45401,202,Not Open
T004,23-24,45401,202,Not Open
T005,23-24,45401,202,Not Open
T006,23-24,45401,202,Not Open
T007,23-24,45401,202,Not Open
T008,23-24,45401,202,Not Open
T009,23-24,45401,202,Not Open
T010,23-24,45401,202,Not Open
T011,23-24,45401,202,Not Open
T012,23-24,45401,202,Not Open
T013,23-24,45401,202,Not Open
T014,23-24,45401,202,Not Open
T015,23-24,45401,202,Not Open
T016,23-24,45401,202,Not Open
T017,23-24,45401,202,Not Open
T018,23-24,45401,202,Not Open
T019,23-24,45401,202,Not Open
T020,23-24,45401,202,Not Open
T021,23-24,45401,202,Not Open
T022,23-24,45401,202,Not Open
T023,23-24,45401,202,Not Open
T024,23-24,45401,202,Not Open
T025,23-24,45401,202,Not Open
T026,23-24,45401,202,Not Open
T027,23-24,45401,202,Not Open
T028,23-24,45401,202,Not Open
T029,23-24,45401,202,Not Open
T030,23-24,45401,202,Not Open
T031,23-24,45401,202,Not Open
T032,23-24,45401,202,Not Open
T033,23-24,45401,202,Not Open
T034,23-24,45401,202,Not Open
T035,23-24,45401,202,Not Open
T036,23-24,45401,202,Not Open
T037,23-24,45401,202,Not Open
T038,23-24,45401,202,Not Open
T039,23-24,45401,202,Not Open
T040,23-24,45401,202,Not Open
T042,23-24,45401,202,Not Open
T043,23-24,45401,202,Not Open
T044,23-24,45401,202,Not Open
T045,23-24,45401,202,Not Open
T046,23-24,45401,202,Not Open
T047,23-24,45401,202,Not Open
T048,23-24,45401,202,Not Open
T049,23-24,45401,202,Not Open
T050,23-24,45401,202,Not Open
T051,23-24,45401,202,Not Open
T052,23-24,45401,202,Not Open
T053,23-24,45401,202,Not Open
T054,23-24,45401,202,Not Open
T055,23-24,45401,202,Not Open
T056,23-24,45401,202,Not Open
T057,23-24,45401,202,Not Open
T058,23-24,45401,202,Not Open
T061,23-24,45401,202,Not Open
T062,23-24,45401,202,Not Open
T063,23-24,45401,202,Not Open
T064,23-24,45401,202,Not Open
T065,23-24,45401,202,Not Open
T066,23-24,45401,202,Not Open
T067,23-24,45401,202,Not Open
T068,23-24,45401,202,Not Open
T069,23-24,45401,202,Not Open
T070,23-24,45401,202,Not Open
T071,23-24,45401,202,Not Open
T072,23-24,45401,202,Not Open
T073,23-24,45401,202,Not Open
T074,23-24,45401,202,Not Open
T075,23-24,45401,202,Not Open
T076,23-24,45401,202,Not Open
T077,23-24,45401,202,Not Open
T078,23-24,45401,202,Not Open
T079,23-24,45401,202,Not Open
T080,23-24,45401,202,Not Open
T081,23-24,45401,202,Not Open
T082,23-24,45401,202,Not Open
T083,23-24,45401,202,Not Open
T084,23-24,45401,202,Not Open
T085,23-24,45401,202,Not Open
T086,23-24,45401,202,Not Open
T087,23-24,45401,202,Not Open
T088,23-24,45401,202,Not Open
T089,23-24,45401,202,Not Open
T090,23-24,45401,202,Not Open
T091,23-24,45401,202,Not Open
T092,23-24,45401,202,Not Open
T107,23-24,45401,202,Not Open
T108,23-24,45401,202,Not Open
T109,23-24,45401,202,Not Open
T110,23-24,45401,202,Not Open
T111,23-24,45401,202,Not Open
T112,23-24,45401,202,Not Open
T113,23-24,45401,202,Not Open
T114,23-24,45401,202,Not Open
T115,23-24,45401,202,Not Open
T116,23-24,45401,202,Not Open
T117,23-24,45401,202,Not Open
T118,23-24,45401,202,Not Open
T119,23-24,45401,202,Not Open
T127,23-24,45401,202,Not Open
T128,23-24,45401,202,Not Open
T129,23-24,45401,202,Not Open
T130,23-24,45401,202,Not Open
T131,23-24,45401,202,Not Open
T132,23-24,45401,202,Not Open
T133,23-24,45401,202,Not Open
T136,23-24,45401,202,Not Open
T137,23-24,45401,202,Not Open
T148,23-24,45401,202,Not Open
T001,23-24,45402,203,Not Open
T002,23-24,45402,203,Not Open
T003,23-24,45402,203,Not Open
T004,23-24,45402,203,Not Open
T005,23-24,45402,203,Not Open
T006,23-24,45402,203,Not Open
T007,23-24,45402,203,Not Open
T008,23-24,45402,203,Not Open
T009,23-24,45402,203,Not Open
T010,23-24,45402,203,Not Open
T011,23-24,45402,203,Not Open
T012,23-24,45402,203,Not Open
T013,23-24,45402,203,Not Open
T014,23-24,45402,203,Not Open
T015,23-24,45402,203,Not Open
T016,23-24,45402,203,Not Open
T017,23-24,45402,203,Not Open
T018,23-24,45402,203,Not Open
T019,23-24,45402,203,Not Open
T020,23-24,45402,203,Not Open
T021,23-24,45402,203,Not Open
T022,23-24,45402,203,Not Open
T023,23-24,45402,203,Not Open
T024,23-24,45402,203,Not Open
T025,23-24,45402,203,Not Open
T026,23-24,45402,203,Not Open
T027,23-24,45402,203,Not Open
T028,23-24,45402,203,Not Open
T029,23-24,45402,203,Not Open
T030,23-24,45402,203,Not Open
T031,23-24,45402,203,Not Open
T032,23-24,45402,203,Not Open
T033,23-24,45402,203,Not Open
T034,23-24,45402,203,Not Open
T035,23-24,45402,203,Not Open
T036,23-24,45402,203,Not Open
T037,23-24,45402,203,Not Open
T038,23-24,45402,203,Not Open
T039,23-24,45402,203,Not Open
T040,23-24,45402,203,Not Open
T042,23-24,45402,203,Not Open
T043,23-24,45402,203,Not Open
T044,23-24,45402,203,Not Open
T045,23-24,45402,203,Not Open
T046,23-24,45402,203,Not Open
T047,23-24,45402,203,Not Open
T048,23-24,45402,203,Not Open
T049,23-24,45402,203,Not Open
T050,23-24,45402,203,Not Open
T051,23-24,45402,203,Not Open
T052,23-24,45402,203,Not Open
T053,23-24,45402,203,Not Open
T054,23-24,45402,203,Not Open
T055,23-24,45402,203,Not Open
T056,23-24,45402,203,Not Open
T057,23-24,45402,203,Not Open
T058,23-24,45402,203,Not Open
T061,23-24,45402,203,Not Open
T062,23-24,45402,203,Not Open
T063,23-24,45402,203,Not Open
T064,23-24,45402,203,Not Open
T065,23-24,45402,203,Not Open
T066,23-24,45402,203,Not Open
T067,23-24,45402,203,Not Open
T068,23-24,45402,203,Not Open
T069,23-24,45402,203,Not Open
T070,23-24,45402,203,Not Open
T071,23-24,45402,203,Not Open
T072,23-24,45402,203,Not Open
T073,23-24,45402,203,Not Open
T074,23-24,45402,203,Not Open
T075,23-24,45402,203,Not Open
T076,23-24,45402,203,Not Open
T077,23-24,45402,203,Not Open
T078,23-24,45402,203,Not Open
T079,23-24,45402,203,Not Open
T080,23-24,45402,203,Not Open
T081,23-24,45402,203,Not Open
T082,23-24,45402,203,Not Open
T083,23-24,45402,203,Not Open
T084,23-24,45402,203,Not Open
T085,23-24,45402,203,Not Open
T086,23-24,45402,203,Not Open
T087,23-24,45402,203,Not Open
T088,23-24,45402,203,Not Open
T089,23-24,45402,203,Not Open
T090,23-24,45402,203,Not Open
T091,23-24,45402,203,Not Open
T092,23-24,45402,203,Not Open
T107,23-24,45402,203,Not Open
T108,23-24,45402,203,Not Open
T109,23-24,45402,203,Not Open
T110,23-24,45402,203,Not Open
T111,23-24,45402,203,Not Open
T112,23-24,45402,203,Not Open
T113,23-24,45402,203,Not Open
T114,23-24,45402,203,Not Open
T115,23-24,45402,203,Not Open
T116,23-24,45402,203,Not Open
T117,23-24,45402,203,Not Open
T118,23-24,45402,203,Not Open
T119,23-24,45402,203,Not Open
T127,23-24,45402,203,Not Open
T128,23-24,45402,203,Not Open
T129,23-24,45402,203,Not Open
T130,23-24,45402,203,Not Open
T131,23-24,45402,203,Not Open
T132,23-24,45402,203,Not Open
T133,23-24,45402,203,Not Open
T136,23-24,45402,203,Not Open
T137,23-24,45402,203,Not Open
T148,23-24,45402,203,Not Open
T001,23-24,45403,204,Not Open
T002,23-24,45403,204,Not Open
T003,23-24,45403,204,Not Open
T004,23-24,45403,204,Not Open
T005,23-24,45403,204,Not Open
T006,23-24,45403,204,Not Open
T007,23-24,45403,204,Not Open
T008,23-24,45403,204,Not Open
T009,23-24,45403,204,Not Open
T010,23-24,45403,204,Not Open
T011,23-24,45403,204,Not Open
T012,23-24,45403,204,Not Open
T013,23-24,45403,204,Not Open
T014,23-24,45403,204,Not Open
T015,23-24,45403,204,Not Open
T016,23-24,45403,204,Not Open
T017,23-24,45403,204,Not Open
T018,23-24,45403,204,Not Open
T019,23-24,45403,204,Not Open
T020,23-24,45403,204,Not Open
T021,23-24,45403,204,Not Open
T022,23-24,45403,204,Not Open
T023,23-24,45403,204,Not Open
T024,23-24,45403,204,Not Open
T025,23-24,45403,204,Not Open
T026,23-24,45403,204,Not Open
T027,23-24,45403,204,Not Open
T028,23-24,45403,204,Not Open
T029,23-24,45403,204,Not Open
T030,23-24,45403,204,Not Open
T031,23-24,45403,204,Not Open
T032,23-24,45403,204,Not Open
T033,23-24,45403,204,Not Open
T034,23-24,45403,204,Not Open
T035,23-24,45403,204,Not Open
T036,23-24,45403,204,Not Open
T037,23-24,45403,204,Not Open
T038,23-24,45403,204,Not Open
T039,23-24,45403,204,Not Open
T040,23-24,45403,204,Not Open
T042,23-24,45403,204,Not Open
T043,23-24,45403,204,Not Open
T044,23-24,45403,204,Not Open
T045,23-24,45403,204,Not Open
T046,23-24,45403,204,Not Open
T047,23-24,45403,204,Not Open
T048,23-24,45403,204,Not Open
T049,23-24,45403,204,Not Open
T050,23-24,45403,204,Not Open
T051,23-24,45403,204,Not Open
T052,23-24,45403,204,Not Open
T053,23-24,45403,204,Not Open
T054,23-24,45403,204,Not Open
T055,23-24,45403,204,Not Open
T056,23-24,45403,204,Not Open
T057,23-24,45403,204,Not Open
T058,23-24,45403,204,Not Open
T061,23-24,45403,204,Not Open
T062,23-24,45403,204,Not Open
T063,23-24,45403,204,Not Open
T064,23-24,45403,204,Not Open
T065,23-24,45403,204,Not Open
T066,23-24,45403,204,Not Open
T067,23-24,45403,204,Not Open
T068,23-24,45403,204,Not Open
T069,23-24,45403,204,Not Open
T070,23-24,45403,204,Not Open
T071,23-24,45403,204,Not Open
T072,23-24,45403,204,Not Open
T073,23-24,45403,204,Not Open
T074,23-24,45403,204,Not Open
T075,23-24,45403,204,Not Open
T076,23-24,45403,204,Not Open
T077,23-24,45403,204,Not Open
T078,23-24,45403,204,Not Open
T079,23-24,45403,204,Not Open
T080,23-24,45403,204,Not Open
T081,23-24,45403,204,Not Open
T082,23-24,45403,204,Not Open
T083,23-24,45403,204,Not Open
T084,23-24,45403,204,Not Open
T085,23-24,45403,204,Not Open
T086,23-24,45403,204,Not Open
T087,23-24,45403,204,Not Open
T088,23-24,45403,204,Not Open
T089,23-24,45403,204,Not Open
T090,23-24,45403,204,Not Open
T091,23-24,45403,204,Not Open
T092,23-24,45403,204,Not Open
T107,23-24,45403,204,Not Open
T108,23-24,45403,204,Not Open
T109,23-24,45403,204,Not Open
T110,23-24,45403,204,Not Open
T111,23-24,45403,204,Not Open
T112,23-24,45403,204,Not Open
T113,23-24,45403,204,Not Open
T114,23-24,45403,204,Not Open
T115,23-24,45403,204,Not Open
T116,23-24,45403,204,Not Open
T117,23-24,45403,204,Not Open
T118,23-24,45403,204,Not Open
T119,23-24,45403,204,Not Open
T127,23-24,45403,204,Not Open
T128,23-24,45403,204,Not Open
T129,23-24,45403,204,Not Open
T130,23-24,45403,204,Not Open
T131,23-24,45403,204,Not Open
T132,23-24,45403,204,Not Open
T133,23-24,45403,204,Not Open
T136,23-24,45403,204,Not Open
T137,23-24,45403,204,Not Open
T148,23-24,45403,204,Not Open
T001,23-24,45404,205,Not Open
T002,23-24,45404,205,Not Open
T003,23-24,45404,205,Not Open
T004,23-24,45404,205,Not Open
T005,23-24,45404,205,Not Open
T006,23-24,45404,205,Not Open
T007,23-24,45404,205,Not Open
T008,23-24,45404,205,Not Open
T009,23-24,45404,205,Not Open
T010,23-24,45404,205,Not Open
T011,23-24,45404,205,Not Open
T012,23-24,45404,205,Not Open
T013,23-24,45404,205,Not Open
T014,23-24,45404,205,Not Open
T015,23-24,45404,205,Not Open
T016,23-24,45404,205,Not Open
T017,23-24,45404,205,Not Open
T018,23-24,45404,205,Not Open
T019,23-24,45404,205,Not Open
T020,23-24,45404,205,Not Open
T021,23-24,45404,205,Not Open
T022,23-24,45404,205,Not Open
T023,23-24,45404,205,Not Open
T024,23-24,45404,205,Not Open
T025,23-24,45404,205,Not Open
T026,23-24,45404,205,Not Open
T027,23-24,45404,205,Not Open
T028,23-24,45404,205,Not Open
T029,23-24,45404,205,Not Open
T030,23-24,45404,205,Not Open
T031,23-24,45404,205,Not Open
T032,23-24,45404,205,Not Open
T033,23-24,45404,205,Not Open
T034,23-24,45404,205,Not Open
T035,23-24,45404,205,Not Open
T036,23-24,45404,205,Not Open
T037,23-24,45404,205,Not Open
T038,23-24,45404,205,Not Open
T039,23-24,45404,205,Not Open
T040,23-24,45404,205,Not Open
T042,23-24,45404,205,Not Open
T043,23-24,45404,205,Not Open
T044,23-24,45404,205,Not Open
T045,23-24,45404,205,Not Open
T046,23-24,45404,205,Not Open
T047,23-24,45404,205,Not Open
T048,23-24,45404,205,Not Open
T049,23-24,45404,205,Not Open
T050,23-24,45404,205,Not Open
T051,23-24,45404,205,Not Open
T052,23-24,45404,205,Not Open
T053,23-24,45404,205,Not Open
T054,23-24,45404,205,Not Open
T055,23-24,45404,205,Not Open
T056,23-24,45404,205,Not Open
T057,23-24,45404,205,Not Open
T058,23-24,45404,205,Not Open
T061,23-24,45404,205,Not Open
T062,23-24,45404,205,Not Open
T063,23-24,45404,205,Not Open
T064,23-24,45404,205,Not Open
T065,23-24,45404,205,Not Open
T066,23-24,45404,205,Not Open
T067,23-24,45404,205,Not Open
T068,23-24,45404,205,Not Open
T069,23-24,45404,205,Not Open
T070,23-24,45404,205,Not Open
T071,23-24,45404,205,Not Open
T072,23-24,45404,205,Not Open
T073,23-24,45404,205,Not Open
T074,23-24,45404,205,Not Open
T075,23-24,45404,205,Not Open
T076,23-24,45404,205,Not Open
T077,23-24,45404,205,Not Open
T078,23-24,45404,205,Not Open
T079,23-24,45404,205,Not Open
T080,23-24,45404,205,Not Open
T081,23-24,45404,205,Not Open
T082,23-24,45404,205,Not Open
T083,23-24,45404,205,Not Open
T084,23-24,45404,205,Not Open
T085,23-24,45404,205,Not Open
T086,23-24,45404,205,Not Open
T087,23-24,45404,205,Not Open
T088,23-24,45404,205,Not Open
T089,23-24,45404,205,Not Open
T090,23-24,45404,205,Not Open
T091,23-24,45404,205,Not Open
T092,23-24,45404,205,Not Open
T107,23-24,45404,205,Not Open
T108,23-24,45404,205,Not Open
T109,23-24,45404,205,Not Open
T110,23-24,45404,205,Not Open
T111,23-24,45404,205,Not Open
T112,23-24,45404,205,Not Open
T113,23-24,45404,205,Not Open
T114,23-24,45404,205,Not Open
T115,23-24,45404,205,Not Open
T116,23-24,45404,205,Not Open
T117,23-24,45404,205,Not Open
T118,23-24,45404,205,Not Open
T119,23-24,45404,205,Not Open
T127,23-24,45404,205,Not Open
T128,23-24,45404,205,Not Open
T129,23-24,45404,205,Not Open
T130,23-24,45404,205,Not Open
T131,23-24,45404,205,Not Open
T132,23-24,45404,205,Not Open
T133,23-24,45404,205,Not Open
T136,23-24,45404,205,Not Open
T137,23-24,45404,205,Not Open
T148,23-24,45404,205,Not Open
T001,23-24,45405,206,Not Open
T002,23-24,45405,206,Not Open
T003,23-24,45405,206,Not Open
T004,23-24,45405,206,Not Open
T005,23-24,45405,206,Not Open
T006,23-24,45405,206,Not Open
T007,23-24,45405,206,Not Open
T008,23-24,45405,206,Not Open
T009,23-24,45405,206,Not Open
T010,23-24,45405,206,Not Open
T011,23-24,45405,206,Not Open
T012,23-24,45405,206,Not Open
T013,23-24,45405,206,Not Open
T014,23-24,45405,206,Not Open
T015,23-24,45405,206,Not Open
T016,23-24,45405,206,Not Open
T017,23-24,45405,206,Not Open
T018,23-24,45405,206,Not Open
T019,23-24,45405,206,Not Open
T020,23-24,45405,206,Not Open
T021,23-24,45405,206,Not Open
T022,23-24,45405,206,Not Open
T023,23-24,45405,206,Not Open
T024,23-24,45405,206,Not Open
T025,23-24,45405,206,Not Open
T026,23-24,45405,206,Not Open
T027,23-24,45405,206,Not Open
T028,23-24,45405,206,Not Open
T029,23-24,45405,206,Not Open
T030,23-24,45405,206,Not Open
T031,23-24,45405,206,Not Open
T032,23-24,45405,206,Not Open
T033,23-24,45405,206,Not Open
T034,23-24,45405,206,Not Open
T035,23-24,45405,206,Not Open
T036,23-24,45405,206,Not Open
T037,23-24,45405,206,Not Open
T038,23-24,45405,206,Not Open
T039,23-24,45405,206,Not Open
T040,23-24,45405,206,Not Open
T042,23-24,45405,206,Not Open
T043,23-24,45405,206,Not Open
T044,23-24,45405,206,Not Open
T045,23-24,45405,206,Not Open
T046,23-24,45405,206,Not Open
T047,23-24,45405,206,Not Open
T048,23-24,45405,206,Not Open
T049,23-24,45405,206,Not Open
T050,23-24,45405,206,Not Open
T051,23-24,45405,206,Not Open
T052,23-24,45405,206,Not Open
T053,23-24,45405,206,Not Open
T054,23-24,45405,206,Not Open
T055,23-24,45405,206,Not Open
T056,23-24,45405,206,Not Open
T057,23-24,45405,206,Not Open
T058,23-24,45405,206,Not Open
T061,23-24,45405,206,Not Open
T062,23-24,45405,206,Not Open
T063,23-24,45405,206,Not Open
T064,23-24,45405,206,Not Open
T065,23-24,45405,206,Not Open
T066,23-24,45405,206,Not Open
T067,23-24,45405,206,Not Open
T068,23-24,45405,206,Not Open
T069,23-24,45405,206,Not Open
T070,23-24,45405,206,Not Open
T071,23-24,45405,206,Not Open
T072,23-24,45405,206,Not Open
T073,23-24,45405,206,Not Open
T074,23-24,45405,206,Not Open
T075,23-24,45405,206,Not Open
T076,23-24,45405,206,Not Open
T077,23-24,45405,206,Not Open
T078,23-24,45405,206,Not Open
T079,23-24,45405,206,Not Open
T080,23-24,45405,206,Not Open
T081,23-24,45405,206,Not Open
T082,23-24,45405,206,Not Open
T083,23-24,45405,206,Not Open
T084,23-24,45405,206,Not Open
T085,23-24,45405,206,Not Open
T086,23-24,45405,206,Not Open
T087,23-24,45405,206,Not Open
T088,23-24,45405,206,Not Open
T089,23-24,45405,206,Not Open
T090,23-24,45405,206,Not Open
T091,23-24,45405,206,Not Open
T092,23-24,45405,206,Not Open
T107,23-24,45405,206,Not Open
T108,23-24,45405,206,Not Open
T109,23-24,45405,206,Not Open
T110,23-24,45405,206,Not Open
T111,23-24,45405,206,Not Open
T112,23-24,45405,206,Not Open
T113,23-24,45405,206,Not Open
T114,23-24,45405,206,Not Open
T115,23-24,45405,206,Not Open
T116,23-24,45405,206,Not Open
T117,23-24,45405,206,Not Open
T118,23-24,45405,206,Not Open
T119,23-24,45405,206,Not Open
T127,23-24,45405,206,Not Open
T128,23-24,45405,206,Not Open
T129,23-24,45405,206,Not Open
T130,23-24,45405,206,Not Open
T131,23-24,45405,206,Not Open
T132,23-24,45405,206,Not Open
T133,23-24,45405,206,Not Open
T136,23-24,45405,206,Not Open
T137,23-24,45405,206,Not Open
T148,23-24,45405,206,Not Open
T001,23-24,45406,207,Not Open
T002,23-24,45406,207,Not Open
T003,23-24,45406,207,Not Open
T004,23-24,45406,207,Not Open
T005,23-24,45406,207,Not Open
T006,23-24,45406,207,Not Open
T007,23-24,45406,207,Not Open
T008,23-24,45406,207,Not Open
T009,23-24,45406,207,Not Open
T010,23-24,45406,207,Not Open
T011,23-24,45406,207,Not Open
T012,23-24,45406,207,Not Open
T013,23-24,45406,207,Not Open
T014,23-24,45406,207,Not Open
T015,23-24,45406,207,Not Open
T016,23-24,45406,207,Not Open
T017,23-24,45406,207,Not Open
T018,23-24,45406,207,Not Open
T019,23-24,45406,207,Not Open
T020,23-24,45406,207,Not Open
T021,23-24,45406,207,Not Open
T022,23-24,45406,207,Not Open
T023,23-24,45406,207,Not Open
T024,23-24,45406,207,Not Open
T025,23-24,45406,207,Not Open
T026,23-24,45406,207,Not Open
T027,23-24,45406,207,Not Open
T028,23-24,45406,207,Not Open
T029,23-24,45406,207,Not Open
T030,23-24,45406,207,Not Open
T031,23-24,45406,207,Not Open
T032,23-24,45406,207,Not Open
T033,23-24,45406,207,Not Open
T034,23-24,45406,207,Not Open
T035,23-24,45406,207,Not Open
T036,23-24,45406,207,Not Open
T037,23-24,45406,207,Not Open
T038,23-24,45406,207,Not Open
T039,23-24,45406,207,Not Open
T040,23-24,45406,207,Not Open
T042,23-24,45406,207,Not Open
T043,23-24,45406,207,Not Open
T044,23-24,45406,207,Not Open
T045,23-24,45406,207,Not Open
T046,23-24,45406,207,Not Open
T047,23-24,45406,207,Not Open
T048,23-24,45406,207,Not Open
T049,23-24,45406,207,Not Open
T050,23-24,45406,207,Not Open
T051,23-24,45406,207,Not Open
T052,23-24,45406,207,Not Open
T053,23-24,45406,207,Not Open
T054,23-24,45406,207,Not Open
T055,23-24,45406,207,Not Open
T056,23-24,45406,207,Not Open
T057,23-24,45406,207,Not Open
T058,23-24,45406,207,Not Open
T061,23-24,45406,207,Not Open
T062,23-24,45406,207,Not Open
T063,23-24,45406,207,Not Open
T064,23-24,45406,207,Not Open
T065,23-24,45406,207,Not Open
T066,23-24,45406,207,Not Open
T067,23-24,45406,207,Not Open
T068,23-24,45406,207,Not Open
T069,23-24,45406,207,Not Open
T070,23-24,45406,207,Not Open
T071,23-24,45406,207,Not Open
T072,23-24,45406,207,Not Open
T073,23-24,45406,207,Not Open
T074,23-24,45406,207,Not Open
T075,23-24,45406,207,Not Open
T076,23-24,45406,207,Not Open
T077,23-24,45406,207,Not Open
T078,23-24,45406,207,Not Open
T079,23-24,45406,207,Not Open
T080,23-24,45406,207,Not Open
T081,23-24,45406,207,Not Open
T082,23-24,45406,207,Not Open
T083,23-24,45406,207,Not Open
T084,23-24,45406,207,Not Open
T085,23-24,45406,207,Not Open
T086,23-24,45406,207,Not Open
T087,23-24,45406,207,Not Open
T088,23-24,45406,207,Not Open
T089,23-24,45406,207,Not Open
T090,23-24,45406,207,Not Open
T091,23-24,45406,207,Not Open
T092,23-24,45406,207,Not Open
T107,23-24,45406,207,Not Open
T108,23-24,45406,207,Not Open
T109,23-24,45406,207,Not Open
T110,23-24,45406,207,Not Open
T111,23-24,45406,207,Not Open
T112,23-24,45406,207,Not Open
T113,23-24,45406,207,Not Open
T114,23-24,45406,207,Not Open
T115,23-24,45406,207,Not Open
T116,23-24,45406,207,Not Open
T117,23-24,45406,207,Not Open
T118,23-24,45406,207,Not Open
T119,23-24,45406,207,Not Open
T127,23-24,45406,207,Not Open
T128,23-24,45406,207,Not Open
T129,23-24,45406,207,Not Open
T130,23-24,45406,207,Not Open
T131,23-24,45406,207,Not Open
T132,23-24,45406,207,Not Open
T133,23-24,45406,207,Not Open
T136,23-24,45406,207,Not Open
T137,23-24,45406,207,Not Open
T148,23-24,45406,207,Not Open
T001,23-24,45407,208,Not Open
T002,23-24,45407,208,Not Open
T003,23-24,45407,208,Not Open
T004,23-24,45407,208,Not Open
T005,23-24,45407,208,Not Open
T006,23-24,45407,208,Not Open
T007,23-24,45407,208,Not Open
T008,23-24,45407,208,Not Open
T009,23-24,45407,208,Not Open
T010,23-24,45407,208,Not Open
T011,23-24,45407,208,Not Open
T012,23-24,45407,208,Not Open
T013,23-24,45407,208,Not Open
T014,23-24,45407,208,Not Open
T015,23-24,45407,208,Not Open
T016,23-24,45407,208,Not Open
T017,23-24,45407,208,Not Open
T018,23-24,45407,208,Not Open
T019,23-24,45407,208,Not Open
T020,23-24,45407,208,Not Open
T021,23-24,45407,208,Not Open
T022,23-24,45407,208,Not Open
T023,23-24,45407,208,Not Open
T024,23-24,45407,208,Not Open
T025,23-24,45407,208,Not Open
T026,23-24,45407,208,Not Open
T027,23-24,45407,208,Not Open
T028,23-24,45407,208,Not Open
T029,23-24,45407,208,Not Open
T030,23-24,45407,208,Not Open
T031,23-24,45407,208,Not Open
T032,23-24,45407,208,Not Open
T033,23-24,45407,208,Not Open
T034,23-24,45407,208,Not Open
T035,23-24,45407,208,Not Open
T036,23-24,45407,208,Not Open
T037,23-24,45407,208,Not Open
T038,23-24,45407,208,Not Open
T039,23-24,45407,208,Not Open
T040,23-24,45407,208,Not Open
T042,23-24,45407,208,Not Open
T043,23-24,45407,208,Not Open
T044,23-24,45407,208,Not Open
T045,23-24,45407,208,Not Open
T046,23-24,45407,208,Not Open
T047,23-24,45407,208,Not Open
T048,23-24,45407,208,Not Open
T049,23-24,45407,208,Not Open
T050,23-24,45407,208,Not Open
T051,23-24,45407,208,Not Open
T052,23-24,45407,208,Not Open
T053,23-24,45407,208,Not Open
T054,23-24,45407,208,Not Open
T055,23-24,45407,208,Not Open
T056,23-24,45407,208,Not Open
T057,23-24,45407,208,Not Open
T058,23-24,45407,208,Not Open
T061,23-24,45407,208,Not Open
T062,23-24,45407,208,Not Open
T063,23-24,45407,208,Not Open
T064,23-24,45407,208,Not Open
T065,23-24,45407,208,Not Open
T066,23-24,45407,208,Not Open
T067,23-24,45407,208,Not Open
T068,23-24,45407,208,Not Open
T069,23-24,45407,208,Not Open
T070,23-24,45407,208,Not Open
T071,23-24,45407,208,Not Open
T072,23-24,45407,208,Not Open
T073,23-24,45407,208,Not Open
T074,23-24,45407,208,Not Open
T075,23-24,45407,208,Not Open
T076,23-24,45407,208,Not Open
T077,23-24,45407,208,Not Open
T078,23-24,45407,208,Not Open
T079,23-24,45407,208,Not Open
T080,23-24,45407,208,Not Open
T081,23-24,45407,208,Not Open
T082,23-24,45407,208,Not Open
T083,23-24,45407,208,Not Open
T084,23-24,45407,208,Not Open
T085,23-24,45407,208,Not Open
T086,23-24,45407,208,Not Open
T087,23-24,45407,208,Not Open
T088,23-24,45407,208,Not Open
T089,23-24,45407,208,Not Open
T090,23-24,45407,208,Not Open
T091,23-24,45407,208,Not Open
T092,23-24,45407,208,Not Open
T107,23-24,45407,208,Not Open
T108,23-24,45407,208,Not Open
T109,23-24,45407,208,Not Open
T110,23-24,45407,208,Not Open
T111,23-24,45407,208,Not Open
T112,23-24,45407,208,Not Open
T113,23-24,45407,208,Not Open
T114,23-24,45407,208,Not Open
T115,23-24,45407,208,Not Open
T116,23-24,45407,208,Not Open
T117,23-24,45407,208,Not Open
T118,23-24,45407,208,Not Open
T119,23-24,45407,208,Not Open
T127,23-24,45407,208,Not Open
T128,23-24,45407,208,Not Open
T129,23-24,45407,208,Not Open
T130,23-24,45407,208,Not Open
T131,23-24,45407,208,Not Open
T132,23-24,45407,208,Not Open
T133,23-24,45407,208,Not Open
T136,23-24,45407,208,Not Open
T137,23-24,45407,208,Not Open
T148,23-24,45407,208,Not Open
T001,23-24,45408,209,Not Open
T002,23-24,45408,209,Not Open
T003,23-24,45408,209,Not Open
T004,23-24,45408,209,Not Open
T005,23-24,45408,209,Not Open
T006,23-24,45408,209,Not Open
T007,23-24,45408,209,Not Open
T008,23-24,45408,209,Not Open
T009,23-24,45408,209,Not Open
T010,23-24,45408,209,Not Open
T011,23-24,45408,209,Not Open
T012,23-24,45408,209,Not Open
T013,23-24,45408,209,Not Open
T014,23-24,45408,209,Not Open
T015,23-24,45408,209,Not Open
T016,23-24,45408,209,Not Open
T017,23-24,45408,209,Not Open
T018,23-24,45408,209,Not Open
T019,23-24,45408,209,Not Open
T020,23-24,45408,209,Not Open
T021,23-24,45408,209,Not Open
T022,23-24,45408,209,Not Open
T023,23-24,45408,209,Not Open
T024,23-24,45408,209,Not Open
T025,23-24,45408,209,Not Open
T026,23-24,45408,209,Not Open
T027,23-24,45408,209,Not Open
T028,23-24,45408,209,Not Open
T029,23-24,45408,209,Not Open
T030,23-24,45408,209,Not Open
T031,23-24,45408,209,Not Open
T032,23-24,45408,209,Not Open
T033,23-24,45408,209,Not Open
T034,23-24,45408,209,Not Open
T035,23-24,45408,209,Not Open
T036,23-24,45408,209,Not Open
T037,23-24,45408,209,Not Open
T038,23-24,45408,209,Not Open
T039,23-24,45408,209,Not Open
T040,23-24,45408,209,Not Open
T042,23-24,45408,209,Not Open
T043,23-24,45408,209,Not Open
T044,23-24,45408,209,Not Open
T045,23-24,45408,209,Not Open
T046,23-24,45408,209,Not Open
T047,23-24,45408,209,Not Open
T048,23-24,45408,209,Not Open
T049,23-24,45408,209,Not Open
T050,23-24,45408,209,Not Open
T051,23-24,45408,209,Not Open
T052,23-24,45408,209,Not Open
T053,23-24,45408,209,Not Open
T054,23-24,45408,209,Not Open
T055,23-24,45408,209,Not Open
T056,23-24,45408,209,Not Open
T057,23-24,45408,209,Not Open
T058,23-24,45408,209,Not Open
T061,23-24,45408,209,Not Open
T062,23-24,45408,209,Not Open
T063,23-24,45408,209,Not Open
T064,23-24,45408,209,Not Open
T065,23-24,45408,209,Not Open
T066,23-24,45408,209,Not Open
T067,23-24,45408,209,Not Open
T068,23-24,45408,209,Not Open
T069,23-24,45408,209,Not Open
T070,23-24,45408,209,Not Open
T071,23-24,45408,209,Not Open
T072,23-24,45408,209,Not Open
T073,23-24,45408,209,Not Open
T074,23-24,45408,209,Not Open
T075,23-24,45408,209,Not Open
T076,23-24,45408,209,Not Open
T077,23-24,45408,209,Not Open
T078,23-24,45408,209,Not Open
T079,23-24,45408,209,Not Open
T080,23-24,45408,209,Not Open
T081,23-24,45408,209,Not Open
T082,23-24,45408,209,Not Open
T083,23-24,45408,209,Not Open
T084,23-24,45408,209,Not Open
T085,23-24,45408,209,Not Open
T086,23-24,45408,209,Not Open
T087,23-24,45408,209,Not Open
T088,23-24,45408,209,Not Open
T089,23-24,45408,209,Not Open
T090,23-24,45408,209,Not Open
T091,23-24,45408,209,Not Open
T092,23-24,45408,209,Not Open
T107,23-24,45408,209,Not Open
T108,23-24,45408,209,Not Open
T109,23-24,45408,209,Not Open
T110,23-24,45408,209,Not Open
T111,23-24,45408,209,Not Open
T112,23-24,45408,209,Not Open
T113,23-24,45408,209,Not Open
T114,23-24,45408,209,Not Open
T115,23-24,45408,209,Not Open
T116,23-24,45408,209,Not Open
T117,23-24,45408,209,Not Open
T118,23-24,45408,209,Not Open
T119,23-24,45408,209,Not Open
T127,23-24,45408,209,Not Open
T128,23-24,45408,209,Not Open
T129,23-24,45408,209,Not Open
T130,23-24,45408,209,Not Open
T131,23-24,45408,209,Not Open
T132,23-24,45408,209,Not Open
T133,23-24,45408,209,Not Open
T136,23-24,45408,209,Not Open
T137,23-24,45408,209,Not Open
T148,23-24,45408,209,Not Open
T001,23-24,45409,210,Not Open
T002,23-24,45409,210,Not Open
T003,23-24,45409,210,Not Open
T004,23-24,45409,210,Not Open
T005,23-24,45409,210,Not Open
T006,23-24,45409,210,Not Open
T007,23-24,45409,210,Not Open
T008,23-24,45409,210,Not Open
T009,23-24,45409,210,Not Open
T010,23-24,45409,210,Not Open
T011,23-24,45409,210,Not Open
T012,23-24,45409,210,Not Open
T013,23-24,45409,210,Not Open
T014,23-24,45409,210,Not Open
T015,23-24,45409,210,Not Open
T016,23-24,45409,210,Not Open
T017,23-24,45409,210,Not Open
T018,23-24,45409,210,Not Open
T019,23-24,45409,210,Not Open
T020,23-24,45409,210,Not Open
T021,23-24,45409,210,Not Open
T022,23-24,45409,210,Not Open
T023,23-24,45409,210,Not Open
T024,23-24,45409,210,Not Open
T025,23-24,45409,210,Not Open
T026,23-24,45409,210,Not Open
T027,23-24,45409,210,Not Open
T028,23-24,45409,210,Not Open
T029,23-24,45409,210,Not Open
T030,23-24,45409,210,Not Open
T031,23-24,45409,210,Not Open
T032,23-24,45409,210,Not Open
T033,23-24,45409,210,Not Open
T034,23-24,45409,210,Not Open
T035,23-24,45409,210,Not Open
T036,23-24,45409,210,Not Open
T037,23-24,45409,210,Not Open
T038,23-24,45409,210,Not Open
T039,23-24,45409,210,Not Open
T040,23-24,45409,210,Not Open
T042,23-24,45409,210,Not Open
T043,23-24,45409,210,Not Open
T044,23-24,45409,210,Not Open
T045,23-24,45409,210,Not Open
T046,23-24,45409,210,Not Open
T047,23-24,45409,210,Not Open
T048,23-24,45409,210,Not Open
T049,23-24,45409,210,Not Open
T050,23-24,45409,210,Not Open
T051,23-24,45409,210,Not Open
T052,23-24,45409,210,Not Open
T053,23-24,45409,210,Not Open
T054,23-24,45409,210,Not Open
T055,23-24,45409,210,Not Open
T056,23-24,45409,210,Not Open
T057,23-24,45409,210,Not Open
T058,23-24,45409,210,Not Open
T061,23-24,45409,210,Not Open
T062,23-24,45409,210,Not Open
T063,23-24,45409,210,Not Open
T064,23-24,45409,210,Not Open
T065,23-24,45409,210,Not Open
T066,23-24,45409,210,Not Open
T067,23-24,45409,210,Not Open
T068,23-24,45409,210,Not Open
T069,23-24,45409,210,Not Open
T070,23-24,45409,210,Not Open
T071,23-24,45409,210,Not Open
T072,23-24,45409,210,Not Open
T073,23-24,45409,210,Not Open
T074,23-24,45409,210,Not Open
T075,23-24,45409,210,Not Open
T076,23-24,45409,210,Not Open
T077,23-24,45409,210,Not Open
T078,23-24,45409,210,Not Open
T079,23-24,45409,210,Not Open
T080,23-24,45409,210,Not Open
T081,23-24,45409,210,Not Open
T082,23-24,45409,210,Not Open
T083,23-24,45409,210,Not Open
T084,23-24,45409,210,Not Open
T085,23-24,45409,210,Not Open
T086,23-24,45409,210,Not Open
T087,23-24,45409,210,Not Open
T088,23-24,45409,210,Not Open
T089,23-24,45409,210,Not Open
T090,23-24,45409,210,Not Open
T091,23-24,45409,210,Not Open
T092,23-24,45409,210,Not Open
T107,23-24,45409,210,Not Open
T108,23-24,45409,210,Not Open
T109,23-24,45409,210,Not Open
T110,23-24,45409,210,Not Open
T111,23-24,45409,210,Not Open
T112,23-24,45409,210,Not Open
T113,23-24,45409,210,Not Open
T114,23-24,45409,210,Not Open
T115,23-24,45409,210,Not Open
T116,23-24,45409,210,Not Open
T117,23-24,45409,210,Not Open
T118,23-24,45409,210,Not Open
T119,23-24,45409,210,Not Open
T127,23-24,45409,210,Not Open
T128,23-24,45409,210,Not Open
T129,23-24,45409,210,Not Open
T130,23-24,45409,210,Not Open
T131,23-24,45409,210,Not Open
T132,23-24,45409,210,Not Open
T133,23-24,45409,210,Not Open
T136,23-24,45409,210,Not Open
T137,23-24,45409,210,Not Open
T148,23-24,45409,210,Not Open
T001,23-24,45410,211,Not Open
T002,23-24,45410,211,Not Open
T003,23-24,45410,211,Not Open
T004,23-24,45410,211,Not Open
T005,23-24,45410,211,Not Open
T006,23-24,45410,211,Not Open
T007,23-24,45410,211,Not Open
T008,23-24,45410,211,Not Open
T009,23-24,45410,211,Not Open
T010,23-24,45410,211,Not Open
T011,23-24,45410,211,Not Open
T012,23-24,45410,211,Not Open
T013,23-24,45410,211,Not Open
T014,23-24,45410,211,Not Open
T015,23-24,45410,211,Not Open
T016,23-24,45410,211,Not Open
T017,23-24,45410,211,Not Open
T018,23-24,45410,211,Not Open
T019,23-24,45410,211,Not Open
T020,23-24,45410,211,Not Open
T021,23-24,45410,211,Not Open
T022,23-24,45410,211,Not Open
T023,23-24,45410,211,Not Open
T024,23-24,45410,211,Not Open
T025,23-24,45410,211,Not Open
T026,23-24,45410,211,Not Open
T027,23-24,45410,211,Not Open
T028,23-24,45410,211,Not Open
T029,23-24,45410,211,Not Open
T030,23-24,45410,211,Not Open
T031,23-24,45410,211,Not Open
T032,23-24,45410,211,Not Open
T033,23-24,45410,211,Not Open
T034,23-24,45410,211,Not Open
T035,23-24,45410,211,Not Open
T036,23-24,45410,211,Not Open
T037,23-24,45410,211,Not Open
T038,23-24,45410,211,Not Open
T039,23-24,45410,211,Not Open
T040,23-24,45410,211,Not Open
T042,23-24,45410,211,Not Open
T043,23-24,45410,211,Not Open
T044,23-24,45410,211,Not Open
T045,23-24,45410,211,Not Open
T046,23-24,45410,211,Not Open
T047,23-24,45410,211,Not Open
T048,23-24,45410,211,Not Open
T049,23-24,45410,211,Not Open
T050,23-24,45410,211,Not Open
T051,23-24,45410,211,Not Open
T052,23-24,45410,211,Not Open
T053,23-24,45410,211,Not Open
T054,23-24,45410,211,Not Open
T055,23-24,45410,211,Not Open
T056,23-24,45410,211,Not Open
T057,23-24,45410,211,Not Open
T058,23-24,45410,211,Not Open
T061,23-24,45410,211,Not Open
T062,23-24,45410,211,Not Open
T063,23-24,45410,211,Not Open
T064,23-24,45410,211,Not Open
T065,23-24,45410,211,Not Open
T066,23-24,45410,211,Not Open
T067,23-24,45410,211,Not Open
T068,23-24,45410,211,Not Open
T069,23-24,45410,211,Not Open
T070,23-24,45410,211,Not Open
T071,23-24,45410,211,Not Open
T072,23-24,45410,211,Not Open
T073,23-24,45410,211,Not Open
T074,23-24,45410,211,Not Open
T075,23-24,45410,211,Not Open
T076,23-24,45410,211,Not Open
T077,23-24,45410,211,Not Open
T078,23-24,45410,211,Not Open
T079,23-24,45410,211,Not Open
T080,23-24,45410,211,Not Open
T081,23-24,45410,211,Not Open
T082,23-24,45410,211,Not Open
T083,23-24,45410,211,Not Open
T084,23-24,45410,211,Not Open
T085,23-24,45410,211,Not Open
T086,23-24,45410,211,Not Open
T087,23-24,45410,211,Not Open
T088,23-24,45410,211,Not Open
T089,23-24,45410,211,Not Open
T090,23-24,45410,211,Not Open
T091,23-24,45410,211,Not Open
T092,23-24,45410,211,Not Open
T107,23-24,45410,211,Not Open
T108,23-24,45410,211,Not Open
T109,23-24,45410,211,Not Open
T110,23-24,45410,211,Not Open
T111,23-24,45410,211,Not Open
T112,23-24,45410,211,Not Open
T113,23-24,45410,211,Not Open
T114,23-24,45410,211,Not Open
T115,23-24,45410,211,Not Open
T116,23-24,45410,211,Not Open
T117,23-24,45410,211,Not Open
T118,23-24,45410,211,Not Open
T119,23-24,45410,211,Not Open
T127,23-24,45410,211,Not Open
T128,23-24,45410,211,Not Open
T129,23-24,45410,211,Not Open
T130,23-24,45410,211,Not Open
T131,23-24,45410,211,Not Open
T132,23-24,45410,211,Not Open
T133,23-24,45410,211,Not Open
T136,23-24,45410,211,Not Open
T137,23-24,45410,211,Not Open
T148,23-24,45410,211,Not Open
T001,23-24,45411,212,Not Open
T002,23-24,45411,212,Not Open
T003,23-24,45411,212,Not Open
T004,23-24,45411,212,Not Open
T005,23-24,45411,212,Not Open
T006,23-24,45411,212,Not Open
T007,23-24,45411,212,Not Open
T008,23-24,45411,212,Not Open
T009,23-24,45411,212,Not Open
T010,23-24,45411,212,Not Open
T011,23-24,45411,212,Not Open
T012,23-24,45411,212,Not Open
T013,23-24,45411,212,Not Open
T014,23-24,45411,212,Not Open
T015,23-24,45411,212,Not Open
T016,23-24,45411,212,Not Open
T017,23-24,45411,212,Not Open
T018,23-24,45411,212,Not Open
T019,23-24,45411,212,Not Open
T020,23-24,45411,212,Not Open
T021,23-24,45411,212,Not Open
T022,23-24,45411,212,Not Open
T023,23-24,45411,212,Not Open
T024,23-24,45411,212,Not Open
T025,23-24,45411,212,Not Open
T026,23-24,45411,212,Not Open
T027,23-24,45411,212,Not Open
T028,23-24,45411,212,Not Open
T029,23-24,45411,212,Not Open
T030,23-24,45411,212,Not Open
T031,23-24,45411,212,Not Open
T032,23-24,45411,212,Not Open
T033,23-24,45411,212,Not Open
T034,23-24,45411,212,Not Open
T035,23-24,45411,212,Not Open
T036,23-24,45411,212,Not Open
T037,23-24,45411,212,Not Open
T038,23-24,45411,212,Not Open
T039,23-24,45411,212,Not Open
T040,23-24,45411,212,Not Open
T042,23-24,45411,212,Not Open
T043,23-24,45411,212,Not Open
T044,23-24,45411,212,Not Open
T045,23-24,45411,212,Not Open
T046,23-24,45411,212,Not Open
T047,23-24,45411,212,Not Open
T048,23-24,45411,212,Not Open
T049,23-24,45411,212,Not Open
T050,23-24,45411,212,Not Open
T051,23-24,45411,212,Not Open
T052,23-24,45411,212,Not Open
T053,23-24,45411,212,Not Open
T054,23-24,45411,212,Not Open
T055,23-24,45411,212,Not Open
T056,23-24,45411,212,Not Open
T057,23-24,45411,212,Not Open
T058,23-24,45411,212,Not Open
T061,23-24,45411,212,Not Open
T062,23-24,45411,212,Not Open
T063,23-24,45411,212,Not Open
T064,23-24,45411,212,Not Open
T065,23-24,45411,212,Not Open
T066,23-24,45411,212,Not Open
T067,23-24,45411,212,Not Open
T068,23-24,45411,212,Not Open
T069,23-24,45411,212,Not Open
T070,23-24,45411,212,Not Open
T071,23-24,45411,212,Not Open
T072,23-24,45411,212,Not Open
T073,23-24,45411,212,Not Open
T074,23-24,45411,212,Not Open
T075,23-24,45411,212,Not Open
T076,23-24,45411,212,Not Open
T077,23-24,45411,212,Not Open
T078,23-24,45411,212,Not Open
T079,23-24,45411,212,Not Open
T080,23-24,45411,212,Not Open
T081,23-24,45411,212,Not Open
T082,23-24,45411,212,Not Open
T083,23-24,45411,212,Not Open
T084,23-24,45411,212,Not Open
T085,23-24,45411,212,Not Open
T086,23-24,45411,212,Not Open
T087,23-24,45411,212,Not Open
T088,23-24,45411,212,Not Open
T089,23-24,45411,212,Not Open
T090,23-24,45411,212,Not Open
T091,23-24,45411,212,Not Open
T092,23-24,45411,212,Not Open
T107,23-24,45411,212,Not Open
T108,23-24,45411,212,Not Open
T109,23-24,45411,212,Not Open
T110,23-24,45411,212,Not Open
T111,23-24,45411,212,Not Open
T112,23-24,45411,212,Not Open
T113,23-24,45411,212,Not Open
T114,23-24,45411,212,Not Open
T115,23-24,45411,212,Not Open
T116,23-24,45411,212,Not Open
T117,23-24,45411,212,Not Open
T118,23-24,45411,212,Not Open
T119,23-24,45411,212,Not Open
T127,23-24,45411,212,Not Open
T128,23-24,45411,212,Not Open
T129,23-24,45411,212,Not Open
T130,23-24,45411,212,Not Open
T131,23-24,45411,212,Not Open
T132,23-24,45411,212,Not Open
T133,23-24,45411,212,Not Open
T136,23-24,45411,212,Not Open
T137,23-24,45411,212,Not Open
T148,23-24,45411,212,Not Open
T001,23-24,45412,213,Not Open
T002,23-24,45412,213,Not Open
T003,23-24,45412,213,Not Open
T004,23-24,45412,213,Not Open
T005,23-24,45412,213,Not Open
T006,23-24,45412,213,Not Open
T007,23-24,45412,213,Not Open
T008,23-24,45412,213,Not Open
T009,23-24,45412,213,Not Open
T010,23-24,45412,213,Not Open
T011,23-24,45412,213,Not Open
T012,23-24,45412,213,Not Open
T013,23-24,45412,213,Not Open
T014,23-24,45412,213,Not Open
T015,23-24,45412,213,Not Open
T016,23-24,45412,213,Not Open
T017,23-24,45412,213,Not Open
T018,23-24,45412,213,Not Open
T019,23-24,45412,213,Not Open
T020,23-24,45412,213,Not Open
T021,23-24,45412,213,Not Open
T022,23-24,45412,213,Not Open
T023,23-24,45412,213,Not Open
T024,23-24,45412,213,Not Open
T025,23-24,45412,213,Not Open
T026,23-24,45412,213,Not Open
T027,23-24,45412,213,Not Open
T028,23-24,45412,213,Not Open
T029,23-24,45412,213,Not Open
T030,23-24,45412,213,Not Open
T031,23-24,45412,213,Not Open
T032,23-24,45412,213,Not Open
T033,23-24,45412,213,Not Open
T034,23-24,45412,213,Not Open
T035,23-24,45412,213,Not Open
T036,23-24,45412,213,Not Open
T037,23-24,45412,213,Not Open
T038,23-24,45412,213,Not Open
T039,23-24,45412,213,Not Open
T040,23-24,45412,213,Not Open
T042,23-24,45412,213,Not Open
T043,23-24,45412,213,Not Open
T044,23-24,45412,213,Not Open
T045,23-24,45412,213,Not Open
T046,23-24,45412,213,Not Open
T047,23-24,45412,213,Not Open
T048,23-24,45412,213,Not Open
T049,23-24,45412,213,Not Open
T050,23-24,45412,213,Not Open
T051,23-24,45412,213,Not Open
T052,23-24,45412,213,Not Open
T053,23-24,45412,213,Not Open
T054,23-24,45412,213,Not Open
T055,23-24,45412,213,Not Open
T056,23-24,45412,213,Not Open
T057,23-24,45412,213,Not Open
T058,23-24,45412,213,Not Open
T061,23-24,45412,213,Not Open
T062,23-24,45412,213,Not Open
T063,23-24,45412,213,Not Open
T064,23-24,45412,213,Not Open
T065,23-24,45412,213,Not Open
T066,23-24,45412,213,Not Open
T067,23-24,45412,213,Not Open
T068,23-24,45412,213,Not Open
T069,23-24,45412,213,Not Open
T070,23-24,45412,213,Not Open
T071,23-24,45412,213,Not Open
T072,23-24,45412,213,Not Open
T073,23-24,45412,213,Not Open
T074,23-24,45412,213,Not Open
T075,23-24,45412,213,Not Open
T076,23-24,45412,213,Not Open
T077,23-24,45412,213,Not Open
T078,23-24,45412,213,Not Open
T079,23-24,45412,213,Not Open
T080,23-24,45412,213,Not Open
T081,23-24,45412,213,Not Open
T082,23-24,45412,213,Not Open
T083,23-24,45412,213,Not Open
T084,23-24,45412,213,Not Open
T085,23-24,45412,213,Not Open
T086,23-24,45412,213,Not Open
T087,23-24,45412,213,Not Open
T088,23-24,45412,213,Not Open
T089,23-24,45412,213,Not Open
T090,23-24,45412,213,Not Open
T091,23-24,45412,213,Not Open
T092,23-24,45412,213,Not Open
T107,23-24,45412,213,Not Open
T108,23-24,45412,213,Not Open
T109,23-24,45412,213,Not Open
T110,23-24,45412,213,Not Open
T111,23-24,45412,213,Not Open
T112,23-24,45412,213,Not Open
T113,23-24,45412,213,Not Open
T114,23-24,45412,213,Not Open
T115,23-24,45412,213,Not Open
T116,23-24,45412,213,Not Open
T117,23-24,45412,213,Not Open
T118,23-24,45412,213,Not Open
T119,23-24,45412,213,Not Open
T127,23-24,45412,213,Not Open
T128,23-24,45412,213,Not Open
T129,23-24,45412,213,Not Open
T130,23-24,45412,213,Not Open
T131,23-24,45412,213,Not Open
T132,23-24,45412,213,Not Open
T133,23-24,45412,213,Not Open
T136,23-24,45412,213,Not Open
T137,23-24,45412,213,Not Open
T148,23-24,45412,213,Not Open