trail_id,season,date,season_day,dashboard_status
T002,06-07,2006-10-01,1,Not Open
T003,06-07,2006-10-01,1,Not Open
T004,06-07,2006-10-01,1,Not Open
T005,06-07,2006-10-01,1,Not Open
T006,06-07,2006-10-01,1,Not Open
T007,06-07,2006-10-01,1,Not Open
T008,06-07,2006-10-01,1,Not Open
T009,06-07,2006-10-01,1,Not Open
T010,06-07,2006-10-01,1,Not Open
T011,06-07,2006-10-01,1,Not Open
T012,06-07,2006-10-01,1,Not Open
T013,06-07,2006-10-01,1,Not Open
T015,06-07,2006-10-01,1,Not Open
T016,06-07,2006-10-01,1,Not Open
T017,06-07,2006-10-01,1,Not Open
T018,06-07,2006-10-01,1,Not Open
T019,06-07,2006-10-01,1,Not Open
T020,06-07,2006-10-01,1,Not Open
T021,06-07,2006-10-01,1,Not Open
T022,06-07,2006-10-01,1,Not Open
T023,06-07,2006-10-01,1,Not Open
T024,06-07,2006-10-01,1,Not Open
T025,06-07,2006-10-01,1,Not Open
T026,06-07,2006-10-01,1,Not Open
T027,06-07,2006-10-01,1,Not Open
T028,06-07,2006-10-01,1,Not Open
T029,06-07,2006-10-01,1,Not Open
T030,06-07,2006-10-01,1,Not Open
T031,06-07,2006-10-01,1,Not Open
T032,06-07,2006-10-01,1,Not Open
T033,06-07,2006-10-01,1,Not Open
T034,06-07,2006-10-01,1,Not Open
T035,06-07,2006-10-01,1,Not Open
T036,06-07,2006-10-01,1,Not Open
T037,06-07,2006-10-01,1,Not Open
T038,06-07,2006-10-01,1,Not Open
T039,06-07,2006-10-01,1,Not Open
T040,06-07,2006-10-01,1,Not Open
T042,06-07,2006-10-01,1,Not Open
T043,06-07,2006-10-01,1,Not Open
T044,06-07,2006-10-01,1,Not Open
T045,06-07,2006-10-01,1,Not Open
T046,06-07,2006-10-01,1,Not Open
T047,06-07,2006-10-01,1,Not Open
T061,06-07,2006-10-01,1,Not Open
T063,06-07,2006-10-01,1,Not Open
T064,06-07,2006-10-01,1,Not Open
T065,06-07,2006-10-01,1,Not Open
T066,06-07,2006-10-01,1,Not Open
T067,06-07,2006-10-01,1,Not Open
T068,06-07,2006-10-01,1,Not Open
T069,06-07,2006-10-01,1,Not Open
T070,06-07,2006-10-01,1,Not Open
T071,06-07,2006-10-01,1,Not Open
T072,06-07,2006-10-01,1,Not Open
T073,06-07,2006-10-01,1,Not Open
T074,06-07,2006-10-01,1,Not Open
T075,06-07,2006-10-01,1,Not Open
T076,06-07,2006-10-01,1,Not Open
T077,06-07,2006-10-01,1,Not Open
T078,06-07,2006-10-01,1,Not Open
T079,06-07,2006-10-01,1,Not Open
T080,06-07,2006-10-01,1,Not Open
T081,06-07,2006-10-01,1,Not Open
T083,06-07,2006-10-01,1,Not Open
T084,06-07,2006-10-01,1,Not Open
T085,06-07,2006-10-01,1,Not Open
T086,06-07,2006-10-01,1,Not Open
T087,06-07,2006-10-01,1,Not Open
T088,06-07,2006-10-01,1,Not Open
T089,06-07,2006-10-01,1,Not Open
T090,06-07,2006-10-01,1,Not Open
T091,06-07,2006-10-01,1,Not Open
T092,06-07,2006-10-01,1,Not Open
T127,06-07,2006-10-01,1,Not Open
T134,06-07,2006-10-01,1,Not Open
T135,06-07,2006-10-01,1,Not Open
T136,06-07,2006-10-01,1,Not Open
T137,06-07,2006-10-01,1,Not Open
T148,06-07,2006-10-01,1,Not Open
T152,06-07,2006-10-01,1,Not Open
T156,06-07,2006-10-01,1,Not Open
T157,06-07,2006-10-01,1,Not Open
T002,06-07,2006-10-02,2,Not Open
T003,06-07,2006-10-02,2,Not Open
T004,06-07,2006-10-02,2,Not Open
T005,06-07,2006-10-02,2,Not Open
T006,06-07,2006-10-02,2,Not Open
T007,06-07,2006-10-02,2,Not Open
T008,06-07,2006-10-02,2,Not Open
T009,06-07,2006-10-02,2,Not Open
T010,06-07,2006-10-02,2,Not Open
T011,06-07,2006-10-02,2,Not Open
T012,06-07,2006-10-02,2,Not Open
T013,06-07,2006-10-02,2,Not Open
T015,06-07,2006-10-02,2,Not Open
T016,06-07,2006-10-02,2,Not Open
T017,06-07,2006-10-02,2,Not Open
T018,06-07,2006-10-02,2,Not Open
T019,06-07,2006-10-02,2,Not Open
T020,06-07,2006-10-02,2,Not Open
T021,06-07,2006-10-02,2,Not Open
T022,06-07,2006-10-02,2,Not Open
T023,06-07,2006-10-02,2,Not Open
T024,06-07,2006-10-02,2,Not Open
T025,06-07,2006-10-02,2,Not Open
T026,06-07,2006-10-02,2,Not Open
T027,06-07,2006-10-02,2,Not Open
T028,06-07,2006-10-02,2,Not Open
T029,06-07,2006-10-02,2,Not Open
T030,06-07,2006-10-02,2,Not Open
T031,06-07,2006-10-02,2,Not Open
T032,06-07,2006-10-02,2,Not Open
T033,06-07,2006-10-02,2,Not Open
T034,06-07,2006-10-02,2,Not Open
T035,06-07,2006-10-02,2,Not Open
T036,06-07,2006-10-02,2,Not Open
T037,06-07,2006-10-02,2,Not Open
T038,06-07,2006-10-02,2,Not Open
T039,06-07,2006-10-02,2,Not Open
T040,06-07,2006-10-02,2,Not Open
T042,06-07,2006-10-02,2,Not Open
T043,06-07,2006-10-02,2,Not Open
T044,06-07,2006-10-02,2,Not Open
T045,06-07,2006-10-02,2,Not Open
T046,06-07,2006-10-02,2,Not Open
T047,06-07,2006-10-02,2,Not Open
T061,06-07,2006-10-02,2,Not Open
T063,06-07,2006-10-02,2,Not Open
T064,06-07,2006-10-02,2,Not Open
T065,06-07,2006-10-02,2,Not Open
T066,06-07,2006-10-02,2,Not Open
T067,06-07,2006-10-02,2,Not Open
T068,06-07,2006-10-02,2,Not Open
T069,06-07,2006-10-02,2,Not Open
T070,06-07,2006-10-02,2,Not Open
T071,06-07,2006-10-02,2,Not Open
T072,06-07,2006-10-02,2,Not Open
T073,06-07,2006-10-02,2,Not Open
T074,06-07,2006-10-02,2,Not Open
T075,06-07,2006-10-02,2,Not Open
T076,06-07,2006-10-02,2,Not Open
T077,06-07,2006-10-02,2,Not Open
T078,06-07,2006-10-02,2,Not Open
T079,06-07,2006-10-02,2,Not Open
T080,06-07,2006-10-02,2,Not Open
T081,06-07,2006-10-02,2,Not Open
T083,06-07,2006-10-02,2,Not Open
T084,06-07,2006-10-02,2,Not Open
T085,06-07,2006-10-02,2,Not Open
T086,06-07,2006-10-02,2,Not Open
T087,06-07,2006-10-02,2,Not Open
T088,06-07,2006-10-02,2,Not Open
T089,06-07,2006-10-02,2,Not Open
T090,06-07,2006-10-02,2,Not Open
T091,06-07,2006-10-02,2,Not Open
T092,06-07,2006-10-02,2,Not Open
T127,06-07,2006-10-02,2,Not Open
T134,06-07,2006-10-02,2,Not Open
T135,06-07,2006-10-02,2,Not Open
T136,06-07,2006-10-02,2,Not Open
T137,06-07,2006-10-02,2,Not Open
T148,06-07,2006-10-02,2,Not Open
T152,06-07,2006-10-02,2,Not Open
T156,06-07,2006-10-02,2,Not Open
T157,06-07,2006-10-02,2,Not Open
T002,06-07,2006-10-03,3,Not Open
T003,06-07,2006-10-03,3,Not Open
T004,06-07,2006-10-03,3,Not Open
T005,06-07,2006-10-03,3,Not Open
T006,06-07,2006-10-03,3,Not Open
T007,06-07,2006-10-03,3,Not Open
T008,06-07,2006-10-03,3,Not Open
T009,06-07,2006-10-03,3,Not Open
T010,06-07,2006-10-03,3,Not Open
T011,06-07,2006-10-03,3,Not Open
T012,06-07,2006-10-03,3,Not Open
T013,06-07,2006-10-03,3,Not Open
T015,06-07,2006-10-03,3,Not Open
T016,06-07,2006-10-03,3,Not Open
T017,06-07,2006-10-03,3,Not Open
T018,06-07,2006-10-03,3,Not Open
T019,06-07,2006-10-03,3,Not Open
T020,06-07,2006-10-03,3,Not Open
T021,06-07,2006-10-03,3,Not Open
T022,06-07,2006-10-03,3,Not Open
T023,06-07,2006-10-03,3,Not Open
T024,06-07,2006-10-03,3,Not Open
T025,06-07,2006-10-03,3,Not Open
T026,06-07,2006-10-03,3,Not Open
T027,06-07,2006-10-03,3,Not Open
T028,06-07,2006-10-03,3,Not Open
T029,06-07,2006-10-03,3,Not Open
T030,06-07,2006-10-03,3,Not Open
T031,06-07,2006-10-03,3,Not Open
T032,06-07,2006-10-03,3,Not Open
T033,06-07,2006-10-03,3,Not Open
T034,06-07,2006-10-03,3,Not Open
T035,06-07,2006-10-03,3,Not Open
T036,06-07,2006-10-03,3,Not Open
T037,06-07,2006-10-03,3,Not Open
T038,06-07,2006-10-03,3,Not Open
T039,06-07,2006-10-03,3,Not Open
T040,06-07,2006-10-03,3,Not Open
T042,06-07,2006-10-03,3,Not Open
T043,06-07,2006-10-03,3,Not Open
T044,06-07,2006-10-03,3,Not Open
T045,06-07,2006-10-03,3,Not Open
T046,06-07,2006-10-03,3,Not Open
T047,06-07,2006-10-03,3,Not Open
T061,06-07,2006-10-03,3,Not Open
T063,06-07,2006-10-03,3,Not Open
T064,06-07,2006-10-03,3,Not Open
T065,06-07,2006-10-03,3,Not Open
T066,06-07,2006-10-03,3,Not Open
T067,06-07,2006-10-03,3,Not Open
T068,06-07,2006-10-03,3,Not Open
T069,06-07,2006-10-03,3,Not Open
T070,06-07,2006-10-03,3,Not Open
T071,06-07,2006-10-03,3,Not Open
T072,06-07,2006-10-03,3,Not Open
T073,06-07,2006-10-03,3,Not Open
T074,06-07,2006-10-03,3,Not Open
T075,06-07,2006-10-03,3,Not Open
T076,06-07,2006-10-03,3,Not Open
T077,06-07,2006-10-03,3,Not Open
T078,06-07,2006-10-03,3,Not Open
T079,06-07,2006-10-03,3,Not Open
T080,06-07,2006-10-03,3,Not Open
T081,06-07,2006-10-03,3,Not Open
T083,06-07,2006-10-03,3,Not Open
T084,06-07,2006-10-03,3,Not Open
T085,06-07,2006-10-03,3,Not Open
T086,06-07,2006-10-03,3,Not Open
T087,06-07,2006-10-03,3,Not Open
T088,06-07,2006-10-03,3,Not Open
T089,06-07,2006-10-03,3,Not Open
T090,06-07,2006-10-03,3,Not Open
T091,06-07,2006-10-03,3,Not Open
T092,06-07,2006-10-03,3,Not Open
T127,06-07,2006-10-03,3,Not Open
T134,06-07,2006-10-03,3,Not Open
T135,06-07,2006-10-03,3,Not Open
T136,06-07,2006-10-03,3,Not Open
T137,06-07,2006-10-03,3,Not Open
T148,06-07,2006-10-03,3,Not Open
T152,06-07,2006-10-03,3,Not Open
T156,06-07,2006-10-03,3,Not Open
T157,06-07,2006-10-03,3,Not Open
T002,06-07,2006-10-04,4,Not Open
T003,06-07,2006-10-04,4,Not Open
T004,06-07,2006-10-04,4,Not Open
T005,06-07,2006-10-04,4,Not Open
T006,06-07,2006-10-04,4,Not Open
T007,06-07,2006-10-04,4,Not Open
T008,06-07,2006-10-04,4,Not Open
T009,06-07,2006-10-04,4,Not Open
T010,06-07,2006-10-04,4,Not Open
T011,06-07,2006-10-04,4,Not Open
T012,06-07,2006-10-04,4,Not Open
T013,06-07,2006-10-04,4,Not Open
T015,06-07,2006-10-04,4,Not Open
T016,06-07,2006-10-04,4,Not Open
T017,06-07,2006-10-04,4,Not Open
T018,06-07,2006-10-04,4,Not Open
T019,06-07,2006-10-04,4,Not Open
T020,06-07,2006-10-04,4,Not Open
T021,06-07,2006-10-04,4,Not Open
T022,06-07,2006-10-04,4,Not Open
T023,06-07,2006-10-04,4,Not Open
T024,06-07,2006-10-04,4,Not Open
T025,06-07,2006-10-04,4,Not Open
T026,06-07,2006-10-04,4,Not Open
T027,06-07,2006-10-04,4,Not Open
T028,06-07,2006-10-04,4,Not Open
T029,06-07,2006-10-04,4,Not Open
T030,06-07,2006-10-04,4,Not Open
T031,06-07,2006-10-04,4,Not Open
T032,06-07,2006-10-04,4,Not Open
T033,06-07,2006-10-04,4,Not Open
T034,06-07,2006-10-04,4,Not Open
T035,06-07,2006-10-04,4,Not Open
T036,06-07,2006-10-04,4,Not Open
T037,06-07,2006-10-04,4,Not Open
T038,06-07,2006-10-04,4,Not Open
T039,06-07,2006-10-04,4,Not Open
T040,06-07,2006-10-04,4,Not Open
T042,06-07,2006-10-04,4,Not Open
T043,06-07,2006-10-04,4,Not Open
T044,06-07,2006-10-04,4,Not Open
T045,06-07,2006-10-04,4,Not Open
T046,06-07,2006-10-04,4,Not Open
T047,06-07,2006-10-04,4,Not Open
T061,06-07,2006-10-04,4,Not Open
T063,06-07,2006-10-04,4,Not Open
T064,06-07,2006-10-04,4,Not Open
T065,06-07,2006-10-04,4,Not Open
T066,06-07,2006-10-04,4,Not Open
T067,06-07,2006-10-04,4,Not Open
T068,06-07,2006-10-04,4,Not Open
T069,06-07,2006-10-04,4,Not Open
T070,06-07,2006-10-04,4,Not Open
T071,06-07,2006-10-04,4,Not Open
T072,06-07,2006-10-04,4,Not Open
T073,06-07,2006-10-04,4,Not Open
T074,06-07,2006-10-04,4,Not Open
T075,06-07,2006-10-04,4,Not Open
T076,06-07,2006-10-04,4,Not Open
T077,06-07,2006-10-04,4,Not Open
T078,06-07,2006-10-04,4,Not Open
T079,06-07,2006-10-04,4,Not Open
T080,06-07,2006-10-04,4,Not Open
T081,06-07,2006-10-04,4,Not Open
T083,06-07,2006-10-04,4,Not Open
T084,06-07,2006-10-04,4,Not Open
T085,06-07,2006-10-04,4,Not Open
T086,06-07,2006-10-04,4,Not Open
T087,06-07,2006-10-04,4,Not Open
T088,06-07,2006-10-04,4,Not Open
T089,06-07,2006-10-04,4,Not Open
T090,06-07,2006-10-04,4,Not Open
T091,06-07,2006-10-04,4,Not Open
T092,06-07,2006-10-04,4,Not Open
T127,06-07,2006-10-04,4,Not Open
T134,06-07,2006-10-04,4,Not Open
T135,06-07,2006-10-04,4,Not Open
T136,06-07,2006-10-04,4,Not Open
T137,06-07,2006-10-04,4,Not Open
T148,06-07,2006-10-04,4,Not Open
T152,06-07,2006-10-04,4,Not Open
T156,06-07,2006-10-04,4,Not Open
T157,06-07,2006-10-04,4,Not Open
T002,06-07,2006-10-05,5,Not Open
T003,06-07,2006-10-05,5,Not Open
T004,06-07,2006-10-05,5,Not Open
T005,06-07,2006-10-05,5,Not Open
T006,06-07,2006-10-05,5,Not Open
T007,06-07,2006-10-05,5,Not Open
T008,06-07,2006-10-05,5,Not Open
T009,06-07,2006-10-05,5,Not Open
T010,06-07,2006-10-05,5,Not Open
T011,06-07,2006-10-05,5,Not Open
T012,06-07,2006-10-05,5,Not Open
T013,06-07,2006-10-05,5,Not Open
T015,06-07,2006-10-05,5,Not Open
T016,06-07,2006-10-05,5,Not Open
T017,06-07,2006-10-05,5,Not Open
T018,06-07,2006-10-05,5,Not Open
T019,06-07,2006-10-05,5,Not Open
T020,06-07,2006-10-05,5,Not Open
T021,06-07,2006-10-05,5,Not Open
T022,06-07,2006-10-05,5,Not Open
T023,06-07,2006-10-05,5,Not Open
T024,06-07,2006-10-05,5,Not Open
T025,06-07,2006-10-05,5,Not Open
T026,06-07,2006-10-05,5,Not Open
T027,06-07,2006-10-05,5,Not Open
T028,06-07,2006-10-05,5,Not Open
T029,06-07,2006-10-05,5,Not Open
T030,06-07,2006-10-05,5,Not Open
T031,06-07,2006-10-05,5,Not Open
T032,06-07,2006-10-05,5,Not Open
T033,06-07,2006-10-05,5,Not Open
T034,06-07,2006-10-05,5,Not Open
T035,06-07,2006-10-05,5,Not Open
T036,06-07,2006-10-05,5,Not Open
T037,06-07,2006-10-05,5,Not Open
T038,06-07,2006-10-05,5,Not Open
T039,06-07,2006-10-05,5,Not Open
T040,06-07,2006-10-05,5,Not Open
T042,06-07,2006-10-05,5,Not Open
T043,06-07,2006-10-05,5,Not Open
T044,06-07,2006-10-05,5,Not Open
T045,06-07,2006-10-05,5,Not Open
T046,06-07,2006-10-05,5,Not Open
T047,06-07,2006-10-05,5,Not Open
T061,06-07,2006-10-05,5,Not Open
T063,06-07,2006-10-05,5,Not Open
T064,06-07,2006-10-05,5,Not Open
T065,06-07,2006-10-05,5,Not Open
T066,06-07,2006-10-05,5,Not Open
T067,06-07,2006-10-05,5,Not Open
T068,06-07,2006-10-05,5,Not Open
T069,06-07,2006-10-05,5,Not Open
T070,06-07,2006-10-05,5,Not Open
T071,06-07,2006-10-05,5,Not Open
T072,06-07,2006-10-05,5,Not Open
T073,06-07,2006-10-05,5,Not Open
T074,06-07,2006-10-05,5,Not Open
T075,06-07,2006-10-05,5,Not Open
T076,06-07,2006-10-05,5,Not Open
T077,06-07,2006-10-05,5,Not Open
T078,06-07,2006-10-05,5,Not Open
T079,06-07,2006-10-05,5,Not Open
T080,06-07,2006-10-05,5,Not Open
T081,06-07,2006-10-05,5,Not Open
T083,06-07,2006-10-05,5,Not Open
T084,06-07,2006-10-05,5,Not Open
T085,06-07,2006-10-05,5,Not Open
T086,06-07,2006-10-05,5,Not Open
T087,06-07,2006-10-05,5,Not Open
T088,06-07,2006-10-05,5,Not Open
T089,06-07,2006-10-05,5,Not Open
T090,06-07,2006-10-05,5,Not Open
T091,06-07,2006-10-05,5,Not Open
T092,06-07,2006-10-05,5,Not Open
T127,06-07,2006-10-05,5,Not Open
T134,06-07,2006-10-05,5,Not Open
T135,06-07,2006-10-05,5,Not Open
T136,06-07,2006-10-05,5,Not Open
T137,06-07,2006-10-05,5,Not Open
T148,06-07,2006-10-05,5,Not Open
T152,06-07,2006-10-05,5,Not Open
T156,06-07,2006-10-05,5,Not Open
T157,06-07,2006-10-05,5,Not Open
T002,06-07,2006-10-06,6,Not Open
T003,06-07,2006-10-06,6,Not Open
T004,06-07,2006-10-06,6,Not Open
T005,06-07,2006-10-06,6,Not Open
T006,06-07,2006-10-06,6,Not Open
T007,06-07,2006-10-06,6,Not Open
T008,06-07,2006-10-06,6,Not Open
T009,06-07,2006-10-06,6,Not Open
T010,06-07,2006-10-06,6,Not Open
T011,06-07,2006-10-06,6,Not Open
T012,06-07,2006-10-06,6,Not Open
T013,06-07,2006-10-06,6,Not Open
T015,06-07,2006-10-06,6,Not Open
T016,06-07,2006-10-06,6,Not Open
T017,06-07,2006-10-06,6,Not Open
T018,06-07,2006-10-06,6,Not Open
T019,06-07,2006-10-06,6,Not Open
T020,06-07,2006-10-06,6,Not Open
T021,06-07,2006-10-06,6,Not Open
T022,06-07,2006-10-06,6,Not Open
T023,06-07,2006-10-06,6,Not Open
T024,06-07,2006-10-06,6,Not Open
T025,06-07,2006-10-06,6,Not Open
T026,06-07,2006-10-06,6,Not Open
T027,06-07,2006-10-06,6,Not Open
T028,06-07,2006-10-06,6,Not Open
T029,06-07,2006-10-06,6,Not Open
T030,06-07,2006-10-06,6,Not Open
T031,06-07,2006-10-06,6,Not Open
T032,06-07,2006-10-06,6,Not Open
T033,06-07,2006-10-06,6,Not Open
T034,06-07,2006-10-06,6,Not Open
T035,06-07,2006-10-06,6,Not Open
T036,06-07,2006-10-06,6,Not Open
T037,06-07,2006-10-06,6,Not Open
T038,06-07,2006-10-06,6,Not Open
T039,06-07,2006-10-06,6,Not Open
T040,06-07,2006-10-06,6,Not Open
T042,06-07,2006-10-06,6,Not Open
T043,06-07,2006-10-06,6,Not Open
T044,06-07,2006-10-06,6,Not Open
T045,06-07,2006-10-06,6,Not Open
T046,06-07,2006-10-06,6,Not Open
T047,06-07,2006-10-06,6,Not Open
T061,06-07,2006-10-06,6,Not Open
T063,06-07,2006-10-06,6,Not Open
T064,06-07,2006-10-06,6,Not Open
T065,06-07,2006-10-06,6,Not Open
T066,06-07,2006-10-06,6,Not Open
T067,06-07,2006-10-06,6,Not Open
T068,06-07,2006-10-06,6,Not Open
T069,06-07,2006-10-06,6,Not Open
T070,06-07,2006-10-06,6,Not Open
T071,06-07,2006-10-06,6,Not Open
T072,06-07,2006-10-06,6,Not Open
T073,06-07,2006-10-06,6,Not Open
T074,06-07,2006-10-06,6,Not Open
T075,06-07,2006-10-06,6,Not Open
T076,06-07,2006-10-06,6,Not Open
T077,06-07,2006-10-06,6,Not Open
T078,06-07,2006-10-06,6,Not Open
T079,06-07,2006-10-06,6,Not Open
T080,06-07,2006-10-06,6,Not Open
T081,06-07,2006-10-06,6,Not Open
T083,06-07,2006-10-06,6,Not Open
T084,06-07,2006-10-06,6,Not Open
T085,06-07,2006-10-06,6,Not Open
T086,06-07,2006-10-06,6,Not Open
T087,06-07,2006-10-06,6,Not Open
T088,06-07,2006-10-06,6,Not Open
T089,06-07,2006-10-06,6,Not Open
T090,06-07,2006-10-06,6,Not Open
T091,06-07,2006-10-06,6,Not Open
T092,06-07,2006-10-06,6,Not Open
T127,06-07,2006-10-06,6,Not Open
T134,06-07,2006-10-06,6,Not Open
T135,06-07,2006-10-06,6,Not Open
T136,06-07,2006-10-06,6,Not Open
T137,06-07,2006-10-06,6,Not Open
T148,06-07,2006-10-06,6,Not Open
T152,06-07,2006-10-06,6,Not Open
T156,06-07,2006-10-06,6,Not Open
T157,06-07,2006-10-06,6,Not Open
T002,06-07,2006-10-07,7,Not Open
T003,06-07,2006-10-07,7,Not Open
T004,06-07,2006-10-07,7,Not Open
T005,06-07,2006-10-07,7,Not Open
T006,06-07,2006-10-07,7,Not Open
T007,06-07,2006-10-07,7,Not Open
T008,06-07,2006-10-07,7,Not Open
T009,06-07,2006-10-07,7,Not Open
T010,06-07,2006-10-07,7,Not Open
T011,06-07,2006-10-07,7,Not Open
T012,06-07,2006-10-07,7,Not Open
T013,06-07,2006-10-07,7,Not Open
T015,06-07,2006-10-07,7,Not Open
T016,06-07,2006-10-07,7,Not Open
T017,06-07,2006-10-07,7,Not Open
T018,06-07,2006-10-07,7,Not Open
T019,06-07,2006-10-07,7,Not Open
T020,06-07,2006-10-07,7,Not Open
T021,06-07,2006-10-07,7,Not Open
T022,06-07,2006-10-07,7,Not Open
T023,06-07,2006-10-07,7,Not Open
T024,06-07,2006-10-07,7,Not Open
T025,06-07,2006-10-07,7,Not Open
T026,06-07,2006-10-07,7,Not Open
T027,06-07,2006-10-07,7,Not Open
T028,06-07,2006-10-07,7,Not Open
T029,06-07,2006-10-07,7,Not Open
T030,06-07,2006-10-07,7,Not Open
T031,06-07,2006-10-07,7,Not Open
T032,06-07,2006-10-07,7,Not Open
T033,06-07,2006-10-07,7,Not Open
T034,06-07,2006-10-07,7,Not Open
T035,06-07,2006-10-07,7,Not Open
T036,06-07,2006-10-07,7,Not Open
T037,06-07,2006-10-07,7,Not Open
T038,06-07,2006-10-07,7,Not Open
T039,06-07,2006-10-07,7,Not Open
T040,06-07,2006-10-07,7,Not Open
T042,06-07,2006-10-07,7,Not Open
T043,06-07,2006-10-07,7,Not Open
T044,06-07,2006-10-07,7,Not Open
T045,06-07,2006-10-07,7,Not Open
T046,06-07,2006-10-07,7,Not Open
T047,06-07,2006-10-07,7,Not Open
T061,06-07,2006-10-07,7,Not Open
T063,06-07,2006-10-07,7,Not Open
T064,06-07,2006-10-07,7,Not Open
T065,06-07,2006-10-07,7,Not Open
T066,06-07,2006-10-07,7,Not Open
T067,06-07,2006-10-07,7,Not Open
T068,06-07,2006-10-07,7,Not Open
T069,06-07,2006-10-07,7,Not Open
T070,06-07,2006-10-07,7,Not Open
T071,06-07,2006-10-07,7,Not Open
T072,06-07,2006-10-07,7,Not Open
T073,06-07,2006-10-07,7,Not Open
T074,06-07,2006-10-07,7,Not Open
T075,06-07,2006-10-07,7,Not Open
T076,06-07,2006-10-07,7,Not Open
T077,06-07,2006-10-07,7,Not Open
T078,06-07,2006-10-07,7,Not Open
T079,06-07,2006-10-07,7,Not Open
T080,06-07,2006-10-07,7,Not Open
T081,06-07,2006-10-07,7,Not Open
T083,06-07,2006-10-07,7,Not Open
T084,06-07,2006-10-07,7,Not Open
T085,06-07,2006-10-07,7,Not Open
T086,06-07,2006-10-07,7,Not Open
T087,06-07,2006-10-07,7,Not Open
T088,06-07,2006-10-07,7,Not Open
T089,06-07,2006-10-07,7,Not Open
T090,06-07,2006-10-07,7,Not Open
T091,06-07,2006-10-07,7,Not Open
T092,06-07,2006-10-07,7,Not Open
T127,06-07,2006-10-07,7,Not Open
T134,06-07,2006-10-07,7,Not Open
T135,06-07,2006-10-07,7,Not Open
T136,06-07,2006-10-07,7,Not Open
T137,06-07,2006-10-07,7,Not Open
T148,06-07,2006-10-07,7,Not Open
T152,06-07,2006-10-07,7,Not Open
T156,06-07,2006-10-07,7,Not Open
T157,06-07,2006-10-07,7,Not Open
T002,06-07,2006-10-08,8,Not Open
T003,06-07,2006-10-08,8,Not Open
T004,06-07,2006-10-08,8,Not Open
T005,06-07,2006-10-08,8,Not Open
T006,06-07,2006-10-08,8,Not Open
T007,06-07,2006-10-08,8,Not Open
T008,06-07,2006-10-08,8,Not Open
T009,06-07,2006-10-08,8,Not Open
T010,06-07,2006-10-08,8,Not Open
T011,06-07,2006-10-08,8,Not Open
T012,06-07,2006-10-08,8,Not Open
T013,06-07,2006-10-08,8,Not Open
T015,06-07,2006-10-08,8,Not Open
T016,06-07,2006-10-08,8,Not Open
T017,06-07,2006-10-08,8,Not Open
T018,06-07,2006-10-08,8,Not Open
T019,06-07,2006-10-08,8,Not Open
T020,06-07,2006-10-08,8,Not Open
T021,06-07,2006-10-08,8,Not Open
T022,06-07,2006-10-08,8,Not Open
T023,06-07,2006-10-08,8,Not Open
T024,06-07,2006-10-08,8,Not Open
T025,06-07,2006-10-08,8,Not Open
T026,06-07,2006-10-08,8,Not Open
T027,06-07,2006-10-08,8,Not Open
T028,06-07,2006-10-08,8,Not Open
T029,06-07,2006-10-08,8,Not Open
T030,06-07,2006-10-08,8,Not Open
T031,06-07,2006-10-08,8,Not Open
T032,06-07,2006-10-08,8,Not Open
T033,06-07,2006-10-08,8,Not Open
T034,06-07,2006-10-08,8,Not Open
T035,06-07,2006-10-08,8,Not Open
T036,06-07,2006-10-08,8,Not Open
T037,06-07,2006-10-08,8,Not Open
T038,06-07,2006-10-08,8,Not Open
T039,06-07,2006-10-08,8,Not Open
T040,06-07,2006-10-08,8,Not Open
T042,06-07,2006-10-08,8,Not Open
T043,06-07,2006-10-08,8,Not Open
T044,06-07,2006-10-08,8,Not Open
T045,06-07,2006-10-08,8,Not Open
T046,06-07,2006-10-08,8,Not Open
T047,06-07,2006-10-08,8,Not Open
T061,06-07,2006-10-08,8,Not Open
T063,06-07,2006-10-08,8,Not Open
T064,06-07,2006-10-08,8,Not Open
T065,06-07,2006-10-08,8,Not Open
T066,06-07,2006-10-08,8,Not Open
T067,06-07,2006-10-08,8,Not Open
T068,06-07,2006-10-08,8,Not Open
T069,06-07,2006-10-08,8,Not Open
T070,06-07,2006-10-08,8,Not Open
T071,06-07,2006-10-08,8,Not Open
T072,06-07,2006-10-08,8,Not Open
T073,06-07,2006-10-08,8,Not Open
T074,06-07,2006-10-08,8,Not Open
T075,06-07,2006-10-08,8,Not Open
T076,06-07,2006-10-08,8,Not Open
T077,06-07,2006-10-08,8,Not Open
T078,06-07,2006-10-08,8,Not Open
T079,06-07,2006-10-08,8,Not Open
T080,06-07,2006-10-08,8,Not Open
T081,06-07,2006-10-08,8,Not Open
T083,06-07,2006-10-08,8,Not Open
T084,06-07,2006-10-08,8,Not Open
T085,06-07,2006-10-08,8,Not Open
T086,06-07,2006-10-08,8,Not Open
T087,06-07,2006-10-08,8,Not Open
T088,06-07,2006-10-08,8,Not Open
T089,06-07,2006-10-08,8,Not Open
T090,06-07,2006-10-08,8,Not Open
T091,06-07,2006-10-08,8,Not Open
T092,06-07,2006-10-08,8,Not Open
T127,06-07,2006-10-08,8,Not Open
T134,06-07,2006-10-08,8,Not Open
T135,06-07,2006-10-08,8,Not Open
T136,06-07,2006-10-08,8,Not Open
T137,06-07,2006-10-08,8,Not Open
T148,06-07,2006-10-08,8,Not Open
T152,06-07,2006-10-08,8,Not Open
T156,06-07,2006-10-08,8,Not Open
T157,06-07,2006-10-08,8,Not Open
T002,06-07,2006-10-09,9,Not Open
T003,06-07,2006-10-09,9,Not Open
T004,06-07,2006-10-09,9,Not Open
T005,06-07,2006-10-09,9,Not Open
T006,06-07,2006-10-09,9,Not Open
T007,06-07,2006-10-09,9,Not Open
T008,06-07,2006-10-09,9,Not Open
T009,06-07,2006-10-09,9,Not Open
T010,06-07,2006-10-09,9,Not Open
T011,06-07,2006-10-09,9,Not Open
T012,06-07,2006-10-09,9,Not Open
T013,06-07,2006-10-09,9,Not Open
T015,06-07,2006-10-09,9,Not Open
T016,06-07,2006-10-09,9,Not Open
T017,06-07,2006-10-09,9,Not Open
T018,06-07,2006-10-09,9,Not Open
T019,06-07,2006-10-09,9,Not Open
T020,06-07,2006-10-09,9,Not Open
T021,06-07,2006-10-09,9,Not Open
T022,06-07,2006-10-09,9,Not Open
T023,06-07,2006-10-09,9,Not Open
T024,06-07,2006-10-09,9,Not Open
T025,06-07,2006-10-09,9,Not Open
T026,06-07,2006-10-09,9,Not Open
T027,06-07,2006-10-09,9,Not Open
T028,06-07,2006-10-09,9,Not Open
T029,06-07,2006-10-09,9,Not Open
T030,06-07,2006-10-09,9,Not Open
T031,06-07,2006-10-09,9,Not Open
T032,06-07,2006-10-09,9,Not Open
T033,06-07,2006-10-09,9,Not Open
T034,06-07,2006-10-09,9,Not Open
T035,06-07,2006-10-09,9,Not Open
T036,06-07,2006-10-09,9,Not Open
T037,06-07,2006-10-09,9,Not Open
T038,06-07,2006-10-09,9,Not Open
T039,06-07,2006-10-09,9,Not Open
T040,06-07,2006-10-09,9,Not Open
T042,06-07,2006-10-09,9,Not Open
T043,06-07,2006-10-09,9,Not Open
T044,06-07,2006-10-09,9,Not Open
T045,06-07,2006-10-09,9,Not Open
T046,06-07,2006-10-09,9,Not Open
T047,06-07,2006-10-09,9,Not Open
T061,06-07,2006-10-09,9,Not Open
T063,06-07,2006-10-09,9,Not Open
T064,06-07,2006-10-09,9,Not Open
T065,06-07,2006-10-09,9,Not Open
T066,06-07,2006-10-09,9,Not Open
T067,06-07,2006-10-09,9,Not Open
T068,06-07,2006-10-09,9,Not Open
T069,06-07,2006-10-09,9,Not Open
T070,06-07,2006-10-09,9,Not Open
T071,06-07,2006-10-09,9,Not Open
T072,06-07,2006-10-09,9,Not Open
T073,06-07,2006-10-09,9,Not Open
T074,06-07,2006-10-09,9,Not Open
T075,06-07,2006-10-09,9,Not Open
T076,06-07,2006-10-09,9,Not Open
T077,06-07,2006-10-09,9,Not Open
T078,06-07,2006-10-09,9,Not Open
T079,06-07,2006-10-09,9,Not Open
T080,06-07,2006-10-09,9,Not Open
T081,06-07,2006-10-09,9,Not Open
T083,06-07,2006-10-09,9,Not Open
T084,06-07,2006-10-09,9,Not Open
T085,06-07,2006-10-09,9,Not Open
T086,06-07,2006-10-09,9,Not Open
T087,06-07,2006-10-09,9,Not Open
T088,06-07,2006-10-09,9,Not Open
T089,06-07,2006-10-09,9,Not Open
T090,06-07,2006-10-09,9,Not Open
T091,06-07,2006-10-09,9,Not Open
T092,06-07,2006-10-09,9,Not Open
T127,06-07,2006-10-09,9,Not Open
T134,06-07,2006-10-09,9,Not Open
T135,06-07,2006-10-09,9,Not Open
T136,06-07,2006-10-09,9,Not Open
T137,06-07,2006-10-09,9,Not Open
T148,06-07,2006-10-09,9,Not Open
T152,06-07,2006-10-09,9,Not Open
T156,06-07,2006-10-09,9,Not Open
T157,06-07,2006-10-09,9,Not Open
T002,06-07,2006-10-10,10,Not Open
T003,06-07,2006-10-10,10,Not Open
T004,06-07,2006-10-10,10,Not Open
T005,06-07,2006-10-10,10,Not Open
T006,06-07,2006-10-10,10,Not Open
T007,06-07,2006-10-10,10,Not Open
T008,06-07,2006-10-10,10,Not Open
T009,06-07,2006-10-10,10,Not Open
T010,06-07,2006-10-10,10,Not Open
T011,06-07,2006-10-10,10,Not Open
T012,06-07,2006-10-10,10,Not Open
T013,06-07,2006-10-10,10,Not Open
T015,06-07,2006-10-10,10,Not Open
T016,06-07,2006-10-10,10,Not Open
T017,06-07,2006-10-10,10,Not Open
T018,06-07,2006-10-10,10,Not Open
T019,06-07,2006-10-10,10,Not Open
T020,06-07,2006-10-10,10,Not Open
T021,06-07,2006-10-10,10,Not Open
T022,06-07,2006-10-10,10,Not Open
T023,06-07,2006-10-10,10,Not Open
T024,06-07,2006-10-10,10,Not Open
T025,06-07,2006-10-10,10,Not Open
T026,06-07,2006-10-10,10,Not Open
T027,06-07,2006-10-10,10,Not Open
T028,06-07,2006-10-10,10,Not Open
T029,06-07,2006-10-10,10,Not Open
T030,06-07,2006-10-10,10,Not Open
T031,06-07,2006-10-10,10,Not Open
T032,06-07,2006-10-10,10,Not Open
T033,06-07,2006-10-10,10,Not Open
T034,06-07,2006-10-10,10,Not Open
T035,06-07,2006-10-10,10,Not Open
T036,06-07,2006-10-10,10,Not Open
T037,06-07,2006-10-10,10,Not Open
T038,06-07,2006-10-10,10,Not Open
T039,06-07,2006-10-10,10,Not Open
T040,06-07,2006-10-10,10,Not Open
T042,06-07,2006-10-10,10,Not Open
T043,06-07,2006-10-10,10,Not Open
T044,06-07,2006-10-10,10,Not Open
T045,06-07,2006-10-10,10,Not Open
T046,06-07,2006-10-10,10,Not Open
T047,06-07,2006-10-10,10,Not Open
T061,06-07,2006-10-10,10,Not Open
T063,06-07,2006-10-10,10,Not Open
T064,06-07,2006-10-10,10,Not Open
T065,06-07,2006-10-10,10,Not Open
T066,06-07,2006-10-10,10,Not Open
T067,06-07,2006-10-10,10,Not Open
T068,06-07,2006-10-10,10,Not Open
T069,06-07,2006-10-10,10,Not Open
T070,06-07,2006-10-10,10,Not Open
T071,06-07,2006-10-10,10,Not Open
T072,06-07,2006-10-10,10,Not Open
T073,06-07,2006-10-10,10,Not Open
T074,06-07,2006-10-10,10,Not Open
T075,06-07,2006-10-10,10,Not Open
T076,06-07,2006-10-10,10,Not Open
T077,06-07,2006-10-10,10,Not Open
T078,06-07,2006-10-10,10,Not Open
T079,06-07,2006-10-10,10,Not Open
T080,06-07,2006-10-10,10,Not Open
T081,06-07,2006-10-10,10,Not Open
T083,06-07,2006-10-10,10,Not Open
T084,06-07,2006-10-10,10,Not Open
T085,06-07,2006-10-10,10,Not Open
T086,06-07,2006-10-10,10,Not Open
T087,06-07,2006-10-10,10,Not Open
T088,06-07,2006-10-10,10,Not Open
T089,06-07,2006-10-10,10,Not Open
T090,06-07,2006-10-10,10,Not Open
T091,06-07,2006-10-10,10,Not Open
T092,06-07,2006-10-10,10,Not Open
T127,06-07,2006-10-10,10,Not Open
T134,06-07,2006-10-10,10,Not Open
T135,06-07,2006-10-10,10,Not Open
T136,06-07,2006-10-10,10,Not Open
T137,06-07,2006-10-10,10,Not Open
T148,06-07,2006-10-10,10,Not Open
T152,06-07,2006-10-10,10,Not Open
T156,06-07,2006-10-10,10,Not Open
T157,06-07,2006-10-10,10,Not Open
T002,06-07,2006-10-11,11,Not Open
T003,06-07,2006-10-11,11,Not Open
T004,06-07,2006-10-11,11,Not Open
T005,06-07,2006-10-11,11,Not Open
T006,06-07,2006-10-11,11,Not Open
T007,06-07,2006-10-11,11,Not Open
T008,06-07,2006-10-11,11,Not Open
T009,06-07,2006-10-11,11,Not Open
T010,06-07,2006-10-11,11,Not Open
T011,06-07,2006-10-11,11,Not Open
T012,06-07,2006-10-11,11,Not Open
T013,06-07,2006-10-11,11,Not Open
T015,06-07,2006-10-11,11,Not Open
T016,06-07,2006-10-11,11,Not Open
T017,06-07,2006-10-11,11,Not Open
T018,06-07,2006-10-11,11,Not Open
T019,06-07,2006-10-11,11,Not Open
T020,06-07,2006-10-11,11,Not Open
T021,06-07,2006-10-11,11,Not Open
T022,06-07,2006-10-11,11,Not Open
T023,06-07,2006-10-11,11,Not Open
T024,06-07,2006-10-11,11,Not Open
T025,06-07,2006-10-11,11,Not Open
T026,06-07,2006-10-11,11,Not Open
T027,06-07,2006-10-11,11,Not Open
T028,06-07,2006-10-11,11,Not Open
T029,06-07,2006-10-11,11,Not Open
T030,06-07,2006-10-11,11,Not Open
T031,06-07,2006-10-11,11,Not Open
T032,06-07,2006-10-11,11,Not Open
T033,06-07,2006-10-11,11,Not Open
T034,06-07,2006-10-11,11,Not Open
T035,06-07,2006-10-11,11,Not Open
T036,06-07,2006-10-11,11,Not Open
T037,06-07,2006-10-11,11,Not Open
T038,06-07,2006-10-11,11,Not Open
T039,06-07,2006-10-11,11,Not Open
T040,06-07,2006-10-11,11,Not Open
T042,06-07,2006-10-11,11,Not Open
T043,06-07,2006-10-11,11,Not Open
T044,06-07,2006-10-11,11,Not Open
T045,06-07,2006-10-11,11,Not Open
T046,06-07,2006-10-11,11,Not Open
T047,06-07,2006-10-11,11,Not Open
T061,06-07,2006-10-11,11,Not Open
T063,06-07,2006-10-11,11,Not Open
T064,06-07,2006-10-11,11,Not Open
T065,06-07,2006-10-11,11,Not Open
T066,06-07,2006-10-11,11,Not Open
T067,06-07,2006-10-11,11,Not Open
T068,06-07,2006-10-11,11,Not Open
T069,06-07,2006-10-11,11,Not Open
T070,06-07,2006-10-11,11,Not Open
T071,06-07,2006-10-11,11,Not Open
T072,06-07,2006-10-11,11,Not Open
T073,06-07,2006-10-11,11,Not Open
T074,06-07,2006-10-11,11,Not Open
T075,06-07,2006-10-11,11,Not Open
T076,06-07,2006-10-11,11,Not Open
T077,06-07,2006-10-11,11,Not Open
T078,06-07,2006-10-11,11,Not Open
T079,06-07,2006-10-11,11,Not Open
T080,06-07,2006-10-11,11,Not Open
T081,06-07,2006-10-11,11,Not Open
T083,06-07,2006-10-11,11,Not Open
T084,06-07,2006-10-11,11,Not Open
T085,06-07,2006-10-11,11,Not Open
T086,06-07,2006-10-11,11,Not Open
T087,06-07,2006-10-11,11,Not Open
T088,06-07,2006-10-11,11,Not Open
T089,06-07,2006-10-11,11,Not Open
T090,06-07,2006-10-11,11,Not Open
T091,06-07,2006-10-11,11,Not Open
T092,06-07,2006-10-11,11,Not Open
T127,06-07,2006-10-11,11,Not Open
T134,06-07,2006-10-11,11,Not Open
T135,06-07,2006-10-11,11,Not Open
T136,06-07,2006-10-11,11,Not Open
T137,06-07,2006-10-11,11,Not Open
T148,06-07,2006-10-11,11,Not Open
T152,06-07,2006-10-11,11,Not Open
T156,06-07,2006-10-11,11,Not Open
T157,06-07,2006-10-11,11,Not Open
T002,06-07,2006-10-12,12,Not Open
T003,06-07,2006-10-12,12,Not Open
T004,06-07,2006-10-12,12,Not Open
T005,06-07,2006-10-12,12,Not Open
T006,06-07,2006-10-12,12,Not Open
T007,06-07,2006-10-12,12,Not Open
T008,06-07,2006-10-12,12,Not Open
T009,06-07,2006-10-12,12,Not Open
T010,06-07,2006-10-12,12,Not Open
T011,06-07,2006-10-12,12,Not Open
T012,06-07,2006-10-12,12,Not Open
T013,06-07,2006-10-12,12,Not Open
T015,06-07,2006-10-12,12,Not Open
T016,06-07,2006-10-12,12,Not Open
T017,06-07,2006-10-12,12,Not Open
T018,06-07,2006-10-12,12,Not Open
T019,06-07,2006-10-12,12,Not Open
T020,06-07,2006-10-12,12,Not Open
T021,06-07,2006-10-12,12,Not Open
T022,06-07,2006-10-12,12,Not Open
T023,06-07,2006-10-12,12,Not Open
T024,06-07,2006-10-12,12,Not Open
T025,06-07,2006-10-12,12,Not Open
T026,06-07,2006-10-12,12,Not Open
T027,06-07,2006-10-12,12,Not Open
T028,06-07,2006-10-12,12,Not Open
T029,06-07,2006-10-12,12,Not Open
T030,06-07,2006-10-12,12,Not Open
T031,06-07,2006-10-12,12,Not Open
T032,06-07,2006-10-12,12,Not Open
T033,06-07,2006-10-12,12,Not Open
T034,06-07,2006-10-12,12,Not Open
T035,06-07,2006-10-12,12,Not Open
T036,06-07,2006-10-12,12,Not Open
T037,06-07,2006-10-12,12,Not Open
T038,06-07,2006-10-12,12,Not Open
T039,06-07,2006-10-12,12,Not Open
T040,06-07,2006-10-12,12,Not Open
T042,06-07,2006-10-12,12,Not Open
T043,06-07,2006-10-12,12,Not Open
T044,06-07,2006-10-12,12,Not Open
T045,06-07,2006-10-12,12,Not Open
T046,06-07,2006-10-12,12,Not Open
T047,06-07,2006-10-12,12,Not Open
T061,06-07,2006-10-12,12,Not Open
T063,06-07,2006-10-12,12,Not Open
T064,06-07,2006-10-12,12,Not Open
T065,06-07,2006-10-12,12,Not Open
T066,06-07,2006-10-12,12,Not Open
T067,06-07,2006-10-12,12,Not Open
T068,06-07,2006-10-12,12,Not Open
T069,06-07,2006-10-12,12,Not Open
T070,06-07,2006-10-12,12,Not Open
T071,06-07,2006-10-12,12,Not Open
T072,06-07,2006-10-12,12,Not Open
T073,06-07,2006-10-12,12,Not Open
T074,06-07,2006-10-12,12,Not Open
T075,06-07,2006-10-12,12,Not Open
T076,06-07,2006-10-12,12,Not Open
T077,06-07,2006-10-12,12,Not Open
T078,06-07,2006-10-12,12,Not Open
T079,06-07,2006-10-12,12,Not Open
T080,06-07,2006-10-12,12,Not Open
T081,06-07,2006-10-12,12,Not Open
T083,06-07,2006-10-12,12,Not Open
T084,06-07,2006-10-12,12,Not Open
T085,06-07,2006-10-12,12,Not Open
T086,06-07,2006-10-12,12,Not Open
T087,06-07,2006-10-12,12,Not Open
T088,06-07,2006-10-12,12,Not Open
T089,06-07,2006-10-12,12,Not Open
T090,06-07,2006-10-12,12,Not Open
T091,06-07,2006-10-12,12,Not Open
T092,06-07,2006-10-12,12,Not Open
T127,06-07,2006-10-12,12,Not Open
T134,06-07,2006-10-12,12,Not Open
T135,06-07,2006-10-12,12,Not Open
T136,06-07,2006-10-12,12,Not Open
T137,06-07,2006-10-12,12,Not Open
T148,06-07,2006-10-12,12,Not Open
T152,06-07,2006-10-12,12,Not Open
T156,06-07,2006-10-12,12,Not Open
T157,06-07,2006-10-12,12,Not Open
T002,06-07,2006-10-13,13,Not Open
T003,06-07,2006-10-13,13,Not Open
T004,06-07,2006-10-13,13,Not Open
T005,06-07,2006-10-13,13,Not Open
T006,06-07,2006-10-13,13,Not Open
T007,06-07,2006-10-13,13,Not Open
T008,06-07,2006-10-13,13,Not Open
T009,06-07,2006-10-13,13,Not Open
T010,06-07,2006-10-13,13,Not Open
T011,06-07,2006-10-13,13,Not Open
T012,06-07,2006-10-13,13,Not Open
T013,06-07,2006-10-13,13,Not Open
T015,06-07,2006-10-13,13,Not Open
T016,06-07,2006-10-13,13,Not Open
T017,06-07,2006-10-13,13,Not Open
T018,06-07,2006-10-13,13,Not Open
T019,06-07,2006-10-13,13,Not Open
T020,06-07,2006-10-13,13,Not Open
T021,06-07,2006-10-13,13,Not Open
T022,06-07,2006-10-13,13,Not Open
T023,06-07,2006-10-13,13,Not Open
T024,06-07,2006-10-13,13,Not Open
T025,06-07,2006-10-13,13,Not Open
T026,06-07,2006-10-13,13,Not Open
T027,06-07,2006-10-13,13,Not Open
T028,06-07,2006-10-13,13,Not Open
T029,06-07,2006-10-13,13,Not Open
T030,06-07,2006-10-13,13,Not Open
T031,06-07,2006-10-13,13,Not Open
T032,06-07,2006-10-13,13,Not Open
T033,06-07,2006-10-13,13,Not Open
T034,06-07,2006-10-13,13,Not Open
T035,06-07,2006-10-13,13,Not Open
T036,06-07,2006-10-13,13,Not Open
T037,06-07,2006-10-13,13,Not Open
T038,06-07,2006-10-13,13,Not Open
T039,06-07,2006-10-13,13,Not Open
T040,06-07,2006-10-13,13,Not Open
T042,06-07,2006-10-13,13,Not Open
T043,06-07,2006-10-13,13,Not Open
T044,06-07,2006-10-13,13,Not Open
T045,06-07,2006-10-13,13,Not Open
T046,06-07,2006-10-13,13,Not Open
T047,06-07,2006-10-13,13,Not Open
T061,06-07,2006-10-13,13,Not Open
T063,06-07,2006-10-13,13,Not Open
T064,06-07,2006-10-13,13,Not Open
T065,06-07,2006-10-13,13,Not Open
T066,06-07,2006-10-13,13,Not Open
T067,06-07,2006-10-13,13,Not Open
T068,06-07,2006-10-13,13,Not Open
T069,06-07,2006-10-13,13,Not Open
T070,06-07,2006-10-13,13,Not Open
T071,06-07,2006-10-13,13,Not Open
T072,06-07,2006-10-13,13,Not Open
T073,06-07,2006-10-13,13,Not Open
T074,06-07,2006-10-13,13,Not Open
T075,06-07,2006-10-13,13,Not Open
T076,06-07,2006-10-13,13,Not Open
T077,06-07,2006-10-13,13,Not Open
T078,06-07,2006-10-13,13,Not Open
T079,06-07,2006-10-13,13,Not Open
T080,06-07,2006-10-13,13,Not Open
T081,06-07,2006-10-13,13,Not Open
T083,06-07,2006-10-13,13,Not Open
T084,06-07,2006-10-13,13,Not Open
T085,06-07,2006-10-13,13,Not Open
T086,06-07,2006-10-13,13,Not Open
T087,06-07,2006-10-13,13,Not Open
T088,06-07,2006-10-13,13,Not Open
T089,06-07,2006-10-13,13,Not Open
T090,06-07,2006-10-13,13,Not Open
T091,06-07,2006-10-13,13,Not Open
T092,06-07,2006-10-13,13,Not Open
T127,06-07,2006-10-13,13,Not Open
T134,06-07,2006-10-13,13,Not Open
T135,06-07,2006-10-13,13,Not Open
T136,06-07,2006-10-13,13,Not Open
T137,06-07,2006-10-13,13,Not Open
T148,06-07,2006-10-13,13,Not Open
T152,06-07,2006-10-13,13,Not Open
T156,06-07,2006-10-13,13,Not Open
T157,06-07,2006-10-13,13,Not Open
T002,06-07,2006-10-14,14,Not Open
T003,06-07,2006-10-14,14,Not Open
T004,06-07,2006-10-14,14,Not Open
T005,06-07,2006-10-14,14,Not Open
T006,06-07,2006-10-14,14,Not Open
T007,06-07,2006-10-14,14,Not Open
T008,06-07,2006-10-14,14,Not Open
T009,06-07,2006-10-14,14,Not Open
T010,06-07,2006-10-14,14,Not Open
T011,06-07,2006-10-14,14,Not Open
T012,06-07,2006-10-14,14,Not Open
T013,06-07,2006-10-14,14,Not Open
T015,06-07,2006-10-14,14,Not Open
T016,06-07,2006-10-14,14,Not Open
T017,06-07,2006-10-14,14,Not Open
T018,06-07,2006-10-14,14,Not Open
T019,06-07,2006-10-14,14,Not Open
T020,06-07,2006-10-14,14,Not Open
T021,06-07,2006-10-14,14,Not Open
T022,06-07,2006-10-14,14,Not Open
T023,06-07,2006-10-14,14,Not Open
T024,06-07,2006-10-14,14,Not Open
T025,06-07,2006-10-14,14,Not Open
T026,06-07,2006-10-14,14,Not Open
T027,06-07,2006-10-14,14,Not Open
T028,06-07,2006-10-14,14,Not Open
T029,06-07,2006-10-14,14,Not Open
T030,06-07,2006-10-14,14,Not Open
T031,06-07,2006-10-14,14,Not Open
T032,06-07,2006-10-14,14,Not Open
T033,06-07,2006-10-14,14,Not Open
T034,06-07,2006-10-14,14,Not Open
T035,06-07,2006-10-14,14,Not Open
T036,06-07,2006-10-14,14,Not Open
T037,06-07,2006-10-14,14,Not Open
T038,06-07,2006-10-14,14,Not Open
T039,06-07,2006-10-14,14,Not Open
T040,06-07,2006-10-14,14,Not Open
T042,06-07,2006-10-14,14,Not Open
T043,06-07,2006-10-14,14,Not Open
T044,06-07,2006-10-14,14,Not Open
T045,06-07,2006-10-14,14,Not Open
T046,06-07,2006-10-14,14,Not Open
T047,06-07,2006-10-14,14,Not Open
T061,06-07,2006-10-14,14,Not Open
T063,06-07,2006-10-14,14,Not Open
T064,06-07,2006-10-14,14,Not Open
T065,06-07,2006-10-14,14,Not Open
T066,06-07,2006-10-14,14,Not Open
T067,06-07,2006-10-14,14,Not Open
T068,06-07,2006-10-14,14,Not Open
T069,06-07,2006-10-14,14,Not Open
T070,06-07,2006-10-14,14,Not Open
T071,06-07,2006-10-14,14,Not Open
T072,06-07,2006-10-14,14,Not Open
T073,06-07,2006-10-14,14,Not Open
T074,06-07,2006-10-14,14,Not Open
T075,06-07,2006-10-14,14,Not Open
T076,06-07,2006-10-14,14,Not Open
T077,06-07,2006-10-14,14,Not Open
T078,06-07,2006-10-14,14,Not Open
T079,06-07,2006-10-14,14,Not Open
T080,06-07,2006-10-14,14,Not Open
T081,06-07,2006-10-14,14,Not Open
T083,06-07,2006-10-14,14,Not Open
T084,06-07,2006-10-14,14,Not Open
T085,06-07,2006-10-14,14,Not Open
T086,06-07,2006-10-14,14,Not Open
T087,06-07,2006-10-14,14,Not Open
T088,06-07,2006-10-14,14,Not Open
T089,06-07,2006-10-14,14,Not Open
T090,06-07,2006-10-14,14,Not Open
T091,06-07,2006-10-14,14,Not Open
T092,06-07,2006-10-14,14,Not Open
T127,06-07,2006-10-14,14,Not Open
T134,06-07,2006-10-14,14,Not Open
T135,06-07,2006-10-14,14,Not Open
T136,06-07,2006-10-14,14,Not Open
T137,06-07,2006-10-14,14,Not Open
T148,06-07,2006-10-14,14,Not Open
T152,06-07,2006-10-14,14,Not Open
T156,06-07,2006-10-14,14,Not Open
T157,06-07,2006-10-14,14,Not Open
T002,06-07,2006-10-15,15,Not Open
T003,06-07,2006-10-15,15,Not Open
T004,06-07,2006-10-15,15,Not Open
T005,06-07,2006-10-15,15,Not Open
T006,06-07,2006-10-15,15,Not Open
T007,06-07,2006-10-15,15,Not Open
T008,06-07,2006-10-15,15,Not Open
T009,06-07,2006-10-15,15,Not Open
T010,06-07,2006-10-15,15,Not Open
T011,06-07,2006-10-15,15,Not Open
T012,06-07,2006-10-15,15,Not Open
T013,06-07,2006-10-15,15,Not Open
T015,06-07,2006-10-15,15,Not Open
T016,06-07,2006-10-15,15,Not Open
T017,06-07,2006-10-15,15,Not Open
T018,06-07,2006-10-15,15,Not Open
T019,06-07,2006-10-15,15,Not Open
T020,06-07,2006-10-15,15,Not Open
T021,06-07,2006-10-15,15,Not Open
T022,06-07,2006-10-15,15,Not Open
T023,06-07,2006-10-15,15,Not Open
T024,06-07,2006-10-15,15,Not Open
T025,06-07,2006-10-15,15,Not Open
T026,06-07,2006-10-15,15,Not Open
T027,06-07,2006-10-15,15,Not Open
T028,06-07,2006-10-15,15,Not Open
T029,06-07,2006-10-15,15,Not Open
T030,06-07,2006-10-15,15,Not Open
T031,06-07,2006-10-15,15,Not Open
T032,06-07,2006-10-15,15,Not Open
T033,06-07,2006-10-15,15,Not Open
T034,06-07,2006-10-15,15,Not Open
T035,06-07,2006-10-15,15,Not Open
T036,06-07,2006-10-15,15,Not Open
T037,06-07,2006-10-15,15,Not Open
T038,06-07,2006-10-15,15,Not Open
T039,06-07,2006-10-15,15,Not Open
T040,06-07,2006-10-15,15,Not Open
T042,06-07,2006-10-15,15,Not Open
T043,06-07,2006-10-15,15,Not Open
T044,06-07,2006-10-15,15,Not Open
T045,06-07,2006-10-15,15,Not Open
T046,06-07,2006-10-15,15,Not Open
T047,06-07,2006-10-15,15,Not Open
T061,06-07,2006-10-15,15,Not Open
T063,06-07,2006-10-15,15,Not Open
T064,06-07,2006-10-15,15,Not Open
T065,06-07,2006-10-15,15,Not Open
T066,06-07,2006-10-15,15,Not Open
T067,06-07,2006-10-15,15,Not Open
T068,06-07,2006-10-15,15,Not Open
T069,06-07,2006-10-15,15,Not Open
T070,06-07,2006-10-15,15,Not Open
T071,06-07,2006-10-15,15,Not Open
T072,06-07,2006-10-15,15,Not Open
T073,06-07,2006-10-15,15,Not Open
T074,06-07,2006-10-15,15,Not Open
T075,06-07,2006-10-15,15,Not Open
T076,06-07,2006-10-15,15,Not Open
T077,06-07,2006-10-15,15,Not Open
T078,06-07,2006-10-15,15,Not Open
T079,06-07,2006-10-15,15,Not Open
T080,06-07,2006-10-15,15,Not Open
T081,06-07,2006-10-15,15,Not Open
T083,06-07,2006-10-15,15,Not Open
T084,06-07,2006-10-15,15,Not Open
T085,06-07,2006-10-15,15,Not Open
T086,06-07,2006-10-15,15,Not Open
T087,06-07,2006-10-15,15,Not Open
T088,06-07,2006-10-15,15,Not Open
T089,06-07,2006-10-15,15,Not Open
T090,06-07,2006-10-15,15,Not Open
T091,06-07,2006-10-15,15,Not Open
T092,06-07,2006-10-15,15,Not Open
T127,06-07,2006-10-15,15,Not Open
T134,06-07,2006-10-15,15,Not Open
T135,06-07,2006-10-15,15,Not Open
T136,06-07,2006-10-15,15,Not Open
T137,06-07,2006-10-15,15,Not Open
T148,06-07,2006-10-15,15,Not Open
T152,06-07,2006-10-15,15,Not Open
T156,06-07,2006-10-15,15,Not Open
T157,06-07,2006-10-15,15,Not Open
T002,06-07,2006-10-16,16,Not Open
T003,06-07,2006-10-16,16,Not Open
T004,06-07,2006-10-16,16,Not Open
T005,06-07,2006-10-16,16,Not Open
T006,06-07,2006-10-16,16,Not Open
T007,06-07,2006-10-16,16,Not Open
T008,06-07,2006-10-16,16,Not Open
T009,06-07,2006-10-16,16,Not Open
T010,06-07,2006-10-16,16,Not Open
T011,06-07,2006-10-16,16,Not Open
T012,06-07,2006-10-16,16,Not Open
T013,06-07,2006-10-16,16,Not Open
T015,06-07,2006-10-16,16,Not Open
T016,06-07,2006-10-16,16,Not Open
T017,06-07,2006-10-16,16,Not Open
T018,06-07,2006-10-16,16,Not Open
T019,06-07,2006-10-16,16,Not Open
T020,06-07,2006-10-16,16,Not Open
T021,06-07,2006-10-16,16,Not Open
T022,06-07,2006-10-16,16,Not Open
T023,06-07,2006-10-16,16,Not Open
T024,06-07,2006-10-16,16,Not Open
T025,06-07,2006-10-16,16,Not Open
T026,06-07,2006-10-16,16,Not Open
T027,06-07,2006-10-16,16,Not Open
T028,06-07,2006-10-16,16,Not Open
T029,06-07,2006-10-16,16,Not Open
T030,06-07,2006-10-16,16,Not Open
T031,06-07,2006-10-16,16,Not Open
T032,06-07,2006-10-16,16,Not Open
T033,06-07,2006-10-16,16,Not Open
T034,06-07,2006-10-16,16,Not Open
T035,06-07,2006-10-16,16,Not Open
T036,06-07,2006-10-16,16,Not Open
T037,06-07,2006-10-16,16,Not Open
T038,06-07,2006-10-16,16,Not Open
T039,06-07,2006-10-16,16,Not Open
T040,06-07,2006-10-16,16,Not Open
T042,06-07,2006-10-16,16,Not Open
T043,06-07,2006-10-16,16,Not Open
T044,06-07,2006-10-16,16,Not Open
T045,06-07,2006-10-16,16,Not Open
T046,06-07,2006-10-16,16,Not Open
T047,06-07,2006-10-16,16,Not Open
T061,06-07,2006-10-16,16,Not Open
T063,06-07,2006-10-16,16,Not Open
T064,06-07,2006-10-16,16,Not Open
T065,06-07,2006-10-16,16,Not Open
T066,06-07,2006-10-16,16,Not Open
T067,06-07,2006-10-16,16,Not Open
T068,06-07,2006-10-16,16,Not Open
T069,06-07,2006-10-16,16,Not Open
T070,06-07,2006-10-16,16,Not Open
T071,06-07,2006-10-16,16,Not Open
T072,06-07,2006-10-16,16,Not Open
T073,06-07,2006-10-16,16,Not Open
T074,06-07,2006-10-16,16,Not Open
T075,06-07,2006-10-16,16,Not Open
T076,06-07,2006-10-16,16,Not Open
T077,06-07,2006-10-16,16,Not Open
T078,06-07,2006-10-16,16,Not Open
T079,06-07,2006-10-16,16,Not Open
T080,06-07,2006-10-16,16,Not Open
T081,06-07,2006-10-16,16,Not Open
T083,06-07,2006-10-16,16,Not Open
T084,06-07,2006-10-16,16,Not Open
T085,06-07,2006-10-16,16,Not Open
T086,06-07,2006-10-16,16,Not Open
T087,06-07,2006-10-16,16,Not Open
T088,06-07,2006-10-16,16,Not Open
T089,06-07,2006-10-16,16,Not Open
T090,06-07,2006-10-16,16,Not Open
T091,06-07,2006-10-16,16,Not Open
T092,06-07,2006-10-16,16,Not Open
T127,06-07,2006-10-16,16,Not Open
T134,06-07,2006-10-16,16,Not Open
T135,06-07,2006-10-16,16,Not Open
T136,06-07,2006-10-16,16,Not Open
T137,06-07,2006-10-16,16,Not Open
T148,06-07,2006-10-16,16,Not Open
T152,06-07,2006-10-16,16,Not Open
T156,06-07,2006-10-16,16,Not Open
T157,06-07,2006-10-16,16,Not Open
T002,06-07,2006-10-17,17,Not Open
T003,06-07,2006-10-17,17,Not Open
T004,06-07,2006-10-17,17,Not Open
T005,06-07,2006-10-17,17,Not Open
T006,06-07,2006-10-17,17,Not Open
T007,06-07,2006-10-17,17,Not Open
T008,06-07,2006-10-17,17,Not Open
T009,06-07,2006-10-17,17,Not Open
T010,06-07,2006-10-17,17,Not Open
T011,06-07,2006-10-17,17,Not Open
T012,06-07,2006-10-17,17,Not Open
T013,06-07,2006-10-17,17,Not Open
T015,06-07,2006-10-17,17,Not Open
T016,06-07,2006-10-17,17,Not Open
T017,06-07,2006-10-17,17,Not Open
T018,06-07,2006-10-17,17,Not Open
T019,06-07,2006-10-17,17,Not Open
T020,06-07,2006-10-17,17,Not Open
T021,06-07,2006-10-17,17,Not Open
T022,06-07,2006-10-17,17,Not Open
T023,06-07,2006-10-17,17,Not Open
T024,06-07,2006-10-17,17,Not Open
T025,06-07,2006-10-17,17,Not Open
T026,06-07,2006-10-17,17,Not Open
T027,06-07,2006-10-17,17,Not Open
T028,06-07,2006-10-17,17,Not Open
T029,06-07,2006-10-17,17,Not Open
T030,06-07,2006-10-17,17,Not Open
T031,06-07,2006-10-17,17,Not Open
T032,06-07,2006-10-17,17,Not Open
T033,06-07,2006-10-17,17,Not Open
T034,06-07,2006-10-17,17,Not Open
T035,06-07,2006-10-17,17,Not Open
T036,06-07,2006-10-17,17,Not Open
T037,06-07,2006-10-17,17,Not Open
T038,06-07,2006-10-17,17,Not Open
T039,06-07,2006-10-17,17,Not Open
T040,06-07,2006-10-17,17,Not Open
T042,06-07,2006-10-17,17,Not Open
T043,06-07,2006-10-17,17,Not Open
T044,06-07,2006-10-17,17,Not Open
T045,06-07,2006-10-17,17,Not Open
T046,06-07,2006-10-17,17,Not Open
T047,06-07,2006-10-17,17,Not Open
T061,06-07,2006-10-17,17,Not Open
T063,06-07,2006-10-17,17,Not Open
T064,06-07,2006-10-17,17,Not Open
T065,06-07,2006-10-17,17,Not Open
T066,06-07,2006-10-17,17,Not Open
T067,06-07,2006-10-17,17,Not Open
T068,06-07,2006-10-17,17,Not Open
T069,06-07,2006-10-17,17,Not Open
T070,06-07,2006-10-17,17,Not Open
T071,06-07,2006-10-17,17,Not Open
T072,06-07,2006-10-17,17,Not Open
T073,06-07,2006-10-17,17,Not Open
T074,06-07,2006-10-17,17,Not Open
T075,06-07,2006-10-17,17,Not Open
T076,06-07,2006-10-17,17,Not Open
T077,06-07,2006-10-17,17,Not Open
T078,06-07,2006-10-17,17,Not Open
T079,06-07,2006-10-17,17,Not Open
T080,06-07,2006-10-17,17,Not Open
T081,06-07,2006-10-17,17,Not Open
T083,06-07,2006-10-17,17,Not Open
T084,06-07,2006-10-17,17,Not Open
T085,06-07,2006-10-17,17,Not Open
T086,06-07,2006-10-17,17,Not Open
T087,06-07,2006-10-17,17,Not Open
T088,06-07,2006-10-17,17,Not Open
T089,06-07,2006-10-17,17,Not Open
T090,06-07,2006-10-17,17,Not Open
T091,06-07,2006-10-17,17,Not Open
T092,06-07,2006-10-17,17,Not Open
T127,06-07,2006-10-17,17,Not Open
T134,06-07,2006-10-17,17,Not Open
T135,06-07,2006-10-17,17,Not Open
T136,06-07,2006-10-17,17,Not Open
T137,06-07,2006-10-17,17,Not Open
T148,06-07,2006-10-17,17,Not Open
T152,06-07,2006-10-17,17,Not Open
T156,06-07,2006-10-17,17,Not Open
T157,06-07,2006-10-17,17,Not Open
T002,06-07,2006-10-18,18,Not Open
T003,06-07,2006-10-18,18,Not Open
T004,06-07,2006-10-18,18,Not Open
T005,06-07,2006-10-18,18,Not Open
T006,06-07,2006-10-18,18,Not Open
T007,06-07,2006-10-18,18,Not Open
T008,06-07,2006-10-18,18,Not Open
T009,06-07,2006-10-18,18,Not Open
T010,06-07,2006-10-18,18,Not Open
T011,06-07,2006-10-18,18,Not Open
T012,06-07,2006-10-18,18,Not Open
T013,06-07,2006-10-18,18,Not Open
T015,06-07,2006-10-18,18,Not Open
T016,06-07,2006-10-18,18,Not Open
T017,06-07,2006-10-18,18,Not Open
T018,06-07,2006-10-18,18,Not Open
T019,06-07,2006-10-18,18,Not Open
T020,06-07,2006-10-18,18,Not Open
T021,06-07,2006-10-18,18,Not Open
T022,06-07,2006-10-18,18,Not Open
T023,06-07,2006-10-18,18,Not Open
T024,06-07,2006-10-18,18,Not Open
T025,06-07,2006-10-18,18,Not Open
T026,06-07,2006-10-18,18,Not Open
T027,06-07,2006-10-18,18,Not Open
T028,06-07,2006-10-18,18,Not Open
T029,06-07,2006-10-18,18,Not Open
T030,06-07,2006-10-18,18,Not Open
T031,06-07,2006-10-18,18,Not Open
T032,06-07,2006-10-18,18,Not Open
T033,06-07,2006-10-18,18,Not Open
T034,06-07,2006-10-18,18,Not Open
T035,06-07,2006-10-18,18,Not Open
T036,06-07,2006-10-18,18,Not Open
T037,06-07,2006-10-18,18,Not Open
T038,06-07,2006-10-18,18,Not Open
T039,06-07,2006-10-18,18,Not Open
T040,06-07,2006-10-18,18,Not Open
T042,06-07,2006-10-18,18,Not Open
T043,06-07,2006-10-18,18,Not Open
T044,06-07,2006-10-18,18,Not Open
T045,06-07,2006-10-18,18,Not Open
T046,06-07,2006-10-18,18,Not Open
T047,06-07,2006-10-18,18,Not Open
T061,06-07,2006-10-18,18,Not Open
T063,06-07,2006-10-18,18,Not Open
T064,06-07,2006-10-18,18,Not Open
T065,06-07,2006-10-18,18,Not Open
T066,06-07,2006-10-18,18,Not Open
T067,06-07,2006-10-18,18,Not Open
T068,06-07,2006-10-18,18,Not Open
T069,06-07,2006-10-18,18,Not Open
T070,06-07,2006-10-18,18,Not Open
T071,06-07,2006-10-18,18,Not Open
T072,06-07,2006-10-18,18,Not Open
T073,06-07,2006-10-18,18,Not Open
T074,06-07,2006-10-18,18,Not Open
T075,06-07,2006-10-18,18,Not Open
T076,06-07,2006-10-18,18,Not Open
T077,06-07,2006-10-18,18,Not Open
T078,06-07,2006-10-18,18,Not Open
T079,06-07,2006-10-18,18,Not Open
T080,06-07,2006-10-18,18,Not Open
T081,06-07,2006-10-18,18,Not Open
T083,06-07,2006-10-18,18,Not Open
T084,06-07,2006-10-18,18,Not Open
T085,06-07,2006-10-18,18,Not Open
T086,06-07,2006-10-18,18,Not Open
T087,06-07,2006-10-18,18,Not Open
T088,06-07,2006-10-18,18,Not Open
T089,06-07,2006-10-18,18,Not Open
T090,06-07,2006-10-18,18,Not Open
T091,06-07,2006-10-18,18,Not Open
T092,06-07,2006-10-18,18,Not Open
T127,06-07,2006-10-18,18,Not Open
T134,06-07,2006-10-18,18,Not Open
T135,06-07,2006-10-18,18,Not Open
T136,06-07,2006-10-18,18,Not Open
T137,06-07,2006-10-18,18,Not Open
T148,06-07,2006-10-18,18,Not Open
T152,06-07,2006-10-18,18,Not Open
T156,06-07,2006-10-18,18,Not Open
T157,06-07,2006-10-18,18,Not Open
T002,06-07,2006-10-19,19,Not Open
T003,06-07,2006-10-19,19,Not Open
T004,06-07,2006-10-19,19,Not Open
T005,06-07,2006-10-19,19,Not Open
T006,06-07,2006-10-19,19,Not Open
T007,06-07,2006-10-19,19,Not Open
T008,06-07,2006-10-19,19,Not Open
T009,06-07,2006-10-19,19,Not Open
T010,06-07,2006-10-19,19,Not Open
T011,06-07,2006-10-19,19,Not Open
T012,06-07,2006-10-19,19,Not Open
T013,06-07,2006-10-19,19,Not Open
T015,06-07,2006-10-19,19,Not Open
T016,06-07,2006-10-19,19,Not Open
T017,06-07,2006-10-19,19,Not Open
T018,06-07,2006-10-19,19,Not Open
T019,06-07,2006-10-19,19,Not Open
T020,06-07,2006-10-19,19,Not Open
T021,06-07,2006-10-19,19,Not Open
T022,06-07,2006-10-19,19,Not Open
T023,06-07,2006-10-19,19,Not Open
T024,06-07,2006-10-19,19,Not Open
T025,06-07,2006-10-19,19,Not Open
T026,06-07,2006-10-19,19,Not Open
T027,06-07,2006-10-19,19,Not Open
T028,06-07,2006-10-19,19,Not Open
T029,06-07,2006-10-19,19,Not Open
T030,06-07,2006-10-19,19,Not Open
T031,06-07,2006-10-19,19,Not Open
T032,06-07,2006-10-19,19,Not Open
T033,06-07,2006-10-19,19,Not Open
T034,06-07,2006-10-19,19,Not Open
T035,06-07,2006-10-19,19,Not Open
T036,06-07,2006-10-19,19,Not Open
T037,06-07,2006-10-19,19,Not Open
T038,06-07,2006-10-19,19,Not Open
T039,06-07,2006-10-19,19,Not Open
T040,06-07,2006-10-19,19,Not Open
T042,06-07,2006-10-19,19,Not Open
T043,06-07,2006-10-19,19,Not Open
T044,06-07,2006-10-19,19,Not Open
T045,06-07,2006-10-19,19,Not Open
T046,06-07,2006-10-19,19,Not Open
T047,06-07,2006-10-19,19,Not Open
T061,06-07,2006-10-19,19,Not Open
T063,06-07,2006-10-19,19,Not Open
T064,06-07,2006-10-19,19,Not Open
T065,06-07,2006-10-19,19,Not Open
T066,06-07,2006-10-19,19,Not Open
T067,06-07,2006-10-19,19,Not Open
T068,06-07,2006-10-19,19,Not Open
T069,06-07,2006-10-19,19,Not Open
T070,06-07,2006-10-19,19,Not Open
T071,06-07,2006-10-19,19,Not Open
T072,06-07,2006-10-19,19,Not Open
T073,06-07,2006-10-19,19,Not Open
T074,06-07,2006-10-19,19,Not Open
T075,06-07,2006-10-19,19,Not Open
T076,06-07,2006-10-19,19,Not Open
T077,06-07,2006-10-19,19,Not Open
T078,06-07,2006-10-19,19,Not Open
T079,06-07,2006-10-19,19,Not Open
T080,06-07,2006-10-19,19,Not Open
T081,06-07,2006-10-19,19,Not Open
T083,06-07,2006-10-19,19,Not Open
T084,06-07,2006-10-19,19,Not Open
T085,06-07,2006-10-19,19,Not Open
T086,06-07,2006-10-19,19,Not Open
T087,06-07,2006-10-19,19,Not Open
T088,06-07,2006-10-19,19,Not Open
T089,06-07,2006-10-19,19,Not Open
T090,06-07,2006-10-19,19,Not Open
T091,06-07,2006-10-19,19,Not Open
T092,06-07,2006-10-19,19,Not Open
T127,06-07,2006-10-19,19,Not Open
T134,06-07,2006-10-19,19,Not Open
T135,06-07,2006-10-19,19,Not Open
T136,06-07,2006-10-19,19,Not Open
T137,06-07,2006-10-19,19,Not Open
T148,06-07,2006-10-19,19,Not Open
T152,06-07,2006-10-19,19,Not Open
T156,06-07,2006-10-19,19,Not Open
T157,06-07,2006-10-19,19,Not Open
T002,06-07,2006-10-20,20,Not Open
T003,06-07,2006-10-20,20,Not Open
T004,06-07,2006-10-20,20,Not Open
T005,06-07,2006-10-20,20,Not Open
T006,06-07,2006-10-20,20,Not Open
T007,06-07,2006-10-20,20,Not Open
T008,06-07,2006-10-20,20,Not Open
T009,06-07,2006-10-20,20,Not Open
T010,06-07,2006-10-20,20,Not Open
T011,06-07,2006-10-20,20,Not Open
T012,06-07,2006-10-20,20,Not Open
T013,06-07,2006-10-20,20,Not Open
T015,06-07,2006-10-20,20,Not Open
T016,06-07,2006-10-20,20,Not Open
T017,06-07,2006-10-20,20,Not Open
T018,06-07,2006-10-20,20,Not Open
T019,06-07,2006-10-20,20,Not Open
T020,06-07,2006-10-20,20,Not Open
T021,06-07,2006-10-20,20,Not Open
T022,06-07,2006-10-20,20,Not Open
T023,06-07,2006-10-20,20,Not Open
T024,06-07,2006-10-20,20,Not Open
T025,06-07,2006-10-20,20,Not Open
T026,06-07,2006-10-20,20,Not Open
T027,06-07,2006-10-20,20,Not Open
T028,06-07,2006-10-20,20,Not Open
T029,06-07,2006-10-20,20,Not Open
T030,06-07,2006-10-20,20,Not Open
T031,06-07,2006-10-20,20,Not Open
T032,06-07,2006-10-20,20,Not Open
T033,06-07,2006-10-20,20,Not Open
T034,06-07,2006-10-20,20,Not Open
T035,06-07,2006-10-20,20,Not Open
T036,06-07,2006-10-20,20,Not Open
T037,06-07,2006-10-20,20,Not Open
T038,06-07,2006-10-20,20,Not Open
T039,06-07,2006-10-20,20,Not Open
T040,06-07,2006-10-20,20,Not Open
T042,06-07,2006-10-20,20,Not Open
T043,06-07,2006-10-20,20,Not Open
T044,06-07,2006-10-20,20,Not Open
T045,06-07,2006-10-20,20,Not Open
T046,06-07,2006-10-20,20,Not Open
T047,06-07,2006-10-20,20,Not Open
T061,06-07,2006-10-20,20,Not Open
T063,06-07,2006-10-20,20,Not Open
T064,06-07,2006-10-20,20,Not Open
T065,06-07,2006-10-20,20,Not Open
T066,06-07,2006-10-20,20,Not Open
T067,06-07,2006-10-20,20,Not Open
T068,06-07,2006-10-20,20,Not Open
T069,06-07,2006-10-20,20,Not Open
T070,06-07,2006-10-20,20,Not Open
T071,06-07,2006-10-20,20,Not Open
T072,06-07,2006-10-20,20,Not Open
T073,06-07,2006-10-20,20,Not Open
T074,06-07,2006-10-20,20,Not Open
T075,06-07,2006-10-20,20,Not Open
T076,06-07,2006-10-20,20,Not Open
T077,06-07,2006-10-20,20,Not Open
T078,06-07,2006-10-20,20,Not Open
T079,06-07,2006-10-20,20,Not Open
T080,06-07,2006-10-20,20,Not Open
T081,06-07,2006-10-20,20,Not Open
T083,06-07,2006-10-20,20,Not Open
T084,06-07,2006-10-20,20,Not Open
T085,06-07,2006-10-20,20,Not Open
T086,06-07,2006-10-20,20,Not Open
T087,06-07,2006-10-20,20,Not Open
T088,06-07,2006-10-20,20,Not Open
T089,06-07,2006-10-20,20,Not Open
T090,06-07,2006-10-20,20,Not Open
T091,06-07,2006-10-20,20,Not Open
T092,06-07,2006-10-20,20,Not Open
T127,06-07,2006-10-20,20,Not Open
T134,06-07,2006-10-20,20,Not Open
T135,06-07,2006-10-20,20,Not Open
T136,06-07,2006-10-20,20,Not Open
T137,06-07,2006-10-20,20,Not Open
T148,06-07,2006-10-20,20,Not Open
T152,06-07,2006-10-20,20,Not Open
T156,06-07,2006-10-20,20,Not Open
T157,06-07,2006-10-20,20,Not Open
T002,06-07,2006-10-21,21,Not Open
T003,06-07,2006-10-21,21,Not Open
T004,06-07,2006-10-21,21,Not Open
T005,06-07,2006-10-21,21,Not Open
T006,06-07,2006-10-21,21,Not Open
T007,06-07,2006-10-21,21,Not Open
T008,06-07,2006-10-21,21,Not Open
T009,06-07,2006-10-21,21,Not Open
T010,06-07,2006-10-21,21,Not Open
T011,06-07,2006-10-21,21,Not Open
T012,06-07,2006-10-21,21,Not Open
T013,06-07,2006-10-21,21,Not Open
T015,06-07,2006-10-21,21,Not Open
T016,06-07,2006-10-21,21,Not Open
T017,06-07,2006-10-21,21,Not Open
T018,06-07,2006-10-21,21,Not Open
T019,06-07,2006-10-21,21,Not Open
T020,06-07,2006-10-21,21,Not Open
T021,06-07,2006-10-21,21,Not Open
T022,06-07,2006-10-21,21,Not Open
T023,06-07,2006-10-21,21,Not Open
T024,06-07,2006-10-21,21,Not Open
T025,06-07,2006-10-21,21,Not Open
T026,06-07,2006-10-21,21,Not Open
T027,06-07,2006-10-21,21,Not Open
T028,06-07,2006-10-21,21,Not Open
T029,06-07,2006-10-21,21,Not Open
T030,06-07,2006-10-21,21,Not Open
T031,06-07,2006-10-21,21,Not Open
T032,06-07,2006-10-21,21,Not Open
T033,06-07,2006-10-21,21,Not Open
T034,06-07,2006-10-21,21,Not Open
T035,06-07,2006-10-21,21,Not Open
T036,06-07,2006-10-21,21,Not Open
T037,06-07,2006-10-21,21,Not Open
T038,06-07,2006-10-21,21,Not Open
T039,06-07,2006-10-21,21,Not Open
T040,06-07,2006-10-21,21,Not Open
T042,06-07,2006-10-21,21,Not Open
T043,06-07,2006-10-21,21,Not Open
T044,06-07,2006-10-21,21,Not Open
T045,06-07,2006-10-21,21,Not Open
T046,06-07,2006-10-21,21,Not Open
T047,06-07,2006-10-21,21,Not Open
T061,06-07,2006-10-21,21,Not Open
T063,06-07,2006-10-21,21,Not Open
T064,06-07,2006-10-21,21,Not Open
T065,06-07,2006-10-21,21,Not Open
T066,06-07,2006-10-21,21,Not Open
T067,06-07,2006-10-21,21,Not Open
T068,06-07,2006-10-21,21,Not Open
T069,06-07,2006-10-21,21,Not Open
T070,06-07,2006-10-21,21,Not Open
T071,06-07,2006-10-21,21,Not Open
T072,06-07,2006-10-21,21,Not Open
T073,06-07,2006-10-21,21,Not Open
T074,06-07,2006-10-21,21,Not Open
T075,06-07,2006-10-21,21,Not Open
T076,06-07,2006-10-21,21,Not Open
T077,06-07,2006-10-21,21,Not Open
T078,06-07,2006-10-21,21,Not Open
T079,06-07,2006-10-21,21,Not Open
T080,06-07,2006-10-21,21,Not Open
T081,06-07,2006-10-21,21,Not Open
T083,06-07,2006-10-21,21,Not Open
T084,06-07,2006-10-21,21,Not Open
T085,06-07,2006-10-21,21,Not Open
T086,06-07,2006-10-21,21,Not Open
T087,06-07,2006-10-21,21,Not Open
T088,06-07,2006-10-21,21,Not Open
T089,06-07,2006-10-21,21,Not Open
T090,06-07,2006-10-21,21,Not Open
T091,06-07,2006-10-21,21,Not Open
T092,06-07,2006-10-21,21,Not Open
T127,06-07,2006-10-21,21,Not Open
T134,06-07,2006-10-21,21,Not Open
T135,06-07,2006-10-21,21,Not Open
T136,06-07,2006-10-21,21,Not Open
T137,06-07,2006-10-21,21,Not Open
T148,06-07,2006-10-21,21,Not Open
T152,06-07,2006-10-21,21,Not Open
T156,06-07,2006-10-21,21,Not Open
T157,06-07,2006-10-21,21,Not Open
T002,06-07,2006-10-22,22,Not Open
T003,06-07,2006-10-22,22,Not Open
T004,06-07,2006-10-22,22,Not Open
T005,06-07,2006-10-22,22,Not Open
T006,06-07,2006-10-22,22,Not Open
T007,06-07,2006-10-22,22,Not Open
T008,06-07,2006-10-22,22,Not Open
T009,06-07,2006-10-22,22,Not Open
T010,06-07,2006-10-22,22,Not Open
T011,06-07,2006-10-22,22,Not Open
T012,06-07,2006-10-22,22,Not Open
T013,06-07,2006-10-22,22,Not Open
T015,06-07,2006-10-22,22,Not Open
T016,06-07,2006-10-22,22,Not Open
T017,06-07,2006-10-22,22,Not Open
T018,06-07,2006-10-22,22,Not Open
T019,06-07,2006-10-22,22,Not Open
T020,06-07,2006-10-22,22,Not Open
T021,06-07,2006-10-22,22,Not Open
T022,06-07,2006-10-22,22,Not Open
T023,06-07,2006-10-22,22,Not Open
T024,06-07,2006-10-22,22,Not Open
T025,06-07,2006-10-22,22,Not Open
T026,06-07,2006-10-22,22,Not Open
T027,06-07,2006-10-22,22,Not Open
T028,06-07,2006-10-22,22,Not Open
T029,06-07,2006-10-22,22,Not Open
T030,06-07,2006-10-22,22,Not Open
T031,06-07,2006-10-22,22,Not Open
T032,06-07,2006-10-22,22,Not Open
T033,06-07,2006-10-22,22,Not Open
T034,06-07,2006-10-22,22,Not Open
T035,06-07,2006-10-22,22,Not Open
T036,06-07,2006-10-22,22,Not Open
T037,06-07,2006-10-22,22,Not Open
T038,06-07,2006-10-22,22,Not Open
T039,06-07,2006-10-22,22,Not Open
T040,06-07,2006-10-22,22,Not Open
T042,06-07,2006-10-22,22,Not Open
T043,06-07,2006-10-22,22,Not Open
T044,06-07,2006-10-22,22,Not Open
T045,06-07,2006-10-22,22,Not Open
T046,06-07,2006-10-22,22,Not Open
T047,06-07,2006-10-22,22,Not Open
T061,06-07,2006-10-22,22,Not Open
T063,06-07,2006-10-22,22,Not Open
T064,06-07,2006-10-22,22,Not Open
T065,06-07,2006-10-22,22,Not Open
T066,06-07,2006-10-22,22,Not Open
T067,06-07,2006-10-22,22,Not Open
T068,06-07,2006-10-22,22,Not Open
T069,06-07,2006-10-22,22,Not Open
T070,06-07,2006-10-22,22,Not Open
T071,06-07,2006-10-22,22,Not Open
T072,06-07,2006-10-22,22,Not Open
T073,06-07,2006-10-22,22,Not Open
T074,06-07,2006-10-22,22,Not Open
T075,06-07,2006-10-22,22,Not Open
T076,06-07,2006-10-22,22,Not Open
T077,06-07,2006-10-22,22,Not Open
T078,06-07,2006-10-22,22,Not Open
T079,06-07,2006-10-22,22,Not Open
T080,06-07,2006-10-22,22,Not Open
T081,06-07,2006-10-22,22,Not Open
T083,06-07,2006-10-22,22,Not Open
T084,06-07,2006-10-22,22,Not Open
T085,06-07,2006-10-22,22,Not Open
T086,06-07,2006-10-22,22,Not Open
T087,06-07,2006-10-22,22,Not Open
T088,06-07,2006-10-22,22,Not Open
T089,06-07,2006-10-22,22,Not Open
T090,06-07,2006-10-22,22,Not Open
T091,06-07,2006-10-22,22,Not Open
T092,06-07,2006-10-22,22,Not Open
T127,06-07,2006-10-22,22,Not Open
T134,06-07,2006-10-22,22,Not Open
T135,06-07,2006-10-22,22,Not Open
T136,06-07,2006-10-22,22,Not Open
T137,06-07,2006-10-22,22,Not Open
T148,06-07,2006-10-22,22,Not Open
T152,06-07,2006-10-22,22,Not Open
T156,06-07,2006-10-22,22,Not Open
T157,06-07,2006-10-22,22,Not Open
T002,06-07,2006-10-23,23,Not Open
T003,06-07,2006-10-23,23,Not Open
T004,06-07,2006-10-23,23,Not Open
T005,06-07,2006-10-23,23,Not Open
T006,06-07,2006-10-23,23,Not Open
T007,06-07,2006-10-23,23,Not Open
T008,06-07,2006-10-23,23,Not Open
T009,06-07,2006-10-23,23,Not Open
T010,06-07,2006-10-23,23,Not Open
T011,06-07,2006-10-23,23,Not Open
T012,06-07,2006-10-23,23,Not Open
T013,06-07,2006-10-23,23,Not Open
T015,06-07,2006-10-23,23,Not Open
T016,06-07,2006-10-23,23,Not Open
T017,06-07,2006-10-23,23,Not Open
T018,06-07,2006-10-23,23,Not Open
T019,06-07,2006-10-23,23,Not Open
T020,06-07,2006-10-23,23,Not Open
T021,06-07,2006-10-23,23,Not Open
T022,06-07,2006-10-23,23,Not Open
T023,06-07,2006-10-23,23,Not Open
T024,06-07,2006-10-23,23,Not Open
T025,06-07,2006-10-23,23,Not Open
T026,06-07,2006-10-23,23,Not Open
T027,06-07,2006-10-23,23,Not Open
T028,06-07,2006-10-23,23,Not Open
T029,06-07,2006-10-23,23,Not Open
T030,06-07,2006-10-23,23,Not Open
T031,06-07,2006-10-23,23,Not Open
T032,06-07,2006-10-23,23,Not Open
T033,06-07,2006-10-23,23,Not Open
T034,06-07,2006-10-23,23,Not Open
T035,06-07,2006-10-23,23,Not Open
T036,06-07,2006-10-23,23,Not Open
T037,06-07,2006-10-23,23,Not Open
T038,06-07,2006-10-23,23,Not Open
T039,06-07,2006-10-23,23,Not Open
T040,06-07,2006-10-23,23,Not Open
T042,06-07,2006-10-23,23,Not Open
T043,06-07,2006-10-23,23,Not Open
T044,06-07,2006-10-23,23,Not Open
T045,06-07,2006-10-23,23,Not Open
T046,06-07,2006-10-23,23,Not Open
T047,06-07,2006-10-23,23,Not Open
T061,06-07,2006-10-23,23,Not Open
T063,06-07,2006-10-23,23,Not Open
T064,06-07,2006-10-23,23,Not Open
T065,06-07,2006-10-23,23,Not Open
T066,06-07,2006-10-23,23,Not Open
T067,06-07,2006-10-23,23,Not Open
T068,06-07,2006-10-23,23,Not Open
T069,06-07,2006-10-23,23,Not Open
T070,06-07,2006-10-23,23,Not Open
T071,06-07,2006-10-23,23,Not Open
T072,06-07,2006-10-23,23,Not Open
T073,06-07,2006-10-23,23,Not Open
T074,06-07,2006-10-23,23,Not Open
T075,06-07,2006-10-23,23,Not Open
T076,06-07,2006-10-23,23,Not Open
T077,06-07,2006-10-23,23,Not Open
T078,06-07,2006-10-23,23,Not Open
T079,06-07,2006-10-23,23,Not Open
T080,06-07,2006-10-23,23,Not Open
T081,06-07,2006-10-23,23,Not Open
T083,06-07,2006-10-23,23,Not Open
T084,06-07,2006-10-23,23,Not Open
T085,06-07,2006-10-23,23,Not Open
T086,06-07,2006-10-23,23,Not Open
T087,06-07,2006-10-23,23,Not Open
T088,06-07,2006-10-23,23,Not Open
T089,06-07,2006-10-23,23,Not Open
T090,06-07,2006-10-23,23,Not Open
T091,06-07,2006-10-23,23,Not Open
T092,06-07,2006-10-23,23,Not Open
T127,06-07,2006-10-23,23,Not Open
T134,06-07,2006-10-23,23,Not Open
T135,06-07,2006-10-23,23,Not Open
T136,06-07,2006-10-23,23,Not Open
T137,06-07,2006-10-23,23,Not Open
T148,06-07,2006-10-23,23,Not Open
T152,06-07,2006-10-23,23,Not Open
T156,06-07,2006-10-23,23,Not Open
T157,06-07,2006-10-23,23,Not Open
T002,06-07,2006-10-24,24,Not Open
T003,06-07,2006-10-24,24,Not Open
T004,06-07,2006-10-24,24,Not Open
T005,06-07,2006-10-24,24,Not Open
T006,06-07,2006-10-24,24,Not Open
T007,06-07,2006-10-24,24,Not Open
T008,06-07,2006-10-24,24,Not Open
T009,06-07,2006-10-24,24,Not Open
T010,06-07,2006-10-24,24,Not Open
T011,06-07,2006-10-24,24,Not Open
T012,06-07,2006-10-24,24,Not Open
T013,06-07,2006-10-24,24,Not Open
T015,06-07,2006-10-24,24,Not Open
T016,06-07,2006-10-24,24,Not Open
T017,06-07,2006-10-24,24,Not Open
T018,06-07,2006-10-24,24,Not Open
T019,06-07,2006-10-24,24,Not Open
T020,06-07,2006-10-24,24,Not Open
T021,06-07,2006-10-24,24,Not Open
T022,06-07,2006-10-24,24,Not Open
T023,06-07,2006-10-24,24,Not Open
T024,06-07,2006-10-24,24,Not Open
T025,06-07,2006-10-24,24,Not Open
T026,06-07,2006-10-24,24,Not Open
T027,06-07,2006-10-24,24,Not Open
T028,06-07,2006-10-24,24,Not Open
T029,06-07,2006-10-24,24,Not Open
T030,06-07,2006-10-24,24,Not Open
T031,06-07,2006-10-24,24,Not Open
T032,06-07,2006-10-24,24,Not Open
T033,06-07,2006-10-24,24,Not Open
T034,06-07,2006-10-24,24,Not Open
T035,06-07,2006-10-24,24,Not Open
T036,06-07,2006-10-24,24,Not Open
T037,06-07,2006-10-24,24,Not Open
T038,06-07,2006-10-24,24,Not Open
T039,06-07,2006-10-24,24,Not Open
T040,06-07,2006-10-24,24,Not Open
T042,06-07,2006-10-24,24,Not Open
T043,06-07,2006-10-24,24,Not Open
T044,06-07,2006-10-24,24,Not Open
T045,06-07,2006-10-24,24,Not Open
T046,06-07,2006-10-24,24,Not Open
T047,06-07,2006-10-24,24,Not Open
T061,06-07,2006-10-24,24,Not Open
T063,06-07,2006-10-24,24,Not Open
T064,06-07,2006-10-24,24,Not Open
T065,06-07,2006-10-24,24,Not Open
T066,06-07,2006-10-24,24,Not Open
T067,06-07,2006-10-24,24,Not Open
T068,06-07,2006-10-24,24,Not Open
T069,06-07,2006-10-24,24,Not Open
T070,06-07,2006-10-24,24,Not Open
T071,06-07,2006-10-24,24,Not Open
T072,06-07,2006-10-24,24,Not Open
T073,06-07,2006-10-24,24,Not Open
T074,06-07,2006-10-24,24,Not Open
T075,06-07,2006-10-24,24,Not Open
T076,06-07,2006-10-24,24,Not Open
T077,06-07,2006-10-24,24,Not Open
T078,06-07,2006-10-24,24,Not Open
T079,06-07,2006-10-24,24,Not Open
T080,06-07,2006-10-24,24,Not Open
T081,06-07,2006-10-24,24,Not Open
T083,06-07,2006-10-24,24,Not Open
T084,06-07,2006-10-24,24,Not Open
T085,06-07,2006-10-24,24,Not Open
T086,06-07,2006-10-24,24,Not Open
T087,06-07,2006-10-24,24,Not Open
T088,06-07,2006-10-24,24,Not Open
T089,06-07,2006-10-24,24,Not Open
T090,06-07,2006-10-24,24,Not Open
T091,06-07,2006-10-24,24,Not Open
T092,06-07,2006-10-24,24,Not Open
T127,06-07,2006-10-24,24,Not Open
T134,06-07,2006-10-24,24,Not Open
T135,06-07,2006-10-24,24,Not Open
T136,06-07,2006-10-24,24,Not Open
T137,06-07,2006-10-24,24,Not Open
T148,06-07,2006-10-24,24,Not Open
T152,06-07,2006-10-24,24,Not Open
T156,06-07,2006-10-24,24,Not Open
T157,06-07,2006-10-24,24,Not Open
T002,06-07,2006-10-25,25,Not Open
T003,06-07,2006-10-25,25,Not Open
T004,06-07,2006-10-25,25,Not Open
T005,06-07,2006-10-25,25,Not Open
T006,06-07,2006-10-25,25,Not Open
T007,06-07,2006-10-25,25,Not Open
T008,06-07,2006-10-25,25,Not Open
T009,06-07,2006-10-25,25,Not Open
T010,06-07,2006-10-25,25,Not Open
T011,06-07,2006-10-25,25,Not Open
T012,06-07,2006-10-25,25,Not Open
T013,06-07,2006-10-25,25,Not Open
T015,06-07,2006-10-25,25,Not Open
T016,06-07,2006-10-25,25,Not Open
T017,06-07,2006-10-25,25,Not Open
T018,06-07,2006-10-25,25,Not Open
T019,06-07,2006-10-25,25,Not Open
T020,06-07,2006-10-25,25,Not Open
T021,06-07,2006-10-25,25,Not Open
T022,06-07,2006-10-25,25,Not Open
T023,06-07,2006-10-25,25,Not Open
T024,06-07,2006-10-25,25,Not Open
T025,06-07,2006-10-25,25,Not Open
T026,06-07,2006-10-25,25,Not Open
T027,06-07,2006-10-25,25,Not Open
T028,06-07,2006-10-25,25,Not Open
T029,06-07,2006-10-25,25,Not Open
T030,06-07,2006-10-25,25,Not Open
T031,06-07,2006-10-25,25,Not Open
T032,06-07,2006-10-25,25,Not Open
T033,06-07,2006-10-25,25,Not Open
T034,06-07,2006-10-25,25,Not Open
T035,06-07,2006-10-25,25,Not Open
T036,06-07,2006-10-25,25,Not Open
T037,06-07,2006-10-25,25,Not Open
T038,06-07,2006-10-25,25,Not Open
T039,06-07,2006-10-25,25,Not Open
T040,06-07,2006-10-25,25,Not Open
T042,06-07,2006-10-25,25,Not Open
T043,06-07,2006-10-25,25,Not Open
T044,06-07,2006-10-25,25,Not Open
T045,06-07,2006-10-25,25,Not Open
T046,06-07,2006-10-25,25,Not Open
T047,06-07,2006-10-25,25,Not Open
T061,06-07,2006-10-25,25,Not Open
T063,06-07,2006-10-25,25,Not Open
T064,06-07,2006-10-25,25,Not Open
T065,06-07,2006-10-25,25,Not Open
T066,06-07,2006-10-25,25,Not Open
T067,06-07,2006-10-25,25,Not Open
T068,06-07,2006-10-25,25,Not Open
T069,06-07,2006-10-25,25,Not Open
T070,06-07,2006-10-25,25,Not Open
T071,06-07,2006-10-25,25,Not Open
T072,06-07,2006-10-25,25,Not Open
T073,06-07,2006-10-25,25,Not Open
T074,06-07,2006-10-25,25,Not Open
T075,06-07,2006-10-25,25,Not Open
T076,06-07,2006-10-25,25,Not Open
T077,06-07,2006-10-25,25,Not Open
T078,06-07,2006-10-25,25,Not Open
T079,06-07,2006-10-25,25,Not Open
T080,06-07,2006-10-25,25,Not Open
T081,06-07,2006-10-25,25,Not Open
T083,06-07,2006-10-25,25,Not Open
T084,06-07,2006-10-25,25,Not Open
T085,06-07,2006-10-25,25,Not Open
T086,06-07,2006-10-25,25,Not Open
T087,06-07,2006-10-25,25,Not Open
T088,06-07,2006-10-25,25,Not Open
T089,06-07,2006-10-25,25,Not Open
T090,06-07,2006-10-25,25,Not Open
T091,06-07,2006-10-25,25,Not Open
T092,06-07,2006-10-25,25,Not Open
T127,06-07,2006-10-25,25,Not Open
T134,06-07,2006-10-25,25,Not Open
T135,06-07,2006-10-25,25,Not Open
T136,06-07,2006-10-25,25,Not Open
T137,06-07,2006-10-25,25,Not Open
T148,06-07,2006-10-25,25,Not Open
T152,06-07,2006-10-25,25,Not Open
T156,06-07,2006-10-25,25,Not Open
T157,06-07,2006-10-25,25,Not Open
T002,06-07,2006-10-26,26,Not Open
T003,06-07,2006-10-26,26,Not Open
T004,06-07,2006-10-26,26,Not Open
T005,06-07,2006-10-26,26,Not Open
T006,06-07,2006-10-26,26,Not Open
T007,06-07,2006-10-26,26,Not Open
T008,06-07,2006-10-26,26,Not Open
T009,06-07,2006-10-26,26,Not Open
T010,06-07,2006-10-26,26,Not Open
T011,06-07,2006-10-26,26,Not Open
T012,06-07,2006-10-26,26,Not Open
T013,06-07,2006-10-26,26,Not Open
T015,06-07,2006-10-26,26,Not Open
T016,06-07,2006-10-26,26,Not Open
T017,06-07,2006-10-26,26,Not Open
T018,06-07,2006-10-26,26,Not Open
T019,06-07,2006-10-26,26,Not Open
T020,06-07,2006-10-26,26,Not Open
T021,06-07,2006-10-26,26,Not Open
T022,06-07,2006-10-26,26,Not Open
T023,06-07,2006-10-26,26,Not Open
T024,06-07,2006-10-26,26,Not Open
T025,06-07,2006-10-26,26,Not Open
T026,06-07,2006-10-26,26,Not Open
T027,06-07,2006-10-26,26,Not Open
T028,06-07,2006-10-26,26,Not Open
T029,06-07,2006-10-26,26,Not Open
T030,06-07,2006-10-26,26,Not Open
T031,06-07,2006-10-26,26,Not Open
T032,06-07,2006-10-26,26,Not Open
T033,06-07,2006-10-26,26,Not Open
T034,06-07,2006-10-26,26,Not Open
T035,06-07,2006-10-26,26,Not Open
T036,06-07,2006-10-26,26,Not Open
T037,06-07,2006-10-26,26,Not Open
T038,06-07,2006-10-26,26,Not Open
T039,06-07,2006-10-26,26,Not Open
T040,06-07,2006-10-26,26,Not Open
T042,06-07,2006-10-26,26,Not Open
T043,06-07,2006-10-26,26,Not Open
T044,06-07,2006-10-26,26,Not Open
T045,06-07,2006-10-26,26,Not Open
T046,06-07,2006-10-26,26,Not Open
T047,06-07,2006-10-26,26,Not Open
T061,06-07,2006-10-26,26,Not Open
T063,06-07,2006-10-26,26,Not Open
T064,06-07,2006-10-26,26,Not Open
T065,06-07,2006-10-26,26,Not Open
T066,06-07,2006-10-26,26,Not Open
T067,06-07,2006-10-26,26,Not Open
T068,06-07,2006-10-26,26,Not Open
T069,06-07,2006-10-26,26,Not Open
T070,06-07,2006-10-26,26,Not Open
T071,06-07,2006-10-26,26,Not Open
T072,06-07,2006-10-26,26,Not Open
T073,06-07,2006-10-26,26,Not Open
T074,06-07,2006-10-26,26,Not Open
T075,06-07,2006-10-26,26,Not Open
T076,06-07,2006-10-26,26,Not Open
T077,06-07,2006-10-26,26,Not Open
T078,06-07,2006-10-26,26,Not Open
T079,06-07,2006-10-26,26,Not Open
T080,06-07,2006-10-26,26,Not Open
T081,06-07,2006-10-26,26,Not Open
T083,06-07,2006-10-26,26,Not Open
T084,06-07,2006-10-26,26,Not Open
T085,06-07,2006-10-26,26,Not Open
T086,06-07,2006-10-26,26,Not Open
T087,06-07,2006-10-26,26,Not Open
T088,06-07,2006-10-26,26,Not Open
T089,06-07,2006-10-26,26,Not Open
T090,06-07,2006-10-26,26,Not Open
T091,06-07,2006-10-26,26,Not Open
T092,06-07,2006-10-26,26,Not Open
T127,06-07,2006-10-26,26,Not Open
T134,06-07,2006-10-26,26,Not Open
T135,06-07,2006-10-26,26,Not Open
T136,06-07,2006-10-26,26,Not Open
T137,06-07,2006-10-26,26,Not Open
T148,06-07,2006-10-26,26,Not Open
T152,06-07,2006-10-26,26,Not Open
T156,06-07,2006-10-26,26,Not Open
T157,06-07,2006-10-26,26,Not Open
T002,06-07,2006-10-27,27,Not Open
T003,06-07,2006-10-27,27,Not Open
T004,06-07,2006-10-27,27,Not Open
T005,06-07,2006-10-27,27,Not Open
T006,06-07,2006-10-27,27,Not Open
T007,06-07,2006-10-27,27,Not Open
T008,06-07,2006-10-27,27,Not Open
T009,06-07,2006-10-27,27,Not Open
T010,06-07,2006-10-27,27,Not Open
T011,06-07,2006-10-27,27,Not Open
T012,06-07,2006-10-27,27,Not Open
T013,06-07,2006-10-27,27,Not Open
T015,06-07,2006-10-27,27,Not Open
T016,06-07,2006-10-27,27,Not Open
T017,06-07,2006-10-27,27,Not Open
T018,06-07,2006-10-27,27,Not Open
T019,06-07,2006-10-27,27,Not Open
T020,06-07,2006-10-27,27,Not Open
T021,06-07,2006-10-27,27,Not Open
T022,06-07,2006-10-27,27,Not Open
T023,06-07,2006-10-27,27,Not Open
T024,06-07,2006-10-27,27,Not Open
T025,06-07,2006-10-27,27,Not Open
T026,06-07,2006-10-27,27,Not Open
T027,06-07,2006-10-27,27,Not Open
T028,06-07,2006-10-27,27,Not Open
T029,06-07,2006-10-27,27,Not Open
T030,06-07,2006-10-27,27,Not Open
T031,06-07,2006-10-27,27,Not Open
T032,06-07,2006-10-27,27,Not Open
T033,06-07,2006-10-27,27,Not Open
T034,06-07,2006-10-27,27,Not Open
T035,06-07,2006-10-27,27,Not Open
T036,06-07,2006-10-27,27,Not Open
T037,06-07,2006-10-27,27,Not Open
T038,06-07,2006-10-27,27,Not Open
T039,06-07,2006-10-27,27,Not Open
T040,06-07,2006-10-27,27,Not Open
T042,06-07,2006-10-27,27,Not Open
T043,06-07,2006-10-27,27,Not Open
T044,06-07,2006-10-27,27,Not Open
T045,06-07,2006-10-27,27,Not Open
T046,06-07,2006-10-27,27,Not Open
T047,06-07,2006-10-27,27,Not Open
T061,06-07,2006-10-27,27,Not Open
T063,06-07,2006-10-27,27,Not Open
T064,06-07,2006-10-27,27,Not Open
T065,06-07,2006-10-27,27,Not Open
T066,06-07,2006-10-27,27,Not Open
T067,06-07,2006-10-27,27,Not Open
T068,06-07,2006-10-27,27,Not Open
T069,06-07,2006-10-27,27,Not Open
T070,06-07,2006-10-27,27,Not Open
T071,06-07,2006-10-27,27,Not Open
T072,06-07,2006-10-27,27,Not Open
T073,06-07,2006-10-27,27,Not Open
T074,06-07,2006-10-27,27,Not Open
T075,06-07,2006-10-27,27,Not Open
T076,06-07,2006-10-27,27,Not Open
T077,06-07,2006-10-27,27,Not Open
T078,06-07,2006-10-27,27,Not Open
T079,06-07,2006-10-27,27,Not Open
T080,06-07,2006-10-27,27,Not Open
T081,06-07,2006-10-27,27,Not Open
T083,06-07,2006-10-27,27,Not Open
T084,06-07,2006-10-27,27,Not Open
T085,06-07,2006-10-27,27,Not Open
T086,06-07,2006-10-27,27,Not Open
T087,06-07,2006-10-27,27,Not Open
T088,06-07,2006-10-27,27,Not Open
T089,06-07,2006-10-27,27,Not Open
T090,06-07,2006-10-27,27,Not Open
T091,06-07,2006-10-27,27,Not Open
T092,06-07,2006-10-27,27,Not Open
T127,06-07,2006-10-27,27,Not Open
T134,06-07,2006-10-27,27,Not Open
T135,06-07,2006-10-27,27,Not Open
T136,06-07,2006-10-27,27,Not Open
T137,06-07,2006-10-27,27,Not Open
T148,06-07,2006-10-27,27,Not Open
T152,06-07,2006-10-27,27,Not Open
T156,06-07,2006-10-27,27,Not Open
T157,06-07,2006-10-27,27,Not Open
T002,06-07,2006-10-28,28,Not Open
T003,06-07,2006-10-28,28,Not Open
T004,06-07,2006-10-28,28,Not Open
T005,06-07,2006-10-28,28,Not Open
T006,06-07,2006-10-28,28,Not Open
T007,06-07,2006-10-28,28,Not Open
T008,06-07,2006-10-28,28,Not Open
T009,06-07,2006-10-28,28,Not Open
T010,06-07,2006-10-28,28,Not Open
T011,06-07,2006-10-28,28,Not Open
T012,06-07,2006-10-28,28,Not Open
T013,06-07,2006-10-28,28,Not Open
T015,06-07,2006-10-28,28,Not Open
T016,06-07,2006-10-28,28,Not Open
T017,06-07,2006-10-28,28,Not Open
T018,06-07,2006-10-28,28,Not Open
T019,06-07,2006-10-28,28,Not Open
T020,06-07,2006-10-28,28,Not Open
T021,06-07,2006-10-28,28,Not Open
T022,06-07,2006-10-28,28,Not Open
T023,06-07,2006-10-28,28,Not Open
T024,06-07,2006-10-28,28,Not Open
T025,06-07,2006-10-28,28,Not Open
T026,06-07,2006-10-28,28,Not Open
T027,06-07,2006-10-28,28,Not Open
T028,06-07,2006-10-28,28,Not Open
T029,06-07,2006-10-28,28,Not Open
T030,06-07,2006-10-28,28,Not Open
T031,06-07,2006-10-28,28,Not Open
T032,06-07,2006-10-28,28,Not Open
T033,06-07,2006-10-28,28,Not Open
T034,06-07,2006-10-28,28,Not Open
T035,06-07,2006-10-28,28,Not Open
T036,06-07,2006-10-28,28,Not Open
T037,06-07,2006-10-28,28,Not Open
T038,06-07,2006-10-28,28,Not Open
T039,06-07,2006-10-28,28,Not Open
T040,06-07,2006-10-28,28,Not Open
T042,06-07,2006-10-28,28,Not Open
T043,06-07,2006-10-28,28,Not Open
T044,06-07,2006-10-28,28,Not Open
T045,06-07,2006-10-28,28,Not Open
T046,06-07,2006-10-28,28,Not Open
T047,06-07,2006-10-28,28,Not Open
T061,06-07,2006-10-28,28,Not Open
T063,06-07,2006-10-28,28,Not Open
T064,06-07,2006-10-28,28,Not Open
T065,06-07,2006-10-28,28,Not Open
T066,06-07,2006-10-28,28,Not Open
T067,06-07,2006-10-28,28,Not Open
T068,06-07,2006-10-28,28,Not Open
T069,06-07,2006-10-28,28,Not Open
T070,06-07,2006-10-28,28,Not Open
T071,06-07,2006-10-28,28,Not Open
T072,06-07,2006-10-28,28,Not Open
T073,06-07,2006-10-28,28,Not Open
T074,06-07,2006-10-28,28,Not Open
T075,06-07,2006-10-28,28,Not Open
T076,06-07,2006-10-28,28,Not Open
T077,06-07,2006-10-28,28,Not Open
T078,06-07,2006-10-28,28,Not Open
T079,06-07,2006-10-28,28,Not Open
T080,06-07,2006-10-28,28,Not Open
T081,06-07,2006-10-28,28,Not Open
T083,06-07,2006-10-28,28,Not Open
T084,06-07,2006-10-28,28,Not Open
T085,06-07,2006-10-28,28,Not Open
T086,06-07,2006-10-28,28,Not Open
T087,06-07,2006-10-28,28,Not Open
T088,06-07,2006-10-28,28,Not Open
T089,06-07,2006-10-28,28,Not Open
T090,06-07,2006-10-28,28,Not Open
T091,06-07,2006-10-28,28,Not Open
T092,06-07,2006-10-28,28,Not Open
T127,06-07,2006-10-28,28,Not Open
T134,06-07,2006-10-28,28,Not Open
T135,06-07,2006-10-28,28,Not Open
T136,06-07,2006-10-28,28,Not Open
T137,06-07,2006-10-28,28,Not Open
T148,06-07,2006-10-28,28,Not Open
T152,06-07,2006-10-28,28,Not Open
T156,06-07,2006-10-28,28,Not Open
T157,06-07,2006-10-28,28,Not Open
T002,06-07,2006-10-29,29,Not Open
T003,06-07,2006-10-29,29,Not Open
T004,06-07,2006-10-29,29,Not Open
T005,06-07,2006-10-29,29,Not Open
T006,06-07,2006-10-29,29,Not Open
T007,06-07,2006-10-29,29,Not Open
T008,06-07,2006-10-29,29,Not Open
T009,06-07,2006-10-29,29,Not Open
T010,06-07,2006-10-29,29,Not Open
T011,06-07,2006-10-29,29,Not Open
T012,06-07,2006-10-29,29,Not Open
T013,06-07,2006-10-29,29,Not Open
T015,06-07,2006-10-29,29,Not Open
T016,06-07,2006-10-29,29,Not Open
T017,06-07,2006-10-29,29,Not Open
T018,06-07,2006-10-29,29,Not Open
T019,06-07,2006-10-29,29,Not Open
T020,06-07,2006-10-29,29,Not Open
T021,06-07,2006-10-29,29,Not Open
T022,06-07,2006-10-29,29,Not Open
T023,06-07,2006-10-29,29,Not Open
T024,06-07,2006-10-29,29,Not Open
T025,06-07,2006-10-29,29,Not Open
T026,06-07,2006-10-29,29,Not Open
T027,06-07,2006-10-29,29,Not Open
T028,06-07,2006-10-29,29,Not Open
T029,06-07,2006-10-29,29,Not Open
T030,06-07,2006-10-29,29,Not Open
T031,06-07,2006-10-29,29,Not Open
T032,06-07,2006-10-29,29,Not Open
T033,06-07,2006-10-29,29,Not Open
T034,06-07,2006-10-29,29,Not Open
T035,06-07,2006-10-29,29,Not Open
T036,06-07,2006-10-29,29,Not Open
T037,06-07,2006-10-29,29,Not Open
T038,06-07,2006-10-29,29,Not Open
T039,06-07,2006-10-29,29,Not Open
T040,06-07,2006-10-29,29,Not Open
T042,06-07,2006-10-29,29,Not Open
T043,06-07,2006-10-29,29,Not Open
T044,06-07,2006-10-29,29,Not Open
T045,06-07,2006-10-29,29,Not Open
T046,06-07,2006-10-29,29,Not Open
T047,06-07,2006-10-29,29,Not Open
T061,06-07,2006-10-29,29,Not Open
T063,06-07,2006-10-29,29,Not Open
T064,06-07,2006-10-29,29,Not Open
T065,06-07,2006-10-29,29,Not Open
T066,06-07,2006-10-29,29,Not Open
T067,06-07,2006-10-29,29,Not Open
T068,06-07,2006-10-29,29,Not Open
T069,06-07,2006-10-29,29,Not Open
T070,06-07,2006-10-29,29,Not Open
T071,06-07,2006-10-29,29,Not Open
T072,06-07,2006-10-29,29,Not Open
T073,06-07,2006-10-29,29,Not Open
T074,06-07,2006-10-29,29,Not Open
T075,06-07,2006-10-29,29,Not Open
T076,06-07,2006-10-29,29,Not Open
T077,06-07,2006-10-29,29,Not Open
T078,06-07,2006-10-29,29,Not Open
T079,06-07,2006-10-29,29,Not Open
T080,06-07,2006-10-29,29,Not Open
T081,06-07,2006-10-29,29,Not Open
T083,06-07,2006-10-29,29,Not Open
T084,06-07,2006-10-29,29,Not Open
T085,06-07,2006-10-29,29,Not Open
T086,06-07,2006-10-29,29,Not Open
T087,06-07,2006-10-29,29,Not Open
T088,06-07,2006-10-29,29,Not Open
T089,06-07,2006-10-29,29,Not Open
T090,06-07,2006-10-29,29,Not Open
T091,06-07,2006-10-29,29,Not Open
T092,06-07,2006-10-29,29,Not Open
T127,06-07,2006-10-29,29,Not Open
T134,06-07,2006-10-29,29,Not Open
T135,06-07,2006-10-29,29,Not Open
T136,06-07,2006-10-29,29,Not Open
T137,06-07,2006-10-29,29,Not Open
T148,06-07,2006-10-29,29,Not Open
T152,06-07,2006-10-29,29,Not Open
T156,06-07,2006-10-29,29,Not Open
T157,06-07,2006-10-29,29,Not Open
T002,06-07,2006-10-30,30,Not Open
T003,06-07,2006-10-30,30,Not Open
T004,06-07,2006-10-30,30,Not Open
T005,06-07,2006-10-30,30,Not Open
T006,06-07,2006-10-30,30,Not Open
T007,06-07,2006-10-30,30,Not Open
T008,06-07,2006-10-30,30,Not Open
T009,06-07,2006-10-30,30,Not Open
T010,06-07,2006-10-30,30,Not Open
T011,06-07,2006-10-30,30,Not Open
T012,06-07,2006-10-30,30,Not Open
T013,06-07,2006-10-30,30,Not Open
T015,06-07,2006-10-30,30,Not Open
T016,06-07,2006-10-30,30,Not Open
T017,06-07,2006-10-30,30,Not Open
T018,06-07,2006-10-30,30,Not Open
T019,06-07,2006-10-30,30,Not Open
T020,06-07,2006-10-30,30,Not Open
T021,06-07,2006-10-30,30,Not Open
T022,06-07,2006-10-30,30,Not Open
T023,06-07,2006-10-30,30,Not Open
T024,06-07,2006-10-30,30,Not Open
T025,06-07,2006-10-30,30,Not Open
T026,06-07,2006-10-30,30,Not Open
T027,06-07,2006-10-30,30,Not Open
T028,06-07,2006-10-30,30,Not Open
T029,06-07,2006-10-30,30,Not Open
T030,06-07,2006-10-30,30,Not Open
T031,06-07,2006-10-30,30,Not Open
T032,06-07,2006-10-30,30,Not Open
T033,06-07,2006-10-30,30,Not Open
T034,06-07,2006-10-30,30,Not Open
T035,06-07,2006-10-30,30,Not Open
T036,06-07,2006-10-30,30,Not Open
T037,06-07,2006-10-30,30,Not Open
T038,06-07,2006-10-30,30,Not Open
T039,06-07,2006-10-30,30,Not Open
T040,06-07,2006-10-30,30,Not Open
T042,06-07,2006-10-30,30,Not Open
T043,06-07,2006-10-30,30,Not Open
T044,06-07,2006-10-30,30,Not Open
T045,06-07,2006-10-30,30,Not Open
T046,06-07,2006-10-30,30,Not Open
T047,06-07,2006-10-30,30,Not Open
T061,06-07,2006-10-30,30,Not Open
T063,06-07,2006-10-30,30,Not Open
T064,06-07,2006-10-30,30,Not Open
T065,06-07,2006-10-30,30,Not Open
T066,06-07,2006-10-30,30,Not Open
T067,06-07,2006-10-30,30,Not Open
T068,06-07,2006-10-30,30,Not Open
T069,06-07,2006-10-30,30,Not Open
T070,06-07,2006-10-30,30,Not Open
T071,06-07,2006-10-30,30,Not Open
T072,06-07,2006-10-30,30,Not Open
T073,06-07,2006-10-30,30,Not Open
T074,06-07,2006-10-30,30,Not Open
T075,06-07,2006-10-30,30,Not Open
T076,06-07,2006-10-30,30,Not Open
T077,06-07,2006-10-30,30,Not Open
T078,06-07,2006-10-30,30,Not Open
T079,06-07,2006-10-30,30,Not Open
T080,06-07,2006-10-30,30,Not Open
T081,06-07,2006-10-30,30,Not Open
T083,06-07,2006-10-30,30,Not Open
T084,06-07,2006-10-30,30,Not Open
T085,06-07,2006-10-30,30,Not Open
T086,06-07,2006-10-30,30,Not Open
T087,06-07,2006-10-30,30,Not Open
T088,06-07,2006-10-30,30,Not Open
T089,06-07,2006-10-30,30,Not Open
T090,06-07,2006-10-30,30,Not Open
T091,06-07,2006-10-30,30,Not Open
T092,06-07,2006-10-30,30,Not Open
T127,06-07,2006-10-30,30,Not Open
T134,06-07,2006-10-30,30,Not Open
T135,06-07,2006-10-30,30,Not Open
T136,06-07,2006-10-30,30,Not Open
T137,06-07,2006-10-30,30,Not Open
T148,06-07,2006-10-30,30,Not Open
T152,06-07,2006-10-30,30,Not Open
T156,06-07,2006-10-30,30,Not Open
T157,06-07,2006-10-30,30,Not Open
T002,06-07,2006-10-31,31,Not Open
T003,06-07,2006-10-31,31,Not Open
T004,06-07,2006-10-31,31,Not Open
T005,06-07,2006-10-31,31,Not Open
T006,06-07,2006-10-31,31,Not Open
T007,06-07,2006-10-31,31,Not Open
T008,06-07,2006-10-31,31,Not Open
T009,06-07,2006-10-31,31,Not Open
T010,06-07,2006-10-31,31,Not Open
T011,06-07,2006-10-31,31,Not Open
T012,06-07,2006-10-31,31,Not Open
T013,06-07,2006-10-31,31,Not Open
T015,06-07,2006-10-31,31,Not Open
T016,06-07,2006-10-31,31,Not Open
T017,06-07,2006-10-31,31,Not Open
T018,06-07,2006-10-31,31,Not Open
T019,06-07,2006-10-31,31,Not Open
T020,06-07,2006-10-31,31,Not Open
T021,06-07,2006-10-31,31,Not Open
T022,06-07,2006-10-31,31,Not Open
T023,06-07,2006-10-31,31,Not Open
T024,06-07,2006-10-31,31,Not Open
T025,06-07,2006-10-31,31,Not Open
T026,06-07,2006-10-31,31,Not Open
T027,06-07,2006-10-31,31,Not Open
T028,06-07,2006-10-31,31,Not Open
T029,06-07,2006-10-31,31,Not Open
T030,06-07,2006-10-31,31,Not Open
T031,06-07,2006-10-31,31,Not Open
T032,06-07,2006-10-31,31,Not Open
T033,06-07,2006-10-31,31,Not Open
T034,06-07,2006-10-31,31,Not Open
T035,06-07,2006-10-31,31,Not Open
T036,06-07,2006-10-31,31,Not Open
T037,06-07,2006-10-31,31,Not Open
T038,06-07,2006-10-31,31,Not Open
T039,06-07,2006-10-31,31,Not Open
T040,06-07,2006-10-31,31,Not Open
T042,06-07,2006-10-31,31,Not Open
T043,06-07,2006-10-31,31,Not Open
T044,06-07,2006-10-31,31,Not Open
T045,06-07,2006-10-31,31,Not Open
T046,06-07,2006-10-31,31,Not Open
T047,06-07,2006-10-31,31,Not Open
T061,06-07,2006-10-31,31,Not Open
T063,06-07,2006-10-31,31,Not Open
T064,06-07,2006-10-31,31,Not Open
T065,06-07,2006-10-31,31,Not Open
T066,06-07,2006-10-31,31,Not Open
T067,06-07,2006-10-31,31,Not Open
T068,06-07,2006-10-31,31,Not Open
T069,06-07,2006-10-31,31,Not Open
T070,06-07,2006-10-31,31,Not Open
T071,06-07,2006-10-31,31,Not Open
T072,06-07,2006-10-31,31,Not Open
T073,06-07,2006-10-31,31,Not Open
T074,06-07,2006-10-31,31,Not Open
T075,06-07,2006-10-31,31,Not Open
T076,06-07,2006-10-31,31,Not Open
T077,06-07,2006-10-31,31,Not Open
T078,06-07,2006-10-31,31,Not Open
T079,06-07,2006-10-31,31,Not Open
T080,06-07,2006-10-31,31,Not Open
T081,06-07,2006-10-31,31,Not Open
T083,06-07,2006-10-31,31,Not Open
T084,06-07,2006-10-31,31,Not Open
T085,06-07,2006-10-31,31,Not Open
T086,06-07,2006-10-31,31,Not Open
T087,06-07,2006-10-31,31,Not Open
T088,06-07,2006-10-31,31,Not Open
T089,06-07,2006-10-31,31,Not Open
T090,06-07,2006-10-31,31,Not Open
T091,06-07,2006-10-31,31,Not Open
T092,06-07,2006-10-31,31,Not Open
T127,06-07,2006-10-31,31,Not Open
T134,06-07,2006-10-31,31,Not Open
T135,06-07,2006-10-31,31,Not Open
T136,06-07,2006-10-31,31,Not Open
T137,06-07,2006-10-31,31,Not Open
T148,06-07,2006-10-31,31,Not Open
T152,06-07,2006-10-31,31,Not Open
T156,06-07,2006-10-31,31,Not Open
T157,06-07,2006-10-31,31,Not Open
T002,06-07,2006-11-01,32,Closed
T003,06-07,2006-11-01,32,Closed
T004,06-07,2006-11-01,32,Closed
T005,06-07,2006-11-01,32,Open
T006,06-07,2006-11-01,32,Closed
T007,06-07,2006-11-01,32,Closed
T008,06-07,2006-11-01,32,Open
T009,06-07,2006-11-01,32,Closed
T010,06-07,2006-11-01,32,Closed
T011,06-07,2006-11-01,32,Open
T012,06-07,2006-11-01,32,Closed
T013,06-07,2006-11-01,32,Closed
T015,06-07,2006-11-01,32,Closed
T016,06-07,2006-11-01,32,Open
T017,06-07,2006-11-01,32,Closed
T018,06-07,2006-11-01,32,Closed
T019,06-07,2006-11-01,32,Closed
T020,06-07,2006-11-01,32,Groomed
T021,06-07,2006-11-01,32,Closed
T022,06-07,2006-11-01,32,Open
T023,06-07,2006-11-01,32,Closed
T024,06-07,2006-11-01,32,Closed
T025,06-07,2006-11-01,32,Closed
T026,06-07,2006-11-01,32,Closed
T027,06-07,2006-11-01,32,Open
T028,06-07,2006-11-01,32,Closed
T029,06-07,2006-11-01,32,Closed
T030,06-07,2006-11-01,32,Closed
T031,06-07,2006-11-01,32,Closed
T032,06-07,2006-11-01,32,Closed
T033,06-07,2006-11-01,32,Closed
T034,06-07,2006-11-01,32,Closed
T035,06-07,2006-11-01,32,Open
T036,06-07,2006-11-01,32,Open
T037,06-07,2006-11-01,32,Closed
T038,06-07,2006-11-01,32,Open
T039,06-07,2006-11-01,32,Open
T040,06-07,2006-11-01,32,Closed
T042,06-07,2006-11-01,32,Closed
T043,06-07,2006-11-01,32,Closed
T044,06-07,2006-11-01,32,Closed
T045,06-07,2006-11-01,32,Open
T046,06-07,2006-11-01,32,Closed
T047,06-07,2006-11-01,32,Closed
T061,06-07,2006-11-01,32,Closed
T063,06-07,2006-11-01,32,Closed
T064,06-07,2006-11-01,32,Closed
T065,06-07,2006-11-01,32,Closed
T066,06-07,2006-11-01,32,Closed
T067,06-07,2006-11-01,32,Closed
T068,06-07,2006-11-01,32,Closed
T069,06-07,2006-11-01,32,Closed
T070,06-07,2006-11-01,32,Closed
T071,06-07,2006-11-01,32,Closed
T072,06-07,2006-11-01,32,Closed
T073,06-07,2006-11-01,32,Closed
T074,06-07,2006-11-01,32,Closed
T075,06-07,2006-11-01,32,Closed
T076,06-07,2006-11-01,32,Closed
T077,06-07,2006-11-01,32,Closed
T078,06-07,2006-11-01,32,Closed
T079,06-07,2006-11-01,32,Closed
T080,06-07,2006-11-01,32,Closed
T081,06-07,2006-11-01,32,Closed
T083,06-07,2006-11-01,32,Closed
T084,06-07,2006-11-01,32,Closed
T085,06-07,2006-11-01,32,Closed
T086,06-07,2006-11-01,32,Closed
T087,06-07,2006-11-01,32,Closed
T088,06-07,2006-11-01,32,Closed
T089,06-07,2006-11-01,32,Closed
T090,06-07,2006-11-01,32,Closed
T091,06-07,2006-11-01,32,Closed
T092,06-07,2006-11-01,32,Closed
T127,06-07,2006-11-01,32,Closed
T134,06-07,2006-11-01,32,Closed
T135,06-07,2006-11-01,32,Closed
T136,06-07,2006-11-01,32,Closed
T137,06-07,2006-11-01,32,Closed
T148,06-07,2006-11-01,32,Closed
T152,06-07,2006-11-01,32,Closed
T156,06-07,2006-11-01,32,Closed
T157,06-07,2006-11-01,32,Closed
T002,06-07,2006-11-02,33,Closed
T003,06-07,2006-11-02,33,Closed
T004,06-07,2006-11-02,33,Closed
T005,06-07,2006-11-02,33,Open
T006,06-07,2006-11-02,33,Closed
T007,06-07,2006-11-02,33,Closed
T008,06-07,2006-11-02,33,Open
T009,06-07,2006-11-02,33,Closed
T010,06-07,2006-11-02,33,Closed
T011,06-07,2006-11-02,33,Open
T012,06-07,2006-11-02,33,Closed
T013,06-07,2006-11-02,33,Closed
T015,06-07,2006-11-02,33,Closed
T016,06-07,2006-11-02,33,Open
T017,06-07,2006-11-02,33,Closed
T018,06-07,2006-11-02,33,Closed
T019,06-07,2006-11-02,33,Closed
T020,06-07,2006-11-02,33,Open
T021,06-07,2006-11-02,33,Closed
T022,06-07,2006-11-02,33,Open
T023,06-07,2006-11-02,33,Closed
T024,06-07,2006-11-02,33,Closed
T025,06-07,2006-11-02,33,Closed
T026,06-07,2006-11-02,33,Closed
T027,06-07,2006-11-02,33,Open
T028,06-07,2006-11-02,33,Closed
T029,06-07,2006-11-02,33,Closed
T030,06-07,2006-11-02,33,Closed
T031,06-07,2006-11-02,33,Closed
T032,06-07,2006-11-02,33,Closed
T033,06-07,2006-11-02,33,Closed
T034,06-07,2006-11-02,33,Closed
T035,06-07,2006-11-02,33,Open
T036,06-07,2006-11-02,33,Open
T037,06-07,2006-11-02,33,Closed
T038,06-07,2006-11-02,33,Open
T039,06-07,2006-11-02,33,Open
T040,06-07,2006-11-02,33,Closed
T042,06-07,2006-11-02,33,Closed
T043,06-07,2006-11-02,33,Closed
T044,06-07,2006-11-02,33,Closed
T045,06-07,2006-11-02,33,Open
T046,06-07,2006-11-02,33,Closed
T047,06-07,2006-11-02,33,Closed
T061,06-07,2006-11-02,33,Closed
T063,06-07,2006-11-02,33,Closed
T064,06-07,2006-11-02,33,Closed
T065,06-07,2006-11-02,33,Closed
T066,06-07,2006-11-02,33,Closed
T067,06-07,2006-11-02,33,Closed
T068,06-07,2006-11-02,33,Closed
T069,06-07,2006-11-02,33,Closed
T070,06-07,2006-11-02,33,Closed
T071,06-07,2006-11-02,33,Closed
T072,06-07,2006-11-02,33,Closed
T073,06-07,2006-11-02,33,Closed
T074,06-07,2006-11-02,33,Closed
T075,06-07,2006-11-02,33,Closed
T076,06-07,2006-11-02,33,Closed
T077,06-07,2006-11-02,33,Closed
T078,06-07,2006-11-02,33,Closed
T079,06-07,2006-11-02,33,Closed
T080,06-07,2006-11-02,33,Closed
T081,06-07,2006-11-02,33,Closed
T083,06-07,2006-11-02,33,Closed
T084,06-07,2006-11-02,33,Closed
T085,06-07,2006-11-02,33,Closed
T086,06-07,2006-11-02,33,Closed
T087,06-07,2006-11-02,33,Closed
T088,06-07,2006-11-02,33,Closed
T089,06-07,2006-11-02,33,Closed
T090,06-07,2006-11-02,33,Closed
T091,06-07,2006-11-02,33,Closed
T092,06-07,2006-11-02,33,Closed
T127,06-07,2006-11-02,33,Closed
T134,06-07,2006-11-02,33,Closed
T135,06-07,2006-11-02,33,Closed
T136,06-07,2006-11-02,33,Closed
T137,06-07,2006-11-02,33,Closed
T148,06-07,2006-11-02,33,Closed
T152,06-07,2006-11-02,33,Closed
T156,06-07,2006-11-02,33,Closed
T157,06-07,2006-11-02,33,Closed
T002,06-07,2006-11-03,34,Closed
T003,06-07,2006-11-03,34,Closed
T004,06-07,2006-11-03,34,Closed
T005,06-07,2006-11-03,34,Open
T006,06-07,2006-11-03,34,Closed
T007,06-07,2006-11-03,34,Closed
T008,06-07,2006-11-03,34,Open
T009,06-07,2006-11-03,34,Closed
T010,06-07,2006-11-03,34,Closed
T011,06-07,2006-11-03,34,Open
T012,06-07,2006-11-03,34,Closed
T013,06-07,2006-11-03,34,Closed
T015,06-07,2006-11-03,34,Closed
T016,06-07,2006-11-03,34,Open
T017,06-07,2006-11-03,34,Closed
T018,06-07,2006-11-03,34,Closed
T019,06-07,2006-11-03,34,Closed
T020,06-07,2006-11-03,34,Open
T021,06-07,2006-11-03,34,Closed
T022,06-07,2006-11-03,34,Open
T023,06-07,2006-11-03,34,Closed
T024,06-07,2006-11-03,34,Closed
T025,06-07,2006-11-03,34,Closed
T026,06-07,2006-11-03,34,Closed
T027,06-07,2006-11-03,34,Open
T028,06-07,2006-11-03,34,Closed
T029,06-07,2006-11-03,34,Closed
T030,06-07,2006-11-03,34,Closed
T031,06-07,2006-11-03,34,Closed
T032,06-07,2006-11-03,34,Closed
T033,06-07,2006-11-03,34,Closed
T034,06-07,2006-11-03,34,Closed
T035,06-07,2006-11-03,34,Open
T036,06-07,2006-11-03,34,Open
T037,06-07,2006-11-03,34,Closed
T038,06-07,2006-11-03,34,Open
T039,06-07,2006-11-03,34,Open
T040,06-07,2006-11-03,34,Closed
T042,06-07,2006-11-03,34,Closed
T043,06-07,2006-11-03,34,Closed
T044,06-07,2006-11-03,34,Closed
T045,06-07,2006-11-03,34,Open
T046,06-07,2006-11-03,34,Closed
T047,06-07,2006-11-03,34,Closed
T061,06-07,2006-11-03,34,Closed
T063,06-07,2006-11-03,34,Closed
T064,06-07,2006-11-03,34,Closed
T065,06-07,2006-11-03,34,Closed
T066,06-07,2006-11-03,34,Closed
T067,06-07,2006-11-03,34,Closed
T068,06-07,2006-11-03,34,Closed
T069,06-07,2006-11-03,34,Closed
T070,06-07,2006-11-03,34,Closed
T071,06-07,2006-11-03,34,Closed
T072,06-07,2006-11-03,34,Closed
T073,06-07,2006-11-03,34,Closed
T074,06-07,2006-11-03,34,Closed
T075,06-07,2006-11-03,34,Closed
T076,06-07,2006-11-03,34,Closed
T077,06-07,2006-11-03,34,Closed
T078,06-07,2006-11-03,34,Closed
T079,06-07,2006-11-03,34,Closed
T080,06-07,2006-11-03,34,Closed
T081,06-07,2006-11-03,34,Closed
T083,06-07,2006-11-03,34,Closed
T084,06-07,2006-11-03,34,Closed
T085,06-07,2006-11-03,34,Closed
T086,06-07,2006-11-03,34,Closed
T087,06-07,2006-11-03,34,Closed
T088,06-07,2006-11-03,34,Closed
T089,06-07,2006-11-03,34,Closed
T090,06-07,2006-11-03,34,Closed
T091,06-07,2006-11-03,34,Closed
T092,06-07,2006-11-03,34,Closed
T127,06-07,2006-11-03,34,Closed
T134,06-07,2006-11-03,34,Closed
T135,06-07,2006-11-03,34,Closed
T136,06-07,2006-11-03,34,Closed
T137,06-07,2006-11-03,34,Closed
T148,06-07,2006-11-03,34,Closed
T152,06-07,2006-11-03,34,Closed
T156,06-07,2006-11-03,34,Closed
T157,06-07,2006-11-03,34,Closed
T002,06-07,2006-11-04,35,Closed
T003,06-07,2006-11-04,35,Closed
T004,06-07,2006-11-04,35,Closed
T005,06-07,2006-11-04,35,Open
T006,06-07,2006-11-04,35,Closed
T007,06-07,2006-11-04,35,Closed
T008,06-07,2006-11-04,35,Open
T009,06-07,2006-11-04,35,Closed
T010,06-07,2006-11-04,35,Closed
T011,06-07,2006-11-04,35,Open
T012,06-07,2006-11-04,35,Closed
T013,06-07,2006-11-04,35,Closed
T015,06-07,2006-11-04,35,Closed
T016,06-07,2006-11-04,35,Open
T017,06-07,2006-11-04,35,Closed
T018,06-07,2006-11-04,35,Closed
T019,06-07,2006-11-04,35,Closed
T020,06-07,2006-11-04,35,Open
T021,06-07,2006-11-04,35,Closed
T022,06-07,2006-11-04,35,Open
T023,06-07,2006-11-04,35,Closed
T024,06-07,2006-11-04,35,Closed
T025,06-07,2006-11-04,35,Closed
T026,06-07,2006-11-04,35,Closed
T027,06-07,2006-11-04,35,Open
T028,06-07,2006-11-04,35,Closed
T029,06-07,2006-11-04,35,Closed
T030,06-07,2006-11-04,35,Closed
T031,06-07,2006-11-04,35,Closed
T032,06-07,2006-11-04,35,Closed
T033,06-07,2006-11-04,35,Closed
T034,06-07,2006-11-04,35,Closed
T035,06-07,2006-11-04,35,Open
T036,06-07,2006-11-04,35,Open
T037,06-07,2006-11-04,35,Closed
T038,06-07,2006-11-04,35,Open
T039,06-07,2006-11-04,35,Open
T040,06-07,2006-11-04,35,Closed
T042,06-07,2006-11-04,35,Closed
T043,06-07,2006-11-04,35,Closed
T044,06-07,2006-11-04,35,Closed
T045,06-07,2006-11-04,35,Open
T046,06-07,2006-11-04,35,Closed
T047,06-07,2006-11-04,35,Closed
T061,06-07,2006-11-04,35,Closed
T063,06-07,2006-11-04,35,Closed
T064,06-07,2006-11-04,35,Closed
T065,06-07,2006-11-04,35,Closed
T066,06-07,2006-11-04,35,Closed
T067,06-07,2006-11-04,35,Closed
T068,06-07,2006-11-04,35,Closed
T069,06-07,2006-11-04,35,Closed
T070,06-07,2006-11-04,35,Closed
T071,06-07,2006-11-04,35,Closed
T072,06-07,2006-11-04,35,Closed
T073,06-07,2006-11-04,35,Closed
T074,06-07,2006-11-04,35,Closed
T075,06-07,2006-11-04,35,Closed
T076,06-07,2006-11-04,35,Closed
T077,06-07,2006-11-04,35,Closed
T078,06-07,2006-11-04,35,Closed
T079,06-07,2006-11-04,35,Closed
T080,06-07,2006-11-04,35,Closed
T081,06-07,2006-11-04,35,Closed
T083,06-07,2006-11-04,35,Closed
T084,06-07,2006-11-04,35,Closed
T085,06-07,2006-11-04,35,Closed
T086,06-07,2006-11-04,35,Closed
T087,06-07,2006-11-04,35,Closed
T088,06-07,2006-11-04,35,Closed
T089,06-07,2006-11-04,35,Closed
T090,06-07,2006-11-04,35,Closed
T091,06-07,2006-11-04,35,Closed
T092,06-07,2006-11-04,35,Closed
T127,06-07,2006-11-04,35,Closed
T134,06-07,2006-11-04,35,Closed
T135,06-07,2006-11-04,35,Closed
T136,06-07,2006-11-04,35,Closed
T137,06-07,2006-11-04,35,Closed
T148,06-07,2006-11-04,35,Closed
T152,06-07,2006-11-04,35,Closed
T156,06-07,2006-11-04,35,Closed
T157,06-07,2006-11-04,35,Closed
T002,06-07,2006-11-05,36,Closed
T003,06-07,2006-11-05,36,Closed
T004,06-07,2006-11-05,36,Closed
T005,06-07,2006-11-05,36,Open
T006,06-07,2006-11-05,36,Closed
T007,06-07,2006-11-05,36,Closed
T008,06-07,2006-11-05,36,Open
T009,06-07,2006-11-05,36,Closed
T010,06-07,2006-11-05,36,Closed
T011,06-07,2006-11-05,36,Open
T012,06-07,2006-11-05,36,Closed
T013,06-07,2006-11-05,36,Closed
T015,06-07,2006-11-05,36,Closed
T016,06-07,2006-11-05,36,Open
T017,06-07,2006-11-05,36,Closed
T018,06-07,2006-11-05,36,Closed
T019,06-07,2006-11-05,36,Closed
T020,06-07,2006-11-05,36,Open
T021,06-07,2006-11-05,36,Closed
T022,06-07,2006-11-05,36,Open
T023,06-07,2006-11-05,36,Closed
T024,06-07,2006-11-05,36,Closed
T025,06-07,2006-11-05,36,Closed
T026,06-07,2006-11-05,36,Closed
T027,06-07,2006-11-05,36,Open
T028,06-07,2006-11-05,36,Closed
T029,06-07,2006-11-05,36,Closed
T030,06-07,2006-11-05,36,Closed
T031,06-07,2006-11-05,36,Closed
T032,06-07,2006-11-05,36,Closed
T033,06-07,2006-11-05,36,Closed
T034,06-07,2006-11-05,36,Closed
T035,06-07,2006-11-05,36,Open
T036,06-07,2006-11-05,36,Open
T037,06-07,2006-11-05,36,Closed
T038,06-07,2006-11-05,36,Open
T039,06-07,2006-11-05,36,Open
T040,06-07,2006-11-05,36,Closed
T042,06-07,2006-11-05,36,Closed
T043,06-07,2006-11-05,36,Closed
T044,06-07,2006-11-05,36,Closed
T045,06-07,2006-11-05,36,Open
T046,06-07,2006-11-05,36,Closed
T047,06-07,2006-11-05,36,Closed
T061,06-07,2006-11-05,36,Closed
T063,06-07,2006-11-05,36,Closed
T064,06-07,2006-11-05,36,Closed
T065,06-07,2006-11-05,36,Closed
T066,06-07,2006-11-05,36,Closed
T067,06-07,2006-11-05,36,Closed
T068,06-07,2006-11-05,36,Closed
T069,06-07,2006-11-05,36,Closed
T070,06-07,2006-11-05,36,Closed
T071,06-07,2006-11-05,36,Closed
T072,06-07,2006-11-05,36,Closed
T073,06-07,2006-11-05,36,Closed
T074,06-07,2006-11-05,36,Closed
T075,06-07,2006-11-05,36,Closed
T076,06-07,2006-11-05,36,Closed
T077,06-07,2006-11-05,36,Closed
T078,06-07,2006-11-05,36,Closed
T079,06-07,2006-11-05,36,Closed
T080,06-07,2006-11-05,36,Closed
T081,06-07,2006-11-05,36,Closed
T083,06-07,2006-11-05,36,Closed
T084,06-07,2006-11-05,36,Closed
T085,06-07,2006-11-05,36,Closed
T086,06-07,2006-11-05,36,Closed
T087,06-07,2006-11-05,36,Closed
T088,06-07,2006-11-05,36,Closed
T089,06-07,2006-11-05,36,Closed
T090,06-07,2006-11-05,36,Closed
T091,06-07,2006-11-05,36,Closed
T092,06-07,2006-11-05,36,Closed
T127,06-07,2006-11-05,36,Closed
T134,06-07,2006-11-05,36,Closed
T135,06-07,2006-11-05,36,Closed
T136,06-07,2006-11-05,36,Closed
T137,06-07,2006-11-05,36,Closed
T148,06-07,2006-11-05,36,Closed
T152,06-07,2006-11-05,36,Closed
T156,06-07,2006-11-05,36,Closed
T157,06-07,2006-11-05,36,Closed
T002,06-07,2006-11-06,37,Closed
T003,06-07,2006-11-06,37,Closed
T004,06-07,2006-11-06,37,Closed
T005,06-07,2006-11-06,37,Open
T006,06-07,2006-11-06,37,Closed
T007,06-07,2006-11-06,37,Closed
T008,06-07,2006-11-06,37,Open
T009,06-07,2006-11-06,37,Closed
T010,06-07,2006-11-06,37,Closed
T011,06-07,2006-11-06,37,Open
T012,06-07,2006-11-06,37,Closed
T013,06-07,2006-11-06,37,Closed
T015,06-07,2006-11-06,37,Closed
T016,06-07,2006-11-06,37,Open
T017,06-07,2006-11-06,37,Closed
T018,06-07,2006-11-06,37,Closed
T019,06-07,2006-11-06,37,Closed
T020,06-07,2006-11-06,37,Open
T021,06-07,2006-11-06,37,Closed
T022,06-07,2006-11-06,37,Open
T023,06-07,2006-11-06,37,Closed
T024,06-07,2006-11-06,37,Closed
T025,06-07,2006-11-06,37,Closed
T026,06-07,2006-11-06,37,Closed
T027,06-07,2006-11-06,37,Open
T028,06-07,2006-11-06,37,Closed
T029,06-07,2006-11-06,37,Closed
T030,06-07,2006-11-06,37,Closed
T031,06-07,2006-11-06,37,Closed
T032,06-07,2006-11-06,37,Closed
T033,06-07,2006-11-06,37,Closed
T034,06-07,2006-11-06,37,Closed
T035,06-07,2006-11-06,37,Open
T036,06-07,2006-11-06,37,Open
T037,06-07,2006-11-06,37,Closed
T038,06-07,2006-11-06,37,Open
T039,06-07,2006-11-06,37,Open
T040,06-07,2006-11-06,37,Closed
T042,06-07,2006-11-06,37,Closed
T043,06-07,2006-11-06,37,Closed
T044,06-07,2006-11-06,37,Closed
T045,06-07,2006-11-06,37,Open
T046,06-07,2006-11-06,37,Closed
T047,06-07,2006-11-06,37,Closed
T061,06-07,2006-11-06,37,Closed
T063,06-07,2006-11-06,37,Closed
T064,06-07,2006-11-06,37,Closed
T065,06-07,2006-11-06,37,Closed
T066,06-07,2006-11-06,37,Closed
T067,06-07,2006-11-06,37,Closed
T068,06-07,2006-11-06,37,Closed
T069,06-07,2006-11-06,37,Closed
T070,06-07,2006-11-06,37,Closed
T071,06-07,2006-11-06,37,Closed
T072,06-07,2006-11-06,37,Closed
T073,06-07,2006-11-06,37,Closed
T074,06-07,2006-11-06,37,Closed
T075,06-07,2006-11-06,37,Closed
T076,06-07,2006-11-06,37,Closed
T077,06-07,2006-11-06,37,Closed
T078,06-07,2006-11-06,37,Closed
T079,06-07,2006-11-06,37,Closed
T080,06-07,2006-11-06,37,Closed
T081,06-07,2006-11-06,37,Closed
T083,06-07,2006-11-06,37,Closed
T084,06-07,2006-11-06,37,Closed
T085,06-07,2006-11-06,37,Closed
T086,06-07,2006-11-06,37,Closed
T087,06-07,2006-11-06,37,Closed
T088,06-07,2006-11-06,37,Closed
T089,06-07,2006-11-06,37,Closed
T090,06-07,2006-11-06,37,Closed
T091,06-07,2006-11-06,37,Closed
T092,06-07,2006-11-06,37,Closed
T127,06-07,2006-11-06,37,Closed
T134,06-07,2006-11-06,37,Closed
T135,06-07,2006-11-06,37,Closed
T136,06-07,2006-11-06,37,Closed
T137,06-07,2006-11-06,37,Closed
T148,06-07,2006-11-06,37,Closed
T152,06-07,2006-11-06,37,Closed
T156,06-07,2006-11-06,37,Closed
T157,06-07,2006-11-06,37,Closed
T002,06-07,2006-11-07,38,Closed
T003,06-07,2006-11-07,38,Closed
T004,06-07,2006-11-07,38,Closed
T005,06-07,2006-11-07,38,Open
T006,06-07,2006-11-07,38,Closed
T007,06-07,2006-11-07,38,Closed
T008,06-07,2006-11-07,38,Open
T009,06-07,2006-11-07,38,Closed
T010,06-07,2006-11-07,38,Closed
T011,06-07,2006-11-07,38,Open
T012,06-07,2006-11-07,38,Closed
T013,06-07,2006-11-07,38,Closed
T015,06-07,2006-11-07,38,Closed
T016,06-07,2006-11-07,38,Open
T017,06-07,2006-11-07,38,Closed
T018,06-07,2006-11-07,38,Closed
T019,06-07,2006-11-07,38,Closed
T020,06-07,2006-11-07,38,Open
T021,06-07,2006-11-07,38,Closed
T022,06-07,2006-11-07,38,Open
T023,06-07,2006-11-07,38,Closed
T024,06-07,2006-11-07,38,Closed
T025,06-07,2006-11-07,38,Closed
T026,06-07,2006-11-07,38,Closed
T027,06-07,2006-11-07,38,Open
T028,06-07,2006-11-07,38,Closed
T029,06-07,2006-11-07,38,Closed
T030,06-07,2006-11-07,38,Closed
T031,06-07,2006-11-07,38,Closed
T032,06-07,2006-11-07,38,Closed
T033,06-07,2006-11-07,38,Closed
T034,06-07,2006-11-07,38,Closed
T035,06-07,2006-11-07,38,Open
T036,06-07,2006-11-07,38,Open
T037,06-07,2006-11-07,38,Closed
T038,06-07,2006-11-07,38,Open
T039,06-07,2006-11-07,38,Open
T040,06-07,2006-11-07,38,Closed
T042,06-07,2006-11-07,38,Closed
T043,06-07,2006-11-07,38,Closed
T044,06-07,2006-11-07,38,Closed
T045,06-07,2006-11-07,38,Open
T046,06-07,2006-11-07,38,Closed
T047,06-07,2006-11-07,38,Closed
T061,06-07,2006-11-07,38,Closed
T063,06-07,2006-11-07,38,Closed
T064,06-07,2006-11-07,38,Closed
T065,06-07,2006-11-07,38,Closed
T066,06-07,2006-11-07,38,Closed
T067,06-07,2006-11-07,38,Closed
T068,06-07,2006-11-07,38,Closed
T069,06-07,2006-11-07,38,Closed
T070,06-07,2006-11-07,38,Closed
T071,06-07,2006-11-07,38,Closed
T072,06-07,2006-11-07,38,Closed
T073,06-07,2006-11-07,38,Closed
T074,06-07,2006-11-07,38,Closed
T075,06-07,2006-11-07,38,Closed
T076,06-07,2006-11-07,38,Closed
T077,06-07,2006-11-07,38,Closed
T078,06-07,2006-11-07,38,Closed
T079,06-07,2006-11-07,38,Closed
T080,06-07,2006-11-07,38,Closed
T081,06-07,2006-11-07,38,Closed
T083,06-07,2006-11-07,38,Closed
T084,06-07,2006-11-07,38,Closed
T085,06-07,2006-11-07,38,Closed
T086,06-07,2006-11-07,38,Closed
T087,06-07,2006-11-07,38,Closed
T088,06-07,2006-11-07,38,Closed
T089,06-07,2006-11-07,38,Closed
T090,06-07,2006-11-07,38,Closed
T091,06-07,2006-11-07,38,Closed
T092,06-07,2006-11-07,38,Closed
T127,06-07,2006-11-07,38,Closed
T134,06-07,2006-11-07,38,Closed
T135,06-07,2006-11-07,38,Closed
T136,06-07,2006-11-07,38,Closed
T137,06-07,2006-11-07,38,Closed
T148,06-07,2006-11-07,38,Closed
T152,06-07,2006-11-07,38,Closed
T156,06-07,2006-11-07,38,Closed
T157,06-07,2006-11-07,38,Closed
T002,06-07,2006-11-08,39,Closed
T003,06-07,2006-11-08,39,Closed
T004,06-07,2006-11-08,39,Closed
T005,06-07,2006-11-08,39,Open
T006,06-07,2006-11-08,39,Closed
T007,06-07,2006-11-08,39,Closed
T008,06-07,2006-11-08,39,Open
T009,06-07,2006-11-08,39,Closed
T010,06-07,2006-11-08,39,Closed
T011,06-07,2006-11-08,39,Open
T012,06-07,2006-11-08,39,Closed
T013,06-07,2006-11-08,39,Closed
T015,06-07,2006-11-08,39,Closed
T016,06-07,2006-11-08,39,Open
T017,06-07,2006-11-08,39,Closed
T018,06-07,2006-11-08,39,Closed
T019,06-07,2006-11-08,39,Closed
T020,06-07,2006-11-08,39,Open
T021,06-07,2006-11-08,39,Closed
T022,06-07,2006-11-08,39,Open
T023,06-07,2006-11-08,39,Closed
T024,06-07,2006-11-08,39,Closed
T025,06-07,2006-11-08,39,Closed
T026,06-07,2006-11-08,39,Closed
T027,06-07,2006-11-08,39,Open
T028,06-07,2006-11-08,39,Closed
T029,06-07,2006-11-08,39,Closed
T030,06-07,2006-11-08,39,Closed
T031,06-07,2006-11-08,39,Closed
T032,06-07,2006-11-08,39,Closed
T033,06-07,2006-11-08,39,Closed
T034,06-07,2006-11-08,39,Closed
T035,06-07,2006-11-08,39,Open
T036,06-07,2006-11-08,39,Open
T037,06-07,2006-11-08,39,Closed
T038,06-07,2006-11-08,39,Open
T039,06-07,2006-11-08,39,Open
T040,06-07,2006-11-08,39,Closed
T042,06-07,2006-11-08,39,Closed
T043,06-07,2006-11-08,39,Closed
T044,06-07,2006-11-08,39,Closed
T045,06-07,2006-11-08,39,Open
T046,06-07,2006-11-08,39,Closed
T047,06-07,2006-11-08,39,Closed
T061,06-07,2006-11-08,39,Closed
T063,06-07,2006-11-08,39,Closed
T064,06-07,2006-11-08,39,Closed
T065,06-07,2006-11-08,39,Closed
T066,06-07,2006-11-08,39,Closed
T067,06-07,2006-11-08,39,Closed
T068,06-07,2006-11-08,39,Closed
T069,06-07,2006-11-08,39,Closed
T070,06-07,2006-11-08,39,Closed
T071,06-07,2006-11-08,39,Closed
T072,06-07,2006-11-08,39,Closed
T073,06-07,2006-11-08,39,Closed
T074,06-07,2006-11-08,39,Closed
T075,06-07,2006-11-08,39,Closed
T076,06-07,2006-11-08,39,Closed
T077,06-07,2006-11-08,39,Closed
T078,06-07,2006-11-08,39,Closed
T079,06-07,2006-11-08,39,Closed
T080,06-07,2006-11-08,39,Closed
T081,06-07,2006-11-08,39,Closed
T083,06-07,2006-11-08,39,Closed
T084,06-07,2006-11-08,39,Closed
T085,06-07,2006-11-08,39,Closed
T086,06-07,2006-11-08,39,Closed
T087,06-07,2006-11-08,39,Closed
T088,06-07,2006-11-08,39,Closed
T089,06-07,2006-11-08,39,Closed
T090,06-07,2006-11-08,39,Closed
T091,06-07,2006-11-08,39,Closed
T092,06-07,2006-11-08,39,Closed
T127,06-07,2006-11-08,39,Closed
T134,06-07,2006-11-08,39,Closed
T135,06-07,2006-11-08,39,Closed
T136,06-07,2006-11-08,39,Closed
T137,06-07,2006-11-08,39,Closed
T148,06-07,2006-11-08,39,Closed
T152,06-07,2006-11-08,39,Closed
T156,06-07,2006-11-08,39,Closed
T157,06-07,2006-11-08,39,Closed
T002,06-07,2006-11-09,40,Closed
T003,06-07,2006-11-09,40,Closed
T004,06-07,2006-11-09,40,Closed
T005,06-07,2006-11-09,40,Groomed
T006,06-07,2006-11-09,40,Closed
T007,06-07,2006-11-09,40,Groomed
T008,06-07,2006-11-09,40,Open
T009,06-07,2006-11-09,40,Groomed
T010,06-07,2006-11-09,40,Closed
T011,06-07,2006-11-09,40,Groomed
T012,06-07,2006-11-09,40,Closed
T013,06-07,2006-11-09,40,Groomed
T015,06-07,2006-11-09,40,Closed
T016,06-07,2006-11-09,40,Open
T017,06-07,2006-11-09,40,Closed
T018,06-07,2006-11-09,40,Closed
T019,06-07,2006-11-09,40,Closed
T020,06-07,2006-11-09,40,Closed
T021,06-07,2006-11-09,40,Groomed
T022,06-07,2006-11-09,40,Groomed
T023,06-07,2006-11-09,40,Closed
T024,06-07,2006-11-09,40,Closed
T025,06-07,2006-11-09,40,Closed
T026,06-07,2006-11-09,40,Closed
T027,06-07,2006-11-09,40,Closed
T028,06-07,2006-11-09,40,Closed
T029,06-07,2006-11-09,40,Closed
T030,06-07,2006-11-09,40,Closed
T031,06-07,2006-11-09,40,Closed
T032,06-07,2006-11-09,40,Closed
T033,06-07,2006-11-09,40,Closed
T034,06-07,2006-11-09,40,Closed
T035,06-07,2006-11-09,40,Open
T036,06-07,2006-11-09,40,Open
T037,06-07,2006-11-09,40,Closed
T038,06-07,2006-11-09,40,Open
T039,06-07,2006-11-09,40,Open
T040,06-07,2006-11-09,40,Closed
T042,06-07,2006-11-09,40,Closed
T043,06-07,2006-11-09,40,Closed
T044,06-07,2006-11-09,40,Closed
T045,06-07,2006-11-09,40,Closed
T046,06-07,2006-11-09,40,Closed
T047,06-07,2006-11-09,40,Closed
T061,06-07,2006-11-09,40,Closed
T063,06-07,2006-11-09,40,Closed
T064,06-07,2006-11-09,40,Closed
T065,06-07,2006-11-09,40,Closed
T066,06-07,2006-11-09,40,Closed
T067,06-07,2006-11-09,40,Closed
T068,06-07,2006-11-09,40,Closed
T069,06-07,2006-11-09,40,Closed
T070,06-07,2006-11-09,40,Closed
T071,06-07,2006-11-09,40,Closed
T072,06-07,2006-11-09,40,Closed
T073,06-07,2006-11-09,40,Closed
T074,06-07,2006-11-09,40,Closed
T075,06-07,2006-11-09,40,Closed
T076,06-07,2006-11-09,40,Closed
T077,06-07,2006-11-09,40,Closed
T078,06-07,2006-11-09,40,Closed
T079,06-07,2006-11-09,40,Closed
T080,06-07,2006-11-09,40,Closed
T081,06-07,2006-11-09,40,Closed
T083,06-07,2006-11-09,40,Closed
T084,06-07,2006-11-09,40,Closed
T085,06-07,2006-11-09,40,Closed
T086,06-07,2006-11-09,40,Closed
T087,06-07,2006-11-09,40,Closed
T088,06-07,2006-11-09,40,Closed
T089,06-07,2006-11-09,40,Closed
T090,06-07,2006-11-09,40,Closed
T091,06-07,2006-11-09,40,Closed
T092,06-07,2006-11-09,40,Closed
T127,06-07,2006-11-09,40,Closed
T134,06-07,2006-11-09,40,Closed
T135,06-07,2006-11-09,40,Closed
T136,06-07,2006-11-09,40,Closed
T137,06-07,2006-11-09,40,Closed
T148,06-07,2006-11-09,40,Closed
T152,06-07,2006-11-09,40,Groomed
T156,06-07,2006-11-09,40,Closed
T157,06-07,2006-11-09,40,Closed
T002,06-07,2006-11-10,41,Closed
T003,06-07,2006-11-10,41,Closed
T004,06-07,2006-11-10,41,Closed
T005,06-07,2006-11-10,41,Groomed
T006,06-07,2006-11-10,41,Closed
T007,06-07,2006-11-10,41,Groomed
T008,06-07,2006-11-10,41,Open
T009,06-07,2006-11-10,41,Groomed
T010,06-07,2006-11-10,41,Closed
T011,06-07,2006-11-10,41,Groomed
T012,06-07,2006-11-10,41,Closed
T013,06-07,2006-11-10,41,Groomed
T015,06-07,2006-11-10,41,Closed
T016,06-07,2006-11-10,41,Open
T017,06-07,2006-11-10,41,Closed
T018,06-07,2006-11-10,41,Closed
T019,06-07,2006-11-10,41,Closed
T020,06-07,2006-11-10,41,Closed
T021,06-07,2006-11-10,41,Groomed
T022,06-07,2006-11-10,41,Groomed
T023,06-07,2006-11-10,41,Closed
T024,06-07,2006-11-10,41,Closed
T025,06-07,2006-11-10,41,Closed
T026,06-07,2006-11-10,41,Closed
T027,06-07,2006-11-10,41,Closed
T028,06-07,2006-11-10,41,Closed
T029,06-07,2006-11-10,41,Closed
T030,06-07,2006-11-10,41,Closed
T031,06-07,2006-11-10,41,Closed
T032,06-07,2006-11-10,41,Closed
T033,06-07,2006-11-10,41,Open
T034,06-07,2006-11-10,41,Open
T035,06-07,2006-11-10,41,Open
T036,06-07,2006-11-10,41,Open
T037,06-07,2006-11-10,41,Closed
T038,06-07,2006-11-10,41,Open
T039,06-07,2006-11-10,41,Open
T040,06-07,2006-11-10,41,Closed
T042,06-07,2006-11-10,41,Closed
T043,06-07,2006-11-10,41,Closed
T044,06-07,2006-11-10,41,Closed
T045,06-07,2006-11-10,41,Closed
T046,06-07,2006-11-10,41,Closed
T047,06-07,2006-11-10,41,Closed
T061,06-07,2006-11-10,41,Closed
T063,06-07,2006-11-10,41,Closed
T064,06-07,2006-11-10,41,Closed
T065,06-07,2006-11-10,41,Closed
T066,06-07,2006-11-10,41,Closed
T067,06-07,2006-11-10,41,Closed
T068,06-07,2006-11-10,41,Closed
T069,06-07,2006-11-10,41,Closed
T070,06-07,2006-11-10,41,Closed
T071,06-07,2006-11-10,41,Closed
T072,06-07,2006-11-10,41,Closed
T073,06-07,2006-11-10,41,Closed
T074,06-07,2006-11-10,41,Closed
T075,06-07,2006-11-10,41,Closed
T076,06-07,2006-11-10,41,Closed
T077,06-07,2006-11-10,41,Closed
T078,06-07,2006-11-10,41,Closed
T079,06-07,2006-11-10,41,Closed
T080,06-07,2006-11-10,41,Closed
T081,06-07,2006-11-10,41,Closed
T083,06-07,2006-11-10,41,Closed
T084,06-07,2006-11-10,41,Closed
T085,06-07,2006-11-10,41,Closed
T086,06-07,2006-11-10,41,Closed
T087,06-07,2006-11-10,41,Closed
T088,06-07,2006-11-10,41,Closed
T089,06-07,2006-11-10,41,Closed
T090,06-07,2006-11-10,41,Closed
T091,06-07,2006-11-10,41,Closed
T092,06-07,2006-11-10,41,Closed
T127,06-07,2006-11-10,41,Closed
T134,06-07,2006-11-10,41,Closed
T135,06-07,2006-11-10,41,Closed
T136,06-07,2006-11-10,41,Closed
T137,06-07,2006-11-10,41,Closed
T148,06-07,2006-11-10,41,Closed
T152,06-07,2006-11-10,41,Groomed
T156,06-07,2006-11-10,41,Closed
T157,06-07,2006-11-10,41,Closed
T002,06-07,2006-11-11,42,Closed
T003,06-07,2006-11-11,42,Closed
T004,06-07,2006-11-11,42,Closed
T005,06-07,2006-11-11,42,Groomed
T006,06-07,2006-11-11,42,Closed
T007,06-07,2006-11-11,42,Groomed
T008,06-07,2006-11-11,42,Open
T009,06-07,2006-11-11,42,Open
T010,06-07,2006-11-11,42,Closed
T011,06-07,2006-11-11,42,Groomed
T012,06-07,2006-11-11,42,Closed
T013,06-07,2006-11-11,42,Groomed
T015,06-07,2006-11-11,42,Closed
T016,06-07,2006-11-11,42,Open
T017,06-07,2006-11-11,42,Closed
T018,06-07,2006-11-11,42,Closed
T019,06-07,2006-11-11,42,Closed
T020,06-07,2006-11-11,42,Closed
T021,06-07,2006-11-11,42,Groomed
T022,06-07,2006-11-11,42,Groomed
T023,06-07,2006-11-11,42,Closed
T024,06-07,2006-11-11,42,Closed
T025,06-07,2006-11-11,42,Closed
T026,06-07,2006-11-11,42,Closed
T027,06-07,2006-11-11,42,Closed
T028,06-07,2006-11-11,42,Closed
T029,06-07,2006-11-11,42,Closed
T030,06-07,2006-11-11,42,Closed
T031,06-07,2006-11-11,42,Closed
T032,06-07,2006-11-11,42,Closed
T033,06-07,2006-11-11,42,Open
T034,06-07,2006-11-11,42,Open
T035,06-07,2006-11-11,42,Open
T036,06-07,2006-11-11,42,Open
T037,06-07,2006-11-11,42,Closed
T038,06-07,2006-11-11,42,Open
T039,06-07,2006-11-11,42,Open
T040,06-07,2006-11-11,42,Closed
T042,06-07,2006-11-11,42,Closed
T043,06-07,2006-11-11,42,Closed
T044,06-07,2006-11-11,42,Closed
T045,06-07,2006-11-11,42,Closed
T046,06-07,2006-11-11,42,Closed
T047,06-07,2006-11-11,42,Closed
T061,06-07,2006-11-11,42,Closed
T063,06-07,2006-11-11,42,Closed
T064,06-07,2006-11-11,42,Closed
T065,06-07,2006-11-11,42,Closed
T066,06-07,2006-11-11,42,Closed
T067,06-07,2006-11-11,42,Closed
T068,06-07,2006-11-11,42,Closed
T069,06-07,2006-11-11,42,Closed
T070,06-07,2006-11-11,42,Closed
T071,06-07,2006-11-11,42,Closed
T072,06-07,2006-11-11,42,Closed
T073,06-07,2006-11-11,42,Closed
T074,06-07,2006-11-11,42,Closed
T075,06-07,2006-11-11,42,Closed
T076,06-07,2006-11-11,42,Closed
T077,06-07,2006-11-11,42,Closed
T078,06-07,2006-11-11,42,Closed
T079,06-07,2006-11-11,42,Closed
T080,06-07,2006-11-11,42,Closed
T081,06-07,2006-11-11,42,Closed
T083,06-07,2006-11-11,42,Closed
T084,06-07,2006-11-11,42,Closed
T085,06-07,2006-11-11,42,Closed
T086,06-07,2006-11-11,42,Closed
T087,06-07,2006-11-11,42,Closed
T088,06-07,2006-11-11,42,Closed
T089,06-07,2006-11-11,42,Closed
T090,06-07,2006-11-11,42,Closed
T091,06-07,2006-11-11,42,Closed
T092,06-07,2006-11-11,42,Closed
T127,06-07,2006-11-11,42,Closed
T134,06-07,2006-11-11,42,Closed
T135,06-07,2006-11-11,42,Closed
T136,06-07,2006-11-11,42,Closed
T137,06-07,2006-11-11,42,Closed
T148,06-07,2006-11-11,42,Closed
T152,06-07,2006-11-11,42,Groomed
T156,06-07,2006-11-11,42,Closed
T157,06-07,2006-11-11,42,Closed
T002,06-07,2006-11-12,43,Closed
T003,06-07,2006-11-12,43,Closed
T004,06-07,2006-11-12,43,Closed
T005,06-07,2006-11-12,43,Groomed
T006,06-07,2006-11-12,43,Closed
T007,06-07,2006-11-12,43,Groomed
T008,06-07,2006-11-12,43,Open
T009,06-07,2006-11-12,43,Open
T010,06-07,2006-11-12,43,Closed
T011,06-07,2006-11-12,43,Groomed
T012,06-07,2006-11-12,43,Closed
T013,06-07,2006-11-12,43,Groomed
T015,06-07,2006-11-12,43,Closed
T016,06-07,2006-11-12,43,Open
T017,06-07,2006-11-12,43,Closed
T018,06-07,2006-11-12,43,Closed
T019,06-07,2006-11-12,43,Closed
T020,06-07,2006-11-12,43,Open
T021,06-07,2006-11-12,43,Groomed
T022,06-07,2006-11-12,43,Groomed
T023,06-07,2006-11-12,43,Closed
T024,06-07,2006-11-12,43,Closed
T025,06-07,2006-11-12,43,Closed
T026,06-07,2006-11-12,43,Closed
T027,06-07,2006-11-12,43,Closed
T028,06-07,2006-11-12,43,Closed
T029,06-07,2006-11-12,43,Closed
T030,06-07,2006-11-12,43,Closed
T031,06-07,2006-11-12,43,Closed
T032,06-07,2006-11-12,43,Closed
T033,06-07,2006-11-12,43,Open
T034,06-07,2006-11-12,43,Open
T035,06-07,2006-11-12,43,Open
T036,06-07,2006-11-12,43,Open
T037,06-07,2006-11-12,43,Closed
T038,06-07,2006-11-12,43,Open
T039,06-07,2006-11-12,43,Open
T040,06-07,2006-11-12,43,Closed
T042,06-07,2006-11-12,43,Closed
T043,06-07,2006-11-12,43,Closed
T044,06-07,2006-11-12,43,Closed
T045,06-07,2006-11-12,43,Closed
T046,06-07,2006-11-12,43,Closed
T047,06-07,2006-11-12,43,Closed
T061,06-07,2006-11-12,43,Closed
T063,06-07,2006-11-12,43,Closed
T064,06-07,2006-11-12,43,Closed
T065,06-07,2006-11-12,43,Closed
T066,06-07,2006-11-12,43,Closed
T067,06-07,2006-11-12,43,Closed
T068,06-07,2006-11-12,43,Closed
T069,06-07,2006-11-12,43,Closed
T070,06-07,2006-11-12,43,Closed
T071,06-07,2006-11-12,43,Closed
T072,06-07,2006-11-12,43,Closed
T073,06-07,2006-11-12,43,Closed
T074,06-07,2006-11-12,43,Closed
T075,06-07,2006-11-12,43,Closed
T076,06-07,2006-11-12,43,Closed
T077,06-07,2006-11-12,43,Closed
T078,06-07,2006-11-12,43,Closed
T079,06-07,2006-11-12,43,Closed
T080,06-07,2006-11-12,43,Closed
T081,06-07,2006-11-12,43,Closed
T083,06-07,2006-11-12,43,Closed
T084,06-07,2006-11-12,43,Closed
T085,06-07,2006-11-12,43,Closed
T086,06-07,2006-11-12,43,Closed
T087,06-07,2006-11-12,43,Closed
T088,06-07,2006-11-12,43,Closed
T089,06-07,2006-11-12,43,Closed
T090,06-07,2006-11-12,43,Closed
T091,06-07,2006-11-12,43,Closed
T092,06-07,2006-11-12,43,Closed
T127,06-07,2006-11-12,43,Closed
T134,06-07,2006-11-12,43,Closed
T135,06-07,2006-11-12,43,Closed
T136,06-07,2006-11-12,43,Closed
T137,06-07,2006-11-12,43,Closed
T148,06-07,2006-11-12,43,Closed
T152,06-07,2006-11-12,43,Groomed
T156,06-07,2006-11-12,43,Closed
T157,06-07,2006-11-12,43,Closed
T002,06-07,2006-11-13,44,Closed
T003,06-07,2006-11-13,44,Closed
T004,06-07,2006-11-13,44,Closed
T005,06-07,2006-11-13,44,Groomed
T006,06-07,2006-11-13,44,Closed
T007,06-07,2006-11-13,44,Groomed
T008,06-07,2006-11-13,44,Open
T009,06-07,2006-11-13,44,Groomed
T010,06-07,2006-11-13,44,Closed
T011,06-07,2006-11-13,44,Groomed
T012,06-07,2006-11-13,44,Closed
T013,06-07,2006-11-13,44,Groomed
T015,06-07,2006-11-13,44,Closed
T016,06-07,2006-11-13,44,Open
T017,06-07,2006-11-13,44,Closed
T018,06-07,2006-11-13,44,Closed
T019,06-07,2006-11-13,44,Closed
T020,06-07,2006-11-13,44,Open
T021,06-07,2006-11-13,44,Groomed
T022,06-07,2006-11-13,44,Groomed
T023,06-07,2006-11-13,44,Closed
T024,06-07,2006-11-13,44,Closed
T025,06-07,2006-11-13,44,Closed
T026,06-07,2006-11-13,44,Closed
T027,06-07,2006-11-13,44,Closed
T028,06-07,2006-11-13,44,Closed
T029,06-07,2006-11-13,44,Closed
T030,06-07,2006-11-13,44,Closed
T031,06-07,2006-11-13,44,Closed
T032,06-07,2006-11-13,44,Closed
T033,06-07,2006-11-13,44,Open
T034,06-07,2006-11-13,44,Open
T035,06-07,2006-11-13,44,Open
T036,06-07,2006-11-13,44,Open
T037,06-07,2006-11-13,44,Closed
T038,06-07,2006-11-13,44,Open
T039,06-07,2006-11-13,44,Open
T040,06-07,2006-11-13,44,Closed
T042,06-07,2006-11-13,44,Closed
T043,06-07,2006-11-13,44,Closed
T044,06-07,2006-11-13,44,Closed
T045,06-07,2006-11-13,44,Closed
T046,06-07,2006-11-13,44,Closed
T047,06-07,2006-11-13,44,Closed
T061,06-07,2006-11-13,44,Closed
T063,06-07,2006-11-13,44,Closed
T064,06-07,2006-11-13,44,Closed
T065,06-07,2006-11-13,44,Closed
T066,06-07,2006-11-13,44,Closed
T067,06-07,2006-11-13,44,Closed
T068,06-07,2006-11-13,44,Closed
T069,06-07,2006-11-13,44,Closed
T070,06-07,2006-11-13,44,Closed
T071,06-07,2006-11-13,44,Closed
T072,06-07,2006-11-13,44,Closed
T073,06-07,2006-11-13,44,Closed
T074,06-07,2006-11-13,44,Closed
T075,06-07,2006-11-13,44,Closed
T076,06-07,2006-11-13,44,Closed
T077,06-07,2006-11-13,44,Closed
T078,06-07,2006-11-13,44,Closed
T079,06-07,2006-11-13,44,Closed
T080,06-07,2006-11-13,44,Closed
T081,06-07,2006-11-13,44,Closed
T083,06-07,2006-11-13,44,Closed
T084,06-07,2006-11-13,44,Closed
T085,06-07,2006-11-13,44,Closed
T086,06-07,2006-11-13,44,Closed
T087,06-07,2006-11-13,44,Closed
T088,06-07,2006-11-13,44,Closed
T089,06-07,2006-11-13,44,Closed
T090,06-07,2006-11-13,44,Closed
T091,06-07,2006-11-13,44,Closed
T092,06-07,2006-11-13,44,Closed
T127,06-07,2006-11-13,44,Closed
T134,06-07,2006-11-13,44,Closed
T135,06-07,2006-11-13,44,Closed
T136,06-07,2006-11-13,44,Closed
T137,06-07,2006-11-13,44,Closed
T148,06-07,2006-11-13,44,Closed
T152,06-07,2006-11-13,44,Groomed
T156,06-07,2006-11-13,44,Closed
T157,06-07,2006-11-13,44,Closed
T002,06-07,2006-11-14,45,Closed
T003,06-07,2006-11-14,45,Closed
T004,06-07,2006-11-14,45,Closed
T005,06-07,2006-11-14,45,Groomed
T006,06-07,2006-11-14,45,Closed
T007,06-07,2006-11-14,45,Groomed
T008,06-07,2006-11-14,45,Open
T009,06-07,2006-11-14,45,Groomed
T010,06-07,2006-11-14,45,Closed
T011,06-07,2006-11-14,45,Groomed
T012,06-07,2006-11-14,45,Closed
T013,06-07,2006-11-14,45,Groomed
T015,06-07,2006-11-14,45,Closed
T016,06-07,2006-11-14,45,Open
T017,06-07,2006-11-14,45,Closed
T018,06-07,2006-11-14,45,Closed
T019,06-07,2006-11-14,45,Closed
T020,06-07,2006-11-14,45,Open
T021,06-07,2006-11-14,45,Groomed
T022,06-07,2006-11-14,45,Groomed
T023,06-07,2006-11-14,45,Closed
T024,06-07,2006-11-14,45,Closed
T025,06-07,2006-11-14,45,Closed
T026,06-07,2006-11-14,45,Closed
T027,06-07,2006-11-14,45,Closed
T028,06-07,2006-11-14,45,Closed
T029,06-07,2006-11-14,45,Closed
T030,06-07,2006-11-14,45,Closed
T031,06-07,2006-11-14,45,Closed
T032,06-07,2006-11-14,45,Closed
T033,06-07,2006-11-14,45,Open
T034,06-07,2006-11-14,45,Open
T035,06-07,2006-11-14,45,Open
T036,06-07,2006-11-14,45,Open
T037,06-07,2006-11-14,45,Closed
T038,06-07,2006-11-14,45,Open
T039,06-07,2006-11-14,45,Open
T040,06-07,2006-11-14,45,Closed
T042,06-07,2006-11-14,45,Closed
T043,06-07,2006-11-14,45,Closed
T044,06-07,2006-11-14,45,Closed
T045,06-07,2006-11-14,45,Closed
T046,06-07,2006-11-14,45,Closed
T047,06-07,2006-11-14,45,Closed
T061,06-07,2006-11-14,45,Closed
T063,06-07,2006-11-14,45,Closed
T064,06-07,2006-11-14,45,Closed
T065,06-07,2006-11-14,45,Closed
T066,06-07,2006-11-14,45,Closed
T067,06-07,2006-11-14,45,Closed
T068,06-07,2006-11-14,45,Closed
T069,06-07,2006-11-14,45,Closed
T070,06-07,2006-11-14,45,Closed
T071,06-07,2006-11-14,45,Closed
T072,06-07,2006-11-14,45,Closed
T073,06-07,2006-11-14,45,Closed
T074,06-07,2006-11-14,45,Closed
T075,06-07,2006-11-14,45,Closed
T076,06-07,2006-11-14,45,Closed
T077,06-07,2006-11-14,45,Closed
T078,06-07,2006-11-14,45,Closed
T079,06-07,2006-11-14,45,Closed
T080,06-07,2006-11-14,45,Closed
T081,06-07,2006-11-14,45,Closed
T083,06-07,2006-11-14,45,Closed
T084,06-07,2006-11-14,45,Closed
T085,06-07,2006-11-14,45,Closed
T086,06-07,2006-11-14,45,Closed
T087,06-07,2006-11-14,45,Closed
T088,06-07,2006-11-14,45,Closed
T089,06-07,2006-11-14,45,Closed
T090,06-07,2006-11-14,45,Closed
T091,06-07,2006-11-14,45,Closed
T092,06-07,2006-11-14,45,Closed
T127,06-07,2006-11-14,45,Closed
T134,06-07,2006-11-14,45,Closed
T135,06-07,2006-11-14,45,Closed
T136,06-07,2006-11-14,45,Closed
T137,06-07,2006-11-14,45,Closed
T148,06-07,2006-11-14,45,Closed
T152,06-07,2006-11-14,45,Groomed
T156,06-07,2006-11-14,45,Closed
T157,06-07,2006-11-14,45,Closed
T002,06-07,2006-11-15,46,Closed
T003,06-07,2006-11-15,46,Closed
T004,06-07,2006-11-15,46,Closed
T005,06-07,2006-11-15,46,Groomed
T006,06-07,2006-11-15,46,Closed
T007,06-07,2006-11-15,46,Groomed
T008,06-07,2006-11-15,46,Open
T009,06-07,2006-11-15,46,Groomed
T010,06-07,2006-11-15,46,Closed
T011,06-07,2006-11-15,46,Groomed
T012,06-07,2006-11-15,46,Closed
T013,06-07,2006-11-15,46,Groomed
T015,06-07,2006-11-15,46,Closed
T016,06-07,2006-11-15,46,Open
T017,06-07,2006-11-15,46,Closed
T018,06-07,2006-11-15,46,Closed
T019,06-07,2006-11-15,46,Closed
T020,06-07,2006-11-15,46,Open
T021,06-07,2006-11-15,46,Groomed
T022,06-07,2006-11-15,46,Groomed
T023,06-07,2006-11-15,46,Closed
T024,06-07,2006-11-15,46,Closed
T025,06-07,2006-11-15,46,Closed
T026,06-07,2006-11-15,46,Closed
T027,06-07,2006-11-15,46,Closed
T028,06-07,2006-11-15,46,Closed
T029,06-07,2006-11-15,46,Closed
T030,06-07,2006-11-15,46,Closed
T031,06-07,2006-11-15,46,Closed
T032,06-07,2006-11-15,46,Closed
T033,06-07,2006-11-15,46,Open
T034,06-07,2006-11-15,46,Open
T035,06-07,2006-11-15,46,Open
T036,06-07,2006-11-15,46,Open
T037,06-07,2006-11-15,46,Closed
T038,06-07,2006-11-15,46,Open
T039,06-07,2006-11-15,46,Open
T040,06-07,2006-11-15,46,Closed
T042,06-07,2006-11-15,46,Closed
T043,06-07,2006-11-15,46,Closed
T044,06-07,2006-11-15,46,Closed
T045,06-07,2006-11-15,46,Closed
T046,06-07,2006-11-15,46,Closed
T047,06-07,2006-11-15,46,Closed
T061,06-07,2006-11-15,46,Closed
T063,06-07,2006-11-15,46,Closed
T064,06-07,2006-11-15,46,Closed
T065,06-07,2006-11-15,46,Closed
T066,06-07,2006-11-15,46,Closed
T067,06-07,2006-11-15,46,Closed
T068,06-07,2006-11-15,46,Closed
T069,06-07,2006-11-15,46,Closed
T070,06-07,2006-11-15,46,Closed
T071,06-07,2006-11-15,46,Closed
T072,06-07,2006-11-15,46,Closed
T073,06-07,2006-11-15,46,Closed
T074,06-07,2006-11-15,46,Closed
T075,06-07,2006-11-15,46,Closed
T076,06-07,2006-11-15,46,Closed
T077,06-07,2006-11-15,46,Closed
T078,06-07,2006-11-15,46,Closed
T079,06-07,2006-11-15,46,Closed
T080,06-07,2006-11-15,46,Closed
T081,06-07,2006-11-15,46,Closed
T083,06-07,2006-11-15,46,Closed
T084,06-07,2006-11-15,46,Closed
T085,06-07,2006-11-15,46,Closed
T086,06-07,2006-11-15,46,Closed
T087,06-07,2006-11-15,46,Closed
T088,06-07,2006-11-15,46,Closed
T089,06-07,2006-11-15,46,Closed
T090,06-07,2006-11-15,46,Closed
T091,06-07,2006-11-15,46,Closed
T092,06-07,2006-11-15,46,Closed
T127,06-07,2006-11-15,46,Closed
T134,06-07,2006-11-15,46,Closed
T135,06-07,2006-11-15,46,Closed
T136,06-07,2006-11-15,46,Closed
T137,06-07,2006-11-15,46,Closed
T148,06-07,2006-11-15,46,Closed
T152,06-07,2006-11-15,46,Groomed
T156,06-07,2006-11-15,46,Closed
T157,06-07,2006-11-15,46,Closed
T002,06-07,2006-11-16,47,Closed
T003,06-07,2006-11-16,47,Closed
T004,06-07,2006-11-16,47,Closed
T005,06-07,2006-11-16,47,Groomed
T006,06-07,2006-11-16,47,Groomed
T007,06-07,2006-11-16,47,Groomed
T008,06-07,2006-11-16,47,Open
T009,06-07,2006-11-16,47,Groomed
T010,06-07,2006-11-16,47,Closed
T011,06-07,2006-11-16,47,Open
T012,06-07,2006-11-16,47,Closed
T013,06-07,2006-11-16,47,Groomed
T015,06-07,2006-11-16,47,Closed
T016,06-07,2006-11-16,47,Open
T017,06-07,2006-11-16,47,Closed
T018,06-07,2006-11-16,47,Closed
T019,06-07,2006-11-16,47,Open
T020,06-07,2006-11-16,47,Open
T021,06-07,2006-11-16,47,Groomed
T022,06-07,2006-11-16,47,Groomed
T023,06-07,2006-11-16,47,Closed
T024,06-07,2006-11-16,47,Groomed
T025,06-07,2006-11-16,47,Closed
T026,06-07,2006-11-16,47,Open
T027,06-07,2006-11-16,47,Closed
T028,06-07,2006-11-16,47,Closed
T029,06-07,2006-11-16,47,Closed
T030,06-07,2006-11-16,47,Closed
T031,06-07,2006-11-16,47,Closed
T032,06-07,2006-11-16,47,Open
T033,06-07,2006-11-16,47,Open
T034,06-07,2006-11-16,47,Groomed
T035,06-07,2006-11-16,47,Open
T036,06-07,2006-11-16,47,Groomed
T037,06-07,2006-11-16,47,Closed
T038,06-07,2006-11-16,47,Open
T039,06-07,2006-11-16,47,Open
T040,06-07,2006-11-16,47,Closed
T042,06-07,2006-11-16,47,Closed
T043,06-07,2006-11-16,47,Closed
T044,06-07,2006-11-16,47,Open
T045,06-07,2006-11-16,47,Closed
T046,06-07,2006-11-16,47,Closed
T047,06-07,2006-11-16,47,Closed
T061,06-07,2006-11-16,47,Closed
T063,06-07,2006-11-16,47,Closed
T064,06-07,2006-11-16,47,Closed
T065,06-07,2006-11-16,47,Closed
T066,06-07,2006-11-16,47,Closed
T067,06-07,2006-11-16,47,Closed
T068,06-07,2006-11-16,47,Closed
T069,06-07,2006-11-16,47,Closed
T070,06-07,2006-11-16,47,Closed
T071,06-07,2006-11-16,47,Closed
T072,06-07,2006-11-16,47,Closed
T073,06-07,2006-11-16,47,Closed
T074,06-07,2006-11-16,47,Closed
T075,06-07,2006-11-16,47,Closed
T076,06-07,2006-11-16,47,Closed
T077,06-07,2006-11-16,47,Closed
T078,06-07,2006-11-16,47,Closed
T079,06-07,2006-11-16,47,Closed
T080,06-07,2006-11-16,47,Closed
T081,06-07,2006-11-16,47,Closed
T083,06-07,2006-11-16,47,Closed
T084,06-07,2006-11-16,47,Closed
T085,06-07,2006-11-16,47,Closed
T086,06-07,2006-11-16,47,Closed
T087,06-07,2006-11-16,47,Closed
T088,06-07,2006-11-16,47,Closed
T089,06-07,2006-11-16,47,Closed
T090,06-07,2006-11-16,47,Closed
T091,06-07,2006-11-16,47,Closed
T092,06-07,2006-11-16,47,Closed
T127,06-07,2006-11-16,47,Closed
T134,06-07,2006-11-16,47,Closed
T135,06-07,2006-11-16,47,Closed
T136,06-07,2006-11-16,47,Closed
T137,06-07,2006-11-16,47,Closed
T148,06-07,2006-11-16,47,Closed
T152,06-07,2006-11-16,47,Groomed
T156,06-07,2006-11-16,47,Closed
T157,06-07,2006-11-16,47,Closed
T002,06-07,2006-11-17,48,Closed
T003,06-07,2006-11-17,48,Closed
T004,06-07,2006-11-17,48,Closed
T005,06-07,2006-11-17,48,Groomed
T006,06-07,2006-11-17,48,Open
T007,06-07,2006-11-17,48,Groomed
T008,06-07,2006-11-17,48,Open
T009,06-07,2006-11-17,48,Groomed
T010,06-07,2006-11-17,48,Closed
T011,06-07,2006-11-17,48,Groomed
T012,06-07,2006-11-17,48,Closed
T013,06-07,2006-11-17,48,Groomed
T015,06-07,2006-11-17,48,Closed
T016,06-07,2006-11-17,48,Open
T017,06-07,2006-11-17,48,Closed
T018,06-07,2006-11-17,48,Closed
T019,06-07,2006-11-17,48,Open
T020,06-07,2006-11-17,48,Open
T021,06-07,2006-11-17,48,Groomed
T022,06-07,2006-11-17,48,Groomed
T023,06-07,2006-11-17,48,Closed
T024,06-07,2006-11-17,48,Open
T025,06-07,2006-11-17,48,Closed
T026,06-07,2006-11-17,48,Open
T027,06-07,2006-11-17,48,Open
T028,06-07,2006-11-17,48,Closed
T029,06-07,2006-11-17,48,Closed
T030,06-07,2006-11-17,48,Closed
T031,06-07,2006-11-17,48,Closed
T032,06-07,2006-11-17,48,Open
T033,06-07,2006-11-17,48,Open
T034,06-07,2006-11-17,48,Groomed
T035,06-07,2006-11-17,48,Open
T036,06-07,2006-11-17,48,Open
T037,06-07,2006-11-17,48,Closed
T038,06-07,2006-11-17,48,Open
T039,06-07,2006-11-17,48,Open
T040,06-07,2006-11-17,48,Closed
T042,06-07,2006-11-17,48,Closed
T043,06-07,2006-11-17,48,Closed
T044,06-07,2006-11-17,48,Open
T045,06-07,2006-11-17,48,Open
T046,06-07,2006-11-17,48,Closed
T047,06-07,2006-11-17,48,Closed
T061,06-07,2006-11-17,48,Closed
T063,06-07,2006-11-17,48,Closed
T064,06-07,2006-11-17,48,Closed
T065,06-07,2006-11-17,48,Closed
T066,06-07,2006-11-17,48,Closed
T067,06-07,2006-11-17,48,Closed
T068,06-07,2006-11-17,48,Closed
T069,06-07,2006-11-17,48,Closed
T070,06-07,2006-11-17,48,Closed
T071,06-07,2006-11-17,48,Closed
T072,06-07,2006-11-17,48,Closed
T073,06-07,2006-11-17,48,Closed
T074,06-07,2006-11-17,48,Closed
T075,06-07,2006-11-17,48,Closed
T076,06-07,2006-11-17,48,Closed
T077,06-07,2006-11-17,48,Closed
T078,06-07,2006-11-17,48,Closed
T079,06-07,2006-11-17,48,Closed
T080,06-07,2006-11-17,48,Closed
T081,06-07,2006-11-17,48,Closed
T083,06-07,2006-11-17,48,Closed
T084,06-07,2006-11-17,48,Closed
T085,06-07,2006-11-17,48,Closed
T086,06-07,2006-11-17,48,Closed
T087,06-07,2006-11-17,48,Closed
T088,06-07,2006-11-17,48,Closed
T089,06-07,2006-11-17,48,Closed
T090,06-07,2006-11-17,48,Closed
T091,06-07,2006-11-17,48,Closed
T092,06-07,2006-11-17,48,Closed
T127,06-07,2006-11-17,48,Closed
T134,06-07,2006-11-17,48,Closed
T135,06-07,2006-11-17,48,Closed
T136,06-07,2006-11-17,48,Closed
T137,06-07,2006-11-17,48,Closed
T148,06-07,2006-11-17,48,Closed
T152,06-07,2006-11-17,48,Groomed
T156,06-07,2006-11-17,48,Closed
T157,06-07,2006-11-17,48,Closed
T002,06-07,2006-11-18,49,Closed
T003,06-07,2006-11-18,49,Closed
T004,06-07,2006-11-18,49,Closed
T005,06-07,2006-11-18,49,Groomed
T006,06-07,2006-11-18,49,Open
T007,06-07,2006-11-18,49,Groomed
T008,06-07,2006-11-18,49,Open
T009,06-07,2006-11-18,49,Groomed
T010,06-07,2006-11-18,49,Closed
T011,06-07,2006-11-18,49,Groomed
T012,06-07,2006-11-18,49,Closed
T013,06-07,2006-11-18,49,Groomed
T015,06-07,2006-11-18,49,Closed
T016,06-07,2006-11-18,49,Open
T017,06-07,2006-11-18,49,Closed
T018,06-07,2006-11-18,49,Closed
T019,06-07,2006-11-18,49,Open
T020,06-07,2006-11-18,49,Open
T021,06-07,2006-11-18,49,Groomed
T022,06-07,2006-11-18,49,Groomed
T023,06-07,2006-11-18,49,Closed
T024,06-07,2006-11-18,49,Open
T025,06-07,2006-11-18,49,Closed
T026,06-07,2006-11-18,49,Open
T027,06-07,2006-11-18,49,Open
T028,06-07,2006-11-18,49,Closed
T029,06-07,2006-11-18,49,Closed
T030,06-07,2006-11-18,49,Closed
T031,06-07,2006-11-18,49,Closed
T032,06-07,2006-11-18,49,Open
T033,06-07,2006-11-18,49,Open
T034,06-07,2006-11-18,49,Open
T035,06-07,2006-11-18,49,Open
T036,06-07,2006-11-18,49,Open
T037,06-07,2006-11-18,49,Closed
T038,06-07,2006-11-18,49,Open
T039,06-07,2006-11-18,49,Open
T040,06-07,2006-11-18,49,Closed
T042,06-07,2006-11-18,49,Closed
T043,06-07,2006-11-18,49,Closed
T044,06-07,2006-11-18,49,Open
T045,06-07,2006-11-18,49,Open
T046,06-07,2006-11-18,49,Closed
T047,06-07,2006-11-18,49,Closed
T061,06-07,2006-11-18,49,Closed
T063,06-07,2006-11-18,49,Closed
T064,06-07,2006-11-18,49,Closed
T065,06-07,2006-11-18,49,Closed
T066,06-07,2006-11-18,49,Closed
T067,06-07,2006-11-18,49,Closed
T068,06-07,2006-11-18,49,Closed
T069,06-07,2006-11-18,49,Closed
T070,06-07,2006-11-18,49,Closed
T071,06-07,2006-11-18,49,Closed
T072,06-07,2006-11-18,49,Closed
T073,06-07,2006-11-18,49,Closed
T074,06-07,2006-11-18,49,Closed
T075,06-07,2006-11-18,49,Closed
T076,06-07,2006-11-18,49,Closed
T077,06-07,2006-11-18,49,Closed
T078,06-07,2006-11-18,49,Closed
T079,06-07,2006-11-18,49,Closed
T080,06-07,2006-11-18,49,Closed
T081,06-07,2006-11-18,49,Closed
T083,06-07,2006-11-18,49,Closed
T084,06-07,2006-11-18,49,Closed
T085,06-07,2006-11-18,49,Closed
T086,06-07,2006-11-18,49,Closed
T087,06-07,2006-11-18,49,Closed
T088,06-07,2006-11-18,49,Closed
T089,06-07,2006-11-18,49,Closed
T090,06-07,2006-11-18,49,Closed
T091,06-07,2006-11-18,49,Closed
T092,06-07,2006-11-18,49,Closed
T127,06-07,2006-11-18,49,Closed
T134,06-07,2006-11-18,49,Closed
T135,06-07,2006-11-18,49,Closed
T136,06-07,2006-11-18,49,Closed
T137,06-07,2006-11-18,49,Closed
T148,06-07,2006-11-18,49,Closed
T152,06-07,2006-11-18,49,Groomed
T156,06-07,2006-11-18,49,Closed
T157,06-07,2006-11-18,49,Closed
T002,06-07,2006-11-19,50,Closed
T003,06-07,2006-11-19,50,Closed
T004,06-07,2006-11-19,50,Closed
T005,06-07,2006-11-19,50,Groomed
T006,06-07,2006-11-19,50,Open
T007,06-07,2006-11-19,50,Groomed
T008,06-07,2006-11-19,50,Open
T009,06-07,2006-11-19,50,Open
T010,06-07,2006-11-19,50,Closed
T011,06-07,2006-11-19,50,Groomed
T012,06-07,2006-11-19,50,Closed
T013,06-07,2006-11-19,50,Groomed
T015,06-07,2006-11-19,50,Closed
T016,06-07,2006-11-19,50,Open
T017,06-07,2006-11-19,50,Closed
T018,06-07,2006-11-19,50,Closed
T019,06-07,2006-11-19,50,Closed
T020,06-07,2006-11-19,50,Open
T021,06-07,2006-11-19,50,Groomed
T022,06-07,2006-11-19,50,Groomed
T023,06-07,2006-11-19,50,Closed
T024,06-07,2006-11-19,50,Open
T025,06-07,2006-11-19,50,Closed
T026,06-07,2006-11-19,50,Open
T027,06-07,2006-11-19,50,Groomed
T028,06-07,2006-11-19,50,Closed
T029,06-07,2006-11-19,50,Closed
T030,06-07,2006-11-19,50,Closed
T031,06-07,2006-11-19,50,Closed
T032,06-07,2006-11-19,50,Closed
T033,06-07,2006-11-19,50,Open
T034,06-07,2006-11-19,50,Open
T035,06-07,2006-11-19,50,Open
T036,06-07,2006-11-19,50,Open
T037,06-07,2006-11-19,50,Closed
T038,06-07,2006-11-19,50,Open
T039,06-07,2006-11-19,50,Open
T040,06-07,2006-11-19,50,Closed
T042,06-07,2006-11-19,50,Closed
T043,06-07,2006-11-19,50,Closed
T044,06-07,2006-11-19,50,Open
T045,06-07,2006-11-19,50,Open
T046,06-07,2006-11-19,50,Closed
T047,06-07,2006-11-19,50,Closed
T061,06-07,2006-11-19,50,Closed
T063,06-07,2006-11-19,50,Closed
T064,06-07,2006-11-19,50,Closed
T065,06-07,2006-11-19,50,Closed
T066,06-07,2006-11-19,50,Closed
T067,06-07,2006-11-19,50,Closed
T068,06-07,2006-11-19,50,Closed
T069,06-07,2006-11-19,50,Closed
T070,06-07,2006-11-19,50,Closed
T071,06-07,2006-11-19,50,Closed
T072,06-07,2006-11-19,50,Closed
T073,06-07,2006-11-19,50,Closed
T074,06-07,2006-11-19,50,Closed
T075,06-07,2006-11-19,50,Closed
T076,06-07,2006-11-19,50,Closed
T077,06-07,2006-11-19,50,Closed
T078,06-07,2006-11-19,50,Closed
T079,06-07,2006-11-19,50,Closed
T080,06-07,2006-11-19,50,Closed
T081,06-07,2006-11-19,50,Closed
T083,06-07,2006-11-19,50,Closed
T084,06-07,2006-11-19,50,Closed
T085,06-07,2006-11-19,50,Closed
T086,06-07,2006-11-19,50,Closed
T087,06-07,2006-11-19,50,Closed
T088,06-07,2006-11-19,50,Closed
T089,06-07,2006-11-19,50,Closed
T090,06-07,2006-11-19,50,Closed
T091,06-07,2006-11-19,50,Closed
T092,06-07,2006-11-19,50,Closed
T127,06-07,2006-11-19,50,Closed
T134,06-07,2006-11-19,50,Closed
T135,06-07,2006-11-19,50,Closed
T136,06-07,2006-11-19,50,Closed
T137,06-07,2006-11-19,50,Closed
T148,06-07,2006-11-19,50,Closed
T152,06-07,2006-11-19,50,Groomed
T156,06-07,2006-11-19,50,Closed
T157,06-07,2006-11-19,50,Closed
T002,06-07,2006-11-20,51,Closed
T003,06-07,2006-11-20,51,Closed
T004,06-07,2006-11-20,51,Closed
T005,06-07,2006-11-20,51,Groomed
T006,06-07,2006-11-20,51,Open
T007,06-07,2006-11-20,51,Groomed
T008,06-07,2006-11-20,51,Closed
T009,06-07,2006-11-20,51,Open
T010,06-07,2006-11-20,51,Closed
T011,06-07,2006-11-20,51,Groomed
T012,06-07,2006-11-20,51,Closed
T013,06-07,2006-11-20,51,Groomed
T015,06-07,2006-11-20,51,Closed
T016,06-07,2006-11-20,51,Open
T017,06-07,2006-11-20,51,Closed
T018,06-07,2006-11-20,51,Closed
T019,06-07,2006-11-20,51,Closed
T020,06-07,2006-11-20,51,Open
T021,06-07,2006-11-20,51,Groomed
T022,06-07,2006-11-20,51,Groomed
T023,06-07,2006-11-20,51,Closed
T024,06-07,2006-11-20,51,Open
T025,06-07,2006-11-20,51,Closed
T026,06-07,2006-11-20,51,Open
T027,06-07,2006-11-20,51,Groomed
T028,06-07,2006-11-20,51,Closed
T029,06-07,2006-11-20,51,Closed
T030,06-07,2006-11-20,51,Closed
T031,06-07,2006-11-20,51,Closed
T032,06-07,2006-11-20,51,Closed
T033,06-07,2006-11-20,51,Open
T034,06-07,2006-11-20,51,Open
T035,06-07,2006-11-20,51,Open
T036,06-07,2006-11-20,51,Open
T037,06-07,2006-11-20,51,Closed
T038,06-07,2006-11-20,51,Open
T039,06-07,2006-11-20,51,Closed
T040,06-07,2006-11-20,51,Closed
T042,06-07,2006-11-20,51,Closed
T043,06-07,2006-11-20,51,Closed
T044,06-07,2006-11-20,51,Open
T045,06-07,2006-11-20,51,Open
T046,06-07,2006-11-20,51,Closed
T047,06-07,2006-11-20,51,Closed
T061,06-07,2006-11-20,51,Closed
T063,06-07,2006-11-20,51,Closed
T064,06-07,2006-11-20,51,Closed
T065,06-07,2006-11-20,51,Closed
T066,06-07,2006-11-20,51,Closed
T067,06-07,2006-11-20,51,Closed
T068,06-07,2006-11-20,51,Closed
T069,06-07,2006-11-20,51,Closed
T070,06-07,2006-11-20,51,Closed
T071,06-07,2006-11-20,51,Closed
T072,06-07,2006-11-20,51,Closed
T073,06-07,2006-11-20,51,Closed
T074,06-07,2006-11-20,51,Closed
T075,06-07,2006-11-20,51,Closed
T076,06-07,2006-11-20,51,Closed
T077,06-07,2006-11-20,51,Closed
T078,06-07,2006-11-20,51,Closed
T079,06-07,2006-11-20,51,Closed
T080,06-07,2006-11-20,51,Closed
T081,06-07,2006-11-20,51,Closed
T083,06-07,2006-11-20,51,Closed
T084,06-07,2006-11-20,51,Closed
T085,06-07,2006-11-20,51,Closed
T086,06-07,2006-11-20,51,Closed
T087,06-07,2006-11-20,51,Closed
T088,06-07,2006-11-20,51,Closed
T089,06-07,2006-11-20,51,Closed
T090,06-07,2006-11-20,51,Closed
T091,06-07,2006-11-20,51,Closed
T092,06-07,2006-11-20,51,Closed
T127,06-07,2006-11-20,51,Closed
T134,06-07,2006-11-20,51,Closed
T135,06-07,2006-11-20,51,Closed
T136,06-07,2006-11-20,51,Closed
T137,06-07,2006-11-20,51,Closed
T148,06-07,2006-11-20,51,Closed
T152,06-07,2006-11-20,51,Groomed
T156,06-07,2006-11-20,51,Closed
T157,06-07,2006-11-20,51,Closed
T002,06-07,2006-11-21,52,Closed
T003,06-07,2006-11-21,52,Closed
T004,06-07,2006-11-21,52,Closed
T005,06-07,2006-11-21,52,Groomed
T006,06-07,2006-11-21,52,Open
T007,06-07,2006-11-21,52,Groomed
T008,06-07,2006-11-21,52,Closed
T009,06-07,2006-11-21,52,Groomed
T010,06-07,2006-11-21,52,Closed
T011,06-07,2006-11-21,52,Groomed
T012,06-07,2006-11-21,52,Open
T013,06-07,2006-11-21,52,Groomed
T015,06-07,2006-11-21,52,Closed
T016,06-07,2006-11-21,52,Open
T017,06-07,2006-11-21,52,Closed
T018,06-07,2006-11-21,52,Closed
T019,06-07,2006-11-21,52,Closed
T020,06-07,2006-11-21,52,Open
T021,06-07,2006-11-21,52,Groomed
T022,06-07,2006-11-21,52,Groomed
T023,06-07,2006-11-21,52,Closed
T024,06-07,2006-11-21,52,Open
T025,06-07,2006-11-21,52,Closed
T026,06-07,2006-11-21,52,Open
T027,06-07,2006-11-21,52,Open
T028,06-07,2006-11-21,52,Closed
T029,06-07,2006-11-21,52,Closed
T030,06-07,2006-11-21,52,Closed
T031,06-07,2006-11-21,52,Open
T032,06-07,2006-11-21,52,Closed
T033,06-07,2006-11-21,52,Open
T034,06-07,2006-11-21,52,Open
T035,06-07,2006-11-21,52,Open
T036,06-07,2006-11-21,52,Open
T037,06-07,2006-11-21,52,Closed
T038,06-07,2006-11-21,52,Open
T039,06-07,2006-11-21,52,Closed
T040,06-07,2006-11-21,52,Closed
T042,06-07,2006-11-21,52,Closed
T043,06-07,2006-11-21,52,Closed
T044,06-07,2006-11-21,52,Open
T045,06-07,2006-11-21,52,Open
T046,06-07,2006-11-21,52,Closed
T047,06-07,2006-11-21,52,Closed
T061,06-07,2006-11-21,52,Open
T063,06-07,2006-11-21,52,Closed
T064,06-07,2006-11-21,52,Open
T065,06-07,2006-11-21,52,Closed
T066,06-07,2006-11-21,52,Closed
T067,06-07,2006-11-21,52,Open
T068,06-07,2006-11-21,52,Open
T069,06-07,2006-11-21,52,Closed
T070,06-07,2006-11-21,52,Open
T071,06-07,2006-11-21,52,Closed
T072,06-07,2006-11-21,52,Open
T073,06-07,2006-11-21,52,Closed
T074,06-07,2006-11-21,52,Open
T075,06-07,2006-11-21,52,Closed
T076,06-07,2006-11-21,52,Open
T077,06-07,2006-11-21,52,Closed
T078,06-07,2006-11-21,52,Closed
T079,06-07,2006-11-21,52,Closed
T080,06-07,2006-11-21,52,Closed
T081,06-07,2006-11-21,52,Closed
T083,06-07,2006-11-21,52,Closed
T084,06-07,2006-11-21,52,Closed
T085,06-07,2006-11-21,52,Closed
T086,06-07,2006-11-21,52,Closed
T087,06-07,2006-11-21,52,Closed
T088,06-07,2006-11-21,52,Closed
T089,06-07,2006-11-21,52,Closed
T090,06-07,2006-11-21,52,Closed
T091,06-07,2006-11-21,52,Closed
T092,06-07,2006-11-21,52,Closed
T127,06-07,2006-11-21,52,Closed
T134,06-07,2006-11-21,52,Closed
T135,06-07,2006-11-21,52,Closed
T136,06-07,2006-11-21,52,Closed
T137,06-07,2006-11-21,52,Closed
T148,06-07,2006-11-21,52,Closed
T152,06-07,2006-11-21,52,Groomed
T156,06-07,2006-11-21,52,Closed
T157,06-07,2006-11-21,52,Closed
T002,06-07,2006-11-22,53,Open
T003,06-07,2006-11-22,53,Closed
T004,06-07,2006-11-22,53,Closed
T005,06-07,2006-11-22,53,Groomed
T006,06-07,2006-11-22,53,Open
T007,06-07,2006-11-22,53,Groomed
T008,06-07,2006-11-22,53,Closed
T009,06-07,2006-11-22,53,Open
T010,06-07,2006-11-22,53,Closed
T011,06-07,2006-11-22,53,Groomed
T012,06-07,2006-11-22,53,Open
T013,06-07,2006-11-22,53,Groomed
T015,06-07,2006-11-22,53,Closed
T016,06-07,2006-11-22,53,Open
T017,06-07,2006-11-22,53,Closed
T018,06-07,2006-11-22,53,Closed
T019,06-07,2006-11-22,53,Closed
T020,06-07,2006-11-22,53,Open
T021,06-07,2006-11-22,53,Groomed
T022,06-07,2006-11-22,53,Groomed
T023,06-07,2006-11-22,53,Closed
T024,06-07,2006-11-22,53,Open
T025,06-07,2006-11-22,53,Closed
T026,06-07,2006-11-22,53,Open
T027,06-07,2006-11-22,53,Open
T028,06-07,2006-11-22,53,Closed
T029,06-07,2006-11-22,53,Closed
T030,06-07,2006-11-22,53,Closed
T031,06-07,2006-11-22,53,Groomed
T032,06-07,2006-11-22,53,Closed
T033,06-07,2006-11-22,53,Open
T034,06-07,2006-11-22,53,Open
T035,06-07,2006-11-22,53,Open
T036,06-07,2006-11-22,53,Groomed
T037,06-07,2006-11-22,53,Closed
T038,06-07,2006-11-22,53,Open
T039,06-07,2006-11-22,53,Closed
T040,06-07,2006-11-22,53,Closed
T042,06-07,2006-11-22,53,Closed
T043,06-07,2006-11-22,53,Closed
T044,06-07,2006-11-22,53,Open
T045,06-07,2006-11-22,53,Open
T046,06-07,2006-11-22,53,Closed
T047,06-07,2006-11-22,53,Closed
T061,06-07,2006-11-22,53,Open
T063,06-07,2006-11-22,53,Open
T064,06-07,2006-11-22,53,Open
T065,06-07,2006-11-22,53,Closed
T066,06-07,2006-11-22,53,Open
T067,06-07,2006-11-22,53,Open
T068,06-07,2006-11-22,53,Open
T069,06-07,2006-11-22,53,Closed
T070,06-07,2006-11-22,53,Open
T071,06-07,2006-11-22,53,Closed
T072,06-07,2006-11-22,53,Open
T073,06-07,2006-11-22,53,Closed
T074,06-07,2006-11-22,53,Open
T075,06-07,2006-11-22,53,Closed
T076,06-07,2006-11-22,53,Open
T077,06-07,2006-11-22,53,Closed
T078,06-07,2006-11-22,53,Closed
T079,06-07,2006-11-22,53,Closed
T080,06-07,2006-11-22,53,Closed
T081,06-07,2006-11-22,53,Closed
T083,06-07,2006-11-22,53,Closed
T084,06-07,2006-11-22,53,Open
T085,06-07,2006-11-22,53,Open
T086,06-07,2006-11-22,53,Open
T087,06-07,2006-11-22,53,Closed
T088,06-07,2006-11-22,53,Closed
T089,06-07,2006-11-22,53,Open
T090,06-07,2006-11-22,53,Open
T091,06-07,2006-11-22,53,Closed
T092,06-07,2006-11-22,53,Closed
T127,06-07,2006-11-22,53,Closed
T134,06-07,2006-11-22,53,Closed
T135,06-07,2006-11-22,53,Closed
T136,06-07,2006-11-22,53,Open
T137,06-07,2006-11-22,53,Closed
T148,06-07,2006-11-22,53,Closed
T152,06-07,2006-11-22,53,Groomed
T156,06-07,2006-11-22,53,Closed
T157,06-07,2006-11-22,53,Closed
T002,06-07,2006-11-23,54,Groomed
T003,06-07,2006-11-23,54,Closed
T004,06-07,2006-11-23,54,Closed
T005,06-07,2006-11-23,54,Groomed
T006,06-07,2006-11-23,54,Open
T007,06-07,2006-11-23,54,Groomed
T008,06-07,2006-11-23,54,Closed
T009,06-07,2006-11-23,54,Open
T010,06-07,2006-11-23,54,Closed
T011,06-07,2006-11-23,54,Groomed
T012,06-07,2006-11-23,54,Open
T013,06-07,2006-11-23,54,Groomed
T015,06-07,2006-11-23,54,Closed
T016,06-07,2006-11-23,54,Open
T017,06-07,2006-11-23,54,Closed
T018,06-07,2006-11-23,54,Closed
T019,06-07,2006-11-23,54,Closed
T020,06-07,2006-11-23,54,Open
T021,06-07,2006-11-23,54,Groomed
T022,06-07,2006-11-23,54,Groomed
T023,06-07,2006-11-23,54,Closed
T024,06-07,2006-11-23,54,Open
T025,06-07,2006-11-23,54,Closed
T026,06-07,2006-11-23,54,Open
T027,06-07,2006-11-23,54,Open
T028,06-07,2006-11-23,54,Closed
T029,06-07,2006-11-23,54,Closed
T030,06-07,2006-11-23,54,Closed
T031,06-07,2006-11-23,54,Groomed
T032,06-07,2006-11-23,54,Closed
T033,06-07,2006-11-23,54,Open
T034,06-07,2006-11-23,54,Open
T035,06-07,2006-11-23,54,Open
T036,06-07,2006-11-23,54,Groomed
T037,06-07,2006-11-23,54,Closed
T038,06-07,2006-11-23,54,Open
T039,06-07,2006-11-23,54,Closed
T040,06-07,2006-11-23,54,Closed
T042,06-07,2006-11-23,54,Closed
T043,06-07,2006-11-23,54,Closed
T044,06-07,2006-11-23,54,Open
T045,06-07,2006-11-23,54,Open
T046,06-07,2006-11-23,54,Closed
T047,06-07,2006-11-23,54,Closed
T061,06-07,2006-11-23,54,Open
T063,06-07,2006-11-23,54,Open
T064,06-07,2006-11-23,54,Open
T065,06-07,2006-11-23,54,Closed
T066,06-07,2006-11-23,54,Open
T067,06-07,2006-11-23,54,Open
T068,06-07,2006-11-23,54,Open
T069,06-07,2006-11-23,54,Closed
T070,06-07,2006-11-23,54,Open
T071,06-07,2006-11-23,54,Closed
T072,06-07,2006-11-23,54,Open
T073,06-07,2006-11-23,54,Closed
T074,06-07,2006-11-23,54,Open
T075,06-07,2006-11-23,54,Closed
T076,06-07,2006-11-23,54,Open
T077,06-07,2006-11-23,54,Closed
T078,06-07,2006-11-23,54,Closed
T079,06-07,2006-11-23,54,Closed
T080,06-07,2006-11-23,54,Closed
T081,06-07,2006-11-23,54,Closed
T083,06-07,2006-11-23,54,Closed
T084,06-07,2006-11-23,54,Open
T085,06-07,2006-11-23,54,Open
T086,06-07,2006-11-23,54,Open
T087,06-07,2006-11-23,54,Closed
T088,06-07,2006-11-23,54,Closed
T089,06-07,2006-11-23,54,Open
T090,06-07,2006-11-23,54,Open
T091,06-07,2006-11-23,54,Closed
T092,06-07,2006-11-23,54,Closed
T127,06-07,2006-11-23,54,Open
T134,06-07,2006-11-23,54,Open
T135,06-07,2006-11-23,54,Closed
T136,06-07,2006-11-23,54,Open
T137,06-07,2006-11-23,54,Closed
T148,06-07,2006-11-23,54,Closed
T152,06-07,2006-11-23,54,Groomed
T156,06-07,2006-11-23,54,Closed
T157,06-07,2006-11-23,54,Closed
T002,06-07,2006-11-24,55,Groomed
T003,06-07,2006-11-24,55,Closed
T004,06-07,2006-11-24,55,Closed
T005,06-07,2006-11-24,55,Groomed
T006,06-07,2006-11-24,55,Open
T007,06-07,2006-11-24,55,Groomed
T008,06-07,2006-11-24,55,Open
T009,06-07,2006-11-24,55,Open
T010,06-07,2006-11-24,55,Closed
T011,06-07,2006-11-24,55,Groomed
T012,06-07,2006-11-24,55,Groomed
T013,06-07,2006-11-24,55,Groomed
T015,06-07,2006-11-24,55,Closed
T016,06-07,2006-11-24,55,Open
T017,06-07,2006-11-24,55,Closed
T018,06-07,2006-11-24,55,Closed
T019,06-07,2006-11-24,55,Closed
T020,06-07,2006-11-24,55,Open
T021,06-07,2006-11-24,55,Groomed
T022,06-07,2006-11-24,55,Groomed
T023,06-07,2006-11-24,55,Closed
T024,06-07,2006-11-24,55,Open
T025,06-07,2006-11-24,55,Closed
T026,06-07,2006-11-24,55,Open
T027,06-07,2006-11-24,55,Open
T028,06-07,2006-11-24,55,Closed
T029,06-07,2006-11-24,55,Closed
T030,06-07,2006-11-24,55,Closed
T031,06-07,2006-11-24,55,Groomed
T032,06-07,2006-11-24,55,Closed
T033,06-07,2006-11-24,55,Open
T034,06-07,2006-11-24,55,Open
T035,06-07,2006-11-24,55,Open
T036,06-07,2006-11-24,55,Groomed
T037,06-07,2006-11-24,55,Closed
T038,06-07,2006-11-24,55,Open
T039,06-07,2006-11-24,55,Closed
T040,06-07,2006-11-24,55,Closed
T042,06-07,2006-11-24,55,Closed
T043,06-07,2006-11-24,55,Closed
T044,06-07,2006-11-24,55,Open
T045,06-07,2006-11-24,55,Open
T046,06-07,2006-11-24,55,Closed
T047,06-07,2006-11-24,55,Closed
T061,06-07,2006-11-24,55,Open
T063,06-07,2006-11-24,55,Open
T064,06-07,2006-11-24,55,Open
T065,06-07,2006-11-24,55,Closed
T066,06-07,2006-11-24,55,Open
T067,06-07,2006-11-24,55,Open
T068,06-07,2006-11-24,55,Open
T069,06-07,2006-11-24,55,Closed
T070,06-07,2006-11-24,55,Open
T071,06-07,2006-11-24,55,Closed
T072,06-07,2006-11-24,55,Open
T073,06-07,2006-11-24,55,Closed
T074,06-07,2006-11-24,55,Open
T075,06-07,2006-11-24,55,Closed
T076,06-07,2006-11-24,55,Open
T077,06-07,2006-11-24,55,Closed
T078,06-07,2006-11-24,55,Closed
T079,06-07,2006-11-24,55,Closed
T080,06-07,2006-11-24,55,Closed
T081,06-07,2006-11-24,55,Closed
T083,06-07,2006-11-24,55,Closed
T084,06-07,2006-11-24,55,Open
T085,06-07,2006-11-24,55,Open
T086,06-07,2006-11-24,55,Open
T087,06-07,2006-11-24,55,Closed
T088,06-07,2006-11-24,55,Closed
T089,06-07,2006-11-24,55,Open
T090,06-07,2006-11-24,55,Open
T091,06-07,2006-11-24,55,Closed
T092,06-07,2006-11-24,55,Closed
T127,06-07,2006-11-24,55,Open
T134,06-07,2006-11-24,55,Open
T135,06-07,2006-11-24,55,Closed
T136,06-07,2006-11-24,55,Open
T137,06-07,2006-11-24,55,Closed
T148,06-07,2006-11-24,55,Closed
T152,06-07,2006-11-24,55,Groomed
T156,06-07,2006-11-24,55,Closed
T157,06-07,2006-11-24,55,Closed
T002,06-07,2006-11-25,56,Groomed
T003,06-07,2006-11-25,56,Closed
T004,06-07,2006-11-25,56,Closed
T005,06-07,2006-11-25,56,Groomed
T006,06-07,2006-11-25,56,Open
T007,06-07,2006-11-25,56,Groomed
T008,06-07,2006-11-25,56,Open
T009,06-07,2006-11-25,56,Open
T010,06-07,2006-11-25,56,Closed
T011,06-07,2006-11-25,56,Groomed
T012,06-07,2006-11-25,56,Groomed
T013,06-07,2006-11-25,56,Groomed
T015,06-07,2006-11-25,56,Closed
T016,06-07,2006-11-25,56,Open
T017,06-07,2006-11-25,56,Closed
T018,06-07,2006-11-25,56,Closed
T019,06-07,2006-11-25,56,Closed
T020,06-07,2006-11-25,56,Open
T021,06-07,2006-11-25,56,Groomed
T022,06-07,2006-11-25,56,Groomed
T023,06-07,2006-11-25,56,Closed
T024,06-07,2006-11-25,56,Open
T025,06-07,2006-11-25,56,Closed
T026,06-07,2006-11-25,56,Open
T027,06-07,2006-11-25,56,Open
T028,06-07,2006-11-25,56,Closed
T029,06-07,2006-11-25,56,Closed
T030,06-07,2006-11-25,56,Closed
T031,06-07,2006-11-25,56,Groomed
T032,06-07,2006-11-25,56,Closed
T033,06-07,2006-11-25,56,Closed
T034,06-07,2006-11-25,56,Open
T035,06-07,2006-11-25,56,Open
T036,06-07,2006-11-25,56,Groomed
T037,06-07,2006-11-25,56,Closed
T038,06-07,2006-11-25,56,Open
T039,06-07,2006-11-25,56,Closed
T040,06-07,2006-11-25,56,Closed
T042,06-07,2006-11-25,56,Closed
T043,06-07,2006-11-25,56,Closed
T044,06-07,2006-11-25,56,Open
T045,06-07,2006-11-25,56,Open
T046,06-07,2006-11-25,56,Closed
T047,06-07,2006-11-25,56,Closed
T061,06-07,2006-11-25,56,Open
T063,06-07,2006-11-25,56,Open
T064,06-07,2006-11-25,56,Open
T065,06-07,2006-11-25,56,Closed
T066,06-07,2006-11-25,56,Open
T067,06-07,2006-11-25,56,Open
T068,06-07,2006-11-25,56,Open
T069,06-07,2006-11-25,56,Closed
T070,06-07,2006-11-25,56,Open
T071,06-07,2006-11-25,56,Closed
T072,06-07,2006-11-25,56,Open
T073,06-07,2006-11-25,56,Closed
T074,06-07,2006-11-25,56,Open
T075,06-07,2006-11-25,56,Closed
T076,06-07,2006-11-25,56,Open
T077,06-07,2006-11-25,56,Closed
T078,06-07,2006-11-25,56,Closed
T079,06-07,2006-11-25,56,Closed
T080,06-07,2006-11-25,56,Closed
T081,06-07,2006-11-25,56,Closed
T083,06-07,2006-11-25,56,Closed
T084,06-07,2006-11-25,56,Open
T085,06-07,2006-11-25,56,Open
T086,06-07,2006-11-25,56,Open
T087,06-07,2006-11-25,56,Open
T088,06-07,2006-11-25,56,Closed
T089,06-07,2006-11-25,56,Open
T090,06-07,2006-11-25,56,Open
T091,06-07,2006-11-25,56,Closed
T092,06-07,2006-11-25,56,Closed
T127,06-07,2006-11-25,56,Open
T134,06-07,2006-11-25,56,Open
T135,06-07,2006-11-25,56,Closed
T136,06-07,2006-11-25,56,Open
T137,06-07,2006-11-25,56,Closed
T148,06-07,2006-11-25,56,Closed
T152,06-07,2006-11-25,56,Groomed
T156,06-07,2006-11-25,56,Closed
T157,06-07,2006-11-25,56,Closed
T002,06-07,2006-11-26,57,Closed
T003,06-07,2006-11-26,57,Closed
T004,06-07,2006-11-26,57,Closed
T005,06-07,2006-11-26,57,Groomed
T006,06-07,2006-11-26,57,Open
T007,06-07,2006-11-26,57,Groomed
T008,06-07,2006-11-26,57,Open
T009,06-07,2006-11-26,57,Open
T010,06-07,2006-11-26,57,Closed
T011,06-07,2006-11-26,57,Groomed
T012,06-07,2006-11-26,57,Groomed
T013,06-07,2006-11-26,57,Groomed
T015,06-07,2006-11-26,57,Closed
T016,06-07,2006-11-26,57,Open
T017,06-07,2006-11-26,57,Closed
T018,06-07,2006-11-26,57,Closed
T019,06-07,2006-11-26,57,Closed
T020,06-07,2006-11-26,57,Open
T021,06-07,2006-11-26,57,Groomed
T022,06-07,2006-11-26,57,Groomed
T023,06-07,2006-11-26,57,Closed
T024,06-07,2006-11-26,57,Open
T025,06-07,2006-11-26,57,Closed
T026,06-07,2006-11-26,57,Open
T027,06-07,2006-11-26,57,Open
T028,06-07,2006-11-26,57,Closed
T029,06-07,2006-11-26,57,Closed
T030,06-07,2006-11-26,57,Closed
T031,06-07,2006-11-26,57,Groomed
T032,06-07,2006-11-26,57,Closed
T033,06-07,2006-11-26,57,Closed
T034,06-07,2006-11-26,57,Groomed
T035,06-07,2006-11-26,57,Open
T036,06-07,2006-11-26,57,Groomed
T037,06-07,2006-11-26,57,Closed
T038,06-07,2006-11-26,57,Open
T039,06-07,2006-11-26,57,Closed
T040,06-07,2006-11-26,57,Closed
T042,06-07,2006-11-26,57,Closed
T043,06-07,2006-11-26,57,Closed
T044,06-07,2006-11-26,57,Open
T045,06-07,2006-11-26,57,Open
T046,06-07,2006-11-26,57,Closed
T047,06-07,2006-11-26,57,Closed
T061,06-07,2006-11-26,57,Open
T063,06-07,2006-11-26,57,Closed
T064,06-07,2006-11-26,57,Open
T065,06-07,2006-11-26,57,Closed
T066,06-07,2006-11-26,57,Closed
T067,06-07,2006-11-26,57,Open
T068,06-07,2006-11-26,57,Open
T069,06-07,2006-11-26,57,Closed
T070,06-07,2006-11-26,57,Open
T071,06-07,2006-11-26,57,Closed
T072,06-07,2006-11-26,57,Open
T073,06-07,2006-11-26,57,Closed
T074,06-07,2006-11-26,57,Open
T075,06-07,2006-11-26,57,Closed
T076,06-07,2006-11-26,57,Open
T077,06-07,2006-11-26,57,Closed
T078,06-07,2006-11-26,57,Closed
T079,06-07,2006-11-26,57,Closed
T080,06-07,2006-11-26,57,Closed
T081,06-07,2006-11-26,57,Closed
T083,06-07,2006-11-26,57,Closed
T084,06-07,2006-11-26,57,Closed
T085,06-07,2006-11-26,57,Closed
T086,06-07,2006-11-26,57,Closed
T087,06-07,2006-11-26,57,Closed
T088,06-07,2006-11-26,57,Closed
T089,06-07,2006-11-26,57,Closed
T090,06-07,2006-11-26,57,Closed
T091,06-07,2006-11-26,57,Closed
T092,06-07,2006-11-26,57,Closed
T127,06-07,2006-11-26,57,Open
T134,06-07,2006-11-26,57,Open
T135,06-07,2006-11-26,57,Closed
T136,06-07,2006-11-26,57,Closed
T137,06-07,2006-11-26,57,Closed
T148,06-07,2006-11-26,57,Closed
T152,06-07,2006-11-26,57,Groomed
T156,06-07,2006-11-26,57,Closed
T157,06-07,2006-11-26,57,Closed
T002,06-07,2006-11-27,58,Closed
T003,06-07,2006-11-27,58,Closed
T004,06-07,2006-11-27,58,Closed
T005,06-07,2006-11-27,58,Groomed
T006,06-07,2006-11-27,58,Open
T007,06-07,2006-11-27,58,Groomed
T008,06-07,2006-11-27,58,Open
T009,06-07,2006-11-27,58,Open
T010,06-07,2006-11-27,58,Closed
T011,06-07,2006-11-27,58,Groomed
T012,06-07,2006-11-27,58,Groomed
T013,06-07,2006-11-27,58,Groomed
T015,06-07,2006-11-27,58,Closed
T016,06-07,2006-11-27,58,Open
T017,06-07,2006-11-27,58,Closed
T018,06-07,2006-11-27,58,Closed
T019,06-07,2006-11-27,58,Closed
T020,06-07,2006-11-27,58,Open
T021,06-07,2006-11-27,58,Groomed
T022,06-07,2006-11-27,58,Groomed
T023,06-07,2006-11-27,58,Closed
T024,06-07,2006-11-27,58,Open
T025,06-07,2006-11-27,58,Closed
T026,06-07,2006-11-27,58,Open
T027,06-07,2006-11-27,58,Open
T028,06-07,2006-11-27,58,Closed
T029,06-07,2006-11-27,58,Closed
T030,06-07,2006-11-27,58,Closed
T031,06-07,2006-11-27,58,Groomed
T032,06-07,2006-11-27,58,Closed
T033,06-07,2006-11-27,58,Closed
T034,06-07,2006-11-27,58,Groomed
T035,06-07,2006-11-27,58,Open
T036,06-07,2006-11-27,58,Groomed
T037,06-07,2006-11-27,58,Closed
T038,06-07,2006-11-27,58,Open
T039,06-07,2006-11-27,58,Closed
T040,06-07,2006-11-27,58,Closed
T042,06-07,2006-11-27,58,Closed
T043,06-07,2006-11-27,58,Closed
T044,06-07,2006-11-27,58,Open
T045,06-07,2006-11-27,58,Open
T046,06-07,2006-11-27,58,Closed
T047,06-07,2006-11-27,58,Closed
T061,06-07,2006-11-27,58,Open
T063,06-07,2006-11-27,58,Closed
T064,06-07,2006-11-27,58,Open
T065,06-07,2006-11-27,58,Closed
T066,06-07,2006-11-27,58,Closed
T067,06-07,2006-11-27,58,Open
T068,06-07,2006-11-27,58,Open
T069,06-07,2006-11-27,58,Closed
T070,06-07,2006-11-27,58,Open
T071,06-07,2006-11-27,58,Closed
T072,06-07,2006-11-27,58,Open
T073,06-07,2006-11-27,58,Closed
T074,06-07,2006-11-27,58,Open
T075,06-07,2006-11-27,58,Closed
T076,06-07,2006-11-27,58,Open
T077,06-07,2006-11-27,58,Closed
T078,06-07,2006-11-27,58,Closed
T079,06-07,2006-11-27,58,Closed
T080,06-07,2006-11-27,58,Closed
T081,06-07,2006-11-27,58,Closed
T083,06-07,2006-11-27,58,Closed
T084,06-07,2006-11-27,58,Closed
T085,06-07,2006-11-27,58,Closed
T086,06-07,2006-11-27,58,Closed
T087,06-07,2006-11-27,58,Closed
T088,06-07,2006-11-27,58,Closed
T089,06-07,2006-11-27,58,Closed
T090,06-07,2006-11-27,58,Closed
T091,06-07,2006-11-27,58,Closed
T092,06-07,2006-11-27,58,Closed
T127,06-07,2006-11-27,58,Open
T134,06-07,2006-11-27,58,Open
T135,06-07,2006-11-27,58,Closed
T136,06-07,2006-11-27,58,Closed
T137,06-07,2006-11-27,58,Closed
T148,06-07,2006-11-27,58,Closed
T152,06-07,2006-11-27,58,Groomed
T156,06-07,2006-11-27,58,Closed
T157,06-07,2006-11-27,58,Closed
T002,06-07,2006-11-28,59,Closed
T003,06-07,2006-11-28,59,Closed
T004,06-07,2006-11-28,59,Closed
T005,06-07,2006-11-28,59,Groomed
T006,06-07,2006-11-28,59,Open
T007,06-07,2006-11-28,59,Groomed
T008,06-07,2006-11-28,59,Open
T009,06-07,2006-11-28,59,Open
T010,06-07,2006-11-28,59,Closed
T011,06-07,2006-11-28,59,Groomed
T012,06-07,2006-11-28,59,Groomed
T013,06-07,2006-11-28,59,Groomed
T015,06-07,2006-11-28,59,Closed
T016,06-07,2006-11-28,59,Open
T017,06-07,2006-11-28,59,Closed
T018,06-07,2006-11-28,59,Closed
T019,06-07,2006-11-28,59,Closed
T020,06-07,2006-11-28,59,Open
T021,06-07,2006-11-28,59,Groomed
T022,06-07,2006-11-28,59,Groomed
T023,06-07,2006-11-28,59,Closed
T024,06-07,2006-11-28,59,Open
T025,06-07,2006-11-28,59,Closed
T026,06-07,2006-11-28,59,Open
T027,06-07,2006-11-28,59,Open
T028,06-07,2006-11-28,59,Closed
T029,06-07,2006-11-28,59,Closed
T030,06-07,2006-11-28,59,Closed
T031,06-07,2006-11-28,59,Groomed
T032,06-07,2006-11-28,59,Closed
T033,06-07,2006-11-28,59,Closed
T034,06-07,2006-11-28,59,Groomed
T035,06-07,2006-11-28,59,Open
T036,06-07,2006-11-28,59,Groomed
T037,06-07,2006-11-28,59,Closed
T038,06-07,2006-11-28,59,Open
T039,06-07,2006-11-28,59,Closed
T040,06-07,2006-11-28,59,Closed
T042,06-07,2006-11-28,59,Closed
T043,06-07,2006-11-28,59,Closed
T044,06-07,2006-11-28,59,Open
T045,06-07,2006-11-28,59,Open
T046,06-07,2006-11-28,59,Closed
T047,06-07,2006-11-28,59,Closed
T061,06-07,2006-11-28,59,Open
T063,06-07,2006-11-28,59,Closed
T064,06-07,2006-11-28,59,Open
T065,06-07,2006-11-28,59,Closed
T066,06-07,2006-11-28,59,Closed
T067,06-07,2006-11-28,59,Open
T068,06-07,2006-11-28,59,Open
T069,06-07,2006-11-28,59,Closed
T070,06-07,2006-11-28,59,Open
T071,06-07,2006-11-28,59,Closed
T072,06-07,2006-11-28,59,Open
T073,06-07,2006-11-28,59,Closed
T074,06-07,2006-11-28,59,Open
T075,06-07,2006-11-28,59,Closed
T076,06-07,2006-11-28,59,Open
T077,06-07,2006-11-28,59,Closed
T078,06-07,2006-11-28,59,Closed
T079,06-07,2006-11-28,59,Closed
T080,06-07,2006-11-28,59,Closed
T081,06-07,2006-11-28,59,Closed
T083,06-07,2006-11-28,59,Closed
T084,06-07,2006-11-28,59,Closed
T085,06-07,2006-11-28,59,Closed
T086,06-07,2006-11-28,59,Closed
T087,06-07,2006-11-28,59,Closed
T088,06-07,2006-11-28,59,Closed
T089,06-07,2006-11-28,59,Closed
T090,06-07,2006-11-28,59,Closed
T091,06-07,2006-11-28,59,Closed
T092,06-07,2006-11-28,59,Closed
T127,06-07,2006-11-28,59,Open
T134,06-07,2006-11-28,59,Open
T135,06-07,2006-11-28,59,Closed
T136,06-07,2006-11-28,59,Closed
T137,06-07,2006-11-28,59,Closed
T148,06-07,2006-11-28,59,Closed
T152,06-07,2006-11-28,59,Groomed
T156,06-07,2006-11-28,59,Closed
T157,06-07,2006-11-28,59,Closed
T002,06-07,2006-11-29,60,Closed
T003,06-07,2006-11-29,60,Closed
T004,06-07,2006-11-29,60,Closed
T005,06-07,2006-11-29,60,Groomed
T006,06-07,2006-11-29,60,Open
T007,06-07,2006-11-29,60,Groomed
T008,06-07,2006-11-29,60,Open
T009,06-07,2006-11-29,60,Open
T010,06-07,2006-11-29,60,Closed
T011,06-07,2006-11-29,60,Groomed
T012,06-07,2006-11-29,60,Groomed
T013,06-07,2006-11-29,60,Groomed
T015,06-07,2006-11-29,60,Closed
T016,06-07,2006-11-29,60,Open
T017,06-07,2006-11-29,60,Closed
T018,06-07,2006-11-29,60,Closed
T019,06-07,2006-11-29,60,Closed
T020,06-07,2006-11-29,60,Open
T021,06-07,2006-11-29,60,Groomed
T022,06-07,2006-11-29,60,Groomed
T023,06-07,2006-11-29,60,Closed
T024,06-07,2006-11-29,60,Open
T025,06-07,2006-11-29,60,Closed
T026,06-07,2006-11-29,60,Open
T027,06-07,2006-11-29,60,Open
T028,06-07,2006-11-29,60,Closed
T029,06-07,2006-11-29,60,Closed
T030,06-07,2006-11-29,60,Closed
T031,06-07,2006-11-29,60,Groomed
T032,06-07,2006-11-29,60,Closed
T033,06-07,2006-11-29,60,Closed
T034,06-07,2006-11-29,60,Groomed
T035,06-07,2006-11-29,60,Open
T036,06-07,2006-11-29,60,Groomed
T037,06-07,2006-11-29,60,Closed
T038,06-07,2006-11-29,60,Open
T039,06-07,2006-11-29,60,Closed
T040,06-07,2006-11-29,60,Closed
T042,06-07,2006-11-29,60,Closed
T043,06-07,2006-11-29,60,Closed
T044,06-07,2006-11-29,60,Open
T045,06-07,2006-11-29,60,Open
T046,06-07,2006-11-29,60,Closed
T047,06-07,2006-11-29,60,Closed
T061,06-07,2006-11-29,60,Groomed
T063,06-07,2006-11-29,60,Closed
T064,06-07,2006-11-29,60,Open
T065,06-07,2006-11-29,60,Closed
T066,06-07,2006-11-29,60,Closed
T067,06-07,2006-11-29,60,Open
T068,06-07,2006-11-29,60,Open
T069,06-07,2006-11-29,60,Closed
T070,06-07,2006-11-29,60,Open
T071,06-07,2006-11-29,60,Closed
T072,06-07,2006-11-29,60,Open
T073,06-07,2006-11-29,60,Closed
T074,06-07,2006-11-29,60,Open
T075,06-07,2006-11-29,60,Closed
T076,06-07,2006-11-29,60,Open
T077,06-07,2006-11-29,60,Closed
T078,06-07,2006-11-29,60,Closed
T079,06-07,2006-11-29,60,Closed
T080,06-07,2006-11-29,60,Closed
T081,06-07,2006-11-29,60,Closed
T083,06-07,2006-11-29,60,Closed
T084,06-07,2006-11-29,60,Closed
T085,06-07,2006-11-29,60,Closed
T086,06-07,2006-11-29,60,Closed
T087,06-07,2006-11-29,60,Closed
T088,06-07,2006-11-29,60,Closed
T089,06-07,2006-11-29,60,Closed
T090,06-07,2006-11-29,60,Closed
T091,06-07,2006-11-29,60,Closed
T092,06-07,2006-11-29,60,Closed
T127,06-07,2006-11-29,60,Open
T134,06-07,2006-11-29,60,Open
T135,06-07,2006-11-29,60,Closed
T136,06-07,2006-11-29,60,Closed
T137,06-07,2006-11-29,60,Closed
T148,06-07,2006-11-29,60,Closed
T152,06-07,2006-11-29,60,Groomed
T156,06-07,2006-11-29,60,Closed
T157,06-07,2006-11-29,60,Closed
T002,06-07,2006-11-30,61,Closed
T003,06-07,2006-11-30,61,Closed
T004,06-07,2006-11-30,61,Closed
T005,06-07,2006-11-30,61,Groomed
T006,06-07,2006-11-30,61,Open
T007,06-07,2006-11-30,61,Groomed
T008,06-07,2006-11-30,61,Open
T009,06-07,2006-11-30,61,Groomed
T010,06-07,2006-11-30,61,Closed
T011,06-07,2006-11-30,61,Groomed
T012,06-07,2006-11-30,61,Groomed
T013,06-07,2006-11-30,61,Groomed
T015,06-07,2006-11-30,61,Closed
T016,06-07,2006-11-30,61,Open
T017,06-07,2006-11-30,61,Closed
T018,06-07,2006-11-30,61,Closed
T019,06-07,2006-11-30,61,Closed
T020,06-07,2006-11-30,61,Open
T021,06-07,2006-11-30,61,Groomed
T022,06-07,2006-11-30,61,Groomed
T023,06-07,2006-11-30,61,Closed
T024,06-07,2006-11-30,61,Open
T025,06-07,2006-11-30,61,Closed
T026,06-07,2006-11-30,61,Open
T027,06-07,2006-11-30,61,Open
T028,06-07,2006-11-30,61,Closed
T029,06-07,2006-11-30,61,Closed
T030,06-07,2006-11-30,61,Closed
T031,06-07,2006-11-30,61,Groomed
T032,06-07,2006-11-30,61,Closed
T033,06-07,2006-11-30,61,Open
T034,06-07,2006-11-30,61,Groomed
T035,06-07,2006-11-30,61,Open
T036,06-07,2006-11-30,61,Groomed
T037,06-07,2006-11-30,61,Closed
T038,06-07,2006-11-30,61,Groomed
T039,06-07,2006-11-30,61,Closed
T040,06-07,2006-11-30,61,Closed
T042,06-07,2006-11-30,61,Closed
T043,06-07,2006-11-30,61,Closed
T044,06-07,2006-11-30,61,Open
T045,06-07,2006-11-30,61,Open
T046,06-07,2006-11-30,61,Closed
T047,06-07,2006-11-30,61,Closed
T061,06-07,2006-11-30,61,Groomed
T063,06-07,2006-11-30,61,Closed
T064,06-07,2006-11-30,61,Open
T065,06-07,2006-11-30,61,Closed
T066,06-07,2006-11-30,61,Closed
T067,06-07,2006-11-30,61,Open
T068,06-07,2006-11-30,61,Open
T069,06-07,2006-11-30,61,Closed
T070,06-07,2006-11-30,61,Open
T071,06-07,2006-11-30,61,Closed
T072,06-07,2006-11-30,61,Open
T073,06-07,2006-11-30,61,Closed
T074,06-07,2006-11-30,61,Open
T075,06-07,2006-11-30,61,Closed
T076,06-07,2006-11-30,61,Open
T077,06-07,2006-11-30,61,Closed
T078,06-07,2006-11-30,61,Closed
T079,06-07,2006-11-30,61,Closed
T080,06-07,2006-11-30,61,Closed
T081,06-07,2006-11-30,61,Closed
T083,06-07,2006-11-30,61,Closed
T084,06-07,2006-11-30,61,Closed
T085,06-07,2006-11-30,61,Closed
T086,06-07,2006-11-30,61,Closed
T087,06-07,2006-11-30,61,Closed
T088,06-07,2006-11-30,61,Closed
T089,06-07,2006-11-30,61,Closed
T090,06-07,2006-11-30,61,Closed
T091,06-07,2006-11-30,61,Closed
T092,06-07,2006-11-30,61,Closed
T127,06-07,2006-11-30,61,Open
T134,06-07,2006-11-30,61,Open
T135,06-07,2006-11-30,61,Closed
T136,06-07,2006-11-30,61,Closed
T137,06-07,2006-11-30,61,Closed
T148,06-07,2006-11-30,61,Closed
T152,06-07,2006-11-30,61,Groomed
T156,06-07,2006-11-30,61,Closed
T157,06-07,2006-11-30,61,Closed
T002,06-07,2006-12-01,62,Groomed
T003,06-07,2006-12-01,62,Closed
T004,06-07,2006-12-01,62,Closed
T005,06-07,2006-12-01,62,Groomed
T006,06-07,2006-12-01,62,Open
T007,06-07,2006-12-01,62,Groomed
T008,06-07,2006-12-01,62,Open
T009,06-07,2006-12-01,62,Groomed
T010,06-07,2006-12-01,62,Open
T011,06-07,2006-12-01,62,Groomed
T012,06-07,2006-12-01,62,Groomed
T013,06-07,2006-12-01,62,Groomed
T015,06-07,2006-12-01,62,Open
T016,06-07,2006-12-01,62,Open
T017,06-07,2006-12-01,62,Open
T018,06-07,2006-12-01,62,Open
T019,06-07,2006-12-01,62,Open
T020,06-07,2006-12-01,62,Open
T021,06-07,2006-12-01,62,Groomed
T022,06-07,2006-12-01,62,Groomed
T023,06-07,2006-12-01,62,Open
T024,06-07,2006-12-01,62,Open
T025,06-07,2006-12-01,62,Closed
T026,06-07,2006-12-01,62,Open
T027,06-07,2006-12-01,62,Groomed
T028,06-07,2006-12-01,62,Open
T029,06-07,2006-12-01,62,Open
T030,06-07,2006-12-01,62,Open
T031,06-07,2006-12-01,62,Groomed
T032,06-07,2006-12-01,62,Open
T033,06-07,2006-12-01,62,Open
T034,06-07,2006-12-01,62,Groomed
T035,06-07,2006-12-01,62,Open
T036,06-07,2006-12-01,62,Groomed
T037,06-07,2006-12-01,62,Open
T038,06-07,2006-12-01,62,Open
T039,06-07,2006-12-01,62,Open
T040,06-07,2006-12-01,62,Closed
T042,06-07,2006-12-01,62,Closed
T043,06-07,2006-12-01,62,Closed
T044,06-07,2006-12-01,62,Open
T045,06-07,2006-12-01,62,Open
T046,06-07,2006-12-01,62,Closed
T047,06-07,2006-12-01,62,Closed
T061,06-07,2006-12-01,62,Groomed
T063,06-07,2006-12-01,62,Open
T064,06-07,2006-12-01,62,Open
T065,06-07,2006-12-01,62,Open
T066,06-07,2006-12-01,62,Open
T067,06-07,2006-12-01,62,Groomed
T068,06-07,2006-12-01,62,Open
T069,06-07,2006-12-01,62,Closed
T070,06-07,2006-12-01,62,Open
T071,06-07,2006-12-01,62,Open
T072,06-07,2006-12-01,62,Open
T073,06-07,2006-12-01,62,Open
T074,06-07,2006-12-01,62,Open
T075,06-07,2006-12-01,62,Closed
T076,06-07,2006-12-01,62,Open
T077,06-07,2006-12-01,62,Open
T078,06-07,2006-12-01,62,Open
T079,06-07,2006-12-01,62,Open
T080,06-07,2006-12-01,62,Open
T081,06-07,2006-12-01,62,Open
T083,06-07,2006-12-01,62,Open
T084,06-07,2006-12-01,62,Open
T085,06-07,2006-12-01,62,Open
T086,06-07,2006-12-01,62,Open
T087,06-07,2006-12-01,62,Open
T088,06-07,2006-12-01,62,Open
T089,06-07,2006-12-01,62,Open
T090,06-07,2006-12-01,62,Open
T091,06-07,2006-12-01,62,Open
T092,06-07,2006-12-01,62,Open
T127,06-07,2006-12-01,62,Open
T134,06-07,2006-12-01,62,Open
T135,06-07,2006-12-01,62,Open
T136,06-07,2006-12-01,62,Open
T137,06-07,2006-12-01,62,Open
T148,06-07,2006-12-01,62,Closed
T152,06-07,2006-12-01,62,Groomed
T156,06-07,2006-12-01,62,Closed
T157,06-07,2006-12-01,62,Open
T002,06-07,2006-12-02,63,Groomed
T003,06-07,2006-12-02,63,Closed
T004,06-07,2006-12-02,63,Closed
T005,06-07,2006-12-02,63,Groomed
T006,06-07,2006-12-02,63,Open
T007,06-07,2006-12-02,63,Groomed
T008,06-07,2006-12-02,63,Open
T009,06-07,2006-12-02,63,Groomed
T010,06-07,2006-12-02,63,Open
T011,06-07,2006-12-02,63,Groomed
T012,06-07,2006-12-02,63,Groomed
T013,06-07,2006-12-02,63,Groomed
T015,06-07,2006-12-02,63,Open
T016,06-07,2006-12-02,63,Open
T017,06-07,2006-12-02,63,Open
T018,06-07,2006-12-02,63,Open
T019,06-07,2006-12-02,63,Open
T020,06-07,2006-12-02,63,Open
T021,06-07,2006-12-02,63,Groomed
T022,06-07,2006-12-02,63,Groomed
T023,06-07,2006-12-02,63,Open
T024,06-07,2006-12-02,63,Open
T025,06-07,2006-12-02,63,Closed
T026,06-07,2006-12-02,63,Open
T027,06-07,2006-12-02,63,Groomed
T028,06-07,2006-12-02,63,Open
T029,06-07,2006-12-02,63,Open
T030,06-07,2006-12-02,63,Open
T031,06-07,2006-12-02,63,Groomed
T032,06-07,2006-12-02,63,Open
T033,06-07,2006-12-02,63,Open
T034,06-07,2006-12-02,63,Groomed
T035,06-07,2006-12-02,63,Open
T036,06-07,2006-12-02,63,Groomed
T037,06-07,2006-12-02,63,Open
T038,06-07,2006-12-02,63,Open
T039,06-07,2006-12-02,63,Open
T040,06-07,2006-12-02,63,Closed
T042,06-07,2006-12-02,63,Closed
T043,06-07,2006-12-02,63,Closed
T044,06-07,2006-12-02,63,Open
T045,06-07,2006-12-02,63,Open
T046,06-07,2006-12-02,63,Closed
T047,06-07,2006-12-02,63,Closed
T061,06-07,2006-12-02,63,Groomed
T063,06-07,2006-12-02,63,Open
T064,06-07,2006-12-02,63,Open
T065,06-07,2006-12-02,63,Open
T066,06-07,2006-12-02,63,Open
T067,06-07,2006-12-02,63,Open
T068,06-07,2006-12-02,63,Open
T069,06-07,2006-12-02,63,Closed
T070,06-07,2006-12-02,63,Open
T071,06-07,2006-12-02,63,Open
T072,06-07,2006-12-02,63,Open
T073,06-07,2006-12-02,63,Open
T074,06-07,2006-12-02,63,Open
T075,06-07,2006-12-02,63,Closed
T076,06-07,2006-12-02,63,Open
T077,06-07,2006-12-02,63,Open
T078,06-07,2006-12-02,63,Open
T079,06-07,2006-12-02,63,Open
T080,06-07,2006-12-02,63,Open
T081,06-07,2006-12-02,63,Open
T083,06-07,2006-12-02,63,Open
T084,06-07,2006-12-02,63,Open
T085,06-07,2006-12-02,63,Open
T086,06-07,2006-12-02,63,Open
T087,06-07,2006-12-02,63,Open
T088,06-07,2006-12-02,63,Open
T089,06-07,2006-12-02,63,Open
T090,06-07,2006-12-02,63,Open
T091,06-07,2006-12-02,63,Open
T092,06-07,2006-12-02,63,Open
T127,06-07,2006-12-02,63,Open
T134,06-07,2006-12-02,63,Open
T135,06-07,2006-12-02,63,Open
T136,06-07,2006-12-02,63,Open
T137,06-07,2006-12-02,63,Open
T148,06-07,2006-12-02,63,Closed
T152,06-07,2006-12-02,63,Groomed
T156,06-07,2006-12-02,63,Closed
T157,06-07,2006-12-02,63,Open
T002,06-07,2006-12-03,64,Closed
T003,06-07,2006-12-03,64,Closed
T004,06-07,2006-12-03,64,Closed
T005,06-07,2006-12-03,64,Groomed
T006,06-07,2006-12-03,64,Open
T007,06-07,2006-12-03,64,Groomed
T008,06-07,2006-12-03,64,Open
T009,06-07,2006-12-03,64,Groomed
T010,06-07,2006-12-03,64,Open
T011,06-07,2006-12-03,64,Groomed
T012,06-07,2006-12-03,64,Groomed
T013,06-07,2006-12-03,64,Groomed
T015,06-07,2006-12-03,64,Open
T016,06-07,2006-12-03,64,Open
T017,06-07,2006-12-03,64,Open
T018,06-07,2006-12-03,64,Open
T019,06-07,2006-12-03,64,Open
T020,06-07,2006-12-03,64,Open
T021,06-07,2006-12-03,64,Groomed
T022,06-07,2006-12-03,64,Groomed
T023,06-07,2006-12-03,64,Open
T024,06-07,2006-12-03,64,Open
T025,06-07,2006-12-03,64,Closed
T026,06-07,2006-12-03,64,Open
T027,06-07,2006-12-03,64,Groomed
T028,06-07,2006-12-03,64,Open
T029,06-07,2006-12-03,64,Open
T030,06-07,2006-12-03,64,Open
T031,06-07,2006-12-03,64,Groomed
T032,06-07,2006-12-03,64,Open
T033,06-07,2006-12-03,64,Open
T034,06-07,2006-12-03,64,Groomed
T035,06-07,2006-12-03,64,Open
T036,06-07,2006-12-03,64,Groomed
T037,06-07,2006-12-03,64,Open
T038,06-07,2006-12-03,64,Open
T039,06-07,2006-12-03,64,Open
T040,06-07,2006-12-03,64,Closed
T042,06-07,2006-12-03,64,Closed
T043,06-07,2006-12-03,64,Closed
T044,06-07,2006-12-03,64,Open
T045,06-07,2006-12-03,64,Open
T046,06-07,2006-12-03,64,Closed
T047,06-07,2006-12-03,64,Closed
T061,06-07,2006-12-03,64,Groomed
T063,06-07,2006-12-03,64,Closed
T064,06-07,2006-12-03,64,Open
T065,06-07,2006-12-03,64,Closed
T066,06-07,2006-12-03,64,Closed
T067,06-07,2006-12-03,64,Closed
T068,06-07,2006-12-03,64,Open
T069,06-07,2006-12-03,64,Closed
T070,06-07,2006-12-03,64,Closed
T071,06-07,2006-12-03,64,Closed
T072,06-07,2006-12-03,64,Open
T073,06-07,2006-12-03,64,Open
T074,06-07,2006-12-03,64,Open
T075,06-07,2006-12-03,64,Closed
T076,06-07,2006-12-03,64,Open
T077,06-07,2006-12-03,64,Closed
T078,06-07,2006-12-03,64,Closed
T079,06-07,2006-12-03,64,Closed
T080,06-07,2006-12-03,64,Closed
T081,06-07,2006-12-03,64,Closed
T083,06-07,2006-12-03,64,Closed
T084,06-07,2006-12-03,64,Closed
T085,06-07,2006-12-03,64,Closed
T086,06-07,2006-12-03,64,Closed
T087,06-07,2006-12-03,64,Closed
T088,06-07,2006-12-03,64,Closed
T089,06-07,2006-12-03,64,Closed
T090,06-07,2006-12-03,64,Closed
T091,06-07,2006-12-03,64,Closed
T092,06-07,2006-12-03,64,Closed
T127,06-07,2006-12-03,64,Open
T134,06-07,2006-12-03,64,Open
T135,06-07,2006-12-03,64,Closed
T136,06-07,2006-12-03,64,Closed
T137,06-07,2006-12-03,64,Closed
T148,06-07,2006-12-03,64,Closed
T152,06-07,2006-12-03,64,Groomed
T156,06-07,2006-12-03,64,Closed
T157,06-07,2006-12-03,64,Closed
T002,06-07,2006-12-04,65,Closed
T003,06-07,2006-12-04,65,Closed
T004,06-07,2006-12-04,65,Closed
T005,06-07,2006-12-04,65,Groomed
T006,06-07,2006-12-04,65,Open
T007,06-07,2006-12-04,65,Groomed
T008,06-07,2006-12-04,65,Open
T009,06-07,2006-12-04,65,Groomed
T010,06-07,2006-12-04,65,Open
T011,06-07,2006-12-04,65,Groomed
T012,06-07,2006-12-04,65,Groomed
T013,06-07,2006-12-04,65,Groomed
T015,06-07,2006-12-04,65,Open
T016,06-07,2006-12-04,65,Open
T017,06-07,2006-12-04,65,Open
T018,06-07,2006-12-04,65,Open
T019,06-07,2006-12-04,65,Open
T020,06-07,2006-12-04,65,Open
T021,06-07,2006-12-04,65,Groomed
T022,06-07,2006-12-04,65,Groomed
T023,06-07,2006-12-04,65,Open
T024,06-07,2006-12-04,65,Open
T025,06-07,2006-12-04,65,Closed
T026,06-07,2006-12-04,65,Open
T027,06-07,2006-12-04,65,Groomed
T028,06-07,2006-12-04,65,Open
T029,06-07,2006-12-04,65,Open
T030,06-07,2006-12-04,65,Open
T031,06-07,2006-12-04,65,Groomed
T032,06-07,2006-12-04,65,Open
T033,06-07,2006-12-04,65,Open
T034,06-07,2006-12-04,65,Groomed
T035,06-07,2006-12-04,65,Open
T036,06-07,2006-12-04,65,Groomed
T037,06-07,2006-12-04,65,Open
T038,06-07,2006-12-04,65,Open
T039,06-07,2006-12-04,65,Open
T040,06-07,2006-12-04,65,Closed
T042,06-07,2006-12-04,65,Closed
T043,06-07,2006-12-04,65,Closed
T044,06-07,2006-12-04,65,Open
T045,06-07,2006-12-04,65,Open
T046,06-07,2006-12-04,65,Closed
T047,06-07,2006-12-04,65,Closed
T061,06-07,2006-12-04,65,Groomed
T063,06-07,2006-12-04,65,Closed
T064,06-07,2006-12-04,65,Open
T065,06-07,2006-12-04,65,Closed
T066,06-07,2006-12-04,65,Closed
T067,06-07,2006-12-04,65,Closed
T068,06-07,2006-12-04,65,Open
T069,06-07,2006-12-04,65,Closed
T070,06-07,2006-12-04,65,Closed
T071,06-07,2006-12-04,65,Closed
T072,06-07,2006-12-04,65,Open
T073,06-07,2006-12-04,65,Open
T074,06-07,2006-12-04,65,Open
T075,06-07,2006-12-04,65,Closed
T076,06-07,2006-12-04,65,Open
T077,06-07,2006-12-04,65,Closed
T078,06-07,2006-12-04,65,Closed
T079,06-07,2006-12-04,65,Closed
T080,06-07,2006-12-04,65,Closed
T081,06-07,2006-12-04,65,Closed
T083,06-07,2006-12-04,65,Closed
T084,06-07,2006-12-04,65,Closed
T085,06-07,2006-12-04,65,Closed
T086,06-07,2006-12-04,65,Closed
T087,06-07,2006-12-04,65,Closed
T088,06-07,2006-12-04,65,Closed
T089,06-07,2006-12-04,65,Closed
T090,06-07,2006-12-04,65,Closed
T091,06-07,2006-12-04,65,Closed
T092,06-07,2006-12-04,65,Closed
T127,06-07,2006-12-04,65,Open
T134,06-07,2006-12-04,65,Open
T135,06-07,2006-12-04,65,Closed
T136,06-07,2006-12-04,65,Closed
T137,06-07,2006-12-04,65,Closed
T148,06-07,2006-12-04,65,Closed
T152,06-07,2006-12-04,65,Groomed
T156,06-07,2006-12-04,65,Closed
T157,06-07,2006-12-04,65,Closed
T002,06-07,2006-12-05,66,Closed
T003,06-07,2006-12-05,66,Closed
T004,06-07,2006-12-05,66,Closed
T005,06-07,2006-12-05,66,Groomed
T006,06-07,2006-12-05,66,Open
T007,06-07,2006-12-05,66,Groomed
T008,06-07,2006-12-05,66,Open
T009,06-07,2006-12-05,66,Groomed
T010,06-07,2006-12-05,66,Open
T011,06-07,2006-12-05,66,Groomed
T012,06-07,2006-12-05,66,Groomed
T013,06-07,2006-12-05,66,Groomed
T015,06-07,2006-12-05,66,Open
T016,06-07,2006-12-05,66,Open
T017,06-07,2006-12-05,66,Open
T018,06-07,2006-12-05,66,Open
T019,06-07,2006-12-05,66,Open
T020,06-07,2006-12-05,66,Open
T021,06-07,2006-12-05,66,Groomed
T022,06-07,2006-12-05,66,Groomed
T023,06-07,2006-12-05,66,Open
T024,06-07,2006-12-05,66,Open
T025,06-07,2006-12-05,66,Closed
T026,06-07,2006-12-05,66,Open
T027,06-07,2006-12-05,66,Groomed
T028,06-07,2006-12-05,66,Open
T029,06-07,2006-12-05,66,Open
T030,06-07,2006-12-05,66,Open
T031,06-07,2006-12-05,66,Groomed
T032,06-07,2006-12-05,66,Open
T033,06-07,2006-12-05,66,Open
T034,06-07,2006-12-05,66,Groomed
T035,06-07,2006-12-05,66,Open
T036,06-07,2006-12-05,66,Groomed
T037,06-07,2006-12-05,66,Open
T038,06-07,2006-12-05,66,Open
T039,06-07,2006-12-05,66,Open
T040,06-07,2006-12-05,66,Closed
T042,06-07,2006-12-05,66,Closed
T043,06-07,2006-12-05,66,Closed
T044,06-07,2006-12-05,66,Open
T045,06-07,2006-12-05,66,Open
T046,06-07,2006-12-05,66,Closed
T047,06-07,2006-12-05,66,Closed
T061,06-07,2006-12-05,66,Groomed
T063,06-07,2006-12-05,66,Closed
T064,06-07,2006-12-05,66,Groomed
T065,06-07,2006-12-05,66,Closed
T066,06-07,2006-12-05,66,Closed
T067,06-07,2006-12-05,66,Closed
T068,06-07,2006-12-05,66,Open
T069,06-07,2006-12-05,66,Closed
T070,06-07,2006-12-05,66,Closed
T071,06-07,2006-12-05,66,Closed
T072,06-07,2006-12-05,66,Open
T073,06-07,2006-12-05,66,Open
T074,06-07,2006-12-05,66,Open
T075,06-07,2006-12-05,66,Closed
T076,06-07,2006-12-05,66,Open
T077,06-07,2006-12-05,66,Closed
T078,06-07,2006-12-05,66,Closed
T079,06-07,2006-12-05,66,Closed
T080,06-07,2006-12-05,66,Closed
T081,06-07,2006-12-05,66,Closed
T083,06-07,2006-12-05,66,Closed
T084,06-07,2006-12-05,66,Closed
T085,06-07,2006-12-05,66,Closed
T086,06-07,2006-12-05,66,Closed
T087,06-07,2006-12-05,66,Closed
T088,06-07,2006-12-05,66,Closed
T089,06-07,2006-12-05,66,Closed
T090,06-07,2006-12-05,66,Closed
T091,06-07,2006-12-05,66,Closed
T092,06-07,2006-12-05,66,Closed
T127,06-07,2006-12-05,66,Open
T134,06-07,2006-12-05,66,Open
T135,06-07,2006-12-05,66,Closed
T136,06-07,2006-12-05,66,Closed
T137,06-07,2006-12-05,66,Closed
T148,06-07,2006-12-05,66,Closed
T152,06-07,2006-12-05,66,Groomed
T156,06-07,2006-12-05,66,Closed
T157,06-07,2006-12-05,66,Closed
T002,06-07,2006-12-06,67,Closed
T003,06-07,2006-12-06,67,Closed
T004,06-07,2006-12-06,67,Closed
T005,06-07,2006-12-06,67,Groomed
T006,06-07,2006-12-06,67,Open
T007,06-07,2006-12-06,67,Groomed
T008,06-07,2006-12-06,67,Open
T009,06-07,2006-12-06,67,Open
T010,06-07,2006-12-06,67,Open
T011,06-07,2006-12-06,67,Groomed
T012,06-07,2006-12-06,67,Groomed
T013,06-07,2006-12-06,67,Groomed
T015,06-07,2006-12-06,67,Open
T016,06-07,2006-12-06,67,Open
T017,06-07,2006-12-06,67,Open
T018,06-07,2006-12-06,67,Open
T019,06-07,2006-12-06,67,Open
T020,06-07,2006-12-06,67,Open
T021,06-07,2006-12-06,67,Groomed
T022,06-07,2006-12-06,67,Groomed
T023,06-07,2006-12-06,67,Open
T024,06-07,2006-12-06,67,Open
T025,06-07,2006-12-06,67,Closed
T026,06-07,2006-12-06,67,Open
T027,06-07,2006-12-06,67,Groomed
T028,06-07,2006-12-06,67,Open
T029,06-07,2006-12-06,67,Open
T030,06-07,2006-12-06,67,Open
T031,06-07,2006-12-06,67,Groomed
T032,06-07,2006-12-06,67,Open
T033,06-07,2006-12-06,67,Open
T034,06-07,2006-12-06,67,Groomed
T035,06-07,2006-12-06,67,Open
T036,06-07,2006-12-06,67,Groomed
T037,06-07,2006-12-06,67,Open
T038,06-07,2006-12-06,67,Open
T039,06-07,2006-12-06,67,Open
T040,06-07,2006-12-06,67,Closed
T042,06-07,2006-12-06,67,Closed
T043,06-07,2006-12-06,67,Closed
T044,06-07,2006-12-06,67,Open
T045,06-07,2006-12-06,67,Open
T046,06-07,2006-12-06,67,Closed
T047,06-07,2006-12-06,67,Closed
T061,06-07,2006-12-06,67,Groomed
T063,06-07,2006-12-06,67,Closed
T064,06-07,2006-12-06,67,Open
T065,06-07,2006-12-06,67,Closed
T066,06-07,2006-12-06,67,Closed
T067,06-07,2006-12-06,67,Closed
T068,06-07,2006-12-06,67,Open
T069,06-07,2006-12-06,67,Closed
T070,06-07,2006-12-06,67,Closed
T071,06-07,2006-12-06,67,Closed
T072,06-07,2006-12-06,67,Open
T073,06-07,2006-12-06,67,Open
T074,06-07,2006-12-06,67,Open
T075,06-07,2006-12-06,67,Closed
T076,06-07,2006-12-06,67,Open
T077,06-07,2006-12-06,67,Closed
T078,06-07,2006-12-06,67,Closed
T079,06-07,2006-12-06,67,Closed
T080,06-07,2006-12-06,67,Closed
T081,06-07,2006-12-06,67,Closed
T083,06-07,2006-12-06,67,Closed
T084,06-07,2006-12-06,67,Closed
T085,06-07,2006-12-06,67,Closed
T086,06-07,2006-12-06,67,Closed
T087,06-07,2006-12-06,67,Closed
T088,06-07,2006-12-06,67,Closed
T089,06-07,2006-12-06,67,Closed
T090,06-07,2006-12-06,67,Closed
T091,06-07,2006-12-06,67,Closed
T092,06-07,2006-12-06,67,Closed
T127,06-07,2006-12-06,67,Open
T134,06-07,2006-12-06,67,Open
T135,06-07,2006-12-06,67,Closed
T136,06-07,2006-12-06,67,Closed
T137,06-07,2006-12-06,67,Closed
T148,06-07,2006-12-06,67,Closed
T152,06-07,2006-12-06,67,Groomed
T156,06-07,2006-12-06,67,Closed
T157,06-07,2006-12-06,67,Closed
T002,06-07,2006-12-07,68,Closed
T003,06-07,2006-12-07,68,Closed
T004,06-07,2006-12-07,68,Closed
T005,06-07,2006-12-07,68,Groomed
T006,06-07,2006-12-07,68,Open
T007,06-07,2006-12-07,68,Groomed
T008,06-07,2006-12-07,68,Open
T009,06-07,2006-12-07,68,Open
T010,06-07,2006-12-07,68,Open
T011,06-07,2006-12-07,68,Groomed
T012,06-07,2006-12-07,68,Groomed
T013,06-07,2006-12-07,68,Groomed
T015,06-07,2006-12-07,68,Open
T016,06-07,2006-12-07,68,Open
T017,06-07,2006-12-07,68,Open
T018,06-07,2006-12-07,68,Open
T019,06-07,2006-12-07,68,Open
T020,06-07,2006-12-07,68,Open
T021,06-07,2006-12-07,68,Groomed
T022,06-07,2006-12-07,68,Groomed
T023,06-07,2006-12-07,68,Open
T024,06-07,2006-12-07,68,Open
T025,06-07,2006-12-07,68,Closed
T026,06-07,2006-12-07,68,Open
T027,06-07,2006-12-07,68,Groomed
T028,06-07,2006-12-07,68,Open
T029,06-07,2006-12-07,68,Open
T030,06-07,2006-12-07,68,Open
T031,06-07,2006-12-07,68,Groomed
T032,06-07,2006-12-07,68,Open
T033,06-07,2006-12-07,68,Closed
T034,06-07,2006-12-07,68,Groomed
T035,06-07,2006-12-07,68,Open
T036,06-07,2006-12-07,68,Groomed
T037,06-07,2006-12-07,68,Open
T038,06-07,2006-12-07,68,Open
T039,06-07,2006-12-07,68,Open
T040,06-07,2006-12-07,68,Closed
T042,06-07,2006-12-07,68,Closed
T043,06-07,2006-12-07,68,Closed
T044,06-07,2006-12-07,68,Open
T045,06-07,2006-12-07,68,Open
T046,06-07,2006-12-07,68,Closed
T047,06-07,2006-12-07,68,Closed
T061,06-07,2006-12-07,68,Groomed
T063,06-07,2006-12-07,68,Open
T064,06-07,2006-12-07,68,Open
T065,06-07,2006-12-07,68,Open
T066,06-07,2006-12-07,68,Open
T067,06-07,2006-12-07,68,Groomed
T068,06-07,2006-12-07,68,Open
T069,06-07,2006-12-07,68,Closed
T070,06-07,2006-12-07,68,Open
T071,06-07,2006-12-07,68,Open
T072,06-07,2006-12-07,68,Open
T073,06-07,2006-12-07,68,Open
T074,06-07,2006-12-07,68,Open
T075,06-07,2006-12-07,68,Closed
T076,06-07,2006-12-07,68,Open
T077,06-07,2006-12-07,68,Open
T078,06-07,2006-12-07,68,Open
T079,06-07,2006-12-07,68,Open
T080,06-07,2006-12-07,68,Open
T081,06-07,2006-12-07,68,Open
T083,06-07,2006-12-07,68,Open
T084,06-07,2006-12-07,68,Open
T085,06-07,2006-12-07,68,Open
T086,06-07,2006-12-07,68,Open
T087,06-07,2006-12-07,68,Open
T088,06-07,2006-12-07,68,Open
T089,06-07,2006-12-07,68,Open
T090,06-07,2006-12-07,68,Open
T091,06-07,2006-12-07,68,Open
T092,06-07,2006-12-07,68,Open
T127,06-07,2006-12-07,68,Open
T134,06-07,2006-12-07,68,Open
T135,06-07,2006-12-07,68,Open
T136,06-07,2006-12-07,68,Open
T137,06-07,2006-12-07,68,Open
T148,06-07,2006-12-07,68,Closed
T152,06-07,2006-12-07,68,Groomed
T156,06-07,2006-12-07,68,Closed
T157,06-07,2006-12-07,68,Open
T002,06-07,2006-12-08,69,Groomed
T003,06-07,2006-12-08,69,Closed
T004,06-07,2006-12-08,69,Closed
T005,06-07,2006-12-08,69,Groomed
T006,06-07,2006-12-08,69,Open
T007,06-07,2006-12-08,69,Groomed
T008,06-07,2006-12-08,69,Open
T009,06-07,2006-12-08,69,Groomed
T010,06-07,2006-12-08,69,Open
T011,06-07,2006-12-08,69,Groomed
T012,06-07,2006-12-08,69,Groomed
T013,06-07,2006-12-08,69,Groomed
T015,06-07,2006-12-08,69,Open
T016,06-07,2006-12-08,69,Open
T017,06-07,2006-12-08,69,Open
T018,06-07,2006-12-08,69,Closed
T019,06-07,2006-12-08,69,Open
T020,06-07,2006-12-08,69,Open
T021,06-07,2006-12-08,69,Groomed
T022,06-07,2006-12-08,69,Groomed
T023,06-07,2006-12-08,69,Open
T024,06-07,2006-12-08,69,Open
T025,06-07,2006-12-08,69,Groomed
T026,06-07,2006-12-08,69,Open
T027,06-07,2006-12-08,69,Groomed
T028,06-07,2006-12-08,69,Closed
T029,06-07,2006-12-08,69,Closed
T030,06-07,2006-12-08,69,Open
T031,06-07,2006-12-08,69,Groomed
T032,06-07,2006-12-08,69,Open
T033,06-07,2006-12-08,69,Groomed
T034,06-07,2006-12-08,69,Groomed
T035,06-07,2006-12-08,69,Open
T036,06-07,2006-12-08,69,Groomed
T037,06-07,2006-12-08,69,Open
T038,06-07,2006-12-08,69,Open
T039,06-07,2006-12-08,69,Open
T040,06-07,2006-12-08,69,Closed
T042,06-07,2006-12-08,69,Closed
T043,06-07,2006-12-08,69,Closed
T044,06-07,2006-12-08,69,Open
T045,06-07,2006-12-08,69,Open
T046,06-07,2006-12-08,69,Open
T047,06-07,2006-12-08,69,Closed
T061,06-07,2006-12-08,69,Groomed
T063,06-07,2006-12-08,69,Open
T064,06-07,2006-12-08,69,Groomed
T065,06-07,2006-12-08,69,Open
T066,06-07,2006-12-08,69,Open
T067,06-07,2006-12-08,69,Open
T068,06-07,2006-12-08,69,Open
T069,06-07,2006-12-08,69,Closed
T070,06-07,2006-12-08,69,Open
T071,06-07,2006-12-08,69,Open
T072,06-07,2006-12-08,69,Open
T073,06-07,2006-12-08,69,Open
T074,06-07,2006-12-08,69,Open
T075,06-07,2006-12-08,69,Closed
T076,06-07,2006-12-08,69,Open
T077,06-07,2006-12-08,69,Open
T078,06-07,2006-12-08,69,Open
T079,06-07,2006-12-08,69,Open
T080,06-07,2006-12-08,69,Open
T081,06-07,2006-12-08,69,Open
T083,06-07,2006-12-08,69,Open
T084,06-07,2006-12-08,69,Open
T085,06-07,2006-12-08,69,Open
T086,06-07,2006-12-08,69,Open
T087,06-07,2006-12-08,69,Open
T088,06-07,2006-12-08,69,Open
T089,06-07,2006-12-08,69,Open
T090,06-07,2006-12-08,69,Open
T091,06-07,2006-12-08,69,Open
T092,06-07,2006-12-08,69,Open
T127,06-07,2006-12-08,69,Open
T134,06-07,2006-12-08,69,Open
T135,06-07,2006-12-08,69,Open
T136,06-07,2006-12-08,69,Open
T137,06-07,2006-12-08,69,Open
T148,06-07,2006-12-08,69,Closed
T152,06-07,2006-12-08,69,Groomed
T156,06-07,2006-12-08,69,Closed
T157,06-07,2006-12-08,69,Open
T002,06-07,2006-12-09,70,Groomed
T003,06-07,2006-12-09,70,Closed
T004,06-07,2006-12-09,70,Closed
T005,06-07,2006-12-09,70,Groomed
T006,06-07,2006-12-09,70,Open
T007,06-07,2006-12-09,70,Groomed
T008,06-07,2006-12-09,70,Open
T009,06-07,2006-12-09,70,Groomed
T010,06-07,2006-12-09,70,Groomed
T011,06-07,2006-12-09,70,Groomed
T012,06-07,2006-12-09,70,Groomed
T013,06-07,2006-12-09,70,Groomed
T015,06-07,2006-12-09,70,Open
T016,06-07,2006-12-09,70,Open
T017,06-07,2006-12-09,70,Open
T018,06-07,2006-12-09,70,Open
T019,06-07,2006-12-09,70,Open
T020,06-07,2006-12-09,70,Open
T021,06-07,2006-12-09,70,Groomed
T022,06-07,2006-12-09,70,Groomed
T023,06-07,2006-12-09,70,Open
T024,06-07,2006-12-09,70,Open
T025,06-07,2006-12-09,70,Groomed
T026,06-07,2006-12-09,70,Open
T027,06-07,2006-12-09,70,Groomed
T028,06-07,2006-12-09,70,Closed
T029,06-07,2006-12-09,70,Closed
T030,06-07,2006-12-09,70,Open
T031,06-07,2006-12-09,70,Groomed
T032,06-07,2006-12-09,70,Open
T033,06-07,2006-12-09,70,Closed
T034,06-07,2006-12-09,70,Groomed
T035,06-07,2006-12-09,70,Open
T036,06-07,2006-12-09,70,Groomed
T037,06-07,2006-12-09,70,Open
T038,06-07,2006-12-09,70,Open
T039,06-07,2006-12-09,70,Open
T040,06-07,2006-12-09,70,Closed
T042,06-07,2006-12-09,70,Closed
T043,06-07,2006-12-09,70,Closed
T044,06-07,2006-12-09,70,Open
T045,06-07,2006-12-09,70,Open
T046,06-07,2006-12-09,70,Open
T047,06-07,2006-12-09,70,Closed
T061,06-07,2006-12-09,70,Groomed
T063,06-07,2006-12-09,70,Groomed
T064,06-07,2006-12-09,70,Groomed
T065,06-07,2006-12-09,70,Open
T066,06-07,2006-12-09,70,Open
T067,06-07,2006-12-09,70,Groomed
T068,06-07,2006-12-09,70,Open
T069,06-07,2006-12-09,70,Closed
T070,06-07,2006-12-09,70,Open
T071,06-07,2006-12-09,70,Open
T072,06-07,2006-12-09,70,Open
T073,06-07,2006-12-09,70,Open
T074,06-07,2006-12-09,70,Open
T075,06-07,2006-12-09,70,Closed
T076,06-07,2006-12-09,70,Open
T077,06-07,2006-12-09,70,Open
T078,06-07,2006-12-09,70,Open
T079,06-07,2006-12-09,70,Open
T080,06-07,2006-12-09,70,Open
T081,06-07,2006-12-09,70,Open
T083,06-07,2006-12-09,70,Open
T084,06-07,2006-12-09,70,Open
T085,06-07,2006-12-09,70,Open
T086,06-07,2006-12-09,70,Open
T087,06-07,2006-12-09,70,Open
T088,06-07,2006-12-09,70,Open
T089,06-07,2006-12-09,70,Open
T090,06-07,2006-12-09,70,Open
T091,06-07,2006-12-09,70,Open
T092,06-07,2006-12-09,70,Open
T127,06-07,2006-12-09,70,Open
T134,06-07,2006-12-09,70,Open
T135,06-07,2006-12-09,70,Closed
T136,06-07,2006-12-09,70,Open
T137,06-07,2006-12-09,70,Open
T148,06-07,2006-12-09,70,Closed
T152,06-07,2006-12-09,70,Groomed
T156,06-07,2006-12-09,70,Closed
T157,06-07,2006-12-09,70,Open
T002,06-07,2006-12-10,71,Closed
T003,06-07,2006-12-10,71,Closed
T004,06-07,2006-12-10,71,Closed
T005,06-07,2006-12-10,71,Groomed
T006,06-07,2006-12-10,71,Open
T007,06-07,2006-12-10,71,Groomed
T008,06-07,2006-12-10,71,Groomed
T009,06-07,2006-12-10,71,Groomed
T010,06-07,2006-12-10,71,Groomed
T011,06-07,2006-12-10,71,Groomed
T012,06-07,2006-12-10,71,Groomed
T013,06-07,2006-12-10,71,Groomed
T015,06-07,2006-12-10,71,Open
T016,06-07,2006-12-10,71,Open
T017,06-07,2006-12-10,71,Open
T018,06-07,2006-12-10,71,Open
T019,06-07,2006-12-10,71,Open
T020,06-07,2006-12-10,71,Open
T021,06-07,2006-12-10,71,Groomed
T022,06-07,2006-12-10,71,Groomed
T023,06-07,2006-12-10,71,Open
T024,06-07,2006-12-10,71,Open
T025,06-07,2006-12-10,71,Closed
T026,06-07,2006-12-10,71,Open
T027,06-07,2006-12-10,71,Groomed
T028,06-07,2006-12-10,71,Closed
T029,06-07,2006-12-10,71,Closed
T030,06-07,2006-12-10,71,Open
T031,06-07,2006-12-10,71,Groomed
T032,06-07,2006-12-10,71,Open
T033,06-07,2006-12-10,71,Closed
T034,06-07,2006-12-10,71,Groomed
T035,06-07,2006-12-10,71,Open
T036,06-07,2006-12-10,71,Groomed
T037,06-07,2006-12-10,71,Open
T038,06-07,2006-12-10,71,Open
T039,06-07,2006-12-10,71,Open
T040,06-07,2006-12-10,71,Closed
T042,06-07,2006-12-10,71,Closed
T043,06-07,2006-12-10,71,Closed
T044,06-07,2006-12-10,71,Open
T045,06-07,2006-12-10,71,Open
T046,06-07,2006-12-10,71,Closed
T047,06-07,2006-12-10,71,Closed
T061,06-07,2006-12-10,71,Groomed
T063,06-07,2006-12-10,71,Groomed
T064,06-07,2006-12-10,71,Open
T065,06-07,2006-12-10,71,Open
T066,06-07,2006-12-10,71,Open
T067,06-07,2006-12-10,71,Groomed
T068,06-07,2006-12-10,71,Open
T069,06-07,2006-12-10,71,Closed
T070,06-07,2006-12-10,71,Open
T071,06-07,2006-12-10,71,Open
T072,06-07,2006-12-10,71,Open
T073,06-07,2006-12-10,71,Open
T074,06-07,2006-12-10,71,Open
T075,06-07,2006-12-10,71,Closed
T076,06-07,2006-12-10,71,Open
T077,06-07,2006-12-10,71,Groomed
T078,06-07,2006-12-10,71,Open
T079,06-07,2006-12-10,71,Open
T080,06-07,2006-12-10,71,Open
T081,06-07,2006-12-10,71,Open
T083,06-07,2006-12-10,71,Open
T084,06-07,2006-12-10,71,Open
T085,06-07,2006-12-10,71,Open
T086,06-07,2006-12-10,71,Open
T087,06-07,2006-12-10,71,Open
T088,06-07,2006-12-10,71,Open
T089,06-07,2006-12-10,71,Open
T090,06-07,2006-12-10,71,Open
T091,06-07,2006-12-10,71,Open
T092,06-07,2006-12-10,71,Open
T127,06-07,2006-12-10,71,Open
T134,06-07,2006-12-10,71,Open
T135,06-07,2006-12-10,71,Closed
T136,06-07,2006-12-10,71,Open
T137,06-07,2006-12-10,71,Open
T148,06-07,2006-12-10,71,Closed
T152,06-07,2006-12-10,71,Groomed
T156,06-07,2006-12-10,71,Closed
T157,06-07,2006-12-10,71,Open
T002,06-07,2006-12-11,72,Closed
T003,06-07,2006-12-11,72,Closed
T004,06-07,2006-12-11,72,Closed
T005,06-07,2006-12-11,72,Groomed
T006,06-07,2006-12-11,72,Open
T007,06-07,2006-12-11,72,Groomed
T008,06-07,2006-12-11,72,Groomed
T009,06-07,2006-12-11,72,Groomed
T010,06-07,2006-12-11,72,Groomed
T011,06-07,2006-12-11,72,Groomed
T012,06-07,2006-12-11,72,Groomed
T013,06-07,2006-12-11,72,Groomed
T015,06-07,2006-12-11,72,Open
T016,06-07,2006-12-11,72,Open
T017,06-07,2006-12-11,72,Open
T018,06-07,2006-12-11,72,Open
T019,06-07,2006-12-11,72,Closed
T020,06-07,2006-12-11,72,Open
T021,06-07,2006-12-11,72,Groomed
T022,06-07,2006-12-11,72,Groomed
T023,06-07,2006-12-11,72,Open
T024,06-07,2006-12-11,72,Open
T025,06-07,2006-12-11,72,Closed
T026,06-07,2006-12-11,72,Open
T027,06-07,2006-12-11,72,Groomed
T028,06-07,2006-12-11,72,Closed
T029,06-07,2006-12-11,72,Open
T030,06-07,2006-12-11,72,Open
T031,06-07,2006-12-11,72,Groomed
T032,06-07,2006-12-11,72,Open
T033,06-07,2006-12-11,72,Closed
T034,06-07,2006-12-11,72,Groomed
T035,06-07,2006-12-11,72,Open
T036,06-07,2006-12-11,72,Groomed
T037,06-07,2006-12-11,72,Open
T038,06-07,2006-12-11,72,Open
T039,06-07,2006-12-11,72,Open
T040,06-07,2006-12-11,72,Closed
T042,06-07,2006-12-11,72,Closed
T043,06-07,2006-12-11,72,Closed
T044,06-07,2006-12-11,72,Closed
T045,06-07,2006-12-11,72,Open
T046,06-07,2006-12-11,72,Closed
T047,06-07,2006-12-11,72,Closed
T061,06-07,2006-12-11,72,Groomed
T063,06-07,2006-12-11,72,Groomed
T064,06-07,2006-12-11,72,Open
T065,06-07,2006-12-11,72,Open
T066,06-07,2006-12-11,72,Open
T067,06-07,2006-12-11,72,Groomed
T068,06-07,2006-12-11,72,Open
T069,06-07,2006-12-11,72,Closed
T070,06-07,2006-12-11,72,Open
T071,06-07,2006-12-11,72,Open
T072,06-07,2006-12-11,72,Open
T073,06-07,2006-12-11,72,Open
T074,06-07,2006-12-11,72,Open
T075,06-07,2006-12-11,72,Closed
T076,06-07,2006-12-11,72,Open
T077,06-07,2006-12-11,72,Groomed
T078,06-07,2006-12-11,72,Open
T079,06-07,2006-12-11,72,Open
T080,06-07,2006-12-11,72,Open
T081,06-07,2006-12-11,72,Open
T083,06-07,2006-12-11,72,Open
T084,06-07,2006-12-11,72,Open
T085,06-07,2006-12-11,72,Open
T086,06-07,2006-12-11,72,Open
T087,06-07,2006-12-11,72,Open
T088,06-07,2006-12-11,72,Open
T089,06-07,2006-12-11,72,Open
T090,06-07,2006-12-11,72,Open
T091,06-07,2006-12-11,72,Open
T092,06-07,2006-12-11,72,Open
T127,06-07,2006-12-11,72,Open
T134,06-07,2006-12-11,72,Open
T135,06-07,2006-12-11,72,Open
T136,06-07,2006-12-11,72,Open
T137,06-07,2006-12-11,72,Open
T148,06-07,2006-12-11,72,Closed
T152,06-07,2006-12-11,72,Groomed
T156,06-07,2006-12-11,72,Closed
T157,06-07,2006-12-11,72,Open
T002,06-07,2006-12-12,73,Closed
T003,06-07,2006-12-12,73,Closed
T004,06-07,2006-12-12,73,Closed
T005,06-07,2006-12-12,73,Groomed
T006,06-07,2006-12-12,73,Open
T007,06-07,2006-12-12,73,Groomed
T008,06-07,2006-12-12,73,Groomed
T009,06-07,2006-12-12,73,Groomed
T010,06-07,2006-12-12,73,Groomed
T011,06-07,2006-12-12,73,Groomed
T012,06-07,2006-12-12,73,Groomed
T013,06-07,2006-12-12,73,Groomed
T015,06-07,2006-12-12,73,Open
T016,06-07,2006-12-12,73,Open
T017,06-07,2006-12-12,73,Open
T018,06-07,2006-12-12,73,Open
T019,06-07,2006-12-12,73,Closed
T020,06-07,2006-12-12,73,Open
T021,06-07,2006-12-12,73,Groomed
T022,06-07,2006-12-12,73,Groomed
T023,06-07,2006-12-12,73,Closed
T024,06-07,2006-12-12,73,Open
T025,06-07,2006-12-12,73,Groomed
T026,06-07,2006-12-12,73,Open
T027,06-07,2006-12-12,73,Groomed
T028,06-07,2006-12-12,73,Closed
T029,06-07,2006-12-12,73,Open
T030,06-07,2006-12-12,73,Groomed
T031,06-07,2006-12-12,73,Groomed
T032,06-07,2006-12-12,73,Open
T033,06-07,2006-12-12,73,Closed
T034,06-07,2006-12-12,73,Groomed
T035,06-07,2006-12-12,73,Open
T036,06-07,2006-12-12,73,Groomed
T037,06-07,2006-12-12,73,Open
T038,06-07,2006-12-12,73,Open
T039,06-07,2006-12-12,73,Open
T040,06-07,2006-12-12,73,Closed
T042,06-07,2006-12-12,73,Closed
T043,06-07,2006-12-12,73,Closed
T044,06-07,2006-12-12,73,Closed
T045,06-07,2006-12-12,73,Open
T046,06-07,2006-12-12,73,Closed
T047,06-07,2006-12-12,73,Closed
T061,06-07,2006-12-12,73,Groomed
T063,06-07,2006-12-12,73,Groomed
T064,06-07,2006-12-12,73,Open
T065,06-07,2006-12-12,73,Open
T066,06-07,2006-12-12,73,Open
T067,06-07,2006-12-12,73,Groomed
T068,06-07,2006-12-12,73,Open
T069,06-07,2006-12-12,73,Closed
T070,06-07,2006-12-12,73,Open
T071,06-07,2006-12-12,73,Open
T072,06-07,2006-12-12,73,Open
T073,06-07,2006-12-12,73,Open
T074,06-07,2006-12-12,73,Open
T075,06-07,2006-12-12,73,Closed
T076,06-07,2006-12-12,73,Open
T077,06-07,2006-12-12,73,Groomed
T078,06-07,2006-12-12,73,Open
T079,06-07,2006-12-12,73,Open
T080,06-07,2006-12-12,73,Open
T081,06-07,2006-12-12,73,Open
T083,06-07,2006-12-12,73,Open
T084,06-07,2006-12-12,73,Open
T085,06-07,2006-12-12,73,Open
T086,06-07,2006-12-12,73,Open
T087,06-07,2006-12-12,73,Open
T088,06-07,2006-12-12,73,Open
T089,06-07,2006-12-12,73,Open
T090,06-07,2006-12-12,73,Open
T091,06-07,2006-12-12,73,Open
T092,06-07,2006-12-12,73,Open
T127,06-07,2006-12-12,73,Open
T134,06-07,2006-12-12,73,Open
T135,06-07,2006-12-12,73,Open
T136,06-07,2006-12-12,73,Open
T137,06-07,2006-12-12,73,Open
T148,06-07,2006-12-12,73,Closed
T152,06-07,2006-12-12,73,Groomed
T156,06-07,2006-12-12,73,Closed
T157,06-07,2006-12-12,73,Open
T002,06-07,2006-12-13,74,Closed
T003,06-07,2006-12-13,74,Closed
T004,06-07,2006-12-13,74,Closed
T005,06-07,2006-12-13,74,Groomed
T006,06-07,2006-12-13,74,Open
T007,06-07,2006-12-13,74,Groomed
T008,06-07,2006-12-13,74,Open
T009,06-07,2006-12-13,74,Groomed
T010,06-07,2006-12-13,74,Open
T011,06-07,2006-12-13,74,Groomed
T012,06-07,2006-12-13,74,Groomed
T013,06-07,2006-12-13,74,Groomed
T015,06-07,2006-12-13,74,Open
T016,06-07,2006-12-13,74,Open
T017,06-07,2006-12-13,74,Open
T018,06-07,2006-12-13,74,Open
T019,06-07,2006-12-13,74,Closed
T020,06-07,2006-12-13,74,Open
T021,06-07,2006-12-13,74,Groomed
T022,06-07,2006-12-13,74,Groomed
T023,06-07,2006-12-13,74,Closed
T024,06-07,2006-12-13,74,Open
T025,06-07,2006-12-13,74,Open
T026,06-07,2006-12-13,74,Open
T027,06-07,2006-12-13,74,Open
T028,06-07,2006-12-13,74,Closed
T029,06-07,2006-12-13,74,Open
T030,06-07,2006-12-13,74,Open
T031,06-07,2006-12-13,74,Groomed
T032,06-07,2006-12-13,74,Open
T033,06-07,2006-12-13,74,Closed
T034,06-07,2006-12-13,74,Groomed
T035,06-07,2006-12-13,74,Open
T036,06-07,2006-12-13,74,Groomed
T037,06-07,2006-12-13,74,Open
T038,06-07,2006-12-13,74,Open
T039,06-07,2006-12-13,74,Open
T040,06-07,2006-12-13,74,Closed
T042,06-07,2006-12-13,74,Closed
T043,06-07,2006-12-13,74,Closed
T044,06-07,2006-12-13,74,Closed
T045,06-07,2006-12-13,74,Open
T046,06-07,2006-12-13,74,Closed
T047,06-07,2006-12-13,74,Closed
T061,06-07,2006-12-13,74,Groomed
T063,06-07,2006-12-13,74,Groomed
T064,06-07,2006-12-13,74,Groomed
T065,06-07,2006-12-13,74,Open
T066,06-07,2006-12-13,74,Groomed
T067,06-07,2006-12-13,74,Groomed
T068,06-07,2006-12-13,74,Open
T069,06-07,2006-12-13,74,Closed
T070,06-07,2006-12-13,74,Open
T071,06-07,2006-12-13,74,Open
T072,06-07,2006-12-13,74,Open
T073,06-07,2006-12-13,74,Open
T074,06-07,2006-12-13,74,Open
T075,06-07,2006-12-13,74,Closed
T076,06-07,2006-12-13,74,Open
T077,06-07,2006-12-13,74,Groomed
T078,06-07,2006-12-13,74,Groomed
T079,06-07,2006-12-13,74,Groomed
T080,06-07,2006-12-13,74,Open
T081,06-07,2006-12-13,74,Open
T083,06-07,2006-12-13,74,Groomed
T084,06-07,2006-12-13,74,Open
T085,06-07,2006-12-13,74,Open
T086,06-07,2006-12-13,74,Open
T087,06-07,2006-12-13,74,Open
T088,06-07,2006-12-13,74,Open
T089,06-07,2006-12-13,74,Open
T090,06-07,2006-12-13,74,Open
T091,06-07,2006-12-13,74,Open
T092,06-07,2006-12-13,74,Open
T127,06-07,2006-12-13,74,Open
T134,06-07,2006-12-13,74,Open
T135,06-07,2006-12-13,74,Open
T136,06-07,2006-12-13,74,Open
T137,06-07,2006-12-13,74,Open
T148,06-07,2006-12-13,74,Closed
T152,06-07,2006-12-13,74,Groomed
T156,06-07,2006-12-13,74,Closed
T157,06-07,2006-12-13,74,Open
T002,06-07,2006-12-14,75,Groomed
T003,06-07,2006-12-14,75,Closed
T004,06-07,2006-12-14,75,Closed
T005,06-07,2006-12-14,75,Groomed
T006,06-07,2006-12-14,75,Open
T007,06-07,2006-12-14,75,Groomed
T008,06-07,2006-12-14,75,Open
T009,06-07,2006-12-14,75,Groomed
T010,06-07,2006-12-14,75,Open
T011,06-07,2006-12-14,75,Groomed
T012,06-07,2006-12-14,75,Groomed
T013,06-07,2006-12-14,75,Groomed
T015,06-07,2006-12-14,75,Open
T016,06-07,2006-12-14,75,Open
T017,06-07,2006-12-14,75,Open
T018,06-07,2006-12-14,75,Open
T019,06-07,2006-12-14,75,Closed
T020,06-07,2006-12-14,75,Open
T021,06-07,2006-12-14,75,Groomed
T022,06-07,2006-12-14,75,Groomed
T023,06-07,2006-12-14,75,Closed
T024,06-07,2006-12-14,75,Open
T025,06-07,2006-12-14,75,Open
T026,06-07,2006-12-14,75,Open
T027,06-07,2006-12-14,75,Open
T028,06-07,2006-12-14,75,Open
T029,06-07,2006-12-14,75,Open
T030,06-07,2006-12-14,75,Open
T031,06-07,2006-12-14,75,Groomed
T032,06-07,2006-12-14,75,Open
T033,06-07,2006-12-14,75,Closed
T034,06-07,2006-12-14,75,Groomed
T035,06-07,2006-12-14,75,Open
T036,06-07,2006-12-14,75,Groomed
T037,06-07,2006-12-14,75,Open
T038,06-07,2006-12-14,75,Open
T039,06-07,2006-12-14,75,Open
T040,06-07,2006-12-14,75,Closed
T042,06-07,2006-12-14,75,Open
T043,06-07,2006-12-14,75,Open
T044,06-07,2006-12-14,75,Closed
T045,06-07,2006-12-14,75,Open
T046,06-07,2006-12-14,75,Open
T047,06-07,2006-12-14,75,Closed
T061,06-07,2006-12-14,75,Groomed
T063,06-07,2006-12-14,75,Groomed
T064,06-07,2006-12-14,75,Open
T065,06-07,2006-12-14,75,Open
T066,06-07,2006-12-14,75,Open
T067,06-07,2006-12-14,75,Groomed
T068,06-07,2006-12-14,75,Open
T069,06-07,2006-12-14,75,Closed
T070,06-07,2006-12-14,75,Open
T071,06-07,2006-12-14,75,Open
T072,06-07,2006-12-14,75,Open
T073,06-07,2006-12-14,75,Open
T074,06-07,2006-12-14,75,Open
T075,06-07,2006-12-14,75,Closed
T076,06-07,2006-12-14,75,Open
T077,06-07,2006-12-14,75,Groomed
T078,06-07,2006-12-14,75,Open
T079,06-07,2006-12-14,75,Open
T080,06-07,2006-12-14,75,Open
T081,06-07,2006-12-14,75,Open
T083,06-07,2006-12-14,75,Open
T084,06-07,2006-12-14,75,Open
T085,06-07,2006-12-14,75,Open
T086,06-07,2006-12-14,75,Open
T087,06-07,2006-12-14,75,Open
T088,06-07,2006-12-14,75,Open
T089,06-07,2006-12-14,75,Open
T090,06-07,2006-12-14,75,Open
T091,06-07,2006-12-14,75,Open
T092,06-07,2006-12-14,75,Open
T127,06-07,2006-12-14,75,Open
T134,06-07,2006-12-14,75,Open
T135,06-07,2006-12-14,75,Open
T136,06-07,2006-12-14,75,Open
T137,06-07,2006-12-14,75,Open
T148,06-07,2006-12-14,75,Closed
T152,06-07,2006-12-14,75,Groomed
T156,06-07,2006-12-14,75,Closed
T157,06-07,2006-12-14,75,Open
T002,06-07,2006-12-15,76,Groomed
T003,06-07,2006-12-15,76,Closed
T004,06-07,2006-12-15,76,Closed
T005,06-07,2006-12-15,76,Groomed
T006,06-07,2006-12-15,76,Open
T007,06-07,2006-12-15,76,Groomed
T008,06-07,2006-12-15,76,Open
T009,06-07,2006-12-15,76,Groomed
T010,06-07,2006-12-15,76,Open
T011,06-07,2006-12-15,76,Groomed
T012,06-07,2006-12-15,76,Groomed
T013,06-07,2006-12-15,76,Groomed
T015,06-07,2006-12-15,76,Open
T016,06-07,2006-12-15,76,Open
T017,06-07,2006-12-15,76,Open
T018,06-07,2006-12-15,76,Open
T019,06-07,2006-12-15,76,Closed
T020,06-07,2006-12-15,76,Open
T021,06-07,2006-12-15,76,Groomed
T022,06-07,2006-12-15,76,Groomed
T023,06-07,2006-12-15,76,Closed
T024,06-07,2006-12-15,76,Open
T025,06-07,2006-12-15,76,Groomed
T026,06-07,2006-12-15,76,Open
T027,06-07,2006-12-15,76,Groomed
T028,06-07,2006-12-15,76,Groomed
T029,06-07,2006-12-15,76,Open
T030,06-07,2006-12-15,76,Groomed
T031,06-07,2006-12-15,76,Groomed
T032,06-07,2006-12-15,76,Open
T033,06-07,2006-12-15,76,Closed
T034,06-07,2006-12-15,76,Groomed
T035,06-07,2006-12-15,76,Open
T036,06-07,2006-12-15,76,Groomed
T037,06-07,2006-12-15,76,Open
T038,06-07,2006-12-15,76,Open
T039,06-07,2006-12-15,76,Open
T040,06-07,2006-12-15,76,Closed
T042,06-07,2006-12-15,76,Open
T043,06-07,2006-12-15,76,Open
T044,06-07,2006-12-15,76,Closed
T045,06-07,2006-12-15,76,Open
T046,06-07,2006-12-15,76,Open
T047,06-07,2006-12-15,76,Closed
T061,06-07,2006-12-15,76,Groomed
T063,06-07,2006-12-15,76,Groomed
T064,06-07,2006-12-15,76,Open
T065,06-07,2006-12-15,76,Open
T066,06-07,2006-12-15,76,Open
T067,06-07,2006-12-15,76,Groomed
T068,06-07,2006-12-15,76,Open
T069,06-07,2006-12-15,76,Closed
T070,06-07,2006-12-15,76,Open
T071,06-07,2006-12-15,76,Open
T072,06-07,2006-12-15,76,Open
T073,06-07,2006-12-15,76,Open
T074,06-07,2006-12-15,76,Open
T075,06-07,2006-12-15,76,Closed
T076,06-07,2006-12-15,76,Open
T077,06-07,2006-12-15,76,Groomed
T078,06-07,2006-12-15,76,Groomed
T079,06-07,2006-12-15,76,Open
T080,06-07,2006-12-15,76,Open
T081,06-07,2006-12-15,76,Open
T083,06-07,2006-12-15,76,Groomed
T084,06-07,2006-12-15,76,Open
T085,06-07,2006-12-15,76,Open
T086,06-07,2006-12-15,76,Open
T087,06-07,2006-12-15,76,Open
T088,06-07,2006-12-15,76,Open
T089,06-07,2006-12-15,76,Open
T090,06-07,2006-12-15,76,Open
T091,06-07,2006-12-15,76,Open
T092,06-07,2006-12-15,76,Open
T127,06-07,2006-12-15,76,Open
T134,06-07,2006-12-15,76,Open
T135,06-07,2006-12-15,76,Open
T136,06-07,2006-12-15,76,Open
T137,06-07,2006-12-15,76,Open
T148,06-07,2006-12-15,76,Closed
T152,06-07,2006-12-15,76,Groomed
T156,06-07,2006-12-15,76,Closed
T157,06-07,2006-12-15,76,Open
T002,06-07,2006-12-16,77,Groomed
T003,06-07,2006-12-16,77,Closed
T004,06-07,2006-12-16,77,Closed
T005,06-07,2006-12-16,77,Groomed
T006,06-07,2006-12-16,77,Open
T007,06-07,2006-12-16,77,Groomed
T008,06-07,2006-12-16,77,Groomed
T009,06-07,2006-12-16,77,Groomed
T010,06-07,2006-12-16,77,Groomed
T011,06-07,2006-12-16,77,Groomed
T012,06-07,2006-12-16,77,Groomed
T013,06-07,2006-12-16,77,Groomed
T015,06-07,2006-12-16,77,Open
T016,06-07,2006-12-16,77,Open
T017,06-07,2006-12-16,77,Open
T018,06-07,2006-12-16,77,Open
T019,06-07,2006-12-16,77,Closed
T020,06-07,2006-12-16,77,Open
T021,06-07,2006-12-16,77,Groomed
T022,06-07,2006-12-16,77,Groomed
T023,06-07,2006-12-16,77,Closed
T024,06-07,2006-12-16,77,Open
T025,06-07,2006-12-16,77,Groomed
T026,06-07,2006-12-16,77,Open
T027,06-07,2006-12-16,77,Groomed
T028,06-07,2006-12-16,77,Open
T029,06-07,2006-12-16,77,Open
T030,06-07,2006-12-16,77,Open
T031,06-07,2006-12-16,77,Groomed
T032,06-07,2006-12-16,77,Open
T033,06-07,2006-12-16,77,Closed
T034,06-07,2006-12-16,77,Groomed
T035,06-07,2006-12-16,77,Open
T036,06-07,2006-12-16,77,Groomed
T037,06-07,2006-12-16,77,Open
T038,06-07,2006-12-16,77,Open
T039,06-07,2006-12-16,77,Open
T040,06-07,2006-12-16,77,Closed
T042,06-07,2006-12-16,77,Open
T043,06-07,2006-12-16,77,Open
T044,06-07,2006-12-16,77,Closed
T045,06-07,2006-12-16,77,Open
T046,06-07,2006-12-16,77,Open
T047,06-07,2006-12-16,77,Closed
T061,06-07,2006-12-16,77,Groomed
T063,06-07,2006-12-16,77,Groomed
T064,06-07,2006-12-16,77,Groomed
T065,06-07,2006-12-16,77,Open
T066,06-07,2006-12-16,77,Open
T067,06-07,2006-12-16,77,Groomed
T068,06-07,2006-12-16,77,Open
T069,06-07,2006-12-16,77,Closed
T070,06-07,2006-12-16,77,Open
T071,06-07,2006-12-16,77,Open
T072,06-07,2006-12-16,77,Open
T073,06-07,2006-12-16,77,Open
T074,06-07,2006-12-16,77,Open
T075,06-07,2006-12-16,77,Closed
T076,06-07,2006-12-16,77,Open
T077,06-07,2006-12-16,77,Groomed
T078,06-07,2006-12-16,77,Groomed
T079,06-07,2006-12-16,77,Groomed
T080,06-07,2006-12-16,77,Open
T081,06-07,2006-12-16,77,Open
T083,06-07,2006-12-16,77,Groomed
T084,06-07,2006-12-16,77,Open
T085,06-07,2006-12-16,77,Open
T086,06-07,2006-12-16,77,Open
T087,06-07,2006-12-16,77,Open
T088,06-07,2006-12-16,77,Open
T089,06-07,2006-12-16,77,Open
T090,06-07,2006-12-16,77,Open
T091,06-07,2006-12-16,77,Open
T092,06-07,2006-12-16,77,Open
T127,06-07,2006-12-16,77,Open
T134,06-07,2006-12-16,77,Open
T135,06-07,2006-12-16,77,Open
T136,06-07,2006-12-16,77,Open
T137,06-07,2006-12-16,77,Open
T148,06-07,2006-12-16,77,Closed
T152,06-07,2006-12-16,77,Groomed
T156,06-07,2006-12-16,77,Closed
T157,06-07,2006-12-16,77,Open
T002,06-07,2006-12-17,78,Groomed
T003,06-07,2006-12-17,78,Closed
T004,06-07,2006-12-17,78,Closed
T005,06-07,2006-12-17,78,Groomed
T006,06-07,2006-12-17,78,Open
T007,06-07,2006-12-17,78,Groomed
T008,06-07,2006-12-17,78,Groomed
T009,06-07,2006-12-17,78,Groomed
T010,06-07,2006-12-17,78,Groomed
T011,06-07,2006-12-17,78,Groomed
T012,06-07,2006-12-17,78,Groomed
T013,06-07,2006-12-17,78,Groomed
T015,06-07,2006-12-17,78,Open
T016,06-07,2006-12-17,78,Open
T017,06-07,2006-12-17,78,Open
T018,06-07,2006-12-17,78,Open
T019,06-07,2006-12-17,78,Closed
T020,06-07,2006-12-17,78,Open
T021,06-07,2006-12-17,78,Groomed
T022,06-07,2006-12-17,78,Groomed
T023,06-07,2006-12-17,78,Closed
T024,06-07,2006-12-17,78,Open
T025,06-07,2006-12-17,78,Groomed
T026,06-07,2006-12-17,78,Open
T027,06-07,2006-12-17,78,Groomed
T028,06-07,2006-12-17,78,Groomed
T029,06-07,2006-12-17,78,Open
T030,06-07,2006-12-17,78,Groomed
T031,06-07,2006-12-17,78,Groomed
T032,06-07,2006-12-17,78,Open
T033,06-07,2006-12-17,78,Closed
T034,06-07,2006-12-17,78,Groomed
T035,06-07,2006-12-17,78,Open
T036,06-07,2006-12-17,78,Groomed
T037,06-07,2006-12-17,78,Open
T038,06-07,2006-12-17,78,Open
T039,06-07,2006-12-17,78,Open
T040,06-07,2006-12-17,78,Closed
T042,06-07,2006-12-17,78,Open
T043,06-07,2006-12-17,78,Open
T044,06-07,2006-12-17,78,Closed
T045,06-07,2006-12-17,78,Open
T046,06-07,2006-12-17,78,Open
T047,06-07,2006-12-17,78,Closed
T061,06-07,2006-12-17,78,Groomed
T063,06-07,2006-12-17,78,Groomed
T064,06-07,2006-12-17,78,Open
T065,06-07,2006-12-17,78,Open
T066,06-07,2006-12-17,78,Groomed
T067,06-07,2006-12-17,78,Groomed
T068,06-07,2006-12-17,78,Open
T069,06-07,2006-12-17,78,Closed
T070,06-07,2006-12-17,78,Open
T071,06-07,2006-12-17,78,Open
T072,06-07,2006-12-17,78,Open
T073,06-07,2006-12-17,78,Open
T074,06-07,2006-12-17,78,Open
T075,06-07,2006-12-17,78,Closed
T076,06-07,2006-12-17,78,Open
T077,06-07,2006-12-17,78,Groomed
T078,06-07,2006-12-17,78,Groomed
T079,06-07,2006-12-17,78,Groomed
T080,06-07,2006-12-17,78,Open
T081,06-07,2006-12-17,78,Open
T083,06-07,2006-12-17,78,Open
T084,06-07,2006-12-17,78,Open
T085,06-07,2006-12-17,78,Open
T086,06-07,2006-12-17,78,Open
T087,06-07,2006-12-17,78,Open
T088,06-07,2006-12-17,78,Open
T089,06-07,2006-12-17,78,Open
T090,06-07,2006-12-17,78,Open
T091,06-07,2006-12-17,78,Open
T092,06-07,2006-12-17,78,Open
T127,06-07,2006-12-17,78,Open
T134,06-07,2006-12-17,78,Open
T135,06-07,2006-12-17,78,Open
T136,06-07,2006-12-17,78,Open
T137,06-07,2006-12-17,78,Open
T148,06-07,2006-12-17,78,Closed
T152,06-07,2006-12-17,78,Groomed
T156,06-07,2006-12-17,78,Closed
T157,06-07,2006-12-17,78,Open
T002,06-07,2006-12-18,79,Groomed
T003,06-07,2006-12-18,79,Closed
T004,06-07,2006-12-18,79,Closed
T005,06-07,2006-12-18,79,Groomed
T006,06-07,2006-12-18,79,Open
T007,06-07,2006-12-18,79,Groomed
T008,06-07,2006-12-18,79,Groomed
T009,06-07,2006-12-18,79,Groomed
T010,06-07,2006-12-18,79,Groomed
T011,06-07,2006-12-18,79,Groomed
T012,06-07,2006-12-18,79,Groomed
T013,06-07,2006-12-18,79,Groomed
T015,06-07,2006-12-18,79,Open
T016,06-07,2006-12-18,79,Open
T017,06-07,2006-12-18,79,Open
T018,06-07,2006-12-18,79,Open
T019,06-07,2006-12-18,79,Closed
T020,06-07,2006-12-18,79,Open
T021,06-07,2006-12-18,79,Groomed
T022,06-07,2006-12-18,79,Groomed
T023,06-07,2006-12-18,79,Closed
T024,06-07,2006-12-18,79,Open
T025,06-07,2006-12-18,79,Groomed
T026,06-07,2006-12-18,79,Open
T027,06-07,2006-12-18,79,Groomed
T028,06-07,2006-12-18,79,Groomed
T029,06-07,2006-12-18,79,Open
T030,06-07,2006-12-18,79,Groomed
T031,06-07,2006-12-18,79,Groomed
T032,06-07,2006-12-18,79,Open
T033,06-07,2006-12-18,79,Closed
T034,06-07,2006-12-18,79,Groomed
T035,06-07,2006-12-18,79,Open
T036,06-07,2006-12-18,79,Groomed
T037,06-07,2006-12-18,79,Open
T038,06-07,2006-12-18,79,Open
T039,06-07,2006-12-18,79,Closed
T040,06-07,2006-12-18,79,Closed
T042,06-07,2006-12-18,79,Open
T043,06-07,2006-12-18,79,Open
T044,06-07,2006-12-18,79,Closed
T045,06-07,2006-12-18,79,Open
T046,06-07,2006-12-18,79,Open
T047,06-07,2006-12-18,79,Closed
T061,06-07,2006-12-18,79,Groomed
T063,06-07,2006-12-18,79,Groomed
T064,06-07,2006-12-18,79,Groomed
T065,06-07,2006-12-18,79,Groomed
T066,06-07,2006-12-18,79,Open
T067,06-07,2006-12-18,79,Groomed
T068,06-07,2006-12-18,79,Open
T069,06-07,2006-12-18,79,Closed
T070,06-07,2006-12-18,79,Open
T071,06-07,2006-12-18,79,Open
T072,06-07,2006-12-18,79,Open
T073,06-07,2006-12-18,79,Open
T074,06-07,2006-12-18,79,Open
T075,06-07,2006-12-18,79,Closed
T076,06-07,2006-12-18,79,Open
T077,06-07,2006-12-18,79,Groomed
T078,06-07,2006-12-18,79,Groomed
T079,06-07,2006-12-18,79,Groomed
T080,06-07,2006-12-18,79,Open
T081,06-07,2006-12-18,79,Open
T083,06-07,2006-12-18,79,Open
T084,06-07,2006-12-18,79,Open
T085,06-07,2006-12-18,79,Open
T086,06-07,2006-12-18,79,Open
T087,06-07,2006-12-18,79,Open
T088,06-07,2006-12-18,79,Open
T089,06-07,2006-12-18,79,Open
T090,06-07,2006-12-18,79,Open
T091,06-07,2006-12-18,79,Open
T092,06-07,2006-12-18,79,Open
T127,06-07,2006-12-18,79,Open
T134,06-07,2006-12-18,79,Open
T135,06-07,2006-12-18,79,Open
T136,06-07,2006-12-18,79,Open
T137,06-07,2006-12-18,79,Open
T148,06-07,2006-12-18,79,Closed
T152,06-07,2006-12-18,79,Groomed
T156,06-07,2006-12-18,79,Closed
T157,06-07,2006-12-18,79,Open
T002,06-07,2006-12-19,80,Groomed
T003,06-07,2006-12-19,80,Closed
T004,06-07,2006-12-19,80,Closed
T005,06-07,2006-12-19,80,Groomed
T006,06-07,2006-12-19,80,Open
T007,06-07,2006-12-19,80,Groomed
T008,06-07,2006-12-19,80,Groomed
T009,06-07,2006-12-19,80,Groomed
T010,06-07,2006-12-19,80,Groomed
T011,06-07,2006-12-19,80,Groomed
T012,06-07,2006-12-19,80,Groomed
T013,06-07,2006-12-19,80,Groomed
T015,06-07,2006-12-19,80,Open
T016,06-07,2006-12-19,80,Open
T017,06-07,2006-12-19,80,Open
T018,06-07,2006-12-19,80,Open
T019,06-07,2006-12-19,80,Closed
T020,06-07,2006-12-19,80,Open
T021,06-07,2006-12-19,80,Groomed
T022,06-07,2006-12-19,80,Groomed
T023,06-07,2006-12-19,80,Closed
T024,06-07,2006-12-19,80,Open
T025,06-07,2006-12-19,80,Groomed
T026,06-07,2006-12-19,80,Open
T027,06-07,2006-12-19,80,Groomed
T028,06-07,2006-12-19,80,Groomed
T029,06-07,2006-12-19,80,Open
T030,06-07,2006-12-19,80,Groomed
T031,06-07,2006-12-19,80,Groomed
T032,06-07,2006-12-19,80,Open
T033,06-07,2006-12-19,80,Groomed
T034,06-07,2006-12-19,80,Groomed
T035,06-07,2006-12-19,80,Open
T036,06-07,2006-12-19,80,Groomed
T037,06-07,2006-12-19,80,Open
T038,06-07,2006-12-19,80,Open
T039,06-07,2006-12-19,80,Closed
T040,06-07,2006-12-19,80,Closed
T042,06-07,2006-12-19,80,Open
T043,06-07,2006-12-19,80,Open
T044,06-07,2006-12-19,80,Closed
T045,06-07,2006-12-19,80,Open
T046,06-07,2006-12-19,80,Open
T047,06-07,2006-12-19,80,Closed
T061,06-07,2006-12-19,80,Groomed
T063,06-07,2006-12-19,80,Groomed
T064,06-07,2006-12-19,80,Groomed
T065,06-07,2006-12-19,80,Groomed
T066,06-07,2006-12-19,80,Open
T067,06-07,2006-12-19,80,Groomed
T068,06-07,2006-12-19,80,Open
T069,06-07,2006-12-19,80,Closed
T070,06-07,2006-12-19,80,Open
T071,06-07,2006-12-19,80,Open
T072,06-07,2006-12-19,80,Open
T073,06-07,2006-12-19,80,Open
T074,06-07,2006-12-19,80,Open
T075,06-07,2006-12-19,80,Closed
T076,06-07,2006-12-19,80,Open
T077,06-07,2006-12-19,80,Groomed
T078,06-07,2006-12-19,80,Groomed
T079,06-07,2006-12-19,80,Groomed
T080,06-07,2006-12-19,80,Open
T081,06-07,2006-12-19,80,Open
T083,06-07,2006-12-19,80,Open
T084,06-07,2006-12-19,80,Open
T085,06-07,2006-12-19,80,Open
T086,06-07,2006-12-19,80,Open
T087,06-07,2006-12-19,80,Open
T088,06-07,2006-12-19,80,Open
T089,06-07,2006-12-19,80,Open
T090,06-07,2006-12-19,80,Open
T091,06-07,2006-12-19,80,Open
T092,06-07,2006-12-19,80,Open
T127,06-07,2006-12-19,80,Open
T134,06-07,2006-12-19,80,Open
T135,06-07,2006-12-19,80,Open
T136,06-07,2006-12-19,80,Open
T137,06-07,2006-12-19,80,Open
T148,06-07,2006-12-19,80,Closed
T152,06-07,2006-12-19,80,Groomed
T156,06-07,2006-12-19,80,Closed
T157,06-07,2006-12-19,80,Open
T002,06-07,2006-12-20,81,Groomed
T003,06-07,2006-12-20,81,Open
T004,06-07,2006-12-20,81,Closed
T005,06-07,2006-12-20,81,Groomed
T006,06-07,2006-12-20,81,Open
T007,06-07,2006-12-20,81,Groomed
T008,06-07,2006-12-20,81,Open
T009,06-07,2006-12-20,81,Groomed
T010,06-07,2006-12-20,81,Open
T011,06-07,2006-12-20,81,Groomed
T012,06-07,2006-12-20,81,Groomed
T013,06-07,2006-12-20,81,Groomed
T015,06-07,2006-12-20,81,Open
T016,06-07,2006-12-20,81,Open
T017,06-07,2006-12-20,81,Open
T018,06-07,2006-12-20,81,Open
T019,06-07,2006-12-20,81,Closed
T020,06-07,2006-12-20,81,Open
T021,06-07,2006-12-20,81,Groomed
T022,06-07,2006-12-20,81,Groomed
T023,06-07,2006-12-20,81,Closed
T024,06-07,2006-12-20,81,Open
T025,06-07,2006-12-20,81,Groomed
T026,06-07,2006-12-20,81,Open
T027,06-07,2006-12-20,81,Open
T028,06-07,2006-12-20,81,Open
T029,06-07,2006-12-20,81,Open
T030,06-07,2006-12-20,81,Open
T031,06-07,2006-12-20,81,Groomed
T032,06-07,2006-12-20,81,Open
T033,06-07,2006-12-20,81,Open
T034,06-07,2006-12-20,81,Groomed
T035,06-07,2006-12-20,81,Open
T036,06-07,2006-12-20,81,Groomed
T037,06-07,2006-12-20,81,Open
T038,06-07,2006-12-20,81,Open
T039,06-07,2006-12-20,81,Closed
T040,06-07,2006-12-20,81,Closed
T042,06-07,2006-12-20,81,Open
T043,06-07,2006-12-20,81,Open
T044,06-07,2006-12-20,81,Open
T045,06-07,2006-12-20,81,Open
T046,06-07,2006-12-20,81,Open
T047,06-07,2006-12-20,81,Closed
T061,06-07,2006-12-20,81,Groomed
T063,06-07,2006-12-20,81,Groomed
T064,06-07,2006-12-20,81,Open
T065,06-07,2006-12-20,81,Open
T066,06-07,2006-12-20,81,Open
T067,06-07,2006-12-20,81,Groomed
T068,06-07,2006-12-20,81,Open
T069,06-07,2006-12-20,81,Closed
T070,06-07,2006-12-20,81,Open
T071,06-07,2006-12-20,81,Open
T072,06-07,2006-12-20,81,Open
T073,06-07,2006-12-20,81,Open
T074,06-07,2006-12-20,81,Open
T075,06-07,2006-12-20,81,Closed
T076,06-07,2006-12-20,81,Open
T077,06-07,2006-12-20,81,Groomed
T078,06-07,2006-12-20,81,Groomed
T079,06-07,2006-12-20,81,Groomed
T080,06-07,2006-12-20,81,Open
T081,06-07,2006-12-20,81,Open
T083,06-07,2006-12-20,81,Open
T084,06-07,2006-12-20,81,Open
T085,06-07,2006-12-20,81,Open
T086,06-07,2006-12-20,81,Open
T087,06-07,2006-12-20,81,Open
T088,06-07,2006-12-20,81,Open
T089,06-07,2006-12-20,81,Open
T090,06-07,2006-12-20,81,Open
T091,06-07,2006-12-20,81,Open
T092,06-07,2006-12-20,81,Open
T127,06-07,2006-12-20,81,Open
T134,06-07,2006-12-20,81,Open
T135,06-07,2006-12-20,81,Open
T136,06-07,2006-12-20,81,Open
T137,06-07,2006-12-20,81,Open
T148,06-07,2006-12-20,81,Closed
T152,06-07,2006-12-20,81,Groomed
T156,06-07,2006-12-20,81,Closed
T157,06-07,2006-12-20,81,Open
T002,06-07,2006-12-21,82,Groomed
T003,06-07,2006-12-21,82,Open
T004,06-07,2006-12-21,82,Closed
T005,06-07,2006-12-21,82,Groomed
T006,06-07,2006-12-21,82,Groomed
T007,06-07,2006-12-21,82,Groomed
T008,06-07,2006-12-21,82,Groomed
T009,06-07,2006-12-21,82,Groomed
T010,06-07,2006-12-21,82,Groomed
T011,06-07,2006-12-21,82,Groomed
T012,06-07,2006-12-21,82,Groomed
T013,06-07,2006-12-21,82,Groomed
T015,06-07,2006-12-21,82,Open
T016,06-07,2006-12-21,82,Open
T017,06-07,2006-12-21,82,Open
T018,06-07,2006-12-21,82,Open
T019,06-07,2006-12-21,82,Open
T020,06-07,2006-12-21,82,Groomed
T021,06-07,2006-12-21,82,Groomed
T022,06-07,2006-12-21,82,Groomed
T023,06-07,2006-12-21,82,Open
T024,06-07,2006-12-21,82,Groomed
T025,06-07,2006-12-21,82,Groomed
T026,06-07,2006-12-21,82,Open
T027,06-07,2006-12-21,82,Groomed
T028,06-07,2006-12-21,82,Groomed
T029,06-07,2006-12-21,82,Open
T030,06-07,2006-12-21,82,Groomed
T031,06-07,2006-12-21,82,Groomed
T032,06-07,2006-12-21,82,Open
T033,06-07,2006-12-21,82,Open
T034,06-07,2006-12-21,82,Groomed
T035,06-07,2006-12-21,82,Open
T036,06-07,2006-12-21,82,Groomed
T037,06-07,2006-12-21,82,Open
T038,06-07,2006-12-21,82,Open
T039,06-07,2006-12-21,82,Open
T040,06-07,2006-12-21,82,Closed
T042,06-07,2006-12-21,82,Open
T043,06-07,2006-12-21,82,Open
T044,06-07,2006-12-21,82,Open
T045,06-07,2006-12-21,82,Open
T046,06-07,2006-12-21,82,Open
T047,06-07,2006-12-21,82,Closed
T061,06-07,2006-12-21,82,Groomed
T063,06-07,2006-12-21,82,Groomed
T064,06-07,2006-12-21,82,Groomed
T065,06-07,2006-12-21,82,Open
T066,06-07,2006-12-21,82,Groomed
T067,06-07,2006-12-21,82,Groomed
T068,06-07,2006-12-21,82,Open
T069,06-07,2006-12-21,82,Closed
T070,06-07,2006-12-21,82,Open
T071,06-07,2006-12-21,82,Open
T072,06-07,2006-12-21,82,Open
T073,06-07,2006-12-21,82,Open
T074,06-07,2006-12-21,82,Open
T075,06-07,2006-12-21,82,Closed
T076,06-07,2006-12-21,82,Open
T077,06-07,2006-12-21,82,Groomed
T078,06-07,2006-12-21,82,Groomed
T079,06-07,2006-12-21,82,Groomed
T080,06-07,2006-12-21,82,Open
T081,06-07,2006-12-21,82,Open
T083,06-07,2006-12-21,82,Groomed
T084,06-07,2006-12-21,82,Open
T085,06-07,2006-12-21,82,Open
T086,06-07,2006-12-21,82,Open
T087,06-07,2006-12-21,82,Open
T088,06-07,2006-12-21,82,Open
T089,06-07,2006-12-21,82,Open
T090,06-07,2006-12-21,82,Open
T091,06-07,2006-12-21,82,Open
T092,06-07,2006-12-21,82,Open
T127,06-07,2006-12-21,82,Open
T134,06-07,2006-12-21,82,Open
T135,06-07,2006-12-21,82,Open
T136,06-07,2006-12-21,82,Open
T137,06-07,2006-12-21,82,Open
T148,06-07,2006-12-21,82,Closed
T152,06-07,2006-12-21,82,Groomed
T156,06-07,2006-12-21,82,Closed
T157,06-07,2006-12-21,82,Open
T002,06-07,2006-12-22,83,Groomed
T003,06-07,2006-12-22,83,Groomed
T004,06-07,2006-12-22,83,Closed
T005,06-07,2006-12-22,83,Groomed
T006,06-07,2006-12-22,83,Open
T007,06-07,2006-12-22,83,Groomed
T008,06-07,2006-12-22,83,Groomed
T009,06-07,2006-12-22,83,Groomed
T010,06-07,2006-12-22,83,Groomed
T011,06-07,2006-12-22,83,Groomed
T012,06-07,2006-12-22,83,Groomed
T013,06-07,2006-12-22,83,Groomed
T015,06-07,2006-12-22,83,Open
T016,06-07,2006-12-22,83,Open
T017,06-07,2006-12-22,83,Open
T018,06-07,2006-12-22,83,Groomed
T019,06-07,2006-12-22,83,Open
T020,06-07,2006-12-22,83,Groomed
T021,06-07,2006-12-22,83,Groomed
T022,06-07,2006-12-22,83,Groomed
T023,06-07,2006-12-22,83,Groomed
T024,06-07,2006-12-22,83,Open
T025,06-07,2006-12-22,83,Groomed
T026,06-07,2006-12-22,83,Open
T027,06-07,2006-12-22,83,Groomed
T028,06-07,2006-12-22,83,Groomed
T029,06-07,2006-12-22,83,Open
T030,06-07,2006-12-22,83,Groomed
T031,06-07,2006-12-22,83,Groomed
T032,06-07,2006-12-22,83,Open
T033,06-07,2006-12-22,83,Groomed
T034,06-07,2006-12-22,83,Groomed
T035,06-07,2006-12-22,83,Open
T036,06-07,2006-12-22,83,Groomed
T037,06-07,2006-12-22,83,Open
T038,06-07,2006-12-22,83,Open
T039,06-07,2006-12-22,83,Open
T040,06-07,2006-12-22,83,Closed
T042,06-07,2006-12-22,83,Open
T043,06-07,2006-12-22,83,Open
T044,06-07,2006-12-22,83,Open
T045,06-07,2006-12-22,83,Open
T046,06-07,2006-12-22,83,Open
T047,06-07,2006-12-22,83,Closed
T061,06-07,2006-12-22,83,Groomed
T063,06-07,2006-12-22,83,Groomed
T064,06-07,2006-12-22,83,Open
T065,06-07,2006-12-22,83,Groomed
T066,06-07,2006-12-22,83,Open
T067,06-07,2006-12-22,83,Groomed
T068,06-07,2006-12-22,83,Open
T069,06-07,2006-12-22,83,Open
T070,06-07,2006-12-22,83,Open
T071,06-07,2006-12-22,83,Open
T072,06-07,2006-12-22,83,Open
T073,06-07,2006-12-22,83,Open
T074,06-07,2006-12-22,83,Open
T075,06-07,2006-12-22,83,Open
T076,06-07,2006-12-22,83,Open
T077,06-07,2006-12-22,83,Groomed
T078,06-07,2006-12-22,83,Groomed
T079,06-07,2006-12-22,83,Groomed
T080,06-07,2006-12-22,83,Open
T081,06-07,2006-12-22,83,Open
T083,06-07,2006-12-22,83,Groomed
T084,06-07,2006-12-22,83,Open
T085,06-07,2006-12-22,83,Open
T086,06-07,2006-12-22,83,Open
T087,06-07,2006-12-22,83,Open
T088,06-07,2006-12-22,83,Open
T089,06-07,2006-12-22,83,Open
T090,06-07,2006-12-22,83,Open
T091,06-07,2006-12-22,83,Open
T092,06-07,2006-12-22,83,Open
T127,06-07,2006-12-22,83,Open
T134,06-07,2006-12-22,83,Open
T135,06-07,2006-12-22,83,Open
T136,06-07,2006-12-22,83,Open
T137,06-07,2006-12-22,83,Open
T148,06-07,2006-12-22,83,Closed
T152,06-07,2006-12-22,83,Groomed
T156,06-07,2006-12-22,83,Closed
T157,06-07,2006-12-22,83,Open
T002,06-07,2006-12-23,84,Groomed
T003,06-07,2006-12-23,84,Open
T004,06-07,2006-12-23,84,Groomed
T005,06-07,2006-12-23,84,Groomed
T006,06-07,2006-12-23,84,Open
T007,06-07,2006-12-23,84,Groomed
T008,06-07,2006-12-23,84,Groomed
T009,06-07,2006-12-23,84,Groomed
T010,06-07,2006-12-23,84,Groomed
T011,06-07,2006-12-23,84,Groomed
T012,06-07,2006-12-23,84,Groomed
T013,06-07,2006-12-23,84,Groomed
T015,06-07,2006-12-23,84,Open
T016,06-07,2006-12-23,84,Open
T017,06-07,2006-12-23,84,Open
T018,06-07,2006-12-23,84,Open
T019,06-07,2006-12-23,84,Open
T020,06-07,2006-12-23,84,Groomed
T021,06-07,2006-12-23,84,Groomed
T022,06-07,2006-12-23,84,Groomed
T023,06-07,2006-12-23,84,Groomed
T024,06-07,2006-12-23,84,Open
T025,06-07,2006-12-23,84,Groomed
T026,06-07,2006-12-23,84,Open
T027,06-07,2006-12-23,84,Groomed
T028,06-07,2006-12-23,84,Groomed
T029,06-07,2006-12-23,84,Open
T030,06-07,2006-12-23,84,Groomed
T031,06-07,2006-12-23,84,Groomed
T032,06-07,2006-12-23,84,Open
T033,06-07,2006-12-23,84,Open
T034,06-07,2006-12-23,84,Groomed
T035,06-07,2006-12-23,84,Open
T036,06-07,2006-12-23,84,Groomed
T037,06-07,2006-12-23,84,Open
T038,06-07,2006-12-23,84,Open
T039,06-07,2006-12-23,84,Open
T040,06-07,2006-12-23,84,Open
T042,06-07,2006-12-23,84,Open
T043,06-07,2006-12-23,84,Open
T044,06-07,2006-12-23,84,Open
T045,06-07,2006-12-23,84,Open
T046,06-07,2006-12-23,84,Open
T047,06-07,2006-12-23,84,Closed
T061,06-07,2006-12-23,84,Groomed
T063,06-07,2006-12-23,84,Groomed
T064,06-07,2006-12-23,84,Open
T065,06-07,2006-12-23,84,Open
T066,06-07,2006-12-23,84,Groomed
T067,06-07,2006-12-23,84,Groomed
T068,06-07,2006-12-23,84,Open
T069,06-07,2006-12-23,84,Open
T070,06-07,2006-12-23,84,Open
T071,06-07,2006-12-23,84,Open
T072,06-07,2006-12-23,84,Open
T073,06-07,2006-12-23,84,Open
T074,06-07,2006-12-23,84,Open
T075,06-07,2006-12-23,84,Open
T076,06-07,2006-12-23,84,Open
T077,06-07,2006-12-23,84,Groomed
T078,06-07,2006-12-23,84,Groomed
T079,06-07,2006-12-23,84,Open
T080,06-07,2006-12-23,84,Open
T081,06-07,2006-12-23,84,Open
T083,06-07,2006-12-23,84,Groomed
T084,06-07,2006-12-23,84,Open
T085,06-07,2006-12-23,84,Open
T086,06-07,2006-12-23,84,Open
T087,06-07,2006-12-23,84,Open
T088,06-07,2006-12-23,84,Open
T089,06-07,2006-12-23,84,Open
T090,06-07,2006-12-23,84,Open
T091,06-07,2006-12-23,84,Open
T092,06-07,2006-12-23,84,Open
T127,06-07,2006-12-23,84,Open
T134,06-07,2006-12-23,84,Open
T135,06-07,2006-12-23,84,Open
T136,06-07,2006-12-23,84,Open
T137,06-07,2006-12-23,84,Open
T148,06-07,2006-12-23,84,Closed
T152,06-07,2006-12-23,84,Groomed
T156,06-07,2006-12-23,84,Closed
T157,06-07,2006-12-23,84,Open
T002,06-07,2006-12-24,85,Groomed
T003,06-07,2006-12-24,85,Groomed
T004,06-07,2006-12-24,85,Groomed
T005,06-07,2006-12-24,85,Groomed
T006,06-07,2006-12-24,85,Open
T007,06-07,2006-12-24,85,Groomed
T008,06-07,2006-12-24,85,Groomed
T009,06-07,2006-12-24,85,Groomed
T010,06-07,2006-12-24,85,Groomed
T011,06-07,2006-12-24,85,Groomed
T012,06-07,2006-12-24,85,Groomed
T013,06-07,2006-12-24,85,Groomed
T015,06-07,2006-12-24,85,Open
T016,06-07,2006-12-24,85,Open
T017,06-07,2006-12-24,85,Open
T018,06-07,2006-12-24,85,Groomed
T019,06-07,2006-12-24,85,Open
T020,06-07,2006-12-24,85,Groomed
T021,06-07,2006-12-24,85,Groomed
T022,06-07,2006-12-24,85,Groomed
T023,06-07,2006-12-24,85,Groomed
T024,06-07,2006-12-24,85,Open
T025,06-07,2006-12-24,85,Groomed
T026,06-07,2006-12-24,85,Open
T027,06-07,2006-12-24,85,Groomed
T028,06-07,2006-12-24,85,Open
T029,06-07,2006-12-24,85,Open
T030,06-07,2006-12-24,85,Open
T031,06-07,2006-12-24,85,Groomed
T032,06-07,2006-12-24,85,Open
T033,06-07,2006-12-24,85,Groomed
T034,06-07,2006-12-24,85,Groomed
T035,06-07,2006-12-24,85,Open
T036,06-07,2006-12-24,85,Groomed
T037,06-07,2006-12-24,85,Open
T038,06-07,2006-12-24,85,Open
T039,06-07,2006-12-24,85,Open
T040,06-07,2006-12-24,85,Open
T042,06-07,2006-12-24,85,Open
T043,06-07,2006-12-24,85,Open
T044,06-07,2006-12-24,85,Open
T045,06-07,2006-12-24,85,Open
T046,06-07,2006-12-24,85,Open
T047,06-07,2006-12-24,85,Closed
T061,06-07,2006-12-24,85,Groomed
T063,06-07,2006-12-24,85,Groomed
T064,06-07,2006-12-24,85,Groomed
T065,06-07,2006-12-24,85,Groomed
T066,06-07,2006-12-24,85,Open
T067,06-07,2006-12-24,85,Groomed
T068,06-07,2006-12-24,85,Open
T069,06-07,2006-12-24,85,Open
T070,06-07,2006-12-24,85,Open
T071,06-07,2006-12-24,85,Open
T072,06-07,2006-12-24,85,Open
T073,06-07,2006-12-24,85,Open
T074,06-07,2006-12-24,85,Open
T075,06-07,2006-12-24,85,Open
T076,06-07,2006-12-24,85,Open
T077,06-07,2006-12-24,85,Groomed
T078,06-07,2006-12-24,85,Groomed
T079,06-07,2006-12-24,85,Groomed
T080,06-07,2006-12-24,85,Open
T081,06-07,2006-12-24,85,Open
T083,06-07,2006-12-24,85,Open
T084,06-07,2006-12-24,85,Open
T085,06-07,2006-12-24,85,Open
T086,06-07,2006-12-24,85,Open
T087,06-07,2006-12-24,85,Open
T088,06-07,2006-12-24,85,Open
T089,06-07,2006-12-24,85,Open
T090,06-07,2006-12-24,85,Open
T091,06-07,2006-12-24,85,Open
T092,06-07,2006-12-24,85,Open
T127,06-07,2006-12-24,85,Open
T134,06-07,2006-12-24,85,Open
T135,06-07,2006-12-24,85,Open
T136,06-07,2006-12-24,85,Open
T137,06-07,2006-12-24,85,Open
T148,06-07,2006-12-24,85,Open
T152,06-07,2006-12-24,85,Groomed
T156,06-07,2006-12-24,85,Closed
T157,06-07,2006-12-24,85,Open
T002,06-07,2006-12-25,86,Groomed
T003,06-07,2006-12-25,86,Groomed
T004,06-07,2006-12-25,86,Groomed
T005,06-07,2006-12-25,86,Groomed
T006,06-07,2006-12-25,86,Open
T007,06-07,2006-12-25,86,Groomed
T008,06-07,2006-12-25,86,Groomed
T009,06-07,2006-12-25,86,Groomed
T010,06-07,2006-12-25,86,Groomed
T011,06-07,2006-12-25,86,Groomed
T012,06-07,2006-12-25,86,Groomed
T013,06-07,2006-12-25,86,Groomed
T015,06-07,2006-12-25,86,Open
T016,06-07,2006-12-25,86,Open
T017,06-07,2006-12-25,86,Open
T018,06-07,2006-12-25,86,Groomed
T019,06-07,2006-12-25,86,Open
T020,06-07,2006-12-25,86,Open
T021,06-07,2006-12-25,86,Groomed
T022,06-07,2006-12-25,86,Groomed
T023,06-07,2006-12-25,86,Groomed
T024,06-07,2006-12-25,86,Open
T025,06-07,2006-12-25,86,Groomed
T026,06-07,2006-12-25,86,Open
T027,06-07,2006-12-25,86,Groomed
T028,06-07,2006-12-25,86,Groomed
T029,06-07,2006-12-25,86,Open
T030,06-07,2006-12-25,86,Groomed
T031,06-07,2006-12-25,86,Groomed
T032,06-07,2006-12-25,86,Open
T033,06-07,2006-12-25,86,Groomed
T034,06-07,2006-12-25,86,Groomed
T035,06-07,2006-12-25,86,Open
T036,06-07,2006-12-25,86,Groomed
T037,06-07,2006-12-25,86,Open
T038,06-07,2006-12-25,86,Open
T039,06-07,2006-12-25,86,Open
T040,06-07,2006-12-25,86,Open
T042,06-07,2006-12-25,86,Open
T043,06-07,2006-12-25,86,Open
T044,06-07,2006-12-25,86,Open
T045,06-07,2006-12-25,86,Open
T046,06-07,2006-12-25,86,Open
T047,06-07,2006-12-25,86,Closed
T061,06-07,2006-12-25,86,Groomed
T063,06-07,2006-12-25,86,Groomed
T064,06-07,2006-12-25,86,Groomed
T065,06-07,2006-12-25,86,Groomed
T066,06-07,2006-12-25,86,Open
T067,06-07,2006-12-25,86,Groomed
T068,06-07,2006-12-25,86,Open
T069,06-07,2006-12-25,86,Open
T070,06-07,2006-12-25,86,Open
T071,06-07,2006-12-25,86,Open
T072,06-07,2006-12-25,86,Open
T073,06-07,2006-12-25,86,Open
T074,06-07,2006-12-25,86,Open
T075,06-07,2006-12-25,86,Open
T076,06-07,2006-12-25,86,Open
T077,06-07,2006-12-25,86,Groomed
T078,06-07,2006-12-25,86,Groomed
T079,06-07,2006-12-25,86,Groomed
T080,06-07,2006-12-25,86,Open
T081,06-07,2006-12-25,86,Open
T083,06-07,2006-12-25,86,Open
T084,06-07,2006-12-25,86,Open
T085,06-07,2006-12-25,86,Open
T086,06-07,2006-12-25,86,Open
T087,06-07,2006-12-25,86,Open
T088,06-07,2006-12-25,86,Open
T089,06-07,2006-12-25,86,Open
T090,06-07,2006-12-25,86,Open
T091,06-07,2006-12-25,86,Open
T092,06-07,2006-12-25,86,Open
T127,06-07,2006-12-25,86,Open
T134,06-07,2006-12-25,86,Open
T135,06-07,2006-12-25,86,Open
T136,06-07,2006-12-25,86,Open
T137,06-07,2006-12-25,86,Open
T148,06-07,2006-12-25,86,Open
T152,06-07,2006-12-25,86,Groomed
T156,06-07,2006-12-25,86,Closed
T157,06-07,2006-12-25,86,Open
T002,06-07,2006-12-26,87,Groomed
T003,06-07,2006-12-26,87,Groomed
T004,06-07,2006-12-26,87,Groomed
T005,06-07,2006-12-26,87,Groomed
T006,06-07,2006-12-26,87,Groomed
T007,06-07,2006-12-26,87,Groomed
T008,06-07,2006-12-26,87,Groomed
T009,06-07,2006-12-26,87,Groomed
T010,06-07,2006-12-26,87,Groomed
T011,06-07,2006-12-26,87,Groomed
T012,06-07,2006-12-26,87,Groomed
T013,06-07,2006-12-26,87,Groomed
T015,06-07,2006-12-26,87,Open
T016,06-07,2006-12-26,87,Open
T017,06-07,2006-12-26,87,Open
T018,06-07,2006-12-26,87,Groomed
T019,06-07,2006-12-26,87,Open
T020,06-07,2006-12-26,87,Open
T021,06-07,2006-12-26,87,Groomed
T022,06-07,2006-12-26,87,Groomed
T023,06-07,2006-12-26,87,Groomed
T024,06-07,2006-12-26,87,Open
T025,06-07,2006-12-26,87,Groomed
T026,06-07,2006-12-26,87,Open
T027,06-07,2006-12-26,87,Groomed
T028,06-07,2006-12-26,87,Groomed
T029,06-07,2006-12-26,87,Open
T030,06-07,2006-12-26,87,Groomed
T031,06-07,2006-12-26,87,Groomed
T032,06-07,2006-12-26,87,Open
T033,06-07,2006-12-26,87,Groomed
T034,06-07,2006-12-26,87,Groomed
T035,06-07,2006-12-26,87,Open
T036,06-07,2006-12-26,87,Groomed
T037,06-07,2006-12-26,87,Open
T038,06-07,2006-12-26,87,Open
T039,06-07,2006-12-26,87,Open
T040,06-07,2006-12-26,87,Groomed
T042,06-07,2006-12-26,87,Open
T043,06-07,2006-12-26,87,Open
T044,06-07,2006-12-26,87,Open
T045,06-07,2006-12-26,87,Open
T046,06-07,2006-12-26,87,Open
T047,06-07,2006-12-26,87,Closed
T061,06-07,2006-12-26,87,Groomed
T063,06-07,2006-12-26,87,Groomed
T064,06-07,2006-12-26,87,Groomed
T065,06-07,2006-12-26,87,Groomed
T066,06-07,2006-12-26,87,Open
T067,06-07,2006-12-26,87,Groomed
T068,06-07,2006-12-26,87,Open
T069,06-07,2006-12-26,87,Open
T070,06-07,2006-12-26,87,Open
T071,06-07,2006-12-26,87,Open
T072,06-07,2006-12-26,87,Open
T073,06-07,2006-12-26,87,Open
T074,06-07,2006-12-26,87,Open
T075,06-07,2006-12-26,87,Open
T076,06-07,2006-12-26,87,Open
T077,06-07,2006-12-26,87,Groomed
T078,06-07,2006-12-26,87,Groomed
T079,06-07,2006-12-26,87,Groomed
T080,06-07,2006-12-26,87,Open
T081,06-07,2006-12-26,87,Open
T083,06-07,2006-12-26,87,Open
T084,06-07,2006-12-26,87,Open
T085,06-07,2006-12-26,87,Open
T086,06-07,2006-12-26,87,Open
T087,06-07,2006-12-26,87,Open
T088,06-07,2006-12-26,87,Open
T089,06-07,2006-12-26,87,Open
T090,06-07,2006-12-26,87,Open
T091,06-07,2006-12-26,87,Open
T092,06-07,2006-12-26,87,Open
T127,06-07,2006-12-26,87,Open
T134,06-07,2006-12-26,87,Open
T135,06-07,2006-12-26,87,Open
T136,06-07,2006-12-26,87,Open
T137,06-07,2006-12-26,87,Open
T148,06-07,2006-12-26,87,Open
T152,06-07,2006-12-26,87,Groomed
T156,06-07,2006-12-26,87,Closed
T157,06-07,2006-12-26,87,Open
T002,06-07,2006-12-27,88,Groomed
T003,06-07,2006-12-27,88,Groomed
T004,06-07,2006-12-27,88,Groomed
T005,06-07,2006-12-27,88,Groomed
T006,06-07,2006-12-27,88,Open
T007,06-07,2006-12-27,88,Groomed
T008,06-07,2006-12-27,88,Groomed
T009,06-07,2006-12-27,88,Groomed
T010,06-07,2006-12-27,88,Groomed
T011,06-07,2006-12-27,88,Groomed
T012,06-07,2006-12-27,88,Groomed
T013,06-07,2006-12-27,88,Groomed
T015,06-07,2006-12-27,88,Open
T016,06-07,2006-12-27,88,Open
T017,06-07,2006-12-27,88,Open
T018,06-07,2006-12-27,88,Open
T019,06-07,2006-12-27,88,Open
T020,06-07,2006-12-27,88,Open
T021,06-07,2006-12-27,88,Groomed
T022,06-07,2006-12-27,88,Groomed
T023,06-07,2006-12-27,88,Groomed
T024,06-07,2006-12-27,88,Open
T025,06-07,2006-12-27,88,Groomed
T026,06-07,2006-12-27,88,Open
T027,06-07,2006-12-27,88,Groomed
T028,06-07,2006-12-27,88,Open
T029,06-07,2006-12-27,88,Open
T030,06-07,2006-12-27,88,Open
T031,06-07,2006-12-27,88,Groomed
T032,06-07,2006-12-27,88,Open
T033,06-07,2006-12-27,88,Groomed
T034,06-07,2006-12-27,88,Groomed
T035,06-07,2006-12-27,88,Open
T036,06-07,2006-12-27,88,Groomed
T037,06-07,2006-12-27,88,Open
T038,06-07,2006-12-27,88,Open
T039,06-07,2006-12-27,88,Open
T040,06-07,2006-12-27,88,Groomed
T042,06-07,2006-12-27,88,Open
T043,06-07,2006-12-27,88,Open
T044,06-07,2006-12-27,88,Open
T045,06-07,2006-12-27,88,Open
T046,06-07,2006-12-27,88,Open
T047,06-07,2006-12-27,88,Closed
T061,06-07,2006-12-27,88,Groomed
T063,06-07,2006-12-27,88,Groomed
T064,06-07,2006-12-27,88,Groomed
T065,06-07,2006-12-27,88,Groomed
T066,06-07,2006-12-27,88,Open
T067,06-07,2006-12-27,88,Groomed
T068,06-07,2006-12-27,88,Open
T069,06-07,2006-12-27,88,Open
T070,06-07,2006-12-27,88,Open
T071,06-07,2006-12-27,88,Open
T072,06-07,2006-12-27,88,Open
T073,06-07,2006-12-27,88,Open
T074,06-07,2006-12-27,88,Open
T075,06-07,2006-12-27,88,Open
T076,06-07,2006-12-27,88,Open
T077,06-07,2006-12-27,88,Groomed
T078,06-07,2006-12-27,88,Groomed
T079,06-07,2006-12-27,88,Groomed
T080,06-07,2006-12-27,88,Open
T081,06-07,2006-12-27,88,Open
T083,06-07,2006-12-27,88,Open
T084,06-07,2006-12-27,88,Open
T085,06-07,2006-12-27,88,Open
T086,06-07,2006-12-27,88,Open
T087,06-07,2006-12-27,88,Open
T088,06-07,2006-12-27,88,Open
T089,06-07,2006-12-27,88,Open
T090,06-07,2006-12-27,88,Open
T091,06-07,2006-12-27,88,Open
T092,06-07,2006-12-27,88,Open
T127,06-07,2006-12-27,88,Open
T134,06-07,2006-12-27,88,Open
T135,06-07,2006-12-27,88,Open
T136,06-07,2006-12-27,88,Open
T137,06-07,2006-12-27,88,Open
T148,06-07,2006-12-27,88,Open
T152,06-07,2006-12-27,88,Groomed
T156,06-07,2006-12-27,88,Closed
T157,06-07,2006-12-27,88,Open
T002,06-07,2006-12-28,89,Groomed
T003,06-07,2006-12-28,89,Groomed
T004,06-07,2006-12-28,89,Groomed
T005,06-07,2006-12-28,89,Groomed
T006,06-07,2006-12-28,89,Open
T007,06-07,2006-12-28,89,Groomed
T008,06-07,2006-12-28,89,Groomed
T009,06-07,2006-12-28,89,Groomed
T010,06-07,2006-12-28,89,Groomed
T011,06-07,2006-12-28,89,Groomed
T012,06-07,2006-12-28,89,Groomed
T013,06-07,2006-12-28,89,Groomed
T015,06-07,2006-12-28,89,Open
T016,06-07,2006-12-28,89,Open
T017,06-07,2006-12-28,89,Open
T018,06-07,2006-12-28,89,Open
T019,06-07,2006-12-28,89,Open
T020,06-07,2006-12-28,89,Groomed
T021,06-07,2006-12-28,89,Groomed
T022,06-07,2006-12-28,89,Groomed
T023,06-07,2006-12-28,89,Groomed
T024,06-07,2006-12-28,89,Open
T025,06-07,2006-12-28,89,Groomed
T026,06-07,2006-12-28,89,Open
T027,06-07,2006-12-28,89,Groomed
T028,06-07,2006-12-28,89,Open
T029,06-07,2006-12-28,89,Open
T030,06-07,2006-12-28,89,Open
T031,06-07,2006-12-28,89,Groomed
T032,06-07,2006-12-28,89,Open
T033,06-07,2006-12-28,89,Groomed
T034,06-07,2006-12-28,89,Groomed
T035,06-07,2006-12-28,89,Open
T036,06-07,2006-12-28,89,Groomed
T037,06-07,2006-12-28,89,Open
T038,06-07,2006-12-28,89,Open
T039,06-07,2006-12-28,89,Open
T040,06-07,2006-12-28,89,Groomed
T042,06-07,2006-12-28,89,Open
T043,06-07,2006-12-28,89,Open
T044,06-07,2006-12-28,89,Open
T045,06-07,2006-12-28,89,Open
T046,06-07,2006-12-28,89,Open
T047,06-07,2006-12-28,89,Closed
T061,06-07,2006-12-28,89,Groomed
T063,06-07,2006-12-28,89,Groomed
T064,06-07,2006-12-28,89,Groomed
T065,06-07,2006-12-28,89,Open
T066,06-07,2006-12-28,89,Groomed
T067,06-07,2006-12-28,89,Groomed
T068,06-07,2006-12-28,89,Open
T069,06-07,2006-12-28,89,Open
T070,06-07,2006-12-28,89,Open
T071,06-07,2006-12-28,89,Open
T072,06-07,2006-12-28,89,Open
T073,06-07,2006-12-28,89,Open
T074,06-07,2006-12-28,89,Open
T075,06-07,2006-12-28,89,Open
T076,06-07,2006-12-28,89,Open
T077,06-07,2006-12-28,89,Groomed
T078,06-07,2006-12-28,89,Groomed
T079,06-07,2006-12-28,89,Groomed
T080,06-07,2006-12-28,89,Open
T081,06-07,2006-12-28,89,Open
T083,06-07,2006-12-28,89,Open
T084,06-07,2006-12-28,89,Open
T085,06-07,2006-12-28,89,Open
T086,06-07,2006-12-28,89,Open
T087,06-07,2006-12-28,89,Open
T088,06-07,2006-12-28,89,Open
T089,06-07,2006-12-28,89,Open
T090,06-07,2006-12-28,89,Open
T091,06-07,2006-12-28,89,Open
T092,06-07,2006-12-28,89,Open
T127,06-07,2006-12-28,89,Open
T134,06-07,2006-12-28,89,Open
T135,06-07,2006-12-28,89,Open
T136,06-07,2006-12-28,89,Open
T137,06-07,2006-12-28,89,Open
T148,06-07,2006-12-28,89,Open
T152,06-07,2006-12-28,89,Groomed
T156,06-07,2006-12-28,89,Closed
T157,06-07,2006-12-28,89,Open
T002,06-07,2006-12-29,90,Groomed
T003,06-07,2006-12-29,90,Groomed
T004,06-07,2006-12-29,90,Groomed
T005,06-07,2006-12-29,90,Groomed
T006,06-07,2006-12-29,90,Open
T007,06-07,2006-12-29,90,Groomed
T008,06-07,2006-12-29,90,Groomed
T009,06-07,2006-12-29,90,Groomed
T010,06-07,2006-12-29,90,Groomed
T011,06-07,2006-12-29,90,Groomed
T012,06-07,2006-12-29,90,Groomed
T013,06-07,2006-12-29,90,Groomed
T015,06-07,2006-12-29,90,Open
T016,06-07,2006-12-29,90,Open
T017,06-07,2006-12-29,90,Open
T018,06-07,2006-12-29,90,Open
T019,06-07,2006-12-29,90,Closed
T020,06-07,2006-12-29,90,Groomed
T021,06-07,2006-12-29,90,Groomed
T022,06-07,2006-12-29,90,Groomed
T023,06-07,2006-12-29,90,Groomed
T024,06-07,2006-12-29,90,Open
T025,06-07,2006-12-29,90,Groomed
T026,06-07,2006-12-29,90,Open
T027,06-07,2006-12-29,90,Groomed
T028,06-07,2006-12-29,90,Groomed
T029,06-07,2006-12-29,90,Open
T030,06-07,2006-12-29,90,Groomed
T031,06-07,2006-12-29,90,Groomed
T032,06-07,2006-12-29,90,Open
T033,06-07,2006-12-29,90,Groomed
T034,06-07,2006-12-29,90,Groomed
T035,06-07,2006-12-29,90,Open
T036,06-07,2006-12-29,90,Groomed
T037,06-07,2006-12-29,90,Open
T038,06-07,2006-12-29,90,Open
T039,06-07,2006-12-29,90,Open
T040,06-07,2006-12-29,90,Groomed
T042,06-07,2006-12-29,90,Open
T043,06-07,2006-12-29,90,Open
T044,06-07,2006-12-29,90,Open
T045,06-07,2006-12-29,90,Open
T046,06-07,2006-12-29,90,Open
T047,06-07,2006-12-29,90,Closed
T061,06-07,2006-12-29,90,Groomed
T063,06-07,2006-12-29,90,Groomed
T064,06-07,2006-12-29,90,Groomed
T065,06-07,2006-12-29,90,Groomed
T066,06-07,2006-12-29,90,Groomed
T067,06-07,2006-12-29,90,Groomed
T068,06-07,2006-12-29,90,Open
T069,06-07,2006-12-29,90,Open
T070,06-07,2006-12-29,90,Open
T071,06-07,2006-12-29,90,Open
T072,06-07,2006-12-29,90,Open
T073,06-07,2006-12-29,90,Open
T074,06-07,2006-12-29,90,Open
T075,06-07,2006-12-29,90,Open
T076,06-07,2006-12-29,90,Open
T077,06-07,2006-12-29,90,Groomed
T078,06-07,2006-12-29,90,Groomed
T079,06-07,2006-12-29,90,Groomed
T080,06-07,2006-12-29,90,Open
T081,06-07,2006-12-29,90,Open
T083,06-07,2006-12-29,90,Groomed
T084,06-07,2006-12-29,90,Open
T085,06-07,2006-12-29,90,Open
T086,06-07,2006-12-29,90,Open
T087,06-07,2006-12-29,90,Open
T088,06-07,2006-12-29,90,Open
T089,06-07,2006-12-29,90,Open
T090,06-07,2006-12-29,90,Open
T091,06-07,2006-12-29,90,Open
T092,06-07,2006-12-29,90,Open
T127,06-07,2006-12-29,90,Open
T134,06-07,2006-12-29,90,Open
T135,06-07,2006-12-29,90,Open
T136,06-07,2006-12-29,90,Open
T137,06-07,2006-12-29,90,Open
T148,06-07,2006-12-29,90,Open
T152,06-07,2006-12-29,90,Groomed
T156,06-07,2006-12-29,90,Closed
T157,06-07,2006-12-29,90,Open
T002,06-07,2006-12-30,91,Groomed
T003,06-07,2006-12-30,91,Groomed
T004,06-07,2006-12-30,91,Groomed
T005,06-07,2006-12-30,91,Groomed
T006,06-07,2006-12-30,91,Open
T007,06-07,2006-12-30,91,Groomed
T008,06-07,2006-12-30,91,Groomed
T009,06-07,2006-12-30,91,Groomed
T010,06-07,2006-12-30,91,Groomed
T011,06-07,2006-12-30,91,Groomed
T012,06-07,2006-12-30,91,Groomed
T013,06-07,2006-12-30,91,Groomed
T015,06-07,2006-12-30,91,Open
T016,06-07,2006-12-30,91,Open
T017,06-07,2006-12-30,91,Open
T018,06-07,2006-12-30,91,Open
T019,06-07,2006-12-30,91,Closed
T020,06-07,2006-12-30,91,Groomed
T021,06-07,2006-12-30,91,Groomed
T022,06-07,2006-12-30,91,Groomed
T023,06-07,2006-12-30,91,Groomed
T024,06-07,2006-12-30,91,Open
T025,06-07,2006-12-30,91,Groomed
T026,06-07,2006-12-30,91,Open
T027,06-07,2006-12-30,91,Groomed
T028,06-07,2006-12-30,91,Groomed
T029,06-07,2006-12-30,91,Open
T030,06-07,2006-12-30,91,Groomed
T031,06-07,2006-12-30,91,Groomed
T032,06-07,2006-12-30,91,Open
T033,06-07,2006-12-30,91,Groomed
T034,06-07,2006-12-30,91,Groomed
T035,06-07,2006-12-30,91,Open
T036,06-07,2006-12-30,91,Groomed
T037,06-07,2006-12-30,91,Open
T038,06-07,2006-12-30,91,Open
T039,06-07,2006-12-30,91,Open
T040,06-07,2006-12-30,91,Groomed
T042,06-07,2006-12-30,91,Open
T043,06-07,2006-12-30,91,Open
T044,06-07,2006-12-30,91,Open
T045,06-07,2006-12-30,91,Open
T046,06-07,2006-12-30,91,Open
T047,06-07,2006-12-30,91,Closed
T061,06-07,2006-12-30,91,Groomed
T063,06-07,2006-12-30,91,Groomed
T064,06-07,2006-12-30,91,Groomed
T065,06-07,2006-12-30,91,Open
T066,06-07,2006-12-30,91,Groomed
T067,06-07,2006-12-30,91,Groomed
T068,06-07,2006-12-30,91,Open
T069,06-07,2006-12-30,91,Open
T070,06-07,2006-12-30,91,Open
T071,06-07,2006-12-30,91,Open
T072,06-07,2006-12-30,91,Open
T073,06-07,2006-12-30,91,Open
T074,06-07,2006-12-30,91,Open
T075,06-07,2006-12-30,91,Open
T076,06-07,2006-12-30,91,Open
T077,06-07,2006-12-30,91,Groomed
T078,06-07,2006-12-30,91,Groomed
T079,06-07,2006-12-30,91,Groomed
T080,06-07,2006-12-30,91,Open
T081,06-07,2006-12-30,91,Open
T083,06-07,2006-12-30,91,Groomed
T084,06-07,2006-12-30,91,Open
T085,06-07,2006-12-30,91,Open
T086,06-07,2006-12-30,91,Open
T087,06-07,2006-12-30,91,Open
T088,06-07,2006-12-30,91,Open
T089,06-07,2006-12-30,91,Open
T090,06-07,2006-12-30,91,Open
T091,06-07,2006-12-30,91,Open
T092,06-07,2006-12-30,91,Open
T127,06-07,2006-12-30,91,Open
T134,06-07,2006-12-30,91,Open
T135,06-07,2006-12-30,91,Open
T136,06-07,2006-12-30,91,Open
T137,06-07,2006-12-30,91,Open
T148,06-07,2006-12-30,91,Open
T152,06-07,2006-12-30,91,Groomed
T156,06-07,2006-12-30,91,Closed
T157,06-07,2006-12-30,91,Open
T002,06-07,2006-12-31,92,Groomed
T003,06-07,2006-12-31,92,Open
T004,06-07,2006-12-31,92,Groomed
T005,06-07,2006-12-31,92,Groomed
T006,06-07,2006-12-31,92,Open
T007,06-07,2006-12-31,92,Groomed
T008,06-07,2006-12-31,92,Groomed
T009,06-07,2006-12-31,92,Groomed
T010,06-07,2006-12-31,92,Groomed
T011,06-07,2006-12-31,92,Groomed
T012,06-07,2006-12-31,92,Groomed
T013,06-07,2006-12-31,92,Groomed
T015,06-07,2006-12-31,92,Open
T016,06-07,2006-12-31,92,Open
T017,06-07,2006-12-31,92,Open
T018,06-07,2006-12-31,92,Open
T019,06-07,2006-12-31,92,Closed
T020,06-07,2006-12-31,92,Groomed
T021,06-07,2006-12-31,92,Groomed
T022,06-07,2006-12-31,92,Groomed
T023,06-07,2006-12-31,92,Groomed
T024,06-07,2006-12-31,92,Open
T025,06-07,2006-12-31,92,Groomed
T026,06-07,2006-12-31,92,Open
T027,06-07,2006-12-31,92,Groomed
T028,06-07,2006-12-31,92,Groomed
T029,06-07,2006-12-31,92,Open
T030,06-07,2006-12-31,92,Groomed
T031,06-07,2006-12-31,92,Groomed
T032,06-07,2006-12-31,92,Closed
T033,06-07,2006-12-31,92,Groomed
T034,06-07,2006-12-31,92,Groomed
T035,06-07,2006-12-31,92,Open
T036,06-07,2006-12-31,92,Groomed
T037,06-07,2006-12-31,92,Open
T038,06-07,2006-12-31,92,Open
T039,06-07,2006-12-31,92,Open
T040,06-07,2006-12-31,92,Groomed
T042,06-07,2006-12-31,92,Open
T043,06-07,2006-12-31,92,Open
T044,06-07,2006-12-31,92,Open
T045,06-07,2006-12-31,92,Open
T046,06-07,2006-12-31,92,Open
T047,06-07,2006-12-31,92,Closed
T061,06-07,2006-12-31,92,Groomed
T063,06-07,2006-12-31,92,Groomed
T064,06-07,2006-12-31,92,Groomed
T065,06-07,2006-12-31,92,Open
T066,06-07,2006-12-31,92,Open
T067,06-07,2006-12-31,92,Groomed
T068,06-07,2006-12-31,92,Open
T069,06-07,2006-12-31,92,Open
T070,06-07,2006-12-31,92,Open
T071,06-07,2006-12-31,92,Open
T072,06-07,2006-12-31,92,Open
T073,06-07,2006-12-31,92,Open
T074,06-07,2006-12-31,92,Open
T075,06-07,2006-12-31,92,Open
T076,06-07,2006-12-31,92,Open
T077,06-07,2006-12-31,92,Groomed
T078,06-07,2006-12-31,92,Groomed
T079,06-07,2006-12-31,92,Groomed
T080,06-07,2006-12-31,92,Open
T081,06-07,2006-12-31,92,Open
T083,06-07,2006-12-31,92,Open
T084,06-07,2006-12-31,92,Open
T085,06-07,2006-12-31,92,Open
T086,06-07,2006-12-31,92,Open
T087,06-07,2006-12-31,92,Open
T088,06-07,2006-12-31,92,Open
T089,06-07,2006-12-31,92,Open
T090,06-07,2006-12-31,92,Open
T091,06-07,2006-12-31,92,Open
T092,06-07,2006-12-31,92,Open
T127,06-07,2006-12-31,92,Open
T134,06-07,2006-12-31,92,Open
T135,06-07,2006-12-31,92,Open
T136,06-07,2006-12-31,92,Open
T137,06-07,2006-12-31,92,Open
T148,06-07,2006-12-31,92,Open
T152,06-07,2006-12-31,92,Groomed
T156,06-07,2006-12-31,92,Closed
T157,06-07,2006-12-31,92,Open
T002,06-07,2007-01-01,93,Groomed
T003,06-07,2007-01-01,93,Open
T004,06-07,2007-01-01,93,Groomed
T005,06-07,2007-01-01,93,Groomed
T006,06-07,2007-01-01,93,Open
T007,06-07,2007-01-01,93,Groomed
T008,06-07,2007-01-01,93,Groomed
T009,06-07,2007-01-01,93,Groomed
T010,06-07,2007-01-01,93,Groomed
T011,06-07,2007-01-01,93,Groomed
T012,06-07,2007-01-01,93,Groomed
T013,06-07,2007-01-01,93,Groomed
T015,06-07,2007-01-01,93,Open
T016,06-07,2007-01-01,93,Open
T017,06-07,2007-01-01,93,Open
T018,06-07,2007-01-01,93,Open
T019,06-07,2007-01-01,93,Closed
T020,06-07,2007-01-01,93,Groomed
T021,06-07,2007-01-01,93,Groomed
T022,06-07,2007-01-01,93,Groomed
T023,06-07,2007-01-01,93,Groomed
T024,06-07,2007-01-01,93,Open
T025,06-07,2007-01-01,93,Groomed
T026,06-07,2007-01-01,93,Open
T027,06-07,2007-01-01,93,Groomed
T028,06-07,2007-01-01,93,Groomed
T029,06-07,2007-01-01,93,Open
T030,06-07,2007-01-01,93,Groomed
T031,06-07,2007-01-01,93,Groomed
T032,06-07,2007-01-01,93,Closed
T033,06-07,2007-01-01,93,Groomed
T034,06-07,2007-01-01,93,Groomed
T035,06-07,2007-01-01,93,Open
T036,06-07,2007-01-01,93,Groomed
T037,06-07,2007-01-01,93,Open
T038,06-07,2007-01-01,93,Open
T039,06-07,2007-01-01,93,Open
T040,06-07,2007-01-01,93,Groomed
T042,06-07,2007-01-01,93,Open
T043,06-07,2007-01-01,93,Open
T044,06-07,2007-01-01,93,Open
T045,06-07,2007-01-01,93,Open
T046,06-07,2007-01-01,93,Open
T047,06-07,2007-01-01,93,Closed
T061,06-07,2007-01-01,93,Groomed
T063,06-07,2007-01-01,93,Groomed
T064,06-07,2007-01-01,93,Groomed
T065,06-07,2007-01-01,93,Open
T066,06-07,2007-01-01,93,Open
T067,06-07,2007-01-01,93,Groomed
T068,06-07,2007-01-01,93,Open
T069,06-07,2007-01-01,93,Open
T070,06-07,2007-01-01,93,Open
T071,06-07,2007-01-01,93,Open
T072,06-07,2007-01-01,93,Open
T073,06-07,2007-01-01,93,Open
T074,06-07,2007-01-01,93,Open
T075,06-07,2007-01-01,93,Open
T076,06-07,2007-01-01,93,Open
T077,06-07,2007-01-01,93,Groomed
T078,06-07,2007-01-01,93,Groomed
T079,06-07,2007-01-01,93,Groomed
T080,06-07,2007-01-01,93,Open
T081,06-07,2007-01-01,93,Open
T083,06-07,2007-01-01,93,Open
T084,06-07,2007-01-01,93,Open
T085,06-07,2007-01-01,93,Open
T086,06-07,2007-01-01,93,Open
T087,06-07,2007-01-01,93,Open
T088,06-07,2007-01-01,93,Open
T089,06-07,2007-01-01,93,Open
T090,06-07,2007-01-01,93,Open
T091,06-07,2007-01-01,93,Open
T092,06-07,2007-01-01,93,Open
T127,06-07,2007-01-01,93,Open
T134,06-07,2007-01-01,93,Open
T135,06-07,2007-01-01,93,Open
T136,06-07,2007-01-01,93,Open
T137,06-07,2007-01-01,93,Open
T148,06-07,2007-01-01,93,Open
T152,06-07,2007-01-01,93,Groomed
T156,06-07,2007-01-01,93,Closed
T157,06-07,2007-01-01,93,Open
T002,06-07,2007-01-02,94,Groomed
T003,06-07,2007-01-02,94,Open
T004,06-07,2007-01-02,94,Groomed
T005,06-07,2007-01-02,94,Groomed
T006,06-07,2007-01-02,94,Open
T007,06-07,2007-01-02,94,Groomed
T008,06-07,2007-01-02,94,Groomed
T009,06-07,2007-01-02,94,Groomed
T010,06-07,2007-01-02,94,Groomed
T011,06-07,2007-01-02,94,Groomed
T012,06-07,2007-01-02,94,Groomed
T013,06-07,2007-01-02,94,Groomed
T015,06-07,2007-01-02,94,Open
T016,06-07,2007-01-02,94,Open
T017,06-07,2007-01-02,94,Open
T018,06-07,2007-01-02,94,Open
T019,06-07,2007-01-02,94,Closed
T020,06-07,2007-01-02,94,Groomed
T021,06-07,2007-01-02,94,Groomed
T022,06-07,2007-01-02,94,Groomed
T023,06-07,2007-01-02,94,Groomed
T024,06-07,2007-01-02,94,Open
T025,06-07,2007-01-02,94,Groomed
T026,06-07,2007-01-02,94,Open
T027,06-07,2007-01-02,94,Groomed
T028,06-07,2007-01-02,94,Open
T029,06-07,2007-01-02,94,Open
T030,06-07,2007-01-02,94,Open
T031,06-07,2007-01-02,94,Groomed
T032,06-07,2007-01-02,94,Closed
T033,06-07,2007-01-02,94,Groomed
T034,06-07,2007-01-02,94,Groomed
T035,06-07,2007-01-02,94,Open
T036,06-07,2007-01-02,94,Groomed
T037,06-07,2007-01-02,94,Open
T038,06-07,2007-01-02,94,Open
T039,06-07,2007-01-02,94,Open
T040,06-07,2007-01-02,94,Groomed
T042,06-07,2007-01-02,94,Open
T043,06-07,2007-01-02,94,Open
T044,06-07,2007-01-02,94,Open
T045,06-07,2007-01-02,94,Open
T046,06-07,2007-01-02,94,Open
T047,06-07,2007-01-02,94,Closed
T061,06-07,2007-01-02,94,Groomed
T063,06-07,2007-01-02,94,Groomed
T064,06-07,2007-01-02,94,Groomed
T065,06-07,2007-01-02,94,Open
T066,06-07,2007-01-02,94,Open
T067,06-07,2007-01-02,94,Groomed
T068,06-07,2007-01-02,94,Open
T069,06-07,2007-01-02,94,Open
T070,06-07,2007-01-02,94,Open
T071,06-07,2007-01-02,94,Open
T072,06-07,2007-01-02,94,Open
T073,06-07,2007-01-02,94,Open
T074,06-07,2007-01-02,94,Open
T075,06-07,2007-01-02,94,Open
T076,06-07,2007-01-02,94,Open
T077,06-07,2007-01-02,94,Groomed
T078,06-07,2007-01-02,94,Groomed
T079,06-07,2007-01-02,94,Groomed
T080,06-07,2007-01-02,94,Open
T081,06-07,2007-01-02,94,Open
T083,06-07,2007-01-02,94,Open
T084,06-07,2007-01-02,94,Open
T085,06-07,2007-01-02,94,Open
T086,06-07,2007-01-02,94,Open
T087,06-07,2007-01-02,94,Open
T088,06-07,2007-01-02,94,Open
T089,06-07,2007-01-02,94,Open
T090,06-07,2007-01-02,94,Open
T091,06-07,2007-01-02,94,Open
T092,06-07,2007-01-02,94,Open
T127,06-07,2007-01-02,94,Open
T134,06-07,2007-01-02,94,Open
T135,06-07,2007-01-02,94,Open
T136,06-07,2007-01-02,94,Open
T137,06-07,2007-01-02,94,Open
T148,06-07,2007-01-02,94,Open
T152,06-07,2007-01-02,94,Groomed
T156,06-07,2007-01-02,94,Closed
T157,06-07,2007-01-02,94,Open
T002,06-07,2007-01-03,95,Groomed
T003,06-07,2007-01-03,95,Open
T004,06-07,2007-01-03,95,Groomed
T005,06-07,2007-01-03,95,Groomed
T006,06-07,2007-01-03,95,Open
T007,06-07,2007-01-03,95,Groomed
T008,06-07,2007-01-03,95,Groomed
T009,06-07,2007-01-03,95,Groomed
T010,06-07,2007-01-03,95,Groomed
T011,06-07,2007-01-03,95,Groomed
T012,06-07,2007-01-03,95,Groomed
T013,06-07,2007-01-03,95,Groomed
T015,06-07,2007-01-03,95,Open
T016,06-07,2007-01-03,95,Open
T017,06-07,2007-01-03,95,Open
T018,06-07,2007-01-03,95,Open
T019,06-07,2007-01-03,95,Closed
T020,06-07,2007-01-03,95,Groomed
T021,06-07,2007-01-03,95,Groomed
T022,06-07,2007-01-03,95,Groomed
T023,06-07,2007-01-03,95,Groomed
T024,06-07,2007-01-03,95,Open
T025,06-07,2007-01-03,95,Groomed
T026,06-07,2007-01-03,95,Open
T027,06-07,2007-01-03,95,Groomed
T028,06-07,2007-01-03,95,Open
T029,06-07,2007-01-03,95,Open
T030,06-07,2007-01-03,95,Open
T031,06-07,2007-01-03,95,Groomed
T032,06-07,2007-01-03,95,Closed
T033,06-07,2007-01-03,95,Open
T034,06-07,2007-01-03,95,Groomed
T035,06-07,2007-01-03,95,Open
T036,06-07,2007-01-03,95,Groomed
T037,06-07,2007-01-03,95,Open
T038,06-07,2007-01-03,95,Open
T039,06-07,2007-01-03,95,Open
T040,06-07,2007-01-03,95,Groomed
T042,06-07,2007-01-03,95,Open
T043,06-07,2007-01-03,95,Open
T044,06-07,2007-01-03,95,Open
T045,06-07,2007-01-03,95,Open
T046,06-07,2007-01-03,95,Open
T047,06-07,2007-01-03,95,Closed
T061,06-07,2007-01-03,95,Groomed
T063,06-07,2007-01-03,95,Groomed
T064,06-07,2007-01-03,95,Open
T065,06-07,2007-01-03,95,Groomed
T066,06-07,2007-01-03,95,Open
T067,06-07,2007-01-03,95,Groomed
T068,06-07,2007-01-03,95,Open
T069,06-07,2007-01-03,95,Open
T070,06-07,2007-01-03,95,Open
T071,06-07,2007-01-03,95,Open
T072,06-07,2007-01-03,95,Open
T073,06-07,2007-01-03,95,Open
T074,06-07,2007-01-03,95,Open
T075,06-07,2007-01-03,95,Open
T076,06-07,2007-01-03,95,Open
T077,06-07,2007-01-03,95,Groomed
T078,06-07,2007-01-03,95,Groomed
T079,06-07,2007-01-03,95,Groomed
T080,06-07,2007-01-03,95,Open
T081,06-07,2007-01-03,95,Open
T083,06-07,2007-01-03,95,Open
T084,06-07,2007-01-03,95,Open
T085,06-07,2007-01-03,95,Open
T086,06-07,2007-01-03,95,Open
T087,06-07,2007-01-03,95,Open
T088,06-07,2007-01-03,95,Open
T089,06-07,2007-01-03,95,Open
T090,06-07,2007-01-03,95,Open
T091,06-07,2007-01-03,95,Open
T092,06-07,2007-01-03,95,Open
T127,06-07,2007-01-03,95,Open
T134,06-07,2007-01-03,95,Open
T135,06-07,2007-01-03,95,Open
T136,06-07,2007-01-03,95,Open
T137,06-07,2007-01-03,95,Open
T148,06-07,2007-01-03,95,Open
T152,06-07,2007-01-03,95,Groomed
T156,06-07,2007-01-03,95,Closed
T157,06-07,2007-01-03,95,Open
T002,06-07,2007-01-04,96,Groomed
T003,06-07,2007-01-04,96,Open
T004,06-07,2007-01-04,96,Groomed
T005,06-07,2007-01-04,96,Groomed
T006,06-07,2007-01-04,96,Open
T007,06-07,2007-01-04,96,Groomed
T008,06-07,2007-01-04,96,Groomed
T009,06-07,2007-01-04,96,Groomed
T010,06-07,2007-01-04,96,Groomed
T011,06-07,2007-01-04,96,Groomed
T012,06-07,2007-01-04,96,Groomed
T013,06-07,2007-01-04,96,Groomed
T015,06-07,2007-01-04,96,Open
T016,06-07,2007-01-04,96,Open
T017,06-07,2007-01-04,96,Open
T018,06-07,2007-01-04,96,Open
T019,06-07,2007-01-04,96,Closed
T020,06-07,2007-01-04,96,Groomed
T021,06-07,2007-01-04,96,Groomed
T022,06-07,2007-01-04,96,Groomed
T023,06-07,2007-01-04,96,Groomed
T024,06-07,2007-01-04,96,Open
T025,06-07,2007-01-04,96,Groomed
T026,06-07,2007-01-04,96,Open
T027,06-07,2007-01-04,96,Groomed
T028,06-07,2007-01-04,96,Open
T029,06-07,2007-01-04,96,Open
T030,06-07,2007-01-04,96,Open
T031,06-07,2007-01-04,96,Groomed
T032,06-07,2007-01-04,96,Closed
T033,06-07,2007-01-04,96,Open
T034,06-07,2007-01-04,96,Groomed
T035,06-07,2007-01-04,96,Open
T036,06-07,2007-01-04,96,Groomed
T037,06-07,2007-01-04,96,Open
T038,06-07,2007-01-04,96,Open
T039,06-07,2007-01-04,96,Open
T040,06-07,2007-01-04,96,Groomed
T042,06-07,2007-01-04,96,Open
T043,06-07,2007-01-04,96,Open
T044,06-07,2007-01-04,96,Open
T045,06-07,2007-01-04,96,Open
T046,06-07,2007-01-04,96,Open
T047,06-07,2007-01-04,96,Closed
T061,06-07,2007-01-04,96,Groomed
T063,06-07,2007-01-04,96,Groomed
T064,06-07,2007-01-04,96,Groomed
T065,06-07,2007-01-04,96,Open
T066,06-07,2007-01-04,96,Groomed
T067,06-07,2007-01-04,96,Groomed
T068,06-07,2007-01-04,96,Open
T069,06-07,2007-01-04,96,Open
T070,06-07,2007-01-04,96,Open
T071,06-07,2007-01-04,96,Open
T072,06-07,2007-01-04,96,Open
T073,06-07,2007-01-04,96,Open
T074,06-07,2007-01-04,96,Open
T075,06-07,2007-01-04,96,Open
T076,06-07,2007-01-04,96,Open
T077,06-07,2007-01-04,96,Groomed
T078,06-07,2007-01-04,96,Groomed
T079,06-07,2007-01-04,96,Open
T080,06-07,2007-01-04,96,Open
T081,06-07,2007-01-04,96,Open
T083,06-07,2007-01-04,96,Open
T084,06-07,2007-01-04,96,Open
T085,06-07,2007-01-04,96,Open
T086,06-07,2007-01-04,96,Open
T087,06-07,2007-01-04,96,Open
T088,06-07,2007-01-04,96,Open
T089,06-07,2007-01-04,96,Open
T090,06-07,2007-01-04,96,Open
T091,06-07,2007-01-04,96,Open
T092,06-07,2007-01-04,96,Open
T127,06-07,2007-01-04,96,Open
T134,06-07,2007-01-04,96,Open
T135,06-07,2007-01-04,96,Open
T136,06-07,2007-01-04,96,Open
T137,06-07,2007-01-04,96,Open
T148,06-07,2007-01-04,96,Open
T152,06-07,2007-01-04,96,Groomed
T156,06-07,2007-01-04,96,Closed
T157,06-07,2007-01-04,96,Open
T002,06-07,2007-01-05,97,Groomed
T003,06-07,2007-01-05,97,Open
T004,06-07,2007-01-05,97,Groomed
T005,06-07,2007-01-05,97,Groomed
T006,06-07,2007-01-05,97,Open
T007,06-07,2007-01-05,97,Groomed
T008,06-07,2007-01-05,97,Open
T009,06-07,2007-01-05,97,Groomed
T010,06-07,2007-01-05,97,Groomed
T011,06-07,2007-01-05,97,Groomed
T012,06-07,2007-01-05,97,Groomed
T013,06-07,2007-01-05,97,Groomed
T015,06-07,2007-01-05,97,Open
T016,06-07,2007-01-05,97,Open
T017,06-07,2007-01-05,97,Open
T018,06-07,2007-01-05,97,Open
T019,06-07,2007-01-05,97,Open
T020,06-07,2007-01-05,97,Groomed
T021,06-07,2007-01-05,97,Groomed
T022,06-07,2007-01-05,97,Groomed
T023,06-07,2007-01-05,97,Groomed
T024,06-07,2007-01-05,97,Open
T025,06-07,2007-01-05,97,Groomed
T026,06-07,2007-01-05,97,Open
T027,06-07,2007-01-05,97,Groomed
T028,06-07,2007-01-05,97,Groomed
T029,06-07,2007-01-05,97,Open
T030,06-07,2007-01-05,97,Groomed
T031,06-07,2007-01-05,97,Groomed
T032,06-07,2007-01-05,97,Open
T033,06-07,2007-01-05,97,Groomed
T034,06-07,2007-01-05,97,Groomed
T035,06-07,2007-01-05,97,Open
T036,06-07,2007-01-05,97,Groomed
T037,06-07,2007-01-05,97,Open
T038,06-07,2007-01-05,97,Open
T039,06-07,2007-01-05,97,Open
T040,06-07,2007-01-05,97,Groomed
T042,06-07,2007-01-05,97,Open
T043,06-07,2007-01-05,97,Open
T044,06-07,2007-01-05,97,Open
T045,06-07,2007-01-05,97,Open
T046,06-07,2007-01-05,97,Open
T047,06-07,2007-01-05,97,Closed
T061,06-07,2007-01-05,97,Groomed
T063,06-07,2007-01-05,97,Groomed
T064,06-07,2007-01-05,97,Groomed
T065,06-07,2007-01-05,97,Groomed
T066,06-07,2007-01-05,97,Groomed
T067,06-07,2007-01-05,97,Groomed
T068,06-07,2007-01-05,97,Open
T069,06-07,2007-01-05,97,Open
T070,06-07,2007-01-05,97,Open
T071,06-07,2007-01-05,97,Open
T072,06-07,2007-01-05,97,Open
T073,06-07,2007-01-05,97,Open
T074,06-07,2007-01-05,97,Open
T075,06-07,2007-01-05,97,Open
T076,06-07,2007-01-05,97,Open
T077,06-07,2007-01-05,97,Groomed
T078,06-07,2007-01-05,97,Groomed
T079,06-07,2007-01-05,97,Groomed
T080,06-07,2007-01-05,97,Open
T081,06-07,2007-01-05,97,Open
T083,06-07,2007-01-05,97,Open
T084,06-07,2007-01-05,97,Open
T085,06-07,2007-01-05,97,Open
T086,06-07,2007-01-05,97,Open
T087,06-07,2007-01-05,97,Open
T088,06-07,2007-01-05,97,Open
T089,06-07,2007-01-05,97,Open
T090,06-07,2007-01-05,97,Open
T091,06-07,2007-01-05,97,Open
T092,06-07,2007-01-05,97,Open
T127,06-07,2007-01-05,97,Open
T134,06-07,2007-01-05,97,Open
T135,06-07,2007-01-05,97,Open
T136,06-07,2007-01-05,97,Open
T137,06-07,2007-01-05,97,Open
T148,06-07,2007-01-05,97,Open
T152,06-07,2007-01-05,97,Groomed
T156,06-07,2007-01-05,97,Closed
T157,06-07,2007-01-05,97,Open
T002,06-07,2007-01-06,98,Groomed
T003,06-07,2007-01-06,98,Open
T004,06-07,2007-01-06,98,Groomed
T005,06-07,2007-01-06,98,Groomed
T006,06-07,2007-01-06,98,Open
T007,06-07,2007-01-06,98,Groomed
T008,06-07,2007-01-06,98,Groomed
T009,06-07,2007-01-06,98,Groomed
T010,06-07,2007-01-06,98,Groomed
T011,06-07,2007-01-06,98,Groomed
T012,06-07,2007-01-06,98,Groomed
T013,06-07,2007-01-06,98,Groomed
T015,06-07,2007-01-06,98,Open
T016,06-07,2007-01-06,98,Open
T017,06-07,2007-01-06,98,Open
T018,06-07,2007-01-06,98,Open
T019,06-07,2007-01-06,98,Open
T020,06-07,2007-01-06,98,Groomed
T021,06-07,2007-01-06,98,Groomed
T022,06-07,2007-01-06,98,Groomed
T023,06-07,2007-01-06,98,Groomed
T024,06-07,2007-01-06,98,Open
T025,06-07,2007-01-06,98,Groomed
T026,06-07,2007-01-06,98,Open
T027,06-07,2007-01-06,98,Groomed
T028,06-07,2007-01-06,98,Groomed
T029,06-07,2007-01-06,98,Open
T030,06-07,2007-01-06,98,Groomed
T031,06-07,2007-01-06,98,Groomed
T032,06-07,2007-01-06,98,Open
T033,06-07,2007-01-06,98,Groomed
T034,06-07,2007-01-06,98,Groomed
T035,06-07,2007-01-06,98,Open
T036,06-07,2007-01-06,98,Groomed
T037,06-07,2007-01-06,98,Open
T038,06-07,2007-01-06,98,Open
T039,06-07,2007-01-06,98,Groomed
T040,06-07,2007-01-06,98,Groomed
T042,06-07,2007-01-06,98,Open
T043,06-07,2007-01-06,98,Open
T044,06-07,2007-01-06,98,Open
T045,06-07,2007-01-06,98,Open
T046,06-07,2007-01-06,98,Open
T047,06-07,2007-01-06,98,Closed
T061,06-07,2007-01-06,98,Groomed
T063,06-07,2007-01-06,98,Groomed
T064,06-07,2007-01-06,98,Groomed
T065,06-07,2007-01-06,98,Groomed
T066,06-07,2007-01-06,98,Open
T067,06-07,2007-01-06,98,Groomed
T068,06-07,2007-01-06,98,Open
T069,06-07,2007-01-06,98,Open
T070,06-07,2007-01-06,98,Open
T071,06-07,2007-01-06,98,Open
T072,06-07,2007-01-06,98,Open
T073,06-07,2007-01-06,98,Open
T074,06-07,2007-01-06,98,Open
T075,06-07,2007-01-06,98,Open
T076,06-07,2007-01-06,98,Open
T077,06-07,2007-01-06,98,Groomed
T078,06-07,2007-01-06,98,Groomed
T079,06-07,2007-01-06,98,Groomed
T080,06-07,2007-01-06,98,Open
T081,06-07,2007-01-06,98,Open
T083,06-07,2007-01-06,98,Groomed
T084,06-07,2007-01-06,98,Open
T085,06-07,2007-01-06,98,Open
T086,06-07,2007-01-06,98,Open
T087,06-07,2007-01-06,98,Open
T088,06-07,2007-01-06,98,Open
T089,06-07,2007-01-06,98,Open
T090,06-07,2007-01-06,98,Open
T091,06-07,2007-01-06,98,Open
T092,06-07,2007-01-06,98,Open
T127,06-07,2007-01-06,98,Open
T134,06-07,2007-01-06,98,Open
T135,06-07,2007-01-06,98,Open
T136,06-07,2007-01-06,98,Open
T137,06-07,2007-01-06,98,Open
T148,06-07,2007-01-06,98,Open
T152,06-07,2007-01-06,98,Groomed
T156,06-07,2007-01-06,98,Closed
T157,06-07,2007-01-06,98,Open
T002,06-07,2007-01-07,99,Groomed
T003,06-07,2007-01-07,99,Open
T004,06-07,2007-01-07,99,Groomed
T005,06-07,2007-01-07,99,Groomed
T006,06-07,2007-01-07,99,Open
T007,06-07,2007-01-07,99,Groomed
T008,06-07,2007-01-07,99,Open
T009,06-07,2007-01-07,99,Groomed
T010,06-07,2007-01-07,99,Open
T011,06-07,2007-01-07,99,Groomed
T012,06-07,2007-01-07,99,Groomed
T013,06-07,2007-01-07,99,Groomed
T015,06-07,2007-01-07,99,Open
T016,06-07,2007-01-07,99,Open
T017,06-07,2007-01-07,99,Open
T018,06-07,2007-01-07,99,Open
T019,06-07,2007-01-07,99,Open
T020,06-07,2007-01-07,99,Groomed
T021,06-07,2007-01-07,99,Groomed
T022,06-07,2007-01-07,99,Groomed
T023,06-07,2007-01-07,99,Groomed
T024,06-07,2007-01-07,99,Open
T025,06-07,2007-01-07,99,Groomed
T026,06-07,2007-01-07,99,Open
T027,06-07,2007-01-07,99,Groomed
T028,06-07,2007-01-07,99,Groomed
T029,06-07,2007-01-07,99,Open
T030,06-07,2007-01-07,99,Groomed
T031,06-07,2007-01-07,99,Groomed
T032,06-07,2007-01-07,99,Open
T033,06-07,2007-01-07,99,Groomed
T034,06-07,2007-01-07,99,Groomed
T035,06-07,2007-01-07,99,Open
T036,06-07,2007-01-07,99,Groomed
T037,06-07,2007-01-07,99,Open
T038,06-07,2007-01-07,99,Open
T039,06-07,2007-01-07,99,Open
T040,06-07,2007-01-07,99,Groomed
T042,06-07,2007-01-07,99,Open
T043,06-07,2007-01-07,99,Groomed
T044,06-07,2007-01-07,99,Open
T045,06-07,2007-01-07,99,Open
T046,06-07,2007-01-07,99,Open
T047,06-07,2007-01-07,99,Closed
T061,06-07,2007-01-07,99,Groomed
T063,06-07,2007-01-07,99,Groomed
T064,06-07,2007-01-07,99,Groomed
T065,06-07,2007-01-07,99,Groomed
T066,06-07,2007-01-07,99,Open
T067,06-07,2007-01-07,99,Groomed
T068,06-07,2007-01-07,99,Open
T069,06-07,2007-01-07,99,Open
T070,06-07,2007-01-07,99,Open
T071,06-07,2007-01-07,99,Open
T072,06-07,2007-01-07,99,Open
T073,06-07,2007-01-07,99,Open
T074,06-07,2007-01-07,99,Open
T075,06-07,2007-01-07,99,Open
T076,06-07,2007-01-07,99,Open
T077,06-07,2007-01-07,99,Groomed
T078,06-07,2007-01-07,99,Groomed
T079,06-07,2007-01-07,99,Groomed
T080,06-07,2007-01-07,99,Open
T081,06-07,2007-01-07,99,Open
T083,06-07,2007-01-07,99,Open
T084,06-07,2007-01-07,99,Open
T085,06-07,2007-01-07,99,Open
T086,06-07,2007-01-07,99,Open
T087,06-07,2007-01-07,99,Open
T088,06-07,2007-01-07,99,Open
T089,06-07,2007-01-07,99,Open
T090,06-07,2007-01-07,99,Open
T091,06-07,2007-01-07,99,Open
T092,06-07,2007-01-07,99,Open
T127,06-07,2007-01-07,99,Open
T134,06-07,2007-01-07,99,Open
T135,06-07,2007-01-07,99,Open
T136,06-07,2007-01-07,99,Open
T137,06-07,2007-01-07,99,Open
T148,06-07,2007-01-07,99,Open
T152,06-07,2007-01-07,99,Groomed
T156,06-07,2007-01-07,99,Open
T157,06-07,2007-01-07,99,Open
T002,06-07,2007-01-08,100,Groomed
T003,06-07,2007-01-08,100,Open
T004,06-07,2007-01-08,100,Groomed
T005,06-07,2007-01-08,100,Groomed
T006,06-07,2007-01-08,100,Open
T007,06-07,2007-01-08,100,Groomed
T008,06-07,2007-01-08,100,Open
T009,06-07,2007-01-08,100,Groomed
T010,06-07,2007-01-08,100,Open
T011,06-07,2007-01-08,100,Groomed
T012,06-07,2007-01-08,100,Groomed
T013,06-07,2007-01-08,100,Groomed
T015,06-07,2007-01-08,100,Open
T016,06-07,2007-01-08,100,Open
T017,06-07,2007-01-08,100,Open
T018,06-07,2007-01-08,100,Open
T019,06-07,2007-01-08,100,Open
T020,06-07,2007-01-08,100,Open
T021,06-07,2007-01-08,100,Groomed
T022,06-07,2007-01-08,100,Groomed
T023,06-07,2007-01-08,100,Groomed
T024,06-07,2007-01-08,100,Open
T025,06-07,2007-01-08,100,Groomed
T026,06-07,2007-01-08,100,Open
T027,06-07,2007-01-08,100,Groomed
T028,06-07,2007-01-08,100,Groomed
T029,06-07,2007-01-08,100,Open
T030,06-07,2007-01-08,100,Groomed
T031,06-07,2007-01-08,100,Groomed
T032,06-07,2007-01-08,100,Open
T033,06-07,2007-01-08,100,Groomed
T034,06-07,2007-01-08,100,Groomed
T035,06-07,2007-01-08,100,Open
T036,06-07,2007-01-08,100,Groomed
T037,06-07,2007-01-08,100,Open
T038,06-07,2007-01-08,100,Open
T039,06-07,2007-01-08,100,Open
T040,06-07,2007-01-08,100,Groomed
T042,06-07,2007-01-08,100,Open
T043,06-07,2007-01-08,100,Groomed
T044,06-07,2007-01-08,100,Open
T045,06-07,2007-01-08,100,Open
T046,06-07,2007-01-08,100,Open
T047,06-07,2007-01-08,100,Open
T061,06-07,2007-01-08,100,Groomed
T063,06-07,2007-01-08,100,Groomed
T064,06-07,2007-01-08,100,Groomed
T065,06-07,2007-01-08,100,Groomed
T066,06-07,2007-01-08,100,Open
T067,06-07,2007-01-08,100,Groomed
T068,06-07,2007-01-08,100,Open
T069,06-07,2007-01-08,100,Open
T070,06-07,2007-01-08,100,Open
T071,06-07,2007-01-08,100,Open
T072,06-07,2007-01-08,100,Open
T073,06-07,2007-01-08,100,Open
T074,06-07,2007-01-08,100,Open
T075,06-07,2007-01-08,100,Open
T076,06-07,2007-01-08,100,Open
T077,06-07,2007-01-08,100,Groomed
T078,06-07,2007-01-08,100,Open
T079,06-07,2007-01-08,100,Open
T080,06-07,2007-01-08,100,Open
T081,06-07,2007-01-08,100,Open
T083,06-07,2007-01-08,100,Open
T084,06-07,2007-01-08,100,Open
T085,06-07,2007-01-08,100,Open
T086,06-07,2007-01-08,100,Open
T087,06-07,2007-01-08,100,Open
T088,06-07,2007-01-08,100,Open
T089,06-07,2007-01-08,100,Open
T090,06-07,2007-01-08,100,Open
T091,06-07,2007-01-08,100,Open
T092,06-07,2007-01-08,100,Open
T127,06-07,2007-01-08,100,Open
T134,06-07,2007-01-08,100,Open
T135,06-07,2007-01-08,100,Open
T136,06-07,2007-01-08,100,Open
T137,06-07,2007-01-08,100,Open
T148,06-07,2007-01-08,100,Open
T152,06-07,2007-01-08,100,Groomed
T156,06-07,2007-01-08,100,Open
T157,06-07,2007-01-08,100,Open
T002,06-07,2007-01-09,101,Groomed
T003,06-07,2007-01-09,101,Open
T004,06-07,2007-01-09,101,Groomed
T005,06-07,2007-01-09,101,Groomed
T006,06-07,2007-01-09,101,Groomed
T007,06-07,2007-01-09,101,Groomed
T008,06-07,2007-01-09,101,Open
T009,06-07,2007-01-09,101,Groomed
T010,06-07,2007-01-09,101,Open
T011,06-07,2007-01-09,101,Groomed
T012,06-07,2007-01-09,101,Groomed
T013,06-07,2007-01-09,101,Groomed
T015,06-07,2007-01-09,101,Open
T016,06-07,2007-01-09,101,Open
T017,06-07,2007-01-09,101,Open
T018,06-07,2007-01-09,101,Open
T019,06-07,2007-01-09,101,Open
T020,06-07,2007-01-09,101,Open
T021,06-07,2007-01-09,101,Groomed
T022,06-07,2007-01-09,101,Groomed
T023,06-07,2007-01-09,101,Groomed
T024,06-07,2007-01-09,101,Open
T025,06-07,2007-01-09,101,Groomed
T026,06-07,2007-01-09,101,Open
T027,06-07,2007-01-09,101,Groomed
T028,06-07,2007-01-09,101,Open
T029,06-07,2007-01-09,101,Open
T030,06-07,2007-01-09,101,Open
T031,06-07,2007-01-09,101,Groomed
T032,06-07,2007-01-09,101,Open
T033,06-07,2007-01-09,101,Groomed
T034,06-07,2007-01-09,101,Groomed
T035,06-07,2007-01-09,101,Open
T036,06-07,2007-01-09,101,Groomed
T037,06-07,2007-01-09,101,Open
T038,06-07,2007-01-09,101,Open
T039,06-07,2007-01-09,101,Open
T040,06-07,2007-01-09,101,Groomed
T042,06-07,2007-01-09,101,Open
T043,06-07,2007-01-09,101,Groomed
T044,06-07,2007-01-09,101,Open
T045,06-07,2007-01-09,101,Open
T046,06-07,2007-01-09,101,Open
T047,06-07,2007-01-09,101,Open
T061,06-07,2007-01-09,101,Groomed
T063,06-07,2007-01-09,101,Groomed
T064,06-07,2007-01-09,101,Open
T065,06-07,2007-01-09,101,Open
T066,06-07,2007-01-09,101,Open
T067,06-07,2007-01-09,101,Groomed
T068,06-07,2007-01-09,101,Open
T069,06-07,2007-01-09,101,Open
T070,06-07,2007-01-09,101,Open
T071,06-07,2007-01-09,101,Open
T072,06-07,2007-01-09,101,Open
T073,06-07,2007-01-09,101,Open
T074,06-07,2007-01-09,101,Open
T075,06-07,2007-01-09,101,Open
T076,06-07,2007-01-09,101,Open
T077,06-07,2007-01-09,101,Groomed
T078,06-07,2007-01-09,101,Open
T079,06-07,2007-01-09,101,Groomed
T080,06-07,2007-01-09,101,Open
T081,06-07,2007-01-09,101,Open
T083,06-07,2007-01-09,101,Open
T084,06-07,2007-01-09,101,Open
T085,06-07,2007-01-09,101,Open
T086,06-07,2007-01-09,101,Open
T087,06-07,2007-01-09,101,Open
T088,06-07,2007-01-09,101,Open
T089,06-07,2007-01-09,101,Open
T090,06-07,2007-01-09,101,Open
T091,06-07,2007-01-09,101,Open
T092,06-07,2007-01-09,101,Open
T127,06-07,2007-01-09,101,Open
T134,06-07,2007-01-09,101,Open
T135,06-07,2007-01-09,101,Open
T136,06-07,2007-01-09,101,Open
T137,06-07,2007-01-09,101,Open
T148,06-07,2007-01-09,101,Open
T152,06-07,2007-01-09,101,Groomed
T156,06-07,2007-01-09,101,Open
T157,06-07,2007-01-09,101,Open
T002,06-07,2007-01-10,102,Groomed
T003,06-07,2007-01-10,102,Open
T004,06-07,2007-01-10,102,Groomed
T005,06-07,2007-01-10,102,Groomed
T006,06-07,2007-01-10,102,Groomed
T007,06-07,2007-01-10,102,Groomed
T008,06-07,2007-01-10,102,Groomed
T009,06-07,2007-01-10,102,Groomed
T010,06-07,2007-01-10,102,Open
T011,06-07,2007-01-10,102,Groomed
T012,06-07,2007-01-10,102,Groomed
T013,06-07,2007-01-10,102,Groomed
T015,06-07,2007-01-10,102,Open
T016,06-07,2007-01-10,102,Open
T017,06-07,2007-01-10,102,Open
T018,06-07,2007-01-10,102,Open
T019,06-07,2007-01-10,102,Open
T020,06-07,2007-01-10,102,Open
T021,06-07,2007-01-10,102,Groomed
T022,06-07,2007-01-10,102,Groomed
T023,06-07,2007-01-10,102,Groomed
T024,06-07,2007-01-10,102,Open
T025,06-07,2007-01-10,102,Groomed
T026,06-07,2007-01-10,102,Open
T027,06-07,2007-01-10,102,Groomed
T028,06-07,2007-01-10,102,Open
T029,06-07,2007-01-10,102,Open
T030,06-07,2007-01-10,102,Open
T031,06-07,2007-01-10,102,Groomed
T032,06-07,2007-01-10,102,Open
T033,06-07,2007-01-10,102,Groomed
T034,06-07,2007-01-10,102,Groomed
T035,06-07,2007-01-10,102,Open
T036,06-07,2007-01-10,102,Groomed
T037,06-07,2007-01-10,102,Open
T038,06-07,2007-01-10,102,Open
T039,06-07,2007-01-10,102,Open
T040,06-07,2007-01-10,102,Groomed
T042,06-07,2007-01-10,102,Open
T043,06-07,2007-01-10,102,Groomed
T044,06-07,2007-01-10,102,Open
T045,06-07,2007-01-10,102,Open
T046,06-07,2007-01-10,102,Open
T047,06-07,2007-01-10,102,Open
T061,06-07,2007-01-10,102,Groomed
T063,06-07,2007-01-10,102,Groomed
T064,06-07,2007-01-10,102,Open
T065,06-07,2007-01-10,102,Groomed
T066,06-07,2007-01-10,102,Open
T067,06-07,2007-01-10,102,Groomed
T068,06-07,2007-01-10,102,Open
T069,06-07,2007-01-10,102,Open
T070,06-07,2007-01-10,102,Open
T071,06-07,2007-01-10,102,Open
T072,06-07,2007-01-10,102,Open
T073,06-07,2007-01-10,102,Open
T074,06-07,2007-01-10,102,Open
T075,06-07,2007-01-10,102,Open
T076,06-07,2007-01-10,102,Open
T077,06-07,2007-01-10,102,Groomed
T078,06-07,2007-01-10,102,Open
T079,06-07,2007-01-10,102,Open
T080,06-07,2007-01-10,102,Open
T081,06-07,2007-01-10,102,Open
T083,06-07,2007-01-10,102,Open
T084,06-07,2007-01-10,102,Open
T085,06-07,2007-01-10,102,Open
T086,06-07,2007-01-10,102,Open
T087,06-07,2007-01-10,102,Open
T088,06-07,2007-01-10,102,Open
T089,06-07,2007-01-10,102,Open
T090,06-07,2007-01-10,102,Open
T091,06-07,2007-01-10,102,Open
T092,06-07,2007-01-10,102,Open
T127,06-07,2007-01-10,102,Open
T134,06-07,2007-01-10,102,Open
T135,06-07,2007-01-10,102,Open
T136,06-07,2007-01-10,102,Open
T137,06-07,2007-01-10,102,Open
T148,06-07,2007-01-10,102,Open
T152,06-07,2007-01-10,102,Groomed
T156,06-07,2007-01-10,102,Open
T157,06-07,2007-01-10,102,Open
T002,06-07,2007-01-11,103,Groomed
T003,06-07,2007-01-11,103,Groomed
T004,06-07,2007-01-11,103,Groomed
T005,06-07,2007-01-11,103,Groomed
T006,06-07,2007-01-11,103,Groomed
T007,06-07,2007-01-11,103,Groomed
T008,06-07,2007-01-11,103,Groomed
T009,06-07,2007-01-11,103,Groomed
T010,06-07,2007-01-11,103,Groomed
T011,06-07,2007-01-11,103,Groomed
T012,06-07,2007-01-11,103,Groomed
T013,06-07,2007-01-11,103,Groomed
T015,06-07,2007-01-11,103,Open
T016,06-07,2007-01-11,103,Open
T017,06-07,2007-01-11,103,Open
T018,06-07,2007-01-11,103,Groomed
T019,06-07,2007-01-11,103,Open
T020,06-07,2007-01-11,103,Groomed
T021,06-07,2007-01-11,103,Groomed
T022,06-07,2007-01-11,103,Groomed
T023,06-07,2007-01-11,103,Groomed
T024,06-07,2007-01-11,103,Open
T025,06-07,2007-01-11,103,Groomed
T026,06-07,2007-01-11,103,Open
T027,06-07,2007-01-11,103,Groomed
T028,06-07,2007-01-11,103,Groomed
T029,06-07,2007-01-11,103,Open
T030,06-07,2007-01-11,103,Groomed
T031,06-07,2007-01-11,103,Groomed
T032,06-07,2007-01-11,103,Open
T033,06-07,2007-01-11,103,Groomed
T034,06-07,2007-01-11,103,Groomed
T035,06-07,2007-01-11,103,Open
T036,06-07,2007-01-11,103,Groomed
T037,06-07,2007-01-11,103,Open
T038,06-07,2007-01-11,103,Open
T039,06-07,2007-01-11,103,Open
T040,06-07,2007-01-11,103,Groomed
T042,06-07,2007-01-11,103,Open
T043,06-07,2007-01-11,103,Open
T044,06-07,2007-01-11,103,Open
T045,06-07,2007-01-11,103,Open
T046,06-07,2007-01-11,103,Open
T047,06-07,2007-01-11,103,Open
T061,06-07,2007-01-11,103,Groomed
T063,06-07,2007-01-11,103,Groomed
T064,06-07,2007-01-11,103,Groomed
T065,06-07,2007-01-11,103,Open
T066,06-07,2007-01-11,103,Open
T067,06-07,2007-01-11,103,Groomed
T068,06-07,2007-01-11,103,Open
T069,06-07,2007-01-11,103,Open
T070,06-07,2007-01-11,103,Open
T071,06-07,2007-01-11,103,Open
T072,06-07,2007-01-11,103,Open
T073,06-07,2007-01-11,103,Open
T074,06-07,2007-01-11,103,Open
T075,06-07,2007-01-11,103,Open
T076,06-07,2007-01-11,103,Open
T077,06-07,2007-01-11,103,Groomed
T078,06-07,2007-01-11,103,Open
T079,06-07,2007-01-11,103,Groomed
T080,06-07,2007-01-11,103,Open
T081,06-07,2007-01-11,103,Open
T083,06-07,2007-01-11,103,Groomed
T084,06-07,2007-01-11,103,Open
T085,06-07,2007-01-11,103,Open
T086,06-07,2007-01-11,103,Open
T087,06-07,2007-01-11,103,Open
T088,06-07,2007-01-11,103,Open
T089,06-07,2007-01-11,103,Open
T090,06-07,2007-01-11,103,Open
T091,06-07,2007-01-11,103,Open
T092,06-07,2007-01-11,103,Open
T127,06-07,2007-01-11,103,Open
T134,06-07,2007-01-11,103,Open
T135,06-07,2007-01-11,103,Open
T136,06-07,2007-01-11,103,Open
T137,06-07,2007-01-11,103,Open
T148,06-07,2007-01-11,103,Open
T152,06-07,2007-01-11,103,Groomed
T156,06-07,2007-01-11,103,Open
T157,06-07,2007-01-11,103,Open
T002,06-07,2007-01-12,104,Groomed
T003,06-07,2007-01-12,104,Groomed
T004,06-07,2007-01-12,104,Groomed
T005,06-07,2007-01-12,104,Groomed
T006,06-07,2007-01-12,104,Groomed
T007,06-07,2007-01-12,104,Groomed
T008,06-07,2007-01-12,104,Open
T009,06-07,2007-01-12,104,Groomed
T010,06-07,2007-01-12,104,Groomed
T011,06-07,2007-01-12,104,Groomed
T012,06-07,2007-01-12,104,Groomed
T013,06-07,2007-01-12,104,Groomed
T015,06-07,2007-01-12,104,Open
T016,06-07,2007-01-12,104,Open
T017,06-07,2007-01-12,104,Open
T018,06-07,2007-01-12,104,Open
T019,06-07,2007-01-12,104,Open
T020,06-07,2007-01-12,104,Open
T021,06-07,2007-01-12,104,Groomed
T022,06-07,2007-01-12,104,Groomed
T023,06-07,2007-01-12,104,Open
T024,06-07,2007-01-12,104,Open
T025,06-07,2007-01-12,104,Groomed
T026,06-07,2007-01-12,104,Open
T027,06-07,2007-01-12,104,Groomed
T028,06-07,2007-01-12,104,Open
T029,06-07,2007-01-12,104,Open
T030,06-07,2007-01-12,104,Open
T031,06-07,2007-01-12,104,Groomed
T032,06-07,2007-01-12,104,Open
T033,06-07,2007-01-12,104,Groomed
T034,06-07,2007-01-12,104,Groomed
T035,06-07,2007-01-12,104,Open
T036,06-07,2007-01-12,104,Groomed
T037,06-07,2007-01-12,104,Open
T038,06-07,2007-01-12,104,Open
T039,06-07,2007-01-12,104,Open
T040,06-07,2007-01-12,104,Groomed
T042,06-07,2007-01-12,104,Open
T043,06-07,2007-01-12,104,Groomed
T044,06-07,2007-01-12,104,Open
T045,06-07,2007-01-12,104,Open
T046,06-07,2007-01-12,104,Open
T047,06-07,2007-01-12,104,Closed
T061,06-07,2007-01-12,104,Groomed
T063,06-07,2007-01-12,104,Groomed
T064,06-07,2007-01-12,104,Groomed
T065,06-07,2007-01-12,104,Groomed
T066,06-07,2007-01-12,104,Open
T067,06-07,2007-01-12,104,Groomed
T068,06-07,2007-01-12,104,Open
T069,06-07,2007-01-12,104,Open
T070,06-07,2007-01-12,104,Open
T071,06-07,2007-01-12,104,Open
T072,06-07,2007-01-12,104,Open
T073,06-07,2007-01-12,104,Open
T074,06-07,2007-01-12,104,Open
T075,06-07,2007-01-12,104,Open
T076,06-07,2007-01-12,104,Open
T077,06-07,2007-01-12,104,Groomed
T078,06-07,2007-01-12,104,Groomed
T079,06-07,2007-01-12,104,Open
T080,06-07,2007-01-12,104,Open
T081,06-07,2007-01-12,104,Open
T083,06-07,2007-01-12,104,Groomed
T084,06-07,2007-01-12,104,Open
T085,06-07,2007-01-12,104,Open
T086,06-07,2007-01-12,104,Open
T087,06-07,2007-01-12,104,Open
T088,06-07,2007-01-12,104,Open
T089,06-07,2007-01-12,104,Open
T090,06-07,2007-01-12,104,Open
T091,06-07,2007-01-12,104,Open
T092,06-07,2007-01-12,104,Open
T127,06-07,2007-01-12,104,Open
T134,06-07,2007-01-12,104,Open
T135,06-07,2007-01-12,104,Open
T136,06-07,2007-01-12,104,Open
T137,06-07,2007-01-12,104,Open
T148,06-07,2007-01-12,104,Open
T152,06-07,2007-01-12,104,Groomed
T156,06-07,2007-01-12,104,Open
T157,06-07,2007-01-12,104,Open
T002,06-07,2007-01-13,105,Groomed
T003,06-07,2007-01-13,105,Groomed
T004,06-07,2007-01-13,105,Groomed
T005,06-07,2007-01-13,105,Groomed
T006,06-07,2007-01-13,105,Groomed
T007,06-07,2007-01-13,105,Groomed
T008,06-07,2007-01-13,105,Groomed
T009,06-07,2007-01-13,105,Groomed
T010,06-07,2007-01-13,105,Groomed
T011,06-07,2007-01-13,105,Groomed
T012,06-07,2007-01-13,105,Groomed
T013,06-07,2007-01-13,105,Groomed
T015,06-07,2007-01-13,105,Open
T016,06-07,2007-01-13,105,Open
T017,06-07,2007-01-13,105,Open
T018,06-07,2007-01-13,105,Open
T019,06-07,2007-01-13,105,Closed
T020,06-07,2007-01-13,105,Groomed
T021,06-07,2007-01-13,105,Groomed
T022,06-07,2007-01-13,105,Groomed
T023,06-07,2007-01-13,105,Groomed
T024,06-07,2007-01-13,105,Open
T025,06-07,2007-01-13,105,Groomed
T026,06-07,2007-01-13,105,Open
T027,06-07,2007-01-13,105,Groomed
T028,06-07,2007-01-13,105,Groomed
T029,06-07,2007-01-13,105,Open
T030,06-07,2007-01-13,105,Groomed
T031,06-07,2007-01-13,105,Groomed
T032,06-07,2007-01-13,105,Open
T033,06-07,2007-01-13,105,Groomed
T034,06-07,2007-01-13,105,Groomed
T035,06-07,2007-01-13,105,Open
T036,06-07,2007-01-13,105,Groomed
T037,06-07,2007-01-13,105,Open
T038,06-07,2007-01-13,105,Groomed
T039,06-07,2007-01-13,105,Groomed
T040,06-07,2007-01-13,105,Groomed
T042,06-07,2007-01-13,105,Open
T043,06-07,2007-01-13,105,Open
T044,06-07,2007-01-13,105,Open
T045,06-07,2007-01-13,105,Open
T046,06-07,2007-01-13,105,Open
T047,06-07,2007-01-13,105,Closed
T061,06-07,2007-01-13,105,Groomed
T063,06-07,2007-01-13,105,Groomed
T064,06-07,2007-01-13,105,Groomed
T065,06-07,2007-01-13,105,Open
T066,06-07,2007-01-13,105,Groomed
T067,06-07,2007-01-13,105,Groomed
T068,06-07,2007-01-13,105,Open
T069,06-07,2007-01-13,105,Open
T070,06-07,2007-01-13,105,Open
T071,06-07,2007-01-13,105,Open
T072,06-07,2007-01-13,105,Open
T073,06-07,2007-01-13,105,Open
T074,06-07,2007-01-13,105,Open
T075,06-07,2007-01-13,105,Open
T076,06-07,2007-01-13,105,Open
T077,06-07,2007-01-13,105,Groomed
T078,06-07,2007-01-13,105,Groomed
T079,06-07,2007-01-13,105,Groomed
T080,06-07,2007-01-13,105,Open
T081,06-07,2007-01-13,105,Open
T083,06-07,2007-01-13,105,Groomed
T084,06-07,2007-01-13,105,Open
T085,06-07,2007-01-13,105,Open
T086,06-07,2007-01-13,105,Open
T087,06-07,2007-01-13,105,Open
T088,06-07,2007-01-13,105,Open
T089,06-07,2007-01-13,105,Open
T090,06-07,2007-01-13,105,Open
T091,06-07,2007-01-13,105,Open
T092,06-07,2007-01-13,105,Open
T127,06-07,2007-01-13,105,Open
T134,06-07,2007-01-13,105,Open
T135,06-07,2007-01-13,105,Open
T136,06-07,2007-01-13,105,Open
T137,06-07,2007-01-13,105,Open
T148,06-07,2007-01-13,105,Open
T152,06-07,2007-01-13,105,Groomed
T156,06-07,2007-01-13,105,Closed
T157,06-07,2007-01-13,105,Open
T002,06-07,2007-01-14,106,Groomed
T003,06-07,2007-01-14,106,Groomed
T004,06-07,2007-01-14,106,Groomed
T005,06-07,2007-01-14,106,Groomed
T006,06-07,2007-01-14,106,Groomed
T007,06-07,2007-01-14,106,Groomed
T008,06-07,2007-01-14,106,Groomed
T009,06-07,2007-01-14,106,Groomed
T010,06-07,2007-01-14,106,Groomed
T011,06-07,2007-01-14,106,Groomed
T012,06-07,2007-01-14,106,Groomed
T013,06-07,2007-01-14,106,Groomed
T015,06-07,2007-01-14,106,Open
T016,06-07,2007-01-14,106,Open
T017,06-07,2007-01-14,106,Open
T018,06-07,2007-01-14,106,Open
T019,06-07,2007-01-14,106,Closed
T020,06-07,2007-01-14,106,Open
T021,06-07,2007-01-14,106,Groomed
T022,06-07,2007-01-14,106,Groomed
T023,06-07,2007-01-14,106,Groomed
T024,06-07,2007-01-14,106,Open
T025,06-07,2007-01-14,106,Groomed
T026,06-07,2007-01-14,106,Open
T027,06-07,2007-01-14,106,Groomed
T028,06-07,2007-01-14,106,Groomed
T029,06-07,2007-01-14,106,Open
T030,06-07,2007-01-14,106,Groomed
T031,06-07,2007-01-14,106,Groomed
T032,06-07,2007-01-14,106,Closed
T033,06-07,2007-01-14,106,Groomed
T034,06-07,2007-01-14,106,Groomed
T035,06-07,2007-01-14,106,Open
T036,06-07,2007-01-14,106,Groomed
T037,06-07,2007-01-14,106,Open
T038,06-07,2007-01-14,106,Open
T039,06-07,2007-01-14,106,Open
T040,06-07,2007-01-14,106,Groomed
T042,06-07,2007-01-14,106,Open
T043,06-07,2007-01-14,106,Groomed
T044,06-07,2007-01-14,106,Open
T045,06-07,2007-01-14,106,Open
T046,06-07,2007-01-14,106,Open
T047,06-07,2007-01-14,106,Closed
T061,06-07,2007-01-14,106,Groomed
T063,06-07,2007-01-14,106,Groomed
T064,06-07,2007-01-14,106,Groomed
T065,06-07,2007-01-14,106,Groomed
T066,06-07,2007-01-14,106,Open
T067,06-07,2007-01-14,106,Groomed
T068,06-07,2007-01-14,106,Open
T069,06-07,2007-01-14,106,Open
T070,06-07,2007-01-14,106,Open
T071,06-07,2007-01-14,106,Open
T072,06-07,2007-01-14,106,Open
T073,06-07,2007-01-14,106,Open
T074,06-07,2007-01-14,106,Open
T075,06-07,2007-01-14,106,Open
T076,06-07,2007-01-14,106,Open
T077,06-07,2007-01-14,106,Groomed
T078,06-07,2007-01-14,106,Groomed
T079,06-07,2007-01-14,106,Groomed
T080,06-07,2007-01-14,106,Open
T081,06-07,2007-01-14,106,Open
T083,06-07,2007-01-14,106,Open
T084,06-07,2007-01-14,106,Open
T085,06-07,2007-01-14,106,Open
T086,06-07,2007-01-14,106,Open
T087,06-07,2007-01-14,106,Open
T088,06-07,2007-01-14,106,Open
T089,06-07,2007-01-14,106,Open
T090,06-07,2007-01-14,106,Open
T091,06-07,2007-01-14,106,Open
T092,06-07,2007-01-14,106,Open
T127,06-07,2007-01-14,106,Open
T134,06-07,2007-01-14,106,Open
T135,06-07,2007-01-14,106,Open
T136,06-07,2007-01-14,106,Open
T137,06-07,2007-01-14,106,Open
T148,06-07,2007-01-14,106,Open
T152,06-07,2007-01-14,106,Groomed
T156,06-07,2007-01-14,106,Closed
T157,06-07,2007-01-14,106,Open
T002,06-07,2007-01-15,107,Groomed
T003,06-07,2007-01-15,107,Groomed
T004,06-07,2007-01-15,107,Groomed
T005,06-07,2007-01-15,107,Groomed
T006,06-07,2007-01-15,107,Groomed
T007,06-07,2007-01-15,107,Groomed
T008,06-07,2007-01-15,107,Groomed
T009,06-07,2007-01-15,107,Groomed
T010,06-07,2007-01-15,107,Groomed
T011,06-07,2007-01-15,107,Groomed
T012,06-07,2007-01-15,107,Groomed
T013,06-07,2007-01-15,107,Groomed
T015,06-07,2007-01-15,107,Open
T016,06-07,2007-01-15,107,Open
T017,06-07,2007-01-15,107,Open
T018,06-07,2007-01-15,107,Groomed
T019,06-07,2007-01-15,107,Closed
T020,06-07,2007-01-15,107,Open
T021,06-07,2007-01-15,107,Groomed
T022,06-07,2007-01-15,107,Groomed
T023,06-07,2007-01-15,107,Groomed
T024,06-07,2007-01-15,107,Open
T025,06-07,2007-01-15,107,Groomed
T026,06-07,2007-01-15,107,Open
T027,06-07,2007-01-15,107,Groomed
T028,06-07,2007-01-15,107,Groomed
T029,06-07,2007-01-15,107,Open
T030,06-07,2007-01-15,107,Groomed
T031,06-07,2007-01-15,107,Groomed
T032,06-07,2007-01-15,107,Closed
T033,06-07,2007-01-15,107,Groomed
T034,06-07,2007-01-15,107,Groomed
T035,06-07,2007-01-15,107,Open
T036,06-07,2007-01-15,107,Groomed
T037,06-07,2007-01-15,107,Open
T038,06-07,2007-01-15,107,Open
T039,06-07,2007-01-15,107,Open
T040,06-07,2007-01-15,107,Groomed
T042,06-07,2007-01-15,107,Open
T043,06-07,2007-01-15,107,Groomed
T044,06-07,2007-01-15,107,Open
T045,06-07,2007-01-15,107,Open
T046,06-07,2007-01-15,107,Open
T047,06-07,2007-01-15,107,Closed
T061,06-07,2007-01-15,107,Groomed
T063,06-07,2007-01-15,107,Groomed
T064,06-07,2007-01-15,107,Groomed
T065,06-07,2007-01-15,107,Groomed
T066,06-07,2007-01-15,107,Open
T067,06-07,2007-01-15,107,Groomed
T068,06-07,2007-01-15,107,Open
T069,06-07,2007-01-15,107,Open
T070,06-07,2007-01-15,107,Open
T071,06-07,2007-01-15,107,Open
T072,06-07,2007-01-15,107,Open
T073,06-07,2007-01-15,107,Open
T074,06-07,2007-01-15,107,Open
T075,06-07,2007-01-15,107,Open
T076,06-07,2007-01-15,107,Open
T077,06-07,2007-01-15,107,Groomed
T078,06-07,2007-01-15,107,Open
T079,06-07,2007-01-15,107,Open
T080,06-07,2007-01-15,107,Open
T081,06-07,2007-01-15,107,Open
T083,06-07,2007-01-15,107,Open
T084,06-07,2007-01-15,107,Open
T085,06-07,2007-01-15,107,Open
T086,06-07,2007-01-15,107,Open
T087,06-07,2007-01-15,107,Open
T088,06-07,2007-01-15,107,Open
T089,06-07,2007-01-15,107,Open
T090,06-07,2007-01-15,107,Open
T091,06-07,2007-01-15,107,Open
T092,06-07,2007-01-15,107,Open
T127,06-07,2007-01-15,107,Closed
T134,06-07,2007-01-15,107,Closed
T135,06-07,2007-01-15,107,Closed
T136,06-07,2007-01-15,107,Open
T137,06-07,2007-01-15,107,Open
T148,06-07,2007-01-15,107,Open
T152,06-07,2007-01-15,107,Groomed
T156,06-07,2007-01-15,107,Closed
T157,06-07,2007-01-15,107,Open
T002,06-07,2007-01-16,108,Groomed
T003,06-07,2007-01-16,108,Groomed
T004,06-07,2007-01-16,108,Groomed
T005,06-07,2007-01-16,108,Groomed
T006,06-07,2007-01-16,108,Groomed
T007,06-07,2007-01-16,108,Groomed
T008,06-07,2007-01-16,108,Groomed
T009,06-07,2007-01-16,108,Groomed
T010,06-07,2007-01-16,108,Groomed
T011,06-07,2007-01-16,108,Groomed
T012,06-07,2007-01-16,108,Groomed
T013,06-07,2007-01-16,108,Groomed
T015,06-07,2007-01-16,108,Open
T016,06-07,2007-01-16,108,Open
T017,06-07,2007-01-16,108,Open
T018,06-07,2007-01-16,108,Groomed
T019,06-07,2007-01-16,108,Closed
T020,06-07,2007-01-16,108,Open
T021,06-07,2007-01-16,108,Groomed
T022,06-07,2007-01-16,108,Groomed
T023,06-07,2007-01-16,108,Groomed
T024,06-07,2007-01-16,108,Open
T025,06-07,2007-01-16,108,Groomed
T026,06-07,2007-01-16,108,Open
T027,06-07,2007-01-16,108,Groomed
T028,06-07,2007-01-16,108,Groomed
T029,06-07,2007-01-16,108,Open
T030,06-07,2007-01-16,108,Groomed
T031,06-07,2007-01-16,108,Groomed
T032,06-07,2007-01-16,108,Closed
T033,06-07,2007-01-16,108,Groomed
T034,06-07,2007-01-16,108,Groomed
T035,06-07,2007-01-16,108,Open
T036,06-07,2007-01-16,108,Groomed
T037,06-07,2007-01-16,108,Open
T038,06-07,2007-01-16,108,Open
T039,06-07,2007-01-16,108,Open
T040,06-07,2007-01-16,108,Groomed
T042,06-07,2007-01-16,108,Open
T043,06-07,2007-01-16,108,Groomed
T044,06-07,2007-01-16,108,Open
T045,06-07,2007-01-16,108,Open
T046,06-07,2007-01-16,108,Open
T047,06-07,2007-01-16,108,Closed
T061,06-07,2007-01-16,108,Groomed
T063,06-07,2007-01-16,108,Groomed
T064,06-07,2007-01-16,108,Groomed
T065,06-07,2007-01-16,108,Groomed
T066,06-07,2007-01-16,108,Open
T067,06-07,2007-01-16,108,Groomed
T068,06-07,2007-01-16,108,Open
T069,06-07,2007-01-16,108,Open
T070,06-07,2007-01-16,108,Open
T071,06-07,2007-01-16,108,Open
T072,06-07,2007-01-16,108,Open
T073,06-07,2007-01-16,108,Open
T074,06-07,2007-01-16,108,Open
T075,06-07,2007-01-16,108,Open
T076,06-07,2007-01-16,108,Open
T077,06-07,2007-01-16,108,Groomed
T078,06-07,2007-01-16,108,Open
T079,06-07,2007-01-16,108,Open
T080,06-07,2007-01-16,108,Open
T081,06-07,2007-01-16,108,Open
T083,06-07,2007-01-16,108,Open
T084,06-07,2007-01-16,108,Open
T085,06-07,2007-01-16,108,Open
T086,06-07,2007-01-16,108,Open
T087,06-07,2007-01-16,108,Open
T088,06-07,2007-01-16,108,Open
T089,06-07,2007-01-16,108,Open
T090,06-07,2007-01-16,108,Open
T091,06-07,2007-01-16,108,Open
T092,06-07,2007-01-16,108,Open
T127,06-07,2007-01-16,108,Open
T134,06-07,2007-01-16,108,Open
T135,06-07,2007-01-16,108,Open
T136,06-07,2007-01-16,108,Open
T137,06-07,2007-01-16,108,Open
T148,06-07,2007-01-16,108,Open
T152,06-07,2007-01-16,108,Groomed
T156,06-07,2007-01-16,108,Closed
T157,06-07,2007-01-16,108,Open
T002,06-07,2007-01-17,109,Groomed
T003,06-07,2007-01-17,109,Groomed
T004,06-07,2007-01-17,109,Groomed
T005,06-07,2007-01-17,109,Groomed
T006,06-07,2007-01-17,109,Groomed
T007,06-07,2007-01-17,109,Groomed
T008,06-07,2007-01-17,109,Open
T009,06-07,2007-01-17,109,Groomed
T010,06-07,2007-01-17,109,Groomed
T011,06-07,2007-01-17,109,Groomed
T012,06-07,2007-01-17,109,Groomed
T013,06-07,2007-01-17,109,Groomed
T015,06-07,2007-01-17,109,Open
T016,06-07,2007-01-17,109,Open
T017,06-07,2007-01-17,109,Open
T018,06-07,2007-01-17,109,Open
T019,06-07,2007-01-17,109,Closed
T020,06-07,2007-01-17,109,Open
T021,06-07,2007-01-17,109,Groomed
T022,06-07,2007-01-17,109,Groomed
T023,06-07,2007-01-17,109,Groomed
T024,06-07,2007-01-17,109,Open
T025,06-07,2007-01-17,109,Groomed
T026,06-07,2007-01-17,109,Open
T027,06-07,2007-01-17,109,Groomed
T028,06-07,2007-01-17,109,Groomed
T029,06-07,2007-01-17,109,Open
T030,06-07,2007-01-17,109,Groomed
T031,06-07,2007-01-17,109,Groomed
T032,06-07,2007-01-17,109,Closed
T033,06-07,2007-01-17,109,Groomed
T034,06-07,2007-01-17,109,Groomed
T035,06-07,2007-01-17,109,Open
T036,06-07,2007-01-17,109,Groomed
T037,06-07,2007-01-17,109,Open
T038,06-07,2007-01-17,109,Open
T039,06-07,2007-01-17,109,Open
T040,06-07,2007-01-17,109,Groomed
T042,06-07,2007-01-17,109,Open
T043,06-07,2007-01-17,109,Open
T044,06-07,2007-01-17,109,Open
T045,06-07,2007-01-17,109,Open
T046,06-07,2007-01-17,109,Open
T047,06-07,2007-01-17,109,Closed
T061,06-07,2007-01-17,109,Groomed
T063,06-07,2007-01-17,109,Groomed
T064,06-07,2007-01-17,109,Open
T065,06-07,2007-01-17,109,Groomed
T066,06-07,2007-01-17,109,Open
T067,06-07,2007-01-17,109,Groomed
T068,06-07,2007-01-17,109,Open
T069,06-07,2007-01-17,109,Open
T070,06-07,2007-01-17,109,Open
T071,06-07,2007-01-17,109,Open
T072,06-07,2007-01-17,109,Open
T073,06-07,2007-01-17,109,Open
T074,06-07,2007-01-17,109,Open
T075,06-07,2007-01-17,109,Open
T076,06-07,2007-01-17,109,Open
T077,06-07,2007-01-17,109,Groomed
T078,06-07,2007-01-17,109,Open
T079,06-07,2007-01-17,109,Groomed
T080,06-07,2007-01-17,109,Open
T081,06-07,2007-01-17,109,Open
T083,06-07,2007-01-17,109,Groomed
T084,06-07,2007-01-17,109,Open
T085,06-07,2007-01-17,109,Open
T086,06-07,2007-01-17,109,Open
T087,06-07,2007-01-17,109,Open
T088,06-07,2007-01-17,109,Open
T089,06-07,2007-01-17,109,Open
T090,06-07,2007-01-17,109,Open
T091,06-07,2007-01-17,109,Open
T092,06-07,2007-01-17,109,Open
T127,06-07,2007-01-17,109,Open
T134,06-07,2007-01-17,109,Open
T135,06-07,2007-01-17,109,Open
T136,06-07,2007-01-17,109,Open
T137,06-07,2007-01-17,109,Open
T148,06-07,2007-01-17,109,Open
T152,06-07,2007-01-17,109,Groomed
T156,06-07,2007-01-17,109,Closed
T157,06-07,2007-01-17,109,Open
T002,06-07,2007-01-18,110,Groomed
T003,06-07,2007-01-18,110,Groomed
T004,06-07,2007-01-18,110,Groomed
T005,06-07,2007-01-18,110,Groomed
T006,06-07,2007-01-18,110,Groomed
T007,06-07,2007-01-18,110,Groomed
T008,06-07,2007-01-18,110,Open
T009,06-07,2007-01-18,110,Groomed
T010,06-07,2007-01-18,110,Open
T011,06-07,2007-01-18,110,Groomed
T012,06-07,2007-01-18,110,Groomed
T013,06-07,2007-01-18,110,Groomed
T015,06-07,2007-01-18,110,Open
T016,06-07,2007-01-18,110,Open
T017,06-07,2007-01-18,110,Open
T018,06-07,2007-01-18,110,Open
T019,06-07,2007-01-18,110,Closed
T020,06-07,2007-01-18,110,Open
T021,06-07,2007-01-18,110,Groomed
T022,06-07,2007-01-18,110,Groomed
T023,06-07,2007-01-18,110,Groomed
T024,06-07,2007-01-18,110,Open
T025,06-07,2007-01-18,110,Groomed
T026,06-07,2007-01-18,110,Open
T027,06-07,2007-01-18,110,Groomed
T028,06-07,2007-01-18,110,Open
T029,06-07,2007-01-18,110,Open
T030,06-07,2007-01-18,110,Open
T031,06-07,2007-01-18,110,Groomed
T032,06-07,2007-01-18,110,Closed
T033,06-07,2007-01-18,110,Groomed
T034,06-07,2007-01-18,110,Groomed
T035,06-07,2007-01-18,110,Open
T036,06-07,2007-01-18,110,Groomed
T037,06-07,2007-01-18,110,Open
T038,06-07,2007-01-18,110,Open
T039,06-07,2007-01-18,110,Open
T040,06-07,2007-01-18,110,Groomed
T042,06-07,2007-01-18,110,Open
T043,06-07,2007-01-18,110,Open
T044,06-07,2007-01-18,110,Open
T045,06-07,2007-01-18,110,Open
T046,06-07,2007-01-18,110,Open
T047,06-07,2007-01-18,110,Closed
T061,06-07,2007-01-18,110,Groomed
T063,06-07,2007-01-18,110,Groomed
T064,06-07,2007-01-18,110,Open
T065,06-07,2007-01-18,110,Open
T066,06-07,2007-01-18,110,Groomed
T067,06-07,2007-01-18,110,Groomed
T068,06-07,2007-01-18,110,Open
T069,06-07,2007-01-18,110,Open
T070,06-07,2007-01-18,110,Open
T071,06-07,2007-01-18,110,Open
T072,06-07,2007-01-18,110,Open
T073,06-07,2007-01-18,110,Open
T074,06-07,2007-01-18,110,Open
T075,06-07,2007-01-18,110,Open
T076,06-07,2007-01-18,110,Open
T077,06-07,2007-01-18,110,Groomed
T078,06-07,2007-01-18,110,Groomed
T079,06-07,2007-01-18,110,Groomed
T080,06-07,2007-01-18,110,Open
T081,06-07,2007-01-18,110,Open
T083,06-07,2007-01-18,110,Open
T084,06-07,2007-01-18,110,Open
T085,06-07,2007-01-18,110,Open
T086,06-07,2007-01-18,110,Open
T087,06-07,2007-01-18,110,Open
T088,06-07,2007-01-18,110,Open
T089,06-07,2007-01-18,110,Open
T090,06-07,2007-01-18,110,Open
T091,06-07,2007-01-18,110,Open
T092,06-07,2007-01-18,110,Open
T127,06-07,2007-01-18,110,Open
T134,06-07,2007-01-18,110,Open
T135,06-07,2007-01-18,110,Open
T136,06-07,2007-01-18,110,Open
T137,06-07,2007-01-18,110,Open
T148,06-07,2007-01-18,110,Open
T152,06-07,2007-01-18,110,Groomed
T156,06-07,2007-01-18,110,Closed
T157,06-07,2007-01-18,110,Open
T002,06-07,2007-01-19,111,Groomed
T003,06-07,2007-01-19,111,Groomed
T004,06-07,2007-01-19,111,Groomed
T005,06-07,2007-01-19,111,Groomed
T006,06-07,2007-01-19,111,Open
T007,06-07,2007-01-19,111,Groomed
T008,06-07,2007-01-19,111,Open
T009,06-07,2007-01-19,111,Groomed
T010,06-07,2007-01-19,111,Open
T011,06-07,2007-01-19,111,Groomed
T012,06-07,2007-01-19,111,Groomed
T013,06-07,2007-01-19,111,Groomed
T015,06-07,2007-01-19,111,Open
T016,06-07,2007-01-19,111,Open
T017,06-07,2007-01-19,111,Open
T018,06-07,2007-01-19,111,Open
T019,06-07,2007-01-19,111,Closed
T020,06-07,2007-01-19,111,Open
T021,06-07,2007-01-19,111,Groomed
T022,06-07,2007-01-19,111,Groomed
T023,06-07,2007-01-19,111,Groomed
T024,06-07,2007-01-19,111,Open
T025,06-07,2007-01-19,111,Groomed
T026,06-07,2007-01-19,111,Open
T027,06-07,2007-01-19,111,Groomed
T028,06-07,2007-01-19,111,Groomed
T029,06-07,2007-01-19,111,Open
T030,06-07,2007-01-19,111,Groomed
T031,06-07,2007-01-19,111,Groomed
T032,06-07,2007-01-19,111,Closed
T033,06-07,2007-01-19,111,Groomed
T034,06-07,2007-01-19,111,Groomed
T035,06-07,2007-01-19,111,Open
T036,06-07,2007-01-19,111,Groomed
T037,06-07,2007-01-19,111,Open
T038,06-07,2007-01-19,111,Open
T039,06-07,2007-01-19,111,Open
T040,06-07,2007-01-19,111,Groomed
T042,06-07,2007-01-19,111,Open
T043,06-07,2007-01-19,111,Open
T044,06-07,2007-01-19,111,Open
T045,06-07,2007-01-19,111,Open
T046,06-07,2007-01-19,111,Open
T047,06-07,2007-01-19,111,Closed
T061,06-07,2007-01-19,111,Groomed
T063,06-07,2007-01-19,111,Groomed
T064,06-07,2007-01-19,111,Groomed
T065,06-07,2007-01-19,111,Groomed
T066,06-07,2007-01-19,111,Open
T067,06-07,2007-01-19,111,Groomed
T068,06-07,2007-01-19,111,Open
T069,06-07,2007-01-19,111,Open
T070,06-07,2007-01-19,111,Open
T071,06-07,2007-01-19,111,Open
T072,06-07,2007-01-19,111,Open
T073,06-07,2007-01-19,111,Open
T074,06-07,2007-01-19,111,Open
T075,06-07,2007-01-19,111,Open
T076,06-07,2007-01-19,111,Open
T077,06-07,2007-01-19,111,Groomed
T078,06-07,2007-01-19,111,Open
T079,06-07,2007-01-19,111,Open
T080,06-07,2007-01-19,111,Open
T081,06-07,2007-01-19,111,Open
T083,06-07,2007-01-19,111,Open
T084,06-07,2007-01-19,111,Open
T085,06-07,2007-01-19,111,Open
T086,06-07,2007-01-19,111,Open
T087,06-07,2007-01-19,111,Open
T088,06-07,2007-01-19,111,Open
T089,06-07,2007-01-19,111,Open
T090,06-07,2007-01-19,111,Open
T091,06-07,2007-01-19,111,Open
T092,06-07,2007-01-19,111,Open
T127,06-07,2007-01-19,111,Open
T134,06-07,2007-01-19,111,Open
T135,06-07,2007-01-19,111,Open
T136,06-07,2007-01-19,111,Open
T137,06-07,2007-01-19,111,Open
T148,06-07,2007-01-19,111,Open
T152,06-07,2007-01-19,111,Groomed
T156,06-07,2007-01-19,111,Closed
T157,06-07,2007-01-19,111,Open
T002,06-07,2007-01-20,112,Groomed
T003,06-07,2007-01-20,112,Groomed
T004,06-07,2007-01-20,112,Groomed
T005,06-07,2007-01-20,112,Groomed
T006,06-07,2007-01-20,112,Groomed
T007,06-07,2007-01-20,112,Groomed
T008,06-07,2007-01-20,112,Groomed
T009,06-07,2007-01-20,112,Groomed
T010,06-07,2007-01-20,112,Groomed
T011,06-07,2007-01-20,112,Groomed
T012,06-07,2007-01-20,112,Groomed
T013,06-07,2007-01-20,112,Groomed
T015,06-07,2007-01-20,112,Open
T016,06-07,2007-01-20,112,Open
T017,06-07,2007-01-20,112,Open
T018,06-07,2007-01-20,112,Open
T019,06-07,2007-01-20,112,Closed
T020,06-07,2007-01-20,112,Open
T021,06-07,2007-01-20,112,Groomed
T022,06-07,2007-01-20,112,Groomed
T023,06-07,2007-01-20,112,Groomed
T024,06-07,2007-01-20,112,Groomed
T025,06-07,2007-01-20,112,Groomed
T026,06-07,2007-01-20,112,Open
T027,06-07,2007-01-20,112,Groomed
T028,06-07,2007-01-20,112,Groomed
T029,06-07,2007-01-20,112,Open
T030,06-07,2007-01-20,112,Groomed
T031,06-07,2007-01-20,112,Groomed
T032,06-07,2007-01-20,112,Closed
T033,06-07,2007-01-20,112,Groomed
T034,06-07,2007-01-20,112,Groomed
T035,06-07,2007-01-20,112,Open
T036,06-07,2007-01-20,112,Groomed
T037,06-07,2007-01-20,112,Open
T038,06-07,2007-01-20,112,Open
T039,06-07,2007-01-20,112,Open
T040,06-07,2007-01-20,112,Groomed
T042,06-07,2007-01-20,112,Open
T043,06-07,2007-01-20,112,Groomed
T044,06-07,2007-01-20,112,Open
T045,06-07,2007-01-20,112,Open
T046,06-07,2007-01-20,112,Open
T047,06-07,2007-01-20,112,Closed
T061,06-07,2007-01-20,112,Groomed
T063,06-07,2007-01-20,112,Groomed
T064,06-07,2007-01-20,112,Groomed
T065,06-07,2007-01-20,112,Open
T066,06-07,2007-01-20,112,Open
T067,06-07,2007-01-20,112,Groomed
T068,06-07,2007-01-20,112,Open
T069,06-07,2007-01-20,112,Open
T070,06-07,2007-01-20,112,Open
T071,06-07,2007-01-20,112,Open
T072,06-07,2007-01-20,112,Open
T073,06-07,2007-01-20,112,Open
T074,06-07,2007-01-20,112,Open
T075,06-07,2007-01-20,112,Open
T076,06-07,2007-01-20,112,Open
T077,06-07,2007-01-20,112,Groomed
T078,06-07,2007-01-20,112,Groomed
T079,06-07,2007-01-20,112,Groomed
T080,06-07,2007-01-20,112,Open
T081,06-07,2007-01-20,112,Open
T083,06-07,2007-01-20,112,Open
T084,06-07,2007-01-20,112,Open
T085,06-07,2007-01-20,112,Open
T086,06-07,2007-01-20,112,Open
T087,06-07,2007-01-20,112,Open
T088,06-07,2007-01-20,112,Open
T089,06-07,2007-01-20,112,Open
T090,06-07,2007-01-20,112,Open
T091,06-07,2007-01-20,112,Open
T092,06-07,2007-01-20,112,Open
T127,06-07,2007-01-20,112,Open
T134,06-07,2007-01-20,112,Open
T135,06-07,2007-01-20,112,Open
T136,06-07,2007-01-20,112,Open
T137,06-07,2007-01-20,112,Open
T148,06-07,2007-01-20,112,Open
T152,06-07,2007-01-20,112,Groomed
T156,06-07,2007-01-20,112,Closed
T157,06-07,2007-01-20,112,Open
T002,06-07,2007-01-21,113,Groomed
T003,06-07,2007-01-21,113,Groomed
T004,06-07,2007-01-21,113,Groomed
T005,06-07,2007-01-21,113,Groomed
T006,06-07,2007-01-21,113,Groomed
T007,06-07,2007-01-21,113,Groomed
T008,06-07,2007-01-21,113,Groomed
T009,06-07,2007-01-21,113,Groomed
T010,06-07,2007-01-21,113,Groomed
T011,06-07,2007-01-21,113,Groomed
T012,06-07,2007-01-21,113,Groomed
T013,06-07,2007-01-21,113,Groomed
T015,06-07,2007-01-21,113,Open
T016,06-07,2007-01-21,113,Open
T017,06-07,2007-01-21,113,Open
T018,06-07,2007-01-21,113,Groomed
T019,06-07,2007-01-21,113,Closed
T020,06-07,2007-01-21,113,Groomed
T021,06-07,2007-01-21,113,Groomed
T022,06-07,2007-01-21,113,Groomed
T023,06-07,2007-01-21,113,Groomed
T024,06-07,2007-01-21,113,Open
T025,06-07,2007-01-21,113,Groomed
T026,06-07,2007-01-21,113,Open
T027,06-07,2007-01-21,113,Groomed
T028,06-07,2007-01-21,113,Groomed
T029,06-07,2007-01-21,113,Open
T030,06-07,2007-01-21,113,Groomed
T031,06-07,2007-01-21,113,Groomed
T032,06-07,2007-01-21,113,Closed
T033,06-07,2007-01-21,113,Groomed
T034,06-07,2007-01-21,113,Groomed
T035,06-07,2007-01-21,113,Open
T036,06-07,2007-01-21,113,Groomed
T037,06-07,2007-01-21,113,Open
T038,06-07,2007-01-21,113,Open
T039,06-07,2007-01-21,113,Open
T040,06-07,2007-01-21,113,Groomed
T042,06-07,2007-01-21,113,Open
T043,06-07,2007-01-21,113,Groomed
T044,06-07,2007-01-21,113,Open
T045,06-07,2007-01-21,113,Open
T046,06-07,2007-01-21,113,Open
T047,06-07,2007-01-21,113,Closed
T061,06-07,2007-01-21,113,Groomed
T063,06-07,2007-01-21,113,Groomed
T064,06-07,2007-01-21,113,Groomed
T065,06-07,2007-01-21,113,Open
T066,06-07,2007-01-21,113,Open
T067,06-07,2007-01-21,113,Groomed
T068,06-07,2007-01-21,113,Open
T069,06-07,2007-01-21,113,Open
T070,06-07,2007-01-21,113,Open
T071,06-07,2007-01-21,113,Open
T072,06-07,2007-01-21,113,Open
T073,06-07,2007-01-21,113,Open
T074,06-07,2007-01-21,113,Open
T075,06-07,2007-01-21,113,Open
T076,06-07,2007-01-21,113,Open
T077,06-07,2007-01-21,113,Groomed
T078,06-07,2007-01-21,113,Groomed
T079,06-07,2007-01-21,113,Groomed
T080,06-07,2007-01-21,113,Open
T081,06-07,2007-01-21,113,Open
T083,06-07,2007-01-21,113,Open
T084,06-07,2007-01-21,113,Open
T085,06-07,2007-01-21,113,Open
T086,06-07,2007-01-21,113,Open
T087,06-07,2007-01-21,113,Open
T088,06-07,2007-01-21,113,Open
T089,06-07,2007-01-21,113,Open
T090,06-07,2007-01-21,113,Open
T091,06-07,2007-01-21,113,Open
T092,06-07,2007-01-21,113,Open
T127,06-07,2007-01-21,113,Open
T134,06-07,2007-01-21,113,Open
T135,06-07,2007-01-21,113,Open
T136,06-07,2007-01-21,113,Open
T137,06-07,2007-01-21,113,Open
T148,06-07,2007-01-21,113,Open
T152,06-07,2007-01-21,113,Groomed
T156,06-07,2007-01-21,113,Closed
T157,06-07,2007-01-21,113,Open
T002,06-07,2007-01-22,114,Groomed
T003,06-07,2007-01-22,114,Groomed
T004,06-07,2007-01-22,114,Groomed
T005,06-07,2007-01-22,114,Groomed
T006,06-07,2007-01-22,114,Groomed
T007,06-07,2007-01-22,114,Groomed
T008,06-07,2007-01-22,114,Groomed
T009,06-07,2007-01-22,114,Groomed
T010,06-07,2007-01-22,114,Groomed
T011,06-07,2007-01-22,114,Groomed
T012,06-07,2007-01-22,114,Groomed
T013,06-07,2007-01-22,114,Groomed
T015,06-07,2007-01-22,114,Open
T016,06-07,2007-01-22,114,Open
T017,06-07,2007-01-22,114,Open
T018,06-07,2007-01-22,114,Open
T019,06-07,2007-01-22,114,Closed
T020,06-07,2007-01-22,114,Groomed
T021,06-07,2007-01-22,114,Groomed
T022,06-07,2007-01-22,114,Groomed
T023,06-07,2007-01-22,114,Groomed
T024,06-07,2007-01-22,114,Open
T025,06-07,2007-01-22,114,Groomed
T026,06-07,2007-01-22,114,Open
T027,06-07,2007-01-22,114,Groomed
T028,06-07,2007-01-22,114,Groomed
T029,06-07,2007-01-22,114,Open
T030,06-07,2007-01-22,114,Groomed
T031,06-07,2007-01-22,114,Groomed
T032,06-07,2007-01-22,114,Closed
T033,06-07,2007-01-22,114,Groomed
T034,06-07,2007-01-22,114,Groomed
T035,06-07,2007-01-22,114,Open
T036,06-07,2007-01-22,114,Groomed
T037,06-07,2007-01-22,114,Open
T038,06-07,2007-01-22,114,Open
T039,06-07,2007-01-22,114,Open
T040,06-07,2007-01-22,114,Groomed
T042,06-07,2007-01-22,114,Open
T043,06-07,2007-01-22,114,Open
T044,06-07,2007-01-22,114,Open
T045,06-07,2007-01-22,114,Open
T046,06-07,2007-01-22,114,Open
T047,06-07,2007-01-22,114,Closed
T061,06-07,2007-01-22,114,Groomed
T063,06-07,2007-01-22,114,Groomed
T064,06-07,2007-01-22,114,Groomed
T065,06-07,2007-01-22,114,Open
T066,06-07,2007-01-22,114,Groomed
T067,06-07,2007-01-22,114,Groomed
T068,06-07,2007-01-22,114,Open
T069,06-07,2007-01-22,114,Open
T070,06-07,2007-01-22,114,Open
T071,06-07,2007-01-22,114,Open
T072,06-07,2007-01-22,114,Open
T073,06-07,2007-01-22,114,Open
T074,06-07,2007-01-22,114,Open
T075,06-07,2007-01-22,114,Open
T076,06-07,2007-01-22,114,Open
T077,06-07,2007-01-22,114,Groomed
T078,06-07,2007-01-22,114,Groomed
T079,06-07,2007-01-22,114,Groomed
T080,06-07,2007-01-22,114,Open
T081,06-07,2007-01-22,114,Open
T083,06-07,2007-01-22,114,Groomed
T084,06-07,2007-01-22,114,Open
T085,06-07,2007-01-22,114,Open
T086,06-07,2007-01-22,114,Open
T087,06-07,2007-01-22,114,Open
T088,06-07,2007-01-22,114,Open
T089,06-07,2007-01-22,114,Open
T090,06-07,2007-01-22,114,Open
T091,06-07,2007-01-22,114,Open
T092,06-07,2007-01-22,114,Open
T127,06-07,2007-01-22,114,Open
T134,06-07,2007-01-22,114,Open
T135,06-07,2007-01-22,114,Open
T136,06-07,2007-01-22,114,Open
T137,06-07,2007-01-22,114,Open
T148,06-07,2007-01-22,114,Open
T152,06-07,2007-01-22,114,Groomed
T156,06-07,2007-01-22,114,Closed
T157,06-07,2007-01-22,114,Open
T002,06-07,2007-01-23,115,Groomed
T003,06-07,2007-01-23,115,Groomed
T004,06-07,2007-01-23,115,Groomed
T005,06-07,2007-01-23,115,Groomed
T006,06-07,2007-01-23,115,Open
T007,06-07,2007-01-23,115,Groomed
T008,06-07,2007-01-23,115,Groomed
T009,06-07,2007-01-23,115,Groomed
T010,06-07,2007-01-23,115,Groomed
T011,06-07,2007-01-23,115,Groomed
T012,06-07,2007-01-23,115,Groomed
T013,06-07,2007-01-23,115,Groomed
T015,06-07,2007-01-23,115,Groomed
T016,06-07,2007-01-23,115,Open
T017,06-07,2007-01-23,115,Open
T018,06-07,2007-01-23,115,Open
T019,06-07,2007-01-23,115,Closed
T020,06-07,2007-01-23,115,Groomed
T021,06-07,2007-01-23,115,Groomed
T022,06-07,2007-01-23,115,Groomed
T023,06-07,2007-01-23,115,Groomed
T024,06-07,2007-01-23,115,Open
T025,06-07,2007-01-23,115,Groomed
T026,06-07,2007-01-23,115,Open
T027,06-07,2007-01-23,115,Groomed
T028,06-07,2007-01-23,115,Open
T029,06-07,2007-01-23,115,Open
T030,06-07,2007-01-23,115,Open
T031,06-07,2007-01-23,115,Groomed
T032,06-07,2007-01-23,115,Closed
T033,06-07,2007-01-23,115,Groomed
T034,06-07,2007-01-23,115,Groomed
T035,06-07,2007-01-23,115,Open
T036,06-07,2007-01-23,115,Groomed
T037,06-07,2007-01-23,115,Open
T038,06-07,2007-01-23,115,Open
T039,06-07,2007-01-23,115,Open
T040,06-07,2007-01-23,115,Groomed
T042,06-07,2007-01-23,115,Open
T043,06-07,2007-01-23,115,Open
T044,06-07,2007-01-23,115,Open
T045,06-07,2007-01-23,115,Open
T046,06-07,2007-01-23,115,Open
T047,06-07,2007-01-23,115,Closed
T061,06-07,2007-01-23,115,Groomed
T063,06-07,2007-01-23,115,Groomed
T064,06-07,2007-01-23,115,Groomed
T065,06-07,2007-01-23,115,Open
T066,06-07,2007-01-23,115,Open
T067,06-07,2007-01-23,115,Groomed
T068,06-07,2007-01-23,115,Open
T069,06-07,2007-01-23,115,Open
T070,06-07,2007-01-23,115,Open
T071,06-07,2007-01-23,115,Open
T072,06-07,2007-01-23,115,Open
T073,06-07,2007-01-23,115,Open
T074,06-07,2007-01-23,115,Open
T075,06-07,2007-01-23,115,Open
T076,06-07,2007-01-23,115,Open
T077,06-07,2007-01-23,115,Groomed
T078,06-07,2007-01-23,115,Groomed
T079,06-07,2007-01-23,115,Groomed
T080,06-07,2007-01-23,115,Open
T081,06-07,2007-01-23,115,Open
T083,06-07,2007-01-23,115,Groomed
T084,06-07,2007-01-23,115,Open
T085,06-07,2007-01-23,115,Open
T086,06-07,2007-01-23,115,Open
T087,06-07,2007-01-23,115,Open
T088,06-07,2007-01-23,115,Open
T089,06-07,2007-01-23,115,Open
T090,06-07,2007-01-23,115,Open
T091,06-07,2007-01-23,115,Open
T092,06-07,2007-01-23,115,Open
T127,06-07,2007-01-23,115,Open
T134,06-07,2007-01-23,115,Open
T135,06-07,2007-01-23,115,Open
T136,06-07,2007-01-23,115,Open
T137,06-07,2007-01-23,115,Open
T148,06-07,2007-01-23,115,Open
T152,06-07,2007-01-23,115,Groomed
T156,06-07,2007-01-23,115,Closed
T157,06-07,2007-01-23,115,Open
T002,06-07,2007-01-24,116,Groomed
T003,06-07,2007-01-24,116,Groomed
T004,06-07,2007-01-24,116,Groomed
T005,06-07,2007-01-24,116,Groomed
T006,06-07,2007-01-24,116,Groomed
T007,06-07,2007-01-24,116,Groomed
T008,06-07,2007-01-24,116,Open
T009,06-07,2007-01-24,116,Groomed
T010,06-07,2007-01-24,116,Groomed
T011,06-07,2007-01-24,116,Groomed
T012,06-07,2007-01-24,116,Groomed
T013,06-07,2007-01-24,116,Groomed
T015,06-07,2007-01-24,116,Groomed
T016,06-07,2007-01-24,116,Open
T017,06-07,2007-01-24,116,Open
T018,06-07,2007-01-24,116,Open
T019,06-07,2007-01-24,116,Closed
T020,06-07,2007-01-24,116,Groomed
T021,06-07,2007-01-24,116,Groomed
T022,06-07,2007-01-24,116,Groomed
T023,06-07,2007-01-24,116,Groomed
T024,06-07,2007-01-24,116,Open
T025,06-07,2007-01-24,116,Groomed
T026,06-07,2007-01-24,116,Open
T027,06-07,2007-01-24,116,Groomed
T028,06-07,2007-01-24,116,Groomed
T029,06-07,2007-01-24,116,Open
T030,06-07,2007-01-24,116,Groomed
T031,06-07,2007-01-24,116,Groomed
T032,06-07,2007-01-24,116,Closed
T033,06-07,2007-01-24,116,Groomed
T034,06-07,2007-01-24,116,Groomed
T035,06-07,2007-01-24,116,Open
T036,06-07,2007-01-24,116,Groomed
T037,06-07,2007-01-24,116,Open
T038,06-07,2007-01-24,116,Open
T039,06-07,2007-01-24,116,Open
T040,06-07,2007-01-24,116,Groomed
T042,06-07,2007-01-24,116,Open
T043,06-07,2007-01-24,116,Open
T044,06-07,2007-01-24,116,Open
T045,06-07,2007-01-24,116,Open
T046,06-07,2007-01-24,116,Open
T047,06-07,2007-01-24,116,Closed
T061,06-07,2007-01-24,116,Groomed
T063,06-07,2007-01-24,116,Groomed
T064,06-07,2007-01-24,116,Groomed
T065,06-07,2007-01-24,116,Groomed
T066,06-07,2007-01-24,116,Groomed
T067,06-07,2007-01-24,116,Groomed
T068,06-07,2007-01-24,116,Open
T069,06-07,2007-01-24,116,Open
T070,06-07,2007-01-24,116,Open
T071,06-07,2007-01-24,116,Open
T072,06-07,2007-01-24,116,Open
T073,06-07,2007-01-24,116,Open
T074,06-07,2007-01-24,116,Open
T075,06-07,2007-01-24,116,Open
T076,06-07,2007-01-24,116,Open
T077,06-07,2007-01-24,116,Groomed
T078,06-07,2007-01-24,116,Open
T079,06-07,2007-01-24,116,Open
T080,06-07,2007-01-24,116,Open
T081,06-07,2007-01-24,116,Open
T083,06-07,2007-01-24,116,Open
T084,06-07,2007-01-24,116,Open
T085,06-07,2007-01-24,116,Open
T086,06-07,2007-01-24,116,Open
T087,06-07,2007-01-24,116,Open
T088,06-07,2007-01-24,116,Open
T089,06-07,2007-01-24,116,Open
T090,06-07,2007-01-24,116,Open
T091,06-07,2007-01-24,116,Open
T092,06-07,2007-01-24,116,Open
T127,06-07,2007-01-24,116,Open
T134,06-07,2007-01-24,116,Open
T135,06-07,2007-01-24,116,Open
T136,06-07,2007-01-24,116,Open
T137,06-07,2007-01-24,116,Open
T148,06-07,2007-01-24,116,Open
T152,06-07,2007-01-24,116,Groomed
T156,06-07,2007-01-24,116,Closed
T157,06-07,2007-01-24,116,Open
T002,06-07,2007-01-25,117,Groomed
T003,06-07,2007-01-25,117,Groomed
T004,06-07,2007-01-25,117,Groomed
T005,06-07,2007-01-25,117,Groomed
T006,06-07,2007-01-25,117,Groomed
T007,06-07,2007-01-25,117,Groomed
T008,06-07,2007-01-25,117,Open
T009,06-07,2007-01-25,117,Groomed
T010,06-07,2007-01-25,117,Open
T011,06-07,2007-01-25,117,Groomed
T012,06-07,2007-01-25,117,Groomed
T013,06-07,2007-01-25,117,Groomed
T015,06-07,2007-01-25,117,Groomed
T016,06-07,2007-01-25,117,Open
T017,06-07,2007-01-25,117,Open
T018,06-07,2007-01-25,117,Open
T019,06-07,2007-01-25,117,Closed
T020,06-07,2007-01-25,117,Groomed
T021,06-07,2007-01-25,117,Groomed
T022,06-07,2007-01-25,117,Groomed
T023,06-07,2007-01-25,117,Groomed
T024,06-07,2007-01-25,117,Open
T025,06-07,2007-01-25,117,Groomed
T026,06-07,2007-01-25,117,Open
T027,06-07,2007-01-25,117,Groomed
T028,06-07,2007-01-25,117,Groomed
T029,06-07,2007-01-25,117,Open
T030,06-07,2007-01-25,117,Groomed
T031,06-07,2007-01-25,117,Groomed
T032,06-07,2007-01-25,117,Closed
T033,06-07,2007-01-25,117,Groomed
T034,06-07,2007-01-25,117,Groomed
T035,06-07,2007-01-25,117,Open
T036,06-07,2007-01-25,117,Groomed
T037,06-07,2007-01-25,117,Open
T038,06-07,2007-01-25,117,Open
T039,06-07,2007-01-25,117,Open
T040,06-07,2007-01-25,117,Groomed
T042,06-07,2007-01-25,117,Open
T043,06-07,2007-01-25,117,Open
T044,06-07,2007-01-25,117,Open
T045,06-07,2007-01-25,117,Open
T046,06-07,2007-01-25,117,Open
T047,06-07,2007-01-25,117,Closed
T061,06-07,2007-01-25,117,Groomed
T063,06-07,2007-01-25,117,Groomed
T064,06-07,2007-01-25,117,Open
T065,06-07,2007-01-25,117,Open
T066,06-07,2007-01-25,117,Open
T067,06-07,2007-01-25,117,Groomed
T068,06-07,2007-01-25,117,Open
T069,06-07,2007-01-25,117,Open
T070,06-07,2007-01-25,117,Open
T071,06-07,2007-01-25,117,Open
T072,06-07,2007-01-25,117,Open
T073,06-07,2007-01-25,117,Open
T074,06-07,2007-01-25,117,Open
T075,06-07,2007-01-25,117,Open
T076,06-07,2007-01-25,117,Open
T077,06-07,2007-01-25,117,Groomed
T078,06-07,2007-01-25,117,Groomed
T079,06-07,2007-01-25,117,Groomed
T080,06-07,2007-01-25,117,Open
T081,06-07,2007-01-25,117,Open
T083,06-07,2007-01-25,117,Open
T084,06-07,2007-01-25,117,Open
T085,06-07,2007-01-25,117,Open
T086,06-07,2007-01-25,117,Open
T087,06-07,2007-01-25,117,Open
T088,06-07,2007-01-25,117,Open
T089,06-07,2007-01-25,117,Open
T090,06-07,2007-01-25,117,Open
T091,06-07,2007-01-25,117,Open
T092,06-07,2007-01-25,117,Open
T127,06-07,2007-01-25,117,Open
T134,06-07,2007-01-25,117,Open
T135,06-07,2007-01-25,117,Open
T136,06-07,2007-01-25,117,Open
T137,06-07,2007-01-25,117,Open
T148,06-07,2007-01-25,117,Open
T152,06-07,2007-01-25,117,Groomed
T156,06-07,2007-01-25,117,Closed
T157,06-07,2007-01-25,117,Open
T002,06-07,2007-01-26,118,Groomed
T003,06-07,2007-01-26,118,Groomed
T004,06-07,2007-01-26,118,Groomed
T005,06-07,2007-01-26,118,Groomed
T006,06-07,2007-01-26,118,Groomed
T007,06-07,2007-01-26,118,Groomed
T008,06-07,2007-01-26,118,Open
T009,06-07,2007-01-26,118,Groomed
T010,06-07,2007-01-26,118,Open
T011,06-07,2007-01-26,118,Groomed
T012,06-07,2007-01-26,118,Groomed
T013,06-07,2007-01-26,118,Groomed
T015,06-07,2007-01-26,118,Open
T016,06-07,2007-01-26,118,Open
T017,06-07,2007-01-26,118,Open
T018,06-07,2007-01-26,118,Open
T019,06-07,2007-01-26,118,Closed
T020,06-07,2007-01-26,118,Groomed
T021,06-07,2007-01-26,118,Groomed
T022,06-07,2007-01-26,118,Groomed
T023,06-07,2007-01-26,118,Groomed
T024,06-07,2007-01-26,118,Open
T025,06-07,2007-01-26,118,Groomed
T026,06-07,2007-01-26,118,Open
T027,06-07,2007-01-26,118,Groomed
T028,06-07,2007-01-26,118,Open
T029,06-07,2007-01-26,118,Open
T030,06-07,2007-01-26,118,Open
T031,06-07,2007-01-26,118,Groomed
T032,06-07,2007-01-26,118,Closed
T033,06-07,2007-01-26,118,Groomed
T034,06-07,2007-01-26,118,Groomed
T035,06-07,2007-01-26,118,Open
T036,06-07,2007-01-26,118,Groomed
T037,06-07,2007-01-26,118,Open
T038,06-07,2007-01-26,118,Open
T039,06-07,2007-01-26,118,Open
T040,06-07,2007-01-26,118,Groomed
T042,06-07,2007-01-26,118,Open
T043,06-07,2007-01-26,118,Open
T044,06-07,2007-01-26,118,Open
T045,06-07,2007-01-26,118,Open
T046,06-07,2007-01-26,118,Open
T047,06-07,2007-01-26,118,Closed
T061,06-07,2007-01-26,118,Groomed
T063,06-07,2007-01-26,118,Groomed
T064,06-07,2007-01-26,118,Groomed
T065,06-07,2007-01-26,118,Groomed
T066,06-07,2007-01-26,118,Groomed
T067,06-07,2007-01-26,118,Groomed
T068,06-07,2007-01-26,118,Open
T069,06-07,2007-01-26,118,Open
T070,06-07,2007-01-26,118,Open
T071,06-07,2007-01-26,118,Open
T072,06-07,2007-01-26,118,Open
T073,06-07,2007-01-26,118,Open
T074,06-07,2007-01-26,118,Open
T075,06-07,2007-01-26,118,Open
T076,06-07,2007-01-26,118,Open
T077,06-07,2007-01-26,118,Groomed
T078,06-07,2007-01-26,118,Groomed
T079,06-07,2007-01-26,118,Groomed
T080,06-07,2007-01-26,118,Open
T081,06-07,2007-01-26,118,Open
T083,06-07,2007-01-26,118,Open
T084,06-07,2007-01-26,118,Open
T085,06-07,2007-01-26,118,Open
T086,06-07,2007-01-26,118,Open
T087,06-07,2007-01-26,118,Open
T088,06-07,2007-01-26,118,Open
T089,06-07,2007-01-26,118,Open
T090,06-07,2007-01-26,118,Open
T091,06-07,2007-01-26,118,Open
T092,06-07,2007-01-26,118,Open
T127,06-07,2007-01-26,118,Open
T134,06-07,2007-01-26,118,Open
T135,06-07,2007-01-26,118,Open
T136,06-07,2007-01-26,118,Open
T137,06-07,2007-01-26,118,Open
T148,06-07,2007-01-26,118,Open
T152,06-07,2007-01-26,118,Groomed
T156,06-07,2007-01-26,118,Closed
T157,06-07,2007-01-26,118,Open
T002,06-07,2007-01-27,119,Groomed
T003,06-07,2007-01-27,119,Open
T004,06-07,2007-01-27,119,Groomed
T005,06-07,2007-01-27,119,Groomed
T006,06-07,2007-01-27,119,Groomed
T007,06-07,2007-01-27,119,Groomed
T008,06-07,2007-01-27,119,Open
T009,06-07,2007-01-27,119,Groomed
T010,06-07,2007-01-27,119,Open
T011,06-07,2007-01-27,119,Groomed
T012,06-07,2007-01-27,119,Groomed
T013,06-07,2007-01-27,119,Groomed
T015,06-07,2007-01-27,119,Open
T016,06-07,2007-01-27,119,Open
T017,06-07,2007-01-27,119,Open
T018,06-07,2007-01-27,119,Open
T019,06-07,2007-01-27,119,Closed
T020,06-07,2007-01-27,119,Open
T021,06-07,2007-01-27,119,Groomed
T022,06-07,2007-01-27,119,Groomed
T023,06-07,2007-01-27,119,Groomed
T024,06-07,2007-01-27,119,Open
T025,06-07,2007-01-27,119,Groomed
T026,06-07,2007-01-27,119,Open
T027,06-07,2007-01-27,119,Groomed
T028,06-07,2007-01-27,119,Groomed
T029,06-07,2007-01-27,119,Open
T030,06-07,2007-01-27,119,Groomed
T031,06-07,2007-01-27,119,Groomed
T032,06-07,2007-01-27,119,Closed
T033,06-07,2007-01-27,119,Groomed
T034,06-07,2007-01-27,119,Groomed
T035,06-07,2007-01-27,119,Open
T036,06-07,2007-01-27,119,Groomed
T037,06-07,2007-01-27,119,Open
T038,06-07,2007-01-27,119,Open
T039,06-07,2007-01-27,119,Open
T040,06-07,2007-01-27,119,Groomed
T042,06-07,2007-01-27,119,Groomed
T043,06-07,2007-01-27,119,Groomed
T044,06-07,2007-01-27,119,Open
T045,06-07,2007-01-27,119,Open
T046,06-07,2007-01-27,119,Open
T047,06-07,2007-01-27,119,Closed
T061,06-07,2007-01-27,119,Groomed
T063,06-07,2007-01-27,119,Groomed
T064,06-07,2007-01-27,119,Groomed
T065,06-07,2007-01-27,119,Groomed
T066,06-07,2007-01-27,119,Open
T067,06-07,2007-01-27,119,Groomed
T068,06-07,2007-01-27,119,Open
T069,06-07,2007-01-27,119,Open
T070,06-07,2007-01-27,119,Open
T071,06-07,2007-01-27,119,Open
T072,06-07,2007-01-27,119,Open
T073,06-07,2007-01-27,119,Open
T074,06-07,2007-01-27,119,Open
T075,06-07,2007-01-27,119,Open
T076,06-07,2007-01-27,119,Open
T077,06-07,2007-01-27,119,Groomed
T078,06-07,2007-01-27,119,Groomed
T079,06-07,2007-01-27,119,Groomed
T080,06-07,2007-01-27,119,Open
T081,06-07,2007-01-27,119,Open
T083,06-07,2007-01-27,119,Open
T084,06-07,2007-01-27,119,Open
T085,06-07,2007-01-27,119,Open
T086,06-07,2007-01-27,119,Open
T087,06-07,2007-01-27,119,Open
T088,06-07,2007-01-27,119,Open
T089,06-07,2007-01-27,119,Open
T090,06-07,2007-01-27,119,Open
T091,06-07,2007-01-27,119,Open
T092,06-07,2007-01-27,119,Open
T127,06-07,2007-01-27,119,Open
T134,06-07,2007-01-27,119,Open
T135,06-07,2007-01-27,119,Open
T136,06-07,2007-01-27,119,Open
T137,06-07,2007-01-27,119,Open
T148,06-07,2007-01-27,119,Open
T152,06-07,2007-01-27,119,Groomed
T156,06-07,2007-01-27,119,Closed
T157,06-07,2007-01-27,119,Open
T002,06-07,2007-01-28,120,Groomed
T003,06-07,2007-01-28,120,Groomed
T004,06-07,2007-01-28,120,Groomed
T005,06-07,2007-01-28,120,Groomed
T006,06-07,2007-01-28,120,Open
T007,06-07,2007-01-28,120,Groomed
T008,06-07,2007-01-28,120,Open
T009,06-07,2007-01-28,120,Groomed
T010,06-07,2007-01-28,120,Open
T011,06-07,2007-01-28,120,Groomed
T012,06-07,2007-01-28,120,Groomed
T013,06-07,2007-01-28,120,Groomed
T015,06-07,2007-01-28,120,Open
T016,06-07,2007-01-28,120,Open
T017,06-07,2007-01-28,120,Open
T018,06-07,2007-01-28,120,Open
T019,06-07,2007-01-28,120,Closed
T020,06-07,2007-01-28,120,Groomed
T021,06-07,2007-01-28,120,Groomed
T022,06-07,2007-01-28,120,Groomed
T023,06-07,2007-01-28,120,Groomed
T024,06-07,2007-01-28,120,Open
T025,06-07,2007-01-28,120,Groomed
T026,06-07,2007-01-28,120,Open
T027,06-07,2007-01-28,120,Groomed
T028,06-07,2007-01-28,120,Groomed
T029,06-07,2007-01-28,120,Open
T030,06-07,2007-01-28,120,Groomed
T031,06-07,2007-01-28,120,Groomed
T032,06-07,2007-01-28,120,Closed
T033,06-07,2007-01-28,120,Groomed
T034,06-07,2007-01-28,120,Groomed
T035,06-07,2007-01-28,120,Open
T036,06-07,2007-01-28,120,Groomed
T037,06-07,2007-01-28,120,Open
T038,06-07,2007-01-28,120,Open
T039,06-07,2007-01-28,120,Open
T040,06-07,2007-01-28,120,Groomed
T042,06-07,2007-01-28,120,Open
T043,06-07,2007-01-28,120,Open
T044,06-07,2007-01-28,120,Open
T045,06-07,2007-01-28,120,Open
T046,06-07,2007-01-28,120,Open
T047,06-07,2007-01-28,120,Closed
T061,06-07,2007-01-28,120,Groomed
T063,06-07,2007-01-28,120,Groomed
T064,06-07,2007-01-28,120,Open
T065,06-07,2007-01-28,120,Open
T066,06-07,2007-01-28,120,Open
T067,06-07,2007-01-28,120,Groomed
T068,06-07,2007-01-28,120,Open
T069,06-07,2007-01-28,120,Open
T070,06-07,2007-01-28,120,Open
T071,06-07,2007-01-28,120,Open
T072,06-07,2007-01-28,120,Open
T073,06-07,2007-01-28,120,Open
T074,06-07,2007-01-28,120,Open
T075,06-07,2007-01-28,120,Open
T076,06-07,2007-01-28,120,Open
T077,06-07,2007-01-28,120,Groomed
T078,06-07,2007-01-28,120,Groomed
T079,06-07,2007-01-28,120,Groomed
T080,06-07,2007-01-28,120,Open
T081,06-07,2007-01-28,120,Open
T083,06-07,2007-01-28,120,Open
T084,06-07,2007-01-28,120,Open
T085,06-07,2007-01-28,120,Open
T086,06-07,2007-01-28,120,Open
T087,06-07,2007-01-28,120,Open
T088,06-07,2007-01-28,120,Open
T089,06-07,2007-01-28,120,Open
T090,06-07,2007-01-28,120,Open
T091,06-07,2007-01-28,120,Open
T092,06-07,2007-01-28,120,Open
T127,06-07,2007-01-28,120,Open
T134,06-07,2007-01-28,120,Open
T135,06-07,2007-01-28,120,Open
T136,06-07,2007-01-28,120,Open
T137,06-07,2007-01-28,120,Open
T148,06-07,2007-01-28,120,Open
T152,06-07,2007-01-28,120,Groomed
T156,06-07,2007-01-28,120,Closed
T157,06-07,2007-01-28,120,Open
T002,06-07,2007-01-29,121,Groomed
T003,06-07,2007-01-29,121,Groomed
T004,06-07,2007-01-29,121,Groomed
T005,06-07,2007-01-29,121,Groomed
T006,06-07,2007-01-29,121,Open
T007,06-07,2007-01-29,121,Groomed
T008,06-07,2007-01-29,121,Open
T009,06-07,2007-01-29,121,Groomed
T010,06-07,2007-01-29,121,Open
T011,06-07,2007-01-29,121,Groomed
T012,06-07,2007-01-29,121,Groomed
T013,06-07,2007-01-29,121,Groomed
T015,06-07,2007-01-29,121,Open
T016,06-07,2007-01-29,121,Open
T017,06-07,2007-01-29,121,Open
T018,06-07,2007-01-29,121,Open
T019,06-07,2007-01-29,121,Closed
T020,06-07,2007-01-29,121,Groomed
T021,06-07,2007-01-29,121,Groomed
T022,06-07,2007-01-29,121,Groomed
T023,06-07,2007-01-29,121,Groomed
T024,06-07,2007-01-29,121,Open
T025,06-07,2007-01-29,121,Groomed
T026,06-07,2007-01-29,121,Open
T027,06-07,2007-01-29,121,Groomed
T028,06-07,2007-01-29,121,Groomed
T029,06-07,2007-01-29,121,Open
T030,06-07,2007-01-29,121,Groomed
T031,06-07,2007-01-29,121,Groomed
T032,06-07,2007-01-29,121,Closed
T033,06-07,2007-01-29,121,Groomed
T034,06-07,2007-01-29,121,Groomed
T035,06-07,2007-01-29,121,Open
T036,06-07,2007-01-29,121,Groomed
T037,06-07,2007-01-29,121,Open
T038,06-07,2007-01-29,121,Open
T039,06-07,2007-01-29,121,Open
T040,06-07,2007-01-29,121,Groomed
T042,06-07,2007-01-29,121,Open
T043,06-07,2007-01-29,121,Open
T044,06-07,2007-01-29,121,Open
T045,06-07,2007-01-29,121,Open
T046,06-07,2007-01-29,121,Open
T047,06-07,2007-01-29,121,Closed
T061,06-07,2007-01-29,121,Groomed
T063,06-07,2007-01-29,121,Groomed
T064,06-07,2007-01-29,121,Open
T065,06-07,2007-01-29,121,Open
T066,06-07,2007-01-29,121,Open
T067,06-07,2007-01-29,121,Groomed
T068,06-07,2007-01-29,121,Open
T069,06-07,2007-01-29,121,Open
T070,06-07,2007-01-29,121,Open
T071,06-07,2007-01-29,121,Open
T072,06-07,2007-01-29,121,Open
T073,06-07,2007-01-29,121,Open
T074,06-07,2007-01-29,121,Open
T075,06-07,2007-01-29,121,Open
T076,06-07,2007-01-29,121,Open
T077,06-07,2007-01-29,121,Groomed
T078,06-07,2007-01-29,121,Groomed
T079,06-07,2007-01-29,121,Groomed
T080,06-07,2007-01-29,121,Open
T081,06-07,2007-01-29,121,Open
T083,06-07,2007-01-29,121,Open
T084,06-07,2007-01-29,121,Open
T085,06-07,2007-01-29,121,Open
T086,06-07,2007-01-29,121,Open
T087,06-07,2007-01-29,121,Open
T088,06-07,2007-01-29,121,Open
T089,06-07,2007-01-29,121,Open
T090,06-07,2007-01-29,121,Open
T091,06-07,2007-01-29,121,Open
T092,06-07,2007-01-29,121,Open
T127,06-07,2007-01-29,121,Open
T134,06-07,2007-01-29,121,Open
T135,06-07,2007-01-29,121,Open
T136,06-07,2007-01-29,121,Open
T137,06-07,2007-01-29,121,Open
T148,06-07,2007-01-29,121,Open
T152,06-07,2007-01-29,121,Groomed
T156,06-07,2007-01-29,121,Closed
T157,06-07,2007-01-29,121,Open
T002,06-07,2007-01-30,122,Groomed
T003,06-07,2007-01-30,122,Groomed
T004,06-07,2007-01-30,122,Groomed
T005,06-07,2007-01-30,122,Groomed
T006,06-07,2007-01-30,122,Open
T007,06-07,2007-01-30,122,Groomed
T008,06-07,2007-01-30,122,Open
T009,06-07,2007-01-30,122,Groomed
T010,06-07,2007-01-30,122,Open
T011,06-07,2007-01-30,122,Groomed
T012,06-07,2007-01-30,122,Groomed
T013,06-07,2007-01-30,122,Groomed
T015,06-07,2007-01-30,122,Open
T016,06-07,2007-01-30,122,Open
T017,06-07,2007-01-30,122,Open
T018,06-07,2007-01-30,122,Open
T019,06-07,2007-01-30,122,Closed
T020,06-07,2007-01-30,122,Groomed
T021,06-07,2007-01-30,122,Groomed
T022,06-07,2007-01-30,122,Groomed
T023,06-07,2007-01-30,122,Groomed
T024,06-07,2007-01-30,122,Open
T025,06-07,2007-01-30,122,Groomed
T026,06-07,2007-01-30,122,Open
T027,06-07,2007-01-30,122,Groomed
T028,06-07,2007-01-30,122,Open
T029,06-07,2007-01-30,122,Open
T030,06-07,2007-01-30,122,Open
T031,06-07,2007-01-30,122,Groomed
T032,06-07,2007-01-30,122,Closed
T033,06-07,2007-01-30,122,Groomed
T034,06-07,2007-01-30,122,Groomed
T035,06-07,2007-01-30,122,Open
T036,06-07,2007-01-30,122,Groomed
T037,06-07,2007-01-30,122,Open
T038,06-07,2007-01-30,122,Open
T039,06-07,2007-01-30,122,Open
T040,06-07,2007-01-30,122,Groomed
T042,06-07,2007-01-30,122,Open
T043,06-07,2007-01-30,122,Open
T044,06-07,2007-01-30,122,Open
T045,06-07,2007-01-30,122,Open
T046,06-07,2007-01-30,122,Open
T047,06-07,2007-01-30,122,Closed
T061,06-07,2007-01-30,122,Groomed
T063,06-07,2007-01-30,122,Groomed
T064,06-07,2007-01-30,122,Open
T065,06-07,2007-01-30,122,Open
T066,06-07,2007-01-30,122,Open
T067,06-07,2007-01-30,122,Groomed
T068,06-07,2007-01-30,122,Open
T069,06-07,2007-01-30,122,Open
T070,06-07,2007-01-30,122,Open
T071,06-07,2007-01-30,122,Open
T072,06-07,2007-01-30,122,Open
T073,06-07,2007-01-30,122,Open
T074,06-07,2007-01-30,122,Open
T075,06-07,2007-01-30,122,Open
T076,06-07,2007-01-30,122,Open
T077,06-07,2007-01-30,122,Groomed
T078,06-07,2007-01-30,122,Groomed
T079,06-07,2007-01-30,122,Groomed
T080,06-07,2007-01-30,122,Open
T081,06-07,2007-01-30,122,Open
T083,06-07,2007-01-30,122,Open
T084,06-07,2007-01-30,122,Open
T085,06-07,2007-01-30,122,Open
T086,06-07,2007-01-30,122,Open
T087,06-07,2007-01-30,122,Open
T088,06-07,2007-01-30,122,Open
T089,06-07,2007-01-30,122,Open
T090,06-07,2007-01-30,122,Open
T091,06-07,2007-01-30,122,Open
T092,06-07,2007-01-30,122,Open
T127,06-07,2007-01-30,122,Open
T134,06-07,2007-01-30,122,Open
T135,06-07,2007-01-30,122,Open
T136,06-07,2007-01-30,122,Open
T137,06-07,2007-01-30,122,Open
T148,06-07,2007-01-30,122,Open
T152,06-07,2007-01-30,122,Groomed
T156,06-07,2007-01-30,122,Closed
T157,06-07,2007-01-30,122,Open
T002,06-07,2007-01-31,123,Groomed
T003,06-07,2007-01-31,123,Groomed
T004,06-07,2007-01-31,123,Groomed
T005,06-07,2007-01-31,123,Groomed
T006,06-07,2007-01-31,123,Groomed
T007,06-07,2007-01-31,123,Groomed
T008,06-07,2007-01-31,123,Open
T009,06-07,2007-01-31,123,Groomed
T010,06-07,2007-01-31,123,Open
T011,06-07,2007-01-31,123,Groomed
T012,06-07,2007-01-31,123,Groomed
T013,06-07,2007-01-31,123,Groomed
T015,06-07,2007-01-31,123,Open
T016,06-07,2007-01-31,123,Open
T017,06-07,2007-01-31,123,Open
T018,06-07,2007-01-31,123,Open
T019,06-07,2007-01-31,123,Closed
T020,06-07,2007-01-31,123,Groomed
T021,06-07,2007-01-31,123,Groomed
T022,06-07,2007-01-31,123,Groomed
T023,06-07,2007-01-31,123,Groomed
T024,06-07,2007-01-31,123,Groomed
T025,06-07,2007-01-31,123,Groomed
T026,06-07,2007-01-31,123,Open
T027,06-07,2007-01-31,123,Groomed
T028,06-07,2007-01-31,123,Groomed
T029,06-07,2007-01-31,123,Open
T030,06-07,2007-01-31,123,Groomed
T031,06-07,2007-01-31,123,Groomed
T032,06-07,2007-01-31,123,Closed
T033,06-07,2007-01-31,123,Groomed
T034,06-07,2007-01-31,123,Groomed
T035,06-07,2007-01-31,123,Open
T036,06-07,2007-01-31,123,Groomed
T037,06-07,2007-01-31,123,Open
T038,06-07,2007-01-31,123,Open
T039,06-07,2007-01-31,123,Open
T040,06-07,2007-01-31,123,Groomed
T042,06-07,2007-01-31,123,Open
T043,06-07,2007-01-31,123,Open
T044,06-07,2007-01-31,123,Open
T045,06-07,2007-01-31,123,Open
T046,06-07,2007-01-31,123,Open
T047,06-07,2007-01-31,123,Closed
T061,06-07,2007-01-31,123,Groomed
T063,06-07,2007-01-31,123,Groomed
T064,06-07,2007-01-31,123,Groomed
T065,06-07,2007-01-31,123,Groomed
T066,06-07,2007-01-31,123,Open
T067,06-07,2007-01-31,123,Groomed
T068,06-07,2007-01-31,123,Open
T069,06-07,2007-01-31,123,Open
T070,06-07,2007-01-31,123,Open
T071,06-07,2007-01-31,123,Open
T072,06-07,2007-01-31,123,Open
T073,06-07,2007-01-31,123,Open
T074,06-07,2007-01-31,123,Open
T075,06-07,2007-01-31,123,Open
T076,06-07,2007-01-31,123,Open
T077,06-07,2007-01-31,123,Groomed
T078,06-07,2007-01-31,123,Open
T079,06-07,2007-01-31,123,Open
T080,06-07,2007-01-31,123,Open
T081,06-07,2007-01-31,123,Open
T083,06-07,2007-01-31,123,Open
T084,06-07,2007-01-31,123,Open
T085,06-07,2007-01-31,123,Open
T086,06-07,2007-01-31,123,Open
T087,06-07,2007-01-31,123,Open
T088,06-07,2007-01-31,123,Open
T089,06-07,2007-01-31,123,Open
T090,06-07,2007-01-31,123,Open
T091,06-07,2007-01-31,123,Open
T092,06-07,2007-01-31,123,Open
T127,06-07,2007-01-31,123,Open
T134,06-07,2007-01-31,123,Open
T135,06-07,2007-01-31,123,Open
T136,06-07,2007-01-31,123,Open
T137,06-07,2007-01-31,123,Open
T148,06-07,2007-01-31,123,Open
T152,06-07,2007-01-31,123,Groomed
T156,06-07,2007-01-31,123,Closed
T157,06-07,2007-01-31,123,Open
T002,06-07,2007-02-01,124,Groomed
T003,06-07,2007-02-01,124,Groomed
T004,06-07,2007-02-01,124,Groomed
T005,06-07,2007-02-01,124,Groomed
T006,06-07,2007-02-01,124,Groomed
T007,06-07,2007-02-01,124,Groomed
T008,06-07,2007-02-01,124,Groomed
T009,06-07,2007-02-01,124,Groomed
T010,06-07,2007-02-01,124,Groomed
T011,06-07,2007-02-01,124,Groomed
T012,06-07,2007-02-01,124,Groomed
T013,06-07,2007-02-01,124,Groomed
T015,06-07,2007-02-01,124,Open
T016,06-07,2007-02-01,124,Open
T017,06-07,2007-02-01,124,Open
T018,06-07,2007-02-01,124,Open
T019,06-07,2007-02-01,124,Closed
T020,06-07,2007-02-01,124,Groomed
T021,06-07,2007-02-01,124,Groomed
T022,06-07,2007-02-01,124,Groomed
T023,06-07,2007-02-01,124,Groomed
T024,06-07,2007-02-01,124,Open
T025,06-07,2007-02-01,124,Groomed
T026,06-07,2007-02-01,124,Open
T027,06-07,2007-02-01,124,Groomed
T028,06-07,2007-02-01,124,Groomed
T029,06-07,2007-02-01,124,Open
T030,06-07,2007-02-01,124,Groomed
T031,06-07,2007-02-01,124,Groomed
T032,06-07,2007-02-01,124,Closed
T033,06-07,2007-02-01,124,Groomed
T034,06-07,2007-02-01,124,Groomed
T035,06-07,2007-02-01,124,Groomed
T036,06-07,2007-02-01,124,Groomed
T037,06-07,2007-02-01,124,Open
T038,06-07,2007-02-01,124,Groomed
T039,06-07,2007-02-01,124,Groomed
T040,06-07,2007-02-01,124,Groomed
T042,06-07,2007-02-01,124,Open
T043,06-07,2007-02-01,124,Groomed
T044,06-07,2007-02-01,124,Open
T045,06-07,2007-02-01,124,Open
T046,06-07,2007-02-01,124,Open
T047,06-07,2007-02-01,124,Closed
T061,06-07,2007-02-01,124,Groomed
T063,06-07,2007-02-01,124,Groomed
T064,06-07,2007-02-01,124,Groomed
T065,06-07,2007-02-01,124,Groomed
T066,06-07,2007-02-01,124,Open
T067,06-07,2007-02-01,124,Groomed
T068,06-07,2007-02-01,124,Open
T069,06-07,2007-02-01,124,Open
T070,06-07,2007-02-01,124,Open
T071,06-07,2007-02-01,124,Open
T072,06-07,2007-02-01,124,Open
T073,06-07,2007-02-01,124,Open
T074,06-07,2007-02-01,124,Open
T075,06-07,2007-02-01,124,Open
T076,06-07,2007-02-01,124,Open
T077,06-07,2007-02-01,124,Groomed
T078,06-07,2007-02-01,124,Groomed
T079,06-07,2007-02-01,124,Groomed
T080,06-07,2007-02-01,124,Open
T081,06-07,2007-02-01,124,Open
T083,06-07,2007-02-01,124,Groomed
T084,06-07,2007-02-01,124,Open
T085,06-07,2007-02-01,124,Open
T086,06-07,2007-02-01,124,Open
T087,06-07,2007-02-01,124,Open
T088,06-07,2007-02-01,124,Open
T089,06-07,2007-02-01,124,Open
T090,06-07,2007-02-01,124,Open
T091,06-07,2007-02-01,124,Open
T092,06-07,2007-02-01,124,Open
T127,06-07,2007-02-01,124,Open
T134,06-07,2007-02-01,124,Open
T135,06-07,2007-02-01,124,Open
T136,06-07,2007-02-01,124,Open
T137,06-07,2007-02-01,124,Open
T148,06-07,2007-02-01,124,Open
T152,06-07,2007-02-01,124,Groomed
T156,06-07,2007-02-01,124,Closed
T157,06-07,2007-02-01,124,Open
T002,06-07,2007-02-02,125,Groomed
T003,06-07,2007-02-02,125,Groomed
T004,06-07,2007-02-02,125,Groomed
T005,06-07,2007-02-02,125,Groomed
T006,06-07,2007-02-02,125,Groomed
T007,06-07,2007-02-02,125,Groomed
T008,06-07,2007-02-02,125,Open
T009,06-07,2007-02-02,125,Groomed
T010,06-07,2007-02-02,125,Groomed
T011,06-07,2007-02-02,125,Groomed
T012,06-07,2007-02-02,125,Groomed
T013,06-07,2007-02-02,125,Groomed
T015,06-07,2007-02-02,125,Open
T016,06-07,2007-02-02,125,Open
T017,06-07,2007-02-02,125,Open
T018,06-07,2007-02-02,125,Open
T019,06-07,2007-02-02,125,Closed
T020,06-07,2007-02-02,125,Groomed
T021,06-07,2007-02-02,125,Groomed
T022,06-07,2007-02-02,125,Groomed
T023,06-07,2007-02-02,125,Groomed
T024,06-07,2007-02-02,125,Open
T025,06-07,2007-02-02,125,Groomed
T026,06-07,2007-02-02,125,Groomed
T027,06-07,2007-02-02,125,Groomed
T028,06-07,2007-02-02,125,Open
T029,06-07,2007-02-02,125,Open
T030,06-07,2007-02-02,125,Open
T031,06-07,2007-02-02,125,Groomed
T032,06-07,2007-02-02,125,Closed
T033,06-07,2007-02-02,125,Groomed
T034,06-07,2007-02-02,125,Groomed
T035,06-07,2007-02-02,125,Open
T036,06-07,2007-02-02,125,Groomed
T037,06-07,2007-02-02,125,Open
T038,06-07,2007-02-02,125,Open
T039,06-07,2007-02-02,125,Open
T040,06-07,2007-02-02,125,Groomed
T042,06-07,2007-02-02,125,Open
T043,06-07,2007-02-02,125,Open
T044,06-07,2007-02-02,125,Open
T045,06-07,2007-02-02,125,Open
T046,06-07,2007-02-02,125,Open
T047,06-07,2007-02-02,125,Closed
T061,06-07,2007-02-02,125,Groomed
T063,06-07,2007-02-02,125,Groomed
T064,06-07,2007-02-02,125,Open
T065,06-07,2007-02-02,125,Groomed
T066,06-07,2007-02-02,125,Groomed
T067,06-07,2007-02-02,125,Groomed
T068,06-07,2007-02-02,125,Open
T069,06-07,2007-02-02,125,Open
T070,06-07,2007-02-02,125,Open
T071,06-07,2007-02-02,125,Open
T072,06-07,2007-02-02,125,Open
T073,06-07,2007-02-02,125,Open
T074,06-07,2007-02-02,125,Open
T075,06-07,2007-02-02,125,Open
T076,06-07,2007-02-02,125,Open
T077,06-07,2007-02-02,125,Groomed
T078,06-07,2007-02-02,125,Groomed
T079,06-07,2007-02-02,125,Groomed
T080,06-07,2007-02-02,125,Open
T081,06-07,2007-02-02,125,Open
T083,06-07,2007-02-02,125,Groomed
T084,06-07,2007-02-02,125,Open
T085,06-07,2007-02-02,125,Open
T086,06-07,2007-02-02,125,Open
T087,06-07,2007-02-02,125,Open
T088,06-07,2007-02-02,125,Open
T089,06-07,2007-02-02,125,Open
T090,06-07,2007-02-02,125,Open
T091,06-07,2007-02-02,125,Open
T092,06-07,2007-02-02,125,Open
T127,06-07,2007-02-02,125,Open
T134,06-07,2007-02-02,125,Open
T135,06-07,2007-02-02,125,Open
T136,06-07,2007-02-02,125,Open
T137,06-07,2007-02-02,125,Open
T148,06-07,2007-02-02,125,Open
T152,06-07,2007-02-02,125,Groomed
T156,06-07,2007-02-02,125,Closed
T157,06-07,2007-02-02,125,Open
T002,06-07,2007-02-03,126,Groomed
T003,06-07,2007-02-03,126,Groomed
T004,06-07,2007-02-03,126,Groomed
T005,06-07,2007-02-03,126,Groomed
T006,06-07,2007-02-03,126,Groomed
T007,06-07,2007-02-03,126,Groomed
T008,06-07,2007-02-03,126,Open
T009,06-07,2007-02-03,126,Groomed
T010,06-07,2007-02-03,126,Open
T011,06-07,2007-02-03,126,Groomed
T012,06-07,2007-02-03,126,Groomed
T013,06-07,2007-02-03,126,Groomed
T015,06-07,2007-02-03,126,Open
T016,06-07,2007-02-03,126,Open
T017,06-07,2007-02-03,126,Open
T018,06-07,2007-02-03,126,Open
T019,06-07,2007-02-03,126,Open
T020,06-07,2007-02-03,126,Open
T021,06-07,2007-02-03,126,Groomed
T022,06-07,2007-02-03,126,Groomed
T023,06-07,2007-02-03,126,Groomed
T024,06-07,2007-02-03,126,Open
T025,06-07,2007-02-03,126,Groomed
T026,06-07,2007-02-03,126,Open
T027,06-07,2007-02-03,126,Groomed
T028,06-07,2007-02-03,126,Groomed
T029,06-07,2007-02-03,126,Open
T030,06-07,2007-02-03,126,Groomed
T031,06-07,2007-02-03,126,Groomed
T032,06-07,2007-02-03,126,Open
T033,06-07,2007-02-03,126,Groomed
T034,06-07,2007-02-03,126,Groomed
T035,06-07,2007-02-03,126,Open
T036,06-07,2007-02-03,126,Groomed
T037,06-07,2007-02-03,126,Open
T038,06-07,2007-02-03,126,Open
T039,06-07,2007-02-03,126,Open
T040,06-07,2007-02-03,126,Groomed
T042,06-07,2007-02-03,126,Open
T043,06-07,2007-02-03,126,Open
T044,06-07,2007-02-03,126,Open
T045,06-07,2007-02-03,126,Open
T046,06-07,2007-02-03,126,Open
T047,06-07,2007-02-03,126,Closed
T061,06-07,2007-02-03,126,Groomed
T063,06-07,2007-02-03,126,Groomed
T064,06-07,2007-02-03,126,Groomed
T065,06-07,2007-02-03,126,Open
T066,06-07,2007-02-03,126,Groomed
T067,06-07,2007-02-03,126,Groomed
T068,06-07,2007-02-03,126,Open
T069,06-07,2007-02-03,126,Open
T070,06-07,2007-02-03,126,Open
T071,06-07,2007-02-03,126,Open
T072,06-07,2007-02-03,126,Open
T073,06-07,2007-02-03,126,Open
T074,06-07,2007-02-03,126,Open
T075,06-07,2007-02-03,126,Open
T076,06-07,2007-02-03,126,Open
T077,06-07,2007-02-03,126,Groomed
T078,06-07,2007-02-03,126,Groomed
T079,06-07,2007-02-03,126,Groomed
T080,06-07,2007-02-03,126,Open
T081,06-07,2007-02-03,126,Open
T083,06-07,2007-02-03,126,Groomed
T084,06-07,2007-02-03,126,Open
T085,06-07,2007-02-03,126,Open
T086,06-07,2007-02-03,126,Open
T087,06-07,2007-02-03,126,Open
T088,06-07,2007-02-03,126,Open
T089,06-07,2007-02-03,126,Open
T090,06-07,2007-02-03,126,Open
T091,06-07,2007-02-03,126,Open
T092,06-07,2007-02-03,126,Open
T127,06-07,2007-02-03,126,Open
T134,06-07,2007-02-03,126,Open
T135,06-07,2007-02-03,126,Open
T136,06-07,2007-02-03,126,Open
T137,06-07,2007-02-03,126,Open
T148,06-07,2007-02-03,126,Open
T152,06-07,2007-02-03,126,Groomed
T156,06-07,2007-02-03,126,Closed
T157,06-07,2007-02-03,126,Open
T002,06-07,2007-02-04,127,Groomed
T003,06-07,2007-02-04,127,Groomed
T004,06-07,2007-02-04,127,Groomed
T005,06-07,2007-02-04,127,Groomed
T006,06-07,2007-02-04,127,Groomed
T007,06-07,2007-02-04,127,Groomed
T008,06-07,2007-02-04,127,Open
T009,06-07,2007-02-04,127,Groomed
T010,06-07,2007-02-04,127,Open
T011,06-07,2007-02-04,127,Groomed
T012,06-07,2007-02-04,127,Groomed
T013,06-07,2007-02-04,127,Groomed
T015,06-07,2007-02-04,127,Open
T016,06-07,2007-02-04,127,Open
T017,06-07,2007-02-04,127,Open
T018,06-07,2007-02-04,127,Groomed
T019,06-07,2007-02-04,127,Closed
T020,06-07,2007-02-04,127,Open
T021,06-07,2007-02-04,127,Groomed
T022,06-07,2007-02-04,127,Groomed
T023,06-07,2007-02-04,127,Groomed
T024,06-07,2007-02-04,127,Open
T025,06-07,2007-02-04,127,Groomed
T026,06-07,2007-02-04,127,Open
T027,06-07,2007-02-04,127,Groomed
T028,06-07,2007-02-04,127,Groomed
T029,06-07,2007-02-04,127,Open
T030,06-07,2007-02-04,127,Groomed
T031,06-07,2007-02-04,127,Groomed
T032,06-07,2007-02-04,127,Open
T033,06-07,2007-02-04,127,Groomed
T034,06-07,2007-02-04,127,Groomed
T035,06-07,2007-02-04,127,Open
T036,06-07,2007-02-04,127,Groomed
T037,06-07,2007-02-04,127,Open
T038,06-07,2007-02-04,127,Open
T039,06-07,2007-02-04,127,Open
T040,06-07,2007-02-04,127,Groomed
T042,06-07,2007-02-04,127,Open
T043,06-07,2007-02-04,127,Open
T044,06-07,2007-02-04,127,Open
T045,06-07,2007-02-04,127,Open
T046,06-07,2007-02-04,127,Open
T047,06-07,2007-02-04,127,Open
T061,06-07,2007-02-04,127,Groomed
T063,06-07,2007-02-04,127,Groomed
T064,06-07,2007-02-04,127,Open
T065,06-07,2007-02-04,127,Open
T066,06-07,2007-02-04,127,Open
T067,06-07,2007-02-04,127,Groomed
T068,06-07,2007-02-04,127,Open
T069,06-07,2007-02-04,127,Open
T070,06-07,2007-02-04,127,Open
T071,06-07,2007-02-04,127,Open
T072,06-07,2007-02-04,127,Open
T073,06-07,2007-02-04,127,Open
T074,06-07,2007-02-04,127,Open
T075,06-07,2007-02-04,127,Open
T076,06-07,2007-02-04,127,Open
T077,06-07,2007-02-04,127,Groomed
T078,06-07,2007-02-04,127,Open
T079,06-07,2007-02-04,127,Open
T080,06-07,2007-02-04,127,Open
T081,06-07,2007-02-04,127,Open
T083,06-07,2007-02-04,127,Open
T084,06-07,2007-02-04,127,Open
T085,06-07,2007-02-04,127,Open
T086,06-07,2007-02-04,127,Open
T087,06-07,2007-02-04,127,Open
T088,06-07,2007-02-04,127,Open
T089,06-07,2007-02-04,127,Open
T090,06-07,2007-02-04,127,Open
T091,06-07,2007-02-04,127,Open
T092,06-07,2007-02-04,127,Open
T127,06-07,2007-02-04,127,Open
T134,06-07,2007-02-04,127,Open
T135,06-07,2007-02-04,127,Open
T136,06-07,2007-02-04,127,Open
T137,06-07,2007-02-04,127,Open
T148,06-07,2007-02-04,127,Open
T152,06-07,2007-02-04,127,Groomed
T156,06-07,2007-02-04,127,Closed
T157,06-07,2007-02-04,127,Open
T002,06-07,2007-02-05,128,Groomed
T003,06-07,2007-02-05,128,Groomed
T004,06-07,2007-02-05,128,Groomed
T005,06-07,2007-02-05,128,Groomed
T006,06-07,2007-02-05,128,Open
T007,06-07,2007-02-05,128,Groomed
T008,06-07,2007-02-05,128,Open
T009,06-07,2007-02-05,128,Groomed
T010,06-07,2007-02-05,128,Open
T011,06-07,2007-02-05,128,Groomed
T012,06-07,2007-02-05,128,Groomed
T013,06-07,2007-02-05,128,Groomed
T015,06-07,2007-02-05,128,Open
T016,06-07,2007-02-05,128,Open
T017,06-07,2007-02-05,128,Open
T018,06-07,2007-02-05,128,Groomed
T019,06-07,2007-02-05,128,Closed
T020,06-07,2007-02-05,128,Open
T021,06-07,2007-02-05,128,Groomed
T022,06-07,2007-02-05,128,Groomed
T023,06-07,2007-02-05,128,Groomed
T024,06-07,2007-02-05,128,Open
T025,06-07,2007-02-05,128,Groomed
T026,06-07,2007-02-05,128,Open
T027,06-07,2007-02-05,128,Groomed
T028,06-07,2007-02-05,128,Open
T029,06-07,2007-02-05,128,Open
T030,06-07,2007-02-05,128,Open
T031,06-07,2007-02-05,128,Groomed
T032,06-07,2007-02-05,128,Open
T033,06-07,2007-02-05,128,Open
T034,06-07,2007-02-05,128,Groomed
T035,06-07,2007-02-05,128,Open
T036,06-07,2007-02-05,128,Groomed
T037,06-07,2007-02-05,128,Open
T038,06-07,2007-02-05,128,Open
T039,06-07,2007-02-05,128,Open
T040,06-07,2007-02-05,128,Groomed
T042,06-07,2007-02-05,128,Groomed
T043,06-07,2007-02-05,128,Groomed
T044,06-07,2007-02-05,128,Open
T045,06-07,2007-02-05,128,Open
T046,06-07,2007-02-05,128,Open
T047,06-07,2007-02-05,128,Open
T061,06-07,2007-02-05,128,Groomed
T063,06-07,2007-02-05,128,Groomed
T064,06-07,2007-02-05,128,Groomed
T065,06-07,2007-02-05,128,Open
T066,06-07,2007-02-05,128,Open
T067,06-07,2007-02-05,128,Groomed
T068,06-07,2007-02-05,128,Open
T069,06-07,2007-02-05,128,Open
T070,06-07,2007-02-05,128,Open
T071,06-07,2007-02-05,128,Open
T072,06-07,2007-02-05,128,Open
T073,06-07,2007-02-05,128,Open
T074,06-07,2007-02-05,128,Open
T075,06-07,2007-02-05,128,Open
T076,06-07,2007-02-05,128,Open
T077,06-07,2007-02-05,128,Groomed
T078,06-07,2007-02-05,128,Open
T079,06-07,2007-02-05,128,Open
T080,06-07,2007-02-05,128,Open
T081,06-07,2007-02-05,128,Open
T083,06-07,2007-02-05,128,Open
T084,06-07,2007-02-05,128,Open
T085,06-07,2007-02-05,128,Open
T086,06-07,2007-02-05,128,Open
T087,06-07,2007-02-05,128,Open
T088,06-07,2007-02-05,128,Open
T089,06-07,2007-02-05,128,Open
T090,06-07,2007-02-05,128,Open
T091,06-07,2007-02-05,128,Open
T092,06-07,2007-02-05,128,Open
T127,06-07,2007-02-05,128,Open
T134,06-07,2007-02-05,128,Open
T135,06-07,2007-02-05,128,Open
T136,06-07,2007-02-05,128,Open
T137,06-07,2007-02-05,128,Open
T148,06-07,2007-02-05,128,Open
T152,06-07,2007-02-05,128,Groomed
T156,06-07,2007-02-05,128,Closed
T157,06-07,2007-02-05,128,Open
T002,06-07,2007-02-06,129,Groomed
T003,06-07,2007-02-06,129,Groomed
T004,06-07,2007-02-06,129,Groomed
T005,06-07,2007-02-06,129,Groomed
T006,06-07,2007-02-06,129,Open
T007,06-07,2007-02-06,129,Groomed
T008,06-07,2007-02-06,129,Open
T009,06-07,2007-02-06,129,Groomed
T010,06-07,2007-02-06,129,Open
T011,06-07,2007-02-06,129,Groomed
T012,06-07,2007-02-06,129,Groomed
T013,06-07,2007-02-06,129,Groomed
T015,06-07,2007-02-06,129,Open
T016,06-07,2007-02-06,129,Open
T017,06-07,2007-02-06,129,Open
T018,06-07,2007-02-06,129,Open
T019,06-07,2007-02-06,129,Closed
T020,06-07,2007-02-06,129,Groomed
T021,06-07,2007-02-06,129,Groomed
T022,06-07,2007-02-06,129,Groomed
T023,06-07,2007-02-06,129,Groomed
T024,06-07,2007-02-06,129,Open
T025,06-07,2007-02-06,129,Groomed
T026,06-07,2007-02-06,129,Open
T027,06-07,2007-02-06,129,Groomed
T028,06-07,2007-02-06,129,Open
T029,06-07,2007-02-06,129,Open
T030,06-07,2007-02-06,129,Open
T031,06-07,2007-02-06,129,Groomed
T032,06-07,2007-02-06,129,Closed
T033,06-07,2007-02-06,129,Open
T034,06-07,2007-02-06,129,Groomed
T035,06-07,2007-02-06,129,Open
T036,06-07,2007-02-06,129,Groomed
T037,06-07,2007-02-06,129,Open
T038,06-07,2007-02-06,129,Open
T039,06-07,2007-02-06,129,Open
T040,06-07,2007-02-06,129,Groomed
T042,06-07,2007-02-06,129,Open
T043,06-07,2007-02-06,129,Groomed
T044,06-07,2007-02-06,129,Open
T045,06-07,2007-02-06,129,Open
T046,06-07,2007-02-06,129,Open
T047,06-07,2007-02-06,129,Open
T061,06-07,2007-02-06,129,Groomed
T063,06-07,2007-02-06,129,Groomed
T064,06-07,2007-02-06,129,Groomed
T065,06-07,2007-02-06,129,Open
T066,06-07,2007-02-06,129,Groomed
T067,06-07,2007-02-06,129,Groomed
T068,06-07,2007-02-06,129,Open
T069,06-07,2007-02-06,129,Open
T070,06-07,2007-02-06,129,Open
T071,06-07,2007-02-06,129,Open
T072,06-07,2007-02-06,129,Open
T073,06-07,2007-02-06,129,Open
T074,06-07,2007-02-06,129,Open
T075,06-07,2007-02-06,129,Open
T076,06-07,2007-02-06,129,Open
T077,06-07,2007-02-06,129,Groomed
T078,06-07,2007-02-06,129,Open
T079,06-07,2007-02-06,129,Open
T080,06-07,2007-02-06,129,Open
T081,06-07,2007-02-06,129,Open
T083,06-07,2007-02-06,129,Open
T084,06-07,2007-02-06,129,Open
T085,06-07,2007-02-06,129,Open
T086,06-07,2007-02-06,129,Open
T087,06-07,2007-02-06,129,Open
T088,06-07,2007-02-06,129,Open
T089,06-07,2007-02-06,129,Open
T090,06-07,2007-02-06,129,Open
T091,06-07,2007-02-06,129,Open
T092,06-07,2007-02-06,129,Open
T127,06-07,2007-02-06,129,Open
T134,06-07,2007-02-06,129,Open
T135,06-07,2007-02-06,129,Open
T136,06-07,2007-02-06,129,Open
T137,06-07,2007-02-06,129,Open
T148,06-07,2007-02-06,129,Open
T152,06-07,2007-02-06,129,Groomed
T156,06-07,2007-02-06,129,Closed
T157,06-07,2007-02-06,129,Open
T002,06-07,2007-02-07,130,Groomed
T003,06-07,2007-02-07,130,Groomed
T004,06-07,2007-02-07,130,Groomed
T005,06-07,2007-02-07,130,Groomed
T006,06-07,2007-02-07,130,Groomed
T007,06-07,2007-02-07,130,Groomed
T008,06-07,2007-02-07,130,Open
T009,06-07,2007-02-07,130,Groomed
T010,06-07,2007-02-07,130,Open
T011,06-07,2007-02-07,130,Groomed
T012,06-07,2007-02-07,130,Groomed
T013,06-07,2007-02-07,130,Groomed
T015,06-07,2007-02-07,130,Open
T016,06-07,2007-02-07,130,Open
T017,06-07,2007-02-07,130,Open
T018,06-07,2007-02-07,130,Open
T019,06-07,2007-02-07,130,Closed
T020,06-07,2007-02-07,130,Groomed
T021,06-07,2007-02-07,130,Groomed
T022,06-07,2007-02-07,130,Groomed
T023,06-07,2007-02-07,130,Groomed
T024,06-07,2007-02-07,130,Open
T025,06-07,2007-02-07,130,Groomed
T026,06-07,2007-02-07,130,Open
T027,06-07,2007-02-07,130,Groomed
T028,06-07,2007-02-07,130,Open
T029,06-07,2007-02-07,130,Open
T030,06-07,2007-02-07,130,Open
T031,06-07,2007-02-07,130,Groomed
T032,06-07,2007-02-07,130,Closed
T033,06-07,2007-02-07,130,Groomed
T034,06-07,2007-02-07,130,Groomed
T035,06-07,2007-02-07,130,Open
T036,06-07,2007-02-07,130,Groomed
T037,06-07,2007-02-07,130,Open
T038,06-07,2007-02-07,130,Open
T039,06-07,2007-02-07,130,Open
T040,06-07,2007-02-07,130,Groomed
T042,06-07,2007-02-07,130,Open
T043,06-07,2007-02-07,130,Open
T044,06-07,2007-02-07,130,Open
T045,06-07,2007-02-07,130,Open
T046,06-07,2007-02-07,130,Open
T047,06-07,2007-02-07,130,Open
T061,06-07,2007-02-07,130,Groomed
T063,06-07,2007-02-07,130,Groomed
T064,06-07,2007-02-07,130,Open
T065,06-07,2007-02-07,130,Groomed
T066,06-07,2007-02-07,130,Groomed
T067,06-07,2007-02-07,130,Groomed
T068,06-07,2007-02-07,130,Open
T069,06-07,2007-02-07,130,Open
T070,06-07,2007-02-07,130,Open
T071,06-07,2007-02-07,130,Open
T072,06-07,2007-02-07,130,Open
T073,06-07,2007-02-07,130,Open
T074,06-07,2007-02-07,130,Open
T075,06-07,2007-02-07,130,Open
T076,06-07,2007-02-07,130,Open
T077,06-07,2007-02-07,130,Groomed
T078,06-07,2007-02-07,130,Open
T079,06-07,2007-02-07,130,Groomed
T080,06-07,2007-02-07,130,Open
T081,06-07,2007-02-07,130,Open
T083,06-07,2007-02-07,130,Open
T084,06-07,2007-02-07,130,Open
T085,06-07,2007-02-07,130,Open
T086,06-07,2007-02-07,130,Open
T087,06-07,2007-02-07,130,Open
T088,06-07,2007-02-07,130,Open
T089,06-07,2007-02-07,130,Open
T090,06-07,2007-02-07,130,Open
T091,06-07,2007-02-07,130,Open
T092,06-07,2007-02-07,130,Open
T127,06-07,2007-02-07,130,Open
T134,06-07,2007-02-07,130,Open
T135,06-07,2007-02-07,130,Open
T136,06-07,2007-02-07,130,Open
T137,06-07,2007-02-07,130,Open
T148,06-07,2007-02-07,130,Open
T152,06-07,2007-02-07,130,Groomed
T156,06-07,2007-02-07,130,Closed
T157,06-07,2007-02-07,130,Open
T002,06-07,2007-02-08,131,Groomed
T003,06-07,2007-02-08,131,Groomed
T004,06-07,2007-02-08,131,Groomed
T005,06-07,2007-02-08,131,Groomed
T006,06-07,2007-02-08,131,Open
T007,06-07,2007-02-08,131,Groomed
T008,06-07,2007-02-08,131,Open
T009,06-07,2007-02-08,131,Groomed
T010,06-07,2007-02-08,131,Open
T011,06-07,2007-02-08,131,Groomed
T012,06-07,2007-02-08,131,Groomed
T013,06-07,2007-02-08,131,Groomed
T015,06-07,2007-02-08,131,Open
T016,06-07,2007-02-08,131,Open
T017,06-07,2007-02-08,131,Open
T018,06-07,2007-02-08,131,Open
T019,06-07,2007-02-08,131,Closed
T020,06-07,2007-02-08,131,Groomed
T021,06-07,2007-02-08,131,Groomed
T022,06-07,2007-02-08,131,Groomed
T023,06-07,2007-02-08,131,Groomed
T024,06-07,2007-02-08,131,Open
T025,06-07,2007-02-08,131,Groomed
T026,06-07,2007-02-08,131,Open
T027,06-07,2007-02-08,131,Groomed
T028,06-07,2007-02-08,131,Groomed
T029,06-07,2007-02-08,131,Open
T030,06-07,2007-02-08,131,Groomed
T031,06-07,2007-02-08,131,Groomed
T032,06-07,2007-02-08,131,Closed
T033,06-07,2007-02-08,131,Open
T034,06-07,2007-02-08,131,Groomed
T035,06-07,2007-02-08,131,Open
T036,06-07,2007-02-08,131,Groomed
T037,06-07,2007-02-08,131,Open
T038,06-07,2007-02-08,131,Open
T039,06-07,2007-02-08,131,Open
T040,06-07,2007-02-08,131,Groomed
T042,06-07,2007-02-08,131,Open
T043,06-07,2007-02-08,131,Open
T044,06-07,2007-02-08,131,Open
T045,06-07,2007-02-08,131,Open
T046,06-07,2007-02-08,131,Open
T047,06-07,2007-02-08,131,Open
T061,06-07,2007-02-08,131,Groomed
T063,06-07,2007-02-08,131,Groomed
T064,06-07,2007-02-08,131,Groomed
T065,06-07,2007-02-08,131,Open
T066,06-07,2007-02-08,131,Open
T067,06-07,2007-02-08,131,Groomed
T068,06-07,2007-02-08,131,Open
T069,06-07,2007-02-08,131,Open
T070,06-07,2007-02-08,131,Open
T071,06-07,2007-02-08,131,Open
T072,06-07,2007-02-08,131,Open
T073,06-07,2007-02-08,131,Open
T074,06-07,2007-02-08,131,Open
T075,06-07,2007-02-08,131,Open
T076,06-07,2007-02-08,131,Open
T077,06-07,2007-02-08,131,Groomed
T078,06-07,2007-02-08,131,Groomed
T079,06-07,2007-02-08,131,Groomed
T080,06-07,2007-02-08,131,Open
T081,06-07,2007-02-08,131,Open
T083,06-07,2007-02-08,131,Open
T084,06-07,2007-02-08,131,Open
T085,06-07,2007-02-08,131,Open
T086,06-07,2007-02-08,131,Open
T087,06-07,2007-02-08,131,Open
T088,06-07,2007-02-08,131,Open
T089,06-07,2007-02-08,131,Open
T090,06-07,2007-02-08,131,Open
T091,06-07,2007-02-08,131,Open
T092,06-07,2007-02-08,131,Open
T127,06-07,2007-02-08,131,Open
T134,06-07,2007-02-08,131,Open
T135,06-07,2007-02-08,131,Open
T136,06-07,2007-02-08,131,Open
T137,06-07,2007-02-08,131,Open
T148,06-07,2007-02-08,131,Open
T152,06-07,2007-02-08,131,Groomed
T156,06-07,2007-02-08,131,Closed
T157,06-07,2007-02-08,131,Open
T002,06-07,2007-02-09,132,Groomed
T003,06-07,2007-02-09,132,Groomed
T004,06-07,2007-02-09,132,Groomed
T005,06-07,2007-02-09,132,Groomed
T006,06-07,2007-02-09,132,Open
T007,06-07,2007-02-09,132,Groomed
T008,06-07,2007-02-09,132,Open
T009,06-07,2007-02-09,132,Groomed
T010,06-07,2007-02-09,132,Open
T011,06-07,2007-02-09,132,Groomed
T012,06-07,2007-02-09,132,Groomed
T013,06-07,2007-02-09,132,Groomed
T015,06-07,2007-02-09,132,Open
T016,06-07,2007-02-09,132,Open
T017,06-07,2007-02-09,132,Open
T018,06-07,2007-02-09,132,Groomed
T019,06-07,2007-02-09,132,Closed
T020,06-07,2007-02-09,132,Groomed
T021,06-07,2007-02-09,132,Groomed
T022,06-07,2007-02-09,132,Open
T023,06-07,2007-02-09,132,Groomed
T024,06-07,2007-02-09,132,Open
T025,06-07,2007-02-09,132,Groomed
T026,06-07,2007-02-09,132,Open
T027,06-07,2007-02-09,132,Groomed
T028,06-07,2007-02-09,132,Open
T029,06-07,2007-02-09,132,Open
T030,06-07,2007-02-09,132,Open
T031,06-07,2007-02-09,132,Groomed
T032,06-07,2007-02-09,132,Closed
T033,06-07,2007-02-09,132,Groomed
T034,06-07,2007-02-09,132,Groomed
T035,06-07,2007-02-09,132,Open
T036,06-07,2007-02-09,132,Groomed
T037,06-07,2007-02-09,132,Open
T038,06-07,2007-02-09,132,Open
T039,06-07,2007-02-09,132,Open
T040,06-07,2007-02-09,132,Groomed
T042,06-07,2007-02-09,132,Open
T043,06-07,2007-02-09,132,Groomed
T044,06-07,2007-02-09,132,Open
T045,06-07,2007-02-09,132,Open
T046,06-07,2007-02-09,132,Open
T047,06-07,2007-02-09,132,Closed
T061,06-07,2007-02-09,132,Groomed
T063,06-07,2007-02-09,132,Groomed
T064,06-07,2007-02-09,132,Groomed
T065,06-07,2007-02-09,132,Groomed
T066,06-07,2007-02-09,132,Groomed
T067,06-07,2007-02-09,132,Groomed
T068,06-07,2007-02-09,132,Open
T069,06-07,2007-02-09,132,Open
T070,06-07,2007-02-09,132,Open
T071,06-07,2007-02-09,132,Open
T072,06-07,2007-02-09,132,Open
T073,06-07,2007-02-09,132,Open
T074,06-07,2007-02-09,132,Open
T075,06-07,2007-02-09,132,Open
T076,06-07,2007-02-09,132,Open
T077,06-07,2007-02-09,132,Groomed
T078,06-07,2007-02-09,132,Open
T079,06-07,2007-02-09,132,Groomed
T080,06-07,2007-02-09,132,Open
T081,06-07,2007-02-09,132,Open
T083,06-07,2007-02-09,132,Open
T084,06-07,2007-02-09,132,Open
T085,06-07,2007-02-09,132,Open
T086,06-07,2007-02-09,132,Open
T087,06-07,2007-02-09,132,Open
T088,06-07,2007-02-09,132,Open
T089,06-07,2007-02-09,132,Open
T090,06-07,2007-02-09,132,Open
T091,06-07,2007-02-09,132,Open
T092,06-07,2007-02-09,132,Open
T127,06-07,2007-02-09,132,Open
T134,06-07,2007-02-09,132,Open
T135,06-07,2007-02-09,132,Open
T136,06-07,2007-02-09,132,Open
T137,06-07,2007-02-09,132,Open
T148,06-07,2007-02-09,132,Open
T152,06-07,2007-02-09,132,Groomed
T156,06-07,2007-02-09,132,Closed
T157,06-07,2007-02-09,132,Open
T002,06-07,2007-02-10,133,Groomed
T003,06-07,2007-02-10,133,Groomed
T004,06-07,2007-02-10,133,Groomed
T005,06-07,2007-02-10,133,Groomed
T006,06-07,2007-02-10,133,Groomed
T007,06-07,2007-02-10,133,Groomed
T008,06-07,2007-02-10,133,Open
T009,06-07,2007-02-10,133,Groomed
T010,06-07,2007-02-10,133,Open
T011,06-07,2007-02-10,133,Groomed
T012,06-07,2007-02-10,133,Groomed
T013,06-07,2007-02-10,133,Groomed
T015,06-07,2007-02-10,133,Open
T016,06-07,2007-02-10,133,Open
T017,06-07,2007-02-10,133,Open
T018,06-07,2007-02-10,133,Open
T019,06-07,2007-02-10,133,Closed
T020,06-07,2007-02-10,133,Groomed
T021,06-07,2007-02-10,133,Groomed
T022,06-07,2007-02-10,133,Groomed
T023,06-07,2007-02-10,133,Groomed
T024,06-07,2007-02-10,133,Open
T025,06-07,2007-02-10,133,Groomed
T026,06-07,2007-02-10,133,Open
T027,06-07,2007-02-10,133,Groomed
T028,06-07,2007-02-10,133,Open
T029,06-07,2007-02-10,133,Open
T030,06-07,2007-02-10,133,Open
T031,06-07,2007-02-10,133,Groomed
T032,06-07,2007-02-10,133,Closed
T033,06-07,2007-02-10,133,Groomed
T034,06-07,2007-02-10,133,Groomed
T035,06-07,2007-02-10,133,Open
T036,06-07,2007-02-10,133,Groomed
T037,06-07,2007-02-10,133,Open
T038,06-07,2007-02-10,133,Open
T039,06-07,2007-02-10,133,Open
T040,06-07,2007-02-10,133,Groomed
T042,06-07,2007-02-10,133,Open
T043,06-07,2007-02-10,133,Groomed
T044,06-07,2007-02-10,133,Open
T045,06-07,2007-02-10,133,Open
T046,06-07,2007-02-10,133,Open
T047,06-07,2007-02-10,133,Closed
T061,06-07,2007-02-10,133,Groomed
T063,06-07,2007-02-10,133,Groomed
T064,06-07,2007-02-10,133,Groomed
T065,06-07,2007-02-10,133,Open
T066,06-07,2007-02-10,133,Open
T067,06-07,2007-02-10,133,Groomed
T068,06-07,2007-02-10,133,Open
T069,06-07,2007-02-10,133,Open
T070,06-07,2007-02-10,133,Open
T071,06-07,2007-02-10,133,Open
T072,06-07,2007-02-10,133,Open
T073,06-07,2007-02-10,133,Open
T074,06-07,2007-02-10,133,Open
T075,06-07,2007-02-10,133,Open
T076,06-07,2007-02-10,133,Open
T077,06-07,2007-02-10,133,Groomed
T078,06-07,2007-02-10,133,Groomed
T079,06-07,2007-02-10,133,Groomed
T080,06-07,2007-02-10,133,Open
T081,06-07,2007-02-10,133,Open
T083,06-07,2007-02-10,133,Groomed
T084,06-07,2007-02-10,133,Open
T085,06-07,2007-02-10,133,Open
T086,06-07,2007-02-10,133,Open
T087,06-07,2007-02-10,133,Open
T088,06-07,2007-02-10,133,Open
T089,06-07,2007-02-10,133,Open
T090,06-07,2007-02-10,133,Open
T091,06-07,2007-02-10,133,Open
T092,06-07,2007-02-10,133,Open
T127,06-07,2007-02-10,133,Open
T134,06-07,2007-02-10,133,Open
T135,06-07,2007-02-10,133,Open
T136,06-07,2007-02-10,133,Open
T137,06-07,2007-02-10,133,Open
T148,06-07,2007-02-10,133,Open
T152,06-07,2007-02-10,133,Groomed
T156,06-07,2007-02-10,133,Closed
T157,06-07,2007-02-10,133,Open
T002,06-07,2007-02-11,134,Groomed
T003,06-07,2007-02-11,134,Groomed
T004,06-07,2007-02-11,134,Groomed
T005,06-07,2007-02-11,134,Groomed
T006,06-07,2007-02-11,134,Groomed
T007,06-07,2007-02-11,134,Groomed
T008,06-07,2007-02-11,134,Open
T009,06-07,2007-02-11,134,Groomed
T010,06-07,2007-02-11,134,Open
T011,06-07,2007-02-11,134,Groomed
T012,06-07,2007-02-11,134,Groomed
T013,06-07,2007-02-11,134,Groomed
T015,06-07,2007-02-11,134,Open
T016,06-07,2007-02-11,134,Open
T017,06-07,2007-02-11,134,Open
T018,06-07,2007-02-11,134,Groomed
T019,06-07,2007-02-11,134,Closed
T020,06-07,2007-02-11,134,Groomed
T021,06-07,2007-02-11,134,Groomed
T022,06-07,2007-02-11,134,Groomed
T023,06-07,2007-02-11,134,Groomed
T024,06-07,2007-02-11,134,Groomed
T025,06-07,2007-02-11,134,Groomed
T026,06-07,2007-02-11,134,Open
T027,06-07,2007-02-11,134,Groomed
T028,06-07,2007-02-11,134,Groomed
T029,06-07,2007-02-11,134,Open
T030,06-07,2007-02-11,134,Groomed
T031,06-07,2007-02-11,134,Groomed
T032,06-07,2007-02-11,134,Closed
T033,06-07,2007-02-11,134,Groomed
T034,06-07,2007-02-11,134,Groomed
T035,06-07,2007-02-11,134,Open
T036,06-07,2007-02-11,134,Groomed
T037,06-07,2007-02-11,134,Open
T038,06-07,2007-02-11,134,Open
T039,06-07,2007-02-11,134,Open
T040,06-07,2007-02-11,134,Groomed
T042,06-07,2007-02-11,134,Open
T043,06-07,2007-02-11,134,Groomed
T044,06-07,2007-02-11,134,Open
T045,06-07,2007-02-11,134,Open
T046,06-07,2007-02-11,134,Open
T047,06-07,2007-02-11,134,Closed
T061,06-07,2007-02-11,134,Groomed
T063,06-07,2007-02-11,134,Groomed
T064,06-07,2007-02-11,134,Groomed
T065,06-07,2007-02-11,134,Groomed
T066,06-07,2007-02-11,134,Groomed
T067,06-07,2007-02-11,134,Groomed
T068,06-07,2007-02-11,134,Open
T069,06-07,2007-02-11,134,Open
T070,06-07,2007-02-11,134,Open
T071,06-07,2007-02-11,134,Open
T072,06-07,2007-02-11,134,Open
T073,06-07,2007-02-11,134,Open
T074,06-07,2007-02-11,134,Open
T075,06-07,2007-02-11,134,Open
T076,06-07,2007-02-11,134,Open
T077,06-07,2007-02-11,134,Groomed
T078,06-07,2007-02-11,134,Groomed
T079,06-07,2007-02-11,134,Groomed
T080,06-07,2007-02-11,134,Open
T081,06-07,2007-02-11,134,Open
T083,06-07,2007-02-11,134,Open
T084,06-07,2007-02-11,134,Open
T085,06-07,2007-02-11,134,Open
T086,06-07,2007-02-11,134,Open
T087,06-07,2007-02-11,134,Open
T088,06-07,2007-02-11,134,Open
T089,06-07,2007-02-11,134,Open
T090,06-07,2007-02-11,134,Open
T091,06-07,2007-02-11,134,Open
T092,06-07,2007-02-11,134,Open
T127,06-07,2007-02-11,134,Open
T134,06-07,2007-02-11,134,Open
T135,06-07,2007-02-11,134,Open
T136,06-07,2007-02-11,134,Open
T137,06-07,2007-02-11,134,Open
T148,06-07,2007-02-11,134,Open
T152,06-07,2007-02-11,134,Groomed
T156,06-07,2007-02-11,134,Closed
T157,06-07,2007-02-11,134,Open
T002,06-07,2007-02-12,135,Groomed
T003,06-07,2007-02-12,135,Groomed
T004,06-07,2007-02-12,135,Groomed
T005,06-07,2007-02-12,135,Groomed
T006,06-07,2007-02-12,135,Groomed
T007,06-07,2007-02-12,135,Groomed
T008,06-07,2007-02-12,135,Open
T009,06-07,2007-02-12,135,Groomed
T010,06-07,2007-02-12,135,Open
T011,06-07,2007-02-12,135,Groomed
T012,06-07,2007-02-12,135,Groomed
T013,06-07,2007-02-12,135,Groomed
T015,06-07,2007-02-12,135,Open
T016,06-07,2007-02-12,135,Open
T017,06-07,2007-02-12,135,Open
T018,06-07,2007-02-12,135,Groomed
T019,06-07,2007-02-12,135,Closed
T020,06-07,2007-02-12,135,Groomed
T021,06-07,2007-02-12,135,Groomed
T022,06-07,2007-02-12,135,Groomed
T023,06-07,2007-02-12,135,Groomed
T024,06-07,2007-02-12,135,Groomed
T025,06-07,2007-02-12,135,Groomed
T026,06-07,2007-02-12,135,Open
T027,06-07,2007-02-12,135,Groomed
T028,06-07,2007-02-12,135,Groomed
T029,06-07,2007-02-12,135,Open
T030,06-07,2007-02-12,135,Groomed
T031,06-07,2007-02-12,135,Groomed
T032,06-07,2007-02-12,135,Closed
T033,06-07,2007-02-12,135,Groomed
T034,06-07,2007-02-12,135,Groomed
T035,06-07,2007-02-12,135,Open
T036,06-07,2007-02-12,135,Groomed
T037,06-07,2007-02-12,135,Open
T038,06-07,2007-02-12,135,Open
T039,06-07,2007-02-12,135,Open
T040,06-07,2007-02-12,135,Groomed
T042,06-07,2007-02-12,135,Open
T043,06-07,2007-02-12,135,Groomed
T044,06-07,2007-02-12,135,Open
T045,06-07,2007-02-12,135,Open
T046,06-07,2007-02-12,135,Open
T047,06-07,2007-02-12,135,Closed
T061,06-07,2007-02-12,135,Groomed
T063,06-07,2007-02-12,135,Groomed
T064,06-07,2007-02-12,135,Groomed
T065,06-07,2007-02-12,135,Groomed
T066,06-07,2007-02-12,135,Groomed
T067,06-07,2007-02-12,135,Groomed
T068,06-07,2007-02-12,135,Open
T069,06-07,2007-02-12,135,Open
T070,06-07,2007-02-12,135,Open
T071,06-07,2007-02-12,135,Open
T072,06-07,2007-02-12,135,Open
T073,06-07,2007-02-12,135,Open
T074,06-07,2007-02-12,135,Open
T075,06-07,2007-02-12,135,Open
T076,06-07,2007-02-12,135,Open
T077,06-07,2007-02-12,135,Groomed
T078,06-07,2007-02-12,135,Open
T079,06-07,2007-02-12,135,Open
T080,06-07,2007-02-12,135,Open
T081,06-07,2007-02-12,135,Open
T083,06-07,2007-02-12,135,Open
T084,06-07,2007-02-12,135,Open
T085,06-07,2007-02-12,135,Open
T086,06-07,2007-02-12,135,Open
T087,06-07,2007-02-12,135,Open
T088,06-07,2007-02-12,135,Open
T089,06-07,2007-02-12,135,Open
T090,06-07,2007-02-12,135,Open
T091,06-07,2007-02-12,135,Open
T092,06-07,2007-02-12,135,Open
T127,06-07,2007-02-12,135,Open
T134,06-07,2007-02-12,135,Open
T135,06-07,2007-02-12,135,Open
T136,06-07,2007-02-12,135,Open
T137,06-07,2007-02-12,135,Open
T148,06-07,2007-02-12,135,Open
T152,06-07,2007-02-12,135,Groomed
T156,06-07,2007-02-12,135,Closed
T157,06-07,2007-02-12,135,Open
T002,06-07,2007-02-13,136,Groomed
T003,06-07,2007-02-13,136,Groomed
T004,06-07,2007-02-13,136,Groomed
T005,06-07,2007-02-13,136,Groomed
T006,06-07,2007-02-13,136,Open
T007,06-07,2007-02-13,136,Groomed
T008,06-07,2007-02-13,136,Open
T009,06-07,2007-02-13,136,Groomed
T010,06-07,2007-02-13,136,Open
T011,06-07,2007-02-13,136,Groomed
T012,06-07,2007-02-13,136,Groomed
T013,06-07,2007-02-13,136,Groomed
T015,06-07,2007-02-13,136,Open
T016,06-07,2007-02-13,136,Open
T017,06-07,2007-02-13,136,Open
T018,06-07,2007-02-13,136,Groomed
T019,06-07,2007-02-13,136,Closed
T020,06-07,2007-02-13,136,Groomed
T021,06-07,2007-02-13,136,Groomed
T022,06-07,2007-02-13,136,Groomed
T023,06-07,2007-02-13,136,Groomed
T024,06-07,2007-02-13,136,Open
T025,06-07,2007-02-13,136,Groomed
T026,06-07,2007-02-13,136,Open
T027,06-07,2007-02-13,136,Groomed
T028,06-07,2007-02-13,136,Groomed
T029,06-07,2007-02-13,136,Open
T030,06-07,2007-02-13,136,Groomed
T031,06-07,2007-02-13,136,Groomed
T032,06-07,2007-02-13,136,Closed
T033,06-07,2007-02-13,136,Groomed
T034,06-07,2007-02-13,136,Groomed
T035,06-07,2007-02-13,136,Open
T036,06-07,2007-02-13,136,Groomed
T037,06-07,2007-02-13,136,Open
T038,06-07,2007-02-13,136,Open
T039,06-07,2007-02-13,136,Open
T040,06-07,2007-02-13,136,Groomed
T042,06-07,2007-02-13,136,Open
T043,06-07,2007-02-13,136,Groomed
T044,06-07,2007-02-13,136,Open
T045,06-07,2007-02-13,136,Open
T046,06-07,2007-02-13,136,Open
T047,06-07,2007-02-13,136,Closed
T061,06-07,2007-02-13,136,Groomed
T063,06-07,2007-02-13,136,Groomed
T064,06-07,2007-02-13,136,Groomed
T065,06-07,2007-02-13,136,Groomed
T066,06-07,2007-02-13,136,Groomed
T067,06-07,2007-02-13,136,Groomed
T068,06-07,2007-02-13,136,Open
T069,06-07,2007-02-13,136,Open
T070,06-07,2007-02-13,136,Open
T071,06-07,2007-02-13,136,Open
T072,06-07,2007-02-13,136,Open
T073,06-07,2007-02-13,136,Open
T074,06-07,2007-02-13,136,Open
T075,06-07,2007-02-13,136,Open
T076,06-07,2007-02-13,136,Open
T077,06-07,2007-02-13,136,Groomed
T078,06-07,2007-02-13,136,Open
T079,06-07,2007-02-13,136,Groomed
T080,06-07,2007-02-13,136,Open
T081,06-07,2007-02-13,136,Open
T083,06-07,2007-02-13,136,Open
T084,06-07,2007-02-13,136,Open
T085,06-07,2007-02-13,136,Open
T086,06-07,2007-02-13,136,Open
T087,06-07,2007-02-13,136,Open
T088,06-07,2007-02-13,136,Open
T089,06-07,2007-02-13,136,Open
T090,06-07,2007-02-13,136,Open
T091,06-07,2007-02-13,136,Open
T092,06-07,2007-02-13,136,Open
T127,06-07,2007-02-13,136,Open
T134,06-07,2007-02-13,136,Open
T135,06-07,2007-02-13,136,Open
T136,06-07,2007-02-13,136,Open
T137,06-07,2007-02-13,136,Open
T148,06-07,2007-02-13,136,Open
T152,06-07,2007-02-13,136,Groomed
T156,06-07,2007-02-13,136,Closed
T157,06-07,2007-02-13,136,Open
T002,06-07,2007-02-14,137,Groomed
T003,06-07,2007-02-14,137,Groomed
T004,06-07,2007-02-14,137,Groomed
T005,06-07,2007-02-14,137,Groomed
T006,06-07,2007-02-14,137,Groomed
T007,06-07,2007-02-14,137,Groomed
T008,06-07,2007-02-14,137,Open
T009,06-07,2007-02-14,137,Groomed
T010,06-07,2007-02-14,137,Open
T011,06-07,2007-02-14,137,Groomed
T012,06-07,2007-02-14,137,Groomed
T013,06-07,2007-02-14,137,Groomed
T015,06-07,2007-02-14,137,Open
T016,06-07,2007-02-14,137,Open
T017,06-07,2007-02-14,137,Open
T018,06-07,2007-02-14,137,Groomed
T019,06-07,2007-02-14,137,Closed
T020,06-07,2007-02-14,137,Groomed
T021,06-07,2007-02-14,137,Groomed
T022,06-07,2007-02-14,137,Groomed
T023,06-07,2007-02-14,137,Groomed
T024,06-07,2007-02-14,137,Groomed
T025,06-07,2007-02-14,137,Groomed
T026,06-07,2007-02-14,137,Open
T027,06-07,2007-02-14,137,Groomed
T028,06-07,2007-02-14,137,Open
T029,06-07,2007-02-14,137,Open
T030,06-07,2007-02-14,137,Open
T031,06-07,2007-02-14,137,Groomed
T032,06-07,2007-02-14,137,Closed
T033,06-07,2007-02-14,137,Groomed
T034,06-07,2007-02-14,137,Groomed
T035,06-07,2007-02-14,137,Groomed
T036,06-07,2007-02-14,137,Groomed
T037,06-07,2007-02-14,137,Open
T038,06-07,2007-02-14,137,Open
T039,06-07,2007-02-14,137,Open
T040,06-07,2007-02-14,137,Groomed
T042,06-07,2007-02-14,137,Open
T043,06-07,2007-02-14,137,Open
T044,06-07,2007-02-14,137,Open
T045,06-07,2007-02-14,137,Open
T046,06-07,2007-02-14,137,Open
T047,06-07,2007-02-14,137,Closed
T061,06-07,2007-02-14,137,Groomed
T063,06-07,2007-02-14,137,Groomed
T064,06-07,2007-02-14,137,Groomed
T065,06-07,2007-02-14,137,Groomed
T066,06-07,2007-02-14,137,Groomed
T067,06-07,2007-02-14,137,Groomed
T068,06-07,2007-02-14,137,Open
T069,06-07,2007-02-14,137,Open
T070,06-07,2007-02-14,137,Open
T071,06-07,2007-02-14,137,Open
T072,06-07,2007-02-14,137,Open
T073,06-07,2007-02-14,137,Open
T074,06-07,2007-02-14,137,Open
T075,06-07,2007-02-14,137,Open
T076,06-07,2007-02-14,137,Open
T077,06-07,2007-02-14,137,Groomed
T078,06-07,2007-02-14,137,Groomed
T079,06-07,2007-02-14,137,Groomed
T080,06-07,2007-02-14,137,Open
T081,06-07,2007-02-14,137,Open
T083,06-07,2007-02-14,137,Groomed
T084,06-07,2007-02-14,137,Open
T085,06-07,2007-02-14,137,Open
T086,06-07,2007-02-14,137,Open
T087,06-07,2007-02-14,137,Open
T088,06-07,2007-02-14,137,Open
T089,06-07,2007-02-14,137,Open
T090,06-07,2007-02-14,137,Open
T091,06-07,2007-02-14,137,Open
T092,06-07,2007-02-14,137,Open
T127,06-07,2007-02-14,137,Open
T134,06-07,2007-02-14,137,Open
T135,06-07,2007-02-14,137,Open
T136,06-07,2007-02-14,137,Open
T137,06-07,2007-02-14,137,Open
T148,06-07,2007-02-14,137,Open
T152,06-07,2007-02-14,137,Groomed
T156,06-07,2007-02-14,137,Closed
T157,06-07,2007-02-14,137,Open
T002,06-07,2007-02-15,138,Groomed
T003,06-07,2007-02-15,138,Groomed
T004,06-07,2007-02-15,138,Groomed
T005,06-07,2007-02-15,138,Groomed
T006,06-07,2007-02-15,138,Groomed
T007,06-07,2007-02-15,138,Groomed
T008,06-07,2007-02-15,138,Open
T009,06-07,2007-02-15,138,Groomed
T010,06-07,2007-02-15,138,Open
T011,06-07,2007-02-15,138,Groomed
T012,06-07,2007-02-15,138,Groomed
T013,06-07,2007-02-15,138,Groomed
T015,06-07,2007-02-15,138,Open
T016,06-07,2007-02-15,138,Open
T017,06-07,2007-02-15,138,Open
T018,06-07,2007-02-15,138,Open
T019,06-07,2007-02-15,138,Closed
T020,06-07,2007-02-15,138,Open
T021,06-07,2007-02-15,138,Groomed
T022,06-07,2007-02-15,138,Groomed
T023,06-07,2007-02-15,138,Groomed
T024,06-07,2007-02-15,138,Open
T025,06-07,2007-02-15,138,Groomed
T026,06-07,2007-02-15,138,Open
T027,06-07,2007-02-15,138,Groomed
T028,06-07,2007-02-15,138,Groomed
T029,06-07,2007-02-15,138,Open
T030,06-07,2007-02-15,138,Groomed
T031,06-07,2007-02-15,138,Groomed
T032,06-07,2007-02-15,138,Closed
T033,06-07,2007-02-15,138,Groomed
T034,06-07,2007-02-15,138,Groomed
T035,06-07,2007-02-15,138,Open
T036,06-07,2007-02-15,138,Groomed
T037,06-07,2007-02-15,138,Open
T038,06-07,2007-02-15,138,Open
T039,06-07,2007-02-15,138,Open
T040,06-07,2007-02-15,138,Groomed
T042,06-07,2007-02-15,138,Open
T043,06-07,2007-02-15,138,Groomed
T044,06-07,2007-02-15,138,Open
T045,06-07,2007-02-15,138,Open
T046,06-07,2007-02-15,138,Open
T047,06-07,2007-02-15,138,Closed
T061,06-07,2007-02-15,138,Groomed
T063,06-07,2007-02-15,138,Groomed
T064,06-07,2007-02-15,138,Groomed
T065,06-07,2007-02-15,138,Groomed
T066,06-07,2007-02-15,138,Groomed
T067,06-07,2007-02-15,138,Groomed
T068,06-07,2007-02-15,138,Open
T069,06-07,2007-02-15,138,Open
T070,06-07,2007-02-15,138,Open
T071,06-07,2007-02-15,138,Open
T072,06-07,2007-02-15,138,Open
T073,06-07,2007-02-15,138,Open
T074,06-07,2007-02-15,138,Open
T075,06-07,2007-02-15,138,Open
T076,06-07,2007-02-15,138,Open
T077,06-07,2007-02-15,138,Groomed
T078,06-07,2007-02-15,138,Groomed
T079,06-07,2007-02-15,138,Groomed
T080,06-07,2007-02-15,138,Open
T081,06-07,2007-02-15,138,Open
T083,06-07,2007-02-15,138,Groomed
T084,06-07,2007-02-15,138,Open
T085,06-07,2007-02-15,138,Open
T086,06-07,2007-02-15,138,Open
T087,06-07,2007-02-15,138,Open
T088,06-07,2007-02-15,138,Open
T089,06-07,2007-02-15,138,Open
T090,06-07,2007-02-15,138,Open
T091,06-07,2007-02-15,138,Open
T092,06-07,2007-02-15,138,Open
T127,06-07,2007-02-15,138,Open
T134,06-07,2007-02-15,138,Open
T135,06-07,2007-02-15,138,Open
T136,06-07,2007-02-15,138,Open
T137,06-07,2007-02-15,138,Open
T148,06-07,2007-02-15,138,Open
T152,06-07,2007-02-15,138,Groomed
T156,06-07,2007-02-15,138,Closed
T157,06-07,2007-02-15,138,Open
T002,06-07,2007-02-16,139,Groomed
T003,06-07,2007-02-16,139,Groomed
T004,06-07,2007-02-16,139,Groomed
T005,06-07,2007-02-16,139,Groomed
T006,06-07,2007-02-16,139,Groomed
T007,06-07,2007-02-16,139,Groomed
T008,06-07,2007-02-16,139,Open
T009,06-07,2007-02-16,139,Groomed
T010,06-07,2007-02-16,139,Open
T011,06-07,2007-02-16,139,Groomed
T012,06-07,2007-02-16,139,Groomed
T013,06-07,2007-02-16,139,Groomed
T015,06-07,2007-02-16,139,Open
T016,06-07,2007-02-16,139,Open
T017,06-07,2007-02-16,139,Open
T018,06-07,2007-02-16,139,Groomed
T019,06-07,2007-02-16,139,Closed
T020,06-07,2007-02-16,139,Open
T021,06-07,2007-02-16,139,Groomed
T022,06-07,2007-02-16,139,Groomed
T023,06-07,2007-02-16,139,Groomed
T024,06-07,2007-02-16,139,Groomed
T025,06-07,2007-02-16,139,Groomed
T026,06-07,2007-02-16,139,Open
T027,06-07,2007-02-16,139,Groomed
T028,06-07,2007-02-16,139,Groomed
T029,06-07,2007-02-16,139,Groomed
T030,06-07,2007-02-16,139,Groomed
T031,06-07,2007-02-16,139,Groomed
T032,06-07,2007-02-16,139,Closed
T033,06-07,2007-02-16,139,Groomed
T034,06-07,2007-02-16,139,Groomed
T035,06-07,2007-02-16,139,Groomed
T036,06-07,2007-02-16,139,Groomed
T037,06-07,2007-02-16,139,Open
T038,06-07,2007-02-16,139,Open
T039,06-07,2007-02-16,139,Open
T040,06-07,2007-02-16,139,Groomed
T042,06-07,2007-02-16,139,Open
T043,06-07,2007-02-16,139,Groomed
T044,06-07,2007-02-16,139,Open
T045,06-07,2007-02-16,139,Open
T046,06-07,2007-02-16,139,Open
T047,06-07,2007-02-16,139,Open
T061,06-07,2007-02-16,139,Groomed
T063,06-07,2007-02-16,139,Groomed
T064,06-07,2007-02-16,139,Groomed
T065,06-07,2007-02-16,139,Groomed
T066,06-07,2007-02-16,139,Groomed
T067,06-07,2007-02-16,139,Groomed
T068,06-07,2007-02-16,139,Open
T069,06-07,2007-02-16,139,Open
T070,06-07,2007-02-16,139,Open
T071,06-07,2007-02-16,139,Open
T072,06-07,2007-02-16,139,Open
T073,06-07,2007-02-16,139,Open
T074,06-07,2007-02-16,139,Open
T075,06-07,2007-02-16,139,Open
T076,06-07,2007-02-16,139,Open
T077,06-07,2007-02-16,139,Groomed
T078,06-07,2007-02-16,139,Groomed
T079,06-07,2007-02-16,139,Groomed
T080,06-07,2007-02-16,139,Open
T081,06-07,2007-02-16,139,Open
T083,06-07,2007-02-16,139,Groomed
T084,06-07,2007-02-16,139,Open
T085,06-07,2007-02-16,139,Open
T086,06-07,2007-02-16,139,Open
T087,06-07,2007-02-16,139,Open
T088,06-07,2007-02-16,139,Open
T089,06-07,2007-02-16,139,Open
T090,06-07,2007-02-16,139,Open
T091,06-07,2007-02-16,139,Open
T092,06-07,2007-02-16,139,Open
T127,06-07,2007-02-16,139,Open
T134,06-07,2007-02-16,139,Open
T135,06-07,2007-02-16,139,Open
T136,06-07,2007-02-16,139,Open
T137,06-07,2007-02-16,139,Open
T148,06-07,2007-02-16,139,Open
T152,06-07,2007-02-16,139,Groomed
T156,06-07,2007-02-16,139,Closed
T157,06-07,2007-02-16,139,Open
T002,06-07,2007-02-17,140,Groomed
T003,06-07,2007-02-17,140,Groomed
T004,06-07,2007-02-17,140,Groomed
T005,06-07,2007-02-17,140,Groomed
T006,06-07,2007-02-17,140,Open
T007,06-07,2007-02-17,140,Groomed
T008,06-07,2007-02-17,140,Open
T009,06-07,2007-02-17,140,Groomed
T010,06-07,2007-02-17,140,Open
T011,06-07,2007-02-17,140,Groomed
T012,06-07,2007-02-17,140,Groomed
T013,06-07,2007-02-17,140,Groomed
T015,06-07,2007-02-17,140,Open
T016,06-07,2007-02-17,140,Open
T017,06-07,2007-02-17,140,Open
T018,06-07,2007-02-17,140,Groomed
T019,06-07,2007-02-17,140,Open
T020,06-07,2007-02-17,140,Open
T021,06-07,2007-02-17,140,Groomed
T022,06-07,2007-02-17,140,Groomed
T023,06-07,2007-02-17,140,Groomed
T024,06-07,2007-02-17,140,Open
T025,06-07,2007-02-17,140,Groomed
T026,06-07,2007-02-17,140,Open
T027,06-07,2007-02-17,140,Groomed
T028,06-07,2007-02-17,140,Groomed
T029,06-07,2007-02-17,140,Open
T030,06-07,2007-02-17,140,Groomed
T031,06-07,2007-02-17,140,Groomed
T032,06-07,2007-02-17,140,Open
T033,06-07,2007-02-17,140,Groomed
T034,06-07,2007-02-17,140,Groomed
T035,06-07,2007-02-17,140,Open
T036,06-07,2007-02-17,140,Groomed
T037,06-07,2007-02-17,140,Open
T038,06-07,2007-02-17,140,Open
T039,06-07,2007-02-17,140,Open
T040,06-07,2007-02-17,140,Groomed
T042,06-07,2007-02-17,140,Open
T043,06-07,2007-02-17,140,Open
T044,06-07,2007-02-17,140,Open
T045,06-07,2007-02-17,140,Open
T046,06-07,2007-02-17,140,Open
T047,06-07,2007-02-17,140,Open
T061,06-07,2007-02-17,140,Groomed
T063,06-07,2007-02-17,140,Groomed
T064,06-07,2007-02-17,140,Groomed
T065,06-07,2007-02-17,140,Groomed
T066,06-07,2007-02-17,140,Groomed
T067,06-07,2007-02-17,140,Groomed
T068,06-07,2007-02-17,140,Open
T069,06-07,2007-02-17,140,Open
T070,06-07,2007-02-17,140,Open
T071,06-07,2007-02-17,140,Open
T072,06-07,2007-02-17,140,Open
T073,06-07,2007-02-17,140,Open
T074,06-07,2007-02-17,140,Open
T075,06-07,2007-02-17,140,Open
T076,06-07,2007-02-17,140,Open
T077,06-07,2007-02-17,140,Groomed
T078,06-07,2007-02-17,140,Groomed
T079,06-07,2007-02-17,140,Groomed
T080,06-07,2007-02-17,140,Open
T081,06-07,2007-02-17,140,Open
T083,06-07,2007-02-17,140,Groomed
T084,06-07,2007-02-17,140,Open
T085,06-07,2007-02-17,140,Open
T086,06-07,2007-02-17,140,Open
T087,06-07,2007-02-17,140,Open
T088,06-07,2007-02-17,140,Open
T089,06-07,2007-02-17,140,Open
T090,06-07,2007-02-17,140,Open
T091,06-07,2007-02-17,140,Open
T092,06-07,2007-02-17,140,Open
T127,06-07,2007-02-17,140,Open
T134,06-07,2007-02-17,140,Open
T135,06-07,2007-02-17,140,Open
T136,06-07,2007-02-17,140,Open
T137,06-07,2007-02-17,140,Open
T148,06-07,2007-02-17,140,Open
T152,06-07,2007-02-17,140,Groomed
T156,06-07,2007-02-17,140,Closed
T157,06-07,2007-02-17,140,Open
T002,06-07,2007-02-18,141,Groomed
T003,06-07,2007-02-18,141,Groomed
T004,06-07,2007-02-18,141,Groomed
T005,06-07,2007-02-18,141,Groomed
T006,06-07,2007-02-18,141,Open
T007,06-07,2007-02-18,141,Groomed
T008,06-07,2007-02-18,141,Open
T009,06-07,2007-02-18,141,Groomed
T010,06-07,2007-02-18,141,Open
T011,06-07,2007-02-18,141,Groomed
T012,06-07,2007-02-18,141,Groomed
T013,06-07,2007-02-18,141,Groomed
T015,06-07,2007-02-18,141,Open
T016,06-07,2007-02-18,141,Open
T017,06-07,2007-02-18,141,Open
T018,06-07,2007-02-18,141,Open
T019,06-07,2007-02-18,141,Open
T020,06-07,2007-02-18,141,Groomed
T021,06-07,2007-02-18,141,Groomed
T022,06-07,2007-02-18,141,Groomed
T023,06-07,2007-02-18,141,Groomed
T024,06-07,2007-02-18,141,Open
T025,06-07,2007-02-18,141,Groomed
T026,06-07,2007-02-18,141,Open
T027,06-07,2007-02-18,141,Groomed
T028,06-07,2007-02-18,141,Groomed
T029,06-07,2007-02-18,141,Open
T030,06-07,2007-02-18,141,Groomed
T031,06-07,2007-02-18,141,Groomed
T032,06-07,2007-02-18,141,Open
T033,06-07,2007-02-18,141,Groomed
T034,06-07,2007-02-18,141,Groomed
T035,06-07,2007-02-18,141,Open
T036,06-07,2007-02-18,141,Groomed
T037,06-07,2007-02-18,141,Open
T038,06-07,2007-02-18,141,Open
T039,06-07,2007-02-18,141,Open
T040,06-07,2007-02-18,141,Groomed
T042,06-07,2007-02-18,141,Open
T043,06-07,2007-02-18,141,Open
T044,06-07,2007-02-18,141,Open
T045,06-07,2007-02-18,141,Open
T046,06-07,2007-02-18,141,Open
T047,06-07,2007-02-18,141,Open
T061,06-07,2007-02-18,141,Groomed
T063,06-07,2007-02-18,141,Groomed
T064,06-07,2007-02-18,141,Groomed
T065,06-07,2007-02-18,141,Groomed
T066,06-07,2007-02-18,141,Open
T067,06-07,2007-02-18,141,Groomed
T068,06-07,2007-02-18,141,Open
T069,06-07,2007-02-18,141,Open
T070,06-07,2007-02-18,141,Open
T071,06-07,2007-02-18,141,Open
T072,06-07,2007-02-18,141,Open
T073,06-07,2007-02-18,141,Open
T074,06-07,2007-02-18,141,Open
T075,06-07,2007-02-18,141,Open
T076,06-07,2007-02-18,141,Open
T077,06-07,2007-02-18,141,Groomed
T078,06-07,2007-02-18,141,Groomed
T079,06-07,2007-02-18,141,Groomed
T080,06-07,2007-02-18,141,Open
T081,06-07,2007-02-18,141,Open
T083,06-07,2007-02-18,141,Groomed
T084,06-07,2007-02-18,141,Open
T085,06-07,2007-02-18,141,Open
T086,06-07,2007-02-18,141,Open
T087,06-07,2007-02-18,141,Open
T088,06-07,2007-02-18,141,Open
T089,06-07,2007-02-18,141,Open
T090,06-07,2007-02-18,141,Open
T091,06-07,2007-02-18,141,Open
T092,06-07,2007-02-18,141,Open
T127,06-07,2007-02-18,141,Open
T134,06-07,2007-02-18,141,Open
T135,06-07,2007-02-18,141,Open
T136,06-07,2007-02-18,141,Open
T137,06-07,2007-02-18,141,Open
T148,06-07,2007-02-18,141,Open
T152,06-07,2007-02-18,141,Groomed
T156,06-07,2007-02-18,141,Closed
T157,06-07,2007-02-18,141,Open
T002,06-07,2007-02-19,142,Groomed
T003,06-07,2007-02-19,142,Groomed
T004,06-07,2007-02-19,142,Groomed
T005,06-07,2007-02-19,142,Groomed
T006,06-07,2007-02-19,142,Open
T007,06-07,2007-02-19,142,Groomed
T008,06-07,2007-02-19,142,Open
T009,06-07,2007-02-19,142,Groomed
T010,06-07,2007-02-19,142,Open
T011,06-07,2007-02-19,142,Groomed
T012,06-07,2007-02-19,142,Groomed
T013,06-07,2007-02-19,142,Groomed
T015,06-07,2007-02-19,142,Open
T016,06-07,2007-02-19,142,Open
T017,06-07,2007-02-19,142,Groomed
T018,06-07,2007-02-19,142,Open
T019,06-07,2007-02-19,142,Open
T020,06-07,2007-02-19,142,Groomed
T021,06-07,2007-02-19,142,Groomed
T022,06-07,2007-02-19,142,Groomed
T023,06-07,2007-02-19,142,Groomed
T024,06-07,2007-02-19,142,Groomed
T025,06-07,2007-02-19,142,Groomed
T026,06-07,2007-02-19,142,Open
T027,06-07,2007-02-19,142,Groomed
T028,06-07,2007-02-19,142,Groomed
T029,06-07,2007-02-19,142,Open
T030,06-07,2007-02-19,142,Groomed
T031,06-07,2007-02-19,142,Groomed
T032,06-07,2007-02-19,142,Open
T033,06-07,2007-02-19,142,Groomed
T034,06-07,2007-02-19,142,Groomed
T035,06-07,2007-02-19,142,Open
T036,06-07,2007-02-19,142,Groomed
T037,06-07,2007-02-19,142,Open
T038,06-07,2007-02-19,142,Open
T039,06-07,2007-02-19,142,Open
T040,06-07,2007-02-19,142,Groomed
T042,06-07,2007-02-19,142,Open
T043,06-07,2007-02-19,142,Open
T044,06-07,2007-02-19,142,Open
T045,06-07,2007-02-19,142,Open
T046,06-07,2007-02-19,142,Open
T047,06-07,2007-02-19,142,Open
T061,06-07,2007-02-19,142,Groomed
T063,06-07,2007-02-19,142,Groomed
T064,06-07,2007-02-19,142,Groomed
T065,06-07,2007-02-19,142,Groomed
T066,06-07,2007-02-19,142,Open
T067,06-07,2007-02-19,142,Groomed
T068,06-07,2007-02-19,142,Open
T069,06-07,2007-02-19,142,Open
T070,06-07,2007-02-19,142,Open
T071,06-07,2007-02-19,142,Open
T072,06-07,2007-02-19,142,Open
T073,06-07,2007-02-19,142,Open
T074,06-07,2007-02-19,142,Open
T075,06-07,2007-02-19,142,Open
T076,06-07,2007-02-19,142,Open
T077,06-07,2007-02-19,142,Groomed
T078,06-07,2007-02-19,142,Groomed
T079,06-07,2007-02-19,142,Groomed
T080,06-07,2007-02-19,142,Open
T081,06-07,2007-02-19,142,Open
T083,06-07,2007-02-19,142,Groomed
T084,06-07,2007-02-19,142,Open
T085,06-07,2007-02-19,142,Open
T086,06-07,2007-02-19,142,Open
T087,06-07,2007-02-19,142,Open
T088,06-07,2007-02-19,142,Open
T089,06-07,2007-02-19,142,Open
T090,06-07,2007-02-19,142,Open
T091,06-07,2007-02-19,142,Open
T092,06-07,2007-02-19,142,Open
T127,06-07,2007-02-19,142,Open
T134,06-07,2007-02-19,142,Open
T135,06-07,2007-02-19,142,Open
T136,06-07,2007-02-19,142,Open
T137,06-07,2007-02-19,142,Open
T148,06-07,2007-02-19,142,Open
T152,06-07,2007-02-19,142,Groomed
T156,06-07,2007-02-19,142,Closed
T157,06-07,2007-02-19,142,Open
T002,06-07,2007-02-20,143,Groomed
T003,06-07,2007-02-20,143,Groomed
T004,06-07,2007-02-20,143,Groomed
T005,06-07,2007-02-20,143,Groomed
T006,06-07,2007-02-20,143,Groomed
T007,06-07,2007-02-20,143,Groomed
T008,06-07,2007-02-20,143,Open
T009,06-07,2007-02-20,143,Groomed
T010,06-07,2007-02-20,143,Open
T011,06-07,2007-02-20,143,Groomed
T012,06-07,2007-02-20,143,Groomed
T013,06-07,2007-02-20,143,Groomed
T015,06-07,2007-02-20,143,Open
T016,06-07,2007-02-20,143,Open
T017,06-07,2007-02-20,143,Open
T018,06-07,2007-02-20,143,Open
T019,06-07,2007-02-20,143,Open
T020,06-07,2007-02-20,143,Groomed
T021,06-07,2007-02-20,143,Groomed
T022,06-07,2007-02-20,143,Groomed
T023,06-07,2007-02-20,143,Groomed
T024,06-07,2007-02-20,143,Open
T025,06-07,2007-02-20,143,Groomed
T026,06-07,2007-02-20,143,Open
T027,06-07,2007-02-20,143,Groomed
T028,06-07,2007-02-20,143,Open
T029,06-07,2007-02-20,143,Open
T030,06-07,2007-02-20,143,Open
T031,06-07,2007-02-20,143,Groomed
T032,06-07,2007-02-20,143,Open
T033,06-07,2007-02-20,143,Groomed
T034,06-07,2007-02-20,143,Groomed
T035,06-07,2007-02-20,143,Open
T036,06-07,2007-02-20,143,Groomed
T037,06-07,2007-02-20,143,Open
T038,06-07,2007-02-20,143,Open
T039,06-07,2007-02-20,143,Open
T040,06-07,2007-02-20,143,Groomed
T042,06-07,2007-02-20,143,Open
T043,06-07,2007-02-20,143,Open
T044,06-07,2007-02-20,143,Open
T045,06-07,2007-02-20,143,Open
T046,06-07,2007-02-20,143,Open
T047,06-07,2007-02-20,143,Open
T061,06-07,2007-02-20,143,Groomed
T063,06-07,2007-02-20,143,Groomed
T064,06-07,2007-02-20,143,Groomed
T065,06-07,2007-02-20,143,Open
T066,06-07,2007-02-20,143,Groomed
T067,06-07,2007-02-20,143,Groomed
T068,06-07,2007-02-20,143,Open
T069,06-07,2007-02-20,143,Open
T070,06-07,2007-02-20,143,Open
T071,06-07,2007-02-20,143,Open
T072,06-07,2007-02-20,143,Open
T073,06-07,2007-02-20,143,Open
T074,06-07,2007-02-20,143,Open
T075,06-07,2007-02-20,143,Open
T076,06-07,2007-02-20,143,Open
T077,06-07,2007-02-20,143,Groomed
T078,06-07,2007-02-20,143,Groomed
T079,06-07,2007-02-20,143,Open
T080,06-07,2007-02-20,143,Open
T081,06-07,2007-02-20,143,Open
T083,06-07,2007-02-20,143,Groomed
T084,06-07,2007-02-20,143,Open
T085,06-07,2007-02-20,143,Open
T086,06-07,2007-02-20,143,Open
T087,06-07,2007-02-20,143,Open
T088,06-07,2007-02-20,143,Open
T089,06-07,2007-02-20,143,Open
T090,06-07,2007-02-20,143,Open
T091,06-07,2007-02-20,143,Open
T092,06-07,2007-02-20,143,Open
T127,06-07,2007-02-20,143,Open
T134,06-07,2007-02-20,143,Open
T135,06-07,2007-02-20,143,Open
T136,06-07,2007-02-20,143,Open
T137,06-07,2007-02-20,143,Open
T148,06-07,2007-02-20,143,Open
T152,06-07,2007-02-20,143,Groomed
T156,06-07,2007-02-20,143,Closed
T157,06-07,2007-02-20,143,Open
T002,06-07,2007-02-21,144,Groomed
T003,06-07,2007-02-21,144,Open
T004,06-07,2007-02-21,144,Groomed
T005,06-07,2007-02-21,144,Groomed
T006,06-07,2007-02-21,144,Open
T007,06-07,2007-02-21,144,Groomed
T008,06-07,2007-02-21,144,Open
T009,06-07,2007-02-21,144,Groomed
T010,06-07,2007-02-21,144,Open
T011,06-07,2007-02-21,144,Groomed
T012,06-07,2007-02-21,144,Groomed
T013,06-07,2007-02-21,144,Groomed
T015,06-07,2007-02-21,144,Open
T016,06-07,2007-02-21,144,Open
T017,06-07,2007-02-21,144,Open
T018,06-07,2007-02-21,144,Open
T019,06-07,2007-02-21,144,Open
T020,06-07,2007-02-21,144,Open
T021,06-07,2007-02-21,144,Groomed
T022,06-07,2007-02-21,144,Groomed
T023,06-07,2007-02-21,144,Groomed
T024,06-07,2007-02-21,144,Open
T025,06-07,2007-02-21,144,Groomed
T026,06-07,2007-02-21,144,Open
T027,06-07,2007-02-21,144,Groomed
T028,06-07,2007-02-21,144,Groomed
T029,06-07,2007-02-21,144,Open
T030,06-07,2007-02-21,144,Open
T031,06-07,2007-02-21,144,Groomed
T032,06-07,2007-02-21,144,Open
T033,06-07,2007-02-21,144,Open
T034,06-07,2007-02-21,144,Groomed
T035,06-07,2007-02-21,144,Open
T036,06-07,2007-02-21,144,Groomed
T037,06-07,2007-02-21,144,Open
T038,06-07,2007-02-21,144,Open
T039,06-07,2007-02-21,144,Open
T040,06-07,2007-02-21,144,Groomed
T042,06-07,2007-02-21,144,Open
T043,06-07,2007-02-21,144,Groomed
T044,06-07,2007-02-21,144,Open
T045,06-07,2007-02-21,144,Open
T046,06-07,2007-02-21,144,Open
T047,06-07,2007-02-21,144,Open
T061,06-07,2007-02-21,144,Groomed
T063,06-07,2007-02-21,144,Groomed
T064,06-07,2007-02-21,144,Groomed
T065,06-07,2007-02-21,144,Groomed
T066,06-07,2007-02-21,144,Groomed
T067,06-07,2007-02-21,144,Groomed
T068,06-07,2007-02-21,144,Open
T069,06-07,2007-02-21,144,Open
T070,06-07,2007-02-21,144,Open
T071,06-07,2007-02-21,144,Open
T072,06-07,2007-02-21,144,Open
T073,06-07,2007-02-21,144,Open
T074,06-07,2007-02-21,144,Open
T075,06-07,2007-02-21,144,Open
T076,06-07,2007-02-21,144,Open
T077,06-07,2007-02-21,144,Groomed
T078,06-07,2007-02-21,144,Groomed
T079,06-07,2007-02-21,144,Open
T080,06-07,2007-02-21,144,Open
T081,06-07,2007-02-21,144,Open
T083,06-07,2007-02-21,144,Groomed
T084,06-07,2007-02-21,144,Open
T085,06-07,2007-02-21,144,Open
T086,06-07,2007-02-21,144,Open
T087,06-07,2007-02-21,144,Open
T088,06-07,2007-02-21,144,Open
T089,06-07,2007-02-21,144,Open
T090,06-07,2007-02-21,144,Open
T091,06-07,2007-02-21,144,Open
T092,06-07,2007-02-21,144,Open
T127,06-07,2007-02-21,144,Open
T134,06-07,2007-02-21,144,Open
T135,06-07,2007-02-21,144,Open
T136,06-07,2007-02-21,144,Open
T137,06-07,2007-02-21,144,Open
T148,06-07,2007-02-21,144,Open
T152,06-07,2007-02-21,144,Groomed
T156,06-07,2007-02-21,144,Closed
T157,06-07,2007-02-21,144,Open
T002,06-07,2007-02-22,145,Groomed
T003,06-07,2007-02-22,145,Groomed
T004,06-07,2007-02-22,145,Groomed
T005,06-07,2007-02-22,145,Groomed
T006,06-07,2007-02-22,145,Open
T007,06-07,2007-02-22,145,Groomed
T008,06-07,2007-02-22,145,Groomed
T009,06-07,2007-02-22,145,Groomed
T010,06-07,2007-02-22,145,Open
T011,06-07,2007-02-22,145,Groomed
T012,06-07,2007-02-22,145,Groomed
T013,06-07,2007-02-22,145,Groomed
T015,06-07,2007-02-22,145,Open
T016,06-07,2007-02-22,145,Open
T017,06-07,2007-02-22,145,Open
T018,06-07,2007-02-22,145,Open
T019,06-07,2007-02-22,145,Open
T020,06-07,2007-02-22,145,Open
T021,06-07,2007-02-22,145,Groomed
T022,06-07,2007-02-22,145,Groomed
T023,06-07,2007-02-22,145,Groomed
T024,06-07,2007-02-22,145,Open
T025,06-07,2007-02-22,145,Groomed
T026,06-07,2007-02-22,145,Open
T027,06-07,2007-02-22,145,Groomed
T028,06-07,2007-02-22,145,Open
T029,06-07,2007-02-22,145,Open
T030,06-07,2007-02-22,145,Open
T031,06-07,2007-02-22,145,Groomed
T032,06-07,2007-02-22,145,Open
T033,06-07,2007-02-22,145,Groomed
T034,06-07,2007-02-22,145,Groomed
T035,06-07,2007-02-22,145,Open
T036,06-07,2007-02-22,145,Groomed
T037,06-07,2007-02-22,145,Open
T038,06-07,2007-02-22,145,Open
T039,06-07,2007-02-22,145,Open
T040,06-07,2007-02-22,145,Groomed
T042,06-07,2007-02-22,145,Open
T043,06-07,2007-02-22,145,Groomed
T044,06-07,2007-02-22,145,Open
T045,06-07,2007-02-22,145,Open
T046,06-07,2007-02-22,145,Open
T047,06-07,2007-02-22,145,Open
T061,06-07,2007-02-22,145,Groomed
T063,06-07,2007-02-22,145,Groomed
T064,06-07,2007-02-22,145,Groomed
T065,06-07,2007-02-22,145,Groomed
T066,06-07,2007-02-22,145,Open
T067,06-07,2007-02-22,145,Groomed
T068,06-07,2007-02-22,145,Open
T069,06-07,2007-02-22,145,Open
T070,06-07,2007-02-22,145,Open
T071,06-07,2007-02-22,145,Open
T072,06-07,2007-02-22,145,Open
T073,06-07,2007-02-22,145,Open
T074,06-07,2007-02-22,145,Open
T075,06-07,2007-02-22,145,Open
T076,06-07,2007-02-22,145,Open
T077,06-07,2007-02-22,145,Groomed
T078,06-07,2007-02-22,145,Open
T079,06-07,2007-02-22,145,Groomed
T080,06-07,2007-02-22,145,Open
T081,06-07,2007-02-22,145,Open
T083,06-07,2007-02-22,145,Open
T084,06-07,2007-02-22,145,Open
T085,06-07,2007-02-22,145,Open
T086,06-07,2007-02-22,145,Open
T087,06-07,2007-02-22,145,Open
T088,06-07,2007-02-22,145,Open
T089,06-07,2007-02-22,145,Open
T090,06-07,2007-02-22,145,Open
T091,06-07,2007-02-22,145,Open
T092,06-07,2007-02-22,145,Open
T127,06-07,2007-02-22,145,Open
T134,06-07,2007-02-22,145,Open
T135,06-07,2007-02-22,145,Open
T136,06-07,2007-02-22,145,Open
T137,06-07,2007-02-22,145,Open
T148,06-07,2007-02-22,145,Open
T152,06-07,2007-02-22,145,Groomed
T156,06-07,2007-02-22,145,Closed
T157,06-07,2007-02-22,145,Open
T002,06-07,2007-02-23,146,Groomed
T003,06-07,2007-02-23,146,Groomed
T004,06-07,2007-02-23,146,Groomed
T005,06-07,2007-02-23,146,Groomed
T006,06-07,2007-02-23,146,Open
T007,06-07,2007-02-23,146,Groomed
T008,06-07,2007-02-23,146,Open
T009,06-07,2007-02-23,146,Groomed
T010,06-07,2007-02-23,146,Open
T011,06-07,2007-02-23,146,Groomed
T012,06-07,2007-02-23,146,Groomed
T013,06-07,2007-02-23,146,Groomed
T015,06-07,2007-02-23,146,Open
T016,06-07,2007-02-23,146,Open
T017,06-07,2007-02-23,146,Open
T018,06-07,2007-02-23,146,Open
T019,06-07,2007-02-23,146,Open
T020,06-07,2007-02-23,146,Groomed
T021,06-07,2007-02-23,146,Groomed
T022,06-07,2007-02-23,146,Groomed
T023,06-07,2007-02-23,146,Groomed
T024,06-07,2007-02-23,146,Open
T025,06-07,2007-02-23,146,Groomed
T026,06-07,2007-02-23,146,Open
T027,06-07,2007-02-23,146,Open
T028,06-07,2007-02-23,146,Open
T029,06-07,2007-02-23,146,Open
T030,06-07,2007-02-23,146,Open
T031,06-07,2007-02-23,146,Groomed
T032,06-07,2007-02-23,146,Open
T033,06-07,2007-02-23,146,Groomed
T034,06-07,2007-02-23,146,Groomed
T035,06-07,2007-02-23,146,Open
T036,06-07,2007-02-23,146,Groomed
T037,06-07,2007-02-23,146,Open
T038,06-07,2007-02-23,146,Open
T039,06-07,2007-02-23,146,Open
T040,06-07,2007-02-23,146,Groomed
T042,06-07,2007-02-23,146,Open
T043,06-07,2007-02-23,146,Groomed
T044,06-07,2007-02-23,146,Open
T045,06-07,2007-02-23,146,Open
T046,06-07,2007-02-23,146,Open
T047,06-07,2007-02-23,146,Open
T061,06-07,2007-02-23,146,Groomed
T063,06-07,2007-02-23,146,Groomed
T064,06-07,2007-02-23,146,Open
T065,06-07,2007-02-23,146,Groomed
T066,06-07,2007-02-23,146,Groomed
T067,06-07,2007-02-23,146,Groomed
T068,06-07,2007-02-23,146,Open
T069,06-07,2007-02-23,146,Open
T070,06-07,2007-02-23,146,Open
T071,06-07,2007-02-23,146,Open
T072,06-07,2007-02-23,146,Open
T073,06-07,2007-02-23,146,Open
T074,06-07,2007-02-23,146,Open
T075,06-07,2007-02-23,146,Open
T076,06-07,2007-02-23,146,Open
T077,06-07,2007-02-23,146,Groomed
T078,06-07,2007-02-23,146,Open
T079,06-07,2007-02-23,146,Groomed
T080,06-07,2007-02-23,146,Open
T081,06-07,2007-02-23,146,Open
T083,06-07,2007-02-23,146,Open
T084,06-07,2007-02-23,146,Open
T085,06-07,2007-02-23,146,Open
T086,06-07,2007-02-23,146,Open
T087,06-07,2007-02-23,146,Open
T088,06-07,2007-02-23,146,Open
T089,06-07,2007-02-23,146,Open
T090,06-07,2007-02-23,146,Open
T091,06-07,2007-02-23,146,Open
T092,06-07,2007-02-23,146,Open
T127,06-07,2007-02-23,146,Open
T134,06-07,2007-02-23,146,Open
T135,06-07,2007-02-23,146,Open
T136,06-07,2007-02-23,146,Open
T137,06-07,2007-02-23,146,Open
T148,06-07,2007-02-23,146,Open
T152,06-07,2007-02-23,146,Groomed
T156,06-07,2007-02-23,146,Closed
T157,06-07,2007-02-23,146,Open
T002,06-07,2007-02-24,147,Groomed
T003,06-07,2007-02-24,147,Groomed
T004,06-07,2007-02-24,147,Groomed
T005,06-07,2007-02-24,147,Groomed
T006,06-07,2007-02-24,147,Groomed
T007,06-07,2007-02-24,147,Groomed
T008,06-07,2007-02-24,147,Open
T009,06-07,2007-02-24,147,Groomed
T010,06-07,2007-02-24,147,Open
T011,06-07,2007-02-24,147,Groomed
T012,06-07,2007-02-24,147,Groomed
T013,06-07,2007-02-24,147,Groomed
T015,06-07,2007-02-24,147,Open
T016,06-07,2007-02-24,147,Open
T017,06-07,2007-02-24,147,Open
T018,06-07,2007-02-24,147,Groomed
T019,06-07,2007-02-24,147,Open
T020,06-07,2007-02-24,147,Groomed
T021,06-07,2007-02-24,147,Groomed
T022,06-07,2007-02-24,147,Groomed
T023,06-07,2007-02-24,147,Groomed
T024,06-07,2007-02-24,147,Groomed
T025,06-07,2007-02-24,147,Groomed
T026,06-07,2007-02-24,147,Open
T027,06-07,2007-02-24,147,Groomed
T028,06-07,2007-02-24,147,Groomed
T029,06-07,2007-02-24,147,Groomed
T030,06-07,2007-02-24,147,Groomed
T031,06-07,2007-02-24,147,Groomed
T032,06-07,2007-02-24,147,Open
T033,06-07,2007-02-24,147,Groomed
T034,06-07,2007-02-24,147,Groomed
T035,06-07,2007-02-24,147,Open
T036,06-07,2007-02-24,147,Groomed
T037,06-07,2007-02-24,147,Open
T038,06-07,2007-02-24,147,Open
T039,06-07,2007-02-24,147,Open
T040,06-07,2007-02-24,147,Groomed
T042,06-07,2007-02-24,147,Open
T043,06-07,2007-02-24,147,Open
T044,06-07,2007-02-24,147,Open
T045,06-07,2007-02-24,147,Open
T046,06-07,2007-02-24,147,Open
T047,06-07,2007-02-24,147,Open
T061,06-07,2007-02-24,147,Groomed
T063,06-07,2007-02-24,147,Groomed
T064,06-07,2007-02-24,147,Groomed
T065,06-07,2007-02-24,147,Groomed
T066,06-07,2007-02-24,147,Open
T067,06-07,2007-02-24,147,Groomed
T068,06-07,2007-02-24,147,Open
T069,06-07,2007-02-24,147,Open
T070,06-07,2007-02-24,147,Open
T071,06-07,2007-02-24,147,Open
T072,06-07,2007-02-24,147,Open
T073,06-07,2007-02-24,147,Open
T074,06-07,2007-02-24,147,Open
T075,06-07,2007-02-24,147,Open
T076,06-07,2007-02-24,147,Open
T077,06-07,2007-02-24,147,Groomed
T078,06-07,2007-02-24,147,Groomed
T079,06-07,2007-02-24,147,Groomed
T080,06-07,2007-02-24,147,Open
T081,06-07,2007-02-24,147,Open
T083,06-07,2007-02-24,147,Open
T084,06-07,2007-02-24,147,Open
T085,06-07,2007-02-24,147,Open
T086,06-07,2007-02-24,147,Open
T087,06-07,2007-02-24,147,Open
T088,06-07,2007-02-24,147,Open
T089,06-07,2007-02-24,147,Open
T090,06-07,2007-02-24,147,Open
T091,06-07,2007-02-24,147,Open
T092,06-07,2007-02-24,147,Open
T127,06-07,2007-02-24,147,Open
T134,06-07,2007-02-24,147,Open
T135,06-07,2007-02-24,147,Open
T136,06-07,2007-02-24,147,Open
T137,06-07,2007-02-24,147,Open
T148,06-07,2007-02-24,147,Open
T152,06-07,2007-02-24,147,Groomed
T156,06-07,2007-02-24,147,Groomed
T157,06-07,2007-02-24,147,Open
T002,06-07,2007-02-25,148,Groomed
T003,06-07,2007-02-25,148,Groomed
T004,06-07,2007-02-25,148,Groomed
T005,06-07,2007-02-25,148,Groomed
T006,06-07,2007-02-25,148,Groomed
T007,06-07,2007-02-25,148,Groomed
T008,06-07,2007-02-25,148,Open
T009,06-07,2007-02-25,148,Groomed
T010,06-07,2007-02-25,148,Open
T011,06-07,2007-02-25,148,Groomed
T012,06-07,2007-02-25,148,Groomed
T013,06-07,2007-02-25,148,Groomed
T015,06-07,2007-02-25,148,Open
T016,06-07,2007-02-25,148,Open
T017,06-07,2007-02-25,148,Open
T018,06-07,2007-02-25,148,Open
T019,06-07,2007-02-25,148,Open
T020,06-07,2007-02-25,148,Groomed
T021,06-07,2007-02-25,148,Groomed
T022,06-07,2007-02-25,148,Groomed
T023,06-07,2007-02-25,148,Groomed
T024,06-07,2007-02-25,148,Open
T025,06-07,2007-02-25,148,Groomed
T026,06-07,2007-02-25,148,Open
T027,06-07,2007-02-25,148,Groomed
T028,06-07,2007-02-25,148,Groomed
T029,06-07,2007-02-25,148,Groomed
T030,06-07,2007-02-25,148,Groomed
T031,06-07,2007-02-25,148,Groomed
T032,06-07,2007-02-25,148,Open
T033,06-07,2007-02-25,148,Groomed
T034,06-07,2007-02-25,148,Groomed
T035,06-07,2007-02-25,148,Open
T036,06-07,2007-02-25,148,Groomed
T037,06-07,2007-02-25,148,Open
T038,06-07,2007-02-25,148,Open
T039,06-07,2007-02-25,148,Open
T040,06-07,2007-02-25,148,Groomed
T042,06-07,2007-02-25,148,Open
T043,06-07,2007-02-25,148,Groomed
T044,06-07,2007-02-25,148,Open
T045,06-07,2007-02-25,148,Open
T046,06-07,2007-02-25,148,Open
T047,06-07,2007-02-25,148,Open
T061,06-07,2007-02-25,148,Groomed
T063,06-07,2007-02-25,148,Groomed
T064,06-07,2007-02-25,148,Groomed
T065,06-07,2007-02-25,148,Open
T066,06-07,2007-02-25,148,Open
T067,06-07,2007-02-25,148,Groomed
T068,06-07,2007-02-25,148,Open
T069,06-07,2007-02-25,148,Open
T070,06-07,2007-02-25,148,Open
T071,06-07,2007-02-25,148,Open
T072,06-07,2007-02-25,148,Open
T073,06-07,2007-02-25,148,Open
T074,06-07,2007-02-25,148,Open
T075,06-07,2007-02-25,148,Open
T076,06-07,2007-02-25,148,Open
T077,06-07,2007-02-25,148,Groomed
T078,06-07,2007-02-25,148,Groomed
T079,06-07,2007-02-25,148,Groomed
T080,06-07,2007-02-25,148,Open
T081,06-07,2007-02-25,148,Open
T083,06-07,2007-02-25,148,Open
T084,06-07,2007-02-25,148,Open
T085,06-07,2007-02-25,148,Open
T086,06-07,2007-02-25,148,Open
T087,06-07,2007-02-25,148,Open
T088,06-07,2007-02-25,148,Open
T089,06-07,2007-02-25,148,Open
T090,06-07,2007-02-25,148,Open
T091,06-07,2007-02-25,148,Open
T092,06-07,2007-02-25,148,Open
T127,06-07,2007-02-25,148,Open
T134,06-07,2007-02-25,148,Open
T135,06-07,2007-02-25,148,Open
T136,06-07,2007-02-25,148,Open
T137,06-07,2007-02-25,148,Open
T148,06-07,2007-02-25,148,Open
T152,06-07,2007-02-25,148,Groomed
T156,06-07,2007-02-25,148,Open
T157,06-07,2007-02-25,148,Open
T002,06-07,2007-02-26,149,Groomed
T003,06-07,2007-02-26,149,Groomed
T004,06-07,2007-02-26,149,Groomed
T005,06-07,2007-02-26,149,Groomed
T006,06-07,2007-02-26,149,Groomed
T007,06-07,2007-02-26,149,Groomed
T008,06-07,2007-02-26,149,Open
T009,06-07,2007-02-26,149,Groomed
T010,06-07,2007-02-26,149,Open
T011,06-07,2007-02-26,149,Groomed
T012,06-07,2007-02-26,149,Groomed
T013,06-07,2007-02-26,149,Groomed
T015,06-07,2007-02-26,149,Open
T016,06-07,2007-02-26,149,Open
T017,06-07,2007-02-26,149,Open
T018,06-07,2007-02-26,149,Open
T019,06-07,2007-02-26,149,Open
T020,06-07,2007-02-26,149,Groomed
T021,06-07,2007-02-26,149,Groomed
T022,06-07,2007-02-26,149,Groomed
T023,06-07,2007-02-26,149,Groomed
T024,06-07,2007-02-26,149,Open
T025,06-07,2007-02-26,149,Groomed
T026,06-07,2007-02-26,149,Open
T027,06-07,2007-02-26,149,Groomed
T028,06-07,2007-02-26,149,Groomed
T029,06-07,2007-02-26,149,Groomed
T030,06-07,2007-02-26,149,Groomed
T031,06-07,2007-02-26,149,Groomed
T032,06-07,2007-02-26,149,Open
T033,06-07,2007-02-26,149,Groomed
T034,06-07,2007-02-26,149,Groomed
T035,06-07,2007-02-26,149,Open
T036,06-07,2007-02-26,149,Groomed
T037,06-07,2007-02-26,149,Open
T038,06-07,2007-02-26,149,Open
T039,06-07,2007-02-26,149,Open
T040,06-07,2007-02-26,149,Groomed
T042,06-07,2007-02-26,149,Open
T043,06-07,2007-02-26,149,Open
T044,06-07,2007-02-26,149,Open
T045,06-07,2007-02-26,149,Open
T046,06-07,2007-02-26,149,Open
T047,06-07,2007-02-26,149,Open
T061,06-07,2007-02-26,149,Groomed
T063,06-07,2007-02-26,149,Groomed
T064,06-07,2007-02-26,149,Groomed
T065,06-07,2007-02-26,149,Groomed
T066,06-07,2007-02-26,149,Open
T067,06-07,2007-02-26,149,Groomed
T068,06-07,2007-02-26,149,Open
T069,06-07,2007-02-26,149,Open
T070,06-07,2007-02-26,149,Open
T071,06-07,2007-02-26,149,Open
T072,06-07,2007-02-26,149,Open
T073,06-07,2007-02-26,149,Open
T074,06-07,2007-02-26,149,Open
T075,06-07,2007-02-26,149,Open
T076,06-07,2007-02-26,149,Open
T077,06-07,2007-02-26,149,Groomed
T078,06-07,2007-02-26,149,Groomed
T079,06-07,2007-02-26,149,Groomed
T080,06-07,2007-02-26,149,Open
T081,06-07,2007-02-26,149,Open
T083,06-07,2007-02-26,149,Open
T084,06-07,2007-02-26,149,Open
T085,06-07,2007-02-26,149,Open
T086,06-07,2007-02-26,149,Open
T087,06-07,2007-02-26,149,Open
T088,06-07,2007-02-26,149,Open
T089,06-07,2007-02-26,149,Open
T090,06-07,2007-02-26,149,Open
T091,06-07,2007-02-26,149,Open
T092,06-07,2007-02-26,149,Open
T127,06-07,2007-02-26,149,Closed
T134,06-07,2007-02-26,149,Open
T135,06-07,2007-02-26,149,Open
T136,06-07,2007-02-26,149,Open
T137,06-07,2007-02-26,149,Open
T148,06-07,2007-02-26,149,Open
T152,06-07,2007-02-26,149,Groomed
T156,06-07,2007-02-26,149,Open
T157,06-07,2007-02-26,149,Open
T002,06-07,2007-02-27,150,Groomed
T003,06-07,2007-02-27,150,Groomed
T004,06-07,2007-02-27,150,Groomed
T005,06-07,2007-02-27,150,Groomed
T006,06-07,2007-02-27,150,Groomed
T007,06-07,2007-02-27,150,Groomed
T008,06-07,2007-02-27,150,Open
T009,06-07,2007-02-27,150,Groomed
T010,06-07,2007-02-27,150,Open
T011,06-07,2007-02-27,150,Groomed
T012,06-07,2007-02-27,150,Groomed
T013,06-07,2007-02-27,150,Groomed
T015,06-07,2007-02-27,150,Open
T016,06-07,2007-02-27,150,Open
T017,06-07,2007-02-27,150,Groomed
T018,06-07,2007-02-27,150,Groomed
T019,06-07,2007-02-27,150,Open
T020,06-07,2007-02-27,150,Groomed
T021,06-07,2007-02-27,150,Groomed
T022,06-07,2007-02-27,150,Groomed
T023,06-07,2007-02-27,150,Groomed
T024,06-07,2007-02-27,150,Groomed
T025,06-07,2007-02-27,150,Groomed
T026,06-07,2007-02-27,150,Groomed
T027,06-07,2007-02-27,150,Groomed
T028,06-07,2007-02-27,150,Groomed
T029,06-07,2007-02-27,150,Groomed
T030,06-07,2007-02-27,150,Groomed
T031,06-07,2007-02-27,150,Groomed
T032,06-07,2007-02-27,150,Open
T033,06-07,2007-02-27,150,Groomed
T034,06-07,2007-02-27,150,Groomed
T035,06-07,2007-02-27,150,Open
T036,06-07,2007-02-27,150,Groomed
T037,06-07,2007-02-27,150,Open
T038,06-07,2007-02-27,150,Open
T039,06-07,2007-02-27,150,Open
T040,06-07,2007-02-27,150,Groomed
T042,06-07,2007-02-27,150,Open
T043,06-07,2007-02-27,150,Open
T044,06-07,2007-02-27,150,Open
T045,06-07,2007-02-27,150,Open
T046,06-07,2007-02-27,150,Open
T047,06-07,2007-02-27,150,Open
T061,06-07,2007-02-27,150,Groomed
T063,06-07,2007-02-27,150,Groomed
T064,06-07,2007-02-27,150,Groomed
T065,06-07,2007-02-27,150,Groomed
T066,06-07,2007-02-27,150,Groomed
T067,06-07,2007-02-27,150,Groomed
T068,06-07,2007-02-27,150,Open
T069,06-07,2007-02-27,150,Open
T070,06-07,2007-02-27,150,Open
T071,06-07,2007-02-27,150,Open
T072,06-07,2007-02-27,150,Open
T073,06-07,2007-02-27,150,Open
T074,06-07,2007-02-27,150,Open
T075,06-07,2007-02-27,150,Open
T076,06-07,2007-02-27,150,Open
T077,06-07,2007-02-27,150,Groomed
T078,06-07,2007-02-27,150,Groomed
T079,06-07,2007-02-27,150,Groomed
T080,06-07,2007-02-27,150,Open
T081,06-07,2007-02-27,150,Open
T083,06-07,2007-02-27,150,Open
T084,06-07,2007-02-27,150,Open
T085,06-07,2007-02-27,150,Open
T086,06-07,2007-02-27,150,Open
T087,06-07,2007-02-27,150,Open
T088,06-07,2007-02-27,150,Open
T089,06-07,2007-02-27,150,Open
T090,06-07,2007-02-27,150,Open
T091,06-07,2007-02-27,150,Open
T092,06-07,2007-02-27,150,Open
T127,06-07,2007-02-27,150,Open
T134,06-07,2007-02-27,150,Open
T135,06-07,2007-02-27,150,Open
T136,06-07,2007-02-27,150,Open
T137,06-07,2007-02-27,150,Open
T148,06-07,2007-02-27,150,Open
T152,06-07,2007-02-27,150,Groomed
T156,06-07,2007-02-27,150,Open
T157,06-07,2007-02-27,150,Open
T002,06-07,2007-02-28,151,Groomed
T003,06-07,2007-02-28,151,Groomed
T004,06-07,2007-02-28,151,Groomed
T005,06-07,2007-02-28,151,Groomed
T006,06-07,2007-02-28,151,Groomed
T007,06-07,2007-02-28,151,Groomed
T008,06-07,2007-02-28,151,Groomed
T009,06-07,2007-02-28,151,Groomed
T010,06-07,2007-02-28,151,Open
T011,06-07,2007-02-28,151,Groomed
T012,06-07,2007-02-28,151,Groomed
T013,06-07,2007-02-28,151,Groomed
T015,06-07,2007-02-28,151,Open
T016,06-07,2007-02-28,151,Open
T017,06-07,2007-02-28,151,Open
T018,06-07,2007-02-28,151,Open
T019,06-07,2007-02-28,151,Open
T020,06-07,2007-02-28,151,Groomed
T021,06-07,2007-02-28,151,Groomed
T022,06-07,2007-02-28,151,Groomed
T023,06-07,2007-02-28,151,Groomed
T024,06-07,2007-02-28,151,Groomed
T025,06-07,2007-02-28,151,Groomed
T026,06-07,2007-02-28,151,Groomed
T027,06-07,2007-02-28,151,Groomed
T028,06-07,2007-02-28,151,Groomed
T029,06-07,2007-02-28,151,Open
T030,06-07,2007-02-28,151,Groomed
T031,06-07,2007-02-28,151,Groomed
T032,06-07,2007-02-28,151,Open
T033,06-07,2007-02-28,151,Groomed
T034,06-07,2007-02-28,151,Groomed
T035,06-07,2007-02-28,151,Groomed
T036,06-07,2007-02-28,151,Groomed
T037,06-07,2007-02-28,151,Open
T038,06-07,2007-02-28,151,Open
T039,06-07,2007-02-28,151,Open
T040,06-07,2007-02-28,151,Groomed
T042,06-07,2007-02-28,151,Open
T043,06-07,2007-02-28,151,Groomed
T044,06-07,2007-02-28,151,Open
T045,06-07,2007-02-28,151,Open
T046,06-07,2007-02-28,151,Open
T047,06-07,2007-02-28,151,Open
T061,06-07,2007-02-28,151,Groomed
T063,06-07,2007-02-28,151,Groomed
T064,06-07,2007-02-28,151,Groomed
T065,06-07,2007-02-28,151,Groomed
T066,06-07,2007-02-28,151,Groomed
T067,06-07,2007-02-28,151,Groomed
T068,06-07,2007-02-28,151,Open
T069,06-07,2007-02-28,151,Open
T070,06-07,2007-02-28,151,Open
T071,06-07,2007-02-28,151,Open
T072,06-07,2007-02-28,151,Open
T073,06-07,2007-02-28,151,Open
T074,06-07,2007-02-28,151,Open
T075,06-07,2007-02-28,151,Open
T076,06-07,2007-02-28,151,Open
T077,06-07,2007-02-28,151,Groomed
T078,06-07,2007-02-28,151,Groomed
T079,06-07,2007-02-28,151,Groomed
T080,06-07,2007-02-28,151,Open
T081,06-07,2007-02-28,151,Open
T083,06-07,2007-02-28,151,Open
T084,06-07,2007-02-28,151,Open
T085,06-07,2007-02-28,151,Open
T086,06-07,2007-02-28,151,Open
T087,06-07,2007-02-28,151,Open
T088,06-07,2007-02-28,151,Open
T089,06-07,2007-02-28,151,Open
T090,06-07,2007-02-28,151,Open
T091,06-07,2007-02-28,151,Open
T092,06-07,2007-02-28,151,Open
T127,06-07,2007-02-28,151,Open
T134,06-07,2007-02-28,151,Open
T135,06-07,2007-02-28,151,Open
T136,06-07,2007-02-28,151,Open
T137,06-07,2007-02-28,151,Open
T148,06-07,2007-02-28,151,Open
T152,06-07,2007-02-28,151,Groomed
T156,06-07,2007-02-28,151,Open
T157,06-07,2007-02-28,151,Open
T002,06-07,2007-03-01,152,Groomed
T003,06-07,2007-03-01,152,Groomed
T004,06-07,2007-03-01,152,Groomed
T005,06-07,2007-03-01,152,Groomed
T006,06-07,2007-03-01,152,Open
T007,06-07,2007-03-01,152,Groomed
T008,06-07,2007-03-01,152,Groomed
T009,06-07,2007-03-01,152,Groomed
T010,06-07,2007-03-01,152,Groomed
T011,06-07,2007-03-01,152,Groomed
T012,06-07,2007-03-01,152,Groomed
T013,06-07,2007-03-01,152,Groomed
T015,06-07,2007-03-01,152,Open
T016,06-07,2007-03-01,152,Open
T017,06-07,2007-03-01,152,Groomed
T018,06-07,2007-03-01,152,Groomed
T019,06-07,2007-03-01,152,Open
T020,06-07,2007-03-01,152,Groomed
T021,06-07,2007-03-01,152,Groomed
T022,06-07,2007-03-01,152,Groomed
T023,06-07,2007-03-01,152,Groomed
T024,06-07,2007-03-01,152,Groomed
T025,06-07,2007-03-01,152,Groomed
T026,06-07,2007-03-01,152,Groomed
T027,06-07,2007-03-01,152,Groomed
T028,06-07,2007-03-01,152,Groomed
T029,06-07,2007-03-01,152,Groomed
T030,06-07,2007-03-01,152,Groomed
T031,06-07,2007-03-01,152,Groomed
T032,06-07,2007-03-01,152,Open
T033,06-07,2007-03-01,152,Groomed
T034,06-07,2007-03-01,152,Groomed
T035,06-07,2007-03-01,152,Groomed
T036,06-07,2007-03-01,152,Groomed
T037,06-07,2007-03-01,152,Open
T038,06-07,2007-03-01,152,Open
T039,06-07,2007-03-01,152,Open
T040,06-07,2007-03-01,152,Groomed
T042,06-07,2007-03-01,152,Open
T043,06-07,2007-03-01,152,Open
T044,06-07,2007-03-01,152,Open
T045,06-07,2007-03-01,152,Open
T046,06-07,2007-03-01,152,Open
T047,06-07,2007-03-01,152,Open
T061,06-07,2007-03-01,152,Groomed
T063,06-07,2007-03-01,152,Groomed
T064,06-07,2007-03-01,152,Groomed
T065,06-07,2007-03-01,152,Groomed
T066,06-07,2007-03-01,152,Open
T067,06-07,2007-03-01,152,Groomed
T068,06-07,2007-03-01,152,Open
T069,06-07,2007-03-01,152,Open
T070,06-07,2007-03-01,152,Open
T071,06-07,2007-03-01,152,Open
T072,06-07,2007-03-01,152,Open
T073,06-07,2007-03-01,152,Open
T074,06-07,2007-03-01,152,Open
T075,06-07,2007-03-01,152,Open
T076,06-07,2007-03-01,152,Open
T077,06-07,2007-03-01,152,Groomed
T078,06-07,2007-03-01,152,Groomed
T079,06-07,2007-03-01,152,Groomed
T080,06-07,2007-03-01,152,Open
T081,06-07,2007-03-01,152,Open
T083,06-07,2007-03-01,152,Open
T084,06-07,2007-03-01,152,Open
T085,06-07,2007-03-01,152,Open
T086,06-07,2007-03-01,152,Open
T087,06-07,2007-03-01,152,Open
T088,06-07,2007-03-01,152,Open
T089,06-07,2007-03-01,152,Open
T090,06-07,2007-03-01,152,Open
T091,06-07,2007-03-01,152,Open
T092,06-07,2007-03-01,152,Open
T127,06-07,2007-03-01,152,Open
T134,06-07,2007-03-01,152,Open
T135,06-07,2007-03-01,152,Open
T136,06-07,2007-03-01,152,Open
T137,06-07,2007-03-01,152,Open
T148,06-07,2007-03-01,152,Open
T152,06-07,2007-03-01,152,Groomed
T156,06-07,2007-03-01,152,Open
T157,06-07,2007-03-01,152,Open
T002,06-07,2007-03-02,153,Groomed
T003,06-07,2007-03-02,153,Groomed
T004,06-07,2007-03-02,153,Groomed
T005,06-07,2007-03-02,153,Groomed
T006,06-07,2007-03-02,153,Groomed
T007,06-07,2007-03-02,153,Groomed
T008,06-07,2007-03-02,153,Open
T009,06-07,2007-03-02,153,Groomed
T010,06-07,2007-03-02,153,Groomed
T011,06-07,2007-03-02,153,Groomed
T012,06-07,2007-03-02,153,Groomed
T013,06-07,2007-03-02,153,Groomed
T015,06-07,2007-03-02,153,Open
T016,06-07,2007-03-02,153,Open
T017,06-07,2007-03-02,153,Open
T018,06-07,2007-03-02,153,Open
T019,06-07,2007-03-02,153,Open
T020,06-07,2007-03-02,153,Groomed
T021,06-07,2007-03-02,153,Groomed
T022,06-07,2007-03-02,153,Groomed
T023,06-07,2007-03-02,153,Groomed
T024,06-07,2007-03-02,153,Open
T025,06-07,2007-03-02,153,Groomed
T026,06-07,2007-03-02,153,Open
T027,06-07,2007-03-02,153,Groomed
T028,06-07,2007-03-02,153,Groomed
T029,06-07,2007-03-02,153,Open
T030,06-07,2007-03-02,153,Groomed
T031,06-07,2007-03-02,153,Groomed
T032,06-07,2007-03-02,153,Open
T033,06-07,2007-03-02,153,Groomed
T034,06-07,2007-03-02,153,Groomed
T035,06-07,2007-03-02,153,Groomed
T036,06-07,2007-03-02,153,Groomed
T037,06-07,2007-03-02,153,Open
T038,06-07,2007-03-02,153,Open
T039,06-07,2007-03-02,153,Groomed
T040,06-07,2007-03-02,153,Groomed
T042,06-07,2007-03-02,153,Open
T043,06-07,2007-03-02,153,Groomed
T044,06-07,2007-03-02,153,Open
T045,06-07,2007-03-02,153,Open
T046,06-07,2007-03-02,153,Open
T047,06-07,2007-03-02,153,Open
T061,06-07,2007-03-02,153,Groomed
T063,06-07,2007-03-02,153,Groomed
T064,06-07,2007-03-02,153,Groomed
T065,06-07,2007-03-02,153,Groomed
T066,06-07,2007-03-02,153,Open
T067,06-07,2007-03-02,153,Groomed
T068,06-07,2007-03-02,153,Open
T069,06-07,2007-03-02,153,Open
T070,06-07,2007-03-02,153,Open
T071,06-07,2007-03-02,153,Open
T072,06-07,2007-03-02,153,Open
T073,06-07,2007-03-02,153,Open
T074,06-07,2007-03-02,153,Open
T075,06-07,2007-03-02,153,Open
T076,06-07,2007-03-02,153,Open
T077,06-07,2007-03-02,153,Groomed
T078,06-07,2007-03-02,153,Groomed
T079,06-07,2007-03-02,153,Groomed
T080,06-07,2007-03-02,153,Open
T081,06-07,2007-03-02,153,Groomed
T083,06-07,2007-03-02,153,Open
T084,06-07,2007-03-02,153,Open
T085,06-07,2007-03-02,153,Open
T086,06-07,2007-03-02,153,Open
T087,06-07,2007-03-02,153,Open
T088,06-07,2007-03-02,153,Open
T089,06-07,2007-03-02,153,Open
T090,06-07,2007-03-02,153,Open
T091,06-07,2007-03-02,153,Open
T092,06-07,2007-03-02,153,Open
T127,06-07,2007-03-02,153,Open
T134,06-07,2007-03-02,153,Open
T135,06-07,2007-03-02,153,Open
T136,06-07,2007-03-02,153,Open
T137,06-07,2007-03-02,153,Open
T148,06-07,2007-03-02,153,Open
T152,06-07,2007-03-02,153,Groomed
T156,06-07,2007-03-02,153,Open
T157,06-07,2007-03-02,153,Open
T002,06-07,2007-03-03,154,Groomed
T003,06-07,2007-03-03,154,Groomed
T004,06-07,2007-03-03,154,Groomed
T005,06-07,2007-03-03,154,Groomed
T006,06-07,2007-03-03,154,Groomed
T007,06-07,2007-03-03,154,Groomed
T008,06-07,2007-03-03,154,Groomed
T009,06-07,2007-03-03,154,Groomed
T010,06-07,2007-03-03,154,Groomed
T011,06-07,2007-03-03,154,Groomed
T012,06-07,2007-03-03,154,Groomed
T013,06-07,2007-03-03,154,Groomed
T015,06-07,2007-03-03,154,Open
T016,06-07,2007-03-03,154,Open
T017,06-07,2007-03-03,154,Open
T018,06-07,2007-03-03,154,Open
T019,06-07,2007-03-03,154,Open
T020,06-07,2007-03-03,154,Groomed
T021,06-07,2007-03-03,154,Groomed
T022,06-07,2007-03-03,154,Groomed
T023,06-07,2007-03-03,154,Groomed
T024,06-07,2007-03-03,154,Groomed
T025,06-07,2007-03-03,154,Groomed
T026,06-07,2007-03-03,154,Open
T027,06-07,2007-03-03,154,Groomed
T028,06-07,2007-03-03,154,Groomed
T029,06-07,2007-03-03,154,Open
T030,06-07,2007-03-03,154,Groomed
T031,06-07,2007-03-03,154,Groomed
T032,06-07,2007-03-03,154,Open
T033,06-07,2007-03-03,154,Groomed
T034,06-07,2007-03-03,154,Groomed
T035,06-07,2007-03-03,154,Open
T036,06-07,2007-03-03,154,Groomed
T037,06-07,2007-03-03,154,Open
T038,06-07,2007-03-03,154,Open
T039,06-07,2007-03-03,154,Open
T040,06-07,2007-03-03,154,Groomed
T042,06-07,2007-03-03,154,Open
T043,06-07,2007-03-03,154,Open
T044,06-07,2007-03-03,154,Open
T045,06-07,2007-03-03,154,Open
T046,06-07,2007-03-03,154,Open
T047,06-07,2007-03-03,154,Open
T061,06-07,2007-03-03,154,Groomed
T063,06-07,2007-03-03,154,Groomed
T064,06-07,2007-03-03,154,Groomed
T065,06-07,2007-03-03,154,Groomed
T066,06-07,2007-03-03,154,Groomed
T067,06-07,2007-03-03,154,Groomed
T068,06-07,2007-03-03,154,Open
T069,06-07,2007-03-03,154,Open
T070,06-07,2007-03-03,154,Open
T071,06-07,2007-03-03,154,Open
T072,06-07,2007-03-03,154,Open
T073,06-07,2007-03-03,154,Open
T074,06-07,2007-03-03,154,Open
T075,06-07,2007-03-03,154,Open
T076,06-07,2007-03-03,154,Open
T077,06-07,2007-03-03,154,Groomed
T078,06-07,2007-03-03,154,Groomed
T079,06-07,2007-03-03,154,Groomed
T080,06-07,2007-03-03,154,Open
T081,06-07,2007-03-03,154,Open
T083,06-07,2007-03-03,154,Groomed
T084,06-07,2007-03-03,154,Open
T085,06-07,2007-03-03,154,Open
T086,06-07,2007-03-03,154,Open
T087,06-07,2007-03-03,154,Open
T088,06-07,2007-03-03,154,Open
T089,06-07,2007-03-03,154,Open
T090,06-07,2007-03-03,154,Open
T091,06-07,2007-03-03,154,Open
T092,06-07,2007-03-03,154,Open
T127,06-07,2007-03-03,154,Open
T134,06-07,2007-03-03,154,Open
T135,06-07,2007-03-03,154,Open
T136,06-07,2007-03-03,154,Open
T137,06-07,2007-03-03,154,Open
T148,06-07,2007-03-03,154,Open
T152,06-07,2007-03-03,154,Groomed
T156,06-07,2007-03-03,154,Open
T157,06-07,2007-03-03,154,Open
T002,06-07,2007-03-04,155,Groomed
T003,06-07,2007-03-04,155,Groomed
T004,06-07,2007-03-04,155,Groomed
T005,06-07,2007-03-04,155,Groomed
T006,06-07,2007-03-04,155,Open
T007,06-07,2007-03-04,155,Groomed
T008,06-07,2007-03-04,155,Open
T009,06-07,2007-03-04,155,Groomed
T010,06-07,2007-03-04,155,Open
T011,06-07,2007-03-04,155,Groomed
T012,06-07,2007-03-04,155,Groomed
T013,06-07,2007-03-04,155,Groomed
T015,06-07,2007-03-04,155,Open
T016,06-07,2007-03-04,155,Open
T017,06-07,2007-03-04,155,Open
T018,06-07,2007-03-04,155,Open
T019,06-07,2007-03-04,155,Open
T020,06-07,2007-03-04,155,Groomed
T021,06-07,2007-03-04,155,Groomed
T022,06-07,2007-03-04,155,Groomed
T023,06-07,2007-03-04,155,Groomed
T024,06-07,2007-03-04,155,Open
T025,06-07,2007-03-04,155,Groomed
T026,06-07,2007-03-04,155,Open
T027,06-07,2007-03-04,155,Groomed
T028,06-07,2007-03-04,155,Open
T029,06-07,2007-03-04,155,Open
T030,06-07,2007-03-04,155,Open
T031,06-07,2007-03-04,155,Groomed
T032,06-07,2007-03-04,155,Open
T033,06-07,2007-03-04,155,Groomed
T034,06-07,2007-03-04,155,Groomed
T035,06-07,2007-03-04,155,Open
T036,06-07,2007-03-04,155,Groomed
T037,06-07,2007-03-04,155,Open
T038,06-07,2007-03-04,155,Open
T039,06-07,2007-03-04,155,Open
T040,06-07,2007-03-04,155,Groomed
T042,06-07,2007-03-04,155,Open
T043,06-07,2007-03-04,155,Groomed
T044,06-07,2007-03-04,155,Open
T045,06-07,2007-03-04,155,Open
T046,06-07,2007-03-04,155,Open
T047,06-07,2007-03-04,155,Open
T061,06-07,2007-03-04,155,Groomed
T063,06-07,2007-03-04,155,Groomed
T064,06-07,2007-03-04,155,Groomed
T065,06-07,2007-03-04,155,Open
T066,06-07,2007-03-04,155,Open
T067,06-07,2007-03-04,155,Groomed
T068,06-07,2007-03-04,155,Open
T069,06-07,2007-03-04,155,Open
T070,06-07,2007-03-04,155,Open
T071,06-07,2007-03-04,155,Open
T072,06-07,2007-03-04,155,Open
T073,06-07,2007-03-04,155,Open
T074,06-07,2007-03-04,155,Open
T075,06-07,2007-03-04,155,Open
T076,06-07,2007-03-04,155,Open
T077,06-07,2007-03-04,155,Groomed
T078,06-07,2007-03-04,155,Groomed
T079,06-07,2007-03-04,155,Groomed
T080,06-07,2007-03-04,155,Open
T081,06-07,2007-03-04,155,Open
T083,06-07,2007-03-04,155,Open
T084,06-07,2007-03-04,155,Open
T085,06-07,2007-03-04,155,Open
T086,06-07,2007-03-04,155,Open
T087,06-07,2007-03-04,155,Open
T088,06-07,2007-03-04,155,Open
T089,06-07,2007-03-04,155,Open
T090,06-07,2007-03-04,155,Open
T091,06-07,2007-03-04,155,Open
T092,06-07,2007-03-04,155,Open
T127,06-07,2007-03-04,155,Open
T134,06-07,2007-03-04,155,Open
T135,06-07,2007-03-04,155,Open
T136,06-07,2007-03-04,155,Open
T137,06-07,2007-03-04,155,Open
T148,06-07,2007-03-04,155,Open
T152,06-07,2007-03-04,155,Groomed
T156,06-07,2007-03-04,155,Open
T157,06-07,2007-03-04,155,Open
T002,06-07,2007-03-05,156,Groomed
T003,06-07,2007-03-05,156,Groomed
T004,06-07,2007-03-05,156,Groomed
T005,06-07,2007-03-05,156,Groomed
T006,06-07,2007-03-05,156,Groomed
T007,06-07,2007-03-05,156,Groomed
T008,06-07,2007-03-05,156,Open
T009,06-07,2007-03-05,156,Groomed
T010,06-07,2007-03-05,156,Open
T011,06-07,2007-03-05,156,Groomed
T012,06-07,2007-03-05,156,Groomed
T013,06-07,2007-03-05,156,Groomed
T015,06-07,2007-03-05,156,Open
T016,06-07,2007-03-05,156,Open
T017,06-07,2007-03-05,156,Open
T018,06-07,2007-03-05,156,Groomed
T019,06-07,2007-03-05,156,Open
T020,06-07,2007-03-05,156,Groomed
T021,06-07,2007-03-05,156,Groomed
T022,06-07,2007-03-05,156,Groomed
T023,06-07,2007-03-05,156,Groomed
T024,06-07,2007-03-05,156,Groomed
T025,06-07,2007-03-05,156,Groomed
T026,06-07,2007-03-05,156,Open
T027,06-07,2007-03-05,156,Groomed
T028,06-07,2007-03-05,156,Open
T029,06-07,2007-03-05,156,Open
T030,06-07,2007-03-05,156,Open
T031,06-07,2007-03-05,156,Groomed
T032,06-07,2007-03-05,156,Open
T033,06-07,2007-03-05,156,Groomed
T034,06-07,2007-03-05,156,Groomed
T035,06-07,2007-03-05,156,Open
T036,06-07,2007-03-05,156,Groomed
T037,06-07,2007-03-05,156,Open
T038,06-07,2007-03-05,156,Open
T039,06-07,2007-03-05,156,Open
T040,06-07,2007-03-05,156,Groomed
T042,06-07,2007-03-05,156,Open
T043,06-07,2007-03-05,156,Groomed
T044,06-07,2007-03-05,156,Open
T045,06-07,2007-03-05,156,Open
T046,06-07,2007-03-05,156,Open
T047,06-07,2007-03-05,156,Open
T061,06-07,2007-03-05,156,Groomed
T063,06-07,2007-03-05,156,Groomed
T064,06-07,2007-03-05,156,Groomed
T065,06-07,2007-03-05,156,Open
T066,06-07,2007-03-05,156,Groomed
T067,06-07,2007-03-05,156,Groomed
T068,06-07,2007-03-05,156,Open
T069,06-07,2007-03-05,156,Open
T070,06-07,2007-03-05,156,Open
T071,06-07,2007-03-05,156,Open
T072,06-07,2007-03-05,156,Open
T073,06-07,2007-03-05,156,Open
T074,06-07,2007-03-05,156,Open
T075,06-07,2007-03-05,156,Open
T076,06-07,2007-03-05,156,Open
T077,06-07,2007-03-05,156,Groomed
T078,06-07,2007-03-05,156,Groomed
T079,06-07,2007-03-05,156,Groomed
T080,06-07,2007-03-05,156,Open
T081,06-07,2007-03-05,156,Open
T083,06-07,2007-03-05,156,Open
T084,06-07,2007-03-05,156,Open
T085,06-07,2007-03-05,156,Open
T086,06-07,2007-03-05,156,Open
T087,06-07,2007-03-05,156,Open
T088,06-07,2007-03-05,156,Open
T089,06-07,2007-03-05,156,Open
T090,06-07,2007-03-05,156,Open
T091,06-07,2007-03-05,156,Open
T092,06-07,2007-03-05,156,Open
T127,06-07,2007-03-05,156,Open
T134,06-07,2007-03-05,156,Open
T135,06-07,2007-03-05,156,Open
T136,06-07,2007-03-05,156,Open
T137,06-07,2007-03-05,156,Open
T148,06-07,2007-03-05,156,Open
T152,06-07,2007-03-05,156,Groomed
T156,06-07,2007-03-05,156,Open
T157,06-07,2007-03-05,156,Open
T002,06-07,2007-03-06,157,Groomed
T003,06-07,2007-03-06,157,Open
T004,06-07,2007-03-06,157,Groomed
T005,06-07,2007-03-06,157,Groomed
T006,06-07,2007-03-06,157,Groomed
T007,06-07,2007-03-06,157,Groomed
T008,06-07,2007-03-06,157,Open
T009,06-07,2007-03-06,157,Groomed
T010,06-07,2007-03-06,157,Open
T011,06-07,2007-03-06,157,Groomed
T012,06-07,2007-03-06,157,Groomed
T013,06-07,2007-03-06,157,Groomed
T015,06-07,2007-03-06,157,Open
T016,06-07,2007-03-06,157,Open
T017,06-07,2007-03-06,157,Open
T018,06-07,2007-03-06,157,Groomed
T019,06-07,2007-03-06,157,Open
T020,06-07,2007-03-06,157,Groomed
T021,06-07,2007-03-06,157,Groomed
T022,06-07,2007-03-06,157,Groomed
T023,06-07,2007-03-06,157,Groomed
T024,06-07,2007-03-06,157,Groomed
T025,06-07,2007-03-06,157,Open
T026,06-07,2007-03-06,157,Open
T027,06-07,2007-03-06,157,Groomed
T028,06-07,2007-03-06,157,Groomed
T029,06-07,2007-03-06,157,Open
T030,06-07,2007-03-06,157,Groomed
T031,06-07,2007-03-06,157,Groomed
T032,06-07,2007-03-06,157,Closed
T033,06-07,2007-03-06,157,Open
T034,06-07,2007-03-06,157,Groomed
T035,06-07,2007-03-06,157,Open
T036,06-07,2007-03-06,157,Groomed
T037,06-07,2007-03-06,157,Open
T038,06-07,2007-03-06,157,Open
T039,06-07,2007-03-06,157,Open
T040,06-07,2007-03-06,157,Groomed
T042,06-07,2007-03-06,157,Open
T043,06-07,2007-03-06,157,Groomed
T044,06-07,2007-03-06,157,Open
T045,06-07,2007-03-06,157,Open
T046,06-07,2007-03-06,157,Open
T047,06-07,2007-03-06,157,Open
T061,06-07,2007-03-06,157,Groomed
T063,06-07,2007-03-06,157,Groomed
T064,06-07,2007-03-06,157,Groomed
T065,06-07,2007-03-06,157,Groomed
T066,06-07,2007-03-06,157,Groomed
T067,06-07,2007-03-06,157,Groomed
T068,06-07,2007-03-06,157,Open
T069,06-07,2007-03-06,157,Open
T070,06-07,2007-03-06,157,Open
T071,06-07,2007-03-06,157,Open
T072,06-07,2007-03-06,157,Open
T073,06-07,2007-03-06,157,Open
T074,06-07,2007-03-06,157,Open
T075,06-07,2007-03-06,157,Open
T076,06-07,2007-03-06,157,Open
T077,06-07,2007-03-06,157,Groomed
T078,06-07,2007-03-06,157,Open
T079,06-07,2007-03-06,157,Open
T080,06-07,2007-03-06,157,Open
T081,06-07,2007-03-06,157,Open
T083,06-07,2007-03-06,157,Open
T084,06-07,2007-03-06,157,Open
T085,06-07,2007-03-06,157,Open
T086,06-07,2007-03-06,157,Open
T087,06-07,2007-03-06,157,Open
T088,06-07,2007-03-06,157,Open
T089,06-07,2007-03-06,157,Open
T090,06-07,2007-03-06,157,Open
T091,06-07,2007-03-06,157,Open
T092,06-07,2007-03-06,157,Open
T127,06-07,2007-03-06,157,Open
T134,06-07,2007-03-06,157,Open
T135,06-07,2007-03-06,157,Open
T136,06-07,2007-03-06,157,Open
T137,06-07,2007-03-06,157,Open
T148,06-07,2007-03-06,157,Open
T152,06-07,2007-03-06,157,Groomed
T156,06-07,2007-03-06,157,Closed
T157,06-07,2007-03-06,157,Open
T002,06-07,2007-03-07,158,Groomed
T003,06-07,2007-03-07,158,Groomed
T004,06-07,2007-03-07,158,Groomed
T005,06-07,2007-03-07,158,Groomed
T006,06-07,2007-03-07,158,Groomed
T007,06-07,2007-03-07,158,Groomed
T008,06-07,2007-03-07,158,Open
T009,06-07,2007-03-07,158,Groomed
T010,06-07,2007-03-07,158,Open
T011,06-07,2007-03-07,158,Groomed
T012,06-07,2007-03-07,158,Groomed
T013,06-07,2007-03-07,158,Groomed
T015,06-07,2007-03-07,158,Open
T016,06-07,2007-03-07,158,Open
T017,06-07,2007-03-07,158,Open
T018,06-07,2007-03-07,158,Groomed
T019,06-07,2007-03-07,158,Open
T020,06-07,2007-03-07,158,Groomed
T021,06-07,2007-03-07,158,Groomed
T022,06-07,2007-03-07,158,Groomed
T023,06-07,2007-03-07,158,Groomed
T024,06-07,2007-03-07,158,Groomed
T025,06-07,2007-03-07,158,Groomed
T026,06-07,2007-03-07,158,Open
T027,06-07,2007-03-07,158,Groomed
T028,06-07,2007-03-07,158,Groomed
T029,06-07,2007-03-07,158,Open
T030,06-07,2007-03-07,158,Groomed
T031,06-07,2007-03-07,158,Groomed
T032,06-07,2007-03-07,158,Closed
T033,06-07,2007-03-07,158,Groomed
T034,06-07,2007-03-07,158,Groomed
T035,06-07,2007-03-07,158,Open
T036,06-07,2007-03-07,158,Groomed
T037,06-07,2007-03-07,158,Open
T038,06-07,2007-03-07,158,Open
T039,06-07,2007-03-07,158,Open
T040,06-07,2007-03-07,158,Groomed
T042,06-07,2007-03-07,158,Open
T043,06-07,2007-03-07,158,Groomed
T044,06-07,2007-03-07,158,Open
T045,06-07,2007-03-07,158,Open
T046,06-07,2007-03-07,158,Open
T047,06-07,2007-03-07,158,Open
T061,06-07,2007-03-07,158,Groomed
T063,06-07,2007-03-07,158,Groomed
T064,06-07,2007-03-07,158,Open
T065,06-07,2007-03-07,158,Open
T066,06-07,2007-03-07,158,Open
T067,06-07,2007-03-07,158,Groomed
T068,06-07,2007-03-07,158,Open
T069,06-07,2007-03-07,158,Open
T070,06-07,2007-03-07,158,Open
T071,06-07,2007-03-07,158,Open
T072,06-07,2007-03-07,158,Open
T073,06-07,2007-03-07,158,Open
T074,06-07,2007-03-07,158,Open
T075,06-07,2007-03-07,158,Open
T076,06-07,2007-03-07,158,Open
T077,06-07,2007-03-07,158,Groomed
T078,06-07,2007-03-07,158,Open
T079,06-07,2007-03-07,158,Groomed
T080,06-07,2007-03-07,158,Open
T081,06-07,2007-03-07,158,Open
T083,06-07,2007-03-07,158,Open
T084,06-07,2007-03-07,158,Open
T085,06-07,2007-03-07,158,Open
T086,06-07,2007-03-07,158,Open
T087,06-07,2007-03-07,158,Open
T088,06-07,2007-03-07,158,Open
T089,06-07,2007-03-07,158,Open
T090,06-07,2007-03-07,158,Open
T091,06-07,2007-03-07,158,Open
T092,06-07,2007-03-07,158,Open
T127,06-07,2007-03-07,158,Open
T134,06-07,2007-03-07,158,Open
T135,06-07,2007-03-07,158,Open
T136,06-07,2007-03-07,158,Open
T137,06-07,2007-03-07,158,Open
T148,06-07,2007-03-07,158,Open
T152,06-07,2007-03-07,158,Groomed
T156,06-07,2007-03-07,158,Closed
T157,06-07,2007-03-07,158,Open
T002,06-07,2007-03-08,159,Groomed
T003,06-07,2007-03-08,159,Groomed
T004,06-07,2007-03-08,159,Groomed
T005,06-07,2007-03-08,159,Groomed
T006,06-07,2007-03-08,159,Open
T007,06-07,2007-03-08,159,Groomed
T008,06-07,2007-03-08,159,Groomed
T009,06-07,2007-03-08,159,Groomed
T010,06-07,2007-03-08,159,Groomed
T011,06-07,2007-03-08,159,Groomed
T012,06-07,2007-03-08,159,Groomed
T013,06-07,2007-03-08,159,Groomed
T015,06-07,2007-03-08,159,Open
T016,06-07,2007-03-08,159,Open
T017,06-07,2007-03-08,159,Open
T018,06-07,2007-03-08,159,Open
T019,06-07,2007-03-08,159,Open
T020,06-07,2007-03-08,159,Groomed
T021,06-07,2007-03-08,159,Groomed
T022,06-07,2007-03-08,159,Groomed
T023,06-07,2007-03-08,159,Groomed
T024,06-07,2007-03-08,159,Open
T025,06-07,2007-03-08,159,Groomed
T026,06-07,2007-03-08,159,Open
T027,06-07,2007-03-08,159,Groomed
T028,06-07,2007-03-08,159,Open
T029,06-07,2007-03-08,159,Open
T030,06-07,2007-03-08,159,Open
T031,06-07,2007-03-08,159,Groomed
T032,06-07,2007-03-08,159,Closed
T033,06-07,2007-03-08,159,Groomed
T034,06-07,2007-03-08,159,Groomed
T035,06-07,2007-03-08,159,Open
T036,06-07,2007-03-08,159,Groomed
T037,06-07,2007-03-08,159,Open
T038,06-07,2007-03-08,159,Open
T039,06-07,2007-03-08,159,Open
T040,06-07,2007-03-08,159,Groomed
T042,06-07,2007-03-08,159,Open
T043,06-07,2007-03-08,159,Open
T044,06-07,2007-03-08,159,Open
T045,06-07,2007-03-08,159,Open
T046,06-07,2007-03-08,159,Open
T047,06-07,2007-03-08,159,Open
T061,06-07,2007-03-08,159,Groomed
T063,06-07,2007-03-08,159,Groomed
T064,06-07,2007-03-08,159,Groomed
T065,06-07,2007-03-08,159,Groomed
T066,06-07,2007-03-08,159,Groomed
T067,06-07,2007-03-08,159,Groomed
T068,06-07,2007-03-08,159,Open
T069,06-07,2007-03-08,159,Open
T070,06-07,2007-03-08,159,Open
T071,06-07,2007-03-08,159,Open
T072,06-07,2007-03-08,159,Open
T073,06-07,2007-03-08,159,Open
T074,06-07,2007-03-08,159,Open
T075,06-07,2007-03-08,159,Open
T076,06-07,2007-03-08,159,Open
T077,06-07,2007-03-08,159,Groomed
T078,06-07,2007-03-08,159,Groomed
T079,06-07,2007-03-08,159,Open
T080,06-07,2007-03-08,159,Open
T081,06-07,2007-03-08,159,Open
T083,06-07,2007-03-08,159,Open
T084,06-07,2007-03-08,159,Open
T085,06-07,2007-03-08,159,Open
T086,06-07,2007-03-08,159,Open
T087,06-07,2007-03-08,159,Open
T088,06-07,2007-03-08,159,Open
T089,06-07,2007-03-08,159,Open
T090,06-07,2007-03-08,159,Open
T091,06-07,2007-03-08,159,Open
T092,06-07,2007-03-08,159,Open
T127,06-07,2007-03-08,159,Open
T134,06-07,2007-03-08,159,Open
T135,06-07,2007-03-08,159,Open
T136,06-07,2007-03-08,159,Open
T137,06-07,2007-03-08,159,Open
T148,06-07,2007-03-08,159,Open
T152,06-07,2007-03-08,159,Groomed
T156,06-07,2007-03-08,159,Closed
T157,06-07,2007-03-08,159,Open
T002,06-07,2007-03-09,160,Groomed
T003,06-07,2007-03-09,160,Groomed
T004,06-07,2007-03-09,160,Groomed
T005,06-07,2007-03-09,160,Groomed
T006,06-07,2007-03-09,160,Groomed
T007,06-07,2007-03-09,160,Groomed
T008,06-07,2007-03-09,160,Groomed
T009,06-07,2007-03-09,160,Groomed
T010,06-07,2007-03-09,160,Groomed
T011,06-07,2007-03-09,160,Groomed
T012,06-07,2007-03-09,160,Groomed
T013,06-07,2007-03-09,160,Groomed
T015,06-07,2007-03-09,160,Open
T016,06-07,2007-03-09,160,Open
T017,06-07,2007-03-09,160,Open
T018,06-07,2007-03-09,160,Open
T019,06-07,2007-03-09,160,Open
T020,06-07,2007-03-09,160,Groomed
T021,06-07,2007-03-09,160,Groomed
T022,06-07,2007-03-09,160,Groomed
T023,06-07,2007-03-09,160,Groomed
T024,06-07,2007-03-09,160,Open
T025,06-07,2007-03-09,160,Groomed
T026,06-07,2007-03-09,160,Open
T027,06-07,2007-03-09,160,Groomed
T028,06-07,2007-03-09,160,Groomed
T029,06-07,2007-03-09,160,Open
T030,06-07,2007-03-09,160,Groomed
T031,06-07,2007-03-09,160,Groomed
T032,06-07,2007-03-09,160,Closed
T033,06-07,2007-03-09,160,Groomed
T034,06-07,2007-03-09,160,Groomed
T035,06-07,2007-03-09,160,Groomed
T036,06-07,2007-03-09,160,Groomed
T037,06-07,2007-03-09,160,Open
T038,06-07,2007-03-09,160,Groomed
T039,06-07,2007-03-09,160,Open
T040,06-07,2007-03-09,160,Groomed
T042,06-07,2007-03-09,160,Open
T043,06-07,2007-03-09,160,Groomed
T044,06-07,2007-03-09,160,Open
T045,06-07,2007-03-09,160,Open
T046,06-07,2007-03-09,160,Open
T047,06-07,2007-03-09,160,Open
T061,06-07,2007-03-09,160,Groomed
T063,06-07,2007-03-09,160,Groomed
T064,06-07,2007-03-09,160,Groomed
T065,06-07,2007-03-09,160,Groomed
T066,06-07,2007-03-09,160,Groomed
T067,06-07,2007-03-09,160,Groomed
T068,06-07,2007-03-09,160,Open
T069,06-07,2007-03-09,160,Open
T070,06-07,2007-03-09,160,Open
T071,06-07,2007-03-09,160,Open
T072,06-07,2007-03-09,160,Open
T073,06-07,2007-03-09,160,Open
T074,06-07,2007-03-09,160,Open
T075,06-07,2007-03-09,160,Open
T076,06-07,2007-03-09,160,Open
T077,06-07,2007-03-09,160,Groomed
T078,06-07,2007-03-09,160,Groomed
T079,06-07,2007-03-09,160,Groomed
T080,06-07,2007-03-09,160,Open
T081,06-07,2007-03-09,160,Open
T083,06-07,2007-03-09,160,Groomed
T084,06-07,2007-03-09,160,Open
T085,06-07,2007-03-09,160,Open
T086,06-07,2007-03-09,160,Open
T087,06-07,2007-03-09,160,Open
T088,06-07,2007-03-09,160,Open
T089,06-07,2007-03-09,160,Open
T090,06-07,2007-03-09,160,Open
T091,06-07,2007-03-09,160,Open
T092,06-07,2007-03-09,160,Open
T127,06-07,2007-03-09,160,Open
T134,06-07,2007-03-09,160,Open
T135,06-07,2007-03-09,160,Open
T136,06-07,2007-03-09,160,Open
T137,06-07,2007-03-09,160,Open
T148,06-07,2007-03-09,160,Open
T152,06-07,2007-03-09,160,Groomed
T156,06-07,2007-03-09,160,Closed
T157,06-07,2007-03-09,160,Open
T002,06-07,2007-03-10,161,Groomed
T003,06-07,2007-03-10,161,Groomed
T004,06-07,2007-03-10,161,Groomed
T005,06-07,2007-03-10,161,Groomed
T006,06-07,2007-03-10,161,Groomed
T007,06-07,2007-03-10,161,Groomed
T008,06-07,2007-03-10,161,Groomed
T009,06-07,2007-03-10,161,Groomed
T010,06-07,2007-03-10,161,Groomed
T011,06-07,2007-03-10,161,Groomed
T012,06-07,2007-03-10,161,Groomed
T013,06-07,2007-03-10,161,Groomed
T015,06-07,2007-03-10,161,Open
T016,06-07,2007-03-10,161,Open
T017,06-07,2007-03-10,161,Open
T018,06-07,2007-03-10,161,Open
T019,06-07,2007-03-10,161,Open
T020,06-07,2007-03-10,161,Groomed
T021,06-07,2007-03-10,161,Groomed
T022,06-07,2007-03-10,161,Groomed
T023,06-07,2007-03-10,161,Groomed
T024,06-07,2007-03-10,161,Groomed
T025,06-07,2007-03-10,161,Groomed
T026,06-07,2007-03-10,161,Open
T027,06-07,2007-03-10,161,Groomed
T028,06-07,2007-03-10,161,Groomed
T029,06-07,2007-03-10,161,Open
T030,06-07,2007-03-10,161,Groomed
T031,06-07,2007-03-10,161,Groomed
T032,06-07,2007-03-10,161,Closed
T033,06-07,2007-03-10,161,Groomed
T034,06-07,2007-03-10,161,Groomed
T035,06-07,2007-03-10,161,Groomed
T036,06-07,2007-03-10,161,Groomed
T037,06-07,2007-03-10,161,Open
T038,06-07,2007-03-10,161,Open
T039,06-07,2007-03-10,161,Open
T040,06-07,2007-03-10,161,Groomed
T042,06-07,2007-03-10,161,Groomed
T043,06-07,2007-03-10,161,Groomed
T044,06-07,2007-03-10,161,Open
T045,06-07,2007-03-10,161,Open
T046,06-07,2007-03-10,161,Open
T047,06-07,2007-03-10,161,Open
T061,06-07,2007-03-10,161,Groomed
T063,06-07,2007-03-10,161,Groomed
T064,06-07,2007-03-10,161,Groomed
T065,06-07,2007-03-10,161,Groomed
T066,06-07,2007-03-10,161,Groomed
T067,06-07,2007-03-10,161,Groomed
T068,06-07,2007-03-10,161,Open
T069,06-07,2007-03-10,161,Open
T070,06-07,2007-03-10,161,Open
T071,06-07,2007-03-10,161,Open
T072,06-07,2007-03-10,161,Open
T073,06-07,2007-03-10,161,Open
T074,06-07,2007-03-10,161,Open
T075,06-07,2007-03-10,161,Open
T076,06-07,2007-03-10,161,Open
T077,06-07,2007-03-10,161,Groomed
T078,06-07,2007-03-10,161,Groomed
T079,06-07,2007-03-10,161,Groomed
T080,06-07,2007-03-10,161,Open
T081,06-07,2007-03-10,161,Open
T083,06-07,2007-03-10,161,Groomed
T084,06-07,2007-03-10,161,Open
T085,06-07,2007-03-10,161,Open
T086,06-07,2007-03-10,161,Open
T087,06-07,2007-03-10,161,Open
T088,06-07,2007-03-10,161,Open
T089,06-07,2007-03-10,161,Open
T090,06-07,2007-03-10,161,Open
T091,06-07,2007-03-10,161,Open
T092,06-07,2007-03-10,161,Open
T127,06-07,2007-03-10,161,Open
T134,06-07,2007-03-10,161,Open
T135,06-07,2007-03-10,161,Open
T136,06-07,2007-03-10,161,Open
T137,06-07,2007-03-10,161,Open
T148,06-07,2007-03-10,161,Open
T152,06-07,2007-03-10,161,Groomed
T156,06-07,2007-03-10,161,Closed
T157,06-07,2007-03-10,161,Open
T002,06-07,2007-03-11,162,Groomed
T003,06-07,2007-03-11,162,Groomed
T004,06-07,2007-03-11,162,Groomed
T005,06-07,2007-03-11,162,Groomed
T006,06-07,2007-03-11,162,Groomed
T007,06-07,2007-03-11,162,Groomed
T008,06-07,2007-03-11,162,Groomed
T009,06-07,2007-03-11,162,Groomed
T010,06-07,2007-03-11,162,Open
T011,06-07,2007-03-11,162,Groomed
T012,06-07,2007-03-11,162,Groomed
T013,06-07,2007-03-11,162,Groomed
T015,06-07,2007-03-11,162,Open
T016,06-07,2007-03-11,162,Open
T017,06-07,2007-03-11,162,Open
T018,06-07,2007-03-11,162,Groomed
T019,06-07,2007-03-11,162,Open
T020,06-07,2007-03-11,162,Groomed
T021,06-07,2007-03-11,162,Groomed
T022,06-07,2007-03-11,162,Groomed
T023,06-07,2007-03-11,162,Groomed
T024,06-07,2007-03-11,162,Open
T025,06-07,2007-03-11,162,Groomed
T026,06-07,2007-03-11,162,Open
T027,06-07,2007-03-11,162,Groomed
T028,06-07,2007-03-11,162,Groomed
T029,06-07,2007-03-11,162,Open
T030,06-07,2007-03-11,162,Groomed
T031,06-07,2007-03-11,162,Groomed
T032,06-07,2007-03-11,162,Closed
T033,06-07,2007-03-11,162,Groomed
T034,06-07,2007-03-11,162,Groomed
T035,06-07,2007-03-11,162,Open
T036,06-07,2007-03-11,162,Groomed
T037,06-07,2007-03-11,162,Open
T038,06-07,2007-03-11,162,Open
T039,06-07,2007-03-11,162,Open
T040,06-07,2007-03-11,162,Groomed
T042,06-07,2007-03-11,162,Groomed
T043,06-07,2007-03-11,162,Groomed
T044,06-07,2007-03-11,162,Open
T045,06-07,2007-03-11,162,Open
T046,06-07,2007-03-11,162,Open
T047,06-07,2007-03-11,162,Open
T061,06-07,2007-03-11,162,Groomed
T063,06-07,2007-03-11,162,Groomed
T064,06-07,2007-03-11,162,Groomed
T065,06-07,2007-03-11,162,Groomed
T066,06-07,2007-03-11,162,Groomed
T067,06-07,2007-03-11,162,Groomed
T068,06-07,2007-03-11,162,Open
T069,06-07,2007-03-11,162,Open
T070,06-07,2007-03-11,162,Open
T071,06-07,2007-03-11,162,Open
T072,06-07,2007-03-11,162,Open
T073,06-07,2007-03-11,162,Open
T074,06-07,2007-03-11,162,Open
T075,06-07,2007-03-11,162,Open
T076,06-07,2007-03-11,162,Open
T077,06-07,2007-03-11,162,Groomed
T078,06-07,2007-03-11,162,Groomed
T079,06-07,2007-03-11,162,Groomed
T080,06-07,2007-03-11,162,Open
T081,06-07,2007-03-11,162,Open
T083,06-07,2007-03-11,162,Groomed
T084,06-07,2007-03-11,162,Open
T085,06-07,2007-03-11,162,Open
T086,06-07,2007-03-11,162,Open
T087,06-07,2007-03-11,162,Open
T088,06-07,2007-03-11,162,Open
T089,06-07,2007-03-11,162,Open
T090,06-07,2007-03-11,162,Open
T091,06-07,2007-03-11,162,Open
T092,06-07,2007-03-11,162,Open
T127,06-07,2007-03-11,162,Open
T134,06-07,2007-03-11,162,Open
T135,06-07,2007-03-11,162,Open
T136,06-07,2007-03-11,162,Open
T137,06-07,2007-03-11,162,Open
T148,06-07,2007-03-11,162,Open
T152,06-07,2007-03-11,162,Groomed
T156,06-07,2007-03-11,162,Closed
T157,06-07,2007-03-11,162,Open
T002,06-07,2007-03-12,163,Groomed
T003,06-07,2007-03-12,163,Groomed
T004,06-07,2007-03-12,163,Groomed
T005,06-07,2007-03-12,163,Groomed
T006,06-07,2007-03-12,163,Open
T007,06-07,2007-03-12,163,Groomed
T008,06-07,2007-03-12,163,Groomed
T009,06-07,2007-03-12,163,Groomed
T010,06-07,2007-03-12,163,Open
T011,06-07,2007-03-12,163,Groomed
T012,06-07,2007-03-12,163,Groomed
T013,06-07,2007-03-12,163,Groomed
T015,06-07,2007-03-12,163,Open
T016,06-07,2007-03-12,163,Open
T017,06-07,2007-03-12,163,Open
T018,06-07,2007-03-12,163,Groomed
T019,06-07,2007-03-12,163,Open
T020,06-07,2007-03-12,163,Groomed
T021,06-07,2007-03-12,163,Groomed
T022,06-07,2007-03-12,163,Groomed
T023,06-07,2007-03-12,163,Groomed
T024,06-07,2007-03-12,163,Open
T025,06-07,2007-03-12,163,Groomed
T026,06-07,2007-03-12,163,Open
T027,06-07,2007-03-12,163,Groomed
T028,06-07,2007-03-12,163,Groomed
T029,06-07,2007-03-12,163,Open
T030,06-07,2007-03-12,163,Groomed
T031,06-07,2007-03-12,163,Groomed
T032,06-07,2007-03-12,163,Closed
T033,06-07,2007-03-12,163,Groomed
T034,06-07,2007-03-12,163,Groomed
T035,06-07,2007-03-12,163,Open
T036,06-07,2007-03-12,163,Groomed
T037,06-07,2007-03-12,163,Open
T038,06-07,2007-03-12,163,Open
T039,06-07,2007-03-12,163,Open
T040,06-07,2007-03-12,163,Groomed
T042,06-07,2007-03-12,163,Groomed
T043,06-07,2007-03-12,163,Groomed
T044,06-07,2007-03-12,163,Open
T045,06-07,2007-03-12,163,Open
T046,06-07,2007-03-12,163,Open
T047,06-07,2007-03-12,163,Open
T061,06-07,2007-03-12,163,Groomed
T063,06-07,2007-03-12,163,Groomed
T064,06-07,2007-03-12,163,Groomed
T065,06-07,2007-03-12,163,Groomed
T066,06-07,2007-03-12,163,Open
T067,06-07,2007-03-12,163,Groomed
T068,06-07,2007-03-12,163,Open
T069,06-07,2007-03-12,163,Open
T070,06-07,2007-03-12,163,Open
T071,06-07,2007-03-12,163,Open
T072,06-07,2007-03-12,163,Open
T073,06-07,2007-03-12,163,Open
T074,06-07,2007-03-12,163,Open
T075,06-07,2007-03-12,163,Open
T076,06-07,2007-03-12,163,Open
T077,06-07,2007-03-12,163,Groomed
T078,06-07,2007-03-12,163,Groomed
T079,06-07,2007-03-12,163,Groomed
T080,06-07,2007-03-12,163,Open
T081,06-07,2007-03-12,163,Open
T083,06-07,2007-03-12,163,Groomed
T084,06-07,2007-03-12,163,Open
T085,06-07,2007-03-12,163,Open
T086,06-07,2007-03-12,163,Open
T087,06-07,2007-03-12,163,Open
T088,06-07,2007-03-12,163,Open
T089,06-07,2007-03-12,163,Open
T090,06-07,2007-03-12,163,Open
T091,06-07,2007-03-12,163,Open
T092,06-07,2007-03-12,163,Open
T127,06-07,2007-03-12,163,Open
T134,06-07,2007-03-12,163,Open
T135,06-07,2007-03-12,163,Open
T136,06-07,2007-03-12,163,Open
T137,06-07,2007-03-12,163,Open
T148,06-07,2007-03-12,163,Closed
T152,06-07,2007-03-12,163,Groomed
T156,06-07,2007-03-12,163,Closed
T157,06-07,2007-03-12,163,Open
T002,06-07,2007-03-13,164,Groomed
T003,06-07,2007-03-13,164,Groomed
T004,06-07,2007-03-13,164,Groomed
T005,06-07,2007-03-13,164,Groomed
T006,06-07,2007-03-13,164,Groomed
T007,06-07,2007-03-13,164,Groomed
T008,06-07,2007-03-13,164,Groomed
T009,06-07,2007-03-13,164,Groomed
T010,06-07,2007-03-13,164,Open
T011,06-07,2007-03-13,164,Groomed
T012,06-07,2007-03-13,164,Groomed
T013,06-07,2007-03-13,164,Groomed
T015,06-07,2007-03-13,164,Open
T016,06-07,2007-03-13,164,Open
T017,06-07,2007-03-13,164,Open
T018,06-07,2007-03-13,164,Open
T019,06-07,2007-03-13,164,Closed
T020,06-07,2007-03-13,164,Groomed
T021,06-07,2007-03-13,164,Groomed
T022,06-07,2007-03-13,164,Groomed
T023,06-07,2007-03-13,164,Groomed
T024,06-07,2007-03-13,164,Open
T025,06-07,2007-03-13,164,Groomed
T026,06-07,2007-03-13,164,Open
T027,06-07,2007-03-13,164,Groomed
T028,06-07,2007-03-13,164,Groomed
T029,06-07,2007-03-13,164,Open
T030,06-07,2007-03-13,164,Groomed
T031,06-07,2007-03-13,164,Groomed
T032,06-07,2007-03-13,164,Closed
T033,06-07,2007-03-13,164,Groomed
T034,06-07,2007-03-13,164,Groomed
T035,06-07,2007-03-13,164,Open
T036,06-07,2007-03-13,164,Groomed
T037,06-07,2007-03-13,164,Open
T038,06-07,2007-03-13,164,Open
T039,06-07,2007-03-13,164,Open
T040,06-07,2007-03-13,164,Groomed
T042,06-07,2007-03-13,164,Groomed
T043,06-07,2007-03-13,164,Groomed
T044,06-07,2007-03-13,164,Open
T045,06-07,2007-03-13,164,Open
T046,06-07,2007-03-13,164,Open
T047,06-07,2007-03-13,164,Closed
T061,06-07,2007-03-13,164,Groomed
T063,06-07,2007-03-13,164,Groomed
T064,06-07,2007-03-13,164,Groomed
T065,06-07,2007-03-13,164,Groomed
T066,06-07,2007-03-13,164,Groomed
T067,06-07,2007-03-13,164,Groomed
T068,06-07,2007-03-13,164,Open
T069,06-07,2007-03-13,164,Open
T070,06-07,2007-03-13,164,Open
T071,06-07,2007-03-13,164,Open
T072,06-07,2007-03-13,164,Open
T073,06-07,2007-03-13,164,Open
T074,06-07,2007-03-13,164,Open
T075,06-07,2007-03-13,164,Open
T076,06-07,2007-03-13,164,Open
T077,06-07,2007-03-13,164,Groomed
T078,06-07,2007-03-13,164,Groomed
T079,06-07,2007-03-13,164,Groomed
T080,06-07,2007-03-13,164,Open
T081,06-07,2007-03-13,164,Open
T083,06-07,2007-03-13,164,Groomed
T084,06-07,2007-03-13,164,Open
T085,06-07,2007-03-13,164,Open
T086,06-07,2007-03-13,164,Open
T087,06-07,2007-03-13,164,Open
T088,06-07,2007-03-13,164,Open
T089,06-07,2007-03-13,164,Open
T090,06-07,2007-03-13,164,Open
T091,06-07,2007-03-13,164,Open
T092,06-07,2007-03-13,164,Open
T127,06-07,2007-03-13,164,Open
T134,06-07,2007-03-13,164,Open
T135,06-07,2007-03-13,164,Open
T136,06-07,2007-03-13,164,Open
T137,06-07,2007-03-13,164,Open
T148,06-07,2007-03-13,164,Open
T152,06-07,2007-03-13,164,Groomed
T156,06-07,2007-03-13,164,Closed
T157,06-07,2007-03-13,164,Open
T002,06-07,2007-03-14,165,Groomed
T003,06-07,2007-03-14,165,Groomed
T004,06-07,2007-03-14,165,Groomed
T005,06-07,2007-03-14,165,Groomed
T006,06-07,2007-03-14,165,Groomed
T007,06-07,2007-03-14,165,Groomed
T008,06-07,2007-03-14,165,Open
T009,06-07,2007-03-14,165,Groomed
T010,06-07,2007-03-14,165,Open
T011,06-07,2007-03-14,165,Groomed
T012,06-07,2007-03-14,165,Groomed
T013,06-07,2007-03-14,165,Groomed
T015,06-07,2007-03-14,165,Open
T016,06-07,2007-03-14,165,Open
T017,06-07,2007-03-14,165,Open
T018,06-07,2007-03-14,165,Open
T019,06-07,2007-03-14,165,Closed
T020,06-07,2007-03-14,165,Groomed
T021,06-07,2007-03-14,165,Groomed
T022,06-07,2007-03-14,165,Groomed
T023,06-07,2007-03-14,165,Groomed
T024,06-07,2007-03-14,165,Open
T025,06-07,2007-03-14,165,Groomed
T026,06-07,2007-03-14,165,Open
T027,06-07,2007-03-14,165,Groomed
T028,06-07,2007-03-14,165,Groomed
T029,06-07,2007-03-14,165,Open
T030,06-07,2007-03-14,165,Groomed
T031,06-07,2007-03-14,165,Groomed
T032,06-07,2007-03-14,165,Closed
T033,06-07,2007-03-14,165,Groomed
T034,06-07,2007-03-14,165,Groomed
T035,06-07,2007-03-14,165,Open
T036,06-07,2007-03-14,165,Groomed
T037,06-07,2007-03-14,165,Open
T038,06-07,2007-03-14,165,Open
T039,06-07,2007-03-14,165,Open
T040,06-07,2007-03-14,165,Groomed
T042,06-07,2007-03-14,165,Open
T043,06-07,2007-03-14,165,Groomed
T044,06-07,2007-03-14,165,Open
T045,06-07,2007-03-14,165,Open
T046,06-07,2007-03-14,165,Open
T047,06-07,2007-03-14,165,Closed
T061,06-07,2007-03-14,165,Groomed
T063,06-07,2007-03-14,165,Groomed
T064,06-07,2007-03-14,165,Groomed
T065,06-07,2007-03-14,165,Groomed
T066,06-07,2007-03-14,165,Open
T067,06-07,2007-03-14,165,Groomed
T068,06-07,2007-03-14,165,Open
T069,06-07,2007-03-14,165,Open
T070,06-07,2007-03-14,165,Open
T071,06-07,2007-03-14,165,Open
T072,06-07,2007-03-14,165,Open
T073,06-07,2007-03-14,165,Open
T074,06-07,2007-03-14,165,Open
T075,06-07,2007-03-14,165,Open
T076,06-07,2007-03-14,165,Open
T077,06-07,2007-03-14,165,Groomed
T078,06-07,2007-03-14,165,Groomed
T079,06-07,2007-03-14,165,Groomed
T080,06-07,2007-03-14,165,Open
T081,06-07,2007-03-14,165,Open
T083,06-07,2007-03-14,165,Open
T084,06-07,2007-03-14,165,Open
T085,06-07,2007-03-14,165,Open
T086,06-07,2007-03-14,165,Open
T087,06-07,2007-03-14,165,Open
T088,06-07,2007-03-14,165,Open
T089,06-07,2007-03-14,165,Open
T090,06-07,2007-03-14,165,Open
T091,06-07,2007-03-14,165,Open
T092,06-07,2007-03-14,165,Open
T127,06-07,2007-03-14,165,Open
T134,06-07,2007-03-14,165,Open
T135,06-07,2007-03-14,165,Open
T136,06-07,2007-03-14,165,Open
T137,06-07,2007-03-14,165,Open
T148,06-07,2007-03-14,165,Closed
T152,06-07,2007-03-14,165,Groomed
T156,06-07,2007-03-14,165,Closed
T157,06-07,2007-03-14,165,Open
T002,06-07,2007-03-15,166,Groomed
T003,06-07,2007-03-15,166,Groomed
T004,06-07,2007-03-15,166,Groomed
T005,06-07,2007-03-15,166,Groomed
T006,06-07,2007-03-15,166,Groomed
T007,06-07,2007-03-15,166,Groomed
T008,06-07,2007-03-15,166,Open
T009,06-07,2007-03-15,166,Groomed
T010,06-07,2007-03-15,166,Open
T011,06-07,2007-03-15,166,Groomed
T012,06-07,2007-03-15,166,Groomed
T013,06-07,2007-03-15,166,Groomed
T015,06-07,2007-03-15,166,Open
T016,06-07,2007-03-15,166,Open
T017,06-07,2007-03-15,166,Open
T018,06-07,2007-03-15,166,Open
T019,06-07,2007-03-15,166,Closed
T020,06-07,2007-03-15,166,Groomed
T021,06-07,2007-03-15,166,Groomed
T022,06-07,2007-03-15,166,Groomed
T023,06-07,2007-03-15,166,Groomed
T024,06-07,2007-03-15,166,Groomed
T025,06-07,2007-03-15,166,Groomed
T026,06-07,2007-03-15,166,Groomed
T027,06-07,2007-03-15,166,Groomed
T028,06-07,2007-03-15,166,Groomed
T029,06-07,2007-03-15,166,Open
T030,06-07,2007-03-15,166,Groomed
T031,06-07,2007-03-15,166,Groomed
T032,06-07,2007-03-15,166,Closed
T033,06-07,2007-03-15,166,Groomed
T034,06-07,2007-03-15,166,Groomed
T035,06-07,2007-03-15,166,Open
T036,06-07,2007-03-15,166,Groomed
T037,06-07,2007-03-15,166,Open
T038,06-07,2007-03-15,166,Open
T039,06-07,2007-03-15,166,Open
T040,06-07,2007-03-15,166,Groomed
T042,06-07,2007-03-15,166,Open
T043,06-07,2007-03-15,166,Groomed
T044,06-07,2007-03-15,166,Open
T045,06-07,2007-03-15,166,Open
T046,06-07,2007-03-15,166,Open
T047,06-07,2007-03-15,166,Closed
T061,06-07,2007-03-15,166,Groomed
T063,06-07,2007-03-15,166,Groomed
T064,06-07,2007-03-15,166,Groomed
T065,06-07,2007-03-15,166,Groomed
T066,06-07,2007-03-15,166,Groomed
T067,06-07,2007-03-15,166,Groomed
T068,06-07,2007-03-15,166,Open
T069,06-07,2007-03-15,166,Open
T070,06-07,2007-03-15,166,Open
T071,06-07,2007-03-15,166,Open
T072,06-07,2007-03-15,166,Open
T073,06-07,2007-03-15,166,Open
T074,06-07,2007-03-15,166,Open
T075,06-07,2007-03-15,166,Open
T076,06-07,2007-03-15,166,Open
T077,06-07,2007-03-15,166,Groomed
T078,06-07,2007-03-15,166,Groomed
T079,06-07,2007-03-15,166,Groomed
T080,06-07,2007-03-15,166,Open
T081,06-07,2007-03-15,166,Open
T083,06-07,2007-03-15,166,Groomed
T084,06-07,2007-03-15,166,Open
T085,06-07,2007-03-15,166,Open
T086,06-07,2007-03-15,166,Open
T087,06-07,2007-03-15,166,Open
T088,06-07,2007-03-15,166,Open
T089,06-07,2007-03-15,166,Open
T090,06-07,2007-03-15,166,Open
T091,06-07,2007-03-15,166,Open
T092,06-07,2007-03-15,166,Open
T127,06-07,2007-03-15,166,Open
T134,06-07,2007-03-15,166,Open
T135,06-07,2007-03-15,166,Open
T136,06-07,2007-03-15,166,Open
T137,06-07,2007-03-15,166,Open
T148,06-07,2007-03-15,166,Closed
T152,06-07,2007-03-15,166,Groomed
T156,06-07,2007-03-15,166,Closed
T157,06-07,2007-03-15,166,Open
T002,06-07,2007-03-16,167,Groomed
T003,06-07,2007-03-16,167,Groomed
T004,06-07,2007-03-16,167,Groomed
T005,06-07,2007-03-16,167,Groomed
T006,06-07,2007-03-16,167,Open
T007,06-07,2007-03-16,167,Groomed
T008,06-07,2007-03-16,167,Open
T009,06-07,2007-03-16,167,Groomed
T010,06-07,2007-03-16,167,Open
T011,06-07,2007-03-16,167,Groomed
T012,06-07,2007-03-16,167,Groomed
T013,06-07,2007-03-16,167,Groomed
T015,06-07,2007-03-16,167,Open
T016,06-07,2007-03-16,167,Open
T017,06-07,2007-03-16,167,Open
T018,06-07,2007-03-16,167,Open
T019,06-07,2007-03-16,167,Closed
T020,06-07,2007-03-16,167,Groomed
T021,06-07,2007-03-16,167,Groomed
T022,06-07,2007-03-16,167,Groomed
T023,06-07,2007-03-16,167,Groomed
T024,06-07,2007-03-16,167,Open
T025,06-07,2007-03-16,167,Groomed
T026,06-07,2007-03-16,167,Open
T027,06-07,2007-03-16,167,Groomed
T028,06-07,2007-03-16,167,Open
T029,06-07,2007-03-16,167,Open
T030,06-07,2007-03-16,167,Open
T031,06-07,2007-03-16,167,Groomed
T032,06-07,2007-03-16,167,Closed
T033,06-07,2007-03-16,167,Groomed
T034,06-07,2007-03-16,167,Groomed
T035,06-07,2007-03-16,167,Open
T036,06-07,2007-03-16,167,Groomed
T037,06-07,2007-03-16,167,Open
T038,06-07,2007-03-16,167,Open
T039,06-07,2007-03-16,167,Open
T040,06-07,2007-03-16,167,Groomed
T042,06-07,2007-03-16,167,Open
T043,06-07,2007-03-16,167,Groomed
T044,06-07,2007-03-16,167,Open
T045,06-07,2007-03-16,167,Open
T046,06-07,2007-03-16,167,Open
T047,06-07,2007-03-16,167,Closed
T061,06-07,2007-03-16,167,Groomed
T063,06-07,2007-03-16,167,Groomed
T064,06-07,2007-03-16,167,Groomed
T065,06-07,2007-03-16,167,Groomed
T066,06-07,2007-03-16,167,Groomed
T067,06-07,2007-03-16,167,Groomed
T068,06-07,2007-03-16,167,Open
T069,06-07,2007-03-16,167,Open
T070,06-07,2007-03-16,167,Open
T071,06-07,2007-03-16,167,Open
T072,06-07,2007-03-16,167,Open
T073,06-07,2007-03-16,167,Open
T074,06-07,2007-03-16,167,Open
T075,06-07,2007-03-16,167,Open
T076,06-07,2007-03-16,167,Open
T077,06-07,2007-03-16,167,Groomed
T078,06-07,2007-03-16,167,Groomed
T079,06-07,2007-03-16,167,Groomed
T080,06-07,2007-03-16,167,Open
T081,06-07,2007-03-16,167,Open
T083,06-07,2007-03-16,167,Groomed
T084,06-07,2007-03-16,167,Open
T085,06-07,2007-03-16,167,Open
T086,06-07,2007-03-16,167,Open
T087,06-07,2007-03-16,167,Open
T088,06-07,2007-03-16,167,Open
T089,06-07,2007-03-16,167,Open
T090,06-07,2007-03-16,167,Open
T091,06-07,2007-03-16,167,Open
T092,06-07,2007-03-16,167,Open
T127,06-07,2007-03-16,167,Open
T134,06-07,2007-03-16,167,Open
T135,06-07,2007-03-16,167,Open
T136,06-07,2007-03-16,167,Open
T137,06-07,2007-03-16,167,Open
T148,06-07,2007-03-16,167,Closed
T152,06-07,2007-03-16,167,Groomed
T156,06-07,2007-03-16,167,Closed
T157,06-07,2007-03-16,167,Open
T002,06-07,2007-03-17,168,Groomed
T003,06-07,2007-03-17,168,Groomed
T004,06-07,2007-03-17,168,Groomed
T005,06-07,2007-03-17,168,Groomed
T006,06-07,2007-03-17,168,Groomed
T007,06-07,2007-03-17,168,Groomed
T008,06-07,2007-03-17,168,Open
T009,06-07,2007-03-17,168,Groomed
T010,06-07,2007-03-17,168,Open
T011,06-07,2007-03-17,168,Groomed
T012,06-07,2007-03-17,168,Groomed
T013,06-07,2007-03-17,168,Groomed
T015,06-07,2007-03-17,168,Open
T016,06-07,2007-03-17,168,Open
T017,06-07,2007-03-17,168,Open
T018,06-07,2007-03-17,168,Open
T019,06-07,2007-03-17,168,Closed
T020,06-07,2007-03-17,168,Groomed
T021,06-07,2007-03-17,168,Groomed
T022,06-07,2007-03-17,168,Groomed
T023,06-07,2007-03-17,168,Groomed
T024,06-07,2007-03-17,168,Open
T025,06-07,2007-03-17,168,Groomed
T026,06-07,2007-03-17,168,Open
T027,06-07,2007-03-17,168,Groomed
T028,06-07,2007-03-17,168,Groomed
T029,06-07,2007-03-17,168,Open
T030,06-07,2007-03-17,168,Groomed
T031,06-07,2007-03-17,168,Groomed
T032,06-07,2007-03-17,168,Closed
T033,06-07,2007-03-17,168,Groomed
T034,06-07,2007-03-17,168,Groomed
T035,06-07,2007-03-17,168,Open
T036,06-07,2007-03-17,168,Groomed
T037,06-07,2007-03-17,168,Open
T038,06-07,2007-03-17,168,Open
T039,06-07,2007-03-17,168,Open
T040,06-07,2007-03-17,168,Groomed
T042,06-07,2007-03-17,168,Groomed
T043,06-07,2007-03-17,168,Groomed
T044,06-07,2007-03-17,168,Open
T045,06-07,2007-03-17,168,Open
T046,06-07,2007-03-17,168,Open
T047,06-07,2007-03-17,168,Closed
T061,06-07,2007-03-17,168,Groomed
T063,06-07,2007-03-17,168,Groomed
T064,06-07,2007-03-17,168,Groomed
T065,06-07,2007-03-17,168,Groomed
T066,06-07,2007-03-17,168,Groomed
T067,06-07,2007-03-17,168,Groomed
T068,06-07,2007-03-17,168,Open
T069,06-07,2007-03-17,168,Open
T070,06-07,2007-03-17,168,Open
T071,06-07,2007-03-17,168,Open
T072,06-07,2007-03-17,168,Open
T073,06-07,2007-03-17,168,Open
T074,06-07,2007-03-17,168,Open
T075,06-07,2007-03-17,168,Open
T076,06-07,2007-03-17,168,Open
T077,06-07,2007-03-17,168,Groomed
T078,06-07,2007-03-17,168,Groomed
T079,06-07,2007-03-17,168,Groomed
T080,06-07,2007-03-17,168,Open
T081,06-07,2007-03-17,168,Open
T083,06-07,2007-03-17,168,Groomed
T084,06-07,2007-03-17,168,Open
T085,06-07,2007-03-17,168,Open
T086,06-07,2007-03-17,168,Open
T087,06-07,2007-03-17,168,Open
T088,06-07,2007-03-17,168,Open
T089,06-07,2007-03-17,168,Open
T090,06-07,2007-03-17,168,Open
T091,06-07,2007-03-17,168,Open
T092,06-07,2007-03-17,168,Open
T127,06-07,2007-03-17,168,Open
T134,06-07,2007-03-17,168,Open
T135,06-07,2007-03-17,168,Open
T136,06-07,2007-03-17,168,Open
T137,06-07,2007-03-17,168,Open
T148,06-07,2007-03-17,168,Closed
T152,06-07,2007-03-17,168,Groomed
T156,06-07,2007-03-17,168,Closed
T157,06-07,2007-03-17,168,Open
T002,06-07,2007-03-18,169,Groomed
T003,06-07,2007-03-18,169,Groomed
T004,06-07,2007-03-18,169,Groomed
T005,06-07,2007-03-18,169,Groomed
T006,06-07,2007-03-18,169,Groomed
T007,06-07,2007-03-18,169,Groomed
T008,06-07,2007-03-18,169,Open
T009,06-07,2007-03-18,169,Groomed
T010,06-07,2007-03-18,169,Open
T011,06-07,2007-03-18,169,Groomed
T012,06-07,2007-03-18,169,Groomed
T013,06-07,2007-03-18,169,Groomed
T015,06-07,2007-03-18,169,Open
T016,06-07,2007-03-18,169,Open
T017,06-07,2007-03-18,169,Open
T018,06-07,2007-03-18,169,Open
T019,06-07,2007-03-18,169,Closed
T020,06-07,2007-03-18,169,Groomed
T021,06-07,2007-03-18,169,Groomed
T022,06-07,2007-03-18,169,Groomed
T023,06-07,2007-03-18,169,Groomed
T024,06-07,2007-03-18,169,Open
T025,06-07,2007-03-18,169,Groomed
T026,06-07,2007-03-18,169,Open
T027,06-07,2007-03-18,169,Groomed
T028,06-07,2007-03-18,169,Open
T029,06-07,2007-03-18,169,Open
T030,06-07,2007-03-18,169,Open
T031,06-07,2007-03-18,169,Groomed
T032,06-07,2007-03-18,169,Closed
T033,06-07,2007-03-18,169,Groomed
T034,06-07,2007-03-18,169,Groomed
T035,06-07,2007-03-18,169,Open
T036,06-07,2007-03-18,169,Groomed
T037,06-07,2007-03-18,169,Open
T038,06-07,2007-03-18,169,Open
T039,06-07,2007-03-18,169,Open
T040,06-07,2007-03-18,169,Groomed
T042,06-07,2007-03-18,169,Groomed
T043,06-07,2007-03-18,169,Groomed
T044,06-07,2007-03-18,169,Open
T045,06-07,2007-03-18,169,Open
T046,06-07,2007-03-18,169,Open
T047,06-07,2007-03-18,169,Closed
T061,06-07,2007-03-18,169,Groomed
T063,06-07,2007-03-18,169,Groomed
T064,06-07,2007-03-18,169,Groomed
T065,06-07,2007-03-18,169,Groomed
T066,06-07,2007-03-18,169,Open
T067,06-07,2007-03-18,169,Groomed
T068,06-07,2007-03-18,169,Open
T069,06-07,2007-03-18,169,Open
T070,06-07,2007-03-18,169,Open
T071,06-07,2007-03-18,169,Open
T072,06-07,2007-03-18,169,Open
T073,06-07,2007-03-18,169,Open
T074,06-07,2007-03-18,169,Open
T075,06-07,2007-03-18,169,Open
T076,06-07,2007-03-18,169,Open
T077,06-07,2007-03-18,169,Groomed
T078,06-07,2007-03-18,169,Groomed
T079,06-07,2007-03-18,169,Groomed
T080,06-07,2007-03-18,169,Open
T081,06-07,2007-03-18,169,Open
T083,06-07,2007-03-18,169,Open
T084,06-07,2007-03-18,169,Open
T085,06-07,2007-03-18,169,Open
T086,06-07,2007-03-18,169,Open
T087,06-07,2007-03-18,169,Open
T088,06-07,2007-03-18,169,Open
T089,06-07,2007-03-18,169,Open
T090,06-07,2007-03-18,169,Open
T091,06-07,2007-03-18,169,Open
T092,06-07,2007-03-18,169,Open
T127,06-07,2007-03-18,169,Open
T134,06-07,2007-03-18,169,Open
T135,06-07,2007-03-18,169,Open
T136,06-07,2007-03-18,169,Open
T137,06-07,2007-03-18,169,Open
T148,06-07,2007-03-18,169,Closed
T152,06-07,2007-03-18,169,Groomed
T156,06-07,2007-03-18,169,Closed
T157,06-07,2007-03-18,169,Open
T002,06-07,2007-03-19,170,Groomed
T003,06-07,2007-03-19,170,Groomed
T004,06-07,2007-03-19,170,Groomed
T005,06-07,2007-03-19,170,Groomed
T006,06-07,2007-03-19,170,Groomed
T007,06-07,2007-03-19,170,Groomed
T008,06-07,2007-03-19,170,Open
T009,06-07,2007-03-19,170,Groomed
T010,06-07,2007-03-19,170,Open
T011,06-07,2007-03-19,170,Groomed
T012,06-07,2007-03-19,170,Groomed
T013,06-07,2007-03-19,170,Groomed
T015,06-07,2007-03-19,170,Open
T016,06-07,2007-03-19,170,Open
T017,06-07,2007-03-19,170,Open
T018,06-07,2007-03-19,170,Open
T019,06-07,2007-03-19,170,Closed
T020,06-07,2007-03-19,170,Groomed
T021,06-07,2007-03-19,170,Groomed
T022,06-07,2007-03-19,170,Groomed
T023,06-07,2007-03-19,170,Groomed
T024,06-07,2007-03-19,170,Open
T025,06-07,2007-03-19,170,Groomed
T026,06-07,2007-03-19,170,Open
T027,06-07,2007-03-19,170,Groomed
T028,06-07,2007-03-19,170,Open
T029,06-07,2007-03-19,170,Open
T030,06-07,2007-03-19,170,Open
T031,06-07,2007-03-19,170,Groomed
T032,06-07,2007-03-19,170,Closed
T033,06-07,2007-03-19,170,Groomed
T034,06-07,2007-03-19,170,Groomed
T035,06-07,2007-03-19,170,Open
T036,06-07,2007-03-19,170,Groomed
T037,06-07,2007-03-19,170,Open
T038,06-07,2007-03-19,170,Open
T039,06-07,2007-03-19,170,Open
T040,06-07,2007-03-19,170,Groomed
T042,06-07,2007-03-19,170,Groomed
T043,06-07,2007-03-19,170,Groomed
T044,06-07,2007-03-19,170,Open
T045,06-07,2007-03-19,170,Open
T046,06-07,2007-03-19,170,Open
T047,06-07,2007-03-19,170,Closed
T061,06-07,2007-03-19,170,Groomed
T063,06-07,2007-03-19,170,Groomed
T064,06-07,2007-03-19,170,Groomed
T065,06-07,2007-03-19,170,Groomed
T066,06-07,2007-03-19,170,Open
T067,06-07,2007-03-19,170,Groomed
T068,06-07,2007-03-19,170,Open
T069,06-07,2007-03-19,170,Open
T070,06-07,2007-03-19,170,Open
T071,06-07,2007-03-19,170,Open
T072,06-07,2007-03-19,170,Open
T073,06-07,2007-03-19,170,Open
T074,06-07,2007-03-19,170,Open
T075,06-07,2007-03-19,170,Open
T076,06-07,2007-03-19,170,Open
T077,06-07,2007-03-19,170,Groomed
T078,06-07,2007-03-19,170,Groomed
T079,06-07,2007-03-19,170,Groomed
T080,06-07,2007-03-19,170,Open
T081,06-07,2007-03-19,170,Open
T083,06-07,2007-03-19,170,Open
T084,06-07,2007-03-19,170,Open
T085,06-07,2007-03-19,170,Open
T086,06-07,2007-03-19,170,Open
T087,06-07,2007-03-19,170,Open
T088,06-07,2007-03-19,170,Open
T089,06-07,2007-03-19,170,Open
T090,06-07,2007-03-19,170,Open
T091,06-07,2007-03-19,170,Open
T092,06-07,2007-03-19,170,Open
T127,06-07,2007-03-19,170,Open
T134,06-07,2007-03-19,170,Open
T135,06-07,2007-03-19,170,Open
T136,06-07,2007-03-19,170,Open
T137,06-07,2007-03-19,170,Open
T148,06-07,2007-03-19,170,Closed
T152,06-07,2007-03-19,170,Groomed
T156,06-07,2007-03-19,170,Closed
T157,06-07,2007-03-19,170,Open
T002,06-07,2007-03-20,171,Groomed
T003,06-07,2007-03-20,171,Groomed
T004,06-07,2007-03-20,171,Groomed
T005,06-07,2007-03-20,171,Groomed
T006,06-07,2007-03-20,171,Groomed
T007,06-07,2007-03-20,171,Groomed
T008,06-07,2007-03-20,171,Open
T009,06-07,2007-03-20,171,Groomed
T010,06-07,2007-03-20,171,Open
T011,06-07,2007-03-20,171,Groomed
T012,06-07,2007-03-20,171,Groomed
T013,06-07,2007-03-20,171,Groomed
T015,06-07,2007-03-20,171,Open
T016,06-07,2007-03-20,171,Open
T017,06-07,2007-03-20,171,Open
T018,06-07,2007-03-20,171,Open
T019,06-07,2007-03-20,171,Closed
T020,06-07,2007-03-20,171,Groomed
T021,06-07,2007-03-20,171,Groomed
T022,06-07,2007-03-20,171,Groomed
T023,06-07,2007-03-20,171,Groomed
T024,06-07,2007-03-20,171,Open
T025,06-07,2007-03-20,171,Groomed
T026,06-07,2007-03-20,171,Open
T027,06-07,2007-03-20,171,Groomed
T028,06-07,2007-03-20,171,Open
T029,06-07,2007-03-20,171,Open
T030,06-07,2007-03-20,171,Open
T031,06-07,2007-03-20,171,Groomed
T032,06-07,2007-03-20,171,Closed
T033,06-07,2007-03-20,171,Open
T034,06-07,2007-03-20,171,Open
T035,06-07,2007-03-20,171,Open
T036,06-07,2007-03-20,171,Groomed
T037,06-07,2007-03-20,171,Open
T038,06-07,2007-03-20,171,Open
T039,06-07,2007-03-20,171,Open
T040,06-07,2007-03-20,171,Groomed
T042,06-07,2007-03-20,171,Open
T043,06-07,2007-03-20,171,Groomed
T044,06-07,2007-03-20,171,Open
T045,06-07,2007-03-20,171,Open
T046,06-07,2007-03-20,171,Open
T047,06-07,2007-03-20,171,Closed
T061,06-07,2007-03-20,171,Groomed
T063,06-07,2007-03-20,171,Groomed
T064,06-07,2007-03-20,171,Groomed
T065,06-07,2007-03-20,171,Groomed
T066,06-07,2007-03-20,171,Groomed
T067,06-07,2007-03-20,171,Groomed
T068,06-07,2007-03-20,171,Open
T069,06-07,2007-03-20,171,Open
T070,06-07,2007-03-20,171,Open
T071,06-07,2007-03-20,171,Open
T072,06-07,2007-03-20,171,Open
T073,06-07,2007-03-20,171,Open
T074,06-07,2007-03-20,171,Open
T075,06-07,2007-03-20,171,Open
T076,06-07,2007-03-20,171,Open
T077,06-07,2007-03-20,171,Groomed
T078,06-07,2007-03-20,171,Groomed
T079,06-07,2007-03-20,171,Groomed
T080,06-07,2007-03-20,171,Open
T081,06-07,2007-03-20,171,Open
T083,06-07,2007-03-20,171,Groomed
T084,06-07,2007-03-20,171,Open
T085,06-07,2007-03-20,171,Open
T086,06-07,2007-03-20,171,Open
T087,06-07,2007-03-20,171,Open
T088,06-07,2007-03-20,171,Open
T089,06-07,2007-03-20,171,Open
T090,06-07,2007-03-20,171,Open
T091,06-07,2007-03-20,171,Open
T092,06-07,2007-03-20,171,Open
T127,06-07,2007-03-20,171,Open
T134,06-07,2007-03-20,171,Open
T135,06-07,2007-03-20,171,Closed
T136,06-07,2007-03-20,171,Open
T137,06-07,2007-03-20,171,Open
T148,06-07,2007-03-20,171,Closed
T152,06-07,2007-03-20,171,Groomed
T156,06-07,2007-03-20,171,Closed
T157,06-07,2007-03-20,171,Open
T002,06-07,2007-03-21,172,Groomed
T003,06-07,2007-03-21,172,Groomed
T004,06-07,2007-03-21,172,Groomed
T005,06-07,2007-03-21,172,Groomed
T006,06-07,2007-03-21,172,Open
T007,06-07,2007-03-21,172,Groomed
T008,06-07,2007-03-21,172,Open
T009,06-07,2007-03-21,172,Groomed
T010,06-07,2007-03-21,172,Open
T011,06-07,2007-03-21,172,Groomed
T012,06-07,2007-03-21,172,Groomed
T013,06-07,2007-03-21,172,Groomed
T015,06-07,2007-03-21,172,Open
T016,06-07,2007-03-21,172,Open
T017,06-07,2007-03-21,172,Open
T018,06-07,2007-03-21,172,Open
T019,06-07,2007-03-21,172,Closed
T020,06-07,2007-03-21,172,Groomed
T021,06-07,2007-03-21,172,Groomed
T022,06-07,2007-03-21,172,Groomed
T023,06-07,2007-03-21,172,Groomed
T024,06-07,2007-03-21,172,Open
T025,06-07,2007-03-21,172,Groomed
T026,06-07,2007-03-21,172,Open
T027,06-07,2007-03-21,172,Groomed
T028,06-07,2007-03-21,172,Open
T029,06-07,2007-03-21,172,Open
T030,06-07,2007-03-21,172,Open
T031,06-07,2007-03-21,172,Groomed
T032,06-07,2007-03-21,172,Closed
T033,06-07,2007-03-21,172,Groomed
T034,06-07,2007-03-21,172,Groomed
T035,06-07,2007-03-21,172,Open
T036,06-07,2007-03-21,172,Groomed
T037,06-07,2007-03-21,172,Open
T038,06-07,2007-03-21,172,Open
T039,06-07,2007-03-21,172,Open
T040,06-07,2007-03-21,172,Open
T042,06-07,2007-03-21,172,Open
T043,06-07,2007-03-21,172,Groomed
T044,06-07,2007-03-21,172,Open
T045,06-07,2007-03-21,172,Open
T046,06-07,2007-03-21,172,Open
T047,06-07,2007-03-21,172,Closed
T061,06-07,2007-03-21,172,Groomed
T063,06-07,2007-03-21,172,Groomed
T064,06-07,2007-03-21,172,Groomed
T065,06-07,2007-03-21,172,Groomed
T066,06-07,2007-03-21,172,Groomed
T067,06-07,2007-03-21,172,Groomed
T068,06-07,2007-03-21,172,Open
T069,06-07,2007-03-21,172,Open
T070,06-07,2007-03-21,172,Open
T071,06-07,2007-03-21,172,Open
T072,06-07,2007-03-21,172,Open
T073,06-07,2007-03-21,172,Open
T074,06-07,2007-03-21,172,Open
T075,06-07,2007-03-21,172,Open
T076,06-07,2007-03-21,172,Open
T077,06-07,2007-03-21,172,Groomed
T078,06-07,2007-03-21,172,Groomed
T079,06-07,2007-03-21,172,Groomed
T080,06-07,2007-03-21,172,Open
T081,06-07,2007-03-21,172,Open
T083,06-07,2007-03-21,172,Open
T084,06-07,2007-03-21,172,Open
T085,06-07,2007-03-21,172,Open
T086,06-07,2007-03-21,172,Open
T087,06-07,2007-03-21,172,Open
T088,06-07,2007-03-21,172,Open
T089,06-07,2007-03-21,172,Open
T090,06-07,2007-03-21,172,Open
T091,06-07,2007-03-21,172,Open
T092,06-07,2007-03-21,172,Open
T127,06-07,2007-03-21,172,Open
T134,06-07,2007-03-21,172,Open
T135,06-07,2007-03-21,172,Open
T136,06-07,2007-03-21,172,Open
T137,06-07,2007-03-21,172,Open
T148,06-07,2007-03-21,172,Closed
T152,06-07,2007-03-21,172,Groomed
T156,06-07,2007-03-21,172,Closed
T157,06-07,2007-03-21,172,Open
T002,06-07,2007-03-22,173,Groomed
T003,06-07,2007-03-22,173,Groomed
T004,06-07,2007-03-22,173,Groomed
T005,06-07,2007-03-22,173,Groomed
T006,06-07,2007-03-22,173,Groomed
T007,06-07,2007-03-22,173,Groomed
T008,06-07,2007-03-22,173,Open
T009,06-07,2007-03-22,173,Groomed
T010,06-07,2007-03-22,173,Open
T011,06-07,2007-03-22,173,Groomed
T012,06-07,2007-03-22,173,Groomed
T013,06-07,2007-03-22,173,Groomed
T015,06-07,2007-03-22,173,Open
T016,06-07,2007-03-22,173,Open
T017,06-07,2007-03-22,173,Open
T018,06-07,2007-03-22,173,Open
T019,06-07,2007-03-22,173,Closed
T020,06-07,2007-03-22,173,Groomed
T021,06-07,2007-03-22,173,Groomed
T022,06-07,2007-03-22,173,Groomed
T023,06-07,2007-03-22,173,Groomed
T024,06-07,2007-03-22,173,Open
T025,06-07,2007-03-22,173,Groomed
T026,06-07,2007-03-22,173,Open
T027,06-07,2007-03-22,173,Groomed
T028,06-07,2007-03-22,173,Groomed
T029,06-07,2007-03-22,173,Open
T030,06-07,2007-03-22,173,Groomed
T031,06-07,2007-03-22,173,Groomed
T032,06-07,2007-03-22,173,Closed
T033,06-07,2007-03-22,173,Groomed
T034,06-07,2007-03-22,173,Groomed
T035,06-07,2007-03-22,173,Open
T036,06-07,2007-03-22,173,Groomed
T037,06-07,2007-03-22,173,Open
T038,06-07,2007-03-22,173,Open
T039,06-07,2007-03-22,173,Open
T040,06-07,2007-03-22,173,Groomed
T042,06-07,2007-03-22,173,Open
T043,06-07,2007-03-22,173,Groomed
T044,06-07,2007-03-22,173,Open
T045,06-07,2007-03-22,173,Open
T046,06-07,2007-03-22,173,Open
T047,06-07,2007-03-22,173,Closed
T061,06-07,2007-03-22,173,Groomed
T063,06-07,2007-03-22,173,Groomed
T064,06-07,2007-03-22,173,Groomed
T065,06-07,2007-03-22,173,Groomed
T066,06-07,2007-03-22,173,Groomed
T067,06-07,2007-03-22,173,Groomed
T068,06-07,2007-03-22,173,Open
T069,06-07,2007-03-22,173,Open
T070,06-07,2007-03-22,173,Open
T071,06-07,2007-03-22,173,Open
T072,06-07,2007-03-22,173,Open
T073,06-07,2007-03-22,173,Open
T074,06-07,2007-03-22,173,Open
T075,06-07,2007-03-22,173,Open
T076,06-07,2007-03-22,173,Open
T077,06-07,2007-03-22,173,Groomed
T078,06-07,2007-03-22,173,Groomed
T079,06-07,2007-03-22,173,Groomed
T080,06-07,2007-03-22,173,Open
T081,06-07,2007-03-22,173,Open
T083,06-07,2007-03-22,173,Groomed
T084,06-07,2007-03-22,173,Open
T085,06-07,2007-03-22,173,Open
T086,06-07,2007-03-22,173,Open
T087,06-07,2007-03-22,173,Open
T088,06-07,2007-03-22,173,Open
T089,06-07,2007-03-22,173,Open
T090,06-07,2007-03-22,173,Open
T091,06-07,2007-03-22,173,Open
T092,06-07,2007-03-22,173,Open
T127,06-07,2007-03-22,173,Open
T134,06-07,2007-03-22,173,Open
T135,06-07,2007-03-22,173,Open
T136,06-07,2007-03-22,173,Open
T137,06-07,2007-03-22,173,Open
T148,06-07,2007-03-22,173,Closed
T152,06-07,2007-03-22,173,Groomed
T156,06-07,2007-03-22,173,Closed
T157,06-07,2007-03-22,173,Open
T002,06-07,2007-03-23,174,Groomed
T003,06-07,2007-03-23,174,Groomed
T004,06-07,2007-03-23,174,Groomed
T005,06-07,2007-03-23,174,Groomed
T006,06-07,2007-03-23,174,Groomed
T007,06-07,2007-03-23,174,Groomed
T008,06-07,2007-03-23,174,Open
T009,06-07,2007-03-23,174,Groomed
T010,06-07,2007-03-23,174,Open
T011,06-07,2007-03-23,174,Groomed
T012,06-07,2007-03-23,174,Groomed
T013,06-07,2007-03-23,174,Groomed
T015,06-07,2007-03-23,174,Open
T016,06-07,2007-03-23,174,Open
T017,06-07,2007-03-23,174,Open
T018,06-07,2007-03-23,174,Open
T019,06-07,2007-03-23,174,Closed
T020,06-07,2007-03-23,174,Groomed
T021,06-07,2007-03-23,174,Groomed
T022,06-07,2007-03-23,174,Groomed
T023,06-07,2007-03-23,174,Groomed
T024,06-07,2007-03-23,174,Open
T025,06-07,2007-03-23,174,Groomed
T026,06-07,2007-03-23,174,Open
T027,06-07,2007-03-23,174,Groomed
T028,06-07,2007-03-23,174,Groomed
T029,06-07,2007-03-23,174,Open
T030,06-07,2007-03-23,174,Groomed
T031,06-07,2007-03-23,174,Groomed
T032,06-07,2007-03-23,174,Closed
T033,06-07,2007-03-23,174,Groomed
T034,06-07,2007-03-23,174,Groomed
T035,06-07,2007-03-23,174,Open
T036,06-07,2007-03-23,174,Groomed
T037,06-07,2007-03-23,174,Open
T038,06-07,2007-03-23,174,Open
T039,06-07,2007-03-23,174,Open
T040,06-07,2007-03-23,174,Groomed
T042,06-07,2007-03-23,174,Open
T043,06-07,2007-03-23,174,Groomed
T044,06-07,2007-03-23,174,Open
T045,06-07,2007-03-23,174,Open
T046,06-07,2007-03-23,174,Open
T047,06-07,2007-03-23,174,Closed
T061,06-07,2007-03-23,174,Groomed
T063,06-07,2007-03-23,174,Groomed
T064,06-07,2007-03-23,174,Groomed
T065,06-07,2007-03-23,174,Groomed
T066,06-07,2007-03-23,174,Groomed
T067,06-07,2007-03-23,174,Groomed
T068,06-07,2007-03-23,174,Open
T069,06-07,2007-03-23,174,Open
T070,06-07,2007-03-23,174,Open
T071,06-07,2007-03-23,174,Open
T072,06-07,2007-03-23,174,Open
T073,06-07,2007-03-23,174,Open
T074,06-07,2007-03-23,174,Open
T075,06-07,2007-03-23,174,Open
T076,06-07,2007-03-23,174,Open
T077,06-07,2007-03-23,174,Groomed
T078,06-07,2007-03-23,174,Groomed
T079,06-07,2007-03-23,174,Groomed
T080,06-07,2007-03-23,174,Open
T081,06-07,2007-03-23,174,Open
T083,06-07,2007-03-23,174,Groomed
T084,06-07,2007-03-23,174,Open
T085,06-07,2007-03-23,174,Open
T086,06-07,2007-03-23,174,Open
T087,06-07,2007-03-23,174,Open
T088,06-07,2007-03-23,174,Open
T089,06-07,2007-03-23,174,Open
T090,06-07,2007-03-23,174,Open
T091,06-07,2007-03-23,174,Open
T092,06-07,2007-03-23,174,Open
T127,06-07,2007-03-23,174,Open
T134,06-07,2007-03-23,174,Open
T135,06-07,2007-03-23,174,Open
T136,06-07,2007-03-23,174,Open
T137,06-07,2007-03-23,174,Open
T148,06-07,2007-03-23,174,Closed
T152,06-07,2007-03-23,174,Groomed
T156,06-07,2007-03-23,174,Closed
T157,06-07,2007-03-23,174,Open
T002,06-07,2007-03-24,175,Groomed
T003,06-07,2007-03-24,175,Open
T004,06-07,2007-03-24,175,Groomed
T005,06-07,2007-03-24,175,Groomed
T006,06-07,2007-03-24,175,Groomed
T007,06-07,2007-03-24,175,Groomed
T008,06-07,2007-03-24,175,Open
T009,06-07,2007-03-24,175,Groomed
T010,06-07,2007-03-24,175,Open
T011,06-07,2007-03-24,175,Groomed
T012,06-07,2007-03-24,175,Groomed
T013,06-07,2007-03-24,175,Groomed
T015,06-07,2007-03-24,175,Open
T016,06-07,2007-03-24,175,Open
T017,06-07,2007-03-24,175,Open
T018,06-07,2007-03-24,175,Open
T019,06-07,2007-03-24,175,Closed
T020,06-07,2007-03-24,175,Open
T021,06-07,2007-03-24,175,Groomed
T022,06-07,2007-03-24,175,Groomed
T023,06-07,2007-03-24,175,Groomed
T024,06-07,2007-03-24,175,Open
T025,06-07,2007-03-24,175,Groomed
T026,06-07,2007-03-24,175,Open
T027,06-07,2007-03-24,175,Groomed
T028,06-07,2007-03-24,175,Open
T029,06-07,2007-03-24,175,Open
T030,06-07,2007-03-24,175,Open
T031,06-07,2007-03-24,175,Groomed
T032,06-07,2007-03-24,175,Closed
T033,06-07,2007-03-24,175,Groomed
T034,06-07,2007-03-24,175,Groomed
T035,06-07,2007-03-24,175,Open
T036,06-07,2007-03-24,175,Groomed
T037,06-07,2007-03-24,175,Open
T038,06-07,2007-03-24,175,Open
T039,06-07,2007-03-24,175,Open
T040,06-07,2007-03-24,175,Groomed
T042,06-07,2007-03-24,175,Groomed
T043,06-07,2007-03-24,175,Groomed
T044,06-07,2007-03-24,175,Open
T045,06-07,2007-03-24,175,Open
T046,06-07,2007-03-24,175,Open
T047,06-07,2007-03-24,175,Closed
T061,06-07,2007-03-24,175,Groomed
T063,06-07,2007-03-24,175,Groomed
T064,06-07,2007-03-24,175,Groomed
T065,06-07,2007-03-24,175,Groomed
T066,06-07,2007-03-24,175,Groomed
T067,06-07,2007-03-24,175,Groomed
T068,06-07,2007-03-24,175,Open
T069,06-07,2007-03-24,175,Open
T070,06-07,2007-03-24,175,Open
T071,06-07,2007-03-24,175,Open
T072,06-07,2007-03-24,175,Open
T073,06-07,2007-03-24,175,Open
T074,06-07,2007-03-24,175,Open
T075,06-07,2007-03-24,175,Open
T076,06-07,2007-03-24,175,Open
T077,06-07,2007-03-24,175,Groomed
T078,06-07,2007-03-24,175,Groomed
T079,06-07,2007-03-24,175,Groomed
T080,06-07,2007-03-24,175,Open
T081,06-07,2007-03-24,175,Open
T083,06-07,2007-03-24,175,Groomed
T084,06-07,2007-03-24,175,Open
T085,06-07,2007-03-24,175,Open
T086,06-07,2007-03-24,175,Open
T087,06-07,2007-03-24,175,Open
T088,06-07,2007-03-24,175,Open
T089,06-07,2007-03-24,175,Open
T090,06-07,2007-03-24,175,Open
T091,06-07,2007-03-24,175,Open
T092,06-07,2007-03-24,175,Open
T127,06-07,2007-03-24,175,Open
T134,06-07,2007-03-24,175,Open
T135,06-07,2007-03-24,175,Open
T136,06-07,2007-03-24,175,Open
T137,06-07,2007-03-24,175,Open
T148,06-07,2007-03-24,175,Closed
T152,06-07,2007-03-24,175,Groomed
T156,06-07,2007-03-24,175,Closed
T157,06-07,2007-03-24,175,Open
T002,06-07,2007-03-25,176,Groomed
T003,06-07,2007-03-25,176,Groomed
T004,06-07,2007-03-25,176,Groomed
T005,06-07,2007-03-25,176,Groomed
T006,06-07,2007-03-25,176,Open
T007,06-07,2007-03-25,176,Groomed
T008,06-07,2007-03-25,176,Open
T009,06-07,2007-03-25,176,Groomed
T010,06-07,2007-03-25,176,Open
T011,06-07,2007-03-25,176,Groomed
T012,06-07,2007-03-25,176,Groomed
T013,06-07,2007-03-25,176,Groomed
T015,06-07,2007-03-25,176,Open
T016,06-07,2007-03-25,176,Open
T017,06-07,2007-03-25,176,Open
T018,06-07,2007-03-25,176,Groomed
T019,06-07,2007-03-25,176,Closed
T020,06-07,2007-03-25,176,Open
T021,06-07,2007-03-25,176,Groomed
T022,06-07,2007-03-25,176,Groomed
T023,06-07,2007-03-25,176,Groomed
T024,06-07,2007-03-25,176,Open
T025,06-07,2007-03-25,176,Groomed
T026,06-07,2007-03-25,176,Open
T027,06-07,2007-03-25,176,Groomed
T028,06-07,2007-03-25,176,Groomed
T029,06-07,2007-03-25,176,Groomed
T030,06-07,2007-03-25,176,Groomed
T031,06-07,2007-03-25,176,Groomed
T032,06-07,2007-03-25,176,Closed
T033,06-07,2007-03-25,176,Groomed
T034,06-07,2007-03-25,176,Groomed
T035,06-07,2007-03-25,176,Open
T036,06-07,2007-03-25,176,Groomed
T037,06-07,2007-03-25,176,Open
T038,06-07,2007-03-25,176,Open
T039,06-07,2007-03-25,176,Groomed
T040,06-07,2007-03-25,176,Groomed
T042,06-07,2007-03-25,176,Open
T043,06-07,2007-03-25,176,Open
T044,06-07,2007-03-25,176,Open
T045,06-07,2007-03-25,176,Open
T046,06-07,2007-03-25,176,Open
T047,06-07,2007-03-25,176,Closed
T061,06-07,2007-03-25,176,Groomed
T063,06-07,2007-03-25,176,Groomed
T064,06-07,2007-03-25,176,Groomed
T065,06-07,2007-03-25,176,Groomed
T066,06-07,2007-03-25,176,Groomed
T067,06-07,2007-03-25,176,Groomed
T068,06-07,2007-03-25,176,Open
T069,06-07,2007-03-25,176,Open
T070,06-07,2007-03-25,176,Open
T071,06-07,2007-03-25,176,Open
T072,06-07,2007-03-25,176,Open
T073,06-07,2007-03-25,176,Open
T074,06-07,2007-03-25,176,Open
T075,06-07,2007-03-25,176,Open
T076,06-07,2007-03-25,176,Open
T077,06-07,2007-03-25,176,Groomed
T078,06-07,2007-03-25,176,Groomed
T079,06-07,2007-03-25,176,Groomed
T080,06-07,2007-03-25,176,Open
T081,06-07,2007-03-25,176,Open
T083,06-07,2007-03-25,176,Groomed
T084,06-07,2007-03-25,176,Open
T085,06-07,2007-03-25,176,Open
T086,06-07,2007-03-25,176,Open
T087,06-07,2007-03-25,176,Open
T088,06-07,2007-03-25,176,Open
T089,06-07,2007-03-25,176,Open
T090,06-07,2007-03-25,176,Open
T091,06-07,2007-03-25,176,Open
T092,06-07,2007-03-25,176,Open
T127,06-07,2007-03-25,176,Open
T134,06-07,2007-03-25,176,Open
T135,06-07,2007-03-25,176,Open
T136,06-07,2007-03-25,176,Open
T137,06-07,2007-03-25,176,Open
T148,06-07,2007-03-25,176,Closed
T152,06-07,2007-03-25,176,Groomed
T156,06-07,2007-03-25,176,Closed
T157,06-07,2007-03-25,176,Open
T002,06-07,2007-03-26,177,Groomed
T003,06-07,2007-03-26,177,Groomed
T004,06-07,2007-03-26,177,Groomed
T005,06-07,2007-03-26,177,Groomed
T006,06-07,2007-03-26,177,Open
T007,06-07,2007-03-26,177,Groomed
T008,06-07,2007-03-26,177,Open
T009,06-07,2007-03-26,177,Groomed
T010,06-07,2007-03-26,177,Open
T011,06-07,2007-03-26,177,Groomed
T012,06-07,2007-03-26,177,Groomed
T013,06-07,2007-03-26,177,Groomed
T015,06-07,2007-03-26,177,Open
T016,06-07,2007-03-26,177,Open
T017,06-07,2007-03-26,177,Open
T018,06-07,2007-03-26,177,Open
T019,06-07,2007-03-26,177,Closed
T020,06-07,2007-03-26,177,Open
T021,06-07,2007-03-26,177,Groomed
T022,06-07,2007-03-26,177,Groomed
T023,06-07,2007-03-26,177,Groomed
T024,06-07,2007-03-26,177,Open
T025,06-07,2007-03-26,177,Groomed
T026,06-07,2007-03-26,177,Open
T027,06-07,2007-03-26,177,Groomed
T028,06-07,2007-03-26,177,Open
T029,06-07,2007-03-26,177,Open
T030,06-07,2007-03-26,177,Open
T031,06-07,2007-03-26,177,Groomed
T032,06-07,2007-03-26,177,Closed
T033,06-07,2007-03-26,177,Open
T034,06-07,2007-03-26,177,Groomed
T035,06-07,2007-03-26,177,Open
T036,06-07,2007-03-26,177,Groomed
T037,06-07,2007-03-26,177,Open
T038,06-07,2007-03-26,177,Open
T039,06-07,2007-03-26,177,Open
T040,06-07,2007-03-26,177,Open
T042,06-07,2007-03-26,177,Open
T043,06-07,2007-03-26,177,Open
T044,06-07,2007-03-26,177,Open
T045,06-07,2007-03-26,177,Open
T046,06-07,2007-03-26,177,Open
T047,06-07,2007-03-26,177,Closed
T061,06-07,2007-03-26,177,Groomed
T063,06-07,2007-03-26,177,Groomed
T064,06-07,2007-03-26,177,Groomed
T065,06-07,2007-03-26,177,Groomed
T066,06-07,2007-03-26,177,Open
T067,06-07,2007-03-26,177,Groomed
T068,06-07,2007-03-26,177,Open
T069,06-07,2007-03-26,177,Open
T070,06-07,2007-03-26,177,Open
T071,06-07,2007-03-26,177,Open
T072,06-07,2007-03-26,177,Open
T073,06-07,2007-03-26,177,Open
T074,06-07,2007-03-26,177,Open
T075,06-07,2007-03-26,177,Open
T076,06-07,2007-03-26,177,Open
T077,06-07,2007-03-26,177,Groomed
T078,06-07,2007-03-26,177,Groomed
T079,06-07,2007-03-26,177,Open
T080,06-07,2007-03-26,177,Open
T081,06-07,2007-03-26,177,Open
T083,06-07,2007-03-26,177,Groomed
T084,06-07,2007-03-26,177,Open
T085,06-07,2007-03-26,177,Open
T086,06-07,2007-03-26,177,Open
T087,06-07,2007-03-26,177,Open
T088,06-07,2007-03-26,177,Open
T089,06-07,2007-03-26,177,Open
T090,06-07,2007-03-26,177,Open
T091,06-07,2007-03-26,177,Open
T092,06-07,2007-03-26,177,Open
T127,06-07,2007-03-26,177,Open
T134,06-07,2007-03-26,177,Open
T135,06-07,2007-03-26,177,Open
T136,06-07,2007-03-26,177,Open
T137,06-07,2007-03-26,177,Open
T148,06-07,2007-03-26,177,Closed
T152,06-07,2007-03-26,177,Groomed
T156,06-07,2007-03-26,177,Closed
T157,06-07,2007-03-26,177,Open
T002,06-07,2007-03-27,178,Groomed
T003,06-07,2007-03-27,178,Open
T004,06-07,2007-03-27,178,Groomed
T005,06-07,2007-03-27,178,Groomed
T006,06-07,2007-03-27,178,Open
T007,06-07,2007-03-27,178,Groomed
T008,06-07,2007-03-27,178,Open
T009,06-07,2007-03-27,178,Groomed
T010,06-07,2007-03-27,178,Open
T011,06-07,2007-03-27,178,Groomed
T012,06-07,2007-03-27,178,Groomed
T013,06-07,2007-03-27,178,Groomed
T015,06-07,2007-03-27,178,Open
T016,06-07,2007-03-27,178,Open
T017,06-07,2007-03-27,178,Open
T018,06-07,2007-03-27,178,Open
T019,06-07,2007-03-27,178,Closed
T020,06-07,2007-03-27,178,Open
T021,06-07,2007-03-27,178,Groomed
T022,06-07,2007-03-27,178,Groomed
T023,06-07,2007-03-27,178,Groomed
T024,06-07,2007-03-27,178,Open
T025,06-07,2007-03-27,178,Groomed
T026,06-07,2007-03-27,178,Open
T027,06-07,2007-03-27,178,Groomed
T028,06-07,2007-03-27,178,Open
T029,06-07,2007-03-27,178,Open
T030,06-07,2007-03-27,178,Open
T031,06-07,2007-03-27,178,Groomed
T032,06-07,2007-03-27,178,Closed
T033,06-07,2007-03-27,178,Groomed
T034,06-07,2007-03-27,178,Groomed
T035,06-07,2007-03-27,178,Open
T036,06-07,2007-03-27,178,Groomed
T037,06-07,2007-03-27,178,Open
T038,06-07,2007-03-27,178,Open
T039,06-07,2007-03-27,178,Open
T040,06-07,2007-03-27,178,Open
T042,06-07,2007-03-27,178,Open
T043,06-07,2007-03-27,178,Open
T044,06-07,2007-03-27,178,Open
T045,06-07,2007-03-27,178,Open
T046,06-07,2007-03-27,178,Open
T047,06-07,2007-03-27,178,Closed
T061,06-07,2007-03-27,178,Groomed
T063,06-07,2007-03-27,178,Groomed
T064,06-07,2007-03-27,178,Groomed
T065,06-07,2007-03-27,178,Groomed
T066,06-07,2007-03-27,178,Open
T067,06-07,2007-03-27,178,Groomed
T068,06-07,2007-03-27,178,Open
T069,06-07,2007-03-27,178,Open
T070,06-07,2007-03-27,178,Open
T071,06-07,2007-03-27,178,Open
T072,06-07,2007-03-27,178,Open
T073,06-07,2007-03-27,178,Open
T074,06-07,2007-03-27,178,Open
T075,06-07,2007-03-27,178,Open
T076,06-07,2007-03-27,178,Open
T077,06-07,2007-03-27,178,Groomed
T078,06-07,2007-03-27,178,Open
T079,06-07,2007-03-27,178,Groomed
T080,06-07,2007-03-27,178,Open
T081,06-07,2007-03-27,178,Open
T083,06-07,2007-03-27,178,Open
T084,06-07,2007-03-27,178,Open
T085,06-07,2007-03-27,178,Open
T086,06-07,2007-03-27,178,Open
T087,06-07,2007-03-27,178,Open
T088,06-07,2007-03-27,178,Open
T089,06-07,2007-03-27,178,Open
T090,06-07,2007-03-27,178,Open
T091,06-07,2007-03-27,178,Open
T092,06-07,2007-03-27,178,Open
T127,06-07,2007-03-27,178,Open
T134,06-07,2007-03-27,178,Open
T135,06-07,2007-03-27,178,Open
T136,06-07,2007-03-27,178,Open
T137,06-07,2007-03-27,178,Open
T148,06-07,2007-03-27,178,Closed
T152,06-07,2007-03-27,178,Groomed
T156,06-07,2007-03-27,178,Closed
T157,06-07,2007-03-27,178,Open
T002,06-07,2007-03-28,179,Groomed
T003,06-07,2007-03-28,179,Groomed
T004,06-07,2007-03-28,179,Groomed
T005,06-07,2007-03-28,179,Groomed
T006,06-07,2007-03-28,179,Groomed
T007,06-07,2007-03-28,179,Groomed
T008,06-07,2007-03-28,179,Groomed
T009,06-07,2007-03-28,179,Groomed
T010,06-07,2007-03-28,179,Groomed
T011,06-07,2007-03-28,179,Groomed
T012,06-07,2007-03-28,179,Groomed
T013,06-07,2007-03-28,179,Groomed
T015,06-07,2007-03-28,179,Open
T016,06-07,2007-03-28,179,Open
T017,06-07,2007-03-28,179,Open
T018,06-07,2007-03-28,179,Groomed
T019,06-07,2007-03-28,179,Closed
T020,06-07,2007-03-28,179,Open
T021,06-07,2007-03-28,179,Groomed
T022,06-07,2007-03-28,179,Groomed
T023,06-07,2007-03-28,179,Groomed
T024,06-07,2007-03-28,179,Groomed
T025,06-07,2007-03-28,179,Groomed
T026,06-07,2007-03-28,179,Open
T027,06-07,2007-03-28,179,Groomed
T028,06-07,2007-03-28,179,Groomed
T029,06-07,2007-03-28,179,Groomed
T030,06-07,2007-03-28,179,Groomed
T031,06-07,2007-03-28,179,Groomed
T032,06-07,2007-03-28,179,Closed
T033,06-07,2007-03-28,179,Groomed
T034,06-07,2007-03-28,179,Groomed
T035,06-07,2007-03-28,179,Open
T036,06-07,2007-03-28,179,Groomed
T037,06-07,2007-03-28,179,Open
T038,06-07,2007-03-28,179,Open
T039,06-07,2007-03-28,179,Open
T040,06-07,2007-03-28,179,Open
T042,06-07,2007-03-28,179,Open
T043,06-07,2007-03-28,179,Open
T044,06-07,2007-03-28,179,Open
T045,06-07,2007-03-28,179,Open
T046,06-07,2007-03-28,179,Open
T047,06-07,2007-03-28,179,Closed
T061,06-07,2007-03-28,179,Groomed
T063,06-07,2007-03-28,179,Groomed
T064,06-07,2007-03-28,179,Groomed
T065,06-07,2007-03-28,179,Groomed
T066,06-07,2007-03-28,179,Open
T067,06-07,2007-03-28,179,Groomed
T068,06-07,2007-03-28,179,Open
T069,06-07,2007-03-28,179,Open
T070,06-07,2007-03-28,179,Open
T071,06-07,2007-03-28,179,Open
T072,06-07,2007-03-28,179,Open
T073,06-07,2007-03-28,179,Open
T074,06-07,2007-03-28,179,Open
T075,06-07,2007-03-28,179,Open
T076,06-07,2007-03-28,179,Open
T077,06-07,2007-03-28,179,Groomed
T078,06-07,2007-03-28,179,Groomed
T079,06-07,2007-03-28,179,Groomed
T080,06-07,2007-03-28,179,Open
T081,06-07,2007-03-28,179,Open
T083,06-07,2007-03-28,179,Groomed
T084,06-07,2007-03-28,179,Open
T085,06-07,2007-03-28,179,Open
T086,06-07,2007-03-28,179,Open
T087,06-07,2007-03-28,179,Open
T088,06-07,2007-03-28,179,Open
T089,06-07,2007-03-28,179,Open
T090,06-07,2007-03-28,179,Open
T091,06-07,2007-03-28,179,Open
T092,06-07,2007-03-28,179,Open
T127,06-07,2007-03-28,179,Open
T134,06-07,2007-03-28,179,Open
T135,06-07,2007-03-28,179,Open
T136,06-07,2007-03-28,179,Open
T137,06-07,2007-03-28,179,Open
T148,06-07,2007-03-28,179,Closed
T152,06-07,2007-03-28,179,Groomed
T156,06-07,2007-03-28,179,Closed
T157,06-07,2007-03-28,179,Open
T002,06-07,2007-03-29,180,Groomed
T003,06-07,2007-03-29,180,Groomed
T004,06-07,2007-03-29,180,Groomed
T005,06-07,2007-03-29,180,Groomed
T006,06-07,2007-03-29,180,Groomed
T007,06-07,2007-03-29,180,Groomed
T008,06-07,2007-03-29,180,Groomed
T009,06-07,2007-03-29,180,Groomed
T010,06-07,2007-03-29,180,Groomed
T011,06-07,2007-03-29,180,Groomed
T012,06-07,2007-03-29,180,Groomed
T013,06-07,2007-03-29,180,Groomed
T015,06-07,2007-03-29,180,Open
T016,06-07,2007-03-29,180,Open
T017,06-07,2007-03-29,180,Open
T018,06-07,2007-03-29,180,Open
T019,06-07,2007-03-29,180,Closed
T020,06-07,2007-03-29,180,Open
T021,06-07,2007-03-29,180,Groomed
T022,06-07,2007-03-29,180,Groomed
T023,06-07,2007-03-29,180,Groomed
T024,06-07,2007-03-29,180,Open
T025,06-07,2007-03-29,180,Groomed
T026,06-07,2007-03-29,180,Open
T027,06-07,2007-03-29,180,Groomed
T028,06-07,2007-03-29,180,Groomed
T029,06-07,2007-03-29,180,Open
T030,06-07,2007-03-29,180,Groomed
T031,06-07,2007-03-29,180,Groomed
T032,06-07,2007-03-29,180,Closed
T033,06-07,2007-03-29,180,Groomed
T034,06-07,2007-03-29,180,Groomed
T035,06-07,2007-03-29,180,Open
T036,06-07,2007-03-29,180,Groomed
T037,06-07,2007-03-29,180,Open
T038,06-07,2007-03-29,180,Open
T039,06-07,2007-03-29,180,Open
T040,06-07,2007-03-29,180,Groomed
T042,06-07,2007-03-29,180,Open
T043,06-07,2007-03-29,180,Open
T044,06-07,2007-03-29,180,Open
T045,06-07,2007-03-29,180,Open
T046,06-07,2007-03-29,180,Open
T047,06-07,2007-03-29,180,Closed
T061,06-07,2007-03-29,180,Groomed
T063,06-07,2007-03-29,180,Groomed
T064,06-07,2007-03-29,180,Groomed
T065,06-07,2007-03-29,180,Groomed
T066,06-07,2007-03-29,180,Groomed
T067,06-07,2007-03-29,180,Groomed
T068,06-07,2007-03-29,180,Open
T069,06-07,2007-03-29,180,Open
T070,06-07,2007-03-29,180,Open
T071,06-07,2007-03-29,180,Open
T072,06-07,2007-03-29,180,Open
T073,06-07,2007-03-29,180,Open
T074,06-07,2007-03-29,180,Open
T075,06-07,2007-03-29,180,Open
T076,06-07,2007-03-29,180,Open
T077,06-07,2007-03-29,180,Groomed
T078,06-07,2007-03-29,180,Groomed
T079,06-07,2007-03-29,180,Groomed
T080,06-07,2007-03-29,180,Open
T081,06-07,2007-03-29,180,Open
T083,06-07,2007-03-29,180,Groomed
T084,06-07,2007-03-29,180,Open
T085,06-07,2007-03-29,180,Open
T086,06-07,2007-03-29,180,Open
T087,06-07,2007-03-29,180,Open
T088,06-07,2007-03-29,180,Open
T089,06-07,2007-03-29,180,Open
T090,06-07,2007-03-29,180,Open
T091,06-07,2007-03-29,180,Open
T092,06-07,2007-03-29,180,Open
T127,06-07,2007-03-29,180,Open
T134,06-07,2007-03-29,180,Open
T135,06-07,2007-03-29,180,Open
T136,06-07,2007-03-29,180,Open
T137,06-07,2007-03-29,180,Open
T148,06-07,2007-03-29,180,Closed
T152,06-07,2007-03-29,180,Groomed
T156,06-07,2007-03-29,180,Closed
T157,06-07,2007-03-29,180,Open
T002,06-07,2007-03-30,181,Groomed
T003,06-07,2007-03-30,181,Groomed
T004,06-07,2007-03-30,181,Groomed
T005,06-07,2007-03-30,181,Groomed
T006,06-07,2007-03-30,181,Groomed
T007,06-07,2007-03-30,181,Groomed
T008,06-07,2007-03-30,181,Groomed
T009,06-07,2007-03-30,181,Groomed
T010,06-07,2007-03-30,181,Groomed
T011,06-07,2007-03-30,181,Groomed
T012,06-07,2007-03-30,181,Groomed
T013,06-07,2007-03-30,181,Groomed
T015,06-07,2007-03-30,181,Open
T016,06-07,2007-03-30,181,Open
T017,06-07,2007-03-30,181,Open
T018,06-07,2007-03-30,181,Groomed
T019,06-07,2007-03-30,181,Closed
T020,06-07,2007-03-30,181,Open
T021,06-07,2007-03-30,181,Groomed
T022,06-07,2007-03-30,181,Groomed
T023,06-07,2007-03-30,181,Groomed
T024,06-07,2007-03-30,181,Open
T025,06-07,2007-03-30,181,Groomed
T026,06-07,2007-03-30,181,Groomed
T027,06-07,2007-03-30,181,Groomed
T028,06-07,2007-03-30,181,Groomed
T029,06-07,2007-03-30,181,Groomed
T030,06-07,2007-03-30,181,Groomed
T031,06-07,2007-03-30,181,Groomed
T032,06-07,2007-03-30,181,Closed
T033,06-07,2007-03-30,181,Groomed
T034,06-07,2007-03-30,181,Groomed
T035,06-07,2007-03-30,181,Groomed
T036,06-07,2007-03-30,181,Groomed
T037,06-07,2007-03-30,181,Open
T038,06-07,2007-03-30,181,Groomed
T039,06-07,2007-03-30,181,Groomed
T040,06-07,2007-03-30,181,Groomed
T042,06-07,2007-03-30,181,Groomed
T043,06-07,2007-03-30,181,Groomed
T044,06-07,2007-03-30,181,Open
T045,06-07,2007-03-30,181,Open
T046,06-07,2007-03-30,181,Open
T047,06-07,2007-03-30,181,Closed
T061,06-07,2007-03-30,181,Groomed
T063,06-07,2007-03-30,181,Groomed
T064,06-07,2007-03-30,181,Groomed
T065,06-07,2007-03-30,181,Groomed
T066,06-07,2007-03-30,181,Groomed
T067,06-07,2007-03-30,181,Groomed
T068,06-07,2007-03-30,181,Open
T069,06-07,2007-03-30,181,Open
T070,06-07,2007-03-30,181,Open
T071,06-07,2007-03-30,181,Open
T072,06-07,2007-03-30,181,Open
T073,06-07,2007-03-30,181,Open
T074,06-07,2007-03-30,181,Open
T075,06-07,2007-03-30,181,Open
T076,06-07,2007-03-30,181,Open
T077,06-07,2007-03-30,181,Groomed
T078,06-07,2007-03-30,181,Groomed
T079,06-07,2007-03-30,181,Groomed
T080,06-07,2007-03-30,181,Open
T081,06-07,2007-03-30,181,Open
T083,06-07,2007-03-30,181,Groomed
T084,06-07,2007-03-30,181,Open
T085,06-07,2007-03-30,181,Open
T086,06-07,2007-03-30,181,Open
T087,06-07,2007-03-30,181,Open
T088,06-07,2007-03-30,181,Open
T089,06-07,2007-03-30,181,Open
T090,06-07,2007-03-30,181,Open
T091,06-07,2007-03-30,181,Open
T092,06-07,2007-03-30,181,Open
T127,06-07,2007-03-30,181,Open
T134,06-07,2007-03-30,181,Open
T135,06-07,2007-03-30,181,Open
T136,06-07,2007-03-30,181,Open
T137,06-07,2007-03-30,181,Open
T148,06-07,2007-03-30,181,Closed
T152,06-07,2007-03-30,181,Groomed
T156,06-07,2007-03-30,181,Closed
T157,06-07,2007-03-30,181,Open
T002,06-07,2007-03-31,182,Groomed
T003,06-07,2007-03-31,182,Groomed
T004,06-07,2007-03-31,182,Groomed
T005,06-07,2007-03-31,182,Groomed
T006,06-07,2007-03-31,182,Groomed
T007,06-07,2007-03-31,182,Groomed
T008,06-07,2007-03-31,182,Open
T009,06-07,2007-03-31,182,Groomed
T010,06-07,2007-03-31,182,Groomed
T011,06-07,2007-03-31,182,Groomed
T012,06-07,2007-03-31,182,Groomed
T013,06-07,2007-03-31,182,Groomed
T015,06-07,2007-03-31,182,Open
T016,06-07,2007-03-31,182,Open
T017,06-07,2007-03-31,182,Open
T018,06-07,2007-03-31,182,Open
T019,06-07,2007-03-31,182,Closed
T020,06-07,2007-03-31,182,Groomed
T021,06-07,2007-03-31,182,Groomed
T022,06-07,2007-03-31,182,Groomed
T023,06-07,2007-03-31,182,Groomed
T024,06-07,2007-03-31,182,Groomed
T025,06-07,2007-03-31,182,Groomed
T026,06-07,2007-03-31,182,Groomed
T027,06-07,2007-03-31,182,Groomed
T028,06-07,2007-03-31,182,Groomed
T029,06-07,2007-03-31,182,Open
T030,06-07,2007-03-31,182,Groomed
T031,06-07,2007-03-31,182,Groomed
T032,06-07,2007-03-31,182,Closed
T033,06-07,2007-03-31,182,Groomed
T034,06-07,2007-03-31,182,Groomed
T035,06-07,2007-03-31,182,Groomed
T036,06-07,2007-03-31,182,Groomed
T037,06-07,2007-03-31,182,Open
T038,06-07,2007-03-31,182,Open
T039,06-07,2007-03-31,182,Open
T040,06-07,2007-03-31,182,Groomed
T042,06-07,2007-03-31,182,Open
T043,06-07,2007-03-31,182,Groomed
T044,06-07,2007-03-31,182,Open
T045,06-07,2007-03-31,182,Open
T046,06-07,2007-03-31,182,Open
T047,06-07,2007-03-31,182,Closed
T061,06-07,2007-03-31,182,Groomed
T063,06-07,2007-03-31,182,Groomed
T064,06-07,2007-03-31,182,Groomed
T065,06-07,2007-03-31,182,Groomed
T066,06-07,2007-03-31,182,Open
T067,06-07,2007-03-31,182,Groomed
T068,06-07,2007-03-31,182,Open
T069,06-07,2007-03-31,182,Open
T070,06-07,2007-03-31,182,Open
T071,06-07,2007-03-31,182,Open
T072,06-07,2007-03-31,182,Open
T073,06-07,2007-03-31,182,Open
T074,06-07,2007-03-31,182,Open
T075,06-07,2007-03-31,182,Open
T076,06-07,2007-03-31,182,Open
T077,06-07,2007-03-31,182,Groomed
T078,06-07,2007-03-31,182,Groomed
T079,06-07,2007-03-31,182,Groomed
T080,06-07,2007-03-31,182,Open
T081,06-07,2007-03-31,182,Open
T083,06-07,2007-03-31,182,Groomed
T084,06-07,2007-03-31,182,Open
T085,06-07,2007-03-31,182,Open
T086,06-07,2007-03-31,182,Open
T087,06-07,2007-03-31,182,Open
T088,06-07,2007-03-31,182,Open
T089,06-07,2007-03-31,182,Open
T090,06-07,2007-03-31,182,Open
T091,06-07,2007-03-31,182,Open
T092,06-07,2007-03-31,182,Open
T127,06-07,2007-03-31,182,Open
T134,06-07,2007-03-31,182,Open
T135,06-07,2007-03-31,182,Open
T136,06-07,2007-03-31,182,Open
T137,06-07,2007-03-31,182,Open
T148,06-07,2007-03-31,182,Open
T152,06-07,2007-03-31,182,Groomed
T156,06-07,2007-03-31,182,Closed
T157,06-07,2007-03-31,182,Open
T002,06-07,2007-04-01,183,Closed
T003,06-07,2007-04-01,183,Open
T004,06-07,2007-04-01,183,Groomed
T005,06-07,2007-04-01,183,Groomed
T006,06-07,2007-04-01,183,Groomed
T007,06-07,2007-04-01,183,Groomed
T008,06-07,2007-04-01,183,Open
T009,06-07,2007-04-01,183,Groomed
T010,06-07,2007-04-01,183,Groomed
T011,06-07,2007-04-01,183,Groomed
T012,06-07,2007-04-01,183,Groomed
T013,06-07,2007-04-01,183,Groomed
T015,06-07,2007-04-01,183,Open
T016,06-07,2007-04-01,183,Open
T017,06-07,2007-04-01,183,Open
T018,06-07,2007-04-01,183,Groomed
T019,06-07,2007-04-01,183,Closed
T020,06-07,2007-04-01,183,Open
T021,06-07,2007-04-01,183,Groomed
T022,06-07,2007-04-01,183,Groomed
T023,06-07,2007-04-01,183,Groomed
T024,06-07,2007-04-01,183,Groomed
T025,06-07,2007-04-01,183,Groomed
T026,06-07,2007-04-01,183,Groomed
T027,06-07,2007-04-01,183,Groomed
T028,06-07,2007-04-01,183,Groomed
T029,06-07,2007-04-01,183,Open
T030,06-07,2007-04-01,183,Groomed
T031,06-07,2007-04-01,183,Groomed
T032,06-07,2007-04-01,183,Closed
T033,06-07,2007-04-01,183,Groomed
T034,06-07,2007-04-01,183,Groomed
T035,06-07,2007-04-01,183,Groomed
T036,06-07,2007-04-01,183,Groomed
T037,06-07,2007-04-01,183,Open
T038,06-07,2007-04-01,183,Open
T039,06-07,2007-04-01,183,Open
T040,06-07,2007-04-01,183,Groomed
T042,06-07,2007-04-01,183,Closed
T043,06-07,2007-04-01,183,Closed
T044,06-07,2007-04-01,183,Open
T045,06-07,2007-04-01,183,Open
T046,06-07,2007-04-01,183,Closed
T047,06-07,2007-04-01,183,Closed
T061,06-07,2007-04-01,183,Groomed
T063,06-07,2007-04-01,183,Groomed
T064,06-07,2007-04-01,183,Groomed
T065,06-07,2007-04-01,183,Groomed
T066,06-07,2007-04-01,183,Open
T067,06-07,2007-04-01,183,Groomed
T068,06-07,2007-04-01,183,Open
T069,06-07,2007-04-01,183,Open
T070,06-07,2007-04-01,183,Open
T071,06-07,2007-04-01,183,Open
T072,06-07,2007-04-01,183,Open
T073,06-07,2007-04-01,183,Open
T074,06-07,2007-04-01,183,Open
T075,06-07,2007-04-01,183,Open
T076,06-07,2007-04-01,183,Open
T077,06-07,2007-04-01,183,Groomed
T078,06-07,2007-04-01,183,Groomed
T079,06-07,2007-04-01,183,Groomed
T080,06-07,2007-04-01,183,Open
T081,06-07,2007-04-01,183,Open
T083,06-07,2007-04-01,183,Open
T084,06-07,2007-04-01,183,Open
T085,06-07,2007-04-01,183,Open
T086,06-07,2007-04-01,183,Open
T087,06-07,2007-04-01,183,Open
T088,06-07,2007-04-01,183,Open
T089,06-07,2007-04-01,183,Open
T090,06-07,2007-04-01,183,Open
T091,06-07,2007-04-01,183,Open
T092,06-07,2007-04-01,183,Open
T127,06-07,2007-04-01,183,Open
T134,06-07,2007-04-01,183,Open
T135,06-07,2007-04-01,183,Open
T136,06-07,2007-04-01,183,Open
T137,06-07,2007-04-01,183,Open
T148,06-07,2007-04-01,183,Open
T152,06-07,2007-04-01,183,Groomed
T156,06-07,2007-04-01,183,Closed
T157,06-07,2007-04-01,183,Open
T002,06-07,2007-04-02,184,Closed
T003,06-07,2007-04-02,184,Open
T004,06-07,2007-04-02,184,Groomed
T005,06-07,2007-04-02,184,Groomed
T006,06-07,2007-04-02,184,Open
T007,06-07,2007-04-02,184,Groomed
T008,06-07,2007-04-02,184,Groomed
T009,06-07,2007-04-02,184,Groomed
T010,06-07,2007-04-02,184,Groomed
T011,06-07,2007-04-02,184,Groomed
T012,06-07,2007-04-02,184,Groomed
T013,06-07,2007-04-02,184,Groomed
T015,06-07,2007-04-02,184,Open
T016,06-07,2007-04-02,184,Open
T017,06-07,2007-04-02,184,Open
T018,06-07,2007-04-02,184,Groomed
T019,06-07,2007-04-02,184,Closed
T020,06-07,2007-04-02,184,Open
T021,06-07,2007-04-02,184,Groomed
T022,06-07,2007-04-02,184,Groomed
T023,06-07,2007-04-02,184,Groomed
T024,06-07,2007-04-02,184,Groomed
T025,06-07,2007-04-02,184,Groomed
T026,06-07,2007-04-02,184,Groomed
T027,06-07,2007-04-02,184,Groomed
T028,06-07,2007-04-02,184,Groomed
T029,06-07,2007-04-02,184,Open
T030,06-07,2007-04-02,184,Groomed
T031,06-07,2007-04-02,184,Groomed
T032,06-07,2007-04-02,184,Closed
T033,06-07,2007-04-02,184,Groomed
T034,06-07,2007-04-02,184,Groomed
T035,06-07,2007-04-02,184,Groomed
T036,06-07,2007-04-02,184,Groomed
T037,06-07,2007-04-02,184,Open
T038,06-07,2007-04-02,184,Open
T039,06-07,2007-04-02,184,Open
T040,06-07,2007-04-02,184,Groomed
T042,06-07,2007-04-02,184,Closed
T043,06-07,2007-04-02,184,Closed
T044,06-07,2007-04-02,184,Open
T045,06-07,2007-04-02,184,Open
T046,06-07,2007-04-02,184,Closed
T047,06-07,2007-04-02,184,Closed
T061,06-07,2007-04-02,184,Groomed
T063,06-07,2007-04-02,184,Groomed
T064,06-07,2007-04-02,184,Groomed
T065,06-07,2007-04-02,184,Groomed
T066,06-07,2007-04-02,184,Open
T067,06-07,2007-04-02,184,Groomed
T068,06-07,2007-04-02,184,Open
T069,06-07,2007-04-02,184,Open
T070,06-07,2007-04-02,184,Open
T071,06-07,2007-04-02,184,Open
T072,06-07,2007-04-02,184,Open
T073,06-07,2007-04-02,184,Open
T074,06-07,2007-04-02,184,Open
T075,06-07,2007-04-02,184,Open
T076,06-07,2007-04-02,184,Open
T077,06-07,2007-04-02,184,Groomed
T078,06-07,2007-04-02,184,Groomed
T079,06-07,2007-04-02,184,Groomed
T080,06-07,2007-04-02,184,Open
T081,06-07,2007-04-02,184,Open
T083,06-07,2007-04-02,184,Open
T084,06-07,2007-04-02,184,Open
T085,06-07,2007-04-02,184,Open
T086,06-07,2007-04-02,184,Open
T087,06-07,2007-04-02,184,Open
T088,06-07,2007-04-02,184,Open
T089,06-07,2007-04-02,184,Open
T090,06-07,2007-04-02,184,Open
T091,06-07,2007-04-02,184,Open
T092,06-07,2007-04-02,184,Open
T127,06-07,2007-04-02,184,Open
T134,06-07,2007-04-02,184,Open
T135,06-07,2007-04-02,184,Open
T136,06-07,2007-04-02,184,Open
T137,06-07,2007-04-02,184,Open
T148,06-07,2007-04-02,184,Open
T152,06-07,2007-04-02,184,Groomed
T156,06-07,2007-04-02,184,Closed
T157,06-07,2007-04-02,184,Open
T002,06-07,2007-04-03,185,Closed
T003,06-07,2007-04-03,185,Groomed
T004,06-07,2007-04-03,185,Groomed
T005,06-07,2007-04-03,185,Groomed
T006,06-07,2007-04-03,185,Groomed
T007,06-07,2007-04-03,185,Groomed
T008,06-07,2007-04-03,185,Groomed
T009,06-07,2007-04-03,185,Groomed
T010,06-07,2007-04-03,185,Groomed
T011,06-07,2007-04-03,185,Groomed
T012,06-07,2007-04-03,185,Groomed
T013,06-07,2007-04-03,185,Groomed
T015,06-07,2007-04-03,185,Open
T016,06-07,2007-04-03,185,Open
T017,06-07,2007-04-03,185,Open
T018,06-07,2007-04-03,185,Open
T019,06-07,2007-04-03,185,Closed
T020,06-07,2007-04-03,185,Open
T021,06-07,2007-04-03,185,Groomed
T022,06-07,2007-04-03,185,Groomed
T023,06-07,2007-04-03,185,Groomed
T024,06-07,2007-04-03,185,Groomed
T025,06-07,2007-04-03,185,Groomed
T026,06-07,2007-04-03,185,Open
T027,06-07,2007-04-03,185,Groomed
T028,06-07,2007-04-03,185,Groomed
T029,06-07,2007-04-03,185,Open
T030,06-07,2007-04-03,185,Groomed
T031,06-07,2007-04-03,185,Groomed
T032,06-07,2007-04-03,185,Closed
T033,06-07,2007-04-03,185,Groomed
T034,06-07,2007-04-03,185,Groomed
T035,06-07,2007-04-03,185,Groomed
T036,06-07,2007-04-03,185,Groomed
T037,06-07,2007-04-03,185,Open
T038,06-07,2007-04-03,185,Open
T039,06-07,2007-04-03,185,Open
T040,06-07,2007-04-03,185,Groomed
T042,06-07,2007-04-03,185,Closed
T043,06-07,2007-04-03,185,Closed
T044,06-07,2007-04-03,185,Open
T045,06-07,2007-04-03,185,Open
T046,06-07,2007-04-03,185,Closed
T047,06-07,2007-04-03,185,Closed
T061,06-07,2007-04-03,185,Groomed
T063,06-07,2007-04-03,185,Groomed
T064,06-07,2007-04-03,185,Groomed
T065,06-07,2007-04-03,185,Open
T066,06-07,2007-04-03,185,Groomed
T067,06-07,2007-04-03,185,Groomed
T068,06-07,2007-04-03,185,Open
T069,06-07,2007-04-03,185,Open
T070,06-07,2007-04-03,185,Open
T071,06-07,2007-04-03,185,Open
T072,06-07,2007-04-03,185,Open
T073,06-07,2007-04-03,185,Open
T074,06-07,2007-04-03,185,Open
T075,06-07,2007-04-03,185,Open
T076,06-07,2007-04-03,185,Open
T077,06-07,2007-04-03,185,Groomed
T078,06-07,2007-04-03,185,Groomed
T079,06-07,2007-04-03,185,Groomed
T080,06-07,2007-04-03,185,Open
T081,06-07,2007-04-03,185,Open
T083,06-07,2007-04-03,185,Open
T084,06-07,2007-04-03,185,Open
T085,06-07,2007-04-03,185,Open
T086,06-07,2007-04-03,185,Open
T087,06-07,2007-04-03,185,Open
T088,06-07,2007-04-03,185,Open
T089,06-07,2007-04-03,185,Open
T090,06-07,2007-04-03,185,Open
T091,06-07,2007-04-03,185,Open
T092,06-07,2007-04-03,185,Open
T127,06-07,2007-04-03,185,Open
T134,06-07,2007-04-03,185,Open
T135,06-07,2007-04-03,185,Open
T136,06-07,2007-04-03,185,Open
T137,06-07,2007-04-03,185,Open
T148,06-07,2007-04-03,185,Closed
T152,06-07,2007-04-03,185,Groomed
T156,06-07,2007-04-03,185,Closed
T157,06-07,2007-04-03,185,Open
T002,06-07,2007-04-04,186,Closed
T003,06-07,2007-04-04,186,Groomed
T004,06-07,2007-04-04,186,Groomed
T005,06-07,2007-04-04,186,Groomed
T006,06-07,2007-04-04,186,Groomed
T007,06-07,2007-04-04,186,Groomed
T008,06-07,2007-04-04,186,Open
T009,06-07,2007-04-04,186,Groomed
T010,06-07,2007-04-04,186,Open
T011,06-07,2007-04-04,186,Groomed
T012,06-07,2007-04-04,186,Groomed
T013,06-07,2007-04-04,186,Groomed
T015,06-07,2007-04-04,186,Open
T016,06-07,2007-04-04,186,Open
T017,06-07,2007-04-04,186,Open
T018,06-07,2007-04-04,186,Groomed
T019,06-07,2007-04-04,186,Closed
T020,06-07,2007-04-04,186,Open
T021,06-07,2007-04-04,186,Groomed
T022,06-07,2007-04-04,186,Groomed
T023,06-07,2007-04-04,186,Groomed
T024,06-07,2007-04-04,186,Groomed
T025,06-07,2007-04-04,186,Groomed
T026,06-07,2007-04-04,186,Groomed
T027,06-07,2007-04-04,186,Groomed
T028,06-07,2007-04-04,186,Groomed
T029,06-07,2007-04-04,186,Open
T030,06-07,2007-04-04,186,Groomed
T031,06-07,2007-04-04,186,Groomed
T032,06-07,2007-04-04,186,Closed
T033,06-07,2007-04-04,186,Groomed
T034,06-07,2007-04-04,186,Groomed
T035,06-07,2007-04-04,186,Open
T036,06-07,2007-04-04,186,Groomed
T037,06-07,2007-04-04,186,Open
T038,06-07,2007-04-04,186,Open
T039,06-07,2007-04-04,186,Open
T040,06-07,2007-04-04,186,Groomed
T042,06-07,2007-04-04,186,Closed
T043,06-07,2007-04-04,186,Closed
T044,06-07,2007-04-04,186,Open
T045,06-07,2007-04-04,186,Open
T046,06-07,2007-04-04,186,Closed
T047,06-07,2007-04-04,186,Closed
T061,06-07,2007-04-04,186,Groomed
T063,06-07,2007-04-04,186,Groomed
T064,06-07,2007-04-04,186,Groomed
T065,06-07,2007-04-04,186,Groomed
T066,06-07,2007-04-04,186,Open
T067,06-07,2007-04-04,186,Groomed
T068,06-07,2007-04-04,186,Open
T069,06-07,2007-04-04,186,Open
T070,06-07,2007-04-04,186,Open
T071,06-07,2007-04-04,186,Open
T072,06-07,2007-04-04,186,Open
T073,06-07,2007-04-04,186,Open
T074,06-07,2007-04-04,186,Open
T075,06-07,2007-04-04,186,Open
T076,06-07,2007-04-04,186,Open
T077,06-07,2007-04-04,186,Groomed
T078,06-07,2007-04-04,186,Groomed
T079,06-07,2007-04-04,186,Groomed
T080,06-07,2007-04-04,186,Open
T081,06-07,2007-04-04,186,Open
T083,06-07,2007-04-04,186,Open
T084,06-07,2007-04-04,186,Open
T085,06-07,2007-04-04,186,Open
T086,06-07,2007-04-04,186,Open
T087,06-07,2007-04-04,186,Open
T088,06-07,2007-04-04,186,Open
T089,06-07,2007-04-04,186,Open
T090,06-07,2007-04-04,186,Open
T091,06-07,2007-04-04,186,Open
T092,06-07,2007-04-04,186,Open
T127,06-07,2007-04-04,186,Open
T134,06-07,2007-04-04,186,Open
T135,06-07,2007-04-04,186,Open
T136,06-07,2007-04-04,186,Open
T137,06-07,2007-04-04,186,Open
T148,06-07,2007-04-04,186,Closed
T152,06-07,2007-04-04,186,Groomed
T156,06-07,2007-04-04,186,Closed
T157,06-07,2007-04-04,186,Open
T002,06-07,2007-04-05,187,Closed
T003,06-07,2007-04-05,187,Groomed
T004,06-07,2007-04-05,187,Groomed
T005,06-07,2007-04-05,187,Groomed
T006,06-07,2007-04-05,187,Groomed
T007,06-07,2007-04-05,187,Groomed
T008,06-07,2007-04-05,187,Open
T009,06-07,2007-04-05,187,Groomed
T010,06-07,2007-04-05,187,Open
T011,06-07,2007-04-05,187,Groomed
T012,06-07,2007-04-05,187,Groomed
T013,06-07,2007-04-05,187,Groomed
T015,06-07,2007-04-05,187,Open
T016,06-07,2007-04-05,187,Open
T017,06-07,2007-04-05,187,Open
T018,06-07,2007-04-05,187,Open
T019,06-07,2007-04-05,187,Closed
T020,06-07,2007-04-05,187,Open
T021,06-07,2007-04-05,187,Groomed
T022,06-07,2007-04-05,187,Groomed
T023,06-07,2007-04-05,187,Groomed
T024,06-07,2007-04-05,187,Groomed
T025,06-07,2007-04-05,187,Groomed
T026,06-07,2007-04-05,187,Open
T027,06-07,2007-04-05,187,Groomed
T028,06-07,2007-04-05,187,Groomed
T029,06-07,2007-04-05,187,Open
T030,06-07,2007-04-05,187,Groomed
T031,06-07,2007-04-05,187,Groomed
T032,06-07,2007-04-05,187,Closed
T033,06-07,2007-04-05,187,Groomed
T034,06-07,2007-04-05,187,Groomed
T035,06-07,2007-04-05,187,Open
T036,06-07,2007-04-05,187,Groomed
T037,06-07,2007-04-05,187,Open
T038,06-07,2007-04-05,187,Open
T039,06-07,2007-04-05,187,Open
T040,06-07,2007-04-05,187,Groomed
T042,06-07,2007-04-05,187,Closed
T043,06-07,2007-04-05,187,Closed
T044,06-07,2007-04-05,187,Open
T045,06-07,2007-04-05,187,Open
T046,06-07,2007-04-05,187,Closed
T047,06-07,2007-04-05,187,Closed
T061,06-07,2007-04-05,187,Groomed
T063,06-07,2007-04-05,187,Groomed
T064,06-07,2007-04-05,187,Groomed
T065,06-07,2007-04-05,187,Open
T066,06-07,2007-04-05,187,Groomed
T067,06-07,2007-04-05,187,Open
T068,06-07,2007-04-05,187,Open
T069,06-07,2007-04-05,187,Open
T070,06-07,2007-04-05,187,Open
T071,06-07,2007-04-05,187,Open
T072,06-07,2007-04-05,187,Open
T073,06-07,2007-04-05,187,Open
T074,06-07,2007-04-05,187,Open
T075,06-07,2007-04-05,187,Open
T076,06-07,2007-04-05,187,Open
T077,06-07,2007-04-05,187,Groomed
T078,06-07,2007-04-05,187,Groomed
T079,06-07,2007-04-05,187,Open
T080,06-07,2007-04-05,187,Open
T081,06-07,2007-04-05,187,Open
T083,06-07,2007-04-05,187,Groomed
T084,06-07,2007-04-05,187,Open
T085,06-07,2007-04-05,187,Open
T086,06-07,2007-04-05,187,Open
T087,06-07,2007-04-05,187,Open
T088,06-07,2007-04-05,187,Open
T089,06-07,2007-04-05,187,Open
T090,06-07,2007-04-05,187,Open
T091,06-07,2007-04-05,187,Open
T092,06-07,2007-04-05,187,Open
T127,06-07,2007-04-05,187,Open
T134,06-07,2007-04-05,187,Open
T135,06-07,2007-04-05,187,Open
T136,06-07,2007-04-05,187,Open
T137,06-07,2007-04-05,187,Open
T148,06-07,2007-04-05,187,Closed
T152,06-07,2007-04-05,187,Groomed
T156,06-07,2007-04-05,187,Closed
T157,06-07,2007-04-05,187,Open
T002,06-07,2007-04-06,188,Closed
T003,06-07,2007-04-06,188,Groomed
T004,06-07,2007-04-06,188,Groomed
T005,06-07,2007-04-06,188,Groomed
T006,06-07,2007-04-06,188,Groomed
T007,06-07,2007-04-06,188,Groomed
T008,06-07,2007-04-06,188,Open
T009,06-07,2007-04-06,188,Groomed
T010,06-07,2007-04-06,188,Open
T011,06-07,2007-04-06,188,Groomed
T012,06-07,2007-04-06,188,Groomed
T013,06-07,2007-04-06,188,Groomed
T015,06-07,2007-04-06,188,Open
T016,06-07,2007-04-06,188,Open
T017,06-07,2007-04-06,188,Open
T018,06-07,2007-04-06,188,Open
T019,06-07,2007-04-06,188,Closed
T020,06-07,2007-04-06,188,Groomed
T021,06-07,2007-04-06,188,Groomed
T022,06-07,2007-04-06,188,Groomed
T023,06-07,2007-04-06,188,Groomed
T024,06-07,2007-04-06,188,Open
T025,06-07,2007-04-06,188,Groomed
T026,06-07,2007-04-06,188,Open
T027,06-07,2007-04-06,188,Groomed
T028,06-07,2007-04-06,188,Groomed
T029,06-07,2007-04-06,188,Open
T030,06-07,2007-04-06,188,Groomed
T031,06-07,2007-04-06,188,Groomed
T032,06-07,2007-04-06,188,Closed
T033,06-07,2007-04-06,188,Groomed
T034,06-07,2007-04-06,188,Groomed
T035,06-07,2007-04-06,188,Open
T036,06-07,2007-04-06,188,Groomed
T037,06-07,2007-04-06,188,Open
T038,06-07,2007-04-06,188,Open
T039,06-07,2007-04-06,188,Open
T040,06-07,2007-04-06,188,Open
T042,06-07,2007-04-06,188,Closed
T043,06-07,2007-04-06,188,Closed
T044,06-07,2007-04-06,188,Open
T045,06-07,2007-04-06,188,Open
T046,06-07,2007-04-06,188,Closed
T047,06-07,2007-04-06,188,Closed
T061,06-07,2007-04-06,188,Groomed
T063,06-07,2007-04-06,188,Groomed
T064,06-07,2007-04-06,188,Open
T065,06-07,2007-04-06,188,Groomed
T066,06-07,2007-04-06,188,Groomed
T067,06-07,2007-04-06,188,Groomed
T068,06-07,2007-04-06,188,Open
T069,06-07,2007-04-06,188,Open
T070,06-07,2007-04-06,188,Open
T071,06-07,2007-04-06,188,Open
T072,06-07,2007-04-06,188,Open
T073,06-07,2007-04-06,188,Open
T074,06-07,2007-04-06,188,Open
T075,06-07,2007-04-06,188,Open
T076,06-07,2007-04-06,188,Open
T077,06-07,2007-04-06,188,Groomed
T078,06-07,2007-04-06,188,Groomed
T079,06-07,2007-04-06,188,Groomed
T080,06-07,2007-04-06,188,Open
T081,06-07,2007-04-06,188,Open
T083,06-07,2007-04-06,188,Groomed
T084,06-07,2007-04-06,188,Open
T085,06-07,2007-04-06,188,Open
T086,06-07,2007-04-06,188,Open
T087,06-07,2007-04-06,188,Open
T088,06-07,2007-04-06,188,Open
T089,06-07,2007-04-06,188,Open
T090,06-07,2007-04-06,188,Open
T091,06-07,2007-04-06,188,Open
T092,06-07,2007-04-06,188,Open
T127,06-07,2007-04-06,188,Open
T134,06-07,2007-04-06,188,Open
T135,06-07,2007-04-06,188,Open
T136,06-07,2007-04-06,188,Open
T137,06-07,2007-04-06,188,Open
T148,06-07,2007-04-06,188,Closed
T152,06-07,2007-04-06,188,Groomed
T156,06-07,2007-04-06,188,Closed
T157,06-07,2007-04-06,188,Open
T002,06-07,2007-04-07,189,Closed
T003,06-07,2007-04-07,189,Groomed
T004,06-07,2007-04-07,189,Groomed
T005,06-07,2007-04-07,189,Groomed
T006,06-07,2007-04-07,189,Open
T007,06-07,2007-04-07,189,Groomed
T008,06-07,2007-04-07,189,Open
T009,06-07,2007-04-07,189,Groomed
T010,06-07,2007-04-07,189,Open
T011,06-07,2007-04-07,189,Groomed
T012,06-07,2007-04-07,189,Groomed
T013,06-07,2007-04-07,189,Groomed
T015,06-07,2007-04-07,189,Open
T016,06-07,2007-04-07,189,Open
T017,06-07,2007-04-07,189,Open
T018,06-07,2007-04-07,189,Open
T019,06-07,2007-04-07,189,Closed
T020,06-07,2007-04-07,189,Groomed
T021,06-07,2007-04-07,189,Groomed
T022,06-07,2007-04-07,189,Groomed
T023,06-07,2007-04-07,189,Groomed
T024,06-07,2007-04-07,189,Open
T025,06-07,2007-04-07,189,Groomed
T026,06-07,2007-04-07,189,Open
T027,06-07,2007-04-07,189,Groomed
T028,06-07,2007-04-07,189,Groomed
T029,06-07,2007-04-07,189,Open
T030,06-07,2007-04-07,189,Groomed
T031,06-07,2007-04-07,189,Groomed
T032,06-07,2007-04-07,189,Closed
T033,06-07,2007-04-07,189,Groomed
T034,06-07,2007-04-07,189,Groomed
T035,06-07,2007-04-07,189,Open
T036,06-07,2007-04-07,189,Groomed
T037,06-07,2007-04-07,189,Open
T038,06-07,2007-04-07,189,Open
T039,06-07,2007-04-07,189,Open
T040,06-07,2007-04-07,189,Groomed
T042,06-07,2007-04-07,189,Closed
T043,06-07,2007-04-07,189,Closed
T044,06-07,2007-04-07,189,Open
T045,06-07,2007-04-07,189,Open
T046,06-07,2007-04-07,189,Closed
T047,06-07,2007-04-07,189,Closed
T061,06-07,2007-04-07,189,Groomed
T063,06-07,2007-04-07,189,Groomed
T064,06-07,2007-04-07,189,Groomed
T065,06-07,2007-04-07,189,Open
T066,06-07,2007-04-07,189,Groomed
T067,06-07,2007-04-07,189,Groomed
T068,06-07,2007-04-07,189,Open
T069,06-07,2007-04-07,189,Open
T070,06-07,2007-04-07,189,Open
T071,06-07,2007-04-07,189,Open
T072,06-07,2007-04-07,189,Open
T073,06-07,2007-04-07,189,Open
T074,06-07,2007-04-07,189,Open
T075,06-07,2007-04-07,189,Open
T076,06-07,2007-04-07,189,Open
T077,06-07,2007-04-07,189,Groomed
T078,06-07,2007-04-07,189,Groomed
T079,06-07,2007-04-07,189,Groomed
T080,06-07,2007-04-07,189,Open
T081,06-07,2007-04-07,189,Open
T083,06-07,2007-04-07,189,Groomed
T084,06-07,2007-04-07,189,Open
T085,06-07,2007-04-07,189,Open
T086,06-07,2007-04-07,189,Open
T087,06-07,2007-04-07,189,Open
T088,06-07,2007-04-07,189,Open
T089,06-07,2007-04-07,189,Open
T090,06-07,2007-04-07,189,Open
T091,06-07,2007-04-07,189,Open
T092,06-07,2007-04-07,189,Open
T127,06-07,2007-04-07,189,Open
T134,06-07,2007-04-07,189,Open
T135,06-07,2007-04-07,189,Open
T136,06-07,2007-04-07,189,Open
T137,06-07,2007-04-07,189,Open
T148,06-07,2007-04-07,189,Closed
T152,06-07,2007-04-07,189,Groomed
T156,06-07,2007-04-07,189,Closed
T157,06-07,2007-04-07,189,Open
T002,06-07,2007-04-08,190,Closed
T003,06-07,2007-04-08,190,Groomed
T004,06-07,2007-04-08,190,Groomed
T005,06-07,2007-04-08,190,Groomed
T006,06-07,2007-04-08,190,Groomed
T007,06-07,2007-04-08,190,Groomed
T008,06-07,2007-04-08,190,Groomed
T009,06-07,2007-04-08,190,Groomed
T010,06-07,2007-04-08,190,Groomed
T011,06-07,2007-04-08,190,Groomed
T012,06-07,2007-04-08,190,Groomed
T013,06-07,2007-04-08,190,Groomed
T015,06-07,2007-04-08,190,Open
T016,06-07,2007-04-08,190,Open
T017,06-07,2007-04-08,190,Open
T018,06-07,2007-04-08,190,Groomed
T019,06-07,2007-04-08,190,Closed
T020,06-07,2007-04-08,190,Groomed
T021,06-07,2007-04-08,190,Groomed
T022,06-07,2007-04-08,190,Groomed
T023,06-07,2007-04-08,190,Groomed
T024,06-07,2007-04-08,190,Groomed
T025,06-07,2007-04-08,190,Groomed
T026,06-07,2007-04-08,190,Groomed
T027,06-07,2007-04-08,190,Groomed
T028,06-07,2007-04-08,190,Groomed
T029,06-07,2007-04-08,190,Open
T030,06-07,2007-04-08,190,Groomed
T031,06-07,2007-04-08,190,Groomed
T032,06-07,2007-04-08,190,Closed
T033,06-07,2007-04-08,190,Groomed
T034,06-07,2007-04-08,190,Groomed
T035,06-07,2007-04-08,190,Groomed
T036,06-07,2007-04-08,190,Groomed
T037,06-07,2007-04-08,190,Open
T038,06-07,2007-04-08,190,Groomed
T039,06-07,2007-04-08,190,Open
T040,06-07,2007-04-08,190,Groomed
T042,06-07,2007-04-08,190,Closed
T043,06-07,2007-04-08,190,Closed
T044,06-07,2007-04-08,190,Open
T045,06-07,2007-04-08,190,Open
T046,06-07,2007-04-08,190,Closed
T047,06-07,2007-04-08,190,Closed
T061,06-07,2007-04-08,190,Groomed
T063,06-07,2007-04-08,190,Groomed
T064,06-07,2007-04-08,190,Groomed
T065,06-07,2007-04-08,190,Groomed
T066,06-07,2007-04-08,190,Groomed
T067,06-07,2007-04-08,190,Groomed
T068,06-07,2007-04-08,190,Open
T069,06-07,2007-04-08,190,Open
T070,06-07,2007-04-08,190,Open
T071,06-07,2007-04-08,190,Open
T072,06-07,2007-04-08,190,Open
T073,06-07,2007-04-08,190,Open
T074,06-07,2007-04-08,190,Open
T075,06-07,2007-04-08,190,Open
T076,06-07,2007-04-08,190,Open
T077,06-07,2007-04-08,190,Groomed
T078,06-07,2007-04-08,190,Groomed
T079,06-07,2007-04-08,190,Groomed
T080,06-07,2007-04-08,190,Open
T081,06-07,2007-04-08,190,Open
T083,06-07,2007-04-08,190,Groomed
T084,06-07,2007-04-08,190,Open
T085,06-07,2007-04-08,190,Open
T086,06-07,2007-04-08,190,Open
T087,06-07,2007-04-08,190,Open
T088,06-07,2007-04-08,190,Open
T089,06-07,2007-04-08,190,Open
T090,06-07,2007-04-08,190,Open
T091,06-07,2007-04-08,190,Open
T092,06-07,2007-04-08,190,Open
T127,06-07,2007-04-08,190,Open
T134,06-07,2007-04-08,190,Open
T135,06-07,2007-04-08,190,Open
T136,06-07,2007-04-08,190,Open
T137,06-07,2007-04-08,190,Open
T148,06-07,2007-04-08,190,Closed
T152,06-07,2007-04-08,190,Groomed
T156,06-07,2007-04-08,190,Closed
T157,06-07,2007-04-08,190,Open
T002,06-07,2007-04-09,191,Closed
T003,06-07,2007-04-09,191,Groomed
T004,06-07,2007-04-09,191,Groomed
T005,06-07,2007-04-09,191,Groomed
T006,06-07,2007-04-09,191,Open
T007,06-07,2007-04-09,191,Groomed
T008,06-07,2007-04-09,191,Groomed
T009,06-07,2007-04-09,191,Groomed
T010,06-07,2007-04-09,191,Groomed
T011,06-07,2007-04-09,191,Open
T012,06-07,2007-04-09,191,Groomed
T013,06-07,2007-04-09,191,Groomed
T015,06-07,2007-04-09,191,Open
T016,06-07,2007-04-09,191,Open
T017,06-07,2007-04-09,191,Open
T018,06-07,2007-04-09,191,Groomed
T019,06-07,2007-04-09,191,Closed
T020,06-07,2007-04-09,191,Groomed
T021,06-07,2007-04-09,191,Groomed
T022,06-07,2007-04-09,191,Groomed
T023,06-07,2007-04-09,191,Groomed
T024,06-07,2007-04-09,191,Groomed
T025,06-07,2007-04-09,191,Open
T026,06-07,2007-04-09,191,Groomed
T027,06-07,2007-04-09,191,Groomed
T028,06-07,2007-04-09,191,Groomed
T029,06-07,2007-04-09,191,Open
T030,06-07,2007-04-09,191,Groomed
T031,06-07,2007-04-09,191,Groomed
T032,06-07,2007-04-09,191,Closed
T033,06-07,2007-04-09,191,Groomed
T034,06-07,2007-04-09,191,Groomed
T035,06-07,2007-04-09,191,Groomed
T036,06-07,2007-04-09,191,Groomed
T037,06-07,2007-04-09,191,Open
T038,06-07,2007-04-09,191,Groomed
T039,06-07,2007-04-09,191,Open
T040,06-07,2007-04-09,191,Groomed
T042,06-07,2007-04-09,191,Closed
T043,06-07,2007-04-09,191,Closed
T044,06-07,2007-04-09,191,Open
T045,06-07,2007-04-09,191,Open
T046,06-07,2007-04-09,191,Closed
T047,06-07,2007-04-09,191,Closed
T061,06-07,2007-04-09,191,Groomed
T063,06-07,2007-04-09,191,Groomed
T064,06-07,2007-04-09,191,Groomed
T065,06-07,2007-04-09,191,Groomed
T066,06-07,2007-04-09,191,Groomed
T067,06-07,2007-04-09,191,Open
T068,06-07,2007-04-09,191,Open
T069,06-07,2007-04-09,191,Open
T070,06-07,2007-04-09,191,Open
T071,06-07,2007-04-09,191,Open
T072,06-07,2007-04-09,191,Open
T073,06-07,2007-04-09,191,Open
T074,06-07,2007-04-09,191,Open
T075,06-07,2007-04-09,191,Open
T076,06-07,2007-04-09,191,Open
T077,06-07,2007-04-09,191,Groomed
T078,06-07,2007-04-09,191,Groomed
T079,06-07,2007-04-09,191,Groomed
T080,06-07,2007-04-09,191,Open
T081,06-07,2007-04-09,191,Open
T083,06-07,2007-04-09,191,Groomed
T084,06-07,2007-04-09,191,Open
T085,06-07,2007-04-09,191,Open
T086,06-07,2007-04-09,191,Open
T087,06-07,2007-04-09,191,Open
T088,06-07,2007-04-09,191,Open
T089,06-07,2007-04-09,191,Open
T090,06-07,2007-04-09,191,Open
T091,06-07,2007-04-09,191,Open
T092,06-07,2007-04-09,191,Open
T127,06-07,2007-04-09,191,Open
T134,06-07,2007-04-09,191,Open
T135,06-07,2007-04-09,191,Open
T136,06-07,2007-04-09,191,Open
T137,06-07,2007-04-09,191,Open
T148,06-07,2007-04-09,191,Closed
T152,06-07,2007-04-09,191,Groomed
T156,06-07,2007-04-09,191,Closed
T157,06-07,2007-04-09,191,Open
T002,06-07,2007-04-10,192,Closed
T003,06-07,2007-04-10,192,Groomed
T004,06-07,2007-04-10,192,Groomed
T005,06-07,2007-04-10,192,Groomed
T006,06-07,2007-04-10,192,Open
T007,06-07,2007-04-10,192,Groomed
T008,06-07,2007-04-10,192,Groomed
T009,06-07,2007-04-10,192,Groomed
T010,06-07,2007-04-10,192,Groomed
T011,06-07,2007-04-10,192,Open
T012,06-07,2007-04-10,192,Groomed
T013,06-07,2007-04-10,192,Groomed
T015,06-07,2007-04-10,192,Open
T016,06-07,2007-04-10,192,Open
T017,06-07,2007-04-10,192,Open
T018,06-07,2007-04-10,192,Open
T019,06-07,2007-04-10,192,Closed
T020,06-07,2007-04-10,192,Groomed
T021,06-07,2007-04-10,192,Groomed
T022,06-07,2007-04-10,192,Groomed
T023,06-07,2007-04-10,192,Groomed
T024,06-07,2007-04-10,192,Groomed
T025,06-07,2007-04-10,192,Groomed
T026,06-07,2007-04-10,192,Open
T027,06-07,2007-04-10,192,Groomed
T028,06-07,2007-04-10,192,Open
T029,06-07,2007-04-10,192,Open
T030,06-07,2007-04-10,192,Open
T031,06-07,2007-04-10,192,Groomed
T032,06-07,2007-04-10,192,Closed
T033,06-07,2007-04-10,192,Groomed
T034,06-07,2007-04-10,192,Groomed
T035,06-07,2007-04-10,192,Groomed
T036,06-07,2007-04-10,192,Groomed
T037,06-07,2007-04-10,192,Open
T038,06-07,2007-04-10,192,Groomed
T039,06-07,2007-04-10,192,Groomed
T040,06-07,2007-04-10,192,Open
T042,06-07,2007-04-10,192,Closed
T043,06-07,2007-04-10,192,Closed
T044,06-07,2007-04-10,192,Open
T045,06-07,2007-04-10,192,Open
T046,06-07,2007-04-10,192,Closed
T047,06-07,2007-04-10,192,Closed
T061,06-07,2007-04-10,192,Groomed
T063,06-07,2007-04-10,192,Groomed
T064,06-07,2007-04-10,192,Open
T065,06-07,2007-04-10,192,Open
T066,06-07,2007-04-10,192,Groomed
T067,06-07,2007-04-10,192,Open
T068,06-07,2007-04-10,192,Open
T069,06-07,2007-04-10,192,Open
T070,06-07,2007-04-10,192,Open
T071,06-07,2007-04-10,192,Open
T072,06-07,2007-04-10,192,Open
T073,06-07,2007-04-10,192,Open
T074,06-07,2007-04-10,192,Open
T075,06-07,2007-04-10,192,Open
T076,06-07,2007-04-10,192,Open
T077,06-07,2007-04-10,192,Groomed
T078,06-07,2007-04-10,192,Groomed
T079,06-07,2007-04-10,192,Groomed
T080,06-07,2007-04-10,192,Open
T081,06-07,2007-04-10,192,Open
T083,06-07,2007-04-10,192,Groomed
T084,06-07,2007-04-10,192,Open
T085,06-07,2007-04-10,192,Open
T086,06-07,2007-04-10,192,Open
T087,06-07,2007-04-10,192,Open
T088,06-07,2007-04-10,192,Open
T089,06-07,2007-04-10,192,Open
T090,06-07,2007-04-10,192,Open
T091,06-07,2007-04-10,192,Open
T092,06-07,2007-04-10,192,Open
T127,06-07,2007-04-10,192,Open
T134,06-07,2007-04-10,192,Open
T135,06-07,2007-04-10,192,Open
T136,06-07,2007-04-10,192,Open
T137,06-07,2007-04-10,192,Open
T148,06-07,2007-04-10,192,Closed
T152,06-07,2007-04-10,192,Groomed
T156,06-07,2007-04-10,192,Closed
T157,06-07,2007-04-10,192,Open
T002,06-07,2007-04-11,193,Closed
T003,06-07,2007-04-11,193,Groomed
T004,06-07,2007-04-11,193,Groomed
T005,06-07,2007-04-11,193,Groomed
T006,06-07,2007-04-11,193,Groomed
T007,06-07,2007-04-11,193,Groomed
T008,06-07,2007-04-11,193,Open
T009,06-07,2007-04-11,193,Groomed
T010,06-07,2007-04-11,193,Open
T011,06-07,2007-04-11,193,Open
T012,06-07,2007-04-11,193,Groomed
T013,06-07,2007-04-11,193,Groomed
T015,06-07,2007-04-11,193,Open
T016,06-07,2007-04-11,193,Open
T017,06-07,2007-04-11,193,Open
T018,06-07,2007-04-11,193,Open
T019,06-07,2007-04-11,193,Closed
T020,06-07,2007-04-11,193,Groomed
T021,06-07,2007-04-11,193,Groomed
T022,06-07,2007-04-11,193,Groomed
T023,06-07,2007-04-11,193,Groomed
T024,06-07,2007-04-11,193,Open
T025,06-07,2007-04-11,193,Groomed
T026,06-07,2007-04-11,193,Open
T027,06-07,2007-04-11,193,Open
T028,06-07,2007-04-11,193,Open
T029,06-07,2007-04-11,193,Open
T030,06-07,2007-04-11,193,Open
T031,06-07,2007-04-11,193,Groomed
T032,06-07,2007-04-11,193,Closed
T033,06-07,2007-04-11,193,Groomed
T034,06-07,2007-04-11,193,Groomed
T035,06-07,2007-04-11,193,Open
T036,06-07,2007-04-11,193,Groomed
T037,06-07,2007-04-11,193,Open
T038,06-07,2007-04-11,193,Open
T039,06-07,2007-04-11,193,Open
T040,06-07,2007-04-11,193,Open
T042,06-07,2007-04-11,193,Closed
T043,06-07,2007-04-11,193,Closed
T044,06-07,2007-04-11,193,Open
T045,06-07,2007-04-11,193,Open
T046,06-07,2007-04-11,193,Closed
T047,06-07,2007-04-11,193,Closed
T061,06-07,2007-04-11,193,Groomed
T063,06-07,2007-04-11,193,Groomed
T064,06-07,2007-04-11,193,Groomed
T065,06-07,2007-04-11,193,Groomed
T066,06-07,2007-04-11,193,Groomed
T067,06-07,2007-04-11,193,Groomed
T068,06-07,2007-04-11,193,Open
T069,06-07,2007-04-11,193,Open
T070,06-07,2007-04-11,193,Open
T071,06-07,2007-04-11,193,Open
T072,06-07,2007-04-11,193,Open
T073,06-07,2007-04-11,193,Open
T074,06-07,2007-04-11,193,Open
T075,06-07,2007-04-11,193,Open
T076,06-07,2007-04-11,193,Open
T077,06-07,2007-04-11,193,Groomed
T078,06-07,2007-04-11,193,Groomed
T079,06-07,2007-04-11,193,Groomed
T080,06-07,2007-04-11,193,Open
T081,06-07,2007-04-11,193,Open
T083,06-07,2007-04-11,193,Groomed
T084,06-07,2007-04-11,193,Open
T085,06-07,2007-04-11,193,Open
T086,06-07,2007-04-11,193,Open
T087,06-07,2007-04-11,193,Open
T088,06-07,2007-04-11,193,Open
T089,06-07,2007-04-11,193,Open
T090,06-07,2007-04-11,193,Open
T091,06-07,2007-04-11,193,Open
T092,06-07,2007-04-11,193,Open
T127,06-07,2007-04-11,193,Open
T134,06-07,2007-04-11,193,Open
T135,06-07,2007-04-11,193,Open
T136,06-07,2007-04-11,193,Open
T137,06-07,2007-04-11,193,Open
T148,06-07,2007-04-11,193,Closed
T152,06-07,2007-04-11,193,Groomed
T156,06-07,2007-04-11,193,Closed
T157,06-07,2007-04-11,193,Open
T002,06-07,2007-04-12,194,Closed
T003,06-07,2007-04-12,194,Groomed
T004,06-07,2007-04-12,194,Groomed
T005,06-07,2007-04-12,194,Groomed
T006,06-07,2007-04-12,194,Groomed
T007,06-07,2007-04-12,194,Groomed
T008,06-07,2007-04-12,194,Open
T009,06-07,2007-04-12,194,Groomed
T010,06-07,2007-04-12,194,Open
T011,06-07,2007-04-12,194,Open
T012,06-07,2007-04-12,194,Groomed
T013,06-07,2007-04-12,194,Groomed
T015,06-07,2007-04-12,194,Open
T016,06-07,2007-04-12,194,Open
T017,06-07,2007-04-12,194,Open
T018,06-07,2007-04-12,194,Groomed
T019,06-07,2007-04-12,194,Closed
T020,06-07,2007-04-12,194,Groomed
T021,06-07,2007-04-12,194,Groomed
T022,06-07,2007-04-12,194,Groomed
T023,06-07,2007-04-12,194,Groomed
T024,06-07,2007-04-12,194,Open
T025,06-07,2007-04-12,194,Groomed
T026,06-07,2007-04-12,194,Open
T027,06-07,2007-04-12,194,Groomed
T028,06-07,2007-04-12,194,Groomed
T029,06-07,2007-04-12,194,Open
T030,06-07,2007-04-12,194,Groomed
T031,06-07,2007-04-12,194,Groomed
T032,06-07,2007-04-12,194,Closed
T033,06-07,2007-04-12,194,Groomed
T034,06-07,2007-04-12,194,Groomed
T035,06-07,2007-04-12,194,Groomed
T036,06-07,2007-04-12,194,Groomed
T037,06-07,2007-04-12,194,Open
T038,06-07,2007-04-12,194,Open
T039,06-07,2007-04-12,194,Open
T040,06-07,2007-04-12,194,Groomed
T042,06-07,2007-04-12,194,Closed
T043,06-07,2007-04-12,194,Closed
T044,06-07,2007-04-12,194,Open
T045,06-07,2007-04-12,194,Open
T046,06-07,2007-04-12,194,Closed
T047,06-07,2007-04-12,194,Closed
T061,06-07,2007-04-12,194,Groomed
T063,06-07,2007-04-12,194,Groomed
T064,06-07,2007-04-12,194,Groomed
T065,06-07,2007-04-12,194,Groomed
T066,06-07,2007-04-12,194,Groomed
T067,06-07,2007-04-12,194,Groomed
T068,06-07,2007-04-12,194,Open
T069,06-07,2007-04-12,194,Open
T070,06-07,2007-04-12,194,Open
T071,06-07,2007-04-12,194,Open
T072,06-07,2007-04-12,194,Open
T073,06-07,2007-04-12,194,Open
T074,06-07,2007-04-12,194,Open
T075,06-07,2007-04-12,194,Open
T076,06-07,2007-04-12,194,Open
T077,06-07,2007-04-12,194,Groomed
T078,06-07,2007-04-12,194,Groomed
T079,06-07,2007-04-12,194,Groomed
T080,06-07,2007-04-12,194,Open
T081,06-07,2007-04-12,194,Open
T083,06-07,2007-04-12,194,Groomed
T084,06-07,2007-04-12,194,Open
T085,06-07,2007-04-12,194,Open
T086,06-07,2007-04-12,194,Open
T087,06-07,2007-04-12,194,Open
T088,06-07,2007-04-12,194,Open
T089,06-07,2007-04-12,194,Open
T090,06-07,2007-04-12,194,Open
T091,06-07,2007-04-12,194,Open
T092,06-07,2007-04-12,194,Open
T127,06-07,2007-04-12,194,Open
T134,06-07,2007-04-12,194,Open
T135,06-07,2007-04-12,194,Open
T136,06-07,2007-04-12,194,Open
T137,06-07,2007-04-12,194,Open
T148,06-07,2007-04-12,194,Closed
T152,06-07,2007-04-12,194,Groomed
T156,06-07,2007-04-12,194,Closed
T157,06-07,2007-04-12,194,Open
T002,06-07,2007-04-13,195,Closed
T003,06-07,2007-04-13,195,Groomed
T004,06-07,2007-04-13,195,Groomed
T005,06-07,2007-04-13,195,Groomed
T006,06-07,2007-04-13,195,Groomed
T007,06-07,2007-04-13,195,Groomed
T008,06-07,2007-04-13,195,Open
T009,06-07,2007-04-13,195,Groomed
T010,06-07,2007-04-13,195,Open
T011,06-07,2007-04-13,195,Open
T012,06-07,2007-04-13,195,Groomed
T013,06-07,2007-04-13,195,Groomed
T015,06-07,2007-04-13,195,Open
T016,06-07,2007-04-13,195,Open
T017,06-07,2007-04-13,195,Open
T018,06-07,2007-04-13,195,Groomed
T019,06-07,2007-04-13,195,Closed
T020,06-07,2007-04-13,195,Groomed
T021,06-07,2007-04-13,195,Groomed
T022,06-07,2007-04-13,195,Groomed
T023,06-07,2007-04-13,195,Groomed
T024,06-07,2007-04-13,195,Groomed
T025,06-07,2007-04-13,195,Groomed
T026,06-07,2007-04-13,195,Groomed
T027,06-07,2007-04-13,195,Groomed
T028,06-07,2007-04-13,195,Groomed
T029,06-07,2007-04-13,195,Open
T030,06-07,2007-04-13,195,Groomed
T031,06-07,2007-04-13,195,Groomed
T032,06-07,2007-04-13,195,Closed
T033,06-07,2007-04-13,195,Groomed
T034,06-07,2007-04-13,195,Groomed
T035,06-07,2007-04-13,195,Open
T036,06-07,2007-04-13,195,Groomed
T037,06-07,2007-04-13,195,Open
T038,06-07,2007-04-13,195,Open
T039,06-07,2007-04-13,195,Open
T040,06-07,2007-04-13,195,Groomed
T042,06-07,2007-04-13,195,Closed
T043,06-07,2007-04-13,195,Closed
T044,06-07,2007-04-13,195,Open
T045,06-07,2007-04-13,195,Open
T046,06-07,2007-04-13,195,Closed
T047,06-07,2007-04-13,195,Closed
T061,06-07,2007-04-13,195,Groomed
T063,06-07,2007-04-13,195,Groomed
T064,06-07,2007-04-13,195,Groomed
T065,06-07,2007-04-13,195,Groomed
T066,06-07,2007-04-13,195,Groomed
T067,06-07,2007-04-13,195,Groomed
T068,06-07,2007-04-13,195,Open
T069,06-07,2007-04-13,195,Open
T070,06-07,2007-04-13,195,Open
T071,06-07,2007-04-13,195,Open
T072,06-07,2007-04-13,195,Open
T073,06-07,2007-04-13,195,Open
T074,06-07,2007-04-13,195,Open
T075,06-07,2007-04-13,195,Open
T076,06-07,2007-04-13,195,Open
T077,06-07,2007-04-13,195,Groomed
T078,06-07,2007-04-13,195,Groomed
T079,06-07,2007-04-13,195,Groomed
T080,06-07,2007-04-13,195,Open
T081,06-07,2007-04-13,195,Open
T083,06-07,2007-04-13,195,Groomed
T084,06-07,2007-04-13,195,Open
T085,06-07,2007-04-13,195,Open
T086,06-07,2007-04-13,195,Open
T087,06-07,2007-04-13,195,Open
T088,06-07,2007-04-13,195,Open
T089,06-07,2007-04-13,195,Open
T090,06-07,2007-04-13,195,Open
T091,06-07,2007-04-13,195,Open
T092,06-07,2007-04-13,195,Open
T127,06-07,2007-04-13,195,Open
T134,06-07,2007-04-13,195,Open
T135,06-07,2007-04-13,195,Open
T136,06-07,2007-04-13,195,Open
T137,06-07,2007-04-13,195,Open
T148,06-07,2007-04-13,195,Closed
T152,06-07,2007-04-13,195,Groomed
T156,06-07,2007-04-13,195,Closed
T157,06-07,2007-04-13,195,Open
T002,06-07,2007-04-14,196,Closed
T003,06-07,2007-04-14,196,Groomed
T004,06-07,2007-04-14,196,Groomed
T005,06-07,2007-04-14,196,Groomed
T006,06-07,2007-04-14,196,Groomed
T007,06-07,2007-04-14,196,Groomed
T008,06-07,2007-04-14,196,Open
T009,06-07,2007-04-14,196,Groomed
T010,06-07,2007-04-14,196,Open
T011,06-07,2007-04-14,196,Groomed
T012,06-07,2007-04-14,196,Groomed
T013,06-07,2007-04-14,196,Groomed
T015,06-07,2007-04-14,196,Open
T016,06-07,2007-04-14,196,Open
T017,06-07,2007-04-14,196,Open
T018,06-07,2007-04-14,196,Open
T019,06-07,2007-04-14,196,Closed
T020,06-07,2007-04-14,196,Open
T021,06-07,2007-04-14,196,Groomed
T022,06-07,2007-04-14,196,Groomed
T023,06-07,2007-04-14,196,Groomed
T024,06-07,2007-04-14,196,Groomed
T025,06-07,2007-04-14,196,Groomed
T026,06-07,2007-04-14,196,Groomed
T027,06-07,2007-04-14,196,Groomed
T028,06-07,2007-04-14,196,Open
T029,06-07,2007-04-14,196,Open
T030,06-07,2007-04-14,196,Groomed
T031,06-07,2007-04-14,196,Groomed
T032,06-07,2007-04-14,196,Closed
T033,06-07,2007-04-14,196,Groomed
T034,06-07,2007-04-14,196,Groomed
T035,06-07,2007-04-14,196,Open
T036,06-07,2007-04-14,196,Groomed
T037,06-07,2007-04-14,196,Open
T038,06-07,2007-04-14,196,Groomed
T039,06-07,2007-04-14,196,Open
T040,06-07,2007-04-14,196,Groomed
T042,06-07,2007-04-14,196,Closed
T043,06-07,2007-04-14,196,Closed
T044,06-07,2007-04-14,196,Open
T045,06-07,2007-04-14,196,Open
T046,06-07,2007-04-14,196,Closed
T047,06-07,2007-04-14,196,Closed
T061,06-07,2007-04-14,196,Groomed
T063,06-07,2007-04-14,196,Groomed
T064,06-07,2007-04-14,196,Groomed
T065,06-07,2007-04-14,196,Groomed
T066,06-07,2007-04-14,196,Groomed
T067,06-07,2007-04-14,196,Groomed
T068,06-07,2007-04-14,196,Open
T069,06-07,2007-04-14,196,Open
T070,06-07,2007-04-14,196,Open
T071,06-07,2007-04-14,196,Open
T072,06-07,2007-04-14,196,Open
T073,06-07,2007-04-14,196,Open
T074,06-07,2007-04-14,196,Open
T075,06-07,2007-04-14,196,Open
T076,06-07,2007-04-14,196,Open
T077,06-07,2007-04-14,196,Groomed
T078,06-07,2007-04-14,196,Groomed
T079,06-07,2007-04-14,196,Groomed
T080,06-07,2007-04-14,196,Open
T081,06-07,2007-04-14,196,Open
T083,06-07,2007-04-14,196,Groomed
T084,06-07,2007-04-14,196,Open
T085,06-07,2007-04-14,196,Open
T086,06-07,2007-04-14,196,Open
T087,06-07,2007-04-14,196,Open
T088,06-07,2007-04-14,196,Open
T089,06-07,2007-04-14,196,Open
T090,06-07,2007-04-14,196,Open
T091,06-07,2007-04-14,196,Open
T092,06-07,2007-04-14,196,Open
T127,06-07,2007-04-14,196,Open
T134,06-07,2007-04-14,196,Open
T135,06-07,2007-04-14,196,Open
T136,06-07,2007-04-14,196,Open
T137,06-07,2007-04-14,196,Open
T148,06-07,2007-04-14,196,Closed
T152,06-07,2007-04-14,196,Groomed
T156,06-07,2007-04-14,196,Closed
T157,06-07,2007-04-14,196,Open
T002,06-07,2007-04-15,197,Closed
T003,06-07,2007-04-15,197,Groomed
T004,06-07,2007-04-15,197,Groomed
T005,06-07,2007-04-15,197,Groomed
T006,06-07,2007-04-15,197,Groomed
T007,06-07,2007-04-15,197,Groomed
T008,06-07,2007-04-15,197,Open
T009,06-07,2007-04-15,197,Groomed
T010,06-07,2007-04-15,197,Open
T011,06-07,2007-04-15,197,Groomed
T012,06-07,2007-04-15,197,Groomed
T013,06-07,2007-04-15,197,Groomed
T015,06-07,2007-04-15,197,Open
T016,06-07,2007-04-15,197,Open
T017,06-07,2007-04-15,197,Open
T018,06-07,2007-04-15,197,Open
T019,06-07,2007-04-15,197,Closed
T020,06-07,2007-04-15,197,Open
T021,06-07,2007-04-15,197,Groomed
T022,06-07,2007-04-15,197,Groomed
T023,06-07,2007-04-15,197,Groomed
T024,06-07,2007-04-15,197,Groomed
T025,06-07,2007-04-15,197,Groomed
T026,06-07,2007-04-15,197,Groomed
T027,06-07,2007-04-15,197,Groomed
T028,06-07,2007-04-15,197,Open
T029,06-07,2007-04-15,197,Open
T030,06-07,2007-04-15,197,Groomed
T031,06-07,2007-04-15,197,Groomed
T032,06-07,2007-04-15,197,Closed
T033,06-07,2007-04-15,197,Groomed
T034,06-07,2007-04-15,197,Groomed
T035,06-07,2007-04-15,197,Open
T036,06-07,2007-04-15,197,Groomed
T037,06-07,2007-04-15,197,Open
T038,06-07,2007-04-15,197,Groomed
T039,06-07,2007-04-15,197,Open
T040,06-07,2007-04-15,197,Groomed
T042,06-07,2007-04-15,197,Closed
T043,06-07,2007-04-15,197,Closed
T044,06-07,2007-04-15,197,Open
T045,06-07,2007-04-15,197,Open
T046,06-07,2007-04-15,197,Closed
T047,06-07,2007-04-15,197,Closed
T061,06-07,2007-04-15,197,Groomed
T063,06-07,2007-04-15,197,Groomed
T064,06-07,2007-04-15,197,Groomed
T065,06-07,2007-04-15,197,Groomed
T066,06-07,2007-04-15,197,Groomed
T067,06-07,2007-04-15,197,Groomed
T068,06-07,2007-04-15,197,Open
T069,06-07,2007-04-15,197,Open
T070,06-07,2007-04-15,197,Open
T071,06-07,2007-04-15,197,Open
T072,06-07,2007-04-15,197,Open
T073,06-07,2007-04-15,197,Open
T074,06-07,2007-04-15,197,Open
T075,06-07,2007-04-15,197,Open
T076,06-07,2007-04-15,197,Open
T077,06-07,2007-04-15,197,Groomed
T078,06-07,2007-04-15,197,Groomed
T079,06-07,2007-04-15,197,Groomed
T080,06-07,2007-04-15,197,Open
T081,06-07,2007-04-15,197,Open
T083,06-07,2007-04-15,197,Groomed
T084,06-07,2007-04-15,197,Open
T085,06-07,2007-04-15,197,Open
T086,06-07,2007-04-15,197,Open
T087,06-07,2007-04-15,197,Open
T088,06-07,2007-04-15,197,Open
T089,06-07,2007-04-15,197,Open
T090,06-07,2007-04-15,197,Open
T091,06-07,2007-04-15,197,Open
T092,06-07,2007-04-15,197,Open
T127,06-07,2007-04-15,197,Open
T134,06-07,2007-04-15,197,Open
T135,06-07,2007-04-15,197,Open
T136,06-07,2007-04-15,197,Open
T137,06-07,2007-04-15,197,Open
T148,06-07,2007-04-15,197,Closed
T152,06-07,2007-04-15,197,Groomed
T156,06-07,2007-04-15,197,Closed
T157,06-07,2007-04-15,197,Open
T002,06-07,2007-04-16,198,Not Open
T003,06-07,2007-04-16,198,Not Open
T004,06-07,2007-04-16,198,Not Open
T005,06-07,2007-04-16,198,Not Open
T006,06-07,2007-04-16,198,Not Open
T007,06-07,2007-04-16,198,Not Open
T008,06-07,2007-04-16,198,Not Open
T009,06-07,2007-04-16,198,Not Open
T010,06-07,2007-04-16,198,Not Open
T011,06-07,2007-04-16,198,Not Open
T012,06-07,2007-04-16,198,Not Open
T013,06-07,2007-04-16,198,Not Open
T015,06-07,2007-04-16,198,Not Open
T016,06-07,2007-04-16,198,Not Open
T017,06-07,2007-04-16,198,Not Open
T018,06-07,2007-04-16,198,Not Open
T019,06-07,2007-04-16,198,Not Open
T020,06-07,2007-04-16,198,Not Open
T021,06-07,2007-04-16,198,Not Open
T022,06-07,2007-04-16,198,Not Open
T023,06-07,2007-04-16,198,Not Open
T024,06-07,2007-04-16,198,Not Open
T025,06-07,2007-04-16,198,Not Open
T026,06-07,2007-04-16,198,Not Open
T027,06-07,2007-04-16,198,Not Open
T028,06-07,2007-04-16,198,Not Open
T029,06-07,2007-04-16,198,Not Open
T030,06-07,2007-04-16,198,Not Open
T031,06-07,2007-04-16,198,Not Open
T032,06-07,2007-04-16,198,Not Open
T033,06-07,2007-04-16,198,Not Open
T034,06-07,2007-04-16,198,Not Open
T035,06-07,2007-04-16,198,Not Open
T036,06-07,2007-04-16,198,Not Open
T037,06-07,2007-04-16,198,Not Open
T038,06-07,2007-04-16,198,Not Open
T039,06-07,2007-04-16,198,Not Open
T040,06-07,2007-04-16,198,Not Open
T042,06-07,2007-04-16,198,Not Open
T043,06-07,2007-04-16,198,Not Open
T044,06-07,2007-04-16,198,Not Open
T045,06-07,2007-04-16,198,Not Open
T046,06-07,2007-04-16,198,Not Open
T047,06-07,2007-04-16,198,Not Open
T061,06-07,2007-04-16,198,Not Open
T063,06-07,2007-04-16,198,Not Open
T064,06-07,2007-04-16,198,Not Open
T065,06-07,2007-04-16,198,Not Open
T066,06-07,2007-04-16,198,Not Open
T067,06-07,2007-04-16,198,Not Open
T068,06-07,2007-04-16,198,Not Open
T069,06-07,2007-04-16,198,Not Open
T070,06-07,2007-04-16,198,Not Open
T071,06-07,2007-04-16,198,Not Open
T072,06-07,2007-04-16,198,Not Open
T073,06-07,2007-04-16,198,Not Open
T074,06-07,2007-04-16,198,Not Open
T075,06-07,2007-04-16,198,Not Open
T076,06-07,2007-04-16,198,Not Open
T077,06-07,2007-04-16,198,Not Open
T078,06-07,2007-04-16,198,Not Open
T079,06-07,2007-04-16,198,Not Open
T080,06-07,2007-04-16,198,Not Open
T081,06-07,2007-04-16,198,Not Open
T083,06-07,2007-04-16,198,Not Open
T084,06-07,2007-04-16,198,Not Open
T085,06-07,2007-04-16,198,Not Open
T086,06-07,2007-04-16,198,Not Open
T087,06-07,2007-04-16,198,Not Open
T088,06-07,2007-04-16,198,Not Open
T089,06-07,2007-04-16,198,Not Open
T090,06-07,2007-04-16,198,Not Open
T091,06-07,2007-04-16,198,Not Open
T092,06-07,2007-04-16,198,Not Open
T127,06-07,2007-04-16,198,Not Open
T134,06-07,2007-04-16,198,Not Open
T135,06-07,2007-04-16,198,Not Open
T136,06-07,2007-04-16,198,Not Open
T137,06-07,2007-04-16,198,Not Open
T148,06-07,2007-04-16,198,Not Open
T152,06-07,2007-04-16,198,Not Open
T156,06-07,2007-04-16,198,Not Open
T157,06-07,2007-04-16,198,Not Open
T002,06-07,2007-04-17,199,Not Open
T003,06-07,2007-04-17,199,Not Open
T004,06-07,2007-04-17,199,Not Open
T005,06-07,2007-04-17,199,Not Open
T006,06-07,2007-04-17,199,Not Open
T007,06-07,2007-04-17,199,Not Open
T008,06-07,2007-04-17,199,Not Open
T009,06-07,2007-04-17,199,Not Open
T010,06-07,2007-04-17,199,Not Open
T011,06-07,2007-04-17,199,Not Open
T012,06-07,2007-04-17,199,Not Open
T013,06-07,2007-04-17,199,Not Open
T015,06-07,2007-04-17,199,Not Open
T016,06-07,2007-04-17,199,Not Open
T017,06-07,2007-04-17,199,Not Open
T018,06-07,2007-04-17,199,Not Open
T019,06-07,2007-04-17,199,Not Open
T020,06-07,2007-04-17,199,Not Open
T021,06-07,2007-04-17,199,Not Open
T022,06-07,2007-04-17,199,Not Open
T023,06-07,2007-04-17,199,Not Open
T024,06-07,2007-04-17,199,Not Open
T025,06-07,2007-04-17,199,Not Open
T026,06-07,2007-04-17,199,Not Open
T027,06-07,2007-04-17,199,Not Open
T028,06-07,2007-04-17,199,Not Open
T029,06-07,2007-04-17,199,Not Open
T030,06-07,2007-04-17,199,Not Open
T031,06-07,2007-04-17,199,Not Open
T032,06-07,2007-04-17,199,Not Open
T033,06-07,2007-04-17,199,Not Open
T034,06-07,2007-04-17,199,Not Open
T035,06-07,2007-04-17,199,Not Open
T036,06-07,2007-04-17,199,Not Open
T037,06-07,2007-04-17,199,Not Open
T038,06-07,2007-04-17,199,Not Open
T039,06-07,2007-04-17,199,Not Open
T040,06-07,2007-04-17,199,Not Open
T042,06-07,2007-04-17,199,Not Open
T043,06-07,2007-04-17,199,Not Open
T044,06-07,2007-04-17,199,Not Open
T045,06-07,2007-04-17,199,Not Open
T046,06-07,2007-04-17,199,Not Open
T047,06-07,2007-04-17,199,Not Open
T061,06-07,2007-04-17,199,Not Open
T063,06-07,2007-04-17,199,Not Open
T064,06-07,2007-04-17,199,Not Open
T065,06-07,2007-04-17,199,Not Open
T066,06-07,2007-04-17,199,Not Open
T067,06-07,2007-04-17,199,Not Open
T068,06-07,2007-04-17,199,Not Open
T069,06-07,2007-04-17,199,Not Open
T070,06-07,2007-04-17,199,Not Open
T071,06-07,2007-04-17,199,Not Open
T072,06-07,2007-04-17,199,Not Open
T073,06-07,2007-04-17,199,Not Open
T074,06-07,2007-04-17,199,Not Open
T075,06-07,2007-04-17,199,Not Open
T076,06-07,2007-04-17,199,Not Open
T077,06-07,2007-04-17,199,Not Open
T078,06-07,2007-04-17,199,Not Open
T079,06-07,2007-04-17,199,Not Open
T080,06-07,2007-04-17,199,Not Open
T081,06-07,2007-04-17,199,Not Open
T083,06-07,2007-04-17,199,Not Open
T084,06-07,2007-04-17,199,Not Open
T085,06-07,2007-04-17,199,Not Open
T086,06-07,2007-04-17,199,Not Open
T087,06-07,2007-04-17,199,Not Open
T088,06-07,2007-04-17,199,Not Open
T089,06-07,2007-04-17,199,Not Open
T090,06-07,2007-04-17,199,Not Open
T091,06-07,2007-04-17,199,Not Open
T092,06-07,2007-04-17,199,Not Open
T127,06-07,2007-04-17,199,Not Open
T134,06-07,2007-04-17,199,Not Open
T135,06-07,2007-04-17,199,Not Open
T136,06-07,2007-04-17,199,Not Open
T137,06-07,2007-04-17,199,Not Open
T148,06-07,2007-04-17,199,Not Open
T152,06-07,2007-04-17,199,Not Open
T156,06-07,2007-04-17,199,Not Open
T157,06-07,2007-04-17,199,Not Open
T002,06-07,2007-04-18,200,Not Open
T003,06-07,2007-04-18,200,Not Open
T004,06-07,2007-04-18,200,Not Open
T005,06-07,2007-04-18,200,Not Open
T006,06-07,2007-04-18,200,Not Open
T007,06-07,2007-04-18,200,Not Open
T008,06-07,2007-04-18,200,Not Open
T009,06-07,2007-04-18,200,Not Open
T010,06-07,2007-04-18,200,Not Open
T011,06-07,2007-04-18,200,Not Open
T012,06-07,2007-04-18,200,Not Open
T013,06-07,2007-04-18,200,Not Open
T015,06-07,2007-04-18,200,Not Open
T016,06-07,2007-04-18,200,Not Open
T017,06-07,2007-04-18,200,Not Open
T018,06-07,2007-04-18,200,Not Open
T019,06-07,2007-04-18,200,Not Open
T020,06-07,2007-04-18,200,Not Open
T021,06-07,2007-04-18,200,Not Open
T022,06-07,2007-04-18,200,Not Open
T023,06-07,2007-04-18,200,Not Open
T024,06-07,2007-04-18,200,Not Open
T025,06-07,2007-04-18,200,Not Open
T026,06-07,2007-04-18,200,Not Open
T027,06-07,2007-04-18,200,Not Open
T028,06-07,2007-04-18,200,Not Open
T029,06-07,2007-04-18,200,Not Open
T030,06-07,2007-04-18,200,Not Open
T031,06-07,2007-04-18,200,Not Open
T032,06-07,2007-04-18,200,Not Open
T033,06-07,2007-04-18,200,Not Open
T034,06-07,2007-04-18,200,Not Open
T035,06-07,2007-04-18,200,Not Open
T036,06-07,2007-04-18,200,Not Open
T037,06-07,2007-04-18,200,Not Open
T038,06-07,2007-04-18,200,Not Open
T039,06-07,2007-04-18,200,Not Open
T040,06-07,2007-04-18,200,Not Open
T042,06-07,2007-04-18,200,Not Open
T043,06-07,2007-04-18,200,Not Open
T044,06-07,2007-04-18,200,Not Open
T045,06-07,2007-04-18,200,Not Open
T046,06-07,2007-04-18,200,Not Open
T047,06-07,2007-04-18,200,Not Open
T061,06-07,2007-04-18,200,Not Open
T063,06-07,2007-04-18,200,Not Open
T064,06-07,2007-04-18,200,Not Open
T065,06-07,2007-04-18,200,Not Open
T066,06-07,2007-04-18,200,Not Open
T067,06-07,2007-04-18,200,Not Open
T068,06-07,2007-04-18,200,Not Open
T069,06-07,2007-04-18,200,Not Open
T070,06-07,2007-04-18,200,Not Open
T071,06-07,2007-04-18,200,Not Open
T072,06-07,2007-04-18,200,Not Open
T073,06-07,2007-04-18,200,Not Open
T074,06-07,2007-04-18,200,Not Open
T075,06-07,2007-04-18,200,Not Open
T076,06-07,2007-04-18,200,Not Open
T077,06-07,2007-04-18,200,Not Open
T078,06-07,2007-04-18,200,Not Open
T079,06-07,2007-04-18,200,Not Open
T080,06-07,2007-04-18,200,Not Open
T081,06-07,2007-04-18,200,Not Open
T083,06-07,2007-04-18,200,Not Open
T084,06-07,2007-04-18,200,Not Open
T085,06-07,2007-04-18,200,Not Open
T086,06-07,2007-04-18,200,Not Open
T087,06-07,2007-04-18,200,Not Open
T088,06-07,2007-04-18,200,Not Open
T089,06-07,2007-04-18,200,Not Open
T090,06-07,2007-04-18,200,Not Open
T091,06-07,2007-04-18,200,Not Open
T092,06-07,2007-04-18,200,Not Open
T127,06-07,2007-04-18,200,Not Open
T134,06-07,2007-04-18,200,Not Open
T135,06-07,2007-04-18,200,Not Open
T136,06-07,2007-04-18,200,Not Open
T137,06-07,2007-04-18,200,Not Open
T148,06-07,2007-04-18,200,Not Open
T152,06-07,2007-04-18,200,Not Open
T156,06-07,2007-04-18,200,Not Open
T157,06-07,2007-04-18,200,Not Open
T002,06-07,2007-04-19,201,Not Open
T003,06-07,2007-04-19,201,Not Open
T004,06-07,2007-04-19,201,Not Open
T005,06-07,2007-04-19,201,Not Open
T006,06-07,2007-04-19,201,Not Open
T007,06-07,2007-04-19,201,Not Open
T008,06-07,2007-04-19,201,Not Open
T009,06-07,2007-04-19,201,Not Open
T010,06-07,2007-04-19,201,Not Open
T011,06-07,2007-04-19,201,Not Open
T012,06-07,2007-04-19,201,Not Open
T013,06-07,2007-04-19,201,Not Open
T015,06-07,2007-04-19,201,Not Open
T016,06-07,2007-04-19,201,Not Open
T017,06-07,2007-04-19,201,Not Open
T018,06-07,2007-04-19,201,Not Open
T019,06-07,2007-04-19,201,Not Open
T020,06-07,2007-04-19,201,Not Open
T021,06-07,2007-04-19,201,Not Open
T022,06-07,2007-04-19,201,Not Open
T023,06-07,2007-04-19,201,Not Open
T024,06-07,2007-04-19,201,Not Open
T025,06-07,2007-04-19,201,Not Open
T026,06-07,2007-04-19,201,Not Open
T027,06-07,2007-04-19,201,Not Open
T028,06-07,2007-04-19,201,Not Open
T029,06-07,2007-04-19,201,Not Open
T030,06-07,2007-04-19,201,Not Open
T031,06-07,2007-04-19,201,Not Open
T032,06-07,2007-04-19,201,Not Open
T033,06-07,2007-04-19,201,Not Open
T034,06-07,2007-04-19,201,Not Open
T035,06-07,2007-04-19,201,Not Open
T036,06-07,2007-04-19,201,Not Open
T037,06-07,2007-04-19,201,Not Open
T038,06-07,2007-04-19,201,Not Open
T039,06-07,2007-04-19,201,Not Open
T040,06-07,2007-04-19,201,Not Open
T042,06-07,2007-04-19,201,Not Open
T043,06-07,2007-04-19,201,Not Open
T044,06-07,2007-04-19,201,Not Open
T045,06-07,2007-04-19,201,Not Open
T046,06-07,2007-04-19,201,Not Open
T047,06-07,2007-04-19,201,Not Open
T061,06-07,2007-04-19,201,Not Open
T063,06-07,2007-04-19,201,Not Open
T064,06-07,2007-04-19,201,Not Open
T065,06-07,2007-04-19,201,Not Open
T066,06-07,2007-04-19,201,Not Open
T067,06-07,2007-04-19,201,Not Open
T068,06-07,2007-04-19,201,Not Open
T069,06-07,2007-04-19,201,Not Open
T070,06-07,2007-04-19,201,Not Open
T071,06-07,2007-04-19,201,Not Open
T072,06-07,2007-04-19,201,Not Open
T073,06-07,2007-04-19,201,Not Open
T074,06-07,2007-04-19,201,Not Open
T075,06-07,2007-04-19,201,Not Open
T076,06-07,2007-04-19,201,Not Open
T077,06-07,2007-04-19,201,Not Open
T078,06-07,2007-04-19,201,Not Open
T079,06-07,2007-04-19,201,Not Open
T080,06-07,2007-04-19,201,Not Open
T081,06-07,2007-04-19,201,Not Open
T083,06-07,2007-04-19,201,Not Open
T084,06-07,2007-04-19,201,Not Open
T085,06-07,2007-04-19,201,Not Open
T086,06-07,2007-04-19,201,Not Open
T087,06-07,2007-04-19,201,Not Open
T088,06-07,2007-04-19,201,Not Open
T089,06-07,2007-04-19,201,Not Open
T090,06-07,2007-04-19,201,Not Open
T091,06-07,2007-04-19,201,Not Open
T092,06-07,2007-04-19,201,Not Open
T127,06-07,2007-04-19,201,Not Open
T134,06-07,2007-04-19,201,Not Open
T135,06-07,2007-04-19,201,Not Open
T136,06-07,2007-04-19,201,Not Open
T137,06-07,2007-04-19,201,Not Open
T148,06-07,2007-04-19,201,Not Open
T152,06-07,2007-04-19,201,Not Open
T156,06-07,2007-04-19,201,Not Open
T157,06-07,2007-04-19,201,Not Open
T002,06-07,2007-04-20,202,Not Open
T003,06-07,2007-04-20,202,Not Open
T004,06-07,2007-04-20,202,Not Open
T005,06-07,2007-04-20,202,Not Open
T006,06-07,2007-04-20,202,Not Open
T007,06-07,2007-04-20,202,Not Open
T008,06-07,2007-04-20,202,Not Open
T009,06-07,2007-04-20,202,Not Open
T010,06-07,2007-04-20,202,Not Open
T011,06-07,2007-04-20,202,Not Open
T012,06-07,2007-04-20,202,Not Open
T013,06-07,2007-04-20,202,Not Open
T015,06-07,2007-04-20,202,Not Open
T016,06-07,2007-04-20,202,Not Open
T017,06-07,2007-04-20,202,Not Open
T018,06-07,2007-04-20,202,Not Open
T019,06-07,2007-04-20,202,Not Open
T020,06-07,2007-04-20,202,Not Open
T021,06-07,2007-04-20,202,Not Open
T022,06-07,2007-04-20,202,Not Open
T023,06-07,2007-04-20,202,Not Open
T024,06-07,2007-04-20,202,Not Open
T025,06-07,2007-04-20,202,Not Open
T026,06-07,2007-04-20,202,Not Open
T027,06-07,2007-04-20,202,Not Open
T028,06-07,2007-04-20,202,Not Open
T029,06-07,2007-04-20,202,Not Open
T030,06-07,2007-04-20,202,Not Open
T031,06-07,2007-04-20,202,Not Open
T032,06-07,2007-04-20,202,Not Open
T033,06-07,2007-04-20,202,Not Open
T034,06-07,2007-04-20,202,Not Open
T035,06-07,2007-04-20,202,Not Open
T036,06-07,2007-04-20,202,Not Open
T037,06-07,2007-04-20,202,Not Open
T038,06-07,2007-04-20,202,Not Open
T039,06-07,2007-04-20,202,Not Open
T040,06-07,2007-04-20,202,Not Open
T042,06-07,2007-04-20,202,Not Open
T043,06-07,2007-04-20,202,Not Open
T044,06-07,2007-04-20,202,Not Open
T045,06-07,2007-04-20,202,Not Open
T046,06-07,2007-04-20,202,Not Open
T047,06-07,2007-04-20,202,Not Open
T061,06-07,2007-04-20,202,Not Open
T063,06-07,2007-04-20,202,Not Open
T064,06-07,2007-04-20,202,Not Open
T065,06-07,2007-04-20,202,Not Open
T066,06-07,2007-04-20,202,Not Open
T067,06-07,2007-04-20,202,Not Open
T068,06-07,2007-04-20,202,Not Open
T069,06-07,2007-04-20,202,Not Open
T070,06-07,2007-04-20,202,Not Open
T071,06-07,2007-04-20,202,Not Open
T072,06-07,2007-04-20,202,Not Open
T073,06-07,2007-04-20,202,Not Open
T074,06-07,2007-04-20,202,Not Open
T075,06-07,2007-04-20,202,Not Open
T076,06-07,2007-04-20,202,Not Open
T077,06-07,2007-04-20,202,Not Open
T078,06-07,2007-04-20,202,Not Open
T079,06-07,2007-04-20,202,Not Open
T080,06-07,2007-04-20,202,Not Open
T081,06-07,2007-04-20,202,Not Open
T083,06-07,2007-04-20,202,Not Open
T084,06-07,2007-04-20,202,Not Open
T085,06-07,2007-04-20,202,Not Open
T086,06-07,2007-04-20,202,Not Open
T087,06-07,2007-04-20,202,Not Open
T088,06-07,2007-04-20,202,Not Open
T089,06-07,2007-04-20,202,Not Open
T090,06-07,2007-04-20,202,Not Open
T091,06-07,2007-04-20,202,Not Open
T092,06-07,2007-04-20,202,Not Open
T127,06-07,2007-04-20,202,Not Open
T134,06-07,2007-04-20,202,Not Open
T135,06-07,2007-04-20,202,Not Open
T136,06-07,2007-04-20,202,Not Open
T137,06-07,2007-04-20,202,Not Open
T148,06-07,2007-04-20,202,Not Open
T152,06-07,2007-04-20,202,Not Open
T156,06-07,2007-04-20,202,Not Open
T157,06-07,2007-04-20,202,Not Open
T002,06-07,2007-04-21,203,Not Open
T003,06-07,2007-04-21,203,Not Open
T004,06-07,2007-04-21,203,Not Open
T005,06-07,2007-04-21,203,Not Open
T006,06-07,2007-04-21,203,Not Open
T007,06-07,2007-04-21,203,Not Open
T008,06-07,2007-04-21,203,Not Open
T009,06-07,2007-04-21,203,Not Open
T010,06-07,2007-04-21,203,Not Open
T011,06-07,2007-04-21,203,Not Open
T012,06-07,2007-04-21,203,Not Open
T013,06-07,2007-04-21,203,Not Open
T015,06-07,2007-04-21,203,Not Open
T016,06-07,2007-04-21,203,Not Open
T017,06-07,2007-04-21,203,Not Open
T018,06-07,2007-04-21,203,Not Open
T019,06-07,2007-04-21,203,Not Open
T020,06-07,2007-04-21,203,Not Open
T021,06-07,2007-04-21,203,Not Open
T022,06-07,2007-04-21,203,Not Open
T023,06-07,2007-04-21,203,Not Open
T024,06-07,2007-04-21,203,Not Open
T025,06-07,2007-04-21,203,Not Open
T026,06-07,2007-04-21,203,Not Open
T027,06-07,2007-04-21,203,Not Open
T028,06-07,2007-04-21,203,Not Open
T029,06-07,2007-04-21,203,Not Open
T030,06-07,2007-04-21,203,Not Open
T031,06-07,2007-04-21,203,Not Open
T032,06-07,2007-04-21,203,Not Open
T033,06-07,2007-04-21,203,Not Open
T034,06-07,2007-04-21,203,Not Open
T035,06-07,2007-04-21,203,Not Open
T036,06-07,2007-04-21,203,Not Open
T037,06-07,2007-04-21,203,Not Open
T038,06-07,2007-04-21,203,Not Open
T039,06-07,2007-04-21,203,Not Open
T040,06-07,2007-04-21,203,Not Open
T042,06-07,2007-04-21,203,Not Open
T043,06-07,2007-04-21,203,Not Open
T044,06-07,2007-04-21,203,Not Open
T045,06-07,2007-04-21,203,Not Open
T046,06-07,2007-04-21,203,Not Open
T047,06-07,2007-04-21,203,Not Open
T061,06-07,2007-04-21,203,Not Open
T063,06-07,2007-04-21,203,Not Open
T064,06-07,2007-04-21,203,Not Open
T065,06-07,2007-04-21,203,Not Open
T066,06-07,2007-04-21,203,Not Open
T067,06-07,2007-04-21,203,Not Open
T068,06-07,2007-04-21,203,Not Open
T069,06-07,2007-04-21,203,Not Open
T070,06-07,2007-04-21,203,Not Open
T071,06-07,2007-04-21,203,Not Open
T072,06-07,2007-04-21,203,Not Open
T073,06-07,2007-04-21,203,Not Open
T074,06-07,2007-04-21,203,Not Open
T075,06-07,2007-04-21,203,Not Open
T076,06-07,2007-04-21,203,Not Open
T077,06-07,2007-04-21,203,Not Open
T078,06-07,2007-04-21,203,Not Open
T079,06-07,2007-04-21,203,Not Open
T080,06-07,2007-04-21,203,Not Open
T081,06-07,2007-04-21,203,Not Open
T083,06-07,2007-04-21,203,Not Open
T084,06-07,2007-04-21,203,Not Open
T085,06-07,2007-04-21,203,Not Open
T086,06-07,2007-04-21,203,Not Open
T087,06-07,2007-04-21,203,Not Open
T088,06-07,2007-04-21,203,Not Open
T089,06-07,2007-04-21,203,Not Open
T090,06-07,2007-04-21,203,Not Open
T091,06-07,2007-04-21,203,Not Open
T092,06-07,2007-04-21,203,Not Open
T127,06-07,2007-04-21,203,Not Open
T134,06-07,2007-04-21,203,Not Open
T135,06-07,2007-04-21,203,Not Open
T136,06-07,2007-04-21,203,Not Open
T137,06-07,2007-04-21,203,Not Open
T148,06-07,2007-04-21,203,Not Open
T152,06-07,2007-04-21,203,Not Open
T156,06-07,2007-04-21,203,Not Open
T157,06-07,2007-04-21,203,Not Open
T002,06-07,2007-04-22,204,Not Open
T003,06-07,2007-04-22,204,Not Open
T004,06-07,2007-04-22,204,Not Open
T005,06-07,2007-04-22,204,Not Open
T006,06-07,2007-04-22,204,Not Open
T007,06-07,2007-04-22,204,Not Open
T008,06-07,2007-04-22,204,Not Open
T009,06-07,2007-04-22,204,Not Open
T010,06-07,2007-04-22,204,Not Open
T011,06-07,2007-04-22,204,Not Open
T012,06-07,2007-04-22,204,Not Open
T013,06-07,2007-04-22,204,Not Open
T015,06-07,2007-04-22,204,Not Open
T016,06-07,2007-04-22,204,Not Open
T017,06-07,2007-04-22,204,Not Open
T018,06-07,2007-04-22,204,Not Open
T019,06-07,2007-04-22,204,Not Open
T020,06-07,2007-04-22,204,Not Open
T021,06-07,2007-04-22,204,Not Open
T022,06-07,2007-04-22,204,Not Open
T023,06-07,2007-04-22,204,Not Open
T024,06-07,2007-04-22,204,Not Open
T025,06-07,2007-04-22,204,Not Open
T026,06-07,2007-04-22,204,Not Open
T027,06-07,2007-04-22,204,Not Open
T028,06-07,2007-04-22,204,Not Open
T029,06-07,2007-04-22,204,Not Open
T030,06-07,2007-04-22,204,Not Open
T031,06-07,2007-04-22,204,Not Open
T032,06-07,2007-04-22,204,Not Open
T033,06-07,2007-04-22,204,Not Open
T034,06-07,2007-04-22,204,Not Open
T035,06-07,2007-04-22,204,Not Open
T036,06-07,2007-04-22,204,Not Open
T037,06-07,2007-04-22,204,Not Open
T038,06-07,2007-04-22,204,Not Open
T039,06-07,2007-04-22,204,Not Open
T040,06-07,2007-04-22,204,Not Open
T042,06-07,2007-04-22,204,Not Open
T043,06-07,2007-04-22,204,Not Open
T044,06-07,2007-04-22,204,Not Open
T045,06-07,2007-04-22,204,Not Open
T046,06-07,2007-04-22,204,Not Open
T047,06-07,2007-04-22,204,Not Open
T061,06-07,2007-04-22,204,Not Open
T063,06-07,2007-04-22,204,Not Open
T064,06-07,2007-04-22,204,Not Open
T065,06-07,2007-04-22,204,Not Open
T066,06-07,2007-04-22,204,Not Open
T067,06-07,2007-04-22,204,Not Open
T068,06-07,2007-04-22,204,Not Open
T069,06-07,2007-04-22,204,Not Open
T070,06-07,2007-04-22,204,Not Open
T071,06-07,2007-04-22,204,Not Open
T072,06-07,2007-04-22,204,Not Open
T073,06-07,2007-04-22,204,Not Open
T074,06-07,2007-04-22,204,Not Open
T075,06-07,2007-04-22,204,Not Open
T076,06-07,2007-04-22,204,Not Open
T077,06-07,2007-04-22,204,Not Open
T078,06-07,2007-04-22,204,Not Open
T079,06-07,2007-04-22,204,Not Open
T080,06-07,2007-04-22,204,Not Open
T081,06-07,2007-04-22,204,Not Open
T083,06-07,2007-04-22,204,Not Open
T084,06-07,2007-04-22,204,Not Open
T085,06-07,2007-04-22,204,Not Open
T086,06-07,2007-04-22,204,Not Open
T087,06-07,2007-04-22,204,Not Open
T088,06-07,2007-04-22,204,Not Open
T089,06-07,2007-04-22,204,Not Open
T090,06-07,2007-04-22,204,Not Open
T091,06-07,2007-04-22,204,Not Open
T092,06-07,2007-04-22,204,Not Open
T127,06-07,2007-04-22,204,Not Open
T134,06-07,2007-04-22,204,Not Open
T135,06-07,2007-04-22,204,Not Open
T136,06-07,2007-04-22,204,Not Open
T137,06-07,2007-04-22,204,Not Open
T148,06-07,2007-04-22,204,Not Open
T152,06-07,2007-04-22,204,Not Open
T156,06-07,2007-04-22,204,Not Open
T157,06-07,2007-04-22,204,Not Open
T002,06-07,2007-04-23,205,Not Open
T003,06-07,2007-04-23,205,Not Open
T004,06-07,2007-04-23,205,Not Open
T005,06-07,2007-04-23,205,Not Open
T006,06-07,2007-04-23,205,Not Open
T007,06-07,2007-04-23,205,Not Open
T008,06-07,2007-04-23,205,Not Open
T009,06-07,2007-04-23,205,Not Open
T010,06-07,2007-04-23,205,Not Open
T011,06-07,2007-04-23,205,Not Open
T012,06-07,2007-04-23,205,Not Open
T013,06-07,2007-04-23,205,Not Open
T015,06-07,2007-04-23,205,Not Open
T016,06-07,2007-04-23,205,Not Open
T017,06-07,2007-04-23,205,Not Open
T018,06-07,2007-04-23,205,Not Open
T019,06-07,2007-04-23,205,Not Open
T020,06-07,2007-04-23,205,Not Open
T021,06-07,2007-04-23,205,Not Open
T022,06-07,2007-04-23,205,Not Open
T023,06-07,2007-04-23,205,Not Open
T024,06-07,2007-04-23,205,Not Open
T025,06-07,2007-04-23,205,Not Open
T026,06-07,2007-04-23,205,Not Open
T027,06-07,2007-04-23,205,Not Open
T028,06-07,2007-04-23,205,Not Open
T029,06-07,2007-04-23,205,Not Open
T030,06-07,2007-04-23,205,Not Open
T031,06-07,2007-04-23,205,Not Open
T032,06-07,2007-04-23,205,Not Open
T033,06-07,2007-04-23,205,Not Open
T034,06-07,2007-04-23,205,Not Open
T035,06-07,2007-04-23,205,Not Open
T036,06-07,2007-04-23,205,Not Open
T037,06-07,2007-04-23,205,Not Open
T038,06-07,2007-04-23,205,Not Open
T039,06-07,2007-04-23,205,Not Open
T040,06-07,2007-04-23,205,Not Open
T042,06-07,2007-04-23,205,Not Open
T043,06-07,2007-04-23,205,Not Open
T044,06-07,2007-04-23,205,Not Open
T045,06-07,2007-04-23,205,Not Open
T046,06-07,2007-04-23,205,Not Open
T047,06-07,2007-04-23,205,Not Open
T061,06-07,2007-04-23,205,Not Open
T063,06-07,2007-04-23,205,Not Open
T064,06-07,2007-04-23,205,Not Open
T065,06-07,2007-04-23,205,Not Open
T066,06-07,2007-04-23,205,Not Open
T067,06-07,2007-04-23,205,Not Open
T068,06-07,2007-04-23,205,Not Open
T069,06-07,2007-04-23,205,Not Open
T070,06-07,2007-04-23,205,Not Open
T071,06-07,2007-04-23,205,Not Open
T072,06-07,2007-04-23,205,Not Open
T073,06-07,2007-04-23,205,Not Open
T074,06-07,2007-04-23,205,Not Open
T075,06-07,2007-04-23,205,Not Open
T076,06-07,2007-04-23,205,Not Open
T077,06-07,2007-04-23,205,Not Open
T078,06-07,2007-04-23,205,Not Open
T079,06-07,2007-04-23,205,Not Open
T080,06-07,2007-04-23,205,Not Open
T081,06-07,2007-04-23,205,Not Open
T083,06-07,2007-04-23,205,Not Open
T084,06-07,2007-04-23,205,Not Open
T085,06-07,2007-04-23,205,Not Open
T086,06-07,2007-04-23,205,Not Open
T087,06-07,2007-04-23,205,Not Open
T088,06-07,2007-04-23,205,Not Open
T089,06-07,2007-04-23,205,Not Open
T090,06-07,2007-04-23,205,Not Open
T091,06-07,2007-04-23,205,Not Open
T092,06-07,2007-04-23,205,Not Open
T127,06-07,2007-04-23,205,Not Open
T134,06-07,2007-04-23,205,Not Open
T135,06-07,2007-04-23,205,Not Open
T136,06-07,2007-04-23,205,Not Open
T137,06-07,2007-04-23,205,Not Open
T148,06-07,2007-04-23,205,Not Open
T152,06-07,2007-04-23,205,Not Open
T156,06-07,2007-04-23,205,Not Open
T157,06-07,2007-04-23,205,Not Open
T002,06-07,2007-04-24,206,Not Open
T003,06-07,2007-04-24,206,Not Open
T004,06-07,2007-04-24,206,Not Open
T005,06-07,2007-04-24,206,Not Open
T006,06-07,2007-04-24,206,Not Open
T007,06-07,2007-04-24,206,Not Open
T008,06-07,2007-04-24,206,Not Open
T009,06-07,2007-04-24,206,Not Open
T010,06-07,2007-04-24,206,Not Open
T011,06-07,2007-04-24,206,Not Open
T012,06-07,2007-04-24,206,Not Open
T013,06-07,2007-04-24,206,Not Open
T015,06-07,2007-04-24,206,Not Open
T016,06-07,2007-04-24,206,Not Open
T017,06-07,2007-04-24,206,Not Open
T018,06-07,2007-04-24,206,Not Open
T019,06-07,2007-04-24,206,Not Open
T020,06-07,2007-04-24,206,Not Open
T021,06-07,2007-04-24,206,Not Open
T022,06-07,2007-04-24,206,Not Open
T023,06-07,2007-04-24,206,Not Open
T024,06-07,2007-04-24,206,Not Open
T025,06-07,2007-04-24,206,Not Open
T026,06-07,2007-04-24,206,Not Open
T027,06-07,2007-04-24,206,Not Open
T028,06-07,2007-04-24,206,Not Open
T029,06-07,2007-04-24,206,Not Open
T030,06-07,2007-04-24,206,Not Open
T031,06-07,2007-04-24,206,Not Open
T032,06-07,2007-04-24,206,Not Open
T033,06-07,2007-04-24,206,Not Open
T034,06-07,2007-04-24,206,Not Open
T035,06-07,2007-04-24,206,Not Open
T036,06-07,2007-04-24,206,Not Open
T037,06-07,2007-04-24,206,Not Open
T038,06-07,2007-04-24,206,Not Open
T039,06-07,2007-04-24,206,Not Open
T040,06-07,2007-04-24,206,Not Open
T042,06-07,2007-04-24,206,Not Open
T043,06-07,2007-04-24,206,Not Open
T044,06-07,2007-04-24,206,Not Open
T045,06-07,2007-04-24,206,Not Open
T046,06-07,2007-04-24,206,Not Open
T047,06-07,2007-04-24,206,Not Open
T061,06-07,2007-04-24,206,Not Open
T063,06-07,2007-04-24,206,Not Open
T064,06-07,2007-04-24,206,Not Open
T065,06-07,2007-04-24,206,Not Open
T066,06-07,2007-04-24,206,Not Open
T067,06-07,2007-04-24,206,Not Open
T068,06-07,2007-04-24,206,Not Open
T069,06-07,2007-04-24,206,Not Open
T070,06-07,2007-04-24,206,Not Open
T071,06-07,2007-04-24,206,Not Open
T072,06-07,2007-04-24,206,Not Open
T073,06-07,2007-04-24,206,Not Open
T074,06-07,2007-04-24,206,Not Open
T075,06-07,2007-04-24,206,Not Open
T076,06-07,2007-04-24,206,Not Open
T077,06-07,2007-04-24,206,Not Open
T078,06-07,2007-04-24,206,Not Open
T079,06-07,2007-04-24,206,Not Open
T080,06-07,2007-04-24,206,Not Open
T081,06-07,2007-04-24,206,Not Open
T083,06-07,2007-04-24,206,Not Open
T084,06-07,2007-04-24,206,Not Open
T085,06-07,2007-04-24,206,Not Open
T086,06-07,2007-04-24,206,Not Open
T087,06-07,2007-04-24,206,Not Open
T088,06-07,2007-04-24,206,Not Open
T089,06-07,2007-04-24,206,Not Open
T090,06-07,2007-04-24,206,Not Open
T091,06-07,2007-04-24,206,Not Open
T092,06-07,2007-04-24,206,Not Open
T127,06-07,2007-04-24,206,Not Open
T134,06-07,2007-04-24,206,Not Open
T135,06-07,2007-04-24,206,Not Open
T136,06-07,2007-04-24,206,Not Open
T137,06-07,2007-04-24,206,Not Open
T148,06-07,2007-04-24,206,Not Open
T152,06-07,2007-04-24,206,Not Open
T156,06-07,2007-04-24,206,Not Open
T157,06-07,2007-04-24,206,Not Open
T002,06-07,2007-04-25,207,Not Open
T003,06-07,2007-04-25,207,Not Open
T004,06-07,2007-04-25,207,Not Open
T005,06-07,2007-04-25,207,Not Open
T006,06-07,2007-04-25,207,Not Open
T007,06-07,2007-04-25,207,Not Open
T008,06-07,2007-04-25,207,Not Open
T009,06-07,2007-04-25,207,Not Open
T010,06-07,2007-04-25,207,Not Open
T011,06-07,2007-04-25,207,Not Open
T012,06-07,2007-04-25,207,Not Open
T013,06-07,2007-04-25,207,Not Open
T015,06-07,2007-04-25,207,Not Open
T016,06-07,2007-04-25,207,Not Open
T017,06-07,2007-04-25,207,Not Open
T018,06-07,2007-04-25,207,Not Open
T019,06-07,2007-04-25,207,Not Open
T020,06-07,2007-04-25,207,Not Open
T021,06-07,2007-04-25,207,Not Open
T022,06-07,2007-04-25,207,Not Open
T023,06-07,2007-04-25,207,Not Open
T024,06-07,2007-04-25,207,Not Open
T025,06-07,2007-04-25,207,Not Open
T026,06-07,2007-04-25,207,Not Open
T027,06-07,2007-04-25,207,Not Open
T028,06-07,2007-04-25,207,Not Open
T029,06-07,2007-04-25,207,Not Open
T030,06-07,2007-04-25,207,Not Open
T031,06-07,2007-04-25,207,Not Open
T032,06-07,2007-04-25,207,Not Open
T033,06-07,2007-04-25,207,Not Open
T034,06-07,2007-04-25,207,Not Open
T035,06-07,2007-04-25,207,Not Open
T036,06-07,2007-04-25,207,Not Open
T037,06-07,2007-04-25,207,Not Open
T038,06-07,2007-04-25,207,Not Open
T039,06-07,2007-04-25,207,Not Open
T040,06-07,2007-04-25,207,Not Open
T042,06-07,2007-04-25,207,Not Open
T043,06-07,2007-04-25,207,Not Open
T044,06-07,2007-04-25,207,Not Open
T045,06-07,2007-04-25,207,Not Open
T046,06-07,2007-04-25,207,Not Open
T047,06-07,2007-04-25,207,Not Open
T061,06-07,2007-04-25,207,Not Open
T063,06-07,2007-04-25,207,Not Open
T064,06-07,2007-04-25,207,Not Open
T065,06-07,2007-04-25,207,Not Open
T066,06-07,2007-04-25,207,Not Open
T067,06-07,2007-04-25,207,Not Open
T068,06-07,2007-04-25,207,Not Open
T069,06-07,2007-04-25,207,Not Open
T070,06-07,2007-04-25,207,Not Open
T071,06-07,2007-04-25,207,Not Open
T072,06-07,2007-04-25,207,Not Open
T073,06-07,2007-04-25,207,Not Open
T074,06-07,2007-04-25,207,Not Open
T075,06-07,2007-04-25,207,Not Open
T076,06-07,2007-04-25,207,Not Open
T077,06-07,2007-04-25,207,Not Open
T078,06-07,2007-04-25,207,Not Open
T079,06-07,2007-04-25,207,Not Open
T080,06-07,2007-04-25,207,Not Open
T081,06-07,2007-04-25,207,Not Open
T083,06-07,2007-04-25,207,Not Open
T084,06-07,2007-04-25,207,Not Open
T085,06-07,2007-04-25,207,Not Open
T086,06-07,2007-04-25,207,Not Open
T087,06-07,2007-04-25,207,Not Open
T088,06-07,2007-04-25,207,Not Open
T089,06-07,2007-04-25,207,Not Open
T090,06-07,2007-04-25,207,Not Open
T091,06-07,2007-04-25,207,Not Open
T092,06-07,2007-04-25,207,Not Open
T127,06-07,2007-04-25,207,Not Open
T134,06-07,2007-04-25,207,Not Open
T135,06-07,2007-04-25,207,Not Open
T136,06-07,2007-04-25,207,Not Open
T137,06-07,2007-04-25,207,Not Open
T148,06-07,2007-04-25,207,Not Open
T152,06-07,2007-04-25,207,Not Open
T156,06-07,2007-04-25,207,Not Open
T157,06-07,2007-04-25,207,Not Open
T002,06-07,2007-04-26,208,Not Open
T003,06-07,2007-04-26,208,Not Open
T004,06-07,2007-04-26,208,Not Open
T005,06-07,2007-04-26,208,Not Open
T006,06-07,2007-04-26,208,Not Open
T007,06-07,2007-04-26,208,Not Open
T008,06-07,2007-04-26,208,Not Open
T009,06-07,2007-04-26,208,Not Open
T010,06-07,2007-04-26,208,Not Open
T011,06-07,2007-04-26,208,Not Open
T012,06-07,2007-04-26,208,Not Open
T013,06-07,2007-04-26,208,Not Open
T015,06-07,2007-04-26,208,Not Open
T016,06-07,2007-04-26,208,Not Open
T017,06-07,2007-04-26,208,Not Open
T018,06-07,2007-04-26,208,Not Open
T019,06-07,2007-04-26,208,Not Open
T020,06-07,2007-04-26,208,Not Open
T021,06-07,2007-04-26,208,Not Open
T022,06-07,2007-04-26,208,Not Open
T023,06-07,2007-04-26,208,Not Open
T024,06-07,2007-04-26,208,Not Open
T025,06-07,2007-04-26,208,Not Open
T026,06-07,2007-04-26,208,Not Open
T027,06-07,2007-04-26,208,Not Open
T028,06-07,2007-04-26,208,Not Open
T029,06-07,2007-04-26,208,Not Open
T030,06-07,2007-04-26,208,Not Open
T031,06-07,2007-04-26,208,Not Open
T032,06-07,2007-04-26,208,Not Open
T033,06-07,2007-04-26,208,Not Open
T034,06-07,2007-04-26,208,Not Open
T035,06-07,2007-04-26,208,Not Open
T036,06-07,2007-04-26,208,Not Open
T037,06-07,2007-04-26,208,Not Open
T038,06-07,2007-04-26,208,Not Open
T039,06-07,2007-04-26,208,Not Open
T040,06-07,2007-04-26,208,Not Open
T042,06-07,2007-04-26,208,Not Open
T043,06-07,2007-04-26,208,Not Open
T044,06-07,2007-04-26,208,Not Open
T045,06-07,2007-04-26,208,Not Open
T046,06-07,2007-04-26,208,Not Open
T047,06-07,2007-04-26,208,Not Open
T061,06-07,2007-04-26,208,Not Open
T063,06-07,2007-04-26,208,Not Open
T064,06-07,2007-04-26,208,Not Open
T065,06-07,2007-04-26,208,Not Open
T066,06-07,2007-04-26,208,Not Open
T067,06-07,2007-04-26,208,Not Open
T068,06-07,2007-04-26,208,Not Open
T069,06-07,2007-04-26,208,Not Open
T070,06-07,2007-04-26,208,Not Open
T071,06-07,2007-04-26,208,Not Open
T072,06-07,2007-04-26,208,Not Open
T073,06-07,2007-04-26,208,Not Open
T074,06-07,2007-04-26,208,Not Open
T075,06-07,2007-04-26,208,Not Open
T076,06-07,2007-04-26,208,Not Open
T077,06-07,2007-04-26,208,Not Open
T078,06-07,2007-04-26,208,Not Open
T079,06-07,2007-04-26,208,Not Open
T080,06-07,2007-04-26,208,Not Open
T081,06-07,2007-04-26,208,Not Open
T083,06-07,2007-04-26,208,Not Open
T084,06-07,2007-04-26,208,Not Open
T085,06-07,2007-04-26,208,Not Open
T086,06-07,2007-04-26,208,Not Open
T087,06-07,2007-04-26,208,Not Open
T088,06-07,2007-04-26,208,Not Open
T089,06-07,2007-04-26,208,Not Open
T090,06-07,2007-04-26,208,Not Open
T091,06-07,2007-04-26,208,Not Open
T092,06-07,2007-04-26,208,Not Open
T127,06-07,2007-04-26,208,Not Open
T134,06-07,2007-04-26,208,Not Open
T135,06-07,2007-04-26,208,Not Open
T136,06-07,2007-04-26,208,Not Open
T137,06-07,2007-04-26,208,Not Open
T148,06-07,2007-04-26,208,Not Open
T152,06-07,2007-04-26,208,Not Open
T156,06-07,2007-04-26,208,Not Open
T157,06-07,2007-04-26,208,Not Open
T002,06-07,2007-04-27,209,Not Open
T003,06-07,2007-04-27,209,Not Open
T004,06-07,2007-04-27,209,Not Open
T005,06-07,2007-04-27,209,Not Open
T006,06-07,2007-04-27,209,Not Open
T007,06-07,2007-04-27,209,Not Open
T008,06-07,2007-04-27,209,Not Open
T009,06-07,2007-04-27,209,Not Open
T010,06-07,2007-04-27,209,Not Open
T011,06-07,2007-04-27,209,Not Open
T012,06-07,2007-04-27,209,Not Open
T013,06-07,2007-04-27,209,Not Open
T015,06-07,2007-04-27,209,Not Open
T016,06-07,2007-04-27,209,Not Open
T017,06-07,2007-04-27,209,Not Open
T018,06-07,2007-04-27,209,Not Open
T019,06-07,2007-04-27,209,Not Open
T020,06-07,2007-04-27,209,Not Open
T021,06-07,2007-04-27,209,Not Open
T022,06-07,2007-04-27,209,Not Open
T023,06-07,2007-04-27,209,Not Open
T024,06-07,2007-04-27,209,Not Open
T025,06-07,2007-04-27,209,Not Open
T026,06-07,2007-04-27,209,Not Open
T027,06-07,2007-04-27,209,Not Open
T028,06-07,2007-04-27,209,Not Open
T029,06-07,2007-04-27,209,Not Open
T030,06-07,2007-04-27,209,Not Open
T031,06-07,2007-04-27,209,Not Open
T032,06-07,2007-04-27,209,Not Open
T033,06-07,2007-04-27,209,Not Open
T034,06-07,2007-04-27,209,Not Open
T035,06-07,2007-04-27,209,Not Open
T036,06-07,2007-04-27,209,Not Open
T037,06-07,2007-04-27,209,Not Open
T038,06-07,2007-04-27,209,Not Open
T039,06-07,2007-04-27,209,Not Open
T040,06-07,2007-04-27,209,Not Open
T042,06-07,2007-04-27,209,Not Open
T043,06-07,2007-04-27,209,Not Open
T044,06-07,2007-04-27,209,Not Open
T045,06-07,2007-04-27,209,Not Open
T046,06-07,2007-04-27,209,Not Open
T047,06-07,2007-04-27,209,Not Open
T061,06-07,2007-04-27,209,Not Open
T063,06-07,2007-04-27,209,Not Open
T064,06-07,2007-04-27,209,Not Open
T065,06-07,2007-04-27,209,Not Open
T066,06-07,2007-04-27,209,Not Open
T067,06-07,2007-04-27,209,Not Open
T068,06-07,2007-04-27,209,Not Open
T069,06-07,2007-04-27,209,Not Open
T070,06-07,2007-04-27,209,Not Open
T071,06-07,2007-04-27,209,Not Open
T072,06-07,2007-04-27,209,Not Open
T073,06-07,2007-04-27,209,Not Open
T074,06-07,2007-04-27,209,Not Open
T075,06-07,2007-04-27,209,Not Open
T076,06-07,2007-04-27,209,Not Open
T077,06-07,2007-04-27,209,Not Open
T078,06-07,2007-04-27,209,Not Open
T079,06-07,2007-04-27,209,Not Open
T080,06-07,2007-04-27,209,Not Open
T081,06-07,2007-04-27,209,Not Open
T083,06-07,2007-04-27,209,Not Open
T084,06-07,2007-04-27,209,Not Open
T085,06-07,2007-04-27,209,Not Open
T086,06-07,2007-04-27,209,Not Open
T087,06-07,2007-04-27,209,Not Open
T088,06-07,2007-04-27,209,Not Open
T089,06-07,2007-04-27,209,Not Open
T090,06-07,2007-04-27,209,Not Open
T091,06-07,2007-04-27,209,Not Open
T092,06-07,2007-04-27,209,Not Open
T127,06-07,2007-04-27,209,Not Open
T134,06-07,2007-04-27,209,Not Open
T135,06-07,2007-04-27,209,Not Open
T136,06-07,2007-04-27,209,Not Open
T137,06-07,2007-04-27,209,Not Open
T148,06-07,2007-04-27,209,Not Open
T152,06-07,2007-04-27,209,Not Open
T156,06-07,2007-04-27,209,Not Open
T157,06-07,2007-04-27,209,Not Open
T002,06-07,2007-04-28,210,Not Open
T003,06-07,2007-04-28,210,Not Open
T004,06-07,2007-04-28,210,Not Open
T005,06-07,2007-04-28,210,Not Open
T006,06-07,2007-04-28,210,Not Open
T007,06-07,2007-04-28,210,Not Open
T008,06-07,2007-04-28,210,Not Open
T009,06-07,2007-04-28,210,Not Open
T010,06-07,2007-04-28,210,Not Open
T011,06-07,2007-04-28,210,Not Open
T012,06-07,2007-04-28,210,Not Open
T013,06-07,2007-04-28,210,Not Open
T015,06-07,2007-04-28,210,Not Open
T016,06-07,2007-04-28,210,Not Open
T017,06-07,2007-04-28,210,Not Open
T018,06-07,2007-04-28,210,Not Open
T019,06-07,2007-04-28,210,Not Open
T020,06-07,2007-04-28,210,Not Open
T021,06-07,2007-04-28,210,Not Open
T022,06-07,2007-04-28,210,Not Open
T023,06-07,2007-04-28,210,Not Open
T024,06-07,2007-04-28,210,Not Open
T025,06-07,2007-04-28,210,Not Open
T026,06-07,2007-04-28,210,Not Open
T027,06-07,2007-04-28,210,Not Open
T028,06-07,2007-04-28,210,Not Open
T029,06-07,2007-04-28,210,Not Open
T030,06-07,2007-04-28,210,Not Open
T031,06-07,2007-04-28,210,Not Open
T032,06-07,2007-04-28,210,Not Open
T033,06-07,2007-04-28,210,Not Open
T034,06-07,2007-04-28,210,Not Open
T035,06-07,2007-04-28,210,Not Open
T036,06-07,2007-04-28,210,Not Open
T037,06-07,2007-04-28,210,Not Open
T038,06-07,2007-04-28,210,Not Open
T039,06-07,2007-04-28,210,Not Open
T040,06-07,2007-04-28,210,Not Open
T042,06-07,2007-04-28,210,Not Open
T043,06-07,2007-04-28,210,Not Open
T044,06-07,2007-04-28,210,Not Open
T045,06-07,2007-04-28,210,Not Open
T046,06-07,2007-04-28,210,Not Open
T047,06-07,2007-04-28,210,Not Open
T061,06-07,2007-04-28,210,Not Open
T063,06-07,2007-04-28,210,Not Open
T064,06-07,2007-04-28,210,Not Open
T065,06-07,2007-04-28,210,Not Open
T066,06-07,2007-04-28,210,Not Open
T067,06-07,2007-04-28,210,Not Open
T068,06-07,2007-04-28,210,Not Open
T069,06-07,2007-04-28,210,Not Open
T070,06-07,2007-04-28,210,Not Open
T071,06-07,2007-04-28,210,Not Open
T072,06-07,2007-04-28,210,Not Open
T073,06-07,2007-04-28,210,Not Open
T074,06-07,2007-04-28,210,Not Open
T075,06-07,2007-04-28,210,Not Open
T076,06-07,2007-04-28,210,Not Open
T077,06-07,2007-04-28,210,Not Open
T078,06-07,2007-04-28,210,Not Open
T079,06-07,2007-04-28,210,Not Open
T080,06-07,2007-04-28,210,Not Open
T081,06-07,2007-04-28,210,Not Open
T083,06-07,2007-04-28,210,Not Open
T084,06-07,2007-04-28,210,Not Open
T085,06-07,2007-04-28,210,Not Open
T086,06-07,2007-04-28,210,Not Open
T087,06-07,2007-04-28,210,Not Open
T088,06-07,2007-04-28,210,Not Open
T089,06-07,2007-04-28,210,Not Open
T090,06-07,2007-04-28,210,Not Open
T091,06-07,2007-04-28,210,Not Open
T092,06-07,2007-04-28,210,Not Open
T127,06-07,2007-04-28,210,Not Open
T134,06-07,2007-04-28,210,Not Open
T135,06-07,2007-04-28,210,Not Open
T136,06-07,2007-04-28,210,Not Open
T137,06-07,2007-04-28,210,Not Open
T148,06-07,2007-04-28,210,Not Open
T152,06-07,2007-04-28,210,Not Open
T156,06-07,2007-04-28,210,Not Open
T157,06-07,2007-04-28,210,Not Open
T002,06-07,2007-04-29,211,Not Open
T003,06-07,2007-04-29,211,Not Open
T004,06-07,2007-04-29,211,Not Open
T005,06-07,2007-04-29,211,Not Open
T006,06-07,2007-04-29,211,Not Open
T007,06-07,2007-04-29,211,Not Open
T008,06-07,2007-04-29,211,Not Open
T009,06-07,2007-04-29,211,Not Open
T010,06-07,2007-04-29,211,Not Open
T011,06-07,2007-04-29,211,Not Open
T012,06-07,2007-04-29,211,Not Open
T013,06-07,2007-04-29,211,Not Open
T015,06-07,2007-04-29,211,Not Open
T016,06-07,2007-04-29,211,Not Open
T017,06-07,2007-04-29,211,Not Open
T018,06-07,2007-04-29,211,Not Open
T019,06-07,2007-04-29,211,Not Open
T020,06-07,2007-04-29,211,Not Open
T021,06-07,2007-04-29,211,Not Open
T022,06-07,2007-04-29,211,Not Open
T023,06-07,2007-04-29,211,Not Open
T024,06-07,2007-04-29,211,Not Open
T025,06-07,2007-04-29,211,Not Open
T026,06-07,2007-04-29,211,Not Open
T027,06-07,2007-04-29,211,Not Open
T028,06-07,2007-04-29,211,Not Open
T029,06-07,2007-04-29,211,Not Open
T030,06-07,2007-04-29,211,Not Open
T031,06-07,2007-04-29,211,Not Open
T032,06-07,2007-04-29,211,Not Open
T033,06-07,2007-04-29,211,Not Open
T034,06-07,2007-04-29,211,Not Open
T035,06-07,2007-04-29,211,Not Open
T036,06-07,2007-04-29,211,Not Open
T037,06-07,2007-04-29,211,Not Open
T038,06-07,2007-04-29,211,Not Open
T039,06-07,2007-04-29,211,Not Open
T040,06-07,2007-04-29,211,Not Open
T042,06-07,2007-04-29,211,Not Open
T043,06-07,2007-04-29,211,Not Open
T044,06-07,2007-04-29,211,Not Open
T045,06-07,2007-04-29,211,Not Open
T046,06-07,2007-04-29,211,Not Open
T047,06-07,2007-04-29,211,Not Open
T061,06-07,2007-04-29,211,Not Open
T063,06-07,2007-04-29,211,Not Open
T064,06-07,2007-04-29,211,Not Open
T065,06-07,2007-04-29,211,Not Open
T066,06-07,2007-04-29,211,Not Open
T067,06-07,2007-04-29,211,Not Open
T068,06-07,2007-04-29,211,Not Open
T069,06-07,2007-04-29,211,Not Open
T070,06-07,2007-04-29,211,Not Open
T071,06-07,2007-04-29,211,Not Open
T072,06-07,2007-04-29,211,Not Open
T073,06-07,2007-04-29,211,Not Open
T074,06-07,2007-04-29,211,Not Open
T075,06-07,2007-04-29,211,Not Open
T076,06-07,2007-04-29,211,Not Open
T077,06-07,2007-04-29,211,Not Open
T078,06-07,2007-04-29,211,Not Open
T079,06-07,2007-04-29,211,Not Open
T080,06-07,2007-04-29,211,Not Open
T081,06-07,2007-04-29,211,Not Open
T083,06-07,2007-04-29,211,Not Open
T084,06-07,2007-04-29,211,Not Open
T085,06-07,2007-04-29,211,Not Open
T086,06-07,2007-04-29,211,Not Open
T087,06-07,2007-04-29,211,Not Open
T088,06-07,2007-04-29,211,Not Open
T089,06-07,2007-04-29,211,Not Open
T090,06-07,2007-04-29,211,Not Open
T091,06-07,2007-04-29,211,Not Open
T092,06-07,2007-04-29,211,Not Open
T127,06-07,2007-04-29,211,Not Open
T134,06-07,2007-04-29,211,Not Open
T135,06-07,2007-04-29,211,Not Open
T136,06-07,2007-04-29,211,Not Open
T137,06-07,2007-04-29,211,Not Open
T148,06-07,2007-04-29,211,Not Open
T152,06-07,2007-04-29,211,Not Open
T156,06-07,2007-04-29,211,Not Open
T157,06-07,2007-04-29,211,Not Open
T002,06-07,2007-04-30,212,Not Open
T003,06-07,2007-04-30,212,Not Open
T004,06-07,2007-04-30,212,Not Open
T005,06-07,2007-04-30,212,Not Open
T006,06-07,2007-04-30,212,Not Open
T007,06-07,2007-04-30,212,Not Open
T008,06-07,2007-04-30,212,Not Open
T009,06-07,2007-04-30,212,Not Open
T010,06-07,2007-04-30,212,Not Open
T011,06-07,2007-04-30,212,Not Open
T012,06-07,2007-04-30,212,Not Open
T013,06-07,2007-04-30,212,Not Open
T015,06-07,2007-04-30,212,Not Open
T016,06-07,2007-04-30,212,Not Open
T017,06-07,2007-04-30,212,Not Open
T018,06-07,2007-04-30,212,Not Open
T019,06-07,2007-04-30,212,Not Open
T020,06-07,2007-04-30,212,Not Open
T021,06-07,2007-04-30,212,Not Open
T022,06-07,2007-04-30,212,Not Open
T023,06-07,2007-04-30,212,Not Open
T024,06-07,2007-04-30,212,Not Open
T025,06-07,2007-04-30,212,Not Open
T026,06-07,2007-04-30,212,Not Open
T027,06-07,2007-04-30,212,Not Open
T028,06-07,2007-04-30,212,Not Open
T029,06-07,2007-04-30,212,Not Open
T030,06-07,2007-04-30,212,Not Open
T031,06-07,2007-04-30,212,Not Open
T032,06-07,2007-04-30,212,Not Open
T033,06-07,2007-04-30,212,Not Open
T034,06-07,2007-04-30,212,Not Open
T035,06-07,2007-04-30,212,Not Open
T036,06-07,2007-04-30,212,Not Open
T037,06-07,2007-04-30,212,Not Open
T038,06-07,2007-04-30,212,Not Open
T039,06-07,2007-04-30,212,Not Open
T040,06-07,2007-04-30,212,Not Open
T042,06-07,2007-04-30,212,Not Open
T043,06-07,2007-04-30,212,Not Open
T044,06-07,2007-04-30,212,Not Open
T045,06-07,2007-04-30,212,Not Open
T046,06-07,2007-04-30,212,Not Open
T047,06-07,2007-04-30,212,Not Open
T061,06-07,2007-04-30,212,Not Open
T063,06-07,2007-04-30,212,Not Open
T064,06-07,2007-04-30,212,Not Open
T065,06-07,2007-04-30,212,Not Open
T066,06-07,2007-04-30,212,Not Open
T067,06-07,2007-04-30,212,Not Open
T068,06-07,2007-04-30,212,Not Open
T069,06-07,2007-04-30,212,Not Open
T070,06-07,2007-04-30,212,Not Open
T071,06-07,2007-04-30,212,Not Open
T072,06-07,2007-04-30,212,Not Open
T073,06-07,2007-04-30,212,Not Open
T074,06-07,2007-04-30,212,Not Open
T075,06-07,2007-04-30,212,Not Open
T076,06-07,2007-04-30,212,Not Open
T077,06-07,2007-04-30,212,Not Open
T078,06-07,2007-04-30,212,Not Open
T079,06-07,2007-04-30,212,Not Open
T080,06-07,2007-04-30,212,Not Open
T081,06-07,2007-04-30,212,Not Open
T083,06-07,2007-04-30,212,Not Open
T084,06-07,2007-04-30,212,Not Open
T085,06-07,2007-04-30,212,Not Open
T086,06-07,2007-04-30,212,Not Open
T087,06-07,2007-04-30,212,Not Open
T088,06-07,2007-04-30,212,Not Open
T089,06-07,2007-04-30,212,Not Open
T090,06-07,2007-04-30,212,Not Open
T091,06-07,2007-04-30,212,Not Open
T092,06-07,2007-04-30,212,Not Open
T127,06-07,2007-04-30,212,Not Open
T134,06-07,2007-04-30,212,Not Open
T135,06-07,2007-04-30,212,Not Open
T136,06-07,2007-04-30,212,Not Open
T137,06-07,2007-04-30,212,Not Open
T148,06-07,2007-04-30,212,Not Open
T152,06-07,2007-04-30,212,Not Open
T156,06-07,2007-04-30,212,Not Open
T157,06-07,2007-04-30,212,Not Open