trail_id,season,date,season_day,dashboard_status
T002,12-13,2012-10-01,1,Not Open
T003,12-13,2012-10-01,1,Not Open
T004,12-13,2012-10-01,1,Not Open
T005,12-13,2012-10-01,1,Not Open
T006,12-13,2012-10-01,1,Not Open
T007,12-13,2012-10-01,1,Not Open
T008,12-13,2012-10-01,1,Not Open
T009,12-13,2012-10-01,1,Not Open
T010,12-13,2012-10-01,1,Not Open
T011,12-13,2012-10-01,1,Not Open
T012,12-13,2012-10-01,1,Not Open
T013,12-13,2012-10-01,1,Not Open
T015,12-13,2012-10-01,1,Not Open
T016,12-13,2012-10-01,1,Not Open
T017,12-13,2012-10-01,1,Not Open
T018,12-13,2012-10-01,1,Not Open
T019,12-13,2012-10-01,1,Not Open
T020,12-13,2012-10-01,1,Not Open
T021,12-13,2012-10-01,1,Not Open
T022,12-13,2012-10-01,1,Not Open
T023,12-13,2012-10-01,1,Not Open
T024,12-13,2012-10-01,1,Not Open
T025,12-13,2012-10-01,1,Not Open
T026,12-13,2012-10-01,1,Not Open
T027,12-13,2012-10-01,1,Not Open
T028,12-13,2012-10-01,1,Not Open
T029,12-13,2012-10-01,1,Not Open
T030,12-13,2012-10-01,1,Not Open
T031,12-13,2012-10-01,1,Not Open
T032,12-13,2012-10-01,1,Not Open
T033,12-13,2012-10-01,1,Not Open
T034,12-13,2012-10-01,1,Not Open
T035,12-13,2012-10-01,1,Not Open
T036,12-13,2012-10-01,1,Not Open
T037,12-13,2012-10-01,1,Not Open
T038,12-13,2012-10-01,1,Not Open
T039,12-13,2012-10-01,1,Not Open
T040,12-13,2012-10-01,1,Not Open
T042,12-13,2012-10-01,1,Not Open
T043,12-13,2012-10-01,1,Not Open
T044,12-13,2012-10-01,1,Not Open
T045,12-13,2012-10-01,1,Not Open
T046,12-13,2012-10-01,1,Not Open
T047,12-13,2012-10-01,1,Not Open
T048,12-13,2012-10-01,1,Not Open
T049,12-13,2012-10-01,1,Not Open
T051,12-13,2012-10-01,1,Not Open
T052,12-13,2012-10-01,1,Not Open
T053,12-13,2012-10-01,1,Not Open
T054,12-13,2012-10-01,1,Not Open
T061,12-13,2012-10-01,1,Not Open
T063,12-13,2012-10-01,1,Not Open
T064,12-13,2012-10-01,1,Not Open
T065,12-13,2012-10-01,1,Not Open
T066,12-13,2012-10-01,1,Not Open
T067,12-13,2012-10-01,1,Not Open
T068,12-13,2012-10-01,1,Not Open
T069,12-13,2012-10-01,1,Not Open
T070,12-13,2012-10-01,1,Not Open
T071,12-13,2012-10-01,1,Not Open
T072,12-13,2012-10-01,1,Not Open
T073,12-13,2012-10-01,1,Not Open
T074,12-13,2012-10-01,1,Not Open
T075,12-13,2012-10-01,1,Not Open
T076,12-13,2012-10-01,1,Not Open
T077,12-13,2012-10-01,1,Not Open
T078,12-13,2012-10-01,1,Not Open
T079,12-13,2012-10-01,1,Not Open
T080,12-13,2012-10-01,1,Not Open
T081,12-13,2012-10-01,1,Not Open
T083,12-13,2012-10-01,1,Not Open
T084,12-13,2012-10-01,1,Not Open
T085,12-13,2012-10-01,1,Not Open
T086,12-13,2012-10-01,1,Not Open
T087,12-13,2012-10-01,1,Not Open
T088,12-13,2012-10-01,1,Not Open
T089,12-13,2012-10-01,1,Not Open
T090,12-13,2012-10-01,1,Not Open
T091,12-13,2012-10-01,1,Not Open
T092,12-13,2012-10-01,1,Not Open
T127,12-13,2012-10-01,1,Not Open
T134,12-13,2012-10-01,1,Not Open
T135,12-13,2012-10-01,1,Not Open
T136,12-13,2012-10-01,1,Not Open
T137,12-13,2012-10-01,1,Not Open
T148,12-13,2012-10-01,1,Not Open
T151,12-13,2012-10-01,1,Not Open
T152,12-13,2012-10-01,1,Not Open
T155,12-13,2012-10-01,1,Not Open
T156,12-13,2012-10-01,1,Not Open
T157,12-13,2012-10-01,1,Not Open
T002,12-13,2012-10-02,2,Not Open
T003,12-13,2012-10-02,2,Not Open
T004,12-13,2012-10-02,2,Not Open
T005,12-13,2012-10-02,2,Not Open
T006,12-13,2012-10-02,2,Not Open
T007,12-13,2012-10-02,2,Not Open
T008,12-13,2012-10-02,2,Not Open
T009,12-13,2012-10-02,2,Not Open
T010,12-13,2012-10-02,2,Not Open
T011,12-13,2012-10-02,2,Not Open
T012,12-13,2012-10-02,2,Not Open
T013,12-13,2012-10-02,2,Not Open
T015,12-13,2012-10-02,2,Not Open
T016,12-13,2012-10-02,2,Not Open
T017,12-13,2012-10-02,2,Not Open
T018,12-13,2012-10-02,2,Not Open
T019,12-13,2012-10-02,2,Not Open
T020,12-13,2012-10-02,2,Not Open
T021,12-13,2012-10-02,2,Not Open
T022,12-13,2012-10-02,2,Not Open
T023,12-13,2012-10-02,2,Not Open
T024,12-13,2012-10-02,2,Not Open
T025,12-13,2012-10-02,2,Not Open
T026,12-13,2012-10-02,2,Not Open
T027,12-13,2012-10-02,2,Not Open
T028,12-13,2012-10-02,2,Not Open
T029,12-13,2012-10-02,2,Not Open
T030,12-13,2012-10-02,2,Not Open
T031,12-13,2012-10-02,2,Not Open
T032,12-13,2012-10-02,2,Not Open
T033,12-13,2012-10-02,2,Not Open
T034,12-13,2012-10-02,2,Not Open
T035,12-13,2012-10-02,2,Not Open
T036,12-13,2012-10-02,2,Not Open
T037,12-13,2012-10-02,2,Not Open
T038,12-13,2012-10-02,2,Not Open
T039,12-13,2012-10-02,2,Not Open
T040,12-13,2012-10-02,2,Not Open
T042,12-13,2012-10-02,2,Not Open
T043,12-13,2012-10-02,2,Not Open
T044,12-13,2012-10-02,2,Not Open
T045,12-13,2012-10-02,2,Not Open
T046,12-13,2012-10-02,2,Not Open
T047,12-13,2012-10-02,2,Not Open
T048,12-13,2012-10-02,2,Not Open
T049,12-13,2012-10-02,2,Not Open
T051,12-13,2012-10-02,2,Not Open
T052,12-13,2012-10-02,2,Not Open
T053,12-13,2012-10-02,2,Not Open
T054,12-13,2012-10-02,2,Not Open
T061,12-13,2012-10-02,2,Not Open
T063,12-13,2012-10-02,2,Not Open
T064,12-13,2012-10-02,2,Not Open
T065,12-13,2012-10-02,2,Not Open
T066,12-13,2012-10-02,2,Not Open
T067,12-13,2012-10-02,2,Not Open
T068,12-13,2012-10-02,2,Not Open
T069,12-13,2012-10-02,2,Not Open
T070,12-13,2012-10-02,2,Not Open
T071,12-13,2012-10-02,2,Not Open
T072,12-13,2012-10-02,2,Not Open
T073,12-13,2012-10-02,2,Not Open
T074,12-13,2012-10-02,2,Not Open
T075,12-13,2012-10-02,2,Not Open
T076,12-13,2012-10-02,2,Not Open
T077,12-13,2012-10-02,2,Not Open
T078,12-13,2012-10-02,2,Not Open
T079,12-13,2012-10-02,2,Not Open
T080,12-13,2012-10-02,2,Not Open
T081,12-13,2012-10-02,2,Not Open
T083,12-13,2012-10-02,2,Not Open
T084,12-13,2012-10-02,2,Not Open
T085,12-13,2012-10-02,2,Not Open
T086,12-13,2012-10-02,2,Not Open
T087,12-13,2012-10-02,2,Not Open
T088,12-13,2012-10-02,2,Not Open
T089,12-13,2012-10-02,2,Not Open
T090,12-13,2012-10-02,2,Not Open
T091,12-13,2012-10-02,2,Not Open
T092,12-13,2012-10-02,2,Not Open
T127,12-13,2012-10-02,2,Not Open
T134,12-13,2012-10-02,2,Not Open
T135,12-13,2012-10-02,2,Not Open
T136,12-13,2012-10-02,2,Not Open
T137,12-13,2012-10-02,2,Not Open
T148,12-13,2012-10-02,2,Not Open
T151,12-13,2012-10-02,2,Not Open
T152,12-13,2012-10-02,2,Not Open
T155,12-13,2012-10-02,2,Not Open
T156,12-13,2012-10-02,2,Not Open
T157,12-13,2012-10-02,2,Not Open
T002,12-13,2012-10-03,3,Not Open
T003,12-13,2012-10-03,3,Not Open
T004,12-13,2012-10-03,3,Not Open
T005,12-13,2012-10-03,3,Not Open
T006,12-13,2012-10-03,3,Not Open
T007,12-13,2012-10-03,3,Not Open
T008,12-13,2012-10-03,3,Not Open
T009,12-13,2012-10-03,3,Not Open
T010,12-13,2012-10-03,3,Not Open
T011,12-13,2012-10-03,3,Not Open
T012,12-13,2012-10-03,3,Not Open
T013,12-13,2012-10-03,3,Not Open
T015,12-13,2012-10-03,3,Not Open
T016,12-13,2012-10-03,3,Not Open
T017,12-13,2012-10-03,3,Not Open
T018,12-13,2012-10-03,3,Not Open
T019,12-13,2012-10-03,3,Not Open
T020,12-13,2012-10-03,3,Not Open
T021,12-13,2012-10-03,3,Not Open
T022,12-13,2012-10-03,3,Not Open
T023,12-13,2012-10-03,3,Not Open
T024,12-13,2012-10-03,3,Not Open
T025,12-13,2012-10-03,3,Not Open
T026,12-13,2012-10-03,3,Not Open
T027,12-13,2012-10-03,3,Not Open
T028,12-13,2012-10-03,3,Not Open
T029,12-13,2012-10-03,3,Not Open
T030,12-13,2012-10-03,3,Not Open
T031,12-13,2012-10-03,3,Not Open
T032,12-13,2012-10-03,3,Not Open
T033,12-13,2012-10-03,3,Not Open
T034,12-13,2012-10-03,3,Not Open
T035,12-13,2012-10-03,3,Not Open
T036,12-13,2012-10-03,3,Not Open
T037,12-13,2012-10-03,3,Not Open
T038,12-13,2012-10-03,3,Not Open
T039,12-13,2012-10-03,3,Not Open
T040,12-13,2012-10-03,3,Not Open
T042,12-13,2012-10-03,3,Not Open
T043,12-13,2012-10-03,3,Not Open
T044,12-13,2012-10-03,3,Not Open
T045,12-13,2012-10-03,3,Not Open
T046,12-13,2012-10-03,3,Not Open
T047,12-13,2012-10-03,3,Not Open
T048,12-13,2012-10-03,3,Not Open
T049,12-13,2012-10-03,3,Not Open
T051,12-13,2012-10-03,3,Not Open
T052,12-13,2012-10-03,3,Not Open
T053,12-13,2012-10-03,3,Not Open
T054,12-13,2012-10-03,3,Not Open
T061,12-13,2012-10-03,3,Not Open
T063,12-13,2012-10-03,3,Not Open
T064,12-13,2012-10-03,3,Not Open
T065,12-13,2012-10-03,3,Not Open
T066,12-13,2012-10-03,3,Not Open
T067,12-13,2012-10-03,3,Not Open
T068,12-13,2012-10-03,3,Not Open
T069,12-13,2012-10-03,3,Not Open
T070,12-13,2012-10-03,3,Not Open
T071,12-13,2012-10-03,3,Not Open
T072,12-13,2012-10-03,3,Not Open
T073,12-13,2012-10-03,3,Not Open
T074,12-13,2012-10-03,3,Not Open
T075,12-13,2012-10-03,3,Not Open
T076,12-13,2012-10-03,3,Not Open
T077,12-13,2012-10-03,3,Not Open
T078,12-13,2012-10-03,3,Not Open
T079,12-13,2012-10-03,3,Not Open
T080,12-13,2012-10-03,3,Not Open
T081,12-13,2012-10-03,3,Not Open
T083,12-13,2012-10-03,3,Not Open
T084,12-13,2012-10-03,3,Not Open
T085,12-13,2012-10-03,3,Not Open
T086,12-13,2012-10-03,3,Not Open
T087,12-13,2012-10-03,3,Not Open
T088,12-13,2012-10-03,3,Not Open
T089,12-13,2012-10-03,3,Not Open
T090,12-13,2012-10-03,3,Not Open
T091,12-13,2012-10-03,3,Not Open
T092,12-13,2012-10-03,3,Not Open
T127,12-13,2012-10-03,3,Not Open
T134,12-13,2012-10-03,3,Not Open
T135,12-13,2012-10-03,3,Not Open
T136,12-13,2012-10-03,3,Not Open
T137,12-13,2012-10-03,3,Not Open
T148,12-13,2012-10-03,3,Not Open
T151,12-13,2012-10-03,3,Not Open
T152,12-13,2012-10-03,3,Not Open
T155,12-13,2012-10-03,3,Not Open
T156,12-13,2012-10-03,3,Not Open
T157,12-13,2012-10-03,3,Not Open
T002,12-13,2012-10-04,4,Not Open
T003,12-13,2012-10-04,4,Not Open
T004,12-13,2012-10-04,4,Not Open
T005,12-13,2012-10-04,4,Not Open
T006,12-13,2012-10-04,4,Not Open
T007,12-13,2012-10-04,4,Not Open
T008,12-13,2012-10-04,4,Not Open
T009,12-13,2012-10-04,4,Not Open
T010,12-13,2012-10-04,4,Not Open
T011,12-13,2012-10-04,4,Not Open
T012,12-13,2012-10-04,4,Not Open
T013,12-13,2012-10-04,4,Not Open
T015,12-13,2012-10-04,4,Not Open
T016,12-13,2012-10-04,4,Not Open
T017,12-13,2012-10-04,4,Not Open
T018,12-13,2012-10-04,4,Not Open
T019,12-13,2012-10-04,4,Not Open
T020,12-13,2012-10-04,4,Not Open
T021,12-13,2012-10-04,4,Not Open
T022,12-13,2012-10-04,4,Not Open
T023,12-13,2012-10-04,4,Not Open
T024,12-13,2012-10-04,4,Not Open
T025,12-13,2012-10-04,4,Not Open
T026,12-13,2012-10-04,4,Not Open
T027,12-13,2012-10-04,4,Not Open
T028,12-13,2012-10-04,4,Not Open
T029,12-13,2012-10-04,4,Not Open
T030,12-13,2012-10-04,4,Not Open
T031,12-13,2012-10-04,4,Not Open
T032,12-13,2012-10-04,4,Not Open
T033,12-13,2012-10-04,4,Not Open
T034,12-13,2012-10-04,4,Not Open
T035,12-13,2012-10-04,4,Not Open
T036,12-13,2012-10-04,4,Not Open
T037,12-13,2012-10-04,4,Not Open
T038,12-13,2012-10-04,4,Not Open
T039,12-13,2012-10-04,4,Not Open
T040,12-13,2012-10-04,4,Not Open
T042,12-13,2012-10-04,4,Not Open
T043,12-13,2012-10-04,4,Not Open
T044,12-13,2012-10-04,4,Not Open
T045,12-13,2012-10-04,4,Not Open
T046,12-13,2012-10-04,4,Not Open
T047,12-13,2012-10-04,4,Not Open
T048,12-13,2012-10-04,4,Not Open
T049,12-13,2012-10-04,4,Not Open
T051,12-13,2012-10-04,4,Not Open
T052,12-13,2012-10-04,4,Not Open
T053,12-13,2012-10-04,4,Not Open
T054,12-13,2012-10-04,4,Not Open
T061,12-13,2012-10-04,4,Not Open
T063,12-13,2012-10-04,4,Not Open
T064,12-13,2012-10-04,4,Not Open
T065,12-13,2012-10-04,4,Not Open
T066,12-13,2012-10-04,4,Not Open
T067,12-13,2012-10-04,4,Not Open
T068,12-13,2012-10-04,4,Not Open
T069,12-13,2012-10-04,4,Not Open
T070,12-13,2012-10-04,4,Not Open
T071,12-13,2012-10-04,4,Not Open
T072,12-13,2012-10-04,4,Not Open
T073,12-13,2012-10-04,4,Not Open
T074,12-13,2012-10-04,4,Not Open
T075,12-13,2012-10-04,4,Not Open
T076,12-13,2012-10-04,4,Not Open
T077,12-13,2012-10-04,4,Not Open
T078,12-13,2012-10-04,4,Not Open
T079,12-13,2012-10-04,4,Not Open
T080,12-13,2012-10-04,4,Not Open
T081,12-13,2012-10-04,4,Not Open
T083,12-13,2012-10-04,4,Not Open
T084,12-13,2012-10-04,4,Not Open
T085,12-13,2012-10-04,4,Not Open
T086,12-13,2012-10-04,4,Not Open
T087,12-13,2012-10-04,4,Not Open
T088,12-13,2012-10-04,4,Not Open
T089,12-13,2012-10-04,4,Not Open
T090,12-13,2012-10-04,4,Not Open
T091,12-13,2012-10-04,4,Not Open
T092,12-13,2012-10-04,4,Not Open
T127,12-13,2012-10-04,4,Not Open
T134,12-13,2012-10-04,4,Not Open
T135,12-13,2012-10-04,4,Not Open
T136,12-13,2012-10-04,4,Not Open
T137,12-13,2012-10-04,4,Not Open
T148,12-13,2012-10-04,4,Not Open
T151,12-13,2012-10-04,4,Not Open
T152,12-13,2012-10-04,4,Not Open
T155,12-13,2012-10-04,4,Not Open
T156,12-13,2012-10-04,4,Not Open
T157,12-13,2012-10-04,4,Not Open
T002,12-13,2012-10-05,5,Not Open
T003,12-13,2012-10-05,5,Not Open
T004,12-13,2012-10-05,5,Not Open
T005,12-13,2012-10-05,5,Not Open
T006,12-13,2012-10-05,5,Not Open
T007,12-13,2012-10-05,5,Not Open
T008,12-13,2012-10-05,5,Not Open
T009,12-13,2012-10-05,5,Not Open
T010,12-13,2012-10-05,5,Not Open
T011,12-13,2012-10-05,5,Not Open
T012,12-13,2012-10-05,5,Not Open
T013,12-13,2012-10-05,5,Not Open
T015,12-13,2012-10-05,5,Not Open
T016,12-13,2012-10-05,5,Not Open
T017,12-13,2012-10-05,5,Not Open
T018,12-13,2012-10-05,5,Not Open
T019,12-13,2012-10-05,5,Not Open
T020,12-13,2012-10-05,5,Not Open
T021,12-13,2012-10-05,5,Not Open
T022,12-13,2012-10-05,5,Not Open
T023,12-13,2012-10-05,5,Not Open
T024,12-13,2012-10-05,5,Not Open
T025,12-13,2012-10-05,5,Not Open
T026,12-13,2012-10-05,5,Not Open
T027,12-13,2012-10-05,5,Not Open
T028,12-13,2012-10-05,5,Not Open
T029,12-13,2012-10-05,5,Not Open
T030,12-13,2012-10-05,5,Not Open
T031,12-13,2012-10-05,5,Not Open
T032,12-13,2012-10-05,5,Not Open
T033,12-13,2012-10-05,5,Not Open
T034,12-13,2012-10-05,5,Not Open
T035,12-13,2012-10-05,5,Not Open
T036,12-13,2012-10-05,5,Not Open
T037,12-13,2012-10-05,5,Not Open
T038,12-13,2012-10-05,5,Not Open
T039,12-13,2012-10-05,5,Not Open
T040,12-13,2012-10-05,5,Not Open
T042,12-13,2012-10-05,5,Not Open
T043,12-13,2012-10-05,5,Not Open
T044,12-13,2012-10-05,5,Not Open
T045,12-13,2012-10-05,5,Not Open
T046,12-13,2012-10-05,5,Not Open
T047,12-13,2012-10-05,5,Not Open
T048,12-13,2012-10-05,5,Not Open
T049,12-13,2012-10-05,5,Not Open
T051,12-13,2012-10-05,5,Not Open
T052,12-13,2012-10-05,5,Not Open
T053,12-13,2012-10-05,5,Not Open
T054,12-13,2012-10-05,5,Not Open
T061,12-13,2012-10-05,5,Not Open
T063,12-13,2012-10-05,5,Not Open
T064,12-13,2012-10-05,5,Not Open
T065,12-13,2012-10-05,5,Not Open
T066,12-13,2012-10-05,5,Not Open
T067,12-13,2012-10-05,5,Not Open
T068,12-13,2012-10-05,5,Not Open
T069,12-13,2012-10-05,5,Not Open
T070,12-13,2012-10-05,5,Not Open
T071,12-13,2012-10-05,5,Not Open
T072,12-13,2012-10-05,5,Not Open
T073,12-13,2012-10-05,5,Not Open
T074,12-13,2012-10-05,5,Not Open
T075,12-13,2012-10-05,5,Not Open
T076,12-13,2012-10-05,5,Not Open
T077,12-13,2012-10-05,5,Not Open
T078,12-13,2012-10-05,5,Not Open
T079,12-13,2012-10-05,5,Not Open
T080,12-13,2012-10-05,5,Not Open
T081,12-13,2012-10-05,5,Not Open
T083,12-13,2012-10-05,5,Not Open
T084,12-13,2012-10-05,5,Not Open
T085,12-13,2012-10-05,5,Not Open
T086,12-13,2012-10-05,5,Not Open
T087,12-13,2012-10-05,5,Not Open
T088,12-13,2012-10-05,5,Not Open
T089,12-13,2012-10-05,5,Not Open
T090,12-13,2012-10-05,5,Not Open
T091,12-13,2012-10-05,5,Not Open
T092,12-13,2012-10-05,5,Not Open
T127,12-13,2012-10-05,5,Not Open
T134,12-13,2012-10-05,5,Not Open
T135,12-13,2012-10-05,5,Not Open
T136,12-13,2012-10-05,5,Not Open
T137,12-13,2012-10-05,5,Not Open
T148,12-13,2012-10-05,5,Not Open
T151,12-13,2012-10-05,5,Not Open
T152,12-13,2012-10-05,5,Not Open
T155,12-13,2012-10-05,5,Not Open
T156,12-13,2012-10-05,5,Not Open
T157,12-13,2012-10-05,5,Not Open
T002,12-13,2012-10-06,6,Not Open
T003,12-13,2012-10-06,6,Not Open
T004,12-13,2012-10-06,6,Not Open
T005,12-13,2012-10-06,6,Not Open
T006,12-13,2012-10-06,6,Not Open
T007,12-13,2012-10-06,6,Not Open
T008,12-13,2012-10-06,6,Not Open
T009,12-13,2012-10-06,6,Not Open
T010,12-13,2012-10-06,6,Not Open
T011,12-13,2012-10-06,6,Not Open
T012,12-13,2012-10-06,6,Not Open
T013,12-13,2012-10-06,6,Not Open
T015,12-13,2012-10-06,6,Not Open
T016,12-13,2012-10-06,6,Not Open
T017,12-13,2012-10-06,6,Not Open
T018,12-13,2012-10-06,6,Not Open
T019,12-13,2012-10-06,6,Not Open
T020,12-13,2012-10-06,6,Not Open
T021,12-13,2012-10-06,6,Not Open
T022,12-13,2012-10-06,6,Not Open
T023,12-13,2012-10-06,6,Not Open
T024,12-13,2012-10-06,6,Not Open
T025,12-13,2012-10-06,6,Not Open
T026,12-13,2012-10-06,6,Not Open
T027,12-13,2012-10-06,6,Not Open
T028,12-13,2012-10-06,6,Not Open
T029,12-13,2012-10-06,6,Not Open
T030,12-13,2012-10-06,6,Not Open
T031,12-13,2012-10-06,6,Not Open
T032,12-13,2012-10-06,6,Not Open
T033,12-13,2012-10-06,6,Not Open
T034,12-13,2012-10-06,6,Not Open
T035,12-13,2012-10-06,6,Not Open
T036,12-13,2012-10-06,6,Not Open
T037,12-13,2012-10-06,6,Not Open
T038,12-13,2012-10-06,6,Not Open
T039,12-13,2012-10-06,6,Not Open
T040,12-13,2012-10-06,6,Not Open
T042,12-13,2012-10-06,6,Not Open
T043,12-13,2012-10-06,6,Not Open
T044,12-13,2012-10-06,6,Not Open
T045,12-13,2012-10-06,6,Not Open
T046,12-13,2012-10-06,6,Not Open
T047,12-13,2012-10-06,6,Not Open
T048,12-13,2012-10-06,6,Not Open
T049,12-13,2012-10-06,6,Not Open
T051,12-13,2012-10-06,6,Not Open
T052,12-13,2012-10-06,6,Not Open
T053,12-13,2012-10-06,6,Not Open
T054,12-13,2012-10-06,6,Not Open
T061,12-13,2012-10-06,6,Not Open
T063,12-13,2012-10-06,6,Not Open
T064,12-13,2012-10-06,6,Not Open
T065,12-13,2012-10-06,6,Not Open
T066,12-13,2012-10-06,6,Not Open
T067,12-13,2012-10-06,6,Not Open
T068,12-13,2012-10-06,6,Not Open
T069,12-13,2012-10-06,6,Not Open
T070,12-13,2012-10-06,6,Not Open
T071,12-13,2012-10-06,6,Not Open
T072,12-13,2012-10-06,6,Not Open
T073,12-13,2012-10-06,6,Not Open
T074,12-13,2012-10-06,6,Not Open
T075,12-13,2012-10-06,6,Not Open
T076,12-13,2012-10-06,6,Not Open
T077,12-13,2012-10-06,6,Not Open
T078,12-13,2012-10-06,6,Not Open
T079,12-13,2012-10-06,6,Not Open
T080,12-13,2012-10-06,6,Not Open
T081,12-13,2012-10-06,6,Not Open
T083,12-13,2012-10-06,6,Not Open
T084,12-13,2012-10-06,6,Not Open
T085,12-13,2012-10-06,6,Not Open
T086,12-13,2012-10-06,6,Not Open
T087,12-13,2012-10-06,6,Not Open
T088,12-13,2012-10-06,6,Not Open
T089,12-13,2012-10-06,6,Not Open
T090,12-13,2012-10-06,6,Not Open
T091,12-13,2012-10-06,6,Not Open
T092,12-13,2012-10-06,6,Not Open
T127,12-13,2012-10-06,6,Not Open
T134,12-13,2012-10-06,6,Not Open
T135,12-13,2012-10-06,6,Not Open
T136,12-13,2012-10-06,6,Not Open
T137,12-13,2012-10-06,6,Not Open
T148,12-13,2012-10-06,6,Not Open
T151,12-13,2012-10-06,6,Not Open
T152,12-13,2012-10-06,6,Not Open
T155,12-13,2012-10-06,6,Not Open
T156,12-13,2012-10-06,6,Not Open
T157,12-13,2012-10-06,6,Not Open
T002,12-13,2012-10-07,7,Not Open
T003,12-13,2012-10-07,7,Not Open
T004,12-13,2012-10-07,7,Not Open
T005,12-13,2012-10-07,7,Not Open
T006,12-13,2012-10-07,7,Not Open
T007,12-13,2012-10-07,7,Not Open
T008,12-13,2012-10-07,7,Not Open
T009,12-13,2012-10-07,7,Not Open
T010,12-13,2012-10-07,7,Not Open
T011,12-13,2012-10-07,7,Not Open
T012,12-13,2012-10-07,7,Not Open
T013,12-13,2012-10-07,7,Not Open
T015,12-13,2012-10-07,7,Not Open
T016,12-13,2012-10-07,7,Not Open
T017,12-13,2012-10-07,7,Not Open
T018,12-13,2012-10-07,7,Not Open
T019,12-13,2012-10-07,7,Not Open
T020,12-13,2012-10-07,7,Not Open
T021,12-13,2012-10-07,7,Not Open
T022,12-13,2012-10-07,7,Not Open
T023,12-13,2012-10-07,7,Not Open
T024,12-13,2012-10-07,7,Not Open
T025,12-13,2012-10-07,7,Not Open
T026,12-13,2012-10-07,7,Not Open
T027,12-13,2012-10-07,7,Not Open
T028,12-13,2012-10-07,7,Not Open
T029,12-13,2012-10-07,7,Not Open
T030,12-13,2012-10-07,7,Not Open
T031,12-13,2012-10-07,7,Not Open
T032,12-13,2012-10-07,7,Not Open
T033,12-13,2012-10-07,7,Not Open
T034,12-13,2012-10-07,7,Not Open
T035,12-13,2012-10-07,7,Not Open
T036,12-13,2012-10-07,7,Not Open
T037,12-13,2012-10-07,7,Not Open
T038,12-13,2012-10-07,7,Not Open
T039,12-13,2012-10-07,7,Not Open
T040,12-13,2012-10-07,7,Not Open
T042,12-13,2012-10-07,7,Not Open
T043,12-13,2012-10-07,7,Not Open
T044,12-13,2012-10-07,7,Not Open
T045,12-13,2012-10-07,7,Not Open
T046,12-13,2012-10-07,7,Not Open
T047,12-13,2012-10-07,7,Not Open
T048,12-13,2012-10-07,7,Not Open
T049,12-13,2012-10-07,7,Not Open
T051,12-13,2012-10-07,7,Not Open
T052,12-13,2012-10-07,7,Not Open
T053,12-13,2012-10-07,7,Not Open
T054,12-13,2012-10-07,7,Not Open
T061,12-13,2012-10-07,7,Not Open
T063,12-13,2012-10-07,7,Not Open
T064,12-13,2012-10-07,7,Not Open
T065,12-13,2012-10-07,7,Not Open
T066,12-13,2012-10-07,7,Not Open
T067,12-13,2012-10-07,7,Not Open
T068,12-13,2012-10-07,7,Not Open
T069,12-13,2012-10-07,7,Not Open
T070,12-13,2012-10-07,7,Not Open
T071,12-13,2012-10-07,7,Not Open
T072,12-13,2012-10-07,7,Not Open
T073,12-13,2012-10-07,7,Not Open
T074,12-13,2012-10-07,7,Not Open
T075,12-13,2012-10-07,7,Not Open
T076,12-13,2012-10-07,7,Not Open
T077,12-13,2012-10-07,7,Not Open
T078,12-13,2012-10-07,7,Not Open
T079,12-13,2012-10-07,7,Not Open
T080,12-13,2012-10-07,7,Not Open
T081,12-13,2012-10-07,7,Not Open
T083,12-13,2012-10-07,7,Not Open
T084,12-13,2012-10-07,7,Not Open
T085,12-13,2012-10-07,7,Not Open
T086,12-13,2012-10-07,7,Not Open
T087,12-13,2012-10-07,7,Not Open
T088,12-13,2012-10-07,7,Not Open
T089,12-13,2012-10-07,7,Not Open
T090,12-13,2012-10-07,7,Not Open
T091,12-13,2012-10-07,7,Not Open
T092,12-13,2012-10-07,7,Not Open
T127,12-13,2012-10-07,7,Not Open
T134,12-13,2012-10-07,7,Not Open
T135,12-13,2012-10-07,7,Not Open
T136,12-13,2012-10-07,7,Not Open
T137,12-13,2012-10-07,7,Not Open
T148,12-13,2012-10-07,7,Not Open
T151,12-13,2012-10-07,7,Not Open
T152,12-13,2012-10-07,7,Not Open
T155,12-13,2012-10-07,7,Not Open
T156,12-13,2012-10-07,7,Not Open
T157,12-13,2012-10-07,7,Not Open
T002,12-13,2012-10-08,8,Not Open
T003,12-13,2012-10-08,8,Not Open
T004,12-13,2012-10-08,8,Not Open
T005,12-13,2012-10-08,8,Not Open
T006,12-13,2012-10-08,8,Not Open
T007,12-13,2012-10-08,8,Not Open
T008,12-13,2012-10-08,8,Not Open
T009,12-13,2012-10-08,8,Not Open
T010,12-13,2012-10-08,8,Not Open
T011,12-13,2012-10-08,8,Not Open
T012,12-13,2012-10-08,8,Not Open
T013,12-13,2012-10-08,8,Not Open
T015,12-13,2012-10-08,8,Not Open
T016,12-13,2012-10-08,8,Not Open
T017,12-13,2012-10-08,8,Not Open
T018,12-13,2012-10-08,8,Not Open
T019,12-13,2012-10-08,8,Not Open
T020,12-13,2012-10-08,8,Not Open
T021,12-13,2012-10-08,8,Not Open
T022,12-13,2012-10-08,8,Not Open
T023,12-13,2012-10-08,8,Not Open
T024,12-13,2012-10-08,8,Not Open
T025,12-13,2012-10-08,8,Not Open
T026,12-13,2012-10-08,8,Not Open
T027,12-13,2012-10-08,8,Not Open
T028,12-13,2012-10-08,8,Not Open
T029,12-13,2012-10-08,8,Not Open
T030,12-13,2012-10-08,8,Not Open
T031,12-13,2012-10-08,8,Not Open
T032,12-13,2012-10-08,8,Not Open
T033,12-13,2012-10-08,8,Not Open
T034,12-13,2012-10-08,8,Not Open
T035,12-13,2012-10-08,8,Not Open
T036,12-13,2012-10-08,8,Not Open
T037,12-13,2012-10-08,8,Not Open
T038,12-13,2012-10-08,8,Not Open
T039,12-13,2012-10-08,8,Not Open
T040,12-13,2012-10-08,8,Not Open
T042,12-13,2012-10-08,8,Not Open
T043,12-13,2012-10-08,8,Not Open
T044,12-13,2012-10-08,8,Not Open
T045,12-13,2012-10-08,8,Not Open
T046,12-13,2012-10-08,8,Not Open
T047,12-13,2012-10-08,8,Not Open
T048,12-13,2012-10-08,8,Not Open
T049,12-13,2012-10-08,8,Not Open
T051,12-13,2012-10-08,8,Not Open
T052,12-13,2012-10-08,8,Not Open
T053,12-13,2012-10-08,8,Not Open
T054,12-13,2012-10-08,8,Not Open
T061,12-13,2012-10-08,8,Not Open
T063,12-13,2012-10-08,8,Not Open
T064,12-13,2012-10-08,8,Not Open
T065,12-13,2012-10-08,8,Not Open
T066,12-13,2012-10-08,8,Not Open
T067,12-13,2012-10-08,8,Not Open
T068,12-13,2012-10-08,8,Not Open
T069,12-13,2012-10-08,8,Not Open
T070,12-13,2012-10-08,8,Not Open
T071,12-13,2012-10-08,8,Not Open
T072,12-13,2012-10-08,8,Not Open
T073,12-13,2012-10-08,8,Not Open
T074,12-13,2012-10-08,8,Not Open
T075,12-13,2012-10-08,8,Not Open
T076,12-13,2012-10-08,8,Not Open
T077,12-13,2012-10-08,8,Not Open
T078,12-13,2012-10-08,8,Not Open
T079,12-13,2012-10-08,8,Not Open
T080,12-13,2012-10-08,8,Not Open
T081,12-13,2012-10-08,8,Not Open
T083,12-13,2012-10-08,8,Not Open
T084,12-13,2012-10-08,8,Not Open
T085,12-13,2012-10-08,8,Not Open
T086,12-13,2012-10-08,8,Not Open
T087,12-13,2012-10-08,8,Not Open
T088,12-13,2012-10-08,8,Not Open
T089,12-13,2012-10-08,8,Not Open
T090,12-13,2012-10-08,8,Not Open
T091,12-13,2012-10-08,8,Not Open
T092,12-13,2012-10-08,8,Not Open
T127,12-13,2012-10-08,8,Not Open
T134,12-13,2012-10-08,8,Not Open
T135,12-13,2012-10-08,8,Not Open
T136,12-13,2012-10-08,8,Not Open
T137,12-13,2012-10-08,8,Not Open
T148,12-13,2012-10-08,8,Not Open
T151,12-13,2012-10-08,8,Not Open
T152,12-13,2012-10-08,8,Not Open
T155,12-13,2012-10-08,8,Not Open
T156,12-13,2012-10-08,8,Not Open
T157,12-13,2012-10-08,8,Not Open
T002,12-13,2012-10-09,9,Not Open
T003,12-13,2012-10-09,9,Not Open
T004,12-13,2012-10-09,9,Not Open
T005,12-13,2012-10-09,9,Not Open
T006,12-13,2012-10-09,9,Not Open
T007,12-13,2012-10-09,9,Not Open
T008,12-13,2012-10-09,9,Not Open
T009,12-13,2012-10-09,9,Not Open
T010,12-13,2012-10-09,9,Not Open
T011,12-13,2012-10-09,9,Not Open
T012,12-13,2012-10-09,9,Not Open
T013,12-13,2012-10-09,9,Not Open
T015,12-13,2012-10-09,9,Not Open
T016,12-13,2012-10-09,9,Not Open
T017,12-13,2012-10-09,9,Not Open
T018,12-13,2012-10-09,9,Not Open
T019,12-13,2012-10-09,9,Not Open
T020,12-13,2012-10-09,9,Not Open
T021,12-13,2012-10-09,9,Not Open
T022,12-13,2012-10-09,9,Not Open
T023,12-13,2012-10-09,9,Not Open
T024,12-13,2012-10-09,9,Not Open
T025,12-13,2012-10-09,9,Not Open
T026,12-13,2012-10-09,9,Not Open
T027,12-13,2012-10-09,9,Not Open
T028,12-13,2012-10-09,9,Not Open
T029,12-13,2012-10-09,9,Not Open
T030,12-13,2012-10-09,9,Not Open
T031,12-13,2012-10-09,9,Not Open
T032,12-13,2012-10-09,9,Not Open
T033,12-13,2012-10-09,9,Not Open
T034,12-13,2012-10-09,9,Not Open
T035,12-13,2012-10-09,9,Not Open
T036,12-13,2012-10-09,9,Not Open
T037,12-13,2012-10-09,9,Not Open
T038,12-13,2012-10-09,9,Not Open
T039,12-13,2012-10-09,9,Not Open
T040,12-13,2012-10-09,9,Not Open
T042,12-13,2012-10-09,9,Not Open
T043,12-13,2012-10-09,9,Not Open
T044,12-13,2012-10-09,9,Not Open
T045,12-13,2012-10-09,9,Not Open
T046,12-13,2012-10-09,9,Not Open
T047,12-13,2012-10-09,9,Not Open
T048,12-13,2012-10-09,9,Not Open
T049,12-13,2012-10-09,9,Not Open
T051,12-13,2012-10-09,9,Not Open
T052,12-13,2012-10-09,9,Not Open
T053,12-13,2012-10-09,9,Not Open
T054,12-13,2012-10-09,9,Not Open
T061,12-13,2012-10-09,9,Not Open
T063,12-13,2012-10-09,9,Not Open
T064,12-13,2012-10-09,9,Not Open
T065,12-13,2012-10-09,9,Not Open
T066,12-13,2012-10-09,9,Not Open
T067,12-13,2012-10-09,9,Not Open
T068,12-13,2012-10-09,9,Not Open
T069,12-13,2012-10-09,9,Not Open
T070,12-13,2012-10-09,9,Not Open
T071,12-13,2012-10-09,9,Not Open
T072,12-13,2012-10-09,9,Not Open
T073,12-13,2012-10-09,9,Not Open
T074,12-13,2012-10-09,9,Not Open
T075,12-13,2012-10-09,9,Not Open
T076,12-13,2012-10-09,9,Not Open
T077,12-13,2012-10-09,9,Not Open
T078,12-13,2012-10-09,9,Not Open
T079,12-13,2012-10-09,9,Not Open
T080,12-13,2012-10-09,9,Not Open
T081,12-13,2012-10-09,9,Not Open
T083,12-13,2012-10-09,9,Not Open
T084,12-13,2012-10-09,9,Not Open
T085,12-13,2012-10-09,9,Not Open
T086,12-13,2012-10-09,9,Not Open
T087,12-13,2012-10-09,9,Not Open
T088,12-13,2012-10-09,9,Not Open
T089,12-13,2012-10-09,9,Not Open
T090,12-13,2012-10-09,9,Not Open
T091,12-13,2012-10-09,9,Not Open
T092,12-13,2012-10-09,9,Not Open
T127,12-13,2012-10-09,9,Not Open
T134,12-13,2012-10-09,9,Not Open
T135,12-13,2012-10-09,9,Not Open
T136,12-13,2012-10-09,9,Not Open
T137,12-13,2012-10-09,9,Not Open
T148,12-13,2012-10-09,9,Not Open
T151,12-13,2012-10-09,9,Not Open
T152,12-13,2012-10-09,9,Not Open
T155,12-13,2012-10-09,9,Not Open
T156,12-13,2012-10-09,9,Not Open
T157,12-13,2012-10-09,9,Not Open
T002,12-13,2012-10-10,10,Not Open
T003,12-13,2012-10-10,10,Not Open
T004,12-13,2012-10-10,10,Not Open
T005,12-13,2012-10-10,10,Not Open
T006,12-13,2012-10-10,10,Not Open
T007,12-13,2012-10-10,10,Not Open
T008,12-13,2012-10-10,10,Not Open
T009,12-13,2012-10-10,10,Not Open
T010,12-13,2012-10-10,10,Not Open
T011,12-13,2012-10-10,10,Not Open
T012,12-13,2012-10-10,10,Not Open
T013,12-13,2012-10-10,10,Not Open
T015,12-13,2012-10-10,10,Not Open
T016,12-13,2012-10-10,10,Not Open
T017,12-13,2012-10-10,10,Not Open
T018,12-13,2012-10-10,10,Not Open
T019,12-13,2012-10-10,10,Not Open
T020,12-13,2012-10-10,10,Not Open
T021,12-13,2012-10-10,10,Not Open
T022,12-13,2012-10-10,10,Not Open
T023,12-13,2012-10-10,10,Not Open
T024,12-13,2012-10-10,10,Not Open
T025,12-13,2012-10-10,10,Not Open
T026,12-13,2012-10-10,10,Not Open
T027,12-13,2012-10-10,10,Not Open
T028,12-13,2012-10-10,10,Not Open
T029,12-13,2012-10-10,10,Not Open
T030,12-13,2012-10-10,10,Not Open
T031,12-13,2012-10-10,10,Not Open
T032,12-13,2012-10-10,10,Not Open
T033,12-13,2012-10-10,10,Not Open
T034,12-13,2012-10-10,10,Not Open
T035,12-13,2012-10-10,10,Not Open
T036,12-13,2012-10-10,10,Not Open
T037,12-13,2012-10-10,10,Not Open
T038,12-13,2012-10-10,10,Not Open
T039,12-13,2012-10-10,10,Not Open
T040,12-13,2012-10-10,10,Not Open
T042,12-13,2012-10-10,10,Not Open
T043,12-13,2012-10-10,10,Not Open
T044,12-13,2012-10-10,10,Not Open
T045,12-13,2012-10-10,10,Not Open
T046,12-13,2012-10-10,10,Not Open
T047,12-13,2012-10-10,10,Not Open
T048,12-13,2012-10-10,10,Not Open
T049,12-13,2012-10-10,10,Not Open
T051,12-13,2012-10-10,10,Not Open
T052,12-13,2012-10-10,10,Not Open
T053,12-13,2012-10-10,10,Not Open
T054,12-13,2012-10-10,10,Not Open
T061,12-13,2012-10-10,10,Not Open
T063,12-13,2012-10-10,10,Not Open
T064,12-13,2012-10-10,10,Not Open
T065,12-13,2012-10-10,10,Not Open
T066,12-13,2012-10-10,10,Not Open
T067,12-13,2012-10-10,10,Not Open
T068,12-13,2012-10-10,10,Not Open
T069,12-13,2012-10-10,10,Not Open
T070,12-13,2012-10-10,10,Not Open
T071,12-13,2012-10-10,10,Not Open
T072,12-13,2012-10-10,10,Not Open
T073,12-13,2012-10-10,10,Not Open
T074,12-13,2012-10-10,10,Not Open
T075,12-13,2012-10-10,10,Not Open
T076,12-13,2012-10-10,10,Not Open
T077,12-13,2012-10-10,10,Not Open
T078,12-13,2012-10-10,10,Not Open
T079,12-13,2012-10-10,10,Not Open
T080,12-13,2012-10-10,10,Not Open
T081,12-13,2012-10-10,10,Not Open
T083,12-13,2012-10-10,10,Not Open
T084,12-13,2012-10-10,10,Not Open
T085,12-13,2012-10-10,10,Not Open
T086,12-13,2012-10-10,10,Not Open
T087,12-13,2012-10-10,10,Not Open
T088,12-13,2012-10-10,10,Not Open
T089,12-13,2012-10-10,10,Not Open
T090,12-13,2012-10-10,10,Not Open
T091,12-13,2012-10-10,10,Not Open
T092,12-13,2012-10-10,10,Not Open
T127,12-13,2012-10-10,10,Not Open
T134,12-13,2012-10-10,10,Not Open
T135,12-13,2012-10-10,10,Not Open
T136,12-13,2012-10-10,10,Not Open
T137,12-13,2012-10-10,10,Not Open
T148,12-13,2012-10-10,10,Not Open
T151,12-13,2012-10-10,10,Not Open
T152,12-13,2012-10-10,10,Not Open
T155,12-13,2012-10-10,10,Not Open
T156,12-13,2012-10-10,10,Not Open
T157,12-13,2012-10-10,10,Not Open
T002,12-13,2012-10-11,11,Not Open
T003,12-13,2012-10-11,11,Not Open
T004,12-13,2012-10-11,11,Not Open
T005,12-13,2012-10-11,11,Not Open
T006,12-13,2012-10-11,11,Not Open
T007,12-13,2012-10-11,11,Not Open
T008,12-13,2012-10-11,11,Not Open
T009,12-13,2012-10-11,11,Not Open
T010,12-13,2012-10-11,11,Not Open
T011,12-13,2012-10-11,11,Not Open
T012,12-13,2012-10-11,11,Not Open
T013,12-13,2012-10-11,11,Not Open
T015,12-13,2012-10-11,11,Not Open
T016,12-13,2012-10-11,11,Not Open
T017,12-13,2012-10-11,11,Not Open
T018,12-13,2012-10-11,11,Not Open
T019,12-13,2012-10-11,11,Not Open
T020,12-13,2012-10-11,11,Not Open
T021,12-13,2012-10-11,11,Not Open
T022,12-13,2012-10-11,11,Not Open
T023,12-13,2012-10-11,11,Not Open
T024,12-13,2012-10-11,11,Not Open
T025,12-13,2012-10-11,11,Not Open
T026,12-13,2012-10-11,11,Not Open
T027,12-13,2012-10-11,11,Not Open
T028,12-13,2012-10-11,11,Not Open
T029,12-13,2012-10-11,11,Not Open
T030,12-13,2012-10-11,11,Not Open
T031,12-13,2012-10-11,11,Not Open
T032,12-13,2012-10-11,11,Not Open
T033,12-13,2012-10-11,11,Not Open
T034,12-13,2012-10-11,11,Not Open
T035,12-13,2012-10-11,11,Not Open
T036,12-13,2012-10-11,11,Not Open
T037,12-13,2012-10-11,11,Not Open
T038,12-13,2012-10-11,11,Not Open
T039,12-13,2012-10-11,11,Not Open
T040,12-13,2012-10-11,11,Not Open
T042,12-13,2012-10-11,11,Not Open
T043,12-13,2012-10-11,11,Not Open
T044,12-13,2012-10-11,11,Not Open
T045,12-13,2012-10-11,11,Not Open
T046,12-13,2012-10-11,11,Not Open
T047,12-13,2012-10-11,11,Not Open
T048,12-13,2012-10-11,11,Not Open
T049,12-13,2012-10-11,11,Not Open
T051,12-13,2012-10-11,11,Not Open
T052,12-13,2012-10-11,11,Not Open
T053,12-13,2012-10-11,11,Not Open
T054,12-13,2012-10-11,11,Not Open
T061,12-13,2012-10-11,11,Not Open
T063,12-13,2012-10-11,11,Not Open
T064,12-13,2012-10-11,11,Not Open
T065,12-13,2012-10-11,11,Not Open
T066,12-13,2012-10-11,11,Not Open
T067,12-13,2012-10-11,11,Not Open
T068,12-13,2012-10-11,11,Not Open
T069,12-13,2012-10-11,11,Not Open
T070,12-13,2012-10-11,11,Not Open
T071,12-13,2012-10-11,11,Not Open
T072,12-13,2012-10-11,11,Not Open
T073,12-13,2012-10-11,11,Not Open
T074,12-13,2012-10-11,11,Not Open
T075,12-13,2012-10-11,11,Not Open
T076,12-13,2012-10-11,11,Not Open
T077,12-13,2012-10-11,11,Not Open
T078,12-13,2012-10-11,11,Not Open
T079,12-13,2012-10-11,11,Not Open
T080,12-13,2012-10-11,11,Not Open
T081,12-13,2012-10-11,11,Not Open
T083,12-13,2012-10-11,11,Not Open
T084,12-13,2012-10-11,11,Not Open
T085,12-13,2012-10-11,11,Not Open
T086,12-13,2012-10-11,11,Not Open
T087,12-13,2012-10-11,11,Not Open
T088,12-13,2012-10-11,11,Not Open
T089,12-13,2012-10-11,11,Not Open
T090,12-13,2012-10-11,11,Not Open
T091,12-13,2012-10-11,11,Not Open
T092,12-13,2012-10-11,11,Not Open
T127,12-13,2012-10-11,11,Not Open
T134,12-13,2012-10-11,11,Not Open
T135,12-13,2012-10-11,11,Not Open
T136,12-13,2012-10-11,11,Not Open
T137,12-13,2012-10-11,11,Not Open
T148,12-13,2012-10-11,11,Not Open
T151,12-13,2012-10-11,11,Not Open
T152,12-13,2012-10-11,11,Not Open
T155,12-13,2012-10-11,11,Not Open
T156,12-13,2012-10-11,11,Not Open
T157,12-13,2012-10-11,11,Not Open
T002,12-13,2012-10-12,12,Not Open
T003,12-13,2012-10-12,12,Not Open
T004,12-13,2012-10-12,12,Not Open
T005,12-13,2012-10-12,12,Not Open
T006,12-13,2012-10-12,12,Not Open
T007,12-13,2012-10-12,12,Not Open
T008,12-13,2012-10-12,12,Not Open
T009,12-13,2012-10-12,12,Not Open
T010,12-13,2012-10-12,12,Not Open
T011,12-13,2012-10-12,12,Not Open
T012,12-13,2012-10-12,12,Not Open
T013,12-13,2012-10-12,12,Not Open
T015,12-13,2012-10-12,12,Not Open
T016,12-13,2012-10-12,12,Not Open
T017,12-13,2012-10-12,12,Not Open
T018,12-13,2012-10-12,12,Not Open
T019,12-13,2012-10-12,12,Not Open
T020,12-13,2012-10-12,12,Not Open
T021,12-13,2012-10-12,12,Not Open
T022,12-13,2012-10-12,12,Not Open
T023,12-13,2012-10-12,12,Not Open
T024,12-13,2012-10-12,12,Not Open
T025,12-13,2012-10-12,12,Not Open
T026,12-13,2012-10-12,12,Not Open
T027,12-13,2012-10-12,12,Not Open
T028,12-13,2012-10-12,12,Not Open
T029,12-13,2012-10-12,12,Not Open
T030,12-13,2012-10-12,12,Not Open
T031,12-13,2012-10-12,12,Not Open
T032,12-13,2012-10-12,12,Not Open
T033,12-13,2012-10-12,12,Not Open
T034,12-13,2012-10-12,12,Not Open
T035,12-13,2012-10-12,12,Not Open
T036,12-13,2012-10-12,12,Not Open
T037,12-13,2012-10-12,12,Not Open
T038,12-13,2012-10-12,12,Not Open
T039,12-13,2012-10-12,12,Not Open
T040,12-13,2012-10-12,12,Not Open
T042,12-13,2012-10-12,12,Not Open
T043,12-13,2012-10-12,12,Not Open
T044,12-13,2012-10-12,12,Not Open
T045,12-13,2012-10-12,12,Not Open
T046,12-13,2012-10-12,12,Not Open
T047,12-13,2012-10-12,12,Not Open
T048,12-13,2012-10-12,12,Not Open
T049,12-13,2012-10-12,12,Not Open
T051,12-13,2012-10-12,12,Not Open
T052,12-13,2012-10-12,12,Not Open
T053,12-13,2012-10-12,12,Not Open
T054,12-13,2012-10-12,12,Not Open
T061,12-13,2012-10-12,12,Not Open
T063,12-13,2012-10-12,12,Not Open
T064,12-13,2012-10-12,12,Not Open
T065,12-13,2012-10-12,12,Not Open
T066,12-13,2012-10-12,12,Not Open
T067,12-13,2012-10-12,12,Not Open
T068,12-13,2012-10-12,12,Not Open
T069,12-13,2012-10-12,12,Not Open
T070,12-13,2012-10-12,12,Not Open
T071,12-13,2012-10-12,12,Not Open
T072,12-13,2012-10-12,12,Not Open
T073,12-13,2012-10-12,12,Not Open
T074,12-13,2012-10-12,12,Not Open
T075,12-13,2012-10-12,12,Not Open
T076,12-13,2012-10-12,12,Not Open
T077,12-13,2012-10-12,12,Not Open
T078,12-13,2012-10-12,12,Not Open
T079,12-13,2012-10-12,12,Not Open
T080,12-13,2012-10-12,12,Not Open
T081,12-13,2012-10-12,12,Not Open
T083,12-13,2012-10-12,12,Not Open
T084,12-13,2012-10-12,12,Not Open
T085,12-13,2012-10-12,12,Not Open
T086,12-13,2012-10-12,12,Not Open
T087,12-13,2012-10-12,12,Not Open
T088,12-13,2012-10-12,12,Not Open
T089,12-13,2012-10-12,12,Not Open
T090,12-13,2012-10-12,12,Not Open
T091,12-13,2012-10-12,12,Not Open
T092,12-13,2012-10-12,12,Not Open
T127,12-13,2012-10-12,12,Not Open
T134,12-13,2012-10-12,12,Not Open
T135,12-13,2012-10-12,12,Not Open
T136,12-13,2012-10-12,12,Not Open
T137,12-13,2012-10-12,12,Not Open
T148,12-13,2012-10-12,12,Not Open
T151,12-13,2012-10-12,12,Not Open
T152,12-13,2012-10-12,12,Not Open
T155,12-13,2012-10-12,12,Not Open
T156,12-13,2012-10-12,12,Not Open
T157,12-13,2012-10-12,12,Not Open
T002,12-13,2012-10-13,13,Not Open
T003,12-13,2012-10-13,13,Not Open
T004,12-13,2012-10-13,13,Not Open
T005,12-13,2012-10-13,13,Not Open
T006,12-13,2012-10-13,13,Not Open
T007,12-13,2012-10-13,13,Not Open
T008,12-13,2012-10-13,13,Not Open
T009,12-13,2012-10-13,13,Not Open
T010,12-13,2012-10-13,13,Not Open
T011,12-13,2012-10-13,13,Not Open
T012,12-13,2012-10-13,13,Not Open
T013,12-13,2012-10-13,13,Not Open
T015,12-13,2012-10-13,13,Not Open
T016,12-13,2012-10-13,13,Not Open
T017,12-13,2012-10-13,13,Not Open
T018,12-13,2012-10-13,13,Not Open
T019,12-13,2012-10-13,13,Not Open
T020,12-13,2012-10-13,13,Not Open
T021,12-13,2012-10-13,13,Not Open
T022,12-13,2012-10-13,13,Not Open
T023,12-13,2012-10-13,13,Not Open
T024,12-13,2012-10-13,13,Not Open
T025,12-13,2012-10-13,13,Not Open
T026,12-13,2012-10-13,13,Not Open
T027,12-13,2012-10-13,13,Not Open
T028,12-13,2012-10-13,13,Not Open
T029,12-13,2012-10-13,13,Not Open
T030,12-13,2012-10-13,13,Not Open
T031,12-13,2012-10-13,13,Not Open
T032,12-13,2012-10-13,13,Not Open
T033,12-13,2012-10-13,13,Not Open
T034,12-13,2012-10-13,13,Not Open
T035,12-13,2012-10-13,13,Not Open
T036,12-13,2012-10-13,13,Not Open
T037,12-13,2012-10-13,13,Not Open
T038,12-13,2012-10-13,13,Not Open
T039,12-13,2012-10-13,13,Not Open
T040,12-13,2012-10-13,13,Not Open
T042,12-13,2012-10-13,13,Not Open
T043,12-13,2012-10-13,13,Not Open
T044,12-13,2012-10-13,13,Not Open
T045,12-13,2012-10-13,13,Not Open
T046,12-13,2012-10-13,13,Not Open
T047,12-13,2012-10-13,13,Not Open
T048,12-13,2012-10-13,13,Not Open
T049,12-13,2012-10-13,13,Not Open
T051,12-13,2012-10-13,13,Not Open
T052,12-13,2012-10-13,13,Not Open
T053,12-13,2012-10-13,13,Not Open
T054,12-13,2012-10-13,13,Not Open
T061,12-13,2012-10-13,13,Not Open
T063,12-13,2012-10-13,13,Not Open
T064,12-13,2012-10-13,13,Not Open
T065,12-13,2012-10-13,13,Not Open
T066,12-13,2012-10-13,13,Not Open
T067,12-13,2012-10-13,13,Not Open
T068,12-13,2012-10-13,13,Not Open
T069,12-13,2012-10-13,13,Not Open
T070,12-13,2012-10-13,13,Not Open
T071,12-13,2012-10-13,13,Not Open
T072,12-13,2012-10-13,13,Not Open
T073,12-13,2012-10-13,13,Not Open
T074,12-13,2012-10-13,13,Not Open
T075,12-13,2012-10-13,13,Not Open
T076,12-13,2012-10-13,13,Not Open
T077,12-13,2012-10-13,13,Not Open
T078,12-13,2012-10-13,13,Not Open
T079,12-13,2012-10-13,13,Not Open
T080,12-13,2012-10-13,13,Not Open
T081,12-13,2012-10-13,13,Not Open
T083,12-13,2012-10-13,13,Not Open
T084,12-13,2012-10-13,13,Not Open
T085,12-13,2012-10-13,13,Not Open
T086,12-13,2012-10-13,13,Not Open
T087,12-13,2012-10-13,13,Not Open
T088,12-13,2012-10-13,13,Not Open
T089,12-13,2012-10-13,13,Not Open
T090,12-13,2012-10-13,13,Not Open
T091,12-13,2012-10-13,13,Not Open
T092,12-13,2012-10-13,13,Not Open
T127,12-13,2012-10-13,13,Not Open
T134,12-13,2012-10-13,13,Not Open
T135,12-13,2012-10-13,13,Not Open
T136,12-13,2012-10-13,13,Not Open
T137,12-13,2012-10-13,13,Not Open
T148,12-13,2012-10-13,13,Not Open
T151,12-13,2012-10-13,13,Not Open
T152,12-13,2012-10-13,13,Not Open
T155,12-13,2012-10-13,13,Not Open
T156,12-13,2012-10-13,13,Not Open
T157,12-13,2012-10-13,13,Not Open
T002,12-13,2012-10-14,14,Not Open
T003,12-13,2012-10-14,14,Not Open
T004,12-13,2012-10-14,14,Not Open
T005,12-13,2012-10-14,14,Not Open
T006,12-13,2012-10-14,14,Not Open
T007,12-13,2012-10-14,14,Not Open
T008,12-13,2012-10-14,14,Not Open
T009,12-13,2012-10-14,14,Not Open
T010,12-13,2012-10-14,14,Not Open
T011,12-13,2012-10-14,14,Not Open
T012,12-13,2012-10-14,14,Not Open
T013,12-13,2012-10-14,14,Not Open
T015,12-13,2012-10-14,14,Not Open
T016,12-13,2012-10-14,14,Not Open
T017,12-13,2012-10-14,14,Not Open
T018,12-13,2012-10-14,14,Not Open
T019,12-13,2012-10-14,14,Not Open
T020,12-13,2012-10-14,14,Not Open
T021,12-13,2012-10-14,14,Not Open
T022,12-13,2012-10-14,14,Not Open
T023,12-13,2012-10-14,14,Not Open
T024,12-13,2012-10-14,14,Not Open
T025,12-13,2012-10-14,14,Not Open
T026,12-13,2012-10-14,14,Not Open
T027,12-13,2012-10-14,14,Not Open
T028,12-13,2012-10-14,14,Not Open
T029,12-13,2012-10-14,14,Not Open
T030,12-13,2012-10-14,14,Not Open
T031,12-13,2012-10-14,14,Not Open
T032,12-13,2012-10-14,14,Not Open
T033,12-13,2012-10-14,14,Not Open
T034,12-13,2012-10-14,14,Not Open
T035,12-13,2012-10-14,14,Not Open
T036,12-13,2012-10-14,14,Not Open
T037,12-13,2012-10-14,14,Not Open
T038,12-13,2012-10-14,14,Not Open
T039,12-13,2012-10-14,14,Not Open
T040,12-13,2012-10-14,14,Not Open
T042,12-13,2012-10-14,14,Not Open
T043,12-13,2012-10-14,14,Not Open
T044,12-13,2012-10-14,14,Not Open
T045,12-13,2012-10-14,14,Not Open
T046,12-13,2012-10-14,14,Not Open
T047,12-13,2012-10-14,14,Not Open
T048,12-13,2012-10-14,14,Not Open
T049,12-13,2012-10-14,14,Not Open
T051,12-13,2012-10-14,14,Not Open
T052,12-13,2012-10-14,14,Not Open
T053,12-13,2012-10-14,14,Not Open
T054,12-13,2012-10-14,14,Not Open
T061,12-13,2012-10-14,14,Not Open
T063,12-13,2012-10-14,14,Not Open
T064,12-13,2012-10-14,14,Not Open
T065,12-13,2012-10-14,14,Not Open
T066,12-13,2012-10-14,14,Not Open
T067,12-13,2012-10-14,14,Not Open
T068,12-13,2012-10-14,14,Not Open
T069,12-13,2012-10-14,14,Not Open
T070,12-13,2012-10-14,14,Not Open
T071,12-13,2012-10-14,14,Not Open
T072,12-13,2012-10-14,14,Not Open
T073,12-13,2012-10-14,14,Not Open
T074,12-13,2012-10-14,14,Not Open
T075,12-13,2012-10-14,14,Not Open
T076,12-13,2012-10-14,14,Not Open
T077,12-13,2012-10-14,14,Not Open
T078,12-13,2012-10-14,14,Not Open
T079,12-13,2012-10-14,14,Not Open
T080,12-13,2012-10-14,14,Not Open
T081,12-13,2012-10-14,14,Not Open
T083,12-13,2012-10-14,14,Not Open
T084,12-13,2012-10-14,14,Not Open
T085,12-13,2012-10-14,14,Not Open
T086,12-13,2012-10-14,14,Not Open
T087,12-13,2012-10-14,14,Not Open
T088,12-13,2012-10-14,14,Not Open
T089,12-13,2012-10-14,14,Not Open
T090,12-13,2012-10-14,14,Not Open
T091,12-13,2012-10-14,14,Not Open
T092,12-13,2012-10-14,14,Not Open
T127,12-13,2012-10-14,14,Not Open
T134,12-13,2012-10-14,14,Not Open
T135,12-13,2012-10-14,14,Not Open
T136,12-13,2012-10-14,14,Not Open
T137,12-13,2012-10-14,14,Not Open
T148,12-13,2012-10-14,14,Not Open
T151,12-13,2012-10-14,14,Not Open
T152,12-13,2012-10-14,14,Not Open
T155,12-13,2012-10-14,14,Not Open
T156,12-13,2012-10-14,14,Not Open
T157,12-13,2012-10-14,14,Not Open
T002,12-13,2012-10-15,15,Not Open
T003,12-13,2012-10-15,15,Not Open
T004,12-13,2012-10-15,15,Not Open
T005,12-13,2012-10-15,15,Not Open
T006,12-13,2012-10-15,15,Not Open
T007,12-13,2012-10-15,15,Not Open
T008,12-13,2012-10-15,15,Not Open
T009,12-13,2012-10-15,15,Not Open
T010,12-13,2012-10-15,15,Not Open
T011,12-13,2012-10-15,15,Not Open
T012,12-13,2012-10-15,15,Not Open
T013,12-13,2012-10-15,15,Not Open
T015,12-13,2012-10-15,15,Not Open
T016,12-13,2012-10-15,15,Not Open
T017,12-13,2012-10-15,15,Not Open
T018,12-13,2012-10-15,15,Not Open
T019,12-13,2012-10-15,15,Not Open
T020,12-13,2012-10-15,15,Not Open
T021,12-13,2012-10-15,15,Not Open
T022,12-13,2012-10-15,15,Not Open
T023,12-13,2012-10-15,15,Not Open
T024,12-13,2012-10-15,15,Not Open
T025,12-13,2012-10-15,15,Not Open
T026,12-13,2012-10-15,15,Not Open
T027,12-13,2012-10-15,15,Not Open
T028,12-13,2012-10-15,15,Not Open
T029,12-13,2012-10-15,15,Not Open
T030,12-13,2012-10-15,15,Not Open
T031,12-13,2012-10-15,15,Not Open
T032,12-13,2012-10-15,15,Not Open
T033,12-13,2012-10-15,15,Not Open
T034,12-13,2012-10-15,15,Not Open
T035,12-13,2012-10-15,15,Not Open
T036,12-13,2012-10-15,15,Not Open
T037,12-13,2012-10-15,15,Not Open
T038,12-13,2012-10-15,15,Not Open
T039,12-13,2012-10-15,15,Not Open
T040,12-13,2012-10-15,15,Not Open
T042,12-13,2012-10-15,15,Not Open
T043,12-13,2012-10-15,15,Not Open
T044,12-13,2012-10-15,15,Not Open
T045,12-13,2012-10-15,15,Not Open
T046,12-13,2012-10-15,15,Not Open
T047,12-13,2012-10-15,15,Not Open
T048,12-13,2012-10-15,15,Not Open
T049,12-13,2012-10-15,15,Not Open
T051,12-13,2012-10-15,15,Not Open
T052,12-13,2012-10-15,15,Not Open
T053,12-13,2012-10-15,15,Not Open
T054,12-13,2012-10-15,15,Not Open
T061,12-13,2012-10-15,15,Not Open
T063,12-13,2012-10-15,15,Not Open
T064,12-13,2012-10-15,15,Not Open
T065,12-13,2012-10-15,15,Not Open
T066,12-13,2012-10-15,15,Not Open
T067,12-13,2012-10-15,15,Not Open
T068,12-13,2012-10-15,15,Not Open
T069,12-13,2012-10-15,15,Not Open
T070,12-13,2012-10-15,15,Not Open
T071,12-13,2012-10-15,15,Not Open
T072,12-13,2012-10-15,15,Not Open
T073,12-13,2012-10-15,15,Not Open
T074,12-13,2012-10-15,15,Not Open
T075,12-13,2012-10-15,15,Not Open
T076,12-13,2012-10-15,15,Not Open
T077,12-13,2012-10-15,15,Not Open
T078,12-13,2012-10-15,15,Not Open
T079,12-13,2012-10-15,15,Not Open
T080,12-13,2012-10-15,15,Not Open
T081,12-13,2012-10-15,15,Not Open
T083,12-13,2012-10-15,15,Not Open
T084,12-13,2012-10-15,15,Not Open
T085,12-13,2012-10-15,15,Not Open
T086,12-13,2012-10-15,15,Not Open
T087,12-13,2012-10-15,15,Not Open
T088,12-13,2012-10-15,15,Not Open
T089,12-13,2012-10-15,15,Not Open
T090,12-13,2012-10-15,15,Not Open
T091,12-13,2012-10-15,15,Not Open
T092,12-13,2012-10-15,15,Not Open
T127,12-13,2012-10-15,15,Not Open
T134,12-13,2012-10-15,15,Not Open
T135,12-13,2012-10-15,15,Not Open
T136,12-13,2012-10-15,15,Not Open
T137,12-13,2012-10-15,15,Not Open
T148,12-13,2012-10-15,15,Not Open
T151,12-13,2012-10-15,15,Not Open
T152,12-13,2012-10-15,15,Not Open
T155,12-13,2012-10-15,15,Not Open
T156,12-13,2012-10-15,15,Not Open
T157,12-13,2012-10-15,15,Not Open
T002,12-13,2012-10-16,16,Not Open
T003,12-13,2012-10-16,16,Not Open
T004,12-13,2012-10-16,16,Not Open
T005,12-13,2012-10-16,16,Not Open
T006,12-13,2012-10-16,16,Not Open
T007,12-13,2012-10-16,16,Not Open
T008,12-13,2012-10-16,16,Not Open
T009,12-13,2012-10-16,16,Not Open
T010,12-13,2012-10-16,16,Not Open
T011,12-13,2012-10-16,16,Not Open
T012,12-13,2012-10-16,16,Not Open
T013,12-13,2012-10-16,16,Not Open
T015,12-13,2012-10-16,16,Not Open
T016,12-13,2012-10-16,16,Not Open
T017,12-13,2012-10-16,16,Not Open
T018,12-13,2012-10-16,16,Not Open
T019,12-13,2012-10-16,16,Not Open
T020,12-13,2012-10-16,16,Not Open
T021,12-13,2012-10-16,16,Not Open
T022,12-13,2012-10-16,16,Not Open
T023,12-13,2012-10-16,16,Not Open
T024,12-13,2012-10-16,16,Not Open
T025,12-13,2012-10-16,16,Not Open
T026,12-13,2012-10-16,16,Not Open
T027,12-13,2012-10-16,16,Not Open
T028,12-13,2012-10-16,16,Not Open
T029,12-13,2012-10-16,16,Not Open
T030,12-13,2012-10-16,16,Not Open
T031,12-13,2012-10-16,16,Not Open
T032,12-13,2012-10-16,16,Not Open
T033,12-13,2012-10-16,16,Not Open
T034,12-13,2012-10-16,16,Not Open
T035,12-13,2012-10-16,16,Not Open
T036,12-13,2012-10-16,16,Not Open
T037,12-13,2012-10-16,16,Not Open
T038,12-13,2012-10-16,16,Not Open
T039,12-13,2012-10-16,16,Not Open
T040,12-13,2012-10-16,16,Not Open
T042,12-13,2012-10-16,16,Not Open
T043,12-13,2012-10-16,16,Not Open
T044,12-13,2012-10-16,16,Not Open
T045,12-13,2012-10-16,16,Not Open
T046,12-13,2012-10-16,16,Not Open
T047,12-13,2012-10-16,16,Not Open
T048,12-13,2012-10-16,16,Not Open
T049,12-13,2012-10-16,16,Not Open
T051,12-13,2012-10-16,16,Not Open
T052,12-13,2012-10-16,16,Not Open
T053,12-13,2012-10-16,16,Not Open
T054,12-13,2012-10-16,16,Not Open
T061,12-13,2012-10-16,16,Not Open
T063,12-13,2012-10-16,16,Not Open
T064,12-13,2012-10-16,16,Not Open
T065,12-13,2012-10-16,16,Not Open
T066,12-13,2012-10-16,16,Not Open
T067,12-13,2012-10-16,16,Not Open
T068,12-13,2012-10-16,16,Not Open
T069,12-13,2012-10-16,16,Not Open
T070,12-13,2012-10-16,16,Not Open
T071,12-13,2012-10-16,16,Not Open
T072,12-13,2012-10-16,16,Not Open
T073,12-13,2012-10-16,16,Not Open
T074,12-13,2012-10-16,16,Not Open
T075,12-13,2012-10-16,16,Not Open
T076,12-13,2012-10-16,16,Not Open
T077,12-13,2012-10-16,16,Not Open
T078,12-13,2012-10-16,16,Not Open
T079,12-13,2012-10-16,16,Not Open
T080,12-13,2012-10-16,16,Not Open
T081,12-13,2012-10-16,16,Not Open
T083,12-13,2012-10-16,16,Not Open
T084,12-13,2012-10-16,16,Not Open
T085,12-13,2012-10-16,16,Not Open
T086,12-13,2012-10-16,16,Not Open
T087,12-13,2012-10-16,16,Not Open
T088,12-13,2012-10-16,16,Not Open
T089,12-13,2012-10-16,16,Not Open
T090,12-13,2012-10-16,16,Not Open
T091,12-13,2012-10-16,16,Not Open
T092,12-13,2012-10-16,16,Not Open
T127,12-13,2012-10-16,16,Not Open
T134,12-13,2012-10-16,16,Not Open
T135,12-13,2012-10-16,16,Not Open
T136,12-13,2012-10-16,16,Not Open
T137,12-13,2012-10-16,16,Not Open
T148,12-13,2012-10-16,16,Not Open
T151,12-13,2012-10-16,16,Not Open
T152,12-13,2012-10-16,16,Not Open
T155,12-13,2012-10-16,16,Not Open
T156,12-13,2012-10-16,16,Not Open
T157,12-13,2012-10-16,16,Not Open
T002,12-13,2012-10-17,17,Not Open
T003,12-13,2012-10-17,17,Not Open
T004,12-13,2012-10-17,17,Not Open
T005,12-13,2012-10-17,17,Not Open
T006,12-13,2012-10-17,17,Not Open
T007,12-13,2012-10-17,17,Not Open
T008,12-13,2012-10-17,17,Not Open
T009,12-13,2012-10-17,17,Not Open
T010,12-13,2012-10-17,17,Not Open
T011,12-13,2012-10-17,17,Not Open
T012,12-13,2012-10-17,17,Not Open
T013,12-13,2012-10-17,17,Not Open
T015,12-13,2012-10-17,17,Not Open
T016,12-13,2012-10-17,17,Not Open
T017,12-13,2012-10-17,17,Not Open
T018,12-13,2012-10-17,17,Not Open
T019,12-13,2012-10-17,17,Not Open
T020,12-13,2012-10-17,17,Not Open
T021,12-13,2012-10-17,17,Not Open
T022,12-13,2012-10-17,17,Not Open
T023,12-13,2012-10-17,17,Not Open
T024,12-13,2012-10-17,17,Not Open
T025,12-13,2012-10-17,17,Not Open
T026,12-13,2012-10-17,17,Not Open
T027,12-13,2012-10-17,17,Not Open
T028,12-13,2012-10-17,17,Not Open
T029,12-13,2012-10-17,17,Not Open
T030,12-13,2012-10-17,17,Not Open
T031,12-13,2012-10-17,17,Not Open
T032,12-13,2012-10-17,17,Not Open
T033,12-13,2012-10-17,17,Not Open
T034,12-13,2012-10-17,17,Not Open
T035,12-13,2012-10-17,17,Not Open
T036,12-13,2012-10-17,17,Not Open
T037,12-13,2012-10-17,17,Not Open
T038,12-13,2012-10-17,17,Not Open
T039,12-13,2012-10-17,17,Not Open
T040,12-13,2012-10-17,17,Not Open
T042,12-13,2012-10-17,17,Not Open
T043,12-13,2012-10-17,17,Not Open
T044,12-13,2012-10-17,17,Not Open
T045,12-13,2012-10-17,17,Not Open
T046,12-13,2012-10-17,17,Not Open
T047,12-13,2012-10-17,17,Not Open
T048,12-13,2012-10-17,17,Not Open
T049,12-13,2012-10-17,17,Not Open
T051,12-13,2012-10-17,17,Not Open
T052,12-13,2012-10-17,17,Not Open
T053,12-13,2012-10-17,17,Not Open
T054,12-13,2012-10-17,17,Not Open
T061,12-13,2012-10-17,17,Not Open
T063,12-13,2012-10-17,17,Not Open
T064,12-13,2012-10-17,17,Not Open
T065,12-13,2012-10-17,17,Not Open
T066,12-13,2012-10-17,17,Not Open
T067,12-13,2012-10-17,17,Not Open
T068,12-13,2012-10-17,17,Not Open
T069,12-13,2012-10-17,17,Not Open
T070,12-13,2012-10-17,17,Not Open
T071,12-13,2012-10-17,17,Not Open
T072,12-13,2012-10-17,17,Not Open
T073,12-13,2012-10-17,17,Not Open
T074,12-13,2012-10-17,17,Not Open
T075,12-13,2012-10-17,17,Not Open
T076,12-13,2012-10-17,17,Not Open
T077,12-13,2012-10-17,17,Not Open
T078,12-13,2012-10-17,17,Not Open
T079,12-13,2012-10-17,17,Not Open
T080,12-13,2012-10-17,17,Not Open
T081,12-13,2012-10-17,17,Not Open
T083,12-13,2012-10-17,17,Not Open
T084,12-13,2012-10-17,17,Not Open
T085,12-13,2012-10-17,17,Not Open
T086,12-13,2012-10-17,17,Not Open
T087,12-13,2012-10-17,17,Not Open
T088,12-13,2012-10-17,17,Not Open
T089,12-13,2012-10-17,17,Not Open
T090,12-13,2012-10-17,17,Not Open
T091,12-13,2012-10-17,17,Not Open
T092,12-13,2012-10-17,17,Not Open
T127,12-13,2012-10-17,17,Not Open
T134,12-13,2012-10-17,17,Not Open
T135,12-13,2012-10-17,17,Not Open
T136,12-13,2012-10-17,17,Not Open
T137,12-13,2012-10-17,17,Not Open
T148,12-13,2012-10-17,17,Not Open
T151,12-13,2012-10-17,17,Not Open
T152,12-13,2012-10-17,17,Not Open
T155,12-13,2012-10-17,17,Not Open
T156,12-13,2012-10-17,17,Not Open
T157,12-13,2012-10-17,17,Not Open
T002,12-13,2012-10-18,18,Not Open
T003,12-13,2012-10-18,18,Not Open
T004,12-13,2012-10-18,18,Not Open
T005,12-13,2012-10-18,18,Not Open
T006,12-13,2012-10-18,18,Not Open
T007,12-13,2012-10-18,18,Not Open
T008,12-13,2012-10-18,18,Not Open
T009,12-13,2012-10-18,18,Not Open
T010,12-13,2012-10-18,18,Not Open
T011,12-13,2012-10-18,18,Not Open
T012,12-13,2012-10-18,18,Not Open
T013,12-13,2012-10-18,18,Not Open
T015,12-13,2012-10-18,18,Not Open
T016,12-13,2012-10-18,18,Not Open
T017,12-13,2012-10-18,18,Not Open
T018,12-13,2012-10-18,18,Not Open
T019,12-13,2012-10-18,18,Not Open
T020,12-13,2012-10-18,18,Not Open
T021,12-13,2012-10-18,18,Not Open
T022,12-13,2012-10-18,18,Not Open
T023,12-13,2012-10-18,18,Not Open
T024,12-13,2012-10-18,18,Not Open
T025,12-13,2012-10-18,18,Not Open
T026,12-13,2012-10-18,18,Not Open
T027,12-13,2012-10-18,18,Not Open
T028,12-13,2012-10-18,18,Not Open
T029,12-13,2012-10-18,18,Not Open
T030,12-13,2012-10-18,18,Not Open
T031,12-13,2012-10-18,18,Not Open
T032,12-13,2012-10-18,18,Not Open
T033,12-13,2012-10-18,18,Not Open
T034,12-13,2012-10-18,18,Not Open
T035,12-13,2012-10-18,18,Not Open
T036,12-13,2012-10-18,18,Not Open
T037,12-13,2012-10-18,18,Not Open
T038,12-13,2012-10-18,18,Not Open
T039,12-13,2012-10-18,18,Not Open
T040,12-13,2012-10-18,18,Not Open
T042,12-13,2012-10-18,18,Not Open
T043,12-13,2012-10-18,18,Not Open
T044,12-13,2012-10-18,18,Not Open
T045,12-13,2012-10-18,18,Not Open
T046,12-13,2012-10-18,18,Not Open
T047,12-13,2012-10-18,18,Not Open
T048,12-13,2012-10-18,18,Not Open
T049,12-13,2012-10-18,18,Not Open
T051,12-13,2012-10-18,18,Not Open
T052,12-13,2012-10-18,18,Not Open
T053,12-13,2012-10-18,18,Not Open
T054,12-13,2012-10-18,18,Not Open
T061,12-13,2012-10-18,18,Not Open
T063,12-13,2012-10-18,18,Not Open
T064,12-13,2012-10-18,18,Not Open
T065,12-13,2012-10-18,18,Not Open
T066,12-13,2012-10-18,18,Not Open
T067,12-13,2012-10-18,18,Not Open
T068,12-13,2012-10-18,18,Not Open
T069,12-13,2012-10-18,18,Not Open
T070,12-13,2012-10-18,18,Not Open
T071,12-13,2012-10-18,18,Not Open
T072,12-13,2012-10-18,18,Not Open
T073,12-13,2012-10-18,18,Not Open
T074,12-13,2012-10-18,18,Not Open
T075,12-13,2012-10-18,18,Not Open
T076,12-13,2012-10-18,18,Not Open
T077,12-13,2012-10-18,18,Not Open
T078,12-13,2012-10-18,18,Not Open
T079,12-13,2012-10-18,18,Not Open
T080,12-13,2012-10-18,18,Not Open
T081,12-13,2012-10-18,18,Not Open
T083,12-13,2012-10-18,18,Not Open
T084,12-13,2012-10-18,18,Not Open
T085,12-13,2012-10-18,18,Not Open
T086,12-13,2012-10-18,18,Not Open
T087,12-13,2012-10-18,18,Not Open
T088,12-13,2012-10-18,18,Not Open
T089,12-13,2012-10-18,18,Not Open
T090,12-13,2012-10-18,18,Not Open
T091,12-13,2012-10-18,18,Not Open
T092,12-13,2012-10-18,18,Not Open
T127,12-13,2012-10-18,18,Not Open
T134,12-13,2012-10-18,18,Not Open
T135,12-13,2012-10-18,18,Not Open
T136,12-13,2012-10-18,18,Not Open
T137,12-13,2012-10-18,18,Not Open
T148,12-13,2012-10-18,18,Not Open
T151,12-13,2012-10-18,18,Not Open
T152,12-13,2012-10-18,18,Not Open
T155,12-13,2012-10-18,18,Not Open
T156,12-13,2012-10-18,18,Not Open
T157,12-13,2012-10-18,18,Not Open
T002,12-13,2012-10-19,19,Not Open
T003,12-13,2012-10-19,19,Not Open
T004,12-13,2012-10-19,19,Not Open
T005,12-13,2012-10-19,19,Not Open
T006,12-13,2012-10-19,19,Not Open
T007,12-13,2012-10-19,19,Not Open
T008,12-13,2012-10-19,19,Not Open
T009,12-13,2012-10-19,19,Not Open
T010,12-13,2012-10-19,19,Not Open
T011,12-13,2012-10-19,19,Not Open
T012,12-13,2012-10-19,19,Not Open
T013,12-13,2012-10-19,19,Not Open
T015,12-13,2012-10-19,19,Not Open
T016,12-13,2012-10-19,19,Not Open
T017,12-13,2012-10-19,19,Not Open
T018,12-13,2012-10-19,19,Not Open
T019,12-13,2012-10-19,19,Not Open
T020,12-13,2012-10-19,19,Not Open
T021,12-13,2012-10-19,19,Not Open
T022,12-13,2012-10-19,19,Not Open
T023,12-13,2012-10-19,19,Not Open
T024,12-13,2012-10-19,19,Not Open
T025,12-13,2012-10-19,19,Not Open
T026,12-13,2012-10-19,19,Not Open
T027,12-13,2012-10-19,19,Not Open
T028,12-13,2012-10-19,19,Not Open
T029,12-13,2012-10-19,19,Not Open
T030,12-13,2012-10-19,19,Not Open
T031,12-13,2012-10-19,19,Not Open
T032,12-13,2012-10-19,19,Not Open
T033,12-13,2012-10-19,19,Not Open
T034,12-13,2012-10-19,19,Not Open
T035,12-13,2012-10-19,19,Not Open
T036,12-13,2012-10-19,19,Not Open
T037,12-13,2012-10-19,19,Not Open
T038,12-13,2012-10-19,19,Not Open
T039,12-13,2012-10-19,19,Not Open
T040,12-13,2012-10-19,19,Not Open
T042,12-13,2012-10-19,19,Not Open
T043,12-13,2012-10-19,19,Not Open
T044,12-13,2012-10-19,19,Not Open
T045,12-13,2012-10-19,19,Not Open
T046,12-13,2012-10-19,19,Not Open
T047,12-13,2012-10-19,19,Not Open
T048,12-13,2012-10-19,19,Not Open
T049,12-13,2012-10-19,19,Not Open
T051,12-13,2012-10-19,19,Not Open
T052,12-13,2012-10-19,19,Not Open
T053,12-13,2012-10-19,19,Not Open
T054,12-13,2012-10-19,19,Not Open
T061,12-13,2012-10-19,19,Not Open
T063,12-13,2012-10-19,19,Not Open
T064,12-13,2012-10-19,19,Not Open
T065,12-13,2012-10-19,19,Not Open
T066,12-13,2012-10-19,19,Not Open
T067,12-13,2012-10-19,19,Not Open
T068,12-13,2012-10-19,19,Not Open
T069,12-13,2012-10-19,19,Not Open
T070,12-13,2012-10-19,19,Not Open
T071,12-13,2012-10-19,19,Not Open
T072,12-13,2012-10-19,19,Not Open
T073,12-13,2012-10-19,19,Not Open
T074,12-13,2012-10-19,19,Not Open
T075,12-13,2012-10-19,19,Not Open
T076,12-13,2012-10-19,19,Not Open
T077,12-13,2012-10-19,19,Not Open
T078,12-13,2012-10-19,19,Not Open
T079,12-13,2012-10-19,19,Not Open
T080,12-13,2012-10-19,19,Not Open
T081,12-13,2012-10-19,19,Not Open
T083,12-13,2012-10-19,19,Not Open
T084,12-13,2012-10-19,19,Not Open
T085,12-13,2012-10-19,19,Not Open
T086,12-13,2012-10-19,19,Not Open
T087,12-13,2012-10-19,19,Not Open
T088,12-13,2012-10-19,19,Not Open
T089,12-13,2012-10-19,19,Not Open
T090,12-13,2012-10-19,19,Not Open
T091,12-13,2012-10-19,19,Not Open
T092,12-13,2012-10-19,19,Not Open
T127,12-13,2012-10-19,19,Not Open
T134,12-13,2012-10-19,19,Not Open
T135,12-13,2012-10-19,19,Not Open
T136,12-13,2012-10-19,19,Not Open
T137,12-13,2012-10-19,19,Not Open
T148,12-13,2012-10-19,19,Not Open
T151,12-13,2012-10-19,19,Not Open
T152,12-13,2012-10-19,19,Not Open
T155,12-13,2012-10-19,19,Not Open
T156,12-13,2012-10-19,19,Not Open
T157,12-13,2012-10-19,19,Not Open
T002,12-13,2012-10-20,20,Not Open
T003,12-13,2012-10-20,20,Not Open
T004,12-13,2012-10-20,20,Not Open
T005,12-13,2012-10-20,20,Not Open
T006,12-13,2012-10-20,20,Not Open
T007,12-13,2012-10-20,20,Not Open
T008,12-13,2012-10-20,20,Not Open
T009,12-13,2012-10-20,20,Not Open
T010,12-13,2012-10-20,20,Not Open
T011,12-13,2012-10-20,20,Not Open
T012,12-13,2012-10-20,20,Not Open
T013,12-13,2012-10-20,20,Not Open
T015,12-13,2012-10-20,20,Not Open
T016,12-13,2012-10-20,20,Not Open
T017,12-13,2012-10-20,20,Not Open
T018,12-13,2012-10-20,20,Not Open
T019,12-13,2012-10-20,20,Not Open
T020,12-13,2012-10-20,20,Not Open
T021,12-13,2012-10-20,20,Not Open
T022,12-13,2012-10-20,20,Not Open
T023,12-13,2012-10-20,20,Not Open
T024,12-13,2012-10-20,20,Not Open
T025,12-13,2012-10-20,20,Not Open
T026,12-13,2012-10-20,20,Not Open
T027,12-13,2012-10-20,20,Not Open
T028,12-13,2012-10-20,20,Not Open
T029,12-13,2012-10-20,20,Not Open
T030,12-13,2012-10-20,20,Not Open
T031,12-13,2012-10-20,20,Not Open
T032,12-13,2012-10-20,20,Not Open
T033,12-13,2012-10-20,20,Not Open
T034,12-13,2012-10-20,20,Not Open
T035,12-13,2012-10-20,20,Not Open
T036,12-13,2012-10-20,20,Not Open
T037,12-13,2012-10-20,20,Not Open
T038,12-13,2012-10-20,20,Not Open
T039,12-13,2012-10-20,20,Not Open
T040,12-13,2012-10-20,20,Not Open
T042,12-13,2012-10-20,20,Not Open
T043,12-13,2012-10-20,20,Not Open
T044,12-13,2012-10-20,20,Not Open
T045,12-13,2012-10-20,20,Not Open
T046,12-13,2012-10-20,20,Not Open
T047,12-13,2012-10-20,20,Not Open
T048,12-13,2012-10-20,20,Not Open
T049,12-13,2012-10-20,20,Not Open
T051,12-13,2012-10-20,20,Not Open
T052,12-13,2012-10-20,20,Not Open
T053,12-13,2012-10-20,20,Not Open
T054,12-13,2012-10-20,20,Not Open
T061,12-13,2012-10-20,20,Not Open
T063,12-13,2012-10-20,20,Not Open
T064,12-13,2012-10-20,20,Not Open
T065,12-13,2012-10-20,20,Not Open
T066,12-13,2012-10-20,20,Not Open
T067,12-13,2012-10-20,20,Not Open
T068,12-13,2012-10-20,20,Not Open
T069,12-13,2012-10-20,20,Not Open
T070,12-13,2012-10-20,20,Not Open
T071,12-13,2012-10-20,20,Not Open
T072,12-13,2012-10-20,20,Not Open
T073,12-13,2012-10-20,20,Not Open
T074,12-13,2012-10-20,20,Not Open
T075,12-13,2012-10-20,20,Not Open
T076,12-13,2012-10-20,20,Not Open
T077,12-13,2012-10-20,20,Not Open
T078,12-13,2012-10-20,20,Not Open
T079,12-13,2012-10-20,20,Not Open
T080,12-13,2012-10-20,20,Not Open
T081,12-13,2012-10-20,20,Not Open
T083,12-13,2012-10-20,20,Not Open
T084,12-13,2012-10-20,20,Not Open
T085,12-13,2012-10-20,20,Not Open
T086,12-13,2012-10-20,20,Not Open
T087,12-13,2012-10-20,20,Not Open
T088,12-13,2012-10-20,20,Not Open
T089,12-13,2012-10-20,20,Not Open
T090,12-13,2012-10-20,20,Not Open
T091,12-13,2012-10-20,20,Not Open
T092,12-13,2012-10-20,20,Not Open
T127,12-13,2012-10-20,20,Not Open
T134,12-13,2012-10-20,20,Not Open
T135,12-13,2012-10-20,20,Not Open
T136,12-13,2012-10-20,20,Not Open
T137,12-13,2012-10-20,20,Not Open
T148,12-13,2012-10-20,20,Not Open
T151,12-13,2012-10-20,20,Not Open
T152,12-13,2012-10-20,20,Not Open
T155,12-13,2012-10-20,20,Not Open
T156,12-13,2012-10-20,20,Not Open
T157,12-13,2012-10-20,20,Not Open
T002,12-13,2012-10-21,21,Not Open
T003,12-13,2012-10-21,21,Not Open
T004,12-13,2012-10-21,21,Not Open
T005,12-13,2012-10-21,21,Not Open
T006,12-13,2012-10-21,21,Not Open
T007,12-13,2012-10-21,21,Not Open
T008,12-13,2012-10-21,21,Not Open
T009,12-13,2012-10-21,21,Not Open
T010,12-13,2012-10-21,21,Not Open
T011,12-13,2012-10-21,21,Not Open
T012,12-13,2012-10-21,21,Not Open
T013,12-13,2012-10-21,21,Not Open
T015,12-13,2012-10-21,21,Not Open
T016,12-13,2012-10-21,21,Not Open
T017,12-13,2012-10-21,21,Not Open
T018,12-13,2012-10-21,21,Not Open
T019,12-13,2012-10-21,21,Not Open
T020,12-13,2012-10-21,21,Not Open
T021,12-13,2012-10-21,21,Not Open
T022,12-13,2012-10-21,21,Not Open
T023,12-13,2012-10-21,21,Not Open
T024,12-13,2012-10-21,21,Not Open
T025,12-13,2012-10-21,21,Not Open
T026,12-13,2012-10-21,21,Not Open
T027,12-13,2012-10-21,21,Not Open
T028,12-13,2012-10-21,21,Not Open
T029,12-13,2012-10-21,21,Not Open
T030,12-13,2012-10-21,21,Not Open
T031,12-13,2012-10-21,21,Not Open
T032,12-13,2012-10-21,21,Not Open
T033,12-13,2012-10-21,21,Not Open
T034,12-13,2012-10-21,21,Not Open
T035,12-13,2012-10-21,21,Not Open
T036,12-13,2012-10-21,21,Not Open
T037,12-13,2012-10-21,21,Not Open
T038,12-13,2012-10-21,21,Not Open
T039,12-13,2012-10-21,21,Not Open
T040,12-13,2012-10-21,21,Not Open
T042,12-13,2012-10-21,21,Not Open
T043,12-13,2012-10-21,21,Not Open
T044,12-13,2012-10-21,21,Not Open
T045,12-13,2012-10-21,21,Not Open
T046,12-13,2012-10-21,21,Not Open
T047,12-13,2012-10-21,21,Not Open
T048,12-13,2012-10-21,21,Not Open
T049,12-13,2012-10-21,21,Not Open
T051,12-13,2012-10-21,21,Not Open
T052,12-13,2012-10-21,21,Not Open
T053,12-13,2012-10-21,21,Not Open
T054,12-13,2012-10-21,21,Not Open
T061,12-13,2012-10-21,21,Not Open
T063,12-13,2012-10-21,21,Not Open
T064,12-13,2012-10-21,21,Not Open
T065,12-13,2012-10-21,21,Not Open
T066,12-13,2012-10-21,21,Not Open
T067,12-13,2012-10-21,21,Not Open
T068,12-13,2012-10-21,21,Not Open
T069,12-13,2012-10-21,21,Not Open
T070,12-13,2012-10-21,21,Not Open
T071,12-13,2012-10-21,21,Not Open
T072,12-13,2012-10-21,21,Not Open
T073,12-13,2012-10-21,21,Not Open
T074,12-13,2012-10-21,21,Not Open
T075,12-13,2012-10-21,21,Not Open
T076,12-13,2012-10-21,21,Not Open
T077,12-13,2012-10-21,21,Not Open
T078,12-13,2012-10-21,21,Not Open
T079,12-13,2012-10-21,21,Not Open
T080,12-13,2012-10-21,21,Not Open
T081,12-13,2012-10-21,21,Not Open
T083,12-13,2012-10-21,21,Not Open
T084,12-13,2012-10-21,21,Not Open
T085,12-13,2012-10-21,21,Not Open
T086,12-13,2012-10-21,21,Not Open
T087,12-13,2012-10-21,21,Not Open
T088,12-13,2012-10-21,21,Not Open
T089,12-13,2012-10-21,21,Not Open
T090,12-13,2012-10-21,21,Not Open
T091,12-13,2012-10-21,21,Not Open
T092,12-13,2012-10-21,21,Not Open
T127,12-13,2012-10-21,21,Not Open
T134,12-13,2012-10-21,21,Not Open
T135,12-13,2012-10-21,21,Not Open
T136,12-13,2012-10-21,21,Not Open
T137,12-13,2012-10-21,21,Not Open
T148,12-13,2012-10-21,21,Not Open
T151,12-13,2012-10-21,21,Not Open
T152,12-13,2012-10-21,21,Not Open
T155,12-13,2012-10-21,21,Not Open
T156,12-13,2012-10-21,21,Not Open
T157,12-13,2012-10-21,21,Not Open
T002,12-13,2012-10-22,22,Not Open
T003,12-13,2012-10-22,22,Not Open
T004,12-13,2012-10-22,22,Not Open
T005,12-13,2012-10-22,22,Not Open
T006,12-13,2012-10-22,22,Not Open
T007,12-13,2012-10-22,22,Not Open
T008,12-13,2012-10-22,22,Not Open
T009,12-13,2012-10-22,22,Not Open
T010,12-13,2012-10-22,22,Not Open
T011,12-13,2012-10-22,22,Not Open
T012,12-13,2012-10-22,22,Not Open
T013,12-13,2012-10-22,22,Not Open
T015,12-13,2012-10-22,22,Not Open
T016,12-13,2012-10-22,22,Not Open
T017,12-13,2012-10-22,22,Not Open
T018,12-13,2012-10-22,22,Not Open
T019,12-13,2012-10-22,22,Not Open
T020,12-13,2012-10-22,22,Not Open
T021,12-13,2012-10-22,22,Not Open
T022,12-13,2012-10-22,22,Not Open
T023,12-13,2012-10-22,22,Not Open
T024,12-13,2012-10-22,22,Not Open
T025,12-13,2012-10-22,22,Not Open
T026,12-13,2012-10-22,22,Not Open
T027,12-13,2012-10-22,22,Not Open
T028,12-13,2012-10-22,22,Not Open
T029,12-13,2012-10-22,22,Not Open
T030,12-13,2012-10-22,22,Not Open
T031,12-13,2012-10-22,22,Not Open
T032,12-13,2012-10-22,22,Not Open
T033,12-13,2012-10-22,22,Not Open
T034,12-13,2012-10-22,22,Not Open
T035,12-13,2012-10-22,22,Not Open
T036,12-13,2012-10-22,22,Not Open
T037,12-13,2012-10-22,22,Not Open
T038,12-13,2012-10-22,22,Not Open
T039,12-13,2012-10-22,22,Not Open
T040,12-13,2012-10-22,22,Not Open
T042,12-13,2012-10-22,22,Not Open
T043,12-13,2012-10-22,22,Not Open
T044,12-13,2012-10-22,22,Not Open
T045,12-13,2012-10-22,22,Not Open
T046,12-13,2012-10-22,22,Not Open
T047,12-13,2012-10-22,22,Not Open
T048,12-13,2012-10-22,22,Not Open
T049,12-13,2012-10-22,22,Not Open
T051,12-13,2012-10-22,22,Not Open
T052,12-13,2012-10-22,22,Not Open
T053,12-13,2012-10-22,22,Not Open
T054,12-13,2012-10-22,22,Not Open
T061,12-13,2012-10-22,22,Not Open
T063,12-13,2012-10-22,22,Not Open
T064,12-13,2012-10-22,22,Not Open
T065,12-13,2012-10-22,22,Not Open
T066,12-13,2012-10-22,22,Not Open
T067,12-13,2012-10-22,22,Not Open
T068,12-13,2012-10-22,22,Not Open
T069,12-13,2012-10-22,22,Not Open
T070,12-13,2012-10-22,22,Not Open
T071,12-13,2012-10-22,22,Not Open
T072,12-13,2012-10-22,22,Not Open
T073,12-13,2012-10-22,22,Not Open
T074,12-13,2012-10-22,22,Not Open
T075,12-13,2012-10-22,22,Not Open
T076,12-13,2012-10-22,22,Not Open
T077,12-13,2012-10-22,22,Not Open
T078,12-13,2012-10-22,22,Not Open
T079,12-13,2012-10-22,22,Not Open
T080,12-13,2012-10-22,22,Not Open
T081,12-13,2012-10-22,22,Not Open
T083,12-13,2012-10-22,22,Not Open
T084,12-13,2012-10-22,22,Not Open
T085,12-13,2012-10-22,22,Not Open
T086,12-13,2012-10-22,22,Not Open
T087,12-13,2012-10-22,22,Not Open
T088,12-13,2012-10-22,22,Not Open
T089,12-13,2012-10-22,22,Not Open
T090,12-13,2012-10-22,22,Not Open
T091,12-13,2012-10-22,22,Not Open
T092,12-13,2012-10-22,22,Not Open
T127,12-13,2012-10-22,22,Not Open
T134,12-13,2012-10-22,22,Not Open
T135,12-13,2012-10-22,22,Not Open
T136,12-13,2012-10-22,22,Not Open
T137,12-13,2012-10-22,22,Not Open
T148,12-13,2012-10-22,22,Not Open
T151,12-13,2012-10-22,22,Not Open
T152,12-13,2012-10-22,22,Not Open
T155,12-13,2012-10-22,22,Not Open
T156,12-13,2012-10-22,22,Not Open
T157,12-13,2012-10-22,22,Not Open
T002,12-13,2012-10-23,23,Not Open
T003,12-13,2012-10-23,23,Not Open
T004,12-13,2012-10-23,23,Not Open
T005,12-13,2012-10-23,23,Not Open
T006,12-13,2012-10-23,23,Not Open
T007,12-13,2012-10-23,23,Not Open
T008,12-13,2012-10-23,23,Not Open
T009,12-13,2012-10-23,23,Not Open
T010,12-13,2012-10-23,23,Not Open
T011,12-13,2012-10-23,23,Not Open
T012,12-13,2012-10-23,23,Not Open
T013,12-13,2012-10-23,23,Not Open
T015,12-13,2012-10-23,23,Not Open
T016,12-13,2012-10-23,23,Not Open
T017,12-13,2012-10-23,23,Not Open
T018,12-13,2012-10-23,23,Not Open
T019,12-13,2012-10-23,23,Not Open
T020,12-13,2012-10-23,23,Not Open
T021,12-13,2012-10-23,23,Not Open
T022,12-13,2012-10-23,23,Not Open
T023,12-13,2012-10-23,23,Not Open
T024,12-13,2012-10-23,23,Not Open
T025,12-13,2012-10-23,23,Not Open
T026,12-13,2012-10-23,23,Not Open
T027,12-13,2012-10-23,23,Not Open
T028,12-13,2012-10-23,23,Not Open
T029,12-13,2012-10-23,23,Not Open
T030,12-13,2012-10-23,23,Not Open
T031,12-13,2012-10-23,23,Not Open
T032,12-13,2012-10-23,23,Not Open
T033,12-13,2012-10-23,23,Not Open
T034,12-13,2012-10-23,23,Not Open
T035,12-13,2012-10-23,23,Not Open
T036,12-13,2012-10-23,23,Not Open
T037,12-13,2012-10-23,23,Not Open
T038,12-13,2012-10-23,23,Not Open
T039,12-13,2012-10-23,23,Not Open
T040,12-13,2012-10-23,23,Not Open
T042,12-13,2012-10-23,23,Not Open
T043,12-13,2012-10-23,23,Not Open
T044,12-13,2012-10-23,23,Not Open
T045,12-13,2012-10-23,23,Not Open
T046,12-13,2012-10-23,23,Not Open
T047,12-13,2012-10-23,23,Not Open
T048,12-13,2012-10-23,23,Not Open
T049,12-13,2012-10-23,23,Not Open
T051,12-13,2012-10-23,23,Not Open
T052,12-13,2012-10-23,23,Not Open
T053,12-13,2012-10-23,23,Not Open
T054,12-13,2012-10-23,23,Not Open
T061,12-13,2012-10-23,23,Not Open
T063,12-13,2012-10-23,23,Not Open
T064,12-13,2012-10-23,23,Not Open
T065,12-13,2012-10-23,23,Not Open
T066,12-13,2012-10-23,23,Not Open
T067,12-13,2012-10-23,23,Not Open
T068,12-13,2012-10-23,23,Not Open
T069,12-13,2012-10-23,23,Not Open
T070,12-13,2012-10-23,23,Not Open
T071,12-13,2012-10-23,23,Not Open
T072,12-13,2012-10-23,23,Not Open
T073,12-13,2012-10-23,23,Not Open
T074,12-13,2012-10-23,23,Not Open
T075,12-13,2012-10-23,23,Not Open
T076,12-13,2012-10-23,23,Not Open
T077,12-13,2012-10-23,23,Not Open
T078,12-13,2012-10-23,23,Not Open
T079,12-13,2012-10-23,23,Not Open
T080,12-13,2012-10-23,23,Not Open
T081,12-13,2012-10-23,23,Not Open
T083,12-13,2012-10-23,23,Not Open
T084,12-13,2012-10-23,23,Not Open
T085,12-13,2012-10-23,23,Not Open
T086,12-13,2012-10-23,23,Not Open
T087,12-13,2012-10-23,23,Not Open
T088,12-13,2012-10-23,23,Not Open
T089,12-13,2012-10-23,23,Not Open
T090,12-13,2012-10-23,23,Not Open
T091,12-13,2012-10-23,23,Not Open
T092,12-13,2012-10-23,23,Not Open
T127,12-13,2012-10-23,23,Not Open
T134,12-13,2012-10-23,23,Not Open
T135,12-13,2012-10-23,23,Not Open
T136,12-13,2012-10-23,23,Not Open
T137,12-13,2012-10-23,23,Not Open
T148,12-13,2012-10-23,23,Not Open
T151,12-13,2012-10-23,23,Not Open
T152,12-13,2012-10-23,23,Not Open
T155,12-13,2012-10-23,23,Not Open
T156,12-13,2012-10-23,23,Not Open
T157,12-13,2012-10-23,23,Not Open
T002,12-13,2012-10-24,24,Not Open
T003,12-13,2012-10-24,24,Not Open
T004,12-13,2012-10-24,24,Not Open
T005,12-13,2012-10-24,24,Not Open
T006,12-13,2012-10-24,24,Not Open
T007,12-13,2012-10-24,24,Not Open
T008,12-13,2012-10-24,24,Not Open
T009,12-13,2012-10-24,24,Not Open
T010,12-13,2012-10-24,24,Not Open
T011,12-13,2012-10-24,24,Not Open
T012,12-13,2012-10-24,24,Not Open
T013,12-13,2012-10-24,24,Not Open
T015,12-13,2012-10-24,24,Not Open
T016,12-13,2012-10-24,24,Not Open
T017,12-13,2012-10-24,24,Not Open
T018,12-13,2012-10-24,24,Not Open
T019,12-13,2012-10-24,24,Not Open
T020,12-13,2012-10-24,24,Not Open
T021,12-13,2012-10-24,24,Not Open
T022,12-13,2012-10-24,24,Not Open
T023,12-13,2012-10-24,24,Not Open
T024,12-13,2012-10-24,24,Not Open
T025,12-13,2012-10-24,24,Not Open
T026,12-13,2012-10-24,24,Not Open
T027,12-13,2012-10-24,24,Not Open
T028,12-13,2012-10-24,24,Not Open
T029,12-13,2012-10-24,24,Not Open
T030,12-13,2012-10-24,24,Not Open
T031,12-13,2012-10-24,24,Not Open
T032,12-13,2012-10-24,24,Not Open
T033,12-13,2012-10-24,24,Not Open
T034,12-13,2012-10-24,24,Not Open
T035,12-13,2012-10-24,24,Not Open
T036,12-13,2012-10-24,24,Not Open
T037,12-13,2012-10-24,24,Not Open
T038,12-13,2012-10-24,24,Not Open
T039,12-13,2012-10-24,24,Not Open
T040,12-13,2012-10-24,24,Not Open
T042,12-13,2012-10-24,24,Not Open
T043,12-13,2012-10-24,24,Not Open
T044,12-13,2012-10-24,24,Not Open
T045,12-13,2012-10-24,24,Not Open
T046,12-13,2012-10-24,24,Not Open
T047,12-13,2012-10-24,24,Not Open
T048,12-13,2012-10-24,24,Not Open
T049,12-13,2012-10-24,24,Not Open
T051,12-13,2012-10-24,24,Not Open
T052,12-13,2012-10-24,24,Not Open
T053,12-13,2012-10-24,24,Not Open
T054,12-13,2012-10-24,24,Not Open
T061,12-13,2012-10-24,24,Not Open
T063,12-13,2012-10-24,24,Not Open
T064,12-13,2012-10-24,24,Not Open
T065,12-13,2012-10-24,24,Not Open
T066,12-13,2012-10-24,24,Not Open
T067,12-13,2012-10-24,24,Not Open
T068,12-13,2012-10-24,24,Not Open
T069,12-13,2012-10-24,24,Not Open
T070,12-13,2012-10-24,24,Not Open
T071,12-13,2012-10-24,24,Not Open
T072,12-13,2012-10-24,24,Not Open
T073,12-13,2012-10-24,24,Not Open
T074,12-13,2012-10-24,24,Not Open
T075,12-13,2012-10-24,24,Not Open
T076,12-13,2012-10-24,24,Not Open
T077,12-13,2012-10-24,24,Not Open
T078,12-13,2012-10-24,24,Not Open
T079,12-13,2012-10-24,24,Not Open
T080,12-13,2012-10-24,24,Not Open
T081,12-13,2012-10-24,24,Not Open
T083,12-13,2012-10-24,24,Not Open
T084,12-13,2012-10-24,24,Not Open
T085,12-13,2012-10-24,24,Not Open
T086,12-13,2012-10-24,24,Not Open
T087,12-13,2012-10-24,24,Not Open
T088,12-13,2012-10-24,24,Not Open
T089,12-13,2012-10-24,24,Not Open
T090,12-13,2012-10-24,24,Not Open
T091,12-13,2012-10-24,24,Not Open
T092,12-13,2012-10-24,24,Not Open
T127,12-13,2012-10-24,24,Not Open
T134,12-13,2012-10-24,24,Not Open
T135,12-13,2012-10-24,24,Not Open
T136,12-13,2012-10-24,24,Not Open
T137,12-13,2012-10-24,24,Not Open
T148,12-13,2012-10-24,24,Not Open
T151,12-13,2012-10-24,24,Not Open
T152,12-13,2012-10-24,24,Not Open
T155,12-13,2012-10-24,24,Not Open
T156,12-13,2012-10-24,24,Not Open
T157,12-13,2012-10-24,24,Not Open
T002,12-13,2012-10-25,25,Not Open
T003,12-13,2012-10-25,25,Not Open
T004,12-13,2012-10-25,25,Not Open
T005,12-13,2012-10-25,25,Not Open
T006,12-13,2012-10-25,25,Not Open
T007,12-13,2012-10-25,25,Not Open
T008,12-13,2012-10-25,25,Not Open
T009,12-13,2012-10-25,25,Not Open
T010,12-13,2012-10-25,25,Not Open
T011,12-13,2012-10-25,25,Not Open
T012,12-13,2012-10-25,25,Not Open
T013,12-13,2012-10-25,25,Not Open
T015,12-13,2012-10-25,25,Not Open
T016,12-13,2012-10-25,25,Not Open
T017,12-13,2012-10-25,25,Not Open
T018,12-13,2012-10-25,25,Not Open
T019,12-13,2012-10-25,25,Not Open
T020,12-13,2012-10-25,25,Not Open
T021,12-13,2012-10-25,25,Not Open
T022,12-13,2012-10-25,25,Not Open
T023,12-13,2012-10-25,25,Not Open
T024,12-13,2012-10-25,25,Not Open
T025,12-13,2012-10-25,25,Not Open
T026,12-13,2012-10-25,25,Not Open
T027,12-13,2012-10-25,25,Not Open
T028,12-13,2012-10-25,25,Not Open
T029,12-13,2012-10-25,25,Not Open
T030,12-13,2012-10-25,25,Not Open
T031,12-13,2012-10-25,25,Not Open
T032,12-13,2012-10-25,25,Not Open
T033,12-13,2012-10-25,25,Not Open
T034,12-13,2012-10-25,25,Not Open
T035,12-13,2012-10-25,25,Not Open
T036,12-13,2012-10-25,25,Not Open
T037,12-13,2012-10-25,25,Not Open
T038,12-13,2012-10-25,25,Not Open
T039,12-13,2012-10-25,25,Not Open
T040,12-13,2012-10-25,25,Not Open
T042,12-13,2012-10-25,25,Not Open
T043,12-13,2012-10-25,25,Not Open
T044,12-13,2012-10-25,25,Not Open
T045,12-13,2012-10-25,25,Not Open
T046,12-13,2012-10-25,25,Not Open
T047,12-13,2012-10-25,25,Not Open
T048,12-13,2012-10-25,25,Not Open
T049,12-13,2012-10-25,25,Not Open
T051,12-13,2012-10-25,25,Not Open
T052,12-13,2012-10-25,25,Not Open
T053,12-13,2012-10-25,25,Not Open
T054,12-13,2012-10-25,25,Not Open
T061,12-13,2012-10-25,25,Not Open
T063,12-13,2012-10-25,25,Not Open
T064,12-13,2012-10-25,25,Not Open
T065,12-13,2012-10-25,25,Not Open
T066,12-13,2012-10-25,25,Not Open
T067,12-13,2012-10-25,25,Not Open
T068,12-13,2012-10-25,25,Not Open
T069,12-13,2012-10-25,25,Not Open
T070,12-13,2012-10-25,25,Not Open
T071,12-13,2012-10-25,25,Not Open
T072,12-13,2012-10-25,25,Not Open
T073,12-13,2012-10-25,25,Not Open
T074,12-13,2012-10-25,25,Not Open
T075,12-13,2012-10-25,25,Not Open
T076,12-13,2012-10-25,25,Not Open
T077,12-13,2012-10-25,25,Not Open
T078,12-13,2012-10-25,25,Not Open
T079,12-13,2012-10-25,25,Not Open
T080,12-13,2012-10-25,25,Not Open
T081,12-13,2012-10-25,25,Not Open
T083,12-13,2012-10-25,25,Not Open
T084,12-13,2012-10-25,25,Not Open
T085,12-13,2012-10-25,25,Not Open
T086,12-13,2012-10-25,25,Not Open
T087,12-13,2012-10-25,25,Not Open
T088,12-13,2012-10-25,25,Not Open
T089,12-13,2012-10-25,25,Not Open
T090,12-13,2012-10-25,25,Not Open
T091,12-13,2012-10-25,25,Not Open
T092,12-13,2012-10-25,25,Not Open
T127,12-13,2012-10-25,25,Not Open
T134,12-13,2012-10-25,25,Not Open
T135,12-13,2012-10-25,25,Not Open
T136,12-13,2012-10-25,25,Not Open
T137,12-13,2012-10-25,25,Not Open
T148,12-13,2012-10-25,25,Not Open
T151,12-13,2012-10-25,25,Not Open
T152,12-13,2012-10-25,25,Not Open
T155,12-13,2012-10-25,25,Not Open
T156,12-13,2012-10-25,25,Not Open
T157,12-13,2012-10-25,25,Not Open
T002,12-13,2012-10-26,26,Not Open
T003,12-13,2012-10-26,26,Not Open
T004,12-13,2012-10-26,26,Not Open
T005,12-13,2012-10-26,26,Not Open
T006,12-13,2012-10-26,26,Not Open
T007,12-13,2012-10-26,26,Not Open
T008,12-13,2012-10-26,26,Not Open
T009,12-13,2012-10-26,26,Not Open
T010,12-13,2012-10-26,26,Not Open
T011,12-13,2012-10-26,26,Not Open
T012,12-13,2012-10-26,26,Not Open
T013,12-13,2012-10-26,26,Not Open
T015,12-13,2012-10-26,26,Not Open
T016,12-13,2012-10-26,26,Not Open
T017,12-13,2012-10-26,26,Not Open
T018,12-13,2012-10-26,26,Not Open
T019,12-13,2012-10-26,26,Not Open
T020,12-13,2012-10-26,26,Not Open
T021,12-13,2012-10-26,26,Not Open
T022,12-13,2012-10-26,26,Not Open
T023,12-13,2012-10-26,26,Not Open
T024,12-13,2012-10-26,26,Not Open
T025,12-13,2012-10-26,26,Not Open
T026,12-13,2012-10-26,26,Not Open
T027,12-13,2012-10-26,26,Not Open
T028,12-13,2012-10-26,26,Not Open
T029,12-13,2012-10-26,26,Not Open
T030,12-13,2012-10-26,26,Not Open
T031,12-13,2012-10-26,26,Not Open
T032,12-13,2012-10-26,26,Not Open
T033,12-13,2012-10-26,26,Not Open
T034,12-13,2012-10-26,26,Not Open
T035,12-13,2012-10-26,26,Not Open
T036,12-13,2012-10-26,26,Not Open
T037,12-13,2012-10-26,26,Not Open
T038,12-13,2012-10-26,26,Not Open
T039,12-13,2012-10-26,26,Not Open
T040,12-13,2012-10-26,26,Not Open
T042,12-13,2012-10-26,26,Not Open
T043,12-13,2012-10-26,26,Not Open
T044,12-13,2012-10-26,26,Not Open
T045,12-13,2012-10-26,26,Not Open
T046,12-13,2012-10-26,26,Not Open
T047,12-13,2012-10-26,26,Not Open
T048,12-13,2012-10-26,26,Not Open
T049,12-13,2012-10-26,26,Not Open
T051,12-13,2012-10-26,26,Not Open
T052,12-13,2012-10-26,26,Not Open
T053,12-13,2012-10-26,26,Not Open
T054,12-13,2012-10-26,26,Not Open
T061,12-13,2012-10-26,26,Not Open
T063,12-13,2012-10-26,26,Not Open
T064,12-13,2012-10-26,26,Not Open
T065,12-13,2012-10-26,26,Not Open
T066,12-13,2012-10-26,26,Not Open
T067,12-13,2012-10-26,26,Not Open
T068,12-13,2012-10-26,26,Not Open
T069,12-13,2012-10-26,26,Not Open
T070,12-13,2012-10-26,26,Not Open
T071,12-13,2012-10-26,26,Not Open
T072,12-13,2012-10-26,26,Not Open
T073,12-13,2012-10-26,26,Not Open
T074,12-13,2012-10-26,26,Not Open
T075,12-13,2012-10-26,26,Not Open
T076,12-13,2012-10-26,26,Not Open
T077,12-13,2012-10-26,26,Not Open
T078,12-13,2012-10-26,26,Not Open
T079,12-13,2012-10-26,26,Not Open
T080,12-13,2012-10-26,26,Not Open
T081,12-13,2012-10-26,26,Not Open
T083,12-13,2012-10-26,26,Not Open
T084,12-13,2012-10-26,26,Not Open
T085,12-13,2012-10-26,26,Not Open
T086,12-13,2012-10-26,26,Not Open
T087,12-13,2012-10-26,26,Not Open
T088,12-13,2012-10-26,26,Not Open
T089,12-13,2012-10-26,26,Not Open
T090,12-13,2012-10-26,26,Not Open
T091,12-13,2012-10-26,26,Not Open
T092,12-13,2012-10-26,26,Not Open
T127,12-13,2012-10-26,26,Not Open
T134,12-13,2012-10-26,26,Not Open
T135,12-13,2012-10-26,26,Not Open
T136,12-13,2012-10-26,26,Not Open
T137,12-13,2012-10-26,26,Not Open
T148,12-13,2012-10-26,26,Not Open
T151,12-13,2012-10-26,26,Not Open
T152,12-13,2012-10-26,26,Not Open
T155,12-13,2012-10-26,26,Not Open
T156,12-13,2012-10-26,26,Not Open
T157,12-13,2012-10-26,26,Not Open
T002,12-13,2012-10-27,27,Not Open
T003,12-13,2012-10-27,27,Not Open
T004,12-13,2012-10-27,27,Not Open
T005,12-13,2012-10-27,27,Not Open
T006,12-13,2012-10-27,27,Not Open
T007,12-13,2012-10-27,27,Not Open
T008,12-13,2012-10-27,27,Not Open
T009,12-13,2012-10-27,27,Not Open
T010,12-13,2012-10-27,27,Not Open
T011,12-13,2012-10-27,27,Not Open
T012,12-13,2012-10-27,27,Not Open
T013,12-13,2012-10-27,27,Not Open
T015,12-13,2012-10-27,27,Not Open
T016,12-13,2012-10-27,27,Not Open
T017,12-13,2012-10-27,27,Not Open
T018,12-13,2012-10-27,27,Not Open
T019,12-13,2012-10-27,27,Not Open
T020,12-13,2012-10-27,27,Not Open
T021,12-13,2012-10-27,27,Not Open
T022,12-13,2012-10-27,27,Not Open
T023,12-13,2012-10-27,27,Not Open
T024,12-13,2012-10-27,27,Not Open
T025,12-13,2012-10-27,27,Not Open
T026,12-13,2012-10-27,27,Not Open
T027,12-13,2012-10-27,27,Not Open
T028,12-13,2012-10-27,27,Not Open
T029,12-13,2012-10-27,27,Not Open
T030,12-13,2012-10-27,27,Not Open
T031,12-13,2012-10-27,27,Not Open
T032,12-13,2012-10-27,27,Not Open
T033,12-13,2012-10-27,27,Not Open
T034,12-13,2012-10-27,27,Not Open
T035,12-13,2012-10-27,27,Not Open
T036,12-13,2012-10-27,27,Not Open
T037,12-13,2012-10-27,27,Not Open
T038,12-13,2012-10-27,27,Not Open
T039,12-13,2012-10-27,27,Not Open
T040,12-13,2012-10-27,27,Not Open
T042,12-13,2012-10-27,27,Not Open
T043,12-13,2012-10-27,27,Not Open
T044,12-13,2012-10-27,27,Not Open
T045,12-13,2012-10-27,27,Not Open
T046,12-13,2012-10-27,27,Not Open
T047,12-13,2012-10-27,27,Not Open
T048,12-13,2012-10-27,27,Not Open
T049,12-13,2012-10-27,27,Not Open
T051,12-13,2012-10-27,27,Not Open
T052,12-13,2012-10-27,27,Not Open
T053,12-13,2012-10-27,27,Not Open
T054,12-13,2012-10-27,27,Not Open
T061,12-13,2012-10-27,27,Not Open
T063,12-13,2012-10-27,27,Not Open
T064,12-13,2012-10-27,27,Not Open
T065,12-13,2012-10-27,27,Not Open
T066,12-13,2012-10-27,27,Not Open
T067,12-13,2012-10-27,27,Not Open
T068,12-13,2012-10-27,27,Not Open
T069,12-13,2012-10-27,27,Not Open
T070,12-13,2012-10-27,27,Not Open
T071,12-13,2012-10-27,27,Not Open
T072,12-13,2012-10-27,27,Not Open
T073,12-13,2012-10-27,27,Not Open
T074,12-13,2012-10-27,27,Not Open
T075,12-13,2012-10-27,27,Not Open
T076,12-13,2012-10-27,27,Not Open
T077,12-13,2012-10-27,27,Not Open
T078,12-13,2012-10-27,27,Not Open
T079,12-13,2012-10-27,27,Not Open
T080,12-13,2012-10-27,27,Not Open
T081,12-13,2012-10-27,27,Not Open
T083,12-13,2012-10-27,27,Not Open
T084,12-13,2012-10-27,27,Not Open
T085,12-13,2012-10-27,27,Not Open
T086,12-13,2012-10-27,27,Not Open
T087,12-13,2012-10-27,27,Not Open
T088,12-13,2012-10-27,27,Not Open
T089,12-13,2012-10-27,27,Not Open
T090,12-13,2012-10-27,27,Not Open
T091,12-13,2012-10-27,27,Not Open
T092,12-13,2012-10-27,27,Not Open
T127,12-13,2012-10-27,27,Not Open
T134,12-13,2012-10-27,27,Not Open
T135,12-13,2012-10-27,27,Not Open
T136,12-13,2012-10-27,27,Not Open
T137,12-13,2012-10-27,27,Not Open
T148,12-13,2012-10-27,27,Not Open
T151,12-13,2012-10-27,27,Not Open
T152,12-13,2012-10-27,27,Not Open
T155,12-13,2012-10-27,27,Not Open
T156,12-13,2012-10-27,27,Not Open
T157,12-13,2012-10-27,27,Not Open
T002,12-13,2012-10-28,28,Not Open
T003,12-13,2012-10-28,28,Not Open
T004,12-13,2012-10-28,28,Not Open
T005,12-13,2012-10-28,28,Not Open
T006,12-13,2012-10-28,28,Not Open
T007,12-13,2012-10-28,28,Not Open
T008,12-13,2012-10-28,28,Not Open
T009,12-13,2012-10-28,28,Not Open
T010,12-13,2012-10-28,28,Not Open
T011,12-13,2012-10-28,28,Not Open
T012,12-13,2012-10-28,28,Not Open
T013,12-13,2012-10-28,28,Not Open
T015,12-13,2012-10-28,28,Not Open
T016,12-13,2012-10-28,28,Not Open
T017,12-13,2012-10-28,28,Not Open
T018,12-13,2012-10-28,28,Not Open
T019,12-13,2012-10-28,28,Not Open
T020,12-13,2012-10-28,28,Not Open
T021,12-13,2012-10-28,28,Not Open
T022,12-13,2012-10-28,28,Not Open
T023,12-13,2012-10-28,28,Not Open
T024,12-13,2012-10-28,28,Not Open
T025,12-13,2012-10-28,28,Not Open
T026,12-13,2012-10-28,28,Not Open
T027,12-13,2012-10-28,28,Not Open
T028,12-13,2012-10-28,28,Not Open
T029,12-13,2012-10-28,28,Not Open
T030,12-13,2012-10-28,28,Not Open
T031,12-13,2012-10-28,28,Not Open
T032,12-13,2012-10-28,28,Not Open
T033,12-13,2012-10-28,28,Not Open
T034,12-13,2012-10-28,28,Not Open
T035,12-13,2012-10-28,28,Not Open
T036,12-13,2012-10-28,28,Not Open
T037,12-13,2012-10-28,28,Not Open
T038,12-13,2012-10-28,28,Not Open
T039,12-13,2012-10-28,28,Not Open
T040,12-13,2012-10-28,28,Not Open
T042,12-13,2012-10-28,28,Not Open
T043,12-13,2012-10-28,28,Not Open
T044,12-13,2012-10-28,28,Not Open
T045,12-13,2012-10-28,28,Not Open
T046,12-13,2012-10-28,28,Not Open
T047,12-13,2012-10-28,28,Not Open
T048,12-13,2012-10-28,28,Not Open
T049,12-13,2012-10-28,28,Not Open
T051,12-13,2012-10-28,28,Not Open
T052,12-13,2012-10-28,28,Not Open
T053,12-13,2012-10-28,28,Not Open
T054,12-13,2012-10-28,28,Not Open
T061,12-13,2012-10-28,28,Not Open
T063,12-13,2012-10-28,28,Not Open
T064,12-13,2012-10-28,28,Not Open
T065,12-13,2012-10-28,28,Not Open
T066,12-13,2012-10-28,28,Not Open
T067,12-13,2012-10-28,28,Not Open
T068,12-13,2012-10-28,28,Not Open
T069,12-13,2012-10-28,28,Not Open
T070,12-13,2012-10-28,28,Not Open
T071,12-13,2012-10-28,28,Not Open
T072,12-13,2012-10-28,28,Not Open
T073,12-13,2012-10-28,28,Not Open
T074,12-13,2012-10-28,28,Not Open
T075,12-13,2012-10-28,28,Not Open
T076,12-13,2012-10-28,28,Not Open
T077,12-13,2012-10-28,28,Not Open
T078,12-13,2012-10-28,28,Not Open
T079,12-13,2012-10-28,28,Not Open
T080,12-13,2012-10-28,28,Not Open
T081,12-13,2012-10-28,28,Not Open
T083,12-13,2012-10-28,28,Not Open
T084,12-13,2012-10-28,28,Not Open
T085,12-13,2012-10-28,28,Not Open
T086,12-13,2012-10-28,28,Not Open
T087,12-13,2012-10-28,28,Not Open
T088,12-13,2012-10-28,28,Not Open
T089,12-13,2012-10-28,28,Not Open
T090,12-13,2012-10-28,28,Not Open
T091,12-13,2012-10-28,28,Not Open
T092,12-13,2012-10-28,28,Not Open
T127,12-13,2012-10-28,28,Not Open
T134,12-13,2012-10-28,28,Not Open
T135,12-13,2012-10-28,28,Not Open
T136,12-13,2012-10-28,28,Not Open
T137,12-13,2012-10-28,28,Not Open
T148,12-13,2012-10-28,28,Not Open
T151,12-13,2012-10-28,28,Not Open
T152,12-13,2012-10-28,28,Not Open
T155,12-13,2012-10-28,28,Not Open
T156,12-13,2012-10-28,28,Not Open
T157,12-13,2012-10-28,28,Not Open
T002,12-13,2012-10-29,29,Not Open
T003,12-13,2012-10-29,29,Not Open
T004,12-13,2012-10-29,29,Not Open
T005,12-13,2012-10-29,29,Not Open
T006,12-13,2012-10-29,29,Not Open
T007,12-13,2012-10-29,29,Not Open
T008,12-13,2012-10-29,29,Not Open
T009,12-13,2012-10-29,29,Not Open
T010,12-13,2012-10-29,29,Not Open
T011,12-13,2012-10-29,29,Not Open
T012,12-13,2012-10-29,29,Not Open
T013,12-13,2012-10-29,29,Not Open
T015,12-13,2012-10-29,29,Not Open
T016,12-13,2012-10-29,29,Not Open
T017,12-13,2012-10-29,29,Not Open
T018,12-13,2012-10-29,29,Not Open
T019,12-13,2012-10-29,29,Not Open
T020,12-13,2012-10-29,29,Not Open
T021,12-13,2012-10-29,29,Not Open
T022,12-13,2012-10-29,29,Not Open
T023,12-13,2012-10-29,29,Not Open
T024,12-13,2012-10-29,29,Not Open
T025,12-13,2012-10-29,29,Not Open
T026,12-13,2012-10-29,29,Not Open
T027,12-13,2012-10-29,29,Not Open
T028,12-13,2012-10-29,29,Not Open
T029,12-13,2012-10-29,29,Not Open
T030,12-13,2012-10-29,29,Not Open
T031,12-13,2012-10-29,29,Not Open
T032,12-13,2012-10-29,29,Not Open
T033,12-13,2012-10-29,29,Not Open
T034,12-13,2012-10-29,29,Not Open
T035,12-13,2012-10-29,29,Not Open
T036,12-13,2012-10-29,29,Not Open
T037,12-13,2012-10-29,29,Not Open
T038,12-13,2012-10-29,29,Not Open
T039,12-13,2012-10-29,29,Not Open
T040,12-13,2012-10-29,29,Not Open
T042,12-13,2012-10-29,29,Not Open
T043,12-13,2012-10-29,29,Not Open
T044,12-13,2012-10-29,29,Not Open
T045,12-13,2012-10-29,29,Not Open
T046,12-13,2012-10-29,29,Not Open
T047,12-13,2012-10-29,29,Not Open
T048,12-13,2012-10-29,29,Not Open
T049,12-13,2012-10-29,29,Not Open
T051,12-13,2012-10-29,29,Not Open
T052,12-13,2012-10-29,29,Not Open
T053,12-13,2012-10-29,29,Not Open
T054,12-13,2012-10-29,29,Not Open
T061,12-13,2012-10-29,29,Not Open
T063,12-13,2012-10-29,29,Not Open
T064,12-13,2012-10-29,29,Not Open
T065,12-13,2012-10-29,29,Not Open
T066,12-13,2012-10-29,29,Not Open
T067,12-13,2012-10-29,29,Not Open
T068,12-13,2012-10-29,29,Not Open
T069,12-13,2012-10-29,29,Not Open
T070,12-13,2012-10-29,29,Not Open
T071,12-13,2012-10-29,29,Not Open
T072,12-13,2012-10-29,29,Not Open
T073,12-13,2012-10-29,29,Not Open
T074,12-13,2012-10-29,29,Not Open
T075,12-13,2012-10-29,29,Not Open
T076,12-13,2012-10-29,29,Not Open
T077,12-13,2012-10-29,29,Not Open
T078,12-13,2012-10-29,29,Not Open
T079,12-13,2012-10-29,29,Not Open
T080,12-13,2012-10-29,29,Not Open
T081,12-13,2012-10-29,29,Not Open
T083,12-13,2012-10-29,29,Not Open
T084,12-13,2012-10-29,29,Not Open
T085,12-13,2012-10-29,29,Not Open
T086,12-13,2012-10-29,29,Not Open
T087,12-13,2012-10-29,29,Not Open
T088,12-13,2012-10-29,29,Not Open
T089,12-13,2012-10-29,29,Not Open
T090,12-13,2012-10-29,29,Not Open
T091,12-13,2012-10-29,29,Not Open
T092,12-13,2012-10-29,29,Not Open
T127,12-13,2012-10-29,29,Not Open
T134,12-13,2012-10-29,29,Not Open
T135,12-13,2012-10-29,29,Not Open
T136,12-13,2012-10-29,29,Not Open
T137,12-13,2012-10-29,29,Not Open
T148,12-13,2012-10-29,29,Not Open
T151,12-13,2012-10-29,29,Not Open
T152,12-13,2012-10-29,29,Not Open
T155,12-13,2012-10-29,29,Not Open
T156,12-13,2012-10-29,29,Not Open
T157,12-13,2012-10-29,29,Not Open
T002,12-13,2012-10-30,30,Not Open
T003,12-13,2012-10-30,30,Not Open
T004,12-13,2012-10-30,30,Not Open
T005,12-13,2012-10-30,30,Not Open
T006,12-13,2012-10-30,30,Not Open
T007,12-13,2012-10-30,30,Not Open
T008,12-13,2012-10-30,30,Not Open
T009,12-13,2012-10-30,30,Not Open
T010,12-13,2012-10-30,30,Not Open
T011,12-13,2012-10-30,30,Not Open
T012,12-13,2012-10-30,30,Not Open
T013,12-13,2012-10-30,30,Not Open
T015,12-13,2012-10-30,30,Not Open
T016,12-13,2012-10-30,30,Not Open
T017,12-13,2012-10-30,30,Not Open
T018,12-13,2012-10-30,30,Not Open
T019,12-13,2012-10-30,30,Not Open
T020,12-13,2012-10-30,30,Not Open
T021,12-13,2012-10-30,30,Not Open
T022,12-13,2012-10-30,30,Not Open
T023,12-13,2012-10-30,30,Not Open
T024,12-13,2012-10-30,30,Not Open
T025,12-13,2012-10-30,30,Not Open
T026,12-13,2012-10-30,30,Not Open
T027,12-13,2012-10-30,30,Not Open
T028,12-13,2012-10-30,30,Not Open
T029,12-13,2012-10-30,30,Not Open
T030,12-13,2012-10-30,30,Not Open
T031,12-13,2012-10-30,30,Not Open
T032,12-13,2012-10-30,30,Not Open
T033,12-13,2012-10-30,30,Not Open
T034,12-13,2012-10-30,30,Not Open
T035,12-13,2012-10-30,30,Not Open
T036,12-13,2012-10-30,30,Not Open
T037,12-13,2012-10-30,30,Not Open
T038,12-13,2012-10-30,30,Not Open
T039,12-13,2012-10-30,30,Not Open
T040,12-13,2012-10-30,30,Not Open
T042,12-13,2012-10-30,30,Not Open
T043,12-13,2012-10-30,30,Not Open
T044,12-13,2012-10-30,30,Not Open
T045,12-13,2012-10-30,30,Not Open
T046,12-13,2012-10-30,30,Not Open
T047,12-13,2012-10-30,30,Not Open
T048,12-13,2012-10-30,30,Not Open
T049,12-13,2012-10-30,30,Not Open
T051,12-13,2012-10-30,30,Not Open
T052,12-13,2012-10-30,30,Not Open
T053,12-13,2012-10-30,30,Not Open
T054,12-13,2012-10-30,30,Not Open
T061,12-13,2012-10-30,30,Not Open
T063,12-13,2012-10-30,30,Not Open
T064,12-13,2012-10-30,30,Not Open
T065,12-13,2012-10-30,30,Not Open
T066,12-13,2012-10-30,30,Not Open
T067,12-13,2012-10-30,30,Not Open
T068,12-13,2012-10-30,30,Not Open
T069,12-13,2012-10-30,30,Not Open
T070,12-13,2012-10-30,30,Not Open
T071,12-13,2012-10-30,30,Not Open
T072,12-13,2012-10-30,30,Not Open
T073,12-13,2012-10-30,30,Not Open
T074,12-13,2012-10-30,30,Not Open
T075,12-13,2012-10-30,30,Not Open
T076,12-13,2012-10-30,30,Not Open
T077,12-13,2012-10-30,30,Not Open
T078,12-13,2012-10-30,30,Not Open
T079,12-13,2012-10-30,30,Not Open
T080,12-13,2012-10-30,30,Not Open
T081,12-13,2012-10-30,30,Not Open
T083,12-13,2012-10-30,30,Not Open
T084,12-13,2012-10-30,30,Not Open
T085,12-13,2012-10-30,30,Not Open
T086,12-13,2012-10-30,30,Not Open
T087,12-13,2012-10-30,30,Not Open
T088,12-13,2012-10-30,30,Not Open
T089,12-13,2012-10-30,30,Not Open
T090,12-13,2012-10-30,30,Not Open
T091,12-13,2012-10-30,30,Not Open
T092,12-13,2012-10-30,30,Not Open
T127,12-13,2012-10-30,30,Not Open
T134,12-13,2012-10-30,30,Not Open
T135,12-13,2012-10-30,30,Not Open
T136,12-13,2012-10-30,30,Not Open
T137,12-13,2012-10-30,30,Not Open
T148,12-13,2012-10-30,30,Not Open
T151,12-13,2012-10-30,30,Not Open
T152,12-13,2012-10-30,30,Not Open
T155,12-13,2012-10-30,30,Not Open
T156,12-13,2012-10-30,30,Not Open
T157,12-13,2012-10-30,30,Not Open
T002,12-13,2012-10-31,31,Not Open
T003,12-13,2012-10-31,31,Not Open
T004,12-13,2012-10-31,31,Not Open
T005,12-13,2012-10-31,31,Not Open
T006,12-13,2012-10-31,31,Not Open
T007,12-13,2012-10-31,31,Not Open
T008,12-13,2012-10-31,31,Not Open
T009,12-13,2012-10-31,31,Not Open
T010,12-13,2012-10-31,31,Not Open
T011,12-13,2012-10-31,31,Not Open
T012,12-13,2012-10-31,31,Not Open
T013,12-13,2012-10-31,31,Not Open
T015,12-13,2012-10-31,31,Not Open
T016,12-13,2012-10-31,31,Not Open
T017,12-13,2012-10-31,31,Not Open
T018,12-13,2012-10-31,31,Not Open
T019,12-13,2012-10-31,31,Not Open
T020,12-13,2012-10-31,31,Not Open
T021,12-13,2012-10-31,31,Not Open
T022,12-13,2012-10-31,31,Not Open
T023,12-13,2012-10-31,31,Not Open
T024,12-13,2012-10-31,31,Not Open
T025,12-13,2012-10-31,31,Not Open
T026,12-13,2012-10-31,31,Not Open
T027,12-13,2012-10-31,31,Not Open
T028,12-13,2012-10-31,31,Not Open
T029,12-13,2012-10-31,31,Not Open
T030,12-13,2012-10-31,31,Not Open
T031,12-13,2012-10-31,31,Not Open
T032,12-13,2012-10-31,31,Not Open
T033,12-13,2012-10-31,31,Not Open
T034,12-13,2012-10-31,31,Not Open
T035,12-13,2012-10-31,31,Not Open
T036,12-13,2012-10-31,31,Not Open
T037,12-13,2012-10-31,31,Not Open
T038,12-13,2012-10-31,31,Not Open
T039,12-13,2012-10-31,31,Not Open
T040,12-13,2012-10-31,31,Not Open
T042,12-13,2012-10-31,31,Not Open
T043,12-13,2012-10-31,31,Not Open
T044,12-13,2012-10-31,31,Not Open
T045,12-13,2012-10-31,31,Not Open
T046,12-13,2012-10-31,31,Not Open
T047,12-13,2012-10-31,31,Not Open
T048,12-13,2012-10-31,31,Not Open
T049,12-13,2012-10-31,31,Not Open
T051,12-13,2012-10-31,31,Not Open
T052,12-13,2012-10-31,31,Not Open
T053,12-13,2012-10-31,31,Not Open
T054,12-13,2012-10-31,31,Not Open
T061,12-13,2012-10-31,31,Not Open
T063,12-13,2012-10-31,31,Not Open
T064,12-13,2012-10-31,31,Not Open
T065,12-13,2012-10-31,31,Not Open
T066,12-13,2012-10-31,31,Not Open
T067,12-13,2012-10-31,31,Not Open
T068,12-13,2012-10-31,31,Not Open
T069,12-13,2012-10-31,31,Not Open
T070,12-13,2012-10-31,31,Not Open
T071,12-13,2012-10-31,31,Not Open
T072,12-13,2012-10-31,31,Not Open
T073,12-13,2012-10-31,31,Not Open
T074,12-13,2012-10-31,31,Not Open
T075,12-13,2012-10-31,31,Not Open
T076,12-13,2012-10-31,31,Not Open
T077,12-13,2012-10-31,31,Not Open
T078,12-13,2012-10-31,31,Not Open
T079,12-13,2012-10-31,31,Not Open
T080,12-13,2012-10-31,31,Not Open
T081,12-13,2012-10-31,31,Not Open
T083,12-13,2012-10-31,31,Not Open
T084,12-13,2012-10-31,31,Not Open
T085,12-13,2012-10-31,31,Not Open
T086,12-13,2012-10-31,31,Not Open
T087,12-13,2012-10-31,31,Not Open
T088,12-13,2012-10-31,31,Not Open
T089,12-13,2012-10-31,31,Not Open
T090,12-13,2012-10-31,31,Not Open
T091,12-13,2012-10-31,31,Not Open
T092,12-13,2012-10-31,31,Not Open
T127,12-13,2012-10-31,31,Not Open
T134,12-13,2012-10-31,31,Not Open
T135,12-13,2012-10-31,31,Not Open
T136,12-13,2012-10-31,31,Not Open
T137,12-13,2012-10-31,31,Not Open
T148,12-13,2012-10-31,31,Not Open
T151,12-13,2012-10-31,31,Not Open
T152,12-13,2012-10-31,31,Not Open
T155,12-13,2012-10-31,31,Not Open
T156,12-13,2012-10-31,31,Not Open
T157,12-13,2012-10-31,31,Not Open
T002,12-13,2012-11-01,32,Not Open
T003,12-13,2012-11-01,32,Not Open
T004,12-13,2012-11-01,32,Not Open
T005,12-13,2012-11-01,32,Not Open
T006,12-13,2012-11-01,32,Not Open
T007,12-13,2012-11-01,32,Not Open
T008,12-13,2012-11-01,32,Not Open
T009,12-13,2012-11-01,32,Not Open
T010,12-13,2012-11-01,32,Not Open
T011,12-13,2012-11-01,32,Not Open
T012,12-13,2012-11-01,32,Not Open
T013,12-13,2012-11-01,32,Not Open
T015,12-13,2012-11-01,32,Not Open
T016,12-13,2012-11-01,32,Not Open
T017,12-13,2012-11-01,32,Not Open
T018,12-13,2012-11-01,32,Not Open
T019,12-13,2012-11-01,32,Not Open
T020,12-13,2012-11-01,32,Not Open
T021,12-13,2012-11-01,32,Not Open
T022,12-13,2012-11-01,32,Not Open
T023,12-13,2012-11-01,32,Not Open
T024,12-13,2012-11-01,32,Not Open
T025,12-13,2012-11-01,32,Not Open
T026,12-13,2012-11-01,32,Not Open
T027,12-13,2012-11-01,32,Not Open
T028,12-13,2012-11-01,32,Not Open
T029,12-13,2012-11-01,32,Not Open
T030,12-13,2012-11-01,32,Not Open
T031,12-13,2012-11-01,32,Not Open
T032,12-13,2012-11-01,32,Not Open
T033,12-13,2012-11-01,32,Not Open
T034,12-13,2012-11-01,32,Not Open
T035,12-13,2012-11-01,32,Not Open
T036,12-13,2012-11-01,32,Not Open
T037,12-13,2012-11-01,32,Not Open
T038,12-13,2012-11-01,32,Not Open
T039,12-13,2012-11-01,32,Not Open
T040,12-13,2012-11-01,32,Not Open
T042,12-13,2012-11-01,32,Not Open
T043,12-13,2012-11-01,32,Not Open
T044,12-13,2012-11-01,32,Not Open
T045,12-13,2012-11-01,32,Not Open
T046,12-13,2012-11-01,32,Not Open
T047,12-13,2012-11-01,32,Not Open
T048,12-13,2012-11-01,32,Not Open
T049,12-13,2012-11-01,32,Not Open
T051,12-13,2012-11-01,32,Not Open
T052,12-13,2012-11-01,32,Not Open
T053,12-13,2012-11-01,32,Not Open
T054,12-13,2012-11-01,32,Not Open
T061,12-13,2012-11-01,32,Not Open
T063,12-13,2012-11-01,32,Not Open
T064,12-13,2012-11-01,32,Not Open
T065,12-13,2012-11-01,32,Not Open
T066,12-13,2012-11-01,32,Not Open
T067,12-13,2012-11-01,32,Not Open
T068,12-13,2012-11-01,32,Not Open
T069,12-13,2012-11-01,32,Not Open
T070,12-13,2012-11-01,32,Not Open
T071,12-13,2012-11-01,32,Not Open
T072,12-13,2012-11-01,32,Not Open
T073,12-13,2012-11-01,32,Not Open
T074,12-13,2012-11-01,32,Not Open
T075,12-13,2012-11-01,32,Not Open
T076,12-13,2012-11-01,32,Not Open
T077,12-13,2012-11-01,32,Not Open
T078,12-13,2012-11-01,32,Not Open
T079,12-13,2012-11-01,32,Not Open
T080,12-13,2012-11-01,32,Not Open
T081,12-13,2012-11-01,32,Not Open
T083,12-13,2012-11-01,32,Not Open
T084,12-13,2012-11-01,32,Not Open
T085,12-13,2012-11-01,32,Not Open
T086,12-13,2012-11-01,32,Not Open
T087,12-13,2012-11-01,32,Not Open
T088,12-13,2012-11-01,32,Not Open
T089,12-13,2012-11-01,32,Not Open
T090,12-13,2012-11-01,32,Not Open
T091,12-13,2012-11-01,32,Not Open
T092,12-13,2012-11-01,32,Not Open
T127,12-13,2012-11-01,32,Not Open
T134,12-13,2012-11-01,32,Not Open
T135,12-13,2012-11-01,32,Not Open
T136,12-13,2012-11-01,32,Not Open
T137,12-13,2012-11-01,32,Not Open
T148,12-13,2012-11-01,32,Not Open
T151,12-13,2012-11-01,32,Not Open
T152,12-13,2012-11-01,32,Not Open
T155,12-13,2012-11-01,32,Not Open
T156,12-13,2012-11-01,32,Not Open
T157,12-13,2012-11-01,32,Not Open
T002,12-13,2012-11-02,33,Closed
T003,12-13,2012-11-02,33,Closed
T004,12-13,2012-11-02,33,Closed
T005,12-13,2012-11-02,33,Groomed
T006,12-13,2012-11-02,33,Closed
T007,12-13,2012-11-02,33,Closed
T008,12-13,2012-11-02,33,Closed
T009,12-13,2012-11-02,33,Closed
T010,12-13,2012-11-02,33,Closed
T011,12-13,2012-11-02,33,Closed
T012,12-13,2012-11-02,33,Groomed
T013,12-13,2012-11-02,33,Closed
T015,12-13,2012-11-02,33,Closed
T016,12-13,2012-11-02,33,Closed
T017,12-13,2012-11-02,33,Closed
T018,12-13,2012-11-02,33,Closed
T019,12-13,2012-11-02,33,Closed
T020,12-13,2012-11-02,33,Closed
T021,12-13,2012-11-02,33,Closed
T022,12-13,2012-11-02,33,Closed
T023,12-13,2012-11-02,33,Closed
T024,12-13,2012-11-02,33,Closed
T025,12-13,2012-11-02,33,Closed
T026,12-13,2012-11-02,33,Closed
T027,12-13,2012-11-02,33,Closed
T028,12-13,2012-11-02,33,Closed
T029,12-13,2012-11-02,33,Closed
T030,12-13,2012-11-02,33,Closed
T031,12-13,2012-11-02,33,Closed
T032,12-13,2012-11-02,33,Closed
T033,12-13,2012-11-02,33,Closed
T034,12-13,2012-11-02,33,Groomed
T035,12-13,2012-11-02,33,Closed
T036,12-13,2012-11-02,33,Groomed
T037,12-13,2012-11-02,33,Closed
T038,12-13,2012-11-02,33,Closed
T039,12-13,2012-11-02,33,Closed
T040,12-13,2012-11-02,33,Closed
T042,12-13,2012-11-02,33,Closed
T043,12-13,2012-11-02,33,Closed
T044,12-13,2012-11-02,33,Closed
T045,12-13,2012-11-02,33,Closed
T046,12-13,2012-11-02,33,Closed
T047,12-13,2012-11-02,33,Closed
T048,12-13,2012-11-02,33,Closed
T049,12-13,2012-11-02,33,Closed
T051,12-13,2012-11-02,33,Closed
T052,12-13,2012-11-02,33,Closed
T053,12-13,2012-11-02,33,Closed
T054,12-13,2012-11-02,33,Closed
T061,12-13,2012-11-02,33,Closed
T063,12-13,2012-11-02,33,Closed
T064,12-13,2012-11-02,33,Closed
T065,12-13,2012-11-02,33,Closed
T066,12-13,2012-11-02,33,Closed
T067,12-13,2012-11-02,33,Closed
T068,12-13,2012-11-02,33,Closed
T069,12-13,2012-11-02,33,Closed
T070,12-13,2012-11-02,33,Closed
T071,12-13,2012-11-02,33,Closed
T072,12-13,2012-11-02,33,Closed
T073,12-13,2012-11-02,33,Closed
T074,12-13,2012-11-02,33,Closed
T075,12-13,2012-11-02,33,Closed
T076,12-13,2012-11-02,33,Closed
T077,12-13,2012-11-02,33,Closed
T078,12-13,2012-11-02,33,Closed
T079,12-13,2012-11-02,33,Closed
T080,12-13,2012-11-02,33,Closed
T081,12-13,2012-11-02,33,Closed
T083,12-13,2012-11-02,33,Closed
T084,12-13,2012-11-02,33,Closed
T085,12-13,2012-11-02,33,Closed
T086,12-13,2012-11-02,33,Closed
T087,12-13,2012-11-02,33,Closed
T088,12-13,2012-11-02,33,Closed
T089,12-13,2012-11-02,33,Closed
T090,12-13,2012-11-02,33,Closed
T091,12-13,2012-11-02,33,Closed
T092,12-13,2012-11-02,33,Closed
T127,12-13,2012-11-02,33,Closed
T134,12-13,2012-11-02,33,Closed
T135,12-13,2012-11-02,33,Closed
T136,12-13,2012-11-02,33,Closed
T137,12-13,2012-11-02,33,Closed
T148,12-13,2012-11-02,33,Closed
T151,12-13,2012-11-02,33,Closed
T152,12-13,2012-11-02,33,Closed
T155,12-13,2012-11-02,33,Closed
T156,12-13,2012-11-02,33,Closed
T157,12-13,2012-11-02,33,Closed
T002,12-13,2012-11-03,34,Closed
T003,12-13,2012-11-03,34,Closed
T004,12-13,2012-11-03,34,Closed
T005,12-13,2012-11-03,34,Groomed
T006,12-13,2012-11-03,34,Closed
T007,12-13,2012-11-03,34,Closed
T008,12-13,2012-11-03,34,Closed
T009,12-13,2012-11-03,34,Closed
T010,12-13,2012-11-03,34,Closed
T011,12-13,2012-11-03,34,Closed
T012,12-13,2012-11-03,34,Groomed
T013,12-13,2012-11-03,34,Closed
T015,12-13,2012-11-03,34,Closed
T016,12-13,2012-11-03,34,Closed
T017,12-13,2012-11-03,34,Closed
T018,12-13,2012-11-03,34,Closed
T019,12-13,2012-11-03,34,Closed
T020,12-13,2012-11-03,34,Closed
T021,12-13,2012-11-03,34,Closed
T022,12-13,2012-11-03,34,Closed
T023,12-13,2012-11-03,34,Closed
T024,12-13,2012-11-03,34,Closed
T025,12-13,2012-11-03,34,Closed
T026,12-13,2012-11-03,34,Closed
T027,12-13,2012-11-03,34,Closed
T028,12-13,2012-11-03,34,Closed
T029,12-13,2012-11-03,34,Closed
T030,12-13,2012-11-03,34,Closed
T031,12-13,2012-11-03,34,Closed
T032,12-13,2012-11-03,34,Closed
T033,12-13,2012-11-03,34,Closed
T034,12-13,2012-11-03,34,Groomed
T035,12-13,2012-11-03,34,Closed
T036,12-13,2012-11-03,34,Groomed
T037,12-13,2012-11-03,34,Closed
T038,12-13,2012-11-03,34,Closed
T039,12-13,2012-11-03,34,Closed
T040,12-13,2012-11-03,34,Closed
T042,12-13,2012-11-03,34,Closed
T043,12-13,2012-11-03,34,Closed
T044,12-13,2012-11-03,34,Closed
T045,12-13,2012-11-03,34,Closed
T046,12-13,2012-11-03,34,Closed
T047,12-13,2012-11-03,34,Closed
T048,12-13,2012-11-03,34,Closed
T049,12-13,2012-11-03,34,Closed
T051,12-13,2012-11-03,34,Closed
T052,12-13,2012-11-03,34,Closed
T053,12-13,2012-11-03,34,Closed
T054,12-13,2012-11-03,34,Closed
T061,12-13,2012-11-03,34,Closed
T063,12-13,2012-11-03,34,Closed
T064,12-13,2012-11-03,34,Closed
T065,12-13,2012-11-03,34,Closed
T066,12-13,2012-11-03,34,Closed
T067,12-13,2012-11-03,34,Closed
T068,12-13,2012-11-03,34,Closed
T069,12-13,2012-11-03,34,Closed
T070,12-13,2012-11-03,34,Closed
T071,12-13,2012-11-03,34,Closed
T072,12-13,2012-11-03,34,Closed
T073,12-13,2012-11-03,34,Closed
T074,12-13,2012-11-03,34,Closed
T075,12-13,2012-11-03,34,Closed
T076,12-13,2012-11-03,34,Closed
T077,12-13,2012-11-03,34,Closed
T078,12-13,2012-11-03,34,Closed
T079,12-13,2012-11-03,34,Closed
T080,12-13,2012-11-03,34,Closed
T081,12-13,2012-11-03,34,Closed
T083,12-13,2012-11-03,34,Closed
T084,12-13,2012-11-03,34,Closed
T085,12-13,2012-11-03,34,Closed
T086,12-13,2012-11-03,34,Closed
T087,12-13,2012-11-03,34,Closed
T088,12-13,2012-11-03,34,Closed
T089,12-13,2012-11-03,34,Closed
T090,12-13,2012-11-03,34,Closed
T091,12-13,2012-11-03,34,Closed
T092,12-13,2012-11-03,34,Closed
T127,12-13,2012-11-03,34,Closed
T134,12-13,2012-11-03,34,Closed
T135,12-13,2012-11-03,34,Closed
T136,12-13,2012-11-03,34,Closed
T137,12-13,2012-11-03,34,Closed
T148,12-13,2012-11-03,34,Closed
T151,12-13,2012-11-03,34,Closed
T152,12-13,2012-11-03,34,Closed
T155,12-13,2012-11-03,34,Closed
T156,12-13,2012-11-03,34,Closed
T157,12-13,2012-11-03,34,Closed
T002,12-13,2012-11-04,35,Closed
T003,12-13,2012-11-04,35,Closed
T004,12-13,2012-11-04,35,Closed
T005,12-13,2012-11-04,35,Groomed
T006,12-13,2012-11-04,35,Closed
T007,12-13,2012-11-04,35,Closed
T008,12-13,2012-11-04,35,Closed
T009,12-13,2012-11-04,35,Closed
T010,12-13,2012-11-04,35,Closed
T011,12-13,2012-11-04,35,Closed
T012,12-13,2012-11-04,35,Groomed
T013,12-13,2012-11-04,35,Closed
T015,12-13,2012-11-04,35,Closed
T016,12-13,2012-11-04,35,Closed
T017,12-13,2012-11-04,35,Closed
T018,12-13,2012-11-04,35,Closed
T019,12-13,2012-11-04,35,Closed
T020,12-13,2012-11-04,35,Closed
T021,12-13,2012-11-04,35,Closed
T022,12-13,2012-11-04,35,Closed
T023,12-13,2012-11-04,35,Closed
T024,12-13,2012-11-04,35,Closed
T025,12-13,2012-11-04,35,Closed
T026,12-13,2012-11-04,35,Closed
T027,12-13,2012-11-04,35,Closed
T028,12-13,2012-11-04,35,Closed
T029,12-13,2012-11-04,35,Closed
T030,12-13,2012-11-04,35,Closed
T031,12-13,2012-11-04,35,Closed
T032,12-13,2012-11-04,35,Closed
T033,12-13,2012-11-04,35,Closed
T034,12-13,2012-11-04,35,Groomed
T035,12-13,2012-11-04,35,Closed
T036,12-13,2012-11-04,35,Groomed
T037,12-13,2012-11-04,35,Closed
T038,12-13,2012-11-04,35,Closed
T039,12-13,2012-11-04,35,Closed
T040,12-13,2012-11-04,35,Closed
T042,12-13,2012-11-04,35,Closed
T043,12-13,2012-11-04,35,Closed
T044,12-13,2012-11-04,35,Closed
T045,12-13,2012-11-04,35,Closed
T046,12-13,2012-11-04,35,Closed
T047,12-13,2012-11-04,35,Closed
T048,12-13,2012-11-04,35,Closed
T049,12-13,2012-11-04,35,Closed
T051,12-13,2012-11-04,35,Closed
T052,12-13,2012-11-04,35,Closed
T053,12-13,2012-11-04,35,Closed
T054,12-13,2012-11-04,35,Closed
T061,12-13,2012-11-04,35,Closed
T063,12-13,2012-11-04,35,Closed
T064,12-13,2012-11-04,35,Closed
T065,12-13,2012-11-04,35,Closed
T066,12-13,2012-11-04,35,Closed
T067,12-13,2012-11-04,35,Closed
T068,12-13,2012-11-04,35,Closed
T069,12-13,2012-11-04,35,Closed
T070,12-13,2012-11-04,35,Closed
T071,12-13,2012-11-04,35,Closed
T072,12-13,2012-11-04,35,Closed
T073,12-13,2012-11-04,35,Closed
T074,12-13,2012-11-04,35,Closed
T075,12-13,2012-11-04,35,Closed
T076,12-13,2012-11-04,35,Closed
T077,12-13,2012-11-04,35,Closed
T078,12-13,2012-11-04,35,Closed
T079,12-13,2012-11-04,35,Closed
T080,12-13,2012-11-04,35,Closed
T081,12-13,2012-11-04,35,Closed
T083,12-13,2012-11-04,35,Closed
T084,12-13,2012-11-04,35,Closed
T085,12-13,2012-11-04,35,Closed
T086,12-13,2012-11-04,35,Closed
T087,12-13,2012-11-04,35,Closed
T088,12-13,2012-11-04,35,Closed
T089,12-13,2012-11-04,35,Closed
T090,12-13,2012-11-04,35,Closed
T091,12-13,2012-11-04,35,Closed
T092,12-13,2012-11-04,35,Closed
T127,12-13,2012-11-04,35,Closed
T134,12-13,2012-11-04,35,Closed
T135,12-13,2012-11-04,35,Closed
T136,12-13,2012-11-04,35,Closed
T137,12-13,2012-11-04,35,Closed
T148,12-13,2012-11-04,35,Closed
T151,12-13,2012-11-04,35,Closed
T152,12-13,2012-11-04,35,Closed
T155,12-13,2012-11-04,35,Closed
T156,12-13,2012-11-04,35,Closed
T157,12-13,2012-11-04,35,Closed
T002,12-13,2012-11-05,36,Closed
T003,12-13,2012-11-05,36,Closed
T004,12-13,2012-11-05,36,Closed
T005,12-13,2012-11-05,36,Groomed
T006,12-13,2012-11-05,36,Closed
T007,12-13,2012-11-05,36,Closed
T008,12-13,2012-11-05,36,Closed
T009,12-13,2012-11-05,36,Closed
T010,12-13,2012-11-05,36,Closed
T011,12-13,2012-11-05,36,Closed
T012,12-13,2012-11-05,36,Groomed
T013,12-13,2012-11-05,36,Closed
T015,12-13,2012-11-05,36,Closed
T016,12-13,2012-11-05,36,Closed
T017,12-13,2012-11-05,36,Closed
T018,12-13,2012-11-05,36,Closed
T019,12-13,2012-11-05,36,Closed
T020,12-13,2012-11-05,36,Closed
T021,12-13,2012-11-05,36,Closed
T022,12-13,2012-11-05,36,Closed
T023,12-13,2012-11-05,36,Closed
T024,12-13,2012-11-05,36,Closed
T025,12-13,2012-11-05,36,Closed
T026,12-13,2012-11-05,36,Closed
T027,12-13,2012-11-05,36,Closed
T028,12-13,2012-11-05,36,Closed
T029,12-13,2012-11-05,36,Closed
T030,12-13,2012-11-05,36,Closed
T031,12-13,2012-11-05,36,Closed
T032,12-13,2012-11-05,36,Closed
T033,12-13,2012-11-05,36,Closed
T034,12-13,2012-11-05,36,Groomed
T035,12-13,2012-11-05,36,Closed
T036,12-13,2012-11-05,36,Groomed
T037,12-13,2012-11-05,36,Closed
T038,12-13,2012-11-05,36,Closed
T039,12-13,2012-11-05,36,Closed
T040,12-13,2012-11-05,36,Closed
T042,12-13,2012-11-05,36,Closed
T043,12-13,2012-11-05,36,Closed
T044,12-13,2012-11-05,36,Closed
T045,12-13,2012-11-05,36,Closed
T046,12-13,2012-11-05,36,Closed
T047,12-13,2012-11-05,36,Closed
T048,12-13,2012-11-05,36,Closed
T049,12-13,2012-11-05,36,Closed
T051,12-13,2012-11-05,36,Closed
T052,12-13,2012-11-05,36,Closed
T053,12-13,2012-11-05,36,Closed
T054,12-13,2012-11-05,36,Closed
T061,12-13,2012-11-05,36,Closed
T063,12-13,2012-11-05,36,Closed
T064,12-13,2012-11-05,36,Closed
T065,12-13,2012-11-05,36,Closed
T066,12-13,2012-11-05,36,Closed
T067,12-13,2012-11-05,36,Closed
T068,12-13,2012-11-05,36,Closed
T069,12-13,2012-11-05,36,Closed
T070,12-13,2012-11-05,36,Closed
T071,12-13,2012-11-05,36,Closed
T072,12-13,2012-11-05,36,Closed
T073,12-13,2012-11-05,36,Closed
T074,12-13,2012-11-05,36,Closed
T075,12-13,2012-11-05,36,Closed
T076,12-13,2012-11-05,36,Closed
T077,12-13,2012-11-05,36,Closed
T078,12-13,2012-11-05,36,Closed
T079,12-13,2012-11-05,36,Closed
T080,12-13,2012-11-05,36,Closed
T081,12-13,2012-11-05,36,Closed
T083,12-13,2012-11-05,36,Closed
T084,12-13,2012-11-05,36,Closed
T085,12-13,2012-11-05,36,Closed
T086,12-13,2012-11-05,36,Closed
T087,12-13,2012-11-05,36,Closed
T088,12-13,2012-11-05,36,Closed
T089,12-13,2012-11-05,36,Closed
T090,12-13,2012-11-05,36,Closed
T091,12-13,2012-11-05,36,Closed
T092,12-13,2012-11-05,36,Closed
T127,12-13,2012-11-05,36,Closed
T134,12-13,2012-11-05,36,Closed
T135,12-13,2012-11-05,36,Closed
T136,12-13,2012-11-05,36,Closed
T137,12-13,2012-11-05,36,Closed
T148,12-13,2012-11-05,36,Closed
T151,12-13,2012-11-05,36,Closed
T152,12-13,2012-11-05,36,Closed
T155,12-13,2012-11-05,36,Closed
T156,12-13,2012-11-05,36,Closed
T157,12-13,2012-11-05,36,Closed
T002,12-13,2012-11-06,37,Closed
T003,12-13,2012-11-06,37,Closed
T004,12-13,2012-11-06,37,Closed
T005,12-13,2012-11-06,37,Groomed
T006,12-13,2012-11-06,37,Closed
T007,12-13,2012-11-06,37,Closed
T008,12-13,2012-11-06,37,Closed
T009,12-13,2012-11-06,37,Closed
T010,12-13,2012-11-06,37,Closed
T011,12-13,2012-11-06,37,Closed
T012,12-13,2012-11-06,37,Groomed
T013,12-13,2012-11-06,37,Closed
T015,12-13,2012-11-06,37,Closed
T016,12-13,2012-11-06,37,Closed
T017,12-13,2012-11-06,37,Closed
T018,12-13,2012-11-06,37,Closed
T019,12-13,2012-11-06,37,Closed
T020,12-13,2012-11-06,37,Closed
T021,12-13,2012-11-06,37,Closed
T022,12-13,2012-11-06,37,Closed
T023,12-13,2012-11-06,37,Closed
T024,12-13,2012-11-06,37,Closed
T025,12-13,2012-11-06,37,Closed
T026,12-13,2012-11-06,37,Closed
T027,12-13,2012-11-06,37,Closed
T028,12-13,2012-11-06,37,Closed
T029,12-13,2012-11-06,37,Closed
T030,12-13,2012-11-06,37,Closed
T031,12-13,2012-11-06,37,Closed
T032,12-13,2012-11-06,37,Closed
T033,12-13,2012-11-06,37,Closed
T034,12-13,2012-11-06,37,Groomed
T035,12-13,2012-11-06,37,Closed
T036,12-13,2012-11-06,37,Groomed
T037,12-13,2012-11-06,37,Closed
T038,12-13,2012-11-06,37,Closed
T039,12-13,2012-11-06,37,Closed
T040,12-13,2012-11-06,37,Closed
T042,12-13,2012-11-06,37,Closed
T043,12-13,2012-11-06,37,Closed
T044,12-13,2012-11-06,37,Closed
T045,12-13,2012-11-06,37,Closed
T046,12-13,2012-11-06,37,Closed
T047,12-13,2012-11-06,37,Closed
T048,12-13,2012-11-06,37,Closed
T049,12-13,2012-11-06,37,Closed
T051,12-13,2012-11-06,37,Closed
T052,12-13,2012-11-06,37,Closed
T053,12-13,2012-11-06,37,Closed
T054,12-13,2012-11-06,37,Closed
T061,12-13,2012-11-06,37,Closed
T063,12-13,2012-11-06,37,Closed
T064,12-13,2012-11-06,37,Closed
T065,12-13,2012-11-06,37,Closed
T066,12-13,2012-11-06,37,Closed
T067,12-13,2012-11-06,37,Closed
T068,12-13,2012-11-06,37,Closed
T069,12-13,2012-11-06,37,Closed
T070,12-13,2012-11-06,37,Closed
T071,12-13,2012-11-06,37,Closed
T072,12-13,2012-11-06,37,Closed
T073,12-13,2012-11-06,37,Closed
T074,12-13,2012-11-06,37,Closed
T075,12-13,2012-11-06,37,Closed
T076,12-13,2012-11-06,37,Closed
T077,12-13,2012-11-06,37,Closed
T078,12-13,2012-11-06,37,Closed
T079,12-13,2012-11-06,37,Closed
T080,12-13,2012-11-06,37,Closed
T081,12-13,2012-11-06,37,Closed
T083,12-13,2012-11-06,37,Closed
T084,12-13,2012-11-06,37,Closed
T085,12-13,2012-11-06,37,Closed
T086,12-13,2012-11-06,37,Closed
T087,12-13,2012-11-06,37,Closed
T088,12-13,2012-11-06,37,Closed
T089,12-13,2012-11-06,37,Closed
T090,12-13,2012-11-06,37,Closed
T091,12-13,2012-11-06,37,Closed
T092,12-13,2012-11-06,37,Closed
T127,12-13,2012-11-06,37,Closed
T134,12-13,2012-11-06,37,Closed
T135,12-13,2012-11-06,37,Closed
T136,12-13,2012-11-06,37,Closed
T137,12-13,2012-11-06,37,Closed
T148,12-13,2012-11-06,37,Closed
T151,12-13,2012-11-06,37,Closed
T152,12-13,2012-11-06,37,Closed
T155,12-13,2012-11-06,37,Closed
T156,12-13,2012-11-06,37,Closed
T157,12-13,2012-11-06,37,Closed
T002,12-13,2012-11-07,38,Closed
T003,12-13,2012-11-07,38,Closed
T004,12-13,2012-11-07,38,Closed
T005,12-13,2012-11-07,38,Groomed
T006,12-13,2012-11-07,38,Closed
T007,12-13,2012-11-07,38,Closed
T008,12-13,2012-11-07,38,Closed
T009,12-13,2012-11-07,38,Closed
T010,12-13,2012-11-07,38,Closed
T011,12-13,2012-11-07,38,Closed
T012,12-13,2012-11-07,38,Groomed
T013,12-13,2012-11-07,38,Closed
T015,12-13,2012-11-07,38,Closed
T016,12-13,2012-11-07,38,Closed
T017,12-13,2012-11-07,38,Closed
T018,12-13,2012-11-07,38,Closed
T019,12-13,2012-11-07,38,Closed
T020,12-13,2012-11-07,38,Closed
T021,12-13,2012-11-07,38,Closed
T022,12-13,2012-11-07,38,Closed
T023,12-13,2012-11-07,38,Closed
T024,12-13,2012-11-07,38,Closed
T025,12-13,2012-11-07,38,Closed
T026,12-13,2012-11-07,38,Closed
T027,12-13,2012-11-07,38,Closed
T028,12-13,2012-11-07,38,Closed
T029,12-13,2012-11-07,38,Closed
T030,12-13,2012-11-07,38,Closed
T031,12-13,2012-11-07,38,Closed
T032,12-13,2012-11-07,38,Closed
T033,12-13,2012-11-07,38,Closed
T034,12-13,2012-11-07,38,Groomed
T035,12-13,2012-11-07,38,Closed
T036,12-13,2012-11-07,38,Groomed
T037,12-13,2012-11-07,38,Closed
T038,12-13,2012-11-07,38,Closed
T039,12-13,2012-11-07,38,Closed
T040,12-13,2012-11-07,38,Closed
T042,12-13,2012-11-07,38,Closed
T043,12-13,2012-11-07,38,Closed
T044,12-13,2012-11-07,38,Closed
T045,12-13,2012-11-07,38,Closed
T046,12-13,2012-11-07,38,Closed
T047,12-13,2012-11-07,38,Closed
T048,12-13,2012-11-07,38,Closed
T049,12-13,2012-11-07,38,Closed
T051,12-13,2012-11-07,38,Closed
T052,12-13,2012-11-07,38,Closed
T053,12-13,2012-11-07,38,Closed
T054,12-13,2012-11-07,38,Closed
T061,12-13,2012-11-07,38,Closed
T063,12-13,2012-11-07,38,Closed
T064,12-13,2012-11-07,38,Closed
T065,12-13,2012-11-07,38,Closed
T066,12-13,2012-11-07,38,Closed
T067,12-13,2012-11-07,38,Closed
T068,12-13,2012-11-07,38,Closed
T069,12-13,2012-11-07,38,Closed
T070,12-13,2012-11-07,38,Closed
T071,12-13,2012-11-07,38,Closed
T072,12-13,2012-11-07,38,Closed
T073,12-13,2012-11-07,38,Closed
T074,12-13,2012-11-07,38,Closed
T075,12-13,2012-11-07,38,Closed
T076,12-13,2012-11-07,38,Closed
T077,12-13,2012-11-07,38,Closed
T078,12-13,2012-11-07,38,Closed
T079,12-13,2012-11-07,38,Closed
T080,12-13,2012-11-07,38,Closed
T081,12-13,2012-11-07,38,Closed
T083,12-13,2012-11-07,38,Closed
T084,12-13,2012-11-07,38,Closed
T085,12-13,2012-11-07,38,Closed
T086,12-13,2012-11-07,38,Closed
T087,12-13,2012-11-07,38,Closed
T088,12-13,2012-11-07,38,Closed
T089,12-13,2012-11-07,38,Closed
T090,12-13,2012-11-07,38,Closed
T091,12-13,2012-11-07,38,Closed
T092,12-13,2012-11-07,38,Closed
T127,12-13,2012-11-07,38,Closed
T134,12-13,2012-11-07,38,Closed
T135,12-13,2012-11-07,38,Closed
T136,12-13,2012-11-07,38,Closed
T137,12-13,2012-11-07,38,Closed
T148,12-13,2012-11-07,38,Closed
T151,12-13,2012-11-07,38,Closed
T152,12-13,2012-11-07,38,Closed
T155,12-13,2012-11-07,38,Closed
T156,12-13,2012-11-07,38,Closed
T157,12-13,2012-11-07,38,Closed
T002,12-13,2012-11-08,39,Closed
T003,12-13,2012-11-08,39,Closed
T004,12-13,2012-11-08,39,Closed
T005,12-13,2012-11-08,39,Groomed
T006,12-13,2012-11-08,39,Closed
T007,12-13,2012-11-08,39,Closed
T008,12-13,2012-11-08,39,Closed
T009,12-13,2012-11-08,39,Closed
T010,12-13,2012-11-08,39,Closed
T011,12-13,2012-11-08,39,Closed
T012,12-13,2012-11-08,39,Groomed
T013,12-13,2012-11-08,39,Closed
T015,12-13,2012-11-08,39,Closed
T016,12-13,2012-11-08,39,Closed
T017,12-13,2012-11-08,39,Closed
T018,12-13,2012-11-08,39,Closed
T019,12-13,2012-11-08,39,Closed
T020,12-13,2012-11-08,39,Closed
T021,12-13,2012-11-08,39,Closed
T022,12-13,2012-11-08,39,Closed
T023,12-13,2012-11-08,39,Closed
T024,12-13,2012-11-08,39,Closed
T025,12-13,2012-11-08,39,Closed
T026,12-13,2012-11-08,39,Closed
T027,12-13,2012-11-08,39,Closed
T028,12-13,2012-11-08,39,Closed
T029,12-13,2012-11-08,39,Closed
T030,12-13,2012-11-08,39,Closed
T031,12-13,2012-11-08,39,Closed
T032,12-13,2012-11-08,39,Closed
T033,12-13,2012-11-08,39,Closed
T034,12-13,2012-11-08,39,Groomed
T035,12-13,2012-11-08,39,Closed
T036,12-13,2012-11-08,39,Groomed
T037,12-13,2012-11-08,39,Closed
T038,12-13,2012-11-08,39,Closed
T039,12-13,2012-11-08,39,Closed
T040,12-13,2012-11-08,39,Closed
T042,12-13,2012-11-08,39,Closed
T043,12-13,2012-11-08,39,Closed
T044,12-13,2012-11-08,39,Closed
T045,12-13,2012-11-08,39,Closed
T046,12-13,2012-11-08,39,Closed
T047,12-13,2012-11-08,39,Closed
T048,12-13,2012-11-08,39,Closed
T049,12-13,2012-11-08,39,Closed
T051,12-13,2012-11-08,39,Closed
T052,12-13,2012-11-08,39,Closed
T053,12-13,2012-11-08,39,Closed
T054,12-13,2012-11-08,39,Closed
T061,12-13,2012-11-08,39,Closed
T063,12-13,2012-11-08,39,Closed
T064,12-13,2012-11-08,39,Closed
T065,12-13,2012-11-08,39,Closed
T066,12-13,2012-11-08,39,Closed
T067,12-13,2012-11-08,39,Closed
T068,12-13,2012-11-08,39,Closed
T069,12-13,2012-11-08,39,Closed
T070,12-13,2012-11-08,39,Closed
T071,12-13,2012-11-08,39,Closed
T072,12-13,2012-11-08,39,Closed
T073,12-13,2012-11-08,39,Closed
T074,12-13,2012-11-08,39,Closed
T075,12-13,2012-11-08,39,Closed
T076,12-13,2012-11-08,39,Closed
T077,12-13,2012-11-08,39,Closed
T078,12-13,2012-11-08,39,Closed
T079,12-13,2012-11-08,39,Closed
T080,12-13,2012-11-08,39,Closed
T081,12-13,2012-11-08,39,Closed
T083,12-13,2012-11-08,39,Closed
T084,12-13,2012-11-08,39,Closed
T085,12-13,2012-11-08,39,Closed
T086,12-13,2012-11-08,39,Closed
T087,12-13,2012-11-08,39,Closed
T088,12-13,2012-11-08,39,Closed
T089,12-13,2012-11-08,39,Closed
T090,12-13,2012-11-08,39,Closed
T091,12-13,2012-11-08,39,Closed
T092,12-13,2012-11-08,39,Closed
T127,12-13,2012-11-08,39,Closed
T134,12-13,2012-11-08,39,Closed
T135,12-13,2012-11-08,39,Closed
T136,12-13,2012-11-08,39,Closed
T137,12-13,2012-11-08,39,Closed
T148,12-13,2012-11-08,39,Closed
T151,12-13,2012-11-08,39,Closed
T152,12-13,2012-11-08,39,Closed
T155,12-13,2012-11-08,39,Closed
T156,12-13,2012-11-08,39,Closed
T157,12-13,2012-11-08,39,Closed
T002,12-13,2012-11-09,40,Closed
T003,12-13,2012-11-09,40,Closed
T004,12-13,2012-11-09,40,Closed
T005,12-13,2012-11-09,40,Groomed
T006,12-13,2012-11-09,40,Closed
T007,12-13,2012-11-09,40,Closed
T008,12-13,2012-11-09,40,Closed
T009,12-13,2012-11-09,40,Closed
T010,12-13,2012-11-09,40,Closed
T011,12-13,2012-11-09,40,Closed
T012,12-13,2012-11-09,40,Groomed
T013,12-13,2012-11-09,40,Closed
T015,12-13,2012-11-09,40,Closed
T016,12-13,2012-11-09,40,Closed
T017,12-13,2012-11-09,40,Closed
T018,12-13,2012-11-09,40,Closed
T019,12-13,2012-11-09,40,Closed
T020,12-13,2012-11-09,40,Closed
T021,12-13,2012-11-09,40,Closed
T022,12-13,2012-11-09,40,Closed
T023,12-13,2012-11-09,40,Closed
T024,12-13,2012-11-09,40,Closed
T025,12-13,2012-11-09,40,Closed
T026,12-13,2012-11-09,40,Closed
T027,12-13,2012-11-09,40,Closed
T028,12-13,2012-11-09,40,Closed
T029,12-13,2012-11-09,40,Closed
T030,12-13,2012-11-09,40,Closed
T031,12-13,2012-11-09,40,Closed
T032,12-13,2012-11-09,40,Closed
T033,12-13,2012-11-09,40,Closed
T034,12-13,2012-11-09,40,Groomed
T035,12-13,2012-11-09,40,Closed
T036,12-13,2012-11-09,40,Groomed
T037,12-13,2012-11-09,40,Closed
T038,12-13,2012-11-09,40,Closed
T039,12-13,2012-11-09,40,Closed
T040,12-13,2012-11-09,40,Closed
T042,12-13,2012-11-09,40,Closed
T043,12-13,2012-11-09,40,Closed
T044,12-13,2012-11-09,40,Closed
T045,12-13,2012-11-09,40,Closed
T046,12-13,2012-11-09,40,Closed
T047,12-13,2012-11-09,40,Closed
T048,12-13,2012-11-09,40,Closed
T049,12-13,2012-11-09,40,Closed
T051,12-13,2012-11-09,40,Closed
T052,12-13,2012-11-09,40,Closed
T053,12-13,2012-11-09,40,Closed
T054,12-13,2012-11-09,40,Closed
T061,12-13,2012-11-09,40,Closed
T063,12-13,2012-11-09,40,Closed
T064,12-13,2012-11-09,40,Closed
T065,12-13,2012-11-09,40,Closed
T066,12-13,2012-11-09,40,Closed
T067,12-13,2012-11-09,40,Closed
T068,12-13,2012-11-09,40,Closed
T069,12-13,2012-11-09,40,Closed
T070,12-13,2012-11-09,40,Closed
T071,12-13,2012-11-09,40,Closed
T072,12-13,2012-11-09,40,Closed
T073,12-13,2012-11-09,40,Closed
T074,12-13,2012-11-09,40,Closed
T075,12-13,2012-11-09,40,Closed
T076,12-13,2012-11-09,40,Closed
T077,12-13,2012-11-09,40,Closed
T078,12-13,2012-11-09,40,Closed
T079,12-13,2012-11-09,40,Closed
T080,12-13,2012-11-09,40,Closed
T081,12-13,2012-11-09,40,Closed
T083,12-13,2012-11-09,40,Closed
T084,12-13,2012-11-09,40,Closed
T085,12-13,2012-11-09,40,Closed
T086,12-13,2012-11-09,40,Closed
T087,12-13,2012-11-09,40,Closed
T088,12-13,2012-11-09,40,Closed
T089,12-13,2012-11-09,40,Closed
T090,12-13,2012-11-09,40,Closed
T091,12-13,2012-11-09,40,Closed
T092,12-13,2012-11-09,40,Closed
T127,12-13,2012-11-09,40,Closed
T134,12-13,2012-11-09,40,Closed
T135,12-13,2012-11-09,40,Closed
T136,12-13,2012-11-09,40,Closed
T137,12-13,2012-11-09,40,Closed
T148,12-13,2012-11-09,40,Closed
T151,12-13,2012-11-09,40,Closed
T152,12-13,2012-11-09,40,Closed
T155,12-13,2012-11-09,40,Closed
T156,12-13,2012-11-09,40,Closed
T157,12-13,2012-11-09,40,Closed
T002,12-13,2012-11-10,41,Closed
T003,12-13,2012-11-10,41,Closed
T004,12-13,2012-11-10,41,Closed
T005,12-13,2012-11-10,41,Groomed
T006,12-13,2012-11-10,41,Closed
T007,12-13,2012-11-10,41,Closed
T008,12-13,2012-11-10,41,Closed
T009,12-13,2012-11-10,41,Closed
T010,12-13,2012-11-10,41,Closed
T011,12-13,2012-11-10,41,Closed
T012,12-13,2012-11-10,41,Groomed
T013,12-13,2012-11-10,41,Closed
T015,12-13,2012-11-10,41,Closed
T016,12-13,2012-11-10,41,Closed
T017,12-13,2012-11-10,41,Closed
T018,12-13,2012-11-10,41,Closed
T019,12-13,2012-11-10,41,Closed
T020,12-13,2012-11-10,41,Closed
T021,12-13,2012-11-10,41,Closed
T022,12-13,2012-11-10,41,Closed
T023,12-13,2012-11-10,41,Closed
T024,12-13,2012-11-10,41,Closed
T025,12-13,2012-11-10,41,Closed
T026,12-13,2012-11-10,41,Closed
T027,12-13,2012-11-10,41,Closed
T028,12-13,2012-11-10,41,Closed
T029,12-13,2012-11-10,41,Closed
T030,12-13,2012-11-10,41,Closed
T031,12-13,2012-11-10,41,Closed
T032,12-13,2012-11-10,41,Closed
T033,12-13,2012-11-10,41,Closed
T034,12-13,2012-11-10,41,Groomed
T035,12-13,2012-11-10,41,Closed
T036,12-13,2012-11-10,41,Groomed
T037,12-13,2012-11-10,41,Closed
T038,12-13,2012-11-10,41,Closed
T039,12-13,2012-11-10,41,Closed
T040,12-13,2012-11-10,41,Closed
T042,12-13,2012-11-10,41,Closed
T043,12-13,2012-11-10,41,Closed
T044,12-13,2012-11-10,41,Closed
T045,12-13,2012-11-10,41,Closed
T046,12-13,2012-11-10,41,Closed
T047,12-13,2012-11-10,41,Closed
T048,12-13,2012-11-10,41,Closed
T049,12-13,2012-11-10,41,Closed
T051,12-13,2012-11-10,41,Closed
T052,12-13,2012-11-10,41,Closed
T053,12-13,2012-11-10,41,Closed
T054,12-13,2012-11-10,41,Closed
T061,12-13,2012-11-10,41,Closed
T063,12-13,2012-11-10,41,Closed
T064,12-13,2012-11-10,41,Closed
T065,12-13,2012-11-10,41,Closed
T066,12-13,2012-11-10,41,Closed
T067,12-13,2012-11-10,41,Closed
T068,12-13,2012-11-10,41,Closed
T069,12-13,2012-11-10,41,Closed
T070,12-13,2012-11-10,41,Closed
T071,12-13,2012-11-10,41,Closed
T072,12-13,2012-11-10,41,Closed
T073,12-13,2012-11-10,41,Closed
T074,12-13,2012-11-10,41,Closed
T075,12-13,2012-11-10,41,Closed
T076,12-13,2012-11-10,41,Closed
T077,12-13,2012-11-10,41,Closed
T078,12-13,2012-11-10,41,Closed
T079,12-13,2012-11-10,41,Closed
T080,12-13,2012-11-10,41,Closed
T081,12-13,2012-11-10,41,Closed
T083,12-13,2012-11-10,41,Closed
T084,12-13,2012-11-10,41,Closed
T085,12-13,2012-11-10,41,Closed
T086,12-13,2012-11-10,41,Closed
T087,12-13,2012-11-10,41,Closed
T088,12-13,2012-11-10,41,Closed
T089,12-13,2012-11-10,41,Closed
T090,12-13,2012-11-10,41,Closed
T091,12-13,2012-11-10,41,Closed
T092,12-13,2012-11-10,41,Closed
T127,12-13,2012-11-10,41,Closed
T134,12-13,2012-11-10,41,Closed
T135,12-13,2012-11-10,41,Closed
T136,12-13,2012-11-10,41,Closed
T137,12-13,2012-11-10,41,Closed
T148,12-13,2012-11-10,41,Closed
T151,12-13,2012-11-10,41,Closed
T152,12-13,2012-11-10,41,Closed
T155,12-13,2012-11-10,41,Closed
T156,12-13,2012-11-10,41,Closed
T157,12-13,2012-11-10,41,Closed
T002,12-13,2012-11-11,42,Closed
T003,12-13,2012-11-11,42,Closed
T004,12-13,2012-11-11,42,Closed
T005,12-13,2012-11-11,42,Groomed
T006,12-13,2012-11-11,42,Closed
T007,12-13,2012-11-11,42,Closed
T008,12-13,2012-11-11,42,Closed
T009,12-13,2012-11-11,42,Closed
T010,12-13,2012-11-11,42,Closed
T011,12-13,2012-11-11,42,Closed
T012,12-13,2012-11-11,42,Groomed
T013,12-13,2012-11-11,42,Closed
T015,12-13,2012-11-11,42,Closed
T016,12-13,2012-11-11,42,Closed
T017,12-13,2012-11-11,42,Closed
T018,12-13,2012-11-11,42,Closed
T019,12-13,2012-11-11,42,Closed
T020,12-13,2012-11-11,42,Closed
T021,12-13,2012-11-11,42,Closed
T022,12-13,2012-11-11,42,Closed
T023,12-13,2012-11-11,42,Closed
T024,12-13,2012-11-11,42,Closed
T025,12-13,2012-11-11,42,Closed
T026,12-13,2012-11-11,42,Closed
T027,12-13,2012-11-11,42,Closed
T028,12-13,2012-11-11,42,Closed
T029,12-13,2012-11-11,42,Closed
T030,12-13,2012-11-11,42,Closed
T031,12-13,2012-11-11,42,Closed
T032,12-13,2012-11-11,42,Closed
T033,12-13,2012-11-11,42,Closed
T034,12-13,2012-11-11,42,Groomed
T035,12-13,2012-11-11,42,Closed
T036,12-13,2012-11-11,42,Groomed
T037,12-13,2012-11-11,42,Closed
T038,12-13,2012-11-11,42,Closed
T039,12-13,2012-11-11,42,Closed
T040,12-13,2012-11-11,42,Closed
T042,12-13,2012-11-11,42,Closed
T043,12-13,2012-11-11,42,Closed
T044,12-13,2012-11-11,42,Closed
T045,12-13,2012-11-11,42,Closed
T046,12-13,2012-11-11,42,Closed
T047,12-13,2012-11-11,42,Closed
T048,12-13,2012-11-11,42,Closed
T049,12-13,2012-11-11,42,Closed
T051,12-13,2012-11-11,42,Closed
T052,12-13,2012-11-11,42,Closed
T053,12-13,2012-11-11,42,Closed
T054,12-13,2012-11-11,42,Closed
T061,12-13,2012-11-11,42,Closed
T063,12-13,2012-11-11,42,Closed
T064,12-13,2012-11-11,42,Closed
T065,12-13,2012-11-11,42,Closed
T066,12-13,2012-11-11,42,Closed
T067,12-13,2012-11-11,42,Closed
T068,12-13,2012-11-11,42,Closed
T069,12-13,2012-11-11,42,Closed
T070,12-13,2012-11-11,42,Closed
T071,12-13,2012-11-11,42,Closed
T072,12-13,2012-11-11,42,Closed
T073,12-13,2012-11-11,42,Closed
T074,12-13,2012-11-11,42,Closed
T075,12-13,2012-11-11,42,Closed
T076,12-13,2012-11-11,42,Closed
T077,12-13,2012-11-11,42,Closed
T078,12-13,2012-11-11,42,Closed
T079,12-13,2012-11-11,42,Closed
T080,12-13,2012-11-11,42,Closed
T081,12-13,2012-11-11,42,Closed
T083,12-13,2012-11-11,42,Closed
T084,12-13,2012-11-11,42,Closed
T085,12-13,2012-11-11,42,Closed
T086,12-13,2012-11-11,42,Closed
T087,12-13,2012-11-11,42,Closed
T088,12-13,2012-11-11,42,Closed
T089,12-13,2012-11-11,42,Closed
T090,12-13,2012-11-11,42,Closed
T091,12-13,2012-11-11,42,Closed
T092,12-13,2012-11-11,42,Closed
T127,12-13,2012-11-11,42,Closed
T134,12-13,2012-11-11,42,Closed
T135,12-13,2012-11-11,42,Closed
T136,12-13,2012-11-11,42,Closed
T137,12-13,2012-11-11,42,Closed
T148,12-13,2012-11-11,42,Closed
T151,12-13,2012-11-11,42,Closed
T152,12-13,2012-11-11,42,Closed
T155,12-13,2012-11-11,42,Closed
T156,12-13,2012-11-11,42,Closed
T157,12-13,2012-11-11,42,Closed
T002,12-13,2012-11-12,43,Closed
T003,12-13,2012-11-12,43,Closed
T004,12-13,2012-11-12,43,Closed
T005,12-13,2012-11-12,43,Groomed
T006,12-13,2012-11-12,43,Closed
T007,12-13,2012-11-12,43,Closed
T008,12-13,2012-11-12,43,Closed
T009,12-13,2012-11-12,43,Closed
T010,12-13,2012-11-12,43,Closed
T011,12-13,2012-11-12,43,Closed
T012,12-13,2012-11-12,43,Groomed
T013,12-13,2012-11-12,43,Closed
T015,12-13,2012-11-12,43,Closed
T016,12-13,2012-11-12,43,Closed
T017,12-13,2012-11-12,43,Closed
T018,12-13,2012-11-12,43,Closed
T019,12-13,2012-11-12,43,Closed
T020,12-13,2012-11-12,43,Closed
T021,12-13,2012-11-12,43,Closed
T022,12-13,2012-11-12,43,Closed
T023,12-13,2012-11-12,43,Closed
T024,12-13,2012-11-12,43,Closed
T025,12-13,2012-11-12,43,Closed
T026,12-13,2012-11-12,43,Closed
T027,12-13,2012-11-12,43,Closed
T028,12-13,2012-11-12,43,Closed
T029,12-13,2012-11-12,43,Closed
T030,12-13,2012-11-12,43,Closed
T031,12-13,2012-11-12,43,Closed
T032,12-13,2012-11-12,43,Closed
T033,12-13,2012-11-12,43,Closed
T034,12-13,2012-11-12,43,Groomed
T035,12-13,2012-11-12,43,Closed
T036,12-13,2012-11-12,43,Groomed
T037,12-13,2012-11-12,43,Closed
T038,12-13,2012-11-12,43,Closed
T039,12-13,2012-11-12,43,Closed
T040,12-13,2012-11-12,43,Closed
T042,12-13,2012-11-12,43,Closed
T043,12-13,2012-11-12,43,Closed
T044,12-13,2012-11-12,43,Closed
T045,12-13,2012-11-12,43,Closed
T046,12-13,2012-11-12,43,Closed
T047,12-13,2012-11-12,43,Closed
T048,12-13,2012-11-12,43,Closed
T049,12-13,2012-11-12,43,Closed
T051,12-13,2012-11-12,43,Closed
T052,12-13,2012-11-12,43,Closed
T053,12-13,2012-11-12,43,Closed
T054,12-13,2012-11-12,43,Closed
T061,12-13,2012-11-12,43,Closed
T063,12-13,2012-11-12,43,Closed
T064,12-13,2012-11-12,43,Closed
T065,12-13,2012-11-12,43,Closed
T066,12-13,2012-11-12,43,Closed
T067,12-13,2012-11-12,43,Closed
T068,12-13,2012-11-12,43,Closed
T069,12-13,2012-11-12,43,Closed
T070,12-13,2012-11-12,43,Closed
T071,12-13,2012-11-12,43,Closed
T072,12-13,2012-11-12,43,Closed
T073,12-13,2012-11-12,43,Closed
T074,12-13,2012-11-12,43,Closed
T075,12-13,2012-11-12,43,Closed
T076,12-13,2012-11-12,43,Closed
T077,12-13,2012-11-12,43,Closed
T078,12-13,2012-11-12,43,Closed
T079,12-13,2012-11-12,43,Closed
T080,12-13,2012-11-12,43,Closed
T081,12-13,2012-11-12,43,Closed
T083,12-13,2012-11-12,43,Closed
T084,12-13,2012-11-12,43,Closed
T085,12-13,2012-11-12,43,Closed
T086,12-13,2012-11-12,43,Closed
T087,12-13,2012-11-12,43,Closed
T088,12-13,2012-11-12,43,Closed
T089,12-13,2012-11-12,43,Closed
T090,12-13,2012-11-12,43,Closed
T091,12-13,2012-11-12,43,Closed
T092,12-13,2012-11-12,43,Closed
T127,12-13,2012-11-12,43,Closed
T134,12-13,2012-11-12,43,Closed
T135,12-13,2012-11-12,43,Closed
T136,12-13,2012-11-12,43,Closed
T137,12-13,2012-11-12,43,Closed
T148,12-13,2012-11-12,43,Closed
T151,12-13,2012-11-12,43,Closed
T152,12-13,2012-11-12,43,Closed
T155,12-13,2012-11-12,43,Closed
T156,12-13,2012-11-12,43,Closed
T157,12-13,2012-11-12,43,Closed
T002,12-13,2012-11-13,44,Closed
T003,12-13,2012-11-13,44,Closed
T004,12-13,2012-11-13,44,Closed
T005,12-13,2012-11-13,44,Groomed
T006,12-13,2012-11-13,44,Closed
T007,12-13,2012-11-13,44,Closed
T008,12-13,2012-11-13,44,Closed
T009,12-13,2012-11-13,44,Open
T010,12-13,2012-11-13,44,Closed
T011,12-13,2012-11-13,44,Open
T012,12-13,2012-11-13,44,Groomed
T013,12-13,2012-11-13,44,Open
T015,12-13,2012-11-13,44,Closed
T016,12-13,2012-11-13,44,Closed
T017,12-13,2012-11-13,44,Closed
T018,12-13,2012-11-13,44,Closed
T019,12-13,2012-11-13,44,Closed
T020,12-13,2012-11-13,44,Closed
T021,12-13,2012-11-13,44,Closed
T022,12-13,2012-11-13,44,Closed
T023,12-13,2012-11-13,44,Closed
T024,12-13,2012-11-13,44,Closed
T025,12-13,2012-11-13,44,Closed
T026,12-13,2012-11-13,44,Closed
T027,12-13,2012-11-13,44,Closed
T028,12-13,2012-11-13,44,Closed
T029,12-13,2012-11-13,44,Closed
T030,12-13,2012-11-13,44,Closed
T031,12-13,2012-11-13,44,Closed
T032,12-13,2012-11-13,44,Closed
T033,12-13,2012-11-13,44,Closed
T034,12-13,2012-11-13,44,Groomed
T035,12-13,2012-11-13,44,Closed
T036,12-13,2012-11-13,44,Groomed
T037,12-13,2012-11-13,44,Closed
T038,12-13,2012-11-13,44,Closed
T039,12-13,2012-11-13,44,Closed
T040,12-13,2012-11-13,44,Closed
T042,12-13,2012-11-13,44,Closed
T043,12-13,2012-11-13,44,Closed
T044,12-13,2012-11-13,44,Closed
T045,12-13,2012-11-13,44,Closed
T046,12-13,2012-11-13,44,Closed
T047,12-13,2012-11-13,44,Closed
T048,12-13,2012-11-13,44,Closed
T049,12-13,2012-11-13,44,Closed
T051,12-13,2012-11-13,44,Closed
T052,12-13,2012-11-13,44,Closed
T053,12-13,2012-11-13,44,Closed
T054,12-13,2012-11-13,44,Closed
T061,12-13,2012-11-13,44,Closed
T063,12-13,2012-11-13,44,Closed
T064,12-13,2012-11-13,44,Closed
T065,12-13,2012-11-13,44,Closed
T066,12-13,2012-11-13,44,Closed
T067,12-13,2012-11-13,44,Closed
T068,12-13,2012-11-13,44,Closed
T069,12-13,2012-11-13,44,Closed
T070,12-13,2012-11-13,44,Closed
T071,12-13,2012-11-13,44,Closed
T072,12-13,2012-11-13,44,Closed
T073,12-13,2012-11-13,44,Closed
T074,12-13,2012-11-13,44,Closed
T075,12-13,2012-11-13,44,Closed
T076,12-13,2012-11-13,44,Closed
T077,12-13,2012-11-13,44,Closed
T078,12-13,2012-11-13,44,Closed
T079,12-13,2012-11-13,44,Closed
T080,12-13,2012-11-13,44,Closed
T081,12-13,2012-11-13,44,Closed
T083,12-13,2012-11-13,44,Closed
T084,12-13,2012-11-13,44,Closed
T085,12-13,2012-11-13,44,Closed
T086,12-13,2012-11-13,44,Closed
T087,12-13,2012-11-13,44,Closed
T088,12-13,2012-11-13,44,Closed
T089,12-13,2012-11-13,44,Closed
T090,12-13,2012-11-13,44,Closed
T091,12-13,2012-11-13,44,Closed
T092,12-13,2012-11-13,44,Closed
T127,12-13,2012-11-13,44,Closed
T134,12-13,2012-11-13,44,Closed
T135,12-13,2012-11-13,44,Closed
T136,12-13,2012-11-13,44,Closed
T137,12-13,2012-11-13,44,Closed
T148,12-13,2012-11-13,44,Closed
T151,12-13,2012-11-13,44,Closed
T152,12-13,2012-11-13,44,Closed
T155,12-13,2012-11-13,44,Closed
T156,12-13,2012-11-13,44,Closed
T157,12-13,2012-11-13,44,Closed
T002,12-13,2012-11-14,45,Closed
T003,12-13,2012-11-14,45,Closed
T004,12-13,2012-11-14,45,Closed
T005,12-13,2012-11-14,45,Groomed
T006,12-13,2012-11-14,45,Closed
T007,12-13,2012-11-14,45,Closed
T008,12-13,2012-11-14,45,Closed
T009,12-13,2012-11-14,45,Closed
T010,12-13,2012-11-14,45,Closed
T011,12-13,2012-11-14,45,Closed
T012,12-13,2012-11-14,45,Groomed
T013,12-13,2012-11-14,45,Closed
T015,12-13,2012-11-14,45,Closed
T016,12-13,2012-11-14,45,Closed
T017,12-13,2012-11-14,45,Closed
T018,12-13,2012-11-14,45,Closed
T019,12-13,2012-11-14,45,Closed
T020,12-13,2012-11-14,45,Closed
T021,12-13,2012-11-14,45,Closed
T022,12-13,2012-11-14,45,Closed
T023,12-13,2012-11-14,45,Closed
T024,12-13,2012-11-14,45,Closed
T025,12-13,2012-11-14,45,Closed
T026,12-13,2012-11-14,45,Closed
T027,12-13,2012-11-14,45,Closed
T028,12-13,2012-11-14,45,Closed
T029,12-13,2012-11-14,45,Closed
T030,12-13,2012-11-14,45,Closed
T031,12-13,2012-11-14,45,Closed
T032,12-13,2012-11-14,45,Closed
T033,12-13,2012-11-14,45,Closed
T034,12-13,2012-11-14,45,Groomed
T035,12-13,2012-11-14,45,Closed
T036,12-13,2012-11-14,45,Groomed
T037,12-13,2012-11-14,45,Closed
T038,12-13,2012-11-14,45,Closed
T039,12-13,2012-11-14,45,Closed
T040,12-13,2012-11-14,45,Closed
T042,12-13,2012-11-14,45,Closed
T043,12-13,2012-11-14,45,Closed
T044,12-13,2012-11-14,45,Closed
T045,12-13,2012-11-14,45,Closed
T046,12-13,2012-11-14,45,Closed
T047,12-13,2012-11-14,45,Closed
T048,12-13,2012-11-14,45,Closed
T049,12-13,2012-11-14,45,Closed
T051,12-13,2012-11-14,45,Closed
T052,12-13,2012-11-14,45,Closed
T053,12-13,2012-11-14,45,Closed
T054,12-13,2012-11-14,45,Closed
T061,12-13,2012-11-14,45,Closed
T063,12-13,2012-11-14,45,Closed
T064,12-13,2012-11-14,45,Closed
T065,12-13,2012-11-14,45,Closed
T066,12-13,2012-11-14,45,Closed
T067,12-13,2012-11-14,45,Closed
T068,12-13,2012-11-14,45,Closed
T069,12-13,2012-11-14,45,Closed
T070,12-13,2012-11-14,45,Closed
T071,12-13,2012-11-14,45,Closed
T072,12-13,2012-11-14,45,Closed
T073,12-13,2012-11-14,45,Closed
T074,12-13,2012-11-14,45,Closed
T075,12-13,2012-11-14,45,Closed
T076,12-13,2012-11-14,45,Closed
T077,12-13,2012-11-14,45,Closed
T078,12-13,2012-11-14,45,Closed
T079,12-13,2012-11-14,45,Closed
T080,12-13,2012-11-14,45,Closed
T081,12-13,2012-11-14,45,Closed
T083,12-13,2012-11-14,45,Closed
T084,12-13,2012-11-14,45,Closed
T085,12-13,2012-11-14,45,Closed
T086,12-13,2012-11-14,45,Closed
T087,12-13,2012-11-14,45,Closed
T088,12-13,2012-11-14,45,Closed
T089,12-13,2012-11-14,45,Closed
T090,12-13,2012-11-14,45,Closed
T091,12-13,2012-11-14,45,Closed
T092,12-13,2012-11-14,45,Closed
T127,12-13,2012-11-14,45,Closed
T134,12-13,2012-11-14,45,Closed
T135,12-13,2012-11-14,45,Closed
T136,12-13,2012-11-14,45,Closed
T137,12-13,2012-11-14,45,Closed
T148,12-13,2012-11-14,45,Closed
T151,12-13,2012-11-14,45,Closed
T152,12-13,2012-11-14,45,Closed
T155,12-13,2012-11-14,45,Closed
T156,12-13,2012-11-14,45,Closed
T157,12-13,2012-11-14,45,Closed
T002,12-13,2012-11-15,46,Closed
T003,12-13,2012-11-15,46,Closed
T004,12-13,2012-11-15,46,Closed
T005,12-13,2012-11-15,46,Groomed
T006,12-13,2012-11-15,46,Closed
T007,12-13,2012-11-15,46,Closed
T008,12-13,2012-11-15,46,Closed
T009,12-13,2012-11-15,46,Closed
T010,12-13,2012-11-15,46,Closed
T011,12-13,2012-11-15,46,Groomed
T012,12-13,2012-11-15,46,Groomed
T013,12-13,2012-11-15,46,Groomed
T015,12-13,2012-11-15,46,Closed
T016,12-13,2012-11-15,46,Closed
T017,12-13,2012-11-15,46,Closed
T018,12-13,2012-11-15,46,Closed
T019,12-13,2012-11-15,46,Closed
T020,12-13,2012-11-15,46,Closed
T021,12-13,2012-11-15,46,Closed
T022,12-13,2012-11-15,46,Closed
T023,12-13,2012-11-15,46,Closed
T024,12-13,2012-11-15,46,Closed
T025,12-13,2012-11-15,46,Closed
T026,12-13,2012-11-15,46,Closed
T027,12-13,2012-11-15,46,Closed
T028,12-13,2012-11-15,46,Closed
T029,12-13,2012-11-15,46,Closed
T030,12-13,2012-11-15,46,Closed
T031,12-13,2012-11-15,46,Closed
T032,12-13,2012-11-15,46,Closed
T033,12-13,2012-11-15,46,Closed
T034,12-13,2012-11-15,46,Groomed
T035,12-13,2012-11-15,46,Closed
T036,12-13,2012-11-15,46,Groomed
T037,12-13,2012-11-15,46,Closed
T038,12-13,2012-11-15,46,Closed
T039,12-13,2012-11-15,46,Closed
T040,12-13,2012-11-15,46,Closed
T042,12-13,2012-11-15,46,Closed
T043,12-13,2012-11-15,46,Closed
T044,12-13,2012-11-15,46,Closed
T045,12-13,2012-11-15,46,Closed
T046,12-13,2012-11-15,46,Closed
T047,12-13,2012-11-15,46,Closed
T048,12-13,2012-11-15,46,Closed
T049,12-13,2012-11-15,46,Closed
T051,12-13,2012-11-15,46,Closed
T052,12-13,2012-11-15,46,Closed
T053,12-13,2012-11-15,46,Closed
T054,12-13,2012-11-15,46,Closed
T061,12-13,2012-11-15,46,Closed
T063,12-13,2012-11-15,46,Closed
T064,12-13,2012-11-15,46,Closed
T065,12-13,2012-11-15,46,Closed
T066,12-13,2012-11-15,46,Closed
T067,12-13,2012-11-15,46,Closed
T068,12-13,2012-11-15,46,Closed
T069,12-13,2012-11-15,46,Closed
T070,12-13,2012-11-15,46,Closed
T071,12-13,2012-11-15,46,Closed
T072,12-13,2012-11-15,46,Closed
T073,12-13,2012-11-15,46,Closed
T074,12-13,2012-11-15,46,Closed
T075,12-13,2012-11-15,46,Closed
T076,12-13,2012-11-15,46,Closed
T077,12-13,2012-11-15,46,Closed
T078,12-13,2012-11-15,46,Closed
T079,12-13,2012-11-15,46,Closed
T080,12-13,2012-11-15,46,Closed
T081,12-13,2012-11-15,46,Closed
T083,12-13,2012-11-15,46,Closed
T084,12-13,2012-11-15,46,Closed
T085,12-13,2012-11-15,46,Closed
T086,12-13,2012-11-15,46,Closed
T087,12-13,2012-11-15,46,Closed
T088,12-13,2012-11-15,46,Closed
T089,12-13,2012-11-15,46,Closed
T090,12-13,2012-11-15,46,Closed
T091,12-13,2012-11-15,46,Closed
T092,12-13,2012-11-15,46,Closed
T127,12-13,2012-11-15,46,Closed
T134,12-13,2012-11-15,46,Closed
T135,12-13,2012-11-15,46,Closed
T136,12-13,2012-11-15,46,Closed
T137,12-13,2012-11-15,46,Closed
T148,12-13,2012-11-15,46,Closed
T151,12-13,2012-11-15,46,Closed
T152,12-13,2012-11-15,46,Closed
T155,12-13,2012-11-15,46,Closed
T156,12-13,2012-11-15,46,Closed
T157,12-13,2012-11-15,46,Closed
T002,12-13,2012-11-16,47,Closed
T003,12-13,2012-11-16,47,Closed
T004,12-13,2012-11-16,47,Closed
T005,12-13,2012-11-16,47,Groomed
T006,12-13,2012-11-16,47,Closed
T007,12-13,2012-11-16,47,Closed
T008,12-13,2012-11-16,47,Closed
T009,12-13,2012-11-16,47,Closed
T010,12-13,2012-11-16,47,Closed
T011,12-13,2012-11-16,47,Groomed
T012,12-13,2012-11-16,47,Groomed
T013,12-13,2012-11-16,47,Groomed
T015,12-13,2012-11-16,47,Closed
T016,12-13,2012-11-16,47,Closed
T017,12-13,2012-11-16,47,Closed
T018,12-13,2012-11-16,47,Closed
T019,12-13,2012-11-16,47,Closed
T020,12-13,2012-11-16,47,Closed
T021,12-13,2012-11-16,47,Closed
T022,12-13,2012-11-16,47,Closed
T023,12-13,2012-11-16,47,Closed
T024,12-13,2012-11-16,47,Closed
T025,12-13,2012-11-16,47,Closed
T026,12-13,2012-11-16,47,Closed
T027,12-13,2012-11-16,47,Closed
T028,12-13,2012-11-16,47,Closed
T029,12-13,2012-11-16,47,Closed
T030,12-13,2012-11-16,47,Closed
T031,12-13,2012-11-16,47,Closed
T032,12-13,2012-11-16,47,Closed
T033,12-13,2012-11-16,47,Closed
T034,12-13,2012-11-16,47,Groomed
T035,12-13,2012-11-16,47,Closed
T036,12-13,2012-11-16,47,Groomed
T037,12-13,2012-11-16,47,Closed
T038,12-13,2012-11-16,47,Closed
T039,12-13,2012-11-16,47,Closed
T040,12-13,2012-11-16,47,Closed
T042,12-13,2012-11-16,47,Closed
T043,12-13,2012-11-16,47,Closed
T044,12-13,2012-11-16,47,Closed
T045,12-13,2012-11-16,47,Closed
T046,12-13,2012-11-16,47,Closed
T047,12-13,2012-11-16,47,Closed
T048,12-13,2012-11-16,47,Closed
T049,12-13,2012-11-16,47,Closed
T051,12-13,2012-11-16,47,Closed
T052,12-13,2012-11-16,47,Closed
T053,12-13,2012-11-16,47,Closed
T054,12-13,2012-11-16,47,Closed
T061,12-13,2012-11-16,47,Closed
T063,12-13,2012-11-16,47,Closed
T064,12-13,2012-11-16,47,Closed
T065,12-13,2012-11-16,47,Closed
T066,12-13,2012-11-16,47,Closed
T067,12-13,2012-11-16,47,Closed
T068,12-13,2012-11-16,47,Closed
T069,12-13,2012-11-16,47,Closed
T070,12-13,2012-11-16,47,Closed
T071,12-13,2012-11-16,47,Closed
T072,12-13,2012-11-16,47,Closed
T073,12-13,2012-11-16,47,Closed
T074,12-13,2012-11-16,47,Closed
T075,12-13,2012-11-16,47,Closed
T076,12-13,2012-11-16,47,Closed
T077,12-13,2012-11-16,47,Closed
T078,12-13,2012-11-16,47,Closed
T079,12-13,2012-11-16,47,Closed
T080,12-13,2012-11-16,47,Closed
T081,12-13,2012-11-16,47,Closed
T083,12-13,2012-11-16,47,Closed
T084,12-13,2012-11-16,47,Closed
T085,12-13,2012-11-16,47,Closed
T086,12-13,2012-11-16,47,Closed
T087,12-13,2012-11-16,47,Closed
T088,12-13,2012-11-16,47,Closed
T089,12-13,2012-11-16,47,Closed
T090,12-13,2012-11-16,47,Closed
T091,12-13,2012-11-16,47,Closed
T092,12-13,2012-11-16,47,Closed
T127,12-13,2012-11-16,47,Closed
T134,12-13,2012-11-16,47,Closed
T135,12-13,2012-11-16,47,Closed
T136,12-13,2012-11-16,47,Closed
T137,12-13,2012-11-16,47,Closed
T148,12-13,2012-11-16,47,Closed
T151,12-13,2012-11-16,47,Closed
T152,12-13,2012-11-16,47,Closed
T155,12-13,2012-11-16,47,Closed
T156,12-13,2012-11-16,47,Closed
T157,12-13,2012-11-16,47,Closed
T002,12-13,2012-11-17,48,Closed
T003,12-13,2012-11-17,48,Closed
T004,12-13,2012-11-17,48,Closed
T005,12-13,2012-11-17,48,Groomed
T006,12-13,2012-11-17,48,Closed
T007,12-13,2012-11-17,48,Closed
T008,12-13,2012-11-17,48,Closed
T009,12-13,2012-11-17,48,Closed
T010,12-13,2012-11-17,48,Closed
T011,12-13,2012-11-17,48,Groomed
T012,12-13,2012-11-17,48,Groomed
T013,12-13,2012-11-17,48,Groomed
T015,12-13,2012-11-17,48,Closed
T016,12-13,2012-11-17,48,Closed
T017,12-13,2012-11-17,48,Closed
T018,12-13,2012-11-17,48,Closed
T019,12-13,2012-11-17,48,Closed
T020,12-13,2012-11-17,48,Closed
T021,12-13,2012-11-17,48,Closed
T022,12-13,2012-11-17,48,Closed
T023,12-13,2012-11-17,48,Closed
T024,12-13,2012-11-17,48,Closed
T025,12-13,2012-11-17,48,Closed
T026,12-13,2012-11-17,48,Closed
T027,12-13,2012-11-17,48,Closed
T028,12-13,2012-11-17,48,Closed
T029,12-13,2012-11-17,48,Closed
T030,12-13,2012-11-17,48,Closed
T031,12-13,2012-11-17,48,Closed
T032,12-13,2012-11-17,48,Closed
T033,12-13,2012-11-17,48,Closed
T034,12-13,2012-11-17,48,Groomed
T035,12-13,2012-11-17,48,Closed
T036,12-13,2012-11-17,48,Groomed
T037,12-13,2012-11-17,48,Closed
T038,12-13,2012-11-17,48,Closed
T039,12-13,2012-11-17,48,Closed
T040,12-13,2012-11-17,48,Closed
T042,12-13,2012-11-17,48,Closed
T043,12-13,2012-11-17,48,Closed
T044,12-13,2012-11-17,48,Closed
T045,12-13,2012-11-17,48,Closed
T046,12-13,2012-11-17,48,Closed
T047,12-13,2012-11-17,48,Closed
T048,12-13,2012-11-17,48,Closed
T049,12-13,2012-11-17,48,Closed
T051,12-13,2012-11-17,48,Closed
T052,12-13,2012-11-17,48,Closed
T053,12-13,2012-11-17,48,Closed
T054,12-13,2012-11-17,48,Closed
T061,12-13,2012-11-17,48,Closed
T063,12-13,2012-11-17,48,Closed
T064,12-13,2012-11-17,48,Closed
T065,12-13,2012-11-17,48,Closed
T066,12-13,2012-11-17,48,Closed
T067,12-13,2012-11-17,48,Closed
T068,12-13,2012-11-17,48,Closed
T069,12-13,2012-11-17,48,Closed
T070,12-13,2012-11-17,48,Closed
T071,12-13,2012-11-17,48,Closed
T072,12-13,2012-11-17,48,Closed
T073,12-13,2012-11-17,48,Closed
T074,12-13,2012-11-17,48,Closed
T075,12-13,2012-11-17,48,Closed
T076,12-13,2012-11-17,48,Closed
T077,12-13,2012-11-17,48,Closed
T078,12-13,2012-11-17,48,Closed
T079,12-13,2012-11-17,48,Closed
T080,12-13,2012-11-17,48,Closed
T081,12-13,2012-11-17,48,Closed
T083,12-13,2012-11-17,48,Closed
T084,12-13,2012-11-17,48,Closed
T085,12-13,2012-11-17,48,Closed
T086,12-13,2012-11-17,48,Closed
T087,12-13,2012-11-17,48,Closed
T088,12-13,2012-11-17,48,Closed
T089,12-13,2012-11-17,48,Closed
T090,12-13,2012-11-17,48,Closed
T091,12-13,2012-11-17,48,Closed
T092,12-13,2012-11-17,48,Closed
T127,12-13,2012-11-17,48,Closed
T134,12-13,2012-11-17,48,Closed
T135,12-13,2012-11-17,48,Closed
T136,12-13,2012-11-17,48,Closed
T137,12-13,2012-11-17,48,Closed
T148,12-13,2012-11-17,48,Closed
T151,12-13,2012-11-17,48,Closed
T152,12-13,2012-11-17,48,Closed
T155,12-13,2012-11-17,48,Closed
T156,12-13,2012-11-17,48,Closed
T157,12-13,2012-11-17,48,Closed
T002,12-13,2012-11-18,49,Closed
T003,12-13,2012-11-18,49,Closed
T004,12-13,2012-11-18,49,Closed
T005,12-13,2012-11-18,49,Groomed
T006,12-13,2012-11-18,49,Closed
T007,12-13,2012-11-18,49,Closed
T008,12-13,2012-11-18,49,Closed
T009,12-13,2012-11-18,49,Closed
T010,12-13,2012-11-18,49,Closed
T011,12-13,2012-11-18,49,Groomed
T012,12-13,2012-11-18,49,Groomed
T013,12-13,2012-11-18,49,Groomed
T015,12-13,2012-11-18,49,Closed
T016,12-13,2012-11-18,49,Closed
T017,12-13,2012-11-18,49,Closed
T018,12-13,2012-11-18,49,Closed
T019,12-13,2012-11-18,49,Closed
T020,12-13,2012-11-18,49,Closed
T021,12-13,2012-11-18,49,Closed
T022,12-13,2012-11-18,49,Closed
T023,12-13,2012-11-18,49,Closed
T024,12-13,2012-11-18,49,Closed
T025,12-13,2012-11-18,49,Closed
T026,12-13,2012-11-18,49,Closed
T027,12-13,2012-11-18,49,Closed
T028,12-13,2012-11-18,49,Closed
T029,12-13,2012-11-18,49,Closed
T030,12-13,2012-11-18,49,Closed
T031,12-13,2012-11-18,49,Closed
T032,12-13,2012-11-18,49,Closed
T033,12-13,2012-11-18,49,Closed
T034,12-13,2012-11-18,49,Groomed
T035,12-13,2012-11-18,49,Closed
T036,12-13,2012-11-18,49,Groomed
T037,12-13,2012-11-18,49,Closed
T038,12-13,2012-11-18,49,Closed
T039,12-13,2012-11-18,49,Closed
T040,12-13,2012-11-18,49,Closed
T042,12-13,2012-11-18,49,Closed
T043,12-13,2012-11-18,49,Closed
T044,12-13,2012-11-18,49,Closed
T045,12-13,2012-11-18,49,Closed
T046,12-13,2012-11-18,49,Closed
T047,12-13,2012-11-18,49,Closed
T048,12-13,2012-11-18,49,Closed
T049,12-13,2012-11-18,49,Closed
T051,12-13,2012-11-18,49,Closed
T052,12-13,2012-11-18,49,Closed
T053,12-13,2012-11-18,49,Closed
T054,12-13,2012-11-18,49,Closed
T061,12-13,2012-11-18,49,Closed
T063,12-13,2012-11-18,49,Closed
T064,12-13,2012-11-18,49,Closed
T065,12-13,2012-11-18,49,Closed
T066,12-13,2012-11-18,49,Closed
T067,12-13,2012-11-18,49,Closed
T068,12-13,2012-11-18,49,Closed
T069,12-13,2012-11-18,49,Closed
T070,12-13,2012-11-18,49,Closed
T071,12-13,2012-11-18,49,Closed
T072,12-13,2012-11-18,49,Closed
T073,12-13,2012-11-18,49,Closed
T074,12-13,2012-11-18,49,Closed
T075,12-13,2012-11-18,49,Closed
T076,12-13,2012-11-18,49,Closed
T077,12-13,2012-11-18,49,Closed
T078,12-13,2012-11-18,49,Closed
T079,12-13,2012-11-18,49,Closed
T080,12-13,2012-11-18,49,Closed
T081,12-13,2012-11-18,49,Closed
T083,12-13,2012-11-18,49,Closed
T084,12-13,2012-11-18,49,Closed
T085,12-13,2012-11-18,49,Closed
T086,12-13,2012-11-18,49,Closed
T087,12-13,2012-11-18,49,Closed
T088,12-13,2012-11-18,49,Closed
T089,12-13,2012-11-18,49,Closed
T090,12-13,2012-11-18,49,Closed
T091,12-13,2012-11-18,49,Closed
T092,12-13,2012-11-18,49,Closed
T127,12-13,2012-11-18,49,Closed
T134,12-13,2012-11-18,49,Closed
T135,12-13,2012-11-18,49,Closed
T136,12-13,2012-11-18,49,Closed
T137,12-13,2012-11-18,49,Closed
T148,12-13,2012-11-18,49,Closed
T151,12-13,2012-11-18,49,Closed
T152,12-13,2012-11-18,49,Closed
T155,12-13,2012-11-18,49,Closed
T156,12-13,2012-11-18,49,Closed
T157,12-13,2012-11-18,49,Closed
T002,12-13,2012-11-19,50,Closed
T003,12-13,2012-11-19,50,Closed
T004,12-13,2012-11-19,50,Closed
T005,12-13,2012-11-19,50,Groomed
T006,12-13,2012-11-19,50,Closed
T007,12-13,2012-11-19,50,Closed
T008,12-13,2012-11-19,50,Closed
T009,12-13,2012-11-19,50,Closed
T010,12-13,2012-11-19,50,Closed
T011,12-13,2012-11-19,50,Groomed
T012,12-13,2012-11-19,50,Groomed
T013,12-13,2012-11-19,50,Groomed
T015,12-13,2012-11-19,50,Closed
T016,12-13,2012-11-19,50,Closed
T017,12-13,2012-11-19,50,Closed
T018,12-13,2012-11-19,50,Closed
T019,12-13,2012-11-19,50,Closed
T020,12-13,2012-11-19,50,Closed
T021,12-13,2012-11-19,50,Closed
T022,12-13,2012-11-19,50,Closed
T023,12-13,2012-11-19,50,Closed
T024,12-13,2012-11-19,50,Closed
T025,12-13,2012-11-19,50,Closed
T026,12-13,2012-11-19,50,Closed
T027,12-13,2012-11-19,50,Closed
T028,12-13,2012-11-19,50,Closed
T029,12-13,2012-11-19,50,Closed
T030,12-13,2012-11-19,50,Closed
T031,12-13,2012-11-19,50,Closed
T032,12-13,2012-11-19,50,Closed
T033,12-13,2012-11-19,50,Closed
T034,12-13,2012-11-19,50,Groomed
T035,12-13,2012-11-19,50,Closed
T036,12-13,2012-11-19,50,Groomed
T037,12-13,2012-11-19,50,Closed
T038,12-13,2012-11-19,50,Closed
T039,12-13,2012-11-19,50,Closed
T040,12-13,2012-11-19,50,Closed
T042,12-13,2012-11-19,50,Closed
T043,12-13,2012-11-19,50,Closed
T044,12-13,2012-11-19,50,Closed
T045,12-13,2012-11-19,50,Closed
T046,12-13,2012-11-19,50,Closed
T047,12-13,2012-11-19,50,Closed
T048,12-13,2012-11-19,50,Closed
T049,12-13,2012-11-19,50,Closed
T051,12-13,2012-11-19,50,Closed
T052,12-13,2012-11-19,50,Closed
T053,12-13,2012-11-19,50,Closed
T054,12-13,2012-11-19,50,Closed
T061,12-13,2012-11-19,50,Closed
T063,12-13,2012-11-19,50,Closed
T064,12-13,2012-11-19,50,Closed
T065,12-13,2012-11-19,50,Closed
T066,12-13,2012-11-19,50,Closed
T067,12-13,2012-11-19,50,Closed
T068,12-13,2012-11-19,50,Closed
T069,12-13,2012-11-19,50,Closed
T070,12-13,2012-11-19,50,Closed
T071,12-13,2012-11-19,50,Closed
T072,12-13,2012-11-19,50,Closed
T073,12-13,2012-11-19,50,Closed
T074,12-13,2012-11-19,50,Closed
T075,12-13,2012-11-19,50,Closed
T076,12-13,2012-11-19,50,Closed
T077,12-13,2012-11-19,50,Closed
T078,12-13,2012-11-19,50,Closed
T079,12-13,2012-11-19,50,Closed
T080,12-13,2012-11-19,50,Closed
T081,12-13,2012-11-19,50,Closed
T083,12-13,2012-11-19,50,Closed
T084,12-13,2012-11-19,50,Closed
T085,12-13,2012-11-19,50,Closed
T086,12-13,2012-11-19,50,Closed
T087,12-13,2012-11-19,50,Closed
T088,12-13,2012-11-19,50,Closed
T089,12-13,2012-11-19,50,Closed
T090,12-13,2012-11-19,50,Closed
T091,12-13,2012-11-19,50,Closed
T092,12-13,2012-11-19,50,Closed
T127,12-13,2012-11-19,50,Closed
T134,12-13,2012-11-19,50,Closed
T135,12-13,2012-11-19,50,Closed
T136,12-13,2012-11-19,50,Closed
T137,12-13,2012-11-19,50,Closed
T148,12-13,2012-11-19,50,Closed
T151,12-13,2012-11-19,50,Closed
T152,12-13,2012-11-19,50,Closed
T155,12-13,2012-11-19,50,Closed
T156,12-13,2012-11-19,50,Closed
T157,12-13,2012-11-19,50,Closed
T002,12-13,2012-11-20,51,Closed
T003,12-13,2012-11-20,51,Closed
T004,12-13,2012-11-20,51,Closed
T005,12-13,2012-11-20,51,Groomed
T006,12-13,2012-11-20,51,Closed
T007,12-13,2012-11-20,51,Groomed
T008,12-13,2012-11-20,51,Closed
T009,12-13,2012-11-20,51,Closed
T010,12-13,2012-11-20,51,Closed
T011,12-13,2012-11-20,51,Groomed
T012,12-13,2012-11-20,51,Groomed
T013,12-13,2012-11-20,51,Groomed
T015,12-13,2012-11-20,51,Closed
T016,12-13,2012-11-20,51,Closed
T017,12-13,2012-11-20,51,Closed
T018,12-13,2012-11-20,51,Closed
T019,12-13,2012-11-20,51,Closed
T020,12-13,2012-11-20,51,Closed
T021,12-13,2012-11-20,51,Groomed
T022,12-13,2012-11-20,51,Closed
T023,12-13,2012-11-20,51,Closed
T024,12-13,2012-11-20,51,Closed
T025,12-13,2012-11-20,51,Closed
T026,12-13,2012-11-20,51,Closed
T027,12-13,2012-11-20,51,Closed
T028,12-13,2012-11-20,51,Closed
T029,12-13,2012-11-20,51,Closed
T030,12-13,2012-11-20,51,Closed
T031,12-13,2012-11-20,51,Closed
T032,12-13,2012-11-20,51,Closed
T033,12-13,2012-11-20,51,Closed
T034,12-13,2012-11-20,51,Groomed
T035,12-13,2012-11-20,51,Closed
T036,12-13,2012-11-20,51,Groomed
T037,12-13,2012-11-20,51,Closed
T038,12-13,2012-11-20,51,Closed
T039,12-13,2012-11-20,51,Closed
T040,12-13,2012-11-20,51,Closed
T042,12-13,2012-11-20,51,Closed
T043,12-13,2012-11-20,51,Closed
T044,12-13,2012-11-20,51,Closed
T045,12-13,2012-11-20,51,Closed
T046,12-13,2012-11-20,51,Closed
T047,12-13,2012-11-20,51,Closed
T048,12-13,2012-11-20,51,Closed
T049,12-13,2012-11-20,51,Closed
T051,12-13,2012-11-20,51,Groomed
T052,12-13,2012-11-20,51,Closed
T053,12-13,2012-11-20,51,Closed
T054,12-13,2012-11-20,51,Closed
T061,12-13,2012-11-20,51,Closed
T063,12-13,2012-11-20,51,Closed
T064,12-13,2012-11-20,51,Closed
T065,12-13,2012-11-20,51,Closed
T066,12-13,2012-11-20,51,Closed
T067,12-13,2012-11-20,51,Closed
T068,12-13,2012-11-20,51,Closed
T069,12-13,2012-11-20,51,Closed
T070,12-13,2012-11-20,51,Closed
T071,12-13,2012-11-20,51,Closed
T072,12-13,2012-11-20,51,Closed
T073,12-13,2012-11-20,51,Closed
T074,12-13,2012-11-20,51,Closed
T075,12-13,2012-11-20,51,Closed
T076,12-13,2012-11-20,51,Closed
T077,12-13,2012-11-20,51,Closed
T078,12-13,2012-11-20,51,Closed
T079,12-13,2012-11-20,51,Closed
T080,12-13,2012-11-20,51,Closed
T081,12-13,2012-11-20,51,Closed
T083,12-13,2012-11-20,51,Closed
T084,12-13,2012-11-20,51,Closed
T085,12-13,2012-11-20,51,Closed
T086,12-13,2012-11-20,51,Closed
T087,12-13,2012-11-20,51,Closed
T088,12-13,2012-11-20,51,Closed
T089,12-13,2012-11-20,51,Closed
T090,12-13,2012-11-20,51,Closed
T091,12-13,2012-11-20,51,Closed
T092,12-13,2012-11-20,51,Closed
T127,12-13,2012-11-20,51,Closed
T134,12-13,2012-11-20,51,Closed
T135,12-13,2012-11-20,51,Closed
T136,12-13,2012-11-20,51,Closed
T137,12-13,2012-11-20,51,Closed
T148,12-13,2012-11-20,51,Closed
T151,12-13,2012-11-20,51,Closed
T152,12-13,2012-11-20,51,Closed
T155,12-13,2012-11-20,51,Closed
T156,12-13,2012-11-20,51,Closed
T157,12-13,2012-11-20,51,Closed
T002,12-13,2012-11-21,52,Closed
T003,12-13,2012-11-21,52,Closed
T004,12-13,2012-11-21,52,Closed
T005,12-13,2012-11-21,52,Groomed
T006,12-13,2012-11-21,52,Closed
T007,12-13,2012-11-21,52,Groomed
T008,12-13,2012-11-21,52,Closed
T009,12-13,2012-11-21,52,Closed
T010,12-13,2012-11-21,52,Closed
T011,12-13,2012-11-21,52,Groomed
T012,12-13,2012-11-21,52,Groomed
T013,12-13,2012-11-21,52,Groomed
T015,12-13,2012-11-21,52,Closed
T016,12-13,2012-11-21,52,Closed
T017,12-13,2012-11-21,52,Closed
T018,12-13,2012-11-21,52,Closed
T019,12-13,2012-11-21,52,Closed
T020,12-13,2012-11-21,52,Closed
T021,12-13,2012-11-21,52,Groomed
T022,12-13,2012-11-21,52,Closed
T023,12-13,2012-11-21,52,Closed
T024,12-13,2012-11-21,52,Closed
T025,12-13,2012-11-21,52,Closed
T026,12-13,2012-11-21,52,Closed
T027,12-13,2012-11-21,52,Closed
T028,12-13,2012-11-21,52,Closed
T029,12-13,2012-11-21,52,Closed
T030,12-13,2012-11-21,52,Closed
T031,12-13,2012-11-21,52,Closed
T032,12-13,2012-11-21,52,Closed
T033,12-13,2012-11-21,52,Closed
T034,12-13,2012-11-21,52,Groomed
T035,12-13,2012-11-21,52,Closed
T036,12-13,2012-11-21,52,Groomed
T037,12-13,2012-11-21,52,Closed
T038,12-13,2012-11-21,52,Closed
T039,12-13,2012-11-21,52,Closed
T040,12-13,2012-11-21,52,Closed
T042,12-13,2012-11-21,52,Closed
T043,12-13,2012-11-21,52,Closed
T044,12-13,2012-11-21,52,Closed
T045,12-13,2012-11-21,52,Closed
T046,12-13,2012-11-21,52,Closed
T047,12-13,2012-11-21,52,Closed
T048,12-13,2012-11-21,52,Closed
T049,12-13,2012-11-21,52,Closed
T051,12-13,2012-11-21,52,Groomed
T052,12-13,2012-11-21,52,Closed
T053,12-13,2012-11-21,52,Closed
T054,12-13,2012-11-21,52,Closed
T061,12-13,2012-11-21,52,Closed
T063,12-13,2012-11-21,52,Closed
T064,12-13,2012-11-21,52,Closed
T065,12-13,2012-11-21,52,Closed
T066,12-13,2012-11-21,52,Closed
T067,12-13,2012-11-21,52,Closed
T068,12-13,2012-11-21,52,Closed
T069,12-13,2012-11-21,52,Closed
T070,12-13,2012-11-21,52,Closed
T071,12-13,2012-11-21,52,Closed
T072,12-13,2012-11-21,52,Closed
T073,12-13,2012-11-21,52,Closed
T074,12-13,2012-11-21,52,Closed
T075,12-13,2012-11-21,52,Closed
T076,12-13,2012-11-21,52,Closed
T077,12-13,2012-11-21,52,Closed
T078,12-13,2012-11-21,52,Closed
T079,12-13,2012-11-21,52,Closed
T080,12-13,2012-11-21,52,Closed
T081,12-13,2012-11-21,52,Closed
T083,12-13,2012-11-21,52,Closed
T084,12-13,2012-11-21,52,Closed
T085,12-13,2012-11-21,52,Closed
T086,12-13,2012-11-21,52,Closed
T087,12-13,2012-11-21,52,Closed
T088,12-13,2012-11-21,52,Closed
T089,12-13,2012-11-21,52,Closed
T090,12-13,2012-11-21,52,Closed
T091,12-13,2012-11-21,52,Closed
T092,12-13,2012-11-21,52,Closed
T127,12-13,2012-11-21,52,Closed
T134,12-13,2012-11-21,52,Closed
T135,12-13,2012-11-21,52,Closed
T136,12-13,2012-11-21,52,Closed
T137,12-13,2012-11-21,52,Closed
T148,12-13,2012-11-21,52,Closed
T151,12-13,2012-11-21,52,Closed
T152,12-13,2012-11-21,52,Closed
T155,12-13,2012-11-21,52,Closed
T156,12-13,2012-11-21,52,Closed
T157,12-13,2012-11-21,52,Closed
T002,12-13,2012-11-22,53,Closed
T003,12-13,2012-11-22,53,Closed
T004,12-13,2012-11-22,53,Closed
T005,12-13,2012-11-22,53,Groomed
T006,12-13,2012-11-22,53,Closed
T007,12-13,2012-11-22,53,Groomed
T008,12-13,2012-11-22,53,Closed
T009,12-13,2012-11-22,53,Closed
T010,12-13,2012-11-22,53,Closed
T011,12-13,2012-11-22,53,Groomed
T012,12-13,2012-11-22,53,Groomed
T013,12-13,2012-11-22,53,Groomed
T015,12-13,2012-11-22,53,Closed
T016,12-13,2012-11-22,53,Closed
T017,12-13,2012-11-22,53,Closed
T018,12-13,2012-11-22,53,Closed
T019,12-13,2012-11-22,53,Closed
T020,12-13,2012-11-22,53,Closed
T021,12-13,2012-11-22,53,Groomed
T022,12-13,2012-11-22,53,Closed
T023,12-13,2012-11-22,53,Closed
T024,12-13,2012-11-22,53,Closed
T025,12-13,2012-11-22,53,Closed
T026,12-13,2012-11-22,53,Closed
T027,12-13,2012-11-22,53,Closed
T028,12-13,2012-11-22,53,Closed
T029,12-13,2012-11-22,53,Closed
T030,12-13,2012-11-22,53,Closed
T031,12-13,2012-11-22,53,Closed
T032,12-13,2012-11-22,53,Closed
T033,12-13,2012-11-22,53,Closed
T034,12-13,2012-11-22,53,Groomed
T035,12-13,2012-11-22,53,Closed
T036,12-13,2012-11-22,53,Groomed
T037,12-13,2012-11-22,53,Closed
T038,12-13,2012-11-22,53,Closed
T039,12-13,2012-11-22,53,Closed
T040,12-13,2012-11-22,53,Closed
T042,12-13,2012-11-22,53,Closed
T043,12-13,2012-11-22,53,Closed
T044,12-13,2012-11-22,53,Closed
T045,12-13,2012-11-22,53,Closed
T046,12-13,2012-11-22,53,Closed
T047,12-13,2012-11-22,53,Closed
T048,12-13,2012-11-22,53,Closed
T049,12-13,2012-11-22,53,Closed
T051,12-13,2012-11-22,53,Groomed
T052,12-13,2012-11-22,53,Closed
T053,12-13,2012-11-22,53,Closed
T054,12-13,2012-11-22,53,Closed
T061,12-13,2012-11-22,53,Closed
T063,12-13,2012-11-22,53,Closed
T064,12-13,2012-11-22,53,Closed
T065,12-13,2012-11-22,53,Closed
T066,12-13,2012-11-22,53,Closed
T067,12-13,2012-11-22,53,Closed
T068,12-13,2012-11-22,53,Closed
T069,12-13,2012-11-22,53,Closed
T070,12-13,2012-11-22,53,Closed
T071,12-13,2012-11-22,53,Closed
T072,12-13,2012-11-22,53,Closed
T073,12-13,2012-11-22,53,Closed
T074,12-13,2012-11-22,53,Closed
T075,12-13,2012-11-22,53,Closed
T076,12-13,2012-11-22,53,Closed
T077,12-13,2012-11-22,53,Closed
T078,12-13,2012-11-22,53,Closed
T079,12-13,2012-11-22,53,Closed
T080,12-13,2012-11-22,53,Closed
T081,12-13,2012-11-22,53,Closed
T083,12-13,2012-11-22,53,Closed
T084,12-13,2012-11-22,53,Closed
T085,12-13,2012-11-22,53,Closed
T086,12-13,2012-11-22,53,Closed
T087,12-13,2012-11-22,53,Closed
T088,12-13,2012-11-22,53,Closed
T089,12-13,2012-11-22,53,Closed
T090,12-13,2012-11-22,53,Closed
T091,12-13,2012-11-22,53,Closed
T092,12-13,2012-11-22,53,Closed
T127,12-13,2012-11-22,53,Closed
T134,12-13,2012-11-22,53,Closed
T135,12-13,2012-11-22,53,Closed
T136,12-13,2012-11-22,53,Closed
T137,12-13,2012-11-22,53,Closed
T148,12-13,2012-11-22,53,Closed
T151,12-13,2012-11-22,53,Closed
T152,12-13,2012-11-22,53,Closed
T155,12-13,2012-11-22,53,Closed
T156,12-13,2012-11-22,53,Closed
T157,12-13,2012-11-22,53,Closed
T002,12-13,2012-11-23,54,Closed
T003,12-13,2012-11-23,54,Closed
T004,12-13,2012-11-23,54,Closed
T005,12-13,2012-11-23,54,Groomed
T006,12-13,2012-11-23,54,Closed
T007,12-13,2012-11-23,54,Groomed
T008,12-13,2012-11-23,54,Closed
T009,12-13,2012-11-23,54,Closed
T010,12-13,2012-11-23,54,Closed
T011,12-13,2012-11-23,54,Groomed
T012,12-13,2012-11-23,54,Groomed
T013,12-13,2012-11-23,54,Groomed
T015,12-13,2012-11-23,54,Closed
T016,12-13,2012-11-23,54,Closed
T017,12-13,2012-11-23,54,Closed
T018,12-13,2012-11-23,54,Closed
T019,12-13,2012-11-23,54,Closed
T020,12-13,2012-11-23,54,Closed
T021,12-13,2012-11-23,54,Groomed
T022,12-13,2012-11-23,54,Closed
T023,12-13,2012-11-23,54,Closed
T024,12-13,2012-11-23,54,Closed
T025,12-13,2012-11-23,54,Closed
T026,12-13,2012-11-23,54,Closed
T027,12-13,2012-11-23,54,Closed
T028,12-13,2012-11-23,54,Closed
T029,12-13,2012-11-23,54,Closed
T030,12-13,2012-11-23,54,Closed
T031,12-13,2012-11-23,54,Closed
T032,12-13,2012-11-23,54,Closed
T033,12-13,2012-11-23,54,Closed
T034,12-13,2012-11-23,54,Groomed
T035,12-13,2012-11-23,54,Closed
T036,12-13,2012-11-23,54,Groomed
T037,12-13,2012-11-23,54,Closed
T038,12-13,2012-11-23,54,Closed
T039,12-13,2012-11-23,54,Closed
T040,12-13,2012-11-23,54,Closed
T042,12-13,2012-11-23,54,Closed
T043,12-13,2012-11-23,54,Closed
T044,12-13,2012-11-23,54,Closed
T045,12-13,2012-11-23,54,Closed
T046,12-13,2012-11-23,54,Closed
T047,12-13,2012-11-23,54,Closed
T048,12-13,2012-11-23,54,Closed
T049,12-13,2012-11-23,54,Closed
T051,12-13,2012-11-23,54,Groomed
T052,12-13,2012-11-23,54,Closed
T053,12-13,2012-11-23,54,Closed
T054,12-13,2012-11-23,54,Closed
T061,12-13,2012-11-23,54,Closed
T063,12-13,2012-11-23,54,Closed
T064,12-13,2012-11-23,54,Closed
T065,12-13,2012-11-23,54,Closed
T066,12-13,2012-11-23,54,Closed
T067,12-13,2012-11-23,54,Closed
T068,12-13,2012-11-23,54,Closed
T069,12-13,2012-11-23,54,Closed
T070,12-13,2012-11-23,54,Closed
T071,12-13,2012-11-23,54,Closed
T072,12-13,2012-11-23,54,Closed
T073,12-13,2012-11-23,54,Closed
T074,12-13,2012-11-23,54,Closed
T075,12-13,2012-11-23,54,Closed
T076,12-13,2012-11-23,54,Closed
T077,12-13,2012-11-23,54,Closed
T078,12-13,2012-11-23,54,Closed
T079,12-13,2012-11-23,54,Closed
T080,12-13,2012-11-23,54,Closed
T081,12-13,2012-11-23,54,Closed
T083,12-13,2012-11-23,54,Closed
T084,12-13,2012-11-23,54,Closed
T085,12-13,2012-11-23,54,Closed
T086,12-13,2012-11-23,54,Closed
T087,12-13,2012-11-23,54,Closed
T088,12-13,2012-11-23,54,Closed
T089,12-13,2012-11-23,54,Closed
T090,12-13,2012-11-23,54,Closed
T091,12-13,2012-11-23,54,Closed
T092,12-13,2012-11-23,54,Closed
T127,12-13,2012-11-23,54,Closed
T134,12-13,2012-11-23,54,Closed
T135,12-13,2012-11-23,54,Closed
T136,12-13,2012-11-23,54,Closed
T137,12-13,2012-11-23,54,Closed
T148,12-13,2012-11-23,54,Closed
T151,12-13,2012-11-23,54,Closed
T152,12-13,2012-11-23,54,Closed
T155,12-13,2012-11-23,54,Closed
T156,12-13,2012-11-23,54,Closed
T157,12-13,2012-11-23,54,Closed
T002,12-13,2012-11-24,55,Closed
T003,12-13,2012-11-24,55,Closed
T004,12-13,2012-11-24,55,Closed
T005,12-13,2012-11-24,55,Groomed
T006,12-13,2012-11-24,55,Closed
T007,12-13,2012-11-24,55,Groomed
T008,12-13,2012-11-24,55,Closed
T009,12-13,2012-11-24,55,Closed
T010,12-13,2012-11-24,55,Closed
T011,12-13,2012-11-24,55,Groomed
T012,12-13,2012-11-24,55,Groomed
T013,12-13,2012-11-24,55,Groomed
T015,12-13,2012-11-24,55,Closed
T016,12-13,2012-11-24,55,Closed
T017,12-13,2012-11-24,55,Closed
T018,12-13,2012-11-24,55,Closed
T019,12-13,2012-11-24,55,Closed
T020,12-13,2012-11-24,55,Closed
T021,12-13,2012-11-24,55,Groomed
T022,12-13,2012-11-24,55,Closed
T023,12-13,2012-11-24,55,Closed
T024,12-13,2012-11-24,55,Closed
T025,12-13,2012-11-24,55,Closed
T026,12-13,2012-11-24,55,Closed
T027,12-13,2012-11-24,55,Closed
T028,12-13,2012-11-24,55,Closed
T029,12-13,2012-11-24,55,Closed
T030,12-13,2012-11-24,55,Closed
T031,12-13,2012-11-24,55,Closed
T032,12-13,2012-11-24,55,Closed
T033,12-13,2012-11-24,55,Closed
T034,12-13,2012-11-24,55,Groomed
T035,12-13,2012-11-24,55,Closed
T036,12-13,2012-11-24,55,Groomed
T037,12-13,2012-11-24,55,Closed
T038,12-13,2012-11-24,55,Closed
T039,12-13,2012-11-24,55,Closed
T040,12-13,2012-11-24,55,Closed
T042,12-13,2012-11-24,55,Closed
T043,12-13,2012-11-24,55,Closed
T044,12-13,2012-11-24,55,Closed
T045,12-13,2012-11-24,55,Closed
T046,12-13,2012-11-24,55,Closed
T047,12-13,2012-11-24,55,Closed
T048,12-13,2012-11-24,55,Closed
T049,12-13,2012-11-24,55,Closed
T051,12-13,2012-11-24,55,Groomed
T052,12-13,2012-11-24,55,Closed
T053,12-13,2012-11-24,55,Closed
T054,12-13,2012-11-24,55,Closed
T061,12-13,2012-11-24,55,Closed
T063,12-13,2012-11-24,55,Closed
T064,12-13,2012-11-24,55,Closed
T065,12-13,2012-11-24,55,Closed
T066,12-13,2012-11-24,55,Closed
T067,12-13,2012-11-24,55,Closed
T068,12-13,2012-11-24,55,Closed
T069,12-13,2012-11-24,55,Closed
T070,12-13,2012-11-24,55,Closed
T071,12-13,2012-11-24,55,Closed
T072,12-13,2012-11-24,55,Closed
T073,12-13,2012-11-24,55,Closed
T074,12-13,2012-11-24,55,Closed
T075,12-13,2012-11-24,55,Closed
T076,12-13,2012-11-24,55,Closed
T077,12-13,2012-11-24,55,Closed
T078,12-13,2012-11-24,55,Closed
T079,12-13,2012-11-24,55,Closed
T080,12-13,2012-11-24,55,Closed
T081,12-13,2012-11-24,55,Closed
T083,12-13,2012-11-24,55,Closed
T084,12-13,2012-11-24,55,Closed
T085,12-13,2012-11-24,55,Closed
T086,12-13,2012-11-24,55,Closed
T087,12-13,2012-11-24,55,Closed
T088,12-13,2012-11-24,55,Closed
T089,12-13,2012-11-24,55,Closed
T090,12-13,2012-11-24,55,Closed
T091,12-13,2012-11-24,55,Closed
T092,12-13,2012-11-24,55,Closed
T127,12-13,2012-11-24,55,Closed
T134,12-13,2012-11-24,55,Closed
T135,12-13,2012-11-24,55,Closed
T136,12-13,2012-11-24,55,Closed
T137,12-13,2012-11-24,55,Closed
T148,12-13,2012-11-24,55,Closed
T151,12-13,2012-11-24,55,Closed
T152,12-13,2012-11-24,55,Closed
T155,12-13,2012-11-24,55,Closed
T156,12-13,2012-11-24,55,Closed
T157,12-13,2012-11-24,55,Closed
T002,12-13,2012-11-25,56,Closed
T003,12-13,2012-11-25,56,Closed
T004,12-13,2012-11-25,56,Closed
T005,12-13,2012-11-25,56,Groomed
T006,12-13,2012-11-25,56,Closed
T007,12-13,2012-11-25,56,Groomed
T008,12-13,2012-11-25,56,Closed
T009,12-13,2012-11-25,56,Closed
T010,12-13,2012-11-25,56,Closed
T011,12-13,2012-11-25,56,Groomed
T012,12-13,2012-11-25,56,Groomed
T013,12-13,2012-11-25,56,Groomed
T015,12-13,2012-11-25,56,Closed
T016,12-13,2012-11-25,56,Closed
T017,12-13,2012-11-25,56,Closed
T018,12-13,2012-11-25,56,Closed
T019,12-13,2012-11-25,56,Closed
T020,12-13,2012-11-25,56,Closed
T021,12-13,2012-11-25,56,Groomed
T022,12-13,2012-11-25,56,Closed
T023,12-13,2012-11-25,56,Closed
T024,12-13,2012-11-25,56,Closed
T025,12-13,2012-11-25,56,Closed
T026,12-13,2012-11-25,56,Closed
T027,12-13,2012-11-25,56,Closed
T028,12-13,2012-11-25,56,Closed
T029,12-13,2012-11-25,56,Closed
T030,12-13,2012-11-25,56,Closed
T031,12-13,2012-11-25,56,Closed
T032,12-13,2012-11-25,56,Closed
T033,12-13,2012-11-25,56,Closed
T034,12-13,2012-11-25,56,Groomed
T035,12-13,2012-11-25,56,Closed
T036,12-13,2012-11-25,56,Groomed
T037,12-13,2012-11-25,56,Closed
T038,12-13,2012-11-25,56,Closed
T039,12-13,2012-11-25,56,Closed
T040,12-13,2012-11-25,56,Closed
T042,12-13,2012-11-25,56,Closed
T043,12-13,2012-11-25,56,Closed
T044,12-13,2012-11-25,56,Closed
T045,12-13,2012-11-25,56,Closed
T046,12-13,2012-11-25,56,Closed
T047,12-13,2012-11-25,56,Closed
T048,12-13,2012-11-25,56,Closed
T049,12-13,2012-11-25,56,Closed
T051,12-13,2012-11-25,56,Groomed
T052,12-13,2012-11-25,56,Closed
T053,12-13,2012-11-25,56,Closed
T054,12-13,2012-11-25,56,Closed
T061,12-13,2012-11-25,56,Closed
T063,12-13,2012-11-25,56,Closed
T064,12-13,2012-11-25,56,Closed
T065,12-13,2012-11-25,56,Closed
T066,12-13,2012-11-25,56,Closed
T067,12-13,2012-11-25,56,Closed
T068,12-13,2012-11-25,56,Closed
T069,12-13,2012-11-25,56,Closed
T070,12-13,2012-11-25,56,Closed
T071,12-13,2012-11-25,56,Closed
T072,12-13,2012-11-25,56,Closed
T073,12-13,2012-11-25,56,Closed
T074,12-13,2012-11-25,56,Closed
T075,12-13,2012-11-25,56,Closed
T076,12-13,2012-11-25,56,Closed
T077,12-13,2012-11-25,56,Closed
T078,12-13,2012-11-25,56,Closed
T079,12-13,2012-11-25,56,Closed
T080,12-13,2012-11-25,56,Closed
T081,12-13,2012-11-25,56,Closed
T083,12-13,2012-11-25,56,Closed
T084,12-13,2012-11-25,56,Closed
T085,12-13,2012-11-25,56,Closed
T086,12-13,2012-11-25,56,Closed
T087,12-13,2012-11-25,56,Closed
T088,12-13,2012-11-25,56,Closed
T089,12-13,2012-11-25,56,Closed
T090,12-13,2012-11-25,56,Closed
T091,12-13,2012-11-25,56,Closed
T092,12-13,2012-11-25,56,Closed
T127,12-13,2012-11-25,56,Closed
T134,12-13,2012-11-25,56,Closed
T135,12-13,2012-11-25,56,Closed
T136,12-13,2012-11-25,56,Closed
T137,12-13,2012-11-25,56,Closed
T148,12-13,2012-11-25,56,Closed
T151,12-13,2012-11-25,56,Closed
T152,12-13,2012-11-25,56,Closed
T155,12-13,2012-11-25,56,Closed
T156,12-13,2012-11-25,56,Closed
T157,12-13,2012-11-25,56,Closed
T002,12-13,2012-11-26,57,Closed
T003,12-13,2012-11-26,57,Closed
T004,12-13,2012-11-26,57,Closed
T005,12-13,2012-11-26,57,Groomed
T006,12-13,2012-11-26,57,Closed
T007,12-13,2012-11-26,57,Groomed
T008,12-13,2012-11-26,57,Closed
T009,12-13,2012-11-26,57,Closed
T010,12-13,2012-11-26,57,Closed
T011,12-13,2012-11-26,57,Groomed
T012,12-13,2012-11-26,57,Groomed
T013,12-13,2012-11-26,57,Groomed
T015,12-13,2012-11-26,57,Closed
T016,12-13,2012-11-26,57,Closed
T017,12-13,2012-11-26,57,Closed
T018,12-13,2012-11-26,57,Closed
T019,12-13,2012-11-26,57,Closed
T020,12-13,2012-11-26,57,Closed
T021,12-13,2012-11-26,57,Groomed
T022,12-13,2012-11-26,57,Closed
T023,12-13,2012-11-26,57,Closed
T024,12-13,2012-11-26,57,Closed
T025,12-13,2012-11-26,57,Closed
T026,12-13,2012-11-26,57,Closed
T027,12-13,2012-11-26,57,Closed
T028,12-13,2012-11-26,57,Closed
T029,12-13,2012-11-26,57,Closed
T030,12-13,2012-11-26,57,Closed
T031,12-13,2012-11-26,57,Closed
T032,12-13,2012-11-26,57,Closed
T033,12-13,2012-11-26,57,Closed
T034,12-13,2012-11-26,57,Groomed
T035,12-13,2012-11-26,57,Closed
T036,12-13,2012-11-26,57,Groomed
T037,12-13,2012-11-26,57,Closed
T038,12-13,2012-11-26,57,Closed
T039,12-13,2012-11-26,57,Closed
T040,12-13,2012-11-26,57,Closed
T042,12-13,2012-11-26,57,Closed
T043,12-13,2012-11-26,57,Closed
T044,12-13,2012-11-26,57,Closed
T045,12-13,2012-11-26,57,Closed
T046,12-13,2012-11-26,57,Closed
T047,12-13,2012-11-26,57,Closed
T048,12-13,2012-11-26,57,Closed
T049,12-13,2012-11-26,57,Closed
T051,12-13,2012-11-26,57,Groomed
T052,12-13,2012-11-26,57,Closed
T053,12-13,2012-11-26,57,Closed
T054,12-13,2012-11-26,57,Closed
T061,12-13,2012-11-26,57,Closed
T063,12-13,2012-11-26,57,Closed
T064,12-13,2012-11-26,57,Closed
T065,12-13,2012-11-26,57,Closed
T066,12-13,2012-11-26,57,Closed
T067,12-13,2012-11-26,57,Closed
T068,12-13,2012-11-26,57,Closed
T069,12-13,2012-11-26,57,Closed
T070,12-13,2012-11-26,57,Closed
T071,12-13,2012-11-26,57,Closed
T072,12-13,2012-11-26,57,Closed
T073,12-13,2012-11-26,57,Closed
T074,12-13,2012-11-26,57,Closed
T075,12-13,2012-11-26,57,Closed
T076,12-13,2012-11-26,57,Closed
T077,12-13,2012-11-26,57,Closed
T078,12-13,2012-11-26,57,Closed
T079,12-13,2012-11-26,57,Closed
T080,12-13,2012-11-26,57,Closed
T081,12-13,2012-11-26,57,Closed
T083,12-13,2012-11-26,57,Closed
T084,12-13,2012-11-26,57,Closed
T085,12-13,2012-11-26,57,Closed
T086,12-13,2012-11-26,57,Closed
T087,12-13,2012-11-26,57,Closed
T088,12-13,2012-11-26,57,Closed
T089,12-13,2012-11-26,57,Closed
T090,12-13,2012-11-26,57,Closed
T091,12-13,2012-11-26,57,Closed
T092,12-13,2012-11-26,57,Closed
T127,12-13,2012-11-26,57,Closed
T134,12-13,2012-11-26,57,Closed
T135,12-13,2012-11-26,57,Closed
T136,12-13,2012-11-26,57,Closed
T137,12-13,2012-11-26,57,Closed
T148,12-13,2012-11-26,57,Closed
T151,12-13,2012-11-26,57,Closed
T152,12-13,2012-11-26,57,Closed
T155,12-13,2012-11-26,57,Closed
T156,12-13,2012-11-26,57,Closed
T157,12-13,2012-11-26,57,Closed
T002,12-13,2012-11-27,58,Closed
T003,12-13,2012-11-27,58,Closed
T004,12-13,2012-11-27,58,Closed
T005,12-13,2012-11-27,58,Groomed
T006,12-13,2012-11-27,58,Closed
T007,12-13,2012-11-27,58,Groomed
T008,12-13,2012-11-27,58,Closed
T009,12-13,2012-11-27,58,Closed
T010,12-13,2012-11-27,58,Closed
T011,12-13,2012-11-27,58,Groomed
T012,12-13,2012-11-27,58,Groomed
T013,12-13,2012-11-27,58,Groomed
T015,12-13,2012-11-27,58,Closed
T016,12-13,2012-11-27,58,Closed
T017,12-13,2012-11-27,58,Closed
T018,12-13,2012-11-27,58,Closed
T019,12-13,2012-11-27,58,Closed
T020,12-13,2012-11-27,58,Closed
T021,12-13,2012-11-27,58,Groomed
T022,12-13,2012-11-27,58,Closed
T023,12-13,2012-11-27,58,Closed
T024,12-13,2012-11-27,58,Closed
T025,12-13,2012-11-27,58,Closed
T026,12-13,2012-11-27,58,Closed
T027,12-13,2012-11-27,58,Closed
T028,12-13,2012-11-27,58,Closed
T029,12-13,2012-11-27,58,Closed
T030,12-13,2012-11-27,58,Closed
T031,12-13,2012-11-27,58,Closed
T032,12-13,2012-11-27,58,Closed
T033,12-13,2012-11-27,58,Closed
T034,12-13,2012-11-27,58,Groomed
T035,12-13,2012-11-27,58,Closed
T036,12-13,2012-11-27,58,Groomed
T037,12-13,2012-11-27,58,Closed
T038,12-13,2012-11-27,58,Closed
T039,12-13,2012-11-27,58,Closed
T040,12-13,2012-11-27,58,Closed
T042,12-13,2012-11-27,58,Closed
T043,12-13,2012-11-27,58,Closed
T044,12-13,2012-11-27,58,Closed
T045,12-13,2012-11-27,58,Closed
T046,12-13,2012-11-27,58,Closed
T047,12-13,2012-11-27,58,Closed
T048,12-13,2012-11-27,58,Closed
T049,12-13,2012-11-27,58,Closed
T051,12-13,2012-11-27,58,Groomed
T052,12-13,2012-11-27,58,Closed
T053,12-13,2012-11-27,58,Closed
T054,12-13,2012-11-27,58,Groomed
T061,12-13,2012-11-27,58,Closed
T063,12-13,2012-11-27,58,Closed
T064,12-13,2012-11-27,58,Closed
T065,12-13,2012-11-27,58,Closed
T066,12-13,2012-11-27,58,Closed
T067,12-13,2012-11-27,58,Closed
T068,12-13,2012-11-27,58,Closed
T069,12-13,2012-11-27,58,Closed
T070,12-13,2012-11-27,58,Closed
T071,12-13,2012-11-27,58,Closed
T072,12-13,2012-11-27,58,Closed
T073,12-13,2012-11-27,58,Closed
T074,12-13,2012-11-27,58,Closed
T075,12-13,2012-11-27,58,Closed
T076,12-13,2012-11-27,58,Closed
T077,12-13,2012-11-27,58,Closed
T078,12-13,2012-11-27,58,Closed
T079,12-13,2012-11-27,58,Closed
T080,12-13,2012-11-27,58,Closed
T081,12-13,2012-11-27,58,Closed
T083,12-13,2012-11-27,58,Closed
T084,12-13,2012-11-27,58,Closed
T085,12-13,2012-11-27,58,Closed
T086,12-13,2012-11-27,58,Closed
T087,12-13,2012-11-27,58,Closed
T088,12-13,2012-11-27,58,Closed
T089,12-13,2012-11-27,58,Closed
T090,12-13,2012-11-27,58,Closed
T091,12-13,2012-11-27,58,Closed
T092,12-13,2012-11-27,58,Closed
T127,12-13,2012-11-27,58,Closed
T134,12-13,2012-11-27,58,Closed
T135,12-13,2012-11-27,58,Closed
T136,12-13,2012-11-27,58,Closed
T137,12-13,2012-11-27,58,Closed
T148,12-13,2012-11-27,58,Closed
T151,12-13,2012-11-27,58,Closed
T152,12-13,2012-11-27,58,Closed
T155,12-13,2012-11-27,58,Closed
T156,12-13,2012-11-27,58,Closed
T157,12-13,2012-11-27,58,Closed
T002,12-13,2012-11-28,59,Closed
T003,12-13,2012-11-28,59,Closed
T004,12-13,2012-11-28,59,Closed
T005,12-13,2012-11-28,59,Groomed
T006,12-13,2012-11-28,59,Closed
T007,12-13,2012-11-28,59,Groomed
T008,12-13,2012-11-28,59,Closed
T009,12-13,2012-11-28,59,Closed
T010,12-13,2012-11-28,59,Closed
T011,12-13,2012-11-28,59,Groomed
T012,12-13,2012-11-28,59,Groomed
T013,12-13,2012-11-28,59,Groomed
T015,12-13,2012-11-28,59,Closed
T016,12-13,2012-11-28,59,Closed
T017,12-13,2012-11-28,59,Closed
T018,12-13,2012-11-28,59,Closed
T019,12-13,2012-11-28,59,Closed
T020,12-13,2012-11-28,59,Closed
T021,12-13,2012-11-28,59,Groomed
T022,12-13,2012-11-28,59,Groomed
T023,12-13,2012-11-28,59,Closed
T024,12-13,2012-11-28,59,Closed
T025,12-13,2012-11-28,59,Closed
T026,12-13,2012-11-28,59,Closed
T027,12-13,2012-11-28,59,Groomed
T028,12-13,2012-11-28,59,Closed
T029,12-13,2012-11-28,59,Closed
T030,12-13,2012-11-28,59,Closed
T031,12-13,2012-11-28,59,Closed
T032,12-13,2012-11-28,59,Closed
T033,12-13,2012-11-28,59,Closed
T034,12-13,2012-11-28,59,Groomed
T035,12-13,2012-11-28,59,Closed
T036,12-13,2012-11-28,59,Groomed
T037,12-13,2012-11-28,59,Closed
T038,12-13,2012-11-28,59,Closed
T039,12-13,2012-11-28,59,Closed
T040,12-13,2012-11-28,59,Closed
T042,12-13,2012-11-28,59,Closed
T043,12-13,2012-11-28,59,Closed
T044,12-13,2012-11-28,59,Closed
T045,12-13,2012-11-28,59,Closed
T046,12-13,2012-11-28,59,Closed
T047,12-13,2012-11-28,59,Closed
T048,12-13,2012-11-28,59,Closed
T049,12-13,2012-11-28,59,Closed
T051,12-13,2012-11-28,59,Groomed
T052,12-13,2012-11-28,59,Closed
T053,12-13,2012-11-28,59,Closed
T054,12-13,2012-11-28,59,Groomed
T061,12-13,2012-11-28,59,Closed
T063,12-13,2012-11-28,59,Closed
T064,12-13,2012-11-28,59,Closed
T065,12-13,2012-11-28,59,Closed
T066,12-13,2012-11-28,59,Closed
T067,12-13,2012-11-28,59,Closed
T068,12-13,2012-11-28,59,Closed
T069,12-13,2012-11-28,59,Closed
T070,12-13,2012-11-28,59,Closed
T071,12-13,2012-11-28,59,Closed
T072,12-13,2012-11-28,59,Closed
T073,12-13,2012-11-28,59,Closed
T074,12-13,2012-11-28,59,Closed
T075,12-13,2012-11-28,59,Closed
T076,12-13,2012-11-28,59,Closed
T077,12-13,2012-11-28,59,Closed
T078,12-13,2012-11-28,59,Closed
T079,12-13,2012-11-28,59,Closed
T080,12-13,2012-11-28,59,Closed
T081,12-13,2012-11-28,59,Closed
T083,12-13,2012-11-28,59,Closed
T084,12-13,2012-11-28,59,Closed
T085,12-13,2012-11-28,59,Closed
T086,12-13,2012-11-28,59,Closed
T087,12-13,2012-11-28,59,Closed
T088,12-13,2012-11-28,59,Closed
T089,12-13,2012-11-28,59,Closed
T090,12-13,2012-11-28,59,Closed
T091,12-13,2012-11-28,59,Closed
T092,12-13,2012-11-28,59,Closed
T127,12-13,2012-11-28,59,Closed
T134,12-13,2012-11-28,59,Closed
T135,12-13,2012-11-28,59,Closed
T136,12-13,2012-11-28,59,Closed
T137,12-13,2012-11-28,59,Closed
T148,12-13,2012-11-28,59,Closed
T151,12-13,2012-11-28,59,Groomed
T152,12-13,2012-11-28,59,Groomed
T155,12-13,2012-11-28,59,Closed
T156,12-13,2012-11-28,59,Closed
T157,12-13,2012-11-28,59,Closed
T002,12-13,2012-11-29,60,Closed
T003,12-13,2012-11-29,60,Closed
T004,12-13,2012-11-29,60,Closed
T005,12-13,2012-11-29,60,Groomed
T006,12-13,2012-11-29,60,Closed
T007,12-13,2012-11-29,60,Groomed
T008,12-13,2012-11-29,60,Closed
T009,12-13,2012-11-29,60,Closed
T010,12-13,2012-11-29,60,Closed
T011,12-13,2012-11-29,60,Groomed
T012,12-13,2012-11-29,60,Groomed
T013,12-13,2012-11-29,60,Groomed
T015,12-13,2012-11-29,60,Closed
T016,12-13,2012-11-29,60,Closed
T017,12-13,2012-11-29,60,Closed
T018,12-13,2012-11-29,60,Closed
T019,12-13,2012-11-29,60,Closed
T020,12-13,2012-11-29,60,Closed
T021,12-13,2012-11-29,60,Groomed
T022,12-13,2012-11-29,60,Groomed
T023,12-13,2012-11-29,60,Closed
T024,12-13,2012-11-29,60,Closed
T025,12-13,2012-11-29,60,Closed
T026,12-13,2012-11-29,60,Closed
T027,12-13,2012-11-29,60,Groomed
T028,12-13,2012-11-29,60,Closed
T029,12-13,2012-11-29,60,Closed
T030,12-13,2012-11-29,60,Closed
T031,12-13,2012-11-29,60,Closed
T032,12-13,2012-11-29,60,Closed
T033,12-13,2012-11-29,60,Closed
T034,12-13,2012-11-29,60,Groomed
T035,12-13,2012-11-29,60,Closed
T036,12-13,2012-11-29,60,Groomed
T037,12-13,2012-11-29,60,Closed
T038,12-13,2012-11-29,60,Closed
T039,12-13,2012-11-29,60,Closed
T040,12-13,2012-11-29,60,Closed
T042,12-13,2012-11-29,60,Closed
T043,12-13,2012-11-29,60,Closed
T044,12-13,2012-11-29,60,Closed
T045,12-13,2012-11-29,60,Closed
T046,12-13,2012-11-29,60,Closed
T047,12-13,2012-11-29,60,Closed
T048,12-13,2012-11-29,60,Closed
T049,12-13,2012-11-29,60,Closed
T051,12-13,2012-11-29,60,Groomed
T052,12-13,2012-11-29,60,Closed
T053,12-13,2012-11-29,60,Closed
T054,12-13,2012-11-29,60,Groomed
T061,12-13,2012-11-29,60,Closed
T063,12-13,2012-11-29,60,Closed
T064,12-13,2012-11-29,60,Closed
T065,12-13,2012-11-29,60,Closed
T066,12-13,2012-11-29,60,Closed
T067,12-13,2012-11-29,60,Closed
T068,12-13,2012-11-29,60,Closed
T069,12-13,2012-11-29,60,Closed
T070,12-13,2012-11-29,60,Closed
T071,12-13,2012-11-29,60,Closed
T072,12-13,2012-11-29,60,Closed
T073,12-13,2012-11-29,60,Closed
T074,12-13,2012-11-29,60,Closed
T075,12-13,2012-11-29,60,Closed
T076,12-13,2012-11-29,60,Closed
T077,12-13,2012-11-29,60,Closed
T078,12-13,2012-11-29,60,Closed
T079,12-13,2012-11-29,60,Closed
T080,12-13,2012-11-29,60,Closed
T081,12-13,2012-11-29,60,Closed
T083,12-13,2012-11-29,60,Closed
T084,12-13,2012-11-29,60,Closed
T085,12-13,2012-11-29,60,Closed
T086,12-13,2012-11-29,60,Closed
T087,12-13,2012-11-29,60,Closed
T088,12-13,2012-11-29,60,Closed
T089,12-13,2012-11-29,60,Closed
T090,12-13,2012-11-29,60,Closed
T091,12-13,2012-11-29,60,Closed
T092,12-13,2012-11-29,60,Closed
T127,12-13,2012-11-29,60,Closed
T134,12-13,2012-11-29,60,Closed
T135,12-13,2012-11-29,60,Closed
T136,12-13,2012-11-29,60,Closed
T137,12-13,2012-11-29,60,Closed
T148,12-13,2012-11-29,60,Closed
T151,12-13,2012-11-29,60,Groomed
T152,12-13,2012-11-29,60,Groomed
T155,12-13,2012-11-29,60,Closed
T156,12-13,2012-11-29,60,Closed
T157,12-13,2012-11-29,60,Closed
T002,12-13,2012-11-30,61,Groomed
T003,12-13,2012-11-30,61,Closed
T004,12-13,2012-11-30,61,Closed
T005,12-13,2012-11-30,61,Groomed
T006,12-13,2012-11-30,61,Closed
T007,12-13,2012-11-30,61,Groomed
T008,12-13,2012-11-30,61,Closed
T009,12-13,2012-11-30,61,Closed
T010,12-13,2012-11-30,61,Closed
T011,12-13,2012-11-30,61,Groomed
T012,12-13,2012-11-30,61,Groomed
T013,12-13,2012-11-30,61,Groomed
T015,12-13,2012-11-30,61,Closed
T016,12-13,2012-11-30,61,Closed
T017,12-13,2012-11-30,61,Closed
T018,12-13,2012-11-30,61,Closed
T019,12-13,2012-11-30,61,Closed
T020,12-13,2012-11-30,61,Closed
T021,12-13,2012-11-30,61,Groomed
T022,12-13,2012-11-30,61,Groomed
T023,12-13,2012-11-30,61,Closed
T024,12-13,2012-11-30,61,Closed
T025,12-13,2012-11-30,61,Closed
T026,12-13,2012-11-30,61,Closed
T027,12-13,2012-11-30,61,Open
T028,12-13,2012-11-30,61,Closed
T029,12-13,2012-11-30,61,Closed
T030,12-13,2012-11-30,61,Closed
T031,12-13,2012-11-30,61,Closed
T032,12-13,2012-11-30,61,Closed
T033,12-13,2012-11-30,61,Closed
T034,12-13,2012-11-30,61,Groomed
T035,12-13,2012-11-30,61,Closed
T036,12-13,2012-11-30,61,Groomed
T037,12-13,2012-11-30,61,Closed
T038,12-13,2012-11-30,61,Closed
T039,12-13,2012-11-30,61,Closed
T040,12-13,2012-11-30,61,Closed
T042,12-13,2012-11-30,61,Closed
T043,12-13,2012-11-30,61,Closed
T044,12-13,2012-11-30,61,Closed
T045,12-13,2012-11-30,61,Closed
T046,12-13,2012-11-30,61,Closed
T047,12-13,2012-11-30,61,Closed
T048,12-13,2012-11-30,61,Closed
T049,12-13,2012-11-30,61,Closed
T051,12-13,2012-11-30,61,Groomed
T052,12-13,2012-11-30,61,Closed
T053,12-13,2012-11-30,61,Closed
T054,12-13,2012-11-30,61,Groomed
T061,12-13,2012-11-30,61,Closed
T063,12-13,2012-11-30,61,Closed
T064,12-13,2012-11-30,61,Closed
T065,12-13,2012-11-30,61,Closed
T066,12-13,2012-11-30,61,Closed
T067,12-13,2012-11-30,61,Closed
T068,12-13,2012-11-30,61,Closed
T069,12-13,2012-11-30,61,Closed
T070,12-13,2012-11-30,61,Closed
T071,12-13,2012-11-30,61,Closed
T072,12-13,2012-11-30,61,Closed
T073,12-13,2012-11-30,61,Closed
T074,12-13,2012-11-30,61,Closed
T075,12-13,2012-11-30,61,Closed
T076,12-13,2012-11-30,61,Closed
T077,12-13,2012-11-30,61,Closed
T078,12-13,2012-11-30,61,Closed
T079,12-13,2012-11-30,61,Closed
T080,12-13,2012-11-30,61,Closed
T081,12-13,2012-11-30,61,Closed
T083,12-13,2012-11-30,61,Closed
T084,12-13,2012-11-30,61,Closed
T085,12-13,2012-11-30,61,Closed
T086,12-13,2012-11-30,61,Closed
T087,12-13,2012-11-30,61,Closed
T088,12-13,2012-11-30,61,Closed
T089,12-13,2012-11-30,61,Closed
T090,12-13,2012-11-30,61,Closed
T091,12-13,2012-11-30,61,Closed
T092,12-13,2012-11-30,61,Closed
T127,12-13,2012-11-30,61,Closed
T134,12-13,2012-11-30,61,Closed
T135,12-13,2012-11-30,61,Closed
T136,12-13,2012-11-30,61,Closed
T137,12-13,2012-11-30,61,Closed
T148,12-13,2012-11-30,61,Closed
T151,12-13,2012-11-30,61,Groomed
T152,12-13,2012-11-30,61,Groomed
T155,12-13,2012-11-30,61,Closed
T156,12-13,2012-11-30,61,Closed
T157,12-13,2012-11-30,61,Closed
T002,12-13,2012-12-01,62,Groomed
T003,12-13,2012-12-01,62,Closed
T004,12-13,2012-12-01,62,Closed
T005,12-13,2012-12-01,62,Groomed
T006,12-13,2012-12-01,62,Closed
T007,12-13,2012-12-01,62,Groomed
T008,12-13,2012-12-01,62,Closed
T009,12-13,2012-12-01,62,Closed
T010,12-13,2012-12-01,62,Closed
T011,12-13,2012-12-01,62,Groomed
T012,12-13,2012-12-01,62,Groomed
T013,12-13,2012-12-01,62,Groomed
T015,12-13,2012-12-01,62,Closed
T016,12-13,2012-12-01,62,Closed
T017,12-13,2012-12-01,62,Closed
T018,12-13,2012-12-01,62,Closed
T019,12-13,2012-12-01,62,Closed
T020,12-13,2012-12-01,62,Closed
T021,12-13,2012-12-01,62,Groomed
T022,12-13,2012-12-01,62,Groomed
T023,12-13,2012-12-01,62,Closed
T024,12-13,2012-12-01,62,Closed
T025,12-13,2012-12-01,62,Closed
T026,12-13,2012-12-01,62,Closed
T027,12-13,2012-12-01,62,Open
T028,12-13,2012-12-01,62,Closed
T029,12-13,2012-12-01,62,Closed
T030,12-13,2012-12-01,62,Closed
T031,12-13,2012-12-01,62,Closed
T032,12-13,2012-12-01,62,Closed
T033,12-13,2012-12-01,62,Closed
T034,12-13,2012-12-01,62,Groomed
T035,12-13,2012-12-01,62,Closed
T036,12-13,2012-12-01,62,Groomed
T037,12-13,2012-12-01,62,Closed
T038,12-13,2012-12-01,62,Closed
T039,12-13,2012-12-01,62,Closed
T040,12-13,2012-12-01,62,Closed
T042,12-13,2012-12-01,62,Closed
T043,12-13,2012-12-01,62,Closed
T044,12-13,2012-12-01,62,Closed
T045,12-13,2012-12-01,62,Closed
T046,12-13,2012-12-01,62,Closed
T047,12-13,2012-12-01,62,Closed
T048,12-13,2012-12-01,62,Closed
T049,12-13,2012-12-01,62,Closed
T051,12-13,2012-12-01,62,Groomed
T052,12-13,2012-12-01,62,Closed
T053,12-13,2012-12-01,62,Closed
T054,12-13,2012-12-01,62,Groomed
T061,12-13,2012-12-01,62,Closed
T063,12-13,2012-12-01,62,Closed
T064,12-13,2012-12-01,62,Closed
T065,12-13,2012-12-01,62,Closed
T066,12-13,2012-12-01,62,Closed
T067,12-13,2012-12-01,62,Closed
T068,12-13,2012-12-01,62,Closed
T069,12-13,2012-12-01,62,Closed
T070,12-13,2012-12-01,62,Closed
T071,12-13,2012-12-01,62,Closed
T072,12-13,2012-12-01,62,Closed
T073,12-13,2012-12-01,62,Closed
T074,12-13,2012-12-01,62,Closed
T075,12-13,2012-12-01,62,Closed
T076,12-13,2012-12-01,62,Closed
T077,12-13,2012-12-01,62,Closed
T078,12-13,2012-12-01,62,Closed
T079,12-13,2012-12-01,62,Closed
T080,12-13,2012-12-01,62,Closed
T081,12-13,2012-12-01,62,Closed
T083,12-13,2012-12-01,62,Closed
T084,12-13,2012-12-01,62,Closed
T085,12-13,2012-12-01,62,Closed
T086,12-13,2012-12-01,62,Closed
T087,12-13,2012-12-01,62,Closed
T088,12-13,2012-12-01,62,Closed
T089,12-13,2012-12-01,62,Closed
T090,12-13,2012-12-01,62,Closed
T091,12-13,2012-12-01,62,Closed
T092,12-13,2012-12-01,62,Closed
T127,12-13,2012-12-01,62,Closed
T134,12-13,2012-12-01,62,Closed
T135,12-13,2012-12-01,62,Closed
T136,12-13,2012-12-01,62,Closed
T137,12-13,2012-12-01,62,Closed
T148,12-13,2012-12-01,62,Closed
T151,12-13,2012-12-01,62,Groomed
T152,12-13,2012-12-01,62,Groomed
T155,12-13,2012-12-01,62,Closed
T156,12-13,2012-12-01,62,Closed
T157,12-13,2012-12-01,62,Closed
T002,12-13,2012-12-02,63,Groomed
T003,12-13,2012-12-02,63,Closed
T004,12-13,2012-12-02,63,Closed
T005,12-13,2012-12-02,63,Groomed
T006,12-13,2012-12-02,63,Closed
T007,12-13,2012-12-02,63,Groomed
T008,12-13,2012-12-02,63,Closed
T009,12-13,2012-12-02,63,Closed
T010,12-13,2012-12-02,63,Closed
T011,12-13,2012-12-02,63,Groomed
T012,12-13,2012-12-02,63,Groomed
T013,12-13,2012-12-02,63,Groomed
T015,12-13,2012-12-02,63,Closed
T016,12-13,2012-12-02,63,Closed
T017,12-13,2012-12-02,63,Closed
T018,12-13,2012-12-02,63,Closed
T019,12-13,2012-12-02,63,Closed
T020,12-13,2012-12-02,63,Closed
T021,12-13,2012-12-02,63,Groomed
T022,12-13,2012-12-02,63,Groomed
T023,12-13,2012-12-02,63,Closed
T024,12-13,2012-12-02,63,Closed
T025,12-13,2012-12-02,63,Closed
T026,12-13,2012-12-02,63,Closed
T027,12-13,2012-12-02,63,Open
T028,12-13,2012-12-02,63,Closed
T029,12-13,2012-12-02,63,Closed
T030,12-13,2012-12-02,63,Closed
T031,12-13,2012-12-02,63,Closed
T032,12-13,2012-12-02,63,Closed
T033,12-13,2012-12-02,63,Closed
T034,12-13,2012-12-02,63,Groomed
T035,12-13,2012-12-02,63,Closed
T036,12-13,2012-12-02,63,Groomed
T037,12-13,2012-12-02,63,Closed
T038,12-13,2012-12-02,63,Closed
T039,12-13,2012-12-02,63,Closed
T040,12-13,2012-12-02,63,Closed
T042,12-13,2012-12-02,63,Closed
T043,12-13,2012-12-02,63,Closed
T044,12-13,2012-12-02,63,Closed
T045,12-13,2012-12-02,63,Closed
T046,12-13,2012-12-02,63,Closed
T047,12-13,2012-12-02,63,Closed
T048,12-13,2012-12-02,63,Closed
T049,12-13,2012-12-02,63,Closed
T051,12-13,2012-12-02,63,Groomed
T052,12-13,2012-12-02,63,Closed
T053,12-13,2012-12-02,63,Closed
T054,12-13,2012-12-02,63,Groomed
T061,12-13,2012-12-02,63,Closed
T063,12-13,2012-12-02,63,Closed
T064,12-13,2012-12-02,63,Closed
T065,12-13,2012-12-02,63,Closed
T066,12-13,2012-12-02,63,Closed
T067,12-13,2012-12-02,63,Closed
T068,12-13,2012-12-02,63,Closed
T069,12-13,2012-12-02,63,Closed
T070,12-13,2012-12-02,63,Closed
T071,12-13,2012-12-02,63,Closed
T072,12-13,2012-12-02,63,Closed
T073,12-13,2012-12-02,63,Closed
T074,12-13,2012-12-02,63,Closed
T075,12-13,2012-12-02,63,Closed
T076,12-13,2012-12-02,63,Closed
T077,12-13,2012-12-02,63,Closed
T078,12-13,2012-12-02,63,Closed
T079,12-13,2012-12-02,63,Closed
T080,12-13,2012-12-02,63,Closed
T081,12-13,2012-12-02,63,Closed
T083,12-13,2012-12-02,63,Closed
T084,12-13,2012-12-02,63,Closed
T085,12-13,2012-12-02,63,Closed
T086,12-13,2012-12-02,63,Closed
T087,12-13,2012-12-02,63,Closed
T088,12-13,2012-12-02,63,Closed
T089,12-13,2012-12-02,63,Closed
T090,12-13,2012-12-02,63,Closed
T091,12-13,2012-12-02,63,Closed
T092,12-13,2012-12-02,63,Closed
T127,12-13,2012-12-02,63,Closed
T134,12-13,2012-12-02,63,Closed
T135,12-13,2012-12-02,63,Closed
T136,12-13,2012-12-02,63,Closed
T137,12-13,2012-12-02,63,Closed
T148,12-13,2012-12-02,63,Closed
T151,12-13,2012-12-02,63,Groomed
T152,12-13,2012-12-02,63,Groomed
T155,12-13,2012-12-02,63,Closed
T156,12-13,2012-12-02,63,Closed
T157,12-13,2012-12-02,63,Closed
T002,12-13,2012-12-03,64,Groomed
T003,12-13,2012-12-03,64,Closed
T004,12-13,2012-12-03,64,Closed
T005,12-13,2012-12-03,64,Groomed
T006,12-13,2012-12-03,64,Closed
T007,12-13,2012-12-03,64,Groomed
T008,12-13,2012-12-03,64,Closed
T009,12-13,2012-12-03,64,Closed
T010,12-13,2012-12-03,64,Closed
T011,12-13,2012-12-03,64,Groomed
T012,12-13,2012-12-03,64,Groomed
T013,12-13,2012-12-03,64,Groomed
T015,12-13,2012-12-03,64,Closed
T016,12-13,2012-12-03,64,Closed
T017,12-13,2012-12-03,64,Closed
T018,12-13,2012-12-03,64,Closed
T019,12-13,2012-12-03,64,Closed
T020,12-13,2012-12-03,64,Closed
T021,12-13,2012-12-03,64,Groomed
T022,12-13,2012-12-03,64,Groomed
T023,12-13,2012-12-03,64,Closed
T024,12-13,2012-12-03,64,Closed
T025,12-13,2012-12-03,64,Closed
T026,12-13,2012-12-03,64,Closed
T027,12-13,2012-12-03,64,Open
T028,12-13,2012-12-03,64,Closed
T029,12-13,2012-12-03,64,Closed
T030,12-13,2012-12-03,64,Closed
T031,12-13,2012-12-03,64,Closed
T032,12-13,2012-12-03,64,Closed
T033,12-13,2012-12-03,64,Closed
T034,12-13,2012-12-03,64,Groomed
T035,12-13,2012-12-03,64,Closed
T036,12-13,2012-12-03,64,Groomed
T037,12-13,2012-12-03,64,Closed
T038,12-13,2012-12-03,64,Closed
T039,12-13,2012-12-03,64,Closed
T040,12-13,2012-12-03,64,Closed
T042,12-13,2012-12-03,64,Closed
T043,12-13,2012-12-03,64,Closed
T044,12-13,2012-12-03,64,Closed
T045,12-13,2012-12-03,64,Closed
T046,12-13,2012-12-03,64,Closed
T047,12-13,2012-12-03,64,Closed
T048,12-13,2012-12-03,64,Closed
T049,12-13,2012-12-03,64,Closed
T051,12-13,2012-12-03,64,Groomed
T052,12-13,2012-12-03,64,Closed
T053,12-13,2012-12-03,64,Closed
T054,12-13,2012-12-03,64,Groomed
T061,12-13,2012-12-03,64,Closed
T063,12-13,2012-12-03,64,Closed
T064,12-13,2012-12-03,64,Closed
T065,12-13,2012-12-03,64,Closed
T066,12-13,2012-12-03,64,Closed
T067,12-13,2012-12-03,64,Closed
T068,12-13,2012-12-03,64,Closed
T069,12-13,2012-12-03,64,Closed
T070,12-13,2012-12-03,64,Closed
T071,12-13,2012-12-03,64,Closed
T072,12-13,2012-12-03,64,Closed
T073,12-13,2012-12-03,64,Closed
T074,12-13,2012-12-03,64,Closed
T075,12-13,2012-12-03,64,Closed
T076,12-13,2012-12-03,64,Closed
T077,12-13,2012-12-03,64,Closed
T078,12-13,2012-12-03,64,Closed
T079,12-13,2012-12-03,64,Closed
T080,12-13,2012-12-03,64,Closed
T081,12-13,2012-12-03,64,Closed
T083,12-13,2012-12-03,64,Closed
T084,12-13,2012-12-03,64,Closed
T085,12-13,2012-12-03,64,Closed
T086,12-13,2012-12-03,64,Closed
T087,12-13,2012-12-03,64,Closed
T088,12-13,2012-12-03,64,Closed
T089,12-13,2012-12-03,64,Closed
T090,12-13,2012-12-03,64,Closed
T091,12-13,2012-12-03,64,Closed
T092,12-13,2012-12-03,64,Closed
T127,12-13,2012-12-03,64,Closed
T134,12-13,2012-12-03,64,Closed
T135,12-13,2012-12-03,64,Closed
T136,12-13,2012-12-03,64,Closed
T137,12-13,2012-12-03,64,Closed
T148,12-13,2012-12-03,64,Closed
T151,12-13,2012-12-03,64,Groomed
T152,12-13,2012-12-03,64,Groomed
T155,12-13,2012-12-03,64,Closed
T156,12-13,2012-12-03,64,Closed
T157,12-13,2012-12-03,64,Closed
T002,12-13,2012-12-04,65,Closed
T003,12-13,2012-12-04,65,Closed
T004,12-13,2012-12-04,65,Closed
T005,12-13,2012-12-04,65,Groomed
T006,12-13,2012-12-04,65,Closed
T007,12-13,2012-12-04,65,Groomed
T008,12-13,2012-12-04,65,Closed
T009,12-13,2012-12-04,65,Closed
T010,12-13,2012-12-04,65,Closed
T011,12-13,2012-12-04,65,Groomed
T012,12-13,2012-12-04,65,Groomed
T013,12-13,2012-12-04,65,Groomed
T015,12-13,2012-12-04,65,Closed
T016,12-13,2012-12-04,65,Closed
T017,12-13,2012-12-04,65,Closed
T018,12-13,2012-12-04,65,Closed
T019,12-13,2012-12-04,65,Closed
T020,12-13,2012-12-04,65,Closed
T021,12-13,2012-12-04,65,Groomed
T022,12-13,2012-12-04,65,Groomed
T023,12-13,2012-12-04,65,Closed
T024,12-13,2012-12-04,65,Closed
T025,12-13,2012-12-04,65,Closed
T026,12-13,2012-12-04,65,Closed
T027,12-13,2012-12-04,65,Closed
T028,12-13,2012-12-04,65,Closed
T029,12-13,2012-12-04,65,Closed
T030,12-13,2012-12-04,65,Closed
T031,12-13,2012-12-04,65,Closed
T032,12-13,2012-12-04,65,Closed
T033,12-13,2012-12-04,65,Closed
T034,12-13,2012-12-04,65,Groomed
T035,12-13,2012-12-04,65,Closed
T036,12-13,2012-12-04,65,Groomed
T037,12-13,2012-12-04,65,Closed
T038,12-13,2012-12-04,65,Closed
T039,12-13,2012-12-04,65,Closed
T040,12-13,2012-12-04,65,Closed
T042,12-13,2012-12-04,65,Closed
T043,12-13,2012-12-04,65,Closed
T044,12-13,2012-12-04,65,Closed
T045,12-13,2012-12-04,65,Closed
T046,12-13,2012-12-04,65,Closed
T047,12-13,2012-12-04,65,Closed
T048,12-13,2012-12-04,65,Closed
T049,12-13,2012-12-04,65,Closed
T051,12-13,2012-12-04,65,Groomed
T052,12-13,2012-12-04,65,Closed
T053,12-13,2012-12-04,65,Closed
T054,12-13,2012-12-04,65,Groomed
T061,12-13,2012-12-04,65,Closed
T063,12-13,2012-12-04,65,Closed
T064,12-13,2012-12-04,65,Closed
T065,12-13,2012-12-04,65,Closed
T066,12-13,2012-12-04,65,Closed
T067,12-13,2012-12-04,65,Closed
T068,12-13,2012-12-04,65,Closed
T069,12-13,2012-12-04,65,Closed
T070,12-13,2012-12-04,65,Closed
T071,12-13,2012-12-04,65,Closed
T072,12-13,2012-12-04,65,Closed
T073,12-13,2012-12-04,65,Closed
T074,12-13,2012-12-04,65,Closed
T075,12-13,2012-12-04,65,Closed
T076,12-13,2012-12-04,65,Closed
T077,12-13,2012-12-04,65,Closed
T078,12-13,2012-12-04,65,Closed
T079,12-13,2012-12-04,65,Closed
T080,12-13,2012-12-04,65,Closed
T081,12-13,2012-12-04,65,Closed
T083,12-13,2012-12-04,65,Closed
T084,12-13,2012-12-04,65,Closed
T085,12-13,2012-12-04,65,Closed
T086,12-13,2012-12-04,65,Closed
T087,12-13,2012-12-04,65,Closed
T088,12-13,2012-12-04,65,Closed
T089,12-13,2012-12-04,65,Closed
T090,12-13,2012-12-04,65,Closed
T091,12-13,2012-12-04,65,Closed
T092,12-13,2012-12-04,65,Closed
T127,12-13,2012-12-04,65,Closed
T134,12-13,2012-12-04,65,Closed
T135,12-13,2012-12-04,65,Closed
T136,12-13,2012-12-04,65,Closed
T137,12-13,2012-12-04,65,Closed
T148,12-13,2012-12-04,65,Closed
T151,12-13,2012-12-04,65,Groomed
T152,12-13,2012-12-04,65,Groomed
T155,12-13,2012-12-04,65,Closed
T156,12-13,2012-12-04,65,Closed
T157,12-13,2012-12-04,65,Closed
T002,12-13,2012-12-05,66,Closed
T003,12-13,2012-12-05,66,Closed
T004,12-13,2012-12-05,66,Closed
T005,12-13,2012-12-05,66,Groomed
T006,12-13,2012-12-05,66,Closed
T007,12-13,2012-12-05,66,Groomed
T008,12-13,2012-12-05,66,Closed
T009,12-13,2012-12-05,66,Closed
T010,12-13,2012-12-05,66,Closed
T011,12-13,2012-12-05,66,Groomed
T012,12-13,2012-12-05,66,Groomed
T013,12-13,2012-12-05,66,Groomed
T015,12-13,2012-12-05,66,Closed
T016,12-13,2012-12-05,66,Closed
T017,12-13,2012-12-05,66,Closed
T018,12-13,2012-12-05,66,Closed
T019,12-13,2012-12-05,66,Closed
T020,12-13,2012-12-05,66,Closed
T021,12-13,2012-12-05,66,Groomed
T022,12-13,2012-12-05,66,Groomed
T023,12-13,2012-12-05,66,Closed
T024,12-13,2012-12-05,66,Closed
T025,12-13,2012-12-05,66,Closed
T026,12-13,2012-12-05,66,Closed
T027,12-13,2012-12-05,66,Closed
T028,12-13,2012-12-05,66,Closed
T029,12-13,2012-12-05,66,Closed
T030,12-13,2012-12-05,66,Closed
T031,12-13,2012-12-05,66,Closed
T032,12-13,2012-12-05,66,Closed
T033,12-13,2012-12-05,66,Closed
T034,12-13,2012-12-05,66,Groomed
T035,12-13,2012-12-05,66,Closed
T036,12-13,2012-12-05,66,Groomed
T037,12-13,2012-12-05,66,Closed
T038,12-13,2012-12-05,66,Closed
T039,12-13,2012-12-05,66,Closed
T040,12-13,2012-12-05,66,Closed
T042,12-13,2012-12-05,66,Closed
T043,12-13,2012-12-05,66,Closed
T044,12-13,2012-12-05,66,Closed
T045,12-13,2012-12-05,66,Closed
T046,12-13,2012-12-05,66,Closed
T047,12-13,2012-12-05,66,Closed
T048,12-13,2012-12-05,66,Closed
T049,12-13,2012-12-05,66,Closed
T051,12-13,2012-12-05,66,Groomed
T052,12-13,2012-12-05,66,Closed
T053,12-13,2012-12-05,66,Closed
T054,12-13,2012-12-05,66,Groomed
T061,12-13,2012-12-05,66,Closed
T063,12-13,2012-12-05,66,Closed
T064,12-13,2012-12-05,66,Closed
T065,12-13,2012-12-05,66,Closed
T066,12-13,2012-12-05,66,Closed
T067,12-13,2012-12-05,66,Closed
T068,12-13,2012-12-05,66,Closed
T069,12-13,2012-12-05,66,Closed
T070,12-13,2012-12-05,66,Closed
T071,12-13,2012-12-05,66,Closed
T072,12-13,2012-12-05,66,Closed
T073,12-13,2012-12-05,66,Closed
T074,12-13,2012-12-05,66,Closed
T075,12-13,2012-12-05,66,Closed
T076,12-13,2012-12-05,66,Closed
T077,12-13,2012-12-05,66,Closed
T078,12-13,2012-12-05,66,Closed
T079,12-13,2012-12-05,66,Closed
T080,12-13,2012-12-05,66,Closed
T081,12-13,2012-12-05,66,Closed
T083,12-13,2012-12-05,66,Closed
T084,12-13,2012-12-05,66,Closed
T085,12-13,2012-12-05,66,Closed
T086,12-13,2012-12-05,66,Closed
T087,12-13,2012-12-05,66,Closed
T088,12-13,2012-12-05,66,Closed
T089,12-13,2012-12-05,66,Closed
T090,12-13,2012-12-05,66,Closed
T091,12-13,2012-12-05,66,Closed
T092,12-13,2012-12-05,66,Closed
T127,12-13,2012-12-05,66,Closed
T134,12-13,2012-12-05,66,Closed
T135,12-13,2012-12-05,66,Closed
T136,12-13,2012-12-05,66,Closed
T137,12-13,2012-12-05,66,Closed
T148,12-13,2012-12-05,66,Closed
T151,12-13,2012-12-05,66,Groomed
T152,12-13,2012-12-05,66,Groomed
T155,12-13,2012-12-05,66,Closed
T156,12-13,2012-12-05,66,Closed
T157,12-13,2012-12-05,66,Closed
T002,12-13,2012-12-06,67,Closed
T003,12-13,2012-12-06,67,Closed
T004,12-13,2012-12-06,67,Closed
T005,12-13,2012-12-06,67,Groomed
T006,12-13,2012-12-06,67,Closed
T007,12-13,2012-12-06,67,Groomed
T008,12-13,2012-12-06,67,Closed
T009,12-13,2012-12-06,67,Groomed
T010,12-13,2012-12-06,67,Closed
T011,12-13,2012-12-06,67,Groomed
T012,12-13,2012-12-06,67,Groomed
T013,12-13,2012-12-06,67,Groomed
T015,12-13,2012-12-06,67,Closed
T016,12-13,2012-12-06,67,Closed
T017,12-13,2012-12-06,67,Closed
T018,12-13,2012-12-06,67,Closed
T019,12-13,2012-12-06,67,Closed
T020,12-13,2012-12-06,67,Closed
T021,12-13,2012-12-06,67,Groomed
T022,12-13,2012-12-06,67,Groomed
T023,12-13,2012-12-06,67,Closed
T024,12-13,2012-12-06,67,Closed
T025,12-13,2012-12-06,67,Closed
T026,12-13,2012-12-06,67,Closed
T027,12-13,2012-12-06,67,Groomed
T028,12-13,2012-12-06,67,Closed
T029,12-13,2012-12-06,67,Closed
T030,12-13,2012-12-06,67,Closed
T031,12-13,2012-12-06,67,Closed
T032,12-13,2012-12-06,67,Closed
T033,12-13,2012-12-06,67,Closed
T034,12-13,2012-12-06,67,Groomed
T035,12-13,2012-12-06,67,Closed
T036,12-13,2012-12-06,67,Groomed
T037,12-13,2012-12-06,67,Closed
T038,12-13,2012-12-06,67,Closed
T039,12-13,2012-12-06,67,Closed
T040,12-13,2012-12-06,67,Closed
T042,12-13,2012-12-06,67,Closed
T043,12-13,2012-12-06,67,Closed
T044,12-13,2012-12-06,67,Closed
T045,12-13,2012-12-06,67,Closed
T046,12-13,2012-12-06,67,Closed
T047,12-13,2012-12-06,67,Closed
T048,12-13,2012-12-06,67,Closed
T049,12-13,2012-12-06,67,Closed
T051,12-13,2012-12-06,67,Groomed
T052,12-13,2012-12-06,67,Closed
T053,12-13,2012-12-06,67,Closed
T054,12-13,2012-12-06,67,Groomed
T061,12-13,2012-12-06,67,Closed
T063,12-13,2012-12-06,67,Closed
T064,12-13,2012-12-06,67,Closed
T065,12-13,2012-12-06,67,Closed
T066,12-13,2012-12-06,67,Closed
T067,12-13,2012-12-06,67,Closed
T068,12-13,2012-12-06,67,Closed
T069,12-13,2012-12-06,67,Closed
T070,12-13,2012-12-06,67,Closed
T071,12-13,2012-12-06,67,Closed
T072,12-13,2012-12-06,67,Closed
T073,12-13,2012-12-06,67,Closed
T074,12-13,2012-12-06,67,Closed
T075,12-13,2012-12-06,67,Closed
T076,12-13,2012-12-06,67,Closed
T077,12-13,2012-12-06,67,Closed
T078,12-13,2012-12-06,67,Closed
T079,12-13,2012-12-06,67,Closed
T080,12-13,2012-12-06,67,Closed
T081,12-13,2012-12-06,67,Closed
T083,12-13,2012-12-06,67,Closed
T084,12-13,2012-12-06,67,Closed
T085,12-13,2012-12-06,67,Closed
T086,12-13,2012-12-06,67,Closed
T087,12-13,2012-12-06,67,Closed
T088,12-13,2012-12-06,67,Closed
T089,12-13,2012-12-06,67,Closed
T090,12-13,2012-12-06,67,Closed
T091,12-13,2012-12-06,67,Closed
T092,12-13,2012-12-06,67,Closed
T127,12-13,2012-12-06,67,Closed
T134,12-13,2012-12-06,67,Closed
T135,12-13,2012-12-06,67,Closed
T136,12-13,2012-12-06,67,Closed
T137,12-13,2012-12-06,67,Closed
T148,12-13,2012-12-06,67,Closed
T151,12-13,2012-12-06,67,Groomed
T152,12-13,2012-12-06,67,Groomed
T155,12-13,2012-12-06,67,Closed
T156,12-13,2012-12-06,67,Closed
T157,12-13,2012-12-06,67,Closed
T002,12-13,2012-12-07,68,Groomed
T003,12-13,2012-12-07,68,Closed
T004,12-13,2012-12-07,68,Closed
T005,12-13,2012-12-07,68,Groomed
T006,12-13,2012-12-07,68,Closed
T007,12-13,2012-12-07,68,Groomed
T008,12-13,2012-12-07,68,Closed
T009,12-13,2012-12-07,68,Groomed
T010,12-13,2012-12-07,68,Closed
T011,12-13,2012-12-07,68,Groomed
T012,12-13,2012-12-07,68,Groomed
T013,12-13,2012-12-07,68,Groomed
T015,12-13,2012-12-07,68,Closed
T016,12-13,2012-12-07,68,Closed
T017,12-13,2012-12-07,68,Closed
T018,12-13,2012-12-07,68,Closed
T019,12-13,2012-12-07,68,Closed
T020,12-13,2012-12-07,68,Closed
T021,12-13,2012-12-07,68,Groomed
T022,12-13,2012-12-07,68,Groomed
T023,12-13,2012-12-07,68,Closed
T024,12-13,2012-12-07,68,Closed
T025,12-13,2012-12-07,68,Closed
T026,12-13,2012-12-07,68,Closed
T027,12-13,2012-12-07,68,Groomed
T028,12-13,2012-12-07,68,Closed
T029,12-13,2012-12-07,68,Closed
T030,12-13,2012-12-07,68,Closed
T031,12-13,2012-12-07,68,Closed
T032,12-13,2012-12-07,68,Closed
T033,12-13,2012-12-07,68,Closed
T034,12-13,2012-12-07,68,Groomed
T035,12-13,2012-12-07,68,Closed
T036,12-13,2012-12-07,68,Groomed
T037,12-13,2012-12-07,68,Closed
T038,12-13,2012-12-07,68,Closed
T039,12-13,2012-12-07,68,Closed
T040,12-13,2012-12-07,68,Closed
T042,12-13,2012-12-07,68,Closed
T043,12-13,2012-12-07,68,Closed
T044,12-13,2012-12-07,68,Closed
T045,12-13,2012-12-07,68,Closed
T046,12-13,2012-12-07,68,Closed
T047,12-13,2012-12-07,68,Closed
T048,12-13,2012-12-07,68,Closed
T049,12-13,2012-12-07,68,Closed
T051,12-13,2012-12-07,68,Groomed
T052,12-13,2012-12-07,68,Closed
T053,12-13,2012-12-07,68,Closed
T054,12-13,2012-12-07,68,Groomed
T061,12-13,2012-12-07,68,Closed
T063,12-13,2012-12-07,68,Closed
T064,12-13,2012-12-07,68,Closed
T065,12-13,2012-12-07,68,Closed
T066,12-13,2012-12-07,68,Closed
T067,12-13,2012-12-07,68,Closed
T068,12-13,2012-12-07,68,Closed
T069,12-13,2012-12-07,68,Closed
T070,12-13,2012-12-07,68,Closed
T071,12-13,2012-12-07,68,Closed
T072,12-13,2012-12-07,68,Closed
T073,12-13,2012-12-07,68,Closed
T074,12-13,2012-12-07,68,Closed
T075,12-13,2012-12-07,68,Closed
T076,12-13,2012-12-07,68,Closed
T077,12-13,2012-12-07,68,Closed
T078,12-13,2012-12-07,68,Closed
T079,12-13,2012-12-07,68,Closed
T080,12-13,2012-12-07,68,Closed
T081,12-13,2012-12-07,68,Closed
T083,12-13,2012-12-07,68,Closed
T084,12-13,2012-12-07,68,Closed
T085,12-13,2012-12-07,68,Closed
T086,12-13,2012-12-07,68,Closed
T087,12-13,2012-12-07,68,Closed
T088,12-13,2012-12-07,68,Closed
T089,12-13,2012-12-07,68,Closed
T090,12-13,2012-12-07,68,Closed
T091,12-13,2012-12-07,68,Closed
T092,12-13,2012-12-07,68,Closed
T127,12-13,2012-12-07,68,Closed
T134,12-13,2012-12-07,68,Closed
T135,12-13,2012-12-07,68,Closed
T136,12-13,2012-12-07,68,Closed
T137,12-13,2012-12-07,68,Closed
T148,12-13,2012-12-07,68,Closed
T151,12-13,2012-12-07,68,Groomed
T152,12-13,2012-12-07,68,Groomed
T155,12-13,2012-12-07,68,Closed
T156,12-13,2012-12-07,68,Closed
T157,12-13,2012-12-07,68,Closed
T002,12-13,2012-12-08,69,Groomed
T003,12-13,2012-12-08,69,Closed
T004,12-13,2012-12-08,69,Closed
T005,12-13,2012-12-08,69,Groomed
T006,12-13,2012-12-08,69,Closed
T007,12-13,2012-12-08,69,Groomed
T008,12-13,2012-12-08,69,Closed
T009,12-13,2012-12-08,69,Groomed
T010,12-13,2012-12-08,69,Closed
T011,12-13,2012-12-08,69,Groomed
T012,12-13,2012-12-08,69,Groomed
T013,12-13,2012-12-08,69,Groomed
T015,12-13,2012-12-08,69,Closed
T016,12-13,2012-12-08,69,Closed
T017,12-13,2012-12-08,69,Closed
T018,12-13,2012-12-08,69,Closed
T019,12-13,2012-12-08,69,Closed
T020,12-13,2012-12-08,69,Closed
T021,12-13,2012-12-08,69,Groomed
T022,12-13,2012-12-08,69,Groomed
T023,12-13,2012-12-08,69,Closed
T024,12-13,2012-12-08,69,Closed
T025,12-13,2012-12-08,69,Closed
T026,12-13,2012-12-08,69,Closed
T027,12-13,2012-12-08,69,Groomed
T028,12-13,2012-12-08,69,Closed
T029,12-13,2012-12-08,69,Closed
T030,12-13,2012-12-08,69,Closed
T031,12-13,2012-12-08,69,Closed
T032,12-13,2012-12-08,69,Closed
T033,12-13,2012-12-08,69,Closed
T034,12-13,2012-12-08,69,Groomed
T035,12-13,2012-12-08,69,Closed
T036,12-13,2012-12-08,69,Groomed
T037,12-13,2012-12-08,69,Closed
T038,12-13,2012-12-08,69,Closed
T039,12-13,2012-12-08,69,Closed
T040,12-13,2012-12-08,69,Closed
T042,12-13,2012-12-08,69,Closed
T043,12-13,2012-12-08,69,Closed
T044,12-13,2012-12-08,69,Closed
T045,12-13,2012-12-08,69,Closed
T046,12-13,2012-12-08,69,Closed
T047,12-13,2012-12-08,69,Closed
T048,12-13,2012-12-08,69,Closed
T049,12-13,2012-12-08,69,Closed
T051,12-13,2012-12-08,69,Groomed
T052,12-13,2012-12-08,69,Closed
T053,12-13,2012-12-08,69,Closed
T054,12-13,2012-12-08,69,Groomed
T061,12-13,2012-12-08,69,Closed
T063,12-13,2012-12-08,69,Closed
T064,12-13,2012-12-08,69,Closed
T065,12-13,2012-12-08,69,Closed
T066,12-13,2012-12-08,69,Closed
T067,12-13,2012-12-08,69,Closed
T068,12-13,2012-12-08,69,Closed
T069,12-13,2012-12-08,69,Closed
T070,12-13,2012-12-08,69,Closed
T071,12-13,2012-12-08,69,Closed
T072,12-13,2012-12-08,69,Closed
T073,12-13,2012-12-08,69,Closed
T074,12-13,2012-12-08,69,Closed
T075,12-13,2012-12-08,69,Closed
T076,12-13,2012-12-08,69,Closed
T077,12-13,2012-12-08,69,Closed
T078,12-13,2012-12-08,69,Closed
T079,12-13,2012-12-08,69,Closed
T080,12-13,2012-12-08,69,Closed
T081,12-13,2012-12-08,69,Closed
T083,12-13,2012-12-08,69,Closed
T084,12-13,2012-12-08,69,Closed
T085,12-13,2012-12-08,69,Closed
T086,12-13,2012-12-08,69,Closed
T087,12-13,2012-12-08,69,Closed
T088,12-13,2012-12-08,69,Closed
T089,12-13,2012-12-08,69,Closed
T090,12-13,2012-12-08,69,Closed
T091,12-13,2012-12-08,69,Closed
T092,12-13,2012-12-08,69,Closed
T127,12-13,2012-12-08,69,Closed
T134,12-13,2012-12-08,69,Closed
T135,12-13,2012-12-08,69,Closed
T136,12-13,2012-12-08,69,Closed
T137,12-13,2012-12-08,69,Closed
T148,12-13,2012-12-08,69,Closed
T151,12-13,2012-12-08,69,Groomed
T152,12-13,2012-12-08,69,Groomed
T155,12-13,2012-12-08,69,Closed
T156,12-13,2012-12-08,69,Closed
T157,12-13,2012-12-08,69,Closed
T002,12-13,2012-12-09,70,Closed
T003,12-13,2012-12-09,70,Closed
T004,12-13,2012-12-09,70,Closed
T005,12-13,2012-12-09,70,Groomed
T006,12-13,2012-12-09,70,Closed
T007,12-13,2012-12-09,70,Groomed
T008,12-13,2012-12-09,70,Closed
T009,12-13,2012-12-09,70,Groomed
T010,12-13,2012-12-09,70,Closed
T011,12-13,2012-12-09,70,Groomed
T012,12-13,2012-12-09,70,Groomed
T013,12-13,2012-12-09,70,Groomed
T015,12-13,2012-12-09,70,Closed
T016,12-13,2012-12-09,70,Closed
T017,12-13,2012-12-09,70,Closed
T018,12-13,2012-12-09,70,Closed
T019,12-13,2012-12-09,70,Closed
T020,12-13,2012-12-09,70,Closed
T021,12-13,2012-12-09,70,Groomed
T022,12-13,2012-12-09,70,Groomed
T023,12-13,2012-12-09,70,Closed
T024,12-13,2012-12-09,70,Closed
T025,12-13,2012-12-09,70,Closed
T026,12-13,2012-12-09,70,Closed
T027,12-13,2012-12-09,70,Open
T028,12-13,2012-12-09,70,Closed
T029,12-13,2012-12-09,70,Closed
T030,12-13,2012-12-09,70,Closed
T031,12-13,2012-12-09,70,Closed
T032,12-13,2012-12-09,70,Closed
T033,12-13,2012-12-09,70,Closed
T034,12-13,2012-12-09,70,Groomed
T035,12-13,2012-12-09,70,Closed
T036,12-13,2012-12-09,70,Groomed
T037,12-13,2012-12-09,70,Closed
T038,12-13,2012-12-09,70,Closed
T039,12-13,2012-12-09,70,Closed
T040,12-13,2012-12-09,70,Closed
T042,12-13,2012-12-09,70,Closed
T043,12-13,2012-12-09,70,Closed
T044,12-13,2012-12-09,70,Closed
T045,12-13,2012-12-09,70,Closed
T046,12-13,2012-12-09,70,Closed
T047,12-13,2012-12-09,70,Closed
T048,12-13,2012-12-09,70,Closed
T049,12-13,2012-12-09,70,Closed
T051,12-13,2012-12-09,70,Groomed
T052,12-13,2012-12-09,70,Closed
T053,12-13,2012-12-09,70,Closed
T054,12-13,2012-12-09,70,Groomed
T061,12-13,2012-12-09,70,Closed
T063,12-13,2012-12-09,70,Closed
T064,12-13,2012-12-09,70,Closed
T065,12-13,2012-12-09,70,Closed
T066,12-13,2012-12-09,70,Closed
T067,12-13,2012-12-09,70,Closed
T068,12-13,2012-12-09,70,Closed
T069,12-13,2012-12-09,70,Closed
T070,12-13,2012-12-09,70,Closed
T071,12-13,2012-12-09,70,Closed
T072,12-13,2012-12-09,70,Closed
T073,12-13,2012-12-09,70,Closed
T074,12-13,2012-12-09,70,Closed
T075,12-13,2012-12-09,70,Closed
T076,12-13,2012-12-09,70,Closed
T077,12-13,2012-12-09,70,Closed
T078,12-13,2012-12-09,70,Closed
T079,12-13,2012-12-09,70,Closed
T080,12-13,2012-12-09,70,Closed
T081,12-13,2012-12-09,70,Closed
T083,12-13,2012-12-09,70,Closed
T084,12-13,2012-12-09,70,Closed
T085,12-13,2012-12-09,70,Closed
T086,12-13,2012-12-09,70,Closed
T087,12-13,2012-12-09,70,Closed
T088,12-13,2012-12-09,70,Closed
T089,12-13,2012-12-09,70,Closed
T090,12-13,2012-12-09,70,Closed
T091,12-13,2012-12-09,70,Closed
T092,12-13,2012-12-09,70,Closed
T127,12-13,2012-12-09,70,Closed
T134,12-13,2012-12-09,70,Closed
T135,12-13,2012-12-09,70,Closed
T136,12-13,2012-12-09,70,Closed
T137,12-13,2012-12-09,70,Closed
T148,12-13,2012-12-09,70,Closed
T151,12-13,2012-12-09,70,Groomed
T152,12-13,2012-12-09,70,Groomed
T155,12-13,2012-12-09,70,Closed
T156,12-13,2012-12-09,70,Closed
T157,12-13,2012-12-09,70,Closed
T002,12-13,2012-12-10,71,Closed
T003,12-13,2012-12-10,71,Closed
T004,12-13,2012-12-10,71,Closed
T005,12-13,2012-12-10,71,Groomed
T006,12-13,2012-12-10,71,Closed
T007,12-13,2012-12-10,71,Groomed
T008,12-13,2012-12-10,71,Closed
T009,12-13,2012-12-10,71,Groomed
T010,12-13,2012-12-10,71,Closed
T011,12-13,2012-12-10,71,Groomed
T012,12-13,2012-12-10,71,Groomed
T013,12-13,2012-12-10,71,Groomed
T015,12-13,2012-12-10,71,Closed
T016,12-13,2012-12-10,71,Closed
T017,12-13,2012-12-10,71,Closed
T018,12-13,2012-12-10,71,Closed
T019,12-13,2012-12-10,71,Closed
T020,12-13,2012-12-10,71,Closed
T021,12-13,2012-12-10,71,Groomed
T022,12-13,2012-12-10,71,Groomed
T023,12-13,2012-12-10,71,Closed
T024,12-13,2012-12-10,71,Closed
T025,12-13,2012-12-10,71,Closed
T026,12-13,2012-12-10,71,Closed
T027,12-13,2012-12-10,71,Groomed
T028,12-13,2012-12-10,71,Closed
T029,12-13,2012-12-10,71,Closed
T030,12-13,2012-12-10,71,Closed
T031,12-13,2012-12-10,71,Closed
T032,12-13,2012-12-10,71,Closed
T033,12-13,2012-12-10,71,Closed
T034,12-13,2012-12-10,71,Groomed
T035,12-13,2012-12-10,71,Closed
T036,12-13,2012-12-10,71,Groomed
T037,12-13,2012-12-10,71,Closed
T038,12-13,2012-12-10,71,Closed
T039,12-13,2012-12-10,71,Closed
T040,12-13,2012-12-10,71,Closed
T042,12-13,2012-12-10,71,Closed
T043,12-13,2012-12-10,71,Closed
T044,12-13,2012-12-10,71,Closed
T045,12-13,2012-12-10,71,Closed
T046,12-13,2012-12-10,71,Closed
T047,12-13,2012-12-10,71,Closed
T048,12-13,2012-12-10,71,Closed
T049,12-13,2012-12-10,71,Closed
T051,12-13,2012-12-10,71,Groomed
T052,12-13,2012-12-10,71,Closed
T053,12-13,2012-12-10,71,Closed
T054,12-13,2012-12-10,71,Groomed
T061,12-13,2012-12-10,71,Closed
T063,12-13,2012-12-10,71,Closed
T064,12-13,2012-12-10,71,Closed
T065,12-13,2012-12-10,71,Closed
T066,12-13,2012-12-10,71,Closed
T067,12-13,2012-12-10,71,Closed
T068,12-13,2012-12-10,71,Closed
T069,12-13,2012-12-10,71,Closed
T070,12-13,2012-12-10,71,Closed
T071,12-13,2012-12-10,71,Closed
T072,12-13,2012-12-10,71,Closed
T073,12-13,2012-12-10,71,Closed
T074,12-13,2012-12-10,71,Closed
T075,12-13,2012-12-10,71,Closed
T076,12-13,2012-12-10,71,Closed
T077,12-13,2012-12-10,71,Closed
T078,12-13,2012-12-10,71,Closed
T079,12-13,2012-12-10,71,Closed
T080,12-13,2012-12-10,71,Closed
T081,12-13,2012-12-10,71,Closed
T083,12-13,2012-12-10,71,Closed
T084,12-13,2012-12-10,71,Closed
T085,12-13,2012-12-10,71,Closed
T086,12-13,2012-12-10,71,Closed
T087,12-13,2012-12-10,71,Closed
T088,12-13,2012-12-10,71,Closed
T089,12-13,2012-12-10,71,Closed
T090,12-13,2012-12-10,71,Closed
T091,12-13,2012-12-10,71,Closed
T092,12-13,2012-12-10,71,Closed
T127,12-13,2012-12-10,71,Closed
T134,12-13,2012-12-10,71,Closed
T135,12-13,2012-12-10,71,Closed
T136,12-13,2012-12-10,71,Closed
T137,12-13,2012-12-10,71,Closed
T148,12-13,2012-12-10,71,Closed
T151,12-13,2012-12-10,71,Groomed
T152,12-13,2012-12-10,71,Groomed
T155,12-13,2012-12-10,71,Closed
T156,12-13,2012-12-10,71,Closed
T157,12-13,2012-12-10,71,Closed
T002,12-13,2012-12-11,72,Closed
T003,12-13,2012-12-11,72,Closed
T004,12-13,2012-12-11,72,Closed
T005,12-13,2012-12-11,72,Groomed
T006,12-13,2012-12-11,72,Closed
T007,12-13,2012-12-11,72,Groomed
T008,12-13,2012-12-11,72,Closed
T009,12-13,2012-12-11,72,Groomed
T010,12-13,2012-12-11,72,Closed
T011,12-13,2012-12-11,72,Groomed
T012,12-13,2012-12-11,72,Groomed
T013,12-13,2012-12-11,72,Groomed
T015,12-13,2012-12-11,72,Closed
T016,12-13,2012-12-11,72,Closed
T017,12-13,2012-12-11,72,Closed
T018,12-13,2012-12-11,72,Closed
T019,12-13,2012-12-11,72,Closed
T020,12-13,2012-12-11,72,Closed
T021,12-13,2012-12-11,72,Groomed
T022,12-13,2012-12-11,72,Groomed
T023,12-13,2012-12-11,72,Closed
T024,12-13,2012-12-11,72,Closed
T025,12-13,2012-12-11,72,Closed
T026,12-13,2012-12-11,72,Closed
T027,12-13,2012-12-11,72,Groomed
T028,12-13,2012-12-11,72,Closed
T029,12-13,2012-12-11,72,Closed
T030,12-13,2012-12-11,72,Closed
T031,12-13,2012-12-11,72,Closed
T032,12-13,2012-12-11,72,Closed
T033,12-13,2012-12-11,72,Closed
T034,12-13,2012-12-11,72,Groomed
T035,12-13,2012-12-11,72,Closed
T036,12-13,2012-12-11,72,Groomed
T037,12-13,2012-12-11,72,Closed
T038,12-13,2012-12-11,72,Closed
T039,12-13,2012-12-11,72,Closed
T040,12-13,2012-12-11,72,Closed
T042,12-13,2012-12-11,72,Closed
T043,12-13,2012-12-11,72,Closed
T044,12-13,2012-12-11,72,Closed
T045,12-13,2012-12-11,72,Closed
T046,12-13,2012-12-11,72,Closed
T047,12-13,2012-12-11,72,Closed
T048,12-13,2012-12-11,72,Closed
T049,12-13,2012-12-11,72,Closed
T051,12-13,2012-12-11,72,Groomed
T052,12-13,2012-12-11,72,Closed
T053,12-13,2012-12-11,72,Closed
T054,12-13,2012-12-11,72,Groomed
T061,12-13,2012-12-11,72,Closed
T063,12-13,2012-12-11,72,Closed
T064,12-13,2012-12-11,72,Closed
T065,12-13,2012-12-11,72,Closed
T066,12-13,2012-12-11,72,Closed
T067,12-13,2012-12-11,72,Closed
T068,12-13,2012-12-11,72,Closed
T069,12-13,2012-12-11,72,Closed
T070,12-13,2012-12-11,72,Closed
T071,12-13,2012-12-11,72,Closed
T072,12-13,2012-12-11,72,Closed
T073,12-13,2012-12-11,72,Closed
T074,12-13,2012-12-11,72,Closed
T075,12-13,2012-12-11,72,Closed
T076,12-13,2012-12-11,72,Closed
T077,12-13,2012-12-11,72,Closed
T078,12-13,2012-12-11,72,Closed
T079,12-13,2012-12-11,72,Closed
T080,12-13,2012-12-11,72,Closed
T081,12-13,2012-12-11,72,Closed
T083,12-13,2012-12-11,72,Closed
T084,12-13,2012-12-11,72,Closed
T085,12-13,2012-12-11,72,Closed
T086,12-13,2012-12-11,72,Closed
T087,12-13,2012-12-11,72,Closed
T088,12-13,2012-12-11,72,Closed
T089,12-13,2012-12-11,72,Closed
T090,12-13,2012-12-11,72,Closed
T091,12-13,2012-12-11,72,Closed
T092,12-13,2012-12-11,72,Closed
T127,12-13,2012-12-11,72,Closed
T134,12-13,2012-12-11,72,Closed
T135,12-13,2012-12-11,72,Closed
T136,12-13,2012-12-11,72,Closed
T137,12-13,2012-12-11,72,Closed
T148,12-13,2012-12-11,72,Closed
T151,12-13,2012-12-11,72,Groomed
T152,12-13,2012-12-11,72,Groomed
T155,12-13,2012-12-11,72,Closed
T156,12-13,2012-12-11,72,Closed
T157,12-13,2012-12-11,72,Closed
T002,12-13,2012-12-12,73,Closed
T003,12-13,2012-12-12,73,Closed
T004,12-13,2012-12-12,73,Closed
T005,12-13,2012-12-12,73,Groomed
T006,12-13,2012-12-12,73,Closed
T007,12-13,2012-12-12,73,Groomed
T008,12-13,2012-12-12,73,Closed
T009,12-13,2012-12-12,73,Groomed
T010,12-13,2012-12-12,73,Closed
T011,12-13,2012-12-12,73,Groomed
T012,12-13,2012-12-12,73,Groomed
T013,12-13,2012-12-12,73,Groomed
T015,12-13,2012-12-12,73,Closed
T016,12-13,2012-12-12,73,Closed
T017,12-13,2012-12-12,73,Closed
T018,12-13,2012-12-12,73,Closed
T019,12-13,2012-12-12,73,Closed
T020,12-13,2012-12-12,73,Closed
T021,12-13,2012-12-12,73,Groomed
T022,12-13,2012-12-12,73,Groomed
T023,12-13,2012-12-12,73,Closed
T024,12-13,2012-12-12,73,Closed
T025,12-13,2012-12-12,73,Closed
T026,12-13,2012-12-12,73,Closed
T027,12-13,2012-12-12,73,Groomed
T028,12-13,2012-12-12,73,Closed
T029,12-13,2012-12-12,73,Closed
T030,12-13,2012-12-12,73,Closed
T031,12-13,2012-12-12,73,Closed
T032,12-13,2012-12-12,73,Closed
T033,12-13,2012-12-12,73,Closed
T034,12-13,2012-12-12,73,Groomed
T035,12-13,2012-12-12,73,Closed
T036,12-13,2012-12-12,73,Groomed
T037,12-13,2012-12-12,73,Closed
T038,12-13,2012-12-12,73,Closed
T039,12-13,2012-12-12,73,Closed
T040,12-13,2012-12-12,73,Closed
T042,12-13,2012-12-12,73,Closed
T043,12-13,2012-12-12,73,Closed
T044,12-13,2012-12-12,73,Closed
T045,12-13,2012-12-12,73,Closed
T046,12-13,2012-12-12,73,Closed
T047,12-13,2012-12-12,73,Closed
T048,12-13,2012-12-12,73,Closed
T049,12-13,2012-12-12,73,Closed
T051,12-13,2012-12-12,73,Groomed
T052,12-13,2012-12-12,73,Closed
T053,12-13,2012-12-12,73,Closed
T054,12-13,2012-12-12,73,Groomed
T061,12-13,2012-12-12,73,Closed
T063,12-13,2012-12-12,73,Closed
T064,12-13,2012-12-12,73,Closed
T065,12-13,2012-12-12,73,Closed
T066,12-13,2012-12-12,73,Closed
T067,12-13,2012-12-12,73,Closed
T068,12-13,2012-12-12,73,Closed
T069,12-13,2012-12-12,73,Closed
T070,12-13,2012-12-12,73,Closed
T071,12-13,2012-12-12,73,Closed
T072,12-13,2012-12-12,73,Closed
T073,12-13,2012-12-12,73,Closed
T074,12-13,2012-12-12,73,Closed
T075,12-13,2012-12-12,73,Closed
T076,12-13,2012-12-12,73,Closed
T077,12-13,2012-12-12,73,Closed
T078,12-13,2012-12-12,73,Closed
T079,12-13,2012-12-12,73,Closed
T080,12-13,2012-12-12,73,Closed
T081,12-13,2012-12-12,73,Closed
T083,12-13,2012-12-12,73,Closed
T084,12-13,2012-12-12,73,Closed
T085,12-13,2012-12-12,73,Closed
T086,12-13,2012-12-12,73,Closed
T087,12-13,2012-12-12,73,Closed
T088,12-13,2012-12-12,73,Closed
T089,12-13,2012-12-12,73,Closed
T090,12-13,2012-12-12,73,Closed
T091,12-13,2012-12-12,73,Closed
T092,12-13,2012-12-12,73,Closed
T127,12-13,2012-12-12,73,Closed
T134,12-13,2012-12-12,73,Closed
T135,12-13,2012-12-12,73,Closed
T136,12-13,2012-12-12,73,Closed
T137,12-13,2012-12-12,73,Closed
T148,12-13,2012-12-12,73,Closed
T151,12-13,2012-12-12,73,Groomed
T152,12-13,2012-12-12,73,Groomed
T155,12-13,2012-12-12,73,Closed
T156,12-13,2012-12-12,73,Closed
T157,12-13,2012-12-12,73,Closed
T002,12-13,2012-12-13,74,Closed
T003,12-13,2012-12-13,74,Closed
T004,12-13,2012-12-13,74,Closed
T005,12-13,2012-12-13,74,Groomed
T006,12-13,2012-12-13,74,Closed
T007,12-13,2012-12-13,74,Groomed
T008,12-13,2012-12-13,74,Closed
T009,12-13,2012-12-13,74,Groomed
T010,12-13,2012-12-13,74,Closed
T011,12-13,2012-12-13,74,Groomed
T012,12-13,2012-12-13,74,Groomed
T013,12-13,2012-12-13,74,Groomed
T015,12-13,2012-12-13,74,Groomed
T016,12-13,2012-12-13,74,Closed
T017,12-13,2012-12-13,74,Closed
T018,12-13,2012-12-13,74,Closed
T019,12-13,2012-12-13,74,Closed
T020,12-13,2012-12-13,74,Closed
T021,12-13,2012-12-13,74,Groomed
T022,12-13,2012-12-13,74,Groomed
T023,12-13,2012-12-13,74,Closed
T024,12-13,2012-12-13,74,Closed
T025,12-13,2012-12-13,74,Closed
T026,12-13,2012-12-13,74,Closed
T027,12-13,2012-12-13,74,Groomed
T028,12-13,2012-12-13,74,Closed
T029,12-13,2012-12-13,74,Closed
T030,12-13,2012-12-13,74,Closed
T031,12-13,2012-12-13,74,Closed
T032,12-13,2012-12-13,74,Closed
T033,12-13,2012-12-13,74,Open
T034,12-13,2012-12-13,74,Groomed
T035,12-13,2012-12-13,74,Closed
T036,12-13,2012-12-13,74,Groomed
T037,12-13,2012-12-13,74,Closed
T038,12-13,2012-12-13,74,Closed
T039,12-13,2012-12-13,74,Closed
T040,12-13,2012-12-13,74,Closed
T042,12-13,2012-12-13,74,Closed
T043,12-13,2012-12-13,74,Closed
T044,12-13,2012-12-13,74,Closed
T045,12-13,2012-12-13,74,Closed
T046,12-13,2012-12-13,74,Closed
T047,12-13,2012-12-13,74,Closed
T048,12-13,2012-12-13,74,Closed
T049,12-13,2012-12-13,74,Closed
T051,12-13,2012-12-13,74,Groomed
T052,12-13,2012-12-13,74,Closed
T053,12-13,2012-12-13,74,Groomed
T054,12-13,2012-12-13,74,Groomed
T061,12-13,2012-12-13,74,Groomed
T063,12-13,2012-12-13,74,Closed
T064,12-13,2012-12-13,74,Open
T065,12-13,2012-12-13,74,Closed
T066,12-13,2012-12-13,74,Closed
T067,12-13,2012-12-13,74,Closed
T068,12-13,2012-12-13,74,Closed
T069,12-13,2012-12-13,74,Closed
T070,12-13,2012-12-13,74,Closed
T071,12-13,2012-12-13,74,Closed
T072,12-13,2012-12-13,74,Closed
T073,12-13,2012-12-13,74,Closed
T074,12-13,2012-12-13,74,Closed
T075,12-13,2012-12-13,74,Closed
T076,12-13,2012-12-13,74,Closed
T077,12-13,2012-12-13,74,Closed
T078,12-13,2012-12-13,74,Closed
T079,12-13,2012-12-13,74,Closed
T080,12-13,2012-12-13,74,Closed
T081,12-13,2012-12-13,74,Closed
T083,12-13,2012-12-13,74,Closed
T084,12-13,2012-12-13,74,Closed
T085,12-13,2012-12-13,74,Closed
T086,12-13,2012-12-13,74,Closed
T087,12-13,2012-12-13,74,Closed
T088,12-13,2012-12-13,74,Closed
T089,12-13,2012-12-13,74,Closed
T090,12-13,2012-12-13,74,Closed
T091,12-13,2012-12-13,74,Closed
T092,12-13,2012-12-13,74,Closed
T127,12-13,2012-12-13,74,Closed
T134,12-13,2012-12-13,74,Closed
T135,12-13,2012-12-13,74,Closed
T136,12-13,2012-12-13,74,Closed
T137,12-13,2012-12-13,74,Closed
T148,12-13,2012-12-13,74,Closed
T151,12-13,2012-12-13,74,Groomed
T152,12-13,2012-12-13,74,Groomed
T155,12-13,2012-12-13,74,Closed
T156,12-13,2012-12-13,74,Closed
T157,12-13,2012-12-13,74,Closed
T002,12-13,2012-12-14,75,Groomed
T003,12-13,2012-12-14,75,Closed
T004,12-13,2012-12-14,75,Closed
T005,12-13,2012-12-14,75,Groomed
T006,12-13,2012-12-14,75,Closed
T007,12-13,2012-12-14,75,Groomed
T008,12-13,2012-12-14,75,Closed
T009,12-13,2012-12-14,75,Groomed
T010,12-13,2012-12-14,75,Closed
T011,12-13,2012-12-14,75,Groomed
T012,12-13,2012-12-14,75,Groomed
T013,12-13,2012-12-14,75,Groomed
T015,12-13,2012-12-14,75,Groomed
T016,12-13,2012-12-14,75,Closed
T017,12-13,2012-12-14,75,Closed
T018,12-13,2012-12-14,75,Closed
T019,12-13,2012-12-14,75,Closed
T020,12-13,2012-12-14,75,Closed
T021,12-13,2012-12-14,75,Groomed
T022,12-13,2012-12-14,75,Groomed
T023,12-13,2012-12-14,75,Closed
T024,12-13,2012-12-14,75,Closed
T025,12-13,2012-12-14,75,Closed
T026,12-13,2012-12-14,75,Closed
T027,12-13,2012-12-14,75,Groomed
T028,12-13,2012-12-14,75,Closed
T029,12-13,2012-12-14,75,Closed
T030,12-13,2012-12-14,75,Closed
T031,12-13,2012-12-14,75,Closed
T032,12-13,2012-12-14,75,Closed
T033,12-13,2012-12-14,75,Closed
T034,12-13,2012-12-14,75,Groomed
T035,12-13,2012-12-14,75,Closed
T036,12-13,2012-12-14,75,Groomed
T037,12-13,2012-12-14,75,Closed
T038,12-13,2012-12-14,75,Closed
T039,12-13,2012-12-14,75,Closed
T040,12-13,2012-12-14,75,Closed
T042,12-13,2012-12-14,75,Closed
T043,12-13,2012-12-14,75,Closed
T044,12-13,2012-12-14,75,Closed
T045,12-13,2012-12-14,75,Closed
T046,12-13,2012-12-14,75,Closed
T047,12-13,2012-12-14,75,Closed
T048,12-13,2012-12-14,75,Closed
T049,12-13,2012-12-14,75,Closed
T051,12-13,2012-12-14,75,Groomed
T052,12-13,2012-12-14,75,Closed
T053,12-13,2012-12-14,75,Groomed
T054,12-13,2012-12-14,75,Groomed
T061,12-13,2012-12-14,75,Groomed
T063,12-13,2012-12-14,75,Closed
T064,12-13,2012-12-14,75,Open
T065,12-13,2012-12-14,75,Closed
T066,12-13,2012-12-14,75,Closed
T067,12-13,2012-12-14,75,Closed
T068,12-13,2012-12-14,75,Closed
T069,12-13,2012-12-14,75,Closed
T070,12-13,2012-12-14,75,Closed
T071,12-13,2012-12-14,75,Closed
T072,12-13,2012-12-14,75,Closed
T073,12-13,2012-12-14,75,Closed
T074,12-13,2012-12-14,75,Closed
T075,12-13,2012-12-14,75,Closed
T076,12-13,2012-12-14,75,Closed
T077,12-13,2012-12-14,75,Closed
T078,12-13,2012-12-14,75,Closed
T079,12-13,2012-12-14,75,Closed
T080,12-13,2012-12-14,75,Closed
T081,12-13,2012-12-14,75,Closed
T083,12-13,2012-12-14,75,Closed
T084,12-13,2012-12-14,75,Closed
T085,12-13,2012-12-14,75,Closed
T086,12-13,2012-12-14,75,Closed
T087,12-13,2012-12-14,75,Closed
T088,12-13,2012-12-14,75,Closed
T089,12-13,2012-12-14,75,Closed
T090,12-13,2012-12-14,75,Closed
T091,12-13,2012-12-14,75,Closed
T092,12-13,2012-12-14,75,Closed
T127,12-13,2012-12-14,75,Closed
T134,12-13,2012-12-14,75,Closed
T135,12-13,2012-12-14,75,Closed
T136,12-13,2012-12-14,75,Closed
T137,12-13,2012-12-14,75,Closed
T148,12-13,2012-12-14,75,Closed
T151,12-13,2012-12-14,75,Groomed
T152,12-13,2012-12-14,75,Groomed
T155,12-13,2012-12-14,75,Closed
T156,12-13,2012-12-14,75,Closed
T157,12-13,2012-12-14,75,Closed
T002,12-13,2012-12-15,76,Groomed
T003,12-13,2012-12-15,76,Closed
T004,12-13,2012-12-15,76,Closed
T005,12-13,2012-12-15,76,Groomed
T006,12-13,2012-12-15,76,Closed
T007,12-13,2012-12-15,76,Groomed
T008,12-13,2012-12-15,76,Closed
T009,12-13,2012-12-15,76,Groomed
T010,12-13,2012-12-15,76,Closed
T011,12-13,2012-12-15,76,Groomed
T012,12-13,2012-12-15,76,Groomed
T013,12-13,2012-12-15,76,Groomed
T015,12-13,2012-12-15,76,Groomed
T016,12-13,2012-12-15,76,Closed
T017,12-13,2012-12-15,76,Closed
T018,12-13,2012-12-15,76,Closed
T019,12-13,2012-12-15,76,Closed
T020,12-13,2012-12-15,76,Closed
T021,12-13,2012-12-15,76,Groomed
T022,12-13,2012-12-15,76,Groomed
T023,12-13,2012-12-15,76,Closed
T024,12-13,2012-12-15,76,Closed
T025,12-13,2012-12-15,76,Closed
T026,12-13,2012-12-15,76,Closed
T027,12-13,2012-12-15,76,Groomed
T028,12-13,2012-12-15,76,Closed
T029,12-13,2012-12-15,76,Closed
T030,12-13,2012-12-15,76,Closed
T031,12-13,2012-12-15,76,Closed
T032,12-13,2012-12-15,76,Closed
T033,12-13,2012-12-15,76,Closed
T034,12-13,2012-12-15,76,Groomed
T035,12-13,2012-12-15,76,Closed
T036,12-13,2012-12-15,76,Groomed
T037,12-13,2012-12-15,76,Closed
T038,12-13,2012-12-15,76,Closed
T039,12-13,2012-12-15,76,Closed
T040,12-13,2012-12-15,76,Closed
T042,12-13,2012-12-15,76,Closed
T043,12-13,2012-12-15,76,Closed
T044,12-13,2012-12-15,76,Closed
T045,12-13,2012-12-15,76,Closed
T046,12-13,2012-12-15,76,Closed
T047,12-13,2012-12-15,76,Closed
T048,12-13,2012-12-15,76,Closed
T049,12-13,2012-12-15,76,Closed
T051,12-13,2012-12-15,76,Groomed
T052,12-13,2012-12-15,76,Closed
T053,12-13,2012-12-15,76,Groomed
T054,12-13,2012-12-15,76,Groomed
T061,12-13,2012-12-15,76,Groomed
T063,12-13,2012-12-15,76,Closed
T064,12-13,2012-12-15,76,Open
T065,12-13,2012-12-15,76,Closed
T066,12-13,2012-12-15,76,Closed
T067,12-13,2012-12-15,76,Closed
T068,12-13,2012-12-15,76,Closed
T069,12-13,2012-12-15,76,Closed
T070,12-13,2012-12-15,76,Closed
T071,12-13,2012-12-15,76,Closed
T072,12-13,2012-12-15,76,Closed
T073,12-13,2012-12-15,76,Closed
T074,12-13,2012-12-15,76,Closed
T075,12-13,2012-12-15,76,Closed
T076,12-13,2012-12-15,76,Closed
T077,12-13,2012-12-15,76,Closed
T078,12-13,2012-12-15,76,Closed
T079,12-13,2012-12-15,76,Closed
T080,12-13,2012-12-15,76,Closed
T081,12-13,2012-12-15,76,Closed
T083,12-13,2012-12-15,76,Closed
T084,12-13,2012-12-15,76,Closed
T085,12-13,2012-12-15,76,Closed
T086,12-13,2012-12-15,76,Closed
T087,12-13,2012-12-15,76,Closed
T088,12-13,2012-12-15,76,Closed
T089,12-13,2012-12-15,76,Closed
T090,12-13,2012-12-15,76,Closed
T091,12-13,2012-12-15,76,Closed
T092,12-13,2012-12-15,76,Closed
T127,12-13,2012-12-15,76,Closed
T134,12-13,2012-12-15,76,Closed
T135,12-13,2012-12-15,76,Closed
T136,12-13,2012-12-15,76,Closed
T137,12-13,2012-12-15,76,Closed
T148,12-13,2012-12-15,76,Closed
T151,12-13,2012-12-15,76,Groomed
T152,12-13,2012-12-15,76,Groomed
T155,12-13,2012-12-15,76,Closed
T156,12-13,2012-12-15,76,Closed
T157,12-13,2012-12-15,76,Closed
T002,12-13,2012-12-16,77,Open
T003,12-13,2012-12-16,77,Closed
T004,12-13,2012-12-16,77,Closed
T005,12-13,2012-12-16,77,Groomed
T006,12-13,2012-12-16,77,Closed
T007,12-13,2012-12-16,77,Groomed
T008,12-13,2012-12-16,77,Closed
T009,12-13,2012-12-16,77,Groomed
T010,12-13,2012-12-16,77,Closed
T011,12-13,2012-12-16,77,Groomed
T012,12-13,2012-12-16,77,Groomed
T013,12-13,2012-12-16,77,Groomed
T015,12-13,2012-12-16,77,Groomed
T016,12-13,2012-12-16,77,Closed
T017,12-13,2012-12-16,77,Closed
T018,12-13,2012-12-16,77,Closed
T019,12-13,2012-12-16,77,Closed
T020,12-13,2012-12-16,77,Closed
T021,12-13,2012-12-16,77,Groomed
T022,12-13,2012-12-16,77,Groomed
T023,12-13,2012-12-16,77,Closed
T024,12-13,2012-12-16,77,Closed
T025,12-13,2012-12-16,77,Closed
T026,12-13,2012-12-16,77,Closed
T027,12-13,2012-12-16,77,Groomed
T028,12-13,2012-12-16,77,Closed
T029,12-13,2012-12-16,77,Closed
T030,12-13,2012-12-16,77,Closed
T031,12-13,2012-12-16,77,Closed
T032,12-13,2012-12-16,77,Closed
T033,12-13,2012-12-16,77,Closed
T034,12-13,2012-12-16,77,Groomed
T035,12-13,2012-12-16,77,Closed
T036,12-13,2012-12-16,77,Groomed
T037,12-13,2012-12-16,77,Closed
T038,12-13,2012-12-16,77,Closed
T039,12-13,2012-12-16,77,Closed
T040,12-13,2012-12-16,77,Closed
T042,12-13,2012-12-16,77,Closed
T043,12-13,2012-12-16,77,Closed
T044,12-13,2012-12-16,77,Closed
T045,12-13,2012-12-16,77,Closed
T046,12-13,2012-12-16,77,Closed
T047,12-13,2012-12-16,77,Closed
T048,12-13,2012-12-16,77,Closed
T049,12-13,2012-12-16,77,Closed
T051,12-13,2012-12-16,77,Groomed
T052,12-13,2012-12-16,77,Closed
T053,12-13,2012-12-16,77,Groomed
T054,12-13,2012-12-16,77,Groomed
T061,12-13,2012-12-16,77,Groomed
T063,12-13,2012-12-16,77,Closed
T064,12-13,2012-12-16,77,Open
T065,12-13,2012-12-16,77,Closed
T066,12-13,2012-12-16,77,Closed
T067,12-13,2012-12-16,77,Closed
T068,12-13,2012-12-16,77,Closed
T069,12-13,2012-12-16,77,Closed
T070,12-13,2012-12-16,77,Closed
T071,12-13,2012-12-16,77,Closed
T072,12-13,2012-12-16,77,Closed
T073,12-13,2012-12-16,77,Closed
T074,12-13,2012-12-16,77,Closed
T075,12-13,2012-12-16,77,Closed
T076,12-13,2012-12-16,77,Closed
T077,12-13,2012-12-16,77,Closed
T078,12-13,2012-12-16,77,Closed
T079,12-13,2012-12-16,77,Closed
T080,12-13,2012-12-16,77,Closed
T081,12-13,2012-12-16,77,Closed
T083,12-13,2012-12-16,77,Closed
T084,12-13,2012-12-16,77,Closed
T085,12-13,2012-12-16,77,Closed
T086,12-13,2012-12-16,77,Closed
T087,12-13,2012-12-16,77,Closed
T088,12-13,2012-12-16,77,Closed
T089,12-13,2012-12-16,77,Closed
T090,12-13,2012-12-16,77,Closed
T091,12-13,2012-12-16,77,Closed
T092,12-13,2012-12-16,77,Closed
T127,12-13,2012-12-16,77,Closed
T134,12-13,2012-12-16,77,Closed
T135,12-13,2012-12-16,77,Closed
T136,12-13,2012-12-16,77,Closed
T137,12-13,2012-12-16,77,Closed
T148,12-13,2012-12-16,77,Closed
T151,12-13,2012-12-16,77,Groomed
T152,12-13,2012-12-16,77,Groomed
T155,12-13,2012-12-16,77,Closed
T156,12-13,2012-12-16,77,Closed
T157,12-13,2012-12-16,77,Closed
T002,12-13,2012-12-17,78,Groomed
T003,12-13,2012-12-17,78,Closed
T004,12-13,2012-12-17,78,Closed
T005,12-13,2012-12-17,78,Groomed
T006,12-13,2012-12-17,78,Closed
T007,12-13,2012-12-17,78,Groomed
T008,12-13,2012-12-17,78,Closed
T009,12-13,2012-12-17,78,Groomed
T010,12-13,2012-12-17,78,Closed
T011,12-13,2012-12-17,78,Groomed
T012,12-13,2012-12-17,78,Groomed
T013,12-13,2012-12-17,78,Groomed
T015,12-13,2012-12-17,78,Groomed
T016,12-13,2012-12-17,78,Closed
T017,12-13,2012-12-17,78,Closed
T018,12-13,2012-12-17,78,Closed
T019,12-13,2012-12-17,78,Closed
T020,12-13,2012-12-17,78,Closed
T021,12-13,2012-12-17,78,Groomed
T022,12-13,2012-12-17,78,Groomed
T023,12-13,2012-12-17,78,Closed
T024,12-13,2012-12-17,78,Closed
T025,12-13,2012-12-17,78,Closed
T026,12-13,2012-12-17,78,Closed
T027,12-13,2012-12-17,78,Groomed
T028,12-13,2012-12-17,78,Closed
T029,12-13,2012-12-17,78,Closed
T030,12-13,2012-12-17,78,Closed
T031,12-13,2012-12-17,78,Closed
T032,12-13,2012-12-17,78,Closed
T033,12-13,2012-12-17,78,Closed
T034,12-13,2012-12-17,78,Groomed
T035,12-13,2012-12-17,78,Closed
T036,12-13,2012-12-17,78,Groomed
T037,12-13,2012-12-17,78,Closed
T038,12-13,2012-12-17,78,Closed
T039,12-13,2012-12-17,78,Closed
T040,12-13,2012-12-17,78,Closed
T042,12-13,2012-12-17,78,Closed
T043,12-13,2012-12-17,78,Closed
T044,12-13,2012-12-17,78,Closed
T045,12-13,2012-12-17,78,Closed
T046,12-13,2012-12-17,78,Closed
T047,12-13,2012-12-17,78,Closed
T048,12-13,2012-12-17,78,Closed
T049,12-13,2012-12-17,78,Closed
T051,12-13,2012-12-17,78,Groomed
T052,12-13,2012-12-17,78,Closed
T053,12-13,2012-12-17,78,Groomed
T054,12-13,2012-12-17,78,Groomed
T061,12-13,2012-12-17,78,Groomed
T063,12-13,2012-12-17,78,Closed
T064,12-13,2012-12-17,78,Open
T065,12-13,2012-12-17,78,Closed
T066,12-13,2012-12-17,78,Closed
T067,12-13,2012-12-17,78,Closed
T068,12-13,2012-12-17,78,Closed
T069,12-13,2012-12-17,78,Closed
T070,12-13,2012-12-17,78,Closed
T071,12-13,2012-12-17,78,Closed
T072,12-13,2012-12-17,78,Closed
T073,12-13,2012-12-17,78,Closed
T074,12-13,2012-12-17,78,Closed
T075,12-13,2012-12-17,78,Closed
T076,12-13,2012-12-17,78,Closed
T077,12-13,2012-12-17,78,Closed
T078,12-13,2012-12-17,78,Closed
T079,12-13,2012-12-17,78,Closed
T080,12-13,2012-12-17,78,Closed
T081,12-13,2012-12-17,78,Closed
T083,12-13,2012-12-17,78,Closed
T084,12-13,2012-12-17,78,Closed
T085,12-13,2012-12-17,78,Closed
T086,12-13,2012-12-17,78,Closed
T087,12-13,2012-12-17,78,Closed
T088,12-13,2012-12-17,78,Closed
T089,12-13,2012-12-17,78,Closed
T090,12-13,2012-12-17,78,Closed
T091,12-13,2012-12-17,78,Closed
T092,12-13,2012-12-17,78,Closed
T127,12-13,2012-12-17,78,Closed
T134,12-13,2012-12-17,78,Closed
T135,12-13,2012-12-17,78,Closed
T136,12-13,2012-12-17,78,Closed
T137,12-13,2012-12-17,78,Closed
T148,12-13,2012-12-17,78,Closed
T151,12-13,2012-12-17,78,Groomed
T152,12-13,2012-12-17,78,Groomed
T155,12-13,2012-12-17,78,Closed
T156,12-13,2012-12-17,78,Closed
T157,12-13,2012-12-17,78,Closed
T002,12-13,2012-12-18,79,Groomed
T003,12-13,2012-12-18,79,Closed
T004,12-13,2012-12-18,79,Closed
T005,12-13,2012-12-18,79,Groomed
T006,12-13,2012-12-18,79,Closed
T007,12-13,2012-12-18,79,Groomed
T008,12-13,2012-12-18,79,Closed
T009,12-13,2012-12-18,79,Groomed
T010,12-13,2012-12-18,79,Closed
T011,12-13,2012-12-18,79,Groomed
T012,12-13,2012-12-18,79,Groomed
T013,12-13,2012-12-18,79,Groomed
T015,12-13,2012-12-18,79,Groomed
T016,12-13,2012-12-18,79,Closed
T017,12-13,2012-12-18,79,Closed
T018,12-13,2012-12-18,79,Closed
T019,12-13,2012-12-18,79,Closed
T020,12-13,2012-12-18,79,Closed
T021,12-13,2012-12-18,79,Groomed
T022,12-13,2012-12-18,79,Groomed
T023,12-13,2012-12-18,79,Closed
T024,12-13,2012-12-18,79,Closed
T025,12-13,2012-12-18,79,Closed
T026,12-13,2012-12-18,79,Closed
T027,12-13,2012-12-18,79,Groomed
T028,12-13,2012-12-18,79,Closed
T029,12-13,2012-12-18,79,Closed
T030,12-13,2012-12-18,79,Closed
T031,12-13,2012-12-18,79,Closed
T032,12-13,2012-12-18,79,Closed
T033,12-13,2012-12-18,79,Closed
T034,12-13,2012-12-18,79,Groomed
T035,12-13,2012-12-18,79,Closed
T036,12-13,2012-12-18,79,Groomed
T037,12-13,2012-12-18,79,Closed
T038,12-13,2012-12-18,79,Closed
T039,12-13,2012-12-18,79,Closed
T040,12-13,2012-12-18,79,Closed
T042,12-13,2012-12-18,79,Closed
T043,12-13,2012-12-18,79,Closed
T044,12-13,2012-12-18,79,Closed
T045,12-13,2012-12-18,79,Closed
T046,12-13,2012-12-18,79,Closed
T047,12-13,2012-12-18,79,Closed
T048,12-13,2012-12-18,79,Closed
T049,12-13,2012-12-18,79,Closed
T051,12-13,2012-12-18,79,Groomed
T052,12-13,2012-12-18,79,Closed
T053,12-13,2012-12-18,79,Groomed
T054,12-13,2012-12-18,79,Groomed
T061,12-13,2012-12-18,79,Groomed
T063,12-13,2012-12-18,79,Closed
T064,12-13,2012-12-18,79,Open
T065,12-13,2012-12-18,79,Closed
T066,12-13,2012-12-18,79,Closed
T067,12-13,2012-12-18,79,Closed
T068,12-13,2012-12-18,79,Closed
T069,12-13,2012-12-18,79,Closed
T070,12-13,2012-12-18,79,Closed
T071,12-13,2012-12-18,79,Closed
T072,12-13,2012-12-18,79,Closed
T073,12-13,2012-12-18,79,Closed
T074,12-13,2012-12-18,79,Closed
T075,12-13,2012-12-18,79,Closed
T076,12-13,2012-12-18,79,Closed
T077,12-13,2012-12-18,79,Closed
T078,12-13,2012-12-18,79,Closed
T079,12-13,2012-12-18,79,Closed
T080,12-13,2012-12-18,79,Closed
T081,12-13,2012-12-18,79,Closed
T083,12-13,2012-12-18,79,Closed
T084,12-13,2012-12-18,79,Closed
T085,12-13,2012-12-18,79,Closed
T086,12-13,2012-12-18,79,Closed
T087,12-13,2012-12-18,79,Closed
T088,12-13,2012-12-18,79,Closed
T089,12-13,2012-12-18,79,Closed
T090,12-13,2012-12-18,79,Closed
T091,12-13,2012-12-18,79,Closed
T092,12-13,2012-12-18,79,Closed
T127,12-13,2012-12-18,79,Closed
T134,12-13,2012-12-18,79,Closed
T135,12-13,2012-12-18,79,Closed
T136,12-13,2012-12-18,79,Closed
T137,12-13,2012-12-18,79,Closed
T148,12-13,2012-12-18,79,Closed
T151,12-13,2012-12-18,79,Groomed
T152,12-13,2012-12-18,79,Groomed
T155,12-13,2012-12-18,79,Closed
T156,12-13,2012-12-18,79,Closed
T157,12-13,2012-12-18,79,Closed
T002,12-13,2012-12-19,80,Groomed
T003,12-13,2012-12-19,80,Closed
T004,12-13,2012-12-19,80,Closed
T005,12-13,2012-12-19,80,Groomed
T006,12-13,2012-12-19,80,Closed
T007,12-13,2012-12-19,80,Groomed
T008,12-13,2012-12-19,80,Closed
T009,12-13,2012-12-19,80,Groomed
T010,12-13,2012-12-19,80,Closed
T011,12-13,2012-12-19,80,Groomed
T012,12-13,2012-12-19,80,Groomed
T013,12-13,2012-12-19,80,Groomed
T015,12-13,2012-12-19,80,Groomed
T016,12-13,2012-12-19,80,Open
T017,12-13,2012-12-19,80,Closed
T018,12-13,2012-12-19,80,Closed
T019,12-13,2012-12-19,80,Closed
T020,12-13,2012-12-19,80,Closed
T021,12-13,2012-12-19,80,Groomed
T022,12-13,2012-12-19,80,Groomed
T023,12-13,2012-12-19,80,Closed
T024,12-13,2012-12-19,80,Closed
T025,12-13,2012-12-19,80,Closed
T026,12-13,2012-12-19,80,Closed
T027,12-13,2012-12-19,80,Groomed
T028,12-13,2012-12-19,80,Closed
T029,12-13,2012-12-19,80,Closed
T030,12-13,2012-12-19,80,Closed
T031,12-13,2012-12-19,80,Closed
T032,12-13,2012-12-19,80,Closed
T033,12-13,2012-12-19,80,Open
T034,12-13,2012-12-19,80,Groomed
T035,12-13,2012-12-19,80,Closed
T036,12-13,2012-12-19,80,Groomed
T037,12-13,2012-12-19,80,Closed
T038,12-13,2012-12-19,80,Closed
T039,12-13,2012-12-19,80,Closed
T040,12-13,2012-12-19,80,Closed
T042,12-13,2012-12-19,80,Closed
T043,12-13,2012-12-19,80,Closed
T044,12-13,2012-12-19,80,Closed
T045,12-13,2012-12-19,80,Closed
T046,12-13,2012-12-19,80,Closed
T047,12-13,2012-12-19,80,Closed
T048,12-13,2012-12-19,80,Closed
T049,12-13,2012-12-19,80,Closed
T051,12-13,2012-12-19,80,Groomed
T052,12-13,2012-12-19,80,Closed
T053,12-13,2012-12-19,80,Groomed
T054,12-13,2012-12-19,80,Groomed
T061,12-13,2012-12-19,80,Groomed
T063,12-13,2012-12-19,80,Closed
T064,12-13,2012-12-19,80,Open
T065,12-13,2012-12-19,80,Closed
T066,12-13,2012-12-19,80,Closed
T067,12-13,2012-12-19,80,Closed
T068,12-13,2012-12-19,80,Closed
T069,12-13,2012-12-19,80,Closed
T070,12-13,2012-12-19,80,Closed
T071,12-13,2012-12-19,80,Closed
T072,12-13,2012-12-19,80,Closed
T073,12-13,2012-12-19,80,Closed
T074,12-13,2012-12-19,80,Closed
T075,12-13,2012-12-19,80,Closed
T076,12-13,2012-12-19,80,Closed
T077,12-13,2012-12-19,80,Closed
T078,12-13,2012-12-19,80,Closed
T079,12-13,2012-12-19,80,Closed
T080,12-13,2012-12-19,80,Closed
T081,12-13,2012-12-19,80,Closed
T083,12-13,2012-12-19,80,Closed
T084,12-13,2012-12-19,80,Closed
T085,12-13,2012-12-19,80,Closed
T086,12-13,2012-12-19,80,Closed
T087,12-13,2012-12-19,80,Closed
T088,12-13,2012-12-19,80,Closed
T089,12-13,2012-12-19,80,Closed
T090,12-13,2012-12-19,80,Closed
T091,12-13,2012-12-19,80,Closed
T092,12-13,2012-12-19,80,Closed
T127,12-13,2012-12-19,80,Closed
T134,12-13,2012-12-19,80,Closed
T135,12-13,2012-12-19,80,Closed
T136,12-13,2012-12-19,80,Closed
T137,12-13,2012-12-19,80,Closed
T148,12-13,2012-12-19,80,Closed
T151,12-13,2012-12-19,80,Groomed
T152,12-13,2012-12-19,80,Groomed
T155,12-13,2012-12-19,80,Closed
T156,12-13,2012-12-19,80,Closed
T157,12-13,2012-12-19,80,Closed
T002,12-13,2012-12-20,81,Groomed
T003,12-13,2012-12-20,81,Closed
T004,12-13,2012-12-20,81,Groomed
T005,12-13,2012-12-20,81,Groomed
T006,12-13,2012-12-20,81,Open
T007,12-13,2012-12-20,81,Groomed
T008,12-13,2012-12-20,81,Closed
T009,12-13,2012-12-20,81,Groomed
T010,12-13,2012-12-20,81,Closed
T011,12-13,2012-12-20,81,Groomed
T012,12-13,2012-12-20,81,Groomed
T013,12-13,2012-12-20,81,Groomed
T015,12-13,2012-12-20,81,Groomed
T016,12-13,2012-12-20,81,Open
T017,12-13,2012-12-20,81,Closed
T018,12-13,2012-12-20,81,Closed
T019,12-13,2012-12-20,81,Closed
T020,12-13,2012-12-20,81,Open
T021,12-13,2012-12-20,81,Groomed
T022,12-13,2012-12-20,81,Groomed
T023,12-13,2012-12-20,81,Closed
T024,12-13,2012-12-20,81,Open
T025,12-13,2012-12-20,81,Closed
T026,12-13,2012-12-20,81,Open
T027,12-13,2012-12-20,81,Groomed
T028,12-13,2012-12-20,81,Closed
T029,12-13,2012-12-20,81,Closed
T030,12-13,2012-12-20,81,Closed
T031,12-13,2012-12-20,81,Closed
T032,12-13,2012-12-20,81,Closed
T033,12-13,2012-12-20,81,Groomed
T034,12-13,2012-12-20,81,Groomed
T035,12-13,2012-12-20,81,Open
T036,12-13,2012-12-20,81,Groomed
T037,12-13,2012-12-20,81,Closed
T038,12-13,2012-12-20,81,Open
T039,12-13,2012-12-20,81,Open
T040,12-13,2012-12-20,81,Closed
T042,12-13,2012-12-20,81,Closed
T043,12-13,2012-12-20,81,Closed
T044,12-13,2012-12-20,81,Open
T045,12-13,2012-12-20,81,Open
T046,12-13,2012-12-20,81,Closed
T047,12-13,2012-12-20,81,Closed
T048,12-13,2012-12-20,81,Closed
T049,12-13,2012-12-20,81,Closed
T051,12-13,2012-12-20,81,Groomed
T052,12-13,2012-12-20,81,Groomed
T053,12-13,2012-12-20,81,Groomed
T054,12-13,2012-12-20,81,Groomed
T061,12-13,2012-12-20,81,Groomed
T063,12-13,2012-12-20,81,Groomed
T064,12-13,2012-12-20,81,Open
T065,12-13,2012-12-20,81,Closed
T066,12-13,2012-12-20,81,Open
T067,12-13,2012-12-20,81,Closed
T068,12-13,2012-12-20,81,Open
T069,12-13,2012-12-20,81,Closed
T070,12-13,2012-12-20,81,Open
T071,12-13,2012-12-20,81,Open
T072,12-13,2012-12-20,81,Closed
T073,12-13,2012-12-20,81,Closed
T074,12-13,2012-12-20,81,Closed
T075,12-13,2012-12-20,81,Closed
T076,12-13,2012-12-20,81,Open
T077,12-13,2012-12-20,81,Closed
T078,12-13,2012-12-20,81,Closed
T079,12-13,2012-12-20,81,Open
T080,12-13,2012-12-20,81,Closed
T081,12-13,2012-12-20,81,Closed
T083,12-13,2012-12-20,81,Open
T084,12-13,2012-12-20,81,Open
T085,12-13,2012-12-20,81,Open
T086,12-13,2012-12-20,81,Closed
T087,12-13,2012-12-20,81,Open
T088,12-13,2012-12-20,81,Closed
T089,12-13,2012-12-20,81,Open
T090,12-13,2012-12-20,81,Open
T091,12-13,2012-12-20,81,Closed
T092,12-13,2012-12-20,81,Closed
T127,12-13,2012-12-20,81,Open
T134,12-13,2012-12-20,81,Open
T135,12-13,2012-12-20,81,Closed
T136,12-13,2012-12-20,81,Open
T137,12-13,2012-12-20,81,Closed
T148,12-13,2012-12-20,81,Closed
T151,12-13,2012-12-20,81,Groomed
T152,12-13,2012-12-20,81,Groomed
T155,12-13,2012-12-20,81,Closed
T156,12-13,2012-12-20,81,Closed
T157,12-13,2012-12-20,81,Closed
T002,12-13,2012-12-21,82,Groomed
T003,12-13,2012-12-21,82,Closed
T004,12-13,2012-12-21,82,Groomed
T005,12-13,2012-12-21,82,Groomed
T006,12-13,2012-12-21,82,Open
T007,12-13,2012-12-21,82,Groomed
T008,12-13,2012-12-21,82,Closed
T009,12-13,2012-12-21,82,Groomed
T010,12-13,2012-12-21,82,Closed
T011,12-13,2012-12-21,82,Groomed
T012,12-13,2012-12-21,82,Groomed
T013,12-13,2012-12-21,82,Groomed
T015,12-13,2012-12-21,82,Groomed
T016,12-13,2012-12-21,82,Open
T017,12-13,2012-12-21,82,Closed
T018,12-13,2012-12-21,82,Closed
T019,12-13,2012-12-21,82,Closed
T020,12-13,2012-12-21,82,Open
T021,12-13,2012-12-21,82,Groomed
T022,12-13,2012-12-21,82,Groomed
T023,12-13,2012-12-21,82,Closed
T024,12-13,2012-12-21,82,Open
T025,12-13,2012-12-21,82,Closed
T026,12-13,2012-12-21,82,Open
T027,12-13,2012-12-21,82,Groomed
T028,12-13,2012-12-21,82,Closed
T029,12-13,2012-12-21,82,Closed
T030,12-13,2012-12-21,82,Closed
T031,12-13,2012-12-21,82,Groomed
T032,12-13,2012-12-21,82,Closed
T033,12-13,2012-12-21,82,Groomed
T034,12-13,2012-12-21,82,Groomed
T035,12-13,2012-12-21,82,Open
T036,12-13,2012-12-21,82,Groomed
T037,12-13,2012-12-21,82,Closed
T038,12-13,2012-12-21,82,Open
T039,12-13,2012-12-21,82,Open
T040,12-13,2012-12-21,82,Closed
T042,12-13,2012-12-21,82,Closed
T043,12-13,2012-12-21,82,Closed
T044,12-13,2012-12-21,82,Open
T045,12-13,2012-12-21,82,Open
T046,12-13,2012-12-21,82,Closed
T047,12-13,2012-12-21,82,Closed
T048,12-13,2012-12-21,82,Closed
T049,12-13,2012-12-21,82,Closed
T051,12-13,2012-12-21,82,Groomed
T052,12-13,2012-12-21,82,Groomed
T053,12-13,2012-12-21,82,Groomed
T054,12-13,2012-12-21,82,Groomed
T061,12-13,2012-12-21,82,Groomed
T063,12-13,2012-12-21,82,Groomed
T064,12-13,2012-12-21,82,Open
T065,12-13,2012-12-21,82,Closed
T066,12-13,2012-12-21,82,Open
T067,12-13,2012-12-21,82,Closed
T068,12-13,2012-12-21,82,Open
T069,12-13,2012-12-21,82,Closed
T070,12-13,2012-12-21,82,Open
T071,12-13,2012-12-21,82,Open
T072,12-13,2012-12-21,82,Closed
T073,12-13,2012-12-21,82,Closed
T074,12-13,2012-12-21,82,Closed
T075,12-13,2012-12-21,82,Closed
T076,12-13,2012-12-21,82,Open
T077,12-13,2012-12-21,82,Closed
T078,12-13,2012-12-21,82,Closed
T079,12-13,2012-12-21,82,Open
T080,12-13,2012-12-21,82,Closed
T081,12-13,2012-12-21,82,Closed
T083,12-13,2012-12-21,82,Open
T084,12-13,2012-12-21,82,Open
T085,12-13,2012-12-21,82,Open
T086,12-13,2012-12-21,82,Closed
T087,12-13,2012-12-21,82,Open
T088,12-13,2012-12-21,82,Closed
T089,12-13,2012-12-21,82,Open
T090,12-13,2012-12-21,82,Open
T091,12-13,2012-12-21,82,Closed
T092,12-13,2012-12-21,82,Closed
T127,12-13,2012-12-21,82,Closed
T134,12-13,2012-12-21,82,Open
T135,12-13,2012-12-21,82,Closed
T136,12-13,2012-12-21,82,Open
T137,12-13,2012-12-21,82,Closed
T148,12-13,2012-12-21,82,Closed
T151,12-13,2012-12-21,82,Groomed
T152,12-13,2012-12-21,82,Groomed
T155,12-13,2012-12-21,82,Closed
T156,12-13,2012-12-21,82,Closed
T157,12-13,2012-12-21,82,Closed
T002,12-13,2012-12-22,83,Groomed
T003,12-13,2012-12-22,83,Closed
T004,12-13,2012-12-22,83,Groomed
T005,12-13,2012-12-22,83,Groomed
T006,12-13,2012-12-22,83,Open
T007,12-13,2012-12-22,83,Groomed
T008,12-13,2012-12-22,83,Closed
T009,12-13,2012-12-22,83,Groomed
T010,12-13,2012-12-22,83,Closed
T011,12-13,2012-12-22,83,Groomed
T012,12-13,2012-12-22,83,Groomed
T013,12-13,2012-12-22,83,Groomed
T015,12-13,2012-12-22,83,Groomed
T016,12-13,2012-12-22,83,Open
T017,12-13,2012-12-22,83,Closed
T018,12-13,2012-12-22,83,Closed
T019,12-13,2012-12-22,83,Closed
T020,12-13,2012-12-22,83,Open
T021,12-13,2012-12-22,83,Groomed
T022,12-13,2012-12-22,83,Groomed
T023,12-13,2012-12-22,83,Closed
T024,12-13,2012-12-22,83,Open
T025,12-13,2012-12-22,83,Closed
T026,12-13,2012-12-22,83,Open
T027,12-13,2012-12-22,83,Groomed
T028,12-13,2012-12-22,83,Closed
T029,12-13,2012-12-22,83,Closed
T030,12-13,2012-12-22,83,Closed
T031,12-13,2012-12-22,83,Groomed
T032,12-13,2012-12-22,83,Closed
T033,12-13,2012-12-22,83,Groomed
T034,12-13,2012-12-22,83,Groomed
T035,12-13,2012-12-22,83,Open
T036,12-13,2012-12-22,83,Groomed
T037,12-13,2012-12-22,83,Closed
T038,12-13,2012-12-22,83,Open
T039,12-13,2012-12-22,83,Open
T040,12-13,2012-12-22,83,Closed
T042,12-13,2012-12-22,83,Closed
T043,12-13,2012-12-22,83,Closed
T044,12-13,2012-12-22,83,Open
T045,12-13,2012-12-22,83,Open
T046,12-13,2012-12-22,83,Closed
T047,12-13,2012-12-22,83,Closed
T048,12-13,2012-12-22,83,Closed
T049,12-13,2012-12-22,83,Closed
T051,12-13,2012-12-22,83,Groomed
T052,12-13,2012-12-22,83,Groomed
T053,12-13,2012-12-22,83,Groomed
T054,12-13,2012-12-22,83,Groomed
T061,12-13,2012-12-22,83,Groomed
T063,12-13,2012-12-22,83,Groomed
T064,12-13,2012-12-22,83,Open
T065,12-13,2012-12-22,83,Closed
T066,12-13,2012-12-22,83,Open
T067,12-13,2012-12-22,83,Closed
T068,12-13,2012-12-22,83,Open
T069,12-13,2012-12-22,83,Closed
T070,12-13,2012-12-22,83,Open
T071,12-13,2012-12-22,83,Open
T072,12-13,2012-12-22,83,Closed
T073,12-13,2012-12-22,83,Closed
T074,12-13,2012-12-22,83,Closed
T075,12-13,2012-12-22,83,Closed
T076,12-13,2012-12-22,83,Open
T077,12-13,2012-12-22,83,Closed
T078,12-13,2012-12-22,83,Closed
T079,12-13,2012-12-22,83,Open
T080,12-13,2012-12-22,83,Closed
T081,12-13,2012-12-22,83,Closed
T083,12-13,2012-12-22,83,Open
T084,12-13,2012-12-22,83,Open
T085,12-13,2012-12-22,83,Open
T086,12-13,2012-12-22,83,Closed
T087,12-13,2012-12-22,83,Open
T088,12-13,2012-12-22,83,Closed
T089,12-13,2012-12-22,83,Open
T090,12-13,2012-12-22,83,Open
T091,12-13,2012-12-22,83,Closed
T092,12-13,2012-12-22,83,Closed
T127,12-13,2012-12-22,83,Closed
T134,12-13,2012-12-22,83,Open
T135,12-13,2012-12-22,83,Closed
T136,12-13,2012-12-22,83,Open
T137,12-13,2012-12-22,83,Closed
T148,12-13,2012-12-22,83,Closed
T151,12-13,2012-12-22,83,Groomed
T152,12-13,2012-12-22,83,Groomed
T155,12-13,2012-12-22,83,Closed
T156,12-13,2012-12-22,83,Closed
T157,12-13,2012-12-22,83,Closed
T002,12-13,2012-12-23,84,Groomed
T003,12-13,2012-12-23,84,Closed
T004,12-13,2012-12-23,84,Groomed
T005,12-13,2012-12-23,84,Groomed
T006,12-13,2012-12-23,84,Open
T007,12-13,2012-12-23,84,Groomed
T008,12-13,2012-12-23,84,Closed
T009,12-13,2012-12-23,84,Groomed
T010,12-13,2012-12-23,84,Closed
T011,12-13,2012-12-23,84,Groomed
T012,12-13,2012-12-23,84,Groomed
T013,12-13,2012-12-23,84,Groomed
T015,12-13,2012-12-23,84,Groomed
T016,12-13,2012-12-23,84,Open
T017,12-13,2012-12-23,84,Closed
T018,12-13,2012-12-23,84,Closed
T019,12-13,2012-12-23,84,Closed
T020,12-13,2012-12-23,84,Open
T021,12-13,2012-12-23,84,Groomed
T022,12-13,2012-12-23,84,Groomed
T023,12-13,2012-12-23,84,Closed
T024,12-13,2012-12-23,84,Open
T025,12-13,2012-12-23,84,Closed
T026,12-13,2012-12-23,84,Open
T027,12-13,2012-12-23,84,Groomed
T028,12-13,2012-12-23,84,Closed
T029,12-13,2012-12-23,84,Closed
T030,12-13,2012-12-23,84,Closed
T031,12-13,2012-12-23,84,Groomed
T032,12-13,2012-12-23,84,Closed
T033,12-13,2012-12-23,84,Groomed
T034,12-13,2012-12-23,84,Groomed
T035,12-13,2012-12-23,84,Closed
T036,12-13,2012-12-23,84,Groomed
T037,12-13,2012-12-23,84,Closed
T038,12-13,2012-12-23,84,Open
T039,12-13,2012-12-23,84,Open
T040,12-13,2012-12-23,84,Closed
T042,12-13,2012-12-23,84,Closed
T043,12-13,2012-12-23,84,Closed
T044,12-13,2012-12-23,84,Open
T045,12-13,2012-12-23,84,Open
T046,12-13,2012-12-23,84,Closed
T047,12-13,2012-12-23,84,Closed
T048,12-13,2012-12-23,84,Closed
T049,12-13,2012-12-23,84,Closed
T051,12-13,2012-12-23,84,Groomed
T052,12-13,2012-12-23,84,Groomed
T053,12-13,2012-12-23,84,Groomed
T054,12-13,2012-12-23,84,Groomed
T061,12-13,2012-12-23,84,Groomed
T063,12-13,2012-12-23,84,Groomed
T064,12-13,2012-12-23,84,Open
T065,12-13,2012-12-23,84,Closed
T066,12-13,2012-12-23,84,Open
T067,12-13,2012-12-23,84,Closed
T068,12-13,2012-12-23,84,Open
T069,12-13,2012-12-23,84,Closed
T070,12-13,2012-12-23,84,Open
T071,12-13,2012-12-23,84,Open
T072,12-13,2012-12-23,84,Closed
T073,12-13,2012-12-23,84,Closed
T074,12-13,2012-12-23,84,Closed
T075,12-13,2012-12-23,84,Closed
T076,12-13,2012-12-23,84,Open
T077,12-13,2012-12-23,84,Closed
T078,12-13,2012-12-23,84,Closed
T079,12-13,2012-12-23,84,Open
T080,12-13,2012-12-23,84,Closed
T081,12-13,2012-12-23,84,Closed
T083,12-13,2012-12-23,84,Open
T084,12-13,2012-12-23,84,Open
T085,12-13,2012-12-23,84,Open
T086,12-13,2012-12-23,84,Closed
T087,12-13,2012-12-23,84,Open
T088,12-13,2012-12-23,84,Closed
T089,12-13,2012-12-23,84,Open
T090,12-13,2012-12-23,84,Open
T091,12-13,2012-12-23,84,Closed
T092,12-13,2012-12-23,84,Closed
T127,12-13,2012-12-23,84,Closed
T134,12-13,2012-12-23,84,Open
T135,12-13,2012-12-23,84,Closed
T136,12-13,2012-12-23,84,Open
T137,12-13,2012-12-23,84,Closed
T148,12-13,2012-12-23,84,Closed
T151,12-13,2012-12-23,84,Groomed
T152,12-13,2012-12-23,84,Groomed
T155,12-13,2012-12-23,84,Closed
T156,12-13,2012-12-23,84,Closed
T157,12-13,2012-12-23,84,Closed
T002,12-13,2012-12-24,85,Groomed
T003,12-13,2012-12-24,85,Closed
T004,12-13,2012-12-24,85,Groomed
T005,12-13,2012-12-24,85,Groomed
T006,12-13,2012-12-24,85,Open
T007,12-13,2012-12-24,85,Groomed
T008,12-13,2012-12-24,85,Closed
T009,12-13,2012-12-24,85,Groomed
T010,12-13,2012-12-24,85,Closed
T011,12-13,2012-12-24,85,Groomed
T012,12-13,2012-12-24,85,Groomed
T013,12-13,2012-12-24,85,Groomed
T015,12-13,2012-12-24,85,Groomed
T016,12-13,2012-12-24,85,Open
T017,12-13,2012-12-24,85,Closed
T018,12-13,2012-12-24,85,Closed
T019,12-13,2012-12-24,85,Closed
T020,12-13,2012-12-24,85,Open
T021,12-13,2012-12-24,85,Groomed
T022,12-13,2012-12-24,85,Groomed
T023,12-13,2012-12-24,85,Closed
T024,12-13,2012-12-24,85,Open
T025,12-13,2012-12-24,85,Closed
T026,12-13,2012-12-24,85,Open
T027,12-13,2012-12-24,85,Groomed
T028,12-13,2012-12-24,85,Closed
T029,12-13,2012-12-24,85,Closed
T030,12-13,2012-12-24,85,Closed
T031,12-13,2012-12-24,85,Groomed
T032,12-13,2012-12-24,85,Closed
T033,12-13,2012-12-24,85,Groomed
T034,12-13,2012-12-24,85,Groomed
T035,12-13,2012-12-24,85,Closed
T036,12-13,2012-12-24,85,Groomed
T037,12-13,2012-12-24,85,Closed
T038,12-13,2012-12-24,85,Open
T039,12-13,2012-12-24,85,Open
T040,12-13,2012-12-24,85,Closed
T042,12-13,2012-12-24,85,Closed
T043,12-13,2012-12-24,85,Closed
T044,12-13,2012-12-24,85,Open
T045,12-13,2012-12-24,85,Open
T046,12-13,2012-12-24,85,Closed
T047,12-13,2012-12-24,85,Closed
T048,12-13,2012-12-24,85,Closed
T049,12-13,2012-12-24,85,Closed
T051,12-13,2012-12-24,85,Groomed
T052,12-13,2012-12-24,85,Groomed
T053,12-13,2012-12-24,85,Groomed
T054,12-13,2012-12-24,85,Groomed
T061,12-13,2012-12-24,85,Groomed
T063,12-13,2012-12-24,85,Groomed
T064,12-13,2012-12-24,85,Open
T065,12-13,2012-12-24,85,Open
T066,12-13,2012-12-24,85,Open
T067,12-13,2012-12-24,85,Closed
T068,12-13,2012-12-24,85,Open
T069,12-13,2012-12-24,85,Closed
T070,12-13,2012-12-24,85,Open
T071,12-13,2012-12-24,85,Open
T072,12-13,2012-12-24,85,Closed
T073,12-13,2012-12-24,85,Closed
T074,12-13,2012-12-24,85,Closed
T075,12-13,2012-12-24,85,Closed
T076,12-13,2012-12-24,85,Open
T077,12-13,2012-12-24,85,Open
T078,12-13,2012-12-24,85,Closed
T079,12-13,2012-12-24,85,Open
T080,12-13,2012-12-24,85,Open
T081,12-13,2012-12-24,85,Closed
T083,12-13,2012-12-24,85,Open
T084,12-13,2012-12-24,85,Open
T085,12-13,2012-12-24,85,Open
T086,12-13,2012-12-24,85,Closed
T087,12-13,2012-12-24,85,Open
T088,12-13,2012-12-24,85,Closed
T089,12-13,2012-12-24,85,Open
T090,12-13,2012-12-24,85,Open
T091,12-13,2012-12-24,85,Closed
T092,12-13,2012-12-24,85,Closed
T127,12-13,2012-12-24,85,Closed
T134,12-13,2012-12-24,85,Open
T135,12-13,2012-12-24,85,Closed
T136,12-13,2012-12-24,85,Open
T137,12-13,2012-12-24,85,Closed
T148,12-13,2012-12-24,85,Closed
T151,12-13,2012-12-24,85,Groomed
T152,12-13,2012-12-24,85,Groomed
T155,12-13,2012-12-24,85,Closed
T156,12-13,2012-12-24,85,Closed
T157,12-13,2012-12-24,85,Closed
T002,12-13,2012-12-25,86,Groomed
T003,12-13,2012-12-25,86,Closed
T004,12-13,2012-12-25,86,Groomed
T005,12-13,2012-12-25,86,Groomed
T006,12-13,2012-12-25,86,Open
T007,12-13,2012-12-25,86,Groomed
T008,12-13,2012-12-25,86,Open
T009,12-13,2012-12-25,86,Groomed
T010,12-13,2012-12-25,86,Closed
T011,12-13,2012-12-25,86,Groomed
T012,12-13,2012-12-25,86,Groomed
T013,12-13,2012-12-25,86,Groomed
T015,12-13,2012-12-25,86,Groomed
T016,12-13,2012-12-25,86,Open
T017,12-13,2012-12-25,86,Closed
T018,12-13,2012-12-25,86,Closed
T019,12-13,2012-12-25,86,Closed
T020,12-13,2012-12-25,86,Open
T021,12-13,2012-12-25,86,Groomed
T022,12-13,2012-12-25,86,Groomed
T023,12-13,2012-12-25,86,Closed
T024,12-13,2012-12-25,86,Open
T025,12-13,2012-12-25,86,Closed
T026,12-13,2012-12-25,86,Open
T027,12-13,2012-12-25,86,Groomed
T028,12-13,2012-12-25,86,Closed
T029,12-13,2012-12-25,86,Closed
T030,12-13,2012-12-25,86,Closed
T031,12-13,2012-12-25,86,Groomed
T032,12-13,2012-12-25,86,Closed
T033,12-13,2012-12-25,86,Open
T034,12-13,2012-12-25,86,Groomed
T035,12-13,2012-12-25,86,Closed
T036,12-13,2012-12-25,86,Groomed
T037,12-13,2012-12-25,86,Closed
T038,12-13,2012-12-25,86,Open
T039,12-13,2012-12-25,86,Open
T040,12-13,2012-12-25,86,Closed
T042,12-13,2012-12-25,86,Closed
T043,12-13,2012-12-25,86,Closed
T044,12-13,2012-12-25,86,Open
T045,12-13,2012-12-25,86,Open
T046,12-13,2012-12-25,86,Closed
T047,12-13,2012-12-25,86,Closed
T048,12-13,2012-12-25,86,Closed
T049,12-13,2012-12-25,86,Closed
T051,12-13,2012-12-25,86,Groomed
T052,12-13,2012-12-25,86,Groomed
T053,12-13,2012-12-25,86,Groomed
T054,12-13,2012-12-25,86,Groomed
T061,12-13,2012-12-25,86,Groomed
T063,12-13,2012-12-25,86,Open
T064,12-13,2012-12-25,86,Open
T065,12-13,2012-12-25,86,Open
T066,12-13,2012-12-25,86,Open
T067,12-13,2012-12-25,86,Closed
T068,12-13,2012-12-25,86,Open
T069,12-13,2012-12-25,86,Closed
T070,12-13,2012-12-25,86,Open
T071,12-13,2012-12-25,86,Open
T072,12-13,2012-12-25,86,Closed
T073,12-13,2012-12-25,86,Closed
T074,12-13,2012-12-25,86,Closed
T075,12-13,2012-12-25,86,Closed
T076,12-13,2012-12-25,86,Open
T077,12-13,2012-12-25,86,Open
T078,12-13,2012-12-25,86,Closed
T079,12-13,2012-12-25,86,Open
T080,12-13,2012-12-25,86,Open
T081,12-13,2012-12-25,86,Open
T083,12-13,2012-12-25,86,Open
T084,12-13,2012-12-25,86,Open
T085,12-13,2012-12-25,86,Open
T086,12-13,2012-12-25,86,Closed
T087,12-13,2012-12-25,86,Open
T088,12-13,2012-12-25,86,Closed
T089,12-13,2012-12-25,86,Open
T090,12-13,2012-12-25,86,Open
T091,12-13,2012-12-25,86,Closed
T092,12-13,2012-12-25,86,Closed
T127,12-13,2012-12-25,86,Closed
T134,12-13,2012-12-25,86,Open
T135,12-13,2012-12-25,86,Closed
T136,12-13,2012-12-25,86,Open
T137,12-13,2012-12-25,86,Closed
T148,12-13,2012-12-25,86,Closed
T151,12-13,2012-12-25,86,Groomed
T152,12-13,2012-12-25,86,Groomed
T155,12-13,2012-12-25,86,Closed
T156,12-13,2012-12-25,86,Closed
T157,12-13,2012-12-25,86,Open
T002,12-13,2012-12-26,87,Groomed
T003,12-13,2012-12-26,87,Closed
T004,12-13,2012-12-26,87,Groomed
T005,12-13,2012-12-26,87,Groomed
T006,12-13,2012-12-26,87,Open
T007,12-13,2012-12-26,87,Groomed
T008,12-13,2012-12-26,87,Open
T009,12-13,2012-12-26,87,Groomed
T010,12-13,2012-12-26,87,Closed
T011,12-13,2012-12-26,87,Groomed
T012,12-13,2012-12-26,87,Groomed
T013,12-13,2012-12-26,87,Groomed
T015,12-13,2012-12-26,87,Groomed
T016,12-13,2012-12-26,87,Open
T017,12-13,2012-12-26,87,Open
T018,12-13,2012-12-26,87,Closed
T019,12-13,2012-12-26,87,Closed
T020,12-13,2012-12-26,87,Groomed
T021,12-13,2012-12-26,87,Groomed
T022,12-13,2012-12-26,87,Groomed
T023,12-13,2012-12-26,87,Open
T024,12-13,2012-12-26,87,Open
T025,12-13,2012-12-26,87,Closed
T026,12-13,2012-12-26,87,Open
T027,12-13,2012-12-26,87,Groomed
T028,12-13,2012-12-26,87,Closed
T029,12-13,2012-12-26,87,Closed
T030,12-13,2012-12-26,87,Closed
T031,12-13,2012-12-26,87,Groomed
T032,12-13,2012-12-26,87,Open
T033,12-13,2012-12-26,87,Groomed
T034,12-13,2012-12-26,87,Groomed
T035,12-13,2012-12-26,87,Closed
T036,12-13,2012-12-26,87,Groomed
T037,12-13,2012-12-26,87,Closed
T038,12-13,2012-12-26,87,Closed
T039,12-13,2012-12-26,87,Open
T040,12-13,2012-12-26,87,Closed
T042,12-13,2012-12-26,87,Closed
T043,12-13,2012-12-26,87,Closed
T044,12-13,2012-12-26,87,Open
T045,12-13,2012-12-26,87,Open
T046,12-13,2012-12-26,87,Closed
T047,12-13,2012-12-26,87,Closed
T048,12-13,2012-12-26,87,Closed
T049,12-13,2012-12-26,87,Closed
T051,12-13,2012-12-26,87,Groomed
T052,12-13,2012-12-26,87,Groomed
T053,12-13,2012-12-26,87,Groomed
T054,12-13,2012-12-26,87,Groomed
T061,12-13,2012-12-26,87,Groomed
T063,12-13,2012-12-26,87,Groomed
T064,12-13,2012-12-26,87,Groomed
T065,12-13,2012-12-26,87,Open
T066,12-13,2012-12-26,87,Groomed
T067,12-13,2012-12-26,87,Closed
T068,12-13,2012-12-26,87,Open
T069,12-13,2012-12-26,87,Closed
T070,12-13,2012-12-26,87,Open
T071,12-13,2012-12-26,87,Open
T072,12-13,2012-12-26,87,Closed
T073,12-13,2012-12-26,87,Closed
T074,12-13,2012-12-26,87,Closed
T075,12-13,2012-12-26,87,Closed
T076,12-13,2012-12-26,87,Open
T077,12-13,2012-12-26,87,Open
T078,12-13,2012-12-26,87,Closed
T079,12-13,2012-12-26,87,Open
T080,12-13,2012-12-26,87,Open
T081,12-13,2012-12-26,87,Open
T083,12-13,2012-12-26,87,Open
T084,12-13,2012-12-26,87,Open
T085,12-13,2012-12-26,87,Open
T086,12-13,2012-12-26,87,Open
T087,12-13,2012-12-26,87,Open
T088,12-13,2012-12-26,87,Closed
T089,12-13,2012-12-26,87,Open
T090,12-13,2012-12-26,87,Open
T091,12-13,2012-12-26,87,Closed
T092,12-13,2012-12-26,87,Closed
T127,12-13,2012-12-26,87,Closed
T134,12-13,2012-12-26,87,Open
T135,12-13,2012-12-26,87,Closed
T136,12-13,2012-12-26,87,Open
T137,12-13,2012-12-26,87,Closed
T148,12-13,2012-12-26,87,Closed
T151,12-13,2012-12-26,87,Groomed
T152,12-13,2012-12-26,87,Groomed
T155,12-13,2012-12-26,87,Closed
T156,12-13,2012-12-26,87,Closed
T157,12-13,2012-12-26,87,Open
T002,12-13,2012-12-27,88,Groomed
T003,12-13,2012-12-27,88,Closed
T004,12-13,2012-12-27,88,Groomed
T005,12-13,2012-12-27,88,Groomed
T006,12-13,2012-12-27,88,Open
T007,12-13,2012-12-27,88,Groomed
T008,12-13,2012-12-27,88,Open
T009,12-13,2012-12-27,88,Groomed
T010,12-13,2012-12-27,88,Closed
T011,12-13,2012-12-27,88,Groomed
T012,12-13,2012-12-27,88,Groomed
T013,12-13,2012-12-27,88,Groomed
T015,12-13,2012-12-27,88,Groomed
T016,12-13,2012-12-27,88,Open
T017,12-13,2012-12-27,88,Open
T018,12-13,2012-12-27,88,Closed
T019,12-13,2012-12-27,88,Closed
T020,12-13,2012-12-27,88,Open
T021,12-13,2012-12-27,88,Groomed
T022,12-13,2012-12-27,88,Groomed
T023,12-13,2012-12-27,88,Groomed
T024,12-13,2012-12-27,88,Open
T025,12-13,2012-12-27,88,Groomed
T026,12-13,2012-12-27,88,Open
T027,12-13,2012-12-27,88,Groomed
T028,12-13,2012-12-27,88,Closed
T029,12-13,2012-12-27,88,Closed
T030,12-13,2012-12-27,88,Closed
T031,12-13,2012-12-27,88,Groomed
T032,12-13,2012-12-27,88,Open
T033,12-13,2012-12-27,88,Groomed
T034,12-13,2012-12-27,88,Groomed
T035,12-13,2012-12-27,88,Closed
T036,12-13,2012-12-27,88,Groomed
T037,12-13,2012-12-27,88,Closed
T038,12-13,2012-12-27,88,Closed
T039,12-13,2012-12-27,88,Open
T040,12-13,2012-12-27,88,Closed
T042,12-13,2012-12-27,88,Closed
T043,12-13,2012-12-27,88,Closed
T044,12-13,2012-12-27,88,Open
T045,12-13,2012-12-27,88,Open
T046,12-13,2012-12-27,88,Closed
T047,12-13,2012-12-27,88,Closed
T048,12-13,2012-12-27,88,Closed
T049,12-13,2012-12-27,88,Closed
T051,12-13,2012-12-27,88,Groomed
T052,12-13,2012-12-27,88,Groomed
T053,12-13,2012-12-27,88,Groomed
T054,12-13,2012-12-27,88,Groomed
T061,12-13,2012-12-27,88,Groomed
T063,12-13,2012-12-27,88,Groomed
T064,12-13,2012-12-27,88,Groomed
T065,12-13,2012-12-27,88,Open
T066,12-13,2012-12-27,88,Open
T067,12-13,2012-12-27,88,Closed
T068,12-13,2012-12-27,88,Open
T069,12-13,2012-12-27,88,Closed
T070,12-13,2012-12-27,88,Open
T071,12-13,2012-12-27,88,Open
T072,12-13,2012-12-27,88,Closed
T073,12-13,2012-12-27,88,Closed
T074,12-13,2012-12-27,88,Closed
T075,12-13,2012-12-27,88,Closed
T076,12-13,2012-12-27,88,Open
T077,12-13,2012-12-27,88,Open
T078,12-13,2012-12-27,88,Closed
T079,12-13,2012-12-27,88,Groomed
T080,12-13,2012-12-27,88,Open
T081,12-13,2012-12-27,88,Open
T083,12-13,2012-12-27,88,Open
T084,12-13,2012-12-27,88,Open
T085,12-13,2012-12-27,88,Open
T086,12-13,2012-12-27,88,Open
T087,12-13,2012-12-27,88,Open
T088,12-13,2012-12-27,88,Open
T089,12-13,2012-12-27,88,Open
T090,12-13,2012-12-27,88,Open
T091,12-13,2012-12-27,88,Open
T092,12-13,2012-12-27,88,Open
T127,12-13,2012-12-27,88,Closed
T134,12-13,2012-12-27,88,Open
T135,12-13,2012-12-27,88,Closed
T136,12-13,2012-12-27,88,Open
T137,12-13,2012-12-27,88,Closed
T148,12-13,2012-12-27,88,Closed
T151,12-13,2012-12-27,88,Groomed
T152,12-13,2012-12-27,88,Groomed
T155,12-13,2012-12-27,88,Closed
T156,12-13,2012-12-27,88,Closed
T157,12-13,2012-12-27,88,Open
T002,12-13,2012-12-28,89,Groomed
T003,12-13,2012-12-28,89,Closed
T004,12-13,2012-12-28,89,Groomed
T005,12-13,2012-12-28,89,Groomed
T006,12-13,2012-12-28,89,Open
T007,12-13,2012-12-28,89,Groomed
T008,12-13,2012-12-28,89,Open
T009,12-13,2012-12-28,89,Groomed
T010,12-13,2012-12-28,89,Closed
T011,12-13,2012-12-28,89,Groomed
T012,12-13,2012-12-28,89,Groomed
T013,12-13,2012-12-28,89,Groomed
T015,12-13,2012-12-28,89,Groomed
T016,12-13,2012-12-28,89,Open
T017,12-13,2012-12-28,89,Open
T018,12-13,2012-12-28,89,Closed
T019,12-13,2012-12-28,89,Closed
T020,12-13,2012-12-28,89,Open
T021,12-13,2012-12-28,89,Groomed
T022,12-13,2012-12-28,89,Groomed
T023,12-13,2012-12-28,89,Groomed
T024,12-13,2012-12-28,89,Open
T025,12-13,2012-12-28,89,Groomed
T026,12-13,2012-12-28,89,Open
T027,12-13,2012-12-28,89,Open
T028,12-13,2012-12-28,89,Closed
T029,12-13,2012-12-28,89,Closed
T030,12-13,2012-12-28,89,Closed
T031,12-13,2012-12-28,89,Groomed
T032,12-13,2012-12-28,89,Open
T033,12-13,2012-12-28,89,Open
T034,12-13,2012-12-28,89,Groomed
T035,12-13,2012-12-28,89,Closed
T036,12-13,2012-12-28,89,Groomed
T037,12-13,2012-12-28,89,Closed
T038,12-13,2012-12-28,89,Closed
T039,12-13,2012-12-28,89,Open
T040,12-13,2012-12-28,89,Closed
T042,12-13,2012-12-28,89,Closed
T043,12-13,2012-12-28,89,Closed
T044,12-13,2012-12-28,89,Open
T045,12-13,2012-12-28,89,Open
T046,12-13,2012-12-28,89,Closed
T047,12-13,2012-12-28,89,Closed
T048,12-13,2012-12-28,89,Closed
T049,12-13,2012-12-28,89,Closed
T051,12-13,2012-12-28,89,Groomed
T052,12-13,2012-12-28,89,Groomed
T053,12-13,2012-12-28,89,Groomed
T054,12-13,2012-12-28,89,Groomed
T061,12-13,2012-12-28,89,Groomed
T063,12-13,2012-12-28,89,Groomed
T064,12-13,2012-12-28,89,Groomed
T065,12-13,2012-12-28,89,Open
T066,12-13,2012-12-28,89,Open
T067,12-13,2012-12-28,89,Closed
T068,12-13,2012-12-28,89,Open
T069,12-13,2012-12-28,89,Closed
T070,12-13,2012-12-28,89,Open
T071,12-13,2012-12-28,89,Open
T072,12-13,2012-12-28,89,Closed
T073,12-13,2012-12-28,89,Closed
T074,12-13,2012-12-28,89,Closed
T075,12-13,2012-12-28,89,Closed
T076,12-13,2012-12-28,89,Open
T077,12-13,2012-12-28,89,Open
T078,12-13,2012-12-28,89,Closed
T079,12-13,2012-12-28,89,Open
T080,12-13,2012-12-28,89,Open
T081,12-13,2012-12-28,89,Open
T083,12-13,2012-12-28,89,Open
T084,12-13,2012-12-28,89,Open
T085,12-13,2012-12-28,89,Open
T086,12-13,2012-12-28,89,Open
T087,12-13,2012-12-28,89,Open
T088,12-13,2012-12-28,89,Open
T089,12-13,2012-12-28,89,Open
T090,12-13,2012-12-28,89,Open
T091,12-13,2012-12-28,89,Open
T092,12-13,2012-12-28,89,Open
T127,12-13,2012-12-28,89,Open
T134,12-13,2012-12-28,89,Open
T135,12-13,2012-12-28,89,Closed
T136,12-13,2012-12-28,89,Open
T137,12-13,2012-12-28,89,Closed
T148,12-13,2012-12-28,89,Closed
T151,12-13,2012-12-28,89,Groomed
T152,12-13,2012-12-28,89,Groomed
T155,12-13,2012-12-28,89,Closed
T156,12-13,2012-12-28,89,Closed
T157,12-13,2012-12-28,89,Open
T002,12-13,2012-12-29,90,Groomed
T003,12-13,2012-12-29,90,Closed
T004,12-13,2012-12-29,90,Groomed
T005,12-13,2012-12-29,90,Groomed
T006,12-13,2012-12-29,90,Open
T007,12-13,2012-12-29,90,Groomed
T008,12-13,2012-12-29,90,Open
T009,12-13,2012-12-29,90,Groomed
T010,12-13,2012-12-29,90,Closed
T011,12-13,2012-12-29,90,Groomed
T012,12-13,2012-12-29,90,Groomed
T013,12-13,2012-12-29,90,Groomed
T015,12-13,2012-12-29,90,Groomed
T016,12-13,2012-12-29,90,Open
T017,12-13,2012-12-29,90,Open
T018,12-13,2012-12-29,90,Closed
T019,12-13,2012-12-29,90,Closed
T020,12-13,2012-12-29,90,Open
T021,12-13,2012-12-29,90,Groomed
T022,12-13,2012-12-29,90,Groomed
T023,12-13,2012-12-29,90,Groomed
T024,12-13,2012-12-29,90,Open
T025,12-13,2012-12-29,90,Groomed
T026,12-13,2012-12-29,90,Open
T027,12-13,2012-12-29,90,Open
T028,12-13,2012-12-29,90,Closed
T029,12-13,2012-12-29,90,Closed
T030,12-13,2012-12-29,90,Closed
T031,12-13,2012-12-29,90,Groomed
T032,12-13,2012-12-29,90,Closed
T033,12-13,2012-12-29,90,Groomed
T034,12-13,2012-12-29,90,Groomed
T035,12-13,2012-12-29,90,Open
T036,12-13,2012-12-29,90,Groomed
T037,12-13,2012-12-29,90,Closed
T038,12-13,2012-12-29,90,Closed
T039,12-13,2012-12-29,90,Closed
T040,12-13,2012-12-29,90,Closed
T042,12-13,2012-12-29,90,Closed
T043,12-13,2012-12-29,90,Closed
T044,12-13,2012-12-29,90,Open
T045,12-13,2012-12-29,90,Open
T046,12-13,2012-12-29,90,Closed
T047,12-13,2012-12-29,90,Closed
T048,12-13,2012-12-29,90,Closed
T049,12-13,2012-12-29,90,Closed
T051,12-13,2012-12-29,90,Groomed
T052,12-13,2012-12-29,90,Groomed
T053,12-13,2012-12-29,90,Groomed
T054,12-13,2012-12-29,90,Groomed
T061,12-13,2012-12-29,90,Groomed
T063,12-13,2012-12-29,90,Groomed
T064,12-13,2012-12-29,90,Groomed
T065,12-13,2012-12-29,90,Open
T066,12-13,2012-12-29,90,Open
T067,12-13,2012-12-29,90,Closed
T068,12-13,2012-12-29,90,Open
T069,12-13,2012-12-29,90,Closed
T070,12-13,2012-12-29,90,Open
T071,12-13,2012-12-29,90,Open
T072,12-13,2012-12-29,90,Closed
T073,12-13,2012-12-29,90,Closed
T074,12-13,2012-12-29,90,Closed
T075,12-13,2012-12-29,90,Closed
T076,12-13,2012-12-29,90,Open
T077,12-13,2012-12-29,90,Open
T078,12-13,2012-12-29,90,Closed
T079,12-13,2012-12-29,90,Open
T080,12-13,2012-12-29,90,Open
T081,12-13,2012-12-29,90,Open
T083,12-13,2012-12-29,90,Open
T084,12-13,2012-12-29,90,Open
T085,12-13,2012-12-29,90,Open
T086,12-13,2012-12-29,90,Open
T087,12-13,2012-12-29,90,Open
T088,12-13,2012-12-29,90,Open
T089,12-13,2012-12-29,90,Open
T090,12-13,2012-12-29,90,Open
T091,12-13,2012-12-29,90,Open
T092,12-13,2012-12-29,90,Open
T127,12-13,2012-12-29,90,Open
T134,12-13,2012-12-29,90,Open
T135,12-13,2012-12-29,90,Closed
T136,12-13,2012-12-29,90,Open
T137,12-13,2012-12-29,90,Closed
T148,12-13,2012-12-29,90,Closed
T151,12-13,2012-12-29,90,Open
T152,12-13,2012-12-29,90,Groomed
T155,12-13,2012-12-29,90,Closed
T156,12-13,2012-12-29,90,Closed
T157,12-13,2012-12-29,90,Open
T002,12-13,2012-12-30,91,Groomed
T003,12-13,2012-12-30,91,Closed
T004,12-13,2012-12-30,91,Groomed
T005,12-13,2012-12-30,91,Groomed
T006,12-13,2012-12-30,91,Open
T007,12-13,2012-12-30,91,Groomed
T008,12-13,2012-12-30,91,Open
T009,12-13,2012-12-30,91,Groomed
T010,12-13,2012-12-30,91,Closed
T011,12-13,2012-12-30,91,Groomed
T012,12-13,2012-12-30,91,Groomed
T013,12-13,2012-12-30,91,Groomed
T015,12-13,2012-12-30,91,Groomed
T016,12-13,2012-12-30,91,Open
T017,12-13,2012-12-30,91,Open
T018,12-13,2012-12-30,91,Closed
T019,12-13,2012-12-30,91,Closed
T020,12-13,2012-12-30,91,Open
T021,12-13,2012-12-30,91,Groomed
T022,12-13,2012-12-30,91,Groomed
T023,12-13,2012-12-30,91,Groomed
T024,12-13,2012-12-30,91,Open
T025,12-13,2012-12-30,91,Groomed
T026,12-13,2012-12-30,91,Open
T027,12-13,2012-12-30,91,Groomed
T028,12-13,2012-12-30,91,Closed
T029,12-13,2012-12-30,91,Closed
T030,12-13,2012-12-30,91,Closed
T031,12-13,2012-12-30,91,Groomed
T032,12-13,2012-12-30,91,Closed
T033,12-13,2012-12-30,91,Open
T034,12-13,2012-12-30,91,Groomed
T035,12-13,2012-12-30,91,Open
T036,12-13,2012-12-30,91,Groomed
T037,12-13,2012-12-30,91,Closed
T038,12-13,2012-12-30,91,Closed
T039,12-13,2012-12-30,91,Closed
T040,12-13,2012-12-30,91,Closed
T042,12-13,2012-12-30,91,Closed
T043,12-13,2012-12-30,91,Closed
T044,12-13,2012-12-30,91,Open
T045,12-13,2012-12-30,91,Open
T046,12-13,2012-12-30,91,Closed
T047,12-13,2012-12-30,91,Closed
T048,12-13,2012-12-30,91,Closed
T049,12-13,2012-12-30,91,Closed
T051,12-13,2012-12-30,91,Groomed
T052,12-13,2012-12-30,91,Groomed
T053,12-13,2012-12-30,91,Groomed
T054,12-13,2012-12-30,91,Groomed
T061,12-13,2012-12-30,91,Groomed
T063,12-13,2012-12-30,91,Groomed
T064,12-13,2012-12-30,91,Groomed
T065,12-13,2012-12-30,91,Open
T066,12-13,2012-12-30,91,Open
T067,12-13,2012-12-30,91,Closed
T068,12-13,2012-12-30,91,Open
T069,12-13,2012-12-30,91,Closed
T070,12-13,2012-12-30,91,Open
T071,12-13,2012-12-30,91,Open
T072,12-13,2012-12-30,91,Closed
T073,12-13,2012-12-30,91,Closed
T074,12-13,2012-12-30,91,Closed
T075,12-13,2012-12-30,91,Closed
T076,12-13,2012-12-30,91,Open
T077,12-13,2012-12-30,91,Groomed
T078,12-13,2012-12-30,91,Closed
T079,12-13,2012-12-30,91,Groomed
T080,12-13,2012-12-30,91,Open
T081,12-13,2012-12-30,91,Open
T083,12-13,2012-12-30,91,Open
T084,12-13,2012-12-30,91,Open
T085,12-13,2012-12-30,91,Open
T086,12-13,2012-12-30,91,Open
T087,12-13,2012-12-30,91,Open
T088,12-13,2012-12-30,91,Open
T089,12-13,2012-12-30,91,Open
T090,12-13,2012-12-30,91,Open
T091,12-13,2012-12-30,91,Open
T092,12-13,2012-12-30,91,Open
T127,12-13,2012-12-30,91,Open
T134,12-13,2012-12-30,91,Open
T135,12-13,2012-12-30,91,Closed
T136,12-13,2012-12-30,91,Open
T137,12-13,2012-12-30,91,Closed
T148,12-13,2012-12-30,91,Closed
T151,12-13,2012-12-30,91,Open
T152,12-13,2012-12-30,91,Groomed
T155,12-13,2012-12-30,91,Closed
T156,12-13,2012-12-30,91,Closed
T157,12-13,2012-12-30,91,Open
T002,12-13,2012-12-31,92,Groomed
T003,12-13,2012-12-31,92,Closed
T004,12-13,2012-12-31,92,Groomed
T005,12-13,2012-12-31,92,Groomed
T006,12-13,2012-12-31,92,Open
T007,12-13,2012-12-31,92,Groomed
T008,12-13,2012-12-31,92,Open
T009,12-13,2012-12-31,92,Groomed
T010,12-13,2012-12-31,92,Closed
T011,12-13,2012-12-31,92,Groomed
T012,12-13,2012-12-31,92,Groomed
T013,12-13,2012-12-31,92,Groomed
T015,12-13,2012-12-31,92,Groomed
T016,12-13,2012-12-31,92,Open
T017,12-13,2012-12-31,92,Open
T018,12-13,2012-12-31,92,Closed
T019,12-13,2012-12-31,92,Closed
T020,12-13,2012-12-31,92,Open
T021,12-13,2012-12-31,92,Groomed
T022,12-13,2012-12-31,92,Groomed
T023,12-13,2012-12-31,92,Groomed
T024,12-13,2012-12-31,92,Open
T025,12-13,2012-12-31,92,Groomed
T026,12-13,2012-12-31,92,Open
T027,12-13,2012-12-31,92,Groomed
T028,12-13,2012-12-31,92,Closed
T029,12-13,2012-12-31,92,Closed
T030,12-13,2012-12-31,92,Closed
T031,12-13,2012-12-31,92,Groomed
T032,12-13,2012-12-31,92,Closed
T033,12-13,2012-12-31,92,Groomed
T034,12-13,2012-12-31,92,Groomed
T035,12-13,2012-12-31,92,Open
T036,12-13,2012-12-31,92,Groomed
T037,12-13,2012-12-31,92,Closed
T038,12-13,2012-12-31,92,Closed
T039,12-13,2012-12-31,92,Closed
T040,12-13,2012-12-31,92,Closed
T042,12-13,2012-12-31,92,Closed
T043,12-13,2012-12-31,92,Closed
T044,12-13,2012-12-31,92,Open
T045,12-13,2012-12-31,92,Open
T046,12-13,2012-12-31,92,Closed
T047,12-13,2012-12-31,92,Closed
T048,12-13,2012-12-31,92,Closed
T049,12-13,2012-12-31,92,Closed
T051,12-13,2012-12-31,92,Groomed
T052,12-13,2012-12-31,92,Groomed
T053,12-13,2012-12-31,92,Groomed
T054,12-13,2012-12-31,92,Groomed
T061,12-13,2012-12-31,92,Groomed
T063,12-13,2012-12-31,92,Groomed
T064,12-13,2012-12-31,92,Groomed
T065,12-13,2012-12-31,92,Open
T066,12-13,2012-12-31,92,Open
T067,12-13,2012-12-31,92,Closed
T068,12-13,2012-12-31,92,Open
T069,12-13,2012-12-31,92,Closed
T070,12-13,2012-12-31,92,Open
T071,12-13,2012-12-31,92,Open
T072,12-13,2012-12-31,92,Closed
T073,12-13,2012-12-31,92,Closed
T074,12-13,2012-12-31,92,Closed
T075,12-13,2012-12-31,92,Closed
T076,12-13,2012-12-31,92,Open
T077,12-13,2012-12-31,92,Groomed
T078,12-13,2012-12-31,92,Groomed
T079,12-13,2012-12-31,92,Groomed
T080,12-13,2012-12-31,92,Open
T081,12-13,2012-12-31,92,Open
T083,12-13,2012-12-31,92,Open
T084,12-13,2012-12-31,92,Open
T085,12-13,2012-12-31,92,Open
T086,12-13,2012-12-31,92,Open
T087,12-13,2012-12-31,92,Open
T088,12-13,2012-12-31,92,Open
T089,12-13,2012-12-31,92,Open
T090,12-13,2012-12-31,92,Open
T091,12-13,2012-12-31,92,Open
T092,12-13,2012-12-31,92,Open
T127,12-13,2012-12-31,92,Open
T134,12-13,2012-12-31,92,Open
T135,12-13,2012-12-31,92,Closed
T136,12-13,2012-12-31,92,Open
T137,12-13,2012-12-31,92,Closed
T148,12-13,2012-12-31,92,Closed
T151,12-13,2012-12-31,92,Open
T152,12-13,2012-12-31,92,Groomed
T155,12-13,2012-12-31,92,Closed
T156,12-13,2012-12-31,92,Closed
T157,12-13,2012-12-31,92,Open
T002,12-13,2013-01-01,93,Groomed
T003,12-13,2013-01-01,93,Closed
T004,12-13,2013-01-01,93,Groomed
T005,12-13,2013-01-01,93,Groomed
T006,12-13,2013-01-01,93,Open
T007,12-13,2013-01-01,93,Groomed
T008,12-13,2013-01-01,93,Groomed
T009,12-13,2013-01-01,93,Groomed
T010,12-13,2013-01-01,93,Open
T011,12-13,2013-01-01,93,Groomed
T012,12-13,2013-01-01,93,Groomed
T013,12-13,2013-01-01,93,Groomed
T015,12-13,2013-01-01,93,Groomed
T016,12-13,2013-01-01,93,Open
T017,12-13,2013-01-01,93,Open
T018,12-13,2013-01-01,93,Closed
T019,12-13,2013-01-01,93,Closed
T020,12-13,2013-01-01,93,Open
T021,12-13,2013-01-01,93,Groomed
T022,12-13,2013-01-01,93,Groomed
T023,12-13,2013-01-01,93,Groomed
T024,12-13,2013-01-01,93,Open
T025,12-13,2013-01-01,93,Groomed
T026,12-13,2013-01-01,93,Open
T027,12-13,2013-01-01,93,Open
T028,12-13,2013-01-01,93,Closed
T029,12-13,2013-01-01,93,Closed
T030,12-13,2013-01-01,93,Closed
T031,12-13,2013-01-01,93,Groomed
T032,12-13,2013-01-01,93,Closed
T033,12-13,2013-01-01,93,Open
T034,12-13,2013-01-01,93,Groomed
T035,12-13,2013-01-01,93,Open
T036,12-13,2013-01-01,93,Groomed
T037,12-13,2013-01-01,93,Closed
T038,12-13,2013-01-01,93,Closed
T039,12-13,2013-01-01,93,Closed
T040,12-13,2013-01-01,93,Closed
T042,12-13,2013-01-01,93,Closed
T043,12-13,2013-01-01,93,Closed
T044,12-13,2013-01-01,93,Open
T045,12-13,2013-01-01,93,Open
T046,12-13,2013-01-01,93,Closed
T047,12-13,2013-01-01,93,Closed
T048,12-13,2013-01-01,93,Closed
T049,12-13,2013-01-01,93,Closed
T051,12-13,2013-01-01,93,Groomed
T052,12-13,2013-01-01,93,Groomed
T053,12-13,2013-01-01,93,Groomed
T054,12-13,2013-01-01,93,Groomed
T061,12-13,2013-01-01,93,Groomed
T063,12-13,2013-01-01,93,Groomed
T064,12-13,2013-01-01,93,Groomed
T065,12-13,2013-01-01,93,Open
T066,12-13,2013-01-01,93,Groomed
T067,12-13,2013-01-01,93,Closed
T068,12-13,2013-01-01,93,Open
T069,12-13,2013-01-01,93,Closed
T070,12-13,2013-01-01,93,Open
T071,12-13,2013-01-01,93,Open
T072,12-13,2013-01-01,93,Closed
T073,12-13,2013-01-01,93,Closed
T074,12-13,2013-01-01,93,Closed
T075,12-13,2013-01-01,93,Closed
T076,12-13,2013-01-01,93,Open
T077,12-13,2013-01-01,93,Groomed
T078,12-13,2013-01-01,93,Open
T079,12-13,2013-01-01,93,Groomed
T080,12-13,2013-01-01,93,Open
T081,12-13,2013-01-01,93,Open
T083,12-13,2013-01-01,93,Open
T084,12-13,2013-01-01,93,Open
T085,12-13,2013-01-01,93,Open
T086,12-13,2013-01-01,93,Open
T087,12-13,2013-01-01,93,Open
T088,12-13,2013-01-01,93,Open
T089,12-13,2013-01-01,93,Open
T090,12-13,2013-01-01,93,Open
T091,12-13,2013-01-01,93,Open
T092,12-13,2013-01-01,93,Open
T127,12-13,2013-01-01,93,Open
T134,12-13,2013-01-01,93,Open
T135,12-13,2013-01-01,93,Closed
T136,12-13,2013-01-01,93,Open
T137,12-13,2013-01-01,93,Closed
T148,12-13,2013-01-01,93,Closed
T151,12-13,2013-01-01,93,Groomed
T152,12-13,2013-01-01,93,Groomed
T155,12-13,2013-01-01,93,Closed
T156,12-13,2013-01-01,93,Closed
T157,12-13,2013-01-01,93,Open
T002,12-13,2013-01-02,94,Groomed
T003,12-13,2013-01-02,94,Closed
T004,12-13,2013-01-02,94,Groomed
T005,12-13,2013-01-02,94,Groomed
T006,12-13,2013-01-02,94,Open
T007,12-13,2013-01-02,94,Groomed
T008,12-13,2013-01-02,94,Open
T009,12-13,2013-01-02,94,Groomed
T010,12-13,2013-01-02,94,Open
T011,12-13,2013-01-02,94,Groomed
T012,12-13,2013-01-02,94,Groomed
T013,12-13,2013-01-02,94,Groomed
T015,12-13,2013-01-02,94,Groomed
T016,12-13,2013-01-02,94,Open
T017,12-13,2013-01-02,94,Open
T018,12-13,2013-01-02,94,Closed
T019,12-13,2013-01-02,94,Closed
T020,12-13,2013-01-02,94,Open
T021,12-13,2013-01-02,94,Groomed
T022,12-13,2013-01-02,94,Groomed
T023,12-13,2013-01-02,94,Groomed
T024,12-13,2013-01-02,94,Open
T025,12-13,2013-01-02,94,Groomed
T026,12-13,2013-01-02,94,Open
T027,12-13,2013-01-02,94,Open
T028,12-13,2013-01-02,94,Open
T029,12-13,2013-01-02,94,Closed
T030,12-13,2013-01-02,94,Open
T031,12-13,2013-01-02,94,Groomed
T032,12-13,2013-01-02,94,Closed
T033,12-13,2013-01-02,94,Open
T034,12-13,2013-01-02,94,Groomed
T035,12-13,2013-01-02,94,Open
T036,12-13,2013-01-02,94,Groomed
T037,12-13,2013-01-02,94,Closed
T038,12-13,2013-01-02,94,Closed
T039,12-13,2013-01-02,94,Closed
T040,12-13,2013-01-02,94,Closed
T042,12-13,2013-01-02,94,Closed
T043,12-13,2013-01-02,94,Closed
T044,12-13,2013-01-02,94,Open
T045,12-13,2013-01-02,94,Open
T046,12-13,2013-01-02,94,Closed
T047,12-13,2013-01-02,94,Closed
T048,12-13,2013-01-02,94,Closed
T049,12-13,2013-01-02,94,Closed
T051,12-13,2013-01-02,94,Groomed
T052,12-13,2013-01-02,94,Groomed
T053,12-13,2013-01-02,94,Groomed
T054,12-13,2013-01-02,94,Groomed
T061,12-13,2013-01-02,94,Groomed
T063,12-13,2013-01-02,94,Groomed
T064,12-13,2013-01-02,94,Open
T065,12-13,2013-01-02,94,Open
T066,12-13,2013-01-02,94,Open
T067,12-13,2013-01-02,94,Closed
T068,12-13,2013-01-02,94,Open
T069,12-13,2013-01-02,94,Closed
T070,12-13,2013-01-02,94,Open
T071,12-13,2013-01-02,94,Open
T072,12-13,2013-01-02,94,Closed
T073,12-13,2013-01-02,94,Closed
T074,12-13,2013-01-02,94,Closed
T075,12-13,2013-01-02,94,Closed
T076,12-13,2013-01-02,94,Open
T077,12-13,2013-01-02,94,Groomed
T078,12-13,2013-01-02,94,Open
T079,12-13,2013-01-02,94,Groomed
T080,12-13,2013-01-02,94,Open
T081,12-13,2013-01-02,94,Open
T083,12-13,2013-01-02,94,Open
T084,12-13,2013-01-02,94,Open
T085,12-13,2013-01-02,94,Open
T086,12-13,2013-01-02,94,Open
T087,12-13,2013-01-02,94,Open
T088,12-13,2013-01-02,94,Open
T089,12-13,2013-01-02,94,Open
T090,12-13,2013-01-02,94,Open
T091,12-13,2013-01-02,94,Open
T092,12-13,2013-01-02,94,Open
T127,12-13,2013-01-02,94,Open
T134,12-13,2013-01-02,94,Open
T135,12-13,2013-01-02,94,Closed
T136,12-13,2013-01-02,94,Open
T137,12-13,2013-01-02,94,Closed
T148,12-13,2013-01-02,94,Closed
T151,12-13,2013-01-02,94,Groomed
T152,12-13,2013-01-02,94,Groomed
T155,12-13,2013-01-02,94,Closed
T156,12-13,2013-01-02,94,Closed
T157,12-13,2013-01-02,94,Open
T002,12-13,2013-01-03,95,Groomed
T003,12-13,2013-01-03,95,Closed
T004,12-13,2013-01-03,95,Groomed
T005,12-13,2013-01-03,95,Groomed
T006,12-13,2013-01-03,95,Open
T007,12-13,2013-01-03,95,Groomed
T008,12-13,2013-01-03,95,Open
T009,12-13,2013-01-03,95,Groomed
T010,12-13,2013-01-03,95,Open
T011,12-13,2013-01-03,95,Groomed
T012,12-13,2013-01-03,95,Groomed
T013,12-13,2013-01-03,95,Groomed
T015,12-13,2013-01-03,95,Groomed
T016,12-13,2013-01-03,95,Open
T017,12-13,2013-01-03,95,Open
T018,12-13,2013-01-03,95,Closed
T019,12-13,2013-01-03,95,Closed
T020,12-13,2013-01-03,95,Open
T021,12-13,2013-01-03,95,Groomed
T022,12-13,2013-01-03,95,Groomed
T023,12-13,2013-01-03,95,Groomed
T024,12-13,2013-01-03,95,Open
T025,12-13,2013-01-03,95,Groomed
T026,12-13,2013-01-03,95,Open
T027,12-13,2013-01-03,95,Groomed
T028,12-13,2013-01-03,95,Open
T029,12-13,2013-01-03,95,Closed
T030,12-13,2013-01-03,95,Open
T031,12-13,2013-01-03,95,Groomed
T032,12-13,2013-01-03,95,Closed
T033,12-13,2013-01-03,95,Groomed
T034,12-13,2013-01-03,95,Groomed
T035,12-13,2013-01-03,95,Open
T036,12-13,2013-01-03,95,Groomed
T037,12-13,2013-01-03,95,Closed
T038,12-13,2013-01-03,95,Open
T039,12-13,2013-01-03,95,Closed
T040,12-13,2013-01-03,95,Closed
T042,12-13,2013-01-03,95,Closed
T043,12-13,2013-01-03,95,Closed
T044,12-13,2013-01-03,95,Open
T045,12-13,2013-01-03,95,Open
T046,12-13,2013-01-03,95,Closed
T047,12-13,2013-01-03,95,Closed
T048,12-13,2013-01-03,95,Closed
T049,12-13,2013-01-03,95,Closed
T051,12-13,2013-01-03,95,Groomed
T052,12-13,2013-01-03,95,Groomed
T053,12-13,2013-01-03,95,Groomed
T054,12-13,2013-01-03,95,Groomed
T061,12-13,2013-01-03,95,Groomed
T063,12-13,2013-01-03,95,Groomed
T064,12-13,2013-01-03,95,Groomed
T065,12-13,2013-01-03,95,Open
T066,12-13,2013-01-03,95,Open
T067,12-13,2013-01-03,95,Closed
T068,12-13,2013-01-03,95,Open
T069,12-13,2013-01-03,95,Closed
T070,12-13,2013-01-03,95,Open
T071,12-13,2013-01-03,95,Open
T072,12-13,2013-01-03,95,Closed
T073,12-13,2013-01-03,95,Closed
T074,12-13,2013-01-03,95,Closed
T075,12-13,2013-01-03,95,Closed
T076,12-13,2013-01-03,95,Open
T077,12-13,2013-01-03,95,Groomed
T078,12-13,2013-01-03,95,Open
T079,12-13,2013-01-03,95,Groomed
T080,12-13,2013-01-03,95,Open
T081,12-13,2013-01-03,95,Open
T083,12-13,2013-01-03,95,Open
T084,12-13,2013-01-03,95,Open
T085,12-13,2013-01-03,95,Open
T086,12-13,2013-01-03,95,Open
T087,12-13,2013-01-03,95,Open
T088,12-13,2013-01-03,95,Open
T089,12-13,2013-01-03,95,Open
T090,12-13,2013-01-03,95,Open
T091,12-13,2013-01-03,95,Open
T092,12-13,2013-01-03,95,Open
T127,12-13,2013-01-03,95,Open
T134,12-13,2013-01-03,95,Open
T135,12-13,2013-01-03,95,Closed
T136,12-13,2013-01-03,95,Open
T137,12-13,2013-01-03,95,Closed
T148,12-13,2013-01-03,95,Closed
T151,12-13,2013-01-03,95,Groomed
T152,12-13,2013-01-03,95,Groomed
T155,12-13,2013-01-03,95,Closed
T156,12-13,2013-01-03,95,Closed
T157,12-13,2013-01-03,95,Open
T002,12-13,2013-01-04,96,Groomed
T003,12-13,2013-01-04,96,Closed
T004,12-13,2013-01-04,96,Groomed
T005,12-13,2013-01-04,96,Groomed
T006,12-13,2013-01-04,96,Open
T007,12-13,2013-01-04,96,Groomed
T008,12-13,2013-01-04,96,Open
T009,12-13,2013-01-04,96,Groomed
T010,12-13,2013-01-04,96,Open
T011,12-13,2013-01-04,96,Groomed
T012,12-13,2013-01-04,96,Groomed
T013,12-13,2013-01-04,96,Groomed
T015,12-13,2013-01-04,96,Groomed
T016,12-13,2013-01-04,96,Open
T017,12-13,2013-01-04,96,Open
T018,12-13,2013-01-04,96,Closed
T019,12-13,2013-01-04,96,Closed
T020,12-13,2013-01-04,96,Open
T021,12-13,2013-01-04,96,Groomed
T022,12-13,2013-01-04,96,Groomed
T023,12-13,2013-01-04,96,Groomed
T024,12-13,2013-01-04,96,Open
T025,12-13,2013-01-04,96,Groomed
T026,12-13,2013-01-04,96,Open
T027,12-13,2013-01-04,96,Groomed
T028,12-13,2013-01-04,96,Open
T029,12-13,2013-01-04,96,Closed
T030,12-13,2013-01-04,96,Open
T031,12-13,2013-01-04,96,Groomed
T032,12-13,2013-01-04,96,Closed
T033,12-13,2013-01-04,96,Groomed
T034,12-13,2013-01-04,96,Groomed
T035,12-13,2013-01-04,96,Open
T036,12-13,2013-01-04,96,Groomed
T037,12-13,2013-01-04,96,Closed
T038,12-13,2013-01-04,96,Open
T039,12-13,2013-01-04,96,Closed
T040,12-13,2013-01-04,96,Closed
T042,12-13,2013-01-04,96,Closed
T043,12-13,2013-01-04,96,Closed
T044,12-13,2013-01-04,96,Open
T045,12-13,2013-01-04,96,Open
T046,12-13,2013-01-04,96,Closed
T047,12-13,2013-01-04,96,Closed
T048,12-13,2013-01-04,96,Closed
T049,12-13,2013-01-04,96,Closed
T051,12-13,2013-01-04,96,Groomed
T052,12-13,2013-01-04,96,Groomed
T053,12-13,2013-01-04,96,Groomed
T054,12-13,2013-01-04,96,Groomed
T061,12-13,2013-01-04,96,Groomed
T063,12-13,2013-01-04,96,Groomed
T064,12-13,2013-01-04,96,Groomed
T065,12-13,2013-01-04,96,Open
T066,12-13,2013-01-04,96,Open
T067,12-13,2013-01-04,96,Closed
T068,12-13,2013-01-04,96,Open
T069,12-13,2013-01-04,96,Closed
T070,12-13,2013-01-04,96,Open
T071,12-13,2013-01-04,96,Open
T072,12-13,2013-01-04,96,Closed
T073,12-13,2013-01-04,96,Closed
T074,12-13,2013-01-04,96,Closed
T075,12-13,2013-01-04,96,Closed
T076,12-13,2013-01-04,96,Open
T077,12-13,2013-01-04,96,Groomed
T078,12-13,2013-01-04,96,Open
T079,12-13,2013-01-04,96,Groomed
T080,12-13,2013-01-04,96,Open
T081,12-13,2013-01-04,96,Open
T083,12-13,2013-01-04,96,Open
T084,12-13,2013-01-04,96,Open
T085,12-13,2013-01-04,96,Open
T086,12-13,2013-01-04,96,Open
T087,12-13,2013-01-04,96,Open
T088,12-13,2013-01-04,96,Open
T089,12-13,2013-01-04,96,Open
T090,12-13,2013-01-04,96,Open
T091,12-13,2013-01-04,96,Open
T092,12-13,2013-01-04,96,Open
T127,12-13,2013-01-04,96,Open
T134,12-13,2013-01-04,96,Open
T135,12-13,2013-01-04,96,Closed
T136,12-13,2013-01-04,96,Open
T137,12-13,2013-01-04,96,Closed
T148,12-13,2013-01-04,96,Closed
T151,12-13,2013-01-04,96,Groomed
T152,12-13,2013-01-04,96,Groomed
T155,12-13,2013-01-04,96,Closed
T156,12-13,2013-01-04,96,Closed
T157,12-13,2013-01-04,96,Open
T002,12-13,2013-01-05,97,Groomed
T003,12-13,2013-01-05,97,Closed
T004,12-13,2013-01-05,97,Groomed
T005,12-13,2013-01-05,97,Groomed
T006,12-13,2013-01-05,97,Open
T007,12-13,2013-01-05,97,Groomed
T008,12-13,2013-01-05,97,Groomed
T009,12-13,2013-01-05,97,Groomed
T010,12-13,2013-01-05,97,Groomed
T011,12-13,2013-01-05,97,Groomed
T012,12-13,2013-01-05,97,Groomed
T013,12-13,2013-01-05,97,Groomed
T015,12-13,2013-01-05,97,Groomed
T016,12-13,2013-01-05,97,Open
T017,12-13,2013-01-05,97,Open
T018,12-13,2013-01-05,97,Closed
T019,12-13,2013-01-05,97,Closed
T020,12-13,2013-01-05,97,Open
T021,12-13,2013-01-05,97,Groomed
T022,12-13,2013-01-05,97,Groomed
T023,12-13,2013-01-05,97,Groomed
T024,12-13,2013-01-05,97,Open
T025,12-13,2013-01-05,97,Groomed
T026,12-13,2013-01-05,97,Open
T027,12-13,2013-01-05,97,Groomed
T028,12-13,2013-01-05,97,Open
T029,12-13,2013-01-05,97,Closed
T030,12-13,2013-01-05,97,Groomed
T031,12-13,2013-01-05,97,Groomed
T032,12-13,2013-01-05,97,Closed
T033,12-13,2013-01-05,97,Groomed
T034,12-13,2013-01-05,97,Groomed
T035,12-13,2013-01-05,97,Open
T036,12-13,2013-01-05,97,Groomed
T037,12-13,2013-01-05,97,Closed
T038,12-13,2013-01-05,97,Groomed
T039,12-13,2013-01-05,97,Closed
T040,12-13,2013-01-05,97,Closed
T042,12-13,2013-01-05,97,Closed
T043,12-13,2013-01-05,97,Closed
T044,12-13,2013-01-05,97,Open
T045,12-13,2013-01-05,97,Open
T046,12-13,2013-01-05,97,Closed
T047,12-13,2013-01-05,97,Closed
T048,12-13,2013-01-05,97,Closed
T049,12-13,2013-01-05,97,Closed
T051,12-13,2013-01-05,97,Groomed
T052,12-13,2013-01-05,97,Groomed
T053,12-13,2013-01-05,97,Groomed
T054,12-13,2013-01-05,97,Groomed
T061,12-13,2013-01-05,97,Groomed
T063,12-13,2013-01-05,97,Groomed
T064,12-13,2013-01-05,97,Groomed
T065,12-13,2013-01-05,97,Open
T066,12-13,2013-01-05,97,Open
T067,12-13,2013-01-05,97,Closed
T068,12-13,2013-01-05,97,Open
T069,12-13,2013-01-05,97,Closed
T070,12-13,2013-01-05,97,Open
T071,12-13,2013-01-05,97,Open
T072,12-13,2013-01-05,97,Closed
T073,12-13,2013-01-05,97,Closed
T074,12-13,2013-01-05,97,Closed
T075,12-13,2013-01-05,97,Closed
T076,12-13,2013-01-05,97,Open
T077,12-13,2013-01-05,97,Groomed
T078,12-13,2013-01-05,97,Groomed
T079,12-13,2013-01-05,97,Groomed
T080,12-13,2013-01-05,97,Open
T081,12-13,2013-01-05,97,Open
T083,12-13,2013-01-05,97,Open
T084,12-13,2013-01-05,97,Open
T085,12-13,2013-01-05,97,Open
T086,12-13,2013-01-05,97,Open
T087,12-13,2013-01-05,97,Open
T088,12-13,2013-01-05,97,Open
T089,12-13,2013-01-05,97,Open
T090,12-13,2013-01-05,97,Open
T091,12-13,2013-01-05,97,Open
T092,12-13,2013-01-05,97,Open
T127,12-13,2013-01-05,97,Open
T134,12-13,2013-01-05,97,Open
T135,12-13,2013-01-05,97,Closed
T136,12-13,2013-01-05,97,Open
T137,12-13,2013-01-05,97,Closed
T148,12-13,2013-01-05,97,Closed
T151,12-13,2013-01-05,97,Groomed
T152,12-13,2013-01-05,97,Groomed
T155,12-13,2013-01-05,97,Closed
T156,12-13,2013-01-05,97,Closed
T157,12-13,2013-01-05,97,Open
T002,12-13,2013-01-06,98,Groomed
T003,12-13,2013-01-06,98,Closed
T004,12-13,2013-01-06,98,Groomed
T005,12-13,2013-01-06,98,Groomed
T006,12-13,2013-01-06,98,Open
T007,12-13,2013-01-06,98,Groomed
T008,12-13,2013-01-06,98,Groomed
T009,12-13,2013-01-06,98,Groomed
T010,12-13,2013-01-06,98,Groomed
T011,12-13,2013-01-06,98,Groomed
T012,12-13,2013-01-06,98,Groomed
T013,12-13,2013-01-06,98,Groomed
T015,12-13,2013-01-06,98,Groomed
T016,12-13,2013-01-06,98,Open
T017,12-13,2013-01-06,98,Groomed
T018,12-13,2013-01-06,98,Closed
T019,12-13,2013-01-06,98,Closed
T020,12-13,2013-01-06,98,Open
T021,12-13,2013-01-06,98,Groomed
T022,12-13,2013-01-06,98,Groomed
T023,12-13,2013-01-06,98,Groomed
T024,12-13,2013-01-06,98,Open
T025,12-13,2013-01-06,98,Groomed
T026,12-13,2013-01-06,98,Open
T027,12-13,2013-01-06,98,Open
T028,12-13,2013-01-06,98,Open
T029,12-13,2013-01-06,98,Closed
T030,12-13,2013-01-06,98,Open
T031,12-13,2013-01-06,98,Groomed
T032,12-13,2013-01-06,98,Closed
T033,12-13,2013-01-06,98,Open
T034,12-13,2013-01-06,98,Groomed
T035,12-13,2013-01-06,98,Open
T036,12-13,2013-01-06,98,Groomed
T037,12-13,2013-01-06,98,Closed
T038,12-13,2013-01-06,98,Groomed
T039,12-13,2013-01-06,98,Closed
T040,12-13,2013-01-06,98,Closed
T042,12-13,2013-01-06,98,Closed
T043,12-13,2013-01-06,98,Closed
T044,12-13,2013-01-06,98,Open
T045,12-13,2013-01-06,98,Open
T046,12-13,2013-01-06,98,Closed
T047,12-13,2013-01-06,98,Closed
T048,12-13,2013-01-06,98,Closed
T049,12-13,2013-01-06,98,Closed
T051,12-13,2013-01-06,98,Groomed
T052,12-13,2013-01-06,98,Groomed
T053,12-13,2013-01-06,98,Groomed
T054,12-13,2013-01-06,98,Groomed
T061,12-13,2013-01-06,98,Groomed
T063,12-13,2013-01-06,98,Groomed
T064,12-13,2013-01-06,98,Groomed
T065,12-13,2013-01-06,98,Open
T066,12-13,2013-01-06,98,Open
T067,12-13,2013-01-06,98,Closed
T068,12-13,2013-01-06,98,Open
T069,12-13,2013-01-06,98,Closed
T070,12-13,2013-01-06,98,Open
T071,12-13,2013-01-06,98,Open
T072,12-13,2013-01-06,98,Closed
T073,12-13,2013-01-06,98,Closed
T074,12-13,2013-01-06,98,Closed
T075,12-13,2013-01-06,98,Closed
T076,12-13,2013-01-06,98,Open
T077,12-13,2013-01-06,98,Groomed
T078,12-13,2013-01-06,98,Groomed
T079,12-13,2013-01-06,98,Groomed
T080,12-13,2013-01-06,98,Open
T081,12-13,2013-01-06,98,Open
T083,12-13,2013-01-06,98,Open
T084,12-13,2013-01-06,98,Open
T085,12-13,2013-01-06,98,Open
T086,12-13,2013-01-06,98,Open
T087,12-13,2013-01-06,98,Open
T088,12-13,2013-01-06,98,Open
T089,12-13,2013-01-06,98,Open
T090,12-13,2013-01-06,98,Open
T091,12-13,2013-01-06,98,Open
T092,12-13,2013-01-06,98,Open
T127,12-13,2013-01-06,98,Open
T134,12-13,2013-01-06,98,Open
T135,12-13,2013-01-06,98,Closed
T136,12-13,2013-01-06,98,Open
T137,12-13,2013-01-06,98,Closed
T148,12-13,2013-01-06,98,Closed
T151,12-13,2013-01-06,98,Groomed
T152,12-13,2013-01-06,98,Groomed
T155,12-13,2013-01-06,98,Closed
T156,12-13,2013-01-06,98,Closed
T157,12-13,2013-01-06,98,Open
T002,12-13,2013-01-07,99,Groomed
T003,12-13,2013-01-07,99,Closed
T004,12-13,2013-01-07,99,Groomed
T005,12-13,2013-01-07,99,Groomed
T006,12-13,2013-01-07,99,Open
T007,12-13,2013-01-07,99,Groomed
T008,12-13,2013-01-07,99,Groomed
T009,12-13,2013-01-07,99,Groomed
T010,12-13,2013-01-07,99,Groomed
T011,12-13,2013-01-07,99,Groomed
T012,12-13,2013-01-07,99,Groomed
T013,12-13,2013-01-07,99,Groomed
T015,12-13,2013-01-07,99,Groomed
T016,12-13,2013-01-07,99,Open
T017,12-13,2013-01-07,99,Open
T018,12-13,2013-01-07,99,Groomed
T019,12-13,2013-01-07,99,Closed
T020,12-13,2013-01-07,99,Open
T021,12-13,2013-01-07,99,Groomed
T022,12-13,2013-01-07,99,Groomed
T023,12-13,2013-01-07,99,Groomed
T024,12-13,2013-01-07,99,Open
T025,12-13,2013-01-07,99,Groomed
T026,12-13,2013-01-07,99,Open
T027,12-13,2013-01-07,99,Open
T028,12-13,2013-01-07,99,Open
T029,12-13,2013-01-07,99,Closed
T030,12-13,2013-01-07,99,Open
T031,12-13,2013-01-07,99,Groomed
T032,12-13,2013-01-07,99,Closed
T033,12-13,2013-01-07,99,Open
T034,12-13,2013-01-07,99,Groomed
T035,12-13,2013-01-07,99,Open
T036,12-13,2013-01-07,99,Groomed
T037,12-13,2013-01-07,99,Closed
T038,12-13,2013-01-07,99,Open
T039,12-13,2013-01-07,99,Closed
T040,12-13,2013-01-07,99,Closed
T042,12-13,2013-01-07,99,Closed
T043,12-13,2013-01-07,99,Closed
T044,12-13,2013-01-07,99,Open
T045,12-13,2013-01-07,99,Open
T046,12-13,2013-01-07,99,Closed
T047,12-13,2013-01-07,99,Closed
T048,12-13,2013-01-07,99,Closed
T049,12-13,2013-01-07,99,Closed
T051,12-13,2013-01-07,99,Groomed
T052,12-13,2013-01-07,99,Groomed
T053,12-13,2013-01-07,99,Groomed
T054,12-13,2013-01-07,99,Groomed
T061,12-13,2013-01-07,99,Groomed
T063,12-13,2013-01-07,99,Groomed
T064,12-13,2013-01-07,99,Groomed
T065,12-13,2013-01-07,99,Open
T066,12-13,2013-01-07,99,Open
T067,12-13,2013-01-07,99,Closed
T068,12-13,2013-01-07,99,Open
T069,12-13,2013-01-07,99,Closed
T070,12-13,2013-01-07,99,Open
T071,12-13,2013-01-07,99,Open
T072,12-13,2013-01-07,99,Closed
T073,12-13,2013-01-07,99,Closed
T074,12-13,2013-01-07,99,Closed
T075,12-13,2013-01-07,99,Closed
T076,12-13,2013-01-07,99,Open
T077,12-13,2013-01-07,99,Groomed
T078,12-13,2013-01-07,99,Groomed
T079,12-13,2013-01-07,99,Groomed
T080,12-13,2013-01-07,99,Open
T081,12-13,2013-01-07,99,Open
T083,12-13,2013-01-07,99,Open
T084,12-13,2013-01-07,99,Open
T085,12-13,2013-01-07,99,Open
T086,12-13,2013-01-07,99,Open
T087,12-13,2013-01-07,99,Open
T088,12-13,2013-01-07,99,Open
T089,12-13,2013-01-07,99,Open
T090,12-13,2013-01-07,99,Open
T091,12-13,2013-01-07,99,Open
T092,12-13,2013-01-07,99,Open
T127,12-13,2013-01-07,99,Closed
T134,12-13,2013-01-07,99,Open
T135,12-13,2013-01-07,99,Closed
T136,12-13,2013-01-07,99,Open
T137,12-13,2013-01-07,99,Open
T148,12-13,2013-01-07,99,Closed
T151,12-13,2013-01-07,99,Groomed
T152,12-13,2013-01-07,99,Groomed
T155,12-13,2013-01-07,99,Closed
T156,12-13,2013-01-07,99,Closed
T157,12-13,2013-01-07,99,Open
T002,12-13,2013-01-08,100,Groomed
T003,12-13,2013-01-08,100,Closed
T004,12-13,2013-01-08,100,Groomed
T005,12-13,2013-01-08,100,Groomed
T006,12-13,2013-01-08,100,Open
T007,12-13,2013-01-08,100,Groomed
T008,12-13,2013-01-08,100,Groomed
T009,12-13,2013-01-08,100,Groomed
T010,12-13,2013-01-08,100,Groomed
T011,12-13,2013-01-08,100,Groomed
T012,12-13,2013-01-08,100,Groomed
T013,12-13,2013-01-08,100,Groomed
T015,12-13,2013-01-08,100,Groomed
T016,12-13,2013-01-08,100,Open
T017,12-13,2013-01-08,100,Open
T018,12-13,2013-01-08,100,Groomed
T019,12-13,2013-01-08,100,Closed
T020,12-13,2013-01-08,100,Open
T021,12-13,2013-01-08,100,Groomed
T022,12-13,2013-01-08,100,Groomed
T023,12-13,2013-01-08,100,Groomed
T024,12-13,2013-01-08,100,Open
T025,12-13,2013-01-08,100,Groomed
T026,12-13,2013-01-08,100,Open
T027,12-13,2013-01-08,100,Groomed
T028,12-13,2013-01-08,100,Groomed
T029,12-13,2013-01-08,100,Closed
T030,12-13,2013-01-08,100,Groomed
T031,12-13,2013-01-08,100,Groomed
T032,12-13,2013-01-08,100,Closed
T033,12-13,2013-01-08,100,Open
T034,12-13,2013-01-08,100,Groomed
T035,12-13,2013-01-08,100,Open
T036,12-13,2013-01-08,100,Groomed
T037,12-13,2013-01-08,100,Closed
T038,12-13,2013-01-08,100,Open
T039,12-13,2013-01-08,100,Closed
T040,12-13,2013-01-08,100,Closed
T042,12-13,2013-01-08,100,Closed
T043,12-13,2013-01-08,100,Closed
T044,12-13,2013-01-08,100,Open
T045,12-13,2013-01-08,100,Open
T046,12-13,2013-01-08,100,Closed
T047,12-13,2013-01-08,100,Closed
T048,12-13,2013-01-08,100,Closed
T049,12-13,2013-01-08,100,Closed
T051,12-13,2013-01-08,100,Groomed
T052,12-13,2013-01-08,100,Groomed
T053,12-13,2013-01-08,100,Groomed
T054,12-13,2013-01-08,100,Groomed
T061,12-13,2013-01-08,100,Groomed
T063,12-13,2013-01-08,100,Groomed
T064,12-13,2013-01-08,100,Groomed
T065,12-13,2013-01-08,100,Open
T066,12-13,2013-01-08,100,Open
T067,12-13,2013-01-08,100,Closed
T068,12-13,2013-01-08,100,Open
T069,12-13,2013-01-08,100,Closed
T070,12-13,2013-01-08,100,Open
T071,12-13,2013-01-08,100,Open
T072,12-13,2013-01-08,100,Closed
T073,12-13,2013-01-08,100,Closed
T074,12-13,2013-01-08,100,Closed
T075,12-13,2013-01-08,100,Closed
T076,12-13,2013-01-08,100,Open
T077,12-13,2013-01-08,100,Groomed
T078,12-13,2013-01-08,100,Groomed
T079,12-13,2013-01-08,100,Groomed
T080,12-13,2013-01-08,100,Open
T081,12-13,2013-01-08,100,Open
T083,12-13,2013-01-08,100,Groomed
T084,12-13,2013-01-08,100,Open
T085,12-13,2013-01-08,100,Open
T086,12-13,2013-01-08,100,Open
T087,12-13,2013-01-08,100,Open
T088,12-13,2013-01-08,100,Open
T089,12-13,2013-01-08,100,Open
T090,12-13,2013-01-08,100,Open
T091,12-13,2013-01-08,100,Open
T092,12-13,2013-01-08,100,Open
T127,12-13,2013-01-08,100,Closed
T134,12-13,2013-01-08,100,Open
T135,12-13,2013-01-08,100,Closed
T136,12-13,2013-01-08,100,Open
T137,12-13,2013-01-08,100,Open
T148,12-13,2013-01-08,100,Closed
T151,12-13,2013-01-08,100,Groomed
T152,12-13,2013-01-08,100,Groomed
T155,12-13,2013-01-08,100,Closed
T156,12-13,2013-01-08,100,Closed
T157,12-13,2013-01-08,100,Open
T002,12-13,2013-01-09,101,Groomed
T003,12-13,2013-01-09,101,Closed
T004,12-13,2013-01-09,101,Groomed
T005,12-13,2013-01-09,101,Groomed
T006,12-13,2013-01-09,101,Open
T007,12-13,2013-01-09,101,Groomed
T008,12-13,2013-01-09,101,Groomed
T009,12-13,2013-01-09,101,Groomed
T010,12-13,2013-01-09,101,Groomed
T011,12-13,2013-01-09,101,Groomed
T012,12-13,2013-01-09,101,Groomed
T013,12-13,2013-01-09,101,Groomed
T015,12-13,2013-01-09,101,Groomed
T016,12-13,2013-01-09,101,Open
T017,12-13,2013-01-09,101,Open
T018,12-13,2013-01-09,101,Open
T019,12-13,2013-01-09,101,Closed
T020,12-13,2013-01-09,101,Open
T021,12-13,2013-01-09,101,Groomed
T022,12-13,2013-01-09,101,Groomed
T023,12-13,2013-01-09,101,Groomed
T024,12-13,2013-01-09,101,Open
T025,12-13,2013-01-09,101,Groomed
T026,12-13,2013-01-09,101,Open
T027,12-13,2013-01-09,101,Open
T028,12-13,2013-01-09,101,Open
T029,12-13,2013-01-09,101,Closed
T030,12-13,2013-01-09,101,Open
T031,12-13,2013-01-09,101,Groomed
T032,12-13,2013-01-09,101,Closed
T033,12-13,2013-01-09,101,Groomed
T034,12-13,2013-01-09,101,Groomed
T035,12-13,2013-01-09,101,Open
T036,12-13,2013-01-09,101,Groomed
T037,12-13,2013-01-09,101,Closed
T038,12-13,2013-01-09,101,Open
T039,12-13,2013-01-09,101,Closed
T040,12-13,2013-01-09,101,Closed
T042,12-13,2013-01-09,101,Closed
T043,12-13,2013-01-09,101,Closed
T044,12-13,2013-01-09,101,Open
T045,12-13,2013-01-09,101,Open
T046,12-13,2013-01-09,101,Closed
T047,12-13,2013-01-09,101,Closed
T048,12-13,2013-01-09,101,Closed
T049,12-13,2013-01-09,101,Closed
T051,12-13,2013-01-09,101,Groomed
T052,12-13,2013-01-09,101,Groomed
T053,12-13,2013-01-09,101,Groomed
T054,12-13,2013-01-09,101,Groomed
T061,12-13,2013-01-09,101,Groomed
T063,12-13,2013-01-09,101,Groomed
T064,12-13,2013-01-09,101,Groomed
T065,12-13,2013-01-09,101,Open
T066,12-13,2013-01-09,101,Open
T067,12-13,2013-01-09,101,Closed
T068,12-13,2013-01-09,101,Open
T069,12-13,2013-01-09,101,Closed
T070,12-13,2013-01-09,101,Open
T071,12-13,2013-01-09,101,Open
T072,12-13,2013-01-09,101,Closed
T073,12-13,2013-01-09,101,Closed
T074,12-13,2013-01-09,101,Closed
T075,12-13,2013-01-09,101,Closed
T076,12-13,2013-01-09,101,Open
T077,12-13,2013-01-09,101,Groomed
T078,12-13,2013-01-09,101,Open
T079,12-13,2013-01-09,101,Groomed
T080,12-13,2013-01-09,101,Open
T081,12-13,2013-01-09,101,Open
T083,12-13,2013-01-09,101,Open
T084,12-13,2013-01-09,101,Open
T085,12-13,2013-01-09,101,Open
T086,12-13,2013-01-09,101,Open
T087,12-13,2013-01-09,101,Open
T088,12-13,2013-01-09,101,Open
T089,12-13,2013-01-09,101,Open
T090,12-13,2013-01-09,101,Open
T091,12-13,2013-01-09,101,Open
T092,12-13,2013-01-09,101,Open
T127,12-13,2013-01-09,101,Closed
T134,12-13,2013-01-09,101,Open
T135,12-13,2013-01-09,101,Closed
T136,12-13,2013-01-09,101,Open
T137,12-13,2013-01-09,101,Open
T148,12-13,2013-01-09,101,Closed
T151,12-13,2013-01-09,101,Groomed
T152,12-13,2013-01-09,101,Groomed
T155,12-13,2013-01-09,101,Closed
T156,12-13,2013-01-09,101,Closed
T157,12-13,2013-01-09,101,Open
T002,12-13,2013-01-10,102,Groomed
T003,12-13,2013-01-10,102,Closed
T004,12-13,2013-01-10,102,Groomed
T005,12-13,2013-01-10,102,Groomed
T006,12-13,2013-01-10,102,Open
T007,12-13,2013-01-10,102,Groomed
T008,12-13,2013-01-10,102,Open
T009,12-13,2013-01-10,102,Groomed
T010,12-13,2013-01-10,102,Open
T011,12-13,2013-01-10,102,Groomed
T012,12-13,2013-01-10,102,Groomed
T013,12-13,2013-01-10,102,Groomed
T015,12-13,2013-01-10,102,Groomed
T016,12-13,2013-01-10,102,Open
T017,12-13,2013-01-10,102,Open
T018,12-13,2013-01-10,102,Open
T019,12-13,2013-01-10,102,Closed
T020,12-13,2013-01-10,102,Open
T021,12-13,2013-01-10,102,Groomed
T022,12-13,2013-01-10,102,Groomed
T023,12-13,2013-01-10,102,Open
T024,12-13,2013-01-10,102,Open
T025,12-13,2013-01-10,102,Groomed
T026,12-13,2013-01-10,102,Open
T027,12-13,2013-01-10,102,Groomed
T028,12-13,2013-01-10,102,Open
T029,12-13,2013-01-10,102,Open
T030,12-13,2013-01-10,102,Open
T031,12-13,2013-01-10,102,Groomed
T032,12-13,2013-01-10,102,Closed
T033,12-13,2013-01-10,102,Groomed
T034,12-13,2013-01-10,102,Groomed
T035,12-13,2013-01-10,102,Closed
T036,12-13,2013-01-10,102,Groomed
T037,12-13,2013-01-10,102,Closed
T038,12-13,2013-01-10,102,Open
T039,12-13,2013-01-10,102,Closed
T040,12-13,2013-01-10,102,Closed
T042,12-13,2013-01-10,102,Closed
T043,12-13,2013-01-10,102,Closed
T044,12-13,2013-01-10,102,Open
T045,12-13,2013-01-10,102,Open
T046,12-13,2013-01-10,102,Closed
T047,12-13,2013-01-10,102,Closed
T048,12-13,2013-01-10,102,Closed
T049,12-13,2013-01-10,102,Closed
T051,12-13,2013-01-10,102,Groomed
T052,12-13,2013-01-10,102,Groomed
T053,12-13,2013-01-10,102,Groomed
T054,12-13,2013-01-10,102,Groomed
T061,12-13,2013-01-10,102,Groomed
T063,12-13,2013-01-10,102,Groomed
T064,12-13,2013-01-10,102,Groomed
T065,12-13,2013-01-10,102,Open
T066,12-13,2013-01-10,102,Open
T067,12-13,2013-01-10,102,Closed
T068,12-13,2013-01-10,102,Open
T069,12-13,2013-01-10,102,Closed
T070,12-13,2013-01-10,102,Open
T071,12-13,2013-01-10,102,Open
T072,12-13,2013-01-10,102,Closed
T073,12-13,2013-01-10,102,Closed
T074,12-13,2013-01-10,102,Closed
T075,12-13,2013-01-10,102,Closed
T076,12-13,2013-01-10,102,Open
T077,12-13,2013-01-10,102,Groomed
T078,12-13,2013-01-10,102,Open
T079,12-13,2013-01-10,102,Groomed
T080,12-13,2013-01-10,102,Open
T081,12-13,2013-01-10,102,Open
T083,12-13,2013-01-10,102,Open
T084,12-13,2013-01-10,102,Open
T085,12-13,2013-01-10,102,Open
T086,12-13,2013-01-10,102,Open
T087,12-13,2013-01-10,102,Open
T088,12-13,2013-01-10,102,Open
T089,12-13,2013-01-10,102,Open
T090,12-13,2013-01-10,102,Open
T091,12-13,2013-01-10,102,Open
T092,12-13,2013-01-10,102,Open
T127,12-13,2013-01-10,102,Closed
T134,12-13,2013-01-10,102,Open
T135,12-13,2013-01-10,102,Closed
T136,12-13,2013-01-10,102,Open
T137,12-13,2013-01-10,102,Open
T148,12-13,2013-01-10,102,Closed
T151,12-13,2013-01-10,102,Groomed
T152,12-13,2013-01-10,102,Groomed
T155,12-13,2013-01-10,102,Closed
T156,12-13,2013-01-10,102,Closed
T157,12-13,2013-01-10,102,Open
T002,12-13,2013-01-11,103,Groomed
T003,12-13,2013-01-11,103,Closed
T004,12-13,2013-01-11,103,Groomed
T005,12-13,2013-01-11,103,Groomed
T006,12-13,2013-01-11,103,Open
T007,12-13,2013-01-11,103,Groomed
T008,12-13,2013-01-11,103,Groomed
T009,12-13,2013-01-11,103,Groomed
T010,12-13,2013-01-11,103,Groomed
T011,12-13,2013-01-11,103,Groomed
T012,12-13,2013-01-11,103,Groomed
T013,12-13,2013-01-11,103,Groomed
T015,12-13,2013-01-11,103,Groomed
T016,12-13,2013-01-11,103,Open
T017,12-13,2013-01-11,103,Open
T018,12-13,2013-01-11,103,Open
T019,12-13,2013-01-11,103,Closed
T020,12-13,2013-01-11,103,Open
T021,12-13,2013-01-11,103,Groomed
T022,12-13,2013-01-11,103,Groomed
T023,12-13,2013-01-11,103,Groomed
T024,12-13,2013-01-11,103,Open
T025,12-13,2013-01-11,103,Groomed
T026,12-13,2013-01-11,103,Open
T027,12-13,2013-01-11,103,Groomed
T028,12-13,2013-01-11,103,Groomed
T029,12-13,2013-01-11,103,Open
T030,12-13,2013-01-11,103,Open
T031,12-13,2013-01-11,103,Groomed
T032,12-13,2013-01-11,103,Closed
T033,12-13,2013-01-11,103,Groomed
T034,12-13,2013-01-11,103,Groomed
T035,12-13,2013-01-11,103,Closed
T036,12-13,2013-01-11,103,Groomed
T037,12-13,2013-01-11,103,Closed
T038,12-13,2013-01-11,103,Open
T039,12-13,2013-01-11,103,Closed
T040,12-13,2013-01-11,103,Closed
T042,12-13,2013-01-11,103,Closed
T043,12-13,2013-01-11,103,Closed
T044,12-13,2013-01-11,103,Open
T045,12-13,2013-01-11,103,Open
T046,12-13,2013-01-11,103,Closed
T047,12-13,2013-01-11,103,Closed
T048,12-13,2013-01-11,103,Closed
T049,12-13,2013-01-11,103,Closed
T051,12-13,2013-01-11,103,Groomed
T052,12-13,2013-01-11,103,Groomed
T053,12-13,2013-01-11,103,Groomed
T054,12-13,2013-01-11,103,Groomed
T061,12-13,2013-01-11,103,Groomed
T063,12-13,2013-01-11,103,Open
T064,12-13,2013-01-11,103,Groomed
T065,12-13,2013-01-11,103,Open
T066,12-13,2013-01-11,103,Open
T067,12-13,2013-01-11,103,Groomed
T068,12-13,2013-01-11,103,Open
T069,12-13,2013-01-11,103,Closed
T070,12-13,2013-01-11,103,Open
T071,12-13,2013-01-11,103,Open
T072,12-13,2013-01-11,103,Closed
T073,12-13,2013-01-11,103,Closed
T074,12-13,2013-01-11,103,Closed
T075,12-13,2013-01-11,103,Closed
T076,12-13,2013-01-11,103,Open
T077,12-13,2013-01-11,103,Groomed
T078,12-13,2013-01-11,103,Groomed
T079,12-13,2013-01-11,103,Groomed
T080,12-13,2013-01-11,103,Open
T081,12-13,2013-01-11,103,Open
T083,12-13,2013-01-11,103,Groomed
T084,12-13,2013-01-11,103,Open
T085,12-13,2013-01-11,103,Open
T086,12-13,2013-01-11,103,Open
T087,12-13,2013-01-11,103,Open
T088,12-13,2013-01-11,103,Open
T089,12-13,2013-01-11,103,Open
T090,12-13,2013-01-11,103,Open
T091,12-13,2013-01-11,103,Open
T092,12-13,2013-01-11,103,Open
T127,12-13,2013-01-11,103,Closed
T134,12-13,2013-01-11,103,Open
T135,12-13,2013-01-11,103,Closed
T136,12-13,2013-01-11,103,Open
T137,12-13,2013-01-11,103,Open
T148,12-13,2013-01-11,103,Closed
T151,12-13,2013-01-11,103,Groomed
T152,12-13,2013-01-11,103,Groomed
T155,12-13,2013-01-11,103,Closed
T156,12-13,2013-01-11,103,Closed
T157,12-13,2013-01-11,103,Open
T002,12-13,2013-01-12,104,Groomed
T003,12-13,2013-01-12,104,Closed
T004,12-13,2013-01-12,104,Groomed
T005,12-13,2013-01-12,104,Groomed
T006,12-13,2013-01-12,104,Open
T007,12-13,2013-01-12,104,Groomed
T008,12-13,2013-01-12,104,Groomed
T009,12-13,2013-01-12,104,Groomed
T010,12-13,2013-01-12,104,Groomed
T011,12-13,2013-01-12,104,Groomed
T012,12-13,2013-01-12,104,Groomed
T013,12-13,2013-01-12,104,Groomed
T015,12-13,2013-01-12,104,Groomed
T016,12-13,2013-01-12,104,Open
T017,12-13,2013-01-12,104,Open
T018,12-13,2013-01-12,104,Open
T019,12-13,2013-01-12,104,Closed
T020,12-13,2013-01-12,104,Open
T021,12-13,2013-01-12,104,Groomed
T022,12-13,2013-01-12,104,Groomed
T023,12-13,2013-01-12,104,Groomed
T024,12-13,2013-01-12,104,Open
T025,12-13,2013-01-12,104,Groomed
T026,12-13,2013-01-12,104,Open
T027,12-13,2013-01-12,104,Groomed
T028,12-13,2013-01-12,104,Groomed
T029,12-13,2013-01-12,104,Open
T030,12-13,2013-01-12,104,Groomed
T031,12-13,2013-01-12,104,Groomed
T032,12-13,2013-01-12,104,Closed
T033,12-13,2013-01-12,104,Groomed
T034,12-13,2013-01-12,104,Groomed
T035,12-13,2013-01-12,104,Closed
T036,12-13,2013-01-12,104,Groomed
T037,12-13,2013-01-12,104,Closed
T038,12-13,2013-01-12,104,Open
T039,12-13,2013-01-12,104,Closed
T040,12-13,2013-01-12,104,Closed
T042,12-13,2013-01-12,104,Closed
T043,12-13,2013-01-12,104,Closed
T044,12-13,2013-01-12,104,Open
T045,12-13,2013-01-12,104,Open
T046,12-13,2013-01-12,104,Closed
T047,12-13,2013-01-12,104,Closed
T048,12-13,2013-01-12,104,Closed
T049,12-13,2013-01-12,104,Closed
T051,12-13,2013-01-12,104,Groomed
T052,12-13,2013-01-12,104,Groomed
T053,12-13,2013-01-12,104,Groomed
T054,12-13,2013-01-12,104,Groomed
T061,12-13,2013-01-12,104,Groomed
T063,12-13,2013-01-12,104,Groomed
T064,12-13,2013-01-12,104,Closed
T065,12-13,2013-01-12,104,Open
T066,12-13,2013-01-12,104,Open
T067,12-13,2013-01-12,104,Groomed
T068,12-13,2013-01-12,104,Open
T069,12-13,2013-01-12,104,Closed
T070,12-13,2013-01-12,104,Open
T071,12-13,2013-01-12,104,Open
T072,12-13,2013-01-12,104,Closed
T073,12-13,2013-01-12,104,Closed
T074,12-13,2013-01-12,104,Closed
T075,12-13,2013-01-12,104,Closed
T076,12-13,2013-01-12,104,Open
T077,12-13,2013-01-12,104,Groomed
T078,12-13,2013-01-12,104,Groomed
T079,12-13,2013-01-12,104,Groomed
T080,12-13,2013-01-12,104,Open
T081,12-13,2013-01-12,104,Open
T083,12-13,2013-01-12,104,Groomed
T084,12-13,2013-01-12,104,Open
T085,12-13,2013-01-12,104,Open
T086,12-13,2013-01-12,104,Open
T087,12-13,2013-01-12,104,Open
T088,12-13,2013-01-12,104,Open
T089,12-13,2013-01-12,104,Open
T090,12-13,2013-01-12,104,Open
T091,12-13,2013-01-12,104,Open
T092,12-13,2013-01-12,104,Open
T127,12-13,2013-01-12,104,Closed
T134,12-13,2013-01-12,104,Open
T135,12-13,2013-01-12,104,Closed
T136,12-13,2013-01-12,104,Open
T137,12-13,2013-01-12,104,Open
T148,12-13,2013-01-12,104,Closed
T151,12-13,2013-01-12,104,Groomed
T152,12-13,2013-01-12,104,Groomed
T155,12-13,2013-01-12,104,Closed
T156,12-13,2013-01-12,104,Closed
T157,12-13,2013-01-12,104,Open
T002,12-13,2013-01-13,105,Groomed
T003,12-13,2013-01-13,105,Closed
T004,12-13,2013-01-13,105,Groomed
T005,12-13,2013-01-13,105,Groomed
T006,12-13,2013-01-13,105,Open
T007,12-13,2013-01-13,105,Groomed
T008,12-13,2013-01-13,105,Open
T009,12-13,2013-01-13,105,Groomed
T010,12-13,2013-01-13,105,Open
T011,12-13,2013-01-13,105,Groomed
T012,12-13,2013-01-13,105,Groomed
T013,12-13,2013-01-13,105,Groomed
T015,12-13,2013-01-13,105,Groomed
T016,12-13,2013-01-13,105,Open
T017,12-13,2013-01-13,105,Open
T018,12-13,2013-01-13,105,Open
T019,12-13,2013-01-13,105,Closed
T020,12-13,2013-01-13,105,Open
T021,12-13,2013-01-13,105,Groomed
T022,12-13,2013-01-13,105,Groomed
T023,12-13,2013-01-13,105,Groomed
T024,12-13,2013-01-13,105,Open
T025,12-13,2013-01-13,105,Groomed
T026,12-13,2013-01-13,105,Open
T027,12-13,2013-01-13,105,Open
T028,12-13,2013-01-13,105,Open
T029,12-13,2013-01-13,105,Open
T030,12-13,2013-01-13,105,Open
T031,12-13,2013-01-13,105,Groomed
T032,12-13,2013-01-13,105,Closed
T033,12-13,2013-01-13,105,Open
T034,12-13,2013-01-13,105,Groomed
T035,12-13,2013-01-13,105,Closed
T036,12-13,2013-01-13,105,Groomed
T037,12-13,2013-01-13,105,Closed
T038,12-13,2013-01-13,105,Open
T039,12-13,2013-01-13,105,Closed
T040,12-13,2013-01-13,105,Closed
T042,12-13,2013-01-13,105,Closed
T043,12-13,2013-01-13,105,Closed
T044,12-13,2013-01-13,105,Open
T045,12-13,2013-01-13,105,Open
T046,12-13,2013-01-13,105,Closed
T047,12-13,2013-01-13,105,Closed
T048,12-13,2013-01-13,105,Closed
T049,12-13,2013-01-13,105,Closed
T051,12-13,2013-01-13,105,Groomed
T052,12-13,2013-01-13,105,Groomed
T053,12-13,2013-01-13,105,Groomed
T054,12-13,2013-01-13,105,Groomed
T061,12-13,2013-01-13,105,Groomed
T063,12-13,2013-01-13,105,Groomed
T064,12-13,2013-01-13,105,Closed
T065,12-13,2013-01-13,105,Open
T066,12-13,2013-01-13,105,Open
T067,12-13,2013-01-13,105,Groomed
T068,12-13,2013-01-13,105,Open
T069,12-13,2013-01-13,105,Closed
T070,12-13,2013-01-13,105,Open
T071,12-13,2013-01-13,105,Open
T072,12-13,2013-01-13,105,Closed
T073,12-13,2013-01-13,105,Closed
T074,12-13,2013-01-13,105,Closed
T075,12-13,2013-01-13,105,Closed
T076,12-13,2013-01-13,105,Open
T077,12-13,2013-01-13,105,Groomed
T078,12-13,2013-01-13,105,Open
T079,12-13,2013-01-13,105,Open
T080,12-13,2013-01-13,105,Open
T081,12-13,2013-01-13,105,Open
T083,12-13,2013-01-13,105,Open
T084,12-13,2013-01-13,105,Open
T085,12-13,2013-01-13,105,Open
T086,12-13,2013-01-13,105,Open
T087,12-13,2013-01-13,105,Open
T088,12-13,2013-01-13,105,Open
T089,12-13,2013-01-13,105,Open
T090,12-13,2013-01-13,105,Open
T091,12-13,2013-01-13,105,Open
T092,12-13,2013-01-13,105,Open
T127,12-13,2013-01-13,105,Open
T134,12-13,2013-01-13,105,Open
T135,12-13,2013-01-13,105,Closed
T136,12-13,2013-01-13,105,Open
T137,12-13,2013-01-13,105,Open
T148,12-13,2013-01-13,105,Closed
T151,12-13,2013-01-13,105,Groomed
T152,12-13,2013-01-13,105,Groomed
T155,12-13,2013-01-13,105,Closed
T156,12-13,2013-01-13,105,Closed
T157,12-13,2013-01-13,105,Open
T002,12-13,2013-01-14,106,Groomed
T003,12-13,2013-01-14,106,Closed
T004,12-13,2013-01-14,106,Groomed
T005,12-13,2013-01-14,106,Groomed
T006,12-13,2013-01-14,106,Open
T007,12-13,2013-01-14,106,Groomed
T008,12-13,2013-01-14,106,Open
T009,12-13,2013-01-14,106,Groomed
T010,12-13,2013-01-14,106,Open
T011,12-13,2013-01-14,106,Groomed
T012,12-13,2013-01-14,106,Groomed
T013,12-13,2013-01-14,106,Groomed
T015,12-13,2013-01-14,106,Groomed
T016,12-13,2013-01-14,106,Open
T017,12-13,2013-01-14,106,Open
T018,12-13,2013-01-14,106,Groomed
T019,12-13,2013-01-14,106,Closed
T020,12-13,2013-01-14,106,Open
T021,12-13,2013-01-14,106,Groomed
T022,12-13,2013-01-14,106,Groomed
T023,12-13,2013-01-14,106,Groomed
T024,12-13,2013-01-14,106,Open
T025,12-13,2013-01-14,106,Groomed
T026,12-13,2013-01-14,106,Open
T027,12-13,2013-01-14,106,Open
T028,12-13,2013-01-14,106,Open
T029,12-13,2013-01-14,106,Open
T030,12-13,2013-01-14,106,Open
T031,12-13,2013-01-14,106,Groomed
T032,12-13,2013-01-14,106,Closed
T033,12-13,2013-01-14,106,Groomed
T034,12-13,2013-01-14,106,Groomed
T035,12-13,2013-01-14,106,Closed
T036,12-13,2013-01-14,106,Groomed
T037,12-13,2013-01-14,106,Closed
T038,12-13,2013-01-14,106,Open
T039,12-13,2013-01-14,106,Closed
T040,12-13,2013-01-14,106,Closed
T042,12-13,2013-01-14,106,Closed
T043,12-13,2013-01-14,106,Closed
T044,12-13,2013-01-14,106,Open
T045,12-13,2013-01-14,106,Open
T046,12-13,2013-01-14,106,Closed
T047,12-13,2013-01-14,106,Closed
T048,12-13,2013-01-14,106,Closed
T049,12-13,2013-01-14,106,Closed
T051,12-13,2013-01-14,106,Groomed
T052,12-13,2013-01-14,106,Groomed
T053,12-13,2013-01-14,106,Groomed
T054,12-13,2013-01-14,106,Groomed
T061,12-13,2013-01-14,106,Groomed
T063,12-13,2013-01-14,106,Groomed
T064,12-13,2013-01-14,106,Closed
T065,12-13,2013-01-14,106,Open
T066,12-13,2013-01-14,106,Groomed
T067,12-13,2013-01-14,106,Groomed
T068,12-13,2013-01-14,106,Open
T069,12-13,2013-01-14,106,Closed
T070,12-13,2013-01-14,106,Open
T071,12-13,2013-01-14,106,Open
T072,12-13,2013-01-14,106,Closed
T073,12-13,2013-01-14,106,Closed
T074,12-13,2013-01-14,106,Closed
T075,12-13,2013-01-14,106,Closed
T076,12-13,2013-01-14,106,Open
T077,12-13,2013-01-14,106,Groomed
T078,12-13,2013-01-14,106,Open
T079,12-13,2013-01-14,106,Groomed
T080,12-13,2013-01-14,106,Open
T081,12-13,2013-01-14,106,Open
T083,12-13,2013-01-14,106,Groomed
T084,12-13,2013-01-14,106,Open
T085,12-13,2013-01-14,106,Open
T086,12-13,2013-01-14,106,Open
T087,12-13,2013-01-14,106,Open
T088,12-13,2013-01-14,106,Open
T089,12-13,2013-01-14,106,Open
T090,12-13,2013-01-14,106,Open
T091,12-13,2013-01-14,106,Open
T092,12-13,2013-01-14,106,Open
T127,12-13,2013-01-14,106,Open
T134,12-13,2013-01-14,106,Open
T135,12-13,2013-01-14,106,Closed
T136,12-13,2013-01-14,106,Open
T137,12-13,2013-01-14,106,Open
T148,12-13,2013-01-14,106,Closed
T151,12-13,2013-01-14,106,Groomed
T152,12-13,2013-01-14,106,Groomed
T155,12-13,2013-01-14,106,Closed
T156,12-13,2013-01-14,106,Closed
T157,12-13,2013-01-14,106,Open
T002,12-13,2013-01-15,107,Groomed
T003,12-13,2013-01-15,107,Closed
T004,12-13,2013-01-15,107,Groomed
T005,12-13,2013-01-15,107,Groomed
T006,12-13,2013-01-15,107,Open
T007,12-13,2013-01-15,107,Groomed
T008,12-13,2013-01-15,107,Open
T009,12-13,2013-01-15,107,Groomed
T010,12-13,2013-01-15,107,Open
T011,12-13,2013-01-15,107,Groomed
T012,12-13,2013-01-15,107,Groomed
T013,12-13,2013-01-15,107,Groomed
T015,12-13,2013-01-15,107,Groomed
T016,12-13,2013-01-15,107,Open
T017,12-13,2013-01-15,107,Open
T018,12-13,2013-01-15,107,Groomed
T019,12-13,2013-01-15,107,Closed
T020,12-13,2013-01-15,107,Open
T021,12-13,2013-01-15,107,Groomed
T022,12-13,2013-01-15,107,Groomed
T023,12-13,2013-01-15,107,Groomed
T024,12-13,2013-01-15,107,Open
T025,12-13,2013-01-15,107,Groomed
T026,12-13,2013-01-15,107,Open
T027,12-13,2013-01-15,107,Groomed
T028,12-13,2013-01-15,107,Groomed
T029,12-13,2013-01-15,107,Open
T030,12-13,2013-01-15,107,Groomed
T031,12-13,2013-01-15,107,Groomed
T032,12-13,2013-01-15,107,Closed
T033,12-13,2013-01-15,107,Groomed
T034,12-13,2013-01-15,107,Groomed
T035,12-13,2013-01-15,107,Closed
T036,12-13,2013-01-15,107,Groomed
T037,12-13,2013-01-15,107,Closed
T038,12-13,2013-01-15,107,Open
T039,12-13,2013-01-15,107,Closed
T040,12-13,2013-01-15,107,Closed
T042,12-13,2013-01-15,107,Closed
T043,12-13,2013-01-15,107,Closed
T044,12-13,2013-01-15,107,Open
T045,12-13,2013-01-15,107,Open
T046,12-13,2013-01-15,107,Closed
T047,12-13,2013-01-15,107,Closed
T048,12-13,2013-01-15,107,Closed
T049,12-13,2013-01-15,107,Closed
T051,12-13,2013-01-15,107,Groomed
T052,12-13,2013-01-15,107,Groomed
T053,12-13,2013-01-15,107,Groomed
T054,12-13,2013-01-15,107,Groomed
T061,12-13,2013-01-15,107,Groomed
T063,12-13,2013-01-15,107,Groomed
T064,12-13,2013-01-15,107,Open
T065,12-13,2013-01-15,107,Open
T066,12-13,2013-01-15,107,Open
T067,12-13,2013-01-15,107,Groomed
T068,12-13,2013-01-15,107,Open
T069,12-13,2013-01-15,107,Closed
T070,12-13,2013-01-15,107,Open
T071,12-13,2013-01-15,107,Open
T072,12-13,2013-01-15,107,Closed
T073,12-13,2013-01-15,107,Closed
T074,12-13,2013-01-15,107,Closed
T075,12-13,2013-01-15,107,Closed
T076,12-13,2013-01-15,107,Open
T077,12-13,2013-01-15,107,Groomed
T078,12-13,2013-01-15,107,Open
T079,12-13,2013-01-15,107,Groomed
T080,12-13,2013-01-15,107,Open
T081,12-13,2013-01-15,107,Open
T083,12-13,2013-01-15,107,Open
T084,12-13,2013-01-15,107,Open
T085,12-13,2013-01-15,107,Open
T086,12-13,2013-01-15,107,Open
T087,12-13,2013-01-15,107,Open
T088,12-13,2013-01-15,107,Open
T089,12-13,2013-01-15,107,Open
T090,12-13,2013-01-15,107,Open
T091,12-13,2013-01-15,107,Open
T092,12-13,2013-01-15,107,Open
T127,12-13,2013-01-15,107,Open
T134,12-13,2013-01-15,107,Open
T135,12-13,2013-01-15,107,Closed
T136,12-13,2013-01-15,107,Open
T137,12-13,2013-01-15,107,Open
T148,12-13,2013-01-15,107,Closed
T151,12-13,2013-01-15,107,Groomed
T152,12-13,2013-01-15,107,Groomed
T155,12-13,2013-01-15,107,Closed
T156,12-13,2013-01-15,107,Closed
T157,12-13,2013-01-15,107,Open
T002,12-13,2013-01-16,108,Groomed
T003,12-13,2013-01-16,108,Closed
T004,12-13,2013-01-16,108,Groomed
T005,12-13,2013-01-16,108,Groomed
T006,12-13,2013-01-16,108,Open
T007,12-13,2013-01-16,108,Groomed
T008,12-13,2013-01-16,108,Groomed
T009,12-13,2013-01-16,108,Groomed
T010,12-13,2013-01-16,108,Groomed
T011,12-13,2013-01-16,108,Groomed
T012,12-13,2013-01-16,108,Groomed
T013,12-13,2013-01-16,108,Groomed
T015,12-13,2013-01-16,108,Groomed
T016,12-13,2013-01-16,108,Open
T017,12-13,2013-01-16,108,Open
T018,12-13,2013-01-16,108,Groomed
T019,12-13,2013-01-16,108,Closed
T020,12-13,2013-01-16,108,Open
T021,12-13,2013-01-16,108,Groomed
T022,12-13,2013-01-16,108,Groomed
T023,12-13,2013-01-16,108,Groomed
T024,12-13,2013-01-16,108,Open
T025,12-13,2013-01-16,108,Groomed
T026,12-13,2013-01-16,108,Open
T027,12-13,2013-01-16,108,Groomed
T028,12-13,2013-01-16,108,Open
T029,12-13,2013-01-16,108,Open
T030,12-13,2013-01-16,108,Groomed
T031,12-13,2013-01-16,108,Groomed
T032,12-13,2013-01-16,108,Closed
T033,12-13,2013-01-16,108,Groomed
T034,12-13,2013-01-16,108,Groomed
T035,12-13,2013-01-16,108,Closed
T036,12-13,2013-01-16,108,Groomed
T037,12-13,2013-01-16,108,Closed
T038,12-13,2013-01-16,108,Open
T039,12-13,2013-01-16,108,Closed
T040,12-13,2013-01-16,108,Open
T042,12-13,2013-01-16,108,Closed
T043,12-13,2013-01-16,108,Closed
T044,12-13,2013-01-16,108,Open
T045,12-13,2013-01-16,108,Open
T046,12-13,2013-01-16,108,Closed
T047,12-13,2013-01-16,108,Closed
T048,12-13,2013-01-16,108,Closed
T049,12-13,2013-01-16,108,Closed
T051,12-13,2013-01-16,108,Groomed
T052,12-13,2013-01-16,108,Groomed
T053,12-13,2013-01-16,108,Groomed
T054,12-13,2013-01-16,108,Groomed
T061,12-13,2013-01-16,108,Groomed
T063,12-13,2013-01-16,108,Groomed
T064,12-13,2013-01-16,108,Open
T065,12-13,2013-01-16,108,Open
T066,12-13,2013-01-16,108,Groomed
T067,12-13,2013-01-16,108,Groomed
T068,12-13,2013-01-16,108,Open
T069,12-13,2013-01-16,108,Closed
T070,12-13,2013-01-16,108,Open
T071,12-13,2013-01-16,108,Open
T072,12-13,2013-01-16,108,Closed
T073,12-13,2013-01-16,108,Closed
T074,12-13,2013-01-16,108,Open
T075,12-13,2013-01-16,108,Closed
T076,12-13,2013-01-16,108,Open
T077,12-13,2013-01-16,108,Groomed
T078,12-13,2013-01-16,108,Open
T079,12-13,2013-01-16,108,Groomed
T080,12-13,2013-01-16,108,Open
T081,12-13,2013-01-16,108,Open
T083,12-13,2013-01-16,108,Groomed
T084,12-13,2013-01-16,108,Open
T085,12-13,2013-01-16,108,Open
T086,12-13,2013-01-16,108,Open
T087,12-13,2013-01-16,108,Open
T088,12-13,2013-01-16,108,Open
T089,12-13,2013-01-16,108,Open
T090,12-13,2013-01-16,108,Open
T091,12-13,2013-01-16,108,Open
T092,12-13,2013-01-16,108,Open
T127,12-13,2013-01-16,108,Open
T134,12-13,2013-01-16,108,Open
T135,12-13,2013-01-16,108,Closed
T136,12-13,2013-01-16,108,Open
T137,12-13,2013-01-16,108,Open
T148,12-13,2013-01-16,108,Closed
T151,12-13,2013-01-16,108,Groomed
T152,12-13,2013-01-16,108,Groomed
T155,12-13,2013-01-16,108,Closed
T156,12-13,2013-01-16,108,Closed
T157,12-13,2013-01-16,108,Open
T002,12-13,2013-01-17,109,Groomed
T003,12-13,2013-01-17,109,Closed
T004,12-13,2013-01-17,109,Groomed
T005,12-13,2013-01-17,109,Groomed
T006,12-13,2013-01-17,109,Open
T007,12-13,2013-01-17,109,Groomed
T008,12-13,2013-01-17,109,Groomed
T009,12-13,2013-01-17,109,Groomed
T010,12-13,2013-01-17,109,Groomed
T011,12-13,2013-01-17,109,Groomed
T012,12-13,2013-01-17,109,Groomed
T013,12-13,2013-01-17,109,Groomed
T015,12-13,2013-01-17,109,Groomed
T016,12-13,2013-01-17,109,Open
T017,12-13,2013-01-17,109,Open
T018,12-13,2013-01-17,109,Open
T019,12-13,2013-01-17,109,Closed
T020,12-13,2013-01-17,109,Open
T021,12-13,2013-01-17,109,Groomed
T022,12-13,2013-01-17,109,Groomed
T023,12-13,2013-01-17,109,Groomed
T024,12-13,2013-01-17,109,Open
T025,12-13,2013-01-17,109,Groomed
T026,12-13,2013-01-17,109,Open
T027,12-13,2013-01-17,109,Open
T028,12-13,2013-01-17,109,Open
T029,12-13,2013-01-17,109,Open
T030,12-13,2013-01-17,109,Open
T031,12-13,2013-01-17,109,Groomed
T032,12-13,2013-01-17,109,Closed
T033,12-13,2013-01-17,109,Groomed
T034,12-13,2013-01-17,109,Groomed
T035,12-13,2013-01-17,109,Closed
T036,12-13,2013-01-17,109,Groomed
T037,12-13,2013-01-17,109,Closed
T038,12-13,2013-01-17,109,Open
T039,12-13,2013-01-17,109,Open
T040,12-13,2013-01-17,109,Open
T042,12-13,2013-01-17,109,Closed
T043,12-13,2013-01-17,109,Closed
T044,12-13,2013-01-17,109,Open
T045,12-13,2013-01-17,109,Open
T046,12-13,2013-01-17,109,Closed
T047,12-13,2013-01-17,109,Closed
T048,12-13,2013-01-17,109,Closed
T049,12-13,2013-01-17,109,Closed
T051,12-13,2013-01-17,109,Groomed
T052,12-13,2013-01-17,109,Groomed
T053,12-13,2013-01-17,109,Groomed
T054,12-13,2013-01-17,109,Groomed
T061,12-13,2013-01-17,109,Groomed
T063,12-13,2013-01-17,109,Groomed
T064,12-13,2013-01-17,109,Groomed
T065,12-13,2013-01-17,109,Open
T066,12-13,2013-01-17,109,Open
T067,12-13,2013-01-17,109,Open
T068,12-13,2013-01-17,109,Open
T069,12-13,2013-01-17,109,Closed
T070,12-13,2013-01-17,109,Open
T071,12-13,2013-01-17,109,Open
T072,12-13,2013-01-17,109,Closed
T073,12-13,2013-01-17,109,Closed
T074,12-13,2013-01-17,109,Open
T075,12-13,2013-01-17,109,Closed
T076,12-13,2013-01-17,109,Open
T077,12-13,2013-01-17,109,Groomed
T078,12-13,2013-01-17,109,Open
T079,12-13,2013-01-17,109,Groomed
T080,12-13,2013-01-17,109,Open
T081,12-13,2013-01-17,109,Open
T083,12-13,2013-01-17,109,Open
T084,12-13,2013-01-17,109,Open
T085,12-13,2013-01-17,109,Open
T086,12-13,2013-01-17,109,Open
T087,12-13,2013-01-17,109,Open
T088,12-13,2013-01-17,109,Open
T089,12-13,2013-01-17,109,Open
T090,12-13,2013-01-17,109,Open
T091,12-13,2013-01-17,109,Open
T092,12-13,2013-01-17,109,Open
T127,12-13,2013-01-17,109,Open
T134,12-13,2013-01-17,109,Open
T135,12-13,2013-01-17,109,Closed
T136,12-13,2013-01-17,109,Open
T137,12-13,2013-01-17,109,Open
T148,12-13,2013-01-17,109,Closed
T151,12-13,2013-01-17,109,Groomed
T152,12-13,2013-01-17,109,Groomed
T155,12-13,2013-01-17,109,Closed
T156,12-13,2013-01-17,109,Closed
T157,12-13,2013-01-17,109,Open
T002,12-13,2013-01-18,110,Groomed
T003,12-13,2013-01-18,110,Closed
T004,12-13,2013-01-18,110,Groomed
T005,12-13,2013-01-18,110,Groomed
T006,12-13,2013-01-18,110,Open
T007,12-13,2013-01-18,110,Groomed
T008,12-13,2013-01-18,110,Groomed
T009,12-13,2013-01-18,110,Groomed
T010,12-13,2013-01-18,110,Groomed
T011,12-13,2013-01-18,110,Groomed
T012,12-13,2013-01-18,110,Groomed
T013,12-13,2013-01-18,110,Groomed
T015,12-13,2013-01-18,110,Groomed
T016,12-13,2013-01-18,110,Open
T017,12-13,2013-01-18,110,Open
T018,12-13,2013-01-18,110,Open
T019,12-13,2013-01-18,110,Closed
T020,12-13,2013-01-18,110,Open
T021,12-13,2013-01-18,110,Groomed
T022,12-13,2013-01-18,110,Groomed
T023,12-13,2013-01-18,110,Groomed
T024,12-13,2013-01-18,110,Open
T025,12-13,2013-01-18,110,Groomed
T026,12-13,2013-01-18,110,Open
T027,12-13,2013-01-18,110,Open
T028,12-13,2013-01-18,110,Open
T029,12-13,2013-01-18,110,Open
T030,12-13,2013-01-18,110,Open
T031,12-13,2013-01-18,110,Groomed
T032,12-13,2013-01-18,110,Closed
T033,12-13,2013-01-18,110,Open
T034,12-13,2013-01-18,110,Groomed
T035,12-13,2013-01-18,110,Closed
T036,12-13,2013-01-18,110,Groomed
T037,12-13,2013-01-18,110,Closed
T038,12-13,2013-01-18,110,Open
T039,12-13,2013-01-18,110,Groomed
T040,12-13,2013-01-18,110,Groomed
T042,12-13,2013-01-18,110,Closed
T043,12-13,2013-01-18,110,Closed
T044,12-13,2013-01-18,110,Open
T045,12-13,2013-01-18,110,Open
T046,12-13,2013-01-18,110,Closed
T047,12-13,2013-01-18,110,Closed
T048,12-13,2013-01-18,110,Closed
T049,12-13,2013-01-18,110,Closed
T051,12-13,2013-01-18,110,Groomed
T052,12-13,2013-01-18,110,Groomed
T053,12-13,2013-01-18,110,Groomed
T054,12-13,2013-01-18,110,Groomed
T061,12-13,2013-01-18,110,Groomed
T063,12-13,2013-01-18,110,Groomed
T064,12-13,2013-01-18,110,Groomed
T065,12-13,2013-01-18,110,Open
T066,12-13,2013-01-18,110,Open
T067,12-13,2013-01-18,110,Groomed
T068,12-13,2013-01-18,110,Open
T069,12-13,2013-01-18,110,Closed
T070,12-13,2013-01-18,110,Open
T071,12-13,2013-01-18,110,Open
T072,12-13,2013-01-18,110,Closed
T073,12-13,2013-01-18,110,Closed
T074,12-13,2013-01-18,110,Open
T075,12-13,2013-01-18,110,Closed
T076,12-13,2013-01-18,110,Open
T077,12-13,2013-01-18,110,Groomed
T078,12-13,2013-01-18,110,Groomed
T079,12-13,2013-01-18,110,Groomed
T080,12-13,2013-01-18,110,Open
T081,12-13,2013-01-18,110,Open
T083,12-13,2013-01-18,110,Open
T084,12-13,2013-01-18,110,Open
T085,12-13,2013-01-18,110,Open
T086,12-13,2013-01-18,110,Open
T087,12-13,2013-01-18,110,Open
T088,12-13,2013-01-18,110,Open
T089,12-13,2013-01-18,110,Open
T090,12-13,2013-01-18,110,Open
T091,12-13,2013-01-18,110,Open
T092,12-13,2013-01-18,110,Open
T127,12-13,2013-01-18,110,Open
T134,12-13,2013-01-18,110,Open
T135,12-13,2013-01-18,110,Closed
T136,12-13,2013-01-18,110,Open
T137,12-13,2013-01-18,110,Open
T148,12-13,2013-01-18,110,Closed
T151,12-13,2013-01-18,110,Groomed
T152,12-13,2013-01-18,110,Groomed
T155,12-13,2013-01-18,110,Closed
T156,12-13,2013-01-18,110,Closed
T157,12-13,2013-01-18,110,Open
T002,12-13,2013-01-19,111,Groomed
T003,12-13,2013-01-19,111,Closed
T004,12-13,2013-01-19,111,Groomed
T005,12-13,2013-01-19,111,Groomed
T006,12-13,2013-01-19,111,Open
T007,12-13,2013-01-19,111,Groomed
T008,12-13,2013-01-19,111,Groomed
T009,12-13,2013-01-19,111,Groomed
T010,12-13,2013-01-19,111,Groomed
T011,12-13,2013-01-19,111,Groomed
T012,12-13,2013-01-19,111,Groomed
T013,12-13,2013-01-19,111,Groomed
T015,12-13,2013-01-19,111,Groomed
T016,12-13,2013-01-19,111,Open
T017,12-13,2013-01-19,111,Open
T018,12-13,2013-01-19,111,Open
T019,12-13,2013-01-19,111,Closed
T020,12-13,2013-01-19,111,Open
T021,12-13,2013-01-19,111,Groomed
T022,12-13,2013-01-19,111,Groomed
T023,12-13,2013-01-19,111,Open
T024,12-13,2013-01-19,111,Open
T025,12-13,2013-01-19,111,Groomed
T026,12-13,2013-01-19,111,Open
T027,12-13,2013-01-19,111,Open
T028,12-13,2013-01-19,111,Open
T029,12-13,2013-01-19,111,Open
T030,12-13,2013-01-19,111,Open
T031,12-13,2013-01-19,111,Groomed
T032,12-13,2013-01-19,111,Closed
T033,12-13,2013-01-19,111,Groomed
T034,12-13,2013-01-19,111,Groomed
T035,12-13,2013-01-19,111,Closed
T036,12-13,2013-01-19,111,Groomed
T037,12-13,2013-01-19,111,Closed
T038,12-13,2013-01-19,111,Open
T039,12-13,2013-01-19,111,Open
T040,12-13,2013-01-19,111,Groomed
T042,12-13,2013-01-19,111,Closed
T043,12-13,2013-01-19,111,Closed
T044,12-13,2013-01-19,111,Open
T045,12-13,2013-01-19,111,Open
T046,12-13,2013-01-19,111,Closed
T047,12-13,2013-01-19,111,Closed
T048,12-13,2013-01-19,111,Closed
T049,12-13,2013-01-19,111,Closed
T051,12-13,2013-01-19,111,Groomed
T052,12-13,2013-01-19,111,Groomed
T053,12-13,2013-01-19,111,Groomed
T054,12-13,2013-01-19,111,Groomed
T061,12-13,2013-01-19,111,Groomed
T063,12-13,2013-01-19,111,Groomed
T064,12-13,2013-01-19,111,Groomed
T065,12-13,2013-01-19,111,Open
T066,12-13,2013-01-19,111,Open
T067,12-13,2013-01-19,111,Groomed
T068,12-13,2013-01-19,111,Open
T069,12-13,2013-01-19,111,Closed
T070,12-13,2013-01-19,111,Open
T071,12-13,2013-01-19,111,Open
T072,12-13,2013-01-19,111,Closed
T073,12-13,2013-01-19,111,Closed
T074,12-13,2013-01-19,111,Open
T075,12-13,2013-01-19,111,Closed
T076,12-13,2013-01-19,111,Open
T077,12-13,2013-01-19,111,Groomed
T078,12-13,2013-01-19,111,Open
T079,12-13,2013-01-19,111,Groomed
T080,12-13,2013-01-19,111,Open
T081,12-13,2013-01-19,111,Open
T083,12-13,2013-01-19,111,Open
T084,12-13,2013-01-19,111,Open
T085,12-13,2013-01-19,111,Open
T086,12-13,2013-01-19,111,Open
T087,12-13,2013-01-19,111,Open
T088,12-13,2013-01-19,111,Open
T089,12-13,2013-01-19,111,Open
T090,12-13,2013-01-19,111,Open
T091,12-13,2013-01-19,111,Open
T092,12-13,2013-01-19,111,Open
T127,12-13,2013-01-19,111,Open
T134,12-13,2013-01-19,111,Open
T135,12-13,2013-01-19,111,Closed
T136,12-13,2013-01-19,111,Open
T137,12-13,2013-01-19,111,Open
T148,12-13,2013-01-19,111,Closed
T151,12-13,2013-01-19,111,Groomed
T152,12-13,2013-01-19,111,Groomed
T155,12-13,2013-01-19,111,Closed
T156,12-13,2013-01-19,111,Closed
T157,12-13,2013-01-19,111,Open
T002,12-13,2013-01-20,112,Groomed
T003,12-13,2013-01-20,112,Closed
T004,12-13,2013-01-20,112,Groomed
T005,12-13,2013-01-20,112,Groomed
T006,12-13,2013-01-20,112,Open
T007,12-13,2013-01-20,112,Groomed
T008,12-13,2013-01-20,112,Groomed
T009,12-13,2013-01-20,112,Groomed
T010,12-13,2013-01-20,112,Groomed
T011,12-13,2013-01-20,112,Groomed
T012,12-13,2013-01-20,112,Groomed
T013,12-13,2013-01-20,112,Groomed
T015,12-13,2013-01-20,112,Open
T016,12-13,2013-01-20,112,Open
T017,12-13,2013-01-20,112,Open
T018,12-13,2013-01-20,112,Groomed
T019,12-13,2013-01-20,112,Closed
T020,12-13,2013-01-20,112,Open
T021,12-13,2013-01-20,112,Groomed
T022,12-13,2013-01-20,112,Groomed
T023,12-13,2013-01-20,112,Groomed
T024,12-13,2013-01-20,112,Open
T025,12-13,2013-01-20,112,Groomed
T026,12-13,2013-01-20,112,Open
T027,12-13,2013-01-20,112,Groomed
T028,12-13,2013-01-20,112,Groomed
T029,12-13,2013-01-20,112,Open
T030,12-13,2013-01-20,112,Groomed
T031,12-13,2013-01-20,112,Groomed
T032,12-13,2013-01-20,112,Closed
T033,12-13,2013-01-20,112,Groomed
T034,12-13,2013-01-20,112,Groomed
T035,12-13,2013-01-20,112,Closed
T036,12-13,2013-01-20,112,Groomed
T037,12-13,2013-01-20,112,Closed
T038,12-13,2013-01-20,112,Open
T039,12-13,2013-01-20,112,Groomed
T040,12-13,2013-01-20,112,Groomed
T042,12-13,2013-01-20,112,Closed
T043,12-13,2013-01-20,112,Closed
T044,12-13,2013-01-20,112,Open
T045,12-13,2013-01-20,112,Open
T046,12-13,2013-01-20,112,Closed
T047,12-13,2013-01-20,112,Closed
T048,12-13,2013-01-20,112,Closed
T049,12-13,2013-01-20,112,Closed
T051,12-13,2013-01-20,112,Groomed
T052,12-13,2013-01-20,112,Groomed
T053,12-13,2013-01-20,112,Groomed
T054,12-13,2013-01-20,112,Groomed
T061,12-13,2013-01-20,112,Groomed
T063,12-13,2013-01-20,112,Groomed
T064,12-13,2013-01-20,112,Groomed
T065,12-13,2013-01-20,112,Open
T066,12-13,2013-01-20,112,Open
T067,12-13,2013-01-20,112,Groomed
T068,12-13,2013-01-20,112,Open
T069,12-13,2013-01-20,112,Closed
T070,12-13,2013-01-20,112,Open
T071,12-13,2013-01-20,112,Open
T072,12-13,2013-01-20,112,Closed
T073,12-13,2013-01-20,112,Closed
T074,12-13,2013-01-20,112,Open
T075,12-13,2013-01-20,112,Closed
T076,12-13,2013-01-20,112,Open
T077,12-13,2013-01-20,112,Groomed
T078,12-13,2013-01-20,112,Open
T079,12-13,2013-01-20,112,Groomed
T080,12-13,2013-01-20,112,Open
T081,12-13,2013-01-20,112,Open
T083,12-13,2013-01-20,112,Open
T084,12-13,2013-01-20,112,Open
T085,12-13,2013-01-20,112,Open
T086,12-13,2013-01-20,112,Open
T087,12-13,2013-01-20,112,Open
T088,12-13,2013-01-20,112,Open
T089,12-13,2013-01-20,112,Open
T090,12-13,2013-01-20,112,Open
T091,12-13,2013-01-20,112,Open
T092,12-13,2013-01-20,112,Open
T127,12-13,2013-01-20,112,Open
T134,12-13,2013-01-20,112,Open
T135,12-13,2013-01-20,112,Closed
T136,12-13,2013-01-20,112,Open
T137,12-13,2013-01-20,112,Open
T148,12-13,2013-01-20,112,Closed
T151,12-13,2013-01-20,112,Open
T152,12-13,2013-01-20,112,Groomed
T155,12-13,2013-01-20,112,Closed
T156,12-13,2013-01-20,112,Closed
T157,12-13,2013-01-20,112,Open
T002,12-13,2013-01-21,113,Groomed
T003,12-13,2013-01-21,113,Closed
T004,12-13,2013-01-21,113,Groomed
T005,12-13,2013-01-21,113,Groomed
T006,12-13,2013-01-21,113,Open
T007,12-13,2013-01-21,113,Groomed
T008,12-13,2013-01-21,113,Groomed
T009,12-13,2013-01-21,113,Groomed
T010,12-13,2013-01-21,113,Groomed
T011,12-13,2013-01-21,113,Groomed
T012,12-13,2013-01-21,113,Groomed
T013,12-13,2013-01-21,113,Groomed
T015,12-13,2013-01-21,113,Open
T016,12-13,2013-01-21,113,Open
T017,12-13,2013-01-21,113,Open
T018,12-13,2013-01-21,113,Groomed
T019,12-13,2013-01-21,113,Closed
T020,12-13,2013-01-21,113,Open
T021,12-13,2013-01-21,113,Groomed
T022,12-13,2013-01-21,113,Groomed
T023,12-13,2013-01-21,113,Groomed
T024,12-13,2013-01-21,113,Open
T025,12-13,2013-01-21,113,Groomed
T026,12-13,2013-01-21,113,Open
T027,12-13,2013-01-21,113,Groomed
T028,12-13,2013-01-21,113,Groomed
T029,12-13,2013-01-21,113,Open
T030,12-13,2013-01-21,113,Groomed
T031,12-13,2013-01-21,113,Groomed
T032,12-13,2013-01-21,113,Closed
T033,12-13,2013-01-21,113,Groomed
T034,12-13,2013-01-21,113,Groomed
T035,12-13,2013-01-21,113,Closed
T036,12-13,2013-01-21,113,Groomed
T037,12-13,2013-01-21,113,Closed
T038,12-13,2013-01-21,113,Open
T039,12-13,2013-01-21,113,Groomed
T040,12-13,2013-01-21,113,Groomed
T042,12-13,2013-01-21,113,Closed
T043,12-13,2013-01-21,113,Closed
T044,12-13,2013-01-21,113,Open
T045,12-13,2013-01-21,113,Open
T046,12-13,2013-01-21,113,Closed
T047,12-13,2013-01-21,113,Closed
T048,12-13,2013-01-21,113,Closed
T049,12-13,2013-01-21,113,Closed
T051,12-13,2013-01-21,113,Groomed
T052,12-13,2013-01-21,113,Groomed
T053,12-13,2013-01-21,113,Groomed
T054,12-13,2013-01-21,113,Groomed
T061,12-13,2013-01-21,113,Groomed
T063,12-13,2013-01-21,113,Groomed
T064,12-13,2013-01-21,113,Groomed
T065,12-13,2013-01-21,113,Groomed
T066,12-13,2013-01-21,113,Open
T067,12-13,2013-01-21,113,Groomed
T068,12-13,2013-01-21,113,Open
T069,12-13,2013-01-21,113,Closed
T070,12-13,2013-01-21,113,Open
T071,12-13,2013-01-21,113,Open
T072,12-13,2013-01-21,113,Closed
T073,12-13,2013-01-21,113,Closed
T074,12-13,2013-01-21,113,Open
T075,12-13,2013-01-21,113,Closed
T076,12-13,2013-01-21,113,Open
T077,12-13,2013-01-21,113,Groomed
T078,12-13,2013-01-21,113,Open
T079,12-13,2013-01-21,113,Groomed
T080,12-13,2013-01-21,113,Open
T081,12-13,2013-01-21,113,Open
T083,12-13,2013-01-21,113,Open
T084,12-13,2013-01-21,113,Open
T085,12-13,2013-01-21,113,Open
T086,12-13,2013-01-21,113,Open
T087,12-13,2013-01-21,113,Open
T088,12-13,2013-01-21,113,Open
T089,12-13,2013-01-21,113,Open
T090,12-13,2013-01-21,113,Open
T091,12-13,2013-01-21,113,Open
T092,12-13,2013-01-21,113,Open
T127,12-13,2013-01-21,113,Open
T134,12-13,2013-01-21,113,Open
T135,12-13,2013-01-21,113,Closed
T136,12-13,2013-01-21,113,Open
T137,12-13,2013-01-21,113,Open
T148,12-13,2013-01-21,113,Closed
T151,12-13,2013-01-21,113,Open
T152,12-13,2013-01-21,113,Groomed
T155,12-13,2013-01-21,113,Closed
T156,12-13,2013-01-21,113,Closed
T157,12-13,2013-01-21,113,Open
T002,12-13,2013-01-22,114,Groomed
T003,12-13,2013-01-22,114,Closed
T004,12-13,2013-01-22,114,Groomed
T005,12-13,2013-01-22,114,Groomed
T006,12-13,2013-01-22,114,Open
T007,12-13,2013-01-22,114,Groomed
T008,12-13,2013-01-22,114,Groomed
T009,12-13,2013-01-22,114,Groomed
T010,12-13,2013-01-22,114,Groomed
T011,12-13,2013-01-22,114,Groomed
T012,12-13,2013-01-22,114,Groomed
T013,12-13,2013-01-22,114,Groomed
T015,12-13,2013-01-22,114,Open
T016,12-13,2013-01-22,114,Open
T017,12-13,2013-01-22,114,Open
T018,12-13,2013-01-22,114,Groomed
T019,12-13,2013-01-22,114,Closed
T020,12-13,2013-01-22,114,Open
T021,12-13,2013-01-22,114,Groomed
T022,12-13,2013-01-22,114,Groomed
T023,12-13,2013-01-22,114,Groomed
T024,12-13,2013-01-22,114,Open
T025,12-13,2013-01-22,114,Groomed
T026,12-13,2013-01-22,114,Open
T027,12-13,2013-01-22,114,Groomed
T028,12-13,2013-01-22,114,Groomed
T029,12-13,2013-01-22,114,Open
T030,12-13,2013-01-22,114,Groomed
T031,12-13,2013-01-22,114,Groomed
T032,12-13,2013-01-22,114,Closed
T033,12-13,2013-01-22,114,Groomed
T034,12-13,2013-01-22,114,Groomed
T035,12-13,2013-01-22,114,Closed
T036,12-13,2013-01-22,114,Groomed
T037,12-13,2013-01-22,114,Closed
T038,12-13,2013-01-22,114,Open
T039,12-13,2013-01-22,114,Groomed
T040,12-13,2013-01-22,114,Groomed
T042,12-13,2013-01-22,114,Open
T043,12-13,2013-01-22,114,Groomed
T044,12-13,2013-01-22,114,Open
T045,12-13,2013-01-22,114,Open
T046,12-13,2013-01-22,114,Closed
T047,12-13,2013-01-22,114,Closed
T048,12-13,2013-01-22,114,Open
T049,12-13,2013-01-22,114,Groomed
T051,12-13,2013-01-22,114,Groomed
T052,12-13,2013-01-22,114,Groomed
T053,12-13,2013-01-22,114,Groomed
T054,12-13,2013-01-22,114,Groomed
T061,12-13,2013-01-22,114,Groomed
T063,12-13,2013-01-22,114,Groomed
T064,12-13,2013-01-22,114,Groomed
T065,12-13,2013-01-22,114,Open
T066,12-13,2013-01-22,114,Open
T067,12-13,2013-01-22,114,Groomed
T068,12-13,2013-01-22,114,Open
T069,12-13,2013-01-22,114,Closed
T070,12-13,2013-01-22,114,Open
T071,12-13,2013-01-22,114,Open
T072,12-13,2013-01-22,114,Closed
T073,12-13,2013-01-22,114,Closed
T074,12-13,2013-01-22,114,Open
T075,12-13,2013-01-22,114,Closed
T076,12-13,2013-01-22,114,Open
T077,12-13,2013-01-22,114,Groomed
T078,12-13,2013-01-22,114,Open
T079,12-13,2013-01-22,114,Groomed
T080,12-13,2013-01-22,114,Open
T081,12-13,2013-01-22,114,Open
T083,12-13,2013-01-22,114,Open
T084,12-13,2013-01-22,114,Open
T085,12-13,2013-01-22,114,Open
T086,12-13,2013-01-22,114,Open
T087,12-13,2013-01-22,114,Open
T088,12-13,2013-01-22,114,Open
T089,12-13,2013-01-22,114,Open
T090,12-13,2013-01-22,114,Open
T091,12-13,2013-01-22,114,Open
T092,12-13,2013-01-22,114,Open
T127,12-13,2013-01-22,114,Open
T134,12-13,2013-01-22,114,Open
T135,12-13,2013-01-22,114,Closed
T136,12-13,2013-01-22,114,Open
T137,12-13,2013-01-22,114,Open
T148,12-13,2013-01-22,114,Closed
T151,12-13,2013-01-22,114,Open
T152,12-13,2013-01-22,114,Groomed
T155,12-13,2013-01-22,114,Closed
T156,12-13,2013-01-22,114,Closed
T157,12-13,2013-01-22,114,Open
T002,12-13,2013-01-23,115,Groomed
T003,12-13,2013-01-23,115,Open
T004,12-13,2013-01-23,115,Groomed
T005,12-13,2013-01-23,115,Groomed
T006,12-13,2013-01-23,115,Open
T007,12-13,2013-01-23,115,Groomed
T008,12-13,2013-01-23,115,Open
T009,12-13,2013-01-23,115,Groomed
T010,12-13,2013-01-23,115,Open
T011,12-13,2013-01-23,115,Groomed
T012,12-13,2013-01-23,115,Groomed
T013,12-13,2013-01-23,115,Groomed
T015,12-13,2013-01-23,115,Open
T016,12-13,2013-01-23,115,Open
T017,12-13,2013-01-23,115,Open
T018,12-13,2013-01-23,115,Open
T019,12-13,2013-01-23,115,Closed
T020,12-13,2013-01-23,115,Open
T021,12-13,2013-01-23,115,Groomed
T022,12-13,2013-01-23,115,Groomed
T023,12-13,2013-01-23,115,Groomed
T024,12-13,2013-01-23,115,Open
T025,12-13,2013-01-23,115,Groomed
T026,12-13,2013-01-23,115,Open
T027,12-13,2013-01-23,115,Groomed
T028,12-13,2013-01-23,115,Groomed
T029,12-13,2013-01-23,115,Open
T030,12-13,2013-01-23,115,Groomed
T031,12-13,2013-01-23,115,Groomed
T032,12-13,2013-01-23,115,Closed
T033,12-13,2013-01-23,115,Groomed
T034,12-13,2013-01-23,115,Groomed
T035,12-13,2013-01-23,115,Closed
T036,12-13,2013-01-23,115,Groomed
T037,12-13,2013-01-23,115,Closed
T038,12-13,2013-01-23,115,Open
T039,12-13,2013-01-23,115,Open
T040,12-13,2013-01-23,115,Groomed
T042,12-13,2013-01-23,115,Open
T043,12-13,2013-01-23,115,Groomed
T044,12-13,2013-01-23,115,Open
T045,12-13,2013-01-23,115,Open
T046,12-13,2013-01-23,115,Closed
T047,12-13,2013-01-23,115,Closed
T048,12-13,2013-01-23,115,Open
T049,12-13,2013-01-23,115,Groomed
T051,12-13,2013-01-23,115,Groomed
T052,12-13,2013-01-23,115,Groomed
T053,12-13,2013-01-23,115,Groomed
T054,12-13,2013-01-23,115,Groomed
T061,12-13,2013-01-23,115,Groomed
T063,12-13,2013-01-23,115,Groomed
T064,12-13,2013-01-23,115,Groomed
T065,12-13,2013-01-23,115,Groomed
T066,12-13,2013-01-23,115,Open
T067,12-13,2013-01-23,115,Groomed
T068,12-13,2013-01-23,115,Open
T069,12-13,2013-01-23,115,Closed
T070,12-13,2013-01-23,115,Open
T071,12-13,2013-01-23,115,Open
T072,12-13,2013-01-23,115,Closed
T073,12-13,2013-01-23,115,Closed
T074,12-13,2013-01-23,115,Open
T075,12-13,2013-01-23,115,Closed
T076,12-13,2013-01-23,115,Open
T077,12-13,2013-01-23,115,Groomed
T078,12-13,2013-01-23,115,Open
T079,12-13,2013-01-23,115,Groomed
T080,12-13,2013-01-23,115,Open
T081,12-13,2013-01-23,115,Open
T083,12-13,2013-01-23,115,Open
T084,12-13,2013-01-23,115,Open
T085,12-13,2013-01-23,115,Open
T086,12-13,2013-01-23,115,Open
T087,12-13,2013-01-23,115,Open
T088,12-13,2013-01-23,115,Open
T089,12-13,2013-01-23,115,Open
T090,12-13,2013-01-23,115,Open
T091,12-13,2013-01-23,115,Open
T092,12-13,2013-01-23,115,Open
T127,12-13,2013-01-23,115,Open
T134,12-13,2013-01-23,115,Open
T135,12-13,2013-01-23,115,Closed
T136,12-13,2013-01-23,115,Open
T137,12-13,2013-01-23,115,Open
T148,12-13,2013-01-23,115,Closed
T151,12-13,2013-01-23,115,Groomed
T152,12-13,2013-01-23,115,Groomed
T155,12-13,2013-01-23,115,Closed
T156,12-13,2013-01-23,115,Closed
T157,12-13,2013-01-23,115,Open
T002,12-13,2013-01-24,116,Groomed
T003,12-13,2013-01-24,116,Open
T004,12-13,2013-01-24,116,Groomed
T005,12-13,2013-01-24,116,Groomed
T006,12-13,2013-01-24,116,Open
T007,12-13,2013-01-24,116,Groomed
T008,12-13,2013-01-24,116,Open
T009,12-13,2013-01-24,116,Groomed
T010,12-13,2013-01-24,116,Open
T011,12-13,2013-01-24,116,Groomed
T012,12-13,2013-01-24,116,Groomed
T013,12-13,2013-01-24,116,Groomed
T015,12-13,2013-01-24,116,Open
T016,12-13,2013-01-24,116,Open
T017,12-13,2013-01-24,116,Open
T018,12-13,2013-01-24,116,Open
T019,12-13,2013-01-24,116,Closed
T020,12-13,2013-01-24,116,Open
T021,12-13,2013-01-24,116,Groomed
T022,12-13,2013-01-24,116,Groomed
T023,12-13,2013-01-24,116,Groomed
T024,12-13,2013-01-24,116,Open
T025,12-13,2013-01-24,116,Groomed
T026,12-13,2013-01-24,116,Open
T027,12-13,2013-01-24,116,Groomed
T028,12-13,2013-01-24,116,Open
T029,12-13,2013-01-24,116,Open
T030,12-13,2013-01-24,116,Open
T031,12-13,2013-01-24,116,Groomed
T032,12-13,2013-01-24,116,Closed
T033,12-13,2013-01-24,116,Groomed
T034,12-13,2013-01-24,116,Groomed
T035,12-13,2013-01-24,116,Closed
T036,12-13,2013-01-24,116,Groomed
T037,12-13,2013-01-24,116,Closed
T038,12-13,2013-01-24,116,Open
T039,12-13,2013-01-24,116,Open
T040,12-13,2013-01-24,116,Groomed
T042,12-13,2013-01-24,116,Open
T043,12-13,2013-01-24,116,Open
T044,12-13,2013-01-24,116,Open
T045,12-13,2013-01-24,116,Open
T046,12-13,2013-01-24,116,Closed
T047,12-13,2013-01-24,116,Closed
T048,12-13,2013-01-24,116,Open
T049,12-13,2013-01-24,116,Open
T051,12-13,2013-01-24,116,Groomed
T052,12-13,2013-01-24,116,Groomed
T053,12-13,2013-01-24,116,Groomed
T054,12-13,2013-01-24,116,Groomed
T061,12-13,2013-01-24,116,Groomed
T063,12-13,2013-01-24,116,Groomed
T064,12-13,2013-01-24,116,Groomed
T065,12-13,2013-01-24,116,Open
T066,12-13,2013-01-24,116,Open
T067,12-13,2013-01-24,116,Groomed
T068,12-13,2013-01-24,116,Open
T069,12-13,2013-01-24,116,Closed
T070,12-13,2013-01-24,116,Open
T071,12-13,2013-01-24,116,Open
T072,12-13,2013-01-24,116,Closed
T073,12-13,2013-01-24,116,Closed
T074,12-13,2013-01-24,116,Open
T075,12-13,2013-01-24,116,Closed
T076,12-13,2013-01-24,116,Open
T077,12-13,2013-01-24,116,Groomed
T078,12-13,2013-01-24,116,Open
T079,12-13,2013-01-24,116,Groomed
T080,12-13,2013-01-24,116,Open
T081,12-13,2013-01-24,116,Open
T083,12-13,2013-01-24,116,Open
T084,12-13,2013-01-24,116,Open
T085,12-13,2013-01-24,116,Open
T086,12-13,2013-01-24,116,Open
T087,12-13,2013-01-24,116,Open
T088,12-13,2013-01-24,116,Open
T089,12-13,2013-01-24,116,Open
T090,12-13,2013-01-24,116,Open
T091,12-13,2013-01-24,116,Open
T092,12-13,2013-01-24,116,Open
T127,12-13,2013-01-24,116,Open
T134,12-13,2013-01-24,116,Open
T135,12-13,2013-01-24,116,Closed
T136,12-13,2013-01-24,116,Open
T137,12-13,2013-01-24,116,Open
T148,12-13,2013-01-24,116,Closed
T151,12-13,2013-01-24,116,Groomed
T152,12-13,2013-01-24,116,Groomed
T155,12-13,2013-01-24,116,Closed
T156,12-13,2013-01-24,116,Closed
T157,12-13,2013-01-24,116,Open
T002,12-13,2013-01-25,117,Groomed
T003,12-13,2013-01-25,117,Open
T004,12-13,2013-01-25,117,Groomed
T005,12-13,2013-01-25,117,Groomed
T006,12-13,2013-01-25,117,Open
T007,12-13,2013-01-25,117,Groomed
T008,12-13,2013-01-25,117,Open
T009,12-13,2013-01-25,117,Groomed
T010,12-13,2013-01-25,117,Open
T011,12-13,2013-01-25,117,Groomed
T012,12-13,2013-01-25,117,Groomed
T013,12-13,2013-01-25,117,Groomed
T015,12-13,2013-01-25,117,Open
T016,12-13,2013-01-25,117,Open
T017,12-13,2013-01-25,117,Open
T018,12-13,2013-01-25,117,Open
T019,12-13,2013-01-25,117,Closed
T020,12-13,2013-01-25,117,Open
T021,12-13,2013-01-25,117,Groomed
T022,12-13,2013-01-25,117,Groomed
T023,12-13,2013-01-25,117,Groomed
T024,12-13,2013-01-25,117,Open
T025,12-13,2013-01-25,117,Groomed
T026,12-13,2013-01-25,117,Open
T027,12-13,2013-01-25,117,Groomed
T028,12-13,2013-01-25,117,Open
T029,12-13,2013-01-25,117,Open
T030,12-13,2013-01-25,117,Open
T031,12-13,2013-01-25,117,Groomed
T032,12-13,2013-01-25,117,Closed
T033,12-13,2013-01-25,117,Groomed
T034,12-13,2013-01-25,117,Groomed
T035,12-13,2013-01-25,117,Closed
T036,12-13,2013-01-25,117,Groomed
T037,12-13,2013-01-25,117,Closed
T038,12-13,2013-01-25,117,Open
T039,12-13,2013-01-25,117,Open
T040,12-13,2013-01-25,117,Groomed
T042,12-13,2013-01-25,117,Open
T043,12-13,2013-01-25,117,Open
T044,12-13,2013-01-25,117,Open
T045,12-13,2013-01-25,117,Open
T046,12-13,2013-01-25,117,Closed
T047,12-13,2013-01-25,117,Closed
T048,12-13,2013-01-25,117,Open
T049,12-13,2013-01-25,117,Open
T051,12-13,2013-01-25,117,Groomed
T052,12-13,2013-01-25,117,Groomed
T053,12-13,2013-01-25,117,Groomed
T054,12-13,2013-01-25,117,Groomed
T061,12-13,2013-01-25,117,Groomed
T063,12-13,2013-01-25,117,Groomed
T064,12-13,2013-01-25,117,Groomed
T065,12-13,2013-01-25,117,Open
T066,12-13,2013-01-25,117,Open
T067,12-13,2013-01-25,117,Groomed
T068,12-13,2013-01-25,117,Open
T069,12-13,2013-01-25,117,Closed
T070,12-13,2013-01-25,117,Open
T071,12-13,2013-01-25,117,Open
T072,12-13,2013-01-25,117,Closed
T073,12-13,2013-01-25,117,Closed
T074,12-13,2013-01-25,117,Open
T075,12-13,2013-01-25,117,Closed
T076,12-13,2013-01-25,117,Open
T077,12-13,2013-01-25,117,Groomed
T078,12-13,2013-01-25,117,Open
T079,12-13,2013-01-25,117,Groomed
T080,12-13,2013-01-25,117,Open
T081,12-13,2013-01-25,117,Open
T083,12-13,2013-01-25,117,Open
T084,12-13,2013-01-25,117,Open
T085,12-13,2013-01-25,117,Open
T086,12-13,2013-01-25,117,Open
T087,12-13,2013-01-25,117,Open
T088,12-13,2013-01-25,117,Open
T089,12-13,2013-01-25,117,Open
T090,12-13,2013-01-25,117,Open
T091,12-13,2013-01-25,117,Open
T092,12-13,2013-01-25,117,Open
T127,12-13,2013-01-25,117,Open
T134,12-13,2013-01-25,117,Open
T135,12-13,2013-01-25,117,Closed
T136,12-13,2013-01-25,117,Open
T137,12-13,2013-01-25,117,Open
T148,12-13,2013-01-25,117,Closed
T151,12-13,2013-01-25,117,Groomed
T152,12-13,2013-01-25,117,Groomed
T155,12-13,2013-01-25,117,Closed
T156,12-13,2013-01-25,117,Closed
T157,12-13,2013-01-25,117,Open
T002,12-13,2013-01-26,118,Groomed
T003,12-13,2013-01-26,118,Open
T004,12-13,2013-01-26,118,Groomed
T005,12-13,2013-01-26,118,Groomed
T006,12-13,2013-01-26,118,Open
T007,12-13,2013-01-26,118,Groomed
T008,12-13,2013-01-26,118,Groomed
T009,12-13,2013-01-26,118,Groomed
T010,12-13,2013-01-26,118,Groomed
T011,12-13,2013-01-26,118,Groomed
T012,12-13,2013-01-26,118,Groomed
T013,12-13,2013-01-26,118,Groomed
T015,12-13,2013-01-26,118,Open
T016,12-13,2013-01-26,118,Open
T017,12-13,2013-01-26,118,Open
T018,12-13,2013-01-26,118,Groomed
T019,12-13,2013-01-26,118,Closed
T020,12-13,2013-01-26,118,Open
T021,12-13,2013-01-26,118,Groomed
T022,12-13,2013-01-26,118,Groomed
T023,12-13,2013-01-26,118,Groomed
T024,12-13,2013-01-26,118,Open
T025,12-13,2013-01-26,118,Groomed
T026,12-13,2013-01-26,118,Open
T027,12-13,2013-01-26,118,Groomed
T028,12-13,2013-01-26,118,Open
T029,12-13,2013-01-26,118,Open
T030,12-13,2013-01-26,118,Open
T031,12-13,2013-01-26,118,Groomed
T032,12-13,2013-01-26,118,Closed
T033,12-13,2013-01-26,118,Groomed
T034,12-13,2013-01-26,118,Groomed
T035,12-13,2013-01-26,118,Closed
T036,12-13,2013-01-26,118,Groomed
T037,12-13,2013-01-26,118,Open
T038,12-13,2013-01-26,118,Open
T039,12-13,2013-01-26,118,Groomed
T040,12-13,2013-01-26,118,Groomed
T042,12-13,2013-01-26,118,Open
T043,12-13,2013-01-26,118,Groomed
T044,12-13,2013-01-26,118,Open
T045,12-13,2013-01-26,118,Open
T046,12-13,2013-01-26,118,Closed
T047,12-13,2013-01-26,118,Closed
T048,12-13,2013-01-26,118,Open
T049,12-13,2013-01-26,118,Groomed
T051,12-13,2013-01-26,118,Groomed
T052,12-13,2013-01-26,118,Groomed
T053,12-13,2013-01-26,118,Groomed
T054,12-13,2013-01-26,118,Groomed
T061,12-13,2013-01-26,118,Groomed
T063,12-13,2013-01-26,118,Groomed
T064,12-13,2013-01-26,118,Groomed
T065,12-13,2013-01-26,118,Groomed
T066,12-13,2013-01-26,118,Open
T067,12-13,2013-01-26,118,Groomed
T068,12-13,2013-01-26,118,Closed
T069,12-13,2013-01-26,118,Closed
T070,12-13,2013-01-26,118,Open
T071,12-13,2013-01-26,118,Open
T072,12-13,2013-01-26,118,Open
T073,12-13,2013-01-26,118,Open
T074,12-13,2013-01-26,118,Open
T075,12-13,2013-01-26,118,Closed
T076,12-13,2013-01-26,118,Open
T077,12-13,2013-01-26,118,Groomed
T078,12-13,2013-01-26,118,Open
T079,12-13,2013-01-26,118,Groomed
T080,12-13,2013-01-26,118,Open
T081,12-13,2013-01-26,118,Open
T083,12-13,2013-01-26,118,Open
T084,12-13,2013-01-26,118,Open
T085,12-13,2013-01-26,118,Open
T086,12-13,2013-01-26,118,Open
T087,12-13,2013-01-26,118,Open
T088,12-13,2013-01-26,118,Open
T089,12-13,2013-01-26,118,Open
T090,12-13,2013-01-26,118,Open
T091,12-13,2013-01-26,118,Open
T092,12-13,2013-01-26,118,Open
T127,12-13,2013-01-26,118,Open
T134,12-13,2013-01-26,118,Open
T135,12-13,2013-01-26,118,Closed
T136,12-13,2013-01-26,118,Open
T137,12-13,2013-01-26,118,Open
T148,12-13,2013-01-26,118,Closed
T151,12-13,2013-01-26,118,Groomed
T152,12-13,2013-01-26,118,Groomed
T155,12-13,2013-01-26,118,Closed
T156,12-13,2013-01-26,118,Closed
T157,12-13,2013-01-26,118,Open
T002,12-13,2013-01-27,119,Groomed
T003,12-13,2013-01-27,119,Open
T004,12-13,2013-01-27,119,Groomed
T005,12-13,2013-01-27,119,Groomed
T006,12-13,2013-01-27,119,Open
T007,12-13,2013-01-27,119,Groomed
T008,12-13,2013-01-27,119,Groomed
T009,12-13,2013-01-27,119,Groomed
T010,12-13,2013-01-27,119,Groomed
T011,12-13,2013-01-27,119,Groomed
T012,12-13,2013-01-27,119,Groomed
T013,12-13,2013-01-27,119,Groomed
T015,12-13,2013-01-27,119,Open
T016,12-13,2013-01-27,119,Open
T017,12-13,2013-01-27,119,Open
T018,12-13,2013-01-27,119,Groomed
T019,12-13,2013-01-27,119,Closed
T020,12-13,2013-01-27,119,Open
T021,12-13,2013-01-27,119,Groomed
T022,12-13,2013-01-27,119,Groomed
T023,12-13,2013-01-27,119,Groomed
T024,12-13,2013-01-27,119,Open
T025,12-13,2013-01-27,119,Groomed
T026,12-13,2013-01-27,119,Open
T027,12-13,2013-01-27,119,Groomed
T028,12-13,2013-01-27,119,Groomed
T029,12-13,2013-01-27,119,Open
T030,12-13,2013-01-27,119,Groomed
T031,12-13,2013-01-27,119,Groomed
T032,12-13,2013-01-27,119,Closed
T033,12-13,2013-01-27,119,Open
T034,12-13,2013-01-27,119,Groomed
T035,12-13,2013-01-27,119,Closed
T036,12-13,2013-01-27,119,Groomed
T037,12-13,2013-01-27,119,Open
T038,12-13,2013-01-27,119,Open
T039,12-13,2013-01-27,119,Groomed
T040,12-13,2013-01-27,119,Groomed
T042,12-13,2013-01-27,119,Open
T043,12-13,2013-01-27,119,Groomed
T044,12-13,2013-01-27,119,Open
T045,12-13,2013-01-27,119,Open
T046,12-13,2013-01-27,119,Closed
T047,12-13,2013-01-27,119,Closed
T048,12-13,2013-01-27,119,Open
T049,12-13,2013-01-27,119,Groomed
T051,12-13,2013-01-27,119,Groomed
T052,12-13,2013-01-27,119,Groomed
T053,12-13,2013-01-27,119,Groomed
T054,12-13,2013-01-27,119,Groomed
T061,12-13,2013-01-27,119,Groomed
T063,12-13,2013-01-27,119,Groomed
T064,12-13,2013-01-27,119,Groomed
T065,12-13,2013-01-27,119,Groomed
T066,12-13,2013-01-27,119,Open
T067,12-13,2013-01-27,119,Groomed
T068,12-13,2013-01-27,119,Closed
T069,12-13,2013-01-27,119,Closed
T070,12-13,2013-01-27,119,Open
T071,12-13,2013-01-27,119,Open
T072,12-13,2013-01-27,119,Open
T073,12-13,2013-01-27,119,Open
T074,12-13,2013-01-27,119,Open
T075,12-13,2013-01-27,119,Closed
T076,12-13,2013-01-27,119,Open
T077,12-13,2013-01-27,119,Groomed
T078,12-13,2013-01-27,119,Groomed
T079,12-13,2013-01-27,119,Groomed
T080,12-13,2013-01-27,119,Open
T081,12-13,2013-01-27,119,Open
T083,12-13,2013-01-27,119,Open
T084,12-13,2013-01-27,119,Open
T085,12-13,2013-01-27,119,Open
T086,12-13,2013-01-27,119,Open
T087,12-13,2013-01-27,119,Open
T088,12-13,2013-01-27,119,Open
T089,12-13,2013-01-27,119,Open
T090,12-13,2013-01-27,119,Open
T091,12-13,2013-01-27,119,Open
T092,12-13,2013-01-27,119,Open
T127,12-13,2013-01-27,119,Open
T134,12-13,2013-01-27,119,Open
T135,12-13,2013-01-27,119,Closed
T136,12-13,2013-01-27,119,Open
T137,12-13,2013-01-27,119,Open
T148,12-13,2013-01-27,119,Closed
T151,12-13,2013-01-27,119,Groomed
T152,12-13,2013-01-27,119,Groomed
T155,12-13,2013-01-27,119,Closed
T156,12-13,2013-01-27,119,Closed
T157,12-13,2013-01-27,119,Open
T002,12-13,2013-01-28,120,Groomed
T003,12-13,2013-01-28,120,Groomed
T004,12-13,2013-01-28,120,Groomed
T005,12-13,2013-01-28,120,Groomed
T006,12-13,2013-01-28,120,Open
T007,12-13,2013-01-28,120,Groomed
T008,12-13,2013-01-28,120,Groomed
T009,12-13,2013-01-28,120,Groomed
T010,12-13,2013-01-28,120,Groomed
T011,12-13,2013-01-28,120,Groomed
T012,12-13,2013-01-28,120,Groomed
T013,12-13,2013-01-28,120,Groomed
T015,12-13,2013-01-28,120,Open
T016,12-13,2013-01-28,120,Open
T017,12-13,2013-01-28,120,Open
T018,12-13,2013-01-28,120,Groomed
T019,12-13,2013-01-28,120,Closed
T020,12-13,2013-01-28,120,Open
T021,12-13,2013-01-28,120,Groomed
T022,12-13,2013-01-28,120,Groomed
T023,12-13,2013-01-28,120,Groomed
T024,12-13,2013-01-28,120,Open
T025,12-13,2013-01-28,120,Groomed
T026,12-13,2013-01-28,120,Open
T027,12-13,2013-01-28,120,Groomed
T028,12-13,2013-01-28,120,Groomed
T029,12-13,2013-01-28,120,Open
T030,12-13,2013-01-28,120,Groomed
T031,12-13,2013-01-28,120,Groomed
T032,12-13,2013-01-28,120,Closed
T033,12-13,2013-01-28,120,Groomed
T034,12-13,2013-01-28,120,Groomed
T035,12-13,2013-01-28,120,Closed
T036,12-13,2013-01-28,120,Groomed
T037,12-13,2013-01-28,120,Open
T038,12-13,2013-01-28,120,Groomed
T039,12-13,2013-01-28,120,Groomed
T040,12-13,2013-01-28,120,Groomed
T042,12-13,2013-01-28,120,Open
T043,12-13,2013-01-28,120,Groomed
T044,12-13,2013-01-28,120,Open
T045,12-13,2013-01-28,120,Open
T046,12-13,2013-01-28,120,Closed
T047,12-13,2013-01-28,120,Closed
T048,12-13,2013-01-28,120,Open
T049,12-13,2013-01-28,120,Groomed
T051,12-13,2013-01-28,120,Groomed
T052,12-13,2013-01-28,120,Groomed
T053,12-13,2013-01-28,120,Groomed
T054,12-13,2013-01-28,120,Groomed
T061,12-13,2013-01-28,120,Groomed
T063,12-13,2013-01-28,120,Groomed
T064,12-13,2013-01-28,120,Groomed
T065,12-13,2013-01-28,120,Groomed
T066,12-13,2013-01-28,120,Open
T067,12-13,2013-01-28,120,Groomed
T068,12-13,2013-01-28,120,Closed
T069,12-13,2013-01-28,120,Closed
T070,12-13,2013-01-28,120,Open
T071,12-13,2013-01-28,120,Open
T072,12-13,2013-01-28,120,Open
T073,12-13,2013-01-28,120,Open
T074,12-13,2013-01-28,120,Open
T075,12-13,2013-01-28,120,Closed
T076,12-13,2013-01-28,120,Open
T077,12-13,2013-01-28,120,Groomed
T078,12-13,2013-01-28,120,Groomed
T079,12-13,2013-01-28,120,Groomed
T080,12-13,2013-01-28,120,Open
T081,12-13,2013-01-28,120,Open
T083,12-13,2013-01-28,120,Open
T084,12-13,2013-01-28,120,Open
T085,12-13,2013-01-28,120,Open
T086,12-13,2013-01-28,120,Open
T087,12-13,2013-01-28,120,Open
T088,12-13,2013-01-28,120,Open
T089,12-13,2013-01-28,120,Open
T090,12-13,2013-01-28,120,Open
T091,12-13,2013-01-28,120,Open
T092,12-13,2013-01-28,120,Open
T127,12-13,2013-01-28,120,Open
T134,12-13,2013-01-28,120,Open
T135,12-13,2013-01-28,120,Closed
T136,12-13,2013-01-28,120,Open
T137,12-13,2013-01-28,120,Open
T148,12-13,2013-01-28,120,Closed
T151,12-13,2013-01-28,120,Groomed
T152,12-13,2013-01-28,120,Groomed
T155,12-13,2013-01-28,120,Open
T156,12-13,2013-01-28,120,Closed
T157,12-13,2013-01-28,120,Open
T002,12-13,2013-01-29,121,Groomed
T003,12-13,2013-01-29,121,Groomed
T004,12-13,2013-01-29,121,Groomed
T005,12-13,2013-01-29,121,Groomed
T006,12-13,2013-01-29,121,Open
T007,12-13,2013-01-29,121,Groomed
T008,12-13,2013-01-29,121,Groomed
T009,12-13,2013-01-29,121,Groomed
T010,12-13,2013-01-29,121,Groomed
T011,12-13,2013-01-29,121,Groomed
T012,12-13,2013-01-29,121,Groomed
T013,12-13,2013-01-29,121,Groomed
T015,12-13,2013-01-29,121,Open
T016,12-13,2013-01-29,121,Open
T017,12-13,2013-01-29,121,Open
T018,12-13,2013-01-29,121,Groomed
T019,12-13,2013-01-29,121,Closed
T020,12-13,2013-01-29,121,Open
T021,12-13,2013-01-29,121,Groomed
T022,12-13,2013-01-29,121,Groomed
T023,12-13,2013-01-29,121,Groomed
T024,12-13,2013-01-29,121,Open
T025,12-13,2013-01-29,121,Groomed
T026,12-13,2013-01-29,121,Open
T027,12-13,2013-01-29,121,Groomed
T028,12-13,2013-01-29,121,Groomed
T029,12-13,2013-01-29,121,Open
T030,12-13,2013-01-29,121,Groomed
T031,12-13,2013-01-29,121,Groomed
T032,12-13,2013-01-29,121,Closed
T033,12-13,2013-01-29,121,Groomed
T034,12-13,2013-01-29,121,Groomed
T035,12-13,2013-01-29,121,Closed
T036,12-13,2013-01-29,121,Groomed
T037,12-13,2013-01-29,121,Open
T038,12-13,2013-01-29,121,Open
T039,12-13,2013-01-29,121,Groomed
T040,12-13,2013-01-29,121,Groomed
T042,12-13,2013-01-29,121,Open
T043,12-13,2013-01-29,121,Open
T044,12-13,2013-01-29,121,Open
T045,12-13,2013-01-29,121,Open
T046,12-13,2013-01-29,121,Closed
T047,12-13,2013-01-29,121,Closed
T048,12-13,2013-01-29,121,Open
T049,12-13,2013-01-29,121,Open
T051,12-13,2013-01-29,121,Groomed
T052,12-13,2013-01-29,121,Groomed
T053,12-13,2013-01-29,121,Groomed
T054,12-13,2013-01-29,121,Groomed
T061,12-13,2013-01-29,121,Groomed
T063,12-13,2013-01-29,121,Groomed
T064,12-13,2013-01-29,121,Groomed
T065,12-13,2013-01-29,121,Groomed
T066,12-13,2013-01-29,121,Groomed
T067,12-13,2013-01-29,121,Groomed
T068,12-13,2013-01-29,121,Closed
T069,12-13,2013-01-29,121,Closed
T070,12-13,2013-01-29,121,Open
T071,12-13,2013-01-29,121,Open
T072,12-13,2013-01-29,121,Open
T073,12-13,2013-01-29,121,Open
T074,12-13,2013-01-29,121,Open
T075,12-13,2013-01-29,121,Closed
T076,12-13,2013-01-29,121,Open
T077,12-13,2013-01-29,121,Groomed
T078,12-13,2013-01-29,121,Groomed
T079,12-13,2013-01-29,121,Groomed
T080,12-13,2013-01-29,121,Open
T081,12-13,2013-01-29,121,Open
T083,12-13,2013-01-29,121,Groomed
T084,12-13,2013-01-29,121,Open
T085,12-13,2013-01-29,121,Open
T086,12-13,2013-01-29,121,Open
T087,12-13,2013-01-29,121,Open
T088,12-13,2013-01-29,121,Open
T089,12-13,2013-01-29,121,Open
T090,12-13,2013-01-29,121,Open
T091,12-13,2013-01-29,121,Open
T092,12-13,2013-01-29,121,Open
T127,12-13,2013-01-29,121,Open
T134,12-13,2013-01-29,121,Open
T135,12-13,2013-01-29,121,Closed
T136,12-13,2013-01-29,121,Open
T137,12-13,2013-01-29,121,Open
T148,12-13,2013-01-29,121,Closed
T151,12-13,2013-01-29,121,Groomed
T152,12-13,2013-01-29,121,Groomed
T155,12-13,2013-01-29,121,Open
T156,12-13,2013-01-29,121,Closed
T157,12-13,2013-01-29,121,Open
T002,12-13,2013-01-30,122,Groomed
T003,12-13,2013-01-30,122,Open
T004,12-13,2013-01-30,122,Groomed
T005,12-13,2013-01-30,122,Groomed
T006,12-13,2013-01-30,122,Open
T007,12-13,2013-01-30,122,Groomed
T008,12-13,2013-01-30,122,Open
T009,12-13,2013-01-30,122,Groomed
T010,12-13,2013-01-30,122,Open
T011,12-13,2013-01-30,122,Groomed
T012,12-13,2013-01-30,122,Groomed
T013,12-13,2013-01-30,122,Groomed
T015,12-13,2013-01-30,122,Open
T016,12-13,2013-01-30,122,Open
T017,12-13,2013-01-30,122,Open
T018,12-13,2013-01-30,122,Groomed
T019,12-13,2013-01-30,122,Closed
T020,12-13,2013-01-30,122,Open
T021,12-13,2013-01-30,122,Groomed
T022,12-13,2013-01-30,122,Groomed
T023,12-13,2013-01-30,122,Groomed
T024,12-13,2013-01-30,122,Open
T025,12-13,2013-01-30,122,Groomed
T026,12-13,2013-01-30,122,Open
T027,12-13,2013-01-30,122,Groomed
T028,12-13,2013-01-30,122,Groomed
T029,12-13,2013-01-30,122,Open
T030,12-13,2013-01-30,122,Groomed
T031,12-13,2013-01-30,122,Groomed
T032,12-13,2013-01-30,122,Closed
T033,12-13,2013-01-30,122,Groomed
T034,12-13,2013-01-30,122,Groomed
T035,12-13,2013-01-30,122,Closed
T036,12-13,2013-01-30,122,Groomed
T037,12-13,2013-01-30,122,Open
T038,12-13,2013-01-30,122,Open
T039,12-13,2013-01-30,122,Groomed
T040,12-13,2013-01-30,122,Groomed
T042,12-13,2013-01-30,122,Open
T043,12-13,2013-01-30,122,Open
T044,12-13,2013-01-30,122,Open
T045,12-13,2013-01-30,122,Open
T046,12-13,2013-01-30,122,Closed
T047,12-13,2013-01-30,122,Closed
T048,12-13,2013-01-30,122,Open
T049,12-13,2013-01-30,122,Open
T051,12-13,2013-01-30,122,Groomed
T052,12-13,2013-01-30,122,Groomed
T053,12-13,2013-01-30,122,Groomed
T054,12-13,2013-01-30,122,Groomed
T061,12-13,2013-01-30,122,Groomed
T063,12-13,2013-01-30,122,Groomed
T064,12-13,2013-01-30,122,Groomed
T065,12-13,2013-01-30,122,Groomed
T066,12-13,2013-01-30,122,Open
T067,12-13,2013-01-30,122,Groomed
T068,12-13,2013-01-30,122,Open
T069,12-13,2013-01-30,122,Closed
T070,12-13,2013-01-30,122,Open
T071,12-13,2013-01-30,122,Open
T072,12-13,2013-01-30,122,Open
T073,12-13,2013-01-30,122,Open
T074,12-13,2013-01-30,122,Open
T075,12-13,2013-01-30,122,Closed
T076,12-13,2013-01-30,122,Open
T077,12-13,2013-01-30,122,Groomed
T078,12-13,2013-01-30,122,Open
T079,12-13,2013-01-30,122,Groomed
T080,12-13,2013-01-30,122,Open
T081,12-13,2013-01-30,122,Open
T083,12-13,2013-01-30,122,Open
T084,12-13,2013-01-30,122,Open
T085,12-13,2013-01-30,122,Open
T086,12-13,2013-01-30,122,Open
T087,12-13,2013-01-30,122,Open
T088,12-13,2013-01-30,122,Open
T089,12-13,2013-01-30,122,Open
T090,12-13,2013-01-30,122,Open
T091,12-13,2013-01-30,122,Open
T092,12-13,2013-01-30,122,Open
T127,12-13,2013-01-30,122,Open
T134,12-13,2013-01-30,122,Open
T135,12-13,2013-01-30,122,Closed
T136,12-13,2013-01-30,122,Open
T137,12-13,2013-01-30,122,Open
T148,12-13,2013-01-30,122,Closed
T151,12-13,2013-01-30,122,Groomed
T152,12-13,2013-01-30,122,Groomed
T155,12-13,2013-01-30,122,Open
T156,12-13,2013-01-30,122,Closed
T157,12-13,2013-01-30,122,Open
T002,12-13,2013-01-31,123,Groomed
T003,12-13,2013-01-31,123,Groomed
T004,12-13,2013-01-31,123,Groomed
T005,12-13,2013-01-31,123,Groomed
T006,12-13,2013-01-31,123,Open
T007,12-13,2013-01-31,123,Groomed
T008,12-13,2013-01-31,123,Open
T009,12-13,2013-01-31,123,Groomed
T010,12-13,2013-01-31,123,Open
T011,12-13,2013-01-31,123,Groomed
T012,12-13,2013-01-31,123,Groomed
T013,12-13,2013-01-31,123,Groomed
T015,12-13,2013-01-31,123,Open
T016,12-13,2013-01-31,123,Open
T017,12-13,2013-01-31,123,Open
T018,12-13,2013-01-31,123,Open
T019,12-13,2013-01-31,123,Closed
T020,12-13,2013-01-31,123,Open
T021,12-13,2013-01-31,123,Groomed
T022,12-13,2013-01-31,123,Groomed
T023,12-13,2013-01-31,123,Groomed
T024,12-13,2013-01-31,123,Open
T025,12-13,2013-01-31,123,Groomed
T026,12-13,2013-01-31,123,Open
T027,12-13,2013-01-31,123,Groomed
T028,12-13,2013-01-31,123,Open
T029,12-13,2013-01-31,123,Open
T030,12-13,2013-01-31,123,Groomed
T031,12-13,2013-01-31,123,Groomed
T032,12-13,2013-01-31,123,Closed
T033,12-13,2013-01-31,123,Groomed
T034,12-13,2013-01-31,123,Groomed
T035,12-13,2013-01-31,123,Closed
T036,12-13,2013-01-31,123,Groomed
T037,12-13,2013-01-31,123,Open
T038,12-13,2013-01-31,123,Groomed
T039,12-13,2013-01-31,123,Groomed
T040,12-13,2013-01-31,123,Groomed
T042,12-13,2013-01-31,123,Open
T043,12-13,2013-01-31,123,Open
T044,12-13,2013-01-31,123,Open
T045,12-13,2013-01-31,123,Open
T046,12-13,2013-01-31,123,Closed
T047,12-13,2013-01-31,123,Closed
T048,12-13,2013-01-31,123,Open
T049,12-13,2013-01-31,123,Open
T051,12-13,2013-01-31,123,Groomed
T052,12-13,2013-01-31,123,Groomed
T053,12-13,2013-01-31,123,Groomed
T054,12-13,2013-01-31,123,Groomed
T061,12-13,2013-01-31,123,Groomed
T063,12-13,2013-01-31,123,Groomed
T064,12-13,2013-01-31,123,Groomed
T065,12-13,2013-01-31,123,Groomed
T066,12-13,2013-01-31,123,Open
T067,12-13,2013-01-31,123,Groomed
T068,12-13,2013-01-31,123,Open
T069,12-13,2013-01-31,123,Closed
T070,12-13,2013-01-31,123,Open
T071,12-13,2013-01-31,123,Open
T072,12-13,2013-01-31,123,Open
T073,12-13,2013-01-31,123,Open
T074,12-13,2013-01-31,123,Open
T075,12-13,2013-01-31,123,Closed
T076,12-13,2013-01-31,123,Open
T077,12-13,2013-01-31,123,Groomed
T078,12-13,2013-01-31,123,Groomed
T079,12-13,2013-01-31,123,Groomed
T080,12-13,2013-01-31,123,Open
T081,12-13,2013-01-31,123,Open
T083,12-13,2013-01-31,123,Open
T084,12-13,2013-01-31,123,Open
T085,12-13,2013-01-31,123,Open
T086,12-13,2013-01-31,123,Open
T087,12-13,2013-01-31,123,Open
T088,12-13,2013-01-31,123,Open
T089,12-13,2013-01-31,123,Open
T090,12-13,2013-01-31,123,Open
T091,12-13,2013-01-31,123,Open
T092,12-13,2013-01-31,123,Open
T127,12-13,2013-01-31,123,Open
T134,12-13,2013-01-31,123,Open
T135,12-13,2013-01-31,123,Closed
T136,12-13,2013-01-31,123,Open
T137,12-13,2013-01-31,123,Open
T148,12-13,2013-01-31,123,Closed
T151,12-13,2013-01-31,123,Groomed
T152,12-13,2013-01-31,123,Groomed
T155,12-13,2013-01-31,123,Open
T156,12-13,2013-01-31,123,Closed
T157,12-13,2013-01-31,123,Open
T002,12-13,2013-02-01,124,Groomed
T003,12-13,2013-02-01,124,Groomed
T004,12-13,2013-02-01,124,Groomed
T005,12-13,2013-02-01,124,Groomed
T006,12-13,2013-02-01,124,Open
T007,12-13,2013-02-01,124,Groomed
T008,12-13,2013-02-01,124,Open
T009,12-13,2013-02-01,124,Groomed
T010,12-13,2013-02-01,124,Open
T011,12-13,2013-02-01,124,Groomed
T012,12-13,2013-02-01,124,Groomed
T013,12-13,2013-02-01,124,Groomed
T015,12-13,2013-02-01,124,Open
T016,12-13,2013-02-01,124,Open
T017,12-13,2013-02-01,124,Open
T018,12-13,2013-02-01,124,Groomed
T019,12-13,2013-02-01,124,Closed
T020,12-13,2013-02-01,124,Open
T021,12-13,2013-02-01,124,Groomed
T022,12-13,2013-02-01,124,Groomed
T023,12-13,2013-02-01,124,Groomed
T024,12-13,2013-02-01,124,Open
T025,12-13,2013-02-01,124,Groomed
T026,12-13,2013-02-01,124,Open
T027,12-13,2013-02-01,124,Groomed
T028,12-13,2013-02-01,124,Groomed
T029,12-13,2013-02-01,124,Open
T030,12-13,2013-02-01,124,Groomed
T031,12-13,2013-02-01,124,Groomed
T032,12-13,2013-02-01,124,Closed
T033,12-13,2013-02-01,124,Groomed
T034,12-13,2013-02-01,124,Groomed
T035,12-13,2013-02-01,124,Closed
T036,12-13,2013-02-01,124,Groomed
T037,12-13,2013-02-01,124,Open
T038,12-13,2013-02-01,124,Groomed
T039,12-13,2013-02-01,124,Groomed
T040,12-13,2013-02-01,124,Groomed
T042,12-13,2013-02-01,124,Open
T043,12-13,2013-02-01,124,Groomed
T044,12-13,2013-02-01,124,Open
T045,12-13,2013-02-01,124,Open
T046,12-13,2013-02-01,124,Closed
T047,12-13,2013-02-01,124,Closed
T048,12-13,2013-02-01,124,Open
T049,12-13,2013-02-01,124,Open
T051,12-13,2013-02-01,124,Groomed
T052,12-13,2013-02-01,124,Groomed
T053,12-13,2013-02-01,124,Groomed
T054,12-13,2013-02-01,124,Groomed
T061,12-13,2013-02-01,124,Groomed
T063,12-13,2013-02-01,124,Groomed
T064,12-13,2013-02-01,124,Groomed
T065,12-13,2013-02-01,124,Groomed
T066,12-13,2013-02-01,124,Groomed
T067,12-13,2013-02-01,124,Groomed
T068,12-13,2013-02-01,124,Open
T069,12-13,2013-02-01,124,Closed
T070,12-13,2013-02-01,124,Open
T071,12-13,2013-02-01,124,Open
T072,12-13,2013-02-01,124,Open
T073,12-13,2013-02-01,124,Open
T074,12-13,2013-02-01,124,Open
T075,12-13,2013-02-01,124,Closed
T076,12-13,2013-02-01,124,Open
T077,12-13,2013-02-01,124,Groomed
T078,12-13,2013-02-01,124,Groomed
T079,12-13,2013-02-01,124,Groomed
T080,12-13,2013-02-01,124,Open
T081,12-13,2013-02-01,124,Open
T083,12-13,2013-02-01,124,Open
T084,12-13,2013-02-01,124,Open
T085,12-13,2013-02-01,124,Open
T086,12-13,2013-02-01,124,Open
T087,12-13,2013-02-01,124,Open
T088,12-13,2013-02-01,124,Open
T089,12-13,2013-02-01,124,Open
T090,12-13,2013-02-01,124,Open
T091,12-13,2013-02-01,124,Open
T092,12-13,2013-02-01,124,Open
T127,12-13,2013-02-01,124,Open
T134,12-13,2013-02-01,124,Open
T135,12-13,2013-02-01,124,Closed
T136,12-13,2013-02-01,124,Open
T137,12-13,2013-02-01,124,Open
T148,12-13,2013-02-01,124,Closed
T151,12-13,2013-02-01,124,Groomed
T152,12-13,2013-02-01,124,Groomed
T155,12-13,2013-02-01,124,Open
T156,12-13,2013-02-01,124,Closed
T157,12-13,2013-02-01,124,Open
T002,12-13,2013-02-02,125,Groomed
T003,12-13,2013-02-02,125,Groomed
T004,12-13,2013-02-02,125,Groomed
T005,12-13,2013-02-02,125,Groomed
T006,12-13,2013-02-02,125,Groomed
T007,12-13,2013-02-02,125,Groomed
T008,12-13,2013-02-02,125,Groomed
T009,12-13,2013-02-02,125,Groomed
T010,12-13,2013-02-02,125,Groomed
T011,12-13,2013-02-02,125,Groomed
T012,12-13,2013-02-02,125,Groomed
T013,12-13,2013-02-02,125,Groomed
T015,12-13,2013-02-02,125,Open
T016,12-13,2013-02-02,125,Open
T017,12-13,2013-02-02,125,Open
T018,12-13,2013-02-02,125,Groomed
T019,12-13,2013-02-02,125,Closed
T020,12-13,2013-02-02,125,Groomed
T021,12-13,2013-02-02,125,Groomed
T022,12-13,2013-02-02,125,Groomed
T023,12-13,2013-02-02,125,Groomed
T024,12-13,2013-02-02,125,Open
T025,12-13,2013-02-02,125,Groomed
T026,12-13,2013-02-02,125,Open
T027,12-13,2013-02-02,125,Groomed
T028,12-13,2013-02-02,125,Groomed
T029,12-13,2013-02-02,125,Open
T030,12-13,2013-02-02,125,Groomed
T031,12-13,2013-02-02,125,Groomed
T032,12-13,2013-02-02,125,Open
T033,12-13,2013-02-02,125,Groomed
T034,12-13,2013-02-02,125,Groomed
T035,12-13,2013-02-02,125,Open
T036,12-13,2013-02-02,125,Groomed
T037,12-13,2013-02-02,125,Open
T038,12-13,2013-02-02,125,Groomed
T039,12-13,2013-02-02,125,Groomed
T040,12-13,2013-02-02,125,Groomed
T042,12-13,2013-02-02,125,Open
T043,12-13,2013-02-02,125,Groomed
T044,12-13,2013-02-02,125,Open
T045,12-13,2013-02-02,125,Open
T046,12-13,2013-02-02,125,Closed
T047,12-13,2013-02-02,125,Closed
T048,12-13,2013-02-02,125,Open
T049,12-13,2013-02-02,125,Groomed
T051,12-13,2013-02-02,125,Groomed
T052,12-13,2013-02-02,125,Groomed
T053,12-13,2013-02-02,125,Groomed
T054,12-13,2013-02-02,125,Groomed
T061,12-13,2013-02-02,125,Groomed
T063,12-13,2013-02-02,125,Groomed
T064,12-13,2013-02-02,125,Groomed
T065,12-13,2013-02-02,125,Groomed
T066,12-13,2013-02-02,125,Groomed
T067,12-13,2013-02-02,125,Groomed
T068,12-13,2013-02-02,125,Open
T069,12-13,2013-02-02,125,Closed
T070,12-13,2013-02-02,125,Open
T071,12-13,2013-02-02,125,Open
T072,12-13,2013-02-02,125,Open
T073,12-13,2013-02-02,125,Open
T074,12-13,2013-02-02,125,Open
T075,12-13,2013-02-02,125,Closed
T076,12-13,2013-02-02,125,Open
T077,12-13,2013-02-02,125,Groomed
T078,12-13,2013-02-02,125,Groomed
T079,12-13,2013-02-02,125,Groomed
T080,12-13,2013-02-02,125,Open
T081,12-13,2013-02-02,125,Open
T083,12-13,2013-02-02,125,Groomed
T084,12-13,2013-02-02,125,Open
T085,12-13,2013-02-02,125,Open
T086,12-13,2013-02-02,125,Open
T087,12-13,2013-02-02,125,Open
T088,12-13,2013-02-02,125,Open
T089,12-13,2013-02-02,125,Open
T090,12-13,2013-02-02,125,Open
T091,12-13,2013-02-02,125,Open
T092,12-13,2013-02-02,125,Open
T127,12-13,2013-02-02,125,Open
T134,12-13,2013-02-02,125,Open
T135,12-13,2013-02-02,125,Open
T136,12-13,2013-02-02,125,Open
T137,12-13,2013-02-02,125,Open
T148,12-13,2013-02-02,125,Closed
T151,12-13,2013-02-02,125,Groomed
T152,12-13,2013-02-02,125,Groomed
T155,12-13,2013-02-02,125,Open
T156,12-13,2013-02-02,125,Closed
T157,12-13,2013-02-02,125,Open
T002,12-13,2013-02-03,126,Groomed
T003,12-13,2013-02-03,126,Groomed
T004,12-13,2013-02-03,126,Groomed
T005,12-13,2013-02-03,126,Groomed
T006,12-13,2013-02-03,126,Open
T007,12-13,2013-02-03,126,Groomed
T008,12-13,2013-02-03,126,Groomed
T009,12-13,2013-02-03,126,Groomed
T010,12-13,2013-02-03,126,Groomed
T011,12-13,2013-02-03,126,Groomed
T012,12-13,2013-02-03,126,Groomed
T013,12-13,2013-02-03,126,Groomed
T015,12-13,2013-02-03,126,Open
T016,12-13,2013-02-03,126,Open
T017,12-13,2013-02-03,126,Open
T018,12-13,2013-02-03,126,Groomed
T019,12-13,2013-02-03,126,Closed
T020,12-13,2013-02-03,126,Open
T021,12-13,2013-02-03,126,Groomed
T022,12-13,2013-02-03,126,Groomed
T023,12-13,2013-02-03,126,Groomed
T024,12-13,2013-02-03,126,Open
T025,12-13,2013-02-03,126,Groomed
T026,12-13,2013-02-03,126,Open
T027,12-13,2013-02-03,126,Groomed
T028,12-13,2013-02-03,126,Groomed
T029,12-13,2013-02-03,126,Open
T030,12-13,2013-02-03,126,Groomed
T031,12-13,2013-02-03,126,Groomed
T032,12-13,2013-02-03,126,Open
T033,12-13,2013-02-03,126,Groomed
T034,12-13,2013-02-03,126,Groomed
T035,12-13,2013-02-03,126,Open
T036,12-13,2013-02-03,126,Groomed
T037,12-13,2013-02-03,126,Open
T038,12-13,2013-02-03,126,Open
T039,12-13,2013-02-03,126,Open
T040,12-13,2013-02-03,126,Groomed
T042,12-13,2013-02-03,126,Open
T043,12-13,2013-02-03,126,Groomed
T044,12-13,2013-02-03,126,Open
T045,12-13,2013-02-03,126,Open
T046,12-13,2013-02-03,126,Closed
T047,12-13,2013-02-03,126,Closed
T048,12-13,2013-02-03,126,Open
T049,12-13,2013-02-03,126,Groomed
T051,12-13,2013-02-03,126,Groomed
T052,12-13,2013-02-03,126,Groomed
T053,12-13,2013-02-03,126,Groomed
T054,12-13,2013-02-03,126,Groomed
T061,12-13,2013-02-03,126,Groomed
T063,12-13,2013-02-03,126,Groomed
T064,12-13,2013-02-03,126,Groomed
T065,12-13,2013-02-03,126,Groomed
T066,12-13,2013-02-03,126,Groomed
T067,12-13,2013-02-03,126,Groomed
T068,12-13,2013-02-03,126,Open
T069,12-13,2013-02-03,126,Closed
T070,12-13,2013-02-03,126,Open
T071,12-13,2013-02-03,126,Open
T072,12-13,2013-02-03,126,Open
T073,12-13,2013-02-03,126,Open
T074,12-13,2013-02-03,126,Open
T075,12-13,2013-02-03,126,Closed
T076,12-13,2013-02-03,126,Open
T077,12-13,2013-02-03,126,Groomed
T078,12-13,2013-02-03,126,Groomed
T079,12-13,2013-02-03,126,Groomed
T080,12-13,2013-02-03,126,Open
T081,12-13,2013-02-03,126,Open
T083,12-13,2013-02-03,126,Open
T084,12-13,2013-02-03,126,Open
T085,12-13,2013-02-03,126,Open
T086,12-13,2013-02-03,126,Open
T087,12-13,2013-02-03,126,Open
T088,12-13,2013-02-03,126,Open
T089,12-13,2013-02-03,126,Open
T090,12-13,2013-02-03,126,Open
T091,12-13,2013-02-03,126,Open
T092,12-13,2013-02-03,126,Open
T127,12-13,2013-02-03,126,Open
T134,12-13,2013-02-03,126,Open
T135,12-13,2013-02-03,126,Open
T136,12-13,2013-02-03,126,Open
T137,12-13,2013-02-03,126,Open
T148,12-13,2013-02-03,126,Closed
T151,12-13,2013-02-03,126,Groomed
T152,12-13,2013-02-03,126,Groomed
T155,12-13,2013-02-03,126,Open
T156,12-13,2013-02-03,126,Closed
T157,12-13,2013-02-03,126,Open
T002,12-13,2013-02-04,127,Groomed
T003,12-13,2013-02-04,127,Groomed
T004,12-13,2013-02-04,127,Groomed
T005,12-13,2013-02-04,127,Groomed
T006,12-13,2013-02-04,127,Open
T007,12-13,2013-02-04,127,Groomed
T008,12-13,2013-02-04,127,Groomed
T009,12-13,2013-02-04,127,Groomed
T010,12-13,2013-02-04,127,Groomed
T011,12-13,2013-02-04,127,Groomed
T012,12-13,2013-02-04,127,Groomed
T013,12-13,2013-02-04,127,Groomed
T015,12-13,2013-02-04,127,Open
T016,12-13,2013-02-04,127,Open
T017,12-13,2013-02-04,127,Open
T018,12-13,2013-02-04,127,Open
T019,12-13,2013-02-04,127,Closed
T020,12-13,2013-02-04,127,Open
T021,12-13,2013-02-04,127,Groomed
T022,12-13,2013-02-04,127,Groomed
T023,12-13,2013-02-04,127,Groomed
T024,12-13,2013-02-04,127,Open
T025,12-13,2013-02-04,127,Groomed
T026,12-13,2013-02-04,127,Open
T027,12-13,2013-02-04,127,Groomed
T028,12-13,2013-02-04,127,Open
T029,12-13,2013-02-04,127,Open
T030,12-13,2013-02-04,127,Open
T031,12-13,2013-02-04,127,Groomed
T032,12-13,2013-02-04,127,Open
T033,12-13,2013-02-04,127,Open
T034,12-13,2013-02-04,127,Groomed
T035,12-13,2013-02-04,127,Open
T036,12-13,2013-02-04,127,Groomed
T037,12-13,2013-02-04,127,Open
T038,12-13,2013-02-04,127,Open
T039,12-13,2013-02-04,127,Open
T040,12-13,2013-02-04,127,Groomed
T042,12-13,2013-02-04,127,Open
T043,12-13,2013-02-04,127,Groomed
T044,12-13,2013-02-04,127,Open
T045,12-13,2013-02-04,127,Open
T046,12-13,2013-02-04,127,Closed
T047,12-13,2013-02-04,127,Closed
T048,12-13,2013-02-04,127,Open
T049,12-13,2013-02-04,127,Open
T051,12-13,2013-02-04,127,Groomed
T052,12-13,2013-02-04,127,Groomed
T053,12-13,2013-02-04,127,Groomed
T054,12-13,2013-02-04,127,Groomed
T061,12-13,2013-02-04,127,Groomed
T063,12-13,2013-02-04,127,Groomed
T064,12-13,2013-02-04,127,Groomed
T065,12-13,2013-02-04,127,Groomed
T066,12-13,2013-02-04,127,Groomed
T067,12-13,2013-02-04,127,Groomed
T068,12-13,2013-02-04,127,Open
T069,12-13,2013-02-04,127,Closed
T070,12-13,2013-02-04,127,Open
T071,12-13,2013-02-04,127,Open
T072,12-13,2013-02-04,127,Open
T073,12-13,2013-02-04,127,Open
T074,12-13,2013-02-04,127,Open
T075,12-13,2013-02-04,127,Closed
T076,12-13,2013-02-04,127,Open
T077,12-13,2013-02-04,127,Groomed
T078,12-13,2013-02-04,127,Groomed
T079,12-13,2013-02-04,127,Groomed
T080,12-13,2013-02-04,127,Open
T081,12-13,2013-02-04,127,Open
T083,12-13,2013-02-04,127,Open
T084,12-13,2013-02-04,127,Open
T085,12-13,2013-02-04,127,Open
T086,12-13,2013-02-04,127,Open
T087,12-13,2013-02-04,127,Open
T088,12-13,2013-02-04,127,Open
T089,12-13,2013-02-04,127,Open
T090,12-13,2013-02-04,127,Open
T091,12-13,2013-02-04,127,Open
T092,12-13,2013-02-04,127,Open
T127,12-13,2013-02-04,127,Open
T134,12-13,2013-02-04,127,Open
T135,12-13,2013-02-04,127,Open
T136,12-13,2013-02-04,127,Open
T137,12-13,2013-02-04,127,Open
T148,12-13,2013-02-04,127,Closed
T151,12-13,2013-02-04,127,Groomed
T152,12-13,2013-02-04,127,Groomed
T155,12-13,2013-02-04,127,Open
T156,12-13,2013-02-04,127,Closed
T157,12-13,2013-02-04,127,Open
T002,12-13,2013-02-05,128,Groomed
T003,12-13,2013-02-05,128,Open
T004,12-13,2013-02-05,128,Groomed
T005,12-13,2013-02-05,128,Groomed
T006,12-13,2013-02-05,128,Open
T007,12-13,2013-02-05,128,Groomed
T008,12-13,2013-02-05,128,Groomed
T009,12-13,2013-02-05,128,Groomed
T010,12-13,2013-02-05,128,Groomed
T011,12-13,2013-02-05,128,Groomed
T012,12-13,2013-02-05,128,Groomed
T013,12-13,2013-02-05,128,Groomed
T015,12-13,2013-02-05,128,Open
T016,12-13,2013-02-05,128,Open
T017,12-13,2013-02-05,128,Open
T018,12-13,2013-02-05,128,Groomed
T019,12-13,2013-02-05,128,Closed
T020,12-13,2013-02-05,128,Open
T021,12-13,2013-02-05,128,Groomed
T022,12-13,2013-02-05,128,Groomed
T023,12-13,2013-02-05,128,Groomed
T024,12-13,2013-02-05,128,Open
T025,12-13,2013-02-05,128,Groomed
T026,12-13,2013-02-05,128,Open
T027,12-13,2013-02-05,128,Groomed
T028,12-13,2013-02-05,128,Groomed
T029,12-13,2013-02-05,128,Open
T030,12-13,2013-02-05,128,Groomed
T031,12-13,2013-02-05,128,Groomed
T032,12-13,2013-02-05,128,Closed
T033,12-13,2013-02-05,128,Groomed
T034,12-13,2013-02-05,128,Groomed
T035,12-13,2013-02-05,128,Open
T036,12-13,2013-02-05,128,Groomed
T037,12-13,2013-02-05,128,Open
T038,12-13,2013-02-05,128,Open
T039,12-13,2013-02-05,128,Groomed
T040,12-13,2013-02-05,128,Groomed
T042,12-13,2013-02-05,128,Open
T043,12-13,2013-02-05,128,Open
T044,12-13,2013-02-05,128,Open
T045,12-13,2013-02-05,128,Open
T046,12-13,2013-02-05,128,Closed
T047,12-13,2013-02-05,128,Closed
T048,12-13,2013-02-05,128,Open
T049,12-13,2013-02-05,128,Open
T051,12-13,2013-02-05,128,Groomed
T052,12-13,2013-02-05,128,Groomed
T053,12-13,2013-02-05,128,Groomed
T054,12-13,2013-02-05,128,Groomed
T061,12-13,2013-02-05,128,Groomed
T063,12-13,2013-02-05,128,Groomed
T064,12-13,2013-02-05,128,Groomed
T065,12-13,2013-02-05,128,Groomed
T066,12-13,2013-02-05,128,Open
T067,12-13,2013-02-05,128,Groomed
T068,12-13,2013-02-05,128,Open
T069,12-13,2013-02-05,128,Closed
T070,12-13,2013-02-05,128,Open
T071,12-13,2013-02-05,128,Open
T072,12-13,2013-02-05,128,Open
T073,12-13,2013-02-05,128,Open
T074,12-13,2013-02-05,128,Open
T075,12-13,2013-02-05,128,Closed
T076,12-13,2013-02-05,128,Open
T077,12-13,2013-02-05,128,Groomed
T078,12-13,2013-02-05,128,Open
T079,12-13,2013-02-05,128,Groomed
T080,12-13,2013-02-05,128,Open
T081,12-13,2013-02-05,128,Open
T083,12-13,2013-02-05,128,Open
T084,12-13,2013-02-05,128,Open
T085,12-13,2013-02-05,128,Open
T086,12-13,2013-02-05,128,Open
T087,12-13,2013-02-05,128,Open
T088,12-13,2013-02-05,128,Open
T089,12-13,2013-02-05,128,Open
T090,12-13,2013-02-05,128,Open
T091,12-13,2013-02-05,128,Open
T092,12-13,2013-02-05,128,Open
T127,12-13,2013-02-05,128,Open
T134,12-13,2013-02-05,128,Open
T135,12-13,2013-02-05,128,Open
T136,12-13,2013-02-05,128,Open
T137,12-13,2013-02-05,128,Open
T148,12-13,2013-02-05,128,Closed
T151,12-13,2013-02-05,128,Groomed
T152,12-13,2013-02-05,128,Groomed
T155,12-13,2013-02-05,128,Open
T156,12-13,2013-02-05,128,Closed
T157,12-13,2013-02-05,128,Open
T002,12-13,2013-02-06,129,Groomed
T003,12-13,2013-02-06,129,Open
T004,12-13,2013-02-06,129,Groomed
T005,12-13,2013-02-06,129,Groomed
T006,12-13,2013-02-06,129,Open
T007,12-13,2013-02-06,129,Groomed
T008,12-13,2013-02-06,129,Open
T009,12-13,2013-02-06,129,Groomed
T010,12-13,2013-02-06,129,Open
T011,12-13,2013-02-06,129,Groomed
T012,12-13,2013-02-06,129,Groomed
T013,12-13,2013-02-06,129,Groomed
T015,12-13,2013-02-06,129,Open
T016,12-13,2013-02-06,129,Open
T017,12-13,2013-02-06,129,Open
T018,12-13,2013-02-06,129,Open
T019,12-13,2013-02-06,129,Closed
T020,12-13,2013-02-06,129,Open
T021,12-13,2013-02-06,129,Groomed
T022,12-13,2013-02-06,129,Groomed
T023,12-13,2013-02-06,129,Groomed
T024,12-13,2013-02-06,129,Open
T025,12-13,2013-02-06,129,Groomed
T026,12-13,2013-02-06,129,Open
T027,12-13,2013-02-06,129,Groomed
T028,12-13,2013-02-06,129,Open
T029,12-13,2013-02-06,129,Open
T030,12-13,2013-02-06,129,Open
T031,12-13,2013-02-06,129,Groomed
T032,12-13,2013-02-06,129,Closed
T033,12-13,2013-02-06,129,Groomed
T034,12-13,2013-02-06,129,Groomed
T035,12-13,2013-02-06,129,Open
T036,12-13,2013-02-06,129,Groomed
T037,12-13,2013-02-06,129,Open
T038,12-13,2013-02-06,129,Open
T039,12-13,2013-02-06,129,Groomed
T040,12-13,2013-02-06,129,Groomed
T042,12-13,2013-02-06,129,Open
T043,12-13,2013-02-06,129,Open
T044,12-13,2013-02-06,129,Open
T045,12-13,2013-02-06,129,Open
T046,12-13,2013-02-06,129,Closed
T047,12-13,2013-02-06,129,Closed
T048,12-13,2013-02-06,129,Open
T049,12-13,2013-02-06,129,Open
T051,12-13,2013-02-06,129,Groomed
T052,12-13,2013-02-06,129,Groomed
T053,12-13,2013-02-06,129,Groomed
T054,12-13,2013-02-06,129,Groomed
T061,12-13,2013-02-06,129,Groomed
T063,12-13,2013-02-06,129,Groomed
T064,12-13,2013-02-06,129,Groomed
T065,12-13,2013-02-06,129,Groomed
T066,12-13,2013-02-06,129,Open
T067,12-13,2013-02-06,129,Groomed
T068,12-13,2013-02-06,129,Open
T069,12-13,2013-02-06,129,Closed
T070,12-13,2013-02-06,129,Open
T071,12-13,2013-02-06,129,Open
T072,12-13,2013-02-06,129,Open
T073,12-13,2013-02-06,129,Open
T074,12-13,2013-02-06,129,Open
T075,12-13,2013-02-06,129,Closed
T076,12-13,2013-02-06,129,Open
T077,12-13,2013-02-06,129,Groomed
T078,12-13,2013-02-06,129,Open
T079,12-13,2013-02-06,129,Groomed
T080,12-13,2013-02-06,129,Open
T081,12-13,2013-02-06,129,Open
T083,12-13,2013-02-06,129,Open
T084,12-13,2013-02-06,129,Open
T085,12-13,2013-02-06,129,Open
T086,12-13,2013-02-06,129,Open
T087,12-13,2013-02-06,129,Open
T088,12-13,2013-02-06,129,Open
T089,12-13,2013-02-06,129,Open
T090,12-13,2013-02-06,129,Open
T091,12-13,2013-02-06,129,Open
T092,12-13,2013-02-06,129,Open
T127,12-13,2013-02-06,129,Open
T134,12-13,2013-02-06,129,Open
T135,12-13,2013-02-06,129,Open
T136,12-13,2013-02-06,129,Open
T137,12-13,2013-02-06,129,Open
T148,12-13,2013-02-06,129,Closed
T151,12-13,2013-02-06,129,Groomed
T152,12-13,2013-02-06,129,Groomed
T155,12-13,2013-02-06,129,Open
T156,12-13,2013-02-06,129,Closed
T157,12-13,2013-02-06,129,Open
T002,12-13,2013-02-07,130,Groomed
T003,12-13,2013-02-07,130,Open
T004,12-13,2013-02-07,130,Groomed
T005,12-13,2013-02-07,130,Groomed
T006,12-13,2013-02-07,130,Open
T007,12-13,2013-02-07,130,Groomed
T008,12-13,2013-02-07,130,Open
T009,12-13,2013-02-07,130,Groomed
T010,12-13,2013-02-07,130,Open
T011,12-13,2013-02-07,130,Groomed
T012,12-13,2013-02-07,130,Groomed
T013,12-13,2013-02-07,130,Groomed
T015,12-13,2013-02-07,130,Open
T016,12-13,2013-02-07,130,Open
T017,12-13,2013-02-07,130,Open
T018,12-13,2013-02-07,130,Groomed
T019,12-13,2013-02-07,130,Closed
T020,12-13,2013-02-07,130,Groomed
T021,12-13,2013-02-07,130,Groomed
T022,12-13,2013-02-07,130,Groomed
T023,12-13,2013-02-07,130,Groomed
T024,12-13,2013-02-07,130,Open
T025,12-13,2013-02-07,130,Groomed
T026,12-13,2013-02-07,130,Open
T027,12-13,2013-02-07,130,Groomed
T028,12-13,2013-02-07,130,Groomed
T029,12-13,2013-02-07,130,Open
T030,12-13,2013-02-07,130,Groomed
T031,12-13,2013-02-07,130,Groomed
T032,12-13,2013-02-07,130,Closed
T033,12-13,2013-02-07,130,Groomed
T034,12-13,2013-02-07,130,Groomed
T035,12-13,2013-02-07,130,Open
T036,12-13,2013-02-07,130,Groomed
T037,12-13,2013-02-07,130,Open
T038,12-13,2013-02-07,130,Open
T039,12-13,2013-02-07,130,Groomed
T040,12-13,2013-02-07,130,Groomed
T042,12-13,2013-02-07,130,Open
T043,12-13,2013-02-07,130,Open
T044,12-13,2013-02-07,130,Open
T045,12-13,2013-02-07,130,Open
T046,12-13,2013-02-07,130,Closed
T047,12-13,2013-02-07,130,Closed
T048,12-13,2013-02-07,130,Open
T049,12-13,2013-02-07,130,Open
T051,12-13,2013-02-07,130,Groomed
T052,12-13,2013-02-07,130,Groomed
T053,12-13,2013-02-07,130,Groomed
T054,12-13,2013-02-07,130,Groomed
T061,12-13,2013-02-07,130,Groomed
T063,12-13,2013-02-07,130,Groomed
T064,12-13,2013-02-07,130,Groomed
T065,12-13,2013-02-07,130,Groomed
T066,12-13,2013-02-07,130,Groomed
T067,12-13,2013-02-07,130,Groomed
T068,12-13,2013-02-07,130,Open
T069,12-13,2013-02-07,130,Closed
T070,12-13,2013-02-07,130,Open
T071,12-13,2013-02-07,130,Open
T072,12-13,2013-02-07,130,Open
T073,12-13,2013-02-07,130,Open
T074,12-13,2013-02-07,130,Open
T075,12-13,2013-02-07,130,Closed
T076,12-13,2013-02-07,130,Open
T077,12-13,2013-02-07,130,Groomed
T078,12-13,2013-02-07,130,Open
T079,12-13,2013-02-07,130,Groomed
T080,12-13,2013-02-07,130,Open
T081,12-13,2013-02-07,130,Open
T083,12-13,2013-02-07,130,Open
T084,12-13,2013-02-07,130,Open
T085,12-13,2013-02-07,130,Open
T086,12-13,2013-02-07,130,Open
T087,12-13,2013-02-07,130,Open
T088,12-13,2013-02-07,130,Open
T089,12-13,2013-02-07,130,Open
T090,12-13,2013-02-07,130,Open
T091,12-13,2013-02-07,130,Open
T092,12-13,2013-02-07,130,Open
T127,12-13,2013-02-07,130,Open
T134,12-13,2013-02-07,130,Open
T135,12-13,2013-02-07,130,Open
T136,12-13,2013-02-07,130,Open
T137,12-13,2013-02-07,130,Open
T148,12-13,2013-02-07,130,Closed
T151,12-13,2013-02-07,130,Groomed
T152,12-13,2013-02-07,130,Groomed
T155,12-13,2013-02-07,130,Open
T156,12-13,2013-02-07,130,Closed
T157,12-13,2013-02-07,130,Open
T002,12-13,2013-02-08,131,Groomed
T003,12-13,2013-02-08,131,Open
T004,12-13,2013-02-08,131,Groomed
T005,12-13,2013-02-08,131,Groomed
T006,12-13,2013-02-08,131,Open
T007,12-13,2013-02-08,131,Groomed
T008,12-13,2013-02-08,131,Open
T009,12-13,2013-02-08,131,Groomed
T010,12-13,2013-02-08,131,Open
T011,12-13,2013-02-08,131,Groomed
T012,12-13,2013-02-08,131,Groomed
T013,12-13,2013-02-08,131,Groomed
T015,12-13,2013-02-08,131,Open
T016,12-13,2013-02-08,131,Open
T017,12-13,2013-02-08,131,Open
T018,12-13,2013-02-08,131,Groomed
T019,12-13,2013-02-08,131,Closed
T020,12-13,2013-02-08,131,Groomed
T021,12-13,2013-02-08,131,Groomed
T022,12-13,2013-02-08,131,Groomed
T023,12-13,2013-02-08,131,Groomed
T024,12-13,2013-02-08,131,Open
T025,12-13,2013-02-08,131,Groomed
T026,12-13,2013-02-08,131,Open
T027,12-13,2013-02-08,131,Groomed
T028,12-13,2013-02-08,131,Groomed
T029,12-13,2013-02-08,131,Open
T030,12-13,2013-02-08,131,Groomed
T031,12-13,2013-02-08,131,Groomed
T032,12-13,2013-02-08,131,Closed
T033,12-13,2013-02-08,131,Groomed
T034,12-13,2013-02-08,131,Groomed
T035,12-13,2013-02-08,131,Open
T036,12-13,2013-02-08,131,Groomed
T037,12-13,2013-02-08,131,Open
T038,12-13,2013-02-08,131,Open
T039,12-13,2013-02-08,131,Groomed
T040,12-13,2013-02-08,131,Groomed
T042,12-13,2013-02-08,131,Open
T043,12-13,2013-02-08,131,Open
T044,12-13,2013-02-08,131,Open
T045,12-13,2013-02-08,131,Open
T046,12-13,2013-02-08,131,Closed
T047,12-13,2013-02-08,131,Closed
T048,12-13,2013-02-08,131,Open
T049,12-13,2013-02-08,131,Open
T051,12-13,2013-02-08,131,Groomed
T052,12-13,2013-02-08,131,Groomed
T053,12-13,2013-02-08,131,Groomed
T054,12-13,2013-02-08,131,Groomed
T061,12-13,2013-02-08,131,Groomed
T063,12-13,2013-02-08,131,Groomed
T064,12-13,2013-02-08,131,Groomed
T065,12-13,2013-02-08,131,Groomed
T066,12-13,2013-02-08,131,Groomed
T067,12-13,2013-02-08,131,Groomed
T068,12-13,2013-02-08,131,Open
T069,12-13,2013-02-08,131,Closed
T070,12-13,2013-02-08,131,Open
T071,12-13,2013-02-08,131,Open
T072,12-13,2013-02-08,131,Open
T073,12-13,2013-02-08,131,Open
T074,12-13,2013-02-08,131,Open
T075,12-13,2013-02-08,131,Closed
T076,12-13,2013-02-08,131,Open
T077,12-13,2013-02-08,131,Groomed
T078,12-13,2013-02-08,131,Open
T079,12-13,2013-02-08,131,Groomed
T080,12-13,2013-02-08,131,Open
T081,12-13,2013-02-08,131,Open
T083,12-13,2013-02-08,131,Open
T084,12-13,2013-02-08,131,Open
T085,12-13,2013-02-08,131,Open
T086,12-13,2013-02-08,131,Open
T087,12-13,2013-02-08,131,Open
T088,12-13,2013-02-08,131,Open
T089,12-13,2013-02-08,131,Open
T090,12-13,2013-02-08,131,Open
T091,12-13,2013-02-08,131,Open
T092,12-13,2013-02-08,131,Open
T127,12-13,2013-02-08,131,Open
T134,12-13,2013-02-08,131,Open
T135,12-13,2013-02-08,131,Open
T136,12-13,2013-02-08,131,Open
T137,12-13,2013-02-08,131,Open
T148,12-13,2013-02-08,131,Closed
T151,12-13,2013-02-08,131,Groomed
T152,12-13,2013-02-08,131,Groomed
T155,12-13,2013-02-08,131,Open
T156,12-13,2013-02-08,131,Closed
T157,12-13,2013-02-08,131,Open
T002,12-13,2013-02-09,132,Groomed
T003,12-13,2013-02-09,132,Open
T004,12-13,2013-02-09,132,Groomed
T005,12-13,2013-02-09,132,Groomed
T006,12-13,2013-02-09,132,Groomed
T007,12-13,2013-02-09,132,Groomed
T008,12-13,2013-02-09,132,Groomed
T009,12-13,2013-02-09,132,Groomed
T010,12-13,2013-02-09,132,Groomed
T011,12-13,2013-02-09,132,Groomed
T012,12-13,2013-02-09,132,Groomed
T013,12-13,2013-02-09,132,Groomed
T015,12-13,2013-02-09,132,Open
T016,12-13,2013-02-09,132,Open
T017,12-13,2013-02-09,132,Open
T018,12-13,2013-02-09,132,Groomed
T019,12-13,2013-02-09,132,Closed
T020,12-13,2013-02-09,132,Groomed
T021,12-13,2013-02-09,132,Groomed
T022,12-13,2013-02-09,132,Groomed
T023,12-13,2013-02-09,132,Groomed
T024,12-13,2013-02-09,132,Open
T025,12-13,2013-02-09,132,Groomed
T026,12-13,2013-02-09,132,Open
T027,12-13,2013-02-09,132,Groomed
T028,12-13,2013-02-09,132,Groomed
T029,12-13,2013-02-09,132,Groomed
T030,12-13,2013-02-09,132,Groomed
T031,12-13,2013-02-09,132,Groomed
T032,12-13,2013-02-09,132,Closed
T033,12-13,2013-02-09,132,Groomed
T034,12-13,2013-02-09,132,Groomed
T035,12-13,2013-02-09,132,Groomed
T036,12-13,2013-02-09,132,Groomed
T037,12-13,2013-02-09,132,Open
T038,12-13,2013-02-09,132,Groomed
T039,12-13,2013-02-09,132,Groomed
T040,12-13,2013-02-09,132,Groomed
T042,12-13,2013-02-09,132,Open
T043,12-13,2013-02-09,132,Groomed
T044,12-13,2013-02-09,132,Open
T045,12-13,2013-02-09,132,Open
T046,12-13,2013-02-09,132,Closed
T047,12-13,2013-02-09,132,Closed
T048,12-13,2013-02-09,132,Open
T049,12-13,2013-02-09,132,Open
T051,12-13,2013-02-09,132,Groomed
T052,12-13,2013-02-09,132,Groomed
T053,12-13,2013-02-09,132,Groomed
T054,12-13,2013-02-09,132,Groomed
T061,12-13,2013-02-09,132,Groomed
T063,12-13,2013-02-09,132,Groomed
T064,12-13,2013-02-09,132,Groomed
T065,12-13,2013-02-09,132,Groomed
T066,12-13,2013-02-09,132,Open
T067,12-13,2013-02-09,132,Groomed
T068,12-13,2013-02-09,132,Open
T069,12-13,2013-02-09,132,Closed
T070,12-13,2013-02-09,132,Open
T071,12-13,2013-02-09,132,Open
T072,12-13,2013-02-09,132,Open
T073,12-13,2013-02-09,132,Open
T074,12-13,2013-02-09,132,Open
T075,12-13,2013-02-09,132,Closed
T076,12-13,2013-02-09,132,Open
T077,12-13,2013-02-09,132,Groomed
T078,12-13,2013-02-09,132,Open
T079,12-13,2013-02-09,132,Groomed
T080,12-13,2013-02-09,132,Open
T081,12-13,2013-02-09,132,Open
T083,12-13,2013-02-09,132,Open
T084,12-13,2013-02-09,132,Open
T085,12-13,2013-02-09,132,Open
T086,12-13,2013-02-09,132,Open
T087,12-13,2013-02-09,132,Open
T088,12-13,2013-02-09,132,Open
T089,12-13,2013-02-09,132,Open
T090,12-13,2013-02-09,132,Open
T091,12-13,2013-02-09,132,Open
T092,12-13,2013-02-09,132,Open
T127,12-13,2013-02-09,132,Open
T134,12-13,2013-02-09,132,Open
T135,12-13,2013-02-09,132,Open
T136,12-13,2013-02-09,132,Open
T137,12-13,2013-02-09,132,Open
T148,12-13,2013-02-09,132,Closed
T151,12-13,2013-02-09,132,Groomed
T152,12-13,2013-02-09,132,Groomed
T155,12-13,2013-02-09,132,Open
T156,12-13,2013-02-09,132,Closed
T157,12-13,2013-02-09,132,Open
T002,12-13,2013-02-10,133,Groomed
T003,12-13,2013-02-10,133,Open
T004,12-13,2013-02-10,133,Groomed
T005,12-13,2013-02-10,133,Groomed
T006,12-13,2013-02-10,133,Open
T007,12-13,2013-02-10,133,Groomed
T008,12-13,2013-02-10,133,Groomed
T009,12-13,2013-02-10,133,Groomed
T010,12-13,2013-02-10,133,Groomed
T011,12-13,2013-02-10,133,Groomed
T012,12-13,2013-02-10,133,Groomed
T013,12-13,2013-02-10,133,Groomed
T015,12-13,2013-02-10,133,Open
T016,12-13,2013-02-10,133,Open
T017,12-13,2013-02-10,133,Open
T018,12-13,2013-02-10,133,Groomed
T019,12-13,2013-02-10,133,Open
T020,12-13,2013-02-10,133,Groomed
T021,12-13,2013-02-10,133,Groomed
T022,12-13,2013-02-10,133,Groomed
T023,12-13,2013-02-10,133,Groomed
T024,12-13,2013-02-10,133,Open
T025,12-13,2013-02-10,133,Groomed
T026,12-13,2013-02-10,133,Open
T027,12-13,2013-02-10,133,Groomed
T028,12-13,2013-02-10,133,Groomed
T029,12-13,2013-02-10,133,Groomed
T030,12-13,2013-02-10,133,Groomed
T031,12-13,2013-02-10,133,Groomed
T032,12-13,2013-02-10,133,Closed
T033,12-13,2013-02-10,133,Groomed
T034,12-13,2013-02-10,133,Groomed
T035,12-13,2013-02-10,133,Open
T036,12-13,2013-02-10,133,Groomed
T037,12-13,2013-02-10,133,Open
T038,12-13,2013-02-10,133,Open
T039,12-13,2013-02-10,133,Groomed
T040,12-13,2013-02-10,133,Groomed
T042,12-13,2013-02-10,133,Open
T043,12-13,2013-02-10,133,Groomed
T044,12-13,2013-02-10,133,Open
T045,12-13,2013-02-10,133,Open
T046,12-13,2013-02-10,133,Open
T047,12-13,2013-02-10,133,Closed
T048,12-13,2013-02-10,133,Open
T049,12-13,2013-02-10,133,Open
T051,12-13,2013-02-10,133,Groomed
T052,12-13,2013-02-10,133,Groomed
T053,12-13,2013-02-10,133,Groomed
T054,12-13,2013-02-10,133,Groomed
T061,12-13,2013-02-10,133,Groomed
T063,12-13,2013-02-10,133,Groomed
T064,12-13,2013-02-10,133,Groomed
T065,12-13,2013-02-10,133,Groomed
T066,12-13,2013-02-10,133,Groomed
T067,12-13,2013-02-10,133,Groomed
T068,12-13,2013-02-10,133,Open
T069,12-13,2013-02-10,133,Open
T070,12-13,2013-02-10,133,Open
T071,12-13,2013-02-10,133,Open
T072,12-13,2013-02-10,133,Open
T073,12-13,2013-02-10,133,Open
T074,12-13,2013-02-10,133,Open
T075,12-13,2013-02-10,133,Open
T076,12-13,2013-02-10,133,Open
T077,12-13,2013-02-10,133,Groomed
T078,12-13,2013-02-10,133,Open
T079,12-13,2013-02-10,133,Groomed
T080,12-13,2013-02-10,133,Open
T081,12-13,2013-02-10,133,Open
T083,12-13,2013-02-10,133,Groomed
T084,12-13,2013-02-10,133,Open
T085,12-13,2013-02-10,133,Open
T086,12-13,2013-02-10,133,Open
T087,12-13,2013-02-10,133,Open
T088,12-13,2013-02-10,133,Open
T089,12-13,2013-02-10,133,Open
T090,12-13,2013-02-10,133,Open
T091,12-13,2013-02-10,133,Open
T092,12-13,2013-02-10,133,Open
T127,12-13,2013-02-10,133,Open
T134,12-13,2013-02-10,133,Open
T135,12-13,2013-02-10,133,Open
T136,12-13,2013-02-10,133,Open
T137,12-13,2013-02-10,133,Open
T148,12-13,2013-02-10,133,Closed
T151,12-13,2013-02-10,133,Groomed
T152,12-13,2013-02-10,133,Groomed
T155,12-13,2013-02-10,133,Open
T156,12-13,2013-02-10,133,Closed
T157,12-13,2013-02-10,133,Open
T002,12-13,2013-02-11,134,Groomed
T003,12-13,2013-02-11,134,Groomed
T004,12-13,2013-02-11,134,Groomed
T005,12-13,2013-02-11,134,Groomed
T006,12-13,2013-02-11,134,Open
T007,12-13,2013-02-11,134,Groomed
T008,12-13,2013-02-11,134,Groomed
T009,12-13,2013-02-11,134,Groomed
T010,12-13,2013-02-11,134,Groomed
T011,12-13,2013-02-11,134,Groomed
T012,12-13,2013-02-11,134,Groomed
T013,12-13,2013-02-11,134,Groomed
T015,12-13,2013-02-11,134,Open
T016,12-13,2013-02-11,134,Open
T017,12-13,2013-02-11,134,Open
T018,12-13,2013-02-11,134,Groomed
T019,12-13,2013-02-11,134,Open
T020,12-13,2013-02-11,134,Groomed
T021,12-13,2013-02-11,134,Groomed
T022,12-13,2013-02-11,134,Groomed
T023,12-13,2013-02-11,134,Groomed
T024,12-13,2013-02-11,134,Open
T025,12-13,2013-02-11,134,Groomed
T026,12-13,2013-02-11,134,Open
T027,12-13,2013-02-11,134,Groomed
T028,12-13,2013-02-11,134,Groomed
T029,12-13,2013-02-11,134,Groomed
T030,12-13,2013-02-11,134,Groomed
T031,12-13,2013-02-11,134,Groomed
T032,12-13,2013-02-11,134,Closed
T033,12-13,2013-02-11,134,Groomed
T034,12-13,2013-02-11,134,Groomed
T035,12-13,2013-02-11,134,Open
T036,12-13,2013-02-11,134,Groomed
T037,12-13,2013-02-11,134,Open
T038,12-13,2013-02-11,134,Open
T039,12-13,2013-02-11,134,Groomed
T040,12-13,2013-02-11,134,Groomed
T042,12-13,2013-02-11,134,Open
T043,12-13,2013-02-11,134,Groomed
T044,12-13,2013-02-11,134,Open
T045,12-13,2013-02-11,134,Open
T046,12-13,2013-02-11,134,Open
T047,12-13,2013-02-11,134,Closed
T048,12-13,2013-02-11,134,Open
T049,12-13,2013-02-11,134,Open
T051,12-13,2013-02-11,134,Groomed
T052,12-13,2013-02-11,134,Groomed
T053,12-13,2013-02-11,134,Groomed
T054,12-13,2013-02-11,134,Groomed
T061,12-13,2013-02-11,134,Groomed
T063,12-13,2013-02-11,134,Groomed
T064,12-13,2013-02-11,134,Groomed
T065,12-13,2013-02-11,134,Groomed
T066,12-13,2013-02-11,134,Open
T067,12-13,2013-02-11,134,Groomed
T068,12-13,2013-02-11,134,Open
T069,12-13,2013-02-11,134,Open
T070,12-13,2013-02-11,134,Open
T071,12-13,2013-02-11,134,Open
T072,12-13,2013-02-11,134,Open
T073,12-13,2013-02-11,134,Open
T074,12-13,2013-02-11,134,Open
T075,12-13,2013-02-11,134,Open
T076,12-13,2013-02-11,134,Open
T077,12-13,2013-02-11,134,Groomed
T078,12-13,2013-02-11,134,Open
T079,12-13,2013-02-11,134,Groomed
T080,12-13,2013-02-11,134,Open
T081,12-13,2013-02-11,134,Open
T083,12-13,2013-02-11,134,Groomed
T084,12-13,2013-02-11,134,Open
T085,12-13,2013-02-11,134,Open
T086,12-13,2013-02-11,134,Open
T087,12-13,2013-02-11,134,Open
T088,12-13,2013-02-11,134,Open
T089,12-13,2013-02-11,134,Open
T090,12-13,2013-02-11,134,Open
T091,12-13,2013-02-11,134,Open
T092,12-13,2013-02-11,134,Open
T127,12-13,2013-02-11,134,Open
T134,12-13,2013-02-11,134,Open
T135,12-13,2013-02-11,134,Open
T136,12-13,2013-02-11,134,Open
T137,12-13,2013-02-11,134,Open
T148,12-13,2013-02-11,134,Closed
T151,12-13,2013-02-11,134,Groomed
T152,12-13,2013-02-11,134,Groomed
T155,12-13,2013-02-11,134,Open
T156,12-13,2013-02-11,134,Closed
T157,12-13,2013-02-11,134,Open
T002,12-13,2013-02-12,135,Groomed
T003,12-13,2013-02-12,135,Groomed
T004,12-13,2013-02-12,135,Groomed
T005,12-13,2013-02-12,135,Groomed
T006,12-13,2013-02-12,135,Groomed
T007,12-13,2013-02-12,135,Groomed
T008,12-13,2013-02-12,135,Open
T009,12-13,2013-02-12,135,Groomed
T010,12-13,2013-02-12,135,Open
T011,12-13,2013-02-12,135,Groomed
T012,12-13,2013-02-12,135,Groomed
T013,12-13,2013-02-12,135,Groomed
T015,12-13,2013-02-12,135,Open
T016,12-13,2013-02-12,135,Open
T017,12-13,2013-02-12,135,Open
T018,12-13,2013-02-12,135,Groomed
T019,12-13,2013-02-12,135,Open
T020,12-13,2013-02-12,135,Open
T021,12-13,2013-02-12,135,Groomed
T022,12-13,2013-02-12,135,Groomed
T023,12-13,2013-02-12,135,Groomed
T024,12-13,2013-02-12,135,Open
T025,12-13,2013-02-12,135,Groomed
T026,12-13,2013-02-12,135,Open
T027,12-13,2013-02-12,135,Groomed
T028,12-13,2013-02-12,135,Groomed
T029,12-13,2013-02-12,135,Groomed
T030,12-13,2013-02-12,135,Groomed
T031,12-13,2013-02-12,135,Groomed
T032,12-13,2013-02-12,135,Closed
T033,12-13,2013-02-12,135,Groomed
T034,12-13,2013-02-12,135,Groomed
T035,12-13,2013-02-12,135,Open
T036,12-13,2013-02-12,135,Groomed
T037,12-13,2013-02-12,135,Open
T038,12-13,2013-02-12,135,Open
T039,12-13,2013-02-12,135,Groomed
T040,12-13,2013-02-12,135,Groomed
T042,12-13,2013-02-12,135,Open
T043,12-13,2013-02-12,135,Groomed
T044,12-13,2013-02-12,135,Open
T045,12-13,2013-02-12,135,Open
T046,12-13,2013-02-12,135,Open
T047,12-13,2013-02-12,135,Closed
T048,12-13,2013-02-12,135,Open
T049,12-13,2013-02-12,135,Open
T051,12-13,2013-02-12,135,Groomed
T052,12-13,2013-02-12,135,Groomed
T053,12-13,2013-02-12,135,Groomed
T054,12-13,2013-02-12,135,Groomed
T061,12-13,2013-02-12,135,Groomed
T063,12-13,2013-02-12,135,Groomed
T064,12-13,2013-02-12,135,Groomed
T065,12-13,2013-02-12,135,Groomed
T066,12-13,2013-02-12,135,Open
T067,12-13,2013-02-12,135,Groomed
T068,12-13,2013-02-12,135,Open
T069,12-13,2013-02-12,135,Open
T070,12-13,2013-02-12,135,Open
T071,12-13,2013-02-12,135,Open
T072,12-13,2013-02-12,135,Open
T073,12-13,2013-02-12,135,Open
T074,12-13,2013-02-12,135,Open
T075,12-13,2013-02-12,135,Open
T076,12-13,2013-02-12,135,Open
T077,12-13,2013-02-12,135,Groomed
T078,12-13,2013-02-12,135,Open
T079,12-13,2013-02-12,135,Groomed
T080,12-13,2013-02-12,135,Open
T081,12-13,2013-02-12,135,Open
T083,12-13,2013-02-12,135,Open
T084,12-13,2013-02-12,135,Open
T085,12-13,2013-02-12,135,Open
T086,12-13,2013-02-12,135,Open
T087,12-13,2013-02-12,135,Open
T088,12-13,2013-02-12,135,Open
T089,12-13,2013-02-12,135,Open
T090,12-13,2013-02-12,135,Open
T091,12-13,2013-02-12,135,Open
T092,12-13,2013-02-12,135,Open
T127,12-13,2013-02-12,135,Open
T134,12-13,2013-02-12,135,Open
T135,12-13,2013-02-12,135,Open
T136,12-13,2013-02-12,135,Open
T137,12-13,2013-02-12,135,Open
T148,12-13,2013-02-12,135,Closed
T151,12-13,2013-02-12,135,Groomed
T152,12-13,2013-02-12,135,Groomed
T155,12-13,2013-02-12,135,Open
T156,12-13,2013-02-12,135,Closed
T157,12-13,2013-02-12,135,Open
T002,12-13,2013-02-13,136,Groomed
T003,12-13,2013-02-13,136,Groomed
T004,12-13,2013-02-13,136,Groomed
T005,12-13,2013-02-13,136,Groomed
T006,12-13,2013-02-13,136,Open
T007,12-13,2013-02-13,136,Groomed
T008,12-13,2013-02-13,136,Open
T009,12-13,2013-02-13,136,Groomed
T010,12-13,2013-02-13,136,Open
T011,12-13,2013-02-13,136,Groomed
T012,12-13,2013-02-13,136,Groomed
T013,12-13,2013-02-13,136,Groomed
T015,12-13,2013-02-13,136,Open
T016,12-13,2013-02-13,136,Open
T017,12-13,2013-02-13,136,Open
T018,12-13,2013-02-13,136,Groomed
T019,12-13,2013-02-13,136,Open
T020,12-13,2013-02-13,136,Groomed
T021,12-13,2013-02-13,136,Groomed
T022,12-13,2013-02-13,136,Groomed
T023,12-13,2013-02-13,136,Groomed
T024,12-13,2013-02-13,136,Open
T025,12-13,2013-02-13,136,Groomed
T026,12-13,2013-02-13,136,Open
T027,12-13,2013-02-13,136,Groomed
T028,12-13,2013-02-13,136,Groomed
T029,12-13,2013-02-13,136,Groomed
T030,12-13,2013-02-13,136,Groomed
T031,12-13,2013-02-13,136,Groomed
T032,12-13,2013-02-13,136,Closed
T033,12-13,2013-02-13,136,Groomed
T034,12-13,2013-02-13,136,Groomed
T035,12-13,2013-02-13,136,Open
T036,12-13,2013-02-13,136,Groomed
T037,12-13,2013-02-13,136,Open
T038,12-13,2013-02-13,136,Open
T039,12-13,2013-02-13,136,Groomed
T040,12-13,2013-02-13,136,Groomed
T042,12-13,2013-02-13,136,Open
T043,12-13,2013-02-13,136,Groomed
T044,12-13,2013-02-13,136,Open
T045,12-13,2013-02-13,136,Open
T046,12-13,2013-02-13,136,Open
T047,12-13,2013-02-13,136,Closed
T048,12-13,2013-02-13,136,Open
T049,12-13,2013-02-13,136,Open
T051,12-13,2013-02-13,136,Groomed
T052,12-13,2013-02-13,136,Groomed
T053,12-13,2013-02-13,136,Groomed
T054,12-13,2013-02-13,136,Groomed
T061,12-13,2013-02-13,136,Groomed
T063,12-13,2013-02-13,136,Groomed
T064,12-13,2013-02-13,136,Groomed
T065,12-13,2013-02-13,136,Groomed
T066,12-13,2013-02-13,136,Groomed
T067,12-13,2013-02-13,136,Groomed
T068,12-13,2013-02-13,136,Open
T069,12-13,2013-02-13,136,Open
T070,12-13,2013-02-13,136,Open
T071,12-13,2013-02-13,136,Open
T072,12-13,2013-02-13,136,Open
T073,12-13,2013-02-13,136,Open
T074,12-13,2013-02-13,136,Open
T075,12-13,2013-02-13,136,Open
T076,12-13,2013-02-13,136,Open
T077,12-13,2013-02-13,136,Groomed
T078,12-13,2013-02-13,136,Open
T079,12-13,2013-02-13,136,Groomed
T080,12-13,2013-02-13,136,Open
T081,12-13,2013-02-13,136,Open
T083,12-13,2013-02-13,136,Open
T084,12-13,2013-02-13,136,Open
T085,12-13,2013-02-13,136,Open
T086,12-13,2013-02-13,136,Open
T087,12-13,2013-02-13,136,Open
T088,12-13,2013-02-13,136,Open
T089,12-13,2013-02-13,136,Open
T090,12-13,2013-02-13,136,Open
T091,12-13,2013-02-13,136,Open
T092,12-13,2013-02-13,136,Open
T127,12-13,2013-02-13,136,Open
T134,12-13,2013-02-13,136,Open
T135,12-13,2013-02-13,136,Open
T136,12-13,2013-02-13,136,Open
T137,12-13,2013-02-13,136,Open
T148,12-13,2013-02-13,136,Closed
T151,12-13,2013-02-13,136,Groomed
T152,12-13,2013-02-13,136,Groomed
T155,12-13,2013-02-13,136,Open
T156,12-13,2013-02-13,136,Closed
T157,12-13,2013-02-13,136,Open
T002,12-13,2013-02-14,137,Groomed
T003,12-13,2013-02-14,137,Groomed
T004,12-13,2013-02-14,137,Groomed
T005,12-13,2013-02-14,137,Groomed
T006,12-13,2013-02-14,137,Open
T007,12-13,2013-02-14,137,Groomed
T008,12-13,2013-02-14,137,Open
T009,12-13,2013-02-14,137,Groomed
T010,12-13,2013-02-14,137,Open
T011,12-13,2013-02-14,137,Groomed
T012,12-13,2013-02-14,137,Groomed
T013,12-13,2013-02-14,137,Groomed
T015,12-13,2013-02-14,137,Open
T016,12-13,2013-02-14,137,Open
T017,12-13,2013-02-14,137,Open
T018,12-13,2013-02-14,137,Groomed
T019,12-13,2013-02-14,137,Open
T020,12-13,2013-02-14,137,Open
T021,12-13,2013-02-14,137,Groomed
T022,12-13,2013-02-14,137,Groomed
T023,12-13,2013-02-14,137,Groomed
T024,12-13,2013-02-14,137,Open
T025,12-13,2013-02-14,137,Groomed
T026,12-13,2013-02-14,137,Open
T027,12-13,2013-02-14,137,Groomed
T028,12-13,2013-02-14,137,Groomed
T029,12-13,2013-02-14,137,Groomed
T030,12-13,2013-02-14,137,Groomed
T031,12-13,2013-02-14,137,Groomed
T032,12-13,2013-02-14,137,Closed
T033,12-13,2013-02-14,137,Groomed
T034,12-13,2013-02-14,137,Groomed
T035,12-13,2013-02-14,137,Open
T036,12-13,2013-02-14,137,Groomed
T037,12-13,2013-02-14,137,Open
T038,12-13,2013-02-14,137,Open
T039,12-13,2013-02-14,137,Groomed
T040,12-13,2013-02-14,137,Groomed
T042,12-13,2013-02-14,137,Open
T043,12-13,2013-02-14,137,Open
T044,12-13,2013-02-14,137,Open
T045,12-13,2013-02-14,137,Open
T046,12-13,2013-02-14,137,Open
T047,12-13,2013-02-14,137,Closed
T048,12-13,2013-02-14,137,Open
T049,12-13,2013-02-14,137,Open
T051,12-13,2013-02-14,137,Groomed
T052,12-13,2013-02-14,137,Groomed
T053,12-13,2013-02-14,137,Groomed
T054,12-13,2013-02-14,137,Groomed
T061,12-13,2013-02-14,137,Groomed
T063,12-13,2013-02-14,137,Groomed
T064,12-13,2013-02-14,137,Groomed
T065,12-13,2013-02-14,137,Groomed
T066,12-13,2013-02-14,137,Groomed
T067,12-13,2013-02-14,137,Groomed
T068,12-13,2013-02-14,137,Open
T069,12-13,2013-02-14,137,Open
T070,12-13,2013-02-14,137,Open
T071,12-13,2013-02-14,137,Open
T072,12-13,2013-02-14,137,Open
T073,12-13,2013-02-14,137,Open
T074,12-13,2013-02-14,137,Open
T075,12-13,2013-02-14,137,Open
T076,12-13,2013-02-14,137,Open
T077,12-13,2013-02-14,137,Groomed
T078,12-13,2013-02-14,137,Groomed
T079,12-13,2013-02-14,137,Groomed
T080,12-13,2013-02-14,137,Open
T081,12-13,2013-02-14,137,Open
T083,12-13,2013-02-14,137,Groomed
T084,12-13,2013-02-14,137,Open
T085,12-13,2013-02-14,137,Open
T086,12-13,2013-02-14,137,Open
T087,12-13,2013-02-14,137,Open
T088,12-13,2013-02-14,137,Open
T089,12-13,2013-02-14,137,Open
T090,12-13,2013-02-14,137,Open
T091,12-13,2013-02-14,137,Open
T092,12-13,2013-02-14,137,Open
T127,12-13,2013-02-14,137,Open
T134,12-13,2013-02-14,137,Open
T135,12-13,2013-02-14,137,Open
T136,12-13,2013-02-14,137,Open
T137,12-13,2013-02-14,137,Open
T148,12-13,2013-02-14,137,Closed
T151,12-13,2013-02-14,137,Groomed
T152,12-13,2013-02-14,137,Groomed
T155,12-13,2013-02-14,137,Open
T156,12-13,2013-02-14,137,Closed
T157,12-13,2013-02-14,137,Open
T002,12-13,2013-02-15,138,Groomed
T003,12-13,2013-02-15,138,Groomed
T004,12-13,2013-02-15,138,Groomed
T005,12-13,2013-02-15,138,Groomed
T006,12-13,2013-02-15,138,Open
T007,12-13,2013-02-15,138,Groomed
T008,12-13,2013-02-15,138,Open
T009,12-13,2013-02-15,138,Groomed
T010,12-13,2013-02-15,138,Open
T011,12-13,2013-02-15,138,Groomed
T012,12-13,2013-02-15,138,Groomed
T013,12-13,2013-02-15,138,Groomed
T015,12-13,2013-02-15,138,Open
T016,12-13,2013-02-15,138,Open
T017,12-13,2013-02-15,138,Open
T018,12-13,2013-02-15,138,Groomed
T019,12-13,2013-02-15,138,Open
T020,12-13,2013-02-15,138,Open
T021,12-13,2013-02-15,138,Groomed
T022,12-13,2013-02-15,138,Groomed
T023,12-13,2013-02-15,138,Groomed
T024,12-13,2013-02-15,138,Open
T025,12-13,2013-02-15,138,Groomed
T026,12-13,2013-02-15,138,Open
T027,12-13,2013-02-15,138,Groomed
T028,12-13,2013-02-15,138,Groomed
T029,12-13,2013-02-15,138,Groomed
T030,12-13,2013-02-15,138,Groomed
T031,12-13,2013-02-15,138,Groomed
T032,12-13,2013-02-15,138,Closed
T033,12-13,2013-02-15,138,Groomed
T034,12-13,2013-02-15,138,Groomed
T035,12-13,2013-02-15,138,Open
T036,12-13,2013-02-15,138,Groomed
T037,12-13,2013-02-15,138,Open
T038,12-13,2013-02-15,138,Open
T039,12-13,2013-02-15,138,Groomed
T040,12-13,2013-02-15,138,Groomed
T042,12-13,2013-02-15,138,Open
T043,12-13,2013-02-15,138,Open
T044,12-13,2013-02-15,138,Open
T045,12-13,2013-02-15,138,Open
T046,12-13,2013-02-15,138,Open
T047,12-13,2013-02-15,138,Closed
T048,12-13,2013-02-15,138,Open
T049,12-13,2013-02-15,138,Open
T051,12-13,2013-02-15,138,Groomed
T052,12-13,2013-02-15,138,Groomed
T053,12-13,2013-02-15,138,Groomed
T054,12-13,2013-02-15,138,Groomed
T061,12-13,2013-02-15,138,Groomed
T063,12-13,2013-02-15,138,Groomed
T064,12-13,2013-02-15,138,Groomed
T065,12-13,2013-02-15,138,Groomed
T066,12-13,2013-02-15,138,Groomed
T067,12-13,2013-02-15,138,Groomed
T068,12-13,2013-02-15,138,Open
T069,12-13,2013-02-15,138,Open
T070,12-13,2013-02-15,138,Open
T071,12-13,2013-02-15,138,Open
T072,12-13,2013-02-15,138,Open
T073,12-13,2013-02-15,138,Open
T074,12-13,2013-02-15,138,Open
T075,12-13,2013-02-15,138,Open
T076,12-13,2013-02-15,138,Open
T077,12-13,2013-02-15,138,Groomed
T078,12-13,2013-02-15,138,Groomed
T079,12-13,2013-02-15,138,Groomed
T080,12-13,2013-02-15,138,Open
T081,12-13,2013-02-15,138,Open
T083,12-13,2013-02-15,138,Groomed
T084,12-13,2013-02-15,138,Open
T085,12-13,2013-02-15,138,Open
T086,12-13,2013-02-15,138,Open
T087,12-13,2013-02-15,138,Open
T088,12-13,2013-02-15,138,Open
T089,12-13,2013-02-15,138,Open
T090,12-13,2013-02-15,138,Open
T091,12-13,2013-02-15,138,Open
T092,12-13,2013-02-15,138,Open
T127,12-13,2013-02-15,138,Open
T134,12-13,2013-02-15,138,Open
T135,12-13,2013-02-15,138,Open
T136,12-13,2013-02-15,138,Open
T137,12-13,2013-02-15,138,Open
T148,12-13,2013-02-15,138,Closed
T151,12-13,2013-02-15,138,Groomed
T152,12-13,2013-02-15,138,Groomed
T155,12-13,2013-02-15,138,Open
T156,12-13,2013-02-15,138,Closed
T157,12-13,2013-02-15,138,Open
T002,12-13,2013-02-16,139,Groomed
T003,12-13,2013-02-16,139,Groomed
T004,12-13,2013-02-16,139,Groomed
T005,12-13,2013-02-16,139,Groomed
T006,12-13,2013-02-16,139,Groomed
T007,12-13,2013-02-16,139,Groomed
T008,12-13,2013-02-16,139,Open
T009,12-13,2013-02-16,139,Groomed
T010,12-13,2013-02-16,139,Groomed
T011,12-13,2013-02-16,139,Groomed
T012,12-13,2013-02-16,139,Groomed
T013,12-13,2013-02-16,139,Groomed
T015,12-13,2013-02-16,139,Open
T016,12-13,2013-02-16,139,Open
T017,12-13,2013-02-16,139,Open
T018,12-13,2013-02-16,139,Groomed
T019,12-13,2013-02-16,139,Open
T020,12-13,2013-02-16,139,Groomed
T021,12-13,2013-02-16,139,Groomed
T022,12-13,2013-02-16,139,Groomed
T023,12-13,2013-02-16,139,Groomed
T024,12-13,2013-02-16,139,Open
T025,12-13,2013-02-16,139,Groomed
T026,12-13,2013-02-16,139,Open
T027,12-13,2013-02-16,139,Groomed
T028,12-13,2013-02-16,139,Groomed
T029,12-13,2013-02-16,139,Groomed
T030,12-13,2013-02-16,139,Groomed
T031,12-13,2013-02-16,139,Groomed
T032,12-13,2013-02-16,139,Closed
T033,12-13,2013-02-16,139,Groomed
T034,12-13,2013-02-16,139,Groomed
T035,12-13,2013-02-16,139,Open
T036,12-13,2013-02-16,139,Groomed
T037,12-13,2013-02-16,139,Open
T038,12-13,2013-02-16,139,Open
T039,12-13,2013-02-16,139,Groomed
T040,12-13,2013-02-16,139,Groomed
T042,12-13,2013-02-16,139,Open
T043,12-13,2013-02-16,139,Groomed
T044,12-13,2013-02-16,139,Open
T045,12-13,2013-02-16,139,Open
T046,12-13,2013-02-16,139,Open
T047,12-13,2013-02-16,139,Closed
T048,12-13,2013-02-16,139,Open
T049,12-13,2013-02-16,139,Groomed
T051,12-13,2013-02-16,139,Groomed
T052,12-13,2013-02-16,139,Groomed
T053,12-13,2013-02-16,139,Groomed
T054,12-13,2013-02-16,139,Groomed
T061,12-13,2013-02-16,139,Groomed
T063,12-13,2013-02-16,139,Groomed
T064,12-13,2013-02-16,139,Groomed
T065,12-13,2013-02-16,139,Groomed
T066,12-13,2013-02-16,139,Groomed
T067,12-13,2013-02-16,139,Groomed
T068,12-13,2013-02-16,139,Open
T069,12-13,2013-02-16,139,Open
T070,12-13,2013-02-16,139,Open
T071,12-13,2013-02-16,139,Open
T072,12-13,2013-02-16,139,Open
T073,12-13,2013-02-16,139,Open
T074,12-13,2013-02-16,139,Open
T075,12-13,2013-02-16,139,Open
T076,12-13,2013-02-16,139,Open
T077,12-13,2013-02-16,139,Groomed
T078,12-13,2013-02-16,139,Groomed
T079,12-13,2013-02-16,139,Groomed
T080,12-13,2013-02-16,139,Open
T081,12-13,2013-02-16,139,Open
T083,12-13,2013-02-16,139,Groomed
T084,12-13,2013-02-16,139,Open
T085,12-13,2013-02-16,139,Open
T086,12-13,2013-02-16,139,Open
T087,12-13,2013-02-16,139,Open
T088,12-13,2013-02-16,139,Open
T089,12-13,2013-02-16,139,Open
T090,12-13,2013-02-16,139,Open
T091,12-13,2013-02-16,139,Open
T092,12-13,2013-02-16,139,Open
T127,12-13,2013-02-16,139,Open
T134,12-13,2013-02-16,139,Open
T135,12-13,2013-02-16,139,Open
T136,12-13,2013-02-16,139,Open
T137,12-13,2013-02-16,139,Open
T148,12-13,2013-02-16,139,Closed
T151,12-13,2013-02-16,139,Groomed
T152,12-13,2013-02-16,139,Groomed
T155,12-13,2013-02-16,139,Open
T156,12-13,2013-02-16,139,Closed
T157,12-13,2013-02-16,139,Open
T002,12-13,2013-02-17,140,Groomed
T003,12-13,2013-02-17,140,Groomed
T004,12-13,2013-02-17,140,Groomed
T005,12-13,2013-02-17,140,Groomed
T006,12-13,2013-02-17,140,Groomed
T007,12-13,2013-02-17,140,Groomed
T008,12-13,2013-02-17,140,Open
T009,12-13,2013-02-17,140,Groomed
T010,12-13,2013-02-17,140,Groomed
T011,12-13,2013-02-17,140,Groomed
T012,12-13,2013-02-17,140,Groomed
T013,12-13,2013-02-17,140,Groomed
T015,12-13,2013-02-17,140,Open
T016,12-13,2013-02-17,140,Open
T017,12-13,2013-02-17,140,Open
T018,12-13,2013-02-17,140,Groomed
T019,12-13,2013-02-17,140,Open
T020,12-13,2013-02-17,140,Groomed
T021,12-13,2013-02-17,140,Groomed
T022,12-13,2013-02-17,140,Groomed
T023,12-13,2013-02-17,140,Groomed
T024,12-13,2013-02-17,140,Open
T025,12-13,2013-02-17,140,Groomed
T026,12-13,2013-02-17,140,Open
T027,12-13,2013-02-17,140,Groomed
T028,12-13,2013-02-17,140,Groomed
T029,12-13,2013-02-17,140,Groomed
T030,12-13,2013-02-17,140,Groomed
T031,12-13,2013-02-17,140,Groomed
T032,12-13,2013-02-17,140,Closed
T033,12-13,2013-02-17,140,Groomed
T034,12-13,2013-02-17,140,Groomed
T035,12-13,2013-02-17,140,Open
T036,12-13,2013-02-17,140,Groomed
T037,12-13,2013-02-17,140,Open
T038,12-13,2013-02-17,140,Open
T039,12-13,2013-02-17,140,Groomed
T040,12-13,2013-02-17,140,Groomed
T042,12-13,2013-02-17,140,Open
T043,12-13,2013-02-17,140,Groomed
T044,12-13,2013-02-17,140,Open
T045,12-13,2013-02-17,140,Open
T046,12-13,2013-02-17,140,Open
T047,12-13,2013-02-17,140,Closed
T048,12-13,2013-02-17,140,Open
T049,12-13,2013-02-17,140,Groomed
T051,12-13,2013-02-17,140,Groomed
T052,12-13,2013-02-17,140,Groomed
T053,12-13,2013-02-17,140,Groomed
T054,12-13,2013-02-17,140,Groomed
T061,12-13,2013-02-17,140,Groomed
T063,12-13,2013-02-17,140,Groomed
T064,12-13,2013-02-17,140,Groomed
T065,12-13,2013-02-17,140,Groomed
T066,12-13,2013-02-17,140,Open
T067,12-13,2013-02-17,140,Groomed
T068,12-13,2013-02-17,140,Open
T069,12-13,2013-02-17,140,Open
T070,12-13,2013-02-17,140,Open
T071,12-13,2013-02-17,140,Open
T072,12-13,2013-02-17,140,Open
T073,12-13,2013-02-17,140,Open
T074,12-13,2013-02-17,140,Open
T075,12-13,2013-02-17,140,Open
T076,12-13,2013-02-17,140,Open
T077,12-13,2013-02-17,140,Groomed
T078,12-13,2013-02-17,140,Groomed
T079,12-13,2013-02-17,140,Groomed
T080,12-13,2013-02-17,140,Open
T081,12-13,2013-02-17,140,Open
T083,12-13,2013-02-17,140,Groomed
T084,12-13,2013-02-17,140,Open
T085,12-13,2013-02-17,140,Open
T086,12-13,2013-02-17,140,Open
T087,12-13,2013-02-17,140,Open
T088,12-13,2013-02-17,140,Open
T089,12-13,2013-02-17,140,Open
T090,12-13,2013-02-17,140,Open
T091,12-13,2013-02-17,140,Open
T092,12-13,2013-02-17,140,Open
T127,12-13,2013-02-17,140,Open
T134,12-13,2013-02-17,140,Open
T135,12-13,2013-02-17,140,Open
T136,12-13,2013-02-17,140,Open
T137,12-13,2013-02-17,140,Open
T148,12-13,2013-02-17,140,Closed
T151,12-13,2013-02-17,140,Groomed
T152,12-13,2013-02-17,140,Groomed
T155,12-13,2013-02-17,140,Open
T156,12-13,2013-02-17,140,Open
T157,12-13,2013-02-17,140,Open
T002,12-13,2013-02-18,141,Groomed
T003,12-13,2013-02-18,141,Open
T004,12-13,2013-02-18,141,Groomed
T005,12-13,2013-02-18,141,Groomed
T006,12-13,2013-02-18,141,Open
T007,12-13,2013-02-18,141,Groomed
T008,12-13,2013-02-18,141,Open
T009,12-13,2013-02-18,141,Groomed
T010,12-13,2013-02-18,141,Groomed
T011,12-13,2013-02-18,141,Groomed
T012,12-13,2013-02-18,141,Groomed
T013,12-13,2013-02-18,141,Groomed
T015,12-13,2013-02-18,141,Open
T016,12-13,2013-02-18,141,Open
T017,12-13,2013-02-18,141,Open
T018,12-13,2013-02-18,141,Groomed
T019,12-13,2013-02-18,141,Open
T020,12-13,2013-02-18,141,Groomed
T021,12-13,2013-02-18,141,Groomed
T022,12-13,2013-02-18,141,Groomed
T023,12-13,2013-02-18,141,Groomed
T024,12-13,2013-02-18,141,Open
T025,12-13,2013-02-18,141,Groomed
T026,12-13,2013-02-18,141,Open
T027,12-13,2013-02-18,141,Groomed
T028,12-13,2013-02-18,141,Groomed
T029,12-13,2013-02-18,141,Groomed
T030,12-13,2013-02-18,141,Groomed
T031,12-13,2013-02-18,141,Groomed
T032,12-13,2013-02-18,141,Closed
T033,12-13,2013-02-18,141,Groomed
T034,12-13,2013-02-18,141,Groomed
T035,12-13,2013-02-18,141,Open
T036,12-13,2013-02-18,141,Groomed
T037,12-13,2013-02-18,141,Open
T038,12-13,2013-02-18,141,Open
T039,12-13,2013-02-18,141,Groomed
T040,12-13,2013-02-18,141,Groomed
T042,12-13,2013-02-18,141,Open
T043,12-13,2013-02-18,141,Groomed
T044,12-13,2013-02-18,141,Open
T045,12-13,2013-02-18,141,Open
T046,12-13,2013-02-18,141,Open
T047,12-13,2013-02-18,141,Closed
T048,12-13,2013-02-18,141,Open
T049,12-13,2013-02-18,141,Groomed
T051,12-13,2013-02-18,141,Groomed
T052,12-13,2013-02-18,141,Groomed
T053,12-13,2013-02-18,141,Groomed
T054,12-13,2013-02-18,141,Groomed
T061,12-13,2013-02-18,141,Groomed
T063,12-13,2013-02-18,141,Groomed
T064,12-13,2013-02-18,141,Groomed
T065,12-13,2013-02-18,141,Groomed
T066,12-13,2013-02-18,141,Open
T067,12-13,2013-02-18,141,Groomed
T068,12-13,2013-02-18,141,Open
T069,12-13,2013-02-18,141,Open
T070,12-13,2013-02-18,141,Open
T071,12-13,2013-02-18,141,Open
T072,12-13,2013-02-18,141,Open
T073,12-13,2013-02-18,141,Open
T074,12-13,2013-02-18,141,Open
T075,12-13,2013-02-18,141,Open
T076,12-13,2013-02-18,141,Open
T077,12-13,2013-02-18,141,Groomed
T078,12-13,2013-02-18,141,Groomed
T079,12-13,2013-02-18,141,Groomed
T080,12-13,2013-02-18,141,Open
T081,12-13,2013-02-18,141,Open
T083,12-13,2013-02-18,141,Groomed
T084,12-13,2013-02-18,141,Open
T085,12-13,2013-02-18,141,Open
T086,12-13,2013-02-18,141,Open
T087,12-13,2013-02-18,141,Open
T088,12-13,2013-02-18,141,Open
T089,12-13,2013-02-18,141,Open
T090,12-13,2013-02-18,141,Open
T091,12-13,2013-02-18,141,Open
T092,12-13,2013-02-18,141,Open
T127,12-13,2013-02-18,141,Open
T134,12-13,2013-02-18,141,Open
T135,12-13,2013-02-18,141,Open
T136,12-13,2013-02-18,141,Open
T137,12-13,2013-02-18,141,Open
T148,12-13,2013-02-18,141,Closed
T151,12-13,2013-02-18,141,Groomed
T152,12-13,2013-02-18,141,Groomed
T155,12-13,2013-02-18,141,Open
T156,12-13,2013-02-18,141,Open
T157,12-13,2013-02-18,141,Open
T002,12-13,2013-02-19,142,Groomed
T003,12-13,2013-02-19,142,Groomed
T004,12-13,2013-02-19,142,Groomed
T005,12-13,2013-02-19,142,Groomed
T006,12-13,2013-02-19,142,Open
T007,12-13,2013-02-19,142,Groomed
T008,12-13,2013-02-19,142,Open
T009,12-13,2013-02-19,142,Groomed
T010,12-13,2013-02-19,142,Open
T011,12-13,2013-02-19,142,Groomed
T012,12-13,2013-02-19,142,Groomed
T013,12-13,2013-02-19,142,Groomed
T015,12-13,2013-02-19,142,Open
T016,12-13,2013-02-19,142,Open
T017,12-13,2013-02-19,142,Open
T018,12-13,2013-02-19,142,Open
T019,12-13,2013-02-19,142,Open
T020,12-13,2013-02-19,142,Open
T021,12-13,2013-02-19,142,Groomed
T022,12-13,2013-02-19,142,Groomed
T023,12-13,2013-02-19,142,Groomed
T024,12-13,2013-02-19,142,Open
T025,12-13,2013-02-19,142,Groomed
T026,12-13,2013-02-19,142,Groomed
T027,12-13,2013-02-19,142,Groomed
T028,12-13,2013-02-19,142,Groomed
T029,12-13,2013-02-19,142,Groomed
T030,12-13,2013-02-19,142,Groomed
T031,12-13,2013-02-19,142,Groomed
T032,12-13,2013-02-19,142,Closed
T033,12-13,2013-02-19,142,Groomed
T034,12-13,2013-02-19,142,Groomed
T035,12-13,2013-02-19,142,Open
T036,12-13,2013-02-19,142,Groomed
T037,12-13,2013-02-19,142,Open
T038,12-13,2013-02-19,142,Open
T039,12-13,2013-02-19,142,Groomed
T040,12-13,2013-02-19,142,Groomed
T042,12-13,2013-02-19,142,Open
T043,12-13,2013-02-19,142,Groomed
T044,12-13,2013-02-19,142,Open
T045,12-13,2013-02-19,142,Open
T046,12-13,2013-02-19,142,Open
T047,12-13,2013-02-19,142,Closed
T048,12-13,2013-02-19,142,Open
T049,12-13,2013-02-19,142,Groomed
T051,12-13,2013-02-19,142,Groomed
T052,12-13,2013-02-19,142,Groomed
T053,12-13,2013-02-19,142,Groomed
T054,12-13,2013-02-19,142,Groomed
T061,12-13,2013-02-19,142,Groomed
T063,12-13,2013-02-19,142,Groomed
T064,12-13,2013-02-19,142,Groomed
T065,12-13,2013-02-19,142,Groomed
T066,12-13,2013-02-19,142,Groomed
T067,12-13,2013-02-19,142,Groomed
T068,12-13,2013-02-19,142,Open
T069,12-13,2013-02-19,142,Open
T070,12-13,2013-02-19,142,Open
T071,12-13,2013-02-19,142,Open
T072,12-13,2013-02-19,142,Open
T073,12-13,2013-02-19,142,Open
T074,12-13,2013-02-19,142,Open
T075,12-13,2013-02-19,142,Open
T076,12-13,2013-02-19,142,Open
T077,12-13,2013-02-19,142,Groomed
T078,12-13,2013-02-19,142,Open
T079,12-13,2013-02-19,142,Groomed
T080,12-13,2013-02-19,142,Open
T081,12-13,2013-02-19,142,Open
T083,12-13,2013-02-19,142,Groomed
T084,12-13,2013-02-19,142,Open
T085,12-13,2013-02-19,142,Open
T086,12-13,2013-02-19,142,Open
T087,12-13,2013-02-19,142,Open
T088,12-13,2013-02-19,142,Open
T089,12-13,2013-02-19,142,Open
T090,12-13,2013-02-19,142,Open
T091,12-13,2013-02-19,142,Open
T092,12-13,2013-02-19,142,Open
T127,12-13,2013-02-19,142,Open
T134,12-13,2013-02-19,142,Open
T135,12-13,2013-02-19,142,Open
T136,12-13,2013-02-19,142,Open
T137,12-13,2013-02-19,142,Open
T148,12-13,2013-02-19,142,Closed
T151,12-13,2013-02-19,142,Groomed
T152,12-13,2013-02-19,142,Groomed
T155,12-13,2013-02-19,142,Open
T156,12-13,2013-02-19,142,Open
T157,12-13,2013-02-19,142,Open
T002,12-13,2013-02-20,143,Groomed
T003,12-13,2013-02-20,143,Open
T004,12-13,2013-02-20,143,Groomed
T005,12-13,2013-02-20,143,Groomed
T006,12-13,2013-02-20,143,Open
T007,12-13,2013-02-20,143,Groomed
T008,12-13,2013-02-20,143,Open
T009,12-13,2013-02-20,143,Groomed
T010,12-13,2013-02-20,143,Open
T011,12-13,2013-02-20,143,Groomed
T012,12-13,2013-02-20,143,Groomed
T013,12-13,2013-02-20,143,Groomed
T015,12-13,2013-02-20,143,Open
T016,12-13,2013-02-20,143,Open
T017,12-13,2013-02-20,143,Open
T018,12-13,2013-02-20,143,Groomed
T019,12-13,2013-02-20,143,Open
T020,12-13,2013-02-20,143,Open
T021,12-13,2013-02-20,143,Groomed
T022,12-13,2013-02-20,143,Groomed
T023,12-13,2013-02-20,143,Groomed
T024,12-13,2013-02-20,143,Open
T025,12-13,2013-02-20,143,Groomed
T026,12-13,2013-02-20,143,Groomed
T027,12-13,2013-02-20,143,Groomed
T028,12-13,2013-02-20,143,Groomed
T029,12-13,2013-02-20,143,Groomed
T030,12-13,2013-02-20,143,Groomed
T031,12-13,2013-02-20,143,Groomed
T032,12-13,2013-02-20,143,Closed
T033,12-13,2013-02-20,143,Groomed
T034,12-13,2013-02-20,143,Groomed
T035,12-13,2013-02-20,143,Open
T036,12-13,2013-02-20,143,Groomed
T037,12-13,2013-02-20,143,Open
T038,12-13,2013-02-20,143,Open
T039,12-13,2013-02-20,143,Groomed
T040,12-13,2013-02-20,143,Groomed
T042,12-13,2013-02-20,143,Open
T043,12-13,2013-02-20,143,Groomed
T044,12-13,2013-02-20,143,Open
T045,12-13,2013-02-20,143,Open
T046,12-13,2013-02-20,143,Open
T047,12-13,2013-02-20,143,Closed
T048,12-13,2013-02-20,143,Open
T049,12-13,2013-02-20,143,Groomed
T051,12-13,2013-02-20,143,Groomed
T052,12-13,2013-02-20,143,Groomed
T053,12-13,2013-02-20,143,Groomed
T054,12-13,2013-02-20,143,Groomed
T061,12-13,2013-02-20,143,Groomed
T063,12-13,2013-02-20,143,Groomed
T064,12-13,2013-02-20,143,Groomed
T065,12-13,2013-02-20,143,Groomed
T066,12-13,2013-02-20,143,Groomed
T067,12-13,2013-02-20,143,Groomed
T068,12-13,2013-02-20,143,Open
T069,12-13,2013-02-20,143,Open
T070,12-13,2013-02-20,143,Open
T071,12-13,2013-02-20,143,Open
T072,12-13,2013-02-20,143,Open
T073,12-13,2013-02-20,143,Open
T074,12-13,2013-02-20,143,Open
T075,12-13,2013-02-20,143,Open
T076,12-13,2013-02-20,143,Open
T077,12-13,2013-02-20,143,Groomed
T078,12-13,2013-02-20,143,Groomed
T079,12-13,2013-02-20,143,Groomed
T080,12-13,2013-02-20,143,Open
T081,12-13,2013-02-20,143,Open
T083,12-13,2013-02-20,143,Groomed
T084,12-13,2013-02-20,143,Open
T085,12-13,2013-02-20,143,Open
T086,12-13,2013-02-20,143,Open
T087,12-13,2013-02-20,143,Open
T088,12-13,2013-02-20,143,Open
T089,12-13,2013-02-20,143,Open
T090,12-13,2013-02-20,143,Open
T091,12-13,2013-02-20,143,Open
T092,12-13,2013-02-20,143,Open
T127,12-13,2013-02-20,143,Open
T134,12-13,2013-02-20,143,Open
T135,12-13,2013-02-20,143,Open
T136,12-13,2013-02-20,143,Open
T137,12-13,2013-02-20,143,Open
T148,12-13,2013-02-20,143,Closed
T151,12-13,2013-02-20,143,Groomed
T152,12-13,2013-02-20,143,Groomed
T155,12-13,2013-02-20,143,Open
T156,12-13,2013-02-20,143,Open
T157,12-13,2013-02-20,143,Open
T002,12-13,2013-02-21,144,Groomed
T003,12-13,2013-02-21,144,Groomed
T004,12-13,2013-02-21,144,Groomed
T005,12-13,2013-02-21,144,Groomed
T006,12-13,2013-02-21,144,Open
T007,12-13,2013-02-21,144,Groomed
T008,12-13,2013-02-21,144,Groomed
T009,12-13,2013-02-21,144,Groomed
T010,12-13,2013-02-21,144,Groomed
T011,12-13,2013-02-21,144,Groomed
T012,12-13,2013-02-21,144,Groomed
T013,12-13,2013-02-21,144,Groomed
T015,12-13,2013-02-21,144,Open
T016,12-13,2013-02-21,144,Open
T017,12-13,2013-02-21,144,Open
T018,12-13,2013-02-21,144,Groomed
T019,12-13,2013-02-21,144,Open
T020,12-13,2013-02-21,144,Open
T021,12-13,2013-02-21,144,Groomed
T022,12-13,2013-02-21,144,Groomed
T023,12-13,2013-02-21,144,Groomed
T024,12-13,2013-02-21,144,Open
T025,12-13,2013-02-21,144,Groomed
T026,12-13,2013-02-21,144,Open
T027,12-13,2013-02-21,144,Groomed
T028,12-13,2013-02-21,144,Groomed
T029,12-13,2013-02-21,144,Groomed
T030,12-13,2013-02-21,144,Groomed
T031,12-13,2013-02-21,144,Groomed
T032,12-13,2013-02-21,144,Closed
T033,12-13,2013-02-21,144,Groomed
T034,12-13,2013-02-21,144,Groomed
T035,12-13,2013-02-21,144,Open
T036,12-13,2013-02-21,144,Groomed
T037,12-13,2013-02-21,144,Open
T038,12-13,2013-02-21,144,Open
T039,12-13,2013-02-21,144,Groomed
T040,12-13,2013-02-21,144,Groomed
T042,12-13,2013-02-21,144,Open
T043,12-13,2013-02-21,144,Groomed
T044,12-13,2013-02-21,144,Open
T045,12-13,2013-02-21,144,Open
T046,12-13,2013-02-21,144,Open
T047,12-13,2013-02-21,144,Closed
T048,12-13,2013-02-21,144,Open
T049,12-13,2013-02-21,144,Groomed
T051,12-13,2013-02-21,144,Groomed
T052,12-13,2013-02-21,144,Groomed
T053,12-13,2013-02-21,144,Groomed
T054,12-13,2013-02-21,144,Groomed
T061,12-13,2013-02-21,144,Groomed
T063,12-13,2013-02-21,144,Groomed
T064,12-13,2013-02-21,144,Groomed
T065,12-13,2013-02-21,144,Groomed
T066,12-13,2013-02-21,144,Open
T067,12-13,2013-02-21,144,Groomed
T068,12-13,2013-02-21,144,Open
T069,12-13,2013-02-21,144,Open
T070,12-13,2013-02-21,144,Open
T071,12-13,2013-02-21,144,Open
T072,12-13,2013-02-21,144,Open
T073,12-13,2013-02-21,144,Open
T074,12-13,2013-02-21,144,Open
T075,12-13,2013-02-21,144,Open
T076,12-13,2013-02-21,144,Open
T077,12-13,2013-02-21,144,Groomed
T078,12-13,2013-02-21,144,Open
T079,12-13,2013-02-21,144,Groomed
T080,12-13,2013-02-21,144,Open
T081,12-13,2013-02-21,144,Open
T083,12-13,2013-02-21,144,Open
T084,12-13,2013-02-21,144,Open
T085,12-13,2013-02-21,144,Open
T086,12-13,2013-02-21,144,Open
T087,12-13,2013-02-21,144,Open
T088,12-13,2013-02-21,144,Open
T089,12-13,2013-02-21,144,Open
T090,12-13,2013-02-21,144,Open
T091,12-13,2013-02-21,144,Open
T092,12-13,2013-02-21,144,Open
T127,12-13,2013-02-21,144,Open
T134,12-13,2013-02-21,144,Open
T135,12-13,2013-02-21,144,Open
T136,12-13,2013-02-21,144,Open
T137,12-13,2013-02-21,144,Open
T148,12-13,2013-02-21,144,Closed
T151,12-13,2013-02-21,144,Groomed
T152,12-13,2013-02-21,144,Groomed
T155,12-13,2013-02-21,144,Open
T156,12-13,2013-02-21,144,Open
T157,12-13,2013-02-21,144,Open
T002,12-13,2013-02-22,145,Groomed
T003,12-13,2013-02-22,145,Groomed
T004,12-13,2013-02-22,145,Groomed
T005,12-13,2013-02-22,145,Groomed
T006,12-13,2013-02-22,145,Open
T007,12-13,2013-02-22,145,Groomed
T008,12-13,2013-02-22,145,Groomed
T009,12-13,2013-02-22,145,Groomed
T010,12-13,2013-02-22,145,Groomed
T011,12-13,2013-02-22,145,Groomed
T012,12-13,2013-02-22,145,Groomed
T013,12-13,2013-02-22,145,Groomed
T015,12-13,2013-02-22,145,Open
T016,12-13,2013-02-22,145,Open
T017,12-13,2013-02-22,145,Open
T018,12-13,2013-02-22,145,Groomed
T019,12-13,2013-02-22,145,Open
T020,12-13,2013-02-22,145,Open
T021,12-13,2013-02-22,145,Groomed
T022,12-13,2013-02-22,145,Groomed
T023,12-13,2013-02-22,145,Groomed
T024,12-13,2013-02-22,145,Open
T025,12-13,2013-02-22,145,Groomed
T026,12-13,2013-02-22,145,Open
T027,12-13,2013-02-22,145,Groomed
T028,12-13,2013-02-22,145,Groomed
T029,12-13,2013-02-22,145,Groomed
T030,12-13,2013-02-22,145,Groomed
T031,12-13,2013-02-22,145,Groomed
T032,12-13,2013-02-22,145,Closed
T033,12-13,2013-02-22,145,Groomed
T034,12-13,2013-02-22,145,Groomed
T035,12-13,2013-02-22,145,Open
T036,12-13,2013-02-22,145,Groomed
T037,12-13,2013-02-22,145,Open
T038,12-13,2013-02-22,145,Open
T039,12-13,2013-02-22,145,Groomed
T040,12-13,2013-02-22,145,Groomed
T042,12-13,2013-02-22,145,Open
T043,12-13,2013-02-22,145,Groomed
T044,12-13,2013-02-22,145,Open
T045,12-13,2013-02-22,145,Open
T046,12-13,2013-02-22,145,Open
T047,12-13,2013-02-22,145,Closed
T048,12-13,2013-02-22,145,Open
T049,12-13,2013-02-22,145,Groomed
T051,12-13,2013-02-22,145,Groomed
T052,12-13,2013-02-22,145,Groomed
T053,12-13,2013-02-22,145,Groomed
T054,12-13,2013-02-22,145,Groomed
T061,12-13,2013-02-22,145,Groomed
T063,12-13,2013-02-22,145,Groomed
T064,12-13,2013-02-22,145,Groomed
T065,12-13,2013-02-22,145,Groomed
T066,12-13,2013-02-22,145,Groomed
T067,12-13,2013-02-22,145,Groomed
T068,12-13,2013-02-22,145,Open
T069,12-13,2013-02-22,145,Open
T070,12-13,2013-02-22,145,Open
T071,12-13,2013-02-22,145,Open
T072,12-13,2013-02-22,145,Open
T073,12-13,2013-02-22,145,Open
T074,12-13,2013-02-22,145,Open
T075,12-13,2013-02-22,145,Open
T076,12-13,2013-02-22,145,Open
T077,12-13,2013-02-22,145,Groomed
T078,12-13,2013-02-22,145,Groomed
T079,12-13,2013-02-22,145,Groomed
T080,12-13,2013-02-22,145,Open
T081,12-13,2013-02-22,145,Open
T083,12-13,2013-02-22,145,Groomed
T084,12-13,2013-02-22,145,Open
T085,12-13,2013-02-22,145,Open
T086,12-13,2013-02-22,145,Open
T087,12-13,2013-02-22,145,Open
T088,12-13,2013-02-22,145,Open
T089,12-13,2013-02-22,145,Open
T090,12-13,2013-02-22,145,Open
T091,12-13,2013-02-22,145,Open
T092,12-13,2013-02-22,145,Open
T127,12-13,2013-02-22,145,Open
T134,12-13,2013-02-22,145,Open
T135,12-13,2013-02-22,145,Open
T136,12-13,2013-02-22,145,Open
T137,12-13,2013-02-22,145,Open
T148,12-13,2013-02-22,145,Closed
T151,12-13,2013-02-22,145,Groomed
T152,12-13,2013-02-22,145,Groomed
T155,12-13,2013-02-22,145,Open
T156,12-13,2013-02-22,145,Open
T157,12-13,2013-02-22,145,Open
T002,12-13,2013-02-23,146,Groomed
T003,12-13,2013-02-23,146,Groomed
T004,12-13,2013-02-23,146,Groomed
T005,12-13,2013-02-23,146,Groomed
T006,12-13,2013-02-23,146,Groomed
T007,12-13,2013-02-23,146,Groomed
T008,12-13,2013-02-23,146,Groomed
T009,12-13,2013-02-23,146,Groomed
T010,12-13,2013-02-23,146,Groomed
T011,12-13,2013-02-23,146,Groomed
T012,12-13,2013-02-23,146,Groomed
T013,12-13,2013-02-23,146,Groomed
T015,12-13,2013-02-23,146,Open
T016,12-13,2013-02-23,146,Open
T017,12-13,2013-02-23,146,Open
T018,12-13,2013-02-23,146,Groomed
T019,12-13,2013-02-23,146,Open
T020,12-13,2013-02-23,146,Open
T021,12-13,2013-02-23,146,Groomed
T022,12-13,2013-02-23,146,Groomed
T023,12-13,2013-02-23,146,Groomed
T024,12-13,2013-02-23,146,Open
T025,12-13,2013-02-23,146,Groomed
T026,12-13,2013-02-23,146,Open
T027,12-13,2013-02-23,146,Groomed
T028,12-13,2013-02-23,146,Groomed
T029,12-13,2013-02-23,146,Groomed
T030,12-13,2013-02-23,146,Groomed
T031,12-13,2013-02-23,146,Groomed
T032,12-13,2013-02-23,146,Closed
T033,12-13,2013-02-23,146,Groomed
T034,12-13,2013-02-23,146,Groomed
T035,12-13,2013-02-23,146,Open
T036,12-13,2013-02-23,146,Groomed
T037,12-13,2013-02-23,146,Open
T038,12-13,2013-02-23,146,Open
T039,12-13,2013-02-23,146,Groomed
T040,12-13,2013-02-23,146,Groomed
T042,12-13,2013-02-23,146,Open
T043,12-13,2013-02-23,146,Groomed
T044,12-13,2013-02-23,146,Open
T045,12-13,2013-02-23,146,Open
T046,12-13,2013-02-23,146,Open
T047,12-13,2013-02-23,146,Closed
T048,12-13,2013-02-23,146,Open
T049,12-13,2013-02-23,146,Groomed
T051,12-13,2013-02-23,146,Groomed
T052,12-13,2013-02-23,146,Groomed
T053,12-13,2013-02-23,146,Groomed
T054,12-13,2013-02-23,146,Groomed
T061,12-13,2013-02-23,146,Groomed
T063,12-13,2013-02-23,146,Groomed
T064,12-13,2013-02-23,146,Groomed
T065,12-13,2013-02-23,146,Groomed
T066,12-13,2013-02-23,146,Open
T067,12-13,2013-02-23,146,Groomed
T068,12-13,2013-02-23,146,Open
T069,12-13,2013-02-23,146,Open
T070,12-13,2013-02-23,146,Open
T071,12-13,2013-02-23,146,Open
T072,12-13,2013-02-23,146,Open
T073,12-13,2013-02-23,146,Open
T074,12-13,2013-02-23,146,Open
T075,12-13,2013-02-23,146,Open
T076,12-13,2013-02-23,146,Open
T077,12-13,2013-02-23,146,Groomed
T078,12-13,2013-02-23,146,Groomed
T079,12-13,2013-02-23,146,Groomed
T080,12-13,2013-02-23,146,Open
T081,12-13,2013-02-23,146,Open
T083,12-13,2013-02-23,146,Open
T084,12-13,2013-02-23,146,Open
T085,12-13,2013-02-23,146,Open
T086,12-13,2013-02-23,146,Open
T087,12-13,2013-02-23,146,Open
T088,12-13,2013-02-23,146,Open
T089,12-13,2013-02-23,146,Open
T090,12-13,2013-02-23,146,Open
T091,12-13,2013-02-23,146,Open
T092,12-13,2013-02-23,146,Open
T127,12-13,2013-02-23,146,Open
T134,12-13,2013-02-23,146,Open
T135,12-13,2013-02-23,146,Open
T136,12-13,2013-02-23,146,Open
T137,12-13,2013-02-23,146,Open
T148,12-13,2013-02-23,146,Closed
T151,12-13,2013-02-23,146,Groomed
T152,12-13,2013-02-23,146,Groomed
T155,12-13,2013-02-23,146,Open
T156,12-13,2013-02-23,146,Open
T157,12-13,2013-02-23,146,Open
T002,12-13,2013-02-24,147,Groomed
T003,12-13,2013-02-24,147,Groomed
T004,12-13,2013-02-24,147,Groomed
T005,12-13,2013-02-24,147,Groomed
T006,12-13,2013-02-24,147,Groomed
T007,12-13,2013-02-24,147,Groomed
T008,12-13,2013-02-24,147,Groomed
T009,12-13,2013-02-24,147,Groomed
T010,12-13,2013-02-24,147,Groomed
T011,12-13,2013-02-24,147,Groomed
T012,12-13,2013-02-24,147,Groomed
T013,12-13,2013-02-24,147,Groomed
T015,12-13,2013-02-24,147,Open
T016,12-13,2013-02-24,147,Open
T017,12-13,2013-02-24,147,Open
T018,12-13,2013-02-24,147,Groomed
T019,12-13,2013-02-24,147,Open
T020,12-13,2013-02-24,147,Open
T021,12-13,2013-02-24,147,Groomed
T022,12-13,2013-02-24,147,Groomed
T023,12-13,2013-02-24,147,Groomed
T024,12-13,2013-02-24,147,Open
T025,12-13,2013-02-24,147,Groomed
T026,12-13,2013-02-24,147,Open
T027,12-13,2013-02-24,147,Groomed
T028,12-13,2013-02-24,147,Groomed
T029,12-13,2013-02-24,147,Groomed
T030,12-13,2013-02-24,147,Groomed
T031,12-13,2013-02-24,147,Groomed
T032,12-13,2013-02-24,147,Closed
T033,12-13,2013-02-24,147,Groomed
T034,12-13,2013-02-24,147,Groomed
T035,12-13,2013-02-24,147,Open
T036,12-13,2013-02-24,147,Groomed
T037,12-13,2013-02-24,147,Open
T038,12-13,2013-02-24,147,Open
T039,12-13,2013-02-24,147,Groomed
T040,12-13,2013-02-24,147,Groomed
T042,12-13,2013-02-24,147,Open
T043,12-13,2013-02-24,147,Groomed
T044,12-13,2013-02-24,147,Open
T045,12-13,2013-02-24,147,Open
T046,12-13,2013-02-24,147,Open
T047,12-13,2013-02-24,147,Closed
T048,12-13,2013-02-24,147,Open
T049,12-13,2013-02-24,147,Groomed
T051,12-13,2013-02-24,147,Groomed
T052,12-13,2013-02-24,147,Groomed
T053,12-13,2013-02-24,147,Groomed
T054,12-13,2013-02-24,147,Groomed
T061,12-13,2013-02-24,147,Groomed
T063,12-13,2013-02-24,147,Groomed
T064,12-13,2013-02-24,147,Groomed
T065,12-13,2013-02-24,147,Open
T066,12-13,2013-02-24,147,Groomed
T067,12-13,2013-02-24,147,Groomed
T068,12-13,2013-02-24,147,Open
T069,12-13,2013-02-24,147,Open
T070,12-13,2013-02-24,147,Open
T071,12-13,2013-02-24,147,Open
T072,12-13,2013-02-24,147,Open
T073,12-13,2013-02-24,147,Open
T074,12-13,2013-02-24,147,Open
T075,12-13,2013-02-24,147,Open
T076,12-13,2013-02-24,147,Open
T077,12-13,2013-02-24,147,Groomed
T078,12-13,2013-02-24,147,Groomed
T079,12-13,2013-02-24,147,Groomed
T080,12-13,2013-02-24,147,Open
T081,12-13,2013-02-24,147,Open
T083,12-13,2013-02-24,147,Groomed
T084,12-13,2013-02-24,147,Open
T085,12-13,2013-02-24,147,Open
T086,12-13,2013-02-24,147,Open
T087,12-13,2013-02-24,147,Open
T088,12-13,2013-02-24,147,Open
T089,12-13,2013-02-24,147,Open
T090,12-13,2013-02-24,147,Open
T091,12-13,2013-02-24,147,Open
T092,12-13,2013-02-24,147,Open
T127,12-13,2013-02-24,147,Open
T134,12-13,2013-02-24,147,Open
T135,12-13,2013-02-24,147,Open
T136,12-13,2013-02-24,147,Open
T137,12-13,2013-02-24,147,Open
T148,12-13,2013-02-24,147,Closed
T151,12-13,2013-02-24,147,Groomed
T152,12-13,2013-02-24,147,Groomed
T155,12-13,2013-02-24,147,Open
T156,12-13,2013-02-24,147,Open
T157,12-13,2013-02-24,147,Open
T002,12-13,2013-02-25,148,Groomed
T003,12-13,2013-02-25,148,Groomed
T004,12-13,2013-02-25,148,Groomed
T005,12-13,2013-02-25,148,Groomed
T006,12-13,2013-02-25,148,Groomed
T007,12-13,2013-02-25,148,Groomed
T008,12-13,2013-02-25,148,Groomed
T009,12-13,2013-02-25,148,Groomed
T010,12-13,2013-02-25,148,Groomed
T011,12-13,2013-02-25,148,Groomed
T012,12-13,2013-02-25,148,Groomed
T013,12-13,2013-02-25,148,Groomed
T015,12-13,2013-02-25,148,Open
T016,12-13,2013-02-25,148,Open
T017,12-13,2013-02-25,148,Open
T018,12-13,2013-02-25,148,Groomed
T019,12-13,2013-02-25,148,Open
T020,12-13,2013-02-25,148,Open
T021,12-13,2013-02-25,148,Groomed
T022,12-13,2013-02-25,148,Groomed
T023,12-13,2013-02-25,148,Groomed
T024,12-13,2013-02-25,148,Open
T025,12-13,2013-02-25,148,Groomed
T026,12-13,2013-02-25,148,Open
T027,12-13,2013-02-25,148,Groomed
T028,12-13,2013-02-25,148,Groomed
T029,12-13,2013-02-25,148,Groomed
T030,12-13,2013-02-25,148,Groomed
T031,12-13,2013-02-25,148,Groomed
T032,12-13,2013-02-25,148,Open
T033,12-13,2013-02-25,148,Groomed
T034,12-13,2013-02-25,148,Groomed
T035,12-13,2013-02-25,148,Open
T036,12-13,2013-02-25,148,Groomed
T037,12-13,2013-02-25,148,Open
T038,12-13,2013-02-25,148,Open
T039,12-13,2013-02-25,148,Groomed
T040,12-13,2013-02-25,148,Groomed
T042,12-13,2013-02-25,148,Open
T043,12-13,2013-02-25,148,Groomed
T044,12-13,2013-02-25,148,Open
T045,12-13,2013-02-25,148,Open
T046,12-13,2013-02-25,148,Open
T047,12-13,2013-02-25,148,Open
T048,12-13,2013-02-25,148,Open
T049,12-13,2013-02-25,148,Groomed
T051,12-13,2013-02-25,148,Groomed
T052,12-13,2013-02-25,148,Groomed
T053,12-13,2013-02-25,148,Groomed
T054,12-13,2013-02-25,148,Groomed
T061,12-13,2013-02-25,148,Groomed
T063,12-13,2013-02-25,148,Groomed
T064,12-13,2013-02-25,148,Groomed
T065,12-13,2013-02-25,148,Groomed
T066,12-13,2013-02-25,148,Groomed
T067,12-13,2013-02-25,148,Groomed
T068,12-13,2013-02-25,148,Open
T069,12-13,2013-02-25,148,Open
T070,12-13,2013-02-25,148,Open
T071,12-13,2013-02-25,148,Open
T072,12-13,2013-02-25,148,Open
T073,12-13,2013-02-25,148,Open
T074,12-13,2013-02-25,148,Open
T075,12-13,2013-02-25,148,Open
T076,12-13,2013-02-25,148,Open
T077,12-13,2013-02-25,148,Groomed
T078,12-13,2013-02-25,148,Groomed
T079,12-13,2013-02-25,148,Groomed
T080,12-13,2013-02-25,148,Open
T081,12-13,2013-02-25,148,Open
T083,12-13,2013-02-25,148,Groomed
T084,12-13,2013-02-25,148,Open
T085,12-13,2013-02-25,148,Open
T086,12-13,2013-02-25,148,Open
T087,12-13,2013-02-25,148,Open
T088,12-13,2013-02-25,148,Open
T089,12-13,2013-02-25,148,Open
T090,12-13,2013-02-25,148,Open
T091,12-13,2013-02-25,148,Open
T092,12-13,2013-02-25,148,Open
T127,12-13,2013-02-25,148,Open
T134,12-13,2013-02-25,148,Open
T135,12-13,2013-02-25,148,Open
T136,12-13,2013-02-25,148,Open
T137,12-13,2013-02-25,148,Open
T148,12-13,2013-02-25,148,Closed
T151,12-13,2013-02-25,148,Groomed
T152,12-13,2013-02-25,148,Groomed
T155,12-13,2013-02-25,148,Open
T156,12-13,2013-02-25,148,Open
T157,12-13,2013-02-25,148,Open
T002,12-13,2013-02-26,149,Groomed
T003,12-13,2013-02-26,149,Groomed
T004,12-13,2013-02-26,149,Groomed
T005,12-13,2013-02-26,149,Groomed
T006,12-13,2013-02-26,149,Groomed
T007,12-13,2013-02-26,149,Groomed
T008,12-13,2013-02-26,149,Groomed
T009,12-13,2013-02-26,149,Groomed
T010,12-13,2013-02-26,149,Groomed
T011,12-13,2013-02-26,149,Groomed
T012,12-13,2013-02-26,149,Groomed
T013,12-13,2013-02-26,149,Groomed
T015,12-13,2013-02-26,149,Open
T016,12-13,2013-02-26,149,Open
T017,12-13,2013-02-26,149,Open
T018,12-13,2013-02-26,149,Open
T019,12-13,2013-02-26,149,Open
T020,12-13,2013-02-26,149,Open
T021,12-13,2013-02-26,149,Groomed
T022,12-13,2013-02-26,149,Groomed
T023,12-13,2013-02-26,149,Groomed
T024,12-13,2013-02-26,149,Open
T025,12-13,2013-02-26,149,Groomed
T026,12-13,2013-02-26,149,Groomed
T027,12-13,2013-02-26,149,Groomed
T028,12-13,2013-02-26,149,Groomed
T029,12-13,2013-02-26,149,Groomed
T030,12-13,2013-02-26,149,Groomed
T031,12-13,2013-02-26,149,Groomed
T032,12-13,2013-02-26,149,Open
T033,12-13,2013-02-26,149,Groomed
T034,12-13,2013-02-26,149,Groomed
T035,12-13,2013-02-26,149,Open
T036,12-13,2013-02-26,149,Groomed
T037,12-13,2013-02-26,149,Open
T038,12-13,2013-02-26,149,Groomed
T039,12-13,2013-02-26,149,Groomed
T040,12-13,2013-02-26,149,Groomed
T042,12-13,2013-02-26,149,Open
T043,12-13,2013-02-26,149,Groomed
T044,12-13,2013-02-26,149,Open
T045,12-13,2013-02-26,149,Open
T046,12-13,2013-02-26,149,Open
T047,12-13,2013-02-26,149,Open
T048,12-13,2013-02-26,149,Open
T049,12-13,2013-02-26,149,Groomed
T051,12-13,2013-02-26,149,Groomed
T052,12-13,2013-02-26,149,Groomed
T053,12-13,2013-02-26,149,Groomed
T054,12-13,2013-02-26,149,Groomed
T061,12-13,2013-02-26,149,Groomed
T063,12-13,2013-02-26,149,Groomed
T064,12-13,2013-02-26,149,Groomed
T065,12-13,2013-02-26,149,Groomed
T066,12-13,2013-02-26,149,Groomed
T067,12-13,2013-02-26,149,Groomed
T068,12-13,2013-02-26,149,Open
T069,12-13,2013-02-26,149,Open
T070,12-13,2013-02-26,149,Open
T071,12-13,2013-02-26,149,Open
T072,12-13,2013-02-26,149,Open
T073,12-13,2013-02-26,149,Open
T074,12-13,2013-02-26,149,Open
T075,12-13,2013-02-26,149,Open
T076,12-13,2013-02-26,149,Open
T077,12-13,2013-02-26,149,Groomed
T078,12-13,2013-02-26,149,Groomed
T079,12-13,2013-02-26,149,Groomed
T080,12-13,2013-02-26,149,Open
T081,12-13,2013-02-26,149,Open
T083,12-13,2013-02-26,149,Open
T084,12-13,2013-02-26,149,Open
T085,12-13,2013-02-26,149,Open
T086,12-13,2013-02-26,149,Open
T087,12-13,2013-02-26,149,Open
T088,12-13,2013-02-26,149,Open
T089,12-13,2013-02-26,149,Open
T090,12-13,2013-02-26,149,Open
T091,12-13,2013-02-26,149,Open
T092,12-13,2013-02-26,149,Open
T127,12-13,2013-02-26,149,Open
T134,12-13,2013-02-26,149,Open
T135,12-13,2013-02-26,149,Open
T136,12-13,2013-02-26,149,Open
T137,12-13,2013-02-26,149,Open
T148,12-13,2013-02-26,149,Open
T151,12-13,2013-02-26,149,Groomed
T152,12-13,2013-02-26,149,Groomed
T155,12-13,2013-02-26,149,Open
T156,12-13,2013-02-26,149,Open
T157,12-13,2013-02-26,149,Open
T002,12-13,2013-02-27,150,Groomed
T003,12-13,2013-02-27,150,Groomed
T004,12-13,2013-02-27,150,Groomed
T005,12-13,2013-02-27,150,Groomed
T006,12-13,2013-02-27,150,Groomed
T007,12-13,2013-02-27,150,Groomed
T008,12-13,2013-02-27,150,Groomed
T009,12-13,2013-02-27,150,Groomed
T010,12-13,2013-02-27,150,Groomed
T011,12-13,2013-02-27,150,Groomed
T012,12-13,2013-02-27,150,Groomed
T013,12-13,2013-02-27,150,Groomed
T015,12-13,2013-02-27,150,Open
T016,12-13,2013-02-27,150,Open
T017,12-13,2013-02-27,150,Open
T018,12-13,2013-02-27,150,Groomed
T019,12-13,2013-02-27,150,Open
T020,12-13,2013-02-27,150,Open
T021,12-13,2013-02-27,150,Groomed
T022,12-13,2013-02-27,150,Groomed
T023,12-13,2013-02-27,150,Groomed
T024,12-13,2013-02-27,150,Open
T025,12-13,2013-02-27,150,Groomed
T026,12-13,2013-02-27,150,Groomed
T027,12-13,2013-02-27,150,Groomed
T028,12-13,2013-02-27,150,Groomed
T029,12-13,2013-02-27,150,Groomed
T030,12-13,2013-02-27,150,Groomed
T031,12-13,2013-02-27,150,Groomed
T032,12-13,2013-02-27,150,Open
T033,12-13,2013-02-27,150,Groomed
T034,12-13,2013-02-27,150,Groomed
T035,12-13,2013-02-27,150,Open
T036,12-13,2013-02-27,150,Groomed
T037,12-13,2013-02-27,150,Open
T038,12-13,2013-02-27,150,Groomed
T039,12-13,2013-02-27,150,Groomed
T040,12-13,2013-02-27,150,Groomed
T042,12-13,2013-02-27,150,Open
T043,12-13,2013-02-27,150,Groomed
T044,12-13,2013-02-27,150,Open
T045,12-13,2013-02-27,150,Open
T046,12-13,2013-02-27,150,Open
T047,12-13,2013-02-27,150,Open
T048,12-13,2013-02-27,150,Open
T049,12-13,2013-02-27,150,Groomed
T051,12-13,2013-02-27,150,Groomed
T052,12-13,2013-02-27,150,Groomed
T053,12-13,2013-02-27,150,Groomed
T054,12-13,2013-02-27,150,Groomed
T061,12-13,2013-02-27,150,Groomed
T063,12-13,2013-02-27,150,Groomed
T064,12-13,2013-02-27,150,Groomed
T065,12-13,2013-02-27,150,Groomed
T066,12-13,2013-02-27,150,Groomed
T067,12-13,2013-02-27,150,Groomed
T068,12-13,2013-02-27,150,Open
T069,12-13,2013-02-27,150,Open
T070,12-13,2013-02-27,150,Open
T071,12-13,2013-02-27,150,Open
T072,12-13,2013-02-27,150,Open
T073,12-13,2013-02-27,150,Open
T074,12-13,2013-02-27,150,Open
T075,12-13,2013-02-27,150,Open
T076,12-13,2013-02-27,150,Open
T077,12-13,2013-02-27,150,Groomed
T078,12-13,2013-02-27,150,Groomed
T079,12-13,2013-02-27,150,Groomed
T080,12-13,2013-02-27,150,Open
T081,12-13,2013-02-27,150,Open
T083,12-13,2013-02-27,150,Groomed
T084,12-13,2013-02-27,150,Open
T085,12-13,2013-02-27,150,Open
T086,12-13,2013-02-27,150,Open
T087,12-13,2013-02-27,150,Open
T088,12-13,2013-02-27,150,Open
T089,12-13,2013-02-27,150,Open
T090,12-13,2013-02-27,150,Open
T091,12-13,2013-02-27,150,Open
T092,12-13,2013-02-27,150,Open
T127,12-13,2013-02-27,150,Open
T134,12-13,2013-02-27,150,Open
T135,12-13,2013-02-27,150,Open
T136,12-13,2013-02-27,150,Open
T137,12-13,2013-02-27,150,Open
T148,12-13,2013-02-27,150,Open
T151,12-13,2013-02-27,150,Groomed
T152,12-13,2013-02-27,150,Groomed
T155,12-13,2013-02-27,150,Open
T156,12-13,2013-02-27,150,Open
T157,12-13,2013-02-27,150,Open
T002,12-13,2013-02-28,151,Groomed
T003,12-13,2013-02-28,151,Groomed
T004,12-13,2013-02-28,151,Groomed
T005,12-13,2013-02-28,151,Groomed
T006,12-13,2013-02-28,151,Open
T007,12-13,2013-02-28,151,Groomed
T008,12-13,2013-02-28,151,Groomed
T009,12-13,2013-02-28,151,Groomed
T010,12-13,2013-02-28,151,Groomed
T011,12-13,2013-02-28,151,Groomed
T012,12-13,2013-02-28,151,Groomed
T013,12-13,2013-02-28,151,Groomed
T015,12-13,2013-02-28,151,Open
T016,12-13,2013-02-28,151,Open
T017,12-13,2013-02-28,151,Open
T018,12-13,2013-02-28,151,Open
T019,12-13,2013-02-28,151,Open
T020,12-13,2013-02-28,151,Open
T021,12-13,2013-02-28,151,Groomed
T022,12-13,2013-02-28,151,Groomed
T023,12-13,2013-02-28,151,Groomed
T024,12-13,2013-02-28,151,Open
T025,12-13,2013-02-28,151,Groomed
T026,12-13,2013-02-28,151,Open
T027,12-13,2013-02-28,151,Groomed
T028,12-13,2013-02-28,151,Open
T029,12-13,2013-02-28,151,Groomed
T030,12-13,2013-02-28,151,Open
T031,12-13,2013-02-28,151,Groomed
T032,12-13,2013-02-28,151,Open
T033,12-13,2013-02-28,151,Groomed
T034,12-13,2013-02-28,151,Groomed
T035,12-13,2013-02-28,151,Open
T036,12-13,2013-02-28,151,Groomed
T037,12-13,2013-02-28,151,Open
T038,12-13,2013-02-28,151,Open
T039,12-13,2013-02-28,151,Groomed
T040,12-13,2013-02-28,151,Groomed
T042,12-13,2013-02-28,151,Open
T043,12-13,2013-02-28,151,Groomed
T044,12-13,2013-02-28,151,Open
T045,12-13,2013-02-28,151,Open
T046,12-13,2013-02-28,151,Open
T047,12-13,2013-02-28,151,Open
T048,12-13,2013-02-28,151,Open
T049,12-13,2013-02-28,151,Groomed
T051,12-13,2013-02-28,151,Groomed
T052,12-13,2013-02-28,151,Groomed
T053,12-13,2013-02-28,151,Groomed
T054,12-13,2013-02-28,151,Groomed
T061,12-13,2013-02-28,151,Groomed
T063,12-13,2013-02-28,151,Groomed
T064,12-13,2013-02-28,151,Groomed
T065,12-13,2013-02-28,151,Groomed
T066,12-13,2013-02-28,151,Groomed
T067,12-13,2013-02-28,151,Groomed
T068,12-13,2013-02-28,151,Open
T069,12-13,2013-02-28,151,Open
T070,12-13,2013-02-28,151,Open
T071,12-13,2013-02-28,151,Open
T072,12-13,2013-02-28,151,Open
T073,12-13,2013-02-28,151,Open
T074,12-13,2013-02-28,151,Open
T075,12-13,2013-02-28,151,Open
T076,12-13,2013-02-28,151,Open
T077,12-13,2013-02-28,151,Groomed
T078,12-13,2013-02-28,151,Groomed
T079,12-13,2013-02-28,151,Groomed
T080,12-13,2013-02-28,151,Open
T081,12-13,2013-02-28,151,Open
T083,12-13,2013-02-28,151,Groomed
T084,12-13,2013-02-28,151,Open
T085,12-13,2013-02-28,151,Open
T086,12-13,2013-02-28,151,Open
T087,12-13,2013-02-28,151,Open
T088,12-13,2013-02-28,151,Open
T089,12-13,2013-02-28,151,Open
T090,12-13,2013-02-28,151,Open
T091,12-13,2013-02-28,151,Open
T092,12-13,2013-02-28,151,Open
T127,12-13,2013-02-28,151,Open
T134,12-13,2013-02-28,151,Open
T135,12-13,2013-02-28,151,Open
T136,12-13,2013-02-28,151,Open
T137,12-13,2013-02-28,151,Open
T148,12-13,2013-02-28,151,Open
T151,12-13,2013-02-28,151,Groomed
T152,12-13,2013-02-28,151,Groomed
T155,12-13,2013-02-28,151,Open
T156,12-13,2013-02-28,151,Open
T157,12-13,2013-02-28,151,Open
T002,12-13,2013-03-01,152,Groomed
T003,12-13,2013-03-01,152,Groomed
T004,12-13,2013-03-01,152,Groomed
T005,12-13,2013-03-01,152,Groomed
T006,12-13,2013-03-01,152,Groomed
T007,12-13,2013-03-01,152,Groomed
T008,12-13,2013-03-01,152,Groomed
T009,12-13,2013-03-01,152,Groomed
T010,12-13,2013-03-01,152,Groomed
T011,12-13,2013-03-01,152,Groomed
T012,12-13,2013-03-01,152,Groomed
T013,12-13,2013-03-01,152,Groomed
T015,12-13,2013-03-01,152,Open
T016,12-13,2013-03-01,152,Open
T017,12-13,2013-03-01,152,Open
T018,12-13,2013-03-01,152,Groomed
T019,12-13,2013-03-01,152,Open
T020,12-13,2013-03-01,152,Groomed
T021,12-13,2013-03-01,152,Groomed
T022,12-13,2013-03-01,152,Groomed
T023,12-13,2013-03-01,152,Groomed
T024,12-13,2013-03-01,152,Open
T025,12-13,2013-03-01,152,Groomed
T026,12-13,2013-03-01,152,Open
T027,12-13,2013-03-01,152,Groomed
T028,12-13,2013-03-01,152,Groomed
T029,12-13,2013-03-01,152,Groomed
T030,12-13,2013-03-01,152,Groomed
T031,12-13,2013-03-01,152,Groomed
T032,12-13,2013-03-01,152,Open
T033,12-13,2013-03-01,152,Groomed
T034,12-13,2013-03-01,152,Groomed
T035,12-13,2013-03-01,152,Groomed
T036,12-13,2013-03-01,152,Groomed
T037,12-13,2013-03-01,152,Open
T038,12-13,2013-03-01,152,Groomed
T039,12-13,2013-03-01,152,Groomed
T040,12-13,2013-03-01,152,Groomed
T042,12-13,2013-03-01,152,Open
T043,12-13,2013-03-01,152,Groomed
T044,12-13,2013-03-01,152,Open
T045,12-13,2013-03-01,152,Open
T046,12-13,2013-03-01,152,Open
T047,12-13,2013-03-01,152,Open
T048,12-13,2013-03-01,152,Open
T049,12-13,2013-03-01,152,Groomed
T051,12-13,2013-03-01,152,Groomed
T052,12-13,2013-03-01,152,Groomed
T053,12-13,2013-03-01,152,Groomed
T054,12-13,2013-03-01,152,Groomed
T061,12-13,2013-03-01,152,Groomed
T063,12-13,2013-03-01,152,Groomed
T064,12-13,2013-03-01,152,Groomed
T065,12-13,2013-03-01,152,Groomed
T066,12-13,2013-03-01,152,Groomed
T067,12-13,2013-03-01,152,Groomed
T068,12-13,2013-03-01,152,Open
T069,12-13,2013-03-01,152,Open
T070,12-13,2013-03-01,152,Open
T071,12-13,2013-03-01,152,Open
T072,12-13,2013-03-01,152,Open
T073,12-13,2013-03-01,152,Open
T074,12-13,2013-03-01,152,Open
T075,12-13,2013-03-01,152,Open
T076,12-13,2013-03-01,152,Open
T077,12-13,2013-03-01,152,Groomed
T078,12-13,2013-03-01,152,Groomed
T079,12-13,2013-03-01,152,Groomed
T080,12-13,2013-03-01,152,Open
T081,12-13,2013-03-01,152,Open
T083,12-13,2013-03-01,152,Groomed
T084,12-13,2013-03-01,152,Open
T085,12-13,2013-03-01,152,Open
T086,12-13,2013-03-01,152,Open
T087,12-13,2013-03-01,152,Open
T088,12-13,2013-03-01,152,Open
T089,12-13,2013-03-01,152,Open
T090,12-13,2013-03-01,152,Open
T091,12-13,2013-03-01,152,Open
T092,12-13,2013-03-01,152,Open
T127,12-13,2013-03-01,152,Open
T134,12-13,2013-03-01,152,Open
T135,12-13,2013-03-01,152,Open
T136,12-13,2013-03-01,152,Open
T137,12-13,2013-03-01,152,Open
T148,12-13,2013-03-01,152,Open
T151,12-13,2013-03-01,152,Groomed
T152,12-13,2013-03-01,152,Groomed
T155,12-13,2013-03-01,152,Open
T156,12-13,2013-03-01,152,Open
T157,12-13,2013-03-01,152,Open
T002,12-13,2013-03-02,153,Groomed
T003,12-13,2013-03-02,153,Groomed
T004,12-13,2013-03-02,153,Groomed
T005,12-13,2013-03-02,153,Groomed
T006,12-13,2013-03-02,153,Open
T007,12-13,2013-03-02,153,Groomed
T008,12-13,2013-03-02,153,Groomed
T009,12-13,2013-03-02,153,Groomed
T010,12-13,2013-03-02,153,Groomed
T011,12-13,2013-03-02,153,Groomed
T012,12-13,2013-03-02,153,Groomed
T013,12-13,2013-03-02,153,Groomed
T015,12-13,2013-03-02,153,Open
T016,12-13,2013-03-02,153,Open
T017,12-13,2013-03-02,153,Open
T018,12-13,2013-03-02,153,Groomed
T019,12-13,2013-03-02,153,Open
T020,12-13,2013-03-02,153,Open
T021,12-13,2013-03-02,153,Groomed
T022,12-13,2013-03-02,153,Groomed
T023,12-13,2013-03-02,153,Groomed
T024,12-13,2013-03-02,153,Open
T025,12-13,2013-03-02,153,Groomed
T026,12-13,2013-03-02,153,Open
T027,12-13,2013-03-02,153,Groomed
T028,12-13,2013-03-02,153,Groomed
T029,12-13,2013-03-02,153,Groomed
T030,12-13,2013-03-02,153,Groomed
T031,12-13,2013-03-02,153,Groomed
T032,12-13,2013-03-02,153,Open
T033,12-13,2013-03-02,153,Groomed
T034,12-13,2013-03-02,153,Groomed
T035,12-13,2013-03-02,153,Open
T036,12-13,2013-03-02,153,Groomed
T037,12-13,2013-03-02,153,Open
T038,12-13,2013-03-02,153,Open
T039,12-13,2013-03-02,153,Groomed
T040,12-13,2013-03-02,153,Groomed
T042,12-13,2013-03-02,153,Open
T043,12-13,2013-03-02,153,Groomed
T044,12-13,2013-03-02,153,Open
T045,12-13,2013-03-02,153,Open
T046,12-13,2013-03-02,153,Open
T047,12-13,2013-03-02,153,Open
T048,12-13,2013-03-02,153,Open
T049,12-13,2013-03-02,153,Groomed
T051,12-13,2013-03-02,153,Groomed
T052,12-13,2013-03-02,153,Groomed
T053,12-13,2013-03-02,153,Groomed
T054,12-13,2013-03-02,153,Groomed
T061,12-13,2013-03-02,153,Groomed
T063,12-13,2013-03-02,153,Groomed
T064,12-13,2013-03-02,153,Groomed
T065,12-13,2013-03-02,153,Groomed
T066,12-13,2013-03-02,153,Groomed
T067,12-13,2013-03-02,153,Groomed
T068,12-13,2013-03-02,153,Open
T069,12-13,2013-03-02,153,Open
T070,12-13,2013-03-02,153,Open
T071,12-13,2013-03-02,153,Open
T072,12-13,2013-03-02,153,Open
T073,12-13,2013-03-02,153,Open
T074,12-13,2013-03-02,153,Open
T075,12-13,2013-03-02,153,Open
T076,12-13,2013-03-02,153,Open
T077,12-13,2013-03-02,153,Groomed
T078,12-13,2013-03-02,153,Groomed
T079,12-13,2013-03-02,153,Groomed
T080,12-13,2013-03-02,153,Open
T081,12-13,2013-03-02,153,Open
T083,12-13,2013-03-02,153,Groomed
T084,12-13,2013-03-02,153,Open
T085,12-13,2013-03-02,153,Open
T086,12-13,2013-03-02,153,Open
T087,12-13,2013-03-02,153,Open
T088,12-13,2013-03-02,153,Open
T089,12-13,2013-03-02,153,Open
T090,12-13,2013-03-02,153,Open
T091,12-13,2013-03-02,153,Open
T092,12-13,2013-03-02,153,Open
T127,12-13,2013-03-02,153,Open
T134,12-13,2013-03-02,153,Open
T135,12-13,2013-03-02,153,Open
T136,12-13,2013-03-02,153,Open
T137,12-13,2013-03-02,153,Open
T148,12-13,2013-03-02,153,Open
T151,12-13,2013-03-02,153,Groomed
T152,12-13,2013-03-02,153,Groomed
T155,12-13,2013-03-02,153,Open
T156,12-13,2013-03-02,153,Open
T157,12-13,2013-03-02,153,Open
T002,12-13,2013-03-03,154,Groomed
T003,12-13,2013-03-03,154,Open
T004,12-13,2013-03-03,154,Groomed
T005,12-13,2013-03-03,154,Groomed
T006,12-13,2013-03-03,154,Open
T007,12-13,2013-03-03,154,Groomed
T008,12-13,2013-03-03,154,Groomed
T009,12-13,2013-03-03,154,Groomed
T010,12-13,2013-03-03,154,Groomed
T011,12-13,2013-03-03,154,Groomed
T012,12-13,2013-03-03,154,Groomed
T013,12-13,2013-03-03,154,Groomed
T015,12-13,2013-03-03,154,Open
T016,12-13,2013-03-03,154,Open
T017,12-13,2013-03-03,154,Open
T018,12-13,2013-03-03,154,Open
T019,12-13,2013-03-03,154,Open
T020,12-13,2013-03-03,154,Open
T021,12-13,2013-03-03,154,Groomed
T022,12-13,2013-03-03,154,Groomed
T023,12-13,2013-03-03,154,Groomed
T024,12-13,2013-03-03,154,Open
T025,12-13,2013-03-03,154,Groomed
T026,12-13,2013-03-03,154,Open
T027,12-13,2013-03-03,154,Groomed
T028,12-13,2013-03-03,154,Groomed
T029,12-13,2013-03-03,154,Groomed
T030,12-13,2013-03-03,154,Groomed
T031,12-13,2013-03-03,154,Groomed
T032,12-13,2013-03-03,154,Closed
T033,12-13,2013-03-03,154,Groomed
T034,12-13,2013-03-03,154,Groomed
T035,12-13,2013-03-03,154,Open
T036,12-13,2013-03-03,154,Groomed
T037,12-13,2013-03-03,154,Open
T038,12-13,2013-03-03,154,Open
T039,12-13,2013-03-03,154,Open
T040,12-13,2013-03-03,154,Groomed
T042,12-13,2013-03-03,154,Open
T043,12-13,2013-03-03,154,Groomed
T044,12-13,2013-03-03,154,Open
T045,12-13,2013-03-03,154,Open
T046,12-13,2013-03-03,154,Open
T047,12-13,2013-03-03,154,Open
T048,12-13,2013-03-03,154,Open
T049,12-13,2013-03-03,154,Groomed
T051,12-13,2013-03-03,154,Groomed
T052,12-13,2013-03-03,154,Groomed
T053,12-13,2013-03-03,154,Groomed
T054,12-13,2013-03-03,154,Groomed
T061,12-13,2013-03-03,154,Groomed
T063,12-13,2013-03-03,154,Groomed
T064,12-13,2013-03-03,154,Groomed
T065,12-13,2013-03-03,154,Groomed
T066,12-13,2013-03-03,154,Open
T067,12-13,2013-03-03,154,Groomed
T068,12-13,2013-03-03,154,Open
T069,12-13,2013-03-03,154,Open
T070,12-13,2013-03-03,154,Open
T071,12-13,2013-03-03,154,Open
T072,12-13,2013-03-03,154,Open
T073,12-13,2013-03-03,154,Open
T074,12-13,2013-03-03,154,Open
T075,12-13,2013-03-03,154,Open
T076,12-13,2013-03-03,154,Open
T077,12-13,2013-03-03,154,Groomed
T078,12-13,2013-03-03,154,Groomed
T079,12-13,2013-03-03,154,Groomed
T080,12-13,2013-03-03,154,Open
T081,12-13,2013-03-03,154,Open
T083,12-13,2013-03-03,154,Groomed
T084,12-13,2013-03-03,154,Open
T085,12-13,2013-03-03,154,Open
T086,12-13,2013-03-03,154,Open
T087,12-13,2013-03-03,154,Open
T088,12-13,2013-03-03,154,Open
T089,12-13,2013-03-03,154,Open
T090,12-13,2013-03-03,154,Open
T091,12-13,2013-03-03,154,Open
T092,12-13,2013-03-03,154,Open
T127,12-13,2013-03-03,154,Open
T134,12-13,2013-03-03,154,Open
T135,12-13,2013-03-03,154,Open
T136,12-13,2013-03-03,154,Open
T137,12-13,2013-03-03,154,Open
T148,12-13,2013-03-03,154,Open
T151,12-13,2013-03-03,154,Groomed
T152,12-13,2013-03-03,154,Groomed
T155,12-13,2013-03-03,154,Open
T156,12-13,2013-03-03,154,Open
T157,12-13,2013-03-03,154,Open
T002,12-13,2013-03-04,155,Groomed
T003,12-13,2013-03-04,155,Groomed
T004,12-13,2013-03-04,155,Groomed
T005,12-13,2013-03-04,155,Groomed
T006,12-13,2013-03-04,155,Groomed
T007,12-13,2013-03-04,155,Groomed
T008,12-13,2013-03-04,155,Groomed
T009,12-13,2013-03-04,155,Groomed
T010,12-13,2013-03-04,155,Groomed
T011,12-13,2013-03-04,155,Groomed
T012,12-13,2013-03-04,155,Groomed
T013,12-13,2013-03-04,155,Groomed
T015,12-13,2013-03-04,155,Open
T016,12-13,2013-03-04,155,Open
T017,12-13,2013-03-04,155,Open
T018,12-13,2013-03-04,155,Groomed
T019,12-13,2013-03-04,155,Open
T020,12-13,2013-03-04,155,Open
T021,12-13,2013-03-04,155,Groomed
T022,12-13,2013-03-04,155,Groomed
T023,12-13,2013-03-04,155,Groomed
T024,12-13,2013-03-04,155,Open
T025,12-13,2013-03-04,155,Groomed
T026,12-13,2013-03-04,155,Groomed
T027,12-13,2013-03-04,155,Groomed
T028,12-13,2013-03-04,155,Groomed
T029,12-13,2013-03-04,155,Groomed
T030,12-13,2013-03-04,155,Groomed
T031,12-13,2013-03-04,155,Groomed
T032,12-13,2013-03-04,155,Open
T033,12-13,2013-03-04,155,Groomed
T034,12-13,2013-03-04,155,Groomed
T035,12-13,2013-03-04,155,Groomed
T036,12-13,2013-03-04,155,Groomed
T037,12-13,2013-03-04,155,Open
T038,12-13,2013-03-04,155,Groomed
T039,12-13,2013-03-04,155,Groomed
T040,12-13,2013-03-04,155,Groomed
T042,12-13,2013-03-04,155,Open
T043,12-13,2013-03-04,155,Groomed
T044,12-13,2013-03-04,155,Open
T045,12-13,2013-03-04,155,Open
T046,12-13,2013-03-04,155,Open
T047,12-13,2013-03-04,155,Open
T048,12-13,2013-03-04,155,Open
T049,12-13,2013-03-04,155,Groomed
T051,12-13,2013-03-04,155,Groomed
T052,12-13,2013-03-04,155,Groomed
T053,12-13,2013-03-04,155,Groomed
T054,12-13,2013-03-04,155,Groomed
T061,12-13,2013-03-04,155,Groomed
T063,12-13,2013-03-04,155,Groomed
T064,12-13,2013-03-04,155,Groomed
T065,12-13,2013-03-04,155,Groomed
T066,12-13,2013-03-04,155,Groomed
T067,12-13,2013-03-04,155,Groomed
T068,12-13,2013-03-04,155,Open
T069,12-13,2013-03-04,155,Open
T070,12-13,2013-03-04,155,Open
T071,12-13,2013-03-04,155,Open
T072,12-13,2013-03-04,155,Open
T073,12-13,2013-03-04,155,Open
T074,12-13,2013-03-04,155,Open
T075,12-13,2013-03-04,155,Open
T076,12-13,2013-03-04,155,Open
T077,12-13,2013-03-04,155,Groomed
T078,12-13,2013-03-04,155,Groomed
T079,12-13,2013-03-04,155,Groomed
T080,12-13,2013-03-04,155,Open
T081,12-13,2013-03-04,155,Open
T083,12-13,2013-03-04,155,Open
T084,12-13,2013-03-04,155,Open
T085,12-13,2013-03-04,155,Open
T086,12-13,2013-03-04,155,Open
T087,12-13,2013-03-04,155,Open
T088,12-13,2013-03-04,155,Open
T089,12-13,2013-03-04,155,Open
T090,12-13,2013-03-04,155,Open
T091,12-13,2013-03-04,155,Open
T092,12-13,2013-03-04,155,Open
T127,12-13,2013-03-04,155,Open
T134,12-13,2013-03-04,155,Open
T135,12-13,2013-03-04,155,Open
T136,12-13,2013-03-04,155,Open
T137,12-13,2013-03-04,155,Open
T148,12-13,2013-03-04,155,Open
T151,12-13,2013-03-04,155,Groomed
T152,12-13,2013-03-04,155,Groomed
T155,12-13,2013-03-04,155,Open
T156,12-13,2013-03-04,155,Open
T157,12-13,2013-03-04,155,Open
T002,12-13,2013-03-05,156,Groomed
T003,12-13,2013-03-05,156,Groomed
T004,12-13,2013-03-05,156,Groomed
T005,12-13,2013-03-05,156,Groomed
T006,12-13,2013-03-05,156,Groomed
T007,12-13,2013-03-05,156,Groomed
T008,12-13,2013-03-05,156,Groomed
T009,12-13,2013-03-05,156,Groomed
T010,12-13,2013-03-05,156,Groomed
T011,12-13,2013-03-05,156,Groomed
T012,12-13,2013-03-05,156,Groomed
T013,12-13,2013-03-05,156,Groomed
T015,12-13,2013-03-05,156,Open
T016,12-13,2013-03-05,156,Open
T017,12-13,2013-03-05,156,Open
T018,12-13,2013-03-05,156,Groomed
T019,12-13,2013-03-05,156,Open
T020,12-13,2013-03-05,156,Groomed
T021,12-13,2013-03-05,156,Groomed
T022,12-13,2013-03-05,156,Groomed
T023,12-13,2013-03-05,156,Groomed
T024,12-13,2013-03-05,156,Open
T025,12-13,2013-03-05,156,Groomed
T026,12-13,2013-03-05,156,Groomed
T027,12-13,2013-03-05,156,Groomed
T028,12-13,2013-03-05,156,Groomed
T029,12-13,2013-03-05,156,Groomed
T030,12-13,2013-03-05,156,Groomed
T031,12-13,2013-03-05,156,Groomed
T032,12-13,2013-03-05,156,Open
T033,12-13,2013-03-05,156,Groomed
T034,12-13,2013-03-05,156,Groomed
T035,12-13,2013-03-05,156,Open
T036,12-13,2013-03-05,156,Groomed
T037,12-13,2013-03-05,156,Open
T038,12-13,2013-03-05,156,Groomed
T039,12-13,2013-03-05,156,Groomed
T040,12-13,2013-03-05,156,Groomed
T042,12-13,2013-03-05,156,Open
T043,12-13,2013-03-05,156,Groomed
T044,12-13,2013-03-05,156,Open
T045,12-13,2013-03-05,156,Open
T046,12-13,2013-03-05,156,Open
T047,12-13,2013-03-05,156,Open
T048,12-13,2013-03-05,156,Open
T049,12-13,2013-03-05,156,Groomed
T051,12-13,2013-03-05,156,Groomed
T052,12-13,2013-03-05,156,Groomed
T053,12-13,2013-03-05,156,Groomed
T054,12-13,2013-03-05,156,Groomed
T061,12-13,2013-03-05,156,Groomed
T063,12-13,2013-03-05,156,Groomed
T064,12-13,2013-03-05,156,Groomed
T065,12-13,2013-03-05,156,Groomed
T066,12-13,2013-03-05,156,Groomed
T067,12-13,2013-03-05,156,Groomed
T068,12-13,2013-03-05,156,Open
T069,12-13,2013-03-05,156,Open
T070,12-13,2013-03-05,156,Open
T071,12-13,2013-03-05,156,Open
T072,12-13,2013-03-05,156,Open
T073,12-13,2013-03-05,156,Open
T074,12-13,2013-03-05,156,Open
T075,12-13,2013-03-05,156,Open
T076,12-13,2013-03-05,156,Open
T077,12-13,2013-03-05,156,Groomed
T078,12-13,2013-03-05,156,Groomed
T079,12-13,2013-03-05,156,Groomed
T080,12-13,2013-03-05,156,Open
T081,12-13,2013-03-05,156,Open
T083,12-13,2013-03-05,156,Groomed
T084,12-13,2013-03-05,156,Open
T085,12-13,2013-03-05,156,Open
T086,12-13,2013-03-05,156,Open
T087,12-13,2013-03-05,156,Open
T088,12-13,2013-03-05,156,Open
T089,12-13,2013-03-05,156,Open
T090,12-13,2013-03-05,156,Open
T091,12-13,2013-03-05,156,Open
T092,12-13,2013-03-05,156,Open
T127,12-13,2013-03-05,156,Open
T134,12-13,2013-03-05,156,Open
T135,12-13,2013-03-05,156,Open
T136,12-13,2013-03-05,156,Open
T137,12-13,2013-03-05,156,Open
T148,12-13,2013-03-05,156,Open
T151,12-13,2013-03-05,156,Groomed
T152,12-13,2013-03-05,156,Groomed
T155,12-13,2013-03-05,156,Open
T156,12-13,2013-03-05,156,Open
T157,12-13,2013-03-05,156,Open
T002,12-13,2013-03-06,157,Groomed
T003,12-13,2013-03-06,157,Groomed
T004,12-13,2013-03-06,157,Groomed
T005,12-13,2013-03-06,157,Groomed
T006,12-13,2013-03-06,157,Open
T007,12-13,2013-03-06,157,Groomed
T008,12-13,2013-03-06,157,Open
T009,12-13,2013-03-06,157,Groomed
T010,12-13,2013-03-06,157,Open
T011,12-13,2013-03-06,157,Groomed
T012,12-13,2013-03-06,157,Groomed
T013,12-13,2013-03-06,157,Groomed
T015,12-13,2013-03-06,157,Open
T016,12-13,2013-03-06,157,Open
T017,12-13,2013-03-06,157,Open
T018,12-13,2013-03-06,157,Open
T019,12-13,2013-03-06,157,Open
T020,12-13,2013-03-06,157,Groomed
T021,12-13,2013-03-06,157,Groomed
T022,12-13,2013-03-06,157,Groomed
T023,12-13,2013-03-06,157,Groomed
T024,12-13,2013-03-06,157,Open
T025,12-13,2013-03-06,157,Groomed
T026,12-13,2013-03-06,157,Open
T027,12-13,2013-03-06,157,Groomed
T028,12-13,2013-03-06,157,Groomed
T029,12-13,2013-03-06,157,Groomed
T030,12-13,2013-03-06,157,Groomed
T031,12-13,2013-03-06,157,Groomed
T032,12-13,2013-03-06,157,Open
T033,12-13,2013-03-06,157,Groomed
T034,12-13,2013-03-06,157,Groomed
T035,12-13,2013-03-06,157,Open
T036,12-13,2013-03-06,157,Groomed
T037,12-13,2013-03-06,157,Open
T038,12-13,2013-03-06,157,Groomed
T039,12-13,2013-03-06,157,Groomed
T040,12-13,2013-03-06,157,Groomed
T042,12-13,2013-03-06,157,Open
T043,12-13,2013-03-06,157,Groomed
T044,12-13,2013-03-06,157,Open
T045,12-13,2013-03-06,157,Open
T046,12-13,2013-03-06,157,Open
T047,12-13,2013-03-06,157,Open
T048,12-13,2013-03-06,157,Open
T049,12-13,2013-03-06,157,Groomed
T051,12-13,2013-03-06,157,Groomed
T052,12-13,2013-03-06,157,Groomed
T053,12-13,2013-03-06,157,Groomed
T054,12-13,2013-03-06,157,Groomed
T061,12-13,2013-03-06,157,Groomed
T063,12-13,2013-03-06,157,Groomed
T064,12-13,2013-03-06,157,Groomed
T065,12-13,2013-03-06,157,Groomed
T066,12-13,2013-03-06,157,Open
T067,12-13,2013-03-06,157,Groomed
T068,12-13,2013-03-06,157,Open
T069,12-13,2013-03-06,157,Open
T070,12-13,2013-03-06,157,Open
T071,12-13,2013-03-06,157,Open
T072,12-13,2013-03-06,157,Open
T073,12-13,2013-03-06,157,Open
T074,12-13,2013-03-06,157,Open
T075,12-13,2013-03-06,157,Open
T076,12-13,2013-03-06,157,Open
T077,12-13,2013-03-06,157,Groomed
T078,12-13,2013-03-06,157,Open
T079,12-13,2013-03-06,157,Groomed
T080,12-13,2013-03-06,157,Open
T081,12-13,2013-03-06,157,Open
T083,12-13,2013-03-06,157,Open
T084,12-13,2013-03-06,157,Open
T085,12-13,2013-03-06,157,Open
T086,12-13,2013-03-06,157,Open
T087,12-13,2013-03-06,157,Open
T088,12-13,2013-03-06,157,Open
T089,12-13,2013-03-06,157,Open
T090,12-13,2013-03-06,157,Open
T091,12-13,2013-03-06,157,Open
T092,12-13,2013-03-06,157,Open
T127,12-13,2013-03-06,157,Open
T134,12-13,2013-03-06,157,Open
T135,12-13,2013-03-06,157,Open
T136,12-13,2013-03-06,157,Open
T137,12-13,2013-03-06,157,Open
T148,12-13,2013-03-06,157,Open
T151,12-13,2013-03-06,157,Groomed
T152,12-13,2013-03-06,157,Groomed
T155,12-13,2013-03-06,157,Open
T156,12-13,2013-03-06,157,Open
T157,12-13,2013-03-06,157,Open
T002,12-13,2013-03-07,158,Groomed
T003,12-13,2013-03-07,158,Groomed
T004,12-13,2013-03-07,158,Groomed
T005,12-13,2013-03-07,158,Groomed
T006,12-13,2013-03-07,158,Open
T007,12-13,2013-03-07,158,Groomed
T008,12-13,2013-03-07,158,Open
T009,12-13,2013-03-07,158,Groomed
T010,12-13,2013-03-07,158,Open
T011,12-13,2013-03-07,158,Groomed
T012,12-13,2013-03-07,158,Groomed
T013,12-13,2013-03-07,158,Groomed
T015,12-13,2013-03-07,158,Open
T016,12-13,2013-03-07,158,Open
T017,12-13,2013-03-07,158,Open
T018,12-13,2013-03-07,158,Open
T019,12-13,2013-03-07,158,Open
T020,12-13,2013-03-07,158,Open
T021,12-13,2013-03-07,158,Groomed
T022,12-13,2013-03-07,158,Groomed
T023,12-13,2013-03-07,158,Groomed
T024,12-13,2013-03-07,158,Open
T025,12-13,2013-03-07,158,Groomed
T026,12-13,2013-03-07,158,Open
T027,12-13,2013-03-07,158,Groomed
T028,12-13,2013-03-07,158,Groomed
T029,12-13,2013-03-07,158,Groomed
T030,12-13,2013-03-07,158,Groomed
T031,12-13,2013-03-07,158,Groomed
T032,12-13,2013-03-07,158,Open
T033,12-13,2013-03-07,158,Groomed
T034,12-13,2013-03-07,158,Groomed
T035,12-13,2013-03-07,158,Open
T036,12-13,2013-03-07,158,Groomed
T037,12-13,2013-03-07,158,Open
T038,12-13,2013-03-07,158,Open
T039,12-13,2013-03-07,158,Groomed
T040,12-13,2013-03-07,158,Groomed
T042,12-13,2013-03-07,158,Open
T043,12-13,2013-03-07,158,Groomed
T044,12-13,2013-03-07,158,Open
T045,12-13,2013-03-07,158,Open
T046,12-13,2013-03-07,158,Open
T047,12-13,2013-03-07,158,Open
T048,12-13,2013-03-07,158,Open
T049,12-13,2013-03-07,158,Groomed
T051,12-13,2013-03-07,158,Groomed
T052,12-13,2013-03-07,158,Groomed
T053,12-13,2013-03-07,158,Groomed
T054,12-13,2013-03-07,158,Groomed
T061,12-13,2013-03-07,158,Groomed
T063,12-13,2013-03-07,158,Groomed
T064,12-13,2013-03-07,158,Groomed
T065,12-13,2013-03-07,158,Groomed
T066,12-13,2013-03-07,158,Open
T067,12-13,2013-03-07,158,Groomed
T068,12-13,2013-03-07,158,Open
T069,12-13,2013-03-07,158,Open
T070,12-13,2013-03-07,158,Open
T071,12-13,2013-03-07,158,Open
T072,12-13,2013-03-07,158,Open
T073,12-13,2013-03-07,158,Open
T074,12-13,2013-03-07,158,Open
T075,12-13,2013-03-07,158,Open
T076,12-13,2013-03-07,158,Open
T077,12-13,2013-03-07,158,Groomed
T078,12-13,2013-03-07,158,Open
T079,12-13,2013-03-07,158,Groomed
T080,12-13,2013-03-07,158,Open
T081,12-13,2013-03-07,158,Open
T083,12-13,2013-03-07,158,Open
T084,12-13,2013-03-07,158,Open
T085,12-13,2013-03-07,158,Open
T086,12-13,2013-03-07,158,Open
T087,12-13,2013-03-07,158,Open
T088,12-13,2013-03-07,158,Open
T089,12-13,2013-03-07,158,Open
T090,12-13,2013-03-07,158,Open
T091,12-13,2013-03-07,158,Open
T092,12-13,2013-03-07,158,Open
T127,12-13,2013-03-07,158,Open
T134,12-13,2013-03-07,158,Open
T135,12-13,2013-03-07,158,Open
T136,12-13,2013-03-07,158,Open
T137,12-13,2013-03-07,158,Open
T148,12-13,2013-03-07,158,Open
T151,12-13,2013-03-07,158,Groomed
T152,12-13,2013-03-07,158,Groomed
T155,12-13,2013-03-07,158,Open
T156,12-13,2013-03-07,158,Open
T157,12-13,2013-03-07,158,Open
T002,12-13,2013-03-08,159,Groomed
T003,12-13,2013-03-08,159,Groomed
T004,12-13,2013-03-08,159,Groomed
T005,12-13,2013-03-08,159,Groomed
T006,12-13,2013-03-08,159,Open
T007,12-13,2013-03-08,159,Groomed
T008,12-13,2013-03-08,159,Groomed
T009,12-13,2013-03-08,159,Groomed
T010,12-13,2013-03-08,159,Groomed
T011,12-13,2013-03-08,159,Groomed
T012,12-13,2013-03-08,159,Groomed
T013,12-13,2013-03-08,159,Groomed
T015,12-13,2013-03-08,159,Open
T016,12-13,2013-03-08,159,Open
T017,12-13,2013-03-08,159,Open
T018,12-13,2013-03-08,159,Open
T019,12-13,2013-03-08,159,Open
T020,12-13,2013-03-08,159,Open
T021,12-13,2013-03-08,159,Groomed
T022,12-13,2013-03-08,159,Groomed
T023,12-13,2013-03-08,159,Groomed
T024,12-13,2013-03-08,159,Open
T025,12-13,2013-03-08,159,Groomed
T026,12-13,2013-03-08,159,Open
T027,12-13,2013-03-08,159,Groomed
T028,12-13,2013-03-08,159,Groomed
T029,12-13,2013-03-08,159,Groomed
T030,12-13,2013-03-08,159,Groomed
T031,12-13,2013-03-08,159,Groomed
T032,12-13,2013-03-08,159,Open
T033,12-13,2013-03-08,159,Groomed
T034,12-13,2013-03-08,159,Groomed
T035,12-13,2013-03-08,159,Open
T036,12-13,2013-03-08,159,Groomed
T037,12-13,2013-03-08,159,Open
T038,12-13,2013-03-08,159,Open
T039,12-13,2013-03-08,159,Groomed
T040,12-13,2013-03-08,159,Groomed
T042,12-13,2013-03-08,159,Open
T043,12-13,2013-03-08,159,Groomed
T044,12-13,2013-03-08,159,Open
T045,12-13,2013-03-08,159,Open
T046,12-13,2013-03-08,159,Open
T047,12-13,2013-03-08,159,Open
T048,12-13,2013-03-08,159,Open
T049,12-13,2013-03-08,159,Groomed
T051,12-13,2013-03-08,159,Groomed
T052,12-13,2013-03-08,159,Groomed
T053,12-13,2013-03-08,159,Groomed
T054,12-13,2013-03-08,159,Groomed
T061,12-13,2013-03-08,159,Groomed
T063,12-13,2013-03-08,159,Groomed
T064,12-13,2013-03-08,159,Groomed
T065,12-13,2013-03-08,159,Groomed
T066,12-13,2013-03-08,159,Open
T067,12-13,2013-03-08,159,Groomed
T068,12-13,2013-03-08,159,Open
T069,12-13,2013-03-08,159,Open
T070,12-13,2013-03-08,159,Open
T071,12-13,2013-03-08,159,Open
T072,12-13,2013-03-08,159,Open
T073,12-13,2013-03-08,159,Open
T074,12-13,2013-03-08,159,Open
T075,12-13,2013-03-08,159,Open
T076,12-13,2013-03-08,159,Open
T077,12-13,2013-03-08,159,Groomed
T078,12-13,2013-03-08,159,Open
T079,12-13,2013-03-08,159,Groomed
T080,12-13,2013-03-08,159,Open
T081,12-13,2013-03-08,159,Open
T083,12-13,2013-03-08,159,Open
T084,12-13,2013-03-08,159,Open
T085,12-13,2013-03-08,159,Open
T086,12-13,2013-03-08,159,Open
T087,12-13,2013-03-08,159,Open
T088,12-13,2013-03-08,159,Open
T089,12-13,2013-03-08,159,Open
T090,12-13,2013-03-08,159,Open
T091,12-13,2013-03-08,159,Open
T092,12-13,2013-03-08,159,Open
T127,12-13,2013-03-08,159,Open
T134,12-13,2013-03-08,159,Open
T135,12-13,2013-03-08,159,Open
T136,12-13,2013-03-08,159,Open
T137,12-13,2013-03-08,159,Open
T148,12-13,2013-03-08,159,Open
T151,12-13,2013-03-08,159,Groomed
T152,12-13,2013-03-08,159,Groomed
T155,12-13,2013-03-08,159,Open
T156,12-13,2013-03-08,159,Open
T157,12-13,2013-03-08,159,Open
T002,12-13,2013-03-09,160,Groomed
T003,12-13,2013-03-09,160,Groomed
T004,12-13,2013-03-09,160,Groomed
T005,12-13,2013-03-09,160,Groomed
T006,12-13,2013-03-09,160,Open
T007,12-13,2013-03-09,160,Groomed
T008,12-13,2013-03-09,160,Groomed
T009,12-13,2013-03-09,160,Groomed
T010,12-13,2013-03-09,160,Groomed
T011,12-13,2013-03-09,160,Groomed
T012,12-13,2013-03-09,160,Groomed
T013,12-13,2013-03-09,160,Groomed
T015,12-13,2013-03-09,160,Open
T016,12-13,2013-03-09,160,Open
T017,12-13,2013-03-09,160,Open
T018,12-13,2013-03-09,160,Open
T019,12-13,2013-03-09,160,Open
T020,12-13,2013-03-09,160,Open
T021,12-13,2013-03-09,160,Groomed
T022,12-13,2013-03-09,160,Groomed
T023,12-13,2013-03-09,160,Groomed
T024,12-13,2013-03-09,160,Open
T025,12-13,2013-03-09,160,Groomed
T026,12-13,2013-03-09,160,Open
T027,12-13,2013-03-09,160,Groomed
T028,12-13,2013-03-09,160,Groomed
T029,12-13,2013-03-09,160,Groomed
T030,12-13,2013-03-09,160,Groomed
T031,12-13,2013-03-09,160,Groomed
T032,12-13,2013-03-09,160,Open
T033,12-13,2013-03-09,160,Groomed
T034,12-13,2013-03-09,160,Groomed
T035,12-13,2013-03-09,160,Open
T036,12-13,2013-03-09,160,Groomed
T037,12-13,2013-03-09,160,Open
T038,12-13,2013-03-09,160,Open
T039,12-13,2013-03-09,160,Groomed
T040,12-13,2013-03-09,160,Groomed
T042,12-13,2013-03-09,160,Open
T043,12-13,2013-03-09,160,Groomed
T044,12-13,2013-03-09,160,Open
T045,12-13,2013-03-09,160,Open
T046,12-13,2013-03-09,160,Open
T047,12-13,2013-03-09,160,Open
T048,12-13,2013-03-09,160,Open
T049,12-13,2013-03-09,160,Groomed
T051,12-13,2013-03-09,160,Groomed
T052,12-13,2013-03-09,160,Groomed
T053,12-13,2013-03-09,160,Groomed
T054,12-13,2013-03-09,160,Groomed
T061,12-13,2013-03-09,160,Groomed
T063,12-13,2013-03-09,160,Groomed
T064,12-13,2013-03-09,160,Groomed
T065,12-13,2013-03-09,160,Groomed
T066,12-13,2013-03-09,160,Groomed
T067,12-13,2013-03-09,160,Groomed
T068,12-13,2013-03-09,160,Open
T069,12-13,2013-03-09,160,Open
T070,12-13,2013-03-09,160,Open
T071,12-13,2013-03-09,160,Open
T072,12-13,2013-03-09,160,Open
T073,12-13,2013-03-09,160,Open
T074,12-13,2013-03-09,160,Open
T075,12-13,2013-03-09,160,Open
T076,12-13,2013-03-09,160,Open
T077,12-13,2013-03-09,160,Groomed
T078,12-13,2013-03-09,160,Groomed
T079,12-13,2013-03-09,160,Groomed
T080,12-13,2013-03-09,160,Open
T081,12-13,2013-03-09,160,Open
T083,12-13,2013-03-09,160,Groomed
T084,12-13,2013-03-09,160,Open
T085,12-13,2013-03-09,160,Open
T086,12-13,2013-03-09,160,Open
T087,12-13,2013-03-09,160,Open
T088,12-13,2013-03-09,160,Open
T089,12-13,2013-03-09,160,Open
T090,12-13,2013-03-09,160,Open
T091,12-13,2013-03-09,160,Open
T092,12-13,2013-03-09,160,Open
T127,12-13,2013-03-09,160,Open
T134,12-13,2013-03-09,160,Open
T135,12-13,2013-03-09,160,Open
T136,12-13,2013-03-09,160,Open
T137,12-13,2013-03-09,160,Open
T148,12-13,2013-03-09,160,Open
T151,12-13,2013-03-09,160,Groomed
T152,12-13,2013-03-09,160,Groomed
T155,12-13,2013-03-09,160,Open
T156,12-13,2013-03-09,160,Open
T157,12-13,2013-03-09,160,Open
T002,12-13,2013-03-10,161,Groomed
T003,12-13,2013-03-10,161,Groomed
T004,12-13,2013-03-10,161,Groomed
T005,12-13,2013-03-10,161,Groomed
T006,12-13,2013-03-10,161,Open
T007,12-13,2013-03-10,161,Groomed
T008,12-13,2013-03-10,161,Groomed
T009,12-13,2013-03-10,161,Groomed
T010,12-13,2013-03-10,161,Groomed
T011,12-13,2013-03-10,161,Groomed
T012,12-13,2013-03-10,161,Groomed
T013,12-13,2013-03-10,161,Groomed
T015,12-13,2013-03-10,161,Open
T016,12-13,2013-03-10,161,Open
T017,12-13,2013-03-10,161,Open
T018,12-13,2013-03-10,161,Groomed
T019,12-13,2013-03-10,161,Open
T020,12-13,2013-03-10,161,Groomed
T021,12-13,2013-03-10,161,Groomed
T022,12-13,2013-03-10,161,Groomed
T023,12-13,2013-03-10,161,Groomed
T024,12-13,2013-03-10,161,Open
T025,12-13,2013-03-10,161,Groomed
T026,12-13,2013-03-10,161,Open
T027,12-13,2013-03-10,161,Groomed
T028,12-13,2013-03-10,161,Groomed
T029,12-13,2013-03-10,161,Groomed
T030,12-13,2013-03-10,161,Groomed
T031,12-13,2013-03-10,161,Groomed
T032,12-13,2013-03-10,161,Open
T033,12-13,2013-03-10,161,Groomed
T034,12-13,2013-03-10,161,Groomed
T035,12-13,2013-03-10,161,Open
T036,12-13,2013-03-10,161,Groomed
T037,12-13,2013-03-10,161,Open
T038,12-13,2013-03-10,161,Groomed
T039,12-13,2013-03-10,161,Groomed
T040,12-13,2013-03-10,161,Groomed
T042,12-13,2013-03-10,161,Open
T043,12-13,2013-03-10,161,Groomed
T044,12-13,2013-03-10,161,Open
T045,12-13,2013-03-10,161,Open
T046,12-13,2013-03-10,161,Open
T047,12-13,2013-03-10,161,Open
T048,12-13,2013-03-10,161,Open
T049,12-13,2013-03-10,161,Groomed
T051,12-13,2013-03-10,161,Groomed
T052,12-13,2013-03-10,161,Groomed
T053,12-13,2013-03-10,161,Groomed
T054,12-13,2013-03-10,161,Groomed
T061,12-13,2013-03-10,161,Groomed
T063,12-13,2013-03-10,161,Groomed
T064,12-13,2013-03-10,161,Groomed
T065,12-13,2013-03-10,161,Groomed
T066,12-13,2013-03-10,161,Groomed
T067,12-13,2013-03-10,161,Groomed
T068,12-13,2013-03-10,161,Open
T069,12-13,2013-03-10,161,Open
T070,12-13,2013-03-10,161,Open
T071,12-13,2013-03-10,161,Open
T072,12-13,2013-03-10,161,Open
T073,12-13,2013-03-10,161,Open
T074,12-13,2013-03-10,161,Open
T075,12-13,2013-03-10,161,Open
T076,12-13,2013-03-10,161,Open
T077,12-13,2013-03-10,161,Groomed
T078,12-13,2013-03-10,161,Groomed
T079,12-13,2013-03-10,161,Groomed
T080,12-13,2013-03-10,161,Open
T081,12-13,2013-03-10,161,Open
T083,12-13,2013-03-10,161,Groomed
T084,12-13,2013-03-10,161,Open
T085,12-13,2013-03-10,161,Open
T086,12-13,2013-03-10,161,Open
T087,12-13,2013-03-10,161,Open
T088,12-13,2013-03-10,161,Open
T089,12-13,2013-03-10,161,Open
T090,12-13,2013-03-10,161,Open
T091,12-13,2013-03-10,161,Open
T092,12-13,2013-03-10,161,Open
T127,12-13,2013-03-10,161,Open
T134,12-13,2013-03-10,161,Open
T135,12-13,2013-03-10,161,Open
T136,12-13,2013-03-10,161,Open
T137,12-13,2013-03-10,161,Open
T148,12-13,2013-03-10,161,Open
T151,12-13,2013-03-10,161,Groomed
T152,12-13,2013-03-10,161,Groomed
T155,12-13,2013-03-10,161,Open
T156,12-13,2013-03-10,161,Open
T157,12-13,2013-03-10,161,Open
T002,12-13,2013-03-11,162,Groomed
T003,12-13,2013-03-11,162,Groomed
T004,12-13,2013-03-11,162,Groomed
T005,12-13,2013-03-11,162,Groomed
T006,12-13,2013-03-11,162,Open
T007,12-13,2013-03-11,162,Groomed
T008,12-13,2013-03-11,162,Groomed
T009,12-13,2013-03-11,162,Groomed
T010,12-13,2013-03-11,162,Groomed
T011,12-13,2013-03-11,162,Groomed
T012,12-13,2013-03-11,162,Groomed
T013,12-13,2013-03-11,162,Groomed
T015,12-13,2013-03-11,162,Open
T016,12-13,2013-03-11,162,Open
T017,12-13,2013-03-11,162,Open
T018,12-13,2013-03-11,162,Groomed
T019,12-13,2013-03-11,162,Open
T020,12-13,2013-03-11,162,Open
T021,12-13,2013-03-11,162,Groomed
T022,12-13,2013-03-11,162,Groomed
T023,12-13,2013-03-11,162,Groomed
T024,12-13,2013-03-11,162,Open
T025,12-13,2013-03-11,162,Groomed
T026,12-13,2013-03-11,162,Open
T027,12-13,2013-03-11,162,Groomed
T028,12-13,2013-03-11,162,Groomed
T029,12-13,2013-03-11,162,Groomed
T030,12-13,2013-03-11,162,Groomed
T031,12-13,2013-03-11,162,Groomed
T032,12-13,2013-03-11,162,Open
T033,12-13,2013-03-11,162,Groomed
T034,12-13,2013-03-11,162,Groomed
T035,12-13,2013-03-11,162,Open
T036,12-13,2013-03-11,162,Groomed
T037,12-13,2013-03-11,162,Open
T038,12-13,2013-03-11,162,Open
T039,12-13,2013-03-11,162,Groomed
T040,12-13,2013-03-11,162,Groomed
T042,12-13,2013-03-11,162,Open
T043,12-13,2013-03-11,162,Groomed
T044,12-13,2013-03-11,162,Open
T045,12-13,2013-03-11,162,Open
T046,12-13,2013-03-11,162,Open
T047,12-13,2013-03-11,162,Open
T048,12-13,2013-03-11,162,Open
T049,12-13,2013-03-11,162,Groomed
T051,12-13,2013-03-11,162,Groomed
T052,12-13,2013-03-11,162,Groomed
T053,12-13,2013-03-11,162,Groomed
T054,12-13,2013-03-11,162,Groomed
T061,12-13,2013-03-11,162,Groomed
T063,12-13,2013-03-11,162,Groomed
T064,12-13,2013-03-11,162,Groomed
T065,12-13,2013-03-11,162,Groomed
T066,12-13,2013-03-11,162,Groomed
T067,12-13,2013-03-11,162,Groomed
T068,12-13,2013-03-11,162,Open
T069,12-13,2013-03-11,162,Open
T070,12-13,2013-03-11,162,Open
T071,12-13,2013-03-11,162,Open
T072,12-13,2013-03-11,162,Open
T073,12-13,2013-03-11,162,Open
T074,12-13,2013-03-11,162,Open
T075,12-13,2013-03-11,162,Open
T076,12-13,2013-03-11,162,Open
T077,12-13,2013-03-11,162,Groomed
T078,12-13,2013-03-11,162,Groomed
T079,12-13,2013-03-11,162,Groomed
T080,12-13,2013-03-11,162,Open
T081,12-13,2013-03-11,162,Open
T083,12-13,2013-03-11,162,Groomed
T084,12-13,2013-03-11,162,Open
T085,12-13,2013-03-11,162,Open
T086,12-13,2013-03-11,162,Open
T087,12-13,2013-03-11,162,Open
T088,12-13,2013-03-11,162,Open
T089,12-13,2013-03-11,162,Open
T090,12-13,2013-03-11,162,Open
T091,12-13,2013-03-11,162,Open
T092,12-13,2013-03-11,162,Open
T127,12-13,2013-03-11,162,Open
T134,12-13,2013-03-11,162,Open
T135,12-13,2013-03-11,162,Open
T136,12-13,2013-03-11,162,Open
T137,12-13,2013-03-11,162,Open
T148,12-13,2013-03-11,162,Open
T151,12-13,2013-03-11,162,Groomed
T152,12-13,2013-03-11,162,Groomed
T155,12-13,2013-03-11,162,Open
T156,12-13,2013-03-11,162,Open
T157,12-13,2013-03-11,162,Open
T002,12-13,2013-03-12,163,Groomed
T003,12-13,2013-03-12,163,Groomed
T004,12-13,2013-03-12,163,Groomed
T005,12-13,2013-03-12,163,Groomed
T006,12-13,2013-03-12,163,Groomed
T007,12-13,2013-03-12,163,Groomed
T008,12-13,2013-03-12,163,Groomed
T009,12-13,2013-03-12,163,Groomed
T010,12-13,2013-03-12,163,Groomed
T011,12-13,2013-03-12,163,Groomed
T012,12-13,2013-03-12,163,Groomed
T013,12-13,2013-03-12,163,Groomed
T015,12-13,2013-03-12,163,Open
T016,12-13,2013-03-12,163,Open
T017,12-13,2013-03-12,163,Open
T018,12-13,2013-03-12,163,Groomed
T019,12-13,2013-03-12,163,Open
T020,12-13,2013-03-12,163,Open
T021,12-13,2013-03-12,163,Groomed
T022,12-13,2013-03-12,163,Groomed
T023,12-13,2013-03-12,163,Groomed
T024,12-13,2013-03-12,163,Open
T025,12-13,2013-03-12,163,Groomed
T026,12-13,2013-03-12,163,Groomed
T027,12-13,2013-03-12,163,Groomed
T028,12-13,2013-03-12,163,Groomed
T029,12-13,2013-03-12,163,Groomed
T030,12-13,2013-03-12,163,Groomed
T031,12-13,2013-03-12,163,Groomed
T032,12-13,2013-03-12,163,Open
T033,12-13,2013-03-12,163,Groomed
T034,12-13,2013-03-12,163,Groomed
T035,12-13,2013-03-12,163,Open
T036,12-13,2013-03-12,163,Groomed
T037,12-13,2013-03-12,163,Open
T038,12-13,2013-03-12,163,Groomed
T039,12-13,2013-03-12,163,Groomed
T040,12-13,2013-03-12,163,Groomed
T042,12-13,2013-03-12,163,Open
T043,12-13,2013-03-12,163,Groomed
T044,12-13,2013-03-12,163,Open
T045,12-13,2013-03-12,163,Open
T046,12-13,2013-03-12,163,Open
T047,12-13,2013-03-12,163,Open
T048,12-13,2013-03-12,163,Open
T049,12-13,2013-03-12,163,Groomed
T051,12-13,2013-03-12,163,Groomed
T052,12-13,2013-03-12,163,Groomed
T053,12-13,2013-03-12,163,Groomed
T054,12-13,2013-03-12,163,Groomed
T061,12-13,2013-03-12,163,Groomed
T063,12-13,2013-03-12,163,Groomed
T064,12-13,2013-03-12,163,Groomed
T065,12-13,2013-03-12,163,Groomed
T066,12-13,2013-03-12,163,Groomed
T067,12-13,2013-03-12,163,Groomed
T068,12-13,2013-03-12,163,Open
T069,12-13,2013-03-12,163,Open
T070,12-13,2013-03-12,163,Open
T071,12-13,2013-03-12,163,Open
T072,12-13,2013-03-12,163,Open
T073,12-13,2013-03-12,163,Open
T074,12-13,2013-03-12,163,Open
T075,12-13,2013-03-12,163,Open
T076,12-13,2013-03-12,163,Open
T077,12-13,2013-03-12,163,Groomed
T078,12-13,2013-03-12,163,Groomed
T079,12-13,2013-03-12,163,Groomed
T080,12-13,2013-03-12,163,Open
T081,12-13,2013-03-12,163,Open
T083,12-13,2013-03-12,163,Groomed
T084,12-13,2013-03-12,163,Open
T085,12-13,2013-03-12,163,Open
T086,12-13,2013-03-12,163,Open
T087,12-13,2013-03-12,163,Open
T088,12-13,2013-03-12,163,Open
T089,12-13,2013-03-12,163,Open
T090,12-13,2013-03-12,163,Open
T091,12-13,2013-03-12,163,Open
T092,12-13,2013-03-12,163,Open
T127,12-13,2013-03-12,163,Open
T134,12-13,2013-03-12,163,Open
T135,12-13,2013-03-12,163,Open
T136,12-13,2013-03-12,163,Open
T137,12-13,2013-03-12,163,Open
T148,12-13,2013-03-12,163,Open
T151,12-13,2013-03-12,163,Groomed
T152,12-13,2013-03-12,163,Groomed
T155,12-13,2013-03-12,163,Open
T156,12-13,2013-03-12,163,Open
T157,12-13,2013-03-12,163,Open
T002,12-13,2013-03-13,164,Groomed
T003,12-13,2013-03-13,164,Open
T004,12-13,2013-03-13,164,Groomed
T005,12-13,2013-03-13,164,Groomed
T006,12-13,2013-03-13,164,Groomed
T007,12-13,2013-03-13,164,Groomed
T008,12-13,2013-03-13,164,Groomed
T009,12-13,2013-03-13,164,Groomed
T010,12-13,2013-03-13,164,Groomed
T011,12-13,2013-03-13,164,Groomed
T012,12-13,2013-03-13,164,Groomed
T013,12-13,2013-03-13,164,Groomed
T015,12-13,2013-03-13,164,Open
T016,12-13,2013-03-13,164,Open
T017,12-13,2013-03-13,164,Open
T018,12-13,2013-03-13,164,Open
T019,12-13,2013-03-13,164,Open
T020,12-13,2013-03-13,164,Groomed
T021,12-13,2013-03-13,164,Groomed
T022,12-13,2013-03-13,164,Groomed
T023,12-13,2013-03-13,164,Groomed
T024,12-13,2013-03-13,164,Open
T025,12-13,2013-03-13,164,Groomed
T026,12-13,2013-03-13,164,Open
T027,12-13,2013-03-13,164,Groomed
T028,12-13,2013-03-13,164,Groomed
T029,12-13,2013-03-13,164,Open
T030,12-13,2013-03-13,164,Groomed
T031,12-13,2013-03-13,164,Groomed
T032,12-13,2013-03-13,164,Open
T033,12-13,2013-03-13,164,Open
T034,12-13,2013-03-13,164,Groomed
T035,12-13,2013-03-13,164,Open
T036,12-13,2013-03-13,164,Groomed
T037,12-13,2013-03-13,164,Open
T038,12-13,2013-03-13,164,Open
T039,12-13,2013-03-13,164,Groomed
T040,12-13,2013-03-13,164,Groomed
T042,12-13,2013-03-13,164,Open
T043,12-13,2013-03-13,164,Open
T044,12-13,2013-03-13,164,Open
T045,12-13,2013-03-13,164,Open
T046,12-13,2013-03-13,164,Open
T047,12-13,2013-03-13,164,Open
T048,12-13,2013-03-13,164,Open
T049,12-13,2013-03-13,164,Open
T051,12-13,2013-03-13,164,Groomed
T052,12-13,2013-03-13,164,Groomed
T053,12-13,2013-03-13,164,Groomed
T054,12-13,2013-03-13,164,Groomed
T061,12-13,2013-03-13,164,Groomed
T063,12-13,2013-03-13,164,Groomed
T064,12-13,2013-03-13,164,Groomed
T065,12-13,2013-03-13,164,Groomed
T066,12-13,2013-03-13,164,Groomed
T067,12-13,2013-03-13,164,Groomed
T068,12-13,2013-03-13,164,Open
T069,12-13,2013-03-13,164,Open
T070,12-13,2013-03-13,164,Open
T071,12-13,2013-03-13,164,Open
T072,12-13,2013-03-13,164,Open
T073,12-13,2013-03-13,164,Open
T074,12-13,2013-03-13,164,Open
T075,12-13,2013-03-13,164,Open
T076,12-13,2013-03-13,164,Open
T077,12-13,2013-03-13,164,Groomed
T078,12-13,2013-03-13,164,Open
T079,12-13,2013-03-13,164,Groomed
T080,12-13,2013-03-13,164,Open
T081,12-13,2013-03-13,164,Open
T083,12-13,2013-03-13,164,Open
T084,12-13,2013-03-13,164,Open
T085,12-13,2013-03-13,164,Open
T086,12-13,2013-03-13,164,Open
T087,12-13,2013-03-13,164,Open
T088,12-13,2013-03-13,164,Open
T089,12-13,2013-03-13,164,Open
T090,12-13,2013-03-13,164,Open
T091,12-13,2013-03-13,164,Open
T092,12-13,2013-03-13,164,Open
T127,12-13,2013-03-13,164,Open
T134,12-13,2013-03-13,164,Open
T135,12-13,2013-03-13,164,Open
T136,12-13,2013-03-13,164,Open
T137,12-13,2013-03-13,164,Open
T148,12-13,2013-03-13,164,Open
T151,12-13,2013-03-13,164,Groomed
T152,12-13,2013-03-13,164,Groomed
T155,12-13,2013-03-13,164,Open
T156,12-13,2013-03-13,164,Open
T157,12-13,2013-03-13,164,Open
T002,12-13,2013-03-14,165,Groomed
T003,12-13,2013-03-14,165,Open
T004,12-13,2013-03-14,165,Groomed
T005,12-13,2013-03-14,165,Groomed
T006,12-13,2013-03-14,165,Open
T007,12-13,2013-03-14,165,Groomed
T008,12-13,2013-03-14,165,Open
T009,12-13,2013-03-14,165,Groomed
T010,12-13,2013-03-14,165,Open
T011,12-13,2013-03-14,165,Groomed
T012,12-13,2013-03-14,165,Groomed
T013,12-13,2013-03-14,165,Groomed
T015,12-13,2013-03-14,165,Open
T016,12-13,2013-03-14,165,Open
T017,12-13,2013-03-14,165,Open
T018,12-13,2013-03-14,165,Open
T019,12-13,2013-03-14,165,Open
T020,12-13,2013-03-14,165,Groomed
T021,12-13,2013-03-14,165,Groomed
T022,12-13,2013-03-14,165,Groomed
T023,12-13,2013-03-14,165,Groomed
T024,12-13,2013-03-14,165,Open
T025,12-13,2013-03-14,165,Groomed
T026,12-13,2013-03-14,165,Open
T027,12-13,2013-03-14,165,Open
T028,12-13,2013-03-14,165,Open
T029,12-13,2013-03-14,165,Open
T030,12-13,2013-03-14,165,Open
T031,12-13,2013-03-14,165,Groomed
T032,12-13,2013-03-14,165,Open
T033,12-13,2013-03-14,165,Groomed
T034,12-13,2013-03-14,165,Groomed
T035,12-13,2013-03-14,165,Open
T036,12-13,2013-03-14,165,Groomed
T037,12-13,2013-03-14,165,Open
T038,12-13,2013-03-14,165,Open
T039,12-13,2013-03-14,165,Groomed
T040,12-13,2013-03-14,165,Groomed
T042,12-13,2013-03-14,165,Open
T043,12-13,2013-03-14,165,Open
T044,12-13,2013-03-14,165,Open
T045,12-13,2013-03-14,165,Open
T046,12-13,2013-03-14,165,Open
T047,12-13,2013-03-14,165,Open
T048,12-13,2013-03-14,165,Open
T049,12-13,2013-03-14,165,Open
T051,12-13,2013-03-14,165,Groomed
T052,12-13,2013-03-14,165,Groomed
T053,12-13,2013-03-14,165,Groomed
T054,12-13,2013-03-14,165,Groomed
T061,12-13,2013-03-14,165,Groomed
T063,12-13,2013-03-14,165,Groomed
T064,12-13,2013-03-14,165,Groomed
T065,12-13,2013-03-14,165,Groomed
T066,12-13,2013-03-14,165,Open
T067,12-13,2013-03-14,165,Groomed
T068,12-13,2013-03-14,165,Open
T069,12-13,2013-03-14,165,Open
T070,12-13,2013-03-14,165,Open
T071,12-13,2013-03-14,165,Open
T072,12-13,2013-03-14,165,Open
T073,12-13,2013-03-14,165,Open
T074,12-13,2013-03-14,165,Open
T075,12-13,2013-03-14,165,Open
T076,12-13,2013-03-14,165,Open
T077,12-13,2013-03-14,165,Groomed
T078,12-13,2013-03-14,165,Open
T079,12-13,2013-03-14,165,Groomed
T080,12-13,2013-03-14,165,Open
T081,12-13,2013-03-14,165,Open
T083,12-13,2013-03-14,165,Open
T084,12-13,2013-03-14,165,Open
T085,12-13,2013-03-14,165,Open
T086,12-13,2013-03-14,165,Open
T087,12-13,2013-03-14,165,Open
T088,12-13,2013-03-14,165,Open
T089,12-13,2013-03-14,165,Open
T090,12-13,2013-03-14,165,Open
T091,12-13,2013-03-14,165,Open
T092,12-13,2013-03-14,165,Open
T127,12-13,2013-03-14,165,Open
T134,12-13,2013-03-14,165,Open
T135,12-13,2013-03-14,165,Open
T136,12-13,2013-03-14,165,Open
T137,12-13,2013-03-14,165,Open
T148,12-13,2013-03-14,165,Closed
T151,12-13,2013-03-14,165,Groomed
T152,12-13,2013-03-14,165,Groomed
T155,12-13,2013-03-14,165,Open
T156,12-13,2013-03-14,165,Open
T157,12-13,2013-03-14,165,Open
T002,12-13,2013-03-15,166,Groomed
T003,12-13,2013-03-15,166,Groomed
T004,12-13,2013-03-15,166,Groomed
T005,12-13,2013-03-15,166,Groomed
T006,12-13,2013-03-15,166,Groomed
T007,12-13,2013-03-15,166,Groomed
T008,12-13,2013-03-15,166,Open
T009,12-13,2013-03-15,166,Groomed
T010,12-13,2013-03-15,166,Open
T011,12-13,2013-03-15,166,Groomed
T012,12-13,2013-03-15,166,Groomed
T013,12-13,2013-03-15,166,Groomed
T015,12-13,2013-03-15,166,Open
T016,12-13,2013-03-15,166,Open
T017,12-13,2013-03-15,166,Open
T018,12-13,2013-03-15,166,Open
T019,12-13,2013-03-15,166,Open
T020,12-13,2013-03-15,166,Groomed
T021,12-13,2013-03-15,166,Groomed
T022,12-13,2013-03-15,166,Groomed
T023,12-13,2013-03-15,166,Groomed
T024,12-13,2013-03-15,166,Open
T025,12-13,2013-03-15,166,Groomed
T026,12-13,2013-03-15,166,Open
T027,12-13,2013-03-15,166,Groomed
T028,12-13,2013-03-15,166,Groomed
T029,12-13,2013-03-15,166,Open
T030,12-13,2013-03-15,166,Groomed
T031,12-13,2013-03-15,166,Groomed
T032,12-13,2013-03-15,166,Open
T033,12-13,2013-03-15,166,Groomed
T034,12-13,2013-03-15,166,Groomed
T035,12-13,2013-03-15,166,Open
T036,12-13,2013-03-15,166,Groomed
T037,12-13,2013-03-15,166,Open
T038,12-13,2013-03-15,166,Open
T039,12-13,2013-03-15,166,Open
T040,12-13,2013-03-15,166,Groomed
T042,12-13,2013-03-15,166,Open
T043,12-13,2013-03-15,166,Groomed
T044,12-13,2013-03-15,166,Open
T045,12-13,2013-03-15,166,Open
T046,12-13,2013-03-15,166,Open
T047,12-13,2013-03-15,166,Open
T048,12-13,2013-03-15,166,Open
T049,12-13,2013-03-15,166,Groomed
T051,12-13,2013-03-15,166,Groomed
T052,12-13,2013-03-15,166,Groomed
T053,12-13,2013-03-15,166,Groomed
T054,12-13,2013-03-15,166,Groomed
T061,12-13,2013-03-15,166,Groomed
T063,12-13,2013-03-15,166,Groomed
T064,12-13,2013-03-15,166,Groomed
T065,12-13,2013-03-15,166,Groomed
T066,12-13,2013-03-15,166,Groomed
T067,12-13,2013-03-15,166,Groomed
T068,12-13,2013-03-15,166,Open
T069,12-13,2013-03-15,166,Open
T070,12-13,2013-03-15,166,Open
T071,12-13,2013-03-15,166,Open
T072,12-13,2013-03-15,166,Open
T073,12-13,2013-03-15,166,Open
T074,12-13,2013-03-15,166,Open
T075,12-13,2013-03-15,166,Open
T076,12-13,2013-03-15,166,Open
T077,12-13,2013-03-15,166,Groomed
T078,12-13,2013-03-15,166,Open
T079,12-13,2013-03-15,166,Groomed
T080,12-13,2013-03-15,166,Open
T081,12-13,2013-03-15,166,Open
T083,12-13,2013-03-15,166,Open
T084,12-13,2013-03-15,166,Open
T085,12-13,2013-03-15,166,Open
T086,12-13,2013-03-15,166,Open
T087,12-13,2013-03-15,166,Open
T088,12-13,2013-03-15,166,Open
T089,12-13,2013-03-15,166,Open
T090,12-13,2013-03-15,166,Open
T091,12-13,2013-03-15,166,Open
T092,12-13,2013-03-15,166,Open
T127,12-13,2013-03-15,166,Open
T134,12-13,2013-03-15,166,Open
T135,12-13,2013-03-15,166,Open
T136,12-13,2013-03-15,166,Open
T137,12-13,2013-03-15,166,Open
T148,12-13,2013-03-15,166,Closed
T151,12-13,2013-03-15,166,Groomed
T152,12-13,2013-03-15,166,Groomed
T155,12-13,2013-03-15,166,Open
T156,12-13,2013-03-15,166,Open
T157,12-13,2013-03-15,166,Open
T002,12-13,2013-03-16,167,Groomed
T003,12-13,2013-03-16,167,Groomed
T004,12-13,2013-03-16,167,Groomed
T005,12-13,2013-03-16,167,Groomed
T006,12-13,2013-03-16,167,Open
T007,12-13,2013-03-16,167,Groomed
T008,12-13,2013-03-16,167,Open
T009,12-13,2013-03-16,167,Groomed
T010,12-13,2013-03-16,167,Open
T011,12-13,2013-03-16,167,Groomed
T012,12-13,2013-03-16,167,Groomed
T013,12-13,2013-03-16,167,Groomed
T015,12-13,2013-03-16,167,Open
T016,12-13,2013-03-16,167,Open
T017,12-13,2013-03-16,167,Open
T018,12-13,2013-03-16,167,Open
T019,12-13,2013-03-16,167,Open
T020,12-13,2013-03-16,167,Open
T021,12-13,2013-03-16,167,Groomed
T022,12-13,2013-03-16,167,Groomed
T023,12-13,2013-03-16,167,Groomed
T024,12-13,2013-03-16,167,Open
T025,12-13,2013-03-16,167,Groomed
T026,12-13,2013-03-16,167,Open
T027,12-13,2013-03-16,167,Groomed
T028,12-13,2013-03-16,167,Groomed
T029,12-13,2013-03-16,167,Open
T030,12-13,2013-03-16,167,Groomed
T031,12-13,2013-03-16,167,Groomed
T032,12-13,2013-03-16,167,Open
T033,12-13,2013-03-16,167,Groomed
T034,12-13,2013-03-16,167,Groomed
T035,12-13,2013-03-16,167,Open
T036,12-13,2013-03-16,167,Groomed
T037,12-13,2013-03-16,167,Open
T038,12-13,2013-03-16,167,Open
T039,12-13,2013-03-16,167,Groomed
T040,12-13,2013-03-16,167,Groomed
T042,12-13,2013-03-16,167,Open
T043,12-13,2013-03-16,167,Groomed
T044,12-13,2013-03-16,167,Open
T045,12-13,2013-03-16,167,Open
T046,12-13,2013-03-16,167,Open
T047,12-13,2013-03-16,167,Open
T048,12-13,2013-03-16,167,Open
T049,12-13,2013-03-16,167,Groomed
T051,12-13,2013-03-16,167,Groomed
T052,12-13,2013-03-16,167,Groomed
T053,12-13,2013-03-16,167,Groomed
T054,12-13,2013-03-16,167,Groomed
T061,12-13,2013-03-16,167,Groomed
T063,12-13,2013-03-16,167,Groomed
T064,12-13,2013-03-16,167,Groomed
T065,12-13,2013-03-16,167,Groomed
T066,12-13,2013-03-16,167,Open
T067,12-13,2013-03-16,167,Groomed
T068,12-13,2013-03-16,167,Open
T069,12-13,2013-03-16,167,Open
T070,12-13,2013-03-16,167,Open
T071,12-13,2013-03-16,167,Open
T072,12-13,2013-03-16,167,Open
T073,12-13,2013-03-16,167,Open
T074,12-13,2013-03-16,167,Open
T075,12-13,2013-03-16,167,Open
T076,12-13,2013-03-16,167,Open
T077,12-13,2013-03-16,167,Groomed
T078,12-13,2013-03-16,167,Groomed
T079,12-13,2013-03-16,167,Groomed
T080,12-13,2013-03-16,167,Open
T081,12-13,2013-03-16,167,Open
T083,12-13,2013-03-16,167,Open
T084,12-13,2013-03-16,167,Open
T085,12-13,2013-03-16,167,Open
T086,12-13,2013-03-16,167,Open
T087,12-13,2013-03-16,167,Open
T088,12-13,2013-03-16,167,Open
T089,12-13,2013-03-16,167,Open
T090,12-13,2013-03-16,167,Open
T091,12-13,2013-03-16,167,Open
T092,12-13,2013-03-16,167,Open
T127,12-13,2013-03-16,167,Open
T134,12-13,2013-03-16,167,Open
T135,12-13,2013-03-16,167,Open
T136,12-13,2013-03-16,167,Open
T137,12-13,2013-03-16,167,Open
T148,12-13,2013-03-16,167,Closed
T151,12-13,2013-03-16,167,Groomed
T152,12-13,2013-03-16,167,Groomed
T155,12-13,2013-03-16,167,Open
T156,12-13,2013-03-16,167,Open
T157,12-13,2013-03-16,167,Open
T002,12-13,2013-03-17,168,Groomed
T003,12-13,2013-03-17,168,Groomed
T004,12-13,2013-03-17,168,Groomed
T005,12-13,2013-03-17,168,Groomed
T006,12-13,2013-03-17,168,Open
T007,12-13,2013-03-17,168,Groomed
T008,12-13,2013-03-17,168,Groomed
T009,12-13,2013-03-17,168,Groomed
T010,12-13,2013-03-17,168,Open
T011,12-13,2013-03-17,168,Groomed
T012,12-13,2013-03-17,168,Groomed
T013,12-13,2013-03-17,168,Groomed
T015,12-13,2013-03-17,168,Open
T016,12-13,2013-03-17,168,Open
T017,12-13,2013-03-17,168,Open
T018,12-13,2013-03-17,168,Groomed
T019,12-13,2013-03-17,168,Open
T020,12-13,2013-03-17,168,Open
T021,12-13,2013-03-17,168,Groomed
T022,12-13,2013-03-17,168,Groomed
T023,12-13,2013-03-17,168,Groomed
T024,12-13,2013-03-17,168,Open
T025,12-13,2013-03-17,168,Groomed
T026,12-13,2013-03-17,168,Open
T027,12-13,2013-03-17,168,Groomed
T028,12-13,2013-03-17,168,Groomed
T029,12-13,2013-03-17,168,Open
T030,12-13,2013-03-17,168,Groomed
T031,12-13,2013-03-17,168,Groomed
T032,12-13,2013-03-17,168,Open
T033,12-13,2013-03-17,168,Groomed
T034,12-13,2013-03-17,168,Groomed
T035,12-13,2013-03-17,168,Open
T036,12-13,2013-03-17,168,Groomed
T037,12-13,2013-03-17,168,Open
T038,12-13,2013-03-17,168,Groomed
T039,12-13,2013-03-17,168,Groomed
T040,12-13,2013-03-17,168,Groomed
T042,12-13,2013-03-17,168,Open
T043,12-13,2013-03-17,168,Groomed
T044,12-13,2013-03-17,168,Open
T045,12-13,2013-03-17,168,Open
T046,12-13,2013-03-17,168,Open
T047,12-13,2013-03-17,168,Open
T048,12-13,2013-03-17,168,Open
T049,12-13,2013-03-17,168,Groomed
T051,12-13,2013-03-17,168,Groomed
T052,12-13,2013-03-17,168,Groomed
T053,12-13,2013-03-17,168,Groomed
T054,12-13,2013-03-17,168,Groomed
T061,12-13,2013-03-17,168,Groomed
T063,12-13,2013-03-17,168,Groomed
T064,12-13,2013-03-17,168,Groomed
T065,12-13,2013-03-17,168,Groomed
T066,12-13,2013-03-17,168,Groomed
T067,12-13,2013-03-17,168,Groomed
T068,12-13,2013-03-17,168,Open
T069,12-13,2013-03-17,168,Open
T070,12-13,2013-03-17,168,Open
T071,12-13,2013-03-17,168,Open
T072,12-13,2013-03-17,168,Open
T073,12-13,2013-03-17,168,Open
T074,12-13,2013-03-17,168,Open
T075,12-13,2013-03-17,168,Open
T076,12-13,2013-03-17,168,Open
T077,12-13,2013-03-17,168,Groomed
T078,12-13,2013-03-17,168,Groomed
T079,12-13,2013-03-17,168,Groomed
T080,12-13,2013-03-17,168,Open
T081,12-13,2013-03-17,168,Open
T083,12-13,2013-03-17,168,Groomed
T084,12-13,2013-03-17,168,Open
T085,12-13,2013-03-17,168,Open
T086,12-13,2013-03-17,168,Open
T087,12-13,2013-03-17,168,Open
T088,12-13,2013-03-17,168,Open
T089,12-13,2013-03-17,168,Open
T090,12-13,2013-03-17,168,Open
T091,12-13,2013-03-17,168,Open
T092,12-13,2013-03-17,168,Open
T127,12-13,2013-03-17,168,Open
T134,12-13,2013-03-17,168,Open
T135,12-13,2013-03-17,168,Open
T136,12-13,2013-03-17,168,Open
T137,12-13,2013-03-17,168,Open
T148,12-13,2013-03-17,168,Closed
T151,12-13,2013-03-17,168,Groomed
T152,12-13,2013-03-17,168,Groomed
T155,12-13,2013-03-17,168,Open
T156,12-13,2013-03-17,168,Open
T157,12-13,2013-03-17,168,Open
T002,12-13,2013-03-18,169,Groomed
T003,12-13,2013-03-18,169,Groomed
T004,12-13,2013-03-18,169,Groomed
T005,12-13,2013-03-18,169,Groomed
T006,12-13,2013-03-18,169,Groomed
T007,12-13,2013-03-18,169,Groomed
T008,12-13,2013-03-18,169,Groomed
T009,12-13,2013-03-18,169,Groomed
T010,12-13,2013-03-18,169,Open
T011,12-13,2013-03-18,169,Groomed
T012,12-13,2013-03-18,169,Groomed
T013,12-13,2013-03-18,169,Groomed
T015,12-13,2013-03-18,169,Open
T016,12-13,2013-03-18,169,Open
T017,12-13,2013-03-18,169,Open
T018,12-13,2013-03-18,169,Groomed
T019,12-13,2013-03-18,169,Closed
T020,12-13,2013-03-18,169,Open
T021,12-13,2013-03-18,169,Groomed
T022,12-13,2013-03-18,169,Groomed
T023,12-13,2013-03-18,169,Groomed
T024,12-13,2013-03-18,169,Open
T025,12-13,2013-03-18,169,Groomed
T026,12-13,2013-03-18,169,Open
T027,12-13,2013-03-18,169,Groomed
T028,12-13,2013-03-18,169,Groomed
T029,12-13,2013-03-18,169,Groomed
T030,12-13,2013-03-18,169,Groomed
T031,12-13,2013-03-18,169,Groomed
T032,12-13,2013-03-18,169,Closed
T033,12-13,2013-03-18,169,Groomed
T034,12-13,2013-03-18,169,Groomed
T035,12-13,2013-03-18,169,Open
T036,12-13,2013-03-18,169,Groomed
T037,12-13,2013-03-18,169,Open
T038,12-13,2013-03-18,169,Groomed
T039,12-13,2013-03-18,169,Groomed
T040,12-13,2013-03-18,169,Groomed
T042,12-13,2013-03-18,169,Open
T043,12-13,2013-03-18,169,Groomed
T044,12-13,2013-03-18,169,Open
T045,12-13,2013-03-18,169,Open
T046,12-13,2013-03-18,169,Open
T047,12-13,2013-03-18,169,Open
T048,12-13,2013-03-18,169,Open
T049,12-13,2013-03-18,169,Groomed
T051,12-13,2013-03-18,169,Groomed
T052,12-13,2013-03-18,169,Groomed
T053,12-13,2013-03-18,169,Groomed
T054,12-13,2013-03-18,169,Groomed
T061,12-13,2013-03-18,169,Groomed
T063,12-13,2013-03-18,169,Groomed
T064,12-13,2013-03-18,169,Groomed
T065,12-13,2013-03-18,169,Groomed
T066,12-13,2013-03-18,169,Groomed
T067,12-13,2013-03-18,169,Groomed
T068,12-13,2013-03-18,169,Open
T069,12-13,2013-03-18,169,Open
T070,12-13,2013-03-18,169,Open
T071,12-13,2013-03-18,169,Open
T072,12-13,2013-03-18,169,Open
T073,12-13,2013-03-18,169,Open
T074,12-13,2013-03-18,169,Open
T075,12-13,2013-03-18,169,Open
T076,12-13,2013-03-18,169,Open
T077,12-13,2013-03-18,169,Groomed
T078,12-13,2013-03-18,169,Groomed
T079,12-13,2013-03-18,169,Groomed
T080,12-13,2013-03-18,169,Open
T081,12-13,2013-03-18,169,Open
T083,12-13,2013-03-18,169,Groomed
T084,12-13,2013-03-18,169,Open
T085,12-13,2013-03-18,169,Open
T086,12-13,2013-03-18,169,Open
T087,12-13,2013-03-18,169,Open
T088,12-13,2013-03-18,169,Open
T089,12-13,2013-03-18,169,Open
T090,12-13,2013-03-18,169,Open
T091,12-13,2013-03-18,169,Open
T092,12-13,2013-03-18,169,Open
T127,12-13,2013-03-18,169,Open
T134,12-13,2013-03-18,169,Open
T135,12-13,2013-03-18,169,Open
T136,12-13,2013-03-18,169,Open
T137,12-13,2013-03-18,169,Open
T148,12-13,2013-03-18,169,Closed
T151,12-13,2013-03-18,169,Groomed
T152,12-13,2013-03-18,169,Groomed
T155,12-13,2013-03-18,169,Open
T156,12-13,2013-03-18,169,Closed
T157,12-13,2013-03-18,169,Open
T002,12-13,2013-03-19,170,Groomed
T003,12-13,2013-03-19,170,Groomed
T004,12-13,2013-03-19,170,Groomed
T005,12-13,2013-03-19,170,Groomed
T006,12-13,2013-03-19,170,Groomed
T007,12-13,2013-03-19,170,Groomed
T008,12-13,2013-03-19,170,Groomed
T009,12-13,2013-03-19,170,Groomed
T010,12-13,2013-03-19,170,Open
T011,12-13,2013-03-19,170,Groomed
T012,12-13,2013-03-19,170,Groomed
T013,12-13,2013-03-19,170,Groomed
T015,12-13,2013-03-19,170,Open
T016,12-13,2013-03-19,170,Open
T017,12-13,2013-03-19,170,Open
T018,12-13,2013-03-19,170,Open
T019,12-13,2013-03-19,170,Closed
T020,12-13,2013-03-19,170,Groomed
T021,12-13,2013-03-19,170,Groomed
T022,12-13,2013-03-19,170,Groomed
T023,12-13,2013-03-19,170,Groomed
T024,12-13,2013-03-19,170,Open
T025,12-13,2013-03-19,170,Groomed
T026,12-13,2013-03-19,170,Groomed
T027,12-13,2013-03-19,170,Groomed
T028,12-13,2013-03-19,170,Groomed
T029,12-13,2013-03-19,170,Open
T030,12-13,2013-03-19,170,Groomed
T031,12-13,2013-03-19,170,Groomed
T032,12-13,2013-03-19,170,Closed
T033,12-13,2013-03-19,170,Groomed
T034,12-13,2013-03-19,170,Groomed
T035,12-13,2013-03-19,170,Open
T036,12-13,2013-03-19,170,Groomed
T037,12-13,2013-03-19,170,Open
T038,12-13,2013-03-19,170,Groomed
T039,12-13,2013-03-19,170,Groomed
T040,12-13,2013-03-19,170,Groomed
T042,12-13,2013-03-19,170,Open
T043,12-13,2013-03-19,170,Open
T044,12-13,2013-03-19,170,Open
T045,12-13,2013-03-19,170,Open
T046,12-13,2013-03-19,170,Open
T047,12-13,2013-03-19,170,Closed
T048,12-13,2013-03-19,170,Open
T049,12-13,2013-03-19,170,Open
T051,12-13,2013-03-19,170,Groomed
T052,12-13,2013-03-19,170,Groomed
T053,12-13,2013-03-19,170,Groomed
T054,12-13,2013-03-19,170,Groomed
T061,12-13,2013-03-19,170,Groomed
T063,12-13,2013-03-19,170,Groomed
T064,12-13,2013-03-19,170,Groomed
T065,12-13,2013-03-19,170,Groomed
T066,12-13,2013-03-19,170,Open
T067,12-13,2013-03-19,170,Groomed
T068,12-13,2013-03-19,170,Open
T069,12-13,2013-03-19,170,Open
T070,12-13,2013-03-19,170,Open
T071,12-13,2013-03-19,170,Open
T072,12-13,2013-03-19,170,Open
T073,12-13,2013-03-19,170,Open
T074,12-13,2013-03-19,170,Open
T075,12-13,2013-03-19,170,Open
T076,12-13,2013-03-19,170,Open
T077,12-13,2013-03-19,170,Groomed
T078,12-13,2013-03-19,170,Groomed
T079,12-13,2013-03-19,170,Groomed
T080,12-13,2013-03-19,170,Open
T081,12-13,2013-03-19,170,Open
T083,12-13,2013-03-19,170,Groomed
T084,12-13,2013-03-19,170,Open
T085,12-13,2013-03-19,170,Open
T086,12-13,2013-03-19,170,Open
T087,12-13,2013-03-19,170,Open
T088,12-13,2013-03-19,170,Open
T089,12-13,2013-03-19,170,Open
T090,12-13,2013-03-19,170,Open
T091,12-13,2013-03-19,170,Open
T092,12-13,2013-03-19,170,Open
T127,12-13,2013-03-19,170,Open
T134,12-13,2013-03-19,170,Open
T135,12-13,2013-03-19,170,Open
T136,12-13,2013-03-19,170,Open
T137,12-13,2013-03-19,170,Open
T148,12-13,2013-03-19,170,Closed
T151,12-13,2013-03-19,170,Groomed
T152,12-13,2013-03-19,170,Groomed
T155,12-13,2013-03-19,170,Open
T156,12-13,2013-03-19,170,Closed
T157,12-13,2013-03-19,170,Open
T002,12-13,2013-03-20,171,Groomed
T003,12-13,2013-03-20,171,Groomed
T004,12-13,2013-03-20,171,Groomed
T005,12-13,2013-03-20,171,Groomed
T006,12-13,2013-03-20,171,Open
T007,12-13,2013-03-20,171,Groomed
T008,12-13,2013-03-20,171,Open
T009,12-13,2013-03-20,171,Groomed
T010,12-13,2013-03-20,171,Open
T011,12-13,2013-03-20,171,Groomed
T012,12-13,2013-03-20,171,Groomed
T013,12-13,2013-03-20,171,Groomed
T015,12-13,2013-03-20,171,Open
T016,12-13,2013-03-20,171,Open
T017,12-13,2013-03-20,171,Open
T018,12-13,2013-03-20,171,Open
T019,12-13,2013-03-20,171,Closed
T020,12-13,2013-03-20,171,Groomed
T021,12-13,2013-03-20,171,Groomed
T022,12-13,2013-03-20,171,Groomed
T023,12-13,2013-03-20,171,Groomed
T024,12-13,2013-03-20,171,Open
T025,12-13,2013-03-20,171,Groomed
T026,12-13,2013-03-20,171,Open
T027,12-13,2013-03-20,171,Groomed
T028,12-13,2013-03-20,171,Groomed
T029,12-13,2013-03-20,171,Open
T030,12-13,2013-03-20,171,Groomed
T031,12-13,2013-03-20,171,Groomed
T032,12-13,2013-03-20,171,Closed
T033,12-13,2013-03-20,171,Groomed
T034,12-13,2013-03-20,171,Groomed
T035,12-13,2013-03-20,171,Open
T036,12-13,2013-03-20,171,Groomed
T037,12-13,2013-03-20,171,Open
T038,12-13,2013-03-20,171,Open
T039,12-13,2013-03-20,171,Groomed
T040,12-13,2013-03-20,171,Groomed
T042,12-13,2013-03-20,171,Open
T043,12-13,2013-03-20,171,Groomed
T044,12-13,2013-03-20,171,Open
T045,12-13,2013-03-20,171,Open
T046,12-13,2013-03-20,171,Open
T047,12-13,2013-03-20,171,Closed
T048,12-13,2013-03-20,171,Open
T049,12-13,2013-03-20,171,Groomed
T051,12-13,2013-03-20,171,Groomed
T052,12-13,2013-03-20,171,Groomed
T053,12-13,2013-03-20,171,Groomed
T054,12-13,2013-03-20,171,Groomed
T061,12-13,2013-03-20,171,Groomed
T063,12-13,2013-03-20,171,Groomed
T064,12-13,2013-03-20,171,Groomed
T065,12-13,2013-03-20,171,Groomed
T066,12-13,2013-03-20,171,Open
T067,12-13,2013-03-20,171,Groomed
T068,12-13,2013-03-20,171,Open
T069,12-13,2013-03-20,171,Open
T070,12-13,2013-03-20,171,Open
T071,12-13,2013-03-20,171,Open
T072,12-13,2013-03-20,171,Open
T073,12-13,2013-03-20,171,Open
T074,12-13,2013-03-20,171,Open
T075,12-13,2013-03-20,171,Open
T076,12-13,2013-03-20,171,Open
T077,12-13,2013-03-20,171,Groomed
T078,12-13,2013-03-20,171,Open
T079,12-13,2013-03-20,171,Groomed
T080,12-13,2013-03-20,171,Open
T081,12-13,2013-03-20,171,Open
T083,12-13,2013-03-20,171,Open
T084,12-13,2013-03-20,171,Open
T085,12-13,2013-03-20,171,Open
T086,12-13,2013-03-20,171,Open
T087,12-13,2013-03-20,171,Open
T088,12-13,2013-03-20,171,Open
T089,12-13,2013-03-20,171,Open
T090,12-13,2013-03-20,171,Open
T091,12-13,2013-03-20,171,Open
T092,12-13,2013-03-20,171,Open
T127,12-13,2013-03-20,171,Open
T134,12-13,2013-03-20,171,Open
T135,12-13,2013-03-20,171,Open
T136,12-13,2013-03-20,171,Open
T137,12-13,2013-03-20,171,Open
T148,12-13,2013-03-20,171,Closed
T151,12-13,2013-03-20,171,Groomed
T152,12-13,2013-03-20,171,Groomed
T155,12-13,2013-03-20,171,Open
T156,12-13,2013-03-20,171,Closed
T157,12-13,2013-03-20,171,Open
T002,12-13,2013-03-21,172,Groomed
T003,12-13,2013-03-21,172,Groomed
T004,12-13,2013-03-21,172,Groomed
T005,12-13,2013-03-21,172,Groomed
T006,12-13,2013-03-21,172,Groomed
T007,12-13,2013-03-21,172,Groomed
T008,12-13,2013-03-21,172,Groomed
T009,12-13,2013-03-21,172,Groomed
T010,12-13,2013-03-21,172,Groomed
T011,12-13,2013-03-21,172,Groomed
T012,12-13,2013-03-21,172,Groomed
T013,12-13,2013-03-21,172,Groomed
T015,12-13,2013-03-21,172,Open
T016,12-13,2013-03-21,172,Open
T017,12-13,2013-03-21,172,Open
T018,12-13,2013-03-21,172,Open
T019,12-13,2013-03-21,172,Closed
T020,12-13,2013-03-21,172,Groomed
T021,12-13,2013-03-21,172,Groomed
T022,12-13,2013-03-21,172,Groomed
T023,12-13,2013-03-21,172,Groomed
T024,12-13,2013-03-21,172,Open
T025,12-13,2013-03-21,172,Groomed
T026,12-13,2013-03-21,172,Groomed
T027,12-13,2013-03-21,172,Groomed
T028,12-13,2013-03-21,172,Groomed
T029,12-13,2013-03-21,172,Open
T030,12-13,2013-03-21,172,Groomed
T031,12-13,2013-03-21,172,Groomed
T032,12-13,2013-03-21,172,Closed
T033,12-13,2013-03-21,172,Groomed
T034,12-13,2013-03-21,172,Groomed
T035,12-13,2013-03-21,172,Open
T036,12-13,2013-03-21,172,Groomed
T037,12-13,2013-03-21,172,Open
T038,12-13,2013-03-21,172,Groomed
T039,12-13,2013-03-21,172,Groomed
T040,12-13,2013-03-21,172,Groomed
T042,12-13,2013-03-21,172,Open
T043,12-13,2013-03-21,172,Groomed
T044,12-13,2013-03-21,172,Open
T045,12-13,2013-03-21,172,Open
T046,12-13,2013-03-21,172,Open
T047,12-13,2013-03-21,172,Closed
T048,12-13,2013-03-21,172,Open
T049,12-13,2013-03-21,172,Groomed
T051,12-13,2013-03-21,172,Groomed
T052,12-13,2013-03-21,172,Groomed
T053,12-13,2013-03-21,172,Groomed
T054,12-13,2013-03-21,172,Groomed
T061,12-13,2013-03-21,172,Groomed
T063,12-13,2013-03-21,172,Groomed
T064,12-13,2013-03-21,172,Groomed
T065,12-13,2013-03-21,172,Groomed
T066,12-13,2013-03-21,172,Groomed
T067,12-13,2013-03-21,172,Groomed
T068,12-13,2013-03-21,172,Open
T069,12-13,2013-03-21,172,Open
T070,12-13,2013-03-21,172,Open
T071,12-13,2013-03-21,172,Open
T072,12-13,2013-03-21,172,Open
T073,12-13,2013-03-21,172,Open
T074,12-13,2013-03-21,172,Open
T075,12-13,2013-03-21,172,Open
T076,12-13,2013-03-21,172,Open
T077,12-13,2013-03-21,172,Groomed
T078,12-13,2013-03-21,172,Groomed
T079,12-13,2013-03-21,172,Groomed
T080,12-13,2013-03-21,172,Open
T081,12-13,2013-03-21,172,Open
T083,12-13,2013-03-21,172,Groomed
T084,12-13,2013-03-21,172,Open
T085,12-13,2013-03-21,172,Open
T086,12-13,2013-03-21,172,Open
T087,12-13,2013-03-21,172,Open
T088,12-13,2013-03-21,172,Open
T089,12-13,2013-03-21,172,Open
T090,12-13,2013-03-21,172,Open
T091,12-13,2013-03-21,172,Open
T092,12-13,2013-03-21,172,Open
T127,12-13,2013-03-21,172,Open
T134,12-13,2013-03-21,172,Open
T135,12-13,2013-03-21,172,Open
T136,12-13,2013-03-21,172,Open
T137,12-13,2013-03-21,172,Open
T148,12-13,2013-03-21,172,Closed
T151,12-13,2013-03-21,172,Groomed
T152,12-13,2013-03-21,172,Groomed
T155,12-13,2013-03-21,172,Open
T156,12-13,2013-03-21,172,Closed
T157,12-13,2013-03-21,172,Open
T002,12-13,2013-03-22,173,Groomed
T003,12-13,2013-03-22,173,Groomed
T004,12-13,2013-03-22,173,Groomed
T005,12-13,2013-03-22,173,Groomed
T006,12-13,2013-03-22,173,Groomed
T007,12-13,2013-03-22,173,Groomed
T008,12-13,2013-03-22,173,Groomed
T009,12-13,2013-03-22,173,Groomed
T010,12-13,2013-03-22,173,Groomed
T011,12-13,2013-03-22,173,Groomed
T012,12-13,2013-03-22,173,Groomed
T013,12-13,2013-03-22,173,Groomed
T015,12-13,2013-03-22,173,Open
T016,12-13,2013-03-22,173,Open
T017,12-13,2013-03-22,173,Open
T018,12-13,2013-03-22,173,Open
T019,12-13,2013-03-22,173,Closed
T020,12-13,2013-03-22,173,Groomed
T021,12-13,2013-03-22,173,Groomed
T022,12-13,2013-03-22,173,Groomed
T023,12-13,2013-03-22,173,Groomed
T024,12-13,2013-03-22,173,Open
T025,12-13,2013-03-22,173,Groomed
T026,12-13,2013-03-22,173,Groomed
T027,12-13,2013-03-22,173,Groomed
T028,12-13,2013-03-22,173,Groomed
T029,12-13,2013-03-22,173,Open
T030,12-13,2013-03-22,173,Groomed
T031,12-13,2013-03-22,173,Groomed
T032,12-13,2013-03-22,173,Closed
T033,12-13,2013-03-22,173,Groomed
T034,12-13,2013-03-22,173,Groomed
T035,12-13,2013-03-22,173,Open
T036,12-13,2013-03-22,173,Groomed
T037,12-13,2013-03-22,173,Open
T038,12-13,2013-03-22,173,Groomed
T039,12-13,2013-03-22,173,Groomed
T040,12-13,2013-03-22,173,Groomed
T042,12-13,2013-03-22,173,Open
T043,12-13,2013-03-22,173,Groomed
T044,12-13,2013-03-22,173,Open
T045,12-13,2013-03-22,173,Open
T046,12-13,2013-03-22,173,Open
T047,12-13,2013-03-22,173,Closed
T048,12-13,2013-03-22,173,Open
T049,12-13,2013-03-22,173,Groomed
T051,12-13,2013-03-22,173,Groomed
T052,12-13,2013-03-22,173,Groomed
T053,12-13,2013-03-22,173,Groomed
T054,12-13,2013-03-22,173,Groomed
T061,12-13,2013-03-22,173,Groomed
T063,12-13,2013-03-22,173,Groomed
T064,12-13,2013-03-22,173,Groomed
T065,12-13,2013-03-22,173,Groomed
T066,12-13,2013-03-22,173,Groomed
T067,12-13,2013-03-22,173,Groomed
T068,12-13,2013-03-22,173,Open
T069,12-13,2013-03-22,173,Open
T070,12-13,2013-03-22,173,Open
T071,12-13,2013-03-22,173,Open
T072,12-13,2013-03-22,173,Open
T073,12-13,2013-03-22,173,Open
T074,12-13,2013-03-22,173,Open
T075,12-13,2013-03-22,173,Open
T076,12-13,2013-03-22,173,Open
T077,12-13,2013-03-22,173,Groomed
T078,12-13,2013-03-22,173,Groomed
T079,12-13,2013-03-22,173,Groomed
T080,12-13,2013-03-22,173,Open
T081,12-13,2013-03-22,173,Open
T083,12-13,2013-03-22,173,Groomed
T084,12-13,2013-03-22,173,Open
T085,12-13,2013-03-22,173,Open
T086,12-13,2013-03-22,173,Open
T087,12-13,2013-03-22,173,Open
T088,12-13,2013-03-22,173,Open
T089,12-13,2013-03-22,173,Open
T090,12-13,2013-03-22,173,Open
T091,12-13,2013-03-22,173,Open
T092,12-13,2013-03-22,173,Open
T127,12-13,2013-03-22,173,Open
T134,12-13,2013-03-22,173,Open
T135,12-13,2013-03-22,173,Open
T136,12-13,2013-03-22,173,Open
T137,12-13,2013-03-22,173,Open
T148,12-13,2013-03-22,173,Closed
T151,12-13,2013-03-22,173,Groomed
T152,12-13,2013-03-22,173,Groomed
T155,12-13,2013-03-22,173,Open
T156,12-13,2013-03-22,173,Closed
T157,12-13,2013-03-22,173,Open
T002,12-13,2013-03-23,174,Groomed
T003,12-13,2013-03-23,174,Groomed
T004,12-13,2013-03-23,174,Groomed
T005,12-13,2013-03-23,174,Groomed
T006,12-13,2013-03-23,174,Groomed
T007,12-13,2013-03-23,174,Groomed
T008,12-13,2013-03-23,174,Groomed
T009,12-13,2013-03-23,174,Groomed
T010,12-13,2013-03-23,174,Groomed
T011,12-13,2013-03-23,174,Groomed
T012,12-13,2013-03-23,174,Groomed
T013,12-13,2013-03-23,174,Groomed
T015,12-13,2013-03-23,174,Open
T016,12-13,2013-03-23,174,Open
T017,12-13,2013-03-23,174,Open
T018,12-13,2013-03-23,174,Groomed
T019,12-13,2013-03-23,174,Open
T020,12-13,2013-03-23,174,Groomed
T021,12-13,2013-03-23,174,Groomed
T022,12-13,2013-03-23,174,Groomed
T023,12-13,2013-03-23,174,Groomed
T024,12-13,2013-03-23,174,Open
T025,12-13,2013-03-23,174,Groomed
T026,12-13,2013-03-23,174,Groomed
T027,12-13,2013-03-23,174,Groomed
T028,12-13,2013-03-23,174,Groomed
T029,12-13,2013-03-23,174,Groomed
T030,12-13,2013-03-23,174,Groomed
T031,12-13,2013-03-23,174,Groomed
T032,12-13,2013-03-23,174,Closed
T033,12-13,2013-03-23,174,Groomed
T034,12-13,2013-03-23,174,Groomed
T035,12-13,2013-03-23,174,Open
T036,12-13,2013-03-23,174,Groomed
T037,12-13,2013-03-23,174,Open
T038,12-13,2013-03-23,174,Groomed
T039,12-13,2013-03-23,174,Groomed
T040,12-13,2013-03-23,174,Groomed
T042,12-13,2013-03-23,174,Open
T043,12-13,2013-03-23,174,Groomed
T044,12-13,2013-03-23,174,Open
T045,12-13,2013-03-23,174,Open
T046,12-13,2013-03-23,174,Open
T047,12-13,2013-03-23,174,Open
T048,12-13,2013-03-23,174,Open
T049,12-13,2013-03-23,174,Groomed
T051,12-13,2013-03-23,174,Groomed
T052,12-13,2013-03-23,174,Groomed
T053,12-13,2013-03-23,174,Groomed
T054,12-13,2013-03-23,174,Groomed
T061,12-13,2013-03-23,174,Groomed
T063,12-13,2013-03-23,174,Groomed
T064,12-13,2013-03-23,174,Groomed
T065,12-13,2013-03-23,174,Groomed
T066,12-13,2013-03-23,174,Groomed
T067,12-13,2013-03-23,174,Groomed
T068,12-13,2013-03-23,174,Open
T069,12-13,2013-03-23,174,Open
T070,12-13,2013-03-23,174,Open
T071,12-13,2013-03-23,174,Open
T072,12-13,2013-03-23,174,Open
T073,12-13,2013-03-23,174,Open
T074,12-13,2013-03-23,174,Open
T075,12-13,2013-03-23,174,Open
T076,12-13,2013-03-23,174,Open
T077,12-13,2013-03-23,174,Groomed
T078,12-13,2013-03-23,174,Groomed
T079,12-13,2013-03-23,174,Groomed
T080,12-13,2013-03-23,174,Open
T081,12-13,2013-03-23,174,Open
T083,12-13,2013-03-23,174,Groomed
T084,12-13,2013-03-23,174,Open
T085,12-13,2013-03-23,174,Open
T086,12-13,2013-03-23,174,Open
T087,12-13,2013-03-23,174,Open
T088,12-13,2013-03-23,174,Open
T089,12-13,2013-03-23,174,Open
T090,12-13,2013-03-23,174,Open
T091,12-13,2013-03-23,174,Open
T092,12-13,2013-03-23,174,Open
T127,12-13,2013-03-23,174,Open
T134,12-13,2013-03-23,174,Open
T135,12-13,2013-03-23,174,Open
T136,12-13,2013-03-23,174,Open
T137,12-13,2013-03-23,174,Open
T148,12-13,2013-03-23,174,Open
T151,12-13,2013-03-23,174,Groomed
T152,12-13,2013-03-23,174,Groomed
T155,12-13,2013-03-23,174,Open
T156,12-13,2013-03-23,174,Open
T157,12-13,2013-03-23,174,Open
T002,12-13,2013-03-24,175,Groomed
T003,12-13,2013-03-24,175,Groomed
T004,12-13,2013-03-24,175,Groomed
T005,12-13,2013-03-24,175,Groomed
T006,12-13,2013-03-24,175,Groomed
T007,12-13,2013-03-24,175,Groomed
T008,12-13,2013-03-24,175,Groomed
T009,12-13,2013-03-24,175,Groomed
T010,12-13,2013-03-24,175,Groomed
T011,12-13,2013-03-24,175,Groomed
T012,12-13,2013-03-24,175,Groomed
T013,12-13,2013-03-24,175,Groomed
T015,12-13,2013-03-24,175,Open
T016,12-13,2013-03-24,175,Open
T017,12-13,2013-03-24,175,Open
T018,12-13,2013-03-24,175,Groomed
T019,12-13,2013-03-24,175,Open
T020,12-13,2013-03-24,175,Groomed
T021,12-13,2013-03-24,175,Groomed
T022,12-13,2013-03-24,175,Groomed
T023,12-13,2013-03-24,175,Groomed
T024,12-13,2013-03-24,175,Open
T025,12-13,2013-03-24,175,Groomed
T026,12-13,2013-03-24,175,Groomed
T027,12-13,2013-03-24,175,Groomed
T028,12-13,2013-03-24,175,Groomed
T029,12-13,2013-03-24,175,Groomed
T030,12-13,2013-03-24,175,Groomed
T031,12-13,2013-03-24,175,Groomed
T032,12-13,2013-03-24,175,Closed
T033,12-13,2013-03-24,175,Groomed
T034,12-13,2013-03-24,175,Groomed
T035,12-13,2013-03-24,175,Groomed
T036,12-13,2013-03-24,175,Groomed
T037,12-13,2013-03-24,175,Open
T038,12-13,2013-03-24,175,Groomed
T039,12-13,2013-03-24,175,Groomed
T040,12-13,2013-03-24,175,Groomed
T042,12-13,2013-03-24,175,Open
T043,12-13,2013-03-24,175,Groomed
T044,12-13,2013-03-24,175,Open
T045,12-13,2013-03-24,175,Open
T046,12-13,2013-03-24,175,Open
T047,12-13,2013-03-24,175,Open
T048,12-13,2013-03-24,175,Open
T049,12-13,2013-03-24,175,Groomed
T051,12-13,2013-03-24,175,Groomed
T052,12-13,2013-03-24,175,Groomed
T053,12-13,2013-03-24,175,Groomed
T054,12-13,2013-03-24,175,Groomed
T061,12-13,2013-03-24,175,Groomed
T063,12-13,2013-03-24,175,Groomed
T064,12-13,2013-03-24,175,Groomed
T065,12-13,2013-03-24,175,Groomed
T066,12-13,2013-03-24,175,Groomed
T067,12-13,2013-03-24,175,Groomed
T068,12-13,2013-03-24,175,Open
T069,12-13,2013-03-24,175,Open
T070,12-13,2013-03-24,175,Open
T071,12-13,2013-03-24,175,Open
T072,12-13,2013-03-24,175,Open
T073,12-13,2013-03-24,175,Open
T074,12-13,2013-03-24,175,Open
T075,12-13,2013-03-24,175,Open
T076,12-13,2013-03-24,175,Open
T077,12-13,2013-03-24,175,Groomed
T078,12-13,2013-03-24,175,Groomed
T079,12-13,2013-03-24,175,Groomed
T080,12-13,2013-03-24,175,Open
T081,12-13,2013-03-24,175,Open
T083,12-13,2013-03-24,175,Groomed
T084,12-13,2013-03-24,175,Open
T085,12-13,2013-03-24,175,Open
T086,12-13,2013-03-24,175,Open
T087,12-13,2013-03-24,175,Open
T088,12-13,2013-03-24,175,Open
T089,12-13,2013-03-24,175,Open
T090,12-13,2013-03-24,175,Open
T091,12-13,2013-03-24,175,Open
T092,12-13,2013-03-24,175,Open
T127,12-13,2013-03-24,175,Open
T134,12-13,2013-03-24,175,Open
T135,12-13,2013-03-24,175,Open
T136,12-13,2013-03-24,175,Open
T137,12-13,2013-03-24,175,Open
T148,12-13,2013-03-24,175,Open
T151,12-13,2013-03-24,175,Groomed
T152,12-13,2013-03-24,175,Groomed
T155,12-13,2013-03-24,175,Open
T156,12-13,2013-03-24,175,Open
T157,12-13,2013-03-24,175,Open
T002,12-13,2013-03-25,176,Groomed
T003,12-13,2013-03-25,176,Groomed
T004,12-13,2013-03-25,176,Groomed
T005,12-13,2013-03-25,176,Groomed
T006,12-13,2013-03-25,176,Open
T007,12-13,2013-03-25,176,Groomed
T008,12-13,2013-03-25,176,Groomed
T009,12-13,2013-03-25,176,Groomed
T010,12-13,2013-03-25,176,Groomed
T011,12-13,2013-03-25,176,Groomed
T012,12-13,2013-03-25,176,Groomed
T013,12-13,2013-03-25,176,Groomed
T015,12-13,2013-03-25,176,Open
T016,12-13,2013-03-25,176,Open
T017,12-13,2013-03-25,176,Open
T018,12-13,2013-03-25,176,Groomed
T019,12-13,2013-03-25,176,Open
T020,12-13,2013-03-25,176,Groomed
T021,12-13,2013-03-25,176,Groomed
T022,12-13,2013-03-25,176,Groomed
T023,12-13,2013-03-25,176,Groomed
T024,12-13,2013-03-25,176,Open
T025,12-13,2013-03-25,176,Groomed
T026,12-13,2013-03-25,176,Open
T027,12-13,2013-03-25,176,Groomed
T028,12-13,2013-03-25,176,Groomed
T029,12-13,2013-03-25,176,Groomed
T030,12-13,2013-03-25,176,Groomed
T031,12-13,2013-03-25,176,Groomed
T032,12-13,2013-03-25,176,Closed
T033,12-13,2013-03-25,176,Groomed
T034,12-13,2013-03-25,176,Groomed
T035,12-13,2013-03-25,176,Groomed
T036,12-13,2013-03-25,176,Groomed
T037,12-13,2013-03-25,176,Open
T038,12-13,2013-03-25,176,Groomed
T039,12-13,2013-03-25,176,Groomed
T040,12-13,2013-03-25,176,Groomed
T042,12-13,2013-03-25,176,Open
T043,12-13,2013-03-25,176,Groomed
T044,12-13,2013-03-25,176,Open
T045,12-13,2013-03-25,176,Open
T046,12-13,2013-03-25,176,Open
T047,12-13,2013-03-25,176,Open
T048,12-13,2013-03-25,176,Open
T049,12-13,2013-03-25,176,Groomed
T051,12-13,2013-03-25,176,Groomed
T052,12-13,2013-03-25,176,Groomed
T053,12-13,2013-03-25,176,Groomed
T054,12-13,2013-03-25,176,Groomed
T061,12-13,2013-03-25,176,Groomed
T063,12-13,2013-03-25,176,Groomed
T064,12-13,2013-03-25,176,Groomed
T065,12-13,2013-03-25,176,Groomed
T066,12-13,2013-03-25,176,Groomed
T067,12-13,2013-03-25,176,Groomed
T068,12-13,2013-03-25,176,Open
T069,12-13,2013-03-25,176,Open
T070,12-13,2013-03-25,176,Open
T071,12-13,2013-03-25,176,Open
T072,12-13,2013-03-25,176,Open
T073,12-13,2013-03-25,176,Open
T074,12-13,2013-03-25,176,Open
T075,12-13,2013-03-25,176,Open
T076,12-13,2013-03-25,176,Open
T077,12-13,2013-03-25,176,Groomed
T078,12-13,2013-03-25,176,Groomed
T079,12-13,2013-03-25,176,Groomed
T080,12-13,2013-03-25,176,Open
T081,12-13,2013-03-25,176,Open
T083,12-13,2013-03-25,176,Groomed
T084,12-13,2013-03-25,176,Open
T085,12-13,2013-03-25,176,Open
T086,12-13,2013-03-25,176,Open
T087,12-13,2013-03-25,176,Open
T088,12-13,2013-03-25,176,Open
T089,12-13,2013-03-25,176,Open
T090,12-13,2013-03-25,176,Open
T091,12-13,2013-03-25,176,Open
T092,12-13,2013-03-25,176,Open
T127,12-13,2013-03-25,176,Open
T134,12-13,2013-03-25,176,Open
T135,12-13,2013-03-25,176,Open
T136,12-13,2013-03-25,176,Open
T137,12-13,2013-03-25,176,Open
T148,12-13,2013-03-25,176,Open
T151,12-13,2013-03-25,176,Groomed
T152,12-13,2013-03-25,176,Groomed
T155,12-13,2013-03-25,176,Open
T156,12-13,2013-03-25,176,Open
T157,12-13,2013-03-25,176,Open
T002,12-13,2013-03-26,177,Groomed
T003,12-13,2013-03-26,177,Groomed
T004,12-13,2013-03-26,177,Groomed
T005,12-13,2013-03-26,177,Groomed
T006,12-13,2013-03-26,177,Groomed
T007,12-13,2013-03-26,177,Groomed
T008,12-13,2013-03-26,177,Groomed
T009,12-13,2013-03-26,177,Groomed
T010,12-13,2013-03-26,177,Groomed
T011,12-13,2013-03-26,177,Groomed
T012,12-13,2013-03-26,177,Groomed
T013,12-13,2013-03-26,177,Groomed
T015,12-13,2013-03-26,177,Open
T016,12-13,2013-03-26,177,Open
T017,12-13,2013-03-26,177,Open
T018,12-13,2013-03-26,177,Open
T019,12-13,2013-03-26,177,Open
T020,12-13,2013-03-26,177,Groomed
T021,12-13,2013-03-26,177,Groomed
T022,12-13,2013-03-26,177,Groomed
T023,12-13,2013-03-26,177,Groomed
T024,12-13,2013-03-26,177,Open
T025,12-13,2013-03-26,177,Groomed
T026,12-13,2013-03-26,177,Open
T027,12-13,2013-03-26,177,Groomed
T028,12-13,2013-03-26,177,Open
T029,12-13,2013-03-26,177,Open
T030,12-13,2013-03-26,177,Open
T031,12-13,2013-03-26,177,Groomed
T032,12-13,2013-03-26,177,Closed
T033,12-13,2013-03-26,177,Groomed
T034,12-13,2013-03-26,177,Groomed
T035,12-13,2013-03-26,177,Open
T036,12-13,2013-03-26,177,Groomed
T037,12-13,2013-03-26,177,Open
T038,12-13,2013-03-26,177,Open
T039,12-13,2013-03-26,177,Groomed
T040,12-13,2013-03-26,177,Groomed
T042,12-13,2013-03-26,177,Open
T043,12-13,2013-03-26,177,Groomed
T044,12-13,2013-03-26,177,Open
T045,12-13,2013-03-26,177,Open
T046,12-13,2013-03-26,177,Open
T047,12-13,2013-03-26,177,Open
T048,12-13,2013-03-26,177,Open
T049,12-13,2013-03-26,177,Groomed
T051,12-13,2013-03-26,177,Groomed
T052,12-13,2013-03-26,177,Groomed
T053,12-13,2013-03-26,177,Groomed
T054,12-13,2013-03-26,177,Groomed
T061,12-13,2013-03-26,177,Groomed
T063,12-13,2013-03-26,177,Groomed
T064,12-13,2013-03-26,177,Groomed
T065,12-13,2013-03-26,177,Groomed
T066,12-13,2013-03-26,177,Open
T067,12-13,2013-03-26,177,Groomed
T068,12-13,2013-03-26,177,Open
T069,12-13,2013-03-26,177,Open
T070,12-13,2013-03-26,177,Open
T071,12-13,2013-03-26,177,Open
T072,12-13,2013-03-26,177,Open
T073,12-13,2013-03-26,177,Open
T074,12-13,2013-03-26,177,Open
T075,12-13,2013-03-26,177,Open
T076,12-13,2013-03-26,177,Open
T077,12-13,2013-03-26,177,Groomed
T078,12-13,2013-03-26,177,Open
T079,12-13,2013-03-26,177,Groomed
T080,12-13,2013-03-26,177,Open
T081,12-13,2013-03-26,177,Open
T083,12-13,2013-03-26,177,Open
T084,12-13,2013-03-26,177,Open
T085,12-13,2013-03-26,177,Open
T086,12-13,2013-03-26,177,Open
T087,12-13,2013-03-26,177,Open
T088,12-13,2013-03-26,177,Open
T089,12-13,2013-03-26,177,Open
T090,12-13,2013-03-26,177,Open
T091,12-13,2013-03-26,177,Open
T092,12-13,2013-03-26,177,Open
T127,12-13,2013-03-26,177,Open
T134,12-13,2013-03-26,177,Open
T135,12-13,2013-03-26,177,Open
T136,12-13,2013-03-26,177,Open
T137,12-13,2013-03-26,177,Open
T148,12-13,2013-03-26,177,Open
T151,12-13,2013-03-26,177,Groomed
T152,12-13,2013-03-26,177,Groomed
T155,12-13,2013-03-26,177,Open
T156,12-13,2013-03-26,177,Open
T157,12-13,2013-03-26,177,Open
T002,12-13,2013-03-27,178,Groomed
T003,12-13,2013-03-27,178,Open
T004,12-13,2013-03-27,178,Groomed
T005,12-13,2013-03-27,178,Groomed
T006,12-13,2013-03-27,178,Open
T007,12-13,2013-03-27,178,Groomed
T008,12-13,2013-03-27,178,Groomed
T009,12-13,2013-03-27,178,Groomed
T010,12-13,2013-03-27,178,Groomed
T011,12-13,2013-03-27,178,Groomed
T012,12-13,2013-03-27,178,Groomed
T013,12-13,2013-03-27,178,Groomed
T015,12-13,2013-03-27,178,Open
T016,12-13,2013-03-27,178,Open
T017,12-13,2013-03-27,178,Open
T018,12-13,2013-03-27,178,Open
T019,12-13,2013-03-27,178,Open
T020,12-13,2013-03-27,178,Groomed
T021,12-13,2013-03-27,178,Groomed
T022,12-13,2013-03-27,178,Groomed
T023,12-13,2013-03-27,178,Groomed
T024,12-13,2013-03-27,178,Open
T025,12-13,2013-03-27,178,Groomed
T026,12-13,2013-03-27,178,Open
T027,12-13,2013-03-27,178,Open
T028,12-13,2013-03-27,178,Open
T029,12-13,2013-03-27,178,Open
T030,12-13,2013-03-27,178,Groomed
T031,12-13,2013-03-27,178,Groomed
T032,12-13,2013-03-27,178,Closed
T033,12-13,2013-03-27,178,Groomed
T034,12-13,2013-03-27,178,Groomed
T035,12-13,2013-03-27,178,Open
T036,12-13,2013-03-27,178,Groomed
T037,12-13,2013-03-27,178,Open
T038,12-13,2013-03-27,178,Open
T039,12-13,2013-03-27,178,Groomed
T040,12-13,2013-03-27,178,Groomed
T042,12-13,2013-03-27,178,Open
T043,12-13,2013-03-27,178,Groomed
T044,12-13,2013-03-27,178,Open
T045,12-13,2013-03-27,178,Open
T046,12-13,2013-03-27,178,Open
T047,12-13,2013-03-27,178,Open
T048,12-13,2013-03-27,178,Open
T049,12-13,2013-03-27,178,Groomed
T051,12-13,2013-03-27,178,Groomed
T052,12-13,2013-03-27,178,Groomed
T053,12-13,2013-03-27,178,Groomed
T054,12-13,2013-03-27,178,Groomed
T061,12-13,2013-03-27,178,Groomed
T063,12-13,2013-03-27,178,Groomed
T064,12-13,2013-03-27,178,Groomed
T065,12-13,2013-03-27,178,Groomed
T066,12-13,2013-03-27,178,Groomed
T067,12-13,2013-03-27,178,Groomed
T068,12-13,2013-03-27,178,Open
T069,12-13,2013-03-27,178,Open
T070,12-13,2013-03-27,178,Open
T071,12-13,2013-03-27,178,Open
T072,12-13,2013-03-27,178,Open
T073,12-13,2013-03-27,178,Open
T074,12-13,2013-03-27,178,Open
T075,12-13,2013-03-27,178,Open
T076,12-13,2013-03-27,178,Open
T077,12-13,2013-03-27,178,Groomed
T078,12-13,2013-03-27,178,Groomed
T079,12-13,2013-03-27,178,Groomed
T080,12-13,2013-03-27,178,Open
T081,12-13,2013-03-27,178,Open
T083,12-13,2013-03-27,178,Groomed
T084,12-13,2013-03-27,178,Open
T085,12-13,2013-03-27,178,Open
T086,12-13,2013-03-27,178,Open
T087,12-13,2013-03-27,178,Open
T088,12-13,2013-03-27,178,Open
T089,12-13,2013-03-27,178,Open
T090,12-13,2013-03-27,178,Open
T091,12-13,2013-03-27,178,Open
T092,12-13,2013-03-27,178,Open
T127,12-13,2013-03-27,178,Open
T134,12-13,2013-03-27,178,Open
T135,12-13,2013-03-27,178,Open
T136,12-13,2013-03-27,178,Open
T137,12-13,2013-03-27,178,Open
T148,12-13,2013-03-27,178,Open
T151,12-13,2013-03-27,178,Groomed
T152,12-13,2013-03-27,178,Groomed
T155,12-13,2013-03-27,178,Open
T156,12-13,2013-03-27,178,Open
T157,12-13,2013-03-27,178,Open
T002,12-13,2013-03-28,179,Groomed
T003,12-13,2013-03-28,179,Groomed
T004,12-13,2013-03-28,179,Groomed
T005,12-13,2013-03-28,179,Groomed
T006,12-13,2013-03-28,179,Groomed
T007,12-13,2013-03-28,179,Groomed
T008,12-13,2013-03-28,179,Groomed
T009,12-13,2013-03-28,179,Groomed
T010,12-13,2013-03-28,179,Groomed
T011,12-13,2013-03-28,179,Groomed
T012,12-13,2013-03-28,179,Groomed
T013,12-13,2013-03-28,179,Groomed
T015,12-13,2013-03-28,179,Open
T016,12-13,2013-03-28,179,Open
T017,12-13,2013-03-28,179,Open
T018,12-13,2013-03-28,179,Groomed
T019,12-13,2013-03-28,179,Open
T020,12-13,2013-03-28,179,Groomed
T021,12-13,2013-03-28,179,Groomed
T022,12-13,2013-03-28,179,Groomed
T023,12-13,2013-03-28,179,Groomed
T024,12-13,2013-03-28,179,Open
T025,12-13,2013-03-28,179,Groomed
T026,12-13,2013-03-28,179,Groomed
T027,12-13,2013-03-28,179,Groomed
T028,12-13,2013-03-28,179,Groomed
T029,12-13,2013-03-28,179,Open
T030,12-13,2013-03-28,179,Groomed
T031,12-13,2013-03-28,179,Groomed
T032,12-13,2013-03-28,179,Closed
T033,12-13,2013-03-28,179,Groomed
T034,12-13,2013-03-28,179,Groomed
T035,12-13,2013-03-28,179,Open
T036,12-13,2013-03-28,179,Groomed
T037,12-13,2013-03-28,179,Open
T038,12-13,2013-03-28,179,Groomed
T039,12-13,2013-03-28,179,Groomed
T040,12-13,2013-03-28,179,Groomed
T042,12-13,2013-03-28,179,Open
T043,12-13,2013-03-28,179,Groomed
T044,12-13,2013-03-28,179,Open
T045,12-13,2013-03-28,179,Open
T046,12-13,2013-03-28,179,Open
T047,12-13,2013-03-28,179,Open
T048,12-13,2013-03-28,179,Open
T049,12-13,2013-03-28,179,Groomed
T051,12-13,2013-03-28,179,Groomed
T052,12-13,2013-03-28,179,Groomed
T053,12-13,2013-03-28,179,Groomed
T054,12-13,2013-03-28,179,Groomed
T061,12-13,2013-03-28,179,Groomed
T063,12-13,2013-03-28,179,Groomed
T064,12-13,2013-03-28,179,Groomed
T065,12-13,2013-03-28,179,Groomed
T066,12-13,2013-03-28,179,Groomed
T067,12-13,2013-03-28,179,Groomed
T068,12-13,2013-03-28,179,Open
T069,12-13,2013-03-28,179,Open
T070,12-13,2013-03-28,179,Open
T071,12-13,2013-03-28,179,Open
T072,12-13,2013-03-28,179,Open
T073,12-13,2013-03-28,179,Open
T074,12-13,2013-03-28,179,Open
T075,12-13,2013-03-28,179,Open
T076,12-13,2013-03-28,179,Open
T077,12-13,2013-03-28,179,Groomed
T078,12-13,2013-03-28,179,Groomed
T079,12-13,2013-03-28,179,Groomed
T080,12-13,2013-03-28,179,Open
T081,12-13,2013-03-28,179,Open
T083,12-13,2013-03-28,179,Groomed
T084,12-13,2013-03-28,179,Open
T085,12-13,2013-03-28,179,Open
T086,12-13,2013-03-28,179,Open
T087,12-13,2013-03-28,179,Open
T088,12-13,2013-03-28,179,Open
T089,12-13,2013-03-28,179,Open
T090,12-13,2013-03-28,179,Open
T091,12-13,2013-03-28,179,Open
T092,12-13,2013-03-28,179,Open
T127,12-13,2013-03-28,179,Open
T134,12-13,2013-03-28,179,Open
T135,12-13,2013-03-28,179,Open
T136,12-13,2013-03-28,179,Open
T137,12-13,2013-03-28,179,Open
T148,12-13,2013-03-28,179,Open
T151,12-13,2013-03-28,179,Groomed
T152,12-13,2013-03-28,179,Groomed
T155,12-13,2013-03-28,179,Open
T156,12-13,2013-03-28,179,Open
T157,12-13,2013-03-28,179,Open
T002,12-13,2013-03-29,180,Groomed
T003,12-13,2013-03-29,180,Groomed
T004,12-13,2013-03-29,180,Groomed
T005,12-13,2013-03-29,180,Groomed
T006,12-13,2013-03-29,180,Groomed
T007,12-13,2013-03-29,180,Groomed
T008,12-13,2013-03-29,180,Groomed
T009,12-13,2013-03-29,180,Groomed
T010,12-13,2013-03-29,180,Groomed
T011,12-13,2013-03-29,180,Groomed
T012,12-13,2013-03-29,180,Groomed
T013,12-13,2013-03-29,180,Groomed
T015,12-13,2013-03-29,180,Open
T016,12-13,2013-03-29,180,Open
T017,12-13,2013-03-29,180,Open
T018,12-13,2013-03-29,180,Open
T019,12-13,2013-03-29,180,Open
T020,12-13,2013-03-29,180,Groomed
T021,12-13,2013-03-29,180,Groomed
T022,12-13,2013-03-29,180,Groomed
T023,12-13,2013-03-29,180,Groomed
T024,12-13,2013-03-29,180,Open
T025,12-13,2013-03-29,180,Groomed
T026,12-13,2013-03-29,180,Groomed
T027,12-13,2013-03-29,180,Groomed
T028,12-13,2013-03-29,180,Groomed
T029,12-13,2013-03-29,180,Open
T030,12-13,2013-03-29,180,Groomed
T031,12-13,2013-03-29,180,Groomed
T032,12-13,2013-03-29,180,Closed
T033,12-13,2013-03-29,180,Groomed
T034,12-13,2013-03-29,180,Groomed
T035,12-13,2013-03-29,180,Open
T036,12-13,2013-03-29,180,Groomed
T037,12-13,2013-03-29,180,Open
T038,12-13,2013-03-29,180,Open
T039,12-13,2013-03-29,180,Open
T040,12-13,2013-03-29,180,Groomed
T042,12-13,2013-03-29,180,Open
T043,12-13,2013-03-29,180,Groomed
T044,12-13,2013-03-29,180,Open
T045,12-13,2013-03-29,180,Open
T046,12-13,2013-03-29,180,Open
T047,12-13,2013-03-29,180,Open
T048,12-13,2013-03-29,180,Open
T049,12-13,2013-03-29,180,Groomed
T051,12-13,2013-03-29,180,Groomed
T052,12-13,2013-03-29,180,Groomed
T053,12-13,2013-03-29,180,Groomed
T054,12-13,2013-03-29,180,Groomed
T061,12-13,2013-03-29,180,Groomed
T063,12-13,2013-03-29,180,Groomed
T064,12-13,2013-03-29,180,Groomed
T065,12-13,2013-03-29,180,Groomed
T066,12-13,2013-03-29,180,Open
T067,12-13,2013-03-29,180,Groomed
T068,12-13,2013-03-29,180,Open
T069,12-13,2013-03-29,180,Open
T070,12-13,2013-03-29,180,Open
T071,12-13,2013-03-29,180,Open
T072,12-13,2013-03-29,180,Open
T073,12-13,2013-03-29,180,Open
T074,12-13,2013-03-29,180,Open
T075,12-13,2013-03-29,180,Open
T076,12-13,2013-03-29,180,Open
T077,12-13,2013-03-29,180,Groomed
T078,12-13,2013-03-29,180,Groomed
T079,12-13,2013-03-29,180,Groomed
T080,12-13,2013-03-29,180,Open
T081,12-13,2013-03-29,180,Open
T083,12-13,2013-03-29,180,Groomed
T084,12-13,2013-03-29,180,Open
T085,12-13,2013-03-29,180,Open
T086,12-13,2013-03-29,180,Open
T087,12-13,2013-03-29,180,Open
T088,12-13,2013-03-29,180,Open
T089,12-13,2013-03-29,180,Open
T090,12-13,2013-03-29,180,Open
T091,12-13,2013-03-29,180,Open
T092,12-13,2013-03-29,180,Open
T127,12-13,2013-03-29,180,Open
T134,12-13,2013-03-29,180,Open
T135,12-13,2013-03-29,180,Open
T136,12-13,2013-03-29,180,Open
T137,12-13,2013-03-29,180,Open
T148,12-13,2013-03-29,180,Open
T151,12-13,2013-03-29,180,Groomed
T152,12-13,2013-03-29,180,Groomed
T155,12-13,2013-03-29,180,Open
T156,12-13,2013-03-29,180,Open
T157,12-13,2013-03-29,180,Open
T002,12-13,2013-03-30,181,Groomed
T003,12-13,2013-03-30,181,Groomed
T004,12-13,2013-03-30,181,Groomed
T005,12-13,2013-03-30,181,Groomed
T006,12-13,2013-03-30,181,Groomed
T007,12-13,2013-03-30,181,Groomed
T008,12-13,2013-03-30,181,Groomed
T009,12-13,2013-03-30,181,Groomed
T010,12-13,2013-03-30,181,Groomed
T011,12-13,2013-03-30,181,Groomed
T012,12-13,2013-03-30,181,Groomed
T013,12-13,2013-03-30,181,Groomed
T015,12-13,2013-03-30,181,Open
T016,12-13,2013-03-30,181,Open
T017,12-13,2013-03-30,181,Open
T018,12-13,2013-03-30,181,Open
T019,12-13,2013-03-30,181,Open
T020,12-13,2013-03-30,181,Groomed
T021,12-13,2013-03-30,181,Groomed
T022,12-13,2013-03-30,181,Groomed
T023,12-13,2013-03-30,181,Groomed
T024,12-13,2013-03-30,181,Open
T025,12-13,2013-03-30,181,Groomed
T026,12-13,2013-03-30,181,Open
T027,12-13,2013-03-30,181,Groomed
T028,12-13,2013-03-30,181,Groomed
T029,12-13,2013-03-30,181,Open
T030,12-13,2013-03-30,181,Groomed
T031,12-13,2013-03-30,181,Groomed
T032,12-13,2013-03-30,181,Closed
T033,12-13,2013-03-30,181,Groomed
T034,12-13,2013-03-30,181,Groomed
T035,12-13,2013-03-30,181,Open
T036,12-13,2013-03-30,181,Groomed
T037,12-13,2013-03-30,181,Open
T038,12-13,2013-03-30,181,Groomed
T039,12-13,2013-03-30,181,Groomed
T040,12-13,2013-03-30,181,Groomed
T042,12-13,2013-03-30,181,Open
T043,12-13,2013-03-30,181,Groomed
T044,12-13,2013-03-30,181,Open
T045,12-13,2013-03-30,181,Open
T046,12-13,2013-03-30,181,Open
T047,12-13,2013-03-30,181,Open
T048,12-13,2013-03-30,181,Open
T049,12-13,2013-03-30,181,Groomed
T051,12-13,2013-03-30,181,Groomed
T052,12-13,2013-03-30,181,Groomed
T053,12-13,2013-03-30,181,Groomed
T054,12-13,2013-03-30,181,Groomed
T061,12-13,2013-03-30,181,Groomed
T063,12-13,2013-03-30,181,Groomed
T064,12-13,2013-03-30,181,Groomed
T065,12-13,2013-03-30,181,Groomed
T066,12-13,2013-03-30,181,Open
T067,12-13,2013-03-30,181,Groomed
T068,12-13,2013-03-30,181,Open
T069,12-13,2013-03-30,181,Open
T070,12-13,2013-03-30,181,Open
T071,12-13,2013-03-30,181,Open
T072,12-13,2013-03-30,181,Open
T073,12-13,2013-03-30,181,Open
T074,12-13,2013-03-30,181,Open
T075,12-13,2013-03-30,181,Open
T076,12-13,2013-03-30,181,Open
T077,12-13,2013-03-30,181,Groomed
T078,12-13,2013-03-30,181,Groomed
T079,12-13,2013-03-30,181,Groomed
T080,12-13,2013-03-30,181,Open
T081,12-13,2013-03-30,181,Open
T083,12-13,2013-03-30,181,Groomed
T084,12-13,2013-03-30,181,Open
T085,12-13,2013-03-30,181,Open
T086,12-13,2013-03-30,181,Open
T087,12-13,2013-03-30,181,Open
T088,12-13,2013-03-30,181,Open
T089,12-13,2013-03-30,181,Open
T090,12-13,2013-03-30,181,Open
T091,12-13,2013-03-30,181,Open
T092,12-13,2013-03-30,181,Open
T127,12-13,2013-03-30,181,Open
T134,12-13,2013-03-30,181,Open
T135,12-13,2013-03-30,181,Open
T136,12-13,2013-03-30,181,Open
T137,12-13,2013-03-30,181,Open
T148,12-13,2013-03-30,181,Open
T151,12-13,2013-03-30,181,Groomed
T152,12-13,2013-03-30,181,Groomed
T155,12-13,2013-03-30,181,Open
T156,12-13,2013-03-30,181,Open
T157,12-13,2013-03-30,181,Open
T002,12-13,2013-03-31,182,Groomed
T003,12-13,2013-03-31,182,Groomed
T004,12-13,2013-03-31,182,Groomed
T005,12-13,2013-03-31,182,Groomed
T006,12-13,2013-03-31,182,Open
T007,12-13,2013-03-31,182,Groomed
T008,12-13,2013-03-31,182,Groomed
T009,12-13,2013-03-31,182,Groomed
T010,12-13,2013-03-31,182,Groomed
T011,12-13,2013-03-31,182,Groomed
T012,12-13,2013-03-31,182,Groomed
T013,12-13,2013-03-31,182,Groomed
T015,12-13,2013-03-31,182,Open
T016,12-13,2013-03-31,182,Open
T017,12-13,2013-03-31,182,Open
T018,12-13,2013-03-31,182,Groomed
T019,12-13,2013-03-31,182,Open
T020,12-13,2013-03-31,182,Open
T021,12-13,2013-03-31,182,Groomed
T022,12-13,2013-03-31,182,Groomed
T023,12-13,2013-03-31,182,Groomed
T024,12-13,2013-03-31,182,Open
T025,12-13,2013-03-31,182,Groomed
T026,12-13,2013-03-31,182,Open
T027,12-13,2013-03-31,182,Groomed
T028,12-13,2013-03-31,182,Groomed
T029,12-13,2013-03-31,182,Groomed
T030,12-13,2013-03-31,182,Groomed
T031,12-13,2013-03-31,182,Groomed
T032,12-13,2013-03-31,182,Closed
T033,12-13,2013-03-31,182,Groomed
T034,12-13,2013-03-31,182,Groomed
T035,12-13,2013-03-31,182,Open
T036,12-13,2013-03-31,182,Groomed
T037,12-13,2013-03-31,182,Open
T038,12-13,2013-03-31,182,Open
T039,12-13,2013-03-31,182,Groomed
T040,12-13,2013-03-31,182,Groomed
T042,12-13,2013-03-31,182,Open
T043,12-13,2013-03-31,182,Groomed
T044,12-13,2013-03-31,182,Open
T045,12-13,2013-03-31,182,Open
T046,12-13,2013-03-31,182,Open
T047,12-13,2013-03-31,182,Closed
T048,12-13,2013-03-31,182,Open
T049,12-13,2013-03-31,182,Groomed
T051,12-13,2013-03-31,182,Groomed
T052,12-13,2013-03-31,182,Groomed
T053,12-13,2013-03-31,182,Groomed
T054,12-13,2013-03-31,182,Groomed
T061,12-13,2013-03-31,182,Groomed
T063,12-13,2013-03-31,182,Groomed
T064,12-13,2013-03-31,182,Groomed
T065,12-13,2013-03-31,182,Groomed
T066,12-13,2013-03-31,182,Groomed
T067,12-13,2013-03-31,182,Groomed
T068,12-13,2013-03-31,182,Open
T069,12-13,2013-03-31,182,Open
T070,12-13,2013-03-31,182,Open
T071,12-13,2013-03-31,182,Open
T072,12-13,2013-03-31,182,Open
T073,12-13,2013-03-31,182,Open
T074,12-13,2013-03-31,182,Open
T075,12-13,2013-03-31,182,Open
T076,12-13,2013-03-31,182,Open
T077,12-13,2013-03-31,182,Groomed
T078,12-13,2013-03-31,182,Groomed
T079,12-13,2013-03-31,182,Groomed
T080,12-13,2013-03-31,182,Open
T081,12-13,2013-03-31,182,Open
T083,12-13,2013-03-31,182,Groomed
T084,12-13,2013-03-31,182,Open
T085,12-13,2013-03-31,182,Open
T086,12-13,2013-03-31,182,Open
T087,12-13,2013-03-31,182,Open
T088,12-13,2013-03-31,182,Open
T089,12-13,2013-03-31,182,Open
T090,12-13,2013-03-31,182,Open
T091,12-13,2013-03-31,182,Open
T092,12-13,2013-03-31,182,Open
T127,12-13,2013-03-31,182,Open
T134,12-13,2013-03-31,182,Open
T135,12-13,2013-03-31,182,Open
T136,12-13,2013-03-31,182,Open
T137,12-13,2013-03-31,182,Open
T148,12-13,2013-03-31,182,Closed
T151,12-13,2013-03-31,182,Groomed
T152,12-13,2013-03-31,182,Groomed
T155,12-13,2013-03-31,182,Open
T156,12-13,2013-03-31,182,Closed
T157,12-13,2013-03-31,182,Open
T002,12-13,2013-04-01,183,Groomed
T003,12-13,2013-04-01,183,Groomed
T004,12-13,2013-04-01,183,Groomed
T005,12-13,2013-04-01,183,Groomed
T006,12-13,2013-04-01,183,Open
T007,12-13,2013-04-01,183,Groomed
T008,12-13,2013-04-01,183,Groomed
T009,12-13,2013-04-01,183,Groomed
T010,12-13,2013-04-01,183,Groomed
T011,12-13,2013-04-01,183,Groomed
T012,12-13,2013-04-01,183,Groomed
T013,12-13,2013-04-01,183,Groomed
T015,12-13,2013-04-01,183,Open
T016,12-13,2013-04-01,183,Open
T017,12-13,2013-04-01,183,Open
T018,12-13,2013-04-01,183,Groomed
T019,12-13,2013-04-01,183,Open
T020,12-13,2013-04-01,183,Open
T021,12-13,2013-04-01,183,Groomed
T022,12-13,2013-04-01,183,Groomed
T023,12-13,2013-04-01,183,Groomed
T024,12-13,2013-04-01,183,Open
T025,12-13,2013-04-01,183,Groomed
T026,12-13,2013-04-01,183,Open
T027,12-13,2013-04-01,183,Groomed
T028,12-13,2013-04-01,183,Groomed
T029,12-13,2013-04-01,183,Groomed
T030,12-13,2013-04-01,183,Groomed
T031,12-13,2013-04-01,183,Groomed
T032,12-13,2013-04-01,183,Closed
T033,12-13,2013-04-01,183,Groomed
T034,12-13,2013-04-01,183,Groomed
T035,12-13,2013-04-01,183,Open
T036,12-13,2013-04-01,183,Groomed
T037,12-13,2013-04-01,183,Open
T038,12-13,2013-04-01,183,Open
T039,12-13,2013-04-01,183,Groomed
T040,12-13,2013-04-01,183,Groomed
T042,12-13,2013-04-01,183,Open
T043,12-13,2013-04-01,183,Groomed
T044,12-13,2013-04-01,183,Open
T045,12-13,2013-04-01,183,Open
T046,12-13,2013-04-01,183,Open
T047,12-13,2013-04-01,183,Closed
T048,12-13,2013-04-01,183,Open
T049,12-13,2013-04-01,183,Groomed
T051,12-13,2013-04-01,183,Groomed
T052,12-13,2013-04-01,183,Groomed
T053,12-13,2013-04-01,183,Groomed
T054,12-13,2013-04-01,183,Groomed
T061,12-13,2013-04-01,183,Groomed
T063,12-13,2013-04-01,183,Groomed
T064,12-13,2013-04-01,183,Groomed
T065,12-13,2013-04-01,183,Groomed
T066,12-13,2013-04-01,183,Open
T067,12-13,2013-04-01,183,Groomed
T068,12-13,2013-04-01,183,Open
T069,12-13,2013-04-01,183,Open
T070,12-13,2013-04-01,183,Open
T071,12-13,2013-04-01,183,Open
T072,12-13,2013-04-01,183,Open
T073,12-13,2013-04-01,183,Open
T074,12-13,2013-04-01,183,Open
T075,12-13,2013-04-01,183,Open
T076,12-13,2013-04-01,183,Open
T077,12-13,2013-04-01,183,Groomed
T078,12-13,2013-04-01,183,Groomed
T079,12-13,2013-04-01,183,Groomed
T080,12-13,2013-04-01,183,Open
T081,12-13,2013-04-01,183,Open
T083,12-13,2013-04-01,183,Groomed
T084,12-13,2013-04-01,183,Open
T085,12-13,2013-04-01,183,Open
T086,12-13,2013-04-01,183,Open
T087,12-13,2013-04-01,183,Open
T088,12-13,2013-04-01,183,Open
T089,12-13,2013-04-01,183,Open
T090,12-13,2013-04-01,183,Open
T091,12-13,2013-04-01,183,Open
T092,12-13,2013-04-01,183,Open
T127,12-13,2013-04-01,183,Open
T134,12-13,2013-04-01,183,Open
T135,12-13,2013-04-01,183,Open
T136,12-13,2013-04-01,183,Open
T137,12-13,2013-04-01,183,Open
T148,12-13,2013-04-01,183,Closed
T151,12-13,2013-04-01,183,Groomed
T152,12-13,2013-04-01,183,Groomed
T155,12-13,2013-04-01,183,Open
T156,12-13,2013-04-01,183,Closed
T157,12-13,2013-04-01,183,Open
T002,12-13,2013-04-02,184,Groomed
T003,12-13,2013-04-02,184,Groomed
T004,12-13,2013-04-02,184,Groomed
T005,12-13,2013-04-02,184,Groomed
T006,12-13,2013-04-02,184,Groomed
T007,12-13,2013-04-02,184,Groomed
T008,12-13,2013-04-02,184,Groomed
T009,12-13,2013-04-02,184,Groomed
T010,12-13,2013-04-02,184,Groomed
T011,12-13,2013-04-02,184,Groomed
T012,12-13,2013-04-02,184,Groomed
T013,12-13,2013-04-02,184,Groomed
T015,12-13,2013-04-02,184,Open
T016,12-13,2013-04-02,184,Open
T017,12-13,2013-04-02,184,Open
T018,12-13,2013-04-02,184,Open
T019,12-13,2013-04-02,184,Open
T020,12-13,2013-04-02,184,Open
T021,12-13,2013-04-02,184,Groomed
T022,12-13,2013-04-02,184,Groomed
T023,12-13,2013-04-02,184,Groomed
T024,12-13,2013-04-02,184,Open
T025,12-13,2013-04-02,184,Groomed
T026,12-13,2013-04-02,184,Open
T027,12-13,2013-04-02,184,Groomed
T028,12-13,2013-04-02,184,Groomed
T029,12-13,2013-04-02,184,Groomed
T030,12-13,2013-04-02,184,Groomed
T031,12-13,2013-04-02,184,Groomed
T032,12-13,2013-04-02,184,Closed
T033,12-13,2013-04-02,184,Groomed
T034,12-13,2013-04-02,184,Groomed
T035,12-13,2013-04-02,184,Open
T036,12-13,2013-04-02,184,Groomed
T037,12-13,2013-04-02,184,Open
T038,12-13,2013-04-02,184,Open
T039,12-13,2013-04-02,184,Groomed
T040,12-13,2013-04-02,184,Groomed
T042,12-13,2013-04-02,184,Open
T043,12-13,2013-04-02,184,Groomed
T044,12-13,2013-04-02,184,Open
T045,12-13,2013-04-02,184,Open
T046,12-13,2013-04-02,184,Open
T047,12-13,2013-04-02,184,Closed
T048,12-13,2013-04-02,184,Open
T049,12-13,2013-04-02,184,Groomed
T051,12-13,2013-04-02,184,Groomed
T052,12-13,2013-04-02,184,Groomed
T053,12-13,2013-04-02,184,Groomed
T054,12-13,2013-04-02,184,Groomed
T061,12-13,2013-04-02,184,Groomed
T063,12-13,2013-04-02,184,Groomed
T064,12-13,2013-04-02,184,Groomed
T065,12-13,2013-04-02,184,Groomed
T066,12-13,2013-04-02,184,Open
T067,12-13,2013-04-02,184,Groomed
T068,12-13,2013-04-02,184,Open
T069,12-13,2013-04-02,184,Open
T070,12-13,2013-04-02,184,Open
T071,12-13,2013-04-02,184,Open
T072,12-13,2013-04-02,184,Open
T073,12-13,2013-04-02,184,Open
T074,12-13,2013-04-02,184,Open
T075,12-13,2013-04-02,184,Open
T076,12-13,2013-04-02,184,Open
T077,12-13,2013-04-02,184,Groomed
T078,12-13,2013-04-02,184,Open
T079,12-13,2013-04-02,184,Groomed
T080,12-13,2013-04-02,184,Open
T081,12-13,2013-04-02,184,Open
T083,12-13,2013-04-02,184,Open
T084,12-13,2013-04-02,184,Open
T085,12-13,2013-04-02,184,Open
T086,12-13,2013-04-02,184,Open
T087,12-13,2013-04-02,184,Open
T088,12-13,2013-04-02,184,Open
T089,12-13,2013-04-02,184,Open
T090,12-13,2013-04-02,184,Open
T091,12-13,2013-04-02,184,Open
T092,12-13,2013-04-02,184,Open
T127,12-13,2013-04-02,184,Open
T134,12-13,2013-04-02,184,Open
T135,12-13,2013-04-02,184,Open
T136,12-13,2013-04-02,184,Open
T137,12-13,2013-04-02,184,Open
T148,12-13,2013-04-02,184,Closed
T151,12-13,2013-04-02,184,Groomed
T152,12-13,2013-04-02,184,Groomed
T155,12-13,2013-04-02,184,Open
T156,12-13,2013-04-02,184,Closed
T157,12-13,2013-04-02,184,Open
T002,12-13,2013-04-03,185,Groomed
T003,12-13,2013-04-03,185,Groomed
T004,12-13,2013-04-03,185,Groomed
T005,12-13,2013-04-03,185,Groomed
T006,12-13,2013-04-03,185,Groomed
T007,12-13,2013-04-03,185,Groomed
T008,12-13,2013-04-03,185,Groomed
T009,12-13,2013-04-03,185,Groomed
T010,12-13,2013-04-03,185,Groomed
T011,12-13,2013-04-03,185,Groomed
T012,12-13,2013-04-03,185,Groomed
T013,12-13,2013-04-03,185,Groomed
T015,12-13,2013-04-03,185,Open
T016,12-13,2013-04-03,185,Open
T017,12-13,2013-04-03,185,Open
T018,12-13,2013-04-03,185,Open
T019,12-13,2013-04-03,185,Open
T020,12-13,2013-04-03,185,Open
T021,12-13,2013-04-03,185,Groomed
T022,12-13,2013-04-03,185,Groomed
T023,12-13,2013-04-03,185,Groomed
T024,12-13,2013-04-03,185,Open
T025,12-13,2013-04-03,185,Groomed
T026,12-13,2013-04-03,185,Open
T027,12-13,2013-04-03,185,Groomed
T028,12-13,2013-04-03,185,Groomed
T029,12-13,2013-04-03,185,Open
T030,12-13,2013-04-03,185,Groomed
T031,12-13,2013-04-03,185,Groomed
T032,12-13,2013-04-03,185,Closed
T033,12-13,2013-04-03,185,Groomed
T034,12-13,2013-04-03,185,Groomed
T035,12-13,2013-04-03,185,Open
T036,12-13,2013-04-03,185,Groomed
T037,12-13,2013-04-03,185,Open
T038,12-13,2013-04-03,185,Open
T039,12-13,2013-04-03,185,Groomed
T040,12-13,2013-04-03,185,Groomed
T042,12-13,2013-04-03,185,Open
T043,12-13,2013-04-03,185,Groomed
T044,12-13,2013-04-03,185,Open
T045,12-13,2013-04-03,185,Open
T046,12-13,2013-04-03,185,Open
T047,12-13,2013-04-03,185,Closed
T048,12-13,2013-04-03,185,Open
T049,12-13,2013-04-03,185,Groomed
T051,12-13,2013-04-03,185,Groomed
T052,12-13,2013-04-03,185,Groomed
T053,12-13,2013-04-03,185,Groomed
T054,12-13,2013-04-03,185,Groomed
T061,12-13,2013-04-03,185,Groomed
T063,12-13,2013-04-03,185,Groomed
T064,12-13,2013-04-03,185,Groomed
T065,12-13,2013-04-03,185,Groomed
T066,12-13,2013-04-03,185,Groomed
T067,12-13,2013-04-03,185,Groomed
T068,12-13,2013-04-03,185,Open
T069,12-13,2013-04-03,185,Open
T070,12-13,2013-04-03,185,Open
T071,12-13,2013-04-03,185,Open
T072,12-13,2013-04-03,185,Open
T073,12-13,2013-04-03,185,Open
T074,12-13,2013-04-03,185,Open
T075,12-13,2013-04-03,185,Open
T076,12-13,2013-04-03,185,Open
T077,12-13,2013-04-03,185,Groomed
T078,12-13,2013-04-03,185,Groomed
T079,12-13,2013-04-03,185,Groomed
T080,12-13,2013-04-03,185,Open
T081,12-13,2013-04-03,185,Open
T083,12-13,2013-04-03,185,Groomed
T084,12-13,2013-04-03,185,Open
T085,12-13,2013-04-03,185,Open
T086,12-13,2013-04-03,185,Open
T087,12-13,2013-04-03,185,Open
T088,12-13,2013-04-03,185,Open
T089,12-13,2013-04-03,185,Open
T090,12-13,2013-04-03,185,Open
T091,12-13,2013-04-03,185,Open
T092,12-13,2013-04-03,185,Open
T127,12-13,2013-04-03,185,Open
T134,12-13,2013-04-03,185,Open
T135,12-13,2013-04-03,185,Open
T136,12-13,2013-04-03,185,Open
T137,12-13,2013-04-03,185,Open
T148,12-13,2013-04-03,185,Closed
T151,12-13,2013-04-03,185,Groomed
T152,12-13,2013-04-03,185,Groomed
T155,12-13,2013-04-03,185,Open
T156,12-13,2013-04-03,185,Closed
T157,12-13,2013-04-03,185,Open
T002,12-13,2013-04-04,186,Closed
T003,12-13,2013-04-04,186,Groomed
T004,12-13,2013-04-04,186,Groomed
T005,12-13,2013-04-04,186,Groomed
T006,12-13,2013-04-04,186,Groomed
T007,12-13,2013-04-04,186,Groomed
T008,12-13,2013-04-04,186,Groomed
T009,12-13,2013-04-04,186,Groomed
T010,12-13,2013-04-04,186,Groomed
T011,12-13,2013-04-04,186,Groomed
T012,12-13,2013-04-04,186,Groomed
T013,12-13,2013-04-04,186,Groomed
T015,12-13,2013-04-04,186,Open
T016,12-13,2013-04-04,186,Open
T017,12-13,2013-04-04,186,Open
T018,12-13,2013-04-04,186,Open
T019,12-13,2013-04-04,186,Open
T020,12-13,2013-04-04,186,Groomed
T021,12-13,2013-04-04,186,Groomed
T022,12-13,2013-04-04,186,Groomed
T023,12-13,2013-04-04,186,Groomed
T024,12-13,2013-04-04,186,Open
T025,12-13,2013-04-04,186,Groomed
T026,12-13,2013-04-04,186,Open
T027,12-13,2013-04-04,186,Groomed
T028,12-13,2013-04-04,186,Groomed
T029,12-13,2013-04-04,186,Open
T030,12-13,2013-04-04,186,Groomed
T031,12-13,2013-04-04,186,Groomed
T032,12-13,2013-04-04,186,Closed
T033,12-13,2013-04-04,186,Groomed
T034,12-13,2013-04-04,186,Groomed
T035,12-13,2013-04-04,186,Open
T036,12-13,2013-04-04,186,Groomed
T037,12-13,2013-04-04,186,Open
T038,12-13,2013-04-04,186,Groomed
T039,12-13,2013-04-04,186,Groomed
T040,12-13,2013-04-04,186,Groomed
T042,12-13,2013-04-04,186,Open
T043,12-13,2013-04-04,186,Closed
T044,12-13,2013-04-04,186,Open
T045,12-13,2013-04-04,186,Open
T046,12-13,2013-04-04,186,Closed
T047,12-13,2013-04-04,186,Closed
T048,12-13,2013-04-04,186,Open
T049,12-13,2013-04-04,186,Closed
T051,12-13,2013-04-04,186,Groomed
T052,12-13,2013-04-04,186,Groomed
T053,12-13,2013-04-04,186,Groomed
T054,12-13,2013-04-04,186,Groomed
T061,12-13,2013-04-04,186,Groomed
T063,12-13,2013-04-04,186,Groomed
T064,12-13,2013-04-04,186,Groomed
T065,12-13,2013-04-04,186,Groomed
T066,12-13,2013-04-04,186,Open
T067,12-13,2013-04-04,186,Groomed
T068,12-13,2013-04-04,186,Open
T069,12-13,2013-04-04,186,Open
T070,12-13,2013-04-04,186,Open
T071,12-13,2013-04-04,186,Open
T072,12-13,2013-04-04,186,Open
T073,12-13,2013-04-04,186,Open
T074,12-13,2013-04-04,186,Open
T075,12-13,2013-04-04,186,Open
T076,12-13,2013-04-04,186,Open
T077,12-13,2013-04-04,186,Groomed
T078,12-13,2013-04-04,186,Open
T079,12-13,2013-04-04,186,Groomed
T080,12-13,2013-04-04,186,Open
T081,12-13,2013-04-04,186,Open
T083,12-13,2013-04-04,186,Open
T084,12-13,2013-04-04,186,Open
T085,12-13,2013-04-04,186,Open
T086,12-13,2013-04-04,186,Open
T087,12-13,2013-04-04,186,Open
T088,12-13,2013-04-04,186,Open
T089,12-13,2013-04-04,186,Open
T090,12-13,2013-04-04,186,Open
T091,12-13,2013-04-04,186,Open
T092,12-13,2013-04-04,186,Open
T127,12-13,2013-04-04,186,Open
T134,12-13,2013-04-04,186,Open
T135,12-13,2013-04-04,186,Open
T136,12-13,2013-04-04,186,Open
T137,12-13,2013-04-04,186,Open
T148,12-13,2013-04-04,186,Closed
T151,12-13,2013-04-04,186,Groomed
T152,12-13,2013-04-04,186,Groomed
T155,12-13,2013-04-04,186,Open
T156,12-13,2013-04-04,186,Closed
T157,12-13,2013-04-04,186,Open
T002,12-13,2013-04-05,187,Closed
T003,12-13,2013-04-05,187,Open
T004,12-13,2013-04-05,187,Groomed
T005,12-13,2013-04-05,187,Groomed
T006,12-13,2013-04-05,187,Open
T007,12-13,2013-04-05,187,Groomed
T008,12-13,2013-04-05,187,Groomed
T009,12-13,2013-04-05,187,Groomed
T010,12-13,2013-04-05,187,Groomed
T011,12-13,2013-04-05,187,Groomed
T012,12-13,2013-04-05,187,Groomed
T013,12-13,2013-04-05,187,Groomed
T015,12-13,2013-04-05,187,Open
T016,12-13,2013-04-05,187,Open
T017,12-13,2013-04-05,187,Open
T018,12-13,2013-04-05,187,Open
T019,12-13,2013-04-05,187,Closed
T020,12-13,2013-04-05,187,Groomed
T021,12-13,2013-04-05,187,Groomed
T022,12-13,2013-04-05,187,Groomed
T023,12-13,2013-04-05,187,Groomed
T024,12-13,2013-04-05,187,Open
T025,12-13,2013-04-05,187,Groomed
T026,12-13,2013-04-05,187,Open
T027,12-13,2013-04-05,187,Groomed
T028,12-13,2013-04-05,187,Open
T029,12-13,2013-04-05,187,Open
T030,12-13,2013-04-05,187,Open
T031,12-13,2013-04-05,187,Groomed
T032,12-13,2013-04-05,187,Closed
T033,12-13,2013-04-05,187,Groomed
T034,12-13,2013-04-05,187,Groomed
T035,12-13,2013-04-05,187,Open
T036,12-13,2013-04-05,187,Groomed
T037,12-13,2013-04-05,187,Open
T038,12-13,2013-04-05,187,Open
T039,12-13,2013-04-05,187,Open
T040,12-13,2013-04-05,187,Groomed
T042,12-13,2013-04-05,187,Closed
T043,12-13,2013-04-05,187,Closed
T044,12-13,2013-04-05,187,Open
T045,12-13,2013-04-05,187,Open
T046,12-13,2013-04-05,187,Closed
T047,12-13,2013-04-05,187,Closed
T048,12-13,2013-04-05,187,Open
T049,12-13,2013-04-05,187,Closed
T051,12-13,2013-04-05,187,Groomed
T052,12-13,2013-04-05,187,Groomed
T053,12-13,2013-04-05,187,Groomed
T054,12-13,2013-04-05,187,Groomed
T061,12-13,2013-04-05,187,Groomed
T063,12-13,2013-04-05,187,Groomed
T064,12-13,2013-04-05,187,Groomed
T065,12-13,2013-04-05,187,Groomed
T066,12-13,2013-04-05,187,Groomed
T067,12-13,2013-04-05,187,Groomed
T068,12-13,2013-04-05,187,Open
T069,12-13,2013-04-05,187,Open
T070,12-13,2013-04-05,187,Open
T071,12-13,2013-04-05,187,Open
T072,12-13,2013-04-05,187,Open
T073,12-13,2013-04-05,187,Open
T074,12-13,2013-04-05,187,Open
T075,12-13,2013-04-05,187,Open
T076,12-13,2013-04-05,187,Open
T077,12-13,2013-04-05,187,Groomed
T078,12-13,2013-04-05,187,Groomed
T079,12-13,2013-04-05,187,Groomed
T080,12-13,2013-04-05,187,Open
T081,12-13,2013-04-05,187,Open
T083,12-13,2013-04-05,187,Groomed
T084,12-13,2013-04-05,187,Open
T085,12-13,2013-04-05,187,Open
T086,12-13,2013-04-05,187,Open
T087,12-13,2013-04-05,187,Open
T088,12-13,2013-04-05,187,Open
T089,12-13,2013-04-05,187,Open
T090,12-13,2013-04-05,187,Open
T091,12-13,2013-04-05,187,Open
T092,12-13,2013-04-05,187,Open
T127,12-13,2013-04-05,187,Closed
T134,12-13,2013-04-05,187,Closed
T135,12-13,2013-04-05,187,Closed
T136,12-13,2013-04-05,187,Open
T137,12-13,2013-04-05,187,Open
T148,12-13,2013-04-05,187,Closed
T151,12-13,2013-04-05,187,Groomed
T152,12-13,2013-04-05,187,Groomed
T155,12-13,2013-04-05,187,Open
T156,12-13,2013-04-05,187,Closed
T157,12-13,2013-04-05,187,Open
T002,12-13,2013-04-06,188,Closed
T003,12-13,2013-04-06,188,Groomed
T004,12-13,2013-04-06,188,Groomed
T005,12-13,2013-04-06,188,Groomed
T006,12-13,2013-04-06,188,Open
T007,12-13,2013-04-06,188,Groomed
T008,12-13,2013-04-06,188,Groomed
T009,12-13,2013-04-06,188,Groomed
T010,12-13,2013-04-06,188,Groomed
T011,12-13,2013-04-06,188,Groomed
T012,12-13,2013-04-06,188,Groomed
T013,12-13,2013-04-06,188,Groomed
T015,12-13,2013-04-06,188,Open
T016,12-13,2013-04-06,188,Open
T017,12-13,2013-04-06,188,Open
T018,12-13,2013-04-06,188,Open
T019,12-13,2013-04-06,188,Closed
T020,12-13,2013-04-06,188,Groomed
T021,12-13,2013-04-06,188,Groomed
T022,12-13,2013-04-06,188,Groomed
T023,12-13,2013-04-06,188,Groomed
T024,12-13,2013-04-06,188,Open
T025,12-13,2013-04-06,188,Groomed
T026,12-13,2013-04-06,188,Open
T027,12-13,2013-04-06,188,Groomed
T028,12-13,2013-04-06,188,Groomed
T029,12-13,2013-04-06,188,Open
T030,12-13,2013-04-06,188,Groomed
T031,12-13,2013-04-06,188,Groomed
T032,12-13,2013-04-06,188,Closed
T033,12-13,2013-04-06,188,Groomed
T034,12-13,2013-04-06,188,Groomed
T035,12-13,2013-04-06,188,Open
T036,12-13,2013-04-06,188,Groomed
T037,12-13,2013-04-06,188,Open
T038,12-13,2013-04-06,188,Open
T039,12-13,2013-04-06,188,Open
T040,12-13,2013-04-06,188,Open
T042,12-13,2013-04-06,188,Closed
T043,12-13,2013-04-06,188,Closed
T044,12-13,2013-04-06,188,Open
T045,12-13,2013-04-06,188,Open
T046,12-13,2013-04-06,188,Closed
T047,12-13,2013-04-06,188,Closed
T048,12-13,2013-04-06,188,Closed
T049,12-13,2013-04-06,188,Closed
T051,12-13,2013-04-06,188,Groomed
T052,12-13,2013-04-06,188,Groomed
T053,12-13,2013-04-06,188,Groomed
T054,12-13,2013-04-06,188,Groomed
T061,12-13,2013-04-06,188,Groomed
T063,12-13,2013-04-06,188,Groomed
T064,12-13,2013-04-06,188,Groomed
T065,12-13,2013-04-06,188,Groomed
T066,12-13,2013-04-06,188,Open
T067,12-13,2013-04-06,188,Groomed
T068,12-13,2013-04-06,188,Open
T069,12-13,2013-04-06,188,Open
T070,12-13,2013-04-06,188,Open
T071,12-13,2013-04-06,188,Open
T072,12-13,2013-04-06,188,Open
T073,12-13,2013-04-06,188,Open
T074,12-13,2013-04-06,188,Open
T075,12-13,2013-04-06,188,Open
T076,12-13,2013-04-06,188,Open
T077,12-13,2013-04-06,188,Groomed
T078,12-13,2013-04-06,188,Open
T079,12-13,2013-04-06,188,Groomed
T080,12-13,2013-04-06,188,Open
T081,12-13,2013-04-06,188,Open
T083,12-13,2013-04-06,188,Open
T084,12-13,2013-04-06,188,Open
T085,12-13,2013-04-06,188,Open
T086,12-13,2013-04-06,188,Open
T087,12-13,2013-04-06,188,Open
T088,12-13,2013-04-06,188,Open
T089,12-13,2013-04-06,188,Open
T090,12-13,2013-04-06,188,Open
T091,12-13,2013-04-06,188,Open
T092,12-13,2013-04-06,188,Open
T127,12-13,2013-04-06,188,Closed
T134,12-13,2013-04-06,188,Closed
T135,12-13,2013-04-06,188,Closed
T136,12-13,2013-04-06,188,Open
T137,12-13,2013-04-06,188,Open
T148,12-13,2013-04-06,188,Closed
T151,12-13,2013-04-06,188,Groomed
T152,12-13,2013-04-06,188,Groomed
T155,12-13,2013-04-06,188,Closed
T156,12-13,2013-04-06,188,Closed
T157,12-13,2013-04-06,188,Open
T002,12-13,2013-04-07,189,Closed
T003,12-13,2013-04-07,189,Closed
T004,12-13,2013-04-07,189,Closed
T005,12-13,2013-04-07,189,Closed
T006,12-13,2013-04-07,189,Closed
T007,12-13,2013-04-07,189,Groomed
T008,12-13,2013-04-07,189,Closed
T009,12-13,2013-04-07,189,Groomed
T010,12-13,2013-04-07,189,Closed
T011,12-13,2013-04-07,189,Groomed
T012,12-13,2013-04-07,189,Closed
T013,12-13,2013-04-07,189,Groomed
T015,12-13,2013-04-07,189,Closed
T016,12-13,2013-04-07,189,Closed
T017,12-13,2013-04-07,189,Closed
T018,12-13,2013-04-07,189,Closed
T019,12-13,2013-04-07,189,Closed
T020,12-13,2013-04-07,189,Closed
T021,12-13,2013-04-07,189,Groomed
T022,12-13,2013-04-07,189,Groomed
T023,12-13,2013-04-07,189,Groomed
T024,12-13,2013-04-07,189,Closed
T025,12-13,2013-04-07,189,Groomed
T026,12-13,2013-04-07,189,Closed
T027,12-13,2013-04-07,189,Closed
T028,12-13,2013-04-07,189,Closed
T029,12-13,2013-04-07,189,Closed
T030,12-13,2013-04-07,189,Closed
T031,12-13,2013-04-07,189,Closed
T032,12-13,2013-04-07,189,Closed
T033,12-13,2013-04-07,189,Groomed
T034,12-13,2013-04-07,189,Groomed
T035,12-13,2013-04-07,189,Closed
T036,12-13,2013-04-07,189,Groomed
T037,12-13,2013-04-07,189,Closed
T038,12-13,2013-04-07,189,Closed
T039,12-13,2013-04-07,189,Closed
T040,12-13,2013-04-07,189,Closed
T042,12-13,2013-04-07,189,Closed
T043,12-13,2013-04-07,189,Closed
T044,12-13,2013-04-07,189,Closed
T045,12-13,2013-04-07,189,Closed
T046,12-13,2013-04-07,189,Closed
T047,12-13,2013-04-07,189,Closed
T048,12-13,2013-04-07,189,Closed
T049,12-13,2013-04-07,189,Closed
T051,12-13,2013-04-07,189,Closed
T052,12-13,2013-04-07,189,Closed
T053,12-13,2013-04-07,189,Closed
T054,12-13,2013-04-07,189,Closed
T061,12-13,2013-04-07,189,Closed
T063,12-13,2013-04-07,189,Closed
T064,12-13,2013-04-07,189,Closed
T065,12-13,2013-04-07,189,Closed
T066,12-13,2013-04-07,189,Closed
T067,12-13,2013-04-07,189,Closed
T068,12-13,2013-04-07,189,Closed
T069,12-13,2013-04-07,189,Closed
T070,12-13,2013-04-07,189,Closed
T071,12-13,2013-04-07,189,Closed
T072,12-13,2013-04-07,189,Closed
T073,12-13,2013-04-07,189,Closed
T074,12-13,2013-04-07,189,Closed
T075,12-13,2013-04-07,189,Closed
T076,12-13,2013-04-07,189,Closed
T077,12-13,2013-04-07,189,Closed
T078,12-13,2013-04-07,189,Closed
T079,12-13,2013-04-07,189,Closed
T080,12-13,2013-04-07,189,Closed
T081,12-13,2013-04-07,189,Closed
T083,12-13,2013-04-07,189,Closed
T084,12-13,2013-04-07,189,Closed
T085,12-13,2013-04-07,189,Closed
T086,12-13,2013-04-07,189,Closed
T087,12-13,2013-04-07,189,Closed
T088,12-13,2013-04-07,189,Closed
T089,12-13,2013-04-07,189,Closed
T090,12-13,2013-04-07,189,Closed
T091,12-13,2013-04-07,189,Closed
T092,12-13,2013-04-07,189,Closed
T127,12-13,2013-04-07,189,Closed
T134,12-13,2013-04-07,189,Closed
T135,12-13,2013-04-07,189,Closed
T136,12-13,2013-04-07,189,Closed
T137,12-13,2013-04-07,189,Closed
T148,12-13,2013-04-07,189,Closed
T151,12-13,2013-04-07,189,Closed
T152,12-13,2013-04-07,189,Groomed
T155,12-13,2013-04-07,189,Closed
T156,12-13,2013-04-07,189,Closed
T157,12-13,2013-04-07,189,Closed
T002,12-13,2013-04-08,190,Closed
T003,12-13,2013-04-08,190,Closed
T004,12-13,2013-04-08,190,Closed
T005,12-13,2013-04-08,190,Closed
T006,12-13,2013-04-08,190,Closed
T007,12-13,2013-04-08,190,Groomed
T008,12-13,2013-04-08,190,Closed
T009,12-13,2013-04-08,190,Groomed
T010,12-13,2013-04-08,190,Closed
T011,12-13,2013-04-08,190,Groomed
T012,12-13,2013-04-08,190,Closed
T013,12-13,2013-04-08,190,Groomed
T015,12-13,2013-04-08,190,Closed
T016,12-13,2013-04-08,190,Closed
T017,12-13,2013-04-08,190,Closed
T018,12-13,2013-04-08,190,Closed
T019,12-13,2013-04-08,190,Closed
T020,12-13,2013-04-08,190,Closed
T021,12-13,2013-04-08,190,Groomed
T022,12-13,2013-04-08,190,Groomed
T023,12-13,2013-04-08,190,Groomed
T024,12-13,2013-04-08,190,Closed
T025,12-13,2013-04-08,190,Groomed
T026,12-13,2013-04-08,190,Closed
T027,12-13,2013-04-08,190,Closed
T028,12-13,2013-04-08,190,Closed
T029,12-13,2013-04-08,190,Closed
T030,12-13,2013-04-08,190,Closed
T031,12-13,2013-04-08,190,Closed
T032,12-13,2013-04-08,190,Closed
T033,12-13,2013-04-08,190,Groomed
T034,12-13,2013-04-08,190,Groomed
T035,12-13,2013-04-08,190,Closed
T036,12-13,2013-04-08,190,Groomed
T037,12-13,2013-04-08,190,Closed
T038,12-13,2013-04-08,190,Closed
T039,12-13,2013-04-08,190,Closed
T040,12-13,2013-04-08,190,Closed
T042,12-13,2013-04-08,190,Closed
T043,12-13,2013-04-08,190,Closed
T044,12-13,2013-04-08,190,Closed
T045,12-13,2013-04-08,190,Closed
T046,12-13,2013-04-08,190,Closed
T047,12-13,2013-04-08,190,Closed
T048,12-13,2013-04-08,190,Closed
T049,12-13,2013-04-08,190,Closed
T051,12-13,2013-04-08,190,Closed
T052,12-13,2013-04-08,190,Closed
T053,12-13,2013-04-08,190,Closed
T054,12-13,2013-04-08,190,Closed
T061,12-13,2013-04-08,190,Closed
T063,12-13,2013-04-08,190,Closed
T064,12-13,2013-04-08,190,Closed
T065,12-13,2013-04-08,190,Closed
T066,12-13,2013-04-08,190,Closed
T067,12-13,2013-04-08,190,Closed
T068,12-13,2013-04-08,190,Closed
T069,12-13,2013-04-08,190,Closed
T070,12-13,2013-04-08,190,Closed
T071,12-13,2013-04-08,190,Closed
T072,12-13,2013-04-08,190,Closed
T073,12-13,2013-04-08,190,Closed
T074,12-13,2013-04-08,190,Closed
T075,12-13,2013-04-08,190,Closed
T076,12-13,2013-04-08,190,Closed
T077,12-13,2013-04-08,190,Closed
T078,12-13,2013-04-08,190,Closed
T079,12-13,2013-04-08,190,Closed
T080,12-13,2013-04-08,190,Closed
T081,12-13,2013-04-08,190,Closed
T083,12-13,2013-04-08,190,Closed
T084,12-13,2013-04-08,190,Closed
T085,12-13,2013-04-08,190,Closed
T086,12-13,2013-04-08,190,Closed
T087,12-13,2013-04-08,190,Closed
T088,12-13,2013-04-08,190,Closed
T089,12-13,2013-04-08,190,Closed
T090,12-13,2013-04-08,190,Closed
T091,12-13,2013-04-08,190,Closed
T092,12-13,2013-04-08,190,Closed
T127,12-13,2013-04-08,190,Closed
T134,12-13,2013-04-08,190,Closed
T135,12-13,2013-04-08,190,Closed
T136,12-13,2013-04-08,190,Closed
T137,12-13,2013-04-08,190,Closed
T148,12-13,2013-04-08,190,Closed
T151,12-13,2013-04-08,190,Closed
T152,12-13,2013-04-08,190,Groomed
T155,12-13,2013-04-08,190,Closed
T156,12-13,2013-04-08,190,Closed
T157,12-13,2013-04-08,190,Closed
T002,12-13,2013-04-09,191,Not Open
T003,12-13,2013-04-09,191,Not Open
T004,12-13,2013-04-09,191,Not Open
T005,12-13,2013-04-09,191,Not Open
T006,12-13,2013-04-09,191,Not Open
T007,12-13,2013-04-09,191,Not Open
T008,12-13,2013-04-09,191,Not Open
T009,12-13,2013-04-09,191,Not Open
T010,12-13,2013-04-09,191,Not Open
T011,12-13,2013-04-09,191,Not Open
T012,12-13,2013-04-09,191,Not Open
T013,12-13,2013-04-09,191,Not Open
T015,12-13,2013-04-09,191,Not Open
T016,12-13,2013-04-09,191,Not Open
T017,12-13,2013-04-09,191,Not Open
T018,12-13,2013-04-09,191,Not Open
T019,12-13,2013-04-09,191,Not Open
T020,12-13,2013-04-09,191,Not Open
T021,12-13,2013-04-09,191,Not Open
T022,12-13,2013-04-09,191,Not Open
T023,12-13,2013-04-09,191,Not Open
T024,12-13,2013-04-09,191,Not Open
T025,12-13,2013-04-09,191,Not Open
T026,12-13,2013-04-09,191,Not Open
T027,12-13,2013-04-09,191,Not Open
T028,12-13,2013-04-09,191,Not Open
T029,12-13,2013-04-09,191,Not Open
T030,12-13,2013-04-09,191,Not Open
T031,12-13,2013-04-09,191,Not Open
T032,12-13,2013-04-09,191,Not Open
T033,12-13,2013-04-09,191,Not Open
T034,12-13,2013-04-09,191,Not Open
T035,12-13,2013-04-09,191,Not Open
T036,12-13,2013-04-09,191,Not Open
T037,12-13,2013-04-09,191,Not Open
T038,12-13,2013-04-09,191,Not Open
T039,12-13,2013-04-09,191,Not Open
T040,12-13,2013-04-09,191,Not Open
T042,12-13,2013-04-09,191,Not Open
T043,12-13,2013-04-09,191,Not Open
T044,12-13,2013-04-09,191,Not Open
T045,12-13,2013-04-09,191,Not Open
T046,12-13,2013-04-09,191,Not Open
T047,12-13,2013-04-09,191,Not Open
T048,12-13,2013-04-09,191,Not Open
T049,12-13,2013-04-09,191,Not Open
T051,12-13,2013-04-09,191,Not Open
T052,12-13,2013-04-09,191,Not Open
T053,12-13,2013-04-09,191,Not Open
T054,12-13,2013-04-09,191,Not Open
T061,12-13,2013-04-09,191,Not Open
T063,12-13,2013-04-09,191,Not Open
T064,12-13,2013-04-09,191,Not Open
T065,12-13,2013-04-09,191,Not Open
T066,12-13,2013-04-09,191,Not Open
T067,12-13,2013-04-09,191,Not Open
T068,12-13,2013-04-09,191,Not Open
T069,12-13,2013-04-09,191,Not Open
T070,12-13,2013-04-09,191,Not Open
T071,12-13,2013-04-09,191,Not Open
T072,12-13,2013-04-09,191,Not Open
T073,12-13,2013-04-09,191,Not Open
T074,12-13,2013-04-09,191,Not Open
T075,12-13,2013-04-09,191,Not Open
T076,12-13,2013-04-09,191,Not Open
T077,12-13,2013-04-09,191,Not Open
T078,12-13,2013-04-09,191,Not Open
T079,12-13,2013-04-09,191,Not Open
T080,12-13,2013-04-09,191,Not Open
T081,12-13,2013-04-09,191,Not Open
T083,12-13,2013-04-09,191,Not Open
T084,12-13,2013-04-09,191,Not Open
T085,12-13,2013-04-09,191,Not Open
T086,12-13,2013-04-09,191,Not Open
T087,12-13,2013-04-09,191,Not Open
T088,12-13,2013-04-09,191,Not Open
T089,12-13,2013-04-09,191,Not Open
T090,12-13,2013-04-09,191,Not Open
T091,12-13,2013-04-09,191,Not Open
T092,12-13,2013-04-09,191,Not Open
T127,12-13,2013-04-09,191,Not Open
T134,12-13,2013-04-09,191,Not Open
T135,12-13,2013-04-09,191,Not Open
T136,12-13,2013-04-09,191,Not Open
T137,12-13,2013-04-09,191,Not Open
T148,12-13,2013-04-09,191,Not Open
T151,12-13,2013-04-09,191,Not Open
T152,12-13,2013-04-09,191,Not Open
T155,12-13,2013-04-09,191,Not Open
T156,12-13,2013-04-09,191,Not Open
T157,12-13,2013-04-09,191,Not Open
T002,12-13,2013-04-10,192,Not Open
T003,12-13,2013-04-10,192,Not Open
T004,12-13,2013-04-10,192,Not Open
T005,12-13,2013-04-10,192,Not Open
T006,12-13,2013-04-10,192,Not Open
T007,12-13,2013-04-10,192,Not Open
T008,12-13,2013-04-10,192,Not Open
T009,12-13,2013-04-10,192,Not Open
T010,12-13,2013-04-10,192,Not Open
T011,12-13,2013-04-10,192,Not Open
T012,12-13,2013-04-10,192,Not Open
T013,12-13,2013-04-10,192,Not Open
T015,12-13,2013-04-10,192,Not Open
T016,12-13,2013-04-10,192,Not Open
T017,12-13,2013-04-10,192,Not Open
T018,12-13,2013-04-10,192,Not Open
T019,12-13,2013-04-10,192,Not Open
T020,12-13,2013-04-10,192,Not Open
T021,12-13,2013-04-10,192,Not Open
T022,12-13,2013-04-10,192,Not Open
T023,12-13,2013-04-10,192,Not Open
T024,12-13,2013-04-10,192,Not Open
T025,12-13,2013-04-10,192,Not Open
T026,12-13,2013-04-10,192,Not Open
T027,12-13,2013-04-10,192,Not Open
T028,12-13,2013-04-10,192,Not Open
T029,12-13,2013-04-10,192,Not Open
T030,12-13,2013-04-10,192,Not Open
T031,12-13,2013-04-10,192,Not Open
T032,12-13,2013-04-10,192,Not Open
T033,12-13,2013-04-10,192,Not Open
T034,12-13,2013-04-10,192,Not Open
T035,12-13,2013-04-10,192,Not Open
T036,12-13,2013-04-10,192,Not Open
T037,12-13,2013-04-10,192,Not Open
T038,12-13,2013-04-10,192,Not Open
T039,12-13,2013-04-10,192,Not Open
T040,12-13,2013-04-10,192,Not Open
T042,12-13,2013-04-10,192,Not Open
T043,12-13,2013-04-10,192,Not Open
T044,12-13,2013-04-10,192,Not Open
T045,12-13,2013-04-10,192,Not Open
T046,12-13,2013-04-10,192,Not Open
T047,12-13,2013-04-10,192,Not Open
T048,12-13,2013-04-10,192,Not Open
T049,12-13,2013-04-10,192,Not Open
T051,12-13,2013-04-10,192,Not Open
T052,12-13,2013-04-10,192,Not Open
T053,12-13,2013-04-10,192,Not Open
T054,12-13,2013-04-10,192,Not Open
T061,12-13,2013-04-10,192,Not Open
T063,12-13,2013-04-10,192,Not Open
T064,12-13,2013-04-10,192,Not Open
T065,12-13,2013-04-10,192,Not Open
T066,12-13,2013-04-10,192,Not Open
T067,12-13,2013-04-10,192,Not Open
T068,12-13,2013-04-10,192,Not Open
T069,12-13,2013-04-10,192,Not Open
T070,12-13,2013-04-10,192,Not Open
T071,12-13,2013-04-10,192,Not Open
T072,12-13,2013-04-10,192,Not Open
T073,12-13,2013-04-10,192,Not Open
T074,12-13,2013-04-10,192,Not Open
T075,12-13,2013-04-10,192,Not Open
T076,12-13,2013-04-10,192,Not Open
T077,12-13,2013-04-10,192,Not Open
T078,12-13,2013-04-10,192,Not Open
T079,12-13,2013-04-10,192,Not Open
T080,12-13,2013-04-10,192,Not Open
T081,12-13,2013-04-10,192,Not Open
T083,12-13,2013-04-10,192,Not Open
T084,12-13,2013-04-10,192,Not Open
T085,12-13,2013-04-10,192,Not Open
T086,12-13,2013-04-10,192,Not Open
T087,12-13,2013-04-10,192,Not Open
T088,12-13,2013-04-10,192,Not Open
T089,12-13,2013-04-10,192,Not Open
T090,12-13,2013-04-10,192,Not Open
T091,12-13,2013-04-10,192,Not Open
T092,12-13,2013-04-10,192,Not Open
T127,12-13,2013-04-10,192,Not Open
T134,12-13,2013-04-10,192,Not Open
T135,12-13,2013-04-10,192,Not Open
T136,12-13,2013-04-10,192,Not Open
T137,12-13,2013-04-10,192,Not Open
T148,12-13,2013-04-10,192,Not Open
T151,12-13,2013-04-10,192,Not Open
T152,12-13,2013-04-10,192,Not Open
T155,12-13,2013-04-10,192,Not Open
T156,12-13,2013-04-10,192,Not Open
T157,12-13,2013-04-10,192,Not Open
T002,12-13,2013-04-11,193,Not Open
T003,12-13,2013-04-11,193,Not Open
T004,12-13,2013-04-11,193,Not Open
T005,12-13,2013-04-11,193,Not Open
T006,12-13,2013-04-11,193,Not Open
T007,12-13,2013-04-11,193,Not Open
T008,12-13,2013-04-11,193,Not Open
T009,12-13,2013-04-11,193,Not Open
T010,12-13,2013-04-11,193,Not Open
T011,12-13,2013-04-11,193,Not Open
T012,12-13,2013-04-11,193,Not Open
T013,12-13,2013-04-11,193,Not Open
T015,12-13,2013-04-11,193,Not Open
T016,12-13,2013-04-11,193,Not Open
T017,12-13,2013-04-11,193,Not Open
T018,12-13,2013-04-11,193,Not Open
T019,12-13,2013-04-11,193,Not Open
T020,12-13,2013-04-11,193,Not Open
T021,12-13,2013-04-11,193,Not Open
T022,12-13,2013-04-11,193,Not Open
T023,12-13,2013-04-11,193,Not Open
T024,12-13,2013-04-11,193,Not Open
T025,12-13,2013-04-11,193,Not Open
T026,12-13,2013-04-11,193,Not Open
T027,12-13,2013-04-11,193,Not Open
T028,12-13,2013-04-11,193,Not Open
T029,12-13,2013-04-11,193,Not Open
T030,12-13,2013-04-11,193,Not Open
T031,12-13,2013-04-11,193,Not Open
T032,12-13,2013-04-11,193,Not Open
T033,12-13,2013-04-11,193,Not Open
T034,12-13,2013-04-11,193,Not Open
T035,12-13,2013-04-11,193,Not Open
T036,12-13,2013-04-11,193,Not Open
T037,12-13,2013-04-11,193,Not Open
T038,12-13,2013-04-11,193,Not Open
T039,12-13,2013-04-11,193,Not Open
T040,12-13,2013-04-11,193,Not Open
T042,12-13,2013-04-11,193,Not Open
T043,12-13,2013-04-11,193,Not Open
T044,12-13,2013-04-11,193,Not Open
T045,12-13,2013-04-11,193,Not Open
T046,12-13,2013-04-11,193,Not Open
T047,12-13,2013-04-11,193,Not Open
T048,12-13,2013-04-11,193,Not Open
T049,12-13,2013-04-11,193,Not Open
T051,12-13,2013-04-11,193,Not Open
T052,12-13,2013-04-11,193,Not Open
T053,12-13,2013-04-11,193,Not Open
T054,12-13,2013-04-11,193,Not Open
T061,12-13,2013-04-11,193,Not Open
T063,12-13,2013-04-11,193,Not Open
T064,12-13,2013-04-11,193,Not Open
T065,12-13,2013-04-11,193,Not Open
T066,12-13,2013-04-11,193,Not Open
T067,12-13,2013-04-11,193,Not Open
T068,12-13,2013-04-11,193,Not Open
T069,12-13,2013-04-11,193,Not Open
T070,12-13,2013-04-11,193,Not Open
T071,12-13,2013-04-11,193,Not Open
T072,12-13,2013-04-11,193,Not Open
T073,12-13,2013-04-11,193,Not Open
T074,12-13,2013-04-11,193,Not Open
T075,12-13,2013-04-11,193,Not Open
T076,12-13,2013-04-11,193,Not Open
T077,12-13,2013-04-11,193,Not Open
T078,12-13,2013-04-11,193,Not Open
T079,12-13,2013-04-11,193,Not Open
T080,12-13,2013-04-11,193,Not Open
T081,12-13,2013-04-11,193,Not Open
T083,12-13,2013-04-11,193,Not Open
T084,12-13,2013-04-11,193,Not Open
T085,12-13,2013-04-11,193,Not Open
T086,12-13,2013-04-11,193,Not Open
T087,12-13,2013-04-11,193,Not Open
T088,12-13,2013-04-11,193,Not Open
T089,12-13,2013-04-11,193,Not Open
T090,12-13,2013-04-11,193,Not Open
T091,12-13,2013-04-11,193,Not Open
T092,12-13,2013-04-11,193,Not Open
T127,12-13,2013-04-11,193,Not Open
T134,12-13,2013-04-11,193,Not Open
T135,12-13,2013-04-11,193,Not Open
T136,12-13,2013-04-11,193,Not Open
T137,12-13,2013-04-11,193,Not Open
T148,12-13,2013-04-11,193,Not Open
T151,12-13,2013-04-11,193,Not Open
T152,12-13,2013-04-11,193,Not Open
T155,12-13,2013-04-11,193,Not Open
T156,12-13,2013-04-11,193,Not Open
T157,12-13,2013-04-11,193,Not Open
T002,12-13,2013-04-12,194,Not Open
T003,12-13,2013-04-12,194,Not Open
T004,12-13,2013-04-12,194,Not Open
T005,12-13,2013-04-12,194,Not Open
T006,12-13,2013-04-12,194,Not Open
T007,12-13,2013-04-12,194,Not Open
T008,12-13,2013-04-12,194,Not Open
T009,12-13,2013-04-12,194,Not Open
T010,12-13,2013-04-12,194,Not Open
T011,12-13,2013-04-12,194,Not Open
T012,12-13,2013-04-12,194,Not Open
T013,12-13,2013-04-12,194,Not Open
T015,12-13,2013-04-12,194,Not Open
T016,12-13,2013-04-12,194,Not Open
T017,12-13,2013-04-12,194,Not Open
T018,12-13,2013-04-12,194,Not Open
T019,12-13,2013-04-12,194,Not Open
T020,12-13,2013-04-12,194,Not Open
T021,12-13,2013-04-12,194,Not Open
T022,12-13,2013-04-12,194,Not Open
T023,12-13,2013-04-12,194,Not Open
T024,12-13,2013-04-12,194,Not Open
T025,12-13,2013-04-12,194,Not Open
T026,12-13,2013-04-12,194,Not Open
T027,12-13,2013-04-12,194,Not Open
T028,12-13,2013-04-12,194,Not Open
T029,12-13,2013-04-12,194,Not Open
T030,12-13,2013-04-12,194,Not Open
T031,12-13,2013-04-12,194,Not Open
T032,12-13,2013-04-12,194,Not Open
T033,12-13,2013-04-12,194,Not Open
T034,12-13,2013-04-12,194,Not Open
T035,12-13,2013-04-12,194,Not Open
T036,12-13,2013-04-12,194,Not Open
T037,12-13,2013-04-12,194,Not Open
T038,12-13,2013-04-12,194,Not Open
T039,12-13,2013-04-12,194,Not Open
T040,12-13,2013-04-12,194,Not Open
T042,12-13,2013-04-12,194,Not Open
T043,12-13,2013-04-12,194,Not Open
T044,12-13,2013-04-12,194,Not Open
T045,12-13,2013-04-12,194,Not Open
T046,12-13,2013-04-12,194,Not Open
T047,12-13,2013-04-12,194,Not Open
T048,12-13,2013-04-12,194,Not Open
T049,12-13,2013-04-12,194,Not Open
T051,12-13,2013-04-12,194,Not Open
T052,12-13,2013-04-12,194,Not Open
T053,12-13,2013-04-12,194,Not Open
T054,12-13,2013-04-12,194,Not Open
T061,12-13,2013-04-12,194,Not Open
T063,12-13,2013-04-12,194,Not Open
T064,12-13,2013-04-12,194,Not Open
T065,12-13,2013-04-12,194,Not Open
T066,12-13,2013-04-12,194,Not Open
T067,12-13,2013-04-12,194,Not Open
T068,12-13,2013-04-12,194,Not Open
T069,12-13,2013-04-12,194,Not Open
T070,12-13,2013-04-12,194,Not Open
T071,12-13,2013-04-12,194,Not Open
T072,12-13,2013-04-12,194,Not Open
T073,12-13,2013-04-12,194,Not Open
T074,12-13,2013-04-12,194,Not Open
T075,12-13,2013-04-12,194,Not Open
T076,12-13,2013-04-12,194,Not Open
T077,12-13,2013-04-12,194,Not Open
T078,12-13,2013-04-12,194,Not Open
T079,12-13,2013-04-12,194,Not Open
T080,12-13,2013-04-12,194,Not Open
T081,12-13,2013-04-12,194,Not Open
T083,12-13,2013-04-12,194,Not Open
T084,12-13,2013-04-12,194,Not Open
T085,12-13,2013-04-12,194,Not Open
T086,12-13,2013-04-12,194,Not Open
T087,12-13,2013-04-12,194,Not Open
T088,12-13,2013-04-12,194,Not Open
T089,12-13,2013-04-12,194,Not Open
T090,12-13,2013-04-12,194,Not Open
T091,12-13,2013-04-12,194,Not Open
T092,12-13,2013-04-12,194,Not Open
T127,12-13,2013-04-12,194,Not Open
T134,12-13,2013-04-12,194,Not Open
T135,12-13,2013-04-12,194,Not Open
T136,12-13,2013-04-12,194,Not Open
T137,12-13,2013-04-12,194,Not Open
T148,12-13,2013-04-12,194,Not Open
T151,12-13,2013-04-12,194,Not Open
T152,12-13,2013-04-12,194,Not Open
T155,12-13,2013-04-12,194,Not Open
T156,12-13,2013-04-12,194,Not Open
T157,12-13,2013-04-12,194,Not Open
T002,12-13,2013-04-13,195,Not Open
T003,12-13,2013-04-13,195,Not Open
T004,12-13,2013-04-13,195,Not Open
T005,12-13,2013-04-13,195,Not Open
T006,12-13,2013-04-13,195,Not Open
T007,12-13,2013-04-13,195,Not Open
T008,12-13,2013-04-13,195,Not Open
T009,12-13,2013-04-13,195,Not Open
T010,12-13,2013-04-13,195,Not Open
T011,12-13,2013-04-13,195,Not Open
T012,12-13,2013-04-13,195,Not Open
T013,12-13,2013-04-13,195,Not Open
T015,12-13,2013-04-13,195,Not Open
T016,12-13,2013-04-13,195,Not Open
T017,12-13,2013-04-13,195,Not Open
T018,12-13,2013-04-13,195,Not Open
T019,12-13,2013-04-13,195,Not Open
T020,12-13,2013-04-13,195,Not Open
T021,12-13,2013-04-13,195,Not Open
T022,12-13,2013-04-13,195,Not Open
T023,12-13,2013-04-13,195,Not Open
T024,12-13,2013-04-13,195,Not Open
T025,12-13,2013-04-13,195,Not Open
T026,12-13,2013-04-13,195,Not Open
T027,12-13,2013-04-13,195,Not Open
T028,12-13,2013-04-13,195,Not Open
T029,12-13,2013-04-13,195,Not Open
T030,12-13,2013-04-13,195,Not Open
T031,12-13,2013-04-13,195,Not Open
T032,12-13,2013-04-13,195,Not Open
T033,12-13,2013-04-13,195,Not Open
T034,12-13,2013-04-13,195,Not Open
T035,12-13,2013-04-13,195,Not Open
T036,12-13,2013-04-13,195,Not Open
T037,12-13,2013-04-13,195,Not Open
T038,12-13,2013-04-13,195,Not Open
T039,12-13,2013-04-13,195,Not Open
T040,12-13,2013-04-13,195,Not Open
T042,12-13,2013-04-13,195,Not Open
T043,12-13,2013-04-13,195,Not Open
T044,12-13,2013-04-13,195,Not Open
T045,12-13,2013-04-13,195,Not Open
T046,12-13,2013-04-13,195,Not Open
T047,12-13,2013-04-13,195,Not Open
T048,12-13,2013-04-13,195,Not Open
T049,12-13,2013-04-13,195,Not Open
T051,12-13,2013-04-13,195,Not Open
T052,12-13,2013-04-13,195,Not Open
T053,12-13,2013-04-13,195,Not Open
T054,12-13,2013-04-13,195,Not Open
T061,12-13,2013-04-13,195,Not Open
T063,12-13,2013-04-13,195,Not Open
T064,12-13,2013-04-13,195,Not Open
T065,12-13,2013-04-13,195,Not Open
T066,12-13,2013-04-13,195,Not Open
T067,12-13,2013-04-13,195,Not Open
T068,12-13,2013-04-13,195,Not Open
T069,12-13,2013-04-13,195,Not Open
T070,12-13,2013-04-13,195,Not Open
T071,12-13,2013-04-13,195,Not Open
T072,12-13,2013-04-13,195,Not Open
T073,12-13,2013-04-13,195,Not Open
T074,12-13,2013-04-13,195,Not Open
T075,12-13,2013-04-13,195,Not Open
T076,12-13,2013-04-13,195,Not Open
T077,12-13,2013-04-13,195,Not Open
T078,12-13,2013-04-13,195,Not Open
T079,12-13,2013-04-13,195,Not Open
T080,12-13,2013-04-13,195,Not Open
T081,12-13,2013-04-13,195,Not Open
T083,12-13,2013-04-13,195,Not Open
T084,12-13,2013-04-13,195,Not Open
T085,12-13,2013-04-13,195,Not Open
T086,12-13,2013-04-13,195,Not Open
T087,12-13,2013-04-13,195,Not Open
T088,12-13,2013-04-13,195,Not Open
T089,12-13,2013-04-13,195,Not Open
T090,12-13,2013-04-13,195,Not Open
T091,12-13,2013-04-13,195,Not Open
T092,12-13,2013-04-13,195,Not Open
T127,12-13,2013-04-13,195,Not Open
T134,12-13,2013-04-13,195,Not Open
T135,12-13,2013-04-13,195,Not Open
T136,12-13,2013-04-13,195,Not Open
T137,12-13,2013-04-13,195,Not Open
T148,12-13,2013-04-13,195,Not Open
T151,12-13,2013-04-13,195,Not Open
T152,12-13,2013-04-13,195,Not Open
T155,12-13,2013-04-13,195,Not Open
T156,12-13,2013-04-13,195,Not Open
T157,12-13,2013-04-13,195,Not Open
T002,12-13,2013-04-14,196,Not Open
T003,12-13,2013-04-14,196,Not Open
T004,12-13,2013-04-14,196,Not Open
T005,12-13,2013-04-14,196,Not Open
T006,12-13,2013-04-14,196,Not Open
T007,12-13,2013-04-14,196,Not Open
T008,12-13,2013-04-14,196,Not Open
T009,12-13,2013-04-14,196,Not Open
T010,12-13,2013-04-14,196,Not Open
T011,12-13,2013-04-14,196,Not Open
T012,12-13,2013-04-14,196,Not Open
T013,12-13,2013-04-14,196,Not Open
T015,12-13,2013-04-14,196,Not Open
T016,12-13,2013-04-14,196,Not Open
T017,12-13,2013-04-14,196,Not Open
T018,12-13,2013-04-14,196,Not Open
T019,12-13,2013-04-14,196,Not Open
T020,12-13,2013-04-14,196,Not Open
T021,12-13,2013-04-14,196,Not Open
T022,12-13,2013-04-14,196,Not Open
T023,12-13,2013-04-14,196,Not Open
T024,12-13,2013-04-14,196,Not Open
T025,12-13,2013-04-14,196,Not Open
T026,12-13,2013-04-14,196,Not Open
T027,12-13,2013-04-14,196,Not Open
T028,12-13,2013-04-14,196,Not Open
T029,12-13,2013-04-14,196,Not Open
T030,12-13,2013-04-14,196,Not Open
T031,12-13,2013-04-14,196,Not Open
T032,12-13,2013-04-14,196,Not Open
T033,12-13,2013-04-14,196,Not Open
T034,12-13,2013-04-14,196,Not Open
T035,12-13,2013-04-14,196,Not Open
T036,12-13,2013-04-14,196,Not Open
T037,12-13,2013-04-14,196,Not Open
T038,12-13,2013-04-14,196,Not Open
T039,12-13,2013-04-14,196,Not Open
T040,12-13,2013-04-14,196,Not Open
T042,12-13,2013-04-14,196,Not Open
T043,12-13,2013-04-14,196,Not Open
T044,12-13,2013-04-14,196,Not Open
T045,12-13,2013-04-14,196,Not Open
T046,12-13,2013-04-14,196,Not Open
T047,12-13,2013-04-14,196,Not Open
T048,12-13,2013-04-14,196,Not Open
T049,12-13,2013-04-14,196,Not Open
T051,12-13,2013-04-14,196,Not Open
T052,12-13,2013-04-14,196,Not Open
T053,12-13,2013-04-14,196,Not Open
T054,12-13,2013-04-14,196,Not Open
T061,12-13,2013-04-14,196,Not Open
T063,12-13,2013-04-14,196,Not Open
T064,12-13,2013-04-14,196,Not Open
T065,12-13,2013-04-14,196,Not Open
T066,12-13,2013-04-14,196,Not Open
T067,12-13,2013-04-14,196,Not Open
T068,12-13,2013-04-14,196,Not Open
T069,12-13,2013-04-14,196,Not Open
T070,12-13,2013-04-14,196,Not Open
T071,12-13,2013-04-14,196,Not Open
T072,12-13,2013-04-14,196,Not Open
T073,12-13,2013-04-14,196,Not Open
T074,12-13,2013-04-14,196,Not Open
T075,12-13,2013-04-14,196,Not Open
T076,12-13,2013-04-14,196,Not Open
T077,12-13,2013-04-14,196,Not Open
T078,12-13,2013-04-14,196,Not Open
T079,12-13,2013-04-14,196,Not Open
T080,12-13,2013-04-14,196,Not Open
T081,12-13,2013-04-14,196,Not Open
T083,12-13,2013-04-14,196,Not Open
T084,12-13,2013-04-14,196,Not Open
T085,12-13,2013-04-14,196,Not Open
T086,12-13,2013-04-14,196,Not Open
T087,12-13,2013-04-14,196,Not Open
T088,12-13,2013-04-14,196,Not Open
T089,12-13,2013-04-14,196,Not Open
T090,12-13,2013-04-14,196,Not Open
T091,12-13,2013-04-14,196,Not Open
T092,12-13,2013-04-14,196,Not Open
T127,12-13,2013-04-14,196,Not Open
T134,12-13,2013-04-14,196,Not Open
T135,12-13,2013-04-14,196,Not Open
T136,12-13,2013-04-14,196,Not Open
T137,12-13,2013-04-14,196,Not Open
T148,12-13,2013-04-14,196,Not Open
T151,12-13,2013-04-14,196,Not Open
T152,12-13,2013-04-14,196,Not Open
T155,12-13,2013-04-14,196,Not Open
T156,12-13,2013-04-14,196,Not Open
T157,12-13,2013-04-14,196,Not Open
T002,12-13,2013-04-15,197,Not Open
T003,12-13,2013-04-15,197,Not Open
T004,12-13,2013-04-15,197,Not Open
T005,12-13,2013-04-15,197,Not Open
T006,12-13,2013-04-15,197,Not Open
T007,12-13,2013-04-15,197,Not Open
T008,12-13,2013-04-15,197,Not Open
T009,12-13,2013-04-15,197,Not Open
T010,12-13,2013-04-15,197,Not Open
T011,12-13,2013-04-15,197,Not Open
T012,12-13,2013-04-15,197,Not Open
T013,12-13,2013-04-15,197,Not Open
T015,12-13,2013-04-15,197,Not Open
T016,12-13,2013-04-15,197,Not Open
T017,12-13,2013-04-15,197,Not Open
T018,12-13,2013-04-15,197,Not Open
T019,12-13,2013-04-15,197,Not Open
T020,12-13,2013-04-15,197,Not Open
T021,12-13,2013-04-15,197,Not Open
T022,12-13,2013-04-15,197,Not Open
T023,12-13,2013-04-15,197,Not Open
T024,12-13,2013-04-15,197,Not Open
T025,12-13,2013-04-15,197,Not Open
T026,12-13,2013-04-15,197,Not Open
T027,12-13,2013-04-15,197,Not Open
T028,12-13,2013-04-15,197,Not Open
T029,12-13,2013-04-15,197,Not Open
T030,12-13,2013-04-15,197,Not Open
T031,12-13,2013-04-15,197,Not Open
T032,12-13,2013-04-15,197,Not Open
T033,12-13,2013-04-15,197,Not Open
T034,12-13,2013-04-15,197,Not Open
T035,12-13,2013-04-15,197,Not Open
T036,12-13,2013-04-15,197,Not Open
T037,12-13,2013-04-15,197,Not Open
T038,12-13,2013-04-15,197,Not Open
T039,12-13,2013-04-15,197,Not Open
T040,12-13,2013-04-15,197,Not Open
T042,12-13,2013-04-15,197,Not Open
T043,12-13,2013-04-15,197,Not Open
T044,12-13,2013-04-15,197,Not Open
T045,12-13,2013-04-15,197,Not Open
T046,12-13,2013-04-15,197,Not Open
T047,12-13,2013-04-15,197,Not Open
T048,12-13,2013-04-15,197,Not Open
T049,12-13,2013-04-15,197,Not Open
T051,12-13,2013-04-15,197,Not Open
T052,12-13,2013-04-15,197,Not Open
T053,12-13,2013-04-15,197,Not Open
T054,12-13,2013-04-15,197,Not Open
T061,12-13,2013-04-15,197,Not Open
T063,12-13,2013-04-15,197,Not Open
T064,12-13,2013-04-15,197,Not Open
T065,12-13,2013-04-15,197,Not Open
T066,12-13,2013-04-15,197,Not Open
T067,12-13,2013-04-15,197,Not Open
T068,12-13,2013-04-15,197,Not Open
T069,12-13,2013-04-15,197,Not Open
T070,12-13,2013-04-15,197,Not Open
T071,12-13,2013-04-15,197,Not Open
T072,12-13,2013-04-15,197,Not Open
T073,12-13,2013-04-15,197,Not Open
T074,12-13,2013-04-15,197,Not Open
T075,12-13,2013-04-15,197,Not Open
T076,12-13,2013-04-15,197,Not Open
T077,12-13,2013-04-15,197,Not Open
T078,12-13,2013-04-15,197,Not Open
T079,12-13,2013-04-15,197,Not Open
T080,12-13,2013-04-15,197,Not Open
T081,12-13,2013-04-15,197,Not Open
T083,12-13,2013-04-15,197,Not Open
T084,12-13,2013-04-15,197,Not Open
T085,12-13,2013-04-15,197,Not Open
T086,12-13,2013-04-15,197,Not Open
T087,12-13,2013-04-15,197,Not Open
T088,12-13,2013-04-15,197,Not Open
T089,12-13,2013-04-15,197,Not Open
T090,12-13,2013-04-15,197,Not Open
T091,12-13,2013-04-15,197,Not Open
T092,12-13,2013-04-15,197,Not Open
T127,12-13,2013-04-15,197,Not Open
T134,12-13,2013-04-15,197,Not Open
T135,12-13,2013-04-15,197,Not Open
T136,12-13,2013-04-15,197,Not Open
T137,12-13,2013-04-15,197,Not Open
T148,12-13,2013-04-15,197,Not Open
T151,12-13,2013-04-15,197,Not Open
T152,12-13,2013-04-15,197,Not Open
T155,12-13,2013-04-15,197,Not Open
T156,12-13,2013-04-15,197,Not Open
T157,12-13,2013-04-15,197,Not Open
T002,12-13,2013-04-16,198,Not Open
T003,12-13,2013-04-16,198,Not Open
T004,12-13,2013-04-16,198,Not Open
T005,12-13,2013-04-16,198,Not Open
T006,12-13,2013-04-16,198,Not Open
T007,12-13,2013-04-16,198,Not Open
T008,12-13,2013-04-16,198,Not Open
T009,12-13,2013-04-16,198,Not Open
T010,12-13,2013-04-16,198,Not Open
T011,12-13,2013-04-16,198,Not Open
T012,12-13,2013-04-16,198,Not Open
T013,12-13,2013-04-16,198,Not Open
T015,12-13,2013-04-16,198,Not Open
T016,12-13,2013-04-16,198,Not Open
T017,12-13,2013-04-16,198,Not Open
T018,12-13,2013-04-16,198,Not Open
T019,12-13,2013-04-16,198,Not Open
T020,12-13,2013-04-16,198,Not Open
T021,12-13,2013-04-16,198,Not Open
T022,12-13,2013-04-16,198,Not Open
T023,12-13,2013-04-16,198,Not Open
T024,12-13,2013-04-16,198,Not Open
T025,12-13,2013-04-16,198,Not Open
T026,12-13,2013-04-16,198,Not Open
T027,12-13,2013-04-16,198,Not Open
T028,12-13,2013-04-16,198,Not Open
T029,12-13,2013-04-16,198,Not Open
T030,12-13,2013-04-16,198,Not Open
T031,12-13,2013-04-16,198,Not Open
T032,12-13,2013-04-16,198,Not Open
T033,12-13,2013-04-16,198,Not Open
T034,12-13,2013-04-16,198,Not Open
T035,12-13,2013-04-16,198,Not Open
T036,12-13,2013-04-16,198,Not Open
T037,12-13,2013-04-16,198,Not Open
T038,12-13,2013-04-16,198,Not Open
T039,12-13,2013-04-16,198,Not Open
T040,12-13,2013-04-16,198,Not Open
T042,12-13,2013-04-16,198,Not Open
T043,12-13,2013-04-16,198,Not Open
T044,12-13,2013-04-16,198,Not Open
T045,12-13,2013-04-16,198,Not Open
T046,12-13,2013-04-16,198,Not Open
T047,12-13,2013-04-16,198,Not Open
T048,12-13,2013-04-16,198,Not Open
T049,12-13,2013-04-16,198,Not Open
T051,12-13,2013-04-16,198,Not Open
T052,12-13,2013-04-16,198,Not Open
T053,12-13,2013-04-16,198,Not Open
T054,12-13,2013-04-16,198,Not Open
T061,12-13,2013-04-16,198,Not Open
T063,12-13,2013-04-16,198,Not Open
T064,12-13,2013-04-16,198,Not Open
T065,12-13,2013-04-16,198,Not Open
T066,12-13,2013-04-16,198,Not Open
T067,12-13,2013-04-16,198,Not Open
T068,12-13,2013-04-16,198,Not Open
T069,12-13,2013-04-16,198,Not Open
T070,12-13,2013-04-16,198,Not Open
T071,12-13,2013-04-16,198,Not Open
T072,12-13,2013-04-16,198,Not Open
T073,12-13,2013-04-16,198,Not Open
T074,12-13,2013-04-16,198,Not Open
T075,12-13,2013-04-16,198,Not Open
T076,12-13,2013-04-16,198,Not Open
T077,12-13,2013-04-16,198,Not Open
T078,12-13,2013-04-16,198,Not Open
T079,12-13,2013-04-16,198,Not Open
T080,12-13,2013-04-16,198,Not Open
T081,12-13,2013-04-16,198,Not Open
T083,12-13,2013-04-16,198,Not Open
T084,12-13,2013-04-16,198,Not Open
T085,12-13,2013-04-16,198,Not Open
T086,12-13,2013-04-16,198,Not Open
T087,12-13,2013-04-16,198,Not Open
T088,12-13,2013-04-16,198,Not Open
T089,12-13,2013-04-16,198,Not Open
T090,12-13,2013-04-16,198,Not Open
T091,12-13,2013-04-16,198,Not Open
T092,12-13,2013-04-16,198,Not Open
T127,12-13,2013-04-16,198,Not Open
T134,12-13,2013-04-16,198,Not Open
T135,12-13,2013-04-16,198,Not Open
T136,12-13,2013-04-16,198,Not Open
T137,12-13,2013-04-16,198,Not Open
T148,12-13,2013-04-16,198,Not Open
T151,12-13,2013-04-16,198,Not Open
T152,12-13,2013-04-16,198,Not Open
T155,12-13,2013-04-16,198,Not Open
T156,12-13,2013-04-16,198,Not Open
T157,12-13,2013-04-16,198,Not Open
T002,12-13,2013-04-17,199,Not Open
T003,12-13,2013-04-17,199,Not Open
T004,12-13,2013-04-17,199,Not Open
T005,12-13,2013-04-17,199,Not Open
T006,12-13,2013-04-17,199,Not Open
T007,12-13,2013-04-17,199,Not Open
T008,12-13,2013-04-17,199,Not Open
T009,12-13,2013-04-17,199,Not Open
T010,12-13,2013-04-17,199,Not Open
T011,12-13,2013-04-17,199,Not Open
T012,12-13,2013-04-17,199,Not Open
T013,12-13,2013-04-17,199,Not Open
T015,12-13,2013-04-17,199,Not Open
T016,12-13,2013-04-17,199,Not Open
T017,12-13,2013-04-17,199,Not Open
T018,12-13,2013-04-17,199,Not Open
T019,12-13,2013-04-17,199,Not Open
T020,12-13,2013-04-17,199,Not Open
T021,12-13,2013-04-17,199,Not Open
T022,12-13,2013-04-17,199,Not Open
T023,12-13,2013-04-17,199,Not Open
T024,12-13,2013-04-17,199,Not Open
T025,12-13,2013-04-17,199,Not Open
T026,12-13,2013-04-17,199,Not Open
T027,12-13,2013-04-17,199,Not Open
T028,12-13,2013-04-17,199,Not Open
T029,12-13,2013-04-17,199,Not Open
T030,12-13,2013-04-17,199,Not Open
T031,12-13,2013-04-17,199,Not Open
T032,12-13,2013-04-17,199,Not Open
T033,12-13,2013-04-17,199,Not Open
T034,12-13,2013-04-17,199,Not Open
T035,12-13,2013-04-17,199,Not Open
T036,12-13,2013-04-17,199,Not Open
T037,12-13,2013-04-17,199,Not Open
T038,12-13,2013-04-17,199,Not Open
T039,12-13,2013-04-17,199,Not Open
T040,12-13,2013-04-17,199,Not Open
T042,12-13,2013-04-17,199,Not Open
T043,12-13,2013-04-17,199,Not Open
T044,12-13,2013-04-17,199,Not Open
T045,12-13,2013-04-17,199,Not Open
T046,12-13,2013-04-17,199,Not Open
T047,12-13,2013-04-17,199,Not Open
T048,12-13,2013-04-17,199,Not Open
T049,12-13,2013-04-17,199,Not Open
T051,12-13,2013-04-17,199,Not Open
T052,12-13,2013-04-17,199,Not Open
T053,12-13,2013-04-17,199,Not Open
T054,12-13,2013-04-17,199,Not Open
T061,12-13,2013-04-17,199,Not Open
T063,12-13,2013-04-17,199,Not Open
T064,12-13,2013-04-17,199,Not Open
T065,12-13,2013-04-17,199,Not Open
T066,12-13,2013-04-17,199,Not Open
T067,12-13,2013-04-17,199,Not Open
T068,12-13,2013-04-17,199,Not Open
T069,12-13,2013-04-17,199,Not Open
T070,12-13,2013-04-17,199,Not Open
T071,12-13,2013-04-17,199,Not Open
T072,12-13,2013-04-17,199,Not Open
T073,12-13,2013-04-17,199,Not Open
T074,12-13,2013-04-17,199,Not Open
T075,12-13,2013-04-17,199,Not Open
T076,12-13,2013-04-17,199,Not Open
T077,12-13,2013-04-17,199,Not Open
T078,12-13,2013-04-17,199,Not Open
T079,12-13,2013-04-17,199,Not Open
T080,12-13,2013-04-17,199,Not Open
T081,12-13,2013-04-17,199,Not Open
T083,12-13,2013-04-17,199,Not Open
T084,12-13,2013-04-17,199,Not Open
T085,12-13,2013-04-17,199,Not Open
T086,12-13,2013-04-17,199,Not Open
T087,12-13,2013-04-17,199,Not Open
T088,12-13,2013-04-17,199,Not Open
T089,12-13,2013-04-17,199,Not Open
T090,12-13,2013-04-17,199,Not Open
T091,12-13,2013-04-17,199,Not Open
T092,12-13,2013-04-17,199,Not Open
T127,12-13,2013-04-17,199,Not Open
T134,12-13,2013-04-17,199,Not Open
T135,12-13,2013-04-17,199,Not Open
T136,12-13,2013-04-17,199,Not Open
T137,12-13,2013-04-17,199,Not Open
T148,12-13,2013-04-17,199,Not Open
T151,12-13,2013-04-17,199,Not Open
T152,12-13,2013-04-17,199,Not Open
T155,12-13,2013-04-17,199,Not Open
T156,12-13,2013-04-17,199,Not Open
T157,12-13,2013-04-17,199,Not Open
T002,12-13,2013-04-18,200,Not Open
T003,12-13,2013-04-18,200,Not Open
T004,12-13,2013-04-18,200,Not Open
T005,12-13,2013-04-18,200,Not Open
T006,12-13,2013-04-18,200,Not Open
T007,12-13,2013-04-18,200,Not Open
T008,12-13,2013-04-18,200,Not Open
T009,12-13,2013-04-18,200,Not Open
T010,12-13,2013-04-18,200,Not Open
T011,12-13,2013-04-18,200,Not Open
T012,12-13,2013-04-18,200,Not Open
T013,12-13,2013-04-18,200,Not Open
T015,12-13,2013-04-18,200,Not Open
T016,12-13,2013-04-18,200,Not Open
T017,12-13,2013-04-18,200,Not Open
T018,12-13,2013-04-18,200,Not Open
T019,12-13,2013-04-18,200,Not Open
T020,12-13,2013-04-18,200,Not Open
T021,12-13,2013-04-18,200,Not Open
T022,12-13,2013-04-18,200,Not Open
T023,12-13,2013-04-18,200,Not Open
T024,12-13,2013-04-18,200,Not Open
T025,12-13,2013-04-18,200,Not Open
T026,12-13,2013-04-18,200,Not Open
T027,12-13,2013-04-18,200,Not Open
T028,12-13,2013-04-18,200,Not Open
T029,12-13,2013-04-18,200,Not Open
T030,12-13,2013-04-18,200,Not Open
T031,12-13,2013-04-18,200,Not Open
T032,12-13,2013-04-18,200,Not Open
T033,12-13,2013-04-18,200,Not Open
T034,12-13,2013-04-18,200,Not Open
T035,12-13,2013-04-18,200,Not Open
T036,12-13,2013-04-18,200,Not Open
T037,12-13,2013-04-18,200,Not Open
T038,12-13,2013-04-18,200,Not Open
T039,12-13,2013-04-18,200,Not Open
T040,12-13,2013-04-18,200,Not Open
T042,12-13,2013-04-18,200,Not Open
T043,12-13,2013-04-18,200,Not Open
T044,12-13,2013-04-18,200,Not Open
T045,12-13,2013-04-18,200,Not Open
T046,12-13,2013-04-18,200,Not Open
T047,12-13,2013-04-18,200,Not Open
T048,12-13,2013-04-18,200,Not Open
T049,12-13,2013-04-18,200,Not Open
T051,12-13,2013-04-18,200,Not Open
T052,12-13,2013-04-18,200,Not Open
T053,12-13,2013-04-18,200,Not Open
T054,12-13,2013-04-18,200,Not Open
T061,12-13,2013-04-18,200,Not Open
T063,12-13,2013-04-18,200,Not Open
T064,12-13,2013-04-18,200,Not Open
T065,12-13,2013-04-18,200,Not Open
T066,12-13,2013-04-18,200,Not Open
T067,12-13,2013-04-18,200,Not Open
T068,12-13,2013-04-18,200,Not Open
T069,12-13,2013-04-18,200,Not Open
T070,12-13,2013-04-18,200,Not Open
T071,12-13,2013-04-18,200,Not Open
T072,12-13,2013-04-18,200,Not Open
T073,12-13,2013-04-18,200,Not Open
T074,12-13,2013-04-18,200,Not Open
T075,12-13,2013-04-18,200,Not Open
T076,12-13,2013-04-18,200,Not Open
T077,12-13,2013-04-18,200,Not Open
T078,12-13,2013-04-18,200,Not Open
T079,12-13,2013-04-18,200,Not Open
T080,12-13,2013-04-18,200,Not Open
T081,12-13,2013-04-18,200,Not Open
T083,12-13,2013-04-18,200,Not Open
T084,12-13,2013-04-18,200,Not Open
T085,12-13,2013-04-18,200,Not Open
T086,12-13,2013-04-18,200,Not Open
T087,12-13,2013-04-18,200,Not Open
T088,12-13,2013-04-18,200,Not Open
T089,12-13,2013-04-18,200,Not Open
T090,12-13,2013-04-18,200,Not Open
T091,12-13,2013-04-18,200,Not Open
T092,12-13,2013-04-18,200,Not Open
T127,12-13,2013-04-18,200,Not Open
T134,12-13,2013-04-18,200,Not Open
T135,12-13,2013-04-18,200,Not Open
T136,12-13,2013-04-18,200,Not Open
T137,12-13,2013-04-18,200,Not Open
T148,12-13,2013-04-18,200,Not Open
T151,12-13,2013-04-18,200,Not Open
T152,12-13,2013-04-18,200,Not Open
T155,12-13,2013-04-18,200,Not Open
T156,12-13,2013-04-18,200,Not Open
T157,12-13,2013-04-18,200,Not Open
T002,12-13,2013-04-19,201,Not Open
T003,12-13,2013-04-19,201,Not Open
T004,12-13,2013-04-19,201,Not Open
T005,12-13,2013-04-19,201,Not Open
T006,12-13,2013-04-19,201,Not Open
T007,12-13,2013-04-19,201,Not Open
T008,12-13,2013-04-19,201,Not Open
T009,12-13,2013-04-19,201,Not Open
T010,12-13,2013-04-19,201,Not Open
T011,12-13,2013-04-19,201,Not Open
T012,12-13,2013-04-19,201,Not Open
T013,12-13,2013-04-19,201,Not Open
T015,12-13,2013-04-19,201,Not Open
T016,12-13,2013-04-19,201,Not Open
T017,12-13,2013-04-19,201,Not Open
T018,12-13,2013-04-19,201,Not Open
T019,12-13,2013-04-19,201,Not Open
T020,12-13,2013-04-19,201,Not Open
T021,12-13,2013-04-19,201,Not Open
T022,12-13,2013-04-19,201,Not Open
T023,12-13,2013-04-19,201,Not Open
T024,12-13,2013-04-19,201,Not Open
T025,12-13,2013-04-19,201,Not Open
T026,12-13,2013-04-19,201,Not Open
T027,12-13,2013-04-19,201,Not Open
T028,12-13,2013-04-19,201,Not Open
T029,12-13,2013-04-19,201,Not Open
T030,12-13,2013-04-19,201,Not Open
T031,12-13,2013-04-19,201,Not Open
T032,12-13,2013-04-19,201,Not Open
T033,12-13,2013-04-19,201,Not Open
T034,12-13,2013-04-19,201,Not Open
T035,12-13,2013-04-19,201,Not Open
T036,12-13,2013-04-19,201,Not Open
T037,12-13,2013-04-19,201,Not Open
T038,12-13,2013-04-19,201,Not Open
T039,12-13,2013-04-19,201,Not Open
T040,12-13,2013-04-19,201,Not Open
T042,12-13,2013-04-19,201,Not Open
T043,12-13,2013-04-19,201,Not Open
T044,12-13,2013-04-19,201,Not Open
T045,12-13,2013-04-19,201,Not Open
T046,12-13,2013-04-19,201,Not Open
T047,12-13,2013-04-19,201,Not Open
T048,12-13,2013-04-19,201,Not Open
T049,12-13,2013-04-19,201,Not Open
T051,12-13,2013-04-19,201,Not Open
T052,12-13,2013-04-19,201,Not Open
T053,12-13,2013-04-19,201,Not Open
T054,12-13,2013-04-19,201,Not Open
T061,12-13,2013-04-19,201,Not Open
T063,12-13,2013-04-19,201,Not Open
T064,12-13,2013-04-19,201,Not Open
T065,12-13,2013-04-19,201,Not Open
T066,12-13,2013-04-19,201,Not Open
T067,12-13,2013-04-19,201,Not Open
T068,12-13,2013-04-19,201,Not Open
T069,12-13,2013-04-19,201,Not Open
T070,12-13,2013-04-19,201,Not Open
T071,12-13,2013-04-19,201,Not Open
T072,12-13,2013-04-19,201,Not Open
T073,12-13,2013-04-19,201,Not Open
T074,12-13,2013-04-19,201,Not Open
T075,12-13,2013-04-19,201,Not Open
T076,12-13,2013-04-19,201,Not Open
T077,12-13,2013-04-19,201,Not Open
T078,12-13,2013-04-19,201,Not Open
T079,12-13,2013-04-19,201,Not Open
T080,12-13,2013-04-19,201,Not Open
T081,12-13,2013-04-19,201,Not Open
T083,12-13,2013-04-19,201,Not Open
T084,12-13,2013-04-19,201,Not Open
T085,12-13,2013-04-19,201,Not Open
T086,12-13,2013-04-19,201,Not Open
T087,12-13,2013-04-19,201,Not Open
T088,12-13,2013-04-19,201,Not Open
T089,12-13,2013-04-19,201,Not Open
T090,12-13,2013-04-19,201,Not Open
T091,12-13,2013-04-19,201,Not Open
T092,12-13,2013-04-19,201,Not Open
T127,12-13,2013-04-19,201,Not Open
T134,12-13,2013-04-19,201,Not Open
T135,12-13,2013-04-19,201,Not Open
T136,12-13,2013-04-19,201,Not Open
T137,12-13,2013-04-19,201,Not Open
T148,12-13,2013-04-19,201,Not Open
T151,12-13,2013-04-19,201,Not Open
T152,12-13,2013-04-19,201,Not Open
T155,12-13,2013-04-19,201,Not Open
T156,12-13,2013-04-19,201,Not Open
T157,12-13,2013-04-19,201,Not Open
T002,12-13,2013-04-20,202,Not Open
T003,12-13,2013-04-20,202,Not Open
T004,12-13,2013-04-20,202,Not Open
T005,12-13,2013-04-20,202,Not Open
T006,12-13,2013-04-20,202,Not Open
T007,12-13,2013-04-20,202,Not Open
T008,12-13,2013-04-20,202,Not Open
T009,12-13,2013-04-20,202,Not Open
T010,12-13,2013-04-20,202,Not Open
T011,12-13,2013-04-20,202,Not Open
T012,12-13,2013-04-20,202,Not Open
T013,12-13,2013-04-20,202,Not Open
T015,12-13,2013-04-20,202,Not Open
T016,12-13,2013-04-20,202,Not Open
T017,12-13,2013-04-20,202,Not Open
T018,12-13,2013-04-20,202,Not Open
T019,12-13,2013-04-20,202,Not Open
T020,12-13,2013-04-20,202,Not Open
T021,12-13,2013-04-20,202,Not Open
T022,12-13,2013-04-20,202,Not Open
T023,12-13,2013-04-20,202,Not Open
T024,12-13,2013-04-20,202,Not Open
T025,12-13,2013-04-20,202,Not Open
T026,12-13,2013-04-20,202,Not Open
T027,12-13,2013-04-20,202,Not Open
T028,12-13,2013-04-20,202,Not Open
T029,12-13,2013-04-20,202,Not Open
T030,12-13,2013-04-20,202,Not Open
T031,12-13,2013-04-20,202,Not Open
T032,12-13,2013-04-20,202,Not Open
T033,12-13,2013-04-20,202,Not Open
T034,12-13,2013-04-20,202,Not Open
T035,12-13,2013-04-20,202,Not Open
T036,12-13,2013-04-20,202,Not Open
T037,12-13,2013-04-20,202,Not Open
T038,12-13,2013-04-20,202,Not Open
T039,12-13,2013-04-20,202,Not Open
T040,12-13,2013-04-20,202,Not Open
T042,12-13,2013-04-20,202,Not Open
T043,12-13,2013-04-20,202,Not Open
T044,12-13,2013-04-20,202,Not Open
T045,12-13,2013-04-20,202,Not Open
T046,12-13,2013-04-20,202,Not Open
T047,12-13,2013-04-20,202,Not Open
T048,12-13,2013-04-20,202,Not Open
T049,12-13,2013-04-20,202,Not Open
T051,12-13,2013-04-20,202,Not Open
T052,12-13,2013-04-20,202,Not Open
T053,12-13,2013-04-20,202,Not Open
T054,12-13,2013-04-20,202,Not Open
T061,12-13,2013-04-20,202,Not Open
T063,12-13,2013-04-20,202,Not Open
T064,12-13,2013-04-20,202,Not Open
T065,12-13,2013-04-20,202,Not Open
T066,12-13,2013-04-20,202,Not Open
T067,12-13,2013-04-20,202,Not Open
T068,12-13,2013-04-20,202,Not Open
T069,12-13,2013-04-20,202,Not Open
T070,12-13,2013-04-20,202,Not Open
T071,12-13,2013-04-20,202,Not Open
T072,12-13,2013-04-20,202,Not Open
T073,12-13,2013-04-20,202,Not Open
T074,12-13,2013-04-20,202,Not Open
T075,12-13,2013-04-20,202,Not Open
T076,12-13,2013-04-20,202,Not Open
T077,12-13,2013-04-20,202,Not Open
T078,12-13,2013-04-20,202,Not Open
T079,12-13,2013-04-20,202,Not Open
T080,12-13,2013-04-20,202,Not Open
T081,12-13,2013-04-20,202,Not Open
T083,12-13,2013-04-20,202,Not Open
T084,12-13,2013-04-20,202,Not Open
T085,12-13,2013-04-20,202,Not Open
T086,12-13,2013-04-20,202,Not Open
T087,12-13,2013-04-20,202,Not Open
T088,12-13,2013-04-20,202,Not Open
T089,12-13,2013-04-20,202,Not Open
T090,12-13,2013-04-20,202,Not Open
T091,12-13,2013-04-20,202,Not Open
T092,12-13,2013-04-20,202,Not Open
T127,12-13,2013-04-20,202,Not Open
T134,12-13,2013-04-20,202,Not Open
T135,12-13,2013-04-20,202,Not Open
T136,12-13,2013-04-20,202,Not Open
T137,12-13,2013-04-20,202,Not Open
T148,12-13,2013-04-20,202,Not Open
T151,12-13,2013-04-20,202,Not Open
T152,12-13,2013-04-20,202,Not Open
T155,12-13,2013-04-20,202,Not Open
T156,12-13,2013-04-20,202,Not Open
T157,12-13,2013-04-20,202,Not Open
T002,12-13,2013-04-21,203,Not Open
T003,12-13,2013-04-21,203,Not Open
T004,12-13,2013-04-21,203,Not Open
T005,12-13,2013-04-21,203,Not Open
T006,12-13,2013-04-21,203,Not Open
T007,12-13,2013-04-21,203,Not Open
T008,12-13,2013-04-21,203,Not Open
T009,12-13,2013-04-21,203,Not Open
T010,12-13,2013-04-21,203,Not Open
T011,12-13,2013-04-21,203,Not Open
T012,12-13,2013-04-21,203,Not Open
T013,12-13,2013-04-21,203,Not Open
T015,12-13,2013-04-21,203,Not Open
T016,12-13,2013-04-21,203,Not Open
T017,12-13,2013-04-21,203,Not Open
T018,12-13,2013-04-21,203,Not Open
T019,12-13,2013-04-21,203,Not Open
T020,12-13,2013-04-21,203,Not Open
T021,12-13,2013-04-21,203,Not Open
T022,12-13,2013-04-21,203,Not Open
T023,12-13,2013-04-21,203,Not Open
T024,12-13,2013-04-21,203,Not Open
T025,12-13,2013-04-21,203,Not Open
T026,12-13,2013-04-21,203,Not Open
T027,12-13,2013-04-21,203,Not Open
T028,12-13,2013-04-21,203,Not Open
T029,12-13,2013-04-21,203,Not Open
T030,12-13,2013-04-21,203,Not Open
T031,12-13,2013-04-21,203,Not Open
T032,12-13,2013-04-21,203,Not Open
T033,12-13,2013-04-21,203,Not Open
T034,12-13,2013-04-21,203,Not Open
T035,12-13,2013-04-21,203,Not Open
T036,12-13,2013-04-21,203,Not Open
T037,12-13,2013-04-21,203,Not Open
T038,12-13,2013-04-21,203,Not Open
T039,12-13,2013-04-21,203,Not Open
T040,12-13,2013-04-21,203,Not Open
T042,12-13,2013-04-21,203,Not Open
T043,12-13,2013-04-21,203,Not Open
T044,12-13,2013-04-21,203,Not Open
T045,12-13,2013-04-21,203,Not Open
T046,12-13,2013-04-21,203,Not Open
T047,12-13,2013-04-21,203,Not Open
T048,12-13,2013-04-21,203,Not Open
T049,12-13,2013-04-21,203,Not Open
T051,12-13,2013-04-21,203,Not Open
T052,12-13,2013-04-21,203,Not Open
T053,12-13,2013-04-21,203,Not Open
T054,12-13,2013-04-21,203,Not Open
T061,12-13,2013-04-21,203,Not Open
T063,12-13,2013-04-21,203,Not Open
T064,12-13,2013-04-21,203,Not Open
T065,12-13,2013-04-21,203,Not Open
T066,12-13,2013-04-21,203,Not Open
T067,12-13,2013-04-21,203,Not Open
T068,12-13,2013-04-21,203,Not Open
T069,12-13,2013-04-21,203,Not Open
T070,12-13,2013-04-21,203,Not Open
T071,12-13,2013-04-21,203,Not Open
T072,12-13,2013-04-21,203,Not Open
T073,12-13,2013-04-21,203,Not Open
T074,12-13,2013-04-21,203,Not Open
T075,12-13,2013-04-21,203,Not Open
T076,12-13,2013-04-21,203,Not Open
T077,12-13,2013-04-21,203,Not Open
T078,12-13,2013-04-21,203,Not Open
T079,12-13,2013-04-21,203,Not Open
T080,12-13,2013-04-21,203,Not Open
T081,12-13,2013-04-21,203,Not Open
T083,12-13,2013-04-21,203,Not Open
T084,12-13,2013-04-21,203,Not Open
T085,12-13,2013-04-21,203,Not Open
T086,12-13,2013-04-21,203,Not Open
T087,12-13,2013-04-21,203,Not Open
T088,12-13,2013-04-21,203,Not Open
T089,12-13,2013-04-21,203,Not Open
T090,12-13,2013-04-21,203,Not Open
T091,12-13,2013-04-21,203,Not Open
T092,12-13,2013-04-21,203,Not Open
T127,12-13,2013-04-21,203,Not Open
T134,12-13,2013-04-21,203,Not Open
T135,12-13,2013-04-21,203,Not Open
T136,12-13,2013-04-21,203,Not Open
T137,12-13,2013-04-21,203,Not Open
T148,12-13,2013-04-21,203,Not Open
T151,12-13,2013-04-21,203,Not Open
T152,12-13,2013-04-21,203,Not Open
T155,12-13,2013-04-21,203,Not Open
T156,12-13,2013-04-21,203,Not Open
T157,12-13,2013-04-21,203,Not Open
T002,12-13,2013-04-22,204,Not Open
T003,12-13,2013-04-22,204,Not Open
T004,12-13,2013-04-22,204,Not Open
T005,12-13,2013-04-22,204,Not Open
T006,12-13,2013-04-22,204,Not Open
T007,12-13,2013-04-22,204,Not Open
T008,12-13,2013-04-22,204,Not Open
T009,12-13,2013-04-22,204,Not Open
T010,12-13,2013-04-22,204,Not Open
T011,12-13,2013-04-22,204,Not Open
T012,12-13,2013-04-22,204,Not Open
T013,12-13,2013-04-22,204,Not Open
T015,12-13,2013-04-22,204,Not Open
T016,12-13,2013-04-22,204,Not Open
T017,12-13,2013-04-22,204,Not Open
T018,12-13,2013-04-22,204,Not Open
T019,12-13,2013-04-22,204,Not Open
T020,12-13,2013-04-22,204,Not Open
T021,12-13,2013-04-22,204,Not Open
T022,12-13,2013-04-22,204,Not Open
T023,12-13,2013-04-22,204,Not Open
T024,12-13,2013-04-22,204,Not Open
T025,12-13,2013-04-22,204,Not Open
T026,12-13,2013-04-22,204,Not Open
T027,12-13,2013-04-22,204,Not Open
T028,12-13,2013-04-22,204,Not Open
T029,12-13,2013-04-22,204,Not Open
T030,12-13,2013-04-22,204,Not Open
T031,12-13,2013-04-22,204,Not Open
T032,12-13,2013-04-22,204,Not Open
T033,12-13,2013-04-22,204,Not Open
T034,12-13,2013-04-22,204,Not Open
T035,12-13,2013-04-22,204,Not Open
T036,12-13,2013-04-22,204,Not Open
T037,12-13,2013-04-22,204,Not Open
T038,12-13,2013-04-22,204,Not Open
T039,12-13,2013-04-22,204,Not Open
T040,12-13,2013-04-22,204,Not Open
T042,12-13,2013-04-22,204,Not Open
T043,12-13,2013-04-22,204,Not Open
T044,12-13,2013-04-22,204,Not Open
T045,12-13,2013-04-22,204,Not Open
T046,12-13,2013-04-22,204,Not Open
T047,12-13,2013-04-22,204,Not Open
T048,12-13,2013-04-22,204,Not Open
T049,12-13,2013-04-22,204,Not Open
T051,12-13,2013-04-22,204,Not Open
T052,12-13,2013-04-22,204,Not Open
T053,12-13,2013-04-22,204,Not Open
T054,12-13,2013-04-22,204,Not Open
T061,12-13,2013-04-22,204,Not Open
T063,12-13,2013-04-22,204,Not Open
T064,12-13,2013-04-22,204,Not Open
T065,12-13,2013-04-22,204,Not Open
T066,12-13,2013-04-22,204,Not Open
T067,12-13,2013-04-22,204,Not Open
T068,12-13,2013-04-22,204,Not Open
T069,12-13,2013-04-22,204,Not Open
T070,12-13,2013-04-22,204,Not Open
T071,12-13,2013-04-22,204,Not Open
T072,12-13,2013-04-22,204,Not Open
T073,12-13,2013-04-22,204,Not Open
T074,12-13,2013-04-22,204,Not Open
T075,12-13,2013-04-22,204,Not Open
T076,12-13,2013-04-22,204,Not Open
T077,12-13,2013-04-22,204,Not Open
T078,12-13,2013-04-22,204,Not Open
T079,12-13,2013-04-22,204,Not Open
T080,12-13,2013-04-22,204,Not Open
T081,12-13,2013-04-22,204,Not Open
T083,12-13,2013-04-22,204,Not Open
T084,12-13,2013-04-22,204,Not Open
T085,12-13,2013-04-22,204,Not Open
T086,12-13,2013-04-22,204,Not Open
T087,12-13,2013-04-22,204,Not Open
T088,12-13,2013-04-22,204,Not Open
T089,12-13,2013-04-22,204,Not Open
T090,12-13,2013-04-22,204,Not Open
T091,12-13,2013-04-22,204,Not Open
T092,12-13,2013-04-22,204,Not Open
T127,12-13,2013-04-22,204,Not Open
T134,12-13,2013-04-22,204,Not Open
T135,12-13,2013-04-22,204,Not Open
T136,12-13,2013-04-22,204,Not Open
T137,12-13,2013-04-22,204,Not Open
T148,12-13,2013-04-22,204,Not Open
T151,12-13,2013-04-22,204,Not Open
T152,12-13,2013-04-22,204,Not Open
T155,12-13,2013-04-22,204,Not Open
T156,12-13,2013-04-22,204,Not Open
T157,12-13,2013-04-22,204,Not Open
T002,12-13,2013-04-23,205,Not Open
T003,12-13,2013-04-23,205,Not Open
T004,12-13,2013-04-23,205,Not Open
T005,12-13,2013-04-23,205,Not Open
T006,12-13,2013-04-23,205,Not Open
T007,12-13,2013-04-23,205,Not Open
T008,12-13,2013-04-23,205,Not Open
T009,12-13,2013-04-23,205,Not Open
T010,12-13,2013-04-23,205,Not Open
T011,12-13,2013-04-23,205,Not Open
T012,12-13,2013-04-23,205,Not Open
T013,12-13,2013-04-23,205,Not Open
T015,12-13,2013-04-23,205,Not Open
T016,12-13,2013-04-23,205,Not Open
T017,12-13,2013-04-23,205,Not Open
T018,12-13,2013-04-23,205,Not Open
T019,12-13,2013-04-23,205,Not Open
T020,12-13,2013-04-23,205,Not Open
T021,12-13,2013-04-23,205,Not Open
T022,12-13,2013-04-23,205,Not Open
T023,12-13,2013-04-23,205,Not Open
T024,12-13,2013-04-23,205,Not Open
T025,12-13,2013-04-23,205,Not Open
T026,12-13,2013-04-23,205,Not Open
T027,12-13,2013-04-23,205,Not Open
T028,12-13,2013-04-23,205,Not Open
T029,12-13,2013-04-23,205,Not Open
T030,12-13,2013-04-23,205,Not Open
T031,12-13,2013-04-23,205,Not Open
T032,12-13,2013-04-23,205,Not Open
T033,12-13,2013-04-23,205,Not Open
T034,12-13,2013-04-23,205,Not Open
T035,12-13,2013-04-23,205,Not Open
T036,12-13,2013-04-23,205,Not Open
T037,12-13,2013-04-23,205,Not Open
T038,12-13,2013-04-23,205,Not Open
T039,12-13,2013-04-23,205,Not Open
T040,12-13,2013-04-23,205,Not Open
T042,12-13,2013-04-23,205,Not Open
T043,12-13,2013-04-23,205,Not Open
T044,12-13,2013-04-23,205,Not Open
T045,12-13,2013-04-23,205,Not Open
T046,12-13,2013-04-23,205,Not Open
T047,12-13,2013-04-23,205,Not Open
T048,12-13,2013-04-23,205,Not Open
T049,12-13,2013-04-23,205,Not Open
T051,12-13,2013-04-23,205,Not Open
T052,12-13,2013-04-23,205,Not Open
T053,12-13,2013-04-23,205,Not Open
T054,12-13,2013-04-23,205,Not Open
T061,12-13,2013-04-23,205,Not Open
T063,12-13,2013-04-23,205,Not Open
T064,12-13,2013-04-23,205,Not Open
T065,12-13,2013-04-23,205,Not Open
T066,12-13,2013-04-23,205,Not Open
T067,12-13,2013-04-23,205,Not Open
T068,12-13,2013-04-23,205,Not Open
T069,12-13,2013-04-23,205,Not Open
T070,12-13,2013-04-23,205,Not Open
T071,12-13,2013-04-23,205,Not Open
T072,12-13,2013-04-23,205,Not Open
T073,12-13,2013-04-23,205,Not Open
T074,12-13,2013-04-23,205,Not Open
T075,12-13,2013-04-23,205,Not Open
T076,12-13,2013-04-23,205,Not Open
T077,12-13,2013-04-23,205,Not Open
T078,12-13,2013-04-23,205,Not Open
T079,12-13,2013-04-23,205,Not Open
T080,12-13,2013-04-23,205,Not Open
T081,12-13,2013-04-23,205,Not Open
T083,12-13,2013-04-23,205,Not Open
T084,12-13,2013-04-23,205,Not Open
T085,12-13,2013-04-23,205,Not Open
T086,12-13,2013-04-23,205,Not Open
T087,12-13,2013-04-23,205,Not Open
T088,12-13,2013-04-23,205,Not Open
T089,12-13,2013-04-23,205,Not Open
T090,12-13,2013-04-23,205,Not Open
T091,12-13,2013-04-23,205,Not Open
T092,12-13,2013-04-23,205,Not Open
T127,12-13,2013-04-23,205,Not Open
T134,12-13,2013-04-23,205,Not Open
T135,12-13,2013-04-23,205,Not Open
T136,12-13,2013-04-23,205,Not Open
T137,12-13,2013-04-23,205,Not Open
T148,12-13,2013-04-23,205,Not Open
T151,12-13,2013-04-23,205,Not Open
T152,12-13,2013-04-23,205,Not Open
T155,12-13,2013-04-23,205,Not Open
T156,12-13,2013-04-23,205,Not Open
T157,12-13,2013-04-23,205,Not Open
T002,12-13,2013-04-24,206,Not Open
T003,12-13,2013-04-24,206,Not Open
T004,12-13,2013-04-24,206,Not Open
T005,12-13,2013-04-24,206,Not Open
T006,12-13,2013-04-24,206,Not Open
T007,12-13,2013-04-24,206,Not Open
T008,12-13,2013-04-24,206,Not Open
T009,12-13,2013-04-24,206,Not Open
T010,12-13,2013-04-24,206,Not Open
T011,12-13,2013-04-24,206,Not Open
T012,12-13,2013-04-24,206,Not Open
T013,12-13,2013-04-24,206,Not Open
T015,12-13,2013-04-24,206,Not Open
T016,12-13,2013-04-24,206,Not Open
T017,12-13,2013-04-24,206,Not Open
T018,12-13,2013-04-24,206,Not Open
T019,12-13,2013-04-24,206,Not Open
T020,12-13,2013-04-24,206,Not Open
T021,12-13,2013-04-24,206,Not Open
T022,12-13,2013-04-24,206,Not Open
T023,12-13,2013-04-24,206,Not Open
T024,12-13,2013-04-24,206,Not Open
T025,12-13,2013-04-24,206,Not Open
T026,12-13,2013-04-24,206,Not Open
T027,12-13,2013-04-24,206,Not Open
T028,12-13,2013-04-24,206,Not Open
T029,12-13,2013-04-24,206,Not Open
T030,12-13,2013-04-24,206,Not Open
T031,12-13,2013-04-24,206,Not Open
T032,12-13,2013-04-24,206,Not Open
T033,12-13,2013-04-24,206,Not Open
T034,12-13,2013-04-24,206,Not Open
T035,12-13,2013-04-24,206,Not Open
T036,12-13,2013-04-24,206,Not Open
T037,12-13,2013-04-24,206,Not Open
T038,12-13,2013-04-24,206,Not Open
T039,12-13,2013-04-24,206,Not Open
T040,12-13,2013-04-24,206,Not Open
T042,12-13,2013-04-24,206,Not Open
T043,12-13,2013-04-24,206,Not Open
T044,12-13,2013-04-24,206,Not Open
T045,12-13,2013-04-24,206,Not Open
T046,12-13,2013-04-24,206,Not Open
T047,12-13,2013-04-24,206,Not Open
T048,12-13,2013-04-24,206,Not Open
T049,12-13,2013-04-24,206,Not Open
T051,12-13,2013-04-24,206,Not Open
T052,12-13,2013-04-24,206,Not Open
T053,12-13,2013-04-24,206,Not Open
T054,12-13,2013-04-24,206,Not Open
T061,12-13,2013-04-24,206,Not Open
T063,12-13,2013-04-24,206,Not Open
T064,12-13,2013-04-24,206,Not Open
T065,12-13,2013-04-24,206,Not Open
T066,12-13,2013-04-24,206,Not Open
T067,12-13,2013-04-24,206,Not Open
T068,12-13,2013-04-24,206,Not Open
T069,12-13,2013-04-24,206,Not Open
T070,12-13,2013-04-24,206,Not Open
T071,12-13,2013-04-24,206,Not Open
T072,12-13,2013-04-24,206,Not Open
T073,12-13,2013-04-24,206,Not Open
T074,12-13,2013-04-24,206,Not Open
T075,12-13,2013-04-24,206,Not Open
T076,12-13,2013-04-24,206,Not Open
T077,12-13,2013-04-24,206,Not Open
T078,12-13,2013-04-24,206,Not Open
T079,12-13,2013-04-24,206,Not Open
T080,12-13,2013-04-24,206,Not Open
T081,12-13,2013-04-24,206,Not Open
T083,12-13,2013-04-24,206,Not Open
T084,12-13,2013-04-24,206,Not Open
T085,12-13,2013-04-24,206,Not Open
T086,12-13,2013-04-24,206,Not Open
T087,12-13,2013-04-24,206,Not Open
T088,12-13,2013-04-24,206,Not Open
T089,12-13,2013-04-24,206,Not Open
T090,12-13,2013-04-24,206,Not Open
T091,12-13,2013-04-24,206,Not Open
T092,12-13,2013-04-24,206,Not Open
T127,12-13,2013-04-24,206,Not Open
T134,12-13,2013-04-24,206,Not Open
T135,12-13,2013-04-24,206,Not Open
T136,12-13,2013-04-24,206,Not Open
T137,12-13,2013-04-24,206,Not Open
T148,12-13,2013-04-24,206,Not Open
T151,12-13,2013-04-24,206,Not Open
T152,12-13,2013-04-24,206,Not Open
T155,12-13,2013-04-24,206,Not Open
T156,12-13,2013-04-24,206,Not Open
T157,12-13,2013-04-24,206,Not Open
T002,12-13,2013-04-25,207,Not Open
T003,12-13,2013-04-25,207,Not Open
T004,12-13,2013-04-25,207,Not Open
T005,12-13,2013-04-25,207,Not Open
T006,12-13,2013-04-25,207,Not Open
T007,12-13,2013-04-25,207,Not Open
T008,12-13,2013-04-25,207,Not Open
T009,12-13,2013-04-25,207,Not Open
T010,12-13,2013-04-25,207,Not Open
T011,12-13,2013-04-25,207,Not Open
T012,12-13,2013-04-25,207,Not Open
T013,12-13,2013-04-25,207,Not Open
T015,12-13,2013-04-25,207,Not Open
T016,12-13,2013-04-25,207,Not Open
T017,12-13,2013-04-25,207,Not Open
T018,12-13,2013-04-25,207,Not Open
T019,12-13,2013-04-25,207,Not Open
T020,12-13,2013-04-25,207,Not Open
T021,12-13,2013-04-25,207,Not Open
T022,12-13,2013-04-25,207,Not Open
T023,12-13,2013-04-25,207,Not Open
T024,12-13,2013-04-25,207,Not Open
T025,12-13,2013-04-25,207,Not Open
T026,12-13,2013-04-25,207,Not Open
T027,12-13,2013-04-25,207,Not Open
T028,12-13,2013-04-25,207,Not Open
T029,12-13,2013-04-25,207,Not Open
T030,12-13,2013-04-25,207,Not Open
T031,12-13,2013-04-25,207,Not Open
T032,12-13,2013-04-25,207,Not Open
T033,12-13,2013-04-25,207,Not Open
T034,12-13,2013-04-25,207,Not Open
T035,12-13,2013-04-25,207,Not Open
T036,12-13,2013-04-25,207,Not Open
T037,12-13,2013-04-25,207,Not Open
T038,12-13,2013-04-25,207,Not Open
T039,12-13,2013-04-25,207,Not Open
T040,12-13,2013-04-25,207,Not Open
T042,12-13,2013-04-25,207,Not Open
T043,12-13,2013-04-25,207,Not Open
T044,12-13,2013-04-25,207,Not Open
T045,12-13,2013-04-25,207,Not Open
T046,12-13,2013-04-25,207,Not Open
T047,12-13,2013-04-25,207,Not Open
T048,12-13,2013-04-25,207,Not Open
T049,12-13,2013-04-25,207,Not Open
T051,12-13,2013-04-25,207,Not Open
T052,12-13,2013-04-25,207,Not Open
T053,12-13,2013-04-25,207,Not Open
T054,12-13,2013-04-25,207,Not Open
T061,12-13,2013-04-25,207,Not Open
T063,12-13,2013-04-25,207,Not Open
T064,12-13,2013-04-25,207,Not Open
T065,12-13,2013-04-25,207,Not Open
T066,12-13,2013-04-25,207,Not Open
T067,12-13,2013-04-25,207,Not Open
T068,12-13,2013-04-25,207,Not Open
T069,12-13,2013-04-25,207,Not Open
T070,12-13,2013-04-25,207,Not Open
T071,12-13,2013-04-25,207,Not Open
T072,12-13,2013-04-25,207,Not Open
T073,12-13,2013-04-25,207,Not Open
T074,12-13,2013-04-25,207,Not Open
T075,12-13,2013-04-25,207,Not Open
T076,12-13,2013-04-25,207,Not Open
T077,12-13,2013-04-25,207,Not Open
T078,12-13,2013-04-25,207,Not Open
T079,12-13,2013-04-25,207,Not Open
T080,12-13,2013-04-25,207,Not Open
T081,12-13,2013-04-25,207,Not Open
T083,12-13,2013-04-25,207,Not Open
T084,12-13,2013-04-25,207,Not Open
T085,12-13,2013-04-25,207,Not Open
T086,12-13,2013-04-25,207,Not Open
T087,12-13,2013-04-25,207,Not Open
T088,12-13,2013-04-25,207,Not Open
T089,12-13,2013-04-25,207,Not Open
T090,12-13,2013-04-25,207,Not Open
T091,12-13,2013-04-25,207,Not Open
T092,12-13,2013-04-25,207,Not Open
T127,12-13,2013-04-25,207,Not Open
T134,12-13,2013-04-25,207,Not Open
T135,12-13,2013-04-25,207,Not Open
T136,12-13,2013-04-25,207,Not Open
T137,12-13,2013-04-25,207,Not Open
T148,12-13,2013-04-25,207,Not Open
T151,12-13,2013-04-25,207,Not Open
T152,12-13,2013-04-25,207,Not Open
T155,12-13,2013-04-25,207,Not Open
T156,12-13,2013-04-25,207,Not Open
T157,12-13,2013-04-25,207,Not Open
T002,12-13,2013-04-26,208,Not Open
T003,12-13,2013-04-26,208,Not Open
T004,12-13,2013-04-26,208,Not Open
T005,12-13,2013-04-26,208,Not Open
T006,12-13,2013-04-26,208,Not Open
T007,12-13,2013-04-26,208,Not Open
T008,12-13,2013-04-26,208,Not Open
T009,12-13,2013-04-26,208,Not Open
T010,12-13,2013-04-26,208,Not Open
T011,12-13,2013-04-26,208,Not Open
T012,12-13,2013-04-26,208,Not Open
T013,12-13,2013-04-26,208,Not Open
T015,12-13,2013-04-26,208,Not Open
T016,12-13,2013-04-26,208,Not Open
T017,12-13,2013-04-26,208,Not Open
T018,12-13,2013-04-26,208,Not Open
T019,12-13,2013-04-26,208,Not Open
T020,12-13,2013-04-26,208,Not Open
T021,12-13,2013-04-26,208,Not Open
T022,12-13,2013-04-26,208,Not Open
T023,12-13,2013-04-26,208,Not Open
T024,12-13,2013-04-26,208,Not Open
T025,12-13,2013-04-26,208,Not Open
T026,12-13,2013-04-26,208,Not Open
T027,12-13,2013-04-26,208,Not Open
T028,12-13,2013-04-26,208,Not Open
T029,12-13,2013-04-26,208,Not Open
T030,12-13,2013-04-26,208,Not Open
T031,12-13,2013-04-26,208,Not Open
T032,12-13,2013-04-26,208,Not Open
T033,12-13,2013-04-26,208,Not Open
T034,12-13,2013-04-26,208,Not Open
T035,12-13,2013-04-26,208,Not Open
T036,12-13,2013-04-26,208,Not Open
T037,12-13,2013-04-26,208,Not Open
T038,12-13,2013-04-26,208,Not Open
T039,12-13,2013-04-26,208,Not Open
T040,12-13,2013-04-26,208,Not Open
T042,12-13,2013-04-26,208,Not Open
T043,12-13,2013-04-26,208,Not Open
T044,12-13,2013-04-26,208,Not Open
T045,12-13,2013-04-26,208,Not Open
T046,12-13,2013-04-26,208,Not Open
T047,12-13,2013-04-26,208,Not Open
T048,12-13,2013-04-26,208,Not Open
T049,12-13,2013-04-26,208,Not Open
T051,12-13,2013-04-26,208,Not Open
T052,12-13,2013-04-26,208,Not Open
T053,12-13,2013-04-26,208,Not Open
T054,12-13,2013-04-26,208,Not Open
T061,12-13,2013-04-26,208,Not Open
T063,12-13,2013-04-26,208,Not Open
T064,12-13,2013-04-26,208,Not Open
T065,12-13,2013-04-26,208,Not Open
T066,12-13,2013-04-26,208,Not Open
T067,12-13,2013-04-26,208,Not Open
T068,12-13,2013-04-26,208,Not Open
T069,12-13,2013-04-26,208,Not Open
T070,12-13,2013-04-26,208,Not Open
T071,12-13,2013-04-26,208,Not Open
T072,12-13,2013-04-26,208,Not Open
T073,12-13,2013-04-26,208,Not Open
T074,12-13,2013-04-26,208,Not Open
T075,12-13,2013-04-26,208,Not Open
T076,12-13,2013-04-26,208,Not Open
T077,12-13,2013-04-26,208,Not Open
T078,12-13,2013-04-26,208,Not Open
T079,12-13,2013-04-26,208,Not Open
T080,12-13,2013-04-26,208,Not Open
T081,12-13,2013-04-26,208,Not Open
T083,12-13,2013-04-26,208,Not Open
T084,12-13,2013-04-26,208,Not Open
T085,12-13,2013-04-26,208,Not Open
T086,12-13,2013-04-26,208,Not Open
T087,12-13,2013-04-26,208,Not Open
T088,12-13,2013-04-26,208,Not Open
T089,12-13,2013-04-26,208,Not Open
T090,12-13,2013-04-26,208,Not Open
T091,12-13,2013-04-26,208,Not Open
T092,12-13,2013-04-26,208,Not Open
T127,12-13,2013-04-26,208,Not Open
T134,12-13,2013-04-26,208,Not Open
T135,12-13,2013-04-26,208,Not Open
T136,12-13,2013-04-26,208,Not Open
T137,12-13,2013-04-26,208,Not Open
T148,12-13,2013-04-26,208,Not Open
T151,12-13,2013-04-26,208,Not Open
T152,12-13,2013-04-26,208,Not Open
T155,12-13,2013-04-26,208,Not Open
T156,12-13,2013-04-26,208,Not Open
T157,12-13,2013-04-26,208,Not Open
T002,12-13,2013-04-27,209,Not Open
T003,12-13,2013-04-27,209,Not Open
T004,12-13,2013-04-27,209,Not Open
T005,12-13,2013-04-27,209,Not Open
T006,12-13,2013-04-27,209,Not Open
T007,12-13,2013-04-27,209,Not Open
T008,12-13,2013-04-27,209,Not Open
T009,12-13,2013-04-27,209,Not Open
T010,12-13,2013-04-27,209,Not Open
T011,12-13,2013-04-27,209,Not Open
T012,12-13,2013-04-27,209,Not Open
T013,12-13,2013-04-27,209,Not Open
T015,12-13,2013-04-27,209,Not Open
T016,12-13,2013-04-27,209,Not Open
T017,12-13,2013-04-27,209,Not Open
T018,12-13,2013-04-27,209,Not Open
T019,12-13,2013-04-27,209,Not Open
T020,12-13,2013-04-27,209,Not Open
T021,12-13,2013-04-27,209,Not Open
T022,12-13,2013-04-27,209,Not Open
T023,12-13,2013-04-27,209,Not Open
T024,12-13,2013-04-27,209,Not Open
T025,12-13,2013-04-27,209,Not Open
T026,12-13,2013-04-27,209,Not Open
T027,12-13,2013-04-27,209,Not Open
T028,12-13,2013-04-27,209,Not Open
T029,12-13,2013-04-27,209,Not Open
T030,12-13,2013-04-27,209,Not Open
T031,12-13,2013-04-27,209,Not Open
T032,12-13,2013-04-27,209,Not Open
T033,12-13,2013-04-27,209,Not Open
T034,12-13,2013-04-27,209,Not Open
T035,12-13,2013-04-27,209,Not Open
T036,12-13,2013-04-27,209,Not Open
T037,12-13,2013-04-27,209,Not Open
T038,12-13,2013-04-27,209,Not Open
T039,12-13,2013-04-27,209,Not Open
T040,12-13,2013-04-27,209,Not Open
T042,12-13,2013-04-27,209,Not Open
T043,12-13,2013-04-27,209,Not Open
T044,12-13,2013-04-27,209,Not Open
T045,12-13,2013-04-27,209,Not Open
T046,12-13,2013-04-27,209,Not Open
T047,12-13,2013-04-27,209,Not Open
T048,12-13,2013-04-27,209,Not Open
T049,12-13,2013-04-27,209,Not Open
T051,12-13,2013-04-27,209,Not Open
T052,12-13,2013-04-27,209,Not Open
T053,12-13,2013-04-27,209,Not Open
T054,12-13,2013-04-27,209,Not Open
T061,12-13,2013-04-27,209,Not Open
T063,12-13,2013-04-27,209,Not Open
T064,12-13,2013-04-27,209,Not Open
T065,12-13,2013-04-27,209,Not Open
T066,12-13,2013-04-27,209,Not Open
T067,12-13,2013-04-27,209,Not Open
T068,12-13,2013-04-27,209,Not Open
T069,12-13,2013-04-27,209,Not Open
T070,12-13,2013-04-27,209,Not Open
T071,12-13,2013-04-27,209,Not Open
T072,12-13,2013-04-27,209,Not Open
T073,12-13,2013-04-27,209,Not Open
T074,12-13,2013-04-27,209,Not Open
T075,12-13,2013-04-27,209,Not Open
T076,12-13,2013-04-27,209,Not Open
T077,12-13,2013-04-27,209,Not Open
T078,12-13,2013-04-27,209,Not Open
T079,12-13,2013-04-27,209,Not Open
T080,12-13,2013-04-27,209,Not Open
T081,12-13,2013-04-27,209,Not Open
T083,12-13,2013-04-27,209,Not Open
T084,12-13,2013-04-27,209,Not Open
T085,12-13,2013-04-27,209,Not Open
T086,12-13,2013-04-27,209,Not Open
T087,12-13,2013-04-27,209,Not Open
T088,12-13,2013-04-27,209,Not Open
T089,12-13,2013-04-27,209,Not Open
T090,12-13,2013-04-27,209,Not Open
T091,12-13,2013-04-27,209,Not Open
T092,12-13,2013-04-27,209,Not Open
T127,12-13,2013-04-27,209,Not Open
T134,12-13,2013-04-27,209,Not Open
T135,12-13,2013-04-27,209,Not Open
T136,12-13,2013-04-27,209,Not Open
T137,12-13,2013-04-27,209,Not Open
T148,12-13,2013-04-27,209,Not Open
T151,12-13,2013-04-27,209,Not Open
T152,12-13,2013-04-27,209,Not Open
T155,12-13,2013-04-27,209,Not Open
T156,12-13,2013-04-27,209,Not Open
T157,12-13,2013-04-27,209,Not Open
T002,12-13,2013-04-28,210,Not Open
T003,12-13,2013-04-28,210,Not Open
T004,12-13,2013-04-28,210,Not Open
T005,12-13,2013-04-28,210,Not Open
T006,12-13,2013-04-28,210,Not Open
T007,12-13,2013-04-28,210,Not Open
T008,12-13,2013-04-28,210,Not Open
T009,12-13,2013-04-28,210,Not Open
T010,12-13,2013-04-28,210,Not Open
T011,12-13,2013-04-28,210,Not Open
T012,12-13,2013-04-28,210,Not Open
T013,12-13,2013-04-28,210,Not Open
T015,12-13,2013-04-28,210,Not Open
T016,12-13,2013-04-28,210,Not Open
T017,12-13,2013-04-28,210,Not Open
T018,12-13,2013-04-28,210,Not Open
T019,12-13,2013-04-28,210,Not Open
T020,12-13,2013-04-28,210,Not Open
T021,12-13,2013-04-28,210,Not Open
T022,12-13,2013-04-28,210,Not Open
T023,12-13,2013-04-28,210,Not Open
T024,12-13,2013-04-28,210,Not Open
T025,12-13,2013-04-28,210,Not Open
T026,12-13,2013-04-28,210,Not Open
T027,12-13,2013-04-28,210,Not Open
T028,12-13,2013-04-28,210,Not Open
T029,12-13,2013-04-28,210,Not Open
T030,12-13,2013-04-28,210,Not Open
T031,12-13,2013-04-28,210,Not Open
T032,12-13,2013-04-28,210,Not Open
T033,12-13,2013-04-28,210,Not Open
T034,12-13,2013-04-28,210,Not Open
T035,12-13,2013-04-28,210,Not Open
T036,12-13,2013-04-28,210,Not Open
T037,12-13,2013-04-28,210,Not Open
T038,12-13,2013-04-28,210,Not Open
T039,12-13,2013-04-28,210,Not Open
T040,12-13,2013-04-28,210,Not Open
T042,12-13,2013-04-28,210,Not Open
T043,12-13,2013-04-28,210,Not Open
T044,12-13,2013-04-28,210,Not Open
T045,12-13,2013-04-28,210,Not Open
T046,12-13,2013-04-28,210,Not Open
T047,12-13,2013-04-28,210,Not Open
T048,12-13,2013-04-28,210,Not Open
T049,12-13,2013-04-28,210,Not Open
T051,12-13,2013-04-28,210,Not Open
T052,12-13,2013-04-28,210,Not Open
T053,12-13,2013-04-28,210,Not Open
T054,12-13,2013-04-28,210,Not Open
T061,12-13,2013-04-28,210,Not Open
T063,12-13,2013-04-28,210,Not Open
T064,12-13,2013-04-28,210,Not Open
T065,12-13,2013-04-28,210,Not Open
T066,12-13,2013-04-28,210,Not Open
T067,12-13,2013-04-28,210,Not Open
T068,12-13,2013-04-28,210,Not Open
T069,12-13,2013-04-28,210,Not Open
T070,12-13,2013-04-28,210,Not Open
T071,12-13,2013-04-28,210,Not Open
T072,12-13,2013-04-28,210,Not Open
T073,12-13,2013-04-28,210,Not Open
T074,12-13,2013-04-28,210,Not Open
T075,12-13,2013-04-28,210,Not Open
T076,12-13,2013-04-28,210,Not Open
T077,12-13,2013-04-28,210,Not Open
T078,12-13,2013-04-28,210,Not Open
T079,12-13,2013-04-28,210,Not Open
T080,12-13,2013-04-28,210,Not Open
T081,12-13,2013-04-28,210,Not Open
T083,12-13,2013-04-28,210,Not Open
T084,12-13,2013-04-28,210,Not Open
T085,12-13,2013-04-28,210,Not Open
T086,12-13,2013-04-28,210,Not Open
T087,12-13,2013-04-28,210,Not Open
T088,12-13,2013-04-28,210,Not Open
T089,12-13,2013-04-28,210,Not Open
T090,12-13,2013-04-28,210,Not Open
T091,12-13,2013-04-28,210,Not Open
T092,12-13,2013-04-28,210,Not Open
T127,12-13,2013-04-28,210,Not Open
T134,12-13,2013-04-28,210,Not Open
T135,12-13,2013-04-28,210,Not Open
T136,12-13,2013-04-28,210,Not Open
T137,12-13,2013-04-28,210,Not Open
T148,12-13,2013-04-28,210,Not Open
T151,12-13,2013-04-28,210,Not Open
T152,12-13,2013-04-28,210,Not Open
T155,12-13,2013-04-28,210,Not Open
T156,12-13,2013-04-28,210,Not Open
T157,12-13,2013-04-28,210,Not Open
T002,12-13,2013-04-29,211,Not Open
T003,12-13,2013-04-29,211,Not Open
T004,12-13,2013-04-29,211,Not Open
T005,12-13,2013-04-29,211,Not Open
T006,12-13,2013-04-29,211,Not Open
T007,12-13,2013-04-29,211,Not Open
T008,12-13,2013-04-29,211,Not Open
T009,12-13,2013-04-29,211,Not Open
T010,12-13,2013-04-29,211,Not Open
T011,12-13,2013-04-29,211,Not Open
T012,12-13,2013-04-29,211,Not Open
T013,12-13,2013-04-29,211,Not Open
T015,12-13,2013-04-29,211,Not Open
T016,12-13,2013-04-29,211,Not Open
T017,12-13,2013-04-29,211,Not Open
T018,12-13,2013-04-29,211,Not Open
T019,12-13,2013-04-29,211,Not Open
T020,12-13,2013-04-29,211,Not Open
T021,12-13,2013-04-29,211,Not Open
T022,12-13,2013-04-29,211,Not Open
T023,12-13,2013-04-29,211,Not Open
T024,12-13,2013-04-29,211,Not Open
T025,12-13,2013-04-29,211,Not Open
T026,12-13,2013-04-29,211,Not Open
T027,12-13,2013-04-29,211,Not Open
T028,12-13,2013-04-29,211,Not Open
T029,12-13,2013-04-29,211,Not Open
T030,12-13,2013-04-29,211,Not Open
T031,12-13,2013-04-29,211,Not Open
T032,12-13,2013-04-29,211,Not Open
T033,12-13,2013-04-29,211,Not Open
T034,12-13,2013-04-29,211,Not Open
T035,12-13,2013-04-29,211,Not Open
T036,12-13,2013-04-29,211,Not Open
T037,12-13,2013-04-29,211,Not Open
T038,12-13,2013-04-29,211,Not Open
T039,12-13,2013-04-29,211,Not Open
T040,12-13,2013-04-29,211,Not Open
T042,12-13,2013-04-29,211,Not Open
T043,12-13,2013-04-29,211,Not Open
T044,12-13,2013-04-29,211,Not Open
T045,12-13,2013-04-29,211,Not Open
T046,12-13,2013-04-29,211,Not Open
T047,12-13,2013-04-29,211,Not Open
T048,12-13,2013-04-29,211,Not Open
T049,12-13,2013-04-29,211,Not Open
T051,12-13,2013-04-29,211,Not Open
T052,12-13,2013-04-29,211,Not Open
T053,12-13,2013-04-29,211,Not Open
T054,12-13,2013-04-29,211,Not Open
T061,12-13,2013-04-29,211,Not Open
T063,12-13,2013-04-29,211,Not Open
T064,12-13,2013-04-29,211,Not Open
T065,12-13,2013-04-29,211,Not Open
T066,12-13,2013-04-29,211,Not Open
T067,12-13,2013-04-29,211,Not Open
T068,12-13,2013-04-29,211,Not Open
T069,12-13,2013-04-29,211,Not Open
T070,12-13,2013-04-29,211,Not Open
T071,12-13,2013-04-29,211,Not Open
T072,12-13,2013-04-29,211,Not Open
T073,12-13,2013-04-29,211,Not Open
T074,12-13,2013-04-29,211,Not Open
T075,12-13,2013-04-29,211,Not Open
T076,12-13,2013-04-29,211,Not Open
T077,12-13,2013-04-29,211,Not Open
T078,12-13,2013-04-29,211,Not Open
T079,12-13,2013-04-29,211,Not Open
T080,12-13,2013-04-29,211,Not Open
T081,12-13,2013-04-29,211,Not Open
T083,12-13,2013-04-29,211,Not Open
T084,12-13,2013-04-29,211,Not Open
T085,12-13,2013-04-29,211,Not Open
T086,12-13,2013-04-29,211,Not Open
T087,12-13,2013-04-29,211,Not Open
T088,12-13,2013-04-29,211,Not Open
T089,12-13,2013-04-29,211,Not Open
T090,12-13,2013-04-29,211,Not Open
T091,12-13,2013-04-29,211,Not Open
T092,12-13,2013-04-29,211,Not Open
T127,12-13,2013-04-29,211,Not Open
T134,12-13,2013-04-29,211,Not Open
T135,12-13,2013-04-29,211,Not Open
T136,12-13,2013-04-29,211,Not Open
T137,12-13,2013-04-29,211,Not Open
T148,12-13,2013-04-29,211,Not Open
T151,12-13,2013-04-29,211,Not Open
T152,12-13,2013-04-29,211,Not Open
T155,12-13,2013-04-29,211,Not Open
T156,12-13,2013-04-29,211,Not Open
T157,12-13,2013-04-29,211,Not Open
T002,12-13,2013-04-30,212,Not Open
T003,12-13,2013-04-30,212,Not Open
T004,12-13,2013-04-30,212,Not Open
T005,12-13,2013-04-30,212,Not Open
T006,12-13,2013-04-30,212,Not Open
T007,12-13,2013-04-30,212,Not Open
T008,12-13,2013-04-30,212,Not Open
T009,12-13,2013-04-30,212,Not Open
T010,12-13,2013-04-30,212,Not Open
T011,12-13,2013-04-30,212,Not Open
T012,12-13,2013-04-30,212,Not Open
T013,12-13,2013-04-30,212,Not Open
T015,12-13,2013-04-30,212,Not Open
T016,12-13,2013-04-30,212,Not Open
T017,12-13,2013-04-30,212,Not Open
T018,12-13,2013-04-30,212,Not Open
T019,12-13,2013-04-30,212,Not Open
T020,12-13,2013-04-30,212,Not Open
T021,12-13,2013-04-30,212,Not Open
T022,12-13,2013-04-30,212,Not Open
T023,12-13,2013-04-30,212,Not Open
T024,12-13,2013-04-30,212,Not Open
T025,12-13,2013-04-30,212,Not Open
T026,12-13,2013-04-30,212,Not Open
T027,12-13,2013-04-30,212,Not Open
T028,12-13,2013-04-30,212,Not Open
T029,12-13,2013-04-30,212,Not Open
T030,12-13,2013-04-30,212,Not Open
T031,12-13,2013-04-30,212,Not Open
T032,12-13,2013-04-30,212,Not Open
T033,12-13,2013-04-30,212,Not Open
T034,12-13,2013-04-30,212,Not Open
T035,12-13,2013-04-30,212,Not Open
T036,12-13,2013-04-30,212,Not Open
T037,12-13,2013-04-30,212,Not Open
T038,12-13,2013-04-30,212,Not Open
T039,12-13,2013-04-30,212,Not Open
T040,12-13,2013-04-30,212,Not Open
T042,12-13,2013-04-30,212,Not Open
T043,12-13,2013-04-30,212,Not Open
T044,12-13,2013-04-30,212,Not Open
T045,12-13,2013-04-30,212,Not Open
T046,12-13,2013-04-30,212,Not Open
T047,12-13,2013-04-30,212,Not Open
T048,12-13,2013-04-30,212,Not Open
T049,12-13,2013-04-30,212,Not Open
T051,12-13,2013-04-30,212,Not Open
T052,12-13,2013-04-30,212,Not Open
T053,12-13,2013-04-30,212,Not Open
T054,12-13,2013-04-30,212,Not Open
T061,12-13,2013-04-30,212,Not Open
T063,12-13,2013-04-30,212,Not Open
T064,12-13,2013-04-30,212,Not Open
T065,12-13,2013-04-30,212,Not Open
T066,12-13,2013-04-30,212,Not Open
T067,12-13,2013-04-30,212,Not Open
T068,12-13,2013-04-30,212,Not Open
T069,12-13,2013-04-30,212,Not Open
T070,12-13,2013-04-30,212,Not Open
T071,12-13,2013-04-30,212,Not Open
T072,12-13,2013-04-30,212,Not Open
T073,12-13,2013-04-30,212,Not Open
T074,12-13,2013-04-30,212,Not Open
T075,12-13,2013-04-30,212,Not Open
T076,12-13,2013-04-30,212,Not Open
T077,12-13,2013-04-30,212,Not Open
T078,12-13,2013-04-30,212,Not Open
T079,12-13,2013-04-30,212,Not Open
T080,12-13,2013-04-30,212,Not Open
T081,12-13,2013-04-30,212,Not Open
T083,12-13,2013-04-30,212,Not Open
T084,12-13,2013-04-30,212,Not Open
T085,12-13,2013-04-30,212,Not Open
T086,12-13,2013-04-30,212,Not Open
T087,12-13,2013-04-30,212,Not Open
T088,12-13,2013-04-30,212,Not Open
T089,12-13,2013-04-30,212,Not Open
T090,12-13,2013-04-30,212,Not Open
T091,12-13,2013-04-30,212,Not Open
T092,12-13,2013-04-30,212,Not Open
T127,12-13,2013-04-30,212,Not Open
T134,12-13,2013-04-30,212,Not Open
T135,12-13,2013-04-30,212,Not Open
T136,12-13,2013-04-30,212,Not Open
T137,12-13,2013-04-30,212,Not Open
T148,12-13,2013-04-30,212,Not Open
T151,12-13,2013-04-30,212,Not Open
T152,12-13,2013-04-30,212,Not Open
T155,12-13,2013-04-30,212,Not Open
T156,12-13,2013-04-30,212,Not Open
T157,12-13,2013-04-30,212,Not Open