trail_id,season,date,season_day,dashboard_status
T001,21-22,2021-10-01,1,Not Open
T002,21-22,2021-10-01,1,Not Open
T003,21-22,2021-10-01,1,Not Open
T004,21-22,2021-10-01,1,Not Open
T005,21-22,2021-10-01,1,Not Open
T006,21-22,2021-10-01,1,Not Open
T007,21-22,2021-10-01,1,Not Open
T008,21-22,2021-10-01,1,Not Open
T009,21-22,2021-10-01,1,Not Open
T010,21-22,2021-10-01,1,Not Open
T011,21-22,2021-10-01,1,Not Open
T012,21-22,2021-10-01,1,Not Open
T013,21-22,2021-10-01,1,Not Open
T014,21-22,2021-10-01,1,Not Open
T015,21-22,2021-10-01,1,Not Open
T016,21-22,2021-10-01,1,Not Open
T017,21-22,2021-10-01,1,Not Open
T018,21-22,2021-10-01,1,Not Open
T019,21-22,2021-10-01,1,Not Open
T020,21-22,2021-10-01,1,Not Open
T021,21-22,2021-10-01,1,Not Open
T022,21-22,2021-10-01,1,Not Open
T023,21-22,2021-10-01,1,Not Open
T024,21-22,2021-10-01,1,Not Open
T025,21-22,2021-10-01,1,Not Open
T026,21-22,2021-10-01,1,Not Open
T027,21-22,2021-10-01,1,Not Open
T028,21-22,2021-10-01,1,Not Open
T029,21-22,2021-10-01,1,Not Open
T030,21-22,2021-10-01,1,Not Open
T031,21-22,2021-10-01,1,Not Open
T032,21-22,2021-10-01,1,Not Open
T033,21-22,2021-10-01,1,Not Open
T034,21-22,2021-10-01,1,Not Open
T035,21-22,2021-10-01,1,Not Open
T036,21-22,2021-10-01,1,Not Open
T037,21-22,2021-10-01,1,Not Open
T038,21-22,2021-10-01,1,Not Open
T039,21-22,2021-10-01,1,Not Open
T040,21-22,2021-10-01,1,Not Open
T041,21-22,2021-10-01,1,Not Open
T042,21-22,2021-10-01,1,Not Open
T043,21-22,2021-10-01,1,Not Open
T044,21-22,2021-10-01,1,Not Open
T045,21-22,2021-10-01,1,Not Open
T046,21-22,2021-10-01,1,Not Open
T047,21-22,2021-10-01,1,Not Open
T048,21-22,2021-10-01,1,Not Open
T049,21-22,2021-10-01,1,Not Open
T050,21-22,2021-10-01,1,Not Open
T051,21-22,2021-10-01,1,Not Open
T052,21-22,2021-10-01,1,Not Open
T053,21-22,2021-10-01,1,Not Open
T054,21-22,2021-10-01,1,Not Open
T055,21-22,2021-10-01,1,Not Open
T056,21-22,2021-10-01,1,Not Open
T057,21-22,2021-10-01,1,Not Open
T058,21-22,2021-10-01,1,Not Open
T061,21-22,2021-10-01,1,Not Open
T063,21-22,2021-10-01,1,Not Open
T064,21-22,2021-10-01,1,Not Open
T065,21-22,2021-10-01,1,Not Open
T067,21-22,2021-10-01,1,Not Open
T068,21-22,2021-10-01,1,Not Open
T069,21-22,2021-10-01,1,Not Open
T070,21-22,2021-10-01,1,Not Open
T071,21-22,2021-10-01,1,Not Open
T072,21-22,2021-10-01,1,Not Open
T073,21-22,2021-10-01,1,Not Open
T074,21-22,2021-10-01,1,Not Open
T075,21-22,2021-10-01,1,Not Open
T076,21-22,2021-10-01,1,Not Open
T077,21-22,2021-10-01,1,Not Open
T078,21-22,2021-10-01,1,Not Open
T079,21-22,2021-10-01,1,Not Open
T080,21-22,2021-10-01,1,Not Open
T081,21-22,2021-10-01,1,Not Open
T082,21-22,2021-10-01,1,Not Open
T083,21-22,2021-10-01,1,Not Open
T084,21-22,2021-10-01,1,Not Open
T085,21-22,2021-10-01,1,Not Open
T086,21-22,2021-10-01,1,Not Open
T087,21-22,2021-10-01,1,Not Open
T088,21-22,2021-10-01,1,Not Open
T089,21-22,2021-10-01,1,Not Open
T090,21-22,2021-10-01,1,Not Open
T091,21-22,2021-10-01,1,Not Open
T092,21-22,2021-10-01,1,Not Open
T127,21-22,2021-10-01,1,Not Open
T134,21-22,2021-10-01,1,Not Open
T135,21-22,2021-10-01,1,Not Open
T136,21-22,2021-10-01,1,Not Open
T137,21-22,2021-10-01,1,Not Open
T148,21-22,2021-10-01,1,Not Open
T154,21-22,2021-10-01,1,Not Open
T001,21-22,2021-10-02,2,Not Open
T002,21-22,2021-10-02,2,Not Open
T003,21-22,2021-10-02,2,Not Open
T004,21-22,2021-10-02,2,Not Open
T005,21-22,2021-10-02,2,Not Open
T006,21-22,2021-10-02,2,Not Open
T007,21-22,2021-10-02,2,Not Open
T008,21-22,2021-10-02,2,Not Open
T009,21-22,2021-10-02,2,Not Open
T010,21-22,2021-10-02,2,Not Open
T011,21-22,2021-10-02,2,Not Open
T012,21-22,2021-10-02,2,Not Open
T013,21-22,2021-10-02,2,Not Open
T014,21-22,2021-10-02,2,Not Open
T015,21-22,2021-10-02,2,Not Open
T016,21-22,2021-10-02,2,Not Open
T017,21-22,2021-10-02,2,Not Open
T018,21-22,2021-10-02,2,Not Open
T019,21-22,2021-10-02,2,Not Open
T020,21-22,2021-10-02,2,Not Open
T021,21-22,2021-10-02,2,Not Open
T022,21-22,2021-10-02,2,Not Open
T023,21-22,2021-10-02,2,Not Open
T024,21-22,2021-10-02,2,Not Open
T025,21-22,2021-10-02,2,Not Open
T026,21-22,2021-10-02,2,Not Open
T027,21-22,2021-10-02,2,Not Open
T028,21-22,2021-10-02,2,Not Open
T029,21-22,2021-10-02,2,Not Open
T030,21-22,2021-10-02,2,Not Open
T031,21-22,2021-10-02,2,Not Open
T032,21-22,2021-10-02,2,Not Open
T033,21-22,2021-10-02,2,Not Open
T034,21-22,2021-10-02,2,Not Open
T035,21-22,2021-10-02,2,Not Open
T036,21-22,2021-10-02,2,Not Open
T037,21-22,2021-10-02,2,Not Open
T038,21-22,2021-10-02,2,Not Open
T039,21-22,2021-10-02,2,Not Open
T040,21-22,2021-10-02,2,Not Open
T041,21-22,2021-10-02,2,Not Open
T042,21-22,2021-10-02,2,Not Open
T043,21-22,2021-10-02,2,Not Open
T044,21-22,2021-10-02,2,Not Open
T045,21-22,2021-10-02,2,Not Open
T046,21-22,2021-10-02,2,Not Open
T047,21-22,2021-10-02,2,Not Open
T048,21-22,2021-10-02,2,Not Open
T049,21-22,2021-10-02,2,Not Open
T050,21-22,2021-10-02,2,Not Open
T051,21-22,2021-10-02,2,Not Open
T052,21-22,2021-10-02,2,Not Open
T053,21-22,2021-10-02,2,Not Open
T054,21-22,2021-10-02,2,Not Open
T055,21-22,2021-10-02,2,Not Open
T056,21-22,2021-10-02,2,Not Open
T057,21-22,2021-10-02,2,Not Open
T058,21-22,2021-10-02,2,Not Open
T061,21-22,2021-10-02,2,Not Open
T063,21-22,2021-10-02,2,Not Open
T064,21-22,2021-10-02,2,Not Open
T065,21-22,2021-10-02,2,Not Open
T067,21-22,2021-10-02,2,Not Open
T068,21-22,2021-10-02,2,Not Open
T069,21-22,2021-10-02,2,Not Open
T070,21-22,2021-10-02,2,Not Open
T071,21-22,2021-10-02,2,Not Open
T072,21-22,2021-10-02,2,Not Open
T073,21-22,2021-10-02,2,Not Open
T074,21-22,2021-10-02,2,Not Open
T075,21-22,2021-10-02,2,Not Open
T076,21-22,2021-10-02,2,Not Open
T077,21-22,2021-10-02,2,Not Open
T078,21-22,2021-10-02,2,Not Open
T079,21-22,2021-10-02,2,Not Open
T080,21-22,2021-10-02,2,Not Open
T081,21-22,2021-10-02,2,Not Open
T082,21-22,2021-10-02,2,Not Open
T083,21-22,2021-10-02,2,Not Open
T084,21-22,2021-10-02,2,Not Open
T085,21-22,2021-10-02,2,Not Open
T086,21-22,2021-10-02,2,Not Open
T087,21-22,2021-10-02,2,Not Open
T088,21-22,2021-10-02,2,Not Open
T089,21-22,2021-10-02,2,Not Open
T090,21-22,2021-10-02,2,Not Open
T091,21-22,2021-10-02,2,Not Open
T092,21-22,2021-10-02,2,Not Open
T127,21-22,2021-10-02,2,Not Open
T134,21-22,2021-10-02,2,Not Open
T135,21-22,2021-10-02,2,Not Open
T136,21-22,2021-10-02,2,Not Open
T137,21-22,2021-10-02,2,Not Open
T148,21-22,2021-10-02,2,Not Open
T154,21-22,2021-10-02,2,Not Open
T001,21-22,2021-10-03,3,Not Open
T002,21-22,2021-10-03,3,Not Open
T003,21-22,2021-10-03,3,Not Open
T004,21-22,2021-10-03,3,Not Open
T005,21-22,2021-10-03,3,Not Open
T006,21-22,2021-10-03,3,Not Open
T007,21-22,2021-10-03,3,Not Open
T008,21-22,2021-10-03,3,Not Open
T009,21-22,2021-10-03,3,Not Open
T010,21-22,2021-10-03,3,Not Open
T011,21-22,2021-10-03,3,Not Open
T012,21-22,2021-10-03,3,Not Open
T013,21-22,2021-10-03,3,Not Open
T014,21-22,2021-10-03,3,Not Open
T015,21-22,2021-10-03,3,Not Open
T016,21-22,2021-10-03,3,Not Open
T017,21-22,2021-10-03,3,Not Open
T018,21-22,2021-10-03,3,Not Open
T019,21-22,2021-10-03,3,Not Open
T020,21-22,2021-10-03,3,Not Open
T021,21-22,2021-10-03,3,Not Open
T022,21-22,2021-10-03,3,Not Open
T023,21-22,2021-10-03,3,Not Open
T024,21-22,2021-10-03,3,Not Open
T025,21-22,2021-10-03,3,Not Open
T026,21-22,2021-10-03,3,Not Open
T027,21-22,2021-10-03,3,Not Open
T028,21-22,2021-10-03,3,Not Open
T029,21-22,2021-10-03,3,Not Open
T030,21-22,2021-10-03,3,Not Open
T031,21-22,2021-10-03,3,Not Open
T032,21-22,2021-10-03,3,Not Open
T033,21-22,2021-10-03,3,Not Open
T034,21-22,2021-10-03,3,Not Open
T035,21-22,2021-10-03,3,Not Open
T036,21-22,2021-10-03,3,Not Open
T037,21-22,2021-10-03,3,Not Open
T038,21-22,2021-10-03,3,Not Open
T039,21-22,2021-10-03,3,Not Open
T040,21-22,2021-10-03,3,Not Open
T041,21-22,2021-10-03,3,Not Open
T042,21-22,2021-10-03,3,Not Open
T043,21-22,2021-10-03,3,Not Open
T044,21-22,2021-10-03,3,Not Open
T045,21-22,2021-10-03,3,Not Open
T046,21-22,2021-10-03,3,Not Open
T047,21-22,2021-10-03,3,Not Open
T048,21-22,2021-10-03,3,Not Open
T049,21-22,2021-10-03,3,Not Open
T050,21-22,2021-10-03,3,Not Open
T051,21-22,2021-10-03,3,Not Open
T052,21-22,2021-10-03,3,Not Open
T053,21-22,2021-10-03,3,Not Open
T054,21-22,2021-10-03,3,Not Open
T055,21-22,2021-10-03,3,Not Open
T056,21-22,2021-10-03,3,Not Open
T057,21-22,2021-10-03,3,Not Open
T058,21-22,2021-10-03,3,Not Open
T061,21-22,2021-10-03,3,Not Open
T063,21-22,2021-10-03,3,Not Open
T064,21-22,2021-10-03,3,Not Open
T065,21-22,2021-10-03,3,Not Open
T067,21-22,2021-10-03,3,Not Open
T068,21-22,2021-10-03,3,Not Open
T069,21-22,2021-10-03,3,Not Open
T070,21-22,2021-10-03,3,Not Open
T071,21-22,2021-10-03,3,Not Open
T072,21-22,2021-10-03,3,Not Open
T073,21-22,2021-10-03,3,Not Open
T074,21-22,2021-10-03,3,Not Open
T075,21-22,2021-10-03,3,Not Open
T076,21-22,2021-10-03,3,Not Open
T077,21-22,2021-10-03,3,Not Open
T078,21-22,2021-10-03,3,Not Open
T079,21-22,2021-10-03,3,Not Open
T080,21-22,2021-10-03,3,Not Open
T081,21-22,2021-10-03,3,Not Open
T082,21-22,2021-10-03,3,Not Open
T083,21-22,2021-10-03,3,Not Open
T084,21-22,2021-10-03,3,Not Open
T085,21-22,2021-10-03,3,Not Open
T086,21-22,2021-10-03,3,Not Open
T087,21-22,2021-10-03,3,Not Open
T088,21-22,2021-10-03,3,Not Open
T089,21-22,2021-10-03,3,Not Open
T090,21-22,2021-10-03,3,Not Open
T091,21-22,2021-10-03,3,Not Open
T092,21-22,2021-10-03,3,Not Open
T127,21-22,2021-10-03,3,Not Open
T134,21-22,2021-10-03,3,Not Open
T135,21-22,2021-10-03,3,Not Open
T136,21-22,2021-10-03,3,Not Open
T137,21-22,2021-10-03,3,Not Open
T148,21-22,2021-10-03,3,Not Open
T154,21-22,2021-10-03,3,Not Open
T001,21-22,2021-10-04,4,Not Open
T002,21-22,2021-10-04,4,Not Open
T003,21-22,2021-10-04,4,Not Open
T004,21-22,2021-10-04,4,Not Open
T005,21-22,2021-10-04,4,Not Open
T006,21-22,2021-10-04,4,Not Open
T007,21-22,2021-10-04,4,Not Open
T008,21-22,2021-10-04,4,Not Open
T009,21-22,2021-10-04,4,Not Open
T010,21-22,2021-10-04,4,Not Open
T011,21-22,2021-10-04,4,Not Open
T012,21-22,2021-10-04,4,Not Open
T013,21-22,2021-10-04,4,Not Open
T014,21-22,2021-10-04,4,Not Open
T015,21-22,2021-10-04,4,Not Open
T016,21-22,2021-10-04,4,Not Open
T017,21-22,2021-10-04,4,Not Open
T018,21-22,2021-10-04,4,Not Open
T019,21-22,2021-10-04,4,Not Open
T020,21-22,2021-10-04,4,Not Open
T021,21-22,2021-10-04,4,Not Open
T022,21-22,2021-10-04,4,Not Open
T023,21-22,2021-10-04,4,Not Open
T024,21-22,2021-10-04,4,Not Open
T025,21-22,2021-10-04,4,Not Open
T026,21-22,2021-10-04,4,Not Open
T027,21-22,2021-10-04,4,Not Open
T028,21-22,2021-10-04,4,Not Open
T029,21-22,2021-10-04,4,Not Open
T030,21-22,2021-10-04,4,Not Open
T031,21-22,2021-10-04,4,Not Open
T032,21-22,2021-10-04,4,Not Open
T033,21-22,2021-10-04,4,Not Open
T034,21-22,2021-10-04,4,Not Open
T035,21-22,2021-10-04,4,Not Open
T036,21-22,2021-10-04,4,Not Open
T037,21-22,2021-10-04,4,Not Open
T038,21-22,2021-10-04,4,Not Open
T039,21-22,2021-10-04,4,Not Open
T040,21-22,2021-10-04,4,Not Open
T041,21-22,2021-10-04,4,Not Open
T042,21-22,2021-10-04,4,Not Open
T043,21-22,2021-10-04,4,Not Open
T044,21-22,2021-10-04,4,Not Open
T045,21-22,2021-10-04,4,Not Open
T046,21-22,2021-10-04,4,Not Open
T047,21-22,2021-10-04,4,Not Open
T048,21-22,2021-10-04,4,Not Open
T049,21-22,2021-10-04,4,Not Open
T050,21-22,2021-10-04,4,Not Open
T051,21-22,2021-10-04,4,Not Open
T052,21-22,2021-10-04,4,Not Open
T053,21-22,2021-10-04,4,Not Open
T054,21-22,2021-10-04,4,Not Open
T055,21-22,2021-10-04,4,Not Open
T056,21-22,2021-10-04,4,Not Open
T057,21-22,2021-10-04,4,Not Open
T058,21-22,2021-10-04,4,Not Open
T061,21-22,2021-10-04,4,Not Open
T063,21-22,2021-10-04,4,Not Open
T064,21-22,2021-10-04,4,Not Open
T065,21-22,2021-10-04,4,Not Open
T067,21-22,2021-10-04,4,Not Open
T068,21-22,2021-10-04,4,Not Open
T069,21-22,2021-10-04,4,Not Open
T070,21-22,2021-10-04,4,Not Open
T071,21-22,2021-10-04,4,Not Open
T072,21-22,2021-10-04,4,Not Open
T073,21-22,2021-10-04,4,Not Open
T074,21-22,2021-10-04,4,Not Open
T075,21-22,2021-10-04,4,Not Open
T076,21-22,2021-10-04,4,Not Open
T077,21-22,2021-10-04,4,Not Open
T078,21-22,2021-10-04,4,Not Open
T079,21-22,2021-10-04,4,Not Open
T080,21-22,2021-10-04,4,Not Open
T081,21-22,2021-10-04,4,Not Open
T082,21-22,2021-10-04,4,Not Open
T083,21-22,2021-10-04,4,Not Open
T084,21-22,2021-10-04,4,Not Open
T085,21-22,2021-10-04,4,Not Open
T086,21-22,2021-10-04,4,Not Open
T087,21-22,2021-10-04,4,Not Open
T088,21-22,2021-10-04,4,Not Open
T089,21-22,2021-10-04,4,Not Open
T090,21-22,2021-10-04,4,Not Open
T091,21-22,2021-10-04,4,Not Open
T092,21-22,2021-10-04,4,Not Open
T127,21-22,2021-10-04,4,Not Open
T134,21-22,2021-10-04,4,Not Open
T135,21-22,2021-10-04,4,Not Open
T136,21-22,2021-10-04,4,Not Open
T137,21-22,2021-10-04,4,Not Open
T148,21-22,2021-10-04,4,Not Open
T154,21-22,2021-10-04,4,Not Open
T001,21-22,2021-10-05,5,Not Open
T002,21-22,2021-10-05,5,Not Open
T003,21-22,2021-10-05,5,Not Open
T004,21-22,2021-10-05,5,Not Open
T005,21-22,2021-10-05,5,Not Open
T006,21-22,2021-10-05,5,Not Open
T007,21-22,2021-10-05,5,Not Open
T008,21-22,2021-10-05,5,Not Open
T009,21-22,2021-10-05,5,Not Open
T010,21-22,2021-10-05,5,Not Open
T011,21-22,2021-10-05,5,Not Open
T012,21-22,2021-10-05,5,Not Open
T013,21-22,2021-10-05,5,Not Open
T014,21-22,2021-10-05,5,Not Open
T015,21-22,2021-10-05,5,Not Open
T016,21-22,2021-10-05,5,Not Open
T017,21-22,2021-10-05,5,Not Open
T018,21-22,2021-10-05,5,Not Open
T019,21-22,2021-10-05,5,Not Open
T020,21-22,2021-10-05,5,Not Open
T021,21-22,2021-10-05,5,Not Open
T022,21-22,2021-10-05,5,Not Open
T023,21-22,2021-10-05,5,Not Open
T024,21-22,2021-10-05,5,Not Open
T025,21-22,2021-10-05,5,Not Open
T026,21-22,2021-10-05,5,Not Open
T027,21-22,2021-10-05,5,Not Open
T028,21-22,2021-10-05,5,Not Open
T029,21-22,2021-10-05,5,Not Open
T030,21-22,2021-10-05,5,Not Open
T031,21-22,2021-10-05,5,Not Open
T032,21-22,2021-10-05,5,Not Open
T033,21-22,2021-10-05,5,Not Open
T034,21-22,2021-10-05,5,Not Open
T035,21-22,2021-10-05,5,Not Open
T036,21-22,2021-10-05,5,Not Open
T037,21-22,2021-10-05,5,Not Open
T038,21-22,2021-10-05,5,Not Open
T039,21-22,2021-10-05,5,Not Open
T040,21-22,2021-10-05,5,Not Open
T041,21-22,2021-10-05,5,Not Open
T042,21-22,2021-10-05,5,Not Open
T043,21-22,2021-10-05,5,Not Open
T044,21-22,2021-10-05,5,Not Open
T045,21-22,2021-10-05,5,Not Open
T046,21-22,2021-10-05,5,Not Open
T047,21-22,2021-10-05,5,Not Open
T048,21-22,2021-10-05,5,Not Open
T049,21-22,2021-10-05,5,Not Open
T050,21-22,2021-10-05,5,Not Open
T051,21-22,2021-10-05,5,Not Open
T052,21-22,2021-10-05,5,Not Open
T053,21-22,2021-10-05,5,Not Open
T054,21-22,2021-10-05,5,Not Open
T055,21-22,2021-10-05,5,Not Open
T056,21-22,2021-10-05,5,Not Open
T057,21-22,2021-10-05,5,Not Open
T058,21-22,2021-10-05,5,Not Open
T061,21-22,2021-10-05,5,Not Open
T063,21-22,2021-10-05,5,Not Open
T064,21-22,2021-10-05,5,Not Open
T065,21-22,2021-10-05,5,Not Open
T067,21-22,2021-10-05,5,Not Open
T068,21-22,2021-10-05,5,Not Open
T069,21-22,2021-10-05,5,Not Open
T070,21-22,2021-10-05,5,Not Open
T071,21-22,2021-10-05,5,Not Open
T072,21-22,2021-10-05,5,Not Open
T073,21-22,2021-10-05,5,Not Open
T074,21-22,2021-10-05,5,Not Open
T075,21-22,2021-10-05,5,Not Open
T076,21-22,2021-10-05,5,Not Open
T077,21-22,2021-10-05,5,Not Open
T078,21-22,2021-10-05,5,Not Open
T079,21-22,2021-10-05,5,Not Open
T080,21-22,2021-10-05,5,Not Open
T081,21-22,2021-10-05,5,Not Open
T082,21-22,2021-10-05,5,Not Open
T083,21-22,2021-10-05,5,Not Open
T084,21-22,2021-10-05,5,Not Open
T085,21-22,2021-10-05,5,Not Open
T086,21-22,2021-10-05,5,Not Open
T087,21-22,2021-10-05,5,Not Open
T088,21-22,2021-10-05,5,Not Open
T089,21-22,2021-10-05,5,Not Open
T090,21-22,2021-10-05,5,Not Open
T091,21-22,2021-10-05,5,Not Open
T092,21-22,2021-10-05,5,Not Open
T127,21-22,2021-10-05,5,Not Open
T134,21-22,2021-10-05,5,Not Open
T135,21-22,2021-10-05,5,Not Open
T136,21-22,2021-10-05,5,Not Open
T137,21-22,2021-10-05,5,Not Open
T148,21-22,2021-10-05,5,Not Open
T154,21-22,2021-10-05,5,Not Open
T001,21-22,2021-10-06,6,Not Open
T002,21-22,2021-10-06,6,Not Open
T003,21-22,2021-10-06,6,Not Open
T004,21-22,2021-10-06,6,Not Open
T005,21-22,2021-10-06,6,Not Open
T006,21-22,2021-10-06,6,Not Open
T007,21-22,2021-10-06,6,Not Open
T008,21-22,2021-10-06,6,Not Open
T009,21-22,2021-10-06,6,Not Open
T010,21-22,2021-10-06,6,Not Open
T011,21-22,2021-10-06,6,Not Open
T012,21-22,2021-10-06,6,Not Open
T013,21-22,2021-10-06,6,Not Open
T014,21-22,2021-10-06,6,Not Open
T015,21-22,2021-10-06,6,Not Open
T016,21-22,2021-10-06,6,Not Open
T017,21-22,2021-10-06,6,Not Open
T018,21-22,2021-10-06,6,Not Open
T019,21-22,2021-10-06,6,Not Open
T020,21-22,2021-10-06,6,Not Open
T021,21-22,2021-10-06,6,Not Open
T022,21-22,2021-10-06,6,Not Open
T023,21-22,2021-10-06,6,Not Open
T024,21-22,2021-10-06,6,Not Open
T025,21-22,2021-10-06,6,Not Open
T026,21-22,2021-10-06,6,Not Open
T027,21-22,2021-10-06,6,Not Open
T028,21-22,2021-10-06,6,Not Open
T029,21-22,2021-10-06,6,Not Open
T030,21-22,2021-10-06,6,Not Open
T031,21-22,2021-10-06,6,Not Open
T032,21-22,2021-10-06,6,Not Open
T033,21-22,2021-10-06,6,Not Open
T034,21-22,2021-10-06,6,Not Open
T035,21-22,2021-10-06,6,Not Open
T036,21-22,2021-10-06,6,Not Open
T037,21-22,2021-10-06,6,Not Open
T038,21-22,2021-10-06,6,Not Open
T039,21-22,2021-10-06,6,Not Open
T040,21-22,2021-10-06,6,Not Open
T041,21-22,2021-10-06,6,Not Open
T042,21-22,2021-10-06,6,Not Open
T043,21-22,2021-10-06,6,Not Open
T044,21-22,2021-10-06,6,Not Open
T045,21-22,2021-10-06,6,Not Open
T046,21-22,2021-10-06,6,Not Open
T047,21-22,2021-10-06,6,Not Open
T048,21-22,2021-10-06,6,Not Open
T049,21-22,2021-10-06,6,Not Open
T050,21-22,2021-10-06,6,Not Open
T051,21-22,2021-10-06,6,Not Open
T052,21-22,2021-10-06,6,Not Open
T053,21-22,2021-10-06,6,Not Open
T054,21-22,2021-10-06,6,Not Open
T055,21-22,2021-10-06,6,Not Open
T056,21-22,2021-10-06,6,Not Open
T057,21-22,2021-10-06,6,Not Open
T058,21-22,2021-10-06,6,Not Open
T061,21-22,2021-10-06,6,Not Open
T063,21-22,2021-10-06,6,Not Open
T064,21-22,2021-10-06,6,Not Open
T065,21-22,2021-10-06,6,Not Open
T067,21-22,2021-10-06,6,Not Open
T068,21-22,2021-10-06,6,Not Open
T069,21-22,2021-10-06,6,Not Open
T070,21-22,2021-10-06,6,Not Open
T071,21-22,2021-10-06,6,Not Open
T072,21-22,2021-10-06,6,Not Open
T073,21-22,2021-10-06,6,Not Open
T074,21-22,2021-10-06,6,Not Open
T075,21-22,2021-10-06,6,Not Open
T076,21-22,2021-10-06,6,Not Open
T077,21-22,2021-10-06,6,Not Open
T078,21-22,2021-10-06,6,Not Open
T079,21-22,2021-10-06,6,Not Open
T080,21-22,2021-10-06,6,Not Open
T081,21-22,2021-10-06,6,Not Open
T082,21-22,2021-10-06,6,Not Open
T083,21-22,2021-10-06,6,Not Open
T084,21-22,2021-10-06,6,Not Open
T085,21-22,2021-10-06,6,Not Open
T086,21-22,2021-10-06,6,Not Open
T087,21-22,2021-10-06,6,Not Open
T088,21-22,2021-10-06,6,Not Open
T089,21-22,2021-10-06,6,Not Open
T090,21-22,2021-10-06,6,Not Open
T091,21-22,2021-10-06,6,Not Open
T092,21-22,2021-10-06,6,Not Open
T127,21-22,2021-10-06,6,Not Open
T134,21-22,2021-10-06,6,Not Open
T135,21-22,2021-10-06,6,Not Open
T136,21-22,2021-10-06,6,Not Open
T137,21-22,2021-10-06,6,Not Open
T148,21-22,2021-10-06,6,Not Open
T154,21-22,2021-10-06,6,Not Open
T001,21-22,2021-10-07,7,Not Open
T002,21-22,2021-10-07,7,Not Open
T003,21-22,2021-10-07,7,Not Open
T004,21-22,2021-10-07,7,Not Open
T005,21-22,2021-10-07,7,Not Open
T006,21-22,2021-10-07,7,Not Open
T007,21-22,2021-10-07,7,Not Open
T008,21-22,2021-10-07,7,Not Open
T009,21-22,2021-10-07,7,Not Open
T010,21-22,2021-10-07,7,Not Open
T011,21-22,2021-10-07,7,Not Open
T012,21-22,2021-10-07,7,Not Open
T013,21-22,2021-10-07,7,Not Open
T014,21-22,2021-10-07,7,Not Open
T015,21-22,2021-10-07,7,Not Open
T016,21-22,2021-10-07,7,Not Open
T017,21-22,2021-10-07,7,Not Open
T018,21-22,2021-10-07,7,Not Open
T019,21-22,2021-10-07,7,Not Open
T020,21-22,2021-10-07,7,Not Open
T021,21-22,2021-10-07,7,Not Open
T022,21-22,2021-10-07,7,Not Open
T023,21-22,2021-10-07,7,Not Open
T024,21-22,2021-10-07,7,Not Open
T025,21-22,2021-10-07,7,Not Open
T026,21-22,2021-10-07,7,Not Open
T027,21-22,2021-10-07,7,Not Open
T028,21-22,2021-10-07,7,Not Open
T029,21-22,2021-10-07,7,Not Open
T030,21-22,2021-10-07,7,Not Open
T031,21-22,2021-10-07,7,Not Open
T032,21-22,2021-10-07,7,Not Open
T033,21-22,2021-10-07,7,Not Open
T034,21-22,2021-10-07,7,Not Open
T035,21-22,2021-10-07,7,Not Open
T036,21-22,2021-10-07,7,Not Open
T037,21-22,2021-10-07,7,Not Open
T038,21-22,2021-10-07,7,Not Open
T039,21-22,2021-10-07,7,Not Open
T040,21-22,2021-10-07,7,Not Open
T041,21-22,2021-10-07,7,Not Open
T042,21-22,2021-10-07,7,Not Open
T043,21-22,2021-10-07,7,Not Open
T044,21-22,2021-10-07,7,Not Open
T045,21-22,2021-10-07,7,Not Open
T046,21-22,2021-10-07,7,Not Open
T047,21-22,2021-10-07,7,Not Open
T048,21-22,2021-10-07,7,Not Open
T049,21-22,2021-10-07,7,Not Open
T050,21-22,2021-10-07,7,Not Open
T051,21-22,2021-10-07,7,Not Open
T052,21-22,2021-10-07,7,Not Open
T053,21-22,2021-10-07,7,Not Open
T054,21-22,2021-10-07,7,Not Open
T055,21-22,2021-10-07,7,Not Open
T056,21-22,2021-10-07,7,Not Open
T057,21-22,2021-10-07,7,Not Open
T058,21-22,2021-10-07,7,Not Open
T061,21-22,2021-10-07,7,Not Open
T063,21-22,2021-10-07,7,Not Open
T064,21-22,2021-10-07,7,Not Open
T065,21-22,2021-10-07,7,Not Open
T067,21-22,2021-10-07,7,Not Open
T068,21-22,2021-10-07,7,Not Open
T069,21-22,2021-10-07,7,Not Open
T070,21-22,2021-10-07,7,Not Open
T071,21-22,2021-10-07,7,Not Open
T072,21-22,2021-10-07,7,Not Open
T073,21-22,2021-10-07,7,Not Open
T074,21-22,2021-10-07,7,Not Open
T075,21-22,2021-10-07,7,Not Open
T076,21-22,2021-10-07,7,Not Open
T077,21-22,2021-10-07,7,Not Open
T078,21-22,2021-10-07,7,Not Open
T079,21-22,2021-10-07,7,Not Open
T080,21-22,2021-10-07,7,Not Open
T081,21-22,2021-10-07,7,Not Open
T082,21-22,2021-10-07,7,Not Open
T083,21-22,2021-10-07,7,Not Open
T084,21-22,2021-10-07,7,Not Open
T085,21-22,2021-10-07,7,Not Open
T086,21-22,2021-10-07,7,Not Open
T087,21-22,2021-10-07,7,Not Open
T088,21-22,2021-10-07,7,Not Open
T089,21-22,2021-10-07,7,Not Open
T090,21-22,2021-10-07,7,Not Open
T091,21-22,2021-10-07,7,Not Open
T092,21-22,2021-10-07,7,Not Open
T127,21-22,2021-10-07,7,Not Open
T134,21-22,2021-10-07,7,Not Open
T135,21-22,2021-10-07,7,Not Open
T136,21-22,2021-10-07,7,Not Open
T137,21-22,2021-10-07,7,Not Open
T148,21-22,2021-10-07,7,Not Open
T154,21-22,2021-10-07,7,Not Open
T001,21-22,2021-10-08,8,Not Open
T002,21-22,2021-10-08,8,Not Open
T003,21-22,2021-10-08,8,Not Open
T004,21-22,2021-10-08,8,Not Open
T005,21-22,2021-10-08,8,Not Open
T006,21-22,2021-10-08,8,Not Open
T007,21-22,2021-10-08,8,Not Open
T008,21-22,2021-10-08,8,Not Open
T009,21-22,2021-10-08,8,Not Open
T010,21-22,2021-10-08,8,Not Open
T011,21-22,2021-10-08,8,Not Open
T012,21-22,2021-10-08,8,Not Open
T013,21-22,2021-10-08,8,Not Open
T014,21-22,2021-10-08,8,Not Open
T015,21-22,2021-10-08,8,Not Open
T016,21-22,2021-10-08,8,Not Open
T017,21-22,2021-10-08,8,Not Open
T018,21-22,2021-10-08,8,Not Open
T019,21-22,2021-10-08,8,Not Open
T020,21-22,2021-10-08,8,Not Open
T021,21-22,2021-10-08,8,Not Open
T022,21-22,2021-10-08,8,Not Open
T023,21-22,2021-10-08,8,Not Open
T024,21-22,2021-10-08,8,Not Open
T025,21-22,2021-10-08,8,Not Open
T026,21-22,2021-10-08,8,Not Open
T027,21-22,2021-10-08,8,Not Open
T028,21-22,2021-10-08,8,Not Open
T029,21-22,2021-10-08,8,Not Open
T030,21-22,2021-10-08,8,Not Open
T031,21-22,2021-10-08,8,Not Open
T032,21-22,2021-10-08,8,Not Open
T033,21-22,2021-10-08,8,Not Open
T034,21-22,2021-10-08,8,Not Open
T035,21-22,2021-10-08,8,Not Open
T036,21-22,2021-10-08,8,Not Open
T037,21-22,2021-10-08,8,Not Open
T038,21-22,2021-10-08,8,Not Open
T039,21-22,2021-10-08,8,Not Open
T040,21-22,2021-10-08,8,Not Open
T041,21-22,2021-10-08,8,Not Open
T042,21-22,2021-10-08,8,Not Open
T043,21-22,2021-10-08,8,Not Open
T044,21-22,2021-10-08,8,Not Open
T045,21-22,2021-10-08,8,Not Open
T046,21-22,2021-10-08,8,Not Open
T047,21-22,2021-10-08,8,Not Open
T048,21-22,2021-10-08,8,Not Open
T049,21-22,2021-10-08,8,Not Open
T050,21-22,2021-10-08,8,Not Open
T051,21-22,2021-10-08,8,Not Open
T052,21-22,2021-10-08,8,Not Open
T053,21-22,2021-10-08,8,Not Open
T054,21-22,2021-10-08,8,Not Open
T055,21-22,2021-10-08,8,Not Open
T056,21-22,2021-10-08,8,Not Open
T057,21-22,2021-10-08,8,Not Open
T058,21-22,2021-10-08,8,Not Open
T061,21-22,2021-10-08,8,Not Open
T063,21-22,2021-10-08,8,Not Open
T064,21-22,2021-10-08,8,Not Open
T065,21-22,2021-10-08,8,Not Open
T067,21-22,2021-10-08,8,Not Open
T068,21-22,2021-10-08,8,Not Open
T069,21-22,2021-10-08,8,Not Open
T070,21-22,2021-10-08,8,Not Open
T071,21-22,2021-10-08,8,Not Open
T072,21-22,2021-10-08,8,Not Open
T073,21-22,2021-10-08,8,Not Open
T074,21-22,2021-10-08,8,Not Open
T075,21-22,2021-10-08,8,Not Open
T076,21-22,2021-10-08,8,Not Open
T077,21-22,2021-10-08,8,Not Open
T078,21-22,2021-10-08,8,Not Open
T079,21-22,2021-10-08,8,Not Open
T080,21-22,2021-10-08,8,Not Open
T081,21-22,2021-10-08,8,Not Open
T082,21-22,2021-10-08,8,Not Open
T083,21-22,2021-10-08,8,Not Open
T084,21-22,2021-10-08,8,Not Open
T085,21-22,2021-10-08,8,Not Open
T086,21-22,2021-10-08,8,Not Open
T087,21-22,2021-10-08,8,Not Open
T088,21-22,2021-10-08,8,Not Open
T089,21-22,2021-10-08,8,Not Open
T090,21-22,2021-10-08,8,Not Open
T091,21-22,2021-10-08,8,Not Open
T092,21-22,2021-10-08,8,Not Open
T127,21-22,2021-10-08,8,Not Open
T134,21-22,2021-10-08,8,Not Open
T135,21-22,2021-10-08,8,Not Open
T136,21-22,2021-10-08,8,Not Open
T137,21-22,2021-10-08,8,Not Open
T148,21-22,2021-10-08,8,Not Open
T154,21-22,2021-10-08,8,Not Open
T001,21-22,2021-10-09,9,Not Open
T002,21-22,2021-10-09,9,Not Open
T003,21-22,2021-10-09,9,Not Open
T004,21-22,2021-10-09,9,Not Open
T005,21-22,2021-10-09,9,Not Open
T006,21-22,2021-10-09,9,Not Open
T007,21-22,2021-10-09,9,Not Open
T008,21-22,2021-10-09,9,Not Open
T009,21-22,2021-10-09,9,Not Open
T010,21-22,2021-10-09,9,Not Open
T011,21-22,2021-10-09,9,Not Open
T012,21-22,2021-10-09,9,Not Open
T013,21-22,2021-10-09,9,Not Open
T014,21-22,2021-10-09,9,Not Open
T015,21-22,2021-10-09,9,Not Open
T016,21-22,2021-10-09,9,Not Open
T017,21-22,2021-10-09,9,Not Open
T018,21-22,2021-10-09,9,Not Open
T019,21-22,2021-10-09,9,Not Open
T020,21-22,2021-10-09,9,Not Open
T021,21-22,2021-10-09,9,Not Open
T022,21-22,2021-10-09,9,Not Open
T023,21-22,2021-10-09,9,Not Open
T024,21-22,2021-10-09,9,Not Open
T025,21-22,2021-10-09,9,Not Open
T026,21-22,2021-10-09,9,Not Open
T027,21-22,2021-10-09,9,Not Open
T028,21-22,2021-10-09,9,Not Open
T029,21-22,2021-10-09,9,Not Open
T030,21-22,2021-10-09,9,Not Open
T031,21-22,2021-10-09,9,Not Open
T032,21-22,2021-10-09,9,Not Open
T033,21-22,2021-10-09,9,Not Open
T034,21-22,2021-10-09,9,Not Open
T035,21-22,2021-10-09,9,Not Open
T036,21-22,2021-10-09,9,Not Open
T037,21-22,2021-10-09,9,Not Open
T038,21-22,2021-10-09,9,Not Open
T039,21-22,2021-10-09,9,Not Open
T040,21-22,2021-10-09,9,Not Open
T041,21-22,2021-10-09,9,Not Open
T042,21-22,2021-10-09,9,Not Open
T043,21-22,2021-10-09,9,Not Open
T044,21-22,2021-10-09,9,Not Open
T045,21-22,2021-10-09,9,Not Open
T046,21-22,2021-10-09,9,Not Open
T047,21-22,2021-10-09,9,Not Open
T048,21-22,2021-10-09,9,Not Open
T049,21-22,2021-10-09,9,Not Open
T050,21-22,2021-10-09,9,Not Open
T051,21-22,2021-10-09,9,Not Open
T052,21-22,2021-10-09,9,Not Open
T053,21-22,2021-10-09,9,Not Open
T054,21-22,2021-10-09,9,Not Open
T055,21-22,2021-10-09,9,Not Open
T056,21-22,2021-10-09,9,Not Open
T057,21-22,2021-10-09,9,Not Open
T058,21-22,2021-10-09,9,Not Open
T061,21-22,2021-10-09,9,Not Open
T063,21-22,2021-10-09,9,Not Open
T064,21-22,2021-10-09,9,Not Open
T065,21-22,2021-10-09,9,Not Open
T067,21-22,2021-10-09,9,Not Open
T068,21-22,2021-10-09,9,Not Open
T069,21-22,2021-10-09,9,Not Open
T070,21-22,2021-10-09,9,Not Open
T071,21-22,2021-10-09,9,Not Open
T072,21-22,2021-10-09,9,Not Open
T073,21-22,2021-10-09,9,Not Open
T074,21-22,2021-10-09,9,Not Open
T075,21-22,2021-10-09,9,Not Open
T076,21-22,2021-10-09,9,Not Open
T077,21-22,2021-10-09,9,Not Open
T078,21-22,2021-10-09,9,Not Open
T079,21-22,2021-10-09,9,Not Open
T080,21-22,2021-10-09,9,Not Open
T081,21-22,2021-10-09,9,Not Open
T082,21-22,2021-10-09,9,Not Open
T083,21-22,2021-10-09,9,Not Open
T084,21-22,2021-10-09,9,Not Open
T085,21-22,2021-10-09,9,Not Open
T086,21-22,2021-10-09,9,Not Open
T087,21-22,2021-10-09,9,Not Open
T088,21-22,2021-10-09,9,Not Open
T089,21-22,2021-10-09,9,Not Open
T090,21-22,2021-10-09,9,Not Open
T091,21-22,2021-10-09,9,Not Open
T092,21-22,2021-10-09,9,Not Open
T127,21-22,2021-10-09,9,Not Open
T134,21-22,2021-10-09,9,Not Open
T135,21-22,2021-10-09,9,Not Open
T136,21-22,2021-10-09,9,Not Open
T137,21-22,2021-10-09,9,Not Open
T148,21-22,2021-10-09,9,Not Open
T154,21-22,2021-10-09,9,Not Open
T001,21-22,2021-10-10,10,Not Open
T002,21-22,2021-10-10,10,Not Open
T003,21-22,2021-10-10,10,Not Open
T004,21-22,2021-10-10,10,Not Open
T005,21-22,2021-10-10,10,Not Open
T006,21-22,2021-10-10,10,Not Open
T007,21-22,2021-10-10,10,Not Open
T008,21-22,2021-10-10,10,Not Open
T009,21-22,2021-10-10,10,Not Open
T010,21-22,2021-10-10,10,Not Open
T011,21-22,2021-10-10,10,Not Open
T012,21-22,2021-10-10,10,Not Open
T013,21-22,2021-10-10,10,Not Open
T014,21-22,2021-10-10,10,Not Open
T015,21-22,2021-10-10,10,Not Open
T016,21-22,2021-10-10,10,Not Open
T017,21-22,2021-10-10,10,Not Open
T018,21-22,2021-10-10,10,Not Open
T019,21-22,2021-10-10,10,Not Open
T020,21-22,2021-10-10,10,Not Open
T021,21-22,2021-10-10,10,Not Open
T022,21-22,2021-10-10,10,Not Open
T023,21-22,2021-10-10,10,Not Open
T024,21-22,2021-10-10,10,Not Open
T025,21-22,2021-10-10,10,Not Open
T026,21-22,2021-10-10,10,Not Open
T027,21-22,2021-10-10,10,Not Open
T028,21-22,2021-10-10,10,Not Open
T029,21-22,2021-10-10,10,Not Open
T030,21-22,2021-10-10,10,Not Open
T031,21-22,2021-10-10,10,Not Open
T032,21-22,2021-10-10,10,Not Open
T033,21-22,2021-10-10,10,Not Open
T034,21-22,2021-10-10,10,Not Open
T035,21-22,2021-10-10,10,Not Open
T036,21-22,2021-10-10,10,Not Open
T037,21-22,2021-10-10,10,Not Open
T038,21-22,2021-10-10,10,Not Open
T039,21-22,2021-10-10,10,Not Open
T040,21-22,2021-10-10,10,Not Open
T041,21-22,2021-10-10,10,Not Open
T042,21-22,2021-10-10,10,Not Open
T043,21-22,2021-10-10,10,Not Open
T044,21-22,2021-10-10,10,Not Open
T045,21-22,2021-10-10,10,Not Open
T046,21-22,2021-10-10,10,Not Open
T047,21-22,2021-10-10,10,Not Open
T048,21-22,2021-10-10,10,Not Open
T049,21-22,2021-10-10,10,Not Open
T050,21-22,2021-10-10,10,Not Open
T051,21-22,2021-10-10,10,Not Open
T052,21-22,2021-10-10,10,Not Open
T053,21-22,2021-10-10,10,Not Open
T054,21-22,2021-10-10,10,Not Open
T055,21-22,2021-10-10,10,Not Open
T056,21-22,2021-10-10,10,Not Open
T057,21-22,2021-10-10,10,Not Open
T058,21-22,2021-10-10,10,Not Open
T061,21-22,2021-10-10,10,Not Open
T063,21-22,2021-10-10,10,Not Open
T064,21-22,2021-10-10,10,Not Open
T065,21-22,2021-10-10,10,Not Open
T067,21-22,2021-10-10,10,Not Open
T068,21-22,2021-10-10,10,Not Open
T069,21-22,2021-10-10,10,Not Open
T070,21-22,2021-10-10,10,Not Open
T071,21-22,2021-10-10,10,Not Open
T072,21-22,2021-10-10,10,Not Open
T073,21-22,2021-10-10,10,Not Open
T074,21-22,2021-10-10,10,Not Open
T075,21-22,2021-10-10,10,Not Open
T076,21-22,2021-10-10,10,Not Open
T077,21-22,2021-10-10,10,Not Open
T078,21-22,2021-10-10,10,Not Open
T079,21-22,2021-10-10,10,Not Open
T080,21-22,2021-10-10,10,Not Open
T081,21-22,2021-10-10,10,Not Open
T082,21-22,2021-10-10,10,Not Open
T083,21-22,2021-10-10,10,Not Open
T084,21-22,2021-10-10,10,Not Open
T085,21-22,2021-10-10,10,Not Open
T086,21-22,2021-10-10,10,Not Open
T087,21-22,2021-10-10,10,Not Open
T088,21-22,2021-10-10,10,Not Open
T089,21-22,2021-10-10,10,Not Open
T090,21-22,2021-10-10,10,Not Open
T091,21-22,2021-10-10,10,Not Open
T092,21-22,2021-10-10,10,Not Open
T127,21-22,2021-10-10,10,Not Open
T134,21-22,2021-10-10,10,Not Open
T135,21-22,2021-10-10,10,Not Open
T136,21-22,2021-10-10,10,Not Open
T137,21-22,2021-10-10,10,Not Open
T148,21-22,2021-10-10,10,Not Open
T154,21-22,2021-10-10,10,Not Open
T001,21-22,2021-10-11,11,Not Open
T002,21-22,2021-10-11,11,Not Open
T003,21-22,2021-10-11,11,Not Open
T004,21-22,2021-10-11,11,Not Open
T005,21-22,2021-10-11,11,Not Open
T006,21-22,2021-10-11,11,Not Open
T007,21-22,2021-10-11,11,Not Open
T008,21-22,2021-10-11,11,Not Open
T009,21-22,2021-10-11,11,Not Open
T010,21-22,2021-10-11,11,Not Open
T011,21-22,2021-10-11,11,Not Open
T012,21-22,2021-10-11,11,Not Open
T013,21-22,2021-10-11,11,Not Open
T014,21-22,2021-10-11,11,Not Open
T015,21-22,2021-10-11,11,Not Open
T016,21-22,2021-10-11,11,Not Open
T017,21-22,2021-10-11,11,Not Open
T018,21-22,2021-10-11,11,Not Open
T019,21-22,2021-10-11,11,Not Open
T020,21-22,2021-10-11,11,Not Open
T021,21-22,2021-10-11,11,Not Open
T022,21-22,2021-10-11,11,Not Open
T023,21-22,2021-10-11,11,Not Open
T024,21-22,2021-10-11,11,Not Open
T025,21-22,2021-10-11,11,Not Open
T026,21-22,2021-10-11,11,Not Open
T027,21-22,2021-10-11,11,Not Open
T028,21-22,2021-10-11,11,Not Open
T029,21-22,2021-10-11,11,Not Open
T030,21-22,2021-10-11,11,Not Open
T031,21-22,2021-10-11,11,Not Open
T032,21-22,2021-10-11,11,Not Open
T033,21-22,2021-10-11,11,Not Open
T034,21-22,2021-10-11,11,Not Open
T035,21-22,2021-10-11,11,Not Open
T036,21-22,2021-10-11,11,Not Open
T037,21-22,2021-10-11,11,Not Open
T038,21-22,2021-10-11,11,Not Open
T039,21-22,2021-10-11,11,Not Open
T040,21-22,2021-10-11,11,Not Open
T041,21-22,2021-10-11,11,Not Open
T042,21-22,2021-10-11,11,Not Open
T043,21-22,2021-10-11,11,Not Open
T044,21-22,2021-10-11,11,Not Open
T045,21-22,2021-10-11,11,Not Open
T046,21-22,2021-10-11,11,Not Open
T047,21-22,2021-10-11,11,Not Open
T048,21-22,2021-10-11,11,Not Open
T049,21-22,2021-10-11,11,Not Open
T050,21-22,2021-10-11,11,Not Open
T051,21-22,2021-10-11,11,Not Open
T052,21-22,2021-10-11,11,Not Open
T053,21-22,2021-10-11,11,Not Open
T054,21-22,2021-10-11,11,Not Open
T055,21-22,2021-10-11,11,Not Open
T056,21-22,2021-10-11,11,Not Open
T057,21-22,2021-10-11,11,Not Open
T058,21-22,2021-10-11,11,Not Open
T061,21-22,2021-10-11,11,Not Open
T063,21-22,2021-10-11,11,Not Open
T064,21-22,2021-10-11,11,Not Open
T065,21-22,2021-10-11,11,Not Open
T067,21-22,2021-10-11,11,Not Open
T068,21-22,2021-10-11,11,Not Open
T069,21-22,2021-10-11,11,Not Open
T070,21-22,2021-10-11,11,Not Open
T071,21-22,2021-10-11,11,Not Open
T072,21-22,2021-10-11,11,Not Open
T073,21-22,2021-10-11,11,Not Open
T074,21-22,2021-10-11,11,Not Open
T075,21-22,2021-10-11,11,Not Open
T076,21-22,2021-10-11,11,Not Open
T077,21-22,2021-10-11,11,Not Open
T078,21-22,2021-10-11,11,Not Open
T079,21-22,2021-10-11,11,Not Open
T080,21-22,2021-10-11,11,Not Open
T081,21-22,2021-10-11,11,Not Open
T082,21-22,2021-10-11,11,Not Open
T083,21-22,2021-10-11,11,Not Open
T084,21-22,2021-10-11,11,Not Open
T085,21-22,2021-10-11,11,Not Open
T086,21-22,2021-10-11,11,Not Open
T087,21-22,2021-10-11,11,Not Open
T088,21-22,2021-10-11,11,Not Open
T089,21-22,2021-10-11,11,Not Open
T090,21-22,2021-10-11,11,Not Open
T091,21-22,2021-10-11,11,Not Open
T092,21-22,2021-10-11,11,Not Open
T127,21-22,2021-10-11,11,Not Open
T134,21-22,2021-10-11,11,Not Open
T135,21-22,2021-10-11,11,Not Open
T136,21-22,2021-10-11,11,Not Open
T137,21-22,2021-10-11,11,Not Open
T148,21-22,2021-10-11,11,Not Open
T154,21-22,2021-10-11,11,Not Open
T001,21-22,2021-10-12,12,Not Open
T002,21-22,2021-10-12,12,Not Open
T003,21-22,2021-10-12,12,Not Open
T004,21-22,2021-10-12,12,Not Open
T005,21-22,2021-10-12,12,Not Open
T006,21-22,2021-10-12,12,Not Open
T007,21-22,2021-10-12,12,Not Open
T008,21-22,2021-10-12,12,Not Open
T009,21-22,2021-10-12,12,Not Open
T010,21-22,2021-10-12,12,Not Open
T011,21-22,2021-10-12,12,Not Open
T012,21-22,2021-10-12,12,Not Open
T013,21-22,2021-10-12,12,Not Open
T014,21-22,2021-10-12,12,Not Open
T015,21-22,2021-10-12,12,Not Open
T016,21-22,2021-10-12,12,Not Open
T017,21-22,2021-10-12,12,Not Open
T018,21-22,2021-10-12,12,Not Open
T019,21-22,2021-10-12,12,Not Open
T020,21-22,2021-10-12,12,Not Open
T021,21-22,2021-10-12,12,Not Open
T022,21-22,2021-10-12,12,Not Open
T023,21-22,2021-10-12,12,Not Open
T024,21-22,2021-10-12,12,Not Open
T025,21-22,2021-10-12,12,Not Open
T026,21-22,2021-10-12,12,Not Open
T027,21-22,2021-10-12,12,Not Open
T028,21-22,2021-10-12,12,Not Open
T029,21-22,2021-10-12,12,Not Open
T030,21-22,2021-10-12,12,Not Open
T031,21-22,2021-10-12,12,Not Open
T032,21-22,2021-10-12,12,Not Open
T033,21-22,2021-10-12,12,Not Open
T034,21-22,2021-10-12,12,Not Open
T035,21-22,2021-10-12,12,Not Open
T036,21-22,2021-10-12,12,Not Open
T037,21-22,2021-10-12,12,Not Open
T038,21-22,2021-10-12,12,Not Open
T039,21-22,2021-10-12,12,Not Open
T040,21-22,2021-10-12,12,Not Open
T041,21-22,2021-10-12,12,Not Open
T042,21-22,2021-10-12,12,Not Open
T043,21-22,2021-10-12,12,Not Open
T044,21-22,2021-10-12,12,Not Open
T045,21-22,2021-10-12,12,Not Open
T046,21-22,2021-10-12,12,Not Open
T047,21-22,2021-10-12,12,Not Open
T048,21-22,2021-10-12,12,Not Open
T049,21-22,2021-10-12,12,Not Open
T050,21-22,2021-10-12,12,Not Open
T051,21-22,2021-10-12,12,Not Open
T052,21-22,2021-10-12,12,Not Open
T053,21-22,2021-10-12,12,Not Open
T054,21-22,2021-10-12,12,Not Open
T055,21-22,2021-10-12,12,Not Open
T056,21-22,2021-10-12,12,Not Open
T057,21-22,2021-10-12,12,Not Open
T058,21-22,2021-10-12,12,Not Open
T061,21-22,2021-10-12,12,Not Open
T063,21-22,2021-10-12,12,Not Open
T064,21-22,2021-10-12,12,Not Open
T065,21-22,2021-10-12,12,Not Open
T067,21-22,2021-10-12,12,Not Open
T068,21-22,2021-10-12,12,Not Open
T069,21-22,2021-10-12,12,Not Open
T070,21-22,2021-10-12,12,Not Open
T071,21-22,2021-10-12,12,Not Open
T072,21-22,2021-10-12,12,Not Open
T073,21-22,2021-10-12,12,Not Open
T074,21-22,2021-10-12,12,Not Open
T075,21-22,2021-10-12,12,Not Open
T076,21-22,2021-10-12,12,Not Open
T077,21-22,2021-10-12,12,Not Open
T078,21-22,2021-10-12,12,Not Open
T079,21-22,2021-10-12,12,Not Open
T080,21-22,2021-10-12,12,Not Open
T081,21-22,2021-10-12,12,Not Open
T082,21-22,2021-10-12,12,Not Open
T083,21-22,2021-10-12,12,Not Open
T084,21-22,2021-10-12,12,Not Open
T085,21-22,2021-10-12,12,Not Open
T086,21-22,2021-10-12,12,Not Open
T087,21-22,2021-10-12,12,Not Open
T088,21-22,2021-10-12,12,Not Open
T089,21-22,2021-10-12,12,Not Open
T090,21-22,2021-10-12,12,Not Open
T091,21-22,2021-10-12,12,Not Open
T092,21-22,2021-10-12,12,Not Open
T127,21-22,2021-10-12,12,Not Open
T134,21-22,2021-10-12,12,Not Open
T135,21-22,2021-10-12,12,Not Open
T136,21-22,2021-10-12,12,Not Open
T137,21-22,2021-10-12,12,Not Open
T148,21-22,2021-10-12,12,Not Open
T154,21-22,2021-10-12,12,Not Open
T001,21-22,2021-10-13,13,Not Open
T002,21-22,2021-10-13,13,Not Open
T003,21-22,2021-10-13,13,Not Open
T004,21-22,2021-10-13,13,Not Open
T005,21-22,2021-10-13,13,Not Open
T006,21-22,2021-10-13,13,Not Open
T007,21-22,2021-10-13,13,Not Open
T008,21-22,2021-10-13,13,Not Open
T009,21-22,2021-10-13,13,Not Open
T010,21-22,2021-10-13,13,Not Open
T011,21-22,2021-10-13,13,Not Open
T012,21-22,2021-10-13,13,Not Open
T013,21-22,2021-10-13,13,Not Open
T014,21-22,2021-10-13,13,Not Open
T015,21-22,2021-10-13,13,Not Open
T016,21-22,2021-10-13,13,Not Open
T017,21-22,2021-10-13,13,Not Open
T018,21-22,2021-10-13,13,Not Open
T019,21-22,2021-10-13,13,Not Open
T020,21-22,2021-10-13,13,Not Open
T021,21-22,2021-10-13,13,Not Open
T022,21-22,2021-10-13,13,Not Open
T023,21-22,2021-10-13,13,Not Open
T024,21-22,2021-10-13,13,Not Open
T025,21-22,2021-10-13,13,Not Open
T026,21-22,2021-10-13,13,Not Open
T027,21-22,2021-10-13,13,Not Open
T028,21-22,2021-10-13,13,Not Open
T029,21-22,2021-10-13,13,Not Open
T030,21-22,2021-10-13,13,Not Open
T031,21-22,2021-10-13,13,Not Open
T032,21-22,2021-10-13,13,Not Open
T033,21-22,2021-10-13,13,Not Open
T034,21-22,2021-10-13,13,Not Open
T035,21-22,2021-10-13,13,Not Open
T036,21-22,2021-10-13,13,Not Open
T037,21-22,2021-10-13,13,Not Open
T038,21-22,2021-10-13,13,Not Open
T039,21-22,2021-10-13,13,Not Open
T040,21-22,2021-10-13,13,Not Open
T041,21-22,2021-10-13,13,Not Open
T042,21-22,2021-10-13,13,Not Open
T043,21-22,2021-10-13,13,Not Open
T044,21-22,2021-10-13,13,Not Open
T045,21-22,2021-10-13,13,Not Open
T046,21-22,2021-10-13,13,Not Open
T047,21-22,2021-10-13,13,Not Open
T048,21-22,2021-10-13,13,Not Open
T049,21-22,2021-10-13,13,Not Open
T050,21-22,2021-10-13,13,Not Open
T051,21-22,2021-10-13,13,Not Open
T052,21-22,2021-10-13,13,Not Open
T053,21-22,2021-10-13,13,Not Open
T054,21-22,2021-10-13,13,Not Open
T055,21-22,2021-10-13,13,Not Open
T056,21-22,2021-10-13,13,Not Open
T057,21-22,2021-10-13,13,Not Open
T058,21-22,2021-10-13,13,Not Open
T061,21-22,2021-10-13,13,Not Open
T063,21-22,2021-10-13,13,Not Open
T064,21-22,2021-10-13,13,Not Open
T065,21-22,2021-10-13,13,Not Open
T067,21-22,2021-10-13,13,Not Open
T068,21-22,2021-10-13,13,Not Open
T069,21-22,2021-10-13,13,Not Open
T070,21-22,2021-10-13,13,Not Open
T071,21-22,2021-10-13,13,Not Open
T072,21-22,2021-10-13,13,Not Open
T073,21-22,2021-10-13,13,Not Open
T074,21-22,2021-10-13,13,Not Open
T075,21-22,2021-10-13,13,Not Open
T076,21-22,2021-10-13,13,Not Open
T077,21-22,2021-10-13,13,Not Open
T078,21-22,2021-10-13,13,Not Open
T079,21-22,2021-10-13,13,Not Open
T080,21-22,2021-10-13,13,Not Open
T081,21-22,2021-10-13,13,Not Open
T082,21-22,2021-10-13,13,Not Open
T083,21-22,2021-10-13,13,Not Open
T084,21-22,2021-10-13,13,Not Open
T085,21-22,2021-10-13,13,Not Open
T086,21-22,2021-10-13,13,Not Open
T087,21-22,2021-10-13,13,Not Open
T088,21-22,2021-10-13,13,Not Open
T089,21-22,2021-10-13,13,Not Open
T090,21-22,2021-10-13,13,Not Open
T091,21-22,2021-10-13,13,Not Open
T092,21-22,2021-10-13,13,Not Open
T127,21-22,2021-10-13,13,Not Open
T134,21-22,2021-10-13,13,Not Open
T135,21-22,2021-10-13,13,Not Open
T136,21-22,2021-10-13,13,Not Open
T137,21-22,2021-10-13,13,Not Open
T148,21-22,2021-10-13,13,Not Open
T154,21-22,2021-10-13,13,Not Open
T001,21-22,2021-10-14,14,Not Open
T002,21-22,2021-10-14,14,Not Open
T003,21-22,2021-10-14,14,Not Open
T004,21-22,2021-10-14,14,Not Open
T005,21-22,2021-10-14,14,Not Open
T006,21-22,2021-10-14,14,Not Open
T007,21-22,2021-10-14,14,Not Open
T008,21-22,2021-10-14,14,Not Open
T009,21-22,2021-10-14,14,Not Open
T010,21-22,2021-10-14,14,Not Open
T011,21-22,2021-10-14,14,Not Open
T012,21-22,2021-10-14,14,Not Open
T013,21-22,2021-10-14,14,Not Open
T014,21-22,2021-10-14,14,Not Open
T015,21-22,2021-10-14,14,Not Open
T016,21-22,2021-10-14,14,Not Open
T017,21-22,2021-10-14,14,Not Open
T018,21-22,2021-10-14,14,Not Open
T019,21-22,2021-10-14,14,Not Open
T020,21-22,2021-10-14,14,Not Open
T021,21-22,2021-10-14,14,Not Open
T022,21-22,2021-10-14,14,Not Open
T023,21-22,2021-10-14,14,Not Open
T024,21-22,2021-10-14,14,Not Open
T025,21-22,2021-10-14,14,Not Open
T026,21-22,2021-10-14,14,Not Open
T027,21-22,2021-10-14,14,Not Open
T028,21-22,2021-10-14,14,Not Open
T029,21-22,2021-10-14,14,Not Open
T030,21-22,2021-10-14,14,Not Open
T031,21-22,2021-10-14,14,Not Open
T032,21-22,2021-10-14,14,Not Open
T033,21-22,2021-10-14,14,Not Open
T034,21-22,2021-10-14,14,Not Open
T035,21-22,2021-10-14,14,Not Open
T036,21-22,2021-10-14,14,Not Open
T037,21-22,2021-10-14,14,Not Open
T038,21-22,2021-10-14,14,Not Open
T039,21-22,2021-10-14,14,Not Open
T040,21-22,2021-10-14,14,Not Open
T041,21-22,2021-10-14,14,Not Open
T042,21-22,2021-10-14,14,Not Open
T043,21-22,2021-10-14,14,Not Open
T044,21-22,2021-10-14,14,Not Open
T045,21-22,2021-10-14,14,Not Open
T046,21-22,2021-10-14,14,Not Open
T047,21-22,2021-10-14,14,Not Open
T048,21-22,2021-10-14,14,Not Open
T049,21-22,2021-10-14,14,Not Open
T050,21-22,2021-10-14,14,Not Open
T051,21-22,2021-10-14,14,Not Open
T052,21-22,2021-10-14,14,Not Open
T053,21-22,2021-10-14,14,Not Open
T054,21-22,2021-10-14,14,Not Open
T055,21-22,2021-10-14,14,Not Open
T056,21-22,2021-10-14,14,Not Open
T057,21-22,2021-10-14,14,Not Open
T058,21-22,2021-10-14,14,Not Open
T061,21-22,2021-10-14,14,Not Open
T063,21-22,2021-10-14,14,Not Open
T064,21-22,2021-10-14,14,Not Open
T065,21-22,2021-10-14,14,Not Open
T067,21-22,2021-10-14,14,Not Open
T068,21-22,2021-10-14,14,Not Open
T069,21-22,2021-10-14,14,Not Open
T070,21-22,2021-10-14,14,Not Open
T071,21-22,2021-10-14,14,Not Open
T072,21-22,2021-10-14,14,Not Open
T073,21-22,2021-10-14,14,Not Open
T074,21-22,2021-10-14,14,Not Open
T075,21-22,2021-10-14,14,Not Open
T076,21-22,2021-10-14,14,Not Open
T077,21-22,2021-10-14,14,Not Open
T078,21-22,2021-10-14,14,Not Open
T079,21-22,2021-10-14,14,Not Open
T080,21-22,2021-10-14,14,Not Open
T081,21-22,2021-10-14,14,Not Open
T082,21-22,2021-10-14,14,Not Open
T083,21-22,2021-10-14,14,Not Open
T084,21-22,2021-10-14,14,Not Open
T085,21-22,2021-10-14,14,Not Open
T086,21-22,2021-10-14,14,Not Open
T087,21-22,2021-10-14,14,Not Open
T088,21-22,2021-10-14,14,Not Open
T089,21-22,2021-10-14,14,Not Open
T090,21-22,2021-10-14,14,Not Open
T091,21-22,2021-10-14,14,Not Open
T092,21-22,2021-10-14,14,Not Open
T127,21-22,2021-10-14,14,Not Open
T134,21-22,2021-10-14,14,Not Open
T135,21-22,2021-10-14,14,Not Open
T136,21-22,2021-10-14,14,Not Open
T137,21-22,2021-10-14,14,Not Open
T148,21-22,2021-10-14,14,Not Open
T154,21-22,2021-10-14,14,Not Open
T001,21-22,2021-10-15,15,Not Open
T002,21-22,2021-10-15,15,Not Open
T003,21-22,2021-10-15,15,Not Open
T004,21-22,2021-10-15,15,Not Open
T005,21-22,2021-10-15,15,Not Open
T006,21-22,2021-10-15,15,Not Open
T007,21-22,2021-10-15,15,Not Open
T008,21-22,2021-10-15,15,Not Open
T009,21-22,2021-10-15,15,Not Open
T010,21-22,2021-10-15,15,Not Open
T011,21-22,2021-10-15,15,Not Open
T012,21-22,2021-10-15,15,Not Open
T013,21-22,2021-10-15,15,Not Open
T014,21-22,2021-10-15,15,Not Open
T015,21-22,2021-10-15,15,Not Open
T016,21-22,2021-10-15,15,Not Open
T017,21-22,2021-10-15,15,Not Open
T018,21-22,2021-10-15,15,Not Open
T019,21-22,2021-10-15,15,Not Open
T020,21-22,2021-10-15,15,Not Open
T021,21-22,2021-10-15,15,Not Open
T022,21-22,2021-10-15,15,Not Open
T023,21-22,2021-10-15,15,Not Open
T024,21-22,2021-10-15,15,Not Open
T025,21-22,2021-10-15,15,Not Open
T026,21-22,2021-10-15,15,Not Open
T027,21-22,2021-10-15,15,Not Open
T028,21-22,2021-10-15,15,Not Open
T029,21-22,2021-10-15,15,Not Open
T030,21-22,2021-10-15,15,Not Open
T031,21-22,2021-10-15,15,Not Open
T032,21-22,2021-10-15,15,Not Open
T033,21-22,2021-10-15,15,Not Open
T034,21-22,2021-10-15,15,Not Open
T035,21-22,2021-10-15,15,Not Open
T036,21-22,2021-10-15,15,Not Open
T037,21-22,2021-10-15,15,Not Open
T038,21-22,2021-10-15,15,Not Open
T039,21-22,2021-10-15,15,Not Open
T040,21-22,2021-10-15,15,Not Open
T041,21-22,2021-10-15,15,Not Open
T042,21-22,2021-10-15,15,Not Open
T043,21-22,2021-10-15,15,Not Open
T044,21-22,2021-10-15,15,Not Open
T045,21-22,2021-10-15,15,Not Open
T046,21-22,2021-10-15,15,Not Open
T047,21-22,2021-10-15,15,Not Open
T048,21-22,2021-10-15,15,Not Open
T049,21-22,2021-10-15,15,Not Open
T050,21-22,2021-10-15,15,Not Open
T051,21-22,2021-10-15,15,Not Open
T052,21-22,2021-10-15,15,Not Open
T053,21-22,2021-10-15,15,Not Open
T054,21-22,2021-10-15,15,Not Open
T055,21-22,2021-10-15,15,Not Open
T056,21-22,2021-10-15,15,Not Open
T057,21-22,2021-10-15,15,Not Open
T058,21-22,2021-10-15,15,Not Open
T061,21-22,2021-10-15,15,Not Open
T063,21-22,2021-10-15,15,Not Open
T064,21-22,2021-10-15,15,Not Open
T065,21-22,2021-10-15,15,Not Open
T067,21-22,2021-10-15,15,Not Open
T068,21-22,2021-10-15,15,Not Open
T069,21-22,2021-10-15,15,Not Open
T070,21-22,2021-10-15,15,Not Open
T071,21-22,2021-10-15,15,Not Open
T072,21-22,2021-10-15,15,Not Open
T073,21-22,2021-10-15,15,Not Open
T074,21-22,2021-10-15,15,Not Open
T075,21-22,2021-10-15,15,Not Open
T076,21-22,2021-10-15,15,Not Open
T077,21-22,2021-10-15,15,Not Open
T078,21-22,2021-10-15,15,Not Open
T079,21-22,2021-10-15,15,Not Open
T080,21-22,2021-10-15,15,Not Open
T081,21-22,2021-10-15,15,Not Open
T082,21-22,2021-10-15,15,Not Open
T083,21-22,2021-10-15,15,Not Open
T084,21-22,2021-10-15,15,Not Open
T085,21-22,2021-10-15,15,Not Open
T086,21-22,2021-10-15,15,Not Open
T087,21-22,2021-10-15,15,Not Open
T088,21-22,2021-10-15,15,Not Open
T089,21-22,2021-10-15,15,Not Open
T090,21-22,2021-10-15,15,Not Open
T091,21-22,2021-10-15,15,Not Open
T092,21-22,2021-10-15,15,Not Open
T127,21-22,2021-10-15,15,Not Open
T134,21-22,2021-10-15,15,Not Open
T135,21-22,2021-10-15,15,Not Open
T136,21-22,2021-10-15,15,Not Open
T137,21-22,2021-10-15,15,Not Open
T148,21-22,2021-10-15,15,Not Open
T154,21-22,2021-10-15,15,Not Open
T001,21-22,2021-10-16,16,Not Open
T002,21-22,2021-10-16,16,Not Open
T003,21-22,2021-10-16,16,Not Open
T004,21-22,2021-10-16,16,Not Open
T005,21-22,2021-10-16,16,Not Open
T006,21-22,2021-10-16,16,Not Open
T007,21-22,2021-10-16,16,Not Open
T008,21-22,2021-10-16,16,Not Open
T009,21-22,2021-10-16,16,Not Open
T010,21-22,2021-10-16,16,Not Open
T011,21-22,2021-10-16,16,Not Open
T012,21-22,2021-10-16,16,Not Open
T013,21-22,2021-10-16,16,Not Open
T014,21-22,2021-10-16,16,Not Open
T015,21-22,2021-10-16,16,Not Open
T016,21-22,2021-10-16,16,Not Open
T017,21-22,2021-10-16,16,Not Open
T018,21-22,2021-10-16,16,Not Open
T019,21-22,2021-10-16,16,Not Open
T020,21-22,2021-10-16,16,Not Open
T021,21-22,2021-10-16,16,Not Open
T022,21-22,2021-10-16,16,Not Open
T023,21-22,2021-10-16,16,Not Open
T024,21-22,2021-10-16,16,Not Open
T025,21-22,2021-10-16,16,Not Open
T026,21-22,2021-10-16,16,Not Open
T027,21-22,2021-10-16,16,Not Open
T028,21-22,2021-10-16,16,Not Open
T029,21-22,2021-10-16,16,Not Open
T030,21-22,2021-10-16,16,Not Open
T031,21-22,2021-10-16,16,Not Open
T032,21-22,2021-10-16,16,Not Open
T033,21-22,2021-10-16,16,Not Open
T034,21-22,2021-10-16,16,Not Open
T035,21-22,2021-10-16,16,Not Open
T036,21-22,2021-10-16,16,Not Open
T037,21-22,2021-10-16,16,Not Open
T038,21-22,2021-10-16,16,Not Open
T039,21-22,2021-10-16,16,Not Open
T040,21-22,2021-10-16,16,Not Open
T041,21-22,2021-10-16,16,Not Open
T042,21-22,2021-10-16,16,Not Open
T043,21-22,2021-10-16,16,Not Open
T044,21-22,2021-10-16,16,Not Open
T045,21-22,2021-10-16,16,Not Open
T046,21-22,2021-10-16,16,Not Open
T047,21-22,2021-10-16,16,Not Open
T048,21-22,2021-10-16,16,Not Open
T049,21-22,2021-10-16,16,Not Open
T050,21-22,2021-10-16,16,Not Open
T051,21-22,2021-10-16,16,Not Open
T052,21-22,2021-10-16,16,Not Open
T053,21-22,2021-10-16,16,Not Open
T054,21-22,2021-10-16,16,Not Open
T055,21-22,2021-10-16,16,Not Open
T056,21-22,2021-10-16,16,Not Open
T057,21-22,2021-10-16,16,Not Open
T058,21-22,2021-10-16,16,Not Open
T061,21-22,2021-10-16,16,Not Open
T063,21-22,2021-10-16,16,Not Open
T064,21-22,2021-10-16,16,Not Open
T065,21-22,2021-10-16,16,Not Open
T067,21-22,2021-10-16,16,Not Open
T068,21-22,2021-10-16,16,Not Open
T069,21-22,2021-10-16,16,Not Open
T070,21-22,2021-10-16,16,Not Open
T071,21-22,2021-10-16,16,Not Open
T072,21-22,2021-10-16,16,Not Open
T073,21-22,2021-10-16,16,Not Open
T074,21-22,2021-10-16,16,Not Open
T075,21-22,2021-10-16,16,Not Open
T076,21-22,2021-10-16,16,Not Open
T077,21-22,2021-10-16,16,Not Open
T078,21-22,2021-10-16,16,Not Open
T079,21-22,2021-10-16,16,Not Open
T080,21-22,2021-10-16,16,Not Open
T081,21-22,2021-10-16,16,Not Open
T082,21-22,2021-10-16,16,Not Open
T083,21-22,2021-10-16,16,Not Open
T084,21-22,2021-10-16,16,Not Open
T085,21-22,2021-10-16,16,Not Open
T086,21-22,2021-10-16,16,Not Open
T087,21-22,2021-10-16,16,Not Open
T088,21-22,2021-10-16,16,Not Open
T089,21-22,2021-10-16,16,Not Open
T090,21-22,2021-10-16,16,Not Open
T091,21-22,2021-10-16,16,Not Open
T092,21-22,2021-10-16,16,Not Open
T127,21-22,2021-10-16,16,Not Open
T134,21-22,2021-10-16,16,Not Open
T135,21-22,2021-10-16,16,Not Open
T136,21-22,2021-10-16,16,Not Open
T137,21-22,2021-10-16,16,Not Open
T148,21-22,2021-10-16,16,Not Open
T154,21-22,2021-10-16,16,Not Open
T001,21-22,2021-10-17,17,Not Open
T002,21-22,2021-10-17,17,Not Open
T003,21-22,2021-10-17,17,Not Open
T004,21-22,2021-10-17,17,Not Open
T005,21-22,2021-10-17,17,Not Open
T006,21-22,2021-10-17,17,Not Open
T007,21-22,2021-10-17,17,Not Open
T008,21-22,2021-10-17,17,Not Open
T009,21-22,2021-10-17,17,Not Open
T010,21-22,2021-10-17,17,Not Open
T011,21-22,2021-10-17,17,Not Open
T012,21-22,2021-10-17,17,Not Open
T013,21-22,2021-10-17,17,Not Open
T014,21-22,2021-10-17,17,Not Open
T015,21-22,2021-10-17,17,Not Open
T016,21-22,2021-10-17,17,Not Open
T017,21-22,2021-10-17,17,Not Open
T018,21-22,2021-10-17,17,Not Open
T019,21-22,2021-10-17,17,Not Open
T020,21-22,2021-10-17,17,Not Open
T021,21-22,2021-10-17,17,Not Open
T022,21-22,2021-10-17,17,Not Open
T023,21-22,2021-10-17,17,Not Open
T024,21-22,2021-10-17,17,Not Open
T025,21-22,2021-10-17,17,Not Open
T026,21-22,2021-10-17,17,Not Open
T027,21-22,2021-10-17,17,Not Open
T028,21-22,2021-10-17,17,Not Open
T029,21-22,2021-10-17,17,Not Open
T030,21-22,2021-10-17,17,Not Open
T031,21-22,2021-10-17,17,Not Open
T032,21-22,2021-10-17,17,Not Open
T033,21-22,2021-10-17,17,Not Open
T034,21-22,2021-10-17,17,Not Open
T035,21-22,2021-10-17,17,Not Open
T036,21-22,2021-10-17,17,Not Open
T037,21-22,2021-10-17,17,Not Open
T038,21-22,2021-10-17,17,Not Open
T039,21-22,2021-10-17,17,Not Open
T040,21-22,2021-10-17,17,Not Open
T041,21-22,2021-10-17,17,Not Open
T042,21-22,2021-10-17,17,Not Open
T043,21-22,2021-10-17,17,Not Open
T044,21-22,2021-10-17,17,Not Open
T045,21-22,2021-10-17,17,Not Open
T046,21-22,2021-10-17,17,Not Open
T047,21-22,2021-10-17,17,Not Open
T048,21-22,2021-10-17,17,Not Open
T049,21-22,2021-10-17,17,Not Open
T050,21-22,2021-10-17,17,Not Open
T051,21-22,2021-10-17,17,Not Open
T052,21-22,2021-10-17,17,Not Open
T053,21-22,2021-10-17,17,Not Open
T054,21-22,2021-10-17,17,Not Open
T055,21-22,2021-10-17,17,Not Open
T056,21-22,2021-10-17,17,Not Open
T057,21-22,2021-10-17,17,Not Open
T058,21-22,2021-10-17,17,Not Open
T061,21-22,2021-10-17,17,Not Open
T063,21-22,2021-10-17,17,Not Open
T064,21-22,2021-10-17,17,Not Open
T065,21-22,2021-10-17,17,Not Open
T067,21-22,2021-10-17,17,Not Open
T068,21-22,2021-10-17,17,Not Open
T069,21-22,2021-10-17,17,Not Open
T070,21-22,2021-10-17,17,Not Open
T071,21-22,2021-10-17,17,Not Open
T072,21-22,2021-10-17,17,Not Open
T073,21-22,2021-10-17,17,Not Open
T074,21-22,2021-10-17,17,Not Open
T075,21-22,2021-10-17,17,Not Open
T076,21-22,2021-10-17,17,Not Open
T077,21-22,2021-10-17,17,Not Open
T078,21-22,2021-10-17,17,Not Open
T079,21-22,2021-10-17,17,Not Open
T080,21-22,2021-10-17,17,Not Open
T081,21-22,2021-10-17,17,Not Open
T082,21-22,2021-10-17,17,Not Open
T083,21-22,2021-10-17,17,Not Open
T084,21-22,2021-10-17,17,Not Open
T085,21-22,2021-10-17,17,Not Open
T086,21-22,2021-10-17,17,Not Open
T087,21-22,2021-10-17,17,Not Open
T088,21-22,2021-10-17,17,Not Open
T089,21-22,2021-10-17,17,Not Open
T090,21-22,2021-10-17,17,Not Open
T091,21-22,2021-10-17,17,Not Open
T092,21-22,2021-10-17,17,Not Open
T127,21-22,2021-10-17,17,Not Open
T134,21-22,2021-10-17,17,Not Open
T135,21-22,2021-10-17,17,Not Open
T136,21-22,2021-10-17,17,Not Open
T137,21-22,2021-10-17,17,Not Open
T148,21-22,2021-10-17,17,Not Open
T154,21-22,2021-10-17,17,Not Open
T001,21-22,2021-10-18,18,Not Open
T002,21-22,2021-10-18,18,Not Open
T003,21-22,2021-10-18,18,Not Open
T004,21-22,2021-10-18,18,Not Open
T005,21-22,2021-10-18,18,Not Open
T006,21-22,2021-10-18,18,Not Open
T007,21-22,2021-10-18,18,Not Open
T008,21-22,2021-10-18,18,Not Open
T009,21-22,2021-10-18,18,Not Open
T010,21-22,2021-10-18,18,Not Open
T011,21-22,2021-10-18,18,Not Open
T012,21-22,2021-10-18,18,Not Open
T013,21-22,2021-10-18,18,Not Open
T014,21-22,2021-10-18,18,Not Open
T015,21-22,2021-10-18,18,Not Open
T016,21-22,2021-10-18,18,Not Open
T017,21-22,2021-10-18,18,Not Open
T018,21-22,2021-10-18,18,Not Open
T019,21-22,2021-10-18,18,Not Open
T020,21-22,2021-10-18,18,Not Open
T021,21-22,2021-10-18,18,Not Open
T022,21-22,2021-10-18,18,Not Open
T023,21-22,2021-10-18,18,Not Open
T024,21-22,2021-10-18,18,Not Open
T025,21-22,2021-10-18,18,Not Open
T026,21-22,2021-10-18,18,Not Open
T027,21-22,2021-10-18,18,Not Open
T028,21-22,2021-10-18,18,Not Open
T029,21-22,2021-10-18,18,Not Open
T030,21-22,2021-10-18,18,Not Open
T031,21-22,2021-10-18,18,Not Open
T032,21-22,2021-10-18,18,Not Open
T033,21-22,2021-10-18,18,Not Open
T034,21-22,2021-10-18,18,Not Open
T035,21-22,2021-10-18,18,Not Open
T036,21-22,2021-10-18,18,Not Open
T037,21-22,2021-10-18,18,Not Open
T038,21-22,2021-10-18,18,Not Open
T039,21-22,2021-10-18,18,Not Open
T040,21-22,2021-10-18,18,Not Open
T041,21-22,2021-10-18,18,Not Open
T042,21-22,2021-10-18,18,Not Open
T043,21-22,2021-10-18,18,Not Open
T044,21-22,2021-10-18,18,Not Open
T045,21-22,2021-10-18,18,Not Open
T046,21-22,2021-10-18,18,Not Open
T047,21-22,2021-10-18,18,Not Open
T048,21-22,2021-10-18,18,Not Open
T049,21-22,2021-10-18,18,Not Open
T050,21-22,2021-10-18,18,Not Open
T051,21-22,2021-10-18,18,Not Open
T052,21-22,2021-10-18,18,Not Open
T053,21-22,2021-10-18,18,Not Open
T054,21-22,2021-10-18,18,Not Open
T055,21-22,2021-10-18,18,Not Open
T056,21-22,2021-10-18,18,Not Open
T057,21-22,2021-10-18,18,Not Open
T058,21-22,2021-10-18,18,Not Open
T061,21-22,2021-10-18,18,Not Open
T063,21-22,2021-10-18,18,Not Open
T064,21-22,2021-10-18,18,Not Open
T065,21-22,2021-10-18,18,Not Open
T067,21-22,2021-10-18,18,Not Open
T068,21-22,2021-10-18,18,Not Open
T069,21-22,2021-10-18,18,Not Open
T070,21-22,2021-10-18,18,Not Open
T071,21-22,2021-10-18,18,Not Open
T072,21-22,2021-10-18,18,Not Open
T073,21-22,2021-10-18,18,Not Open
T074,21-22,2021-10-18,18,Not Open
T075,21-22,2021-10-18,18,Not Open
T076,21-22,2021-10-18,18,Not Open
T077,21-22,2021-10-18,18,Not Open
T078,21-22,2021-10-18,18,Not Open
T079,21-22,2021-10-18,18,Not Open
T080,21-22,2021-10-18,18,Not Open
T081,21-22,2021-10-18,18,Not Open
T082,21-22,2021-10-18,18,Not Open
T083,21-22,2021-10-18,18,Not Open
T084,21-22,2021-10-18,18,Not Open
T085,21-22,2021-10-18,18,Not Open
T086,21-22,2021-10-18,18,Not Open
T087,21-22,2021-10-18,18,Not Open
T088,21-22,2021-10-18,18,Not Open
T089,21-22,2021-10-18,18,Not Open
T090,21-22,2021-10-18,18,Not Open
T091,21-22,2021-10-18,18,Not Open
T092,21-22,2021-10-18,18,Not Open
T127,21-22,2021-10-18,18,Not Open
T134,21-22,2021-10-18,18,Not Open
T135,21-22,2021-10-18,18,Not Open
T136,21-22,2021-10-18,18,Not Open
T137,21-22,2021-10-18,18,Not Open
T148,21-22,2021-10-18,18,Not Open
T154,21-22,2021-10-18,18,Not Open
T001,21-22,2021-10-19,19,Not Open
T002,21-22,2021-10-19,19,Not Open
T003,21-22,2021-10-19,19,Not Open
T004,21-22,2021-10-19,19,Not Open
T005,21-22,2021-10-19,19,Not Open
T006,21-22,2021-10-19,19,Not Open
T007,21-22,2021-10-19,19,Not Open
T008,21-22,2021-10-19,19,Not Open
T009,21-22,2021-10-19,19,Not Open
T010,21-22,2021-10-19,19,Not Open
T011,21-22,2021-10-19,19,Not Open
T012,21-22,2021-10-19,19,Not Open
T013,21-22,2021-10-19,19,Not Open
T014,21-22,2021-10-19,19,Not Open
T015,21-22,2021-10-19,19,Not Open
T016,21-22,2021-10-19,19,Not Open
T017,21-22,2021-10-19,19,Not Open
T018,21-22,2021-10-19,19,Not Open
T019,21-22,2021-10-19,19,Not Open
T020,21-22,2021-10-19,19,Not Open
T021,21-22,2021-10-19,19,Not Open
T022,21-22,2021-10-19,19,Not Open
T023,21-22,2021-10-19,19,Not Open
T024,21-22,2021-10-19,19,Not Open
T025,21-22,2021-10-19,19,Not Open
T026,21-22,2021-10-19,19,Not Open
T027,21-22,2021-10-19,19,Not Open
T028,21-22,2021-10-19,19,Not Open
T029,21-22,2021-10-19,19,Not Open
T030,21-22,2021-10-19,19,Not Open
T031,21-22,2021-10-19,19,Not Open
T032,21-22,2021-10-19,19,Not Open
T033,21-22,2021-10-19,19,Not Open
T034,21-22,2021-10-19,19,Not Open
T035,21-22,2021-10-19,19,Not Open
T036,21-22,2021-10-19,19,Not Open
T037,21-22,2021-10-19,19,Not Open
T038,21-22,2021-10-19,19,Not Open
T039,21-22,2021-10-19,19,Not Open
T040,21-22,2021-10-19,19,Not Open
T041,21-22,2021-10-19,19,Not Open
T042,21-22,2021-10-19,19,Not Open
T043,21-22,2021-10-19,19,Not Open
T044,21-22,2021-10-19,19,Not Open
T045,21-22,2021-10-19,19,Not Open
T046,21-22,2021-10-19,19,Not Open
T047,21-22,2021-10-19,19,Not Open
T048,21-22,2021-10-19,19,Not Open
T049,21-22,2021-10-19,19,Not Open
T050,21-22,2021-10-19,19,Not Open
T051,21-22,2021-10-19,19,Not Open
T052,21-22,2021-10-19,19,Not Open
T053,21-22,2021-10-19,19,Not Open
T054,21-22,2021-10-19,19,Not Open
T055,21-22,2021-10-19,19,Not Open
T056,21-22,2021-10-19,19,Not Open
T057,21-22,2021-10-19,19,Not Open
T058,21-22,2021-10-19,19,Not Open
T061,21-22,2021-10-19,19,Not Open
T063,21-22,2021-10-19,19,Not Open
T064,21-22,2021-10-19,19,Not Open
T065,21-22,2021-10-19,19,Not Open
T067,21-22,2021-10-19,19,Not Open
T068,21-22,2021-10-19,19,Not Open
T069,21-22,2021-10-19,19,Not Open
T070,21-22,2021-10-19,19,Not Open
T071,21-22,2021-10-19,19,Not Open
T072,21-22,2021-10-19,19,Not Open
T073,21-22,2021-10-19,19,Not Open
T074,21-22,2021-10-19,19,Not Open
T075,21-22,2021-10-19,19,Not Open
T076,21-22,2021-10-19,19,Not Open
T077,21-22,2021-10-19,19,Not Open
T078,21-22,2021-10-19,19,Not Open
T079,21-22,2021-10-19,19,Not Open
T080,21-22,2021-10-19,19,Not Open
T081,21-22,2021-10-19,19,Not Open
T082,21-22,2021-10-19,19,Not Open
T083,21-22,2021-10-19,19,Not Open
T084,21-22,2021-10-19,19,Not Open
T085,21-22,2021-10-19,19,Not Open
T086,21-22,2021-10-19,19,Not Open
T087,21-22,2021-10-19,19,Not Open
T088,21-22,2021-10-19,19,Not Open
T089,21-22,2021-10-19,19,Not Open
T090,21-22,2021-10-19,19,Not Open
T091,21-22,2021-10-19,19,Not Open
T092,21-22,2021-10-19,19,Not Open
T127,21-22,2021-10-19,19,Not Open
T134,21-22,2021-10-19,19,Not Open
T135,21-22,2021-10-19,19,Not Open
T136,21-22,2021-10-19,19,Not Open
T137,21-22,2021-10-19,19,Not Open
T148,21-22,2021-10-19,19,Not Open
T154,21-22,2021-10-19,19,Not Open
T001,21-22,2021-10-20,20,Not Open
T002,21-22,2021-10-20,20,Not Open
T003,21-22,2021-10-20,20,Not Open
T004,21-22,2021-10-20,20,Not Open
T005,21-22,2021-10-20,20,Not Open
T006,21-22,2021-10-20,20,Not Open
T007,21-22,2021-10-20,20,Not Open
T008,21-22,2021-10-20,20,Not Open
T009,21-22,2021-10-20,20,Not Open
T010,21-22,2021-10-20,20,Not Open
T011,21-22,2021-10-20,20,Not Open
T012,21-22,2021-10-20,20,Not Open
T013,21-22,2021-10-20,20,Not Open
T014,21-22,2021-10-20,20,Not Open
T015,21-22,2021-10-20,20,Not Open
T016,21-22,2021-10-20,20,Not Open
T017,21-22,2021-10-20,20,Not Open
T018,21-22,2021-10-20,20,Not Open
T019,21-22,2021-10-20,20,Not Open
T020,21-22,2021-10-20,20,Not Open
T021,21-22,2021-10-20,20,Not Open
T022,21-22,2021-10-20,20,Not Open
T023,21-22,2021-10-20,20,Not Open
T024,21-22,2021-10-20,20,Not Open
T025,21-22,2021-10-20,20,Not Open
T026,21-22,2021-10-20,20,Not Open
T027,21-22,2021-10-20,20,Not Open
T028,21-22,2021-10-20,20,Not Open
T029,21-22,2021-10-20,20,Not Open
T030,21-22,2021-10-20,20,Not Open
T031,21-22,2021-10-20,20,Not Open
T032,21-22,2021-10-20,20,Not Open
T033,21-22,2021-10-20,20,Not Open
T034,21-22,2021-10-20,20,Not Open
T035,21-22,2021-10-20,20,Not Open
T036,21-22,2021-10-20,20,Not Open
T037,21-22,2021-10-20,20,Not Open
T038,21-22,2021-10-20,20,Not Open
T039,21-22,2021-10-20,20,Not Open
T040,21-22,2021-10-20,20,Not Open
T041,21-22,2021-10-20,20,Not Open
T042,21-22,2021-10-20,20,Not Open
T043,21-22,2021-10-20,20,Not Open
T044,21-22,2021-10-20,20,Not Open
T045,21-22,2021-10-20,20,Not Open
T046,21-22,2021-10-20,20,Not Open
T047,21-22,2021-10-20,20,Not Open
T048,21-22,2021-10-20,20,Not Open
T049,21-22,2021-10-20,20,Not Open
T050,21-22,2021-10-20,20,Not Open
T051,21-22,2021-10-20,20,Not Open
T052,21-22,2021-10-20,20,Not Open
T053,21-22,2021-10-20,20,Not Open
T054,21-22,2021-10-20,20,Not Open
T055,21-22,2021-10-20,20,Not Open
T056,21-22,2021-10-20,20,Not Open
T057,21-22,2021-10-20,20,Not Open
T058,21-22,2021-10-20,20,Not Open
T061,21-22,2021-10-20,20,Not Open
T063,21-22,2021-10-20,20,Not Open
T064,21-22,2021-10-20,20,Not Open
T065,21-22,2021-10-20,20,Not Open
T067,21-22,2021-10-20,20,Not Open
T068,21-22,2021-10-20,20,Not Open
T069,21-22,2021-10-20,20,Not Open
T070,21-22,2021-10-20,20,Not Open
T071,21-22,2021-10-20,20,Not Open
T072,21-22,2021-10-20,20,Not Open
T073,21-22,2021-10-20,20,Not Open
T074,21-22,2021-10-20,20,Not Open
T075,21-22,2021-10-20,20,Not Open
T076,21-22,2021-10-20,20,Not Open
T077,21-22,2021-10-20,20,Not Open
T078,21-22,2021-10-20,20,Not Open
T079,21-22,2021-10-20,20,Not Open
T080,21-22,2021-10-20,20,Not Open
T081,21-22,2021-10-20,20,Not Open
T082,21-22,2021-10-20,20,Not Open
T083,21-22,2021-10-20,20,Not Open
T084,21-22,2021-10-20,20,Not Open
T085,21-22,2021-10-20,20,Not Open
T086,21-22,2021-10-20,20,Not Open
T087,21-22,2021-10-20,20,Not Open
T088,21-22,2021-10-20,20,Not Open
T089,21-22,2021-10-20,20,Not Open
T090,21-22,2021-10-20,20,Not Open
T091,21-22,2021-10-20,20,Not Open
T092,21-22,2021-10-20,20,Not Open
T127,21-22,2021-10-20,20,Not Open
T134,21-22,2021-10-20,20,Not Open
T135,21-22,2021-10-20,20,Not Open
T136,21-22,2021-10-20,20,Not Open
T137,21-22,2021-10-20,20,Not Open
T148,21-22,2021-10-20,20,Not Open
T154,21-22,2021-10-20,20,Not Open
T001,21-22,2021-10-21,21,Not Open
T002,21-22,2021-10-21,21,Not Open
T003,21-22,2021-10-21,21,Not Open
T004,21-22,2021-10-21,21,Not Open
T005,21-22,2021-10-21,21,Not Open
T006,21-22,2021-10-21,21,Not Open
T007,21-22,2021-10-21,21,Not Open
T008,21-22,2021-10-21,21,Not Open
T009,21-22,2021-10-21,21,Not Open
T010,21-22,2021-10-21,21,Not Open
T011,21-22,2021-10-21,21,Not Open
T012,21-22,2021-10-21,21,Not Open
T013,21-22,2021-10-21,21,Not Open
T014,21-22,2021-10-21,21,Not Open
T015,21-22,2021-10-21,21,Not Open
T016,21-22,2021-10-21,21,Not Open
T017,21-22,2021-10-21,21,Not Open
T018,21-22,2021-10-21,21,Not Open
T019,21-22,2021-10-21,21,Not Open
T020,21-22,2021-10-21,21,Not Open
T021,21-22,2021-10-21,21,Not Open
T022,21-22,2021-10-21,21,Not Open
T023,21-22,2021-10-21,21,Not Open
T024,21-22,2021-10-21,21,Not Open
T025,21-22,2021-10-21,21,Not Open
T026,21-22,2021-10-21,21,Not Open
T027,21-22,2021-10-21,21,Not Open
T028,21-22,2021-10-21,21,Not Open
T029,21-22,2021-10-21,21,Not Open
T030,21-22,2021-10-21,21,Not Open
T031,21-22,2021-10-21,21,Not Open
T032,21-22,2021-10-21,21,Not Open
T033,21-22,2021-10-21,21,Not Open
T034,21-22,2021-10-21,21,Not Open
T035,21-22,2021-10-21,21,Not Open
T036,21-22,2021-10-21,21,Not Open
T037,21-22,2021-10-21,21,Not Open
T038,21-22,2021-10-21,21,Not Open
T039,21-22,2021-10-21,21,Not Open
T040,21-22,2021-10-21,21,Not Open
T041,21-22,2021-10-21,21,Not Open
T042,21-22,2021-10-21,21,Not Open
T043,21-22,2021-10-21,21,Not Open
T044,21-22,2021-10-21,21,Not Open
T045,21-22,2021-10-21,21,Not Open
T046,21-22,2021-10-21,21,Not Open
T047,21-22,2021-10-21,21,Not Open
T048,21-22,2021-10-21,21,Not Open
T049,21-22,2021-10-21,21,Not Open
T050,21-22,2021-10-21,21,Not Open
T051,21-22,2021-10-21,21,Not Open
T052,21-22,2021-10-21,21,Not Open
T053,21-22,2021-10-21,21,Not Open
T054,21-22,2021-10-21,21,Not Open
T055,21-22,2021-10-21,21,Not Open
T056,21-22,2021-10-21,21,Not Open
T057,21-22,2021-10-21,21,Not Open
T058,21-22,2021-10-21,21,Not Open
T061,21-22,2021-10-21,21,Not Open
T063,21-22,2021-10-21,21,Not Open
T064,21-22,2021-10-21,21,Not Open
T065,21-22,2021-10-21,21,Not Open
T067,21-22,2021-10-21,21,Not Open
T068,21-22,2021-10-21,21,Not Open
T069,21-22,2021-10-21,21,Not Open
T070,21-22,2021-10-21,21,Not Open
T071,21-22,2021-10-21,21,Not Open
T072,21-22,2021-10-21,21,Not Open
T073,21-22,2021-10-21,21,Not Open
T074,21-22,2021-10-21,21,Not Open
T075,21-22,2021-10-21,21,Not Open
T076,21-22,2021-10-21,21,Not Open
T077,21-22,2021-10-21,21,Not Open
T078,21-22,2021-10-21,21,Not Open
T079,21-22,2021-10-21,21,Not Open
T080,21-22,2021-10-21,21,Not Open
T081,21-22,2021-10-21,21,Not Open
T082,21-22,2021-10-21,21,Not Open
T083,21-22,2021-10-21,21,Not Open
T084,21-22,2021-10-21,21,Not Open
T085,21-22,2021-10-21,21,Not Open
T086,21-22,2021-10-21,21,Not Open
T087,21-22,2021-10-21,21,Not Open
T088,21-22,2021-10-21,21,Not Open
T089,21-22,2021-10-21,21,Not Open
T090,21-22,2021-10-21,21,Not Open
T091,21-22,2021-10-21,21,Not Open
T092,21-22,2021-10-21,21,Not Open
T127,21-22,2021-10-21,21,Not Open
T134,21-22,2021-10-21,21,Not Open
T135,21-22,2021-10-21,21,Not Open
T136,21-22,2021-10-21,21,Not Open
T137,21-22,2021-10-21,21,Not Open
T148,21-22,2021-10-21,21,Not Open
T154,21-22,2021-10-21,21,Not Open
T001,21-22,2021-10-22,22,Closed
T002,21-22,2021-10-22,22,Closed
T003,21-22,2021-10-22,22,Closed
T004,21-22,2021-10-22,22,Closed
T005,21-22,2021-10-22,22,Closed
T006,21-22,2021-10-22,22,Closed
T007,21-22,2021-10-22,22,Closed
T008,21-22,2021-10-22,22,Closed
T009,21-22,2021-10-22,22,Closed
T010,21-22,2021-10-22,22,Closed
T011,21-22,2021-10-22,22,Groomed
T012,21-22,2021-10-22,22,Closed
T013,21-22,2021-10-22,22,Closed
T014,21-22,2021-10-22,22,Closed
T015,21-22,2021-10-22,22,Closed
T016,21-22,2021-10-22,22,Closed
T017,21-22,2021-10-22,22,Closed
T018,21-22,2021-10-22,22,Closed
T019,21-22,2021-10-22,22,Closed
T020,21-22,2021-10-22,22,Closed
T021,21-22,2021-10-22,22,Closed
T022,21-22,2021-10-22,22,Closed
T023,21-22,2021-10-22,22,Closed
T024,21-22,2021-10-22,22,Closed
T025,21-22,2021-10-22,22,Closed
T026,21-22,2021-10-22,22,Closed
T027,21-22,2021-10-22,22,Closed
T028,21-22,2021-10-22,22,Closed
T029,21-22,2021-10-22,22,Closed
T030,21-22,2021-10-22,22,Closed
T031,21-22,2021-10-22,22,Closed
T032,21-22,2021-10-22,22,Closed
T033,21-22,2021-10-22,22,Closed
T034,21-22,2021-10-22,22,Closed
T035,21-22,2021-10-22,22,Closed
T036,21-22,2021-10-22,22,Closed
T037,21-22,2021-10-22,22,Closed
T038,21-22,2021-10-22,22,Closed
T039,21-22,2021-10-22,22,Closed
T040,21-22,2021-10-22,22,Closed
T041,21-22,2021-10-22,22,Closed
T042,21-22,2021-10-22,22,Closed
T043,21-22,2021-10-22,22,Closed
T044,21-22,2021-10-22,22,Closed
T045,21-22,2021-10-22,22,Closed
T046,21-22,2021-10-22,22,Closed
T047,21-22,2021-10-22,22,Closed
T048,21-22,2021-10-22,22,Closed
T049,21-22,2021-10-22,22,Closed
T050,21-22,2021-10-22,22,Closed
T051,21-22,2021-10-22,22,Closed
T052,21-22,2021-10-22,22,Closed
T053,21-22,2021-10-22,22,Closed
T054,21-22,2021-10-22,22,Closed
T055,21-22,2021-10-22,22,Closed
T056,21-22,2021-10-22,22,Closed
T057,21-22,2021-10-22,22,Closed
T058,21-22,2021-10-22,22,Closed
T061,21-22,2021-10-22,22,Closed
T063,21-22,2021-10-22,22,Closed
T064,21-22,2021-10-22,22,Closed
T065,21-22,2021-10-22,22,Closed
T067,21-22,2021-10-22,22,Closed
T068,21-22,2021-10-22,22,Closed
T069,21-22,2021-10-22,22,Closed
T070,21-22,2021-10-22,22,Closed
T071,21-22,2021-10-22,22,Closed
T072,21-22,2021-10-22,22,Closed
T073,21-22,2021-10-22,22,Closed
T074,21-22,2021-10-22,22,Closed
T075,21-22,2021-10-22,22,Closed
T076,21-22,2021-10-22,22,Closed
T077,21-22,2021-10-22,22,Closed
T078,21-22,2021-10-22,22,Closed
T079,21-22,2021-10-22,22,Closed
T080,21-22,2021-10-22,22,Closed
T081,21-22,2021-10-22,22,Closed
T082,21-22,2021-10-22,22,Closed
T083,21-22,2021-10-22,22,Closed
T084,21-22,2021-10-22,22,Closed
T085,21-22,2021-10-22,22,Closed
T086,21-22,2021-10-22,22,Closed
T087,21-22,2021-10-22,22,Closed
T088,21-22,2021-10-22,22,Closed
T089,21-22,2021-10-22,22,Closed
T090,21-22,2021-10-22,22,Closed
T091,21-22,2021-10-22,22,Closed
T092,21-22,2021-10-22,22,Closed
T127,21-22,2021-10-22,22,Closed
T134,21-22,2021-10-22,22,Closed
T135,21-22,2021-10-22,22,Closed
T136,21-22,2021-10-22,22,Closed
T137,21-22,2021-10-22,22,Closed
T148,21-22,2021-10-22,22,Closed
T154,21-22,2021-10-22,22,Closed
T001,21-22,2021-10-23,23,Closed
T002,21-22,2021-10-23,23,Closed
T003,21-22,2021-10-23,23,Closed
T004,21-22,2021-10-23,23,Closed
T005,21-22,2021-10-23,23,Groomed
T006,21-22,2021-10-23,23,Closed
T007,21-22,2021-10-23,23,Closed
T008,21-22,2021-10-23,23,Closed
T009,21-22,2021-10-23,23,Closed
T010,21-22,2021-10-23,23,Closed
T011,21-22,2021-10-23,23,Groomed
T012,21-22,2021-10-23,23,Closed
T013,21-22,2021-10-23,23,Closed
T014,21-22,2021-10-23,23,Closed
T015,21-22,2021-10-23,23,Closed
T016,21-22,2021-10-23,23,Closed
T017,21-22,2021-10-23,23,Closed
T018,21-22,2021-10-23,23,Closed
T019,21-22,2021-10-23,23,Closed
T020,21-22,2021-10-23,23,Closed
T021,21-22,2021-10-23,23,Closed
T022,21-22,2021-10-23,23,Closed
T023,21-22,2021-10-23,23,Closed
T024,21-22,2021-10-23,23,Closed
T025,21-22,2021-10-23,23,Closed
T026,21-22,2021-10-23,23,Closed
T027,21-22,2021-10-23,23,Closed
T028,21-22,2021-10-23,23,Closed
T029,21-22,2021-10-23,23,Closed
T030,21-22,2021-10-23,23,Closed
T031,21-22,2021-10-23,23,Closed
T032,21-22,2021-10-23,23,Closed
T033,21-22,2021-10-23,23,Closed
T034,21-22,2021-10-23,23,Closed
T035,21-22,2021-10-23,23,Closed
T036,21-22,2021-10-23,23,Closed
T037,21-22,2021-10-23,23,Closed
T038,21-22,2021-10-23,23,Closed
T039,21-22,2021-10-23,23,Closed
T040,21-22,2021-10-23,23,Closed
T041,21-22,2021-10-23,23,Closed
T042,21-22,2021-10-23,23,Closed
T043,21-22,2021-10-23,23,Closed
T044,21-22,2021-10-23,23,Closed
T045,21-22,2021-10-23,23,Closed
T046,21-22,2021-10-23,23,Closed
T047,21-22,2021-10-23,23,Closed
T048,21-22,2021-10-23,23,Closed
T049,21-22,2021-10-23,23,Closed
T050,21-22,2021-10-23,23,Closed
T051,21-22,2021-10-23,23,Closed
T052,21-22,2021-10-23,23,Closed
T053,21-22,2021-10-23,23,Closed
T054,21-22,2021-10-23,23,Closed
T055,21-22,2021-10-23,23,Closed
T056,21-22,2021-10-23,23,Closed
T057,21-22,2021-10-23,23,Closed
T058,21-22,2021-10-23,23,Closed
T061,21-22,2021-10-23,23,Closed
T063,21-22,2021-10-23,23,Closed
T064,21-22,2021-10-23,23,Closed
T065,21-22,2021-10-23,23,Closed
T067,21-22,2021-10-23,23,Closed
T068,21-22,2021-10-23,23,Closed
T069,21-22,2021-10-23,23,Closed
T070,21-22,2021-10-23,23,Closed
T071,21-22,2021-10-23,23,Closed
T072,21-22,2021-10-23,23,Closed
T073,21-22,2021-10-23,23,Closed
T074,21-22,2021-10-23,23,Closed
T075,21-22,2021-10-23,23,Closed
T076,21-22,2021-10-23,23,Closed
T077,21-22,2021-10-23,23,Closed
T078,21-22,2021-10-23,23,Closed
T079,21-22,2021-10-23,23,Closed
T080,21-22,2021-10-23,23,Closed
T081,21-22,2021-10-23,23,Closed
T082,21-22,2021-10-23,23,Closed
T083,21-22,2021-10-23,23,Closed
T084,21-22,2021-10-23,23,Closed
T085,21-22,2021-10-23,23,Closed
T086,21-22,2021-10-23,23,Closed
T087,21-22,2021-10-23,23,Closed
T088,21-22,2021-10-23,23,Closed
T089,21-22,2021-10-23,23,Closed
T090,21-22,2021-10-23,23,Closed
T091,21-22,2021-10-23,23,Closed
T092,21-22,2021-10-23,23,Closed
T127,21-22,2021-10-23,23,Closed
T134,21-22,2021-10-23,23,Closed
T135,21-22,2021-10-23,23,Closed
T136,21-22,2021-10-23,23,Closed
T137,21-22,2021-10-23,23,Closed
T148,21-22,2021-10-23,23,Closed
T154,21-22,2021-10-23,23,Closed
T001,21-22,2021-10-24,24,Closed
T002,21-22,2021-10-24,24,Closed
T003,21-22,2021-10-24,24,Closed
T004,21-22,2021-10-24,24,Closed
T005,21-22,2021-10-24,24,Groomed
T006,21-22,2021-10-24,24,Closed
T007,21-22,2021-10-24,24,Closed
T008,21-22,2021-10-24,24,Closed
T009,21-22,2021-10-24,24,Closed
T010,21-22,2021-10-24,24,Closed
T011,21-22,2021-10-24,24,Groomed
T012,21-22,2021-10-24,24,Closed
T013,21-22,2021-10-24,24,Closed
T014,21-22,2021-10-24,24,Closed
T015,21-22,2021-10-24,24,Closed
T016,21-22,2021-10-24,24,Closed
T017,21-22,2021-10-24,24,Closed
T018,21-22,2021-10-24,24,Closed
T019,21-22,2021-10-24,24,Closed
T020,21-22,2021-10-24,24,Closed
T021,21-22,2021-10-24,24,Closed
T022,21-22,2021-10-24,24,Closed
T023,21-22,2021-10-24,24,Closed
T024,21-22,2021-10-24,24,Closed
T025,21-22,2021-10-24,24,Closed
T026,21-22,2021-10-24,24,Groomed
T027,21-22,2021-10-24,24,Closed
T028,21-22,2021-10-24,24,Closed
T029,21-22,2021-10-24,24,Closed
T030,21-22,2021-10-24,24,Closed
T031,21-22,2021-10-24,24,Closed
T032,21-22,2021-10-24,24,Closed
T033,21-22,2021-10-24,24,Closed
T034,21-22,2021-10-24,24,Closed
T035,21-22,2021-10-24,24,Closed
T036,21-22,2021-10-24,24,Closed
T037,21-22,2021-10-24,24,Closed
T038,21-22,2021-10-24,24,Closed
T039,21-22,2021-10-24,24,Closed
T040,21-22,2021-10-24,24,Closed
T041,21-22,2021-10-24,24,Closed
T042,21-22,2021-10-24,24,Closed
T043,21-22,2021-10-24,24,Closed
T044,21-22,2021-10-24,24,Closed
T045,21-22,2021-10-24,24,Closed
T046,21-22,2021-10-24,24,Closed
T047,21-22,2021-10-24,24,Closed
T048,21-22,2021-10-24,24,Closed
T049,21-22,2021-10-24,24,Closed
T050,21-22,2021-10-24,24,Closed
T051,21-22,2021-10-24,24,Closed
T052,21-22,2021-10-24,24,Closed
T053,21-22,2021-10-24,24,Closed
T054,21-22,2021-10-24,24,Closed
T055,21-22,2021-10-24,24,Closed
T056,21-22,2021-10-24,24,Closed
T057,21-22,2021-10-24,24,Closed
T058,21-22,2021-10-24,24,Closed
T061,21-22,2021-10-24,24,Closed
T063,21-22,2021-10-24,24,Closed
T064,21-22,2021-10-24,24,Closed
T065,21-22,2021-10-24,24,Closed
T067,21-22,2021-10-24,24,Closed
T068,21-22,2021-10-24,24,Closed
T069,21-22,2021-10-24,24,Closed
T070,21-22,2021-10-24,24,Closed
T071,21-22,2021-10-24,24,Closed
T072,21-22,2021-10-24,24,Closed
T073,21-22,2021-10-24,24,Closed
T074,21-22,2021-10-24,24,Closed
T075,21-22,2021-10-24,24,Closed
T076,21-22,2021-10-24,24,Closed
T077,21-22,2021-10-24,24,Closed
T078,21-22,2021-10-24,24,Closed
T079,21-22,2021-10-24,24,Closed
T080,21-22,2021-10-24,24,Closed
T081,21-22,2021-10-24,24,Closed
T082,21-22,2021-10-24,24,Closed
T083,21-22,2021-10-24,24,Closed
T084,21-22,2021-10-24,24,Closed
T085,21-22,2021-10-24,24,Closed
T086,21-22,2021-10-24,24,Closed
T087,21-22,2021-10-24,24,Closed
T088,21-22,2021-10-24,24,Closed
T089,21-22,2021-10-24,24,Closed
T090,21-22,2021-10-24,24,Closed
T091,21-22,2021-10-24,24,Closed
T092,21-22,2021-10-24,24,Closed
T127,21-22,2021-10-24,24,Closed
T134,21-22,2021-10-24,24,Closed
T135,21-22,2021-10-24,24,Closed
T136,21-22,2021-10-24,24,Closed
T137,21-22,2021-10-24,24,Closed
T148,21-22,2021-10-24,24,Closed
T154,21-22,2021-10-24,24,Closed
T001,21-22,2021-10-25,25,Closed
T002,21-22,2021-10-25,25,Closed
T003,21-22,2021-10-25,25,Closed
T004,21-22,2021-10-25,25,Closed
T005,21-22,2021-10-25,25,Groomed
T006,21-22,2021-10-25,25,Closed
T007,21-22,2021-10-25,25,Closed
T008,21-22,2021-10-25,25,Closed
T009,21-22,2021-10-25,25,Closed
T010,21-22,2021-10-25,25,Closed
T011,21-22,2021-10-25,25,Groomed
T012,21-22,2021-10-25,25,Closed
T013,21-22,2021-10-25,25,Closed
T014,21-22,2021-10-25,25,Closed
T015,21-22,2021-10-25,25,Closed
T016,21-22,2021-10-25,25,Closed
T017,21-22,2021-10-25,25,Closed
T018,21-22,2021-10-25,25,Closed
T019,21-22,2021-10-25,25,Closed
T020,21-22,2021-10-25,25,Closed
T021,21-22,2021-10-25,25,Closed
T022,21-22,2021-10-25,25,Closed
T023,21-22,2021-10-25,25,Closed
T024,21-22,2021-10-25,25,Closed
T025,21-22,2021-10-25,25,Closed
T026,21-22,2021-10-25,25,Groomed
T027,21-22,2021-10-25,25,Closed
T028,21-22,2021-10-25,25,Closed
T029,21-22,2021-10-25,25,Closed
T030,21-22,2021-10-25,25,Closed
T031,21-22,2021-10-25,25,Closed
T032,21-22,2021-10-25,25,Closed
T033,21-22,2021-10-25,25,Closed
T034,21-22,2021-10-25,25,Closed
T035,21-22,2021-10-25,25,Closed
T036,21-22,2021-10-25,25,Closed
T037,21-22,2021-10-25,25,Closed
T038,21-22,2021-10-25,25,Closed
T039,21-22,2021-10-25,25,Closed
T040,21-22,2021-10-25,25,Closed
T041,21-22,2021-10-25,25,Closed
T042,21-22,2021-10-25,25,Closed
T043,21-22,2021-10-25,25,Closed
T044,21-22,2021-10-25,25,Closed
T045,21-22,2021-10-25,25,Closed
T046,21-22,2021-10-25,25,Closed
T047,21-22,2021-10-25,25,Closed
T048,21-22,2021-10-25,25,Closed
T049,21-22,2021-10-25,25,Closed
T050,21-22,2021-10-25,25,Closed
T051,21-22,2021-10-25,25,Closed
T052,21-22,2021-10-25,25,Closed
T053,21-22,2021-10-25,25,Closed
T054,21-22,2021-10-25,25,Closed
T055,21-22,2021-10-25,25,Closed
T056,21-22,2021-10-25,25,Closed
T057,21-22,2021-10-25,25,Closed
T058,21-22,2021-10-25,25,Closed
T061,21-22,2021-10-25,25,Closed
T063,21-22,2021-10-25,25,Closed
T064,21-22,2021-10-25,25,Closed
T065,21-22,2021-10-25,25,Closed
T067,21-22,2021-10-25,25,Closed
T068,21-22,2021-10-25,25,Closed
T069,21-22,2021-10-25,25,Closed
T070,21-22,2021-10-25,25,Closed
T071,21-22,2021-10-25,25,Closed
T072,21-22,2021-10-25,25,Closed
T073,21-22,2021-10-25,25,Closed
T074,21-22,2021-10-25,25,Closed
T075,21-22,2021-10-25,25,Closed
T076,21-22,2021-10-25,25,Closed
T077,21-22,2021-10-25,25,Closed
T078,21-22,2021-10-25,25,Closed
T079,21-22,2021-10-25,25,Closed
T080,21-22,2021-10-25,25,Closed
T081,21-22,2021-10-25,25,Closed
T082,21-22,2021-10-25,25,Closed
T083,21-22,2021-10-25,25,Closed
T084,21-22,2021-10-25,25,Closed
T085,21-22,2021-10-25,25,Closed
T086,21-22,2021-10-25,25,Closed
T087,21-22,2021-10-25,25,Closed
T088,21-22,2021-10-25,25,Closed
T089,21-22,2021-10-25,25,Closed
T090,21-22,2021-10-25,25,Closed
T091,21-22,2021-10-25,25,Closed
T092,21-22,2021-10-25,25,Closed
T127,21-22,2021-10-25,25,Closed
T134,21-22,2021-10-25,25,Closed
T135,21-22,2021-10-25,25,Closed
T136,21-22,2021-10-25,25,Closed
T137,21-22,2021-10-25,25,Closed
T148,21-22,2021-10-25,25,Closed
T154,21-22,2021-10-25,25,Closed
T001,21-22,2021-10-26,26,Closed
T002,21-22,2021-10-26,26,Closed
T003,21-22,2021-10-26,26,Closed
T004,21-22,2021-10-26,26,Closed
T005,21-22,2021-10-26,26,Groomed
T006,21-22,2021-10-26,26,Closed
T007,21-22,2021-10-26,26,Closed
T008,21-22,2021-10-26,26,Closed
T009,21-22,2021-10-26,26,Closed
T010,21-22,2021-10-26,26,Closed
T011,21-22,2021-10-26,26,Groomed
T012,21-22,2021-10-26,26,Closed
T013,21-22,2021-10-26,26,Closed
T014,21-22,2021-10-26,26,Closed
T015,21-22,2021-10-26,26,Closed
T016,21-22,2021-10-26,26,Closed
T017,21-22,2021-10-26,26,Closed
T018,21-22,2021-10-26,26,Closed
T019,21-22,2021-10-26,26,Closed
T020,21-22,2021-10-26,26,Closed
T021,21-22,2021-10-26,26,Closed
T022,21-22,2021-10-26,26,Closed
T023,21-22,2021-10-26,26,Closed
T024,21-22,2021-10-26,26,Closed
T025,21-22,2021-10-26,26,Closed
T026,21-22,2021-10-26,26,Groomed
T027,21-22,2021-10-26,26,Closed
T028,21-22,2021-10-26,26,Closed
T029,21-22,2021-10-26,26,Closed
T030,21-22,2021-10-26,26,Closed
T031,21-22,2021-10-26,26,Closed
T032,21-22,2021-10-26,26,Closed
T033,21-22,2021-10-26,26,Closed
T034,21-22,2021-10-26,26,Closed
T035,21-22,2021-10-26,26,Closed
T036,21-22,2021-10-26,26,Closed
T037,21-22,2021-10-26,26,Closed
T038,21-22,2021-10-26,26,Closed
T039,21-22,2021-10-26,26,Closed
T040,21-22,2021-10-26,26,Closed
T041,21-22,2021-10-26,26,Closed
T042,21-22,2021-10-26,26,Closed
T043,21-22,2021-10-26,26,Closed
T044,21-22,2021-10-26,26,Closed
T045,21-22,2021-10-26,26,Closed
T046,21-22,2021-10-26,26,Closed
T047,21-22,2021-10-26,26,Closed
T048,21-22,2021-10-26,26,Closed
T049,21-22,2021-10-26,26,Closed
T050,21-22,2021-10-26,26,Closed
T051,21-22,2021-10-26,26,Closed
T052,21-22,2021-10-26,26,Closed
T053,21-22,2021-10-26,26,Closed
T054,21-22,2021-10-26,26,Closed
T055,21-22,2021-10-26,26,Closed
T056,21-22,2021-10-26,26,Closed
T057,21-22,2021-10-26,26,Closed
T058,21-22,2021-10-26,26,Closed
T061,21-22,2021-10-26,26,Closed
T063,21-22,2021-10-26,26,Closed
T064,21-22,2021-10-26,26,Closed
T065,21-22,2021-10-26,26,Closed
T067,21-22,2021-10-26,26,Closed
T068,21-22,2021-10-26,26,Closed
T069,21-22,2021-10-26,26,Closed
T070,21-22,2021-10-26,26,Closed
T071,21-22,2021-10-26,26,Closed
T072,21-22,2021-10-26,26,Closed
T073,21-22,2021-10-26,26,Closed
T074,21-22,2021-10-26,26,Closed
T075,21-22,2021-10-26,26,Closed
T076,21-22,2021-10-26,26,Closed
T077,21-22,2021-10-26,26,Closed
T078,21-22,2021-10-26,26,Closed
T079,21-22,2021-10-26,26,Closed
T080,21-22,2021-10-26,26,Closed
T081,21-22,2021-10-26,26,Closed
T082,21-22,2021-10-26,26,Closed
T083,21-22,2021-10-26,26,Closed
T084,21-22,2021-10-26,26,Closed
T085,21-22,2021-10-26,26,Closed
T086,21-22,2021-10-26,26,Closed
T087,21-22,2021-10-26,26,Closed
T088,21-22,2021-10-26,26,Closed
T089,21-22,2021-10-26,26,Closed
T090,21-22,2021-10-26,26,Closed
T091,21-22,2021-10-26,26,Closed
T092,21-22,2021-10-26,26,Closed
T127,21-22,2021-10-26,26,Closed
T134,21-22,2021-10-26,26,Closed
T135,21-22,2021-10-26,26,Closed
T136,21-22,2021-10-26,26,Closed
T137,21-22,2021-10-26,26,Closed
T148,21-22,2021-10-26,26,Closed
T154,21-22,2021-10-26,26,Closed
T001,21-22,2021-10-27,27,Closed
T002,21-22,2021-10-27,27,Closed
T003,21-22,2021-10-27,27,Closed
T004,21-22,2021-10-27,27,Closed
T005,21-22,2021-10-27,27,Groomed
T006,21-22,2021-10-27,27,Closed
T007,21-22,2021-10-27,27,Closed
T008,21-22,2021-10-27,27,Closed
T009,21-22,2021-10-27,27,Closed
T010,21-22,2021-10-27,27,Closed
T011,21-22,2021-10-27,27,Groomed
T012,21-22,2021-10-27,27,Closed
T013,21-22,2021-10-27,27,Closed
T014,21-22,2021-10-27,27,Closed
T015,21-22,2021-10-27,27,Closed
T016,21-22,2021-10-27,27,Closed
T017,21-22,2021-10-27,27,Closed
T018,21-22,2021-10-27,27,Closed
T019,21-22,2021-10-27,27,Closed
T020,21-22,2021-10-27,27,Closed
T021,21-22,2021-10-27,27,Closed
T022,21-22,2021-10-27,27,Closed
T023,21-22,2021-10-27,27,Closed
T024,21-22,2021-10-27,27,Closed
T025,21-22,2021-10-27,27,Closed
T026,21-22,2021-10-27,27,Closed
T027,21-22,2021-10-27,27,Closed
T028,21-22,2021-10-27,27,Closed
T029,21-22,2021-10-27,27,Closed
T030,21-22,2021-10-27,27,Closed
T031,21-22,2021-10-27,27,Closed
T032,21-22,2021-10-27,27,Closed
T033,21-22,2021-10-27,27,Closed
T034,21-22,2021-10-27,27,Closed
T035,21-22,2021-10-27,27,Closed
T036,21-22,2021-10-27,27,Closed
T037,21-22,2021-10-27,27,Closed
T038,21-22,2021-10-27,27,Closed
T039,21-22,2021-10-27,27,Closed
T040,21-22,2021-10-27,27,Closed
T041,21-22,2021-10-27,27,Closed
T042,21-22,2021-10-27,27,Closed
T043,21-22,2021-10-27,27,Closed
T044,21-22,2021-10-27,27,Closed
T045,21-22,2021-10-27,27,Closed
T046,21-22,2021-10-27,27,Closed
T047,21-22,2021-10-27,27,Closed
T048,21-22,2021-10-27,27,Closed
T049,21-22,2021-10-27,27,Closed
T050,21-22,2021-10-27,27,Closed
T051,21-22,2021-10-27,27,Closed
T052,21-22,2021-10-27,27,Closed
T053,21-22,2021-10-27,27,Closed
T054,21-22,2021-10-27,27,Closed
T055,21-22,2021-10-27,27,Closed
T056,21-22,2021-10-27,27,Closed
T057,21-22,2021-10-27,27,Closed
T058,21-22,2021-10-27,27,Closed
T061,21-22,2021-10-27,27,Closed
T063,21-22,2021-10-27,27,Closed
T064,21-22,2021-10-27,27,Closed
T065,21-22,2021-10-27,27,Closed
T067,21-22,2021-10-27,27,Closed
T068,21-22,2021-10-27,27,Closed
T069,21-22,2021-10-27,27,Closed
T070,21-22,2021-10-27,27,Closed
T071,21-22,2021-10-27,27,Closed
T072,21-22,2021-10-27,27,Closed
T073,21-22,2021-10-27,27,Closed
T074,21-22,2021-10-27,27,Closed
T075,21-22,2021-10-27,27,Closed
T076,21-22,2021-10-27,27,Closed
T077,21-22,2021-10-27,27,Closed
T078,21-22,2021-10-27,27,Closed
T079,21-22,2021-10-27,27,Closed
T080,21-22,2021-10-27,27,Closed
T081,21-22,2021-10-27,27,Closed
T082,21-22,2021-10-27,27,Closed
T083,21-22,2021-10-27,27,Closed
T084,21-22,2021-10-27,27,Closed
T085,21-22,2021-10-27,27,Closed
T086,21-22,2021-10-27,27,Closed
T087,21-22,2021-10-27,27,Closed
T088,21-22,2021-10-27,27,Closed
T089,21-22,2021-10-27,27,Closed
T090,21-22,2021-10-27,27,Closed
T091,21-22,2021-10-27,27,Closed
T092,21-22,2021-10-27,27,Closed
T127,21-22,2021-10-27,27,Closed
T134,21-22,2021-10-27,27,Closed
T135,21-22,2021-10-27,27,Closed
T136,21-22,2021-10-27,27,Closed
T137,21-22,2021-10-27,27,Closed
T148,21-22,2021-10-27,27,Closed
T154,21-22,2021-10-27,27,Closed
T001,21-22,2021-10-28,28,Closed
T002,21-22,2021-10-28,28,Closed
T003,21-22,2021-10-28,28,Closed
T004,21-22,2021-10-28,28,Closed
T005,21-22,2021-10-28,28,Groomed
T006,21-22,2021-10-28,28,Closed
T007,21-22,2021-10-28,28,Closed
T008,21-22,2021-10-28,28,Closed
T009,21-22,2021-10-28,28,Closed
T010,21-22,2021-10-28,28,Closed
T011,21-22,2021-10-28,28,Groomed
T012,21-22,2021-10-28,28,Closed
T013,21-22,2021-10-28,28,Closed
T014,21-22,2021-10-28,28,Closed
T015,21-22,2021-10-28,28,Closed
T016,21-22,2021-10-28,28,Closed
T017,21-22,2021-10-28,28,Closed
T018,21-22,2021-10-28,28,Closed
T019,21-22,2021-10-28,28,Closed
T020,21-22,2021-10-28,28,Closed
T021,21-22,2021-10-28,28,Closed
T022,21-22,2021-10-28,28,Closed
T023,21-22,2021-10-28,28,Closed
T024,21-22,2021-10-28,28,Closed
T025,21-22,2021-10-28,28,Closed
T026,21-22,2021-10-28,28,Closed
T027,21-22,2021-10-28,28,Closed
T028,21-22,2021-10-28,28,Closed
T029,21-22,2021-10-28,28,Closed
T030,21-22,2021-10-28,28,Closed
T031,21-22,2021-10-28,28,Closed
T032,21-22,2021-10-28,28,Closed
T033,21-22,2021-10-28,28,Closed
T034,21-22,2021-10-28,28,Closed
T035,21-22,2021-10-28,28,Closed
T036,21-22,2021-10-28,28,Closed
T037,21-22,2021-10-28,28,Closed
T038,21-22,2021-10-28,28,Closed
T039,21-22,2021-10-28,28,Closed
T040,21-22,2021-10-28,28,Closed
T041,21-22,2021-10-28,28,Closed
T042,21-22,2021-10-28,28,Closed
T043,21-22,2021-10-28,28,Closed
T044,21-22,2021-10-28,28,Closed
T045,21-22,2021-10-28,28,Closed
T046,21-22,2021-10-28,28,Closed
T047,21-22,2021-10-28,28,Closed
T048,21-22,2021-10-28,28,Closed
T049,21-22,2021-10-28,28,Closed
T050,21-22,2021-10-28,28,Closed
T051,21-22,2021-10-28,28,Closed
T052,21-22,2021-10-28,28,Closed
T053,21-22,2021-10-28,28,Closed
T054,21-22,2021-10-28,28,Closed
T055,21-22,2021-10-28,28,Closed
T056,21-22,2021-10-28,28,Closed
T057,21-22,2021-10-28,28,Closed
T058,21-22,2021-10-28,28,Closed
T061,21-22,2021-10-28,28,Closed
T063,21-22,2021-10-28,28,Closed
T064,21-22,2021-10-28,28,Closed
T065,21-22,2021-10-28,28,Closed
T067,21-22,2021-10-28,28,Closed
T068,21-22,2021-10-28,28,Closed
T069,21-22,2021-10-28,28,Closed
T070,21-22,2021-10-28,28,Closed
T071,21-22,2021-10-28,28,Closed
T072,21-22,2021-10-28,28,Closed
T073,21-22,2021-10-28,28,Closed
T074,21-22,2021-10-28,28,Closed
T075,21-22,2021-10-28,28,Closed
T076,21-22,2021-10-28,28,Closed
T077,21-22,2021-10-28,28,Closed
T078,21-22,2021-10-28,28,Closed
T079,21-22,2021-10-28,28,Closed
T080,21-22,2021-10-28,28,Closed
T081,21-22,2021-10-28,28,Closed
T082,21-22,2021-10-28,28,Closed
T083,21-22,2021-10-28,28,Closed
T084,21-22,2021-10-28,28,Closed
T085,21-22,2021-10-28,28,Closed
T086,21-22,2021-10-28,28,Closed
T087,21-22,2021-10-28,28,Closed
T088,21-22,2021-10-28,28,Closed
T089,21-22,2021-10-28,28,Closed
T090,21-22,2021-10-28,28,Closed
T091,21-22,2021-10-28,28,Closed
T092,21-22,2021-10-28,28,Closed
T127,21-22,2021-10-28,28,Closed
T134,21-22,2021-10-28,28,Closed
T135,21-22,2021-10-28,28,Closed
T136,21-22,2021-10-28,28,Closed
T137,21-22,2021-10-28,28,Closed
T148,21-22,2021-10-28,28,Closed
T154,21-22,2021-10-28,28,Closed
T001,21-22,2021-10-29,29,Closed
T002,21-22,2021-10-29,29,Closed
T003,21-22,2021-10-29,29,Closed
T004,21-22,2021-10-29,29,Closed
T005,21-22,2021-10-29,29,Groomed
T006,21-22,2021-10-29,29,Closed
T007,21-22,2021-10-29,29,Closed
T008,21-22,2021-10-29,29,Closed
T009,21-22,2021-10-29,29,Closed
T010,21-22,2021-10-29,29,Closed
T011,21-22,2021-10-29,29,Groomed
T012,21-22,2021-10-29,29,Closed
T013,21-22,2021-10-29,29,Closed
T014,21-22,2021-10-29,29,Closed
T015,21-22,2021-10-29,29,Closed
T016,21-22,2021-10-29,29,Closed
T017,21-22,2021-10-29,29,Closed
T018,21-22,2021-10-29,29,Closed
T019,21-22,2021-10-29,29,Closed
T020,21-22,2021-10-29,29,Closed
T021,21-22,2021-10-29,29,Closed
T022,21-22,2021-10-29,29,Closed
T023,21-22,2021-10-29,29,Closed
T024,21-22,2021-10-29,29,Closed
T025,21-22,2021-10-29,29,Closed
T026,21-22,2021-10-29,29,Closed
T027,21-22,2021-10-29,29,Closed
T028,21-22,2021-10-29,29,Closed
T029,21-22,2021-10-29,29,Closed
T030,21-22,2021-10-29,29,Closed
T031,21-22,2021-10-29,29,Closed
T032,21-22,2021-10-29,29,Closed
T033,21-22,2021-10-29,29,Closed
T034,21-22,2021-10-29,29,Closed
T035,21-22,2021-10-29,29,Closed
T036,21-22,2021-10-29,29,Closed
T037,21-22,2021-10-29,29,Closed
T038,21-22,2021-10-29,29,Closed
T039,21-22,2021-10-29,29,Closed
T040,21-22,2021-10-29,29,Closed
T041,21-22,2021-10-29,29,Closed
T042,21-22,2021-10-29,29,Closed
T043,21-22,2021-10-29,29,Closed
T044,21-22,2021-10-29,29,Closed
T045,21-22,2021-10-29,29,Closed
T046,21-22,2021-10-29,29,Closed
T047,21-22,2021-10-29,29,Closed
T048,21-22,2021-10-29,29,Closed
T049,21-22,2021-10-29,29,Closed
T050,21-22,2021-10-29,29,Closed
T051,21-22,2021-10-29,29,Closed
T052,21-22,2021-10-29,29,Closed
T053,21-22,2021-10-29,29,Closed
T054,21-22,2021-10-29,29,Closed
T055,21-22,2021-10-29,29,Closed
T056,21-22,2021-10-29,29,Closed
T057,21-22,2021-10-29,29,Closed
T058,21-22,2021-10-29,29,Closed
T061,21-22,2021-10-29,29,Closed
T063,21-22,2021-10-29,29,Closed
T064,21-22,2021-10-29,29,Closed
T065,21-22,2021-10-29,29,Closed
T067,21-22,2021-10-29,29,Closed
T068,21-22,2021-10-29,29,Closed
T069,21-22,2021-10-29,29,Closed
T070,21-22,2021-10-29,29,Closed
T071,21-22,2021-10-29,29,Closed
T072,21-22,2021-10-29,29,Closed
T073,21-22,2021-10-29,29,Closed
T074,21-22,2021-10-29,29,Closed
T075,21-22,2021-10-29,29,Closed
T076,21-22,2021-10-29,29,Closed
T077,21-22,2021-10-29,29,Closed
T078,21-22,2021-10-29,29,Closed
T079,21-22,2021-10-29,29,Closed
T080,21-22,2021-10-29,29,Closed
T081,21-22,2021-10-29,29,Closed
T082,21-22,2021-10-29,29,Closed
T083,21-22,2021-10-29,29,Closed
T084,21-22,2021-10-29,29,Closed
T085,21-22,2021-10-29,29,Closed
T086,21-22,2021-10-29,29,Closed
T087,21-22,2021-10-29,29,Closed
T088,21-22,2021-10-29,29,Closed
T089,21-22,2021-10-29,29,Closed
T090,21-22,2021-10-29,29,Closed
T091,21-22,2021-10-29,29,Closed
T092,21-22,2021-10-29,29,Closed
T127,21-22,2021-10-29,29,Closed
T134,21-22,2021-10-29,29,Closed
T135,21-22,2021-10-29,29,Closed
T136,21-22,2021-10-29,29,Closed
T137,21-22,2021-10-29,29,Closed
T148,21-22,2021-10-29,29,Closed
T154,21-22,2021-10-29,29,Closed
T001,21-22,2021-10-30,30,Closed
T002,21-22,2021-10-30,30,Closed
T003,21-22,2021-10-30,30,Closed
T004,21-22,2021-10-30,30,Closed
T005,21-22,2021-10-30,30,Groomed
T006,21-22,2021-10-30,30,Closed
T007,21-22,2021-10-30,30,Closed
T008,21-22,2021-10-30,30,Closed
T009,21-22,2021-10-30,30,Closed
T010,21-22,2021-10-30,30,Closed
T011,21-22,2021-10-30,30,Groomed
T012,21-22,2021-10-30,30,Closed
T013,21-22,2021-10-30,30,Closed
T014,21-22,2021-10-30,30,Closed
T015,21-22,2021-10-30,30,Closed
T016,21-22,2021-10-30,30,Closed
T017,21-22,2021-10-30,30,Closed
T018,21-22,2021-10-30,30,Closed
T019,21-22,2021-10-30,30,Closed
T020,21-22,2021-10-30,30,Closed
T021,21-22,2021-10-30,30,Closed
T022,21-22,2021-10-30,30,Closed
T023,21-22,2021-10-30,30,Closed
T024,21-22,2021-10-30,30,Closed
T025,21-22,2021-10-30,30,Closed
T026,21-22,2021-10-30,30,Groomed
T027,21-22,2021-10-30,30,Closed
T028,21-22,2021-10-30,30,Closed
T029,21-22,2021-10-30,30,Closed
T030,21-22,2021-10-30,30,Closed
T031,21-22,2021-10-30,30,Closed
T032,21-22,2021-10-30,30,Closed
T033,21-22,2021-10-30,30,Closed
T034,21-22,2021-10-30,30,Closed
T035,21-22,2021-10-30,30,Closed
T036,21-22,2021-10-30,30,Closed
T037,21-22,2021-10-30,30,Closed
T038,21-22,2021-10-30,30,Closed
T039,21-22,2021-10-30,30,Closed
T040,21-22,2021-10-30,30,Closed
T041,21-22,2021-10-30,30,Closed
T042,21-22,2021-10-30,30,Closed
T043,21-22,2021-10-30,30,Closed
T044,21-22,2021-10-30,30,Closed
T045,21-22,2021-10-30,30,Closed
T046,21-22,2021-10-30,30,Closed
T047,21-22,2021-10-30,30,Closed
T048,21-22,2021-10-30,30,Closed
T049,21-22,2021-10-30,30,Closed
T050,21-22,2021-10-30,30,Closed
T051,21-22,2021-10-30,30,Closed
T052,21-22,2021-10-30,30,Closed
T053,21-22,2021-10-30,30,Closed
T054,21-22,2021-10-30,30,Closed
T055,21-22,2021-10-30,30,Closed
T056,21-22,2021-10-30,30,Closed
T057,21-22,2021-10-30,30,Closed
T058,21-22,2021-10-30,30,Closed
T061,21-22,2021-10-30,30,Closed
T063,21-22,2021-10-30,30,Closed
T064,21-22,2021-10-30,30,Closed
T065,21-22,2021-10-30,30,Closed
T067,21-22,2021-10-30,30,Closed
T068,21-22,2021-10-30,30,Closed
T069,21-22,2021-10-30,30,Closed
T070,21-22,2021-10-30,30,Closed
T071,21-22,2021-10-30,30,Closed
T072,21-22,2021-10-30,30,Closed
T073,21-22,2021-10-30,30,Closed
T074,21-22,2021-10-30,30,Closed
T075,21-22,2021-10-30,30,Closed
T076,21-22,2021-10-30,30,Closed
T077,21-22,2021-10-30,30,Closed
T078,21-22,2021-10-30,30,Closed
T079,21-22,2021-10-30,30,Closed
T080,21-22,2021-10-30,30,Closed
T081,21-22,2021-10-30,30,Closed
T082,21-22,2021-10-30,30,Closed
T083,21-22,2021-10-30,30,Closed
T084,21-22,2021-10-30,30,Closed
T085,21-22,2021-10-30,30,Closed
T086,21-22,2021-10-30,30,Closed
T087,21-22,2021-10-30,30,Closed
T088,21-22,2021-10-30,30,Closed
T089,21-22,2021-10-30,30,Closed
T090,21-22,2021-10-30,30,Closed
T091,21-22,2021-10-30,30,Closed
T092,21-22,2021-10-30,30,Closed
T127,21-22,2021-10-30,30,Closed
T134,21-22,2021-10-30,30,Closed
T135,21-22,2021-10-30,30,Closed
T136,21-22,2021-10-30,30,Closed
T137,21-22,2021-10-30,30,Closed
T148,21-22,2021-10-30,30,Closed
T154,21-22,2021-10-30,30,Closed
T001,21-22,2021-10-31,31,Closed
T002,21-22,2021-10-31,31,Closed
T003,21-22,2021-10-31,31,Closed
T004,21-22,2021-10-31,31,Closed
T005,21-22,2021-10-31,31,Groomed
T006,21-22,2021-10-31,31,Closed
T007,21-22,2021-10-31,31,Closed
T008,21-22,2021-10-31,31,Closed
T009,21-22,2021-10-31,31,Closed
T010,21-22,2021-10-31,31,Closed
T011,21-22,2021-10-31,31,Groomed
T012,21-22,2021-10-31,31,Closed
T013,21-22,2021-10-31,31,Closed
T014,21-22,2021-10-31,31,Closed
T015,21-22,2021-10-31,31,Closed
T016,21-22,2021-10-31,31,Closed
T017,21-22,2021-10-31,31,Closed
T018,21-22,2021-10-31,31,Closed
T019,21-22,2021-10-31,31,Closed
T020,21-22,2021-10-31,31,Closed
T021,21-22,2021-10-31,31,Closed
T022,21-22,2021-10-31,31,Closed
T023,21-22,2021-10-31,31,Closed
T024,21-22,2021-10-31,31,Closed
T025,21-22,2021-10-31,31,Closed
T026,21-22,2021-10-31,31,Groomed
T027,21-22,2021-10-31,31,Closed
T028,21-22,2021-10-31,31,Closed
T029,21-22,2021-10-31,31,Closed
T030,21-22,2021-10-31,31,Closed
T031,21-22,2021-10-31,31,Closed
T032,21-22,2021-10-31,31,Closed
T033,21-22,2021-10-31,31,Closed
T034,21-22,2021-10-31,31,Closed
T035,21-22,2021-10-31,31,Closed
T036,21-22,2021-10-31,31,Closed
T037,21-22,2021-10-31,31,Closed
T038,21-22,2021-10-31,31,Closed
T039,21-22,2021-10-31,31,Closed
T040,21-22,2021-10-31,31,Closed
T041,21-22,2021-10-31,31,Closed
T042,21-22,2021-10-31,31,Closed
T043,21-22,2021-10-31,31,Closed
T044,21-22,2021-10-31,31,Closed
T045,21-22,2021-10-31,31,Closed
T046,21-22,2021-10-31,31,Closed
T047,21-22,2021-10-31,31,Closed
T048,21-22,2021-10-31,31,Closed
T049,21-22,2021-10-31,31,Closed
T050,21-22,2021-10-31,31,Closed
T051,21-22,2021-10-31,31,Closed
T052,21-22,2021-10-31,31,Closed
T053,21-22,2021-10-31,31,Closed
T054,21-22,2021-10-31,31,Closed
T055,21-22,2021-10-31,31,Closed
T056,21-22,2021-10-31,31,Closed
T057,21-22,2021-10-31,31,Closed
T058,21-22,2021-10-31,31,Closed
T061,21-22,2021-10-31,31,Closed
T063,21-22,2021-10-31,31,Closed
T064,21-22,2021-10-31,31,Closed
T065,21-22,2021-10-31,31,Closed
T067,21-22,2021-10-31,31,Closed
T068,21-22,2021-10-31,31,Closed
T069,21-22,2021-10-31,31,Closed
T070,21-22,2021-10-31,31,Closed
T071,21-22,2021-10-31,31,Closed
T072,21-22,2021-10-31,31,Closed
T073,21-22,2021-10-31,31,Closed
T074,21-22,2021-10-31,31,Closed
T075,21-22,2021-10-31,31,Closed
T076,21-22,2021-10-31,31,Closed
T077,21-22,2021-10-31,31,Closed
T078,21-22,2021-10-31,31,Closed
T079,21-22,2021-10-31,31,Closed
T080,21-22,2021-10-31,31,Closed
T081,21-22,2021-10-31,31,Closed
T082,21-22,2021-10-31,31,Closed
T083,21-22,2021-10-31,31,Closed
T084,21-22,2021-10-31,31,Closed
T085,21-22,2021-10-31,31,Closed
T086,21-22,2021-10-31,31,Closed
T087,21-22,2021-10-31,31,Closed
T088,21-22,2021-10-31,31,Closed
T089,21-22,2021-10-31,31,Closed
T090,21-22,2021-10-31,31,Closed
T091,21-22,2021-10-31,31,Closed
T092,21-22,2021-10-31,31,Closed
T127,21-22,2021-10-31,31,Closed
T134,21-22,2021-10-31,31,Closed
T135,21-22,2021-10-31,31,Closed
T136,21-22,2021-10-31,31,Closed
T137,21-22,2021-10-31,31,Closed
T148,21-22,2021-10-31,31,Closed
T154,21-22,2021-10-31,31,Closed
T001,21-22,2021-11-01,32,Closed
T002,21-22,2021-11-01,32,Closed
T003,21-22,2021-11-01,32,Closed
T004,21-22,2021-11-01,32,Closed
T005,21-22,2021-11-01,32,Groomed
T006,21-22,2021-11-01,32,Closed
T007,21-22,2021-11-01,32,Closed
T008,21-22,2021-11-01,32,Closed
T009,21-22,2021-11-01,32,Closed
T010,21-22,2021-11-01,32,Closed
T011,21-22,2021-11-01,32,Groomed
T012,21-22,2021-11-01,32,Closed
T013,21-22,2021-11-01,32,Closed
T014,21-22,2021-11-01,32,Closed
T015,21-22,2021-11-01,32,Closed
T016,21-22,2021-11-01,32,Closed
T017,21-22,2021-11-01,32,Closed
T018,21-22,2021-11-01,32,Closed
T019,21-22,2021-11-01,32,Closed
T020,21-22,2021-11-01,32,Closed
T021,21-22,2021-11-01,32,Closed
T022,21-22,2021-11-01,32,Closed
T023,21-22,2021-11-01,32,Closed
T024,21-22,2021-11-01,32,Closed
T025,21-22,2021-11-01,32,Closed
T026,21-22,2021-11-01,32,Groomed
T027,21-22,2021-11-01,32,Closed
T028,21-22,2021-11-01,32,Closed
T029,21-22,2021-11-01,32,Closed
T030,21-22,2021-11-01,32,Closed
T031,21-22,2021-11-01,32,Closed
T032,21-22,2021-11-01,32,Closed
T033,21-22,2021-11-01,32,Closed
T034,21-22,2021-11-01,32,Closed
T035,21-22,2021-11-01,32,Closed
T036,21-22,2021-11-01,32,Closed
T037,21-22,2021-11-01,32,Closed
T038,21-22,2021-11-01,32,Closed
T039,21-22,2021-11-01,32,Closed
T040,21-22,2021-11-01,32,Closed
T041,21-22,2021-11-01,32,Closed
T042,21-22,2021-11-01,32,Closed
T043,21-22,2021-11-01,32,Closed
T044,21-22,2021-11-01,32,Closed
T045,21-22,2021-11-01,32,Closed
T046,21-22,2021-11-01,32,Closed
T047,21-22,2021-11-01,32,Closed
T048,21-22,2021-11-01,32,Closed
T049,21-22,2021-11-01,32,Closed
T050,21-22,2021-11-01,32,Closed
T051,21-22,2021-11-01,32,Closed
T052,21-22,2021-11-01,32,Closed
T053,21-22,2021-11-01,32,Closed
T054,21-22,2021-11-01,32,Closed
T055,21-22,2021-11-01,32,Closed
T056,21-22,2021-11-01,32,Closed
T057,21-22,2021-11-01,32,Closed
T058,21-22,2021-11-01,32,Closed
T061,21-22,2021-11-01,32,Closed
T063,21-22,2021-11-01,32,Closed
T064,21-22,2021-11-01,32,Closed
T065,21-22,2021-11-01,32,Closed
T067,21-22,2021-11-01,32,Closed
T068,21-22,2021-11-01,32,Closed
T069,21-22,2021-11-01,32,Closed
T070,21-22,2021-11-01,32,Closed
T071,21-22,2021-11-01,32,Closed
T072,21-22,2021-11-01,32,Closed
T073,21-22,2021-11-01,32,Closed
T074,21-22,2021-11-01,32,Closed
T075,21-22,2021-11-01,32,Closed
T076,21-22,2021-11-01,32,Closed
T077,21-22,2021-11-01,32,Closed
T078,21-22,2021-11-01,32,Closed
T079,21-22,2021-11-01,32,Closed
T080,21-22,2021-11-01,32,Closed
T081,21-22,2021-11-01,32,Closed
T082,21-22,2021-11-01,32,Closed
T083,21-22,2021-11-01,32,Closed
T084,21-22,2021-11-01,32,Closed
T085,21-22,2021-11-01,32,Closed
T086,21-22,2021-11-01,32,Closed
T087,21-22,2021-11-01,32,Closed
T088,21-22,2021-11-01,32,Closed
T089,21-22,2021-11-01,32,Closed
T090,21-22,2021-11-01,32,Closed
T091,21-22,2021-11-01,32,Closed
T092,21-22,2021-11-01,32,Closed
T127,21-22,2021-11-01,32,Closed
T134,21-22,2021-11-01,32,Closed
T135,21-22,2021-11-01,32,Closed
T136,21-22,2021-11-01,32,Closed
T137,21-22,2021-11-01,32,Closed
T148,21-22,2021-11-01,32,Closed
T154,21-22,2021-11-01,32,Closed
T001,21-22,2021-11-02,33,Closed
T002,21-22,2021-11-02,33,Closed
T003,21-22,2021-11-02,33,Closed
T004,21-22,2021-11-02,33,Closed
T005,21-22,2021-11-02,33,Groomed
T006,21-22,2021-11-02,33,Closed
T007,21-22,2021-11-02,33,Closed
T008,21-22,2021-11-02,33,Closed
T009,21-22,2021-11-02,33,Closed
T010,21-22,2021-11-02,33,Closed
T011,21-22,2021-11-02,33,Groomed
T012,21-22,2021-11-02,33,Closed
T013,21-22,2021-11-02,33,Closed
T014,21-22,2021-11-02,33,Closed
T015,21-22,2021-11-02,33,Closed
T016,21-22,2021-11-02,33,Closed
T017,21-22,2021-11-02,33,Closed
T018,21-22,2021-11-02,33,Closed
T019,21-22,2021-11-02,33,Closed
T020,21-22,2021-11-02,33,Closed
T021,21-22,2021-11-02,33,Closed
T022,21-22,2021-11-02,33,Closed
T023,21-22,2021-11-02,33,Closed
T024,21-22,2021-11-02,33,Closed
T025,21-22,2021-11-02,33,Closed
T026,21-22,2021-11-02,33,Groomed
T027,21-22,2021-11-02,33,Closed
T028,21-22,2021-11-02,33,Closed
T029,21-22,2021-11-02,33,Closed
T030,21-22,2021-11-02,33,Closed
T031,21-22,2021-11-02,33,Closed
T032,21-22,2021-11-02,33,Closed
T033,21-22,2021-11-02,33,Closed
T034,21-22,2021-11-02,33,Closed
T035,21-22,2021-11-02,33,Closed
T036,21-22,2021-11-02,33,Closed
T037,21-22,2021-11-02,33,Closed
T038,21-22,2021-11-02,33,Closed
T039,21-22,2021-11-02,33,Closed
T040,21-22,2021-11-02,33,Closed
T041,21-22,2021-11-02,33,Closed
T042,21-22,2021-11-02,33,Closed
T043,21-22,2021-11-02,33,Closed
T044,21-22,2021-11-02,33,Closed
T045,21-22,2021-11-02,33,Closed
T046,21-22,2021-11-02,33,Closed
T047,21-22,2021-11-02,33,Closed
T048,21-22,2021-11-02,33,Closed
T049,21-22,2021-11-02,33,Closed
T050,21-22,2021-11-02,33,Closed
T051,21-22,2021-11-02,33,Closed
T052,21-22,2021-11-02,33,Closed
T053,21-22,2021-11-02,33,Closed
T054,21-22,2021-11-02,33,Closed
T055,21-22,2021-11-02,33,Closed
T056,21-22,2021-11-02,33,Closed
T057,21-22,2021-11-02,33,Closed
T058,21-22,2021-11-02,33,Closed
T061,21-22,2021-11-02,33,Closed
T063,21-22,2021-11-02,33,Closed
T064,21-22,2021-11-02,33,Closed
T065,21-22,2021-11-02,33,Closed
T067,21-22,2021-11-02,33,Closed
T068,21-22,2021-11-02,33,Closed
T069,21-22,2021-11-02,33,Closed
T070,21-22,2021-11-02,33,Closed
T071,21-22,2021-11-02,33,Closed
T072,21-22,2021-11-02,33,Closed
T073,21-22,2021-11-02,33,Closed
T074,21-22,2021-11-02,33,Closed
T075,21-22,2021-11-02,33,Closed
T076,21-22,2021-11-02,33,Closed
T077,21-22,2021-11-02,33,Closed
T078,21-22,2021-11-02,33,Closed
T079,21-22,2021-11-02,33,Closed
T080,21-22,2021-11-02,33,Closed
T081,21-22,2021-11-02,33,Closed
T082,21-22,2021-11-02,33,Closed
T083,21-22,2021-11-02,33,Closed
T084,21-22,2021-11-02,33,Closed
T085,21-22,2021-11-02,33,Closed
T086,21-22,2021-11-02,33,Closed
T087,21-22,2021-11-02,33,Closed
T088,21-22,2021-11-02,33,Closed
T089,21-22,2021-11-02,33,Closed
T090,21-22,2021-11-02,33,Closed
T091,21-22,2021-11-02,33,Closed
T092,21-22,2021-11-02,33,Closed
T127,21-22,2021-11-02,33,Closed
T134,21-22,2021-11-02,33,Closed
T135,21-22,2021-11-02,33,Closed
T136,21-22,2021-11-02,33,Closed
T137,21-22,2021-11-02,33,Closed
T148,21-22,2021-11-02,33,Closed
T154,21-22,2021-11-02,33,Closed
T001,21-22,2021-11-03,34,Closed
T002,21-22,2021-11-03,34,Closed
T003,21-22,2021-11-03,34,Closed
T004,21-22,2021-11-03,34,Closed
T005,21-22,2021-11-03,34,Groomed
T006,21-22,2021-11-03,34,Closed
T007,21-22,2021-11-03,34,Closed
T008,21-22,2021-11-03,34,Closed
T009,21-22,2021-11-03,34,Closed
T010,21-22,2021-11-03,34,Closed
T011,21-22,2021-11-03,34,Groomed
T012,21-22,2021-11-03,34,Closed
T013,21-22,2021-11-03,34,Closed
T014,21-22,2021-11-03,34,Closed
T015,21-22,2021-11-03,34,Closed
T016,21-22,2021-11-03,34,Closed
T017,21-22,2021-11-03,34,Closed
T018,21-22,2021-11-03,34,Closed
T019,21-22,2021-11-03,34,Closed
T020,21-22,2021-11-03,34,Closed
T021,21-22,2021-11-03,34,Closed
T022,21-22,2021-11-03,34,Closed
T023,21-22,2021-11-03,34,Closed
T024,21-22,2021-11-03,34,Closed
T025,21-22,2021-11-03,34,Closed
T026,21-22,2021-11-03,34,Closed
T027,21-22,2021-11-03,34,Closed
T028,21-22,2021-11-03,34,Closed
T029,21-22,2021-11-03,34,Closed
T030,21-22,2021-11-03,34,Closed
T031,21-22,2021-11-03,34,Closed
T032,21-22,2021-11-03,34,Closed
T033,21-22,2021-11-03,34,Closed
T034,21-22,2021-11-03,34,Closed
T035,21-22,2021-11-03,34,Closed
T036,21-22,2021-11-03,34,Closed
T037,21-22,2021-11-03,34,Closed
T038,21-22,2021-11-03,34,Closed
T039,21-22,2021-11-03,34,Closed
T040,21-22,2021-11-03,34,Closed
T041,21-22,2021-11-03,34,Closed
T042,21-22,2021-11-03,34,Closed
T043,21-22,2021-11-03,34,Closed
T044,21-22,2021-11-03,34,Closed
T045,21-22,2021-11-03,34,Closed
T046,21-22,2021-11-03,34,Closed
T047,21-22,2021-11-03,34,Closed
T048,21-22,2021-11-03,34,Closed
T049,21-22,2021-11-03,34,Closed
T050,21-22,2021-11-03,34,Closed
T051,21-22,2021-11-03,34,Closed
T052,21-22,2021-11-03,34,Closed
T053,21-22,2021-11-03,34,Closed
T054,21-22,2021-11-03,34,Closed
T055,21-22,2021-11-03,34,Closed
T056,21-22,2021-11-03,34,Closed
T057,21-22,2021-11-03,34,Closed
T058,21-22,2021-11-03,34,Closed
T061,21-22,2021-11-03,34,Closed
T063,21-22,2021-11-03,34,Closed
T064,21-22,2021-11-03,34,Closed
T065,21-22,2021-11-03,34,Closed
T067,21-22,2021-11-03,34,Closed
T068,21-22,2021-11-03,34,Closed
T069,21-22,2021-11-03,34,Closed
T070,21-22,2021-11-03,34,Closed
T071,21-22,2021-11-03,34,Closed
T072,21-22,2021-11-03,34,Closed
T073,21-22,2021-11-03,34,Closed
T074,21-22,2021-11-03,34,Closed
T075,21-22,2021-11-03,34,Closed
T076,21-22,2021-11-03,34,Closed
T077,21-22,2021-11-03,34,Closed
T078,21-22,2021-11-03,34,Closed
T079,21-22,2021-11-03,34,Closed
T080,21-22,2021-11-03,34,Closed
T081,21-22,2021-11-03,34,Closed
T082,21-22,2021-11-03,34,Closed
T083,21-22,2021-11-03,34,Closed
T084,21-22,2021-11-03,34,Closed
T085,21-22,2021-11-03,34,Closed
T086,21-22,2021-11-03,34,Closed
T087,21-22,2021-11-03,34,Closed
T088,21-22,2021-11-03,34,Closed
T089,21-22,2021-11-03,34,Closed
T090,21-22,2021-11-03,34,Closed
T091,21-22,2021-11-03,34,Closed
T092,21-22,2021-11-03,34,Closed
T127,21-22,2021-11-03,34,Closed
T134,21-22,2021-11-03,34,Closed
T135,21-22,2021-11-03,34,Closed
T136,21-22,2021-11-03,34,Closed
T137,21-22,2021-11-03,34,Closed
T148,21-22,2021-11-03,34,Closed
T154,21-22,2021-11-03,34,Closed
T001,21-22,2021-11-04,35,Closed
T002,21-22,2021-11-04,35,Closed
T003,21-22,2021-11-04,35,Closed
T004,21-22,2021-11-04,35,Closed
T005,21-22,2021-11-04,35,Groomed
T006,21-22,2021-11-04,35,Closed
T007,21-22,2021-11-04,35,Closed
T008,21-22,2021-11-04,35,Closed
T009,21-22,2021-11-04,35,Closed
T010,21-22,2021-11-04,35,Closed
T011,21-22,2021-11-04,35,Groomed
T012,21-22,2021-11-04,35,Closed
T013,21-22,2021-11-04,35,Closed
T014,21-22,2021-11-04,35,Closed
T015,21-22,2021-11-04,35,Closed
T016,21-22,2021-11-04,35,Closed
T017,21-22,2021-11-04,35,Closed
T018,21-22,2021-11-04,35,Closed
T019,21-22,2021-11-04,35,Closed
T020,21-22,2021-11-04,35,Closed
T021,21-22,2021-11-04,35,Closed
T022,21-22,2021-11-04,35,Closed
T023,21-22,2021-11-04,35,Closed
T024,21-22,2021-11-04,35,Closed
T025,21-22,2021-11-04,35,Closed
T026,21-22,2021-11-04,35,Closed
T027,21-22,2021-11-04,35,Closed
T028,21-22,2021-11-04,35,Closed
T029,21-22,2021-11-04,35,Closed
T030,21-22,2021-11-04,35,Closed
T031,21-22,2021-11-04,35,Closed
T032,21-22,2021-11-04,35,Closed
T033,21-22,2021-11-04,35,Closed
T034,21-22,2021-11-04,35,Closed
T035,21-22,2021-11-04,35,Closed
T036,21-22,2021-11-04,35,Closed
T037,21-22,2021-11-04,35,Closed
T038,21-22,2021-11-04,35,Closed
T039,21-22,2021-11-04,35,Closed
T040,21-22,2021-11-04,35,Closed
T041,21-22,2021-11-04,35,Closed
T042,21-22,2021-11-04,35,Closed
T043,21-22,2021-11-04,35,Closed
T044,21-22,2021-11-04,35,Closed
T045,21-22,2021-11-04,35,Closed
T046,21-22,2021-11-04,35,Closed
T047,21-22,2021-11-04,35,Closed
T048,21-22,2021-11-04,35,Closed
T049,21-22,2021-11-04,35,Closed
T050,21-22,2021-11-04,35,Closed
T051,21-22,2021-11-04,35,Closed
T052,21-22,2021-11-04,35,Closed
T053,21-22,2021-11-04,35,Closed
T054,21-22,2021-11-04,35,Closed
T055,21-22,2021-11-04,35,Closed
T056,21-22,2021-11-04,35,Closed
T057,21-22,2021-11-04,35,Closed
T058,21-22,2021-11-04,35,Closed
T061,21-22,2021-11-04,35,Closed
T063,21-22,2021-11-04,35,Closed
T064,21-22,2021-11-04,35,Closed
T065,21-22,2021-11-04,35,Closed
T067,21-22,2021-11-04,35,Closed
T068,21-22,2021-11-04,35,Closed
T069,21-22,2021-11-04,35,Closed
T070,21-22,2021-11-04,35,Closed
T071,21-22,2021-11-04,35,Closed
T072,21-22,2021-11-04,35,Closed
T073,21-22,2021-11-04,35,Closed
T074,21-22,2021-11-04,35,Closed
T075,21-22,2021-11-04,35,Closed
T076,21-22,2021-11-04,35,Closed
T077,21-22,2021-11-04,35,Closed
T078,21-22,2021-11-04,35,Closed
T079,21-22,2021-11-04,35,Closed
T080,21-22,2021-11-04,35,Closed
T081,21-22,2021-11-04,35,Closed
T082,21-22,2021-11-04,35,Closed
T083,21-22,2021-11-04,35,Closed
T084,21-22,2021-11-04,35,Closed
T085,21-22,2021-11-04,35,Closed
T086,21-22,2021-11-04,35,Closed
T087,21-22,2021-11-04,35,Closed
T088,21-22,2021-11-04,35,Closed
T089,21-22,2021-11-04,35,Closed
T090,21-22,2021-11-04,35,Closed
T091,21-22,2021-11-04,35,Closed
T092,21-22,2021-11-04,35,Closed
T127,21-22,2021-11-04,35,Closed
T134,21-22,2021-11-04,35,Closed
T135,21-22,2021-11-04,35,Closed
T136,21-22,2021-11-04,35,Closed
T137,21-22,2021-11-04,35,Closed
T148,21-22,2021-11-04,35,Closed
T154,21-22,2021-11-04,35,Closed
T001,21-22,2021-11-05,36,Closed
T002,21-22,2021-11-05,36,Closed
T003,21-22,2021-11-05,36,Closed
T004,21-22,2021-11-05,36,Closed
T005,21-22,2021-11-05,36,Groomed
T006,21-22,2021-11-05,36,Closed
T007,21-22,2021-11-05,36,Closed
T008,21-22,2021-11-05,36,Closed
T009,21-22,2021-11-05,36,Closed
T010,21-22,2021-11-05,36,Closed
T011,21-22,2021-11-05,36,Groomed
T012,21-22,2021-11-05,36,Closed
T013,21-22,2021-11-05,36,Closed
T014,21-22,2021-11-05,36,Closed
T015,21-22,2021-11-05,36,Closed
T016,21-22,2021-11-05,36,Closed
T017,21-22,2021-11-05,36,Closed
T018,21-22,2021-11-05,36,Closed
T019,21-22,2021-11-05,36,Closed
T020,21-22,2021-11-05,36,Closed
T021,21-22,2021-11-05,36,Closed
T022,21-22,2021-11-05,36,Closed
T023,21-22,2021-11-05,36,Closed
T024,21-22,2021-11-05,36,Closed
T025,21-22,2021-11-05,36,Closed
T026,21-22,2021-11-05,36,Closed
T027,21-22,2021-11-05,36,Closed
T028,21-22,2021-11-05,36,Closed
T029,21-22,2021-11-05,36,Closed
T030,21-22,2021-11-05,36,Closed
T031,21-22,2021-11-05,36,Closed
T032,21-22,2021-11-05,36,Closed
T033,21-22,2021-11-05,36,Closed
T034,21-22,2021-11-05,36,Closed
T035,21-22,2021-11-05,36,Closed
T036,21-22,2021-11-05,36,Closed
T037,21-22,2021-11-05,36,Closed
T038,21-22,2021-11-05,36,Closed
T039,21-22,2021-11-05,36,Closed
T040,21-22,2021-11-05,36,Closed
T041,21-22,2021-11-05,36,Closed
T042,21-22,2021-11-05,36,Closed
T043,21-22,2021-11-05,36,Closed
T044,21-22,2021-11-05,36,Closed
T045,21-22,2021-11-05,36,Closed
T046,21-22,2021-11-05,36,Closed
T047,21-22,2021-11-05,36,Closed
T048,21-22,2021-11-05,36,Closed
T049,21-22,2021-11-05,36,Closed
T050,21-22,2021-11-05,36,Closed
T051,21-22,2021-11-05,36,Closed
T052,21-22,2021-11-05,36,Closed
T053,21-22,2021-11-05,36,Closed
T054,21-22,2021-11-05,36,Closed
T055,21-22,2021-11-05,36,Closed
T056,21-22,2021-11-05,36,Closed
T057,21-22,2021-11-05,36,Closed
T058,21-22,2021-11-05,36,Closed
T061,21-22,2021-11-05,36,Closed
T063,21-22,2021-11-05,36,Closed
T064,21-22,2021-11-05,36,Closed
T065,21-22,2021-11-05,36,Closed
T067,21-22,2021-11-05,36,Closed
T068,21-22,2021-11-05,36,Closed
T069,21-22,2021-11-05,36,Closed
T070,21-22,2021-11-05,36,Closed
T071,21-22,2021-11-05,36,Closed
T072,21-22,2021-11-05,36,Closed
T073,21-22,2021-11-05,36,Closed
T074,21-22,2021-11-05,36,Closed
T075,21-22,2021-11-05,36,Closed
T076,21-22,2021-11-05,36,Closed
T077,21-22,2021-11-05,36,Closed
T078,21-22,2021-11-05,36,Closed
T079,21-22,2021-11-05,36,Closed
T080,21-22,2021-11-05,36,Closed
T081,21-22,2021-11-05,36,Closed
T082,21-22,2021-11-05,36,Closed
T083,21-22,2021-11-05,36,Closed
T084,21-22,2021-11-05,36,Closed
T085,21-22,2021-11-05,36,Closed
T086,21-22,2021-11-05,36,Closed
T087,21-22,2021-11-05,36,Closed
T088,21-22,2021-11-05,36,Closed
T089,21-22,2021-11-05,36,Closed
T090,21-22,2021-11-05,36,Closed
T091,21-22,2021-11-05,36,Closed
T092,21-22,2021-11-05,36,Closed
T127,21-22,2021-11-05,36,Closed
T134,21-22,2021-11-05,36,Closed
T135,21-22,2021-11-05,36,Closed
T136,21-22,2021-11-05,36,Closed
T137,21-22,2021-11-05,36,Closed
T148,21-22,2021-11-05,36,Closed
T154,21-22,2021-11-05,36,Closed
T001,21-22,2021-11-06,37,Closed
T002,21-22,2021-11-06,37,Closed
T003,21-22,2021-11-06,37,Closed
T004,21-22,2021-11-06,37,Closed
T005,21-22,2021-11-06,37,Groomed
T006,21-22,2021-11-06,37,Closed
T007,21-22,2021-11-06,37,Closed
T008,21-22,2021-11-06,37,Closed
T009,21-22,2021-11-06,37,Closed
T010,21-22,2021-11-06,37,Closed
T011,21-22,2021-11-06,37,Groomed
T012,21-22,2021-11-06,37,Closed
T013,21-22,2021-11-06,37,Groomed
T014,21-22,2021-11-06,37,Closed
T015,21-22,2021-11-06,37,Closed
T016,21-22,2021-11-06,37,Closed
T017,21-22,2021-11-06,37,Closed
T018,21-22,2021-11-06,37,Closed
T019,21-22,2021-11-06,37,Closed
T020,21-22,2021-11-06,37,Closed
T021,21-22,2021-11-06,37,Groomed
T022,21-22,2021-11-06,37,Closed
T023,21-22,2021-11-06,37,Closed
T024,21-22,2021-11-06,37,Closed
T025,21-22,2021-11-06,37,Closed
T026,21-22,2021-11-06,37,Closed
T027,21-22,2021-11-06,37,Closed
T028,21-22,2021-11-06,37,Closed
T029,21-22,2021-11-06,37,Closed
T030,21-22,2021-11-06,37,Closed
T031,21-22,2021-11-06,37,Closed
T032,21-22,2021-11-06,37,Closed
T033,21-22,2021-11-06,37,Closed
T034,21-22,2021-11-06,37,Closed
T035,21-22,2021-11-06,37,Closed
T036,21-22,2021-11-06,37,Closed
T037,21-22,2021-11-06,37,Closed
T038,21-22,2021-11-06,37,Closed
T039,21-22,2021-11-06,37,Closed
T040,21-22,2021-11-06,37,Closed
T041,21-22,2021-11-06,37,Closed
T042,21-22,2021-11-06,37,Closed
T043,21-22,2021-11-06,37,Closed
T044,21-22,2021-11-06,37,Closed
T045,21-22,2021-11-06,37,Closed
T046,21-22,2021-11-06,37,Closed
T047,21-22,2021-11-06,37,Closed
T048,21-22,2021-11-06,37,Closed
T049,21-22,2021-11-06,37,Closed
T050,21-22,2021-11-06,37,Closed
T051,21-22,2021-11-06,37,Closed
T052,21-22,2021-11-06,37,Closed
T053,21-22,2021-11-06,37,Closed
T054,21-22,2021-11-06,37,Closed
T055,21-22,2021-11-06,37,Closed
T056,21-22,2021-11-06,37,Closed
T057,21-22,2021-11-06,37,Closed
T058,21-22,2021-11-06,37,Closed
T061,21-22,2021-11-06,37,Closed
T063,21-22,2021-11-06,37,Closed
T064,21-22,2021-11-06,37,Closed
T065,21-22,2021-11-06,37,Closed
T067,21-22,2021-11-06,37,Closed
T068,21-22,2021-11-06,37,Closed
T069,21-22,2021-11-06,37,Closed
T070,21-22,2021-11-06,37,Closed
T071,21-22,2021-11-06,37,Closed
T072,21-22,2021-11-06,37,Closed
T073,21-22,2021-11-06,37,Closed
T074,21-22,2021-11-06,37,Closed
T075,21-22,2021-11-06,37,Closed
T076,21-22,2021-11-06,37,Closed
T077,21-22,2021-11-06,37,Closed
T078,21-22,2021-11-06,37,Closed
T079,21-22,2021-11-06,37,Closed
T080,21-22,2021-11-06,37,Closed
T081,21-22,2021-11-06,37,Closed
T082,21-22,2021-11-06,37,Closed
T083,21-22,2021-11-06,37,Closed
T084,21-22,2021-11-06,37,Closed
T085,21-22,2021-11-06,37,Closed
T086,21-22,2021-11-06,37,Closed
T087,21-22,2021-11-06,37,Closed
T088,21-22,2021-11-06,37,Closed
T089,21-22,2021-11-06,37,Closed
T090,21-22,2021-11-06,37,Closed
T091,21-22,2021-11-06,37,Closed
T092,21-22,2021-11-06,37,Closed
T127,21-22,2021-11-06,37,Closed
T134,21-22,2021-11-06,37,Closed
T135,21-22,2021-11-06,37,Closed
T136,21-22,2021-11-06,37,Closed
T137,21-22,2021-11-06,37,Closed
T148,21-22,2021-11-06,37,Closed
T154,21-22,2021-11-06,37,Closed
T001,21-22,2021-11-07,38,Closed
T002,21-22,2021-11-07,38,Closed
T003,21-22,2021-11-07,38,Closed
T004,21-22,2021-11-07,38,Closed
T005,21-22,2021-11-07,38,Groomed
T006,21-22,2021-11-07,38,Closed
T007,21-22,2021-11-07,38,Closed
T008,21-22,2021-11-07,38,Closed
T009,21-22,2021-11-07,38,Closed
T010,21-22,2021-11-07,38,Closed
T011,21-22,2021-11-07,38,Groomed
T012,21-22,2021-11-07,38,Closed
T013,21-22,2021-11-07,38,Groomed
T014,21-22,2021-11-07,38,Closed
T015,21-22,2021-11-07,38,Closed
T016,21-22,2021-11-07,38,Closed
T017,21-22,2021-11-07,38,Closed
T018,21-22,2021-11-07,38,Closed
T019,21-22,2021-11-07,38,Closed
T020,21-22,2021-11-07,38,Closed
T021,21-22,2021-11-07,38,Groomed
T022,21-22,2021-11-07,38,Closed
T023,21-22,2021-11-07,38,Closed
T024,21-22,2021-11-07,38,Closed
T025,21-22,2021-11-07,38,Closed
T026,21-22,2021-11-07,38,Closed
T027,21-22,2021-11-07,38,Closed
T028,21-22,2021-11-07,38,Closed
T029,21-22,2021-11-07,38,Closed
T030,21-22,2021-11-07,38,Closed
T031,21-22,2021-11-07,38,Closed
T032,21-22,2021-11-07,38,Closed
T033,21-22,2021-11-07,38,Closed
T034,21-22,2021-11-07,38,Groomed
T035,21-22,2021-11-07,38,Closed
T036,21-22,2021-11-07,38,Closed
T037,21-22,2021-11-07,38,Closed
T038,21-22,2021-11-07,38,Closed
T039,21-22,2021-11-07,38,Closed
T040,21-22,2021-11-07,38,Closed
T041,21-22,2021-11-07,38,Closed
T042,21-22,2021-11-07,38,Closed
T043,21-22,2021-11-07,38,Closed
T044,21-22,2021-11-07,38,Closed
T045,21-22,2021-11-07,38,Closed
T046,21-22,2021-11-07,38,Closed
T047,21-22,2021-11-07,38,Closed
T048,21-22,2021-11-07,38,Closed
T049,21-22,2021-11-07,38,Closed
T050,21-22,2021-11-07,38,Closed
T051,21-22,2021-11-07,38,Closed
T052,21-22,2021-11-07,38,Closed
T053,21-22,2021-11-07,38,Closed
T054,21-22,2021-11-07,38,Closed
T055,21-22,2021-11-07,38,Closed
T056,21-22,2021-11-07,38,Closed
T057,21-22,2021-11-07,38,Closed
T058,21-22,2021-11-07,38,Closed
T061,21-22,2021-11-07,38,Closed
T063,21-22,2021-11-07,38,Closed
T064,21-22,2021-11-07,38,Closed
T065,21-22,2021-11-07,38,Closed
T067,21-22,2021-11-07,38,Closed
T068,21-22,2021-11-07,38,Closed
T069,21-22,2021-11-07,38,Closed
T070,21-22,2021-11-07,38,Closed
T071,21-22,2021-11-07,38,Closed
T072,21-22,2021-11-07,38,Closed
T073,21-22,2021-11-07,38,Closed
T074,21-22,2021-11-07,38,Closed
T075,21-22,2021-11-07,38,Closed
T076,21-22,2021-11-07,38,Closed
T077,21-22,2021-11-07,38,Closed
T078,21-22,2021-11-07,38,Closed
T079,21-22,2021-11-07,38,Closed
T080,21-22,2021-11-07,38,Closed
T081,21-22,2021-11-07,38,Closed
T082,21-22,2021-11-07,38,Closed
T083,21-22,2021-11-07,38,Closed
T084,21-22,2021-11-07,38,Closed
T085,21-22,2021-11-07,38,Closed
T086,21-22,2021-11-07,38,Closed
T087,21-22,2021-11-07,38,Closed
T088,21-22,2021-11-07,38,Closed
T089,21-22,2021-11-07,38,Closed
T090,21-22,2021-11-07,38,Closed
T091,21-22,2021-11-07,38,Closed
T092,21-22,2021-11-07,38,Closed
T127,21-22,2021-11-07,38,Closed
T134,21-22,2021-11-07,38,Closed
T135,21-22,2021-11-07,38,Closed
T136,21-22,2021-11-07,38,Closed
T137,21-22,2021-11-07,38,Closed
T148,21-22,2021-11-07,38,Closed
T154,21-22,2021-11-07,38,Closed
T001,21-22,2021-11-08,39,Closed
T002,21-22,2021-11-08,39,Closed
T003,21-22,2021-11-08,39,Closed
T004,21-22,2021-11-08,39,Closed
T005,21-22,2021-11-08,39,Groomed
T006,21-22,2021-11-08,39,Closed
T007,21-22,2021-11-08,39,Closed
T008,21-22,2021-11-08,39,Closed
T009,21-22,2021-11-08,39,Closed
T010,21-22,2021-11-08,39,Closed
T011,21-22,2021-11-08,39,Groomed
T012,21-22,2021-11-08,39,Closed
T013,21-22,2021-11-08,39,Groomed
T014,21-22,2021-11-08,39,Closed
T015,21-22,2021-11-08,39,Closed
T016,21-22,2021-11-08,39,Closed
T017,21-22,2021-11-08,39,Closed
T018,21-22,2021-11-08,39,Closed
T019,21-22,2021-11-08,39,Closed
T020,21-22,2021-11-08,39,Closed
T021,21-22,2021-11-08,39,Groomed
T022,21-22,2021-11-08,39,Closed
T023,21-22,2021-11-08,39,Closed
T024,21-22,2021-11-08,39,Closed
T025,21-22,2021-11-08,39,Closed
T026,21-22,2021-11-08,39,Groomed
T027,21-22,2021-11-08,39,Closed
T028,21-22,2021-11-08,39,Closed
T029,21-22,2021-11-08,39,Closed
T030,21-22,2021-11-08,39,Closed
T031,21-22,2021-11-08,39,Closed
T032,21-22,2021-11-08,39,Closed
T033,21-22,2021-11-08,39,Closed
T034,21-22,2021-11-08,39,Groomed
T035,21-22,2021-11-08,39,Closed
T036,21-22,2021-11-08,39,Closed
T037,21-22,2021-11-08,39,Closed
T038,21-22,2021-11-08,39,Closed
T039,21-22,2021-11-08,39,Closed
T040,21-22,2021-11-08,39,Closed
T041,21-22,2021-11-08,39,Closed
T042,21-22,2021-11-08,39,Closed
T043,21-22,2021-11-08,39,Closed
T044,21-22,2021-11-08,39,Closed
T045,21-22,2021-11-08,39,Closed
T046,21-22,2021-11-08,39,Closed
T047,21-22,2021-11-08,39,Closed
T048,21-22,2021-11-08,39,Closed
T049,21-22,2021-11-08,39,Closed
T050,21-22,2021-11-08,39,Closed
T051,21-22,2021-11-08,39,Closed
T052,21-22,2021-11-08,39,Closed
T053,21-22,2021-11-08,39,Closed
T054,21-22,2021-11-08,39,Closed
T055,21-22,2021-11-08,39,Closed
T056,21-22,2021-11-08,39,Closed
T057,21-22,2021-11-08,39,Closed
T058,21-22,2021-11-08,39,Closed
T061,21-22,2021-11-08,39,Closed
T063,21-22,2021-11-08,39,Closed
T064,21-22,2021-11-08,39,Closed
T065,21-22,2021-11-08,39,Closed
T067,21-22,2021-11-08,39,Closed
T068,21-22,2021-11-08,39,Closed
T069,21-22,2021-11-08,39,Closed
T070,21-22,2021-11-08,39,Closed
T071,21-22,2021-11-08,39,Closed
T072,21-22,2021-11-08,39,Closed
T073,21-22,2021-11-08,39,Closed
T074,21-22,2021-11-08,39,Closed
T075,21-22,2021-11-08,39,Closed
T076,21-22,2021-11-08,39,Closed
T077,21-22,2021-11-08,39,Closed
T078,21-22,2021-11-08,39,Closed
T079,21-22,2021-11-08,39,Closed
T080,21-22,2021-11-08,39,Closed
T081,21-22,2021-11-08,39,Closed
T082,21-22,2021-11-08,39,Closed
T083,21-22,2021-11-08,39,Closed
T084,21-22,2021-11-08,39,Closed
T085,21-22,2021-11-08,39,Closed
T086,21-22,2021-11-08,39,Closed
T087,21-22,2021-11-08,39,Closed
T088,21-22,2021-11-08,39,Closed
T089,21-22,2021-11-08,39,Closed
T090,21-22,2021-11-08,39,Closed
T091,21-22,2021-11-08,39,Closed
T092,21-22,2021-11-08,39,Closed
T127,21-22,2021-11-08,39,Closed
T134,21-22,2021-11-08,39,Closed
T135,21-22,2021-11-08,39,Closed
T136,21-22,2021-11-08,39,Closed
T137,21-22,2021-11-08,39,Closed
T148,21-22,2021-11-08,39,Closed
T154,21-22,2021-11-08,39,Closed
T001,21-22,2021-11-09,40,Closed
T002,21-22,2021-11-09,40,Closed
T003,21-22,2021-11-09,40,Closed
T004,21-22,2021-11-09,40,Closed
T005,21-22,2021-11-09,40,Groomed
T006,21-22,2021-11-09,40,Closed
T007,21-22,2021-11-09,40,Closed
T008,21-22,2021-11-09,40,Closed
T009,21-22,2021-11-09,40,Closed
T010,21-22,2021-11-09,40,Closed
T011,21-22,2021-11-09,40,Groomed
T012,21-22,2021-11-09,40,Closed
T013,21-22,2021-11-09,40,Groomed
T014,21-22,2021-11-09,40,Closed
T015,21-22,2021-11-09,40,Closed
T016,21-22,2021-11-09,40,Closed
T017,21-22,2021-11-09,40,Closed
T018,21-22,2021-11-09,40,Closed
T019,21-22,2021-11-09,40,Closed
T020,21-22,2021-11-09,40,Closed
T021,21-22,2021-11-09,40,Groomed
T022,21-22,2021-11-09,40,Closed
T023,21-22,2021-11-09,40,Closed
T024,21-22,2021-11-09,40,Closed
T025,21-22,2021-11-09,40,Closed
T026,21-22,2021-11-09,40,Groomed
T027,21-22,2021-11-09,40,Closed
T028,21-22,2021-11-09,40,Closed
T029,21-22,2021-11-09,40,Closed
T030,21-22,2021-11-09,40,Closed
T031,21-22,2021-11-09,40,Closed
T032,21-22,2021-11-09,40,Closed
T033,21-22,2021-11-09,40,Closed
T034,21-22,2021-11-09,40,Groomed
T035,21-22,2021-11-09,40,Closed
T036,21-22,2021-11-09,40,Closed
T037,21-22,2021-11-09,40,Closed
T038,21-22,2021-11-09,40,Closed
T039,21-22,2021-11-09,40,Closed
T040,21-22,2021-11-09,40,Closed
T041,21-22,2021-11-09,40,Closed
T042,21-22,2021-11-09,40,Closed
T043,21-22,2021-11-09,40,Closed
T044,21-22,2021-11-09,40,Closed
T045,21-22,2021-11-09,40,Closed
T046,21-22,2021-11-09,40,Closed
T047,21-22,2021-11-09,40,Closed
T048,21-22,2021-11-09,40,Closed
T049,21-22,2021-11-09,40,Closed
T050,21-22,2021-11-09,40,Closed
T051,21-22,2021-11-09,40,Closed
T052,21-22,2021-11-09,40,Closed
T053,21-22,2021-11-09,40,Closed
T054,21-22,2021-11-09,40,Closed
T055,21-22,2021-11-09,40,Closed
T056,21-22,2021-11-09,40,Closed
T057,21-22,2021-11-09,40,Closed
T058,21-22,2021-11-09,40,Closed
T061,21-22,2021-11-09,40,Closed
T063,21-22,2021-11-09,40,Closed
T064,21-22,2021-11-09,40,Closed
T065,21-22,2021-11-09,40,Closed
T067,21-22,2021-11-09,40,Closed
T068,21-22,2021-11-09,40,Closed
T069,21-22,2021-11-09,40,Closed
T070,21-22,2021-11-09,40,Closed
T071,21-22,2021-11-09,40,Closed
T072,21-22,2021-11-09,40,Closed
T073,21-22,2021-11-09,40,Closed
T074,21-22,2021-11-09,40,Closed
T075,21-22,2021-11-09,40,Closed
T076,21-22,2021-11-09,40,Closed
T077,21-22,2021-11-09,40,Closed
T078,21-22,2021-11-09,40,Closed
T079,21-22,2021-11-09,40,Closed
T080,21-22,2021-11-09,40,Closed
T081,21-22,2021-11-09,40,Closed
T082,21-22,2021-11-09,40,Closed
T083,21-22,2021-11-09,40,Closed
T084,21-22,2021-11-09,40,Closed
T085,21-22,2021-11-09,40,Closed
T086,21-22,2021-11-09,40,Closed
T087,21-22,2021-11-09,40,Closed
T088,21-22,2021-11-09,40,Closed
T089,21-22,2021-11-09,40,Closed
T090,21-22,2021-11-09,40,Closed
T091,21-22,2021-11-09,40,Closed
T092,21-22,2021-11-09,40,Closed
T127,21-22,2021-11-09,40,Closed
T134,21-22,2021-11-09,40,Closed
T135,21-22,2021-11-09,40,Closed
T136,21-22,2021-11-09,40,Closed
T137,21-22,2021-11-09,40,Closed
T148,21-22,2021-11-09,40,Closed
T154,21-22,2021-11-09,40,Closed
T001,21-22,2021-11-10,41,Closed
T002,21-22,2021-11-10,41,Closed
T003,21-22,2021-11-10,41,Closed
T004,21-22,2021-11-10,41,Closed
T005,21-22,2021-11-10,41,Groomed
T006,21-22,2021-11-10,41,Closed
T007,21-22,2021-11-10,41,Closed
T008,21-22,2021-11-10,41,Closed
T009,21-22,2021-11-10,41,Closed
T010,21-22,2021-11-10,41,Closed
T011,21-22,2021-11-10,41,Groomed
T012,21-22,2021-11-10,41,Closed
T013,21-22,2021-11-10,41,Groomed
T014,21-22,2021-11-10,41,Closed
T015,21-22,2021-11-10,41,Closed
T016,21-22,2021-11-10,41,Closed
T017,21-22,2021-11-10,41,Closed
T018,21-22,2021-11-10,41,Closed
T019,21-22,2021-11-10,41,Closed
T020,21-22,2021-11-10,41,Closed
T021,21-22,2021-11-10,41,Groomed
T022,21-22,2021-11-10,41,Closed
T023,21-22,2021-11-10,41,Closed
T024,21-22,2021-11-10,41,Closed
T025,21-22,2021-11-10,41,Closed
T026,21-22,2021-11-10,41,Groomed
T027,21-22,2021-11-10,41,Closed
T028,21-22,2021-11-10,41,Closed
T029,21-22,2021-11-10,41,Closed
T030,21-22,2021-11-10,41,Closed
T031,21-22,2021-11-10,41,Closed
T032,21-22,2021-11-10,41,Closed
T033,21-22,2021-11-10,41,Closed
T034,21-22,2021-11-10,41,Groomed
T035,21-22,2021-11-10,41,Closed
T036,21-22,2021-11-10,41,Closed
T037,21-22,2021-11-10,41,Closed
T038,21-22,2021-11-10,41,Closed
T039,21-22,2021-11-10,41,Closed
T040,21-22,2021-11-10,41,Closed
T041,21-22,2021-11-10,41,Closed
T042,21-22,2021-11-10,41,Closed
T043,21-22,2021-11-10,41,Closed
T044,21-22,2021-11-10,41,Closed
T045,21-22,2021-11-10,41,Closed
T046,21-22,2021-11-10,41,Closed
T047,21-22,2021-11-10,41,Closed
T048,21-22,2021-11-10,41,Closed
T049,21-22,2021-11-10,41,Closed
T050,21-22,2021-11-10,41,Closed
T051,21-22,2021-11-10,41,Closed
T052,21-22,2021-11-10,41,Closed
T053,21-22,2021-11-10,41,Closed
T054,21-22,2021-11-10,41,Closed
T055,21-22,2021-11-10,41,Closed
T056,21-22,2021-11-10,41,Closed
T057,21-22,2021-11-10,41,Closed
T058,21-22,2021-11-10,41,Closed
T061,21-22,2021-11-10,41,Closed
T063,21-22,2021-11-10,41,Closed
T064,21-22,2021-11-10,41,Closed
T065,21-22,2021-11-10,41,Closed
T067,21-22,2021-11-10,41,Closed
T068,21-22,2021-11-10,41,Closed
T069,21-22,2021-11-10,41,Closed
T070,21-22,2021-11-10,41,Closed
T071,21-22,2021-11-10,41,Closed
T072,21-22,2021-11-10,41,Closed
T073,21-22,2021-11-10,41,Closed
T074,21-22,2021-11-10,41,Closed
T075,21-22,2021-11-10,41,Closed
T076,21-22,2021-11-10,41,Closed
T077,21-22,2021-11-10,41,Closed
T078,21-22,2021-11-10,41,Closed
T079,21-22,2021-11-10,41,Closed
T080,21-22,2021-11-10,41,Closed
T081,21-22,2021-11-10,41,Closed
T082,21-22,2021-11-10,41,Closed
T083,21-22,2021-11-10,41,Closed
T084,21-22,2021-11-10,41,Closed
T085,21-22,2021-11-10,41,Closed
T086,21-22,2021-11-10,41,Closed
T087,21-22,2021-11-10,41,Closed
T088,21-22,2021-11-10,41,Closed
T089,21-22,2021-11-10,41,Closed
T090,21-22,2021-11-10,41,Closed
T091,21-22,2021-11-10,41,Closed
T092,21-22,2021-11-10,41,Closed
T127,21-22,2021-11-10,41,Closed
T134,21-22,2021-11-10,41,Closed
T135,21-22,2021-11-10,41,Closed
T136,21-22,2021-11-10,41,Closed
T137,21-22,2021-11-10,41,Closed
T148,21-22,2021-11-10,41,Closed
T154,21-22,2021-11-10,41,Closed
T001,21-22,2021-11-11,42,Closed
T002,21-22,2021-11-11,42,Closed
T003,21-22,2021-11-11,42,Closed
T004,21-22,2021-11-11,42,Closed
T005,21-22,2021-11-11,42,Groomed
T006,21-22,2021-11-11,42,Closed
T007,21-22,2021-11-11,42,Closed
T008,21-22,2021-11-11,42,Closed
T009,21-22,2021-11-11,42,Closed
T010,21-22,2021-11-11,42,Closed
T011,21-22,2021-11-11,42,Groomed
T012,21-22,2021-11-11,42,Closed
T013,21-22,2021-11-11,42,Groomed
T014,21-22,2021-11-11,42,Closed
T015,21-22,2021-11-11,42,Closed
T016,21-22,2021-11-11,42,Closed
T017,21-22,2021-11-11,42,Closed
T018,21-22,2021-11-11,42,Closed
T019,21-22,2021-11-11,42,Closed
T020,21-22,2021-11-11,42,Closed
T021,21-22,2021-11-11,42,Groomed
T022,21-22,2021-11-11,42,Closed
T023,21-22,2021-11-11,42,Closed
T024,21-22,2021-11-11,42,Closed
T025,21-22,2021-11-11,42,Closed
T026,21-22,2021-11-11,42,Groomed
T027,21-22,2021-11-11,42,Closed
T028,21-22,2021-11-11,42,Closed
T029,21-22,2021-11-11,42,Closed
T030,21-22,2021-11-11,42,Closed
T031,21-22,2021-11-11,42,Closed
T032,21-22,2021-11-11,42,Closed
T033,21-22,2021-11-11,42,Closed
T034,21-22,2021-11-11,42,Groomed
T035,21-22,2021-11-11,42,Closed
T036,21-22,2021-11-11,42,Closed
T037,21-22,2021-11-11,42,Closed
T038,21-22,2021-11-11,42,Closed
T039,21-22,2021-11-11,42,Closed
T040,21-22,2021-11-11,42,Closed
T041,21-22,2021-11-11,42,Closed
T042,21-22,2021-11-11,42,Closed
T043,21-22,2021-11-11,42,Closed
T044,21-22,2021-11-11,42,Closed
T045,21-22,2021-11-11,42,Closed
T046,21-22,2021-11-11,42,Closed
T047,21-22,2021-11-11,42,Closed
T048,21-22,2021-11-11,42,Closed
T049,21-22,2021-11-11,42,Closed
T050,21-22,2021-11-11,42,Closed
T051,21-22,2021-11-11,42,Closed
T052,21-22,2021-11-11,42,Closed
T053,21-22,2021-11-11,42,Closed
T054,21-22,2021-11-11,42,Closed
T055,21-22,2021-11-11,42,Closed
T056,21-22,2021-11-11,42,Closed
T057,21-22,2021-11-11,42,Closed
T058,21-22,2021-11-11,42,Closed
T061,21-22,2021-11-11,42,Closed
T063,21-22,2021-11-11,42,Closed
T064,21-22,2021-11-11,42,Closed
T065,21-22,2021-11-11,42,Closed
T067,21-22,2021-11-11,42,Closed
T068,21-22,2021-11-11,42,Closed
T069,21-22,2021-11-11,42,Closed
T070,21-22,2021-11-11,42,Closed
T071,21-22,2021-11-11,42,Closed
T072,21-22,2021-11-11,42,Closed
T073,21-22,2021-11-11,42,Closed
T074,21-22,2021-11-11,42,Closed
T075,21-22,2021-11-11,42,Closed
T076,21-22,2021-11-11,42,Closed
T077,21-22,2021-11-11,42,Closed
T078,21-22,2021-11-11,42,Closed
T079,21-22,2021-11-11,42,Closed
T080,21-22,2021-11-11,42,Closed
T081,21-22,2021-11-11,42,Closed
T082,21-22,2021-11-11,42,Closed
T083,21-22,2021-11-11,42,Closed
T084,21-22,2021-11-11,42,Closed
T085,21-22,2021-11-11,42,Closed
T086,21-22,2021-11-11,42,Closed
T087,21-22,2021-11-11,42,Closed
T088,21-22,2021-11-11,42,Closed
T089,21-22,2021-11-11,42,Closed
T090,21-22,2021-11-11,42,Closed
T091,21-22,2021-11-11,42,Closed
T092,21-22,2021-11-11,42,Closed
T127,21-22,2021-11-11,42,Closed
T134,21-22,2021-11-11,42,Closed
T135,21-22,2021-11-11,42,Closed
T136,21-22,2021-11-11,42,Closed
T137,21-22,2021-11-11,42,Closed
T148,21-22,2021-11-11,42,Closed
T154,21-22,2021-11-11,42,Closed
T001,21-22,2021-11-12,43,Closed
T002,21-22,2021-11-12,43,Closed
T003,21-22,2021-11-12,43,Closed
T004,21-22,2021-11-12,43,Closed
T005,21-22,2021-11-12,43,Groomed
T006,21-22,2021-11-12,43,Closed
T007,21-22,2021-11-12,43,Closed
T008,21-22,2021-11-12,43,Closed
T009,21-22,2021-11-12,43,Closed
T010,21-22,2021-11-12,43,Closed
T011,21-22,2021-11-12,43,Groomed
T012,21-22,2021-11-12,43,Closed
T013,21-22,2021-11-12,43,Groomed
T014,21-22,2021-11-12,43,Closed
T015,21-22,2021-11-12,43,Closed
T016,21-22,2021-11-12,43,Closed
T017,21-22,2021-11-12,43,Closed
T018,21-22,2021-11-12,43,Closed
T019,21-22,2021-11-12,43,Closed
T020,21-22,2021-11-12,43,Closed
T021,21-22,2021-11-12,43,Groomed
T022,21-22,2021-11-12,43,Closed
T023,21-22,2021-11-12,43,Closed
T024,21-22,2021-11-12,43,Closed
T025,21-22,2021-11-12,43,Closed
T026,21-22,2021-11-12,43,Closed
T027,21-22,2021-11-12,43,Closed
T028,21-22,2021-11-12,43,Closed
T029,21-22,2021-11-12,43,Closed
T030,21-22,2021-11-12,43,Closed
T031,21-22,2021-11-12,43,Closed
T032,21-22,2021-11-12,43,Closed
T033,21-22,2021-11-12,43,Closed
T034,21-22,2021-11-12,43,Groomed
T035,21-22,2021-11-12,43,Closed
T036,21-22,2021-11-12,43,Closed
T037,21-22,2021-11-12,43,Closed
T038,21-22,2021-11-12,43,Closed
T039,21-22,2021-11-12,43,Closed
T040,21-22,2021-11-12,43,Closed
T041,21-22,2021-11-12,43,Closed
T042,21-22,2021-11-12,43,Closed
T043,21-22,2021-11-12,43,Closed
T044,21-22,2021-11-12,43,Closed
T045,21-22,2021-11-12,43,Closed
T046,21-22,2021-11-12,43,Closed
T047,21-22,2021-11-12,43,Closed
T048,21-22,2021-11-12,43,Closed
T049,21-22,2021-11-12,43,Closed
T050,21-22,2021-11-12,43,Closed
T051,21-22,2021-11-12,43,Closed
T052,21-22,2021-11-12,43,Closed
T053,21-22,2021-11-12,43,Closed
T054,21-22,2021-11-12,43,Closed
T055,21-22,2021-11-12,43,Closed
T056,21-22,2021-11-12,43,Closed
T057,21-22,2021-11-12,43,Closed
T058,21-22,2021-11-12,43,Closed
T061,21-22,2021-11-12,43,Closed
T063,21-22,2021-11-12,43,Closed
T064,21-22,2021-11-12,43,Closed
T065,21-22,2021-11-12,43,Closed
T067,21-22,2021-11-12,43,Closed
T068,21-22,2021-11-12,43,Closed
T069,21-22,2021-11-12,43,Closed
T070,21-22,2021-11-12,43,Closed
T071,21-22,2021-11-12,43,Closed
T072,21-22,2021-11-12,43,Closed
T073,21-22,2021-11-12,43,Closed
T074,21-22,2021-11-12,43,Closed
T075,21-22,2021-11-12,43,Closed
T076,21-22,2021-11-12,43,Closed
T077,21-22,2021-11-12,43,Closed
T078,21-22,2021-11-12,43,Closed
T079,21-22,2021-11-12,43,Closed
T080,21-22,2021-11-12,43,Closed
T081,21-22,2021-11-12,43,Closed
T082,21-22,2021-11-12,43,Closed
T083,21-22,2021-11-12,43,Closed
T084,21-22,2021-11-12,43,Closed
T085,21-22,2021-11-12,43,Closed
T086,21-22,2021-11-12,43,Closed
T087,21-22,2021-11-12,43,Closed
T088,21-22,2021-11-12,43,Closed
T089,21-22,2021-11-12,43,Closed
T090,21-22,2021-11-12,43,Closed
T091,21-22,2021-11-12,43,Closed
T092,21-22,2021-11-12,43,Closed
T127,21-22,2021-11-12,43,Closed
T134,21-22,2021-11-12,43,Closed
T135,21-22,2021-11-12,43,Closed
T136,21-22,2021-11-12,43,Closed
T137,21-22,2021-11-12,43,Closed
T148,21-22,2021-11-12,43,Closed
T154,21-22,2021-11-12,43,Closed
T001,21-22,2021-11-13,44,Closed
T002,21-22,2021-11-13,44,Closed
T003,21-22,2021-11-13,44,Closed
T004,21-22,2021-11-13,44,Closed
T005,21-22,2021-11-13,44,Groomed
T006,21-22,2021-11-13,44,Closed
T007,21-22,2021-11-13,44,Closed
T008,21-22,2021-11-13,44,Closed
T009,21-22,2021-11-13,44,Closed
T010,21-22,2021-11-13,44,Closed
T011,21-22,2021-11-13,44,Groomed
T012,21-22,2021-11-13,44,Groomed
T013,21-22,2021-11-13,44,Groomed
T014,21-22,2021-11-13,44,Closed
T015,21-22,2021-11-13,44,Closed
T016,21-22,2021-11-13,44,Closed
T017,21-22,2021-11-13,44,Closed
T018,21-22,2021-11-13,44,Closed
T019,21-22,2021-11-13,44,Closed
T020,21-22,2021-11-13,44,Closed
T021,21-22,2021-11-13,44,Groomed
T022,21-22,2021-11-13,44,Closed
T023,21-22,2021-11-13,44,Closed
T024,21-22,2021-11-13,44,Closed
T025,21-22,2021-11-13,44,Closed
T026,21-22,2021-11-13,44,Closed
T027,21-22,2021-11-13,44,Closed
T028,21-22,2021-11-13,44,Closed
T029,21-22,2021-11-13,44,Closed
T030,21-22,2021-11-13,44,Closed
T031,21-22,2021-11-13,44,Closed
T032,21-22,2021-11-13,44,Closed
T033,21-22,2021-11-13,44,Closed
T034,21-22,2021-11-13,44,Groomed
T035,21-22,2021-11-13,44,Closed
T036,21-22,2021-11-13,44,Closed
T037,21-22,2021-11-13,44,Closed
T038,21-22,2021-11-13,44,Closed
T039,21-22,2021-11-13,44,Closed
T040,21-22,2021-11-13,44,Closed
T041,21-22,2021-11-13,44,Closed
T042,21-22,2021-11-13,44,Closed
T043,21-22,2021-11-13,44,Closed
T044,21-22,2021-11-13,44,Closed
T045,21-22,2021-11-13,44,Closed
T046,21-22,2021-11-13,44,Closed
T047,21-22,2021-11-13,44,Closed
T048,21-22,2021-11-13,44,Closed
T049,21-22,2021-11-13,44,Closed
T050,21-22,2021-11-13,44,Closed
T051,21-22,2021-11-13,44,Closed
T052,21-22,2021-11-13,44,Closed
T053,21-22,2021-11-13,44,Closed
T054,21-22,2021-11-13,44,Closed
T055,21-22,2021-11-13,44,Closed
T056,21-22,2021-11-13,44,Closed
T057,21-22,2021-11-13,44,Closed
T058,21-22,2021-11-13,44,Closed
T061,21-22,2021-11-13,44,Closed
T063,21-22,2021-11-13,44,Closed
T064,21-22,2021-11-13,44,Closed
T065,21-22,2021-11-13,44,Closed
T067,21-22,2021-11-13,44,Closed
T068,21-22,2021-11-13,44,Closed
T069,21-22,2021-11-13,44,Closed
T070,21-22,2021-11-13,44,Closed
T071,21-22,2021-11-13,44,Closed
T072,21-22,2021-11-13,44,Closed
T073,21-22,2021-11-13,44,Closed
T074,21-22,2021-11-13,44,Closed
T075,21-22,2021-11-13,44,Closed
T076,21-22,2021-11-13,44,Closed
T077,21-22,2021-11-13,44,Closed
T078,21-22,2021-11-13,44,Closed
T079,21-22,2021-11-13,44,Closed
T080,21-22,2021-11-13,44,Closed
T081,21-22,2021-11-13,44,Closed
T082,21-22,2021-11-13,44,Closed
T083,21-22,2021-11-13,44,Closed
T084,21-22,2021-11-13,44,Closed
T085,21-22,2021-11-13,44,Closed
T086,21-22,2021-11-13,44,Closed
T087,21-22,2021-11-13,44,Closed
T088,21-22,2021-11-13,44,Closed
T089,21-22,2021-11-13,44,Closed
T090,21-22,2021-11-13,44,Closed
T091,21-22,2021-11-13,44,Closed
T092,21-22,2021-11-13,44,Closed
T127,21-22,2021-11-13,44,Closed
T134,21-22,2021-11-13,44,Closed
T135,21-22,2021-11-13,44,Closed
T136,21-22,2021-11-13,44,Closed
T137,21-22,2021-11-13,44,Closed
T148,21-22,2021-11-13,44,Closed
T154,21-22,2021-11-13,44,Closed
T001,21-22,2021-11-14,45,Closed
T002,21-22,2021-11-14,45,Closed
T003,21-22,2021-11-14,45,Closed
T004,21-22,2021-11-14,45,Closed
T005,21-22,2021-11-14,45,Groomed
T006,21-22,2021-11-14,45,Closed
T007,21-22,2021-11-14,45,Closed
T008,21-22,2021-11-14,45,Closed
T009,21-22,2021-11-14,45,Closed
T010,21-22,2021-11-14,45,Closed
T011,21-22,2021-11-14,45,Groomed
T012,21-22,2021-11-14,45,Groomed
T013,21-22,2021-11-14,45,Groomed
T014,21-22,2021-11-14,45,Closed
T015,21-22,2021-11-14,45,Closed
T016,21-22,2021-11-14,45,Closed
T017,21-22,2021-11-14,45,Closed
T018,21-22,2021-11-14,45,Closed
T019,21-22,2021-11-14,45,Closed
T020,21-22,2021-11-14,45,Closed
T021,21-22,2021-11-14,45,Groomed
T022,21-22,2021-11-14,45,Closed
T023,21-22,2021-11-14,45,Closed
T024,21-22,2021-11-14,45,Closed
T025,21-22,2021-11-14,45,Closed
T026,21-22,2021-11-14,45,Closed
T027,21-22,2021-11-14,45,Closed
T028,21-22,2021-11-14,45,Closed
T029,21-22,2021-11-14,45,Closed
T030,21-22,2021-11-14,45,Closed
T031,21-22,2021-11-14,45,Closed
T032,21-22,2021-11-14,45,Closed
T033,21-22,2021-11-14,45,Closed
T034,21-22,2021-11-14,45,Groomed
T035,21-22,2021-11-14,45,Closed
T036,21-22,2021-11-14,45,Closed
T037,21-22,2021-11-14,45,Closed
T038,21-22,2021-11-14,45,Closed
T039,21-22,2021-11-14,45,Closed
T040,21-22,2021-11-14,45,Closed
T041,21-22,2021-11-14,45,Closed
T042,21-22,2021-11-14,45,Closed
T043,21-22,2021-11-14,45,Closed
T044,21-22,2021-11-14,45,Closed
T045,21-22,2021-11-14,45,Closed
T046,21-22,2021-11-14,45,Closed
T047,21-22,2021-11-14,45,Closed
T048,21-22,2021-11-14,45,Closed
T049,21-22,2021-11-14,45,Closed
T050,21-22,2021-11-14,45,Closed
T051,21-22,2021-11-14,45,Closed
T052,21-22,2021-11-14,45,Closed
T053,21-22,2021-11-14,45,Closed
T054,21-22,2021-11-14,45,Closed
T055,21-22,2021-11-14,45,Closed
T056,21-22,2021-11-14,45,Closed
T057,21-22,2021-11-14,45,Closed
T058,21-22,2021-11-14,45,Closed
T061,21-22,2021-11-14,45,Closed
T063,21-22,2021-11-14,45,Closed
T064,21-22,2021-11-14,45,Closed
T065,21-22,2021-11-14,45,Closed
T067,21-22,2021-11-14,45,Closed
T068,21-22,2021-11-14,45,Closed
T069,21-22,2021-11-14,45,Closed
T070,21-22,2021-11-14,45,Closed
T071,21-22,2021-11-14,45,Closed
T072,21-22,2021-11-14,45,Closed
T073,21-22,2021-11-14,45,Closed
T074,21-22,2021-11-14,45,Closed
T075,21-22,2021-11-14,45,Closed
T076,21-22,2021-11-14,45,Closed
T077,21-22,2021-11-14,45,Closed
T078,21-22,2021-11-14,45,Closed
T079,21-22,2021-11-14,45,Closed
T080,21-22,2021-11-14,45,Closed
T081,21-22,2021-11-14,45,Closed
T082,21-22,2021-11-14,45,Closed
T083,21-22,2021-11-14,45,Closed
T084,21-22,2021-11-14,45,Closed
T085,21-22,2021-11-14,45,Closed
T086,21-22,2021-11-14,45,Closed
T087,21-22,2021-11-14,45,Closed
T088,21-22,2021-11-14,45,Closed
T089,21-22,2021-11-14,45,Closed
T090,21-22,2021-11-14,45,Closed
T091,21-22,2021-11-14,45,Closed
T092,21-22,2021-11-14,45,Closed
T127,21-22,2021-11-14,45,Closed
T134,21-22,2021-11-14,45,Closed
T135,21-22,2021-11-14,45,Closed
T136,21-22,2021-11-14,45,Closed
T137,21-22,2021-11-14,45,Closed
T148,21-22,2021-11-14,45,Closed
T154,21-22,2021-11-14,45,Closed
T001,21-22,2021-11-15,46,Closed
T002,21-22,2021-11-15,46,Closed
T003,21-22,2021-11-15,46,Closed
T004,21-22,2021-11-15,46,Closed
T005,21-22,2021-11-15,46,Groomed
T006,21-22,2021-11-15,46,Closed
T007,21-22,2021-11-15,46,Closed
T008,21-22,2021-11-15,46,Closed
T009,21-22,2021-11-15,46,Closed
T010,21-22,2021-11-15,46,Closed
T011,21-22,2021-11-15,46,Groomed
T012,21-22,2021-11-15,46,Groomed
T013,21-22,2021-11-15,46,Groomed
T014,21-22,2021-11-15,46,Closed
T015,21-22,2021-11-15,46,Closed
T016,21-22,2021-11-15,46,Closed
T017,21-22,2021-11-15,46,Closed
T018,21-22,2021-11-15,46,Closed
T019,21-22,2021-11-15,46,Closed
T020,21-22,2021-11-15,46,Closed
T021,21-22,2021-11-15,46,Groomed
T022,21-22,2021-11-15,46,Closed
T023,21-22,2021-11-15,46,Closed
T024,21-22,2021-11-15,46,Closed
T025,21-22,2021-11-15,46,Closed
T026,21-22,2021-11-15,46,Closed
T027,21-22,2021-11-15,46,Closed
T028,21-22,2021-11-15,46,Closed
T029,21-22,2021-11-15,46,Closed
T030,21-22,2021-11-15,46,Closed
T031,21-22,2021-11-15,46,Closed
T032,21-22,2021-11-15,46,Closed
T033,21-22,2021-11-15,46,Closed
T034,21-22,2021-11-15,46,Groomed
T035,21-22,2021-11-15,46,Closed
T036,21-22,2021-11-15,46,Closed
T037,21-22,2021-11-15,46,Closed
T038,21-22,2021-11-15,46,Closed
T039,21-22,2021-11-15,46,Closed
T040,21-22,2021-11-15,46,Closed
T041,21-22,2021-11-15,46,Closed
T042,21-22,2021-11-15,46,Closed
T043,21-22,2021-11-15,46,Closed
T044,21-22,2021-11-15,46,Closed
T045,21-22,2021-11-15,46,Closed
T046,21-22,2021-11-15,46,Closed
T047,21-22,2021-11-15,46,Closed
T048,21-22,2021-11-15,46,Closed
T049,21-22,2021-11-15,46,Closed
T050,21-22,2021-11-15,46,Closed
T051,21-22,2021-11-15,46,Closed
T052,21-22,2021-11-15,46,Closed
T053,21-22,2021-11-15,46,Closed
T054,21-22,2021-11-15,46,Closed
T055,21-22,2021-11-15,46,Closed
T056,21-22,2021-11-15,46,Closed
T057,21-22,2021-11-15,46,Closed
T058,21-22,2021-11-15,46,Closed
T061,21-22,2021-11-15,46,Closed
T063,21-22,2021-11-15,46,Closed
T064,21-22,2021-11-15,46,Closed
T065,21-22,2021-11-15,46,Closed
T067,21-22,2021-11-15,46,Closed
T068,21-22,2021-11-15,46,Closed
T069,21-22,2021-11-15,46,Closed
T070,21-22,2021-11-15,46,Closed
T071,21-22,2021-11-15,46,Closed
T072,21-22,2021-11-15,46,Closed
T073,21-22,2021-11-15,46,Closed
T074,21-22,2021-11-15,46,Closed
T075,21-22,2021-11-15,46,Closed
T076,21-22,2021-11-15,46,Closed
T077,21-22,2021-11-15,46,Closed
T078,21-22,2021-11-15,46,Closed
T079,21-22,2021-11-15,46,Closed
T080,21-22,2021-11-15,46,Closed
T081,21-22,2021-11-15,46,Closed
T082,21-22,2021-11-15,46,Closed
T083,21-22,2021-11-15,46,Closed
T084,21-22,2021-11-15,46,Closed
T085,21-22,2021-11-15,46,Closed
T086,21-22,2021-11-15,46,Closed
T087,21-22,2021-11-15,46,Closed
T088,21-22,2021-11-15,46,Closed
T089,21-22,2021-11-15,46,Closed
T090,21-22,2021-11-15,46,Closed
T091,21-22,2021-11-15,46,Closed
T092,21-22,2021-11-15,46,Closed
T127,21-22,2021-11-15,46,Closed
T134,21-22,2021-11-15,46,Closed
T135,21-22,2021-11-15,46,Closed
T136,21-22,2021-11-15,46,Closed
T137,21-22,2021-11-15,46,Closed
T148,21-22,2021-11-15,46,Closed
T154,21-22,2021-11-15,46,Closed
T001,21-22,2021-11-16,47,Closed
T002,21-22,2021-11-16,47,Closed
T003,21-22,2021-11-16,47,Closed
T004,21-22,2021-11-16,47,Closed
T005,21-22,2021-11-16,47,Groomed
T006,21-22,2021-11-16,47,Closed
T007,21-22,2021-11-16,47,Closed
T008,21-22,2021-11-16,47,Closed
T009,21-22,2021-11-16,47,Closed
T010,21-22,2021-11-16,47,Closed
T011,21-22,2021-11-16,47,Groomed
T012,21-22,2021-11-16,47,Groomed
T013,21-22,2021-11-16,47,Groomed
T014,21-22,2021-11-16,47,Closed
T015,21-22,2021-11-16,47,Closed
T016,21-22,2021-11-16,47,Closed
T017,21-22,2021-11-16,47,Closed
T018,21-22,2021-11-16,47,Closed
T019,21-22,2021-11-16,47,Closed
T020,21-22,2021-11-16,47,Closed
T021,21-22,2021-11-16,47,Groomed
T022,21-22,2021-11-16,47,Closed
T023,21-22,2021-11-16,47,Closed
T024,21-22,2021-11-16,47,Closed
T025,21-22,2021-11-16,47,Closed
T026,21-22,2021-11-16,47,Closed
T027,21-22,2021-11-16,47,Closed
T028,21-22,2021-11-16,47,Closed
T029,21-22,2021-11-16,47,Closed
T030,21-22,2021-11-16,47,Closed
T031,21-22,2021-11-16,47,Closed
T032,21-22,2021-11-16,47,Closed
T033,21-22,2021-11-16,47,Closed
T034,21-22,2021-11-16,47,Groomed
T035,21-22,2021-11-16,47,Closed
T036,21-22,2021-11-16,47,Closed
T037,21-22,2021-11-16,47,Closed
T038,21-22,2021-11-16,47,Closed
T039,21-22,2021-11-16,47,Closed
T040,21-22,2021-11-16,47,Closed
T041,21-22,2021-11-16,47,Closed
T042,21-22,2021-11-16,47,Closed
T043,21-22,2021-11-16,47,Closed
T044,21-22,2021-11-16,47,Closed
T045,21-22,2021-11-16,47,Closed
T046,21-22,2021-11-16,47,Closed
T047,21-22,2021-11-16,47,Closed
T048,21-22,2021-11-16,47,Closed
T049,21-22,2021-11-16,47,Closed
T050,21-22,2021-11-16,47,Closed
T051,21-22,2021-11-16,47,Closed
T052,21-22,2021-11-16,47,Closed
T053,21-22,2021-11-16,47,Closed
T054,21-22,2021-11-16,47,Closed
T055,21-22,2021-11-16,47,Closed
T056,21-22,2021-11-16,47,Closed
T057,21-22,2021-11-16,47,Closed
T058,21-22,2021-11-16,47,Closed
T061,21-22,2021-11-16,47,Closed
T063,21-22,2021-11-16,47,Closed
T064,21-22,2021-11-16,47,Closed
T065,21-22,2021-11-16,47,Closed
T067,21-22,2021-11-16,47,Closed
T068,21-22,2021-11-16,47,Closed
T069,21-22,2021-11-16,47,Closed
T070,21-22,2021-11-16,47,Closed
T071,21-22,2021-11-16,47,Closed
T072,21-22,2021-11-16,47,Closed
T073,21-22,2021-11-16,47,Closed
T074,21-22,2021-11-16,47,Closed
T075,21-22,2021-11-16,47,Closed
T076,21-22,2021-11-16,47,Closed
T077,21-22,2021-11-16,47,Closed
T078,21-22,2021-11-16,47,Closed
T079,21-22,2021-11-16,47,Closed
T080,21-22,2021-11-16,47,Closed
T081,21-22,2021-11-16,47,Closed
T082,21-22,2021-11-16,47,Closed
T083,21-22,2021-11-16,47,Closed
T084,21-22,2021-11-16,47,Closed
T085,21-22,2021-11-16,47,Closed
T086,21-22,2021-11-16,47,Closed
T087,21-22,2021-11-16,47,Closed
T088,21-22,2021-11-16,47,Closed
T089,21-22,2021-11-16,47,Closed
T090,21-22,2021-11-16,47,Closed
T091,21-22,2021-11-16,47,Closed
T092,21-22,2021-11-16,47,Closed
T127,21-22,2021-11-16,47,Closed
T134,21-22,2021-11-16,47,Closed
T135,21-22,2021-11-16,47,Closed
T136,21-22,2021-11-16,47,Closed
T137,21-22,2021-11-16,47,Closed
T148,21-22,2021-11-16,47,Closed
T154,21-22,2021-11-16,47,Closed
T001,21-22,2021-11-17,48,Closed
T002,21-22,2021-11-17,48,Closed
T003,21-22,2021-11-17,48,Closed
T004,21-22,2021-11-17,48,Closed
T005,21-22,2021-11-17,48,Groomed
T006,21-22,2021-11-17,48,Closed
T007,21-22,2021-11-17,48,Closed
T008,21-22,2021-11-17,48,Closed
T009,21-22,2021-11-17,48,Closed
T010,21-22,2021-11-17,48,Closed
T011,21-22,2021-11-17,48,Groomed
T012,21-22,2021-11-17,48,Groomed
T013,21-22,2021-11-17,48,Groomed
T014,21-22,2021-11-17,48,Closed
T015,21-22,2021-11-17,48,Closed
T016,21-22,2021-11-17,48,Closed
T017,21-22,2021-11-17,48,Closed
T018,21-22,2021-11-17,48,Closed
T019,21-22,2021-11-17,48,Closed
T020,21-22,2021-11-17,48,Closed
T021,21-22,2021-11-17,48,Groomed
T022,21-22,2021-11-17,48,Closed
T023,21-22,2021-11-17,48,Closed
T024,21-22,2021-11-17,48,Closed
T025,21-22,2021-11-17,48,Closed
T026,21-22,2021-11-17,48,Closed
T027,21-22,2021-11-17,48,Closed
T028,21-22,2021-11-17,48,Closed
T029,21-22,2021-11-17,48,Closed
T030,21-22,2021-11-17,48,Closed
T031,21-22,2021-11-17,48,Closed
T032,21-22,2021-11-17,48,Closed
T033,21-22,2021-11-17,48,Closed
T034,21-22,2021-11-17,48,Groomed
T035,21-22,2021-11-17,48,Closed
T036,21-22,2021-11-17,48,Closed
T037,21-22,2021-11-17,48,Closed
T038,21-22,2021-11-17,48,Closed
T039,21-22,2021-11-17,48,Closed
T040,21-22,2021-11-17,48,Closed
T041,21-22,2021-11-17,48,Closed
T042,21-22,2021-11-17,48,Closed
T043,21-22,2021-11-17,48,Closed
T044,21-22,2021-11-17,48,Closed
T045,21-22,2021-11-17,48,Closed
T046,21-22,2021-11-17,48,Closed
T047,21-22,2021-11-17,48,Closed
T048,21-22,2021-11-17,48,Closed
T049,21-22,2021-11-17,48,Closed
T050,21-22,2021-11-17,48,Closed
T051,21-22,2021-11-17,48,Closed
T052,21-22,2021-11-17,48,Closed
T053,21-22,2021-11-17,48,Closed
T054,21-22,2021-11-17,48,Closed
T055,21-22,2021-11-17,48,Closed
T056,21-22,2021-11-17,48,Closed
T057,21-22,2021-11-17,48,Closed
T058,21-22,2021-11-17,48,Closed
T061,21-22,2021-11-17,48,Closed
T063,21-22,2021-11-17,48,Closed
T064,21-22,2021-11-17,48,Closed
T065,21-22,2021-11-17,48,Closed
T067,21-22,2021-11-17,48,Closed
T068,21-22,2021-11-17,48,Closed
T069,21-22,2021-11-17,48,Closed
T070,21-22,2021-11-17,48,Closed
T071,21-22,2021-11-17,48,Closed
T072,21-22,2021-11-17,48,Closed
T073,21-22,2021-11-17,48,Closed
T074,21-22,2021-11-17,48,Closed
T075,21-22,2021-11-17,48,Closed
T076,21-22,2021-11-17,48,Closed
T077,21-22,2021-11-17,48,Closed
T078,21-22,2021-11-17,48,Closed
T079,21-22,2021-11-17,48,Closed
T080,21-22,2021-11-17,48,Closed
T081,21-22,2021-11-17,48,Closed
T082,21-22,2021-11-17,48,Closed
T083,21-22,2021-11-17,48,Closed
T084,21-22,2021-11-17,48,Closed
T085,21-22,2021-11-17,48,Closed
T086,21-22,2021-11-17,48,Closed
T087,21-22,2021-11-17,48,Closed
T088,21-22,2021-11-17,48,Closed
T089,21-22,2021-11-17,48,Closed
T090,21-22,2021-11-17,48,Closed
T091,21-22,2021-11-17,48,Closed
T092,21-22,2021-11-17,48,Closed
T127,21-22,2021-11-17,48,Closed
T134,21-22,2021-11-17,48,Closed
T135,21-22,2021-11-17,48,Closed
T136,21-22,2021-11-17,48,Closed
T137,21-22,2021-11-17,48,Closed
T148,21-22,2021-11-17,48,Closed
T154,21-22,2021-11-17,48,Closed
T001,21-22,2021-11-18,49,Closed
T002,21-22,2021-11-18,49,Closed
T003,21-22,2021-11-18,49,Closed
T004,21-22,2021-11-18,49,Closed
T005,21-22,2021-11-18,49,Groomed
T006,21-22,2021-11-18,49,Closed
T007,21-22,2021-11-18,49,Closed
T008,21-22,2021-11-18,49,Closed
T009,21-22,2021-11-18,49,Closed
T010,21-22,2021-11-18,49,Closed
T011,21-22,2021-11-18,49,Groomed
T012,21-22,2021-11-18,49,Groomed
T013,21-22,2021-11-18,49,Groomed
T014,21-22,2021-11-18,49,Closed
T015,21-22,2021-11-18,49,Closed
T016,21-22,2021-11-18,49,Closed
T017,21-22,2021-11-18,49,Closed
T018,21-22,2021-11-18,49,Closed
T019,21-22,2021-11-18,49,Closed
T020,21-22,2021-11-18,49,Closed
T021,21-22,2021-11-18,49,Groomed
T022,21-22,2021-11-18,49,Closed
T023,21-22,2021-11-18,49,Closed
T024,21-22,2021-11-18,49,Closed
T025,21-22,2021-11-18,49,Closed
T026,21-22,2021-11-18,49,Closed
T027,21-22,2021-11-18,49,Closed
T028,21-22,2021-11-18,49,Closed
T029,21-22,2021-11-18,49,Closed
T030,21-22,2021-11-18,49,Closed
T031,21-22,2021-11-18,49,Closed
T032,21-22,2021-11-18,49,Closed
T033,21-22,2021-11-18,49,Closed
T034,21-22,2021-11-18,49,Groomed
T035,21-22,2021-11-18,49,Closed
T036,21-22,2021-11-18,49,Closed
T037,21-22,2021-11-18,49,Closed
T038,21-22,2021-11-18,49,Closed
T039,21-22,2021-11-18,49,Closed
T040,21-22,2021-11-18,49,Closed
T041,21-22,2021-11-18,49,Closed
T042,21-22,2021-11-18,49,Closed
T043,21-22,2021-11-18,49,Closed
T044,21-22,2021-11-18,49,Closed
T045,21-22,2021-11-18,49,Closed
T046,21-22,2021-11-18,49,Closed
T047,21-22,2021-11-18,49,Closed
T048,21-22,2021-11-18,49,Closed
T049,21-22,2021-11-18,49,Closed
T050,21-22,2021-11-18,49,Closed
T051,21-22,2021-11-18,49,Closed
T052,21-22,2021-11-18,49,Closed
T053,21-22,2021-11-18,49,Closed
T054,21-22,2021-11-18,49,Closed
T055,21-22,2021-11-18,49,Closed
T056,21-22,2021-11-18,49,Closed
T057,21-22,2021-11-18,49,Closed
T058,21-22,2021-11-18,49,Closed
T061,21-22,2021-11-18,49,Closed
T063,21-22,2021-11-18,49,Closed
T064,21-22,2021-11-18,49,Closed
T065,21-22,2021-11-18,49,Closed
T067,21-22,2021-11-18,49,Closed
T068,21-22,2021-11-18,49,Closed
T069,21-22,2021-11-18,49,Closed
T070,21-22,2021-11-18,49,Closed
T071,21-22,2021-11-18,49,Closed
T072,21-22,2021-11-18,49,Closed
T073,21-22,2021-11-18,49,Closed
T074,21-22,2021-11-18,49,Closed
T075,21-22,2021-11-18,49,Closed
T076,21-22,2021-11-18,49,Closed
T077,21-22,2021-11-18,49,Closed
T078,21-22,2021-11-18,49,Closed
T079,21-22,2021-11-18,49,Closed
T080,21-22,2021-11-18,49,Closed
T081,21-22,2021-11-18,49,Closed
T082,21-22,2021-11-18,49,Closed
T083,21-22,2021-11-18,49,Closed
T084,21-22,2021-11-18,49,Closed
T085,21-22,2021-11-18,49,Closed
T086,21-22,2021-11-18,49,Closed
T087,21-22,2021-11-18,49,Closed
T088,21-22,2021-11-18,49,Closed
T089,21-22,2021-11-18,49,Closed
T090,21-22,2021-11-18,49,Closed
T091,21-22,2021-11-18,49,Closed
T092,21-22,2021-11-18,49,Closed
T127,21-22,2021-11-18,49,Closed
T134,21-22,2021-11-18,49,Closed
T135,21-22,2021-11-18,49,Closed
T136,21-22,2021-11-18,49,Closed
T137,21-22,2021-11-18,49,Closed
T148,21-22,2021-11-18,49,Closed
T154,21-22,2021-11-18,49,Closed
T001,21-22,2021-11-19,50,Closed
T002,21-22,2021-11-19,50,Closed
T003,21-22,2021-11-19,50,Closed
T004,21-22,2021-11-19,50,Closed
T005,21-22,2021-11-19,50,Groomed
T006,21-22,2021-11-19,50,Closed
T007,21-22,2021-11-19,50,Closed
T008,21-22,2021-11-19,50,Closed
T009,21-22,2021-11-19,50,Closed
T010,21-22,2021-11-19,50,Closed
T011,21-22,2021-11-19,50,Groomed
T012,21-22,2021-11-19,50,Groomed
T013,21-22,2021-11-19,50,Groomed
T014,21-22,2021-11-19,50,Closed
T015,21-22,2021-11-19,50,Closed
T016,21-22,2021-11-19,50,Closed
T017,21-22,2021-11-19,50,Closed
T018,21-22,2021-11-19,50,Closed
T019,21-22,2021-11-19,50,Closed
T020,21-22,2021-11-19,50,Closed
T021,21-22,2021-11-19,50,Groomed
T022,21-22,2021-11-19,50,Closed
T023,21-22,2021-11-19,50,Closed
T024,21-22,2021-11-19,50,Closed
T025,21-22,2021-11-19,50,Closed
T026,21-22,2021-11-19,50,Closed
T027,21-22,2021-11-19,50,Closed
T028,21-22,2021-11-19,50,Closed
T029,21-22,2021-11-19,50,Closed
T030,21-22,2021-11-19,50,Closed
T031,21-22,2021-11-19,50,Closed
T032,21-22,2021-11-19,50,Closed
T033,21-22,2021-11-19,50,Closed
T034,21-22,2021-11-19,50,Groomed
T035,21-22,2021-11-19,50,Closed
T036,21-22,2021-11-19,50,Closed
T037,21-22,2021-11-19,50,Closed
T038,21-22,2021-11-19,50,Closed
T039,21-22,2021-11-19,50,Closed
T040,21-22,2021-11-19,50,Closed
T041,21-22,2021-11-19,50,Closed
T042,21-22,2021-11-19,50,Closed
T043,21-22,2021-11-19,50,Closed
T044,21-22,2021-11-19,50,Closed
T045,21-22,2021-11-19,50,Closed
T046,21-22,2021-11-19,50,Closed
T047,21-22,2021-11-19,50,Closed
T048,21-22,2021-11-19,50,Closed
T049,21-22,2021-11-19,50,Closed
T050,21-22,2021-11-19,50,Closed
T051,21-22,2021-11-19,50,Closed
T052,21-22,2021-11-19,50,Closed
T053,21-22,2021-11-19,50,Closed
T054,21-22,2021-11-19,50,Closed
T055,21-22,2021-11-19,50,Closed
T056,21-22,2021-11-19,50,Closed
T057,21-22,2021-11-19,50,Closed
T058,21-22,2021-11-19,50,Closed
T061,21-22,2021-11-19,50,Closed
T063,21-22,2021-11-19,50,Closed
T064,21-22,2021-11-19,50,Closed
T065,21-22,2021-11-19,50,Closed
T067,21-22,2021-11-19,50,Closed
T068,21-22,2021-11-19,50,Closed
T069,21-22,2021-11-19,50,Closed
T070,21-22,2021-11-19,50,Closed
T071,21-22,2021-11-19,50,Closed
T072,21-22,2021-11-19,50,Closed
T073,21-22,2021-11-19,50,Closed
T074,21-22,2021-11-19,50,Closed
T075,21-22,2021-11-19,50,Closed
T076,21-22,2021-11-19,50,Closed
T077,21-22,2021-11-19,50,Closed
T078,21-22,2021-11-19,50,Closed
T079,21-22,2021-11-19,50,Closed
T080,21-22,2021-11-19,50,Closed
T081,21-22,2021-11-19,50,Closed
T082,21-22,2021-11-19,50,Closed
T083,21-22,2021-11-19,50,Closed
T084,21-22,2021-11-19,50,Closed
T085,21-22,2021-11-19,50,Closed
T086,21-22,2021-11-19,50,Closed
T087,21-22,2021-11-19,50,Closed
T088,21-22,2021-11-19,50,Closed
T089,21-22,2021-11-19,50,Closed
T090,21-22,2021-11-19,50,Closed
T091,21-22,2021-11-19,50,Closed
T092,21-22,2021-11-19,50,Closed
T127,21-22,2021-11-19,50,Closed
T134,21-22,2021-11-19,50,Closed
T135,21-22,2021-11-19,50,Closed
T136,21-22,2021-11-19,50,Closed
T137,21-22,2021-11-19,50,Closed
T148,21-22,2021-11-19,50,Closed
T154,21-22,2021-11-19,50,Closed
T001,21-22,2021-11-20,51,Closed
T002,21-22,2021-11-20,51,Closed
T003,21-22,2021-11-20,51,Groomed
T004,21-22,2021-11-20,51,Closed
T005,21-22,2021-11-20,51,Groomed
T006,21-22,2021-11-20,51,Closed
T007,21-22,2021-11-20,51,Closed
T008,21-22,2021-11-20,51,Closed
T009,21-22,2021-11-20,51,Closed
T010,21-22,2021-11-20,51,Closed
T011,21-22,2021-11-20,51,Groomed
T012,21-22,2021-11-20,51,Groomed
T013,21-22,2021-11-20,51,Groomed
T014,21-22,2021-11-20,51,Closed
T015,21-22,2021-11-20,51,Closed
T016,21-22,2021-11-20,51,Closed
T017,21-22,2021-11-20,51,Closed
T018,21-22,2021-11-20,51,Closed
T019,21-22,2021-11-20,51,Closed
T020,21-22,2021-11-20,51,Closed
T021,21-22,2021-11-20,51,Groomed
T022,21-22,2021-11-20,51,Closed
T023,21-22,2021-11-20,51,Closed
T024,21-22,2021-11-20,51,Closed
T025,21-22,2021-11-20,51,Closed
T026,21-22,2021-11-20,51,Closed
T027,21-22,2021-11-20,51,Closed
T028,21-22,2021-11-20,51,Closed
T029,21-22,2021-11-20,51,Closed
T030,21-22,2021-11-20,51,Closed
T031,21-22,2021-11-20,51,Closed
T032,21-22,2021-11-20,51,Closed
T033,21-22,2021-11-20,51,Closed
T034,21-22,2021-11-20,51,Groomed
T035,21-22,2021-11-20,51,Closed
T036,21-22,2021-11-20,51,Closed
T037,21-22,2021-11-20,51,Closed
T038,21-22,2021-11-20,51,Closed
T039,21-22,2021-11-20,51,Closed
T040,21-22,2021-11-20,51,Closed
T041,21-22,2021-11-20,51,Closed
T042,21-22,2021-11-20,51,Closed
T043,21-22,2021-11-20,51,Closed
T044,21-22,2021-11-20,51,Closed
T045,21-22,2021-11-20,51,Closed
T046,21-22,2021-11-20,51,Closed
T047,21-22,2021-11-20,51,Closed
T048,21-22,2021-11-20,51,Closed
T049,21-22,2021-11-20,51,Closed
T050,21-22,2021-11-20,51,Closed
T051,21-22,2021-11-20,51,Closed
T052,21-22,2021-11-20,51,Closed
T053,21-22,2021-11-20,51,Closed
T054,21-22,2021-11-20,51,Closed
T055,21-22,2021-11-20,51,Closed
T056,21-22,2021-11-20,51,Closed
T057,21-22,2021-11-20,51,Closed
T058,21-22,2021-11-20,51,Closed
T061,21-22,2021-11-20,51,Closed
T063,21-22,2021-11-20,51,Closed
T064,21-22,2021-11-20,51,Closed
T065,21-22,2021-11-20,51,Closed
T067,21-22,2021-11-20,51,Closed
T068,21-22,2021-11-20,51,Closed
T069,21-22,2021-11-20,51,Closed
T070,21-22,2021-11-20,51,Closed
T071,21-22,2021-11-20,51,Closed
T072,21-22,2021-11-20,51,Closed
T073,21-22,2021-11-20,51,Closed
T074,21-22,2021-11-20,51,Closed
T075,21-22,2021-11-20,51,Closed
T076,21-22,2021-11-20,51,Closed
T077,21-22,2021-11-20,51,Closed
T078,21-22,2021-11-20,51,Closed
T079,21-22,2021-11-20,51,Closed
T080,21-22,2021-11-20,51,Closed
T081,21-22,2021-11-20,51,Closed
T082,21-22,2021-11-20,51,Closed
T083,21-22,2021-11-20,51,Closed
T084,21-22,2021-11-20,51,Closed
T085,21-22,2021-11-20,51,Closed
T086,21-22,2021-11-20,51,Closed
T087,21-22,2021-11-20,51,Closed
T088,21-22,2021-11-20,51,Closed
T089,21-22,2021-11-20,51,Closed
T090,21-22,2021-11-20,51,Closed
T091,21-22,2021-11-20,51,Closed
T092,21-22,2021-11-20,51,Closed
T127,21-22,2021-11-20,51,Closed
T134,21-22,2021-11-20,51,Closed
T135,21-22,2021-11-20,51,Closed
T136,21-22,2021-11-20,51,Closed
T137,21-22,2021-11-20,51,Closed
T148,21-22,2021-11-20,51,Closed
T154,21-22,2021-11-20,51,Closed
T001,21-22,2021-11-21,52,Closed
T002,21-22,2021-11-21,52,Closed
T003,21-22,2021-11-21,52,Groomed
T004,21-22,2021-11-21,52,Closed
T005,21-22,2021-11-21,52,Groomed
T006,21-22,2021-11-21,52,Closed
T007,21-22,2021-11-21,52,Closed
T008,21-22,2021-11-21,52,Closed
T009,21-22,2021-11-21,52,Closed
T010,21-22,2021-11-21,52,Closed
T011,21-22,2021-11-21,52,Groomed
T012,21-22,2021-11-21,52,Groomed
T013,21-22,2021-11-21,52,Groomed
T014,21-22,2021-11-21,52,Closed
T015,21-22,2021-11-21,52,Closed
T016,21-22,2021-11-21,52,Closed
T017,21-22,2021-11-21,52,Closed
T018,21-22,2021-11-21,52,Closed
T019,21-22,2021-11-21,52,Closed
T020,21-22,2021-11-21,52,Closed
T021,21-22,2021-11-21,52,Groomed
T022,21-22,2021-11-21,52,Closed
T023,21-22,2021-11-21,52,Closed
T024,21-22,2021-11-21,52,Closed
T025,21-22,2021-11-21,52,Closed
T026,21-22,2021-11-21,52,Closed
T027,21-22,2021-11-21,52,Closed
T028,21-22,2021-11-21,52,Closed
T029,21-22,2021-11-21,52,Closed
T030,21-22,2021-11-21,52,Closed
T031,21-22,2021-11-21,52,Closed
T032,21-22,2021-11-21,52,Closed
T033,21-22,2021-11-21,52,Closed
T034,21-22,2021-11-21,52,Groomed
T035,21-22,2021-11-21,52,Closed
T036,21-22,2021-11-21,52,Closed
T037,21-22,2021-11-21,52,Closed
T038,21-22,2021-11-21,52,Closed
T039,21-22,2021-11-21,52,Closed
T040,21-22,2021-11-21,52,Closed
T041,21-22,2021-11-21,52,Closed
T042,21-22,2021-11-21,52,Closed
T043,21-22,2021-11-21,52,Closed
T044,21-22,2021-11-21,52,Closed
T045,21-22,2021-11-21,52,Closed
T046,21-22,2021-11-21,52,Closed
T047,21-22,2021-11-21,52,Closed
T048,21-22,2021-11-21,52,Closed
T049,21-22,2021-11-21,52,Closed
T050,21-22,2021-11-21,52,Closed
T051,21-22,2021-11-21,52,Closed
T052,21-22,2021-11-21,52,Closed
T053,21-22,2021-11-21,52,Closed
T054,21-22,2021-11-21,52,Closed
T055,21-22,2021-11-21,52,Closed
T056,21-22,2021-11-21,52,Closed
T057,21-22,2021-11-21,52,Closed
T058,21-22,2021-11-21,52,Closed
T061,21-22,2021-11-21,52,Closed
T063,21-22,2021-11-21,52,Closed
T064,21-22,2021-11-21,52,Closed
T065,21-22,2021-11-21,52,Closed
T067,21-22,2021-11-21,52,Closed
T068,21-22,2021-11-21,52,Closed
T069,21-22,2021-11-21,52,Closed
T070,21-22,2021-11-21,52,Closed
T071,21-22,2021-11-21,52,Closed
T072,21-22,2021-11-21,52,Closed
T073,21-22,2021-11-21,52,Closed
T074,21-22,2021-11-21,52,Closed
T075,21-22,2021-11-21,52,Closed
T076,21-22,2021-11-21,52,Closed
T077,21-22,2021-11-21,52,Closed
T078,21-22,2021-11-21,52,Closed
T079,21-22,2021-11-21,52,Closed
T080,21-22,2021-11-21,52,Closed
T081,21-22,2021-11-21,52,Closed
T082,21-22,2021-11-21,52,Closed
T083,21-22,2021-11-21,52,Closed
T084,21-22,2021-11-21,52,Closed
T085,21-22,2021-11-21,52,Closed
T086,21-22,2021-11-21,52,Closed
T087,21-22,2021-11-21,52,Closed
T088,21-22,2021-11-21,52,Closed
T089,21-22,2021-11-21,52,Closed
T090,21-22,2021-11-21,52,Closed
T091,21-22,2021-11-21,52,Closed
T092,21-22,2021-11-21,52,Closed
T127,21-22,2021-11-21,52,Closed
T134,21-22,2021-11-21,52,Closed
T135,21-22,2021-11-21,52,Closed
T136,21-22,2021-11-21,52,Closed
T137,21-22,2021-11-21,52,Closed
T148,21-22,2021-11-21,52,Closed
T154,21-22,2021-11-21,52,Closed
T001,21-22,2021-11-22,53,Closed
T002,21-22,2021-11-22,53,Closed
T003,21-22,2021-11-22,53,Groomed
T004,21-22,2021-11-22,53,Closed
T005,21-22,2021-11-22,53,Groomed
T006,21-22,2021-11-22,53,Closed
T007,21-22,2021-11-22,53,Closed
T008,21-22,2021-11-22,53,Closed
T009,21-22,2021-11-22,53,Closed
T010,21-22,2021-11-22,53,Closed
T011,21-22,2021-11-22,53,Groomed
T012,21-22,2021-11-22,53,Groomed
T013,21-22,2021-11-22,53,Groomed
T014,21-22,2021-11-22,53,Closed
T015,21-22,2021-11-22,53,Closed
T016,21-22,2021-11-22,53,Closed
T017,21-22,2021-11-22,53,Closed
T018,21-22,2021-11-22,53,Closed
T019,21-22,2021-11-22,53,Closed
T020,21-22,2021-11-22,53,Closed
T021,21-22,2021-11-22,53,Groomed
T022,21-22,2021-11-22,53,Closed
T023,21-22,2021-11-22,53,Closed
T024,21-22,2021-11-22,53,Closed
T025,21-22,2021-11-22,53,Closed
T026,21-22,2021-11-22,53,Closed
T027,21-22,2021-11-22,53,Closed
T028,21-22,2021-11-22,53,Closed
T029,21-22,2021-11-22,53,Closed
T030,21-22,2021-11-22,53,Closed
T031,21-22,2021-11-22,53,Closed
T032,21-22,2021-11-22,53,Closed
T033,21-22,2021-11-22,53,Closed
T034,21-22,2021-11-22,53,Groomed
T035,21-22,2021-11-22,53,Closed
T036,21-22,2021-11-22,53,Closed
T037,21-22,2021-11-22,53,Closed
T038,21-22,2021-11-22,53,Closed
T039,21-22,2021-11-22,53,Closed
T040,21-22,2021-11-22,53,Closed
T041,21-22,2021-11-22,53,Closed
T042,21-22,2021-11-22,53,Closed
T043,21-22,2021-11-22,53,Closed
T044,21-22,2021-11-22,53,Closed
T045,21-22,2021-11-22,53,Closed
T046,21-22,2021-11-22,53,Closed
T047,21-22,2021-11-22,53,Closed
T048,21-22,2021-11-22,53,Closed
T049,21-22,2021-11-22,53,Closed
T050,21-22,2021-11-22,53,Closed
T051,21-22,2021-11-22,53,Closed
T052,21-22,2021-11-22,53,Closed
T053,21-22,2021-11-22,53,Closed
T054,21-22,2021-11-22,53,Closed
T055,21-22,2021-11-22,53,Closed
T056,21-22,2021-11-22,53,Closed
T057,21-22,2021-11-22,53,Closed
T058,21-22,2021-11-22,53,Closed
T061,21-22,2021-11-22,53,Closed
T063,21-22,2021-11-22,53,Closed
T064,21-22,2021-11-22,53,Closed
T065,21-22,2021-11-22,53,Closed
T067,21-22,2021-11-22,53,Closed
T068,21-22,2021-11-22,53,Closed
T069,21-22,2021-11-22,53,Closed
T070,21-22,2021-11-22,53,Closed
T071,21-22,2021-11-22,53,Closed
T072,21-22,2021-11-22,53,Closed
T073,21-22,2021-11-22,53,Closed
T074,21-22,2021-11-22,53,Closed
T075,21-22,2021-11-22,53,Closed
T076,21-22,2021-11-22,53,Closed
T077,21-22,2021-11-22,53,Closed
T078,21-22,2021-11-22,53,Closed
T079,21-22,2021-11-22,53,Closed
T080,21-22,2021-11-22,53,Closed
T081,21-22,2021-11-22,53,Closed
T082,21-22,2021-11-22,53,Closed
T083,21-22,2021-11-22,53,Closed
T084,21-22,2021-11-22,53,Closed
T085,21-22,2021-11-22,53,Closed
T086,21-22,2021-11-22,53,Closed
T087,21-22,2021-11-22,53,Closed
T088,21-22,2021-11-22,53,Closed
T089,21-22,2021-11-22,53,Closed
T090,21-22,2021-11-22,53,Closed
T091,21-22,2021-11-22,53,Closed
T092,21-22,2021-11-22,53,Closed
T127,21-22,2021-11-22,53,Closed
T134,21-22,2021-11-22,53,Closed
T135,21-22,2021-11-22,53,Closed
T136,21-22,2021-11-22,53,Closed
T137,21-22,2021-11-22,53,Closed
T148,21-22,2021-11-22,53,Closed
T154,21-22,2021-11-22,53,Closed
T001,21-22,2021-11-23,54,Closed
T002,21-22,2021-11-23,54,Closed
T003,21-22,2021-11-23,54,Groomed
T004,21-22,2021-11-23,54,Closed
T005,21-22,2021-11-23,54,Groomed
T006,21-22,2021-11-23,54,Closed
T007,21-22,2021-11-23,54,Closed
T008,21-22,2021-11-23,54,Closed
T009,21-22,2021-11-23,54,Closed
T010,21-22,2021-11-23,54,Closed
T011,21-22,2021-11-23,54,Groomed
T012,21-22,2021-11-23,54,Groomed
T013,21-22,2021-11-23,54,Groomed
T014,21-22,2021-11-23,54,Closed
T015,21-22,2021-11-23,54,Closed
T016,21-22,2021-11-23,54,Closed
T017,21-22,2021-11-23,54,Closed
T018,21-22,2021-11-23,54,Closed
T019,21-22,2021-11-23,54,Closed
T020,21-22,2021-11-23,54,Closed
T021,21-22,2021-11-23,54,Groomed
T022,21-22,2021-11-23,54,Closed
T023,21-22,2021-11-23,54,Closed
T024,21-22,2021-11-23,54,Closed
T025,21-22,2021-11-23,54,Closed
T026,21-22,2021-11-23,54,Closed
T027,21-22,2021-11-23,54,Closed
T028,21-22,2021-11-23,54,Closed
T029,21-22,2021-11-23,54,Closed
T030,21-22,2021-11-23,54,Closed
T031,21-22,2021-11-23,54,Closed
T032,21-22,2021-11-23,54,Closed
T033,21-22,2021-11-23,54,Closed
T034,21-22,2021-11-23,54,Groomed
T035,21-22,2021-11-23,54,Closed
T036,21-22,2021-11-23,54,Closed
T037,21-22,2021-11-23,54,Closed
T038,21-22,2021-11-23,54,Closed
T039,21-22,2021-11-23,54,Closed
T040,21-22,2021-11-23,54,Closed
T041,21-22,2021-11-23,54,Closed
T042,21-22,2021-11-23,54,Closed
T043,21-22,2021-11-23,54,Closed
T044,21-22,2021-11-23,54,Closed
T045,21-22,2021-11-23,54,Closed
T046,21-22,2021-11-23,54,Closed
T047,21-22,2021-11-23,54,Closed
T048,21-22,2021-11-23,54,Closed
T049,21-22,2021-11-23,54,Closed
T050,21-22,2021-11-23,54,Closed
T051,21-22,2021-11-23,54,Closed
T052,21-22,2021-11-23,54,Closed
T053,21-22,2021-11-23,54,Closed
T054,21-22,2021-11-23,54,Closed
T055,21-22,2021-11-23,54,Closed
T056,21-22,2021-11-23,54,Closed
T057,21-22,2021-11-23,54,Closed
T058,21-22,2021-11-23,54,Closed
T061,21-22,2021-11-23,54,Closed
T063,21-22,2021-11-23,54,Closed
T064,21-22,2021-11-23,54,Closed
T065,21-22,2021-11-23,54,Closed
T067,21-22,2021-11-23,54,Closed
T068,21-22,2021-11-23,54,Closed
T069,21-22,2021-11-23,54,Closed
T070,21-22,2021-11-23,54,Closed
T071,21-22,2021-11-23,54,Closed
T072,21-22,2021-11-23,54,Closed
T073,21-22,2021-11-23,54,Closed
T074,21-22,2021-11-23,54,Closed
T075,21-22,2021-11-23,54,Closed
T076,21-22,2021-11-23,54,Closed
T077,21-22,2021-11-23,54,Closed
T078,21-22,2021-11-23,54,Closed
T079,21-22,2021-11-23,54,Closed
T080,21-22,2021-11-23,54,Closed
T081,21-22,2021-11-23,54,Closed
T082,21-22,2021-11-23,54,Closed
T083,21-22,2021-11-23,54,Closed
T084,21-22,2021-11-23,54,Closed
T085,21-22,2021-11-23,54,Closed
T086,21-22,2021-11-23,54,Closed
T087,21-22,2021-11-23,54,Closed
T088,21-22,2021-11-23,54,Closed
T089,21-22,2021-11-23,54,Closed
T090,21-22,2021-11-23,54,Closed
T091,21-22,2021-11-23,54,Closed
T092,21-22,2021-11-23,54,Closed
T127,21-22,2021-11-23,54,Closed
T134,21-22,2021-11-23,54,Closed
T135,21-22,2021-11-23,54,Closed
T136,21-22,2021-11-23,54,Closed
T137,21-22,2021-11-23,54,Closed
T148,21-22,2021-11-23,54,Closed
T154,21-22,2021-11-23,54,Closed
T001,21-22,2021-11-24,55,Groomed
T002,21-22,2021-11-24,55,Closed
T003,21-22,2021-11-24,55,Groomed
T004,21-22,2021-11-24,55,Closed
T005,21-22,2021-11-24,55,Groomed
T006,21-22,2021-11-24,55,Closed
T007,21-22,2021-11-24,55,Closed
T008,21-22,2021-11-24,55,Groomed
T009,21-22,2021-11-24,55,Closed
T010,21-22,2021-11-24,55,Closed
T011,21-22,2021-11-24,55,Groomed
T012,21-22,2021-11-24,55,Groomed
T013,21-22,2021-11-24,55,Groomed
T014,21-22,2021-11-24,55,Closed
T015,21-22,2021-11-24,55,Closed
T016,21-22,2021-11-24,55,Closed
T017,21-22,2021-11-24,55,Closed
T018,21-22,2021-11-24,55,Closed
T019,21-22,2021-11-24,55,Closed
T020,21-22,2021-11-24,55,Closed
T021,21-22,2021-11-24,55,Groomed
T022,21-22,2021-11-24,55,Closed
T023,21-22,2021-11-24,55,Closed
T024,21-22,2021-11-24,55,Closed
T025,21-22,2021-11-24,55,Closed
T026,21-22,2021-11-24,55,Closed
T027,21-22,2021-11-24,55,Closed
T028,21-22,2021-11-24,55,Closed
T029,21-22,2021-11-24,55,Closed
T030,21-22,2021-11-24,55,Closed
T031,21-22,2021-11-24,55,Closed
T032,21-22,2021-11-24,55,Closed
T033,21-22,2021-11-24,55,Closed
T034,21-22,2021-11-24,55,Groomed
T035,21-22,2021-11-24,55,Closed
T036,21-22,2021-11-24,55,Groomed
T037,21-22,2021-11-24,55,Closed
T038,21-22,2021-11-24,55,Closed
T039,21-22,2021-11-24,55,Closed
T040,21-22,2021-11-24,55,Closed
T041,21-22,2021-11-24,55,Closed
T042,21-22,2021-11-24,55,Closed
T043,21-22,2021-11-24,55,Closed
T044,21-22,2021-11-24,55,Closed
T045,21-22,2021-11-24,55,Closed
T046,21-22,2021-11-24,55,Closed
T047,21-22,2021-11-24,55,Closed
T048,21-22,2021-11-24,55,Closed
T049,21-22,2021-11-24,55,Closed
T050,21-22,2021-11-24,55,Closed
T051,21-22,2021-11-24,55,Closed
T052,21-22,2021-11-24,55,Closed
T053,21-22,2021-11-24,55,Closed
T054,21-22,2021-11-24,55,Closed
T055,21-22,2021-11-24,55,Closed
T056,21-22,2021-11-24,55,Closed
T057,21-22,2021-11-24,55,Closed
T058,21-22,2021-11-24,55,Closed
T061,21-22,2021-11-24,55,Closed
T063,21-22,2021-11-24,55,Closed
T064,21-22,2021-11-24,55,Closed
T065,21-22,2021-11-24,55,Closed
T067,21-22,2021-11-24,55,Closed
T068,21-22,2021-11-24,55,Closed
T069,21-22,2021-11-24,55,Closed
T070,21-22,2021-11-24,55,Closed
T071,21-22,2021-11-24,55,Closed
T072,21-22,2021-11-24,55,Closed
T073,21-22,2021-11-24,55,Closed
T074,21-22,2021-11-24,55,Closed
T075,21-22,2021-11-24,55,Closed
T076,21-22,2021-11-24,55,Closed
T077,21-22,2021-11-24,55,Closed
T078,21-22,2021-11-24,55,Closed
T079,21-22,2021-11-24,55,Closed
T080,21-22,2021-11-24,55,Closed
T081,21-22,2021-11-24,55,Closed
T082,21-22,2021-11-24,55,Closed
T083,21-22,2021-11-24,55,Closed
T084,21-22,2021-11-24,55,Closed
T085,21-22,2021-11-24,55,Closed
T086,21-22,2021-11-24,55,Closed
T087,21-22,2021-11-24,55,Closed
T088,21-22,2021-11-24,55,Closed
T089,21-22,2021-11-24,55,Closed
T090,21-22,2021-11-24,55,Closed
T091,21-22,2021-11-24,55,Closed
T092,21-22,2021-11-24,55,Closed
T127,21-22,2021-11-24,55,Closed
T134,21-22,2021-11-24,55,Closed
T135,21-22,2021-11-24,55,Closed
T136,21-22,2021-11-24,55,Closed
T137,21-22,2021-11-24,55,Closed
T148,21-22,2021-11-24,55,Closed
T154,21-22,2021-11-24,55,Closed
T001,21-22,2021-11-25,56,Groomed
T002,21-22,2021-11-25,56,Closed
T003,21-22,2021-11-25,56,Groomed
T004,21-22,2021-11-25,56,Closed
T005,21-22,2021-11-25,56,Groomed
T006,21-22,2021-11-25,56,Closed
T007,21-22,2021-11-25,56,Closed
T008,21-22,2021-11-25,56,Groomed
T009,21-22,2021-11-25,56,Closed
T010,21-22,2021-11-25,56,Closed
T011,21-22,2021-11-25,56,Groomed
T012,21-22,2021-11-25,56,Groomed
T013,21-22,2021-11-25,56,Groomed
T014,21-22,2021-11-25,56,Closed
T015,21-22,2021-11-25,56,Closed
T016,21-22,2021-11-25,56,Closed
T017,21-22,2021-11-25,56,Closed
T018,21-22,2021-11-25,56,Closed
T019,21-22,2021-11-25,56,Closed
T020,21-22,2021-11-25,56,Closed
T021,21-22,2021-11-25,56,Groomed
T022,21-22,2021-11-25,56,Closed
T023,21-22,2021-11-25,56,Closed
T024,21-22,2021-11-25,56,Closed
T025,21-22,2021-11-25,56,Closed
T026,21-22,2021-11-25,56,Closed
T027,21-22,2021-11-25,56,Closed
T028,21-22,2021-11-25,56,Closed
T029,21-22,2021-11-25,56,Closed
T030,21-22,2021-11-25,56,Closed
T031,21-22,2021-11-25,56,Closed
T032,21-22,2021-11-25,56,Closed
T033,21-22,2021-11-25,56,Closed
T034,21-22,2021-11-25,56,Groomed
T035,21-22,2021-11-25,56,Closed
T036,21-22,2021-11-25,56,Groomed
T037,21-22,2021-11-25,56,Closed
T038,21-22,2021-11-25,56,Closed
T039,21-22,2021-11-25,56,Closed
T040,21-22,2021-11-25,56,Closed
T041,21-22,2021-11-25,56,Closed
T042,21-22,2021-11-25,56,Closed
T043,21-22,2021-11-25,56,Closed
T044,21-22,2021-11-25,56,Closed
T045,21-22,2021-11-25,56,Closed
T046,21-22,2021-11-25,56,Closed
T047,21-22,2021-11-25,56,Closed
T048,21-22,2021-11-25,56,Closed
T049,21-22,2021-11-25,56,Closed
T050,21-22,2021-11-25,56,Closed
T051,21-22,2021-11-25,56,Closed
T052,21-22,2021-11-25,56,Closed
T053,21-22,2021-11-25,56,Closed
T054,21-22,2021-11-25,56,Closed
T055,21-22,2021-11-25,56,Closed
T056,21-22,2021-11-25,56,Closed
T057,21-22,2021-11-25,56,Closed
T058,21-22,2021-11-25,56,Closed
T061,21-22,2021-11-25,56,Closed
T063,21-22,2021-11-25,56,Closed
T064,21-22,2021-11-25,56,Closed
T065,21-22,2021-11-25,56,Closed
T067,21-22,2021-11-25,56,Closed
T068,21-22,2021-11-25,56,Closed
T069,21-22,2021-11-25,56,Closed
T070,21-22,2021-11-25,56,Closed
T071,21-22,2021-11-25,56,Closed
T072,21-22,2021-11-25,56,Closed
T073,21-22,2021-11-25,56,Closed
T074,21-22,2021-11-25,56,Closed
T075,21-22,2021-11-25,56,Closed
T076,21-22,2021-11-25,56,Closed
T077,21-22,2021-11-25,56,Closed
T078,21-22,2021-11-25,56,Closed
T079,21-22,2021-11-25,56,Closed
T080,21-22,2021-11-25,56,Closed
T081,21-22,2021-11-25,56,Closed
T082,21-22,2021-11-25,56,Closed
T083,21-22,2021-11-25,56,Closed
T084,21-22,2021-11-25,56,Closed
T085,21-22,2021-11-25,56,Closed
T086,21-22,2021-11-25,56,Closed
T087,21-22,2021-11-25,56,Closed
T088,21-22,2021-11-25,56,Closed
T089,21-22,2021-11-25,56,Closed
T090,21-22,2021-11-25,56,Closed
T091,21-22,2021-11-25,56,Closed
T092,21-22,2021-11-25,56,Closed
T127,21-22,2021-11-25,56,Closed
T134,21-22,2021-11-25,56,Closed
T135,21-22,2021-11-25,56,Closed
T136,21-22,2021-11-25,56,Closed
T137,21-22,2021-11-25,56,Closed
T148,21-22,2021-11-25,56,Closed
T154,21-22,2021-11-25,56,Closed
T001,21-22,2021-11-26,57,Groomed
T002,21-22,2021-11-26,57,Closed
T003,21-22,2021-11-26,57,Groomed
T004,21-22,2021-11-26,57,Closed
T005,21-22,2021-11-26,57,Groomed
T006,21-22,2021-11-26,57,Closed
T007,21-22,2021-11-26,57,Closed
T008,21-22,2021-11-26,57,Groomed
T009,21-22,2021-11-26,57,Closed
T010,21-22,2021-11-26,57,Closed
T011,21-22,2021-11-26,57,Groomed
T012,21-22,2021-11-26,57,Groomed
T013,21-22,2021-11-26,57,Groomed
T014,21-22,2021-11-26,57,Closed
T015,21-22,2021-11-26,57,Closed
T016,21-22,2021-11-26,57,Closed
T017,21-22,2021-11-26,57,Closed
T018,21-22,2021-11-26,57,Closed
T019,21-22,2021-11-26,57,Closed
T020,21-22,2021-11-26,57,Closed
T021,21-22,2021-11-26,57,Groomed
T022,21-22,2021-11-26,57,Closed
T023,21-22,2021-11-26,57,Closed
T024,21-22,2021-11-26,57,Closed
T025,21-22,2021-11-26,57,Closed
T026,21-22,2021-11-26,57,Closed
T027,21-22,2021-11-26,57,Closed
T028,21-22,2021-11-26,57,Closed
T029,21-22,2021-11-26,57,Closed
T030,21-22,2021-11-26,57,Closed
T031,21-22,2021-11-26,57,Closed
T032,21-22,2021-11-26,57,Closed
T033,21-22,2021-11-26,57,Closed
T034,21-22,2021-11-26,57,Groomed
T035,21-22,2021-11-26,57,Closed
T036,21-22,2021-11-26,57,Groomed
T037,21-22,2021-11-26,57,Closed
T038,21-22,2021-11-26,57,Closed
T039,21-22,2021-11-26,57,Closed
T040,21-22,2021-11-26,57,Closed
T041,21-22,2021-11-26,57,Closed
T042,21-22,2021-11-26,57,Closed
T043,21-22,2021-11-26,57,Closed
T044,21-22,2021-11-26,57,Closed
T045,21-22,2021-11-26,57,Closed
T046,21-22,2021-11-26,57,Closed
T047,21-22,2021-11-26,57,Closed
T048,21-22,2021-11-26,57,Closed
T049,21-22,2021-11-26,57,Closed
T050,21-22,2021-11-26,57,Closed
T051,21-22,2021-11-26,57,Closed
T052,21-22,2021-11-26,57,Closed
T053,21-22,2021-11-26,57,Closed
T054,21-22,2021-11-26,57,Closed
T055,21-22,2021-11-26,57,Closed
T056,21-22,2021-11-26,57,Closed
T057,21-22,2021-11-26,57,Closed
T058,21-22,2021-11-26,57,Closed
T061,21-22,2021-11-26,57,Closed
T063,21-22,2021-11-26,57,Closed
T064,21-22,2021-11-26,57,Closed
T065,21-22,2021-11-26,57,Closed
T067,21-22,2021-11-26,57,Closed
T068,21-22,2021-11-26,57,Closed
T069,21-22,2021-11-26,57,Closed
T070,21-22,2021-11-26,57,Closed
T071,21-22,2021-11-26,57,Closed
T072,21-22,2021-11-26,57,Closed
T073,21-22,2021-11-26,57,Closed
T074,21-22,2021-11-26,57,Closed
T075,21-22,2021-11-26,57,Closed
T076,21-22,2021-11-26,57,Closed
T077,21-22,2021-11-26,57,Closed
T078,21-22,2021-11-26,57,Closed
T079,21-22,2021-11-26,57,Closed
T080,21-22,2021-11-26,57,Closed
T081,21-22,2021-11-26,57,Closed
T082,21-22,2021-11-26,57,Closed
T083,21-22,2021-11-26,57,Closed
T084,21-22,2021-11-26,57,Closed
T085,21-22,2021-11-26,57,Closed
T086,21-22,2021-11-26,57,Closed
T087,21-22,2021-11-26,57,Closed
T088,21-22,2021-11-26,57,Closed
T089,21-22,2021-11-26,57,Closed
T090,21-22,2021-11-26,57,Closed
T091,21-22,2021-11-26,57,Closed
T092,21-22,2021-11-26,57,Closed
T127,21-22,2021-11-26,57,Closed
T134,21-22,2021-11-26,57,Closed
T135,21-22,2021-11-26,57,Closed
T136,21-22,2021-11-26,57,Closed
T137,21-22,2021-11-26,57,Closed
T148,21-22,2021-11-26,57,Closed
T154,21-22,2021-11-26,57,Closed
T001,21-22,2021-11-27,58,Groomed
T002,21-22,2021-11-27,58,Closed
T003,21-22,2021-11-27,58,Groomed
T004,21-22,2021-11-27,58,Closed
T005,21-22,2021-11-27,58,Groomed
T006,21-22,2021-11-27,58,Closed
T007,21-22,2021-11-27,58,Groomed
T008,21-22,2021-11-27,58,Groomed
T009,21-22,2021-11-27,58,Closed
T010,21-22,2021-11-27,58,Closed
T011,21-22,2021-11-27,58,Groomed
T012,21-22,2021-11-27,58,Groomed
T013,21-22,2021-11-27,58,Groomed
T014,21-22,2021-11-27,58,Closed
T015,21-22,2021-11-27,58,Closed
T016,21-22,2021-11-27,58,Closed
T017,21-22,2021-11-27,58,Closed
T018,21-22,2021-11-27,58,Closed
T019,21-22,2021-11-27,58,Closed
T020,21-22,2021-11-27,58,Closed
T021,21-22,2021-11-27,58,Groomed
T022,21-22,2021-11-27,58,Closed
T023,21-22,2021-11-27,58,Closed
T024,21-22,2021-11-27,58,Closed
T025,21-22,2021-11-27,58,Closed
T026,21-22,2021-11-27,58,Closed
T027,21-22,2021-11-27,58,Closed
T028,21-22,2021-11-27,58,Closed
T029,21-22,2021-11-27,58,Closed
T030,21-22,2021-11-27,58,Closed
T031,21-22,2021-11-27,58,Closed
T032,21-22,2021-11-27,58,Closed
T033,21-22,2021-11-27,58,Groomed
T034,21-22,2021-11-27,58,Groomed
T035,21-22,2021-11-27,58,Closed
T036,21-22,2021-11-27,58,Groomed
T037,21-22,2021-11-27,58,Closed
T038,21-22,2021-11-27,58,Closed
T039,21-22,2021-11-27,58,Closed
T040,21-22,2021-11-27,58,Closed
T041,21-22,2021-11-27,58,Closed
T042,21-22,2021-11-27,58,Closed
T043,21-22,2021-11-27,58,Closed
T044,21-22,2021-11-27,58,Closed
T045,21-22,2021-11-27,58,Closed
T046,21-22,2021-11-27,58,Closed
T047,21-22,2021-11-27,58,Closed
T048,21-22,2021-11-27,58,Closed
T049,21-22,2021-11-27,58,Closed
T050,21-22,2021-11-27,58,Closed
T051,21-22,2021-11-27,58,Closed
T052,21-22,2021-11-27,58,Closed
T053,21-22,2021-11-27,58,Closed
T054,21-22,2021-11-27,58,Closed
T055,21-22,2021-11-27,58,Closed
T056,21-22,2021-11-27,58,Closed
T057,21-22,2021-11-27,58,Closed
T058,21-22,2021-11-27,58,Closed
T061,21-22,2021-11-27,58,Closed
T063,21-22,2021-11-27,58,Closed
T064,21-22,2021-11-27,58,Closed
T065,21-22,2021-11-27,58,Closed
T067,21-22,2021-11-27,58,Closed
T068,21-22,2021-11-27,58,Closed
T069,21-22,2021-11-27,58,Closed
T070,21-22,2021-11-27,58,Closed
T071,21-22,2021-11-27,58,Closed
T072,21-22,2021-11-27,58,Closed
T073,21-22,2021-11-27,58,Closed
T074,21-22,2021-11-27,58,Closed
T075,21-22,2021-11-27,58,Closed
T076,21-22,2021-11-27,58,Closed
T077,21-22,2021-11-27,58,Closed
T078,21-22,2021-11-27,58,Closed
T079,21-22,2021-11-27,58,Closed
T080,21-22,2021-11-27,58,Closed
T081,21-22,2021-11-27,58,Closed
T082,21-22,2021-11-27,58,Closed
T083,21-22,2021-11-27,58,Closed
T084,21-22,2021-11-27,58,Closed
T085,21-22,2021-11-27,58,Closed
T086,21-22,2021-11-27,58,Closed
T087,21-22,2021-11-27,58,Closed
T088,21-22,2021-11-27,58,Closed
T089,21-22,2021-11-27,58,Closed
T090,21-22,2021-11-27,58,Closed
T091,21-22,2021-11-27,58,Closed
T092,21-22,2021-11-27,58,Closed
T127,21-22,2021-11-27,58,Closed
T134,21-22,2021-11-27,58,Closed
T135,21-22,2021-11-27,58,Closed
T136,21-22,2021-11-27,58,Closed
T137,21-22,2021-11-27,58,Closed
T148,21-22,2021-11-27,58,Closed
T154,21-22,2021-11-27,58,Closed
T001,21-22,2021-11-28,59,Groomed
T002,21-22,2021-11-28,59,Closed
T003,21-22,2021-11-28,59,Groomed
T004,21-22,2021-11-28,59,Closed
T005,21-22,2021-11-28,59,Groomed
T006,21-22,2021-11-28,59,Closed
T007,21-22,2021-11-28,59,Groomed
T008,21-22,2021-11-28,59,Groomed
T009,21-22,2021-11-28,59,Closed
T010,21-22,2021-11-28,59,Closed
T011,21-22,2021-11-28,59,Groomed
T012,21-22,2021-11-28,59,Groomed
T013,21-22,2021-11-28,59,Groomed
T014,21-22,2021-11-28,59,Closed
T015,21-22,2021-11-28,59,Closed
T016,21-22,2021-11-28,59,Closed
T017,21-22,2021-11-28,59,Closed
T018,21-22,2021-11-28,59,Closed
T019,21-22,2021-11-28,59,Closed
T020,21-22,2021-11-28,59,Closed
T021,21-22,2021-11-28,59,Groomed
T022,21-22,2021-11-28,59,Closed
T023,21-22,2021-11-28,59,Closed
T024,21-22,2021-11-28,59,Closed
T025,21-22,2021-11-28,59,Closed
T026,21-22,2021-11-28,59,Closed
T027,21-22,2021-11-28,59,Closed
T028,21-22,2021-11-28,59,Closed
T029,21-22,2021-11-28,59,Closed
T030,21-22,2021-11-28,59,Closed
T031,21-22,2021-11-28,59,Closed
T032,21-22,2021-11-28,59,Closed
T033,21-22,2021-11-28,59,Groomed
T034,21-22,2021-11-28,59,Groomed
T035,21-22,2021-11-28,59,Closed
T036,21-22,2021-11-28,59,Groomed
T037,21-22,2021-11-28,59,Closed
T038,21-22,2021-11-28,59,Closed
T039,21-22,2021-11-28,59,Closed
T040,21-22,2021-11-28,59,Closed
T041,21-22,2021-11-28,59,Closed
T042,21-22,2021-11-28,59,Closed
T043,21-22,2021-11-28,59,Closed
T044,21-22,2021-11-28,59,Closed
T045,21-22,2021-11-28,59,Closed
T046,21-22,2021-11-28,59,Closed
T047,21-22,2021-11-28,59,Closed
T048,21-22,2021-11-28,59,Closed
T049,21-22,2021-11-28,59,Closed
T050,21-22,2021-11-28,59,Closed
T051,21-22,2021-11-28,59,Closed
T052,21-22,2021-11-28,59,Closed
T053,21-22,2021-11-28,59,Closed
T054,21-22,2021-11-28,59,Closed
T055,21-22,2021-11-28,59,Closed
T056,21-22,2021-11-28,59,Closed
T057,21-22,2021-11-28,59,Closed
T058,21-22,2021-11-28,59,Closed
T061,21-22,2021-11-28,59,Closed
T063,21-22,2021-11-28,59,Closed
T064,21-22,2021-11-28,59,Closed
T065,21-22,2021-11-28,59,Closed
T067,21-22,2021-11-28,59,Closed
T068,21-22,2021-11-28,59,Closed
T069,21-22,2021-11-28,59,Closed
T070,21-22,2021-11-28,59,Closed
T071,21-22,2021-11-28,59,Closed
T072,21-22,2021-11-28,59,Closed
T073,21-22,2021-11-28,59,Closed
T074,21-22,2021-11-28,59,Closed
T075,21-22,2021-11-28,59,Closed
T076,21-22,2021-11-28,59,Closed
T077,21-22,2021-11-28,59,Closed
T078,21-22,2021-11-28,59,Closed
T079,21-22,2021-11-28,59,Closed
T080,21-22,2021-11-28,59,Closed
T081,21-22,2021-11-28,59,Closed
T082,21-22,2021-11-28,59,Closed
T083,21-22,2021-11-28,59,Closed
T084,21-22,2021-11-28,59,Closed
T085,21-22,2021-11-28,59,Closed
T086,21-22,2021-11-28,59,Closed
T087,21-22,2021-11-28,59,Closed
T088,21-22,2021-11-28,59,Closed
T089,21-22,2021-11-28,59,Closed
T090,21-22,2021-11-28,59,Closed
T091,21-22,2021-11-28,59,Closed
T092,21-22,2021-11-28,59,Closed
T127,21-22,2021-11-28,59,Closed
T134,21-22,2021-11-28,59,Closed
T135,21-22,2021-11-28,59,Closed
T136,21-22,2021-11-28,59,Closed
T137,21-22,2021-11-28,59,Closed
T148,21-22,2021-11-28,59,Closed
T154,21-22,2021-11-28,59,Closed
T001,21-22,2021-11-29,60,Groomed
T002,21-22,2021-11-29,60,Closed
T003,21-22,2021-11-29,60,Groomed
T004,21-22,2021-11-29,60,Closed
T005,21-22,2021-11-29,60,Groomed
T006,21-22,2021-11-29,60,Closed
T007,21-22,2021-11-29,60,Groomed
T008,21-22,2021-11-29,60,Groomed
T009,21-22,2021-11-29,60,Closed
T010,21-22,2021-11-29,60,Closed
T011,21-22,2021-11-29,60,Groomed
T012,21-22,2021-11-29,60,Groomed
T013,21-22,2021-11-29,60,Groomed
T014,21-22,2021-11-29,60,Closed
T015,21-22,2021-11-29,60,Closed
T016,21-22,2021-11-29,60,Closed
T017,21-22,2021-11-29,60,Closed
T018,21-22,2021-11-29,60,Closed
T019,21-22,2021-11-29,60,Closed
T020,21-22,2021-11-29,60,Closed
T021,21-22,2021-11-29,60,Groomed
T022,21-22,2021-11-29,60,Closed
T023,21-22,2021-11-29,60,Closed
T024,21-22,2021-11-29,60,Closed
T025,21-22,2021-11-29,60,Closed
T026,21-22,2021-11-29,60,Closed
T027,21-22,2021-11-29,60,Closed
T028,21-22,2021-11-29,60,Closed
T029,21-22,2021-11-29,60,Closed
T030,21-22,2021-11-29,60,Closed
T031,21-22,2021-11-29,60,Closed
T032,21-22,2021-11-29,60,Closed
T033,21-22,2021-11-29,60,Groomed
T034,21-22,2021-11-29,60,Groomed
T035,21-22,2021-11-29,60,Closed
T036,21-22,2021-11-29,60,Groomed
T037,21-22,2021-11-29,60,Closed
T038,21-22,2021-11-29,60,Closed
T039,21-22,2021-11-29,60,Closed
T040,21-22,2021-11-29,60,Closed
T041,21-22,2021-11-29,60,Closed
T042,21-22,2021-11-29,60,Closed
T043,21-22,2021-11-29,60,Closed
T044,21-22,2021-11-29,60,Closed
T045,21-22,2021-11-29,60,Closed
T046,21-22,2021-11-29,60,Closed
T047,21-22,2021-11-29,60,Closed
T048,21-22,2021-11-29,60,Closed
T049,21-22,2021-11-29,60,Closed
T050,21-22,2021-11-29,60,Closed
T051,21-22,2021-11-29,60,Closed
T052,21-22,2021-11-29,60,Closed
T053,21-22,2021-11-29,60,Closed
T054,21-22,2021-11-29,60,Closed
T055,21-22,2021-11-29,60,Closed
T056,21-22,2021-11-29,60,Closed
T057,21-22,2021-11-29,60,Closed
T058,21-22,2021-11-29,60,Closed
T061,21-22,2021-11-29,60,Closed
T063,21-22,2021-11-29,60,Closed
T064,21-22,2021-11-29,60,Closed
T065,21-22,2021-11-29,60,Closed
T067,21-22,2021-11-29,60,Closed
T068,21-22,2021-11-29,60,Closed
T069,21-22,2021-11-29,60,Closed
T070,21-22,2021-11-29,60,Closed
T071,21-22,2021-11-29,60,Closed
T072,21-22,2021-11-29,60,Closed
T073,21-22,2021-11-29,60,Closed
T074,21-22,2021-11-29,60,Closed
T075,21-22,2021-11-29,60,Closed
T076,21-22,2021-11-29,60,Closed
T077,21-22,2021-11-29,60,Closed
T078,21-22,2021-11-29,60,Closed
T079,21-22,2021-11-29,60,Closed
T080,21-22,2021-11-29,60,Closed
T081,21-22,2021-11-29,60,Closed
T082,21-22,2021-11-29,60,Closed
T083,21-22,2021-11-29,60,Closed
T084,21-22,2021-11-29,60,Closed
T085,21-22,2021-11-29,60,Closed
T086,21-22,2021-11-29,60,Closed
T087,21-22,2021-11-29,60,Closed
T088,21-22,2021-11-29,60,Closed
T089,21-22,2021-11-29,60,Closed
T090,21-22,2021-11-29,60,Closed
T091,21-22,2021-11-29,60,Closed
T092,21-22,2021-11-29,60,Closed
T127,21-22,2021-11-29,60,Closed
T134,21-22,2021-11-29,60,Closed
T135,21-22,2021-11-29,60,Closed
T136,21-22,2021-11-29,60,Closed
T137,21-22,2021-11-29,60,Closed
T148,21-22,2021-11-29,60,Closed
T154,21-22,2021-11-29,60,Closed
T001,21-22,2021-11-30,61,Groomed
T002,21-22,2021-11-30,61,Closed
T003,21-22,2021-11-30,61,Groomed
T004,21-22,2021-11-30,61,Closed
T005,21-22,2021-11-30,61,Groomed
T006,21-22,2021-11-30,61,Closed
T007,21-22,2021-11-30,61,Groomed
T008,21-22,2021-11-30,61,Groomed
T009,21-22,2021-11-30,61,Closed
T010,21-22,2021-11-30,61,Closed
T011,21-22,2021-11-30,61,Groomed
T012,21-22,2021-11-30,61,Groomed
T013,21-22,2021-11-30,61,Groomed
T014,21-22,2021-11-30,61,Open
T015,21-22,2021-11-30,61,Closed
T016,21-22,2021-11-30,61,Closed
T017,21-22,2021-11-30,61,Closed
T018,21-22,2021-11-30,61,Closed
T019,21-22,2021-11-30,61,Closed
T020,21-22,2021-11-30,61,Closed
T021,21-22,2021-11-30,61,Groomed
T022,21-22,2021-11-30,61,Closed
T023,21-22,2021-11-30,61,Closed
T024,21-22,2021-11-30,61,Closed
T025,21-22,2021-11-30,61,Closed
T026,21-22,2021-11-30,61,Closed
T027,21-22,2021-11-30,61,Closed
T028,21-22,2021-11-30,61,Closed
T029,21-22,2021-11-30,61,Closed
T030,21-22,2021-11-30,61,Closed
T031,21-22,2021-11-30,61,Closed
T032,21-22,2021-11-30,61,Closed
T033,21-22,2021-11-30,61,Groomed
T034,21-22,2021-11-30,61,Groomed
T035,21-22,2021-11-30,61,Closed
T036,21-22,2021-11-30,61,Groomed
T037,21-22,2021-11-30,61,Closed
T038,21-22,2021-11-30,61,Closed
T039,21-22,2021-11-30,61,Closed
T040,21-22,2021-11-30,61,Closed
T041,21-22,2021-11-30,61,Closed
T042,21-22,2021-11-30,61,Closed
T043,21-22,2021-11-30,61,Closed
T044,21-22,2021-11-30,61,Closed
T045,21-22,2021-11-30,61,Closed
T046,21-22,2021-11-30,61,Closed
T047,21-22,2021-11-30,61,Closed
T048,21-22,2021-11-30,61,Closed
T049,21-22,2021-11-30,61,Closed
T050,21-22,2021-11-30,61,Closed
T051,21-22,2021-11-30,61,Closed
T052,21-22,2021-11-30,61,Closed
T053,21-22,2021-11-30,61,Closed
T054,21-22,2021-11-30,61,Closed
T055,21-22,2021-11-30,61,Closed
T056,21-22,2021-11-30,61,Closed
T057,21-22,2021-11-30,61,Closed
T058,21-22,2021-11-30,61,Closed
T061,21-22,2021-11-30,61,Closed
T063,21-22,2021-11-30,61,Closed
T064,21-22,2021-11-30,61,Closed
T065,21-22,2021-11-30,61,Closed
T067,21-22,2021-11-30,61,Closed
T068,21-22,2021-11-30,61,Closed
T069,21-22,2021-11-30,61,Closed
T070,21-22,2021-11-30,61,Closed
T071,21-22,2021-11-30,61,Closed
T072,21-22,2021-11-30,61,Closed
T073,21-22,2021-11-30,61,Closed
T074,21-22,2021-11-30,61,Closed
T075,21-22,2021-11-30,61,Closed
T076,21-22,2021-11-30,61,Closed
T077,21-22,2021-11-30,61,Closed
T078,21-22,2021-11-30,61,Closed
T079,21-22,2021-11-30,61,Closed
T080,21-22,2021-11-30,61,Closed
T081,21-22,2021-11-30,61,Closed
T082,21-22,2021-11-30,61,Closed
T083,21-22,2021-11-30,61,Closed
T084,21-22,2021-11-30,61,Closed
T085,21-22,2021-11-30,61,Closed
T086,21-22,2021-11-30,61,Closed
T087,21-22,2021-11-30,61,Closed
T088,21-22,2021-11-30,61,Closed
T089,21-22,2021-11-30,61,Closed
T090,21-22,2021-11-30,61,Closed
T091,21-22,2021-11-30,61,Closed
T092,21-22,2021-11-30,61,Closed
T127,21-22,2021-11-30,61,Closed
T134,21-22,2021-11-30,61,Closed
T135,21-22,2021-11-30,61,Closed
T136,21-22,2021-11-30,61,Closed
T137,21-22,2021-11-30,61,Closed
T148,21-22,2021-11-30,61,Closed
T154,21-22,2021-11-30,61,Closed
T001,21-22,2021-12-01,62,Groomed
T002,21-22,2021-12-01,62,Closed
T003,21-22,2021-12-01,62,Groomed
T004,21-22,2021-12-01,62,Closed
T005,21-22,2021-12-01,62,Groomed
T006,21-22,2021-12-01,62,Closed
T007,21-22,2021-12-01,62,Groomed
T008,21-22,2021-12-01,62,Groomed
T009,21-22,2021-12-01,62,Closed
T010,21-22,2021-12-01,62,Closed
T011,21-22,2021-12-01,62,Groomed
T012,21-22,2021-12-01,62,Groomed
T013,21-22,2021-12-01,62,Groomed
T014,21-22,2021-12-01,62,Open
T015,21-22,2021-12-01,62,Closed
T016,21-22,2021-12-01,62,Closed
T017,21-22,2021-12-01,62,Closed
T018,21-22,2021-12-01,62,Closed
T019,21-22,2021-12-01,62,Closed
T020,21-22,2021-12-01,62,Closed
T021,21-22,2021-12-01,62,Groomed
T022,21-22,2021-12-01,62,Closed
T023,21-22,2021-12-01,62,Closed
T024,21-22,2021-12-01,62,Closed
T025,21-22,2021-12-01,62,Closed
T026,21-22,2021-12-01,62,Closed
T027,21-22,2021-12-01,62,Closed
T028,21-22,2021-12-01,62,Closed
T029,21-22,2021-12-01,62,Closed
T030,21-22,2021-12-01,62,Closed
T031,21-22,2021-12-01,62,Closed
T032,21-22,2021-12-01,62,Closed
T033,21-22,2021-12-01,62,Groomed
T034,21-22,2021-12-01,62,Groomed
T035,21-22,2021-12-01,62,Closed
T036,21-22,2021-12-01,62,Groomed
T037,21-22,2021-12-01,62,Closed
T038,21-22,2021-12-01,62,Closed
T039,21-22,2021-12-01,62,Closed
T040,21-22,2021-12-01,62,Closed
T041,21-22,2021-12-01,62,Closed
T042,21-22,2021-12-01,62,Closed
T043,21-22,2021-12-01,62,Closed
T044,21-22,2021-12-01,62,Closed
T045,21-22,2021-12-01,62,Closed
T046,21-22,2021-12-01,62,Closed
T047,21-22,2021-12-01,62,Closed
T048,21-22,2021-12-01,62,Closed
T049,21-22,2021-12-01,62,Closed
T050,21-22,2021-12-01,62,Closed
T051,21-22,2021-12-01,62,Closed
T052,21-22,2021-12-01,62,Closed
T053,21-22,2021-12-01,62,Closed
T054,21-22,2021-12-01,62,Closed
T055,21-22,2021-12-01,62,Closed
T056,21-22,2021-12-01,62,Closed
T057,21-22,2021-12-01,62,Closed
T058,21-22,2021-12-01,62,Closed
T061,21-22,2021-12-01,62,Closed
T063,21-22,2021-12-01,62,Closed
T064,21-22,2021-12-01,62,Closed
T065,21-22,2021-12-01,62,Closed
T067,21-22,2021-12-01,62,Closed
T068,21-22,2021-12-01,62,Closed
T069,21-22,2021-12-01,62,Closed
T070,21-22,2021-12-01,62,Closed
T071,21-22,2021-12-01,62,Closed
T072,21-22,2021-12-01,62,Closed
T073,21-22,2021-12-01,62,Closed
T074,21-22,2021-12-01,62,Closed
T075,21-22,2021-12-01,62,Closed
T076,21-22,2021-12-01,62,Closed
T077,21-22,2021-12-01,62,Closed
T078,21-22,2021-12-01,62,Closed
T079,21-22,2021-12-01,62,Closed
T080,21-22,2021-12-01,62,Closed
T081,21-22,2021-12-01,62,Closed
T082,21-22,2021-12-01,62,Closed
T083,21-22,2021-12-01,62,Closed
T084,21-22,2021-12-01,62,Closed
T085,21-22,2021-12-01,62,Closed
T086,21-22,2021-12-01,62,Closed
T087,21-22,2021-12-01,62,Closed
T088,21-22,2021-12-01,62,Closed
T089,21-22,2021-12-01,62,Closed
T090,21-22,2021-12-01,62,Closed
T091,21-22,2021-12-01,62,Closed
T092,21-22,2021-12-01,62,Closed
T127,21-22,2021-12-01,62,Closed
T134,21-22,2021-12-01,62,Closed
T135,21-22,2021-12-01,62,Closed
T136,21-22,2021-12-01,62,Closed
T137,21-22,2021-12-01,62,Closed
T148,21-22,2021-12-01,62,Closed
T154,21-22,2021-12-01,62,Closed
T001,21-22,2021-12-02,63,Groomed
T002,21-22,2021-12-02,63,Closed
T003,21-22,2021-12-02,63,Groomed
T004,21-22,2021-12-02,63,Closed
T005,21-22,2021-12-02,63,Groomed
T006,21-22,2021-12-02,63,Closed
T007,21-22,2021-12-02,63,Groomed
T008,21-22,2021-12-02,63,Groomed
T009,21-22,2021-12-02,63,Closed
T010,21-22,2021-12-02,63,Closed
T011,21-22,2021-12-02,63,Groomed
T012,21-22,2021-12-02,63,Groomed
T013,21-22,2021-12-02,63,Groomed
T014,21-22,2021-12-02,63,Open
T015,21-22,2021-12-02,63,Closed
T016,21-22,2021-12-02,63,Closed
T017,21-22,2021-12-02,63,Closed
T018,21-22,2021-12-02,63,Closed
T019,21-22,2021-12-02,63,Closed
T020,21-22,2021-12-02,63,Closed
T021,21-22,2021-12-02,63,Groomed
T022,21-22,2021-12-02,63,Closed
T023,21-22,2021-12-02,63,Closed
T024,21-22,2021-12-02,63,Closed
T025,21-22,2021-12-02,63,Closed
T026,21-22,2021-12-02,63,Closed
T027,21-22,2021-12-02,63,Closed
T028,21-22,2021-12-02,63,Closed
T029,21-22,2021-12-02,63,Closed
T030,21-22,2021-12-02,63,Closed
T031,21-22,2021-12-02,63,Closed
T032,21-22,2021-12-02,63,Closed
T033,21-22,2021-12-02,63,Groomed
T034,21-22,2021-12-02,63,Groomed
T035,21-22,2021-12-02,63,Closed
T036,21-22,2021-12-02,63,Groomed
T037,21-22,2021-12-02,63,Closed
T038,21-22,2021-12-02,63,Closed
T039,21-22,2021-12-02,63,Closed
T040,21-22,2021-12-02,63,Closed
T041,21-22,2021-12-02,63,Closed
T042,21-22,2021-12-02,63,Closed
T043,21-22,2021-12-02,63,Closed
T044,21-22,2021-12-02,63,Closed
T045,21-22,2021-12-02,63,Closed
T046,21-22,2021-12-02,63,Closed
T047,21-22,2021-12-02,63,Closed
T048,21-22,2021-12-02,63,Closed
T049,21-22,2021-12-02,63,Closed
T050,21-22,2021-12-02,63,Closed
T051,21-22,2021-12-02,63,Closed
T052,21-22,2021-12-02,63,Closed
T053,21-22,2021-12-02,63,Closed
T054,21-22,2021-12-02,63,Closed
T055,21-22,2021-12-02,63,Closed
T056,21-22,2021-12-02,63,Closed
T057,21-22,2021-12-02,63,Closed
T058,21-22,2021-12-02,63,Closed
T061,21-22,2021-12-02,63,Closed
T063,21-22,2021-12-02,63,Closed
T064,21-22,2021-12-02,63,Closed
T065,21-22,2021-12-02,63,Closed
T067,21-22,2021-12-02,63,Closed
T068,21-22,2021-12-02,63,Closed
T069,21-22,2021-12-02,63,Closed
T070,21-22,2021-12-02,63,Closed
T071,21-22,2021-12-02,63,Closed
T072,21-22,2021-12-02,63,Closed
T073,21-22,2021-12-02,63,Closed
T074,21-22,2021-12-02,63,Closed
T075,21-22,2021-12-02,63,Closed
T076,21-22,2021-12-02,63,Closed
T077,21-22,2021-12-02,63,Closed
T078,21-22,2021-12-02,63,Closed
T079,21-22,2021-12-02,63,Closed
T080,21-22,2021-12-02,63,Closed
T081,21-22,2021-12-02,63,Closed
T082,21-22,2021-12-02,63,Closed
T083,21-22,2021-12-02,63,Closed
T084,21-22,2021-12-02,63,Closed
T085,21-22,2021-12-02,63,Closed
T086,21-22,2021-12-02,63,Closed
T087,21-22,2021-12-02,63,Closed
T088,21-22,2021-12-02,63,Closed
T089,21-22,2021-12-02,63,Closed
T090,21-22,2021-12-02,63,Closed
T091,21-22,2021-12-02,63,Closed
T092,21-22,2021-12-02,63,Closed
T127,21-22,2021-12-02,63,Closed
T134,21-22,2021-12-02,63,Closed
T135,21-22,2021-12-02,63,Closed
T136,21-22,2021-12-02,63,Closed
T137,21-22,2021-12-02,63,Closed
T148,21-22,2021-12-02,63,Closed
T154,21-22,2021-12-02,63,Closed
T001,21-22,2021-12-03,64,Groomed
T002,21-22,2021-12-03,64,Closed
T003,21-22,2021-12-03,64,Groomed
T004,21-22,2021-12-03,64,Closed
T005,21-22,2021-12-03,64,Groomed
T006,21-22,2021-12-03,64,Closed
T007,21-22,2021-12-03,64,Groomed
T008,21-22,2021-12-03,64,Groomed
T009,21-22,2021-12-03,64,Closed
T010,21-22,2021-12-03,64,Closed
T011,21-22,2021-12-03,64,Groomed
T012,21-22,2021-12-03,64,Groomed
T013,21-22,2021-12-03,64,Groomed
T014,21-22,2021-12-03,64,Open
T015,21-22,2021-12-03,64,Closed
T016,21-22,2021-12-03,64,Closed
T017,21-22,2021-12-03,64,Closed
T018,21-22,2021-12-03,64,Closed
T019,21-22,2021-12-03,64,Closed
T020,21-22,2021-12-03,64,Closed
T021,21-22,2021-12-03,64,Groomed
T022,21-22,2021-12-03,64,Closed
T023,21-22,2021-12-03,64,Closed
T024,21-22,2021-12-03,64,Closed
T025,21-22,2021-12-03,64,Closed
T026,21-22,2021-12-03,64,Closed
T027,21-22,2021-12-03,64,Closed
T028,21-22,2021-12-03,64,Closed
T029,21-22,2021-12-03,64,Closed
T030,21-22,2021-12-03,64,Closed
T031,21-22,2021-12-03,64,Closed
T032,21-22,2021-12-03,64,Closed
T033,21-22,2021-12-03,64,Groomed
T034,21-22,2021-12-03,64,Groomed
T035,21-22,2021-12-03,64,Closed
T036,21-22,2021-12-03,64,Groomed
T037,21-22,2021-12-03,64,Closed
T038,21-22,2021-12-03,64,Closed
T039,21-22,2021-12-03,64,Closed
T040,21-22,2021-12-03,64,Closed
T041,21-22,2021-12-03,64,Closed
T042,21-22,2021-12-03,64,Closed
T043,21-22,2021-12-03,64,Closed
T044,21-22,2021-12-03,64,Closed
T045,21-22,2021-12-03,64,Closed
T046,21-22,2021-12-03,64,Closed
T047,21-22,2021-12-03,64,Closed
T048,21-22,2021-12-03,64,Closed
T049,21-22,2021-12-03,64,Closed
T050,21-22,2021-12-03,64,Closed
T051,21-22,2021-12-03,64,Closed
T052,21-22,2021-12-03,64,Closed
T053,21-22,2021-12-03,64,Closed
T054,21-22,2021-12-03,64,Closed
T055,21-22,2021-12-03,64,Closed
T056,21-22,2021-12-03,64,Closed
T057,21-22,2021-12-03,64,Closed
T058,21-22,2021-12-03,64,Closed
T061,21-22,2021-12-03,64,Closed
T063,21-22,2021-12-03,64,Closed
T064,21-22,2021-12-03,64,Closed
T065,21-22,2021-12-03,64,Closed
T067,21-22,2021-12-03,64,Closed
T068,21-22,2021-12-03,64,Closed
T069,21-22,2021-12-03,64,Closed
T070,21-22,2021-12-03,64,Closed
T071,21-22,2021-12-03,64,Closed
T072,21-22,2021-12-03,64,Closed
T073,21-22,2021-12-03,64,Closed
T074,21-22,2021-12-03,64,Closed
T075,21-22,2021-12-03,64,Closed
T076,21-22,2021-12-03,64,Closed
T077,21-22,2021-12-03,64,Closed
T078,21-22,2021-12-03,64,Closed
T079,21-22,2021-12-03,64,Closed
T080,21-22,2021-12-03,64,Closed
T081,21-22,2021-12-03,64,Closed
T082,21-22,2021-12-03,64,Closed
T083,21-22,2021-12-03,64,Closed
T084,21-22,2021-12-03,64,Closed
T085,21-22,2021-12-03,64,Closed
T086,21-22,2021-12-03,64,Closed
T087,21-22,2021-12-03,64,Closed
T088,21-22,2021-12-03,64,Closed
T089,21-22,2021-12-03,64,Closed
T090,21-22,2021-12-03,64,Closed
T091,21-22,2021-12-03,64,Closed
T092,21-22,2021-12-03,64,Closed
T127,21-22,2021-12-03,64,Closed
T134,21-22,2021-12-03,64,Closed
T135,21-22,2021-12-03,64,Closed
T136,21-22,2021-12-03,64,Closed
T137,21-22,2021-12-03,64,Closed
T148,21-22,2021-12-03,64,Closed
T154,21-22,2021-12-03,64,Closed
T001,21-22,2021-12-04,65,Groomed
T002,21-22,2021-12-04,65,Closed
T003,21-22,2021-12-04,65,Groomed
T004,21-22,2021-12-04,65,Closed
T005,21-22,2021-12-04,65,Groomed
T006,21-22,2021-12-04,65,Closed
T007,21-22,2021-12-04,65,Groomed
T008,21-22,2021-12-04,65,Groomed
T009,21-22,2021-12-04,65,Closed
T010,21-22,2021-12-04,65,Closed
T011,21-22,2021-12-04,65,Groomed
T012,21-22,2021-12-04,65,Groomed
T013,21-22,2021-12-04,65,Groomed
T014,21-22,2021-12-04,65,Open
T015,21-22,2021-12-04,65,Closed
T016,21-22,2021-12-04,65,Closed
T017,21-22,2021-12-04,65,Closed
T018,21-22,2021-12-04,65,Closed
T019,21-22,2021-12-04,65,Closed
T020,21-22,2021-12-04,65,Closed
T021,21-22,2021-12-04,65,Groomed
T022,21-22,2021-12-04,65,Closed
T023,21-22,2021-12-04,65,Closed
T024,21-22,2021-12-04,65,Closed
T025,21-22,2021-12-04,65,Closed
T026,21-22,2021-12-04,65,Closed
T027,21-22,2021-12-04,65,Closed
T028,21-22,2021-12-04,65,Closed
T029,21-22,2021-12-04,65,Closed
T030,21-22,2021-12-04,65,Closed
T031,21-22,2021-12-04,65,Closed
T032,21-22,2021-12-04,65,Closed
T033,21-22,2021-12-04,65,Groomed
T034,21-22,2021-12-04,65,Groomed
T035,21-22,2021-12-04,65,Closed
T036,21-22,2021-12-04,65,Groomed
T037,21-22,2021-12-04,65,Closed
T038,21-22,2021-12-04,65,Closed
T039,21-22,2021-12-04,65,Closed
T040,21-22,2021-12-04,65,Closed
T041,21-22,2021-12-04,65,Closed
T042,21-22,2021-12-04,65,Closed
T043,21-22,2021-12-04,65,Closed
T044,21-22,2021-12-04,65,Closed
T045,21-22,2021-12-04,65,Closed
T046,21-22,2021-12-04,65,Closed
T047,21-22,2021-12-04,65,Closed
T048,21-22,2021-12-04,65,Closed
T049,21-22,2021-12-04,65,Closed
T050,21-22,2021-12-04,65,Groomed
T051,21-22,2021-12-04,65,Closed
T052,21-22,2021-12-04,65,Closed
T053,21-22,2021-12-04,65,Closed
T054,21-22,2021-12-04,65,Closed
T055,21-22,2021-12-04,65,Closed
T056,21-22,2021-12-04,65,Closed
T057,21-22,2021-12-04,65,Closed
T058,21-22,2021-12-04,65,Closed
T061,21-22,2021-12-04,65,Closed
T063,21-22,2021-12-04,65,Closed
T064,21-22,2021-12-04,65,Closed
T065,21-22,2021-12-04,65,Closed
T067,21-22,2021-12-04,65,Closed
T068,21-22,2021-12-04,65,Closed
T069,21-22,2021-12-04,65,Closed
T070,21-22,2021-12-04,65,Closed
T071,21-22,2021-12-04,65,Closed
T072,21-22,2021-12-04,65,Closed
T073,21-22,2021-12-04,65,Closed
T074,21-22,2021-12-04,65,Closed
T075,21-22,2021-12-04,65,Closed
T076,21-22,2021-12-04,65,Closed
T077,21-22,2021-12-04,65,Closed
T078,21-22,2021-12-04,65,Closed
T079,21-22,2021-12-04,65,Closed
T080,21-22,2021-12-04,65,Closed
T081,21-22,2021-12-04,65,Closed
T082,21-22,2021-12-04,65,Closed
T083,21-22,2021-12-04,65,Closed
T084,21-22,2021-12-04,65,Closed
T085,21-22,2021-12-04,65,Closed
T086,21-22,2021-12-04,65,Closed
T087,21-22,2021-12-04,65,Closed
T088,21-22,2021-12-04,65,Closed
T089,21-22,2021-12-04,65,Closed
T090,21-22,2021-12-04,65,Closed
T091,21-22,2021-12-04,65,Closed
T092,21-22,2021-12-04,65,Closed
T127,21-22,2021-12-04,65,Closed
T134,21-22,2021-12-04,65,Closed
T135,21-22,2021-12-04,65,Closed
T136,21-22,2021-12-04,65,Closed
T137,21-22,2021-12-04,65,Closed
T148,21-22,2021-12-04,65,Closed
T154,21-22,2021-12-04,65,Closed
T001,21-22,2021-12-05,66,Groomed
T002,21-22,2021-12-05,66,Closed
T003,21-22,2021-12-05,66,Groomed
T004,21-22,2021-12-05,66,Closed
T005,21-22,2021-12-05,66,Groomed
T006,21-22,2021-12-05,66,Closed
T007,21-22,2021-12-05,66,Groomed
T008,21-22,2021-12-05,66,Groomed
T009,21-22,2021-12-05,66,Closed
T010,21-22,2021-12-05,66,Closed
T011,21-22,2021-12-05,66,Groomed
T012,21-22,2021-12-05,66,Groomed
T013,21-22,2021-12-05,66,Groomed
T014,21-22,2021-12-05,66,Open
T015,21-22,2021-12-05,66,Closed
T016,21-22,2021-12-05,66,Closed
T017,21-22,2021-12-05,66,Closed
T018,21-22,2021-12-05,66,Closed
T019,21-22,2021-12-05,66,Closed
T020,21-22,2021-12-05,66,Closed
T021,21-22,2021-12-05,66,Groomed
T022,21-22,2021-12-05,66,Closed
T023,21-22,2021-12-05,66,Closed
T024,21-22,2021-12-05,66,Closed
T025,21-22,2021-12-05,66,Closed
T026,21-22,2021-12-05,66,Closed
T027,21-22,2021-12-05,66,Closed
T028,21-22,2021-12-05,66,Closed
T029,21-22,2021-12-05,66,Closed
T030,21-22,2021-12-05,66,Closed
T031,21-22,2021-12-05,66,Closed
T032,21-22,2021-12-05,66,Closed
T033,21-22,2021-12-05,66,Groomed
T034,21-22,2021-12-05,66,Groomed
T035,21-22,2021-12-05,66,Closed
T036,21-22,2021-12-05,66,Groomed
T037,21-22,2021-12-05,66,Closed
T038,21-22,2021-12-05,66,Closed
T039,21-22,2021-12-05,66,Closed
T040,21-22,2021-12-05,66,Closed
T041,21-22,2021-12-05,66,Closed
T042,21-22,2021-12-05,66,Closed
T043,21-22,2021-12-05,66,Closed
T044,21-22,2021-12-05,66,Closed
T045,21-22,2021-12-05,66,Closed
T046,21-22,2021-12-05,66,Closed
T047,21-22,2021-12-05,66,Closed
T048,21-22,2021-12-05,66,Closed
T049,21-22,2021-12-05,66,Closed
T050,21-22,2021-12-05,66,Groomed
T051,21-22,2021-12-05,66,Closed
T052,21-22,2021-12-05,66,Closed
T053,21-22,2021-12-05,66,Closed
T054,21-22,2021-12-05,66,Closed
T055,21-22,2021-12-05,66,Closed
T056,21-22,2021-12-05,66,Closed
T057,21-22,2021-12-05,66,Closed
T058,21-22,2021-12-05,66,Closed
T061,21-22,2021-12-05,66,Closed
T063,21-22,2021-12-05,66,Closed
T064,21-22,2021-12-05,66,Closed
T065,21-22,2021-12-05,66,Closed
T067,21-22,2021-12-05,66,Closed
T068,21-22,2021-12-05,66,Closed
T069,21-22,2021-12-05,66,Closed
T070,21-22,2021-12-05,66,Closed
T071,21-22,2021-12-05,66,Closed
T072,21-22,2021-12-05,66,Closed
T073,21-22,2021-12-05,66,Closed
T074,21-22,2021-12-05,66,Closed
T075,21-22,2021-12-05,66,Closed
T076,21-22,2021-12-05,66,Closed
T077,21-22,2021-12-05,66,Closed
T078,21-22,2021-12-05,66,Closed
T079,21-22,2021-12-05,66,Closed
T080,21-22,2021-12-05,66,Closed
T081,21-22,2021-12-05,66,Closed
T082,21-22,2021-12-05,66,Closed
T083,21-22,2021-12-05,66,Closed
T084,21-22,2021-12-05,66,Closed
T085,21-22,2021-12-05,66,Closed
T086,21-22,2021-12-05,66,Closed
T087,21-22,2021-12-05,66,Closed
T088,21-22,2021-12-05,66,Closed
T089,21-22,2021-12-05,66,Closed
T090,21-22,2021-12-05,66,Closed
T091,21-22,2021-12-05,66,Closed
T092,21-22,2021-12-05,66,Closed
T127,21-22,2021-12-05,66,Closed
T134,21-22,2021-12-05,66,Closed
T135,21-22,2021-12-05,66,Closed
T136,21-22,2021-12-05,66,Closed
T137,21-22,2021-12-05,66,Closed
T148,21-22,2021-12-05,66,Closed
T154,21-22,2021-12-05,66,Closed
T001,21-22,2021-12-06,67,Groomed
T002,21-22,2021-12-06,67,Closed
T003,21-22,2021-12-06,67,Groomed
T004,21-22,2021-12-06,67,Closed
T005,21-22,2021-12-06,67,Groomed
T006,21-22,2021-12-06,67,Closed
T007,21-22,2021-12-06,67,Groomed
T008,21-22,2021-12-06,67,Groomed
T009,21-22,2021-12-06,67,Closed
T010,21-22,2021-12-06,67,Closed
T011,21-22,2021-12-06,67,Groomed
T012,21-22,2021-12-06,67,Groomed
T013,21-22,2021-12-06,67,Groomed
T014,21-22,2021-12-06,67,Open
T015,21-22,2021-12-06,67,Closed
T016,21-22,2021-12-06,67,Closed
T017,21-22,2021-12-06,67,Closed
T018,21-22,2021-12-06,67,Closed
T019,21-22,2021-12-06,67,Closed
T020,21-22,2021-12-06,67,Closed
T021,21-22,2021-12-06,67,Groomed
T022,21-22,2021-12-06,67,Closed
T023,21-22,2021-12-06,67,Closed
T024,21-22,2021-12-06,67,Closed
T025,21-22,2021-12-06,67,Closed
T026,21-22,2021-12-06,67,Closed
T027,21-22,2021-12-06,67,Closed
T028,21-22,2021-12-06,67,Closed
T029,21-22,2021-12-06,67,Closed
T030,21-22,2021-12-06,67,Closed
T031,21-22,2021-12-06,67,Closed
T032,21-22,2021-12-06,67,Closed
T033,21-22,2021-12-06,67,Groomed
T034,21-22,2021-12-06,67,Groomed
T035,21-22,2021-12-06,67,Closed
T036,21-22,2021-12-06,67,Groomed
T037,21-22,2021-12-06,67,Closed
T038,21-22,2021-12-06,67,Closed
T039,21-22,2021-12-06,67,Closed
T040,21-22,2021-12-06,67,Closed
T041,21-22,2021-12-06,67,Closed
T042,21-22,2021-12-06,67,Closed
T043,21-22,2021-12-06,67,Closed
T044,21-22,2021-12-06,67,Closed
T045,21-22,2021-12-06,67,Closed
T046,21-22,2021-12-06,67,Closed
T047,21-22,2021-12-06,67,Closed
T048,21-22,2021-12-06,67,Closed
T049,21-22,2021-12-06,67,Closed
T050,21-22,2021-12-06,67,Groomed
T051,21-22,2021-12-06,67,Closed
T052,21-22,2021-12-06,67,Closed
T053,21-22,2021-12-06,67,Closed
T054,21-22,2021-12-06,67,Closed
T055,21-22,2021-12-06,67,Closed
T056,21-22,2021-12-06,67,Closed
T057,21-22,2021-12-06,67,Closed
T058,21-22,2021-12-06,67,Closed
T061,21-22,2021-12-06,67,Closed
T063,21-22,2021-12-06,67,Closed
T064,21-22,2021-12-06,67,Closed
T065,21-22,2021-12-06,67,Closed
T067,21-22,2021-12-06,67,Closed
T068,21-22,2021-12-06,67,Closed
T069,21-22,2021-12-06,67,Closed
T070,21-22,2021-12-06,67,Closed
T071,21-22,2021-12-06,67,Closed
T072,21-22,2021-12-06,67,Closed
T073,21-22,2021-12-06,67,Closed
T074,21-22,2021-12-06,67,Closed
T075,21-22,2021-12-06,67,Closed
T076,21-22,2021-12-06,67,Closed
T077,21-22,2021-12-06,67,Closed
T078,21-22,2021-12-06,67,Closed
T079,21-22,2021-12-06,67,Closed
T080,21-22,2021-12-06,67,Closed
T081,21-22,2021-12-06,67,Closed
T082,21-22,2021-12-06,67,Closed
T083,21-22,2021-12-06,67,Closed
T084,21-22,2021-12-06,67,Closed
T085,21-22,2021-12-06,67,Closed
T086,21-22,2021-12-06,67,Closed
T087,21-22,2021-12-06,67,Closed
T088,21-22,2021-12-06,67,Closed
T089,21-22,2021-12-06,67,Closed
T090,21-22,2021-12-06,67,Closed
T091,21-22,2021-12-06,67,Closed
T092,21-22,2021-12-06,67,Closed
T127,21-22,2021-12-06,67,Closed
T134,21-22,2021-12-06,67,Closed
T135,21-22,2021-12-06,67,Closed
T136,21-22,2021-12-06,67,Closed
T137,21-22,2021-12-06,67,Closed
T148,21-22,2021-12-06,67,Closed
T154,21-22,2021-12-06,67,Closed
T001,21-22,2021-12-07,68,Groomed
T002,21-22,2021-12-07,68,Closed
T003,21-22,2021-12-07,68,Groomed
T004,21-22,2021-12-07,68,Closed
T005,21-22,2021-12-07,68,Groomed
T006,21-22,2021-12-07,68,Closed
T007,21-22,2021-12-07,68,Groomed
T008,21-22,2021-12-07,68,Groomed
T009,21-22,2021-12-07,68,Closed
T010,21-22,2021-12-07,68,Closed
T011,21-22,2021-12-07,68,Groomed
T012,21-22,2021-12-07,68,Groomed
T013,21-22,2021-12-07,68,Groomed
T014,21-22,2021-12-07,68,Open
T015,21-22,2021-12-07,68,Closed
T016,21-22,2021-12-07,68,Closed
T017,21-22,2021-12-07,68,Closed
T018,21-22,2021-12-07,68,Closed
T019,21-22,2021-12-07,68,Closed
T020,21-22,2021-12-07,68,Closed
T021,21-22,2021-12-07,68,Groomed
T022,21-22,2021-12-07,68,Closed
T023,21-22,2021-12-07,68,Closed
T024,21-22,2021-12-07,68,Closed
T025,21-22,2021-12-07,68,Closed
T026,21-22,2021-12-07,68,Closed
T027,21-22,2021-12-07,68,Closed
T028,21-22,2021-12-07,68,Closed
T029,21-22,2021-12-07,68,Closed
T030,21-22,2021-12-07,68,Closed
T031,21-22,2021-12-07,68,Closed
T032,21-22,2021-12-07,68,Closed
T033,21-22,2021-12-07,68,Groomed
T034,21-22,2021-12-07,68,Groomed
T035,21-22,2021-12-07,68,Closed
T036,21-22,2021-12-07,68,Groomed
T037,21-22,2021-12-07,68,Closed
T038,21-22,2021-12-07,68,Closed
T039,21-22,2021-12-07,68,Closed
T040,21-22,2021-12-07,68,Closed
T041,21-22,2021-12-07,68,Closed
T042,21-22,2021-12-07,68,Closed
T043,21-22,2021-12-07,68,Closed
T044,21-22,2021-12-07,68,Closed
T045,21-22,2021-12-07,68,Closed
T046,21-22,2021-12-07,68,Closed
T047,21-22,2021-12-07,68,Closed
T048,21-22,2021-12-07,68,Closed
T049,21-22,2021-12-07,68,Closed
T050,21-22,2021-12-07,68,Groomed
T051,21-22,2021-12-07,68,Closed
T052,21-22,2021-12-07,68,Closed
T053,21-22,2021-12-07,68,Closed
T054,21-22,2021-12-07,68,Closed
T055,21-22,2021-12-07,68,Closed
T056,21-22,2021-12-07,68,Closed
T057,21-22,2021-12-07,68,Closed
T058,21-22,2021-12-07,68,Closed
T061,21-22,2021-12-07,68,Closed
T063,21-22,2021-12-07,68,Closed
T064,21-22,2021-12-07,68,Closed
T065,21-22,2021-12-07,68,Closed
T067,21-22,2021-12-07,68,Closed
T068,21-22,2021-12-07,68,Closed
T069,21-22,2021-12-07,68,Closed
T070,21-22,2021-12-07,68,Closed
T071,21-22,2021-12-07,68,Closed
T072,21-22,2021-12-07,68,Closed
T073,21-22,2021-12-07,68,Closed
T074,21-22,2021-12-07,68,Closed
T075,21-22,2021-12-07,68,Closed
T076,21-22,2021-12-07,68,Closed
T077,21-22,2021-12-07,68,Closed
T078,21-22,2021-12-07,68,Closed
T079,21-22,2021-12-07,68,Closed
T080,21-22,2021-12-07,68,Closed
T081,21-22,2021-12-07,68,Closed
T082,21-22,2021-12-07,68,Closed
T083,21-22,2021-12-07,68,Closed
T084,21-22,2021-12-07,68,Closed
T085,21-22,2021-12-07,68,Closed
T086,21-22,2021-12-07,68,Closed
T087,21-22,2021-12-07,68,Closed
T088,21-22,2021-12-07,68,Closed
T089,21-22,2021-12-07,68,Closed
T090,21-22,2021-12-07,68,Closed
T091,21-22,2021-12-07,68,Closed
T092,21-22,2021-12-07,68,Closed
T127,21-22,2021-12-07,68,Closed
T134,21-22,2021-12-07,68,Closed
T135,21-22,2021-12-07,68,Closed
T136,21-22,2021-12-07,68,Closed
T137,21-22,2021-12-07,68,Closed
T148,21-22,2021-12-07,68,Closed
T154,21-22,2021-12-07,68,Closed
T001,21-22,2021-12-08,69,Groomed
T002,21-22,2021-12-08,69,Closed
T003,21-22,2021-12-08,69,Groomed
T004,21-22,2021-12-08,69,Closed
T005,21-22,2021-12-08,69,Groomed
T006,21-22,2021-12-08,69,Closed
T007,21-22,2021-12-08,69,Groomed
T008,21-22,2021-12-08,69,Groomed
T009,21-22,2021-12-08,69,Closed
T010,21-22,2021-12-08,69,Closed
T011,21-22,2021-12-08,69,Groomed
T012,21-22,2021-12-08,69,Groomed
T013,21-22,2021-12-08,69,Groomed
T014,21-22,2021-12-08,69,Open
T015,21-22,2021-12-08,69,Closed
T016,21-22,2021-12-08,69,Closed
T017,21-22,2021-12-08,69,Closed
T018,21-22,2021-12-08,69,Closed
T019,21-22,2021-12-08,69,Closed
T020,21-22,2021-12-08,69,Closed
T021,21-22,2021-12-08,69,Groomed
T022,21-22,2021-12-08,69,Closed
T023,21-22,2021-12-08,69,Closed
T024,21-22,2021-12-08,69,Closed
T025,21-22,2021-12-08,69,Closed
T026,21-22,2021-12-08,69,Closed
T027,21-22,2021-12-08,69,Closed
T028,21-22,2021-12-08,69,Closed
T029,21-22,2021-12-08,69,Closed
T030,21-22,2021-12-08,69,Closed
T031,21-22,2021-12-08,69,Closed
T032,21-22,2021-12-08,69,Closed
T033,21-22,2021-12-08,69,Groomed
T034,21-22,2021-12-08,69,Groomed
T035,21-22,2021-12-08,69,Closed
T036,21-22,2021-12-08,69,Groomed
T037,21-22,2021-12-08,69,Closed
T038,21-22,2021-12-08,69,Closed
T039,21-22,2021-12-08,69,Closed
T040,21-22,2021-12-08,69,Closed
T041,21-22,2021-12-08,69,Closed
T042,21-22,2021-12-08,69,Closed
T043,21-22,2021-12-08,69,Closed
T044,21-22,2021-12-08,69,Closed
T045,21-22,2021-12-08,69,Closed
T046,21-22,2021-12-08,69,Closed
T047,21-22,2021-12-08,69,Closed
T048,21-22,2021-12-08,69,Closed
T049,21-22,2021-12-08,69,Closed
T050,21-22,2021-12-08,69,Groomed
T051,21-22,2021-12-08,69,Closed
T052,21-22,2021-12-08,69,Closed
T053,21-22,2021-12-08,69,Closed
T054,21-22,2021-12-08,69,Closed
T055,21-22,2021-12-08,69,Closed
T056,21-22,2021-12-08,69,Closed
T057,21-22,2021-12-08,69,Closed
T058,21-22,2021-12-08,69,Closed
T061,21-22,2021-12-08,69,Closed
T063,21-22,2021-12-08,69,Closed
T064,21-22,2021-12-08,69,Closed
T065,21-22,2021-12-08,69,Closed
T067,21-22,2021-12-08,69,Closed
T068,21-22,2021-12-08,69,Closed
T069,21-22,2021-12-08,69,Closed
T070,21-22,2021-12-08,69,Closed
T071,21-22,2021-12-08,69,Closed
T072,21-22,2021-12-08,69,Closed
T073,21-22,2021-12-08,69,Closed
T074,21-22,2021-12-08,69,Closed
T075,21-22,2021-12-08,69,Closed
T076,21-22,2021-12-08,69,Closed
T077,21-22,2021-12-08,69,Closed
T078,21-22,2021-12-08,69,Closed
T079,21-22,2021-12-08,69,Closed
T080,21-22,2021-12-08,69,Closed
T081,21-22,2021-12-08,69,Closed
T082,21-22,2021-12-08,69,Closed
T083,21-22,2021-12-08,69,Closed
T084,21-22,2021-12-08,69,Closed
T085,21-22,2021-12-08,69,Closed
T086,21-22,2021-12-08,69,Closed
T087,21-22,2021-12-08,69,Closed
T088,21-22,2021-12-08,69,Closed
T089,21-22,2021-12-08,69,Closed
T090,21-22,2021-12-08,69,Closed
T091,21-22,2021-12-08,69,Closed
T092,21-22,2021-12-08,69,Closed
T127,21-22,2021-12-08,69,Closed
T134,21-22,2021-12-08,69,Closed
T135,21-22,2021-12-08,69,Closed
T136,21-22,2021-12-08,69,Closed
T137,21-22,2021-12-08,69,Closed
T148,21-22,2021-12-08,69,Closed
T154,21-22,2021-12-08,69,Closed
T001,21-22,2021-12-09,70,Groomed
T002,21-22,2021-12-09,70,Closed
T003,21-22,2021-12-09,70,Groomed
T004,21-22,2021-12-09,70,Closed
T005,21-22,2021-12-09,70,Groomed
T006,21-22,2021-12-09,70,Closed
T007,21-22,2021-12-09,70,Groomed
T008,21-22,2021-12-09,70,Groomed
T009,21-22,2021-12-09,70,Closed
T010,21-22,2021-12-09,70,Closed
T011,21-22,2021-12-09,70,Groomed
T012,21-22,2021-12-09,70,Groomed
T013,21-22,2021-12-09,70,Groomed
T014,21-22,2021-12-09,70,Open
T015,21-22,2021-12-09,70,Closed
T016,21-22,2021-12-09,70,Closed
T017,21-22,2021-12-09,70,Closed
T018,21-22,2021-12-09,70,Closed
T019,21-22,2021-12-09,70,Closed
T020,21-22,2021-12-09,70,Closed
T021,21-22,2021-12-09,70,Groomed
T022,21-22,2021-12-09,70,Closed
T023,21-22,2021-12-09,70,Closed
T024,21-22,2021-12-09,70,Closed
T025,21-22,2021-12-09,70,Closed
T026,21-22,2021-12-09,70,Closed
T027,21-22,2021-12-09,70,Closed
T028,21-22,2021-12-09,70,Closed
T029,21-22,2021-12-09,70,Closed
T030,21-22,2021-12-09,70,Closed
T031,21-22,2021-12-09,70,Closed
T032,21-22,2021-12-09,70,Closed
T033,21-22,2021-12-09,70,Groomed
T034,21-22,2021-12-09,70,Groomed
T035,21-22,2021-12-09,70,Closed
T036,21-22,2021-12-09,70,Groomed
T037,21-22,2021-12-09,70,Closed
T038,21-22,2021-12-09,70,Closed
T039,21-22,2021-12-09,70,Closed
T040,21-22,2021-12-09,70,Closed
T041,21-22,2021-12-09,70,Closed
T042,21-22,2021-12-09,70,Closed
T043,21-22,2021-12-09,70,Closed
T044,21-22,2021-12-09,70,Closed
T045,21-22,2021-12-09,70,Closed
T046,21-22,2021-12-09,70,Closed
T047,21-22,2021-12-09,70,Closed
T048,21-22,2021-12-09,70,Closed
T049,21-22,2021-12-09,70,Closed
T050,21-22,2021-12-09,70,Groomed
T051,21-22,2021-12-09,70,Closed
T052,21-22,2021-12-09,70,Closed
T053,21-22,2021-12-09,70,Closed
T054,21-22,2021-12-09,70,Closed
T055,21-22,2021-12-09,70,Closed
T056,21-22,2021-12-09,70,Closed
T057,21-22,2021-12-09,70,Closed
T058,21-22,2021-12-09,70,Closed
T061,21-22,2021-12-09,70,Groomed
T063,21-22,2021-12-09,70,Closed
T064,21-22,2021-12-09,70,Closed
T065,21-22,2021-12-09,70,Closed
T067,21-22,2021-12-09,70,Closed
T068,21-22,2021-12-09,70,Closed
T069,21-22,2021-12-09,70,Closed
T070,21-22,2021-12-09,70,Closed
T071,21-22,2021-12-09,70,Closed
T072,21-22,2021-12-09,70,Closed
T073,21-22,2021-12-09,70,Closed
T074,21-22,2021-12-09,70,Closed
T075,21-22,2021-12-09,70,Closed
T076,21-22,2021-12-09,70,Closed
T077,21-22,2021-12-09,70,Closed
T078,21-22,2021-12-09,70,Closed
T079,21-22,2021-12-09,70,Closed
T080,21-22,2021-12-09,70,Closed
T081,21-22,2021-12-09,70,Closed
T082,21-22,2021-12-09,70,Closed
T083,21-22,2021-12-09,70,Closed
T084,21-22,2021-12-09,70,Closed
T085,21-22,2021-12-09,70,Closed
T086,21-22,2021-12-09,70,Closed
T087,21-22,2021-12-09,70,Closed
T088,21-22,2021-12-09,70,Closed
T089,21-22,2021-12-09,70,Closed
T090,21-22,2021-12-09,70,Closed
T091,21-22,2021-12-09,70,Closed
T092,21-22,2021-12-09,70,Closed
T127,21-22,2021-12-09,70,Closed
T134,21-22,2021-12-09,70,Closed
T135,21-22,2021-12-09,70,Closed
T136,21-22,2021-12-09,70,Closed
T137,21-22,2021-12-09,70,Closed
T148,21-22,2021-12-09,70,Closed
T154,21-22,2021-12-09,70,Closed
T001,21-22,2021-12-10,71,Groomed
T002,21-22,2021-12-10,71,Closed
T003,21-22,2021-12-10,71,Groomed
T004,21-22,2021-12-10,71,Closed
T005,21-22,2021-12-10,71,Groomed
T006,21-22,2021-12-10,71,Closed
T007,21-22,2021-12-10,71,Groomed
T008,21-22,2021-12-10,71,Groomed
T009,21-22,2021-12-10,71,Closed
T010,21-22,2021-12-10,71,Closed
T011,21-22,2021-12-10,71,Groomed
T012,21-22,2021-12-10,71,Groomed
T013,21-22,2021-12-10,71,Groomed
T014,21-22,2021-12-10,71,Groomed
T015,21-22,2021-12-10,71,Closed
T016,21-22,2021-12-10,71,Closed
T017,21-22,2021-12-10,71,Closed
T018,21-22,2021-12-10,71,Closed
T019,21-22,2021-12-10,71,Closed
T020,21-22,2021-12-10,71,Closed
T021,21-22,2021-12-10,71,Groomed
T022,21-22,2021-12-10,71,Closed
T023,21-22,2021-12-10,71,Closed
T024,21-22,2021-12-10,71,Closed
T025,21-22,2021-12-10,71,Closed
T026,21-22,2021-12-10,71,Closed
T027,21-22,2021-12-10,71,Closed
T028,21-22,2021-12-10,71,Closed
T029,21-22,2021-12-10,71,Closed
T030,21-22,2021-12-10,71,Closed
T031,21-22,2021-12-10,71,Closed
T032,21-22,2021-12-10,71,Closed
T033,21-22,2021-12-10,71,Groomed
T034,21-22,2021-12-10,71,Groomed
T035,21-22,2021-12-10,71,Closed
T036,21-22,2021-12-10,71,Groomed
T037,21-22,2021-12-10,71,Closed
T038,21-22,2021-12-10,71,Closed
T039,21-22,2021-12-10,71,Closed
T040,21-22,2021-12-10,71,Closed
T041,21-22,2021-12-10,71,Closed
T042,21-22,2021-12-10,71,Closed
T043,21-22,2021-12-10,71,Closed
T044,21-22,2021-12-10,71,Closed
T045,21-22,2021-12-10,71,Closed
T046,21-22,2021-12-10,71,Closed
T047,21-22,2021-12-10,71,Closed
T048,21-22,2021-12-10,71,Closed
T049,21-22,2021-12-10,71,Closed
T050,21-22,2021-12-10,71,Groomed
T051,21-22,2021-12-10,71,Closed
T052,21-22,2021-12-10,71,Closed
T053,21-22,2021-12-10,71,Closed
T054,21-22,2021-12-10,71,Closed
T055,21-22,2021-12-10,71,Closed
T056,21-22,2021-12-10,71,Closed
T057,21-22,2021-12-10,71,Closed
T058,21-22,2021-12-10,71,Closed
T061,21-22,2021-12-10,71,Groomed
T063,21-22,2021-12-10,71,Closed
T064,21-22,2021-12-10,71,Closed
T065,21-22,2021-12-10,71,Closed
T067,21-22,2021-12-10,71,Closed
T068,21-22,2021-12-10,71,Closed
T069,21-22,2021-12-10,71,Closed
T070,21-22,2021-12-10,71,Closed
T071,21-22,2021-12-10,71,Closed
T072,21-22,2021-12-10,71,Closed
T073,21-22,2021-12-10,71,Closed
T074,21-22,2021-12-10,71,Closed
T075,21-22,2021-12-10,71,Closed
T076,21-22,2021-12-10,71,Closed
T077,21-22,2021-12-10,71,Closed
T078,21-22,2021-12-10,71,Closed
T079,21-22,2021-12-10,71,Closed
T080,21-22,2021-12-10,71,Closed
T081,21-22,2021-12-10,71,Closed
T082,21-22,2021-12-10,71,Closed
T083,21-22,2021-12-10,71,Closed
T084,21-22,2021-12-10,71,Closed
T085,21-22,2021-12-10,71,Closed
T086,21-22,2021-12-10,71,Closed
T087,21-22,2021-12-10,71,Closed
T088,21-22,2021-12-10,71,Closed
T089,21-22,2021-12-10,71,Closed
T090,21-22,2021-12-10,71,Closed
T091,21-22,2021-12-10,71,Closed
T092,21-22,2021-12-10,71,Closed
T127,21-22,2021-12-10,71,Closed
T134,21-22,2021-12-10,71,Closed
T135,21-22,2021-12-10,71,Closed
T136,21-22,2021-12-10,71,Closed
T137,21-22,2021-12-10,71,Closed
T148,21-22,2021-12-10,71,Closed
T154,21-22,2021-12-10,71,Closed
T001,21-22,2021-12-11,72,Groomed
T002,21-22,2021-12-11,72,Closed
T003,21-22,2021-12-11,72,Groomed
T004,21-22,2021-12-11,72,Closed
T005,21-22,2021-12-11,72,Groomed
T006,21-22,2021-12-11,72,Closed
T007,21-22,2021-12-11,72,Groomed
T008,21-22,2021-12-11,72,Groomed
T009,21-22,2021-12-11,72,Closed
T010,21-22,2021-12-11,72,Closed
T011,21-22,2021-12-11,72,Groomed
T012,21-22,2021-12-11,72,Groomed
T013,21-22,2021-12-11,72,Groomed
T014,21-22,2021-12-11,72,Open
T015,21-22,2021-12-11,72,Closed
T016,21-22,2021-12-11,72,Closed
T017,21-22,2021-12-11,72,Closed
T018,21-22,2021-12-11,72,Closed
T019,21-22,2021-12-11,72,Closed
T020,21-22,2021-12-11,72,Closed
T021,21-22,2021-12-11,72,Groomed
T022,21-22,2021-12-11,72,Closed
T023,21-22,2021-12-11,72,Closed
T024,21-22,2021-12-11,72,Closed
T025,21-22,2021-12-11,72,Closed
T026,21-22,2021-12-11,72,Closed
T027,21-22,2021-12-11,72,Closed
T028,21-22,2021-12-11,72,Closed
T029,21-22,2021-12-11,72,Closed
T030,21-22,2021-12-11,72,Closed
T031,21-22,2021-12-11,72,Closed
T032,21-22,2021-12-11,72,Closed
T033,21-22,2021-12-11,72,Groomed
T034,21-22,2021-12-11,72,Groomed
T035,21-22,2021-12-11,72,Closed
T036,21-22,2021-12-11,72,Groomed
T037,21-22,2021-12-11,72,Closed
T038,21-22,2021-12-11,72,Closed
T039,21-22,2021-12-11,72,Closed
T040,21-22,2021-12-11,72,Closed
T041,21-22,2021-12-11,72,Closed
T042,21-22,2021-12-11,72,Closed
T043,21-22,2021-12-11,72,Closed
T044,21-22,2021-12-11,72,Closed
T045,21-22,2021-12-11,72,Closed
T046,21-22,2021-12-11,72,Closed
T047,21-22,2021-12-11,72,Closed
T048,21-22,2021-12-11,72,Closed
T049,21-22,2021-12-11,72,Closed
T050,21-22,2021-12-11,72,Groomed
T051,21-22,2021-12-11,72,Closed
T052,21-22,2021-12-11,72,Closed
T053,21-22,2021-12-11,72,Closed
T054,21-22,2021-12-11,72,Closed
T055,21-22,2021-12-11,72,Closed
T056,21-22,2021-12-11,72,Closed
T057,21-22,2021-12-11,72,Closed
T058,21-22,2021-12-11,72,Closed
T061,21-22,2021-12-11,72,Groomed
T063,21-22,2021-12-11,72,Closed
T064,21-22,2021-12-11,72,Closed
T065,21-22,2021-12-11,72,Closed
T067,21-22,2021-12-11,72,Closed
T068,21-22,2021-12-11,72,Closed
T069,21-22,2021-12-11,72,Closed
T070,21-22,2021-12-11,72,Closed
T071,21-22,2021-12-11,72,Closed
T072,21-22,2021-12-11,72,Closed
T073,21-22,2021-12-11,72,Closed
T074,21-22,2021-12-11,72,Closed
T075,21-22,2021-12-11,72,Closed
T076,21-22,2021-12-11,72,Closed
T077,21-22,2021-12-11,72,Closed
T078,21-22,2021-12-11,72,Closed
T079,21-22,2021-12-11,72,Closed
T080,21-22,2021-12-11,72,Closed
T081,21-22,2021-12-11,72,Closed
T082,21-22,2021-12-11,72,Closed
T083,21-22,2021-12-11,72,Closed
T084,21-22,2021-12-11,72,Closed
T085,21-22,2021-12-11,72,Closed
T086,21-22,2021-12-11,72,Closed
T087,21-22,2021-12-11,72,Closed
T088,21-22,2021-12-11,72,Closed
T089,21-22,2021-12-11,72,Closed
T090,21-22,2021-12-11,72,Closed
T091,21-22,2021-12-11,72,Closed
T092,21-22,2021-12-11,72,Closed
T127,21-22,2021-12-11,72,Closed
T134,21-22,2021-12-11,72,Closed
T135,21-22,2021-12-11,72,Closed
T136,21-22,2021-12-11,72,Closed
T137,21-22,2021-12-11,72,Closed
T148,21-22,2021-12-11,72,Closed
T154,21-22,2021-12-11,72,Closed
T001,21-22,2021-12-12,73,Groomed
T002,21-22,2021-12-12,73,Closed
T003,21-22,2021-12-12,73,Groomed
T004,21-22,2021-12-12,73,Closed
T005,21-22,2021-12-12,73,Groomed
T006,21-22,2021-12-12,73,Closed
T007,21-22,2021-12-12,73,Groomed
T008,21-22,2021-12-12,73,Groomed
T009,21-22,2021-12-12,73,Closed
T010,21-22,2021-12-12,73,Closed
T011,21-22,2021-12-12,73,Groomed
T012,21-22,2021-12-12,73,Groomed
T013,21-22,2021-12-12,73,Groomed
T014,21-22,2021-12-12,73,Open
T015,21-22,2021-12-12,73,Closed
T016,21-22,2021-12-12,73,Closed
T017,21-22,2021-12-12,73,Closed
T018,21-22,2021-12-12,73,Closed
T019,21-22,2021-12-12,73,Closed
T020,21-22,2021-12-12,73,Closed
T021,21-22,2021-12-12,73,Groomed
T022,21-22,2021-12-12,73,Closed
T023,21-22,2021-12-12,73,Closed
T024,21-22,2021-12-12,73,Closed
T025,21-22,2021-12-12,73,Closed
T026,21-22,2021-12-12,73,Closed
T027,21-22,2021-12-12,73,Closed
T028,21-22,2021-12-12,73,Closed
T029,21-22,2021-12-12,73,Closed
T030,21-22,2021-12-12,73,Closed
T031,21-22,2021-12-12,73,Closed
T032,21-22,2021-12-12,73,Closed
T033,21-22,2021-12-12,73,Groomed
T034,21-22,2021-12-12,73,Groomed
T035,21-22,2021-12-12,73,Closed
T036,21-22,2021-12-12,73,Groomed
T037,21-22,2021-12-12,73,Closed
T038,21-22,2021-12-12,73,Closed
T039,21-22,2021-12-12,73,Closed
T040,21-22,2021-12-12,73,Closed
T041,21-22,2021-12-12,73,Closed
T042,21-22,2021-12-12,73,Closed
T043,21-22,2021-12-12,73,Closed
T044,21-22,2021-12-12,73,Closed
T045,21-22,2021-12-12,73,Closed
T046,21-22,2021-12-12,73,Closed
T047,21-22,2021-12-12,73,Closed
T048,21-22,2021-12-12,73,Closed
T049,21-22,2021-12-12,73,Closed
T050,21-22,2021-12-12,73,Groomed
T051,21-22,2021-12-12,73,Closed
T052,21-22,2021-12-12,73,Closed
T053,21-22,2021-12-12,73,Closed
T054,21-22,2021-12-12,73,Closed
T055,21-22,2021-12-12,73,Closed
T056,21-22,2021-12-12,73,Closed
T057,21-22,2021-12-12,73,Closed
T058,21-22,2021-12-12,73,Closed
T061,21-22,2021-12-12,73,Groomed
T063,21-22,2021-12-12,73,Closed
T064,21-22,2021-12-12,73,Closed
T065,21-22,2021-12-12,73,Closed
T067,21-22,2021-12-12,73,Closed
T068,21-22,2021-12-12,73,Closed
T069,21-22,2021-12-12,73,Closed
T070,21-22,2021-12-12,73,Closed
T071,21-22,2021-12-12,73,Closed
T072,21-22,2021-12-12,73,Closed
T073,21-22,2021-12-12,73,Closed
T074,21-22,2021-12-12,73,Closed
T075,21-22,2021-12-12,73,Closed
T076,21-22,2021-12-12,73,Closed
T077,21-22,2021-12-12,73,Closed
T078,21-22,2021-12-12,73,Closed
T079,21-22,2021-12-12,73,Closed
T080,21-22,2021-12-12,73,Closed
T081,21-22,2021-12-12,73,Closed
T082,21-22,2021-12-12,73,Closed
T083,21-22,2021-12-12,73,Closed
T084,21-22,2021-12-12,73,Closed
T085,21-22,2021-12-12,73,Closed
T086,21-22,2021-12-12,73,Closed
T087,21-22,2021-12-12,73,Closed
T088,21-22,2021-12-12,73,Closed
T089,21-22,2021-12-12,73,Closed
T090,21-22,2021-12-12,73,Closed
T091,21-22,2021-12-12,73,Closed
T092,21-22,2021-12-12,73,Closed
T127,21-22,2021-12-12,73,Closed
T134,21-22,2021-12-12,73,Closed
T135,21-22,2021-12-12,73,Closed
T136,21-22,2021-12-12,73,Closed
T137,21-22,2021-12-12,73,Closed
T148,21-22,2021-12-12,73,Closed
T154,21-22,2021-12-12,73,Closed
T001,21-22,2021-12-13,74,Groomed
T002,21-22,2021-12-13,74,Closed
T003,21-22,2021-12-13,74,Groomed
T004,21-22,2021-12-13,74,Closed
T005,21-22,2021-12-13,74,Groomed
T006,21-22,2021-12-13,74,Closed
T007,21-22,2021-12-13,74,Groomed
T008,21-22,2021-12-13,74,Groomed
T009,21-22,2021-12-13,74,Closed
T010,21-22,2021-12-13,74,Closed
T011,21-22,2021-12-13,74,Groomed
T012,21-22,2021-12-13,74,Groomed
T013,21-22,2021-12-13,74,Groomed
T014,21-22,2021-12-13,74,Open
T015,21-22,2021-12-13,74,Closed
T016,21-22,2021-12-13,74,Closed
T017,21-22,2021-12-13,74,Closed
T018,21-22,2021-12-13,74,Closed
T019,21-22,2021-12-13,74,Closed
T020,21-22,2021-12-13,74,Closed
T021,21-22,2021-12-13,74,Groomed
T022,21-22,2021-12-13,74,Closed
T023,21-22,2021-12-13,74,Closed
T024,21-22,2021-12-13,74,Closed
T025,21-22,2021-12-13,74,Closed
T026,21-22,2021-12-13,74,Closed
T027,21-22,2021-12-13,74,Closed
T028,21-22,2021-12-13,74,Closed
T029,21-22,2021-12-13,74,Closed
T030,21-22,2021-12-13,74,Closed
T031,21-22,2021-12-13,74,Closed
T032,21-22,2021-12-13,74,Closed
T033,21-22,2021-12-13,74,Groomed
T034,21-22,2021-12-13,74,Groomed
T035,21-22,2021-12-13,74,Closed
T036,21-22,2021-12-13,74,Groomed
T037,21-22,2021-12-13,74,Closed
T038,21-22,2021-12-13,74,Closed
T039,21-22,2021-12-13,74,Closed
T040,21-22,2021-12-13,74,Closed
T041,21-22,2021-12-13,74,Closed
T042,21-22,2021-12-13,74,Closed
T043,21-22,2021-12-13,74,Closed
T044,21-22,2021-12-13,74,Closed
T045,21-22,2021-12-13,74,Closed
T046,21-22,2021-12-13,74,Closed
T047,21-22,2021-12-13,74,Closed
T048,21-22,2021-12-13,74,Closed
T049,21-22,2021-12-13,74,Closed
T050,21-22,2021-12-13,74,Groomed
T051,21-22,2021-12-13,74,Closed
T052,21-22,2021-12-13,74,Closed
T053,21-22,2021-12-13,74,Closed
T054,21-22,2021-12-13,74,Closed
T055,21-22,2021-12-13,74,Closed
T056,21-22,2021-12-13,74,Closed
T057,21-22,2021-12-13,74,Closed
T058,21-22,2021-12-13,74,Closed
T061,21-22,2021-12-13,74,Groomed
T063,21-22,2021-12-13,74,Closed
T064,21-22,2021-12-13,74,Closed
T065,21-22,2021-12-13,74,Closed
T067,21-22,2021-12-13,74,Closed
T068,21-22,2021-12-13,74,Closed
T069,21-22,2021-12-13,74,Closed
T070,21-22,2021-12-13,74,Closed
T071,21-22,2021-12-13,74,Closed
T072,21-22,2021-12-13,74,Closed
T073,21-22,2021-12-13,74,Closed
T074,21-22,2021-12-13,74,Closed
T075,21-22,2021-12-13,74,Closed
T076,21-22,2021-12-13,74,Closed
T077,21-22,2021-12-13,74,Closed
T078,21-22,2021-12-13,74,Closed
T079,21-22,2021-12-13,74,Closed
T080,21-22,2021-12-13,74,Closed
T081,21-22,2021-12-13,74,Closed
T082,21-22,2021-12-13,74,Closed
T083,21-22,2021-12-13,74,Closed
T084,21-22,2021-12-13,74,Closed
T085,21-22,2021-12-13,74,Closed
T086,21-22,2021-12-13,74,Closed
T087,21-22,2021-12-13,74,Closed
T088,21-22,2021-12-13,74,Closed
T089,21-22,2021-12-13,74,Closed
T090,21-22,2021-12-13,74,Closed
T091,21-22,2021-12-13,74,Closed
T092,21-22,2021-12-13,74,Closed
T127,21-22,2021-12-13,74,Closed
T134,21-22,2021-12-13,74,Closed
T135,21-22,2021-12-13,74,Closed
T136,21-22,2021-12-13,74,Closed
T137,21-22,2021-12-13,74,Closed
T148,21-22,2021-12-13,74,Closed
T154,21-22,2021-12-13,74,Closed
T001,21-22,2021-12-14,75,Groomed
T002,21-22,2021-12-14,75,Closed
T003,21-22,2021-12-14,75,Groomed
T004,21-22,2021-12-14,75,Closed
T005,21-22,2021-12-14,75,Groomed
T006,21-22,2021-12-14,75,Closed
T007,21-22,2021-12-14,75,Groomed
T008,21-22,2021-12-14,75,Groomed
T009,21-22,2021-12-14,75,Closed
T010,21-22,2021-12-14,75,Closed
T011,21-22,2021-12-14,75,Groomed
T012,21-22,2021-12-14,75,Groomed
T013,21-22,2021-12-14,75,Groomed
T014,21-22,2021-12-14,75,Open
T015,21-22,2021-12-14,75,Closed
T016,21-22,2021-12-14,75,Closed
T017,21-22,2021-12-14,75,Closed
T018,21-22,2021-12-14,75,Closed
T019,21-22,2021-12-14,75,Closed
T020,21-22,2021-12-14,75,Closed
T021,21-22,2021-12-14,75,Groomed
T022,21-22,2021-12-14,75,Closed
T023,21-22,2021-12-14,75,Closed
T024,21-22,2021-12-14,75,Closed
T025,21-22,2021-12-14,75,Closed
T026,21-22,2021-12-14,75,Closed
T027,21-22,2021-12-14,75,Closed
T028,21-22,2021-12-14,75,Closed
T029,21-22,2021-12-14,75,Closed
T030,21-22,2021-12-14,75,Closed
T031,21-22,2021-12-14,75,Closed
T032,21-22,2021-12-14,75,Closed
T033,21-22,2021-12-14,75,Groomed
T034,21-22,2021-12-14,75,Groomed
T035,21-22,2021-12-14,75,Closed
T036,21-22,2021-12-14,75,Groomed
T037,21-22,2021-12-14,75,Closed
T038,21-22,2021-12-14,75,Closed
T039,21-22,2021-12-14,75,Closed
T040,21-22,2021-12-14,75,Closed
T041,21-22,2021-12-14,75,Closed
T042,21-22,2021-12-14,75,Closed
T043,21-22,2021-12-14,75,Closed
T044,21-22,2021-12-14,75,Closed
T045,21-22,2021-12-14,75,Closed
T046,21-22,2021-12-14,75,Closed
T047,21-22,2021-12-14,75,Closed
T048,21-22,2021-12-14,75,Closed
T049,21-22,2021-12-14,75,Closed
T050,21-22,2021-12-14,75,Groomed
T051,21-22,2021-12-14,75,Closed
T052,21-22,2021-12-14,75,Closed
T053,21-22,2021-12-14,75,Closed
T054,21-22,2021-12-14,75,Closed
T055,21-22,2021-12-14,75,Closed
T056,21-22,2021-12-14,75,Closed
T057,21-22,2021-12-14,75,Closed
T058,21-22,2021-12-14,75,Closed
T061,21-22,2021-12-14,75,Groomed
T063,21-22,2021-12-14,75,Closed
T064,21-22,2021-12-14,75,Closed
T065,21-22,2021-12-14,75,Closed
T067,21-22,2021-12-14,75,Closed
T068,21-22,2021-12-14,75,Closed
T069,21-22,2021-12-14,75,Closed
T070,21-22,2021-12-14,75,Closed
T071,21-22,2021-12-14,75,Closed
T072,21-22,2021-12-14,75,Closed
T073,21-22,2021-12-14,75,Closed
T074,21-22,2021-12-14,75,Closed
T075,21-22,2021-12-14,75,Closed
T076,21-22,2021-12-14,75,Closed
T077,21-22,2021-12-14,75,Closed
T078,21-22,2021-12-14,75,Closed
T079,21-22,2021-12-14,75,Closed
T080,21-22,2021-12-14,75,Closed
T081,21-22,2021-12-14,75,Closed
T082,21-22,2021-12-14,75,Closed
T083,21-22,2021-12-14,75,Closed
T084,21-22,2021-12-14,75,Closed
T085,21-22,2021-12-14,75,Closed
T086,21-22,2021-12-14,75,Closed
T087,21-22,2021-12-14,75,Closed
T088,21-22,2021-12-14,75,Closed
T089,21-22,2021-12-14,75,Closed
T090,21-22,2021-12-14,75,Closed
T091,21-22,2021-12-14,75,Closed
T092,21-22,2021-12-14,75,Closed
T127,21-22,2021-12-14,75,Closed
T134,21-22,2021-12-14,75,Closed
T135,21-22,2021-12-14,75,Closed
T136,21-22,2021-12-14,75,Closed
T137,21-22,2021-12-14,75,Closed
T148,21-22,2021-12-14,75,Closed
T154,21-22,2021-12-14,75,Closed
T001,21-22,2021-12-15,76,Groomed
T002,21-22,2021-12-15,76,Closed
T003,21-22,2021-12-15,76,Groomed
T004,21-22,2021-12-15,76,Closed
T005,21-22,2021-12-15,76,Groomed
T006,21-22,2021-12-15,76,Closed
T007,21-22,2021-12-15,76,Groomed
T008,21-22,2021-12-15,76,Groomed
T009,21-22,2021-12-15,76,Closed
T010,21-22,2021-12-15,76,Closed
T011,21-22,2021-12-15,76,Groomed
T012,21-22,2021-12-15,76,Groomed
T013,21-22,2021-12-15,76,Groomed
T014,21-22,2021-12-15,76,Open
T015,21-22,2021-12-15,76,Closed
T016,21-22,2021-12-15,76,Closed
T017,21-22,2021-12-15,76,Closed
T018,21-22,2021-12-15,76,Closed
T019,21-22,2021-12-15,76,Closed
T020,21-22,2021-12-15,76,Closed
T021,21-22,2021-12-15,76,Groomed
T022,21-22,2021-12-15,76,Closed
T023,21-22,2021-12-15,76,Closed
T024,21-22,2021-12-15,76,Closed
T025,21-22,2021-12-15,76,Closed
T026,21-22,2021-12-15,76,Closed
T027,21-22,2021-12-15,76,Closed
T028,21-22,2021-12-15,76,Closed
T029,21-22,2021-12-15,76,Closed
T030,21-22,2021-12-15,76,Closed
T031,21-22,2021-12-15,76,Closed
T032,21-22,2021-12-15,76,Closed
T033,21-22,2021-12-15,76,Groomed
T034,21-22,2021-12-15,76,Groomed
T035,21-22,2021-12-15,76,Closed
T036,21-22,2021-12-15,76,Groomed
T037,21-22,2021-12-15,76,Closed
T038,21-22,2021-12-15,76,Closed
T039,21-22,2021-12-15,76,Closed
T040,21-22,2021-12-15,76,Closed
T041,21-22,2021-12-15,76,Closed
T042,21-22,2021-12-15,76,Closed
T043,21-22,2021-12-15,76,Closed
T044,21-22,2021-12-15,76,Closed
T045,21-22,2021-12-15,76,Closed
T046,21-22,2021-12-15,76,Closed
T047,21-22,2021-12-15,76,Closed
T048,21-22,2021-12-15,76,Closed
T049,21-22,2021-12-15,76,Closed
T050,21-22,2021-12-15,76,Groomed
T051,21-22,2021-12-15,76,Closed
T052,21-22,2021-12-15,76,Closed
T053,21-22,2021-12-15,76,Closed
T054,21-22,2021-12-15,76,Closed
T055,21-22,2021-12-15,76,Closed
T056,21-22,2021-12-15,76,Closed
T057,21-22,2021-12-15,76,Closed
T058,21-22,2021-12-15,76,Closed
T061,21-22,2021-12-15,76,Groomed
T063,21-22,2021-12-15,76,Closed
T064,21-22,2021-12-15,76,Closed
T065,21-22,2021-12-15,76,Closed
T067,21-22,2021-12-15,76,Closed
T068,21-22,2021-12-15,76,Closed
T069,21-22,2021-12-15,76,Closed
T070,21-22,2021-12-15,76,Closed
T071,21-22,2021-12-15,76,Closed
T072,21-22,2021-12-15,76,Closed
T073,21-22,2021-12-15,76,Closed
T074,21-22,2021-12-15,76,Closed
T075,21-22,2021-12-15,76,Closed
T076,21-22,2021-12-15,76,Closed
T077,21-22,2021-12-15,76,Closed
T078,21-22,2021-12-15,76,Closed
T079,21-22,2021-12-15,76,Closed
T080,21-22,2021-12-15,76,Closed
T081,21-22,2021-12-15,76,Closed
T082,21-22,2021-12-15,76,Closed
T083,21-22,2021-12-15,76,Closed
T084,21-22,2021-12-15,76,Closed
T085,21-22,2021-12-15,76,Closed
T086,21-22,2021-12-15,76,Closed
T087,21-22,2021-12-15,76,Closed
T088,21-22,2021-12-15,76,Closed
T089,21-22,2021-12-15,76,Closed
T090,21-22,2021-12-15,76,Closed
T091,21-22,2021-12-15,76,Closed
T092,21-22,2021-12-15,76,Closed
T127,21-22,2021-12-15,76,Closed
T134,21-22,2021-12-15,76,Closed
T135,21-22,2021-12-15,76,Closed
T136,21-22,2021-12-15,76,Closed
T137,21-22,2021-12-15,76,Closed
T148,21-22,2021-12-15,76,Closed
T154,21-22,2021-12-15,76,Closed
T001,21-22,2021-12-16,77,Groomed
T002,21-22,2021-12-16,77,Closed
T003,21-22,2021-12-16,77,Groomed
T004,21-22,2021-12-16,77,Closed
T005,21-22,2021-12-16,77,Groomed
T006,21-22,2021-12-16,77,Closed
T007,21-22,2021-12-16,77,Groomed
T008,21-22,2021-12-16,77,Groomed
T009,21-22,2021-12-16,77,Closed
T010,21-22,2021-12-16,77,Closed
T011,21-22,2021-12-16,77,Groomed
T012,21-22,2021-12-16,77,Groomed
T013,21-22,2021-12-16,77,Groomed
T014,21-22,2021-12-16,77,Groomed
T015,21-22,2021-12-16,77,Closed
T016,21-22,2021-12-16,77,Closed
T017,21-22,2021-12-16,77,Closed
T018,21-22,2021-12-16,77,Closed
T019,21-22,2021-12-16,77,Closed
T020,21-22,2021-12-16,77,Closed
T021,21-22,2021-12-16,77,Groomed
T022,21-22,2021-12-16,77,Closed
T023,21-22,2021-12-16,77,Closed
T024,21-22,2021-12-16,77,Closed
T025,21-22,2021-12-16,77,Closed
T026,21-22,2021-12-16,77,Closed
T027,21-22,2021-12-16,77,Closed
T028,21-22,2021-12-16,77,Closed
T029,21-22,2021-12-16,77,Closed
T030,21-22,2021-12-16,77,Closed
T031,21-22,2021-12-16,77,Closed
T032,21-22,2021-12-16,77,Closed
T033,21-22,2021-12-16,77,Groomed
T034,21-22,2021-12-16,77,Groomed
T035,21-22,2021-12-16,77,Closed
T036,21-22,2021-12-16,77,Groomed
T037,21-22,2021-12-16,77,Closed
T038,21-22,2021-12-16,77,Closed
T039,21-22,2021-12-16,77,Closed
T040,21-22,2021-12-16,77,Closed
T041,21-22,2021-12-16,77,Closed
T042,21-22,2021-12-16,77,Closed
T043,21-22,2021-12-16,77,Closed
T044,21-22,2021-12-16,77,Closed
T045,21-22,2021-12-16,77,Closed
T046,21-22,2021-12-16,77,Closed
T047,21-22,2021-12-16,77,Closed
T048,21-22,2021-12-16,77,Closed
T049,21-22,2021-12-16,77,Closed
T050,21-22,2021-12-16,77,Groomed
T051,21-22,2021-12-16,77,Closed
T052,21-22,2021-12-16,77,Closed
T053,21-22,2021-12-16,77,Closed
T054,21-22,2021-12-16,77,Closed
T055,21-22,2021-12-16,77,Closed
T056,21-22,2021-12-16,77,Closed
T057,21-22,2021-12-16,77,Closed
T058,21-22,2021-12-16,77,Closed
T061,21-22,2021-12-16,77,Groomed
T063,21-22,2021-12-16,77,Closed
T064,21-22,2021-12-16,77,Closed
T065,21-22,2021-12-16,77,Closed
T067,21-22,2021-12-16,77,Closed
T068,21-22,2021-12-16,77,Closed
T069,21-22,2021-12-16,77,Closed
T070,21-22,2021-12-16,77,Closed
T071,21-22,2021-12-16,77,Closed
T072,21-22,2021-12-16,77,Closed
T073,21-22,2021-12-16,77,Closed
T074,21-22,2021-12-16,77,Closed
T075,21-22,2021-12-16,77,Closed
T076,21-22,2021-12-16,77,Closed
T077,21-22,2021-12-16,77,Closed
T078,21-22,2021-12-16,77,Closed
T079,21-22,2021-12-16,77,Closed
T080,21-22,2021-12-16,77,Closed
T081,21-22,2021-12-16,77,Closed
T082,21-22,2021-12-16,77,Closed
T083,21-22,2021-12-16,77,Closed
T084,21-22,2021-12-16,77,Closed
T085,21-22,2021-12-16,77,Closed
T086,21-22,2021-12-16,77,Closed
T087,21-22,2021-12-16,77,Closed
T088,21-22,2021-12-16,77,Closed
T089,21-22,2021-12-16,77,Closed
T090,21-22,2021-12-16,77,Closed
T091,21-22,2021-12-16,77,Closed
T092,21-22,2021-12-16,77,Closed
T127,21-22,2021-12-16,77,Closed
T134,21-22,2021-12-16,77,Closed
T135,21-22,2021-12-16,77,Closed
T136,21-22,2021-12-16,77,Closed
T137,21-22,2021-12-16,77,Closed
T148,21-22,2021-12-16,77,Closed
T154,21-22,2021-12-16,77,Closed
T001,21-22,2021-12-17,78,Groomed
T002,21-22,2021-12-17,78,Closed
T003,21-22,2021-12-17,78,Groomed
T004,21-22,2021-12-17,78,Closed
T005,21-22,2021-12-17,78,Groomed
T006,21-22,2021-12-17,78,Closed
T007,21-22,2021-12-17,78,Groomed
T008,21-22,2021-12-17,78,Groomed
T009,21-22,2021-12-17,78,Closed
T010,21-22,2021-12-17,78,Closed
T011,21-22,2021-12-17,78,Groomed
T012,21-22,2021-12-17,78,Groomed
T013,21-22,2021-12-17,78,Groomed
T014,21-22,2021-12-17,78,Groomed
T015,21-22,2021-12-17,78,Closed
T016,21-22,2021-12-17,78,Closed
T017,21-22,2021-12-17,78,Closed
T018,21-22,2021-12-17,78,Closed
T019,21-22,2021-12-17,78,Closed
T020,21-22,2021-12-17,78,Closed
T021,21-22,2021-12-17,78,Groomed
T022,21-22,2021-12-17,78,Closed
T023,21-22,2021-12-17,78,Closed
T024,21-22,2021-12-17,78,Closed
T025,21-22,2021-12-17,78,Closed
T026,21-22,2021-12-17,78,Closed
T027,21-22,2021-12-17,78,Closed
T028,21-22,2021-12-17,78,Closed
T029,21-22,2021-12-17,78,Closed
T030,21-22,2021-12-17,78,Closed
T031,21-22,2021-12-17,78,Closed
T032,21-22,2021-12-17,78,Closed
T033,21-22,2021-12-17,78,Groomed
T034,21-22,2021-12-17,78,Groomed
T035,21-22,2021-12-17,78,Closed
T036,21-22,2021-12-17,78,Groomed
T037,21-22,2021-12-17,78,Closed
T038,21-22,2021-12-17,78,Closed
T039,21-22,2021-12-17,78,Closed
T040,21-22,2021-12-17,78,Closed
T041,21-22,2021-12-17,78,Closed
T042,21-22,2021-12-17,78,Closed
T043,21-22,2021-12-17,78,Closed
T044,21-22,2021-12-17,78,Closed
T045,21-22,2021-12-17,78,Closed
T046,21-22,2021-12-17,78,Closed
T047,21-22,2021-12-17,78,Closed
T048,21-22,2021-12-17,78,Closed
T049,21-22,2021-12-17,78,Closed
T050,21-22,2021-12-17,78,Groomed
T051,21-22,2021-12-17,78,Closed
T052,21-22,2021-12-17,78,Closed
T053,21-22,2021-12-17,78,Closed
T054,21-22,2021-12-17,78,Closed
T055,21-22,2021-12-17,78,Closed
T056,21-22,2021-12-17,78,Closed
T057,21-22,2021-12-17,78,Closed
T058,21-22,2021-12-17,78,Closed
T061,21-22,2021-12-17,78,Groomed
T063,21-22,2021-12-17,78,Closed
T064,21-22,2021-12-17,78,Closed
T065,21-22,2021-12-17,78,Closed
T067,21-22,2021-12-17,78,Closed
T068,21-22,2021-12-17,78,Closed
T069,21-22,2021-12-17,78,Closed
T070,21-22,2021-12-17,78,Closed
T071,21-22,2021-12-17,78,Closed
T072,21-22,2021-12-17,78,Closed
T073,21-22,2021-12-17,78,Closed
T074,21-22,2021-12-17,78,Closed
T075,21-22,2021-12-17,78,Closed
T076,21-22,2021-12-17,78,Closed
T077,21-22,2021-12-17,78,Closed
T078,21-22,2021-12-17,78,Closed
T079,21-22,2021-12-17,78,Closed
T080,21-22,2021-12-17,78,Closed
T081,21-22,2021-12-17,78,Closed
T082,21-22,2021-12-17,78,Closed
T083,21-22,2021-12-17,78,Closed
T084,21-22,2021-12-17,78,Closed
T085,21-22,2021-12-17,78,Closed
T086,21-22,2021-12-17,78,Closed
T087,21-22,2021-12-17,78,Closed
T088,21-22,2021-12-17,78,Closed
T089,21-22,2021-12-17,78,Closed
T090,21-22,2021-12-17,78,Closed
T091,21-22,2021-12-17,78,Closed
T092,21-22,2021-12-17,78,Closed
T127,21-22,2021-12-17,78,Closed
T134,21-22,2021-12-17,78,Closed
T135,21-22,2021-12-17,78,Closed
T136,21-22,2021-12-17,78,Closed
T137,21-22,2021-12-17,78,Closed
T148,21-22,2021-12-17,78,Closed
T154,21-22,2021-12-17,78,Closed
T001,21-22,2021-12-18,79,Groomed
T002,21-22,2021-12-18,79,Closed
T003,21-22,2021-12-18,79,Groomed
T004,21-22,2021-12-18,79,Closed
T005,21-22,2021-12-18,79,Groomed
T006,21-22,2021-12-18,79,Closed
T007,21-22,2021-12-18,79,Groomed
T008,21-22,2021-12-18,79,Groomed
T009,21-22,2021-12-18,79,Closed
T010,21-22,2021-12-18,79,Closed
T011,21-22,2021-12-18,79,Groomed
T012,21-22,2021-12-18,79,Groomed
T013,21-22,2021-12-18,79,Groomed
T014,21-22,2021-12-18,79,Groomed
T015,21-22,2021-12-18,79,Closed
T016,21-22,2021-12-18,79,Closed
T017,21-22,2021-12-18,79,Closed
T018,21-22,2021-12-18,79,Closed
T019,21-22,2021-12-18,79,Closed
T020,21-22,2021-12-18,79,Closed
T021,21-22,2021-12-18,79,Groomed
T022,21-22,2021-12-18,79,Closed
T023,21-22,2021-12-18,79,Closed
T024,21-22,2021-12-18,79,Closed
T025,21-22,2021-12-18,79,Closed
T026,21-22,2021-12-18,79,Closed
T027,21-22,2021-12-18,79,Closed
T028,21-22,2021-12-18,79,Closed
T029,21-22,2021-12-18,79,Closed
T030,21-22,2021-12-18,79,Closed
T031,21-22,2021-12-18,79,Closed
T032,21-22,2021-12-18,79,Closed
T033,21-22,2021-12-18,79,Groomed
T034,21-22,2021-12-18,79,Groomed
T035,21-22,2021-12-18,79,Closed
T036,21-22,2021-12-18,79,Groomed
T037,21-22,2021-12-18,79,Closed
T038,21-22,2021-12-18,79,Closed
T039,21-22,2021-12-18,79,Closed
T040,21-22,2021-12-18,79,Closed
T041,21-22,2021-12-18,79,Closed
T042,21-22,2021-12-18,79,Closed
T043,21-22,2021-12-18,79,Closed
T044,21-22,2021-12-18,79,Closed
T045,21-22,2021-12-18,79,Closed
T046,21-22,2021-12-18,79,Closed
T047,21-22,2021-12-18,79,Closed
T048,21-22,2021-12-18,79,Closed
T049,21-22,2021-12-18,79,Closed
T050,21-22,2021-12-18,79,Groomed
T051,21-22,2021-12-18,79,Closed
T052,21-22,2021-12-18,79,Closed
T053,21-22,2021-12-18,79,Closed
T054,21-22,2021-12-18,79,Closed
T055,21-22,2021-12-18,79,Closed
T056,21-22,2021-12-18,79,Closed
T057,21-22,2021-12-18,79,Closed
T058,21-22,2021-12-18,79,Closed
T061,21-22,2021-12-18,79,Groomed
T063,21-22,2021-12-18,79,Groomed
T064,21-22,2021-12-18,79,Closed
T065,21-22,2021-12-18,79,Closed
T067,21-22,2021-12-18,79,Closed
T068,21-22,2021-12-18,79,Closed
T069,21-22,2021-12-18,79,Closed
T070,21-22,2021-12-18,79,Closed
T071,21-22,2021-12-18,79,Closed
T072,21-22,2021-12-18,79,Closed
T073,21-22,2021-12-18,79,Closed
T074,21-22,2021-12-18,79,Closed
T075,21-22,2021-12-18,79,Closed
T076,21-22,2021-12-18,79,Closed
T077,21-22,2021-12-18,79,Closed
T078,21-22,2021-12-18,79,Closed
T079,21-22,2021-12-18,79,Closed
T080,21-22,2021-12-18,79,Closed
T081,21-22,2021-12-18,79,Closed
T082,21-22,2021-12-18,79,Closed
T083,21-22,2021-12-18,79,Closed
T084,21-22,2021-12-18,79,Closed
T085,21-22,2021-12-18,79,Closed
T086,21-22,2021-12-18,79,Closed
T087,21-22,2021-12-18,79,Closed
T088,21-22,2021-12-18,79,Closed
T089,21-22,2021-12-18,79,Closed
T090,21-22,2021-12-18,79,Closed
T091,21-22,2021-12-18,79,Closed
T092,21-22,2021-12-18,79,Closed
T127,21-22,2021-12-18,79,Closed
T134,21-22,2021-12-18,79,Closed
T135,21-22,2021-12-18,79,Closed
T136,21-22,2021-12-18,79,Closed
T137,21-22,2021-12-18,79,Closed
T148,21-22,2021-12-18,79,Closed
T154,21-22,2021-12-18,79,Closed
T001,21-22,2021-12-19,80,Groomed
T002,21-22,2021-12-19,80,Groomed
T003,21-22,2021-12-19,80,Groomed
T004,21-22,2021-12-19,80,Closed
T005,21-22,2021-12-19,80,Groomed
T006,21-22,2021-12-19,80,Closed
T007,21-22,2021-12-19,80,Groomed
T008,21-22,2021-12-19,80,Groomed
T009,21-22,2021-12-19,80,Closed
T010,21-22,2021-12-19,80,Closed
T011,21-22,2021-12-19,80,Groomed
T012,21-22,2021-12-19,80,Groomed
T013,21-22,2021-12-19,80,Groomed
T014,21-22,2021-12-19,80,Groomed
T015,21-22,2021-12-19,80,Closed
T016,21-22,2021-12-19,80,Closed
T017,21-22,2021-12-19,80,Closed
T018,21-22,2021-12-19,80,Closed
T019,21-22,2021-12-19,80,Closed
T020,21-22,2021-12-19,80,Closed
T021,21-22,2021-12-19,80,Groomed
T022,21-22,2021-12-19,80,Closed
T023,21-22,2021-12-19,80,Closed
T024,21-22,2021-12-19,80,Closed
T025,21-22,2021-12-19,80,Closed
T026,21-22,2021-12-19,80,Closed
T027,21-22,2021-12-19,80,Closed
T028,21-22,2021-12-19,80,Closed
T029,21-22,2021-12-19,80,Closed
T030,21-22,2021-12-19,80,Closed
T031,21-22,2021-12-19,80,Closed
T032,21-22,2021-12-19,80,Closed
T033,21-22,2021-12-19,80,Groomed
T034,21-22,2021-12-19,80,Groomed
T035,21-22,2021-12-19,80,Closed
T036,21-22,2021-12-19,80,Groomed
T037,21-22,2021-12-19,80,Closed
T038,21-22,2021-12-19,80,Closed
T039,21-22,2021-12-19,80,Closed
T040,21-22,2021-12-19,80,Closed
T041,21-22,2021-12-19,80,Closed
T042,21-22,2021-12-19,80,Closed
T043,21-22,2021-12-19,80,Closed
T044,21-22,2021-12-19,80,Closed
T045,21-22,2021-12-19,80,Closed
T046,21-22,2021-12-19,80,Closed
T047,21-22,2021-12-19,80,Closed
T048,21-22,2021-12-19,80,Closed
T049,21-22,2021-12-19,80,Closed
T050,21-22,2021-12-19,80,Groomed
T051,21-22,2021-12-19,80,Closed
T052,21-22,2021-12-19,80,Closed
T053,21-22,2021-12-19,80,Closed
T054,21-22,2021-12-19,80,Closed
T055,21-22,2021-12-19,80,Closed
T056,21-22,2021-12-19,80,Closed
T057,21-22,2021-12-19,80,Closed
T058,21-22,2021-12-19,80,Closed
T061,21-22,2021-12-19,80,Groomed
T063,21-22,2021-12-19,80,Groomed
T064,21-22,2021-12-19,80,Closed
T065,21-22,2021-12-19,80,Closed
T067,21-22,2021-12-19,80,Closed
T068,21-22,2021-12-19,80,Closed
T069,21-22,2021-12-19,80,Closed
T070,21-22,2021-12-19,80,Closed
T071,21-22,2021-12-19,80,Closed
T072,21-22,2021-12-19,80,Closed
T073,21-22,2021-12-19,80,Closed
T074,21-22,2021-12-19,80,Closed
T075,21-22,2021-12-19,80,Closed
T076,21-22,2021-12-19,80,Closed
T077,21-22,2021-12-19,80,Closed
T078,21-22,2021-12-19,80,Closed
T079,21-22,2021-12-19,80,Closed
T080,21-22,2021-12-19,80,Closed
T081,21-22,2021-12-19,80,Closed
T082,21-22,2021-12-19,80,Closed
T083,21-22,2021-12-19,80,Closed
T084,21-22,2021-12-19,80,Closed
T085,21-22,2021-12-19,80,Closed
T086,21-22,2021-12-19,80,Closed
T087,21-22,2021-12-19,80,Closed
T088,21-22,2021-12-19,80,Closed
T089,21-22,2021-12-19,80,Closed
T090,21-22,2021-12-19,80,Closed
T091,21-22,2021-12-19,80,Closed
T092,21-22,2021-12-19,80,Closed
T127,21-22,2021-12-19,80,Closed
T134,21-22,2021-12-19,80,Closed
T135,21-22,2021-12-19,80,Closed
T136,21-22,2021-12-19,80,Closed
T137,21-22,2021-12-19,80,Closed
T148,21-22,2021-12-19,80,Closed
T154,21-22,2021-12-19,80,Closed
T001,21-22,2021-12-20,81,Groomed
T002,21-22,2021-12-20,81,Groomed
T003,21-22,2021-12-20,81,Groomed
T004,21-22,2021-12-20,81,Closed
T005,21-22,2021-12-20,81,Groomed
T006,21-22,2021-12-20,81,Closed
T007,21-22,2021-12-20,81,Groomed
T008,21-22,2021-12-20,81,Groomed
T009,21-22,2021-12-20,81,Closed
T010,21-22,2021-12-20,81,Closed
T011,21-22,2021-12-20,81,Groomed
T012,21-22,2021-12-20,81,Groomed
T013,21-22,2021-12-20,81,Groomed
T014,21-22,2021-12-20,81,Groomed
T015,21-22,2021-12-20,81,Closed
T016,21-22,2021-12-20,81,Closed
T017,21-22,2021-12-20,81,Closed
T018,21-22,2021-12-20,81,Closed
T019,21-22,2021-12-20,81,Closed
T020,21-22,2021-12-20,81,Closed
T021,21-22,2021-12-20,81,Groomed
T022,21-22,2021-12-20,81,Closed
T023,21-22,2021-12-20,81,Closed
T024,21-22,2021-12-20,81,Closed
T025,21-22,2021-12-20,81,Groomed
T026,21-22,2021-12-20,81,Closed
T027,21-22,2021-12-20,81,Closed
T028,21-22,2021-12-20,81,Closed
T029,21-22,2021-12-20,81,Closed
T030,21-22,2021-12-20,81,Closed
T031,21-22,2021-12-20,81,Closed
T032,21-22,2021-12-20,81,Groomed
T033,21-22,2021-12-20,81,Groomed
T034,21-22,2021-12-20,81,Groomed
T035,21-22,2021-12-20,81,Closed
T036,21-22,2021-12-20,81,Groomed
T037,21-22,2021-12-20,81,Closed
T038,21-22,2021-12-20,81,Closed
T039,21-22,2021-12-20,81,Closed
T040,21-22,2021-12-20,81,Closed
T041,21-22,2021-12-20,81,Closed
T042,21-22,2021-12-20,81,Closed
T043,21-22,2021-12-20,81,Closed
T044,21-22,2021-12-20,81,Closed
T045,21-22,2021-12-20,81,Closed
T046,21-22,2021-12-20,81,Closed
T047,21-22,2021-12-20,81,Closed
T048,21-22,2021-12-20,81,Closed
T049,21-22,2021-12-20,81,Closed
T050,21-22,2021-12-20,81,Groomed
T051,21-22,2021-12-20,81,Closed
T052,21-22,2021-12-20,81,Closed
T053,21-22,2021-12-20,81,Closed
T054,21-22,2021-12-20,81,Closed
T055,21-22,2021-12-20,81,Closed
T056,21-22,2021-12-20,81,Closed
T057,21-22,2021-12-20,81,Closed
T058,21-22,2021-12-20,81,Closed
T061,21-22,2021-12-20,81,Groomed
T063,21-22,2021-12-20,81,Groomed
T064,21-22,2021-12-20,81,Closed
T065,21-22,2021-12-20,81,Closed
T067,21-22,2021-12-20,81,Closed
T068,21-22,2021-12-20,81,Closed
T069,21-22,2021-12-20,81,Closed
T070,21-22,2021-12-20,81,Closed
T071,21-22,2021-12-20,81,Closed
T072,21-22,2021-12-20,81,Closed
T073,21-22,2021-12-20,81,Closed
T074,21-22,2021-12-20,81,Closed
T075,21-22,2021-12-20,81,Closed
T076,21-22,2021-12-20,81,Closed
T077,21-22,2021-12-20,81,Closed
T078,21-22,2021-12-20,81,Closed
T079,21-22,2021-12-20,81,Closed
T080,21-22,2021-12-20,81,Closed
T081,21-22,2021-12-20,81,Closed
T082,21-22,2021-12-20,81,Closed
T083,21-22,2021-12-20,81,Closed
T084,21-22,2021-12-20,81,Closed
T085,21-22,2021-12-20,81,Closed
T086,21-22,2021-12-20,81,Closed
T087,21-22,2021-12-20,81,Closed
T088,21-22,2021-12-20,81,Closed
T089,21-22,2021-12-20,81,Closed
T090,21-22,2021-12-20,81,Closed
T091,21-22,2021-12-20,81,Closed
T092,21-22,2021-12-20,81,Closed
T127,21-22,2021-12-20,81,Closed
T134,21-22,2021-12-20,81,Closed
T135,21-22,2021-12-20,81,Closed
T136,21-22,2021-12-20,81,Closed
T137,21-22,2021-12-20,81,Closed
T148,21-22,2021-12-20,81,Closed
T154,21-22,2021-12-20,81,Closed
T001,21-22,2021-12-21,82,Groomed
T002,21-22,2021-12-21,82,Groomed
T003,21-22,2021-12-21,82,Groomed
T004,21-22,2021-12-21,82,Closed
T005,21-22,2021-12-21,82,Groomed
T006,21-22,2021-12-21,82,Closed
T007,21-22,2021-12-21,82,Groomed
T008,21-22,2021-12-21,82,Groomed
T009,21-22,2021-12-21,82,Closed
T010,21-22,2021-12-21,82,Closed
T011,21-22,2021-12-21,82,Groomed
T012,21-22,2021-12-21,82,Groomed
T013,21-22,2021-12-21,82,Groomed
T014,21-22,2021-12-21,82,Groomed
T015,21-22,2021-12-21,82,Closed
T016,21-22,2021-12-21,82,Closed
T017,21-22,2021-12-21,82,Closed
T018,21-22,2021-12-21,82,Closed
T019,21-22,2021-12-21,82,Closed
T020,21-22,2021-12-21,82,Closed
T021,21-22,2021-12-21,82,Groomed
T022,21-22,2021-12-21,82,Closed
T023,21-22,2021-12-21,82,Closed
T024,21-22,2021-12-21,82,Closed
T025,21-22,2021-12-21,82,Groomed
T026,21-22,2021-12-21,82,Closed
T027,21-22,2021-12-21,82,Closed
T028,21-22,2021-12-21,82,Closed
T029,21-22,2021-12-21,82,Closed
T030,21-22,2021-12-21,82,Closed
T031,21-22,2021-12-21,82,Closed
T032,21-22,2021-12-21,82,Groomed
T033,21-22,2021-12-21,82,Groomed
T034,21-22,2021-12-21,82,Groomed
T035,21-22,2021-12-21,82,Closed
T036,21-22,2021-12-21,82,Groomed
T037,21-22,2021-12-21,82,Closed
T038,21-22,2021-12-21,82,Closed
T039,21-22,2021-12-21,82,Closed
T040,21-22,2021-12-21,82,Closed
T041,21-22,2021-12-21,82,Closed
T042,21-22,2021-12-21,82,Closed
T043,21-22,2021-12-21,82,Closed
T044,21-22,2021-12-21,82,Closed
T045,21-22,2021-12-21,82,Closed
T046,21-22,2021-12-21,82,Closed
T047,21-22,2021-12-21,82,Closed
T048,21-22,2021-12-21,82,Closed
T049,21-22,2021-12-21,82,Closed
T050,21-22,2021-12-21,82,Groomed
T051,21-22,2021-12-21,82,Closed
T052,21-22,2021-12-21,82,Closed
T053,21-22,2021-12-21,82,Closed
T054,21-22,2021-12-21,82,Closed
T055,21-22,2021-12-21,82,Closed
T056,21-22,2021-12-21,82,Closed
T057,21-22,2021-12-21,82,Closed
T058,21-22,2021-12-21,82,Closed
T061,21-22,2021-12-21,82,Groomed
T063,21-22,2021-12-21,82,Groomed
T064,21-22,2021-12-21,82,Closed
T065,21-22,2021-12-21,82,Closed
T067,21-22,2021-12-21,82,Closed
T068,21-22,2021-12-21,82,Closed
T069,21-22,2021-12-21,82,Closed
T070,21-22,2021-12-21,82,Closed
T071,21-22,2021-12-21,82,Closed
T072,21-22,2021-12-21,82,Closed
T073,21-22,2021-12-21,82,Closed
T074,21-22,2021-12-21,82,Closed
T075,21-22,2021-12-21,82,Closed
T076,21-22,2021-12-21,82,Closed
T077,21-22,2021-12-21,82,Closed
T078,21-22,2021-12-21,82,Closed
T079,21-22,2021-12-21,82,Closed
T080,21-22,2021-12-21,82,Closed
T081,21-22,2021-12-21,82,Closed
T082,21-22,2021-12-21,82,Closed
T083,21-22,2021-12-21,82,Closed
T084,21-22,2021-12-21,82,Closed
T085,21-22,2021-12-21,82,Closed
T086,21-22,2021-12-21,82,Closed
T087,21-22,2021-12-21,82,Closed
T088,21-22,2021-12-21,82,Closed
T089,21-22,2021-12-21,82,Closed
T090,21-22,2021-12-21,82,Closed
T091,21-22,2021-12-21,82,Closed
T092,21-22,2021-12-21,82,Closed
T127,21-22,2021-12-21,82,Closed
T134,21-22,2021-12-21,82,Closed
T135,21-22,2021-12-21,82,Closed
T136,21-22,2021-12-21,82,Closed
T137,21-22,2021-12-21,82,Closed
T148,21-22,2021-12-21,82,Closed
T154,21-22,2021-12-21,82,Closed
T001,21-22,2021-12-22,83,Groomed
T002,21-22,2021-12-22,83,Groomed
T003,21-22,2021-12-22,83,Groomed
T004,21-22,2021-12-22,83,Closed
T005,21-22,2021-12-22,83,Groomed
T006,21-22,2021-12-22,83,Closed
T007,21-22,2021-12-22,83,Groomed
T008,21-22,2021-12-22,83,Groomed
T009,21-22,2021-12-22,83,Closed
T010,21-22,2021-12-22,83,Closed
T011,21-22,2021-12-22,83,Groomed
T012,21-22,2021-12-22,83,Groomed
T013,21-22,2021-12-22,83,Groomed
T014,21-22,2021-12-22,83,Groomed
T015,21-22,2021-12-22,83,Closed
T016,21-22,2021-12-22,83,Closed
T017,21-22,2021-12-22,83,Closed
T018,21-22,2021-12-22,83,Closed
T019,21-22,2021-12-22,83,Closed
T020,21-22,2021-12-22,83,Closed
T021,21-22,2021-12-22,83,Groomed
T022,21-22,2021-12-22,83,Closed
T023,21-22,2021-12-22,83,Closed
T024,21-22,2021-12-22,83,Closed
T025,21-22,2021-12-22,83,Groomed
T026,21-22,2021-12-22,83,Closed
T027,21-22,2021-12-22,83,Closed
T028,21-22,2021-12-22,83,Closed
T029,21-22,2021-12-22,83,Closed
T030,21-22,2021-12-22,83,Closed
T031,21-22,2021-12-22,83,Closed
T032,21-22,2021-12-22,83,Open
T033,21-22,2021-12-22,83,Groomed
T034,21-22,2021-12-22,83,Groomed
T035,21-22,2021-12-22,83,Closed
T036,21-22,2021-12-22,83,Groomed
T037,21-22,2021-12-22,83,Closed
T038,21-22,2021-12-22,83,Closed
T039,21-22,2021-12-22,83,Closed
T040,21-22,2021-12-22,83,Closed
T041,21-22,2021-12-22,83,Closed
T042,21-22,2021-12-22,83,Closed
T043,21-22,2021-12-22,83,Closed
T044,21-22,2021-12-22,83,Closed
T045,21-22,2021-12-22,83,Closed
T046,21-22,2021-12-22,83,Closed
T047,21-22,2021-12-22,83,Closed
T048,21-22,2021-12-22,83,Closed
T049,21-22,2021-12-22,83,Closed
T050,21-22,2021-12-22,83,Groomed
T051,21-22,2021-12-22,83,Closed
T052,21-22,2021-12-22,83,Closed
T053,21-22,2021-12-22,83,Closed
T054,21-22,2021-12-22,83,Closed
T055,21-22,2021-12-22,83,Closed
T056,21-22,2021-12-22,83,Closed
T057,21-22,2021-12-22,83,Closed
T058,21-22,2021-12-22,83,Closed
T061,21-22,2021-12-22,83,Groomed
T063,21-22,2021-12-22,83,Groomed
T064,21-22,2021-12-22,83,Closed
T065,21-22,2021-12-22,83,Closed
T067,21-22,2021-12-22,83,Closed
T068,21-22,2021-12-22,83,Closed
T069,21-22,2021-12-22,83,Closed
T070,21-22,2021-12-22,83,Closed
T071,21-22,2021-12-22,83,Closed
T072,21-22,2021-12-22,83,Closed
T073,21-22,2021-12-22,83,Closed
T074,21-22,2021-12-22,83,Closed
T075,21-22,2021-12-22,83,Closed
T076,21-22,2021-12-22,83,Closed
T077,21-22,2021-12-22,83,Closed
T078,21-22,2021-12-22,83,Closed
T079,21-22,2021-12-22,83,Closed
T080,21-22,2021-12-22,83,Closed
T081,21-22,2021-12-22,83,Closed
T082,21-22,2021-12-22,83,Closed
T083,21-22,2021-12-22,83,Closed
T084,21-22,2021-12-22,83,Closed
T085,21-22,2021-12-22,83,Closed
T086,21-22,2021-12-22,83,Closed
T087,21-22,2021-12-22,83,Closed
T088,21-22,2021-12-22,83,Closed
T089,21-22,2021-12-22,83,Closed
T090,21-22,2021-12-22,83,Closed
T091,21-22,2021-12-22,83,Closed
T092,21-22,2021-12-22,83,Closed
T127,21-22,2021-12-22,83,Closed
T134,21-22,2021-12-22,83,Closed
T135,21-22,2021-12-22,83,Closed
T136,21-22,2021-12-22,83,Closed
T137,21-22,2021-12-22,83,Closed
T148,21-22,2021-12-22,83,Closed
T154,21-22,2021-12-22,83,Closed
T001,21-22,2021-12-23,84,Groomed
T002,21-22,2021-12-23,84,Groomed
T003,21-22,2021-12-23,84,Groomed
T004,21-22,2021-12-23,84,Closed
T005,21-22,2021-12-23,84,Groomed
T006,21-22,2021-12-23,84,Closed
T007,21-22,2021-12-23,84,Groomed
T008,21-22,2021-12-23,84,Groomed
T009,21-22,2021-12-23,84,Closed
T010,21-22,2021-12-23,84,Closed
T011,21-22,2021-12-23,84,Groomed
T012,21-22,2021-12-23,84,Groomed
T013,21-22,2021-12-23,84,Groomed
T014,21-22,2021-12-23,84,Open
T015,21-22,2021-12-23,84,Closed
T016,21-22,2021-12-23,84,Closed
T017,21-22,2021-12-23,84,Closed
T018,21-22,2021-12-23,84,Closed
T019,21-22,2021-12-23,84,Closed
T020,21-22,2021-12-23,84,Closed
T021,21-22,2021-12-23,84,Groomed
T022,21-22,2021-12-23,84,Closed
T023,21-22,2021-12-23,84,Closed
T024,21-22,2021-12-23,84,Closed
T025,21-22,2021-12-23,84,Groomed
T026,21-22,2021-12-23,84,Closed
T027,21-22,2021-12-23,84,Closed
T028,21-22,2021-12-23,84,Closed
T029,21-22,2021-12-23,84,Closed
T030,21-22,2021-12-23,84,Closed
T031,21-22,2021-12-23,84,Closed
T032,21-22,2021-12-23,84,Groomed
T033,21-22,2021-12-23,84,Groomed
T034,21-22,2021-12-23,84,Groomed
T035,21-22,2021-12-23,84,Closed
T036,21-22,2021-12-23,84,Groomed
T037,21-22,2021-12-23,84,Closed
T038,21-22,2021-12-23,84,Closed
T039,21-22,2021-12-23,84,Closed
T040,21-22,2021-12-23,84,Closed
T041,21-22,2021-12-23,84,Closed
T042,21-22,2021-12-23,84,Closed
T043,21-22,2021-12-23,84,Closed
T044,21-22,2021-12-23,84,Closed
T045,21-22,2021-12-23,84,Closed
T046,21-22,2021-12-23,84,Closed
T047,21-22,2021-12-23,84,Closed
T048,21-22,2021-12-23,84,Closed
T049,21-22,2021-12-23,84,Closed
T050,21-22,2021-12-23,84,Groomed
T051,21-22,2021-12-23,84,Closed
T052,21-22,2021-12-23,84,Closed
T053,21-22,2021-12-23,84,Closed
T054,21-22,2021-12-23,84,Closed
T055,21-22,2021-12-23,84,Closed
T056,21-22,2021-12-23,84,Closed
T057,21-22,2021-12-23,84,Closed
T058,21-22,2021-12-23,84,Closed
T061,21-22,2021-12-23,84,Groomed
T063,21-22,2021-12-23,84,Groomed
T064,21-22,2021-12-23,84,Closed
T065,21-22,2021-12-23,84,Closed
T067,21-22,2021-12-23,84,Closed
T068,21-22,2021-12-23,84,Closed
T069,21-22,2021-12-23,84,Closed
T070,21-22,2021-12-23,84,Closed
T071,21-22,2021-12-23,84,Closed
T072,21-22,2021-12-23,84,Closed
T073,21-22,2021-12-23,84,Closed
T074,21-22,2021-12-23,84,Closed
T075,21-22,2021-12-23,84,Closed
T076,21-22,2021-12-23,84,Closed
T077,21-22,2021-12-23,84,Closed
T078,21-22,2021-12-23,84,Closed
T079,21-22,2021-12-23,84,Closed
T080,21-22,2021-12-23,84,Closed
T081,21-22,2021-12-23,84,Closed
T082,21-22,2021-12-23,84,Closed
T083,21-22,2021-12-23,84,Closed
T084,21-22,2021-12-23,84,Closed
T085,21-22,2021-12-23,84,Closed
T086,21-22,2021-12-23,84,Closed
T087,21-22,2021-12-23,84,Closed
T088,21-22,2021-12-23,84,Closed
T089,21-22,2021-12-23,84,Closed
T090,21-22,2021-12-23,84,Closed
T091,21-22,2021-12-23,84,Closed
T092,21-22,2021-12-23,84,Closed
T127,21-22,2021-12-23,84,Closed
T134,21-22,2021-12-23,84,Closed
T135,21-22,2021-12-23,84,Closed
T136,21-22,2021-12-23,84,Closed
T137,21-22,2021-12-23,84,Closed
T148,21-22,2021-12-23,84,Closed
T154,21-22,2021-12-23,84,Closed
T001,21-22,2021-12-24,85,Groomed
T002,21-22,2021-12-24,85,Groomed
T003,21-22,2021-12-24,85,Groomed
T004,21-22,2021-12-24,85,Closed
T005,21-22,2021-12-24,85,Groomed
T006,21-22,2021-12-24,85,Closed
T007,21-22,2021-12-24,85,Groomed
T008,21-22,2021-12-24,85,Groomed
T009,21-22,2021-12-24,85,Closed
T010,21-22,2021-12-24,85,Closed
T011,21-22,2021-12-24,85,Groomed
T012,21-22,2021-12-24,85,Groomed
T013,21-22,2021-12-24,85,Groomed
T014,21-22,2021-12-24,85,Groomed
T015,21-22,2021-12-24,85,Closed
T016,21-22,2021-12-24,85,Closed
T017,21-22,2021-12-24,85,Closed
T018,21-22,2021-12-24,85,Closed
T019,21-22,2021-12-24,85,Closed
T020,21-22,2021-12-24,85,Closed
T021,21-22,2021-12-24,85,Groomed
T022,21-22,2021-12-24,85,Closed
T023,21-22,2021-12-24,85,Closed
T024,21-22,2021-12-24,85,Closed
T025,21-22,2021-12-24,85,Groomed
T026,21-22,2021-12-24,85,Closed
T027,21-22,2021-12-24,85,Closed
T028,21-22,2021-12-24,85,Closed
T029,21-22,2021-12-24,85,Closed
T030,21-22,2021-12-24,85,Closed
T031,21-22,2021-12-24,85,Groomed
T032,21-22,2021-12-24,85,Groomed
T033,21-22,2021-12-24,85,Groomed
T034,21-22,2021-12-24,85,Groomed
T035,21-22,2021-12-24,85,Closed
T036,21-22,2021-12-24,85,Groomed
T037,21-22,2021-12-24,85,Closed
T038,21-22,2021-12-24,85,Closed
T039,21-22,2021-12-24,85,Closed
T040,21-22,2021-12-24,85,Closed
T041,21-22,2021-12-24,85,Closed
T042,21-22,2021-12-24,85,Closed
T043,21-22,2021-12-24,85,Closed
T044,21-22,2021-12-24,85,Closed
T045,21-22,2021-12-24,85,Closed
T046,21-22,2021-12-24,85,Closed
T047,21-22,2021-12-24,85,Closed
T048,21-22,2021-12-24,85,Closed
T049,21-22,2021-12-24,85,Closed
T050,21-22,2021-12-24,85,Groomed
T051,21-22,2021-12-24,85,Closed
T052,21-22,2021-12-24,85,Closed
T053,21-22,2021-12-24,85,Closed
T054,21-22,2021-12-24,85,Closed
T055,21-22,2021-12-24,85,Closed
T056,21-22,2021-12-24,85,Closed
T057,21-22,2021-12-24,85,Closed
T058,21-22,2021-12-24,85,Closed
T061,21-22,2021-12-24,85,Groomed
T063,21-22,2021-12-24,85,Groomed
T064,21-22,2021-12-24,85,Closed
T065,21-22,2021-12-24,85,Closed
T067,21-22,2021-12-24,85,Closed
T068,21-22,2021-12-24,85,Closed
T069,21-22,2021-12-24,85,Closed
T070,21-22,2021-12-24,85,Closed
T071,21-22,2021-12-24,85,Closed
T072,21-22,2021-12-24,85,Closed
T073,21-22,2021-12-24,85,Closed
T074,21-22,2021-12-24,85,Closed
T075,21-22,2021-12-24,85,Closed
T076,21-22,2021-12-24,85,Closed
T077,21-22,2021-12-24,85,Closed
T078,21-22,2021-12-24,85,Closed
T079,21-22,2021-12-24,85,Closed
T080,21-22,2021-12-24,85,Closed
T081,21-22,2021-12-24,85,Closed
T082,21-22,2021-12-24,85,Closed
T083,21-22,2021-12-24,85,Closed
T084,21-22,2021-12-24,85,Closed
T085,21-22,2021-12-24,85,Closed
T086,21-22,2021-12-24,85,Closed
T087,21-22,2021-12-24,85,Closed
T088,21-22,2021-12-24,85,Closed
T089,21-22,2021-12-24,85,Closed
T090,21-22,2021-12-24,85,Closed
T091,21-22,2021-12-24,85,Closed
T092,21-22,2021-12-24,85,Closed
T127,21-22,2021-12-24,85,Closed
T134,21-22,2021-12-24,85,Closed
T135,21-22,2021-12-24,85,Closed
T136,21-22,2021-12-24,85,Closed
T137,21-22,2021-12-24,85,Closed
T148,21-22,2021-12-24,85,Closed
T154,21-22,2021-12-24,85,Closed
T001,21-22,2021-12-25,86,Groomed
T002,21-22,2021-12-25,86,Groomed
T003,21-22,2021-12-25,86,Groomed
T004,21-22,2021-12-25,86,Closed
T005,21-22,2021-12-25,86,Groomed
T006,21-22,2021-12-25,86,Closed
T007,21-22,2021-12-25,86,Groomed
T008,21-22,2021-12-25,86,Groomed
T009,21-22,2021-12-25,86,Closed
T010,21-22,2021-12-25,86,Closed
T011,21-22,2021-12-25,86,Groomed
T012,21-22,2021-12-25,86,Groomed
T013,21-22,2021-12-25,86,Groomed
T014,21-22,2021-12-25,86,Groomed
T015,21-22,2021-12-25,86,Closed
T016,21-22,2021-12-25,86,Closed
T017,21-22,2021-12-25,86,Closed
T018,21-22,2021-12-25,86,Closed
T019,21-22,2021-12-25,86,Closed
T020,21-22,2021-12-25,86,Closed
T021,21-22,2021-12-25,86,Groomed
T022,21-22,2021-12-25,86,Closed
T023,21-22,2021-12-25,86,Closed
T024,21-22,2021-12-25,86,Closed
T025,21-22,2021-12-25,86,Groomed
T026,21-22,2021-12-25,86,Closed
T027,21-22,2021-12-25,86,Closed
T028,21-22,2021-12-25,86,Closed
T029,21-22,2021-12-25,86,Closed
T030,21-22,2021-12-25,86,Closed
T031,21-22,2021-12-25,86,Groomed
T032,21-22,2021-12-25,86,Groomed
T033,21-22,2021-12-25,86,Groomed
T034,21-22,2021-12-25,86,Groomed
T035,21-22,2021-12-25,86,Closed
T036,21-22,2021-12-25,86,Groomed
T037,21-22,2021-12-25,86,Closed
T038,21-22,2021-12-25,86,Closed
T039,21-22,2021-12-25,86,Closed
T040,21-22,2021-12-25,86,Closed
T041,21-22,2021-12-25,86,Closed
T042,21-22,2021-12-25,86,Closed
T043,21-22,2021-12-25,86,Closed
T044,21-22,2021-12-25,86,Closed
T045,21-22,2021-12-25,86,Closed
T046,21-22,2021-12-25,86,Closed
T047,21-22,2021-12-25,86,Closed
T048,21-22,2021-12-25,86,Closed
T049,21-22,2021-12-25,86,Closed
T050,21-22,2021-12-25,86,Groomed
T051,21-22,2021-12-25,86,Closed
T052,21-22,2021-12-25,86,Closed
T053,21-22,2021-12-25,86,Closed
T054,21-22,2021-12-25,86,Closed
T055,21-22,2021-12-25,86,Closed
T056,21-22,2021-12-25,86,Closed
T057,21-22,2021-12-25,86,Closed
T058,21-22,2021-12-25,86,Closed
T061,21-22,2021-12-25,86,Groomed
T063,21-22,2021-12-25,86,Groomed
T064,21-22,2021-12-25,86,Closed
T065,21-22,2021-12-25,86,Closed
T067,21-22,2021-12-25,86,Closed
T068,21-22,2021-12-25,86,Closed
T069,21-22,2021-12-25,86,Closed
T070,21-22,2021-12-25,86,Closed
T071,21-22,2021-12-25,86,Closed
T072,21-22,2021-12-25,86,Closed
T073,21-22,2021-12-25,86,Closed
T074,21-22,2021-12-25,86,Closed
T075,21-22,2021-12-25,86,Closed
T076,21-22,2021-12-25,86,Closed
T077,21-22,2021-12-25,86,Closed
T078,21-22,2021-12-25,86,Closed
T079,21-22,2021-12-25,86,Closed
T080,21-22,2021-12-25,86,Closed
T081,21-22,2021-12-25,86,Closed
T082,21-22,2021-12-25,86,Closed
T083,21-22,2021-12-25,86,Closed
T084,21-22,2021-12-25,86,Closed
T085,21-22,2021-12-25,86,Closed
T086,21-22,2021-12-25,86,Closed
T087,21-22,2021-12-25,86,Closed
T088,21-22,2021-12-25,86,Closed
T089,21-22,2021-12-25,86,Closed
T090,21-22,2021-12-25,86,Closed
T091,21-22,2021-12-25,86,Closed
T092,21-22,2021-12-25,86,Closed
T127,21-22,2021-12-25,86,Closed
T134,21-22,2021-12-25,86,Closed
T135,21-22,2021-12-25,86,Closed
T136,21-22,2021-12-25,86,Closed
T137,21-22,2021-12-25,86,Closed
T148,21-22,2021-12-25,86,Closed
T154,21-22,2021-12-25,86,Closed
T001,21-22,2021-12-26,87,Groomed
T002,21-22,2021-12-26,87,Groomed
T003,21-22,2021-12-26,87,Groomed
T004,21-22,2021-12-26,87,Closed
T005,21-22,2021-12-26,87,Groomed
T006,21-22,2021-12-26,87,Closed
T007,21-22,2021-12-26,87,Groomed
T008,21-22,2021-12-26,87,Groomed
T009,21-22,2021-12-26,87,Closed
T010,21-22,2021-12-26,87,Closed
T011,21-22,2021-12-26,87,Groomed
T012,21-22,2021-12-26,87,Groomed
T013,21-22,2021-12-26,87,Groomed
T014,21-22,2021-12-26,87,Groomed
T015,21-22,2021-12-26,87,Closed
T016,21-22,2021-12-26,87,Closed
T017,21-22,2021-12-26,87,Closed
T018,21-22,2021-12-26,87,Closed
T019,21-22,2021-12-26,87,Closed
T020,21-22,2021-12-26,87,Closed
T021,21-22,2021-12-26,87,Groomed
T022,21-22,2021-12-26,87,Closed
T023,21-22,2021-12-26,87,Closed
T024,21-22,2021-12-26,87,Closed
T025,21-22,2021-12-26,87,Groomed
T026,21-22,2021-12-26,87,Closed
T027,21-22,2021-12-26,87,Closed
T028,21-22,2021-12-26,87,Closed
T029,21-22,2021-12-26,87,Closed
T030,21-22,2021-12-26,87,Closed
T031,21-22,2021-12-26,87,Groomed
T032,21-22,2021-12-26,87,Groomed
T033,21-22,2021-12-26,87,Groomed
T034,21-22,2021-12-26,87,Groomed
T035,21-22,2021-12-26,87,Closed
T036,21-22,2021-12-26,87,Groomed
T037,21-22,2021-12-26,87,Closed
T038,21-22,2021-12-26,87,Closed
T039,21-22,2021-12-26,87,Closed
T040,21-22,2021-12-26,87,Closed
T041,21-22,2021-12-26,87,Closed
T042,21-22,2021-12-26,87,Closed
T043,21-22,2021-12-26,87,Closed
T044,21-22,2021-12-26,87,Closed
T045,21-22,2021-12-26,87,Closed
T046,21-22,2021-12-26,87,Closed
T047,21-22,2021-12-26,87,Closed
T048,21-22,2021-12-26,87,Closed
T049,21-22,2021-12-26,87,Closed
T050,21-22,2021-12-26,87,Groomed
T051,21-22,2021-12-26,87,Closed
T052,21-22,2021-12-26,87,Closed
T053,21-22,2021-12-26,87,Closed
T054,21-22,2021-12-26,87,Closed
T055,21-22,2021-12-26,87,Closed
T056,21-22,2021-12-26,87,Closed
T057,21-22,2021-12-26,87,Closed
T058,21-22,2021-12-26,87,Closed
T061,21-22,2021-12-26,87,Groomed
T063,21-22,2021-12-26,87,Groomed
T064,21-22,2021-12-26,87,Closed
T065,21-22,2021-12-26,87,Closed
T067,21-22,2021-12-26,87,Closed
T068,21-22,2021-12-26,87,Closed
T069,21-22,2021-12-26,87,Closed
T070,21-22,2021-12-26,87,Closed
T071,21-22,2021-12-26,87,Closed
T072,21-22,2021-12-26,87,Closed
T073,21-22,2021-12-26,87,Closed
T074,21-22,2021-12-26,87,Closed
T075,21-22,2021-12-26,87,Closed
T076,21-22,2021-12-26,87,Closed
T077,21-22,2021-12-26,87,Closed
T078,21-22,2021-12-26,87,Closed
T079,21-22,2021-12-26,87,Closed
T080,21-22,2021-12-26,87,Closed
T081,21-22,2021-12-26,87,Closed
T082,21-22,2021-12-26,87,Closed
T083,21-22,2021-12-26,87,Closed
T084,21-22,2021-12-26,87,Closed
T085,21-22,2021-12-26,87,Closed
T086,21-22,2021-12-26,87,Closed
T087,21-22,2021-12-26,87,Closed
T088,21-22,2021-12-26,87,Closed
T089,21-22,2021-12-26,87,Closed
T090,21-22,2021-12-26,87,Closed
T091,21-22,2021-12-26,87,Closed
T092,21-22,2021-12-26,87,Closed
T127,21-22,2021-12-26,87,Closed
T134,21-22,2021-12-26,87,Closed
T135,21-22,2021-12-26,87,Closed
T136,21-22,2021-12-26,87,Closed
T137,21-22,2021-12-26,87,Closed
T148,21-22,2021-12-26,87,Closed
T154,21-22,2021-12-26,87,Closed
T001,21-22,2021-12-27,88,Groomed
T002,21-22,2021-12-27,88,Groomed
T003,21-22,2021-12-27,88,Groomed
T004,21-22,2021-12-27,88,Closed
T005,21-22,2021-12-27,88,Groomed
T006,21-22,2021-12-27,88,Closed
T007,21-22,2021-12-27,88,Groomed
T008,21-22,2021-12-27,88,Groomed
T009,21-22,2021-12-27,88,Closed
T010,21-22,2021-12-27,88,Closed
T011,21-22,2021-12-27,88,Groomed
T012,21-22,2021-12-27,88,Groomed
T013,21-22,2021-12-27,88,Groomed
T014,21-22,2021-12-27,88,Groomed
T015,21-22,2021-12-27,88,Closed
T016,21-22,2021-12-27,88,Closed
T017,21-22,2021-12-27,88,Closed
T018,21-22,2021-12-27,88,Closed
T019,21-22,2021-12-27,88,Closed
T020,21-22,2021-12-27,88,Closed
T021,21-22,2021-12-27,88,Groomed
T022,21-22,2021-12-27,88,Closed
T023,21-22,2021-12-27,88,Closed
T024,21-22,2021-12-27,88,Closed
T025,21-22,2021-12-27,88,Groomed
T026,21-22,2021-12-27,88,Closed
T027,21-22,2021-12-27,88,Closed
T028,21-22,2021-12-27,88,Closed
T029,21-22,2021-12-27,88,Closed
T030,21-22,2021-12-27,88,Closed
T031,21-22,2021-12-27,88,Groomed
T032,21-22,2021-12-27,88,Groomed
T033,21-22,2021-12-27,88,Groomed
T034,21-22,2021-12-27,88,Groomed
T035,21-22,2021-12-27,88,Closed
T036,21-22,2021-12-27,88,Groomed
T037,21-22,2021-12-27,88,Closed
T038,21-22,2021-12-27,88,Closed
T039,21-22,2021-12-27,88,Closed
T040,21-22,2021-12-27,88,Closed
T041,21-22,2021-12-27,88,Closed
T042,21-22,2021-12-27,88,Closed
T043,21-22,2021-12-27,88,Closed
T044,21-22,2021-12-27,88,Closed
T045,21-22,2021-12-27,88,Closed
T046,21-22,2021-12-27,88,Closed
T047,21-22,2021-12-27,88,Closed
T048,21-22,2021-12-27,88,Closed
T049,21-22,2021-12-27,88,Closed
T050,21-22,2021-12-27,88,Groomed
T051,21-22,2021-12-27,88,Closed
T052,21-22,2021-12-27,88,Closed
T053,21-22,2021-12-27,88,Closed
T054,21-22,2021-12-27,88,Closed
T055,21-22,2021-12-27,88,Closed
T056,21-22,2021-12-27,88,Closed
T057,21-22,2021-12-27,88,Closed
T058,21-22,2021-12-27,88,Closed
T061,21-22,2021-12-27,88,Groomed
T063,21-22,2021-12-27,88,Groomed
T064,21-22,2021-12-27,88,Closed
T065,21-22,2021-12-27,88,Closed
T067,21-22,2021-12-27,88,Closed
T068,21-22,2021-12-27,88,Closed
T069,21-22,2021-12-27,88,Closed
T070,21-22,2021-12-27,88,Closed
T071,21-22,2021-12-27,88,Closed
T072,21-22,2021-12-27,88,Closed
T073,21-22,2021-12-27,88,Closed
T074,21-22,2021-12-27,88,Closed
T075,21-22,2021-12-27,88,Closed
T076,21-22,2021-12-27,88,Closed
T077,21-22,2021-12-27,88,Closed
T078,21-22,2021-12-27,88,Closed
T079,21-22,2021-12-27,88,Closed
T080,21-22,2021-12-27,88,Closed
T081,21-22,2021-12-27,88,Closed
T082,21-22,2021-12-27,88,Closed
T083,21-22,2021-12-27,88,Closed
T084,21-22,2021-12-27,88,Closed
T085,21-22,2021-12-27,88,Closed
T086,21-22,2021-12-27,88,Closed
T087,21-22,2021-12-27,88,Closed
T088,21-22,2021-12-27,88,Closed
T089,21-22,2021-12-27,88,Closed
T090,21-22,2021-12-27,88,Closed
T091,21-22,2021-12-27,88,Closed
T092,21-22,2021-12-27,88,Closed
T127,21-22,2021-12-27,88,Closed
T134,21-22,2021-12-27,88,Closed
T135,21-22,2021-12-27,88,Closed
T136,21-22,2021-12-27,88,Closed
T137,21-22,2021-12-27,88,Closed
T148,21-22,2021-12-27,88,Closed
T154,21-22,2021-12-27,88,Closed
T001,21-22,2021-12-28,89,Groomed
T002,21-22,2021-12-28,89,Groomed
T003,21-22,2021-12-28,89,Groomed
T004,21-22,2021-12-28,89,Closed
T005,21-22,2021-12-28,89,Groomed
T006,21-22,2021-12-28,89,Closed
T007,21-22,2021-12-28,89,Groomed
T008,21-22,2021-12-28,89,Groomed
T009,21-22,2021-12-28,89,Closed
T010,21-22,2021-12-28,89,Closed
T011,21-22,2021-12-28,89,Groomed
T012,21-22,2021-12-28,89,Groomed
T013,21-22,2021-12-28,89,Groomed
T014,21-22,2021-12-28,89,Groomed
T015,21-22,2021-12-28,89,Closed
T016,21-22,2021-12-28,89,Closed
T017,21-22,2021-12-28,89,Closed
T018,21-22,2021-12-28,89,Closed
T019,21-22,2021-12-28,89,Closed
T020,21-22,2021-12-28,89,Closed
T021,21-22,2021-12-28,89,Groomed
T022,21-22,2021-12-28,89,Closed
T023,21-22,2021-12-28,89,Closed
T024,21-22,2021-12-28,89,Closed
T025,21-22,2021-12-28,89,Groomed
T026,21-22,2021-12-28,89,Closed
T027,21-22,2021-12-28,89,Closed
T028,21-22,2021-12-28,89,Closed
T029,21-22,2021-12-28,89,Closed
T030,21-22,2021-12-28,89,Closed
T031,21-22,2021-12-28,89,Groomed
T032,21-22,2021-12-28,89,Groomed
T033,21-22,2021-12-28,89,Groomed
T034,21-22,2021-12-28,89,Groomed
T035,21-22,2021-12-28,89,Closed
T036,21-22,2021-12-28,89,Groomed
T037,21-22,2021-12-28,89,Closed
T038,21-22,2021-12-28,89,Closed
T039,21-22,2021-12-28,89,Closed
T040,21-22,2021-12-28,89,Closed
T041,21-22,2021-12-28,89,Closed
T042,21-22,2021-12-28,89,Closed
T043,21-22,2021-12-28,89,Closed
T044,21-22,2021-12-28,89,Closed
T045,21-22,2021-12-28,89,Closed
T046,21-22,2021-12-28,89,Closed
T047,21-22,2021-12-28,89,Closed
T048,21-22,2021-12-28,89,Closed
T049,21-22,2021-12-28,89,Closed
T050,21-22,2021-12-28,89,Groomed
T051,21-22,2021-12-28,89,Closed
T052,21-22,2021-12-28,89,Closed
T053,21-22,2021-12-28,89,Closed
T054,21-22,2021-12-28,89,Closed
T055,21-22,2021-12-28,89,Closed
T056,21-22,2021-12-28,89,Closed
T057,21-22,2021-12-28,89,Closed
T058,21-22,2021-12-28,89,Closed
T061,21-22,2021-12-28,89,Groomed
T063,21-22,2021-12-28,89,Groomed
T064,21-22,2021-12-28,89,Closed
T065,21-22,2021-12-28,89,Closed
T067,21-22,2021-12-28,89,Closed
T068,21-22,2021-12-28,89,Closed
T069,21-22,2021-12-28,89,Closed
T070,21-22,2021-12-28,89,Closed
T071,21-22,2021-12-28,89,Closed
T072,21-22,2021-12-28,89,Closed
T073,21-22,2021-12-28,89,Closed
T074,21-22,2021-12-28,89,Closed
T075,21-22,2021-12-28,89,Closed
T076,21-22,2021-12-28,89,Closed
T077,21-22,2021-12-28,89,Closed
T078,21-22,2021-12-28,89,Closed
T079,21-22,2021-12-28,89,Closed
T080,21-22,2021-12-28,89,Closed
T081,21-22,2021-12-28,89,Closed
T082,21-22,2021-12-28,89,Closed
T083,21-22,2021-12-28,89,Closed
T084,21-22,2021-12-28,89,Closed
T085,21-22,2021-12-28,89,Closed
T086,21-22,2021-12-28,89,Closed
T087,21-22,2021-12-28,89,Closed
T088,21-22,2021-12-28,89,Closed
T089,21-22,2021-12-28,89,Closed
T090,21-22,2021-12-28,89,Closed
T091,21-22,2021-12-28,89,Closed
T092,21-22,2021-12-28,89,Closed
T127,21-22,2021-12-28,89,Closed
T134,21-22,2021-12-28,89,Closed
T135,21-22,2021-12-28,89,Closed
T136,21-22,2021-12-28,89,Closed
T137,21-22,2021-12-28,89,Closed
T148,21-22,2021-12-28,89,Closed
T154,21-22,2021-12-28,89,Closed
T001,21-22,2021-12-29,90,Groomed
T002,21-22,2021-12-29,90,Groomed
T003,21-22,2021-12-29,90,Groomed
T004,21-22,2021-12-29,90,Closed
T005,21-22,2021-12-29,90,Groomed
T006,21-22,2021-12-29,90,Closed
T007,21-22,2021-12-29,90,Groomed
T008,21-22,2021-12-29,90,Groomed
T009,21-22,2021-12-29,90,Closed
T010,21-22,2021-12-29,90,Closed
T011,21-22,2021-12-29,90,Groomed
T012,21-22,2021-12-29,90,Groomed
T013,21-22,2021-12-29,90,Groomed
T014,21-22,2021-12-29,90,Groomed
T015,21-22,2021-12-29,90,Closed
T016,21-22,2021-12-29,90,Closed
T017,21-22,2021-12-29,90,Closed
T018,21-22,2021-12-29,90,Closed
T019,21-22,2021-12-29,90,Closed
T020,21-22,2021-12-29,90,Closed
T021,21-22,2021-12-29,90,Groomed
T022,21-22,2021-12-29,90,Closed
T023,21-22,2021-12-29,90,Closed
T024,21-22,2021-12-29,90,Closed
T025,21-22,2021-12-29,90,Groomed
T026,21-22,2021-12-29,90,Closed
T027,21-22,2021-12-29,90,Closed
T028,21-22,2021-12-29,90,Closed
T029,21-22,2021-12-29,90,Closed
T030,21-22,2021-12-29,90,Closed
T031,21-22,2021-12-29,90,Groomed
T032,21-22,2021-12-29,90,Groomed
T033,21-22,2021-12-29,90,Groomed
T034,21-22,2021-12-29,90,Groomed
T035,21-22,2021-12-29,90,Closed
T036,21-22,2021-12-29,90,Groomed
T037,21-22,2021-12-29,90,Closed
T038,21-22,2021-12-29,90,Closed
T039,21-22,2021-12-29,90,Closed
T040,21-22,2021-12-29,90,Closed
T041,21-22,2021-12-29,90,Closed
T042,21-22,2021-12-29,90,Closed
T043,21-22,2021-12-29,90,Closed
T044,21-22,2021-12-29,90,Closed
T045,21-22,2021-12-29,90,Closed
T046,21-22,2021-12-29,90,Closed
T047,21-22,2021-12-29,90,Closed
T048,21-22,2021-12-29,90,Closed
T049,21-22,2021-12-29,90,Closed
T050,21-22,2021-12-29,90,Groomed
T051,21-22,2021-12-29,90,Closed
T052,21-22,2021-12-29,90,Closed
T053,21-22,2021-12-29,90,Closed
T054,21-22,2021-12-29,90,Closed
T055,21-22,2021-12-29,90,Closed
T056,21-22,2021-12-29,90,Closed
T057,21-22,2021-12-29,90,Closed
T058,21-22,2021-12-29,90,Closed
T061,21-22,2021-12-29,90,Groomed
T063,21-22,2021-12-29,90,Groomed
T064,21-22,2021-12-29,90,Closed
T065,21-22,2021-12-29,90,Closed
T067,21-22,2021-12-29,90,Closed
T068,21-22,2021-12-29,90,Closed
T069,21-22,2021-12-29,90,Closed
T070,21-22,2021-12-29,90,Closed
T071,21-22,2021-12-29,90,Closed
T072,21-22,2021-12-29,90,Closed
T073,21-22,2021-12-29,90,Closed
T074,21-22,2021-12-29,90,Closed
T075,21-22,2021-12-29,90,Closed
T076,21-22,2021-12-29,90,Closed
T077,21-22,2021-12-29,90,Closed
T078,21-22,2021-12-29,90,Closed
T079,21-22,2021-12-29,90,Closed
T080,21-22,2021-12-29,90,Closed
T081,21-22,2021-12-29,90,Closed
T082,21-22,2021-12-29,90,Closed
T083,21-22,2021-12-29,90,Closed
T084,21-22,2021-12-29,90,Closed
T085,21-22,2021-12-29,90,Closed
T086,21-22,2021-12-29,90,Closed
T087,21-22,2021-12-29,90,Closed
T088,21-22,2021-12-29,90,Closed
T089,21-22,2021-12-29,90,Closed
T090,21-22,2021-12-29,90,Closed
T091,21-22,2021-12-29,90,Closed
T092,21-22,2021-12-29,90,Closed
T127,21-22,2021-12-29,90,Closed
T134,21-22,2021-12-29,90,Closed
T135,21-22,2021-12-29,90,Closed
T136,21-22,2021-12-29,90,Closed
T137,21-22,2021-12-29,90,Closed
T148,21-22,2021-12-29,90,Closed
T154,21-22,2021-12-29,90,Closed
T001,21-22,2021-12-30,91,Groomed
T002,21-22,2021-12-30,91,Groomed
T003,21-22,2021-12-30,91,Groomed
T004,21-22,2021-12-30,91,Closed
T005,21-22,2021-12-30,91,Groomed
T006,21-22,2021-12-30,91,Closed
T007,21-22,2021-12-30,91,Groomed
T008,21-22,2021-12-30,91,Groomed
T009,21-22,2021-12-30,91,Groomed
T010,21-22,2021-12-30,91,Closed
T011,21-22,2021-12-30,91,Groomed
T012,21-22,2021-12-30,91,Groomed
T013,21-22,2021-12-30,91,Groomed
T014,21-22,2021-12-30,91,Groomed
T015,21-22,2021-12-30,91,Closed
T016,21-22,2021-12-30,91,Closed
T017,21-22,2021-12-30,91,Closed
T018,21-22,2021-12-30,91,Closed
T019,21-22,2021-12-30,91,Closed
T020,21-22,2021-12-30,91,Closed
T021,21-22,2021-12-30,91,Groomed
T022,21-22,2021-12-30,91,Closed
T023,21-22,2021-12-30,91,Closed
T024,21-22,2021-12-30,91,Closed
T025,21-22,2021-12-30,91,Groomed
T026,21-22,2021-12-30,91,Closed
T027,21-22,2021-12-30,91,Closed
T028,21-22,2021-12-30,91,Closed
T029,21-22,2021-12-30,91,Closed
T030,21-22,2021-12-30,91,Closed
T031,21-22,2021-12-30,91,Groomed
T032,21-22,2021-12-30,91,Groomed
T033,21-22,2021-12-30,91,Groomed
T034,21-22,2021-12-30,91,Groomed
T035,21-22,2021-12-30,91,Closed
T036,21-22,2021-12-30,91,Groomed
T037,21-22,2021-12-30,91,Closed
T038,21-22,2021-12-30,91,Closed
T039,21-22,2021-12-30,91,Closed
T040,21-22,2021-12-30,91,Closed
T041,21-22,2021-12-30,91,Closed
T042,21-22,2021-12-30,91,Closed
T043,21-22,2021-12-30,91,Closed
T044,21-22,2021-12-30,91,Closed
T045,21-22,2021-12-30,91,Closed
T046,21-22,2021-12-30,91,Closed
T047,21-22,2021-12-30,91,Closed
T048,21-22,2021-12-30,91,Closed
T049,21-22,2021-12-30,91,Closed
T050,21-22,2021-12-30,91,Groomed
T051,21-22,2021-12-30,91,Closed
T052,21-22,2021-12-30,91,Closed
T053,21-22,2021-12-30,91,Closed
T054,21-22,2021-12-30,91,Closed
T055,21-22,2021-12-30,91,Closed
T056,21-22,2021-12-30,91,Closed
T057,21-22,2021-12-30,91,Closed
T058,21-22,2021-12-30,91,Closed
T061,21-22,2021-12-30,91,Groomed
T063,21-22,2021-12-30,91,Groomed
T064,21-22,2021-12-30,91,Closed
T065,21-22,2021-12-30,91,Closed
T067,21-22,2021-12-30,91,Closed
T068,21-22,2021-12-30,91,Closed
T069,21-22,2021-12-30,91,Closed
T070,21-22,2021-12-30,91,Closed
T071,21-22,2021-12-30,91,Closed
T072,21-22,2021-12-30,91,Closed
T073,21-22,2021-12-30,91,Closed
T074,21-22,2021-12-30,91,Closed
T075,21-22,2021-12-30,91,Closed
T076,21-22,2021-12-30,91,Closed
T077,21-22,2021-12-30,91,Groomed
T078,21-22,2021-12-30,91,Closed
T079,21-22,2021-12-30,91,Closed
T080,21-22,2021-12-30,91,Closed
T081,21-22,2021-12-30,91,Closed
T082,21-22,2021-12-30,91,Closed
T083,21-22,2021-12-30,91,Closed
T084,21-22,2021-12-30,91,Open
T085,21-22,2021-12-30,91,Open
T086,21-22,2021-12-30,91,Open
T087,21-22,2021-12-30,91,Open
T088,21-22,2021-12-30,91,Closed
T089,21-22,2021-12-30,91,Open
T090,21-22,2021-12-30,91,Open
T091,21-22,2021-12-30,91,Closed
T092,21-22,2021-12-30,91,Closed
T127,21-22,2021-12-30,91,Closed
T134,21-22,2021-12-30,91,Closed
T135,21-22,2021-12-30,91,Closed
T136,21-22,2021-12-30,91,Closed
T137,21-22,2021-12-30,91,Closed
T148,21-22,2021-12-30,91,Closed
T154,21-22,2021-12-30,91,Closed
T001,21-22,2021-12-31,92,Groomed
T002,21-22,2021-12-31,92,Groomed
T003,21-22,2021-12-31,92,Groomed
T004,21-22,2021-12-31,92,Closed
T005,21-22,2021-12-31,92,Groomed
T006,21-22,2021-12-31,92,Open
T007,21-22,2021-12-31,92,Groomed
T008,21-22,2021-12-31,92,Groomed
T009,21-22,2021-12-31,92,Groomed
T010,21-22,2021-12-31,92,Closed
T011,21-22,2021-12-31,92,Groomed
T012,21-22,2021-12-31,92,Groomed
T013,21-22,2021-12-31,92,Groomed
T014,21-22,2021-12-31,92,Groomed
T015,21-22,2021-12-31,92,Closed
T016,21-22,2021-12-31,92,Closed
T017,21-22,2021-12-31,92,Closed
T018,21-22,2021-12-31,92,Closed
T019,21-22,2021-12-31,92,Closed
T020,21-22,2021-12-31,92,Closed
T021,21-22,2021-12-31,92,Groomed
T022,21-22,2021-12-31,92,Closed
T023,21-22,2021-12-31,92,Closed
T024,21-22,2021-12-31,92,Open
T025,21-22,2021-12-31,92,Groomed
T026,21-22,2021-12-31,92,Open
T027,21-22,2021-12-31,92,Closed
T028,21-22,2021-12-31,92,Closed
T029,21-22,2021-12-31,92,Closed
T030,21-22,2021-12-31,92,Closed
T031,21-22,2021-12-31,92,Groomed
T032,21-22,2021-12-31,92,Groomed
T033,21-22,2021-12-31,92,Groomed
T034,21-22,2021-12-31,92,Groomed
T035,21-22,2021-12-31,92,Open
T036,21-22,2021-12-31,92,Groomed
T037,21-22,2021-12-31,92,Closed
T038,21-22,2021-12-31,92,Closed
T039,21-22,2021-12-31,92,Closed
T040,21-22,2021-12-31,92,Closed
T041,21-22,2021-12-31,92,Closed
T042,21-22,2021-12-31,92,Closed
T043,21-22,2021-12-31,92,Closed
T044,21-22,2021-12-31,92,Closed
T045,21-22,2021-12-31,92,Closed
T046,21-22,2021-12-31,92,Closed
T047,21-22,2021-12-31,92,Closed
T048,21-22,2021-12-31,92,Closed
T049,21-22,2021-12-31,92,Closed
T050,21-22,2021-12-31,92,Groomed
T051,21-22,2021-12-31,92,Closed
T052,21-22,2021-12-31,92,Closed
T053,21-22,2021-12-31,92,Closed
T054,21-22,2021-12-31,92,Closed
T055,21-22,2021-12-31,92,Closed
T056,21-22,2021-12-31,92,Closed
T057,21-22,2021-12-31,92,Closed
T058,21-22,2021-12-31,92,Closed
T061,21-22,2021-12-31,92,Groomed
T063,21-22,2021-12-31,92,Groomed
T064,21-22,2021-12-31,92,Closed
T065,21-22,2021-12-31,92,Closed
T067,21-22,2021-12-31,92,Closed
T068,21-22,2021-12-31,92,Closed
T069,21-22,2021-12-31,92,Closed
T070,21-22,2021-12-31,92,Closed
T071,21-22,2021-12-31,92,Closed
T072,21-22,2021-12-31,92,Closed
T073,21-22,2021-12-31,92,Closed
T074,21-22,2021-12-31,92,Closed
T075,21-22,2021-12-31,92,Closed
T076,21-22,2021-12-31,92,Closed
T077,21-22,2021-12-31,92,Groomed
T078,21-22,2021-12-31,92,Closed
T079,21-22,2021-12-31,92,Closed
T080,21-22,2021-12-31,92,Closed
T081,21-22,2021-12-31,92,Closed
T082,21-22,2021-12-31,92,Closed
T083,21-22,2021-12-31,92,Closed
T084,21-22,2021-12-31,92,Open
T085,21-22,2021-12-31,92,Open
T086,21-22,2021-12-31,92,Open
T087,21-22,2021-12-31,92,Open
T088,21-22,2021-12-31,92,Closed
T089,21-22,2021-12-31,92,Open
T090,21-22,2021-12-31,92,Open
T091,21-22,2021-12-31,92,Closed
T092,21-22,2021-12-31,92,Closed
T127,21-22,2021-12-31,92,Closed
T134,21-22,2021-12-31,92,Closed
T135,21-22,2021-12-31,92,Closed
T136,21-22,2021-12-31,92,Closed
T137,21-22,2021-12-31,92,Closed
T148,21-22,2021-12-31,92,Closed
T154,21-22,2021-12-31,92,Closed
T001,21-22,2022-01-01,93,Groomed
T002,21-22,2022-01-01,93,Groomed
T003,21-22,2022-01-01,93,Groomed
T004,21-22,2022-01-01,93,Closed
T005,21-22,2022-01-01,93,Groomed
T006,21-22,2022-01-01,93,Open
T007,21-22,2022-01-01,93,Groomed
T008,21-22,2022-01-01,93,Groomed
T009,21-22,2022-01-01,93,Groomed
T010,21-22,2022-01-01,93,Closed
T011,21-22,2022-01-01,93,Groomed
T012,21-22,2022-01-01,93,Groomed
T013,21-22,2022-01-01,93,Groomed
T014,21-22,2022-01-01,93,Groomed
T015,21-22,2022-01-01,93,Closed
T016,21-22,2022-01-01,93,Closed
T017,21-22,2022-01-01,93,Closed
T018,21-22,2022-01-01,93,Closed
T019,21-22,2022-01-01,93,Closed
T020,21-22,2022-01-01,93,Closed
T021,21-22,2022-01-01,93,Groomed
T022,21-22,2022-01-01,93,Closed
T023,21-22,2022-01-01,93,Closed
T024,21-22,2022-01-01,93,Open
T025,21-22,2022-01-01,93,Groomed
T026,21-22,2022-01-01,93,Open
T027,21-22,2022-01-01,93,Closed
T028,21-22,2022-01-01,93,Closed
T029,21-22,2022-01-01,93,Closed
T030,21-22,2022-01-01,93,Closed
T031,21-22,2022-01-01,93,Groomed
T032,21-22,2022-01-01,93,Groomed
T033,21-22,2022-01-01,93,Groomed
T034,21-22,2022-01-01,93,Groomed
T035,21-22,2022-01-01,93,Open
T036,21-22,2022-01-01,93,Groomed
T037,21-22,2022-01-01,93,Closed
T038,21-22,2022-01-01,93,Closed
T039,21-22,2022-01-01,93,Closed
T040,21-22,2022-01-01,93,Closed
T041,21-22,2022-01-01,93,Closed
T042,21-22,2022-01-01,93,Closed
T043,21-22,2022-01-01,93,Closed
T044,21-22,2022-01-01,93,Closed
T045,21-22,2022-01-01,93,Closed
T046,21-22,2022-01-01,93,Closed
T047,21-22,2022-01-01,93,Closed
T048,21-22,2022-01-01,93,Closed
T049,21-22,2022-01-01,93,Closed
T050,21-22,2022-01-01,93,Groomed
T051,21-22,2022-01-01,93,Closed
T052,21-22,2022-01-01,93,Closed
T053,21-22,2022-01-01,93,Closed
T054,21-22,2022-01-01,93,Closed
T055,21-22,2022-01-01,93,Closed
T056,21-22,2022-01-01,93,Closed
T057,21-22,2022-01-01,93,Closed
T058,21-22,2022-01-01,93,Closed
T061,21-22,2022-01-01,93,Groomed
T063,21-22,2022-01-01,93,Groomed
T064,21-22,2022-01-01,93,Closed
T065,21-22,2022-01-01,93,Closed
T067,21-22,2022-01-01,93,Closed
T068,21-22,2022-01-01,93,Open
T069,21-22,2022-01-01,93,Closed
T070,21-22,2022-01-01,93,Open
T071,21-22,2022-01-01,93,Open
T072,21-22,2022-01-01,93,Closed
T073,21-22,2022-01-01,93,Closed
T074,21-22,2022-01-01,93,Closed
T075,21-22,2022-01-01,93,Open
T076,21-22,2022-01-01,93,Open
T077,21-22,2022-01-01,93,Groomed
T078,21-22,2022-01-01,93,Closed
T079,21-22,2022-01-01,93,Closed
T080,21-22,2022-01-01,93,Closed
T081,21-22,2022-01-01,93,Closed
T082,21-22,2022-01-01,93,Closed
T083,21-22,2022-01-01,93,Closed
T084,21-22,2022-01-01,93,Open
T085,21-22,2022-01-01,93,Open
T086,21-22,2022-01-01,93,Open
T087,21-22,2022-01-01,93,Open
T088,21-22,2022-01-01,93,Closed
T089,21-22,2022-01-01,93,Open
T090,21-22,2022-01-01,93,Open
T091,21-22,2022-01-01,93,Closed
T092,21-22,2022-01-01,93,Closed
T127,21-22,2022-01-01,93,Closed
T134,21-22,2022-01-01,93,Closed
T135,21-22,2022-01-01,93,Closed
T136,21-22,2022-01-01,93,Closed
T137,21-22,2022-01-01,93,Closed
T148,21-22,2022-01-01,93,Closed
T154,21-22,2022-01-01,93,Closed
T001,21-22,2022-01-02,94,Groomed
T002,21-22,2022-01-02,94,Groomed
T003,21-22,2022-01-02,94,Groomed
T004,21-22,2022-01-02,94,Closed
T005,21-22,2022-01-02,94,Groomed
T006,21-22,2022-01-02,94,Open
T007,21-22,2022-01-02,94,Groomed
T008,21-22,2022-01-02,94,Groomed
T009,21-22,2022-01-02,94,Groomed
T010,21-22,2022-01-02,94,Closed
T011,21-22,2022-01-02,94,Groomed
T012,21-22,2022-01-02,94,Groomed
T013,21-22,2022-01-02,94,Groomed
T014,21-22,2022-01-02,94,Groomed
T015,21-22,2022-01-02,94,Closed
T016,21-22,2022-01-02,94,Closed
T017,21-22,2022-01-02,94,Closed
T018,21-22,2022-01-02,94,Closed
T019,21-22,2022-01-02,94,Closed
T020,21-22,2022-01-02,94,Closed
T021,21-22,2022-01-02,94,Groomed
T022,21-22,2022-01-02,94,Closed
T023,21-22,2022-01-02,94,Closed
T024,21-22,2022-01-02,94,Open
T025,21-22,2022-01-02,94,Groomed
T026,21-22,2022-01-02,94,Open
T027,21-22,2022-01-02,94,Closed
T028,21-22,2022-01-02,94,Closed
T029,21-22,2022-01-02,94,Closed
T030,21-22,2022-01-02,94,Closed
T031,21-22,2022-01-02,94,Groomed
T032,21-22,2022-01-02,94,Groomed
T033,21-22,2022-01-02,94,Groomed
T034,21-22,2022-01-02,94,Groomed
T035,21-22,2022-01-02,94,Open
T036,21-22,2022-01-02,94,Groomed
T037,21-22,2022-01-02,94,Closed
T038,21-22,2022-01-02,94,Closed
T039,21-22,2022-01-02,94,Closed
T040,21-22,2022-01-02,94,Closed
T041,21-22,2022-01-02,94,Closed
T042,21-22,2022-01-02,94,Closed
T043,21-22,2022-01-02,94,Closed
T044,21-22,2022-01-02,94,Closed
T045,21-22,2022-01-02,94,Closed
T046,21-22,2022-01-02,94,Closed
T047,21-22,2022-01-02,94,Closed
T048,21-22,2022-01-02,94,Closed
T049,21-22,2022-01-02,94,Closed
T050,21-22,2022-01-02,94,Groomed
T051,21-22,2022-01-02,94,Closed
T052,21-22,2022-01-02,94,Closed
T053,21-22,2022-01-02,94,Closed
T054,21-22,2022-01-02,94,Closed
T055,21-22,2022-01-02,94,Closed
T056,21-22,2022-01-02,94,Closed
T057,21-22,2022-01-02,94,Closed
T058,21-22,2022-01-02,94,Closed
T061,21-22,2022-01-02,94,Groomed
T063,21-22,2022-01-02,94,Groomed
T064,21-22,2022-01-02,94,Open
T065,21-22,2022-01-02,94,Closed
T067,21-22,2022-01-02,94,Closed
T068,21-22,2022-01-02,94,Open
T069,21-22,2022-01-02,94,Closed
T070,21-22,2022-01-02,94,Open
T071,21-22,2022-01-02,94,Open
T072,21-22,2022-01-02,94,Closed
T073,21-22,2022-01-02,94,Closed
T074,21-22,2022-01-02,94,Closed
T075,21-22,2022-01-02,94,Open
T076,21-22,2022-01-02,94,Open
T077,21-22,2022-01-02,94,Groomed
T078,21-22,2022-01-02,94,Closed
T079,21-22,2022-01-02,94,Closed
T080,21-22,2022-01-02,94,Closed
T081,21-22,2022-01-02,94,Open
T082,21-22,2022-01-02,94,Open
T083,21-22,2022-01-02,94,Closed
T084,21-22,2022-01-02,94,Open
T085,21-22,2022-01-02,94,Open
T086,21-22,2022-01-02,94,Open
T087,21-22,2022-01-02,94,Open
T088,21-22,2022-01-02,94,Closed
T089,21-22,2022-01-02,94,Open
T090,21-22,2022-01-02,94,Open
T091,21-22,2022-01-02,94,Closed
T092,21-22,2022-01-02,94,Closed
T127,21-22,2022-01-02,94,Closed
T134,21-22,2022-01-02,94,Closed
T135,21-22,2022-01-02,94,Closed
T136,21-22,2022-01-02,94,Closed
T137,21-22,2022-01-02,94,Closed
T148,21-22,2022-01-02,94,Closed
T154,21-22,2022-01-02,94,Closed
T001,21-22,2022-01-03,95,Groomed
T002,21-22,2022-01-03,95,Groomed
T003,21-22,2022-01-03,95,Groomed
T004,21-22,2022-01-03,95,Closed
T005,21-22,2022-01-03,95,Groomed
T006,21-22,2022-01-03,95,Open
T007,21-22,2022-01-03,95,Groomed
T008,21-22,2022-01-03,95,Groomed
T009,21-22,2022-01-03,95,Groomed
T010,21-22,2022-01-03,95,Closed
T011,21-22,2022-01-03,95,Groomed
T012,21-22,2022-01-03,95,Groomed
T013,21-22,2022-01-03,95,Groomed
T014,21-22,2022-01-03,95,Groomed
T015,21-22,2022-01-03,95,Closed
T016,21-22,2022-01-03,95,Closed
T017,21-22,2022-01-03,95,Closed
T018,21-22,2022-01-03,95,Closed
T019,21-22,2022-01-03,95,Closed
T020,21-22,2022-01-03,95,Closed
T021,21-22,2022-01-03,95,Groomed
T022,21-22,2022-01-03,95,Closed
T023,21-22,2022-01-03,95,Closed
T024,21-22,2022-01-03,95,Open
T025,21-22,2022-01-03,95,Groomed
T026,21-22,2022-01-03,95,Open
T027,21-22,2022-01-03,95,Closed
T028,21-22,2022-01-03,95,Closed
T029,21-22,2022-01-03,95,Closed
T030,21-22,2022-01-03,95,Closed
T031,21-22,2022-01-03,95,Groomed
T032,21-22,2022-01-03,95,Groomed
T033,21-22,2022-01-03,95,Groomed
T034,21-22,2022-01-03,95,Groomed
T035,21-22,2022-01-03,95,Open
T036,21-22,2022-01-03,95,Groomed
T037,21-22,2022-01-03,95,Closed
T038,21-22,2022-01-03,95,Closed
T039,21-22,2022-01-03,95,Closed
T040,21-22,2022-01-03,95,Closed
T041,21-22,2022-01-03,95,Closed
T042,21-22,2022-01-03,95,Closed
T043,21-22,2022-01-03,95,Closed
T044,21-22,2022-01-03,95,Open
T045,21-22,2022-01-03,95,Closed
T046,21-22,2022-01-03,95,Closed
T047,21-22,2022-01-03,95,Closed
T048,21-22,2022-01-03,95,Closed
T049,21-22,2022-01-03,95,Closed
T050,21-22,2022-01-03,95,Groomed
T051,21-22,2022-01-03,95,Closed
T052,21-22,2022-01-03,95,Closed
T053,21-22,2022-01-03,95,Closed
T054,21-22,2022-01-03,95,Closed
T055,21-22,2022-01-03,95,Closed
T056,21-22,2022-01-03,95,Closed
T057,21-22,2022-01-03,95,Closed
T058,21-22,2022-01-03,95,Closed
T061,21-22,2022-01-03,95,Groomed
T063,21-22,2022-01-03,95,Groomed
T064,21-22,2022-01-03,95,Open
T065,21-22,2022-01-03,95,Closed
T067,21-22,2022-01-03,95,Closed
T068,21-22,2022-01-03,95,Open
T069,21-22,2022-01-03,95,Closed
T070,21-22,2022-01-03,95,Open
T071,21-22,2022-01-03,95,Open
T072,21-22,2022-01-03,95,Closed
T073,21-22,2022-01-03,95,Closed
T074,21-22,2022-01-03,95,Closed
T075,21-22,2022-01-03,95,Open
T076,21-22,2022-01-03,95,Open
T077,21-22,2022-01-03,95,Groomed
T078,21-22,2022-01-03,95,Closed
T079,21-22,2022-01-03,95,Closed
T080,21-22,2022-01-03,95,Closed
T081,21-22,2022-01-03,95,Open
T082,21-22,2022-01-03,95,Open
T083,21-22,2022-01-03,95,Closed
T084,21-22,2022-01-03,95,Open
T085,21-22,2022-01-03,95,Open
T086,21-22,2022-01-03,95,Open
T087,21-22,2022-01-03,95,Open
T088,21-22,2022-01-03,95,Closed
T089,21-22,2022-01-03,95,Open
T090,21-22,2022-01-03,95,Open
T091,21-22,2022-01-03,95,Closed
T092,21-22,2022-01-03,95,Closed
T127,21-22,2022-01-03,95,Closed
T134,21-22,2022-01-03,95,Open
T135,21-22,2022-01-03,95,Closed
T136,21-22,2022-01-03,95,Closed
T137,21-22,2022-01-03,95,Closed
T148,21-22,2022-01-03,95,Closed
T154,21-22,2022-01-03,95,Closed
T001,21-22,2022-01-04,96,Groomed
T002,21-22,2022-01-04,96,Groomed
T003,21-22,2022-01-04,96,Groomed
T004,21-22,2022-01-04,96,Closed
T005,21-22,2022-01-04,96,Groomed
T006,21-22,2022-01-04,96,Open
T007,21-22,2022-01-04,96,Groomed
T008,21-22,2022-01-04,96,Groomed
T009,21-22,2022-01-04,96,Groomed
T010,21-22,2022-01-04,96,Closed
T011,21-22,2022-01-04,96,Groomed
T012,21-22,2022-01-04,96,Groomed
T013,21-22,2022-01-04,96,Groomed
T014,21-22,2022-01-04,96,Groomed
T015,21-22,2022-01-04,96,Closed
T016,21-22,2022-01-04,96,Closed
T017,21-22,2022-01-04,96,Closed
T018,21-22,2022-01-04,96,Closed
T019,21-22,2022-01-04,96,Closed
T020,21-22,2022-01-04,96,Closed
T021,21-22,2022-01-04,96,Groomed
T022,21-22,2022-01-04,96,Closed
T023,21-22,2022-01-04,96,Closed
T024,21-22,2022-01-04,96,Open
T025,21-22,2022-01-04,96,Groomed
T026,21-22,2022-01-04,96,Open
T027,21-22,2022-01-04,96,Closed
T028,21-22,2022-01-04,96,Closed
T029,21-22,2022-01-04,96,Closed
T030,21-22,2022-01-04,96,Closed
T031,21-22,2022-01-04,96,Groomed
T032,21-22,2022-01-04,96,Groomed
T033,21-22,2022-01-04,96,Groomed
T034,21-22,2022-01-04,96,Groomed
T035,21-22,2022-01-04,96,Open
T036,21-22,2022-01-04,96,Groomed
T037,21-22,2022-01-04,96,Closed
T038,21-22,2022-01-04,96,Closed
T039,21-22,2022-01-04,96,Closed
T040,21-22,2022-01-04,96,Closed
T041,21-22,2022-01-04,96,Closed
T042,21-22,2022-01-04,96,Closed
T043,21-22,2022-01-04,96,Closed
T044,21-22,2022-01-04,96,Open
T045,21-22,2022-01-04,96,Closed
T046,21-22,2022-01-04,96,Closed
T047,21-22,2022-01-04,96,Closed
T048,21-22,2022-01-04,96,Closed
T049,21-22,2022-01-04,96,Closed
T050,21-22,2022-01-04,96,Groomed
T051,21-22,2022-01-04,96,Closed
T052,21-22,2022-01-04,96,Closed
T053,21-22,2022-01-04,96,Closed
T054,21-22,2022-01-04,96,Closed
T055,21-22,2022-01-04,96,Closed
T056,21-22,2022-01-04,96,Closed
T057,21-22,2022-01-04,96,Open
T058,21-22,2022-01-04,96,Closed
T061,21-22,2022-01-04,96,Groomed
T063,21-22,2022-01-04,96,Groomed
T064,21-22,2022-01-04,96,Open
T065,21-22,2022-01-04,96,Closed
T067,21-22,2022-01-04,96,Closed
T068,21-22,2022-01-04,96,Open
T069,21-22,2022-01-04,96,Closed
T070,21-22,2022-01-04,96,Open
T071,21-22,2022-01-04,96,Open
T072,21-22,2022-01-04,96,Closed
T073,21-22,2022-01-04,96,Closed
T074,21-22,2022-01-04,96,Closed
T075,21-22,2022-01-04,96,Open
T076,21-22,2022-01-04,96,Open
T077,21-22,2022-01-04,96,Groomed
T078,21-22,2022-01-04,96,Closed
T079,21-22,2022-01-04,96,Closed
T080,21-22,2022-01-04,96,Closed
T081,21-22,2022-01-04,96,Open
T082,21-22,2022-01-04,96,Open
T083,21-22,2022-01-04,96,Closed
T084,21-22,2022-01-04,96,Open
T085,21-22,2022-01-04,96,Open
T086,21-22,2022-01-04,96,Open
T087,21-22,2022-01-04,96,Open
T088,21-22,2022-01-04,96,Closed
T089,21-22,2022-01-04,96,Open
T090,21-22,2022-01-04,96,Open
T091,21-22,2022-01-04,96,Closed
T092,21-22,2022-01-04,96,Closed
T127,21-22,2022-01-04,96,Closed
T134,21-22,2022-01-04,96,Open
T135,21-22,2022-01-04,96,Closed
T136,21-22,2022-01-04,96,Closed
T137,21-22,2022-01-04,96,Closed
T148,21-22,2022-01-04,96,Closed
T154,21-22,2022-01-04,96,Closed
T001,21-22,2022-01-05,97,Groomed
T002,21-22,2022-01-05,97,Groomed
T003,21-22,2022-01-05,97,Groomed
T004,21-22,2022-01-05,97,Closed
T005,21-22,2022-01-05,97,Groomed
T006,21-22,2022-01-05,97,Open
T007,21-22,2022-01-05,97,Groomed
T008,21-22,2022-01-05,97,Groomed
T009,21-22,2022-01-05,97,Groomed
T010,21-22,2022-01-05,97,Closed
T011,21-22,2022-01-05,97,Groomed
T012,21-22,2022-01-05,97,Groomed
T013,21-22,2022-01-05,97,Groomed
T014,21-22,2022-01-05,97,Groomed
T015,21-22,2022-01-05,97,Closed
T016,21-22,2022-01-05,97,Open
T017,21-22,2022-01-05,97,Closed
T018,21-22,2022-01-05,97,Closed
T019,21-22,2022-01-05,97,Closed
T020,21-22,2022-01-05,97,Closed
T021,21-22,2022-01-05,97,Groomed
T022,21-22,2022-01-05,97,Groomed
T023,21-22,2022-01-05,97,Closed
T024,21-22,2022-01-05,97,Open
T025,21-22,2022-01-05,97,Groomed
T026,21-22,2022-01-05,97,Open
T027,21-22,2022-01-05,97,Closed
T028,21-22,2022-01-05,97,Closed
T029,21-22,2022-01-05,97,Closed
T030,21-22,2022-01-05,97,Closed
T031,21-22,2022-01-05,97,Groomed
T032,21-22,2022-01-05,97,Groomed
T033,21-22,2022-01-05,97,Groomed
T034,21-22,2022-01-05,97,Groomed
T035,21-22,2022-01-05,97,Open
T036,21-22,2022-01-05,97,Groomed
T037,21-22,2022-01-05,97,Closed
T038,21-22,2022-01-05,97,Closed
T039,21-22,2022-01-05,97,Closed
T040,21-22,2022-01-05,97,Closed
T041,21-22,2022-01-05,97,Closed
T042,21-22,2022-01-05,97,Closed
T043,21-22,2022-01-05,97,Closed
T044,21-22,2022-01-05,97,Open
T045,21-22,2022-01-05,97,Open
T046,21-22,2022-01-05,97,Closed
T047,21-22,2022-01-05,97,Closed
T048,21-22,2022-01-05,97,Closed
T049,21-22,2022-01-05,97,Closed
T050,21-22,2022-01-05,97,Groomed
T051,21-22,2022-01-05,97,Closed
T052,21-22,2022-01-05,97,Closed
T053,21-22,2022-01-05,97,Closed
T054,21-22,2022-01-05,97,Closed
T055,21-22,2022-01-05,97,Closed
T056,21-22,2022-01-05,97,Closed
T057,21-22,2022-01-05,97,Open
T058,21-22,2022-01-05,97,Closed
T061,21-22,2022-01-05,97,Groomed
T063,21-22,2022-01-05,97,Groomed
T064,21-22,2022-01-05,97,Open
T065,21-22,2022-01-05,97,Closed
T067,21-22,2022-01-05,97,Closed
T068,21-22,2022-01-05,97,Open
T069,21-22,2022-01-05,97,Closed
T070,21-22,2022-01-05,97,Open
T071,21-22,2022-01-05,97,Open
T072,21-22,2022-01-05,97,Closed
T073,21-22,2022-01-05,97,Closed
T074,21-22,2022-01-05,97,Closed
T075,21-22,2022-01-05,97,Open
T076,21-22,2022-01-05,97,Open
T077,21-22,2022-01-05,97,Groomed
T078,21-22,2022-01-05,97,Closed
T079,21-22,2022-01-05,97,Closed
T080,21-22,2022-01-05,97,Closed
T081,21-22,2022-01-05,97,Open
T082,21-22,2022-01-05,97,Open
T083,21-22,2022-01-05,97,Closed
T084,21-22,2022-01-05,97,Open
T085,21-22,2022-01-05,97,Open
T086,21-22,2022-01-05,97,Open
T087,21-22,2022-01-05,97,Open
T088,21-22,2022-01-05,97,Closed
T089,21-22,2022-01-05,97,Open
T090,21-22,2022-01-05,97,Open
T091,21-22,2022-01-05,97,Closed
T092,21-22,2022-01-05,97,Closed
T127,21-22,2022-01-05,97,Closed
T134,21-22,2022-01-05,97,Open
T135,21-22,2022-01-05,97,Closed
T136,21-22,2022-01-05,97,Closed
T137,21-22,2022-01-05,97,Closed
T148,21-22,2022-01-05,97,Closed
T154,21-22,2022-01-05,97,Closed
T001,21-22,2022-01-06,98,Groomed
T002,21-22,2022-01-06,98,Groomed
T003,21-22,2022-01-06,98,Groomed
T004,21-22,2022-01-06,98,Closed
T005,21-22,2022-01-06,98,Groomed
T006,21-22,2022-01-06,98,Open
T007,21-22,2022-01-06,98,Groomed
T008,21-22,2022-01-06,98,Groomed
T009,21-22,2022-01-06,98,Groomed
T010,21-22,2022-01-06,98,Closed
T011,21-22,2022-01-06,98,Groomed
T012,21-22,2022-01-06,98,Groomed
T013,21-22,2022-01-06,98,Groomed
T014,21-22,2022-01-06,98,Groomed
T015,21-22,2022-01-06,98,Closed
T016,21-22,2022-01-06,98,Open
T017,21-22,2022-01-06,98,Closed
T018,21-22,2022-01-06,98,Closed
T019,21-22,2022-01-06,98,Closed
T020,21-22,2022-01-06,98,Closed
T021,21-22,2022-01-06,98,Groomed
T022,21-22,2022-01-06,98,Groomed
T023,21-22,2022-01-06,98,Closed
T024,21-22,2022-01-06,98,Open
T025,21-22,2022-01-06,98,Groomed
T026,21-22,2022-01-06,98,Open
T027,21-22,2022-01-06,98,Closed
T028,21-22,2022-01-06,98,Closed
T029,21-22,2022-01-06,98,Closed
T030,21-22,2022-01-06,98,Closed
T031,21-22,2022-01-06,98,Groomed
T032,21-22,2022-01-06,98,Open
T033,21-22,2022-01-06,98,Groomed
T034,21-22,2022-01-06,98,Groomed
T035,21-22,2022-01-06,98,Open
T036,21-22,2022-01-06,98,Groomed
T037,21-22,2022-01-06,98,Closed
T038,21-22,2022-01-06,98,Closed
T039,21-22,2022-01-06,98,Closed
T040,21-22,2022-01-06,98,Closed
T041,21-22,2022-01-06,98,Closed
T042,21-22,2022-01-06,98,Closed
T043,21-22,2022-01-06,98,Closed
T044,21-22,2022-01-06,98,Open
T045,21-22,2022-01-06,98,Open
T046,21-22,2022-01-06,98,Closed
T047,21-22,2022-01-06,98,Closed
T048,21-22,2022-01-06,98,Closed
T049,21-22,2022-01-06,98,Closed
T050,21-22,2022-01-06,98,Groomed
T051,21-22,2022-01-06,98,Closed
T052,21-22,2022-01-06,98,Closed
T053,21-22,2022-01-06,98,Closed
T054,21-22,2022-01-06,98,Closed
T055,21-22,2022-01-06,98,Closed
T056,21-22,2022-01-06,98,Closed
T057,21-22,2022-01-06,98,Open
T058,21-22,2022-01-06,98,Closed
T061,21-22,2022-01-06,98,Groomed
T063,21-22,2022-01-06,98,Groomed
T064,21-22,2022-01-06,98,Open
T065,21-22,2022-01-06,98,Closed
T067,21-22,2022-01-06,98,Closed
T068,21-22,2022-01-06,98,Open
T069,21-22,2022-01-06,98,Closed
T070,21-22,2022-01-06,98,Open
T071,21-22,2022-01-06,98,Open
T072,21-22,2022-01-06,98,Closed
T073,21-22,2022-01-06,98,Closed
T074,21-22,2022-01-06,98,Closed
T075,21-22,2022-01-06,98,Open
T076,21-22,2022-01-06,98,Open
T077,21-22,2022-01-06,98,Groomed
T078,21-22,2022-01-06,98,Closed
T079,21-22,2022-01-06,98,Closed
T080,21-22,2022-01-06,98,Closed
T081,21-22,2022-01-06,98,Open
T082,21-22,2022-01-06,98,Open
T083,21-22,2022-01-06,98,Closed
T084,21-22,2022-01-06,98,Open
T085,21-22,2022-01-06,98,Open
T086,21-22,2022-01-06,98,Open
T087,21-22,2022-01-06,98,Open
T088,21-22,2022-01-06,98,Closed
T089,21-22,2022-01-06,98,Open
T090,21-22,2022-01-06,98,Open
T091,21-22,2022-01-06,98,Closed
T092,21-22,2022-01-06,98,Closed
T127,21-22,2022-01-06,98,Closed
T134,21-22,2022-01-06,98,Open
T135,21-22,2022-01-06,98,Closed
T136,21-22,2022-01-06,98,Closed
T137,21-22,2022-01-06,98,Closed
T148,21-22,2022-01-06,98,Closed
T154,21-22,2022-01-06,98,Closed
T001,21-22,2022-01-07,99,Groomed
T002,21-22,2022-01-07,99,Groomed
T003,21-22,2022-01-07,99,Groomed
T004,21-22,2022-01-07,99,Closed
T005,21-22,2022-01-07,99,Groomed
T006,21-22,2022-01-07,99,Open
T007,21-22,2022-01-07,99,Groomed
T008,21-22,2022-01-07,99,Groomed
T009,21-22,2022-01-07,99,Groomed
T010,21-22,2022-01-07,99,Closed
T011,21-22,2022-01-07,99,Groomed
T012,21-22,2022-01-07,99,Groomed
T013,21-22,2022-01-07,99,Groomed
T014,21-22,2022-01-07,99,Groomed
T015,21-22,2022-01-07,99,Closed
T016,21-22,2022-01-07,99,Open
T017,21-22,2022-01-07,99,Closed
T018,21-22,2022-01-07,99,Closed
T019,21-22,2022-01-07,99,Closed
T020,21-22,2022-01-07,99,Closed
T021,21-22,2022-01-07,99,Groomed
T022,21-22,2022-01-07,99,Groomed
T023,21-22,2022-01-07,99,Closed
T024,21-22,2022-01-07,99,Open
T025,21-22,2022-01-07,99,Groomed
T026,21-22,2022-01-07,99,Open
T027,21-22,2022-01-07,99,Closed
T028,21-22,2022-01-07,99,Closed
T029,21-22,2022-01-07,99,Closed
T030,21-22,2022-01-07,99,Closed
T031,21-22,2022-01-07,99,Groomed
T032,21-22,2022-01-07,99,Open
T033,21-22,2022-01-07,99,Groomed
T034,21-22,2022-01-07,99,Groomed
T035,21-22,2022-01-07,99,Open
T036,21-22,2022-01-07,99,Groomed
T037,21-22,2022-01-07,99,Closed
T038,21-22,2022-01-07,99,Open
T039,21-22,2022-01-07,99,Open
T040,21-22,2022-01-07,99,Closed
T041,21-22,2022-01-07,99,Closed
T042,21-22,2022-01-07,99,Closed
T043,21-22,2022-01-07,99,Closed
T044,21-22,2022-01-07,99,Open
T045,21-22,2022-01-07,99,Open
T046,21-22,2022-01-07,99,Closed
T047,21-22,2022-01-07,99,Closed
T048,21-22,2022-01-07,99,Closed
T049,21-22,2022-01-07,99,Closed
T050,21-22,2022-01-07,99,Groomed
T051,21-22,2022-01-07,99,Closed
T052,21-22,2022-01-07,99,Closed
T053,21-22,2022-01-07,99,Closed
T054,21-22,2022-01-07,99,Closed
T055,21-22,2022-01-07,99,Closed
T056,21-22,2022-01-07,99,Closed
T057,21-22,2022-01-07,99,Open
T058,21-22,2022-01-07,99,Closed
T061,21-22,2022-01-07,99,Groomed
T063,21-22,2022-01-07,99,Groomed
T064,21-22,2022-01-07,99,Closed
T065,21-22,2022-01-07,99,Closed
T067,21-22,2022-01-07,99,Closed
T068,21-22,2022-01-07,99,Open
T069,21-22,2022-01-07,99,Closed
T070,21-22,2022-01-07,99,Open
T071,21-22,2022-01-07,99,Open
T072,21-22,2022-01-07,99,Closed
T073,21-22,2022-01-07,99,Closed
T074,21-22,2022-01-07,99,Closed
T075,21-22,2022-01-07,99,Open
T076,21-22,2022-01-07,99,Open
T077,21-22,2022-01-07,99,Groomed
T078,21-22,2022-01-07,99,Closed
T079,21-22,2022-01-07,99,Open
T080,21-22,2022-01-07,99,Open
T081,21-22,2022-01-07,99,Open
T082,21-22,2022-01-07,99,Open
T083,21-22,2022-01-07,99,Open
T084,21-22,2022-01-07,99,Open
T085,21-22,2022-01-07,99,Open
T086,21-22,2022-01-07,99,Open
T087,21-22,2022-01-07,99,Open
T088,21-22,2022-01-07,99,Open
T089,21-22,2022-01-07,99,Open
T090,21-22,2022-01-07,99,Open
T091,21-22,2022-01-07,99,Open
T092,21-22,2022-01-07,99,Open
T127,21-22,2022-01-07,99,Closed
T134,21-22,2022-01-07,99,Open
T135,21-22,2022-01-07,99,Closed
T136,21-22,2022-01-07,99,Closed
T137,21-22,2022-01-07,99,Closed
T148,21-22,2022-01-07,99,Closed
T154,21-22,2022-01-07,99,Closed
T001,21-22,2022-01-08,100,Groomed
T002,21-22,2022-01-08,100,Groomed
T003,21-22,2022-01-08,100,Groomed
T004,21-22,2022-01-08,100,Closed
T005,21-22,2022-01-08,100,Groomed
T006,21-22,2022-01-08,100,Open
T007,21-22,2022-01-08,100,Groomed
T008,21-22,2022-01-08,100,Groomed
T009,21-22,2022-01-08,100,Groomed
T010,21-22,2022-01-08,100,Closed
T011,21-22,2022-01-08,100,Groomed
T012,21-22,2022-01-08,100,Groomed
T013,21-22,2022-01-08,100,Groomed
T014,21-22,2022-01-08,100,Groomed
T015,21-22,2022-01-08,100,Closed
T016,21-22,2022-01-08,100,Open
T017,21-22,2022-01-08,100,Closed
T018,21-22,2022-01-08,100,Closed
T019,21-22,2022-01-08,100,Closed
T020,21-22,2022-01-08,100,Open
T021,21-22,2022-01-08,100,Groomed
T022,21-22,2022-01-08,100,Groomed
T023,21-22,2022-01-08,100,Closed
T024,21-22,2022-01-08,100,Open
T025,21-22,2022-01-08,100,Groomed
T026,21-22,2022-01-08,100,Open
T027,21-22,2022-01-08,100,Groomed
T028,21-22,2022-01-08,100,Closed
T029,21-22,2022-01-08,100,Closed
T030,21-22,2022-01-08,100,Closed
T031,21-22,2022-01-08,100,Groomed
T032,21-22,2022-01-08,100,Groomed
T033,21-22,2022-01-08,100,Groomed
T034,21-22,2022-01-08,100,Groomed
T035,21-22,2022-01-08,100,Open
T036,21-22,2022-01-08,100,Groomed
T037,21-22,2022-01-08,100,Closed
T038,21-22,2022-01-08,100,Open
T039,21-22,2022-01-08,100,Open
T040,21-22,2022-01-08,100,Closed
T041,21-22,2022-01-08,100,Closed
T042,21-22,2022-01-08,100,Closed
T043,21-22,2022-01-08,100,Closed
T044,21-22,2022-01-08,100,Open
T045,21-22,2022-01-08,100,Open
T046,21-22,2022-01-08,100,Closed
T047,21-22,2022-01-08,100,Closed
T048,21-22,2022-01-08,100,Closed
T049,21-22,2022-01-08,100,Closed
T050,21-22,2022-01-08,100,Groomed
T051,21-22,2022-01-08,100,Closed
T052,21-22,2022-01-08,100,Closed
T053,21-22,2022-01-08,100,Closed
T054,21-22,2022-01-08,100,Closed
T055,21-22,2022-01-08,100,Closed
T056,21-22,2022-01-08,100,Closed
T057,21-22,2022-01-08,100,Open
T058,21-22,2022-01-08,100,Closed
T061,21-22,2022-01-08,100,Groomed
T063,21-22,2022-01-08,100,Groomed
T064,21-22,2022-01-08,100,Closed
T065,21-22,2022-01-08,100,Closed
T067,21-22,2022-01-08,100,Closed
T068,21-22,2022-01-08,100,Open
T069,21-22,2022-01-08,100,Closed
T070,21-22,2022-01-08,100,Open
T071,21-22,2022-01-08,100,Open
T072,21-22,2022-01-08,100,Open
T073,21-22,2022-01-08,100,Open
T074,21-22,2022-01-08,100,Open
T075,21-22,2022-01-08,100,Open
T076,21-22,2022-01-08,100,Open
T077,21-22,2022-01-08,100,Groomed
T078,21-22,2022-01-08,100,Closed
T079,21-22,2022-01-08,100,Open
T080,21-22,2022-01-08,100,Open
T081,21-22,2022-01-08,100,Open
T082,21-22,2022-01-08,100,Open
T083,21-22,2022-01-08,100,Open
T084,21-22,2022-01-08,100,Open
T085,21-22,2022-01-08,100,Open
T086,21-22,2022-01-08,100,Open
T087,21-22,2022-01-08,100,Open
T088,21-22,2022-01-08,100,Open
T089,21-22,2022-01-08,100,Open
T090,21-22,2022-01-08,100,Open
T091,21-22,2022-01-08,100,Open
T092,21-22,2022-01-08,100,Open
T127,21-22,2022-01-08,100,Closed
T134,21-22,2022-01-08,100,Open
T135,21-22,2022-01-08,100,Closed
T136,21-22,2022-01-08,100,Closed
T137,21-22,2022-01-08,100,Closed
T148,21-22,2022-01-08,100,Closed
T154,21-22,2022-01-08,100,Closed
T001,21-22,2022-01-09,101,Groomed
T002,21-22,2022-01-09,101,Groomed
T003,21-22,2022-01-09,101,Groomed
T004,21-22,2022-01-09,101,Closed
T005,21-22,2022-01-09,101,Groomed
T006,21-22,2022-01-09,101,Open
T007,21-22,2022-01-09,101,Groomed
T008,21-22,2022-01-09,101,Groomed
T009,21-22,2022-01-09,101,Groomed
T010,21-22,2022-01-09,101,Closed
T011,21-22,2022-01-09,101,Groomed
T012,21-22,2022-01-09,101,Groomed
T013,21-22,2022-01-09,101,Groomed
T014,21-22,2022-01-09,101,Groomed
T015,21-22,2022-01-09,101,Closed
T016,21-22,2022-01-09,101,Open
T017,21-22,2022-01-09,101,Closed
T018,21-22,2022-01-09,101,Closed
T019,21-22,2022-01-09,101,Closed
T020,21-22,2022-01-09,101,Open
T021,21-22,2022-01-09,101,Groomed
T022,21-22,2022-01-09,101,Groomed
T023,21-22,2022-01-09,101,Closed
T024,21-22,2022-01-09,101,Open
T025,21-22,2022-01-09,101,Groomed
T026,21-22,2022-01-09,101,Open
T027,21-22,2022-01-09,101,Groomed
T028,21-22,2022-01-09,101,Closed
T029,21-22,2022-01-09,101,Closed
T030,21-22,2022-01-09,101,Open
T031,21-22,2022-01-09,101,Groomed
T032,21-22,2022-01-09,101,Groomed
T033,21-22,2022-01-09,101,Groomed
T034,21-22,2022-01-09,101,Groomed
T035,21-22,2022-01-09,101,Open
T036,21-22,2022-01-09,101,Groomed
T037,21-22,2022-01-09,101,Open
T038,21-22,2022-01-09,101,Open
T039,21-22,2022-01-09,101,Open
T040,21-22,2022-01-09,101,Closed
T041,21-22,2022-01-09,101,Closed
T042,21-22,2022-01-09,101,Closed
T043,21-22,2022-01-09,101,Closed
T044,21-22,2022-01-09,101,Open
T045,21-22,2022-01-09,101,Open
T046,21-22,2022-01-09,101,Closed
T047,21-22,2022-01-09,101,Open
T048,21-22,2022-01-09,101,Closed
T049,21-22,2022-01-09,101,Closed
T050,21-22,2022-01-09,101,Groomed
T051,21-22,2022-01-09,101,Closed
T052,21-22,2022-01-09,101,Closed
T053,21-22,2022-01-09,101,Closed
T054,21-22,2022-01-09,101,Closed
T055,21-22,2022-01-09,101,Closed
T056,21-22,2022-01-09,101,Closed
T057,21-22,2022-01-09,101,Open
T058,21-22,2022-01-09,101,Closed
T061,21-22,2022-01-09,101,Groomed
T063,21-22,2022-01-09,101,Groomed
T064,21-22,2022-01-09,101,Closed
T065,21-22,2022-01-09,101,Closed
T067,21-22,2022-01-09,101,Closed
T068,21-22,2022-01-09,101,Open
T069,21-22,2022-01-09,101,Closed
T070,21-22,2022-01-09,101,Open
T071,21-22,2022-01-09,101,Open
T072,21-22,2022-01-09,101,Open
T073,21-22,2022-01-09,101,Open
T074,21-22,2022-01-09,101,Open
T075,21-22,2022-01-09,101,Open
T076,21-22,2022-01-09,101,Open
T077,21-22,2022-01-09,101,Groomed
T078,21-22,2022-01-09,101,Closed
T079,21-22,2022-01-09,101,Open
T080,21-22,2022-01-09,101,Open
T081,21-22,2022-01-09,101,Open
T082,21-22,2022-01-09,101,Open
T083,21-22,2022-01-09,101,Open
T084,21-22,2022-01-09,101,Open
T085,21-22,2022-01-09,101,Open
T086,21-22,2022-01-09,101,Open
T087,21-22,2022-01-09,101,Open
T088,21-22,2022-01-09,101,Open
T089,21-22,2022-01-09,101,Open
T090,21-22,2022-01-09,101,Open
T091,21-22,2022-01-09,101,Open
T092,21-22,2022-01-09,101,Open
T127,21-22,2022-01-09,101,Closed
T134,21-22,2022-01-09,101,Open
T135,21-22,2022-01-09,101,Closed
T136,21-22,2022-01-09,101,Open
T137,21-22,2022-01-09,101,Closed
T148,21-22,2022-01-09,101,Closed
T154,21-22,2022-01-09,101,Closed
T001,21-22,2022-01-10,102,Groomed
T002,21-22,2022-01-10,102,Groomed
T003,21-22,2022-01-10,102,Groomed
T004,21-22,2022-01-10,102,Closed
T005,21-22,2022-01-10,102,Groomed
T006,21-22,2022-01-10,102,Open
T007,21-22,2022-01-10,102,Groomed
T008,21-22,2022-01-10,102,Groomed
T009,21-22,2022-01-10,102,Groomed
T010,21-22,2022-01-10,102,Closed
T011,21-22,2022-01-10,102,Groomed
T012,21-22,2022-01-10,102,Groomed
T013,21-22,2022-01-10,102,Groomed
T014,21-22,2022-01-10,102,Groomed
T015,21-22,2022-01-10,102,Closed
T016,21-22,2022-01-10,102,Open
T017,21-22,2022-01-10,102,Open
T018,21-22,2022-01-10,102,Closed
T019,21-22,2022-01-10,102,Closed
T020,21-22,2022-01-10,102,Open
T021,21-22,2022-01-10,102,Groomed
T022,21-22,2022-01-10,102,Groomed
T023,21-22,2022-01-10,102,Closed
T024,21-22,2022-01-10,102,Open
T025,21-22,2022-01-10,102,Groomed
T026,21-22,2022-01-10,102,Open
T027,21-22,2022-01-10,102,Groomed
T028,21-22,2022-01-10,102,Closed
T029,21-22,2022-01-10,102,Closed
T030,21-22,2022-01-10,102,Open
T031,21-22,2022-01-10,102,Groomed
T032,21-22,2022-01-10,102,Groomed
T033,21-22,2022-01-10,102,Groomed
T034,21-22,2022-01-10,102,Groomed
T035,21-22,2022-01-10,102,Open
T036,21-22,2022-01-10,102,Groomed
T037,21-22,2022-01-10,102,Open
T038,21-22,2022-01-10,102,Open
T039,21-22,2022-01-10,102,Open
T040,21-22,2022-01-10,102,Closed
T041,21-22,2022-01-10,102,Groomed
T042,21-22,2022-01-10,102,Closed
T043,21-22,2022-01-10,102,Closed
T044,21-22,2022-01-10,102,Open
T045,21-22,2022-01-10,102,Open
T046,21-22,2022-01-10,102,Closed
T047,21-22,2022-01-10,102,Open
T048,21-22,2022-01-10,102,Closed
T049,21-22,2022-01-10,102,Closed
T050,21-22,2022-01-10,102,Groomed
T051,21-22,2022-01-10,102,Closed
T052,21-22,2022-01-10,102,Closed
T053,21-22,2022-01-10,102,Closed
T054,21-22,2022-01-10,102,Closed
T055,21-22,2022-01-10,102,Closed
T056,21-22,2022-01-10,102,Closed
T057,21-22,2022-01-10,102,Open
T058,21-22,2022-01-10,102,Closed
T061,21-22,2022-01-10,102,Groomed
T063,21-22,2022-01-10,102,Groomed
T064,21-22,2022-01-10,102,Closed
T065,21-22,2022-01-10,102,Closed
T067,21-22,2022-01-10,102,Closed
T068,21-22,2022-01-10,102,Open
T069,21-22,2022-01-10,102,Closed
T070,21-22,2022-01-10,102,Open
T071,21-22,2022-01-10,102,Open
T072,21-22,2022-01-10,102,Open
T073,21-22,2022-01-10,102,Open
T074,21-22,2022-01-10,102,Open
T075,21-22,2022-01-10,102,Open
T076,21-22,2022-01-10,102,Open
T077,21-22,2022-01-10,102,Groomed
T078,21-22,2022-01-10,102,Closed
T079,21-22,2022-01-10,102,Open
T080,21-22,2022-01-10,102,Open
T081,21-22,2022-01-10,102,Open
T082,21-22,2022-01-10,102,Open
T083,21-22,2022-01-10,102,Open
T084,21-22,2022-01-10,102,Open
T085,21-22,2022-01-10,102,Open
T086,21-22,2022-01-10,102,Open
T087,21-22,2022-01-10,102,Open
T088,21-22,2022-01-10,102,Open
T089,21-22,2022-01-10,102,Open
T090,21-22,2022-01-10,102,Open
T091,21-22,2022-01-10,102,Open
T092,21-22,2022-01-10,102,Open
T127,21-22,2022-01-10,102,Closed
T134,21-22,2022-01-10,102,Open
T135,21-22,2022-01-10,102,Closed
T136,21-22,2022-01-10,102,Open
T137,21-22,2022-01-10,102,Closed
T148,21-22,2022-01-10,102,Closed
T154,21-22,2022-01-10,102,Closed
T001,21-22,2022-01-11,103,Groomed
T002,21-22,2022-01-11,103,Groomed
T003,21-22,2022-01-11,103,Groomed
T004,21-22,2022-01-11,103,Closed
T005,21-22,2022-01-11,103,Groomed
T006,21-22,2022-01-11,103,Open
T007,21-22,2022-01-11,103,Groomed
T008,21-22,2022-01-11,103,Groomed
T009,21-22,2022-01-11,103,Groomed
T010,21-22,2022-01-11,103,Closed
T011,21-22,2022-01-11,103,Groomed
T012,21-22,2022-01-11,103,Groomed
T013,21-22,2022-01-11,103,Groomed
T014,21-22,2022-01-11,103,Groomed
T015,21-22,2022-01-11,103,Closed
T016,21-22,2022-01-11,103,Open
T017,21-22,2022-01-11,103,Open
T018,21-22,2022-01-11,103,Closed
T019,21-22,2022-01-11,103,Closed
T020,21-22,2022-01-11,103,Open
T021,21-22,2022-01-11,103,Groomed
T022,21-22,2022-01-11,103,Groomed
T023,21-22,2022-01-11,103,Closed
T024,21-22,2022-01-11,103,Open
T025,21-22,2022-01-11,103,Groomed
T026,21-22,2022-01-11,103,Open
T027,21-22,2022-01-11,103,Groomed
T028,21-22,2022-01-11,103,Closed
T029,21-22,2022-01-11,103,Closed
T030,21-22,2022-01-11,103,Open
T031,21-22,2022-01-11,103,Groomed
T032,21-22,2022-01-11,103,Groomed
T033,21-22,2022-01-11,103,Groomed
T034,21-22,2022-01-11,103,Groomed
T035,21-22,2022-01-11,103,Open
T036,21-22,2022-01-11,103,Groomed
T037,21-22,2022-01-11,103,Open
T038,21-22,2022-01-11,103,Open
T039,21-22,2022-01-11,103,Closed
T040,21-22,2022-01-11,103,Closed
T041,21-22,2022-01-11,103,Groomed
T042,21-22,2022-01-11,103,Closed
T043,21-22,2022-01-11,103,Closed
T044,21-22,2022-01-11,103,Open
T045,21-22,2022-01-11,103,Open
T046,21-22,2022-01-11,103,Closed
T047,21-22,2022-01-11,103,Open
T048,21-22,2022-01-11,103,Closed
T049,21-22,2022-01-11,103,Closed
T050,21-22,2022-01-11,103,Groomed
T051,21-22,2022-01-11,103,Closed
T052,21-22,2022-01-11,103,Closed
T053,21-22,2022-01-11,103,Closed
T054,21-22,2022-01-11,103,Closed
T055,21-22,2022-01-11,103,Closed
T056,21-22,2022-01-11,103,Closed
T057,21-22,2022-01-11,103,Open
T058,21-22,2022-01-11,103,Closed
T061,21-22,2022-01-11,103,Groomed
T063,21-22,2022-01-11,103,Groomed
T064,21-22,2022-01-11,103,Closed
T065,21-22,2022-01-11,103,Closed
T067,21-22,2022-01-11,103,Closed
T068,21-22,2022-01-11,103,Open
T069,21-22,2022-01-11,103,Closed
T070,21-22,2022-01-11,103,Open
T071,21-22,2022-01-11,103,Open
T072,21-22,2022-01-11,103,Open
T073,21-22,2022-01-11,103,Open
T074,21-22,2022-01-11,103,Open
T075,21-22,2022-01-11,103,Open
T076,21-22,2022-01-11,103,Open
T077,21-22,2022-01-11,103,Groomed
T078,21-22,2022-01-11,103,Closed
T079,21-22,2022-01-11,103,Closed
T080,21-22,2022-01-11,103,Closed
T081,21-22,2022-01-11,103,Open
T082,21-22,2022-01-11,103,Open
T083,21-22,2022-01-11,103,Open
T084,21-22,2022-01-11,103,Open
T085,21-22,2022-01-11,103,Open
T086,21-22,2022-01-11,103,Open
T087,21-22,2022-01-11,103,Open
T088,21-22,2022-01-11,103,Open
T089,21-22,2022-01-11,103,Open
T090,21-22,2022-01-11,103,Open
T091,21-22,2022-01-11,103,Open
T092,21-22,2022-01-11,103,Open
T127,21-22,2022-01-11,103,Closed
T134,21-22,2022-01-11,103,Open
T135,21-22,2022-01-11,103,Closed
T136,21-22,2022-01-11,103,Open
T137,21-22,2022-01-11,103,Closed
T148,21-22,2022-01-11,103,Closed
T154,21-22,2022-01-11,103,Closed
T001,21-22,2022-01-12,104,Groomed
T002,21-22,2022-01-12,104,Groomed
T003,21-22,2022-01-12,104,Groomed
T004,21-22,2022-01-12,104,Closed
T005,21-22,2022-01-12,104,Groomed
T006,21-22,2022-01-12,104,Open
T007,21-22,2022-01-12,104,Groomed
T008,21-22,2022-01-12,104,Groomed
T009,21-22,2022-01-12,104,Groomed
T010,21-22,2022-01-12,104,Closed
T011,21-22,2022-01-12,104,Groomed
T012,21-22,2022-01-12,104,Groomed
T013,21-22,2022-01-12,104,Groomed
T014,21-22,2022-01-12,104,Groomed
T015,21-22,2022-01-12,104,Closed
T016,21-22,2022-01-12,104,Open
T017,21-22,2022-01-12,104,Open
T018,21-22,2022-01-12,104,Closed
T019,21-22,2022-01-12,104,Closed
T020,21-22,2022-01-12,104,Open
T021,21-22,2022-01-12,104,Groomed
T022,21-22,2022-01-12,104,Groomed
T023,21-22,2022-01-12,104,Groomed
T024,21-22,2022-01-12,104,Open
T025,21-22,2022-01-12,104,Groomed
T026,21-22,2022-01-12,104,Open
T027,21-22,2022-01-12,104,Groomed
T028,21-22,2022-01-12,104,Closed
T029,21-22,2022-01-12,104,Closed
T030,21-22,2022-01-12,104,Open
T031,21-22,2022-01-12,104,Groomed
T032,21-22,2022-01-12,104,Open
T033,21-22,2022-01-12,104,Groomed
T034,21-22,2022-01-12,104,Groomed
T035,21-22,2022-01-12,104,Open
T036,21-22,2022-01-12,104,Groomed
T037,21-22,2022-01-12,104,Open
T038,21-22,2022-01-12,104,Open
T039,21-22,2022-01-12,104,Closed
T040,21-22,2022-01-12,104,Closed
T041,21-22,2022-01-12,104,Groomed
T042,21-22,2022-01-12,104,Closed
T043,21-22,2022-01-12,104,Closed
T044,21-22,2022-01-12,104,Open
T045,21-22,2022-01-12,104,Open
T046,21-22,2022-01-12,104,Closed
T047,21-22,2022-01-12,104,Open
T048,21-22,2022-01-12,104,Closed
T049,21-22,2022-01-12,104,Closed
T050,21-22,2022-01-12,104,Groomed
T051,21-22,2022-01-12,104,Closed
T052,21-22,2022-01-12,104,Closed
T053,21-22,2022-01-12,104,Closed
T054,21-22,2022-01-12,104,Closed
T055,21-22,2022-01-12,104,Closed
T056,21-22,2022-01-12,104,Closed
T057,21-22,2022-01-12,104,Open
T058,21-22,2022-01-12,104,Closed
T061,21-22,2022-01-12,104,Groomed
T063,21-22,2022-01-12,104,Groomed
T064,21-22,2022-01-12,104,Closed
T065,21-22,2022-01-12,104,Closed
T067,21-22,2022-01-12,104,Closed
T068,21-22,2022-01-12,104,Open
T069,21-22,2022-01-12,104,Open
T070,21-22,2022-01-12,104,Open
T071,21-22,2022-01-12,104,Open
T072,21-22,2022-01-12,104,Open
T073,21-22,2022-01-12,104,Open
T074,21-22,2022-01-12,104,Open
T075,21-22,2022-01-12,104,Open
T076,21-22,2022-01-12,104,Open
T077,21-22,2022-01-12,104,Groomed
T078,21-22,2022-01-12,104,Closed
T079,21-22,2022-01-12,104,Closed
T080,21-22,2022-01-12,104,Closed
T081,21-22,2022-01-12,104,Open
T082,21-22,2022-01-12,104,Open
T083,21-22,2022-01-12,104,Groomed
T084,21-22,2022-01-12,104,Open
T085,21-22,2022-01-12,104,Open
T086,21-22,2022-01-12,104,Open
T087,21-22,2022-01-12,104,Open
T088,21-22,2022-01-12,104,Open
T089,21-22,2022-01-12,104,Open
T090,21-22,2022-01-12,104,Open
T091,21-22,2022-01-12,104,Open
T092,21-22,2022-01-12,104,Open
T127,21-22,2022-01-12,104,Open
T134,21-22,2022-01-12,104,Open
T135,21-22,2022-01-12,104,Closed
T136,21-22,2022-01-12,104,Open
T137,21-22,2022-01-12,104,Open
T148,21-22,2022-01-12,104,Closed
T154,21-22,2022-01-12,104,Closed
T001,21-22,2022-01-13,105,Groomed
T002,21-22,2022-01-13,105,Groomed
T003,21-22,2022-01-13,105,Groomed
T004,21-22,2022-01-13,105,Closed
T005,21-22,2022-01-13,105,Groomed
T006,21-22,2022-01-13,105,Open
T007,21-22,2022-01-13,105,Groomed
T008,21-22,2022-01-13,105,Groomed
T009,21-22,2022-01-13,105,Groomed
T010,21-22,2022-01-13,105,Closed
T011,21-22,2022-01-13,105,Groomed
T012,21-22,2022-01-13,105,Groomed
T013,21-22,2022-01-13,105,Groomed
T014,21-22,2022-01-13,105,Groomed
T015,21-22,2022-01-13,105,Closed
T016,21-22,2022-01-13,105,Open
T017,21-22,2022-01-13,105,Open
T018,21-22,2022-01-13,105,Closed
T019,21-22,2022-01-13,105,Closed
T020,21-22,2022-01-13,105,Open
T021,21-22,2022-01-13,105,Groomed
T022,21-22,2022-01-13,105,Groomed
T023,21-22,2022-01-13,105,Groomed
T024,21-22,2022-01-13,105,Open
T025,21-22,2022-01-13,105,Groomed
T026,21-22,2022-01-13,105,Open
T027,21-22,2022-01-13,105,Open
T028,21-22,2022-01-13,105,Closed
T029,21-22,2022-01-13,105,Closed
T030,21-22,2022-01-13,105,Open
T031,21-22,2022-01-13,105,Groomed
T032,21-22,2022-01-13,105,Open
T033,21-22,2022-01-13,105,Groomed
T034,21-22,2022-01-13,105,Groomed
T035,21-22,2022-01-13,105,Open
T036,21-22,2022-01-13,105,Groomed
T037,21-22,2022-01-13,105,Open
T038,21-22,2022-01-13,105,Open
T039,21-22,2022-01-13,105,Closed
T040,21-22,2022-01-13,105,Closed
T041,21-22,2022-01-13,105,Groomed
T042,21-22,2022-01-13,105,Closed
T043,21-22,2022-01-13,105,Closed
T044,21-22,2022-01-13,105,Open
T045,21-22,2022-01-13,105,Open
T046,21-22,2022-01-13,105,Closed
T047,21-22,2022-01-13,105,Open
T048,21-22,2022-01-13,105,Closed
T049,21-22,2022-01-13,105,Closed
T050,21-22,2022-01-13,105,Groomed
T051,21-22,2022-01-13,105,Closed
T052,21-22,2022-01-13,105,Closed
T053,21-22,2022-01-13,105,Closed
T054,21-22,2022-01-13,105,Closed
T055,21-22,2022-01-13,105,Closed
T056,21-22,2022-01-13,105,Closed
T057,21-22,2022-01-13,105,Open
T058,21-22,2022-01-13,105,Closed
T061,21-22,2022-01-13,105,Groomed
T063,21-22,2022-01-13,105,Groomed
T064,21-22,2022-01-13,105,Groomed
T065,21-22,2022-01-13,105,Closed
T067,21-22,2022-01-13,105,Closed
T068,21-22,2022-01-13,105,Open
T069,21-22,2022-01-13,105,Open
T070,21-22,2022-01-13,105,Open
T071,21-22,2022-01-13,105,Open
T072,21-22,2022-01-13,105,Open
T073,21-22,2022-01-13,105,Open
T074,21-22,2022-01-13,105,Open
T075,21-22,2022-01-13,105,Open
T076,21-22,2022-01-13,105,Open
T077,21-22,2022-01-13,105,Groomed
T078,21-22,2022-01-13,105,Closed
T079,21-22,2022-01-13,105,Closed
T080,21-22,2022-01-13,105,Closed
T081,21-22,2022-01-13,105,Open
T082,21-22,2022-01-13,105,Open
T083,21-22,2022-01-13,105,Groomed
T084,21-22,2022-01-13,105,Open
T085,21-22,2022-01-13,105,Open
T086,21-22,2022-01-13,105,Open
T087,21-22,2022-01-13,105,Open
T088,21-22,2022-01-13,105,Open
T089,21-22,2022-01-13,105,Open
T090,21-22,2022-01-13,105,Open
T091,21-22,2022-01-13,105,Open
T092,21-22,2022-01-13,105,Open
T127,21-22,2022-01-13,105,Open
T134,21-22,2022-01-13,105,Open
T135,21-22,2022-01-13,105,Closed
T136,21-22,2022-01-13,105,Open
T137,21-22,2022-01-13,105,Open
T148,21-22,2022-01-13,105,Closed
T154,21-22,2022-01-13,105,Closed
T001,21-22,2022-01-14,106,Groomed
T002,21-22,2022-01-14,106,Groomed
T003,21-22,2022-01-14,106,Groomed
T004,21-22,2022-01-14,106,Closed
T005,21-22,2022-01-14,106,Groomed
T006,21-22,2022-01-14,106,Groomed
T007,21-22,2022-01-14,106,Groomed
T008,21-22,2022-01-14,106,Groomed
T009,21-22,2022-01-14,106,Groomed
T010,21-22,2022-01-14,106,Closed
T011,21-22,2022-01-14,106,Groomed
T012,21-22,2022-01-14,106,Groomed
T013,21-22,2022-01-14,106,Groomed
T014,21-22,2022-01-14,106,Groomed
T015,21-22,2022-01-14,106,Closed
T016,21-22,2022-01-14,106,Open
T017,21-22,2022-01-14,106,Open
T018,21-22,2022-01-14,106,Closed
T019,21-22,2022-01-14,106,Closed
T020,21-22,2022-01-14,106,Open
T021,21-22,2022-01-14,106,Groomed
T022,21-22,2022-01-14,106,Groomed
T023,21-22,2022-01-14,106,Groomed
T024,21-22,2022-01-14,106,Open
T025,21-22,2022-01-14,106,Groomed
T026,21-22,2022-01-14,106,Open
T027,21-22,2022-01-14,106,Open
T028,21-22,2022-01-14,106,Closed
T029,21-22,2022-01-14,106,Closed
T030,21-22,2022-01-14,106,Open
T031,21-22,2022-01-14,106,Groomed
T032,21-22,2022-01-14,106,Open
T033,21-22,2022-01-14,106,Groomed
T034,21-22,2022-01-14,106,Groomed
T035,21-22,2022-01-14,106,Open
T036,21-22,2022-01-14,106,Groomed
T037,21-22,2022-01-14,106,Open
T038,21-22,2022-01-14,106,Open
T039,21-22,2022-01-14,106,Closed
T040,21-22,2022-01-14,106,Closed
T041,21-22,2022-01-14,106,Groomed
T042,21-22,2022-01-14,106,Closed
T043,21-22,2022-01-14,106,Closed
T044,21-22,2022-01-14,106,Open
T045,21-22,2022-01-14,106,Open
T046,21-22,2022-01-14,106,Closed
T047,21-22,2022-01-14,106,Open
T048,21-22,2022-01-14,106,Closed
T049,21-22,2022-01-14,106,Closed
T050,21-22,2022-01-14,106,Groomed
T051,21-22,2022-01-14,106,Closed
T052,21-22,2022-01-14,106,Closed
T053,21-22,2022-01-14,106,Closed
T054,21-22,2022-01-14,106,Closed
T055,21-22,2022-01-14,106,Closed
T056,21-22,2022-01-14,106,Closed
T057,21-22,2022-01-14,106,Open
T058,21-22,2022-01-14,106,Closed
T061,21-22,2022-01-14,106,Groomed
T063,21-22,2022-01-14,106,Groomed
T064,21-22,2022-01-14,106,Groomed
T065,21-22,2022-01-14,106,Closed
T067,21-22,2022-01-14,106,Closed
T068,21-22,2022-01-14,106,Open
T069,21-22,2022-01-14,106,Open
T070,21-22,2022-01-14,106,Open
T071,21-22,2022-01-14,106,Open
T072,21-22,2022-01-14,106,Open
T073,21-22,2022-01-14,106,Open
T074,21-22,2022-01-14,106,Open
T075,21-22,2022-01-14,106,Open
T076,21-22,2022-01-14,106,Open
T077,21-22,2022-01-14,106,Groomed
T078,21-22,2022-01-14,106,Closed
T079,21-22,2022-01-14,106,Closed
T080,21-22,2022-01-14,106,Closed
T081,21-22,2022-01-14,106,Open
T082,21-22,2022-01-14,106,Open
T083,21-22,2022-01-14,106,Groomed
T084,21-22,2022-01-14,106,Open
T085,21-22,2022-01-14,106,Open
T086,21-22,2022-01-14,106,Open
T087,21-22,2022-01-14,106,Open
T088,21-22,2022-01-14,106,Open
T089,21-22,2022-01-14,106,Open
T090,21-22,2022-01-14,106,Open
T091,21-22,2022-01-14,106,Open
T092,21-22,2022-01-14,106,Open
T127,21-22,2022-01-14,106,Open
T134,21-22,2022-01-14,106,Open
T135,21-22,2022-01-14,106,Closed
T136,21-22,2022-01-14,106,Open
T137,21-22,2022-01-14,106,Open
T148,21-22,2022-01-14,106,Closed
T154,21-22,2022-01-14,106,Closed
T001,21-22,2022-01-15,107,Groomed
T002,21-22,2022-01-15,107,Groomed
T003,21-22,2022-01-15,107,Groomed
T004,21-22,2022-01-15,107,Closed
T005,21-22,2022-01-15,107,Groomed
T006,21-22,2022-01-15,107,Groomed
T007,21-22,2022-01-15,107,Groomed
T008,21-22,2022-01-15,107,Open
T009,21-22,2022-01-15,107,Groomed
T010,21-22,2022-01-15,107,Closed
T011,21-22,2022-01-15,107,Groomed
T012,21-22,2022-01-15,107,Groomed
T013,21-22,2022-01-15,107,Groomed
T014,21-22,2022-01-15,107,Groomed
T015,21-22,2022-01-15,107,Groomed
T016,21-22,2022-01-15,107,Open
T017,21-22,2022-01-15,107,Open
T018,21-22,2022-01-15,107,Closed
T019,21-22,2022-01-15,107,Closed
T020,21-22,2022-01-15,107,Open
T021,21-22,2022-01-15,107,Groomed
T022,21-22,2022-01-15,107,Groomed
T023,21-22,2022-01-15,107,Groomed
T024,21-22,2022-01-15,107,Open
T025,21-22,2022-01-15,107,Groomed
T026,21-22,2022-01-15,107,Open
T027,21-22,2022-01-15,107,Open
T028,21-22,2022-01-15,107,Closed
T029,21-22,2022-01-15,107,Closed
T030,21-22,2022-01-15,107,Open
T031,21-22,2022-01-15,107,Groomed
T032,21-22,2022-01-15,107,Open
T033,21-22,2022-01-15,107,Groomed
T034,21-22,2022-01-15,107,Groomed
T035,21-22,2022-01-15,107,Open
T036,21-22,2022-01-15,107,Groomed
T037,21-22,2022-01-15,107,Open
T038,21-22,2022-01-15,107,Open
T039,21-22,2022-01-15,107,Closed
T040,21-22,2022-01-15,107,Closed
T041,21-22,2022-01-15,107,Groomed
T042,21-22,2022-01-15,107,Closed
T043,21-22,2022-01-15,107,Closed
T044,21-22,2022-01-15,107,Open
T045,21-22,2022-01-15,107,Open
T046,21-22,2022-01-15,107,Closed
T047,21-22,2022-01-15,107,Open
T048,21-22,2022-01-15,107,Closed
T049,21-22,2022-01-15,107,Closed
T050,21-22,2022-01-15,107,Groomed
T051,21-22,2022-01-15,107,Open
T052,21-22,2022-01-15,107,Closed
T053,21-22,2022-01-15,107,Closed
T054,21-22,2022-01-15,107,Open
T055,21-22,2022-01-15,107,Open
T056,21-22,2022-01-15,107,Closed
T057,21-22,2022-01-15,107,Open
T058,21-22,2022-01-15,107,Open
T061,21-22,2022-01-15,107,Groomed
T063,21-22,2022-01-15,107,Groomed
T064,21-22,2022-01-15,107,Groomed
T065,21-22,2022-01-15,107,Closed
T067,21-22,2022-01-15,107,Closed
T068,21-22,2022-01-15,107,Open
T069,21-22,2022-01-15,107,Open
T070,21-22,2022-01-15,107,Open
T071,21-22,2022-01-15,107,Open
T072,21-22,2022-01-15,107,Open
T073,21-22,2022-01-15,107,Open
T074,21-22,2022-01-15,107,Open
T075,21-22,2022-01-15,107,Open
T076,21-22,2022-01-15,107,Open
T077,21-22,2022-01-15,107,Groomed
T078,21-22,2022-01-15,107,Closed
T079,21-22,2022-01-15,107,Closed
T080,21-22,2022-01-15,107,Closed
T081,21-22,2022-01-15,107,Open
T082,21-22,2022-01-15,107,Open
T083,21-22,2022-01-15,107,Open
T084,21-22,2022-01-15,107,Open
T085,21-22,2022-01-15,107,Open
T086,21-22,2022-01-15,107,Open
T087,21-22,2022-01-15,107,Open
T088,21-22,2022-01-15,107,Open
T089,21-22,2022-01-15,107,Open
T090,21-22,2022-01-15,107,Open
T091,21-22,2022-01-15,107,Open
T092,21-22,2022-01-15,107,Open
T127,21-22,2022-01-15,107,Open
T134,21-22,2022-01-15,107,Open
T135,21-22,2022-01-15,107,Closed
T136,21-22,2022-01-15,107,Open
T137,21-22,2022-01-15,107,Open
T148,21-22,2022-01-15,107,Closed
T154,21-22,2022-01-15,107,Closed
T001,21-22,2022-01-16,108,Groomed
T002,21-22,2022-01-16,108,Groomed
T003,21-22,2022-01-16,108,Groomed
T004,21-22,2022-01-16,108,Closed
T005,21-22,2022-01-16,108,Groomed
T006,21-22,2022-01-16,108,Open
T007,21-22,2022-01-16,108,Groomed
T008,21-22,2022-01-16,108,Groomed
T009,21-22,2022-01-16,108,Groomed
T010,21-22,2022-01-16,108,Closed
T011,21-22,2022-01-16,108,Groomed
T012,21-22,2022-01-16,108,Groomed
T013,21-22,2022-01-16,108,Groomed
T014,21-22,2022-01-16,108,Groomed
T015,21-22,2022-01-16,108,Open
T016,21-22,2022-01-16,108,Open
T017,21-22,2022-01-16,108,Open
T018,21-22,2022-01-16,108,Closed
T019,21-22,2022-01-16,108,Closed
T020,21-22,2022-01-16,108,Open
T021,21-22,2022-01-16,108,Groomed
T022,21-22,2022-01-16,108,Groomed
T023,21-22,2022-01-16,108,Groomed
T024,21-22,2022-01-16,108,Closed
T025,21-22,2022-01-16,108,Groomed
T026,21-22,2022-01-16,108,Open
T027,21-22,2022-01-16,108,Open
T028,21-22,2022-01-16,108,Closed
T029,21-22,2022-01-16,108,Closed
T030,21-22,2022-01-16,108,Open
T031,21-22,2022-01-16,108,Groomed
T032,21-22,2022-01-16,108,Open
T033,21-22,2022-01-16,108,Groomed
T034,21-22,2022-01-16,108,Groomed
T035,21-22,2022-01-16,108,Open
T036,21-22,2022-01-16,108,Groomed
T037,21-22,2022-01-16,108,Open
T038,21-22,2022-01-16,108,Open
T039,21-22,2022-01-16,108,Closed
T040,21-22,2022-01-16,108,Closed
T041,21-22,2022-01-16,108,Groomed
T042,21-22,2022-01-16,108,Closed
T043,21-22,2022-01-16,108,Closed
T044,21-22,2022-01-16,108,Open
T045,21-22,2022-01-16,108,Open
T046,21-22,2022-01-16,108,Closed
T047,21-22,2022-01-16,108,Open
T048,21-22,2022-01-16,108,Closed
T049,21-22,2022-01-16,108,Closed
T050,21-22,2022-01-16,108,Groomed
T051,21-22,2022-01-16,108,Open
T052,21-22,2022-01-16,108,Closed
T053,21-22,2022-01-16,108,Closed
T054,21-22,2022-01-16,108,Open
T055,21-22,2022-01-16,108,Open
T056,21-22,2022-01-16,108,Closed
T057,21-22,2022-01-16,108,Open
T058,21-22,2022-01-16,108,Open
T061,21-22,2022-01-16,108,Groomed
T063,21-22,2022-01-16,108,Groomed
T064,21-22,2022-01-16,108,Groomed
T065,21-22,2022-01-16,108,Closed
T067,21-22,2022-01-16,108,Closed
T068,21-22,2022-01-16,108,Open
T069,21-22,2022-01-16,108,Open
T070,21-22,2022-01-16,108,Open
T071,21-22,2022-01-16,108,Open
T072,21-22,2022-01-16,108,Open
T073,21-22,2022-01-16,108,Open
T074,21-22,2022-01-16,108,Open
T075,21-22,2022-01-16,108,Open
T076,21-22,2022-01-16,108,Open
T077,21-22,2022-01-16,108,Groomed
T078,21-22,2022-01-16,108,Closed
T079,21-22,2022-01-16,108,Closed
T080,21-22,2022-01-16,108,Closed
T081,21-22,2022-01-16,108,Open
T082,21-22,2022-01-16,108,Open
T083,21-22,2022-01-16,108,Groomed
T084,21-22,2022-01-16,108,Open
T085,21-22,2022-01-16,108,Open
T086,21-22,2022-01-16,108,Open
T087,21-22,2022-01-16,108,Open
T088,21-22,2022-01-16,108,Open
T089,21-22,2022-01-16,108,Open
T090,21-22,2022-01-16,108,Open
T091,21-22,2022-01-16,108,Open
T092,21-22,2022-01-16,108,Open
T127,21-22,2022-01-16,108,Open
T134,21-22,2022-01-16,108,Open
T135,21-22,2022-01-16,108,Closed
T136,21-22,2022-01-16,108,Open
T137,21-22,2022-01-16,108,Open
T148,21-22,2022-01-16,108,Closed
T154,21-22,2022-01-16,108,Closed
T001,21-22,2022-01-17,109,Groomed
T002,21-22,2022-01-17,109,Groomed
T003,21-22,2022-01-17,109,Groomed
T004,21-22,2022-01-17,109,Closed
T005,21-22,2022-01-17,109,Groomed
T006,21-22,2022-01-17,109,Open
T007,21-22,2022-01-17,109,Groomed
T008,21-22,2022-01-17,109,Groomed
T009,21-22,2022-01-17,109,Groomed
T010,21-22,2022-01-17,109,Closed
T011,21-22,2022-01-17,109,Groomed
T012,21-22,2022-01-17,109,Groomed
T013,21-22,2022-01-17,109,Groomed
T014,21-22,2022-01-17,109,Groomed
T015,21-22,2022-01-17,109,Open
T016,21-22,2022-01-17,109,Open
T017,21-22,2022-01-17,109,Open
T018,21-22,2022-01-17,109,Closed
T019,21-22,2022-01-17,109,Closed
T020,21-22,2022-01-17,109,Open
T021,21-22,2022-01-17,109,Groomed
T022,21-22,2022-01-17,109,Groomed
T023,21-22,2022-01-17,109,Groomed
T024,21-22,2022-01-17,109,Closed
T025,21-22,2022-01-17,109,Groomed
T026,21-22,2022-01-17,109,Open
T027,21-22,2022-01-17,109,Open
T028,21-22,2022-01-17,109,Closed
T029,21-22,2022-01-17,109,Closed
T030,21-22,2022-01-17,109,Open
T031,21-22,2022-01-17,109,Groomed
T032,21-22,2022-01-17,109,Open
T033,21-22,2022-01-17,109,Groomed
T034,21-22,2022-01-17,109,Groomed
T035,21-22,2022-01-17,109,Open
T036,21-22,2022-01-17,109,Groomed
T037,21-22,2022-01-17,109,Open
T038,21-22,2022-01-17,109,Open
T039,21-22,2022-01-17,109,Closed
T040,21-22,2022-01-17,109,Closed
T041,21-22,2022-01-17,109,Groomed
T042,21-22,2022-01-17,109,Closed
T043,21-22,2022-01-17,109,Closed
T044,21-22,2022-01-17,109,Open
T045,21-22,2022-01-17,109,Open
T046,21-22,2022-01-17,109,Closed
T047,21-22,2022-01-17,109,Open
T048,21-22,2022-01-17,109,Closed
T049,21-22,2022-01-17,109,Closed
T050,21-22,2022-01-17,109,Groomed
T051,21-22,2022-01-17,109,Open
T052,21-22,2022-01-17,109,Closed
T053,21-22,2022-01-17,109,Closed
T054,21-22,2022-01-17,109,Open
T055,21-22,2022-01-17,109,Open
T056,21-22,2022-01-17,109,Closed
T057,21-22,2022-01-17,109,Open
T058,21-22,2022-01-17,109,Open
T061,21-22,2022-01-17,109,Groomed
T063,21-22,2022-01-17,109,Groomed
T064,21-22,2022-01-17,109,Groomed
T065,21-22,2022-01-17,109,Closed
T067,21-22,2022-01-17,109,Closed
T068,21-22,2022-01-17,109,Open
T069,21-22,2022-01-17,109,Open
T070,21-22,2022-01-17,109,Open
T071,21-22,2022-01-17,109,Open
T072,21-22,2022-01-17,109,Open
T073,21-22,2022-01-17,109,Open
T074,21-22,2022-01-17,109,Open
T075,21-22,2022-01-17,109,Open
T076,21-22,2022-01-17,109,Open
T077,21-22,2022-01-17,109,Groomed
T078,21-22,2022-01-17,109,Closed
T079,21-22,2022-01-17,109,Closed
T080,21-22,2022-01-17,109,Closed
T081,21-22,2022-01-17,109,Open
T082,21-22,2022-01-17,109,Open
T083,21-22,2022-01-17,109,Groomed
T084,21-22,2022-01-17,109,Open
T085,21-22,2022-01-17,109,Open
T086,21-22,2022-01-17,109,Open
T087,21-22,2022-01-17,109,Open
T088,21-22,2022-01-17,109,Open
T089,21-22,2022-01-17,109,Open
T090,21-22,2022-01-17,109,Open
T091,21-22,2022-01-17,109,Open
T092,21-22,2022-01-17,109,Open
T127,21-22,2022-01-17,109,Open
T134,21-22,2022-01-17,109,Open
T135,21-22,2022-01-17,109,Closed
T136,21-22,2022-01-17,109,Open
T137,21-22,2022-01-17,109,Open
T148,21-22,2022-01-17,109,Closed
T154,21-22,2022-01-17,109,Closed
T001,21-22,2022-01-18,110,Groomed
T002,21-22,2022-01-18,110,Groomed
T003,21-22,2022-01-18,110,Groomed
T004,21-22,2022-01-18,110,Closed
T005,21-22,2022-01-18,110,Groomed
T006,21-22,2022-01-18,110,Open
T007,21-22,2022-01-18,110,Groomed
T008,21-22,2022-01-18,110,Groomed
T009,21-22,2022-01-18,110,Groomed
T010,21-22,2022-01-18,110,Closed
T011,21-22,2022-01-18,110,Groomed
T012,21-22,2022-01-18,110,Groomed
T013,21-22,2022-01-18,110,Groomed
T014,21-22,2022-01-18,110,Groomed
T015,21-22,2022-01-18,110,Open
T016,21-22,2022-01-18,110,Open
T017,21-22,2022-01-18,110,Open
T018,21-22,2022-01-18,110,Closed
T019,21-22,2022-01-18,110,Closed
T020,21-22,2022-01-18,110,Open
T021,21-22,2022-01-18,110,Groomed
T022,21-22,2022-01-18,110,Groomed
T023,21-22,2022-01-18,110,Groomed
T024,21-22,2022-01-18,110,Closed
T025,21-22,2022-01-18,110,Groomed
T026,21-22,2022-01-18,110,Open
T027,21-22,2022-01-18,110,Groomed
T028,21-22,2022-01-18,110,Closed
T029,21-22,2022-01-18,110,Closed
T030,21-22,2022-01-18,110,Open
T031,21-22,2022-01-18,110,Groomed
T032,21-22,2022-01-18,110,Open
T033,21-22,2022-01-18,110,Open
T034,21-22,2022-01-18,110,Groomed
T035,21-22,2022-01-18,110,Open
T036,21-22,2022-01-18,110,Groomed
T037,21-22,2022-01-18,110,Open
T038,21-22,2022-01-18,110,Open
T039,21-22,2022-01-18,110,Closed
T040,21-22,2022-01-18,110,Closed
T041,21-22,2022-01-18,110,Groomed
T042,21-22,2022-01-18,110,Closed
T043,21-22,2022-01-18,110,Closed
T044,21-22,2022-01-18,110,Open
T045,21-22,2022-01-18,110,Open
T046,21-22,2022-01-18,110,Closed
T047,21-22,2022-01-18,110,Open
T048,21-22,2022-01-18,110,Closed
T049,21-22,2022-01-18,110,Closed
T050,21-22,2022-01-18,110,Groomed
T051,21-22,2022-01-18,110,Open
T052,21-22,2022-01-18,110,Closed
T053,21-22,2022-01-18,110,Closed
T054,21-22,2022-01-18,110,Open
T055,21-22,2022-01-18,110,Open
T056,21-22,2022-01-18,110,Closed
T057,21-22,2022-01-18,110,Open
T058,21-22,2022-01-18,110,Open
T061,21-22,2022-01-18,110,Groomed
T063,21-22,2022-01-18,110,Groomed
T064,21-22,2022-01-18,110,Groomed
T065,21-22,2022-01-18,110,Closed
T067,21-22,2022-01-18,110,Closed
T068,21-22,2022-01-18,110,Closed
T069,21-22,2022-01-18,110,Open
T070,21-22,2022-01-18,110,Closed
T071,21-22,2022-01-18,110,Closed
T072,21-22,2022-01-18,110,Open
T073,21-22,2022-01-18,110,Open
T074,21-22,2022-01-18,110,Open
T075,21-22,2022-01-18,110,Closed
T076,21-22,2022-01-18,110,Closed
T077,21-22,2022-01-18,110,Groomed
T078,21-22,2022-01-18,110,Closed
T079,21-22,2022-01-18,110,Closed
T080,21-22,2022-01-18,110,Closed
T081,21-22,2022-01-18,110,Open
T082,21-22,2022-01-18,110,Open
T083,21-22,2022-01-18,110,Groomed
T084,21-22,2022-01-18,110,Open
T085,21-22,2022-01-18,110,Open
T086,21-22,2022-01-18,110,Open
T087,21-22,2022-01-18,110,Open
T088,21-22,2022-01-18,110,Open
T089,21-22,2022-01-18,110,Open
T090,21-22,2022-01-18,110,Open
T091,21-22,2022-01-18,110,Open
T092,21-22,2022-01-18,110,Open
T127,21-22,2022-01-18,110,Open
T134,21-22,2022-01-18,110,Open
T135,21-22,2022-01-18,110,Closed
T136,21-22,2022-01-18,110,Open
T137,21-22,2022-01-18,110,Open
T148,21-22,2022-01-18,110,Closed
T154,21-22,2022-01-18,110,Closed
T001,21-22,2022-01-19,111,Groomed
T002,21-22,2022-01-19,111,Groomed
T003,21-22,2022-01-19,111,Groomed
T004,21-22,2022-01-19,111,Closed
T005,21-22,2022-01-19,111,Groomed
T006,21-22,2022-01-19,111,Open
T007,21-22,2022-01-19,111,Groomed
T008,21-22,2022-01-19,111,Open
T009,21-22,2022-01-19,111,Groomed
T010,21-22,2022-01-19,111,Closed
T011,21-22,2022-01-19,111,Groomed
T012,21-22,2022-01-19,111,Groomed
T013,21-22,2022-01-19,111,Groomed
T014,21-22,2022-01-19,111,Groomed
T015,21-22,2022-01-19,111,Groomed
T016,21-22,2022-01-19,111,Open
T017,21-22,2022-01-19,111,Open
T018,21-22,2022-01-19,111,Closed
T019,21-22,2022-01-19,111,Closed
T020,21-22,2022-01-19,111,Groomed
T021,21-22,2022-01-19,111,Groomed
T022,21-22,2022-01-19,111,Groomed
T023,21-22,2022-01-19,111,Groomed
T024,21-22,2022-01-19,111,Open
T025,21-22,2022-01-19,111,Groomed
T026,21-22,2022-01-19,111,Open
T027,21-22,2022-01-19,111,Open
T028,21-22,2022-01-19,111,Closed
T029,21-22,2022-01-19,111,Closed
T030,21-22,2022-01-19,111,Open
T031,21-22,2022-01-19,111,Groomed
T032,21-22,2022-01-19,111,Open
T033,21-22,2022-01-19,111,Groomed
T034,21-22,2022-01-19,111,Groomed
T035,21-22,2022-01-19,111,Open
T036,21-22,2022-01-19,111,Groomed
T037,21-22,2022-01-19,111,Open
T038,21-22,2022-01-19,111,Open
T039,21-22,2022-01-19,111,Closed
T040,21-22,2022-01-19,111,Closed
T041,21-22,2022-01-19,111,Groomed
T042,21-22,2022-01-19,111,Closed
T043,21-22,2022-01-19,111,Closed
T044,21-22,2022-01-19,111,Open
T045,21-22,2022-01-19,111,Open
T046,21-22,2022-01-19,111,Closed
T047,21-22,2022-01-19,111,Open
T048,21-22,2022-01-19,111,Closed
T049,21-22,2022-01-19,111,Closed
T050,21-22,2022-01-19,111,Groomed
T051,21-22,2022-01-19,111,Open
T052,21-22,2022-01-19,111,Closed
T053,21-22,2022-01-19,111,Closed
T054,21-22,2022-01-19,111,Open
T055,21-22,2022-01-19,111,Open
T056,21-22,2022-01-19,111,Closed
T057,21-22,2022-01-19,111,Open
T058,21-22,2022-01-19,111,Open
T061,21-22,2022-01-19,111,Groomed
T063,21-22,2022-01-19,111,Groomed
T064,21-22,2022-01-19,111,Groomed
T065,21-22,2022-01-19,111,Groomed
T067,21-22,2022-01-19,111,Closed
T068,21-22,2022-01-19,111,Closed
T069,21-22,2022-01-19,111,Open
T070,21-22,2022-01-19,111,Closed
T071,21-22,2022-01-19,111,Closed
T072,21-22,2022-01-19,111,Open
T073,21-22,2022-01-19,111,Open
T074,21-22,2022-01-19,111,Open
T075,21-22,2022-01-19,111,Closed
T076,21-22,2022-01-19,111,Closed
T077,21-22,2022-01-19,111,Groomed
T078,21-22,2022-01-19,111,Closed
T079,21-22,2022-01-19,111,Closed
T080,21-22,2022-01-19,111,Closed
T081,21-22,2022-01-19,111,Open
T082,21-22,2022-01-19,111,Open
T083,21-22,2022-01-19,111,Open
T084,21-22,2022-01-19,111,Open
T085,21-22,2022-01-19,111,Open
T086,21-22,2022-01-19,111,Open
T087,21-22,2022-01-19,111,Open
T088,21-22,2022-01-19,111,Open
T089,21-22,2022-01-19,111,Open
T090,21-22,2022-01-19,111,Open
T091,21-22,2022-01-19,111,Open
T092,21-22,2022-01-19,111,Open
T127,21-22,2022-01-19,111,Open
T134,21-22,2022-01-19,111,Open
T135,21-22,2022-01-19,111,Closed
T136,21-22,2022-01-19,111,Open
T137,21-22,2022-01-19,111,Open
T148,21-22,2022-01-19,111,Closed
T154,21-22,2022-01-19,111,Closed
T001,21-22,2022-01-20,112,Groomed
T002,21-22,2022-01-20,112,Groomed
T003,21-22,2022-01-20,112,Groomed
T004,21-22,2022-01-20,112,Closed
T005,21-22,2022-01-20,112,Groomed
T006,21-22,2022-01-20,112,Open
T007,21-22,2022-01-20,112,Groomed
T008,21-22,2022-01-20,112,Groomed
T009,21-22,2022-01-20,112,Groomed
T010,21-22,2022-01-20,112,Closed
T011,21-22,2022-01-20,112,Groomed
T012,21-22,2022-01-20,112,Groomed
T013,21-22,2022-01-20,112,Groomed
T014,21-22,2022-01-20,112,Groomed
T015,21-22,2022-01-20,112,Open
T016,21-22,2022-01-20,112,Open
T017,21-22,2022-01-20,112,Open
T018,21-22,2022-01-20,112,Closed
T019,21-22,2022-01-20,112,Closed
T020,21-22,2022-01-20,112,Open
T021,21-22,2022-01-20,112,Groomed
T022,21-22,2022-01-20,112,Groomed
T023,21-22,2022-01-20,112,Groomed
T024,21-22,2022-01-20,112,Open
T025,21-22,2022-01-20,112,Groomed
T026,21-22,2022-01-20,112,Groomed
T027,21-22,2022-01-20,112,Open
T028,21-22,2022-01-20,112,Closed
T029,21-22,2022-01-20,112,Closed
T030,21-22,2022-01-20,112,Open
T031,21-22,2022-01-20,112,Groomed
T032,21-22,2022-01-20,112,Open
T033,21-22,2022-01-20,112,Groomed
T034,21-22,2022-01-20,112,Groomed
T035,21-22,2022-01-20,112,Groomed
T036,21-22,2022-01-20,112,Groomed
T037,21-22,2022-01-20,112,Open
T038,21-22,2022-01-20,112,Open
T039,21-22,2022-01-20,112,Closed
T040,21-22,2022-01-20,112,Closed
T041,21-22,2022-01-20,112,Groomed
T042,21-22,2022-01-20,112,Closed
T043,21-22,2022-01-20,112,Closed
T044,21-22,2022-01-20,112,Open
T045,21-22,2022-01-20,112,Open
T046,21-22,2022-01-20,112,Closed
T047,21-22,2022-01-20,112,Open
T048,21-22,2022-01-20,112,Closed
T049,21-22,2022-01-20,112,Closed
T050,21-22,2022-01-20,112,Groomed
T051,21-22,2022-01-20,112,Open
T052,21-22,2022-01-20,112,Closed
T053,21-22,2022-01-20,112,Closed
T054,21-22,2022-01-20,112,Open
T055,21-22,2022-01-20,112,Open
T056,21-22,2022-01-20,112,Closed
T057,21-22,2022-01-20,112,Open
T058,21-22,2022-01-20,112,Open
T061,21-22,2022-01-20,112,Groomed
T063,21-22,2022-01-20,112,Groomed
T064,21-22,2022-01-20,112,Open
T065,21-22,2022-01-20,112,Groomed
T067,21-22,2022-01-20,112,Closed
T068,21-22,2022-01-20,112,Closed
T069,21-22,2022-01-20,112,Open
T070,21-22,2022-01-20,112,Closed
T071,21-22,2022-01-20,112,Closed
T072,21-22,2022-01-20,112,Open
T073,21-22,2022-01-20,112,Open
T074,21-22,2022-01-20,112,Open
T075,21-22,2022-01-20,112,Closed
T076,21-22,2022-01-20,112,Closed
T077,21-22,2022-01-20,112,Groomed
T078,21-22,2022-01-20,112,Groomed
T079,21-22,2022-01-20,112,Groomed
T080,21-22,2022-01-20,112,Open
T081,21-22,2022-01-20,112,Open
T082,21-22,2022-01-20,112,Open
T083,21-22,2022-01-20,112,Groomed
T084,21-22,2022-01-20,112,Open
T085,21-22,2022-01-20,112,Open
T086,21-22,2022-01-20,112,Open
T087,21-22,2022-01-20,112,Open
T088,21-22,2022-01-20,112,Open
T089,21-22,2022-01-20,112,Open
T090,21-22,2022-01-20,112,Open
T091,21-22,2022-01-20,112,Open
T092,21-22,2022-01-20,112,Open
T127,21-22,2022-01-20,112,Open
T134,21-22,2022-01-20,112,Open
T135,21-22,2022-01-20,112,Closed
T136,21-22,2022-01-20,112,Open
T137,21-22,2022-01-20,112,Open
T148,21-22,2022-01-20,112,Closed
T154,21-22,2022-01-20,112,Closed
T001,21-22,2022-01-21,113,Groomed
T002,21-22,2022-01-21,113,Groomed
T003,21-22,2022-01-21,113,Groomed
T004,21-22,2022-01-21,113,Closed
T005,21-22,2022-01-21,113,Groomed
T006,21-22,2022-01-21,113,Open
T007,21-22,2022-01-21,113,Groomed
T008,21-22,2022-01-21,113,Open
T009,21-22,2022-01-21,113,Groomed
T010,21-22,2022-01-21,113,Closed
T011,21-22,2022-01-21,113,Groomed
T012,21-22,2022-01-21,113,Groomed
T013,21-22,2022-01-21,113,Groomed
T014,21-22,2022-01-21,113,Groomed
T015,21-22,2022-01-21,113,Groomed
T016,21-22,2022-01-21,113,Open
T017,21-22,2022-01-21,113,Open
T018,21-22,2022-01-21,113,Closed
T019,21-22,2022-01-21,113,Closed
T020,21-22,2022-01-21,113,Groomed
T021,21-22,2022-01-21,113,Groomed
T022,21-22,2022-01-21,113,Groomed
T023,21-22,2022-01-21,113,Groomed
T024,21-22,2022-01-21,113,Open
T025,21-22,2022-01-21,113,Groomed
T026,21-22,2022-01-21,113,Open
T027,21-22,2022-01-21,113,Open
T028,21-22,2022-01-21,113,Closed
T029,21-22,2022-01-21,113,Closed
T030,21-22,2022-01-21,113,Open
T031,21-22,2022-01-21,113,Groomed
T032,21-22,2022-01-21,113,Groomed
T033,21-22,2022-01-21,113,Groomed
T034,21-22,2022-01-21,113,Groomed
T035,21-22,2022-01-21,113,Open
T036,21-22,2022-01-21,113,Groomed
T037,21-22,2022-01-21,113,Open
T038,21-22,2022-01-21,113,Open
T039,21-22,2022-01-21,113,Closed
T040,21-22,2022-01-21,113,Closed
T041,21-22,2022-01-21,113,Groomed
T042,21-22,2022-01-21,113,Closed
T043,21-22,2022-01-21,113,Closed
T044,21-22,2022-01-21,113,Open
T045,21-22,2022-01-21,113,Open
T046,21-22,2022-01-21,113,Closed
T047,21-22,2022-01-21,113,Open
T048,21-22,2022-01-21,113,Closed
T049,21-22,2022-01-21,113,Closed
T050,21-22,2022-01-21,113,Groomed
T051,21-22,2022-01-21,113,Open
T052,21-22,2022-01-21,113,Groomed
T053,21-22,2022-01-21,113,Closed
T054,21-22,2022-01-21,113,Open
T055,21-22,2022-01-21,113,Open
T056,21-22,2022-01-21,113,Closed
T057,21-22,2022-01-21,113,Open
T058,21-22,2022-01-21,113,Open
T061,21-22,2022-01-21,113,Groomed
T063,21-22,2022-01-21,113,Groomed
T064,21-22,2022-01-21,113,Open
T065,21-22,2022-01-21,113,Groomed
T067,21-22,2022-01-21,113,Closed
T068,21-22,2022-01-21,113,Closed
T069,21-22,2022-01-21,113,Open
T070,21-22,2022-01-21,113,Closed
T071,21-22,2022-01-21,113,Closed
T072,21-22,2022-01-21,113,Open
T073,21-22,2022-01-21,113,Open
T074,21-22,2022-01-21,113,Open
T075,21-22,2022-01-21,113,Closed
T076,21-22,2022-01-21,113,Closed
T077,21-22,2022-01-21,113,Groomed
T078,21-22,2022-01-21,113,Groomed
T079,21-22,2022-01-21,113,Groomed
T080,21-22,2022-01-21,113,Open
T081,21-22,2022-01-21,113,Open
T082,21-22,2022-01-21,113,Open
T083,21-22,2022-01-21,113,Open
T084,21-22,2022-01-21,113,Open
T085,21-22,2022-01-21,113,Open
T086,21-22,2022-01-21,113,Open
T087,21-22,2022-01-21,113,Open
T088,21-22,2022-01-21,113,Open
T089,21-22,2022-01-21,113,Open
T090,21-22,2022-01-21,113,Open
T091,21-22,2022-01-21,113,Open
T092,21-22,2022-01-21,113,Open
T127,21-22,2022-01-21,113,Open
T134,21-22,2022-01-21,113,Open
T135,21-22,2022-01-21,113,Open
T136,21-22,2022-01-21,113,Open
T137,21-22,2022-01-21,113,Open
T148,21-22,2022-01-21,113,Closed
T154,21-22,2022-01-21,113,Closed
T001,21-22,2022-01-22,114,Groomed
T002,21-22,2022-01-22,114,Groomed
T003,21-22,2022-01-22,114,Groomed
T004,21-22,2022-01-22,114,Closed
T005,21-22,2022-01-22,114,Groomed
T006,21-22,2022-01-22,114,Groomed
T007,21-22,2022-01-22,114,Groomed
T008,21-22,2022-01-22,114,Groomed
T009,21-22,2022-01-22,114,Groomed
T010,21-22,2022-01-22,114,Closed
T011,21-22,2022-01-22,114,Groomed
T012,21-22,2022-01-22,114,Groomed
T013,21-22,2022-01-22,114,Groomed
T014,21-22,2022-01-22,114,Groomed
T015,21-22,2022-01-22,114,Groomed
T016,21-22,2022-01-22,114,Open
T017,21-22,2022-01-22,114,Open
T018,21-22,2022-01-22,114,Closed
T019,21-22,2022-01-22,114,Open
T020,21-22,2022-01-22,114,Groomed
T021,21-22,2022-01-22,114,Groomed
T022,21-22,2022-01-22,114,Groomed
T023,21-22,2022-01-22,114,Groomed
T024,21-22,2022-01-22,114,Open
T025,21-22,2022-01-22,114,Groomed
T026,21-22,2022-01-22,114,Open
T027,21-22,2022-01-22,114,Groomed
T028,21-22,2022-01-22,114,Closed
T029,21-22,2022-01-22,114,Closed
T030,21-22,2022-01-22,114,Closed
T031,21-22,2022-01-22,114,Groomed
T032,21-22,2022-01-22,114,Open
T033,21-22,2022-01-22,114,Groomed
T034,21-22,2022-01-22,114,Groomed
T035,21-22,2022-01-22,114,Open
T036,21-22,2022-01-22,114,Groomed
T037,21-22,2022-01-22,114,Closed
T038,21-22,2022-01-22,114,Open
T039,21-22,2022-01-22,114,Closed
T040,21-22,2022-01-22,114,Closed
T041,21-22,2022-01-22,114,Groomed
T042,21-22,2022-01-22,114,Closed
T043,21-22,2022-01-22,114,Closed
T044,21-22,2022-01-22,114,Open
T045,21-22,2022-01-22,114,Open
T046,21-22,2022-01-22,114,Closed
T047,21-22,2022-01-22,114,Open
T048,21-22,2022-01-22,114,Closed
T049,21-22,2022-01-22,114,Closed
T050,21-22,2022-01-22,114,Groomed
T051,21-22,2022-01-22,114,Open
T052,21-22,2022-01-22,114,Groomed
T053,21-22,2022-01-22,114,Closed
T054,21-22,2022-01-22,114,Open
T055,21-22,2022-01-22,114,Open
T056,21-22,2022-01-22,114,Closed
T057,21-22,2022-01-22,114,Open
T058,21-22,2022-01-22,114,Open
T061,21-22,2022-01-22,114,Groomed
T063,21-22,2022-01-22,114,Groomed
T064,21-22,2022-01-22,114,Groomed
T065,21-22,2022-01-22,114,Groomed
T067,21-22,2022-01-22,114,Closed
T068,21-22,2022-01-22,114,Closed
T069,21-22,2022-01-22,114,Open
T070,21-22,2022-01-22,114,Closed
T071,21-22,2022-01-22,114,Closed
T072,21-22,2022-01-22,114,Open
T073,21-22,2022-01-22,114,Open
T074,21-22,2022-01-22,114,Open
T075,21-22,2022-01-22,114,Closed
T076,21-22,2022-01-22,114,Closed
T077,21-22,2022-01-22,114,Groomed
T078,21-22,2022-01-22,114,Groomed
T079,21-22,2022-01-22,114,Groomed
T080,21-22,2022-01-22,114,Open
T081,21-22,2022-01-22,114,Open
T082,21-22,2022-01-22,114,Open
T083,21-22,2022-01-22,114,Groomed
T084,21-22,2022-01-22,114,Open
T085,21-22,2022-01-22,114,Open
T086,21-22,2022-01-22,114,Open
T087,21-22,2022-01-22,114,Open
T088,21-22,2022-01-22,114,Open
T089,21-22,2022-01-22,114,Open
T090,21-22,2022-01-22,114,Open
T091,21-22,2022-01-22,114,Open
T092,21-22,2022-01-22,114,Open
T127,21-22,2022-01-22,114,Open
T134,21-22,2022-01-22,114,Open
T135,21-22,2022-01-22,114,Open
T136,21-22,2022-01-22,114,Open
T137,21-22,2022-01-22,114,Open
T148,21-22,2022-01-22,114,Open
T154,21-22,2022-01-22,114,Closed
T001,21-22,2022-01-23,115,Groomed
T002,21-22,2022-01-23,115,Groomed
T003,21-22,2022-01-23,115,Groomed
T004,21-22,2022-01-23,115,Closed
T005,21-22,2022-01-23,115,Groomed
T006,21-22,2022-01-23,115,Groomed
T007,21-22,2022-01-23,115,Groomed
T008,21-22,2022-01-23,115,Groomed
T009,21-22,2022-01-23,115,Groomed
T010,21-22,2022-01-23,115,Closed
T011,21-22,2022-01-23,115,Groomed
T012,21-22,2022-01-23,115,Groomed
T013,21-22,2022-01-23,115,Groomed
T014,21-22,2022-01-23,115,Groomed
T015,21-22,2022-01-23,115,Groomed
T016,21-22,2022-01-23,115,Open
T017,21-22,2022-01-23,115,Open
T018,21-22,2022-01-23,115,Closed
T019,21-22,2022-01-23,115,Open
T020,21-22,2022-01-23,115,Groomed
T021,21-22,2022-01-23,115,Groomed
T022,21-22,2022-01-23,115,Groomed
T023,21-22,2022-01-23,115,Groomed
T024,21-22,2022-01-23,115,Open
T025,21-22,2022-01-23,115,Groomed
T026,21-22,2022-01-23,115,Open
T027,21-22,2022-01-23,115,Groomed
T028,21-22,2022-01-23,115,Closed
T029,21-22,2022-01-23,115,Closed
T030,21-22,2022-01-23,115,Closed
T031,21-22,2022-01-23,115,Groomed
T032,21-22,2022-01-23,115,Open
T033,21-22,2022-01-23,115,Groomed
T034,21-22,2022-01-23,115,Groomed
T035,21-22,2022-01-23,115,Open
T036,21-22,2022-01-23,115,Groomed
T037,21-22,2022-01-23,115,Closed
T038,21-22,2022-01-23,115,Open
T039,21-22,2022-01-23,115,Open
T040,21-22,2022-01-23,115,Closed
T041,21-22,2022-01-23,115,Groomed
T042,21-22,2022-01-23,115,Closed
T043,21-22,2022-01-23,115,Closed
T044,21-22,2022-01-23,115,Open
T045,21-22,2022-01-23,115,Open
T046,21-22,2022-01-23,115,Closed
T047,21-22,2022-01-23,115,Open
T048,21-22,2022-01-23,115,Closed
T049,21-22,2022-01-23,115,Closed
T050,21-22,2022-01-23,115,Groomed
T051,21-22,2022-01-23,115,Open
T052,21-22,2022-01-23,115,Groomed
T053,21-22,2022-01-23,115,Closed
T054,21-22,2022-01-23,115,Open
T055,21-22,2022-01-23,115,Open
T056,21-22,2022-01-23,115,Closed
T057,21-22,2022-01-23,115,Open
T058,21-22,2022-01-23,115,Open
T061,21-22,2022-01-23,115,Groomed
T063,21-22,2022-01-23,115,Groomed
T064,21-22,2022-01-23,115,Groomed
T065,21-22,2022-01-23,115,Groomed
T067,21-22,2022-01-23,115,Closed
T068,21-22,2022-01-23,115,Closed
T069,21-22,2022-01-23,115,Open
T070,21-22,2022-01-23,115,Closed
T071,21-22,2022-01-23,115,Closed
T072,21-22,2022-01-23,115,Open
T073,21-22,2022-01-23,115,Open
T074,21-22,2022-01-23,115,Open
T075,21-22,2022-01-23,115,Closed
T076,21-22,2022-01-23,115,Closed
T077,21-22,2022-01-23,115,Groomed
T078,21-22,2022-01-23,115,Groomed
T079,21-22,2022-01-23,115,Groomed
T080,21-22,2022-01-23,115,Open
T081,21-22,2022-01-23,115,Open
T082,21-22,2022-01-23,115,Open
T083,21-22,2022-01-23,115,Groomed
T084,21-22,2022-01-23,115,Open
T085,21-22,2022-01-23,115,Open
T086,21-22,2022-01-23,115,Open
T087,21-22,2022-01-23,115,Open
T088,21-22,2022-01-23,115,Open
T089,21-22,2022-01-23,115,Open
T090,21-22,2022-01-23,115,Open
T091,21-22,2022-01-23,115,Open
T092,21-22,2022-01-23,115,Open
T127,21-22,2022-01-23,115,Open
T134,21-22,2022-01-23,115,Open
T135,21-22,2022-01-23,115,Open
T136,21-22,2022-01-23,115,Open
T137,21-22,2022-01-23,115,Open
T148,21-22,2022-01-23,115,Open
T154,21-22,2022-01-23,115,Closed
T001,21-22,2022-01-24,116,Groomed
T002,21-22,2022-01-24,116,Groomed
T003,21-22,2022-01-24,116,Groomed
T004,21-22,2022-01-24,116,Closed
T005,21-22,2022-01-24,116,Groomed
T006,21-22,2022-01-24,116,Groomed
T007,21-22,2022-01-24,116,Groomed
T008,21-22,2022-01-24,116,Groomed
T009,21-22,2022-01-24,116,Groomed
T010,21-22,2022-01-24,116,Closed
T011,21-22,2022-01-24,116,Groomed
T012,21-22,2022-01-24,116,Groomed
T013,21-22,2022-01-24,116,Groomed
T014,21-22,2022-01-24,116,Groomed
T015,21-22,2022-01-24,116,Groomed
T016,21-22,2022-01-24,116,Open
T017,21-22,2022-01-24,116,Open
T018,21-22,2022-01-24,116,Closed
T019,21-22,2022-01-24,116,Open
T020,21-22,2022-01-24,116,Groomed
T021,21-22,2022-01-24,116,Groomed
T022,21-22,2022-01-24,116,Groomed
T023,21-22,2022-01-24,116,Groomed
T024,21-22,2022-01-24,116,Open
T025,21-22,2022-01-24,116,Groomed
T026,21-22,2022-01-24,116,Open
T027,21-22,2022-01-24,116,Groomed
T028,21-22,2022-01-24,116,Closed
T029,21-22,2022-01-24,116,Closed
T030,21-22,2022-01-24,116,Closed
T031,21-22,2022-01-24,116,Groomed
T032,21-22,2022-01-24,116,Open
T033,21-22,2022-01-24,116,Groomed
T034,21-22,2022-01-24,116,Groomed
T035,21-22,2022-01-24,116,Open
T036,21-22,2022-01-24,116,Groomed
T037,21-22,2022-01-24,116,Closed
T038,21-22,2022-01-24,116,Open
T039,21-22,2022-01-24,116,Open
T040,21-22,2022-01-24,116,Closed
T041,21-22,2022-01-24,116,Groomed
T042,21-22,2022-01-24,116,Closed
T043,21-22,2022-01-24,116,Closed
T044,21-22,2022-01-24,116,Open
T045,21-22,2022-01-24,116,Open
T046,21-22,2022-01-24,116,Closed
T047,21-22,2022-01-24,116,Open
T048,21-22,2022-01-24,116,Closed
T049,21-22,2022-01-24,116,Closed
T050,21-22,2022-01-24,116,Groomed
T051,21-22,2022-01-24,116,Open
T052,21-22,2022-01-24,116,Closed
T053,21-22,2022-01-24,116,Closed
T054,21-22,2022-01-24,116,Open
T055,21-22,2022-01-24,116,Open
T056,21-22,2022-01-24,116,Closed
T057,21-22,2022-01-24,116,Open
T058,21-22,2022-01-24,116,Open
T061,21-22,2022-01-24,116,Groomed
T063,21-22,2022-01-24,116,Groomed
T064,21-22,2022-01-24,116,Groomed
T065,21-22,2022-01-24,116,Groomed
T067,21-22,2022-01-24,116,Closed
T068,21-22,2022-01-24,116,Closed
T069,21-22,2022-01-24,116,Open
T070,21-22,2022-01-24,116,Closed
T071,21-22,2022-01-24,116,Closed
T072,21-22,2022-01-24,116,Open
T073,21-22,2022-01-24,116,Open
T074,21-22,2022-01-24,116,Open
T075,21-22,2022-01-24,116,Closed
T076,21-22,2022-01-24,116,Closed
T077,21-22,2022-01-24,116,Groomed
T078,21-22,2022-01-24,116,Groomed
T079,21-22,2022-01-24,116,Groomed
T080,21-22,2022-01-24,116,Open
T081,21-22,2022-01-24,116,Open
T082,21-22,2022-01-24,116,Open
T083,21-22,2022-01-24,116,Groomed
T084,21-22,2022-01-24,116,Open
T085,21-22,2022-01-24,116,Open
T086,21-22,2022-01-24,116,Open
T087,21-22,2022-01-24,116,Open
T088,21-22,2022-01-24,116,Open
T089,21-22,2022-01-24,116,Open
T090,21-22,2022-01-24,116,Open
T091,21-22,2022-01-24,116,Open
T092,21-22,2022-01-24,116,Open
T127,21-22,2022-01-24,116,Open
T134,21-22,2022-01-24,116,Open
T135,21-22,2022-01-24,116,Open
T136,21-22,2022-01-24,116,Open
T137,21-22,2022-01-24,116,Open
T148,21-22,2022-01-24,116,Open
T154,21-22,2022-01-24,116,Closed
T001,21-22,2022-01-25,117,Groomed
T002,21-22,2022-01-25,117,Groomed
T003,21-22,2022-01-25,117,Groomed
T004,21-22,2022-01-25,117,Open
T005,21-22,2022-01-25,117,Groomed
T006,21-22,2022-01-25,117,Groomed
T007,21-22,2022-01-25,117,Groomed
T008,21-22,2022-01-25,117,Groomed
T009,21-22,2022-01-25,117,Groomed
T010,21-22,2022-01-25,117,Closed
T011,21-22,2022-01-25,117,Groomed
T012,21-22,2022-01-25,117,Groomed
T013,21-22,2022-01-25,117,Groomed
T014,21-22,2022-01-25,117,Groomed
T015,21-22,2022-01-25,117,Groomed
T016,21-22,2022-01-25,117,Open
T017,21-22,2022-01-25,117,Open
T018,21-22,2022-01-25,117,Closed
T019,21-22,2022-01-25,117,Open
T020,21-22,2022-01-25,117,Groomed
T021,21-22,2022-01-25,117,Groomed
T022,21-22,2022-01-25,117,Groomed
T023,21-22,2022-01-25,117,Groomed
T024,21-22,2022-01-25,117,Open
T025,21-22,2022-01-25,117,Groomed
T026,21-22,2022-01-25,117,Open
T027,21-22,2022-01-25,117,Groomed
T028,21-22,2022-01-25,117,Closed
T029,21-22,2022-01-25,117,Closed
T030,21-22,2022-01-25,117,Closed
T031,21-22,2022-01-25,117,Groomed
T032,21-22,2022-01-25,117,Groomed
T033,21-22,2022-01-25,117,Groomed
T034,21-22,2022-01-25,117,Groomed
T035,21-22,2022-01-25,117,Open
T036,21-22,2022-01-25,117,Groomed
T037,21-22,2022-01-25,117,Closed
T038,21-22,2022-01-25,117,Open
T039,21-22,2022-01-25,117,Open
T040,21-22,2022-01-25,117,Closed
T041,21-22,2022-01-25,117,Groomed
T042,21-22,2022-01-25,117,Closed
T043,21-22,2022-01-25,117,Closed
T044,21-22,2022-01-25,117,Open
T045,21-22,2022-01-25,117,Open
T046,21-22,2022-01-25,117,Closed
T047,21-22,2022-01-25,117,Open
T048,21-22,2022-01-25,117,Closed
T049,21-22,2022-01-25,117,Closed
T050,21-22,2022-01-25,117,Groomed
T051,21-22,2022-01-25,117,Open
T052,21-22,2022-01-25,117,Closed
T053,21-22,2022-01-25,117,Closed
T054,21-22,2022-01-25,117,Open
T055,21-22,2022-01-25,117,Open
T056,21-22,2022-01-25,117,Closed
T057,21-22,2022-01-25,117,Open
T058,21-22,2022-01-25,117,Open
T061,21-22,2022-01-25,117,Groomed
T063,21-22,2022-01-25,117,Groomed
T064,21-22,2022-01-25,117,Groomed
T065,21-22,2022-01-25,117,Groomed
T067,21-22,2022-01-25,117,Closed
T068,21-22,2022-01-25,117,Closed
T069,21-22,2022-01-25,117,Open
T070,21-22,2022-01-25,117,Closed
T071,21-22,2022-01-25,117,Closed
T072,21-22,2022-01-25,117,Open
T073,21-22,2022-01-25,117,Open
T074,21-22,2022-01-25,117,Open
T075,21-22,2022-01-25,117,Closed
T076,21-22,2022-01-25,117,Closed
T077,21-22,2022-01-25,117,Groomed
T078,21-22,2022-01-25,117,Groomed
T079,21-22,2022-01-25,117,Open
T080,21-22,2022-01-25,117,Open
T081,21-22,2022-01-25,117,Open
T082,21-22,2022-01-25,117,Open
T083,21-22,2022-01-25,117,Groomed
T084,21-22,2022-01-25,117,Open
T085,21-22,2022-01-25,117,Open
T086,21-22,2022-01-25,117,Open
T087,21-22,2022-01-25,117,Open
T088,21-22,2022-01-25,117,Open
T089,21-22,2022-01-25,117,Open
T090,21-22,2022-01-25,117,Open
T091,21-22,2022-01-25,117,Open
T092,21-22,2022-01-25,117,Open
T127,21-22,2022-01-25,117,Open
T134,21-22,2022-01-25,117,Open
T135,21-22,2022-01-25,117,Open
T136,21-22,2022-01-25,117,Open
T137,21-22,2022-01-25,117,Open
T148,21-22,2022-01-25,117,Open
T154,21-22,2022-01-25,117,Closed
T001,21-22,2022-01-26,118,Groomed
T002,21-22,2022-01-26,118,Groomed
T003,21-22,2022-01-26,118,Groomed
T004,21-22,2022-01-26,118,Open
T005,21-22,2022-01-26,118,Groomed
T006,21-22,2022-01-26,118,Open
T007,21-22,2022-01-26,118,Groomed
T008,21-22,2022-01-26,118,Groomed
T009,21-22,2022-01-26,118,Groomed
T010,21-22,2022-01-26,118,Closed
T011,21-22,2022-01-26,118,Groomed
T012,21-22,2022-01-26,118,Groomed
T013,21-22,2022-01-26,118,Groomed
T014,21-22,2022-01-26,118,Groomed
T015,21-22,2022-01-26,118,Groomed
T016,21-22,2022-01-26,118,Open
T017,21-22,2022-01-26,118,Open
T018,21-22,2022-01-26,118,Closed
T019,21-22,2022-01-26,118,Open
T020,21-22,2022-01-26,118,Groomed
T021,21-22,2022-01-26,118,Groomed
T022,21-22,2022-01-26,118,Groomed
T023,21-22,2022-01-26,118,Groomed
T024,21-22,2022-01-26,118,Open
T025,21-22,2022-01-26,118,Groomed
T026,21-22,2022-01-26,118,Open
T027,21-22,2022-01-26,118,Groomed
T028,21-22,2022-01-26,118,Closed
T029,21-22,2022-01-26,118,Closed
T030,21-22,2022-01-26,118,Closed
T031,21-22,2022-01-26,118,Groomed
T032,21-22,2022-01-26,118,Groomed
T033,21-22,2022-01-26,118,Groomed
T034,21-22,2022-01-26,118,Groomed
T035,21-22,2022-01-26,118,Open
T036,21-22,2022-01-26,118,Groomed
T037,21-22,2022-01-26,118,Closed
T038,21-22,2022-01-26,118,Open
T039,21-22,2022-01-26,118,Open
T040,21-22,2022-01-26,118,Closed
T041,21-22,2022-01-26,118,Groomed
T042,21-22,2022-01-26,118,Closed
T043,21-22,2022-01-26,118,Closed
T044,21-22,2022-01-26,118,Open
T045,21-22,2022-01-26,118,Open
T046,21-22,2022-01-26,118,Closed
T047,21-22,2022-01-26,118,Open
T048,21-22,2022-01-26,118,Closed
T049,21-22,2022-01-26,118,Closed
T050,21-22,2022-01-26,118,Groomed
T051,21-22,2022-01-26,118,Open
T052,21-22,2022-01-26,118,Groomed
T053,21-22,2022-01-26,118,Closed
T054,21-22,2022-01-26,118,Open
T055,21-22,2022-01-26,118,Open
T056,21-22,2022-01-26,118,Closed
T057,21-22,2022-01-26,118,Open
T058,21-22,2022-01-26,118,Open
T061,21-22,2022-01-26,118,Groomed
T063,21-22,2022-01-26,118,Groomed
T064,21-22,2022-01-26,118,Open
T065,21-22,2022-01-26,118,Groomed
T067,21-22,2022-01-26,118,Groomed
T068,21-22,2022-01-26,118,Open
T069,21-22,2022-01-26,118,Open
T070,21-22,2022-01-26,118,Open
T071,21-22,2022-01-26,118,Open
T072,21-22,2022-01-26,118,Open
T073,21-22,2022-01-26,118,Open
T074,21-22,2022-01-26,118,Open
T075,21-22,2022-01-26,118,Open
T076,21-22,2022-01-26,118,Open
T077,21-22,2022-01-26,118,Groomed
T078,21-22,2022-01-26,118,Groomed
T079,21-22,2022-01-26,118,Groomed
T080,21-22,2022-01-26,118,Open
T081,21-22,2022-01-26,118,Open
T082,21-22,2022-01-26,118,Open
T083,21-22,2022-01-26,118,Groomed
T084,21-22,2022-01-26,118,Open
T085,21-22,2022-01-26,118,Open
T086,21-22,2022-01-26,118,Open
T087,21-22,2022-01-26,118,Open
T088,21-22,2022-01-26,118,Open
T089,21-22,2022-01-26,118,Open
T090,21-22,2022-01-26,118,Open
T091,21-22,2022-01-26,118,Open
T092,21-22,2022-01-26,118,Open
T127,21-22,2022-01-26,118,Open
T134,21-22,2022-01-26,118,Open
T135,21-22,2022-01-26,118,Open
T136,21-22,2022-01-26,118,Open
T137,21-22,2022-01-26,118,Open
T148,21-22,2022-01-26,118,Open
T154,21-22,2022-01-26,118,Closed
T001,21-22,2022-01-27,119,Groomed
T002,21-22,2022-01-27,119,Groomed
T003,21-22,2022-01-27,119,Groomed
T004,21-22,2022-01-27,119,Open
T005,21-22,2022-01-27,119,Groomed
T006,21-22,2022-01-27,119,Open
T007,21-22,2022-01-27,119,Groomed
T008,21-22,2022-01-27,119,Groomed
T009,21-22,2022-01-27,119,Groomed
T010,21-22,2022-01-27,119,Closed
T011,21-22,2022-01-27,119,Groomed
T012,21-22,2022-01-27,119,Groomed
T013,21-22,2022-01-27,119,Groomed
T014,21-22,2022-01-27,119,Groomed
T015,21-22,2022-01-27,119,Groomed
T016,21-22,2022-01-27,119,Open
T017,21-22,2022-01-27,119,Open
T018,21-22,2022-01-27,119,Closed
T019,21-22,2022-01-27,119,Open
T020,21-22,2022-01-27,119,Open
T021,21-22,2022-01-27,119,Groomed
T022,21-22,2022-01-27,119,Groomed
T023,21-22,2022-01-27,119,Groomed
T024,21-22,2022-01-27,119,Open
T025,21-22,2022-01-27,119,Groomed
T026,21-22,2022-01-27,119,Open
T027,21-22,2022-01-27,119,Open
T028,21-22,2022-01-27,119,Closed
T029,21-22,2022-01-27,119,Closed
T030,21-22,2022-01-27,119,Closed
T031,21-22,2022-01-27,119,Groomed
T032,21-22,2022-01-27,119,No Data
T033,21-22,2022-01-27,119,Groomed
T034,21-22,2022-01-27,119,Groomed
T035,21-22,2022-01-27,119,Open
T036,21-22,2022-01-27,119,Groomed
T037,21-22,2022-01-27,119,Closed
T038,21-22,2022-01-27,119,Open
T039,21-22,2022-01-27,119,Open
T040,21-22,2022-01-27,119,Closed
T041,21-22,2022-01-27,119,Groomed
T042,21-22,2022-01-27,119,Closed
T043,21-22,2022-01-27,119,Closed
T044,21-22,2022-01-27,119,Open
T045,21-22,2022-01-27,119,Open
T046,21-22,2022-01-27,119,Closed
T047,21-22,2022-01-27,119,Open
T048,21-22,2022-01-27,119,Closed
T049,21-22,2022-01-27,119,Closed
T050,21-22,2022-01-27,119,Groomed
T051,21-22,2022-01-27,119,Open
T052,21-22,2022-01-27,119,Closed
T053,21-22,2022-01-27,119,Closed
T054,21-22,2022-01-27,119,Open
T055,21-22,2022-01-27,119,Open
T056,21-22,2022-01-27,119,Closed
T057,21-22,2022-01-27,119,Open
T058,21-22,2022-01-27,119,Open
T061,21-22,2022-01-27,119,Groomed
T063,21-22,2022-01-27,119,Groomed
T064,21-22,2022-01-27,119,Groomed
T065,21-22,2022-01-27,119,Open
T067,21-22,2022-01-27,119,Groomed
T068,21-22,2022-01-27,119,Open
T069,21-22,2022-01-27,119,Open
T070,21-22,2022-01-27,119,Open
T071,21-22,2022-01-27,119,Open
T072,21-22,2022-01-27,119,Open
T073,21-22,2022-01-27,119,Open
T074,21-22,2022-01-27,119,Open
T075,21-22,2022-01-27,119,Open
T076,21-22,2022-01-27,119,Open
T077,21-22,2022-01-27,119,Groomed
T078,21-22,2022-01-27,119,Groomed
T079,21-22,2022-01-27,119,Open
T080,21-22,2022-01-27,119,Open
T081,21-22,2022-01-27,119,Open
T082,21-22,2022-01-27,119,Open
T083,21-22,2022-01-27,119,Open
T084,21-22,2022-01-27,119,Open
T085,21-22,2022-01-27,119,Open
T086,21-22,2022-01-27,119,Open
T087,21-22,2022-01-27,119,Open
T088,21-22,2022-01-27,119,Open
T089,21-22,2022-01-27,119,Open
T090,21-22,2022-01-27,119,Open
T091,21-22,2022-01-27,119,Open
T092,21-22,2022-01-27,119,Open
T127,21-22,2022-01-27,119,Open
T134,21-22,2022-01-27,119,Open
T135,21-22,2022-01-27,119,Open
T136,21-22,2022-01-27,119,Open
T137,21-22,2022-01-27,119,Open
T148,21-22,2022-01-27,119,Open
T154,21-22,2022-01-27,119,Closed
T001,21-22,2022-01-28,120,Groomed
T002,21-22,2022-01-28,120,Groomed
T003,21-22,2022-01-28,120,Groomed
T004,21-22,2022-01-28,120,Open
T005,21-22,2022-01-28,120,Groomed
T006,21-22,2022-01-28,120,Open
T007,21-22,2022-01-28,120,Groomed
T008,21-22,2022-01-28,120,Groomed
T009,21-22,2022-01-28,120,Groomed
T010,21-22,2022-01-28,120,Closed
T011,21-22,2022-01-28,120,Groomed
T012,21-22,2022-01-28,120,Groomed
T013,21-22,2022-01-28,120,Groomed
T014,21-22,2022-01-28,120,Groomed
T015,21-22,2022-01-28,120,Groomed
T016,21-22,2022-01-28,120,Open
T017,21-22,2022-01-28,120,Open
T018,21-22,2022-01-28,120,Closed
T019,21-22,2022-01-28,120,Open
T020,21-22,2022-01-28,120,Open
T021,21-22,2022-01-28,120,Groomed
T022,21-22,2022-01-28,120,Groomed
T023,21-22,2022-01-28,120,Groomed
T024,21-22,2022-01-28,120,Open
T025,21-22,2022-01-28,120,Groomed
T026,21-22,2022-01-28,120,Open
T027,21-22,2022-01-28,120,Groomed
T028,21-22,2022-01-28,120,Groomed
T029,21-22,2022-01-28,120,Closed
T030,21-22,2022-01-28,120,Groomed
T031,21-22,2022-01-28,120,Groomed
T032,21-22,2022-01-28,120,Open
T033,21-22,2022-01-28,120,Groomed
T034,21-22,2022-01-28,120,Groomed
T035,21-22,2022-01-28,120,Open
T036,21-22,2022-01-28,120,Groomed
T037,21-22,2022-01-28,120,Open
T038,21-22,2022-01-28,120,Open
T039,21-22,2022-01-28,120,Open
T040,21-22,2022-01-28,120,Closed
T041,21-22,2022-01-28,120,Groomed
T042,21-22,2022-01-28,120,Closed
T043,21-22,2022-01-28,120,Closed
T044,21-22,2022-01-28,120,Open
T045,21-22,2022-01-28,120,Open
T046,21-22,2022-01-28,120,Closed
T047,21-22,2022-01-28,120,Open
T048,21-22,2022-01-28,120,Closed
T049,21-22,2022-01-28,120,Closed
T050,21-22,2022-01-28,120,Groomed
T051,21-22,2022-01-28,120,Open
T052,21-22,2022-01-28,120,Groomed
T053,21-22,2022-01-28,120,Closed
T054,21-22,2022-01-28,120,Open
T055,21-22,2022-01-28,120,Open
T056,21-22,2022-01-28,120,Closed
T057,21-22,2022-01-28,120,Open
T058,21-22,2022-01-28,120,Open
T061,21-22,2022-01-28,120,Groomed
T063,21-22,2022-01-28,120,Groomed
T064,21-22,2022-01-28,120,Open
T065,21-22,2022-01-28,120,Open
T067,21-22,2022-01-28,120,Groomed
T068,21-22,2022-01-28,120,Open
T069,21-22,2022-01-28,120,Open
T070,21-22,2022-01-28,120,Open
T071,21-22,2022-01-28,120,Open
T072,21-22,2022-01-28,120,Open
T073,21-22,2022-01-28,120,Open
T074,21-22,2022-01-28,120,Open
T075,21-22,2022-01-28,120,Open
T076,21-22,2022-01-28,120,Open
T077,21-22,2022-01-28,120,Groomed
T078,21-22,2022-01-28,120,Groomed
T079,21-22,2022-01-28,120,Groomed
T080,21-22,2022-01-28,120,Open
T081,21-22,2022-01-28,120,Open
T082,21-22,2022-01-28,120,Open
T083,21-22,2022-01-28,120,Open
T084,21-22,2022-01-28,120,Open
T085,21-22,2022-01-28,120,Open
T086,21-22,2022-01-28,120,Open
T087,21-22,2022-01-28,120,Open
T088,21-22,2022-01-28,120,Open
T089,21-22,2022-01-28,120,Open
T090,21-22,2022-01-28,120,Open
T091,21-22,2022-01-28,120,Open
T092,21-22,2022-01-28,120,Open
T127,21-22,2022-01-28,120,Open
T134,21-22,2022-01-28,120,Open
T135,21-22,2022-01-28,120,Open
T136,21-22,2022-01-28,120,Open
T137,21-22,2022-01-28,120,Open
T148,21-22,2022-01-28,120,Open
T154,21-22,2022-01-28,120,Closed
T001,21-22,2022-01-29,121,Groomed
T002,21-22,2022-01-29,121,Groomed
T003,21-22,2022-01-29,121,Groomed
T004,21-22,2022-01-29,121,Open
T005,21-22,2022-01-29,121,Groomed
T006,21-22,2022-01-29,121,Open
T007,21-22,2022-01-29,121,Groomed
T008,21-22,2022-01-29,121,Open
T009,21-22,2022-01-29,121,Groomed
T010,21-22,2022-01-29,121,Closed
T011,21-22,2022-01-29,121,Groomed
T012,21-22,2022-01-29,121,Groomed
T013,21-22,2022-01-29,121,Groomed
T014,21-22,2022-01-29,121,Groomed
T015,21-22,2022-01-29,121,Groomed
T016,21-22,2022-01-29,121,Open
T017,21-22,2022-01-29,121,Open
T018,21-22,2022-01-29,121,Closed
T019,21-22,2022-01-29,121,Open
T020,21-22,2022-01-29,121,Open
T021,21-22,2022-01-29,121,Groomed
T022,21-22,2022-01-29,121,Groomed
T023,21-22,2022-01-29,121,Groomed
T024,21-22,2022-01-29,121,Open
T025,21-22,2022-01-29,121,Groomed
T026,21-22,2022-01-29,121,Open
T027,21-22,2022-01-29,121,Groomed
T028,21-22,2022-01-29,121,Groomed
T029,21-22,2022-01-29,121,Closed
T030,21-22,2022-01-29,121,Groomed
T031,21-22,2022-01-29,121,Groomed
T032,21-22,2022-01-29,121,Groomed
T033,21-22,2022-01-29,121,Groomed
T034,21-22,2022-01-29,121,Groomed
T035,21-22,2022-01-29,121,Open
T036,21-22,2022-01-29,121,Groomed
T037,21-22,2022-01-29,121,Open
T038,21-22,2022-01-29,121,Open
T039,21-22,2022-01-29,121,Open
T040,21-22,2022-01-29,121,Closed
T041,21-22,2022-01-29,121,Groomed
T042,21-22,2022-01-29,121,Closed
T043,21-22,2022-01-29,121,Closed
T044,21-22,2022-01-29,121,Open
T045,21-22,2022-01-29,121,Open
T046,21-22,2022-01-29,121,Closed
T047,21-22,2022-01-29,121,Open
T048,21-22,2022-01-29,121,Closed
T049,21-22,2022-01-29,121,Closed
T050,21-22,2022-01-29,121,Groomed
T051,21-22,2022-01-29,121,Open
T052,21-22,2022-01-29,121,Closed
T053,21-22,2022-01-29,121,Closed
T054,21-22,2022-01-29,121,Open
T055,21-22,2022-01-29,121,Open
T056,21-22,2022-01-29,121,Closed
T057,21-22,2022-01-29,121,Open
T058,21-22,2022-01-29,121,Open
T061,21-22,2022-01-29,121,Groomed
T063,21-22,2022-01-29,121,Groomed
T064,21-22,2022-01-29,121,Groomed
T065,21-22,2022-01-29,121,Groomed
T067,21-22,2022-01-29,121,Groomed
T068,21-22,2022-01-29,121,Open
T069,21-22,2022-01-29,121,Open
T070,21-22,2022-01-29,121,Open
T071,21-22,2022-01-29,121,Open
T072,21-22,2022-01-29,121,Open
T073,21-22,2022-01-29,121,Open
T074,21-22,2022-01-29,121,Open
T075,21-22,2022-01-29,121,Open
T076,21-22,2022-01-29,121,Open
T077,21-22,2022-01-29,121,Groomed
T078,21-22,2022-01-29,121,Open
T079,21-22,2022-01-29,121,Groomed
T080,21-22,2022-01-29,121,Open
T081,21-22,2022-01-29,121,Open
T082,21-22,2022-01-29,121,Open
T083,21-22,2022-01-29,121,Open
T084,21-22,2022-01-29,121,Open
T085,21-22,2022-01-29,121,Open
T086,21-22,2022-01-29,121,Open
T087,21-22,2022-01-29,121,Open
T088,21-22,2022-01-29,121,Open
T089,21-22,2022-01-29,121,Open
T090,21-22,2022-01-29,121,Open
T091,21-22,2022-01-29,121,Open
T092,21-22,2022-01-29,121,Open
T127,21-22,2022-01-29,121,Open
T134,21-22,2022-01-29,121,Open
T135,21-22,2022-01-29,121,Open
T136,21-22,2022-01-29,121,Open
T137,21-22,2022-01-29,121,Open
T148,21-22,2022-01-29,121,Open
T154,21-22,2022-01-29,121,Closed
T001,21-22,2022-01-30,122,Groomed
T002,21-22,2022-01-30,122,Groomed
T003,21-22,2022-01-30,122,Groomed
T004,21-22,2022-01-30,122,Open
T005,21-22,2022-01-30,122,Groomed
T006,21-22,2022-01-30,122,Open
T007,21-22,2022-01-30,122,Groomed
T008,21-22,2022-01-30,122,Open
T009,21-22,2022-01-30,122,Groomed
T010,21-22,2022-01-30,122,Closed
T011,21-22,2022-01-30,122,Groomed
T012,21-22,2022-01-30,122,Groomed
T013,21-22,2022-01-30,122,Groomed
T014,21-22,2022-01-30,122,Groomed
T015,21-22,2022-01-30,122,Groomed
T016,21-22,2022-01-30,122,Open
T017,21-22,2022-01-30,122,Open
T018,21-22,2022-01-30,122,Closed
T019,21-22,2022-01-30,122,Open
T020,21-22,2022-01-30,122,Open
T021,21-22,2022-01-30,122,Groomed
T022,21-22,2022-01-30,122,Groomed
T023,21-22,2022-01-30,122,Groomed
T024,21-22,2022-01-30,122,Open
T025,21-22,2022-01-30,122,Groomed
T026,21-22,2022-01-30,122,Open
T027,21-22,2022-01-30,122,Groomed
T028,21-22,2022-01-30,122,Groomed
T029,21-22,2022-01-30,122,Closed
T030,21-22,2022-01-30,122,Groomed
T031,21-22,2022-01-30,122,Groomed
T032,21-22,2022-01-30,122,Groomed
T033,21-22,2022-01-30,122,Groomed
T034,21-22,2022-01-30,122,Groomed
T035,21-22,2022-01-30,122,Open
T036,21-22,2022-01-30,122,Groomed
T037,21-22,2022-01-30,122,Open
T038,21-22,2022-01-30,122,Open
T039,21-22,2022-01-30,122,Open
T040,21-22,2022-01-30,122,Closed
T041,21-22,2022-01-30,122,Groomed
T042,21-22,2022-01-30,122,Closed
T043,21-22,2022-01-30,122,Closed
T044,21-22,2022-01-30,122,Open
T045,21-22,2022-01-30,122,Open
T046,21-22,2022-01-30,122,Closed
T047,21-22,2022-01-30,122,Open
T048,21-22,2022-01-30,122,Closed
T049,21-22,2022-01-30,122,Closed
T050,21-22,2022-01-30,122,Groomed
T051,21-22,2022-01-30,122,Open
T052,21-22,2022-01-30,122,Closed
T053,21-22,2022-01-30,122,Closed
T054,21-22,2022-01-30,122,Open
T055,21-22,2022-01-30,122,Open
T056,21-22,2022-01-30,122,Closed
T057,21-22,2022-01-30,122,Open
T058,21-22,2022-01-30,122,Open
T061,21-22,2022-01-30,122,Groomed
T063,21-22,2022-01-30,122,Groomed
T064,21-22,2022-01-30,122,Groomed
T065,21-22,2022-01-30,122,Groomed
T067,21-22,2022-01-30,122,Groomed
T068,21-22,2022-01-30,122,Open
T069,21-22,2022-01-30,122,Open
T070,21-22,2022-01-30,122,Open
T071,21-22,2022-01-30,122,Open
T072,21-22,2022-01-30,122,Open
T073,21-22,2022-01-30,122,Open
T074,21-22,2022-01-30,122,Open
T075,21-22,2022-01-30,122,Open
T076,21-22,2022-01-30,122,Open
T077,21-22,2022-01-30,122,Groomed
T078,21-22,2022-01-30,122,Open
T079,21-22,2022-01-30,122,Groomed
T080,21-22,2022-01-30,122,Open
T081,21-22,2022-01-30,122,Open
T082,21-22,2022-01-30,122,Open
T083,21-22,2022-01-30,122,Open
T084,21-22,2022-01-30,122,Open
T085,21-22,2022-01-30,122,Open
T086,21-22,2022-01-30,122,Open
T087,21-22,2022-01-30,122,Open
T088,21-22,2022-01-30,122,Open
T089,21-22,2022-01-30,122,Open
T090,21-22,2022-01-30,122,Open
T091,21-22,2022-01-30,122,Open
T092,21-22,2022-01-30,122,Open
T127,21-22,2022-01-30,122,Open
T134,21-22,2022-01-30,122,Open
T135,21-22,2022-01-30,122,Open
T136,21-22,2022-01-30,122,Open
T137,21-22,2022-01-30,122,Open
T148,21-22,2022-01-30,122,Open
T154,21-22,2022-01-30,122,Closed
T001,21-22,2022-01-31,123,Groomed
T002,21-22,2022-01-31,123,Groomed
T003,21-22,2022-01-31,123,Groomed
T004,21-22,2022-01-31,123,Open
T005,21-22,2022-01-31,123,Groomed
T006,21-22,2022-01-31,123,Open
T007,21-22,2022-01-31,123,Groomed
T008,21-22,2022-01-31,123,Open
T009,21-22,2022-01-31,123,Groomed
T010,21-22,2022-01-31,123,Groomed
T011,21-22,2022-01-31,123,Groomed
T012,21-22,2022-01-31,123,Groomed
T013,21-22,2022-01-31,123,Groomed
T014,21-22,2022-01-31,123,Groomed
T015,21-22,2022-01-31,123,Groomed
T016,21-22,2022-01-31,123,Open
T017,21-22,2022-01-31,123,Open
T018,21-22,2022-01-31,123,Closed
T019,21-22,2022-01-31,123,Open
T020,21-22,2022-01-31,123,Open
T021,21-22,2022-01-31,123,Groomed
T022,21-22,2022-01-31,123,Groomed
T023,21-22,2022-01-31,123,Groomed
T024,21-22,2022-01-31,123,Open
T025,21-22,2022-01-31,123,Groomed
T026,21-22,2022-01-31,123,Open
T027,21-22,2022-01-31,123,Open
T028,21-22,2022-01-31,123,Open
T029,21-22,2022-01-31,123,Closed
T030,21-22,2022-01-31,123,Open
T031,21-22,2022-01-31,123,Groomed
T032,21-22,2022-01-31,123,Groomed
T033,21-22,2022-01-31,123,Groomed
T034,21-22,2022-01-31,123,Groomed
T035,21-22,2022-01-31,123,Open
T036,21-22,2022-01-31,123,Groomed
T037,21-22,2022-01-31,123,Open
T038,21-22,2022-01-31,123,Open
T039,21-22,2022-01-31,123,Open
T040,21-22,2022-01-31,123,Closed
T041,21-22,2022-01-31,123,Groomed
T042,21-22,2022-01-31,123,Closed
T043,21-22,2022-01-31,123,Closed
T044,21-22,2022-01-31,123,Open
T045,21-22,2022-01-31,123,Open
T046,21-22,2022-01-31,123,Closed
T047,21-22,2022-01-31,123,Open
T048,21-22,2022-01-31,123,Closed
T049,21-22,2022-01-31,123,Closed
T050,21-22,2022-01-31,123,Groomed
T051,21-22,2022-01-31,123,Open
T052,21-22,2022-01-31,123,Closed
T053,21-22,2022-01-31,123,Closed
T054,21-22,2022-01-31,123,Open
T055,21-22,2022-01-31,123,Open
T056,21-22,2022-01-31,123,Closed
T057,21-22,2022-01-31,123,Open
T058,21-22,2022-01-31,123,Open
T061,21-22,2022-01-31,123,Groomed
T063,21-22,2022-01-31,123,Groomed
T064,21-22,2022-01-31,123,Groomed
T065,21-22,2022-01-31,123,Groomed
T067,21-22,2022-01-31,123,Groomed
T068,21-22,2022-01-31,123,Open
T069,21-22,2022-01-31,123,Open
T070,21-22,2022-01-31,123,Open
T071,21-22,2022-01-31,123,Open
T072,21-22,2022-01-31,123,Open
T073,21-22,2022-01-31,123,Open
T074,21-22,2022-01-31,123,Open
T075,21-22,2022-01-31,123,Open
T076,21-22,2022-01-31,123,Open
T077,21-22,2022-01-31,123,Groomed
T078,21-22,2022-01-31,123,Open
T079,21-22,2022-01-31,123,Open
T080,21-22,2022-01-31,123,Open
T081,21-22,2022-01-31,123,Open
T082,21-22,2022-01-31,123,Open
T083,21-22,2022-01-31,123,Open
T084,21-22,2022-01-31,123,Open
T085,21-22,2022-01-31,123,Open
T086,21-22,2022-01-31,123,Open
T087,21-22,2022-01-31,123,Open
T088,21-22,2022-01-31,123,Open
T089,21-22,2022-01-31,123,Open
T090,21-22,2022-01-31,123,Open
T091,21-22,2022-01-31,123,Open
T092,21-22,2022-01-31,123,Open
T127,21-22,2022-01-31,123,Open
T134,21-22,2022-01-31,123,Open
T135,21-22,2022-01-31,123,Open
T136,21-22,2022-01-31,123,Open
T137,21-22,2022-01-31,123,Open
T148,21-22,2022-01-31,123,Open
T154,21-22,2022-01-31,123,Closed
T001,21-22,2022-02-01,124,Groomed
T002,21-22,2022-02-01,124,Groomed
T003,21-22,2022-02-01,124,Groomed
T004,21-22,2022-02-01,124,Open
T005,21-22,2022-02-01,124,Groomed
T006,21-22,2022-02-01,124,Open
T007,21-22,2022-02-01,124,Groomed
T008,21-22,2022-02-01,124,Open
T009,21-22,2022-02-01,124,Groomed
T010,21-22,2022-02-01,124,Open
T011,21-22,2022-02-01,124,Groomed
T012,21-22,2022-02-01,124,Groomed
T013,21-22,2022-02-01,124,Groomed
T014,21-22,2022-02-01,124,Groomed
T015,21-22,2022-02-01,124,Groomed
T016,21-22,2022-02-01,124,Open
T017,21-22,2022-02-01,124,Open
T018,21-22,2022-02-01,124,Closed
T019,21-22,2022-02-01,124,Open
T020,21-22,2022-02-01,124,Open
T021,21-22,2022-02-01,124,Groomed
T022,21-22,2022-02-01,124,Groomed
T023,21-22,2022-02-01,124,Groomed
T024,21-22,2022-02-01,124,Open
T025,21-22,2022-02-01,124,Groomed
T026,21-22,2022-02-01,124,Open
T027,21-22,2022-02-01,124,Groomed
T028,21-22,2022-02-01,124,Open
T029,21-22,2022-02-01,124,Closed
T030,21-22,2022-02-01,124,Open
T031,21-22,2022-02-01,124,Groomed
T032,21-22,2022-02-01,124,Groomed
T033,21-22,2022-02-01,124,Groomed
T034,21-22,2022-02-01,124,Groomed
T035,21-22,2022-02-01,124,Open
T036,21-22,2022-02-01,124,Groomed
T037,21-22,2022-02-01,124,Open
T038,21-22,2022-02-01,124,Open
T039,21-22,2022-02-01,124,Open
T040,21-22,2022-02-01,124,Closed
T041,21-22,2022-02-01,124,Groomed
T042,21-22,2022-02-01,124,Closed
T043,21-22,2022-02-01,124,Closed
T044,21-22,2022-02-01,124,Open
T045,21-22,2022-02-01,124,Open
T046,21-22,2022-02-01,124,Closed
T047,21-22,2022-02-01,124,Open
T048,21-22,2022-02-01,124,Closed
T049,21-22,2022-02-01,124,Closed
T050,21-22,2022-02-01,124,Groomed
T051,21-22,2022-02-01,124,Open
T052,21-22,2022-02-01,124,Groomed
T053,21-22,2022-02-01,124,Closed
T054,21-22,2022-02-01,124,Open
T055,21-22,2022-02-01,124,Open
T056,21-22,2022-02-01,124,Closed
T057,21-22,2022-02-01,124,Open
T058,21-22,2022-02-01,124,Open
T061,21-22,2022-02-01,124,Groomed
T063,21-22,2022-02-01,124,Groomed
T064,21-22,2022-02-01,124,Open
T065,21-22,2022-02-01,124,Groomed
T067,21-22,2022-02-01,124,Groomed
T068,21-22,2022-02-01,124,Open
T069,21-22,2022-02-01,124,Open
T070,21-22,2022-02-01,124,Open
T071,21-22,2022-02-01,124,Open
T072,21-22,2022-02-01,124,Open
T073,21-22,2022-02-01,124,Open
T074,21-22,2022-02-01,124,Open
T075,21-22,2022-02-01,124,Open
T076,21-22,2022-02-01,124,Open
T077,21-22,2022-02-01,124,Groomed
T078,21-22,2022-02-01,124,Open
T079,21-22,2022-02-01,124,Groomed
T080,21-22,2022-02-01,124,Open
T081,21-22,2022-02-01,124,Open
T082,21-22,2022-02-01,124,Open
T083,21-22,2022-02-01,124,Open
T084,21-22,2022-02-01,124,Open
T085,21-22,2022-02-01,124,Open
T086,21-22,2022-02-01,124,Open
T087,21-22,2022-02-01,124,Open
T088,21-22,2022-02-01,124,Open
T089,21-22,2022-02-01,124,Open
T090,21-22,2022-02-01,124,Open
T091,21-22,2022-02-01,124,Open
T092,21-22,2022-02-01,124,Open
T127,21-22,2022-02-01,124,Open
T134,21-22,2022-02-01,124,Open
T135,21-22,2022-02-01,124,Open
T136,21-22,2022-02-01,124,Open
T137,21-22,2022-02-01,124,Open
T148,21-22,2022-02-01,124,Open
T154,21-22,2022-02-01,124,Closed
T001,21-22,2022-02-02,125,Groomed
T002,21-22,2022-02-02,125,Groomed
T003,21-22,2022-02-02,125,Groomed
T004,21-22,2022-02-02,125,Open
T005,21-22,2022-02-02,125,Groomed
T006,21-22,2022-02-02,125,Groomed
T007,21-22,2022-02-02,125,Groomed
T008,21-22,2022-02-02,125,Open
T009,21-22,2022-02-02,125,Groomed
T010,21-22,2022-02-02,125,Groomed
T011,21-22,2022-02-02,125,Groomed
T012,21-22,2022-02-02,125,Groomed
T013,21-22,2022-02-02,125,Groomed
T014,21-22,2022-02-02,125,Groomed
T015,21-22,2022-02-02,125,Groomed
T016,21-22,2022-02-02,125,Open
T017,21-22,2022-02-02,125,Open
T018,21-22,2022-02-02,125,Closed
T019,21-22,2022-02-02,125,Open
T020,21-22,2022-02-02,125,Open
T021,21-22,2022-02-02,125,Groomed
T022,21-22,2022-02-02,125,Groomed
T023,21-22,2022-02-02,125,Groomed
T024,21-22,2022-02-02,125,Open
T025,21-22,2022-02-02,125,Groomed
T026,21-22,2022-02-02,125,Open
T027,21-22,2022-02-02,125,Groomed
T028,21-22,2022-02-02,125,Groomed
T029,21-22,2022-02-02,125,Closed
T030,21-22,2022-02-02,125,Groomed
T031,21-22,2022-02-02,125,Groomed
T032,21-22,2022-02-02,125,Groomed
T033,21-22,2022-02-02,125,Groomed
T034,21-22,2022-02-02,125,Groomed
T035,21-22,2022-02-02,125,Open
T036,21-22,2022-02-02,125,Groomed
T037,21-22,2022-02-02,125,Open
T038,21-22,2022-02-02,125,Open
T039,21-22,2022-02-02,125,Open
T040,21-22,2022-02-02,125,Closed
T041,21-22,2022-02-02,125,Groomed
T042,21-22,2022-02-02,125,Closed
T043,21-22,2022-02-02,125,Closed
T044,21-22,2022-02-02,125,Open
T045,21-22,2022-02-02,125,Open
T046,21-22,2022-02-02,125,Closed
T047,21-22,2022-02-02,125,Open
T048,21-22,2022-02-02,125,Closed
T049,21-22,2022-02-02,125,Closed
T050,21-22,2022-02-02,125,Groomed
T051,21-22,2022-02-02,125,Open
T052,21-22,2022-02-02,125,Groomed
T053,21-22,2022-02-02,125,Closed
T054,21-22,2022-02-02,125,Open
T055,21-22,2022-02-02,125,Open
T056,21-22,2022-02-02,125,Closed
T057,21-22,2022-02-02,125,Open
T058,21-22,2022-02-02,125,Open
T061,21-22,2022-02-02,125,Groomed
T063,21-22,2022-02-02,125,Groomed
T064,21-22,2022-02-02,125,Open
T065,21-22,2022-02-02,125,Groomed
T067,21-22,2022-02-02,125,Groomed
T068,21-22,2022-02-02,125,Open
T069,21-22,2022-02-02,125,Open
T070,21-22,2022-02-02,125,Open
T071,21-22,2022-02-02,125,Open
T072,21-22,2022-02-02,125,Open
T073,21-22,2022-02-02,125,Open
T074,21-22,2022-02-02,125,Open
T075,21-22,2022-02-02,125,Open
T076,21-22,2022-02-02,125,Open
T077,21-22,2022-02-02,125,Groomed
T078,21-22,2022-02-02,125,Open
T079,21-22,2022-02-02,125,Groomed
T080,21-22,2022-02-02,125,Open
T081,21-22,2022-02-02,125,Open
T082,21-22,2022-02-02,125,Open
T083,21-22,2022-02-02,125,Open
T084,21-22,2022-02-02,125,Open
T085,21-22,2022-02-02,125,Open
T086,21-22,2022-02-02,125,Open
T087,21-22,2022-02-02,125,Open
T088,21-22,2022-02-02,125,Open
T089,21-22,2022-02-02,125,Open
T090,21-22,2022-02-02,125,Open
T091,21-22,2022-02-02,125,Open
T092,21-22,2022-02-02,125,Open
T127,21-22,2022-02-02,125,Open
T134,21-22,2022-02-02,125,Open
T135,21-22,2022-02-02,125,Open
T136,21-22,2022-02-02,125,Open
T137,21-22,2022-02-02,125,Open
T148,21-22,2022-02-02,125,Open
T154,21-22,2022-02-02,125,Closed
T001,21-22,2022-02-03,126,Groomed
T002,21-22,2022-02-03,126,Groomed
T003,21-22,2022-02-03,126,Groomed
T004,21-22,2022-02-03,126,Open
T005,21-22,2022-02-03,126,Groomed
T006,21-22,2022-02-03,126,Groomed
T007,21-22,2022-02-03,126,Groomed
T008,21-22,2022-02-03,126,Groomed
T009,21-22,2022-02-03,126,Groomed
T010,21-22,2022-02-03,126,Groomed
T011,21-22,2022-02-03,126,Groomed
T012,21-22,2022-02-03,126,Groomed
T013,21-22,2022-02-03,126,Groomed
T014,21-22,2022-02-03,126,Groomed
T015,21-22,2022-02-03,126,Groomed
T016,21-22,2022-02-03,126,Open
T017,21-22,2022-02-03,126,Open
T018,21-22,2022-02-03,126,Closed
T019,21-22,2022-02-03,126,Open
T020,21-22,2022-02-03,126,Open
T021,21-22,2022-02-03,126,Groomed
T022,21-22,2022-02-03,126,Groomed
T023,21-22,2022-02-03,126,Groomed
T024,21-22,2022-02-03,126,Open
T025,21-22,2022-02-03,126,Groomed
T026,21-22,2022-02-03,126,Open
T027,21-22,2022-02-03,126,Groomed
T028,21-22,2022-02-03,126,Groomed
T029,21-22,2022-02-03,126,Closed
T030,21-22,2022-02-03,126,Groomed
T031,21-22,2022-02-03,126,Groomed
T032,21-22,2022-02-03,126,Groomed
T033,21-22,2022-02-03,126,Groomed
T034,21-22,2022-02-03,126,Groomed
T035,21-22,2022-02-03,126,Open
T036,21-22,2022-02-03,126,Groomed
T037,21-22,2022-02-03,126,Open
T038,21-22,2022-02-03,126,Open
T039,21-22,2022-02-03,126,Open
T040,21-22,2022-02-03,126,Closed
T041,21-22,2022-02-03,126,Groomed
T042,21-22,2022-02-03,126,Closed
T043,21-22,2022-02-03,126,Closed
T044,21-22,2022-02-03,126,Open
T045,21-22,2022-02-03,126,Open
T046,21-22,2022-02-03,126,Closed
T047,21-22,2022-02-03,126,Open
T048,21-22,2022-02-03,126,Closed
T049,21-22,2022-02-03,126,Closed
T050,21-22,2022-02-03,126,Groomed
T051,21-22,2022-02-03,126,Open
T052,21-22,2022-02-03,126,Closed
T053,21-22,2022-02-03,126,Closed
T054,21-22,2022-02-03,126,Open
T055,21-22,2022-02-03,126,Open
T056,21-22,2022-02-03,126,Closed
T057,21-22,2022-02-03,126,Open
T058,21-22,2022-02-03,126,Open
T061,21-22,2022-02-03,126,Groomed
T063,21-22,2022-02-03,126,Groomed
T064,21-22,2022-02-03,126,Open
T065,21-22,2022-02-03,126,Open
T067,21-22,2022-02-03,126,Groomed
T068,21-22,2022-02-03,126,Open
T069,21-22,2022-02-03,126,Open
T070,21-22,2022-02-03,126,Open
T071,21-22,2022-02-03,126,Open
T072,21-22,2022-02-03,126,Open
T073,21-22,2022-02-03,126,Open
T074,21-22,2022-02-03,126,Open
T075,21-22,2022-02-03,126,Open
T076,21-22,2022-02-03,126,Open
T077,21-22,2022-02-03,126,Groomed
T078,21-22,2022-02-03,126,Groomed
T079,21-22,2022-02-03,126,Groomed
T080,21-22,2022-02-03,126,Open
T081,21-22,2022-02-03,126,Open
T082,21-22,2022-02-03,126,Open
T083,21-22,2022-02-03,126,Groomed
T084,21-22,2022-02-03,126,Open
T085,21-22,2022-02-03,126,Open
T086,21-22,2022-02-03,126,Open
T087,21-22,2022-02-03,126,Open
T088,21-22,2022-02-03,126,Open
T089,21-22,2022-02-03,126,Open
T090,21-22,2022-02-03,126,Open
T091,21-22,2022-02-03,126,Open
T092,21-22,2022-02-03,126,Open
T127,21-22,2022-02-03,126,Open
T134,21-22,2022-02-03,126,Open
T135,21-22,2022-02-03,126,Open
T136,21-22,2022-02-03,126,Open
T137,21-22,2022-02-03,126,Open
T148,21-22,2022-02-03,126,Open
T154,21-22,2022-02-03,126,Open
T001,21-22,2022-02-04,127,Groomed
T002,21-22,2022-02-04,127,Groomed
T003,21-22,2022-02-04,127,Groomed
T004,21-22,2022-02-04,127,Open
T005,21-22,2022-02-04,127,Groomed
T006,21-22,2022-02-04,127,Groomed
T007,21-22,2022-02-04,127,Groomed
T008,21-22,2022-02-04,127,Groomed
T009,21-22,2022-02-04,127,Groomed
T010,21-22,2022-02-04,127,Open
T011,21-22,2022-02-04,127,Groomed
T012,21-22,2022-02-04,127,Groomed
T013,21-22,2022-02-04,127,Groomed
T014,21-22,2022-02-04,127,Groomed
T015,21-22,2022-02-04,127,Groomed
T016,21-22,2022-02-04,127,Open
T017,21-22,2022-02-04,127,Open
T018,21-22,2022-02-04,127,Groomed
T019,21-22,2022-02-04,127,Open
T020,21-22,2022-02-04,127,Open
T021,21-22,2022-02-04,127,Groomed
T022,21-22,2022-02-04,127,Groomed
T023,21-22,2022-02-04,127,Groomed
T024,21-22,2022-02-04,127,Open
T025,21-22,2022-02-04,127,Groomed
T026,21-22,2022-02-04,127,Open
T027,21-22,2022-02-04,127,Groomed
T028,21-22,2022-02-04,127,Groomed
T029,21-22,2022-02-04,127,Groomed
T030,21-22,2022-02-04,127,Groomed
T031,21-22,2022-02-04,127,Groomed
T032,21-22,2022-02-04,127,Groomed
T033,21-22,2022-02-04,127,Groomed
T034,21-22,2022-02-04,127,Groomed
T035,21-22,2022-02-04,127,Open
T036,21-22,2022-02-04,127,Groomed
T037,21-22,2022-02-04,127,Open
T038,21-22,2022-02-04,127,Open
T039,21-22,2022-02-04,127,Open
T040,21-22,2022-02-04,127,Closed
T041,21-22,2022-02-04,127,Groomed
T042,21-22,2022-02-04,127,Groomed
T043,21-22,2022-02-04,127,Groomed
T044,21-22,2022-02-04,127,Open
T045,21-22,2022-02-04,127,Open
T046,21-22,2022-02-04,127,Closed
T047,21-22,2022-02-04,127,Open
T048,21-22,2022-02-04,127,Open
T049,21-22,2022-02-04,127,Groomed
T050,21-22,2022-02-04,127,Groomed
T051,21-22,2022-02-04,127,Open
T052,21-22,2022-02-04,127,Closed
T053,21-22,2022-02-04,127,Closed
T054,21-22,2022-02-04,127,Open
T055,21-22,2022-02-04,127,Open
T056,21-22,2022-02-04,127,Closed
T057,21-22,2022-02-04,127,Open
T058,21-22,2022-02-04,127,Open
T061,21-22,2022-02-04,127,Groomed
T063,21-22,2022-02-04,127,Groomed
T064,21-22,2022-02-04,127,Open
T065,21-22,2022-02-04,127,Open
T067,21-22,2022-02-04,127,Groomed
T068,21-22,2022-02-04,127,Open
T069,21-22,2022-02-04,127,Open
T070,21-22,2022-02-04,127,Open
T071,21-22,2022-02-04,127,Open
T072,21-22,2022-02-04,127,Open
T073,21-22,2022-02-04,127,Open
T074,21-22,2022-02-04,127,Open
T075,21-22,2022-02-04,127,Open
T076,21-22,2022-02-04,127,Open
T077,21-22,2022-02-04,127,Groomed
T078,21-22,2022-02-04,127,Open
T079,21-22,2022-02-04,127,Groomed
T080,21-22,2022-02-04,127,Open
T081,21-22,2022-02-04,127,Open
T082,21-22,2022-02-04,127,Open
T083,21-22,2022-02-04,127,Open
T084,21-22,2022-02-04,127,Open
T085,21-22,2022-02-04,127,Open
T086,21-22,2022-02-04,127,Open
T087,21-22,2022-02-04,127,Open
T088,21-22,2022-02-04,127,Open
T089,21-22,2022-02-04,127,Open
T090,21-22,2022-02-04,127,Open
T091,21-22,2022-02-04,127,Open
T092,21-22,2022-02-04,127,Open
T127,21-22,2022-02-04,127,Open
T134,21-22,2022-02-04,127,Open
T135,21-22,2022-02-04,127,Open
T136,21-22,2022-02-04,127,Open
T137,21-22,2022-02-04,127,Open
T148,21-22,2022-02-04,127,Open
T154,21-22,2022-02-04,127,Closed
T001,21-22,2022-02-05,128,Groomed
T002,21-22,2022-02-05,128,Groomed
T003,21-22,2022-02-05,128,Groomed
T004,21-22,2022-02-05,128,Open
T005,21-22,2022-02-05,128,Groomed
T006,21-22,2022-02-05,128,Groomed
T007,21-22,2022-02-05,128,Groomed
T008,21-22,2022-02-05,128,Groomed
T009,21-22,2022-02-05,128,Groomed
T010,21-22,2022-02-05,128,Open
T011,21-22,2022-02-05,128,Groomed
T012,21-22,2022-02-05,128,Groomed
T013,21-22,2022-02-05,128,Groomed
T014,21-22,2022-02-05,128,Groomed
T015,21-22,2022-02-05,128,Groomed
T016,21-22,2022-02-05,128,Open
T017,21-22,2022-02-05,128,Open
T018,21-22,2022-02-05,128,Groomed
T019,21-22,2022-02-05,128,Open
T020,21-22,2022-02-05,128,Open
T021,21-22,2022-02-05,128,Groomed
T022,21-22,2022-02-05,128,Groomed
T023,21-22,2022-02-05,128,Groomed
T024,21-22,2022-02-05,128,Open
T025,21-22,2022-02-05,128,Groomed
T026,21-22,2022-02-05,128,Open
T027,21-22,2022-02-05,128,Groomed
T028,21-22,2022-02-05,128,Groomed
T029,21-22,2022-02-05,128,Groomed
T030,21-22,2022-02-05,128,Groomed
T031,21-22,2022-02-05,128,Groomed
T032,21-22,2022-02-05,128,Groomed
T033,21-22,2022-02-05,128,Groomed
T034,21-22,2022-02-05,128,Groomed
T035,21-22,2022-02-05,128,Open
T036,21-22,2022-02-05,128,Groomed
T037,21-22,2022-02-05,128,Open
T038,21-22,2022-02-05,128,Open
T039,21-22,2022-02-05,128,Open
T040,21-22,2022-02-05,128,Closed
T041,21-22,2022-02-05,128,Groomed
T042,21-22,2022-02-05,128,Groomed
T043,21-22,2022-02-05,128,Groomed
T044,21-22,2022-02-05,128,Open
T045,21-22,2022-02-05,128,Open
T046,21-22,2022-02-05,128,Closed
T047,21-22,2022-02-05,128,Open
T048,21-22,2022-02-05,128,Open
T049,21-22,2022-02-05,128,Groomed
T050,21-22,2022-02-05,128,Groomed
T051,21-22,2022-02-05,128,Open
T052,21-22,2022-02-05,128,Closed
T053,21-22,2022-02-05,128,Closed
T054,21-22,2022-02-05,128,Open
T055,21-22,2022-02-05,128,Open
T056,21-22,2022-02-05,128,Closed
T057,21-22,2022-02-05,128,Open
T058,21-22,2022-02-05,128,Open
T061,21-22,2022-02-05,128,Groomed
T063,21-22,2022-02-05,128,Groomed
T064,21-22,2022-02-05,128,Groomed
T065,21-22,2022-02-05,128,Groomed
T067,21-22,2022-02-05,128,Groomed
T068,21-22,2022-02-05,128,Open
T069,21-22,2022-02-05,128,Open
T070,21-22,2022-02-05,128,Open
T071,21-22,2022-02-05,128,Open
T072,21-22,2022-02-05,128,Open
T073,21-22,2022-02-05,128,Open
T074,21-22,2022-02-05,128,Open
T075,21-22,2022-02-05,128,Open
T076,21-22,2022-02-05,128,Open
T077,21-22,2022-02-05,128,Groomed
T078,21-22,2022-02-05,128,Groomed
T079,21-22,2022-02-05,128,Groomed
T080,21-22,2022-02-05,128,Open
T081,21-22,2022-02-05,128,Open
T082,21-22,2022-02-05,128,Open
T083,21-22,2022-02-05,128,Open
T084,21-22,2022-02-05,128,Open
T085,21-22,2022-02-05,128,Open
T086,21-22,2022-02-05,128,Open
T087,21-22,2022-02-05,128,Open
T088,21-22,2022-02-05,128,Open
T089,21-22,2022-02-05,128,Open
T090,21-22,2022-02-05,128,Open
T091,21-22,2022-02-05,128,Open
T092,21-22,2022-02-05,128,Open
T127,21-22,2022-02-05,128,Open
T134,21-22,2022-02-05,128,Open
T135,21-22,2022-02-05,128,Open
T136,21-22,2022-02-05,128,Open
T137,21-22,2022-02-05,128,Open
T148,21-22,2022-02-05,128,Open
T154,21-22,2022-02-05,128,Closed
T001,21-22,2022-02-06,129,Groomed
T002,21-22,2022-02-06,129,Groomed
T003,21-22,2022-02-06,129,Groomed
T004,21-22,2022-02-06,129,Open
T005,21-22,2022-02-06,129,Groomed
T006,21-22,2022-02-06,129,Groomed
T007,21-22,2022-02-06,129,Groomed
T008,21-22,2022-02-06,129,Groomed
T009,21-22,2022-02-06,129,Groomed
T010,21-22,2022-02-06,129,Open
T011,21-22,2022-02-06,129,Groomed
T012,21-22,2022-02-06,129,Groomed
T013,21-22,2022-02-06,129,Groomed
T014,21-22,2022-02-06,129,Groomed
T015,21-22,2022-02-06,129,Groomed
T016,21-22,2022-02-06,129,Open
T017,21-22,2022-02-06,129,Open
T018,21-22,2022-02-06,129,Groomed
T019,21-22,2022-02-06,129,Open
T020,21-22,2022-02-06,129,Open
T021,21-22,2022-02-06,129,Groomed
T022,21-22,2022-02-06,129,Groomed
T023,21-22,2022-02-06,129,Groomed
T024,21-22,2022-02-06,129,Open
T025,21-22,2022-02-06,129,Groomed
T026,21-22,2022-02-06,129,Open
T027,21-22,2022-02-06,129,Groomed
T028,21-22,2022-02-06,129,Groomed
T029,21-22,2022-02-06,129,Groomed
T030,21-22,2022-02-06,129,Groomed
T031,21-22,2022-02-06,129,Groomed
T032,21-22,2022-02-06,129,Groomed
T033,21-22,2022-02-06,129,Groomed
T034,21-22,2022-02-06,129,Groomed
T035,21-22,2022-02-06,129,Open
T036,21-22,2022-02-06,129,Groomed
T037,21-22,2022-02-06,129,Open
T038,21-22,2022-02-06,129,Open
T039,21-22,2022-02-06,129,Open
T040,21-22,2022-02-06,129,Groomed
T041,21-22,2022-02-06,129,Groomed
T042,21-22,2022-02-06,129,Groomed
T043,21-22,2022-02-06,129,Groomed
T044,21-22,2022-02-06,129,Open
T045,21-22,2022-02-06,129,Open
T046,21-22,2022-02-06,129,Open
T047,21-22,2022-02-06,129,Open
T048,21-22,2022-02-06,129,Open
T049,21-22,2022-02-06,129,Groomed
T050,21-22,2022-02-06,129,Groomed
T051,21-22,2022-02-06,129,Open
T052,21-22,2022-02-06,129,Groomed
T053,21-22,2022-02-06,129,Closed
T054,21-22,2022-02-06,129,Open
T055,21-22,2022-02-06,129,Open
T056,21-22,2022-02-06,129,Open
T057,21-22,2022-02-06,129,Open
T058,21-22,2022-02-06,129,Open
T061,21-22,2022-02-06,129,Groomed
T063,21-22,2022-02-06,129,Groomed
T064,21-22,2022-02-06,129,Groomed
T065,21-22,2022-02-06,129,Groomed
T067,21-22,2022-02-06,129,Groomed
T068,21-22,2022-02-06,129,Open
T069,21-22,2022-02-06,129,Open
T070,21-22,2022-02-06,129,Open
T071,21-22,2022-02-06,129,Open
T072,21-22,2022-02-06,129,Open
T073,21-22,2022-02-06,129,Open
T074,21-22,2022-02-06,129,Open
T075,21-22,2022-02-06,129,Open
T076,21-22,2022-02-06,129,Open
T077,21-22,2022-02-06,129,Groomed
T078,21-22,2022-02-06,129,Groomed
T079,21-22,2022-02-06,129,Groomed
T080,21-22,2022-02-06,129,Open
T081,21-22,2022-02-06,129,Open
T082,21-22,2022-02-06,129,Open
T083,21-22,2022-02-06,129,Open
T084,21-22,2022-02-06,129,Open
T085,21-22,2022-02-06,129,Open
T086,21-22,2022-02-06,129,Open
T087,21-22,2022-02-06,129,Open
T088,21-22,2022-02-06,129,Open
T089,21-22,2022-02-06,129,Open
T090,21-22,2022-02-06,129,Open
T091,21-22,2022-02-06,129,Open
T092,21-22,2022-02-06,129,Open
T127,21-22,2022-02-06,129,Open
T134,21-22,2022-02-06,129,Open
T135,21-22,2022-02-06,129,Open
T136,21-22,2022-02-06,129,Open
T137,21-22,2022-02-06,129,Open
T148,21-22,2022-02-06,129,Open
T154,21-22,2022-02-06,129,Closed
T001,21-22,2022-02-07,130,Groomed
T002,21-22,2022-02-07,130,Groomed
T003,21-22,2022-02-07,130,Groomed
T004,21-22,2022-02-07,130,Open
T005,21-22,2022-02-07,130,Groomed
T006,21-22,2022-02-07,130,Open
T007,21-22,2022-02-07,130,Groomed
T008,21-22,2022-02-07,130,Groomed
T009,21-22,2022-02-07,130,Groomed
T010,21-22,2022-02-07,130,Open
T011,21-22,2022-02-07,130,Groomed
T012,21-22,2022-02-07,130,Groomed
T013,21-22,2022-02-07,130,Groomed
T014,21-22,2022-02-07,130,Groomed
T015,21-22,2022-02-07,130,Groomed
T016,21-22,2022-02-07,130,Open
T017,21-22,2022-02-07,130,Open
T018,21-22,2022-02-07,130,Groomed
T019,21-22,2022-02-07,130,Open
T020,21-22,2022-02-07,130,Open
T021,21-22,2022-02-07,130,Groomed
T022,21-22,2022-02-07,130,Groomed
T023,21-22,2022-02-07,130,Groomed
T024,21-22,2022-02-07,130,Open
T025,21-22,2022-02-07,130,Groomed
T026,21-22,2022-02-07,130,Open
T027,21-22,2022-02-07,130,Open
T028,21-22,2022-02-07,130,Open
T029,21-22,2022-02-07,130,Groomed
T030,21-22,2022-02-07,130,Open
T031,21-22,2022-02-07,130,Groomed
T032,21-22,2022-02-07,130,Groomed
T033,21-22,2022-02-07,130,Groomed
T034,21-22,2022-02-07,130,Groomed
T035,21-22,2022-02-07,130,Open
T036,21-22,2022-02-07,130,Groomed
T037,21-22,2022-02-07,130,Open
T038,21-22,2022-02-07,130,Open
T039,21-22,2022-02-07,130,Open
T040,21-22,2022-02-07,130,Groomed
T041,21-22,2022-02-07,130,Groomed
T042,21-22,2022-02-07,130,Groomed
T043,21-22,2022-02-07,130,Groomed
T044,21-22,2022-02-07,130,Open
T045,21-22,2022-02-07,130,Open
T046,21-22,2022-02-07,130,Open
T047,21-22,2022-02-07,130,Open
T048,21-22,2022-02-07,130,Open
T049,21-22,2022-02-07,130,Groomed
T050,21-22,2022-02-07,130,Groomed
T051,21-22,2022-02-07,130,Open
T052,21-22,2022-02-07,130,Closed
T053,21-22,2022-02-07,130,Closed
T054,21-22,2022-02-07,130,Open
T055,21-22,2022-02-07,130,Open
T056,21-22,2022-02-07,130,Open
T057,21-22,2022-02-07,130,Open
T058,21-22,2022-02-07,130,Open
T061,21-22,2022-02-07,130,Groomed
T063,21-22,2022-02-07,130,Groomed
T064,21-22,2022-02-07,130,Groomed
T065,21-22,2022-02-07,130,Groomed
T067,21-22,2022-02-07,130,Groomed
T068,21-22,2022-02-07,130,Open
T069,21-22,2022-02-07,130,Open
T070,21-22,2022-02-07,130,Open
T071,21-22,2022-02-07,130,Open
T072,21-22,2022-02-07,130,Open
T073,21-22,2022-02-07,130,Open
T074,21-22,2022-02-07,130,Open
T075,21-22,2022-02-07,130,Open
T076,21-22,2022-02-07,130,Open
T077,21-22,2022-02-07,130,Groomed
T078,21-22,2022-02-07,130,Groomed
T079,21-22,2022-02-07,130,Groomed
T080,21-22,2022-02-07,130,Open
T081,21-22,2022-02-07,130,Open
T082,21-22,2022-02-07,130,Open
T083,21-22,2022-02-07,130,Open
T084,21-22,2022-02-07,130,Open
T085,21-22,2022-02-07,130,Open
T086,21-22,2022-02-07,130,Open
T087,21-22,2022-02-07,130,Open
T088,21-22,2022-02-07,130,Open
T089,21-22,2022-02-07,130,Open
T090,21-22,2022-02-07,130,Open
T091,21-22,2022-02-07,130,Open
T092,21-22,2022-02-07,130,Open
T127,21-22,2022-02-07,130,Open
T134,21-22,2022-02-07,130,Open
T135,21-22,2022-02-07,130,Open
T136,21-22,2022-02-07,130,Open
T137,21-22,2022-02-07,130,Open
T148,21-22,2022-02-07,130,Open
T154,21-22,2022-02-07,130,Open
T001,21-22,2022-02-08,131,Groomed
T002,21-22,2022-02-08,131,Groomed
T003,21-22,2022-02-08,131,Groomed
T004,21-22,2022-02-08,131,Open
T005,21-22,2022-02-08,131,Groomed
T006,21-22,2022-02-08,131,Open
T007,21-22,2022-02-08,131,Groomed
T008,21-22,2022-02-08,131,Groomed
T009,21-22,2022-02-08,131,Groomed
T010,21-22,2022-02-08,131,Open
T011,21-22,2022-02-08,131,Groomed
T012,21-22,2022-02-08,131,Groomed
T013,21-22,2022-02-08,131,Groomed
T014,21-22,2022-02-08,131,Groomed
T015,21-22,2022-02-08,131,Groomed
T016,21-22,2022-02-08,131,Open
T017,21-22,2022-02-08,131,Open
T018,21-22,2022-02-08,131,Groomed
T019,21-22,2022-02-08,131,Open
T020,21-22,2022-02-08,131,Open
T021,21-22,2022-02-08,131,Groomed
T022,21-22,2022-02-08,131,Groomed
T023,21-22,2022-02-08,131,Groomed
T024,21-22,2022-02-08,131,Open
T025,21-22,2022-02-08,131,Groomed
T026,21-22,2022-02-08,131,Open
T027,21-22,2022-02-08,131,Groomed
T028,21-22,2022-02-08,131,Groomed
T029,21-22,2022-02-08,131,Groomed
T030,21-22,2022-02-08,131,Groomed
T031,21-22,2022-02-08,131,Groomed
T032,21-22,2022-02-08,131,Groomed
T033,21-22,2022-02-08,131,Groomed
T034,21-22,2022-02-08,131,Groomed
T035,21-22,2022-02-08,131,Open
T036,21-22,2022-02-08,131,Groomed
T037,21-22,2022-02-08,131,Open
T038,21-22,2022-02-08,131,Open
T039,21-22,2022-02-08,131,Open
T040,21-22,2022-02-08,131,Open
T041,21-22,2022-02-08,131,Groomed
T042,21-22,2022-02-08,131,Groomed
T043,21-22,2022-02-08,131,Groomed
T044,21-22,2022-02-08,131,Open
T045,21-22,2022-02-08,131,Open
T046,21-22,2022-02-08,131,Open
T047,21-22,2022-02-08,131,Open
T048,21-22,2022-02-08,131,Open
T049,21-22,2022-02-08,131,Groomed
T050,21-22,2022-02-08,131,Groomed
T051,21-22,2022-02-08,131,Open
T052,21-22,2022-02-08,131,Closed
T053,21-22,2022-02-08,131,Closed
T054,21-22,2022-02-08,131,Open
T055,21-22,2022-02-08,131,Open
T056,21-22,2022-02-08,131,Open
T057,21-22,2022-02-08,131,Open
T058,21-22,2022-02-08,131,Open
T061,21-22,2022-02-08,131,Groomed
T063,21-22,2022-02-08,131,Groomed
T064,21-22,2022-02-08,131,Open
T065,21-22,2022-02-08,131,Groomed
T067,21-22,2022-02-08,131,Groomed
T068,21-22,2022-02-08,131,Open
T069,21-22,2022-02-08,131,Open
T070,21-22,2022-02-08,131,Open
T071,21-22,2022-02-08,131,Open
T072,21-22,2022-02-08,131,Open
T073,21-22,2022-02-08,131,Open
T074,21-22,2022-02-08,131,Open
T075,21-22,2022-02-08,131,Open
T076,21-22,2022-02-08,131,Open
T077,21-22,2022-02-08,131,Groomed
T078,21-22,2022-02-08,131,Groomed
T079,21-22,2022-02-08,131,Groomed
T080,21-22,2022-02-08,131,Open
T081,21-22,2022-02-08,131,Open
T082,21-22,2022-02-08,131,Open
T083,21-22,2022-02-08,131,Open
T084,21-22,2022-02-08,131,Open
T085,21-22,2022-02-08,131,Open
T086,21-22,2022-02-08,131,Open
T087,21-22,2022-02-08,131,Open
T088,21-22,2022-02-08,131,Open
T089,21-22,2022-02-08,131,Open
T090,21-22,2022-02-08,131,Open
T091,21-22,2022-02-08,131,Open
T092,21-22,2022-02-08,131,Open
T127,21-22,2022-02-08,131,Open
T134,21-22,2022-02-08,131,Open
T135,21-22,2022-02-08,131,Open
T136,21-22,2022-02-08,131,Open
T137,21-22,2022-02-08,131,Open
T148,21-22,2022-02-08,131,Open
T154,21-22,2022-02-08,131,Closed
T001,21-22,2022-02-09,132,Groomed
T002,21-22,2022-02-09,132,Groomed
T003,21-22,2022-02-09,132,Groomed
T004,21-22,2022-02-09,132,Open
T005,21-22,2022-02-09,132,Groomed
T006,21-22,2022-02-09,132,Open
T007,21-22,2022-02-09,132,Groomed
T008,21-22,2022-02-09,132,Groomed
T009,21-22,2022-02-09,132,Groomed
T010,21-22,2022-02-09,132,Open
T011,21-22,2022-02-09,132,Groomed
T012,21-22,2022-02-09,132,Groomed
T013,21-22,2022-02-09,132,Groomed
T014,21-22,2022-02-09,132,Groomed
T015,21-22,2022-02-09,132,Groomed
T016,21-22,2022-02-09,132,Open
T017,21-22,2022-02-09,132,Open
T018,21-22,2022-02-09,132,Groomed
T019,21-22,2022-02-09,132,Open
T020,21-22,2022-02-09,132,Open
T021,21-22,2022-02-09,132,Groomed
T022,21-22,2022-02-09,132,Groomed
T023,21-22,2022-02-09,132,Groomed
T024,21-22,2022-02-09,132,Open
T025,21-22,2022-02-09,132,Groomed
T026,21-22,2022-02-09,132,Open
T027,21-22,2022-02-09,132,Groomed
T028,21-22,2022-02-09,132,Groomed
T029,21-22,2022-02-09,132,Groomed
T030,21-22,2022-02-09,132,Groomed
T031,21-22,2022-02-09,132,Groomed
T032,21-22,2022-02-09,132,Groomed
T033,21-22,2022-02-09,132,Groomed
T034,21-22,2022-02-09,132,Groomed
T035,21-22,2022-02-09,132,Open
T036,21-22,2022-02-09,132,Groomed
T037,21-22,2022-02-09,132,Open
T038,21-22,2022-02-09,132,Open
T039,21-22,2022-02-09,132,Open
T040,21-22,2022-02-09,132,Groomed
T041,21-22,2022-02-09,132,Groomed
T042,21-22,2022-02-09,132,Groomed
T043,21-22,2022-02-09,132,Groomed
T044,21-22,2022-02-09,132,Open
T045,21-22,2022-02-09,132,Open
T046,21-22,2022-02-09,132,Open
T047,21-22,2022-02-09,132,Open
T048,21-22,2022-02-09,132,Open
T049,21-22,2022-02-09,132,Groomed
T050,21-22,2022-02-09,132,Groomed
T051,21-22,2022-02-09,132,Open
T052,21-22,2022-02-09,132,Groomed
T053,21-22,2022-02-09,132,Closed
T054,21-22,2022-02-09,132,Open
T055,21-22,2022-02-09,132,Open
T056,21-22,2022-02-09,132,Open
T057,21-22,2022-02-09,132,Open
T058,21-22,2022-02-09,132,Open
T061,21-22,2022-02-09,132,Groomed
T063,21-22,2022-02-09,132,Groomed
T064,21-22,2022-02-09,132,Groomed
T065,21-22,2022-02-09,132,Groomed
T067,21-22,2022-02-09,132,Groomed
T068,21-22,2022-02-09,132,Open
T069,21-22,2022-02-09,132,Open
T070,21-22,2022-02-09,132,Open
T071,21-22,2022-02-09,132,Open
T072,21-22,2022-02-09,132,Open
T073,21-22,2022-02-09,132,Open
T074,21-22,2022-02-09,132,Open
T075,21-22,2022-02-09,132,Open
T076,21-22,2022-02-09,132,Open
T077,21-22,2022-02-09,132,Groomed
T078,21-22,2022-02-09,132,Open
T079,21-22,2022-02-09,132,Groomed
T080,21-22,2022-02-09,132,Open
T081,21-22,2022-02-09,132,Open
T082,21-22,2022-02-09,132,Open
T083,21-22,2022-02-09,132,Open
T084,21-22,2022-02-09,132,Open
T085,21-22,2022-02-09,132,Open
T086,21-22,2022-02-09,132,Open
T087,21-22,2022-02-09,132,Open
T088,21-22,2022-02-09,132,Open
T089,21-22,2022-02-09,132,Open
T090,21-22,2022-02-09,132,Open
T091,21-22,2022-02-09,132,Open
T092,21-22,2022-02-09,132,Open
T127,21-22,2022-02-09,132,Open
T134,21-22,2022-02-09,132,Open
T135,21-22,2022-02-09,132,Open
T136,21-22,2022-02-09,132,Open
T137,21-22,2022-02-09,132,Open
T148,21-22,2022-02-09,132,Open
T154,21-22,2022-02-09,132,Closed
T001,21-22,2022-02-10,133,Groomed
T002,21-22,2022-02-10,133,Groomed
T003,21-22,2022-02-10,133,Groomed
T004,21-22,2022-02-10,133,Open
T005,21-22,2022-02-10,133,Groomed
T006,21-22,2022-02-10,133,Open
T007,21-22,2022-02-10,133,Groomed
T008,21-22,2022-02-10,133,Groomed
T009,21-22,2022-02-10,133,Groomed
T010,21-22,2022-02-10,133,Groomed
T011,21-22,2022-02-10,133,Groomed
T012,21-22,2022-02-10,133,Groomed
T013,21-22,2022-02-10,133,Groomed
T014,21-22,2022-02-10,133,Groomed
T015,21-22,2022-02-10,133,Groomed
T016,21-22,2022-02-10,133,Open
T017,21-22,2022-02-10,133,Open
T018,21-22,2022-02-10,133,Groomed
T019,21-22,2022-02-10,133,Open
T020,21-22,2022-02-10,133,Open
T021,21-22,2022-02-10,133,Groomed
T022,21-22,2022-02-10,133,Groomed
T023,21-22,2022-02-10,133,Groomed
T024,21-22,2022-02-10,133,Open
T025,21-22,2022-02-10,133,Groomed
T026,21-22,2022-02-10,133,Open
T027,21-22,2022-02-10,133,Groomed
T028,21-22,2022-02-10,133,Groomed
T029,21-22,2022-02-10,133,Groomed
T030,21-22,2022-02-10,133,Groomed
T031,21-22,2022-02-10,133,Groomed
T032,21-22,2022-02-10,133,Groomed
T033,21-22,2022-02-10,133,Groomed
T034,21-22,2022-02-10,133,Groomed
T035,21-22,2022-02-10,133,Open
T036,21-22,2022-02-10,133,Groomed
T037,21-22,2022-02-10,133,Open
T038,21-22,2022-02-10,133,Open
T039,21-22,2022-02-10,133,Open
T040,21-22,2022-02-10,133,Groomed
T041,21-22,2022-02-10,133,Groomed
T042,21-22,2022-02-10,133,Groomed
T043,21-22,2022-02-10,133,Groomed
T044,21-22,2022-02-10,133,Open
T045,21-22,2022-02-10,133,Open
T046,21-22,2022-02-10,133,Open
T047,21-22,2022-02-10,133,Open
T048,21-22,2022-02-10,133,Open
T049,21-22,2022-02-10,133,Groomed
T050,21-22,2022-02-10,133,Groomed
T051,21-22,2022-02-10,133,Open
T052,21-22,2022-02-10,133,Closed
T053,21-22,2022-02-10,133,Closed
T054,21-22,2022-02-10,133,Open
T055,21-22,2022-02-10,133,Open
T056,21-22,2022-02-10,133,Open
T057,21-22,2022-02-10,133,Open
T058,21-22,2022-02-10,133,Open
T061,21-22,2022-02-10,133,Groomed
T063,21-22,2022-02-10,133,Groomed
T064,21-22,2022-02-10,133,Groomed
T065,21-22,2022-02-10,133,Groomed
T067,21-22,2022-02-10,133,Groomed
T068,21-22,2022-02-10,133,Open
T069,21-22,2022-02-10,133,Open
T070,21-22,2022-02-10,133,Open
T071,21-22,2022-02-10,133,Open
T072,21-22,2022-02-10,133,Open
T073,21-22,2022-02-10,133,Open
T074,21-22,2022-02-10,133,Open
T075,21-22,2022-02-10,133,Open
T076,21-22,2022-02-10,133,Open
T077,21-22,2022-02-10,133,Groomed
T078,21-22,2022-02-10,133,Groomed
T079,21-22,2022-02-10,133,Open
T080,21-22,2022-02-10,133,Open
T081,21-22,2022-02-10,133,Open
T082,21-22,2022-02-10,133,Open
T083,21-22,2022-02-10,133,Open
T084,21-22,2022-02-10,133,Open
T085,21-22,2022-02-10,133,Open
T086,21-22,2022-02-10,133,Open
T087,21-22,2022-02-10,133,Open
T088,21-22,2022-02-10,133,Open
T089,21-22,2022-02-10,133,Open
T090,21-22,2022-02-10,133,Open
T091,21-22,2022-02-10,133,Open
T092,21-22,2022-02-10,133,Open
T127,21-22,2022-02-10,133,Open
T134,21-22,2022-02-10,133,Open
T135,21-22,2022-02-10,133,Open
T136,21-22,2022-02-10,133,Open
T137,21-22,2022-02-10,133,Open
T148,21-22,2022-02-10,133,Open
T154,21-22,2022-02-10,133,Open
T001,21-22,2022-02-11,134,Groomed
T002,21-22,2022-02-11,134,Groomed
T003,21-22,2022-02-11,134,Groomed
T004,21-22,2022-02-11,134,Open
T005,21-22,2022-02-11,134,Groomed
T006,21-22,2022-02-11,134,Groomed
T007,21-22,2022-02-11,134,Groomed
T008,21-22,2022-02-11,134,Groomed
T009,21-22,2022-02-11,134,Groomed
T010,21-22,2022-02-11,134,Groomed
T011,21-22,2022-02-11,134,Groomed
T012,21-22,2022-02-11,134,Groomed
T013,21-22,2022-02-11,134,Groomed
T014,21-22,2022-02-11,134,Groomed
T015,21-22,2022-02-11,134,Groomed
T016,21-22,2022-02-11,134,Open
T017,21-22,2022-02-11,134,Open
T018,21-22,2022-02-11,134,Groomed
T019,21-22,2022-02-11,134,Open
T020,21-22,2022-02-11,134,Open
T021,21-22,2022-02-11,134,Groomed
T022,21-22,2022-02-11,134,Groomed
T023,21-22,2022-02-11,134,Groomed
T024,21-22,2022-02-11,134,Open
T025,21-22,2022-02-11,134,Groomed
T026,21-22,2022-02-11,134,Open
T027,21-22,2022-02-11,134,Groomed
T028,21-22,2022-02-11,134,Open
T029,21-22,2022-02-11,134,Groomed
T030,21-22,2022-02-11,134,Open
T031,21-22,2022-02-11,134,Groomed
T032,21-22,2022-02-11,134,Groomed
T033,21-22,2022-02-11,134,Groomed
T034,21-22,2022-02-11,134,Groomed
T035,21-22,2022-02-11,134,Open
T036,21-22,2022-02-11,134,Groomed
T037,21-22,2022-02-11,134,Open
T038,21-22,2022-02-11,134,Open
T039,21-22,2022-02-11,134,Open
T040,21-22,2022-02-11,134,Groomed
T041,21-22,2022-02-11,134,Groomed
T042,21-22,2022-02-11,134,Open
T043,21-22,2022-02-11,134,Groomed
T044,21-22,2022-02-11,134,Open
T045,21-22,2022-02-11,134,Open
T046,21-22,2022-02-11,134,Open
T047,21-22,2022-02-11,134,Open
T048,21-22,2022-02-11,134,Open
T049,21-22,2022-02-11,134,Groomed
T050,21-22,2022-02-11,134,Groomed
T051,21-22,2022-02-11,134,Open
T052,21-22,2022-02-11,134,Closed
T053,21-22,2022-02-11,134,Closed
T054,21-22,2022-02-11,134,Open
T055,21-22,2022-02-11,134,Open
T056,21-22,2022-02-11,134,Open
T057,21-22,2022-02-11,134,Open
T058,21-22,2022-02-11,134,Open
T061,21-22,2022-02-11,134,Groomed
T063,21-22,2022-02-11,134,Groomed
T064,21-22,2022-02-11,134,Groomed
T065,21-22,2022-02-11,134,Groomed
T067,21-22,2022-02-11,134,Groomed
T068,21-22,2022-02-11,134,Open
T069,21-22,2022-02-11,134,Open
T070,21-22,2022-02-11,134,Open
T071,21-22,2022-02-11,134,Open
T072,21-22,2022-02-11,134,Open
T073,21-22,2022-02-11,134,Open
T074,21-22,2022-02-11,134,Open
T075,21-22,2022-02-11,134,Open
T076,21-22,2022-02-11,134,Open
T077,21-22,2022-02-11,134,Groomed
T078,21-22,2022-02-11,134,Open
T079,21-22,2022-02-11,134,Groomed
T080,21-22,2022-02-11,134,Open
T081,21-22,2022-02-11,134,Open
T082,21-22,2022-02-11,134,Open
T083,21-22,2022-02-11,134,Open
T084,21-22,2022-02-11,134,Open
T085,21-22,2022-02-11,134,Open
T086,21-22,2022-02-11,134,Open
T087,21-22,2022-02-11,134,Open
T088,21-22,2022-02-11,134,Open
T089,21-22,2022-02-11,134,Open
T090,21-22,2022-02-11,134,Open
T091,21-22,2022-02-11,134,Open
T092,21-22,2022-02-11,134,Open
T127,21-22,2022-02-11,134,Open
T134,21-22,2022-02-11,134,Open
T135,21-22,2022-02-11,134,Open
T136,21-22,2022-02-11,134,Open
T137,21-22,2022-02-11,134,Open
T148,21-22,2022-02-11,134,Open
T154,21-22,2022-02-11,134,Open
T001,21-22,2022-02-12,135,Groomed
T002,21-22,2022-02-12,135,Groomed
T003,21-22,2022-02-12,135,Groomed
T004,21-22,2022-02-12,135,Open
T005,21-22,2022-02-12,135,Groomed
T006,21-22,2022-02-12,135,Groomed
T007,21-22,2022-02-12,135,Groomed
T008,21-22,2022-02-12,135,Groomed
T009,21-22,2022-02-12,135,Groomed
T010,21-22,2022-02-12,135,Groomed
T011,21-22,2022-02-12,135,Groomed
T012,21-22,2022-02-12,135,Groomed
T013,21-22,2022-02-12,135,Groomed
T014,21-22,2022-02-12,135,Groomed
T015,21-22,2022-02-12,135,Groomed
T016,21-22,2022-02-12,135,Open
T017,21-22,2022-02-12,135,Open
T018,21-22,2022-02-12,135,Groomed
T019,21-22,2022-02-12,135,Open
T020,21-22,2022-02-12,135,Groomed
T021,21-22,2022-02-12,135,Groomed
T022,21-22,2022-02-12,135,Groomed
T023,21-22,2022-02-12,135,Groomed
T024,21-22,2022-02-12,135,Open
T025,21-22,2022-02-12,135,Groomed
T026,21-22,2022-02-12,135,Groomed
T027,21-22,2022-02-12,135,Groomed
T028,21-22,2022-02-12,135,Groomed
T029,21-22,2022-02-12,135,Groomed
T030,21-22,2022-02-12,135,Groomed
T031,21-22,2022-02-12,135,Groomed
T032,21-22,2022-02-12,135,Groomed
T033,21-22,2022-02-12,135,Groomed
T034,21-22,2022-02-12,135,Groomed
T035,21-22,2022-02-12,135,Open
T036,21-22,2022-02-12,135,Groomed
T037,21-22,2022-02-12,135,Open
T038,21-22,2022-02-12,135,Open
T039,21-22,2022-02-12,135,Open
T040,21-22,2022-02-12,135,Groomed
T041,21-22,2022-02-12,135,Groomed
T042,21-22,2022-02-12,135,Open
T043,21-22,2022-02-12,135,Groomed
T044,21-22,2022-02-12,135,Open
T045,21-22,2022-02-12,135,Open
T046,21-22,2022-02-12,135,Open
T047,21-22,2022-02-12,135,Open
T048,21-22,2022-02-12,135,Open
T049,21-22,2022-02-12,135,Groomed
T050,21-22,2022-02-12,135,Groomed
T051,21-22,2022-02-12,135,Open
T052,21-22,2022-02-12,135,Closed
T053,21-22,2022-02-12,135,Closed
T054,21-22,2022-02-12,135,Open
T055,21-22,2022-02-12,135,Open
T056,21-22,2022-02-12,135,Open
T057,21-22,2022-02-12,135,Open
T058,21-22,2022-02-12,135,Open
T061,21-22,2022-02-12,135,Groomed
T063,21-22,2022-02-12,135,Groomed
T064,21-22,2022-02-12,135,Groomed
T065,21-22,2022-02-12,135,Open
T067,21-22,2022-02-12,135,Groomed
T068,21-22,2022-02-12,135,Open
T069,21-22,2022-02-12,135,Open
T070,21-22,2022-02-12,135,Open
T071,21-22,2022-02-12,135,Open
T072,21-22,2022-02-12,135,Open
T073,21-22,2022-02-12,135,Open
T074,21-22,2022-02-12,135,Open
T075,21-22,2022-02-12,135,Open
T076,21-22,2022-02-12,135,Open
T077,21-22,2022-02-12,135,Groomed
T078,21-22,2022-02-12,135,Groomed
T079,21-22,2022-02-12,135,Groomed
T080,21-22,2022-02-12,135,Open
T081,21-22,2022-02-12,135,Open
T082,21-22,2022-02-12,135,Open
T083,21-22,2022-02-12,135,Groomed
T084,21-22,2022-02-12,135,Open
T085,21-22,2022-02-12,135,Open
T086,21-22,2022-02-12,135,Open
T087,21-22,2022-02-12,135,Open
T088,21-22,2022-02-12,135,Open
T089,21-22,2022-02-12,135,Open
T090,21-22,2022-02-12,135,Open
T091,21-22,2022-02-12,135,Open
T092,21-22,2022-02-12,135,Open
T127,21-22,2022-02-12,135,Open
T134,21-22,2022-02-12,135,Open
T135,21-22,2022-02-12,135,Open
T136,21-22,2022-02-12,135,Open
T137,21-22,2022-02-12,135,Open
T148,21-22,2022-02-12,135,Open
T154,21-22,2022-02-12,135,Open
T001,21-22,2022-02-13,136,Groomed
T002,21-22,2022-02-13,136,Groomed
T003,21-22,2022-02-13,136,Groomed
T004,21-22,2022-02-13,136,Open
T005,21-22,2022-02-13,136,Groomed
T006,21-22,2022-02-13,136,Groomed
T007,21-22,2022-02-13,136,Groomed
T008,21-22,2022-02-13,136,Groomed
T009,21-22,2022-02-13,136,Groomed
T010,21-22,2022-02-13,136,Groomed
T011,21-22,2022-02-13,136,Groomed
T012,21-22,2022-02-13,136,Groomed
T013,21-22,2022-02-13,136,Groomed
T014,21-22,2022-02-13,136,Groomed
T015,21-22,2022-02-13,136,Groomed
T016,21-22,2022-02-13,136,Open
T017,21-22,2022-02-13,136,Open
T018,21-22,2022-02-13,136,Groomed
T019,21-22,2022-02-13,136,Open
T020,21-22,2022-02-13,136,Groomed
T021,21-22,2022-02-13,136,Groomed
T022,21-22,2022-02-13,136,Groomed
T023,21-22,2022-02-13,136,Groomed
T024,21-22,2022-02-13,136,Open
T025,21-22,2022-02-13,136,Groomed
T026,21-22,2022-02-13,136,Groomed
T027,21-22,2022-02-13,136,Groomed
T028,21-22,2022-02-13,136,Groomed
T029,21-22,2022-02-13,136,Groomed
T030,21-22,2022-02-13,136,Groomed
T031,21-22,2022-02-13,136,Groomed
T032,21-22,2022-02-13,136,Groomed
T033,21-22,2022-02-13,136,Groomed
T034,21-22,2022-02-13,136,Groomed
T035,21-22,2022-02-13,136,Open
T036,21-22,2022-02-13,136,Groomed
T037,21-22,2022-02-13,136,Open
T038,21-22,2022-02-13,136,Open
T039,21-22,2022-02-13,136,Open
T040,21-22,2022-02-13,136,Groomed
T041,21-22,2022-02-13,136,Groomed
T042,21-22,2022-02-13,136,Open
T043,21-22,2022-02-13,136,Groomed
T044,21-22,2022-02-13,136,Open
T045,21-22,2022-02-13,136,Open
T046,21-22,2022-02-13,136,Open
T047,21-22,2022-02-13,136,Open
T048,21-22,2022-02-13,136,Open
T049,21-22,2022-02-13,136,Groomed
T050,21-22,2022-02-13,136,Groomed
T051,21-22,2022-02-13,136,Open
T052,21-22,2022-02-13,136,Closed
T053,21-22,2022-02-13,136,Closed
T054,21-22,2022-02-13,136,Open
T055,21-22,2022-02-13,136,Open
T056,21-22,2022-02-13,136,Open
T057,21-22,2022-02-13,136,Open
T058,21-22,2022-02-13,136,Open
T061,21-22,2022-02-13,136,Groomed
T063,21-22,2022-02-13,136,Groomed
T064,21-22,2022-02-13,136,Groomed
T065,21-22,2022-02-13,136,Open
T067,21-22,2022-02-13,136,Groomed
T068,21-22,2022-02-13,136,Open
T069,21-22,2022-02-13,136,Open
T070,21-22,2022-02-13,136,Open
T071,21-22,2022-02-13,136,Open
T072,21-22,2022-02-13,136,Open
T073,21-22,2022-02-13,136,Open
T074,21-22,2022-02-13,136,Open
T075,21-22,2022-02-13,136,Open
T076,21-22,2022-02-13,136,Open
T077,21-22,2022-02-13,136,Groomed
T078,21-22,2022-02-13,136,Groomed
T079,21-22,2022-02-13,136,Groomed
T080,21-22,2022-02-13,136,Open
T081,21-22,2022-02-13,136,Open
T082,21-22,2022-02-13,136,Open
T083,21-22,2022-02-13,136,Groomed
T084,21-22,2022-02-13,136,Open
T085,21-22,2022-02-13,136,Open
T086,21-22,2022-02-13,136,Open
T087,21-22,2022-02-13,136,Open
T088,21-22,2022-02-13,136,Open
T089,21-22,2022-02-13,136,Open
T090,21-22,2022-02-13,136,Open
T091,21-22,2022-02-13,136,Open
T092,21-22,2022-02-13,136,Open
T127,21-22,2022-02-13,136,Open
T134,21-22,2022-02-13,136,Open
T135,21-22,2022-02-13,136,Open
T136,21-22,2022-02-13,136,Open
T137,21-22,2022-02-13,136,Open
T148,21-22,2022-02-13,136,Open
T154,21-22,2022-02-13,136,Open
T001,21-22,2022-02-14,137,Groomed
T002,21-22,2022-02-14,137,Groomed
T003,21-22,2022-02-14,137,Groomed
T004,21-22,2022-02-14,137,Open
T005,21-22,2022-02-14,137,Groomed
T006,21-22,2022-02-14,137,Groomed
T007,21-22,2022-02-14,137,Groomed
T008,21-22,2022-02-14,137,Groomed
T009,21-22,2022-02-14,137,Groomed
T010,21-22,2022-02-14,137,Open
T011,21-22,2022-02-14,137,Groomed
T012,21-22,2022-02-14,137,Groomed
T013,21-22,2022-02-14,137,Groomed
T014,21-22,2022-02-14,137,Groomed
T015,21-22,2022-02-14,137,Groomed
T016,21-22,2022-02-14,137,Open
T017,21-22,2022-02-14,137,Open
T018,21-22,2022-02-14,137,Groomed
T019,21-22,2022-02-14,137,Open
T020,21-22,2022-02-14,137,Groomed
T021,21-22,2022-02-14,137,Groomed
T022,21-22,2022-02-14,137,Groomed
T023,21-22,2022-02-14,137,Groomed
T024,21-22,2022-02-14,137,Open
T025,21-22,2022-02-14,137,Groomed
T026,21-22,2022-02-14,137,Groomed
T027,21-22,2022-02-14,137,Groomed
T028,21-22,2022-02-14,137,Groomed
T029,21-22,2022-02-14,137,Groomed
T030,21-22,2022-02-14,137,Groomed
T031,21-22,2022-02-14,137,Groomed
T032,21-22,2022-02-14,137,Groomed
T033,21-22,2022-02-14,137,Groomed
T034,21-22,2022-02-14,137,Groomed
T035,21-22,2022-02-14,137,Open
T036,21-22,2022-02-14,137,Groomed
T037,21-22,2022-02-14,137,Open
T038,21-22,2022-02-14,137,Open
T039,21-22,2022-02-14,137,Open
T040,21-22,2022-02-14,137,Open
T041,21-22,2022-02-14,137,Groomed
T042,21-22,2022-02-14,137,Open
T043,21-22,2022-02-14,137,Groomed
T044,21-22,2022-02-14,137,Open
T045,21-22,2022-02-14,137,Open
T046,21-22,2022-02-14,137,Open
T047,21-22,2022-02-14,137,Open
T048,21-22,2022-02-14,137,Open
T049,21-22,2022-02-14,137,Groomed
T050,21-22,2022-02-14,137,Groomed
T051,21-22,2022-02-14,137,Open
T052,21-22,2022-02-14,137,Closed
T053,21-22,2022-02-14,137,Open
T054,21-22,2022-02-14,137,Open
T055,21-22,2022-02-14,137,Open
T056,21-22,2022-02-14,137,Open
T057,21-22,2022-02-14,137,Open
T058,21-22,2022-02-14,137,Open
T061,21-22,2022-02-14,137,Groomed
T063,21-22,2022-02-14,137,Groomed
T064,21-22,2022-02-14,137,Groomed
T065,21-22,2022-02-14,137,Open
T067,21-22,2022-02-14,137,Groomed
T068,21-22,2022-02-14,137,Open
T069,21-22,2022-02-14,137,Open
T070,21-22,2022-02-14,137,Open
T071,21-22,2022-02-14,137,Open
T072,21-22,2022-02-14,137,Open
T073,21-22,2022-02-14,137,Open
T074,21-22,2022-02-14,137,Open
T075,21-22,2022-02-14,137,Open
T076,21-22,2022-02-14,137,Open
T077,21-22,2022-02-14,137,Groomed
T078,21-22,2022-02-14,137,Groomed
T079,21-22,2022-02-14,137,Groomed
T080,21-22,2022-02-14,137,Open
T081,21-22,2022-02-14,137,Open
T082,21-22,2022-02-14,137,Open
T083,21-22,2022-02-14,137,Groomed
T084,21-22,2022-02-14,137,Open
T085,21-22,2022-02-14,137,Open
T086,21-22,2022-02-14,137,Open
T087,21-22,2022-02-14,137,Open
T088,21-22,2022-02-14,137,Open
T089,21-22,2022-02-14,137,Open
T090,21-22,2022-02-14,137,Open
T091,21-22,2022-02-14,137,Open
T092,21-22,2022-02-14,137,Open
T127,21-22,2022-02-14,137,Open
T134,21-22,2022-02-14,137,Open
T135,21-22,2022-02-14,137,Open
T136,21-22,2022-02-14,137,Open
T137,21-22,2022-02-14,137,Open
T148,21-22,2022-02-14,137,Open
T154,21-22,2022-02-14,137,Open
T001,21-22,2022-02-15,138,Groomed
T002,21-22,2022-02-15,138,Groomed
T003,21-22,2022-02-15,138,Groomed
T004,21-22,2022-02-15,138,Open
T005,21-22,2022-02-15,138,Groomed
T006,21-22,2022-02-15,138,Open
T007,21-22,2022-02-15,138,Groomed
T008,21-22,2022-02-15,138,Groomed
T009,21-22,2022-02-15,138,Groomed
T010,21-22,2022-02-15,138,Groomed
T011,21-22,2022-02-15,138,Groomed
T012,21-22,2022-02-15,138,Groomed
T013,21-22,2022-02-15,138,Groomed
T014,21-22,2022-02-15,138,Groomed
T015,21-22,2022-02-15,138,Groomed
T016,21-22,2022-02-15,138,Open
T017,21-22,2022-02-15,138,Open
T018,21-22,2022-02-15,138,Groomed
T019,21-22,2022-02-15,138,Open
T020,21-22,2022-02-15,138,Groomed
T021,21-22,2022-02-15,138,Groomed
T022,21-22,2022-02-15,138,Groomed
T023,21-22,2022-02-15,138,Groomed
T024,21-22,2022-02-15,138,Open
T025,21-22,2022-02-15,138,Groomed
T026,21-22,2022-02-15,138,Open
T027,21-22,2022-02-15,138,Open
T028,21-22,2022-02-15,138,Open
T029,21-22,2022-02-15,138,Groomed
T030,21-22,2022-02-15,138,Open
T031,21-22,2022-02-15,138,Groomed
T032,21-22,2022-02-15,138,Groomed
T033,21-22,2022-02-15,138,Groomed
T034,21-22,2022-02-15,138,Groomed
T035,21-22,2022-02-15,138,Open
T036,21-22,2022-02-15,138,Groomed
T037,21-22,2022-02-15,138,Open
T038,21-22,2022-02-15,138,Open
T039,21-22,2022-02-15,138,Open
T040,21-22,2022-02-15,138,Open
T041,21-22,2022-02-15,138,Groomed
T042,21-22,2022-02-15,138,Open
T043,21-22,2022-02-15,138,Groomed
T044,21-22,2022-02-15,138,Open
T045,21-22,2022-02-15,138,Open
T046,21-22,2022-02-15,138,Open
T047,21-22,2022-02-15,138,Open
T048,21-22,2022-02-15,138,Open
T049,21-22,2022-02-15,138,Groomed
T050,21-22,2022-02-15,138,Groomed
T051,21-22,2022-02-15,138,Open
T052,21-22,2022-02-15,138,Groomed
T053,21-22,2022-02-15,138,Open
T054,21-22,2022-02-15,138,Open
T055,21-22,2022-02-15,138,Open
T056,21-22,2022-02-15,138,Open
T057,21-22,2022-02-15,138,Open
T058,21-22,2022-02-15,138,Open
T061,21-22,2022-02-15,138,Groomed
T063,21-22,2022-02-15,138,Groomed
T064,21-22,2022-02-15,138,Groomed
T065,21-22,2022-02-15,138,Open
T067,21-22,2022-02-15,138,Groomed
T068,21-22,2022-02-15,138,Open
T069,21-22,2022-02-15,138,Open
T070,21-22,2022-02-15,138,Open
T071,21-22,2022-02-15,138,Open
T072,21-22,2022-02-15,138,Open
T073,21-22,2022-02-15,138,Open
T074,21-22,2022-02-15,138,Open
T075,21-22,2022-02-15,138,Open
T076,21-22,2022-02-15,138,Open
T077,21-22,2022-02-15,138,Groomed
T078,21-22,2022-02-15,138,Groomed
T079,21-22,2022-02-15,138,Groomed
T080,21-22,2022-02-15,138,Open
T081,21-22,2022-02-15,138,Open
T082,21-22,2022-02-15,138,Open
T083,21-22,2022-02-15,138,Groomed
T084,21-22,2022-02-15,138,Open
T085,21-22,2022-02-15,138,Open
T086,21-22,2022-02-15,138,Open
T087,21-22,2022-02-15,138,Open
T088,21-22,2022-02-15,138,Open
T089,21-22,2022-02-15,138,Open
T090,21-22,2022-02-15,138,Open
T091,21-22,2022-02-15,138,Open
T092,21-22,2022-02-15,138,Open
T127,21-22,2022-02-15,138,Open
T134,21-22,2022-02-15,138,Open
T135,21-22,2022-02-15,138,Open
T136,21-22,2022-02-15,138,Open
T137,21-22,2022-02-15,138,Open
T148,21-22,2022-02-15,138,Open
T154,21-22,2022-02-15,138,Closed
T001,21-22,2022-02-16,139,Groomed
T002,21-22,2022-02-16,139,Groomed
T003,21-22,2022-02-16,139,Groomed
T004,21-22,2022-02-16,139,Open
T005,21-22,2022-02-16,139,Groomed
T006,21-22,2022-02-16,139,Open
T007,21-22,2022-02-16,139,Groomed
T008,21-22,2022-02-16,139,Groomed
T009,21-22,2022-02-16,139,Groomed
T010,21-22,2022-02-16,139,Groomed
T011,21-22,2022-02-16,139,Groomed
T012,21-22,2022-02-16,139,Groomed
T013,21-22,2022-02-16,139,Groomed
T014,21-22,2022-02-16,139,Groomed
T015,21-22,2022-02-16,139,Groomed
T016,21-22,2022-02-16,139,Open
T017,21-22,2022-02-16,139,Open
T018,21-22,2022-02-16,139,Groomed
T019,21-22,2022-02-16,139,Open
T020,21-22,2022-02-16,139,Groomed
T021,21-22,2022-02-16,139,Groomed
T022,21-22,2022-02-16,139,Groomed
T023,21-22,2022-02-16,139,Groomed
T024,21-22,2022-02-16,139,Open
T025,21-22,2022-02-16,139,Groomed
T026,21-22,2022-02-16,139,Open
T027,21-22,2022-02-16,139,Groomed
T028,21-22,2022-02-16,139,Groomed
T029,21-22,2022-02-16,139,Groomed
T030,21-22,2022-02-16,139,Groomed
T031,21-22,2022-02-16,139,Groomed
T032,21-22,2022-02-16,139,Groomed
T033,21-22,2022-02-16,139,Groomed
T034,21-22,2022-02-16,139,Groomed
T035,21-22,2022-02-16,139,Open
T036,21-22,2022-02-16,139,Groomed
T037,21-22,2022-02-16,139,Open
T038,21-22,2022-02-16,139,Open
T039,21-22,2022-02-16,139,Open
T040,21-22,2022-02-16,139,Groomed
T041,21-22,2022-02-16,139,Groomed
T042,21-22,2022-02-16,139,Groomed
T043,21-22,2022-02-16,139,Groomed
T044,21-22,2022-02-16,139,Open
T045,21-22,2022-02-16,139,Open
T046,21-22,2022-02-16,139,Open
T047,21-22,2022-02-16,139,Open
T048,21-22,2022-02-16,139,Open
T049,21-22,2022-02-16,139,Groomed
T050,21-22,2022-02-16,139,Groomed
T051,21-22,2022-02-16,139,Open
T052,21-22,2022-02-16,139,Groomed
T053,21-22,2022-02-16,139,Open
T054,21-22,2022-02-16,139,Open
T055,21-22,2022-02-16,139,Open
T056,21-22,2022-02-16,139,Open
T057,21-22,2022-02-16,139,Open
T058,21-22,2022-02-16,139,Open
T061,21-22,2022-02-16,139,Groomed
T063,21-22,2022-02-16,139,Groomed
T064,21-22,2022-02-16,139,Groomed
T065,21-22,2022-02-16,139,Open
T067,21-22,2022-02-16,139,Groomed
T068,21-22,2022-02-16,139,Open
T069,21-22,2022-02-16,139,Open
T070,21-22,2022-02-16,139,Open
T071,21-22,2022-02-16,139,Open
T072,21-22,2022-02-16,139,Open
T073,21-22,2022-02-16,139,Open
T074,21-22,2022-02-16,139,Open
T075,21-22,2022-02-16,139,Open
T076,21-22,2022-02-16,139,Open
T077,21-22,2022-02-16,139,Groomed
T078,21-22,2022-02-16,139,Groomed
T079,21-22,2022-02-16,139,Groomed
T080,21-22,2022-02-16,139,Open
T081,21-22,2022-02-16,139,Open
T082,21-22,2022-02-16,139,Open
T083,21-22,2022-02-16,139,Open
T084,21-22,2022-02-16,139,Open
T085,21-22,2022-02-16,139,Open
T086,21-22,2022-02-16,139,Open
T087,21-22,2022-02-16,139,Open
T088,21-22,2022-02-16,139,Open
T089,21-22,2022-02-16,139,Open
T090,21-22,2022-02-16,139,Open
T091,21-22,2022-02-16,139,Open
T092,21-22,2022-02-16,139,Open
T127,21-22,2022-02-16,139,Open
T134,21-22,2022-02-16,139,Open
T135,21-22,2022-02-16,139,Open
T136,21-22,2022-02-16,139,Open
T137,21-22,2022-02-16,139,Open
T148,21-22,2022-02-16,139,Open
T154,21-22,2022-02-16,139,Closed
T001,21-22,2022-02-17,140,Groomed
T002,21-22,2022-02-17,140,Groomed
T003,21-22,2022-02-17,140,Groomed
T004,21-22,2022-02-17,140,Open
T005,21-22,2022-02-17,140,Groomed
T006,21-22,2022-02-17,140,Open
T007,21-22,2022-02-17,140,Groomed
T008,21-22,2022-02-17,140,Groomed
T009,21-22,2022-02-17,140,Groomed
T010,21-22,2022-02-17,140,Groomed
T011,21-22,2022-02-17,140,Groomed
T012,21-22,2022-02-17,140,Groomed
T013,21-22,2022-02-17,140,Groomed
T014,21-22,2022-02-17,140,Groomed
T015,21-22,2022-02-17,140,Groomed
T016,21-22,2022-02-17,140,Open
T017,21-22,2022-02-17,140,Open
T018,21-22,2022-02-17,140,Groomed
T019,21-22,2022-02-17,140,Open
T020,21-22,2022-02-17,140,Open
T021,21-22,2022-02-17,140,Groomed
T022,21-22,2022-02-17,140,Groomed
T023,21-22,2022-02-17,140,Groomed
T024,21-22,2022-02-17,140,Open
T025,21-22,2022-02-17,140,Groomed
T026,21-22,2022-02-17,140,Open
T027,21-22,2022-02-17,140,Open
T028,21-22,2022-02-17,140,Groomed
T029,21-22,2022-02-17,140,Groomed
T030,21-22,2022-02-17,140,Groomed
T031,21-22,2022-02-17,140,Groomed
T032,21-22,2022-02-17,140,Groomed
T033,21-22,2022-02-17,140,Groomed
T034,21-22,2022-02-17,140,Groomed
T035,21-22,2022-02-17,140,Open
T036,21-22,2022-02-17,140,Groomed
T037,21-22,2022-02-17,140,Open
T038,21-22,2022-02-17,140,Open
T039,21-22,2022-02-17,140,Open
T040,21-22,2022-02-17,140,Open
T041,21-22,2022-02-17,140,Groomed
T042,21-22,2022-02-17,140,Groomed
T043,21-22,2022-02-17,140,Groomed
T044,21-22,2022-02-17,140,Open
T045,21-22,2022-02-17,140,Open
T046,21-22,2022-02-17,140,Open
T047,21-22,2022-02-17,140,Open
T048,21-22,2022-02-17,140,Open
T049,21-22,2022-02-17,140,Groomed
T050,21-22,2022-02-17,140,Groomed
T051,21-22,2022-02-17,140,Open
T052,21-22,2022-02-17,140,Closed
T053,21-22,2022-02-17,140,Open
T054,21-22,2022-02-17,140,Open
T055,21-22,2022-02-17,140,Open
T056,21-22,2022-02-17,140,Open
T057,21-22,2022-02-17,140,Open
T058,21-22,2022-02-17,140,Open
T061,21-22,2022-02-17,140,Groomed
T063,21-22,2022-02-17,140,Groomed
T064,21-22,2022-02-17,140,Groomed
T065,21-22,2022-02-17,140,Open
T067,21-22,2022-02-17,140,Groomed
T068,21-22,2022-02-17,140,Open
T069,21-22,2022-02-17,140,Open
T070,21-22,2022-02-17,140,Open
T071,21-22,2022-02-17,140,Open
T072,21-22,2022-02-17,140,Open
T073,21-22,2022-02-17,140,Open
T074,21-22,2022-02-17,140,Open
T075,21-22,2022-02-17,140,Open
T076,21-22,2022-02-17,140,Open
T077,21-22,2022-02-17,140,Groomed
T078,21-22,2022-02-17,140,Open
T079,21-22,2022-02-17,140,Open
T080,21-22,2022-02-17,140,Open
T081,21-22,2022-02-17,140,Open
T082,21-22,2022-02-17,140,Open
T083,21-22,2022-02-17,140,Open
T084,21-22,2022-02-17,140,Open
T085,21-22,2022-02-17,140,Open
T086,21-22,2022-02-17,140,Open
T087,21-22,2022-02-17,140,Open
T088,21-22,2022-02-17,140,Open
T089,21-22,2022-02-17,140,Open
T090,21-22,2022-02-17,140,Open
T091,21-22,2022-02-17,140,Open
T092,21-22,2022-02-17,140,Open
T127,21-22,2022-02-17,140,Open
T134,21-22,2022-02-17,140,Open
T135,21-22,2022-02-17,140,Open
T136,21-22,2022-02-17,140,Open
T137,21-22,2022-02-17,140,Open
T148,21-22,2022-02-17,140,Open
T154,21-22,2022-02-17,140,Open
T001,21-22,2022-02-18,141,Groomed
T002,21-22,2022-02-18,141,Groomed
T003,21-22,2022-02-18,141,Groomed
T004,21-22,2022-02-18,141,Open
T005,21-22,2022-02-18,141,Groomed
T006,21-22,2022-02-18,141,Groomed
T007,21-22,2022-02-18,141,Groomed
T008,21-22,2022-02-18,141,Groomed
T009,21-22,2022-02-18,141,Groomed
T010,21-22,2022-02-18,141,Groomed
T011,21-22,2022-02-18,141,Groomed
T012,21-22,2022-02-18,141,Groomed
T013,21-22,2022-02-18,141,Groomed
T014,21-22,2022-02-18,141,Groomed
T015,21-22,2022-02-18,141,Groomed
T016,21-22,2022-02-18,141,Open
T017,21-22,2022-02-18,141,Open
T018,21-22,2022-02-18,141,Groomed
T019,21-22,2022-02-18,141,Open
T020,21-22,2022-02-18,141,Groomed
T021,21-22,2022-02-18,141,Groomed
T022,21-22,2022-02-18,141,Groomed
T023,21-22,2022-02-18,141,Groomed
T024,21-22,2022-02-18,141,Open
T025,21-22,2022-02-18,141,Groomed
T026,21-22,2022-02-18,141,Open
T027,21-22,2022-02-18,141,Groomed
T028,21-22,2022-02-18,141,Groomed
T029,21-22,2022-02-18,141,Groomed
T030,21-22,2022-02-18,141,Groomed
T031,21-22,2022-02-18,141,Groomed
T032,21-22,2022-02-18,141,Groomed
T033,21-22,2022-02-18,141,Groomed
T034,21-22,2022-02-18,141,Groomed
T035,21-22,2022-02-18,141,Open
T036,21-22,2022-02-18,141,Groomed
T037,21-22,2022-02-18,141,Open
T038,21-22,2022-02-18,141,Open
T039,21-22,2022-02-18,141,Open
T040,21-22,2022-02-18,141,Groomed
T041,21-22,2022-02-18,141,Groomed
T042,21-22,2022-02-18,141,Open
T043,21-22,2022-02-18,141,Groomed
T044,21-22,2022-02-18,141,Open
T045,21-22,2022-02-18,141,Open
T046,21-22,2022-02-18,141,Open
T047,21-22,2022-02-18,141,Open
T048,21-22,2022-02-18,141,Open
T049,21-22,2022-02-18,141,Groomed
T050,21-22,2022-02-18,141,Groomed
T051,21-22,2022-02-18,141,Open
T052,21-22,2022-02-18,141,Closed
T053,21-22,2022-02-18,141,Open
T054,21-22,2022-02-18,141,Open
T055,21-22,2022-02-18,141,Open
T056,21-22,2022-02-18,141,Open
T057,21-22,2022-02-18,141,Open
T058,21-22,2022-02-18,141,Open
T061,21-22,2022-02-18,141,Groomed
T063,21-22,2022-02-18,141,Groomed
T064,21-22,2022-02-18,141,Open
T065,21-22,2022-02-18,141,Open
T067,21-22,2022-02-18,141,Groomed
T068,21-22,2022-02-18,141,Open
T069,21-22,2022-02-18,141,Open
T070,21-22,2022-02-18,141,Open
T071,21-22,2022-02-18,141,Open
T072,21-22,2022-02-18,141,Open
T073,21-22,2022-02-18,141,Open
T074,21-22,2022-02-18,141,Open
T075,21-22,2022-02-18,141,Open
T076,21-22,2022-02-18,141,Open
T077,21-22,2022-02-18,141,Groomed
T078,21-22,2022-02-18,141,Open
T079,21-22,2022-02-18,141,Groomed
T080,21-22,2022-02-18,141,Open
T081,21-22,2022-02-18,141,Open
T082,21-22,2022-02-18,141,Open
T083,21-22,2022-02-18,141,Open
T084,21-22,2022-02-18,141,Open
T085,21-22,2022-02-18,141,Open
T086,21-22,2022-02-18,141,Open
T087,21-22,2022-02-18,141,Open
T088,21-22,2022-02-18,141,Open
T089,21-22,2022-02-18,141,Open
T090,21-22,2022-02-18,141,Open
T091,21-22,2022-02-18,141,Open
T092,21-22,2022-02-18,141,Open
T127,21-22,2022-02-18,141,Open
T134,21-22,2022-02-18,141,Open
T135,21-22,2022-02-18,141,Open
T136,21-22,2022-02-18,141,Open
T137,21-22,2022-02-18,141,Open
T148,21-22,2022-02-18,141,Open
T154,21-22,2022-02-18,141,No Data
T001,21-22,2022-02-19,142,Groomed
T002,21-22,2022-02-19,142,Groomed
T003,21-22,2022-02-19,142,Groomed
T004,21-22,2022-02-19,142,Open
T005,21-22,2022-02-19,142,Groomed
T006,21-22,2022-02-19,142,Groomed
T007,21-22,2022-02-19,142,Groomed
T008,21-22,2022-02-19,142,Groomed
T009,21-22,2022-02-19,142,Groomed
T010,21-22,2022-02-19,142,Groomed
T011,21-22,2022-02-19,142,Groomed
T012,21-22,2022-02-19,142,Groomed
T013,21-22,2022-02-19,142,Groomed
T014,21-22,2022-02-19,142,Groomed
T015,21-22,2022-02-19,142,Groomed
T016,21-22,2022-02-19,142,Open
T017,21-22,2022-02-19,142,Open
T018,21-22,2022-02-19,142,Groomed
T019,21-22,2022-02-19,142,Open
T020,21-22,2022-02-19,142,Groomed
T021,21-22,2022-02-19,142,Groomed
T022,21-22,2022-02-19,142,Groomed
T023,21-22,2022-02-19,142,Groomed
T024,21-22,2022-02-19,142,Open
T025,21-22,2022-02-19,142,Groomed
T026,21-22,2022-02-19,142,Groomed
T027,21-22,2022-02-19,142,Groomed
T028,21-22,2022-02-19,142,Groomed
T029,21-22,2022-02-19,142,Groomed
T030,21-22,2022-02-19,142,Groomed
T031,21-22,2022-02-19,142,Groomed
T032,21-22,2022-02-19,142,Groomed
T033,21-22,2022-02-19,142,Groomed
T034,21-22,2022-02-19,142,Groomed
T035,21-22,2022-02-19,142,Groomed
T036,21-22,2022-02-19,142,Groomed
T037,21-22,2022-02-19,142,Open
T038,21-22,2022-02-19,142,Groomed
T039,21-22,2022-02-19,142,Open
T040,21-22,2022-02-19,142,Groomed
T041,21-22,2022-02-19,142,Groomed
T042,21-22,2022-02-19,142,Open
T043,21-22,2022-02-19,142,Groomed
T044,21-22,2022-02-19,142,Open
T045,21-22,2022-02-19,142,Open
T046,21-22,2022-02-19,142,Open
T047,21-22,2022-02-19,142,Open
T048,21-22,2022-02-19,142,Open
T049,21-22,2022-02-19,142,Groomed
T050,21-22,2022-02-19,142,Groomed
T051,21-22,2022-02-19,142,Open
T052,21-22,2022-02-19,142,Closed
T053,21-22,2022-02-19,142,Open
T054,21-22,2022-02-19,142,Open
T055,21-22,2022-02-19,142,Open
T056,21-22,2022-02-19,142,Open
T057,21-22,2022-02-19,142,Open
T058,21-22,2022-02-19,142,Open
T061,21-22,2022-02-19,142,Groomed
T063,21-22,2022-02-19,142,Groomed
T064,21-22,2022-02-19,142,Groomed
T065,21-22,2022-02-19,142,Open
T067,21-22,2022-02-19,142,Groomed
T068,21-22,2022-02-19,142,Open
T069,21-22,2022-02-19,142,Open
T070,21-22,2022-02-19,142,Open
T071,21-22,2022-02-19,142,Open
T072,21-22,2022-02-19,142,Open
T073,21-22,2022-02-19,142,Open
T074,21-22,2022-02-19,142,Open
T075,21-22,2022-02-19,142,Open
T076,21-22,2022-02-19,142,Open
T077,21-22,2022-02-19,142,Groomed
T078,21-22,2022-02-19,142,Groomed
T079,21-22,2022-02-19,142,Groomed
T080,21-22,2022-02-19,142,Open
T081,21-22,2022-02-19,142,Open
T082,21-22,2022-02-19,142,Open
T083,21-22,2022-02-19,142,Groomed
T084,21-22,2022-02-19,142,Open
T085,21-22,2022-02-19,142,Open
T086,21-22,2022-02-19,142,Open
T087,21-22,2022-02-19,142,Open
T088,21-22,2022-02-19,142,Open
T089,21-22,2022-02-19,142,Open
T090,21-22,2022-02-19,142,Open
T091,21-22,2022-02-19,142,Open
T092,21-22,2022-02-19,142,Open
T127,21-22,2022-02-19,142,Open
T134,21-22,2022-02-19,142,Open
T135,21-22,2022-02-19,142,Open
T136,21-22,2022-02-19,142,Open
T137,21-22,2022-02-19,142,Open
T148,21-22,2022-02-19,142,Open
T154,21-22,2022-02-19,142,Open
T001,21-22,2022-02-20,143,Groomed
T002,21-22,2022-02-20,143,Groomed
T003,21-22,2022-02-20,143,Groomed
T004,21-22,2022-02-20,143,Open
T005,21-22,2022-02-20,143,Groomed
T006,21-22,2022-02-20,143,Groomed
T007,21-22,2022-02-20,143,Groomed
T008,21-22,2022-02-20,143,Groomed
T009,21-22,2022-02-20,143,Groomed
T010,21-22,2022-02-20,143,Groomed
T011,21-22,2022-02-20,143,Groomed
T012,21-22,2022-02-20,143,Groomed
T013,21-22,2022-02-20,143,Groomed
T014,21-22,2022-02-20,143,Groomed
T015,21-22,2022-02-20,143,Groomed
T016,21-22,2022-02-20,143,Open
T017,21-22,2022-02-20,143,Open
T018,21-22,2022-02-20,143,Groomed
T019,21-22,2022-02-20,143,Open
T020,21-22,2022-02-20,143,Groomed
T021,21-22,2022-02-20,143,Groomed
T022,21-22,2022-02-20,143,Groomed
T023,21-22,2022-02-20,143,Groomed
T024,21-22,2022-02-20,143,Open
T025,21-22,2022-02-20,143,Groomed
T026,21-22,2022-02-20,143,Groomed
T027,21-22,2022-02-20,143,Groomed
T028,21-22,2022-02-20,143,Groomed
T029,21-22,2022-02-20,143,Groomed
T030,21-22,2022-02-20,143,Groomed
T031,21-22,2022-02-20,143,Groomed
T032,21-22,2022-02-20,143,Groomed
T033,21-22,2022-02-20,143,Groomed
T034,21-22,2022-02-20,143,Groomed
T035,21-22,2022-02-20,143,Groomed
T036,21-22,2022-02-20,143,Groomed
T037,21-22,2022-02-20,143,Open
T038,21-22,2022-02-20,143,Groomed
T039,21-22,2022-02-20,143,Open
T040,21-22,2022-02-20,143,Groomed
T041,21-22,2022-02-20,143,Groomed
T042,21-22,2022-02-20,143,Open
T043,21-22,2022-02-20,143,Groomed
T044,21-22,2022-02-20,143,Open
T045,21-22,2022-02-20,143,Open
T046,21-22,2022-02-20,143,Open
T047,21-22,2022-02-20,143,Open
T048,21-22,2022-02-20,143,Open
T049,21-22,2022-02-20,143,Groomed
T050,21-22,2022-02-20,143,Groomed
T051,21-22,2022-02-20,143,Open
T052,21-22,2022-02-20,143,Closed
T053,21-22,2022-02-20,143,Open
T054,21-22,2022-02-20,143,Open
T055,21-22,2022-02-20,143,Open
T056,21-22,2022-02-20,143,Open
T057,21-22,2022-02-20,143,Open
T058,21-22,2022-02-20,143,Open
T061,21-22,2022-02-20,143,Groomed
T063,21-22,2022-02-20,143,Groomed
T064,21-22,2022-02-20,143,Groomed
T065,21-22,2022-02-20,143,Open
T067,21-22,2022-02-20,143,Groomed
T068,21-22,2022-02-20,143,Open
T069,21-22,2022-02-20,143,Open
T070,21-22,2022-02-20,143,Open
T071,21-22,2022-02-20,143,Open
T072,21-22,2022-02-20,143,Open
T073,21-22,2022-02-20,143,Open
T074,21-22,2022-02-20,143,Open
T075,21-22,2022-02-20,143,Open
T076,21-22,2022-02-20,143,Open
T077,21-22,2022-02-20,143,Groomed
T078,21-22,2022-02-20,143,Groomed
T079,21-22,2022-02-20,143,Groomed
T080,21-22,2022-02-20,143,Open
T081,21-22,2022-02-20,143,Open
T082,21-22,2022-02-20,143,Open
T083,21-22,2022-02-20,143,Groomed
T084,21-22,2022-02-20,143,Open
T085,21-22,2022-02-20,143,Open
T086,21-22,2022-02-20,143,Open
T087,21-22,2022-02-20,143,Open
T088,21-22,2022-02-20,143,Open
T089,21-22,2022-02-20,143,Open
T090,21-22,2022-02-20,143,Open
T091,21-22,2022-02-20,143,Open
T092,21-22,2022-02-20,143,Open
T127,21-22,2022-02-20,143,Open
T134,21-22,2022-02-20,143,Open
T135,21-22,2022-02-20,143,Open
T136,21-22,2022-02-20,143,Open
T137,21-22,2022-02-20,143,Open
T148,21-22,2022-02-20,143,Open
T154,21-22,2022-02-20,143,Open
T001,21-22,2022-02-21,144,Groomed
T002,21-22,2022-02-21,144,Groomed
T003,21-22,2022-02-21,144,Groomed
T004,21-22,2022-02-21,144,Open
T005,21-22,2022-02-21,144,Groomed
T006,21-22,2022-02-21,144,Groomed
T007,21-22,2022-02-21,144,Groomed
T008,21-22,2022-02-21,144,Groomed
T009,21-22,2022-02-21,144,Groomed
T010,21-22,2022-02-21,144,Groomed
T011,21-22,2022-02-21,144,Groomed
T012,21-22,2022-02-21,144,Groomed
T013,21-22,2022-02-21,144,Groomed
T014,21-22,2022-02-21,144,Groomed
T015,21-22,2022-02-21,144,Groomed
T016,21-22,2022-02-21,144,Open
T017,21-22,2022-02-21,144,Open
T018,21-22,2022-02-21,144,Groomed
T019,21-22,2022-02-21,144,Open
T020,21-22,2022-02-21,144,Groomed
T021,21-22,2022-02-21,144,Groomed
T022,21-22,2022-02-21,144,Groomed
T023,21-22,2022-02-21,144,Groomed
T024,21-22,2022-02-21,144,Open
T025,21-22,2022-02-21,144,Groomed
T026,21-22,2022-02-21,144,Groomed
T027,21-22,2022-02-21,144,Groomed
T028,21-22,2022-02-21,144,Groomed
T029,21-22,2022-02-21,144,Groomed
T030,21-22,2022-02-21,144,Groomed
T031,21-22,2022-02-21,144,Groomed
T032,21-22,2022-02-21,144,Groomed
T033,21-22,2022-02-21,144,Groomed
T034,21-22,2022-02-21,144,Groomed
T035,21-22,2022-02-21,144,Groomed
T036,21-22,2022-02-21,144,Groomed
T037,21-22,2022-02-21,144,Open
T038,21-22,2022-02-21,144,Groomed
T039,21-22,2022-02-21,144,Open
T040,21-22,2022-02-21,144,Groomed
T041,21-22,2022-02-21,144,Groomed
T042,21-22,2022-02-21,144,Open
T043,21-22,2022-02-21,144,Groomed
T044,21-22,2022-02-21,144,Open
T045,21-22,2022-02-21,144,Open
T046,21-22,2022-02-21,144,Open
T047,21-22,2022-02-21,144,Open
T048,21-22,2022-02-21,144,Open
T049,21-22,2022-02-21,144,Groomed
T050,21-22,2022-02-21,144,Groomed
T051,21-22,2022-02-21,144,Open
T052,21-22,2022-02-21,144,Closed
T053,21-22,2022-02-21,144,Open
T054,21-22,2022-02-21,144,Open
T055,21-22,2022-02-21,144,Open
T056,21-22,2022-02-21,144,Open
T057,21-22,2022-02-21,144,Open
T058,21-22,2022-02-21,144,Open
T061,21-22,2022-02-21,144,Groomed
T063,21-22,2022-02-21,144,Groomed
T064,21-22,2022-02-21,144,Groomed
T065,21-22,2022-02-21,144,Open
T067,21-22,2022-02-21,144,Groomed
T068,21-22,2022-02-21,144,Open
T069,21-22,2022-02-21,144,Open
T070,21-22,2022-02-21,144,Open
T071,21-22,2022-02-21,144,Open
T072,21-22,2022-02-21,144,Open
T073,21-22,2022-02-21,144,Open
T074,21-22,2022-02-21,144,Open
T075,21-22,2022-02-21,144,Open
T076,21-22,2022-02-21,144,Open
T077,21-22,2022-02-21,144,Groomed
T078,21-22,2022-02-21,144,Groomed
T079,21-22,2022-02-21,144,Groomed
T080,21-22,2022-02-21,144,Open
T081,21-22,2022-02-21,144,Open
T082,21-22,2022-02-21,144,Open
T083,21-22,2022-02-21,144,Groomed
T084,21-22,2022-02-21,144,Open
T085,21-22,2022-02-21,144,Open
T086,21-22,2022-02-21,144,Open
T087,21-22,2022-02-21,144,Open
T088,21-22,2022-02-21,144,Open
T089,21-22,2022-02-21,144,Open
T090,21-22,2022-02-21,144,Open
T091,21-22,2022-02-21,144,Open
T092,21-22,2022-02-21,144,Open
T127,21-22,2022-02-21,144,Open
T134,21-22,2022-02-21,144,Open
T135,21-22,2022-02-21,144,Open
T136,21-22,2022-02-21,144,Open
T137,21-22,2022-02-21,144,Open
T148,21-22,2022-02-21,144,Open
T154,21-22,2022-02-21,144,Open
T001,21-22,2022-02-22,145,Groomed
T002,21-22,2022-02-22,145,Groomed
T003,21-22,2022-02-22,145,Groomed
T004,21-22,2022-02-22,145,Open
T005,21-22,2022-02-22,145,Groomed
T006,21-22,2022-02-22,145,Groomed
T007,21-22,2022-02-22,145,Groomed
T008,21-22,2022-02-22,145,Groomed
T009,21-22,2022-02-22,145,Groomed
T010,21-22,2022-02-22,145,Groomed
T011,21-22,2022-02-22,145,Groomed
T012,21-22,2022-02-22,145,Groomed
T013,21-22,2022-02-22,145,Groomed
T014,21-22,2022-02-22,145,Groomed
T015,21-22,2022-02-22,145,Groomed
T016,21-22,2022-02-22,145,Open
T017,21-22,2022-02-22,145,Open
T018,21-22,2022-02-22,145,Groomed
T019,21-22,2022-02-22,145,Open
T020,21-22,2022-02-22,145,Groomed
T021,21-22,2022-02-22,145,Groomed
T022,21-22,2022-02-22,145,Groomed
T023,21-22,2022-02-22,145,Groomed
T024,21-22,2022-02-22,145,Open
T025,21-22,2022-02-22,145,Groomed
T026,21-22,2022-02-22,145,Groomed
T027,21-22,2022-02-22,145,Groomed
T028,21-22,2022-02-22,145,Open
T029,21-22,2022-02-22,145,Open
T030,21-22,2022-02-22,145,Open
T031,21-22,2022-02-22,145,Groomed
T032,21-22,2022-02-22,145,Groomed
T033,21-22,2022-02-22,145,Groomed
T034,21-22,2022-02-22,145,Groomed
T035,21-22,2022-02-22,145,Open
T036,21-22,2022-02-22,145,Groomed
T037,21-22,2022-02-22,145,Open
T038,21-22,2022-02-22,145,Open
T039,21-22,2022-02-22,145,Open
T040,21-22,2022-02-22,145,Open
T041,21-22,2022-02-22,145,Groomed
T042,21-22,2022-02-22,145,Open
T043,21-22,2022-02-22,145,Groomed
T044,21-22,2022-02-22,145,Open
T045,21-22,2022-02-22,145,Open
T046,21-22,2022-02-22,145,Open
T047,21-22,2022-02-22,145,Open
T048,21-22,2022-02-22,145,Open
T049,21-22,2022-02-22,145,Open
T050,21-22,2022-02-22,145,Groomed
T051,21-22,2022-02-22,145,Open
T052,21-22,2022-02-22,145,Groomed
T053,21-22,2022-02-22,145,Open
T054,21-22,2022-02-22,145,Open
T055,21-22,2022-02-22,145,Open
T056,21-22,2022-02-22,145,Open
T057,21-22,2022-02-22,145,Open
T058,21-22,2022-02-22,145,Open
T061,21-22,2022-02-22,145,Groomed
T063,21-22,2022-02-22,145,Groomed
T064,21-22,2022-02-22,145,Groomed
T065,21-22,2022-02-22,145,Open
T067,21-22,2022-02-22,145,Groomed
T068,21-22,2022-02-22,145,Open
T069,21-22,2022-02-22,145,Open
T070,21-22,2022-02-22,145,Open
T071,21-22,2022-02-22,145,Open
T072,21-22,2022-02-22,145,Open
T073,21-22,2022-02-22,145,Open
T074,21-22,2022-02-22,145,Open
T075,21-22,2022-02-22,145,Open
T076,21-22,2022-02-22,145,Open
T077,21-22,2022-02-22,145,Groomed
T078,21-22,2022-02-22,145,Groomed
T079,21-22,2022-02-22,145,Groomed
T080,21-22,2022-02-22,145,Open
T081,21-22,2022-02-22,145,Open
T082,21-22,2022-02-22,145,Open
T083,21-22,2022-02-22,145,Groomed
T084,21-22,2022-02-22,145,Open
T085,21-22,2022-02-22,145,Open
T086,21-22,2022-02-22,145,Open
T087,21-22,2022-02-22,145,Open
T088,21-22,2022-02-22,145,Open
T089,21-22,2022-02-22,145,Open
T090,21-22,2022-02-22,145,Open
T091,21-22,2022-02-22,145,Open
T092,21-22,2022-02-22,145,Open
T127,21-22,2022-02-22,145,Open
T134,21-22,2022-02-22,145,Open
T135,21-22,2022-02-22,145,Open
T136,21-22,2022-02-22,145,Open
T137,21-22,2022-02-22,145,Open
T148,21-22,2022-02-22,145,Open
T154,21-22,2022-02-22,145,Closed
T001,21-22,2022-02-23,146,Groomed
T002,21-22,2022-02-23,146,Groomed
T003,21-22,2022-02-23,146,Groomed
T004,21-22,2022-02-23,146,Open
T005,21-22,2022-02-23,146,Groomed
T006,21-22,2022-02-23,146,Groomed
T007,21-22,2022-02-23,146,Groomed
T008,21-22,2022-02-23,146,Groomed
T009,21-22,2022-02-23,146,Groomed
T010,21-22,2022-02-23,146,Groomed
T011,21-22,2022-02-23,146,Groomed
T012,21-22,2022-02-23,146,Groomed
T013,21-22,2022-02-23,146,Groomed
T014,21-22,2022-02-23,146,Groomed
T015,21-22,2022-02-23,146,Groomed
T016,21-22,2022-02-23,146,Open
T017,21-22,2022-02-23,146,Open
T018,21-22,2022-02-23,146,Groomed
T019,21-22,2022-02-23,146,Open
T020,21-22,2022-02-23,146,Groomed
T021,21-22,2022-02-23,146,Groomed
T022,21-22,2022-02-23,146,Groomed
T023,21-22,2022-02-23,146,Groomed
T024,21-22,2022-02-23,146,Open
T025,21-22,2022-02-23,146,Groomed
T026,21-22,2022-02-23,146,Groomed
T027,21-22,2022-02-23,146,Groomed
T028,21-22,2022-02-23,146,Groomed
T029,21-22,2022-02-23,146,Open
T030,21-22,2022-02-23,146,Groomed
T031,21-22,2022-02-23,146,Groomed
T032,21-22,2022-02-23,146,Groomed
T033,21-22,2022-02-23,146,Groomed
T034,21-22,2022-02-23,146,Groomed
T035,21-22,2022-02-23,146,Open
T036,21-22,2022-02-23,146,Groomed
T037,21-22,2022-02-23,146,Open
T038,21-22,2022-02-23,146,Open
T039,21-22,2022-02-23,146,Groomed
T040,21-22,2022-02-23,146,Groomed
T041,21-22,2022-02-23,146,Groomed
T042,21-22,2022-02-23,146,Open
T043,21-22,2022-02-23,146,Groomed
T044,21-22,2022-02-23,146,Open
T045,21-22,2022-02-23,146,Open
T046,21-22,2022-02-23,146,Open
T047,21-22,2022-02-23,146,Open
T048,21-22,2022-02-23,146,Open
T049,21-22,2022-02-23,146,Open
T050,21-22,2022-02-23,146,Groomed
T051,21-22,2022-02-23,146,Open
T052,21-22,2022-02-23,146,Groomed
T053,21-22,2022-02-23,146,Open
T054,21-22,2022-02-23,146,Open
T055,21-22,2022-02-23,146,Open
T056,21-22,2022-02-23,146,Open
T057,21-22,2022-02-23,146,Open
T058,21-22,2022-02-23,146,Open
T061,21-22,2022-02-23,146,Groomed
T063,21-22,2022-02-23,146,Groomed
T064,21-22,2022-02-23,146,Groomed
T065,21-22,2022-02-23,146,Open
T067,21-22,2022-02-23,146,Groomed
T068,21-22,2022-02-23,146,Open
T069,21-22,2022-02-23,146,Open
T070,21-22,2022-02-23,146,Open
T071,21-22,2022-02-23,146,Open
T072,21-22,2022-02-23,146,Open
T073,21-22,2022-02-23,146,Open
T074,21-22,2022-02-23,146,Open
T075,21-22,2022-02-23,146,Open
T076,21-22,2022-02-23,146,Open
T077,21-22,2022-02-23,146,Groomed
T078,21-22,2022-02-23,146,Groomed
T079,21-22,2022-02-23,146,Groomed
T080,21-22,2022-02-23,146,Open
T081,21-22,2022-02-23,146,Open
T082,21-22,2022-02-23,146,Open
T083,21-22,2022-02-23,146,Groomed
T084,21-22,2022-02-23,146,Open
T085,21-22,2022-02-23,146,Open
T086,21-22,2022-02-23,146,Open
T087,21-22,2022-02-23,146,Open
T088,21-22,2022-02-23,146,Open
T089,21-22,2022-02-23,146,Open
T090,21-22,2022-02-23,146,Open
T091,21-22,2022-02-23,146,Open
T092,21-22,2022-02-23,146,Open
T127,21-22,2022-02-23,146,Open
T134,21-22,2022-02-23,146,Open
T135,21-22,2022-02-23,146,Open
T136,21-22,2022-02-23,146,Open
T137,21-22,2022-02-23,146,Open
T148,21-22,2022-02-23,146,Open
T154,21-22,2022-02-23,146,Closed
T001,21-22,2022-02-24,147,Groomed
T002,21-22,2022-02-24,147,Groomed
T003,21-22,2022-02-24,147,Groomed
T004,21-22,2022-02-24,147,Open
T005,21-22,2022-02-24,147,Groomed
T006,21-22,2022-02-24,147,Groomed
T007,21-22,2022-02-24,147,Groomed
T008,21-22,2022-02-24,147,Groomed
T009,21-22,2022-02-24,147,Groomed
T010,21-22,2022-02-24,147,Groomed
T011,21-22,2022-02-24,147,Groomed
T012,21-22,2022-02-24,147,Groomed
T013,21-22,2022-02-24,147,Groomed
T014,21-22,2022-02-24,147,Groomed
T015,21-22,2022-02-24,147,Groomed
T016,21-22,2022-02-24,147,Open
T017,21-22,2022-02-24,147,Open
T018,21-22,2022-02-24,147,Groomed
T019,21-22,2022-02-24,147,Open
T020,21-22,2022-02-24,147,Groomed
T021,21-22,2022-02-24,147,Groomed
T022,21-22,2022-02-24,147,Groomed
T023,21-22,2022-02-24,147,Groomed
T024,21-22,2022-02-24,147,Open
T025,21-22,2022-02-24,147,Groomed
T026,21-22,2022-02-24,147,Groomed
T027,21-22,2022-02-24,147,Open
T028,21-22,2022-02-24,147,Groomed
T029,21-22,2022-02-24,147,Groomed
T030,21-22,2022-02-24,147,Groomed
T031,21-22,2022-02-24,147,Groomed
T032,21-22,2022-02-24,147,Groomed
T033,21-22,2022-02-24,147,Groomed
T034,21-22,2022-02-24,147,Groomed
T035,21-22,2022-02-24,147,Open
T036,21-22,2022-02-24,147,Groomed
T037,21-22,2022-02-24,147,Open
T038,21-22,2022-02-24,147,Open
T039,21-22,2022-02-24,147,Open
T040,21-22,2022-02-24,147,Open
T041,21-22,2022-02-24,147,Groomed
T042,21-22,2022-02-24,147,Open
T043,21-22,2022-02-24,147,Groomed
T044,21-22,2022-02-24,147,Open
T045,21-22,2022-02-24,147,Open
T046,21-22,2022-02-24,147,Open
T047,21-22,2022-02-24,147,Open
T048,21-22,2022-02-24,147,Open
T049,21-22,2022-02-24,147,Open
T050,21-22,2022-02-24,147,Groomed
T051,21-22,2022-02-24,147,Open
T052,21-22,2022-02-24,147,Closed
T053,21-22,2022-02-24,147,Open
T054,21-22,2022-02-24,147,Open
T055,21-22,2022-02-24,147,Open
T056,21-22,2022-02-24,147,Open
T057,21-22,2022-02-24,147,Open
T058,21-22,2022-02-24,147,Open
T061,21-22,2022-02-24,147,Groomed
T063,21-22,2022-02-24,147,Groomed
T064,21-22,2022-02-24,147,Groomed
T065,21-22,2022-02-24,147,Open
T067,21-22,2022-02-24,147,Groomed
T068,21-22,2022-02-24,147,Open
T069,21-22,2022-02-24,147,Open
T070,21-22,2022-02-24,147,Open
T071,21-22,2022-02-24,147,Open
T072,21-22,2022-02-24,147,Open
T073,21-22,2022-02-24,147,Open
T074,21-22,2022-02-24,147,Open
T075,21-22,2022-02-24,147,Open
T076,21-22,2022-02-24,147,Open
T077,21-22,2022-02-24,147,Groomed
T078,21-22,2022-02-24,147,Groomed
T079,21-22,2022-02-24,147,Groomed
T080,21-22,2022-02-24,147,Open
T081,21-22,2022-02-24,147,Open
T082,21-22,2022-02-24,147,Open
T083,21-22,2022-02-24,147,Open
T084,21-22,2022-02-24,147,Open
T085,21-22,2022-02-24,147,Open
T086,21-22,2022-02-24,147,Open
T087,21-22,2022-02-24,147,Open
T088,21-22,2022-02-24,147,Open
T089,21-22,2022-02-24,147,Open
T090,21-22,2022-02-24,147,Open
T091,21-22,2022-02-24,147,Open
T092,21-22,2022-02-24,147,Open
T127,21-22,2022-02-24,147,Open
T134,21-22,2022-02-24,147,Open
T135,21-22,2022-02-24,147,Open
T136,21-22,2022-02-24,147,Open
T137,21-22,2022-02-24,147,Open
T148,21-22,2022-02-24,147,Open
T154,21-22,2022-02-24,147,Open
T001,21-22,2022-02-25,148,Groomed
T002,21-22,2022-02-25,148,Groomed
T003,21-22,2022-02-25,148,Groomed
T004,21-22,2022-02-25,148,Open
T005,21-22,2022-02-25,148,Groomed
T006,21-22,2022-02-25,148,Groomed
T007,21-22,2022-02-25,148,Groomed
T008,21-22,2022-02-25,148,Groomed
T009,21-22,2022-02-25,148,Groomed
T010,21-22,2022-02-25,148,Groomed
T011,21-22,2022-02-25,148,Groomed
T012,21-22,2022-02-25,148,Groomed
T013,21-22,2022-02-25,148,Groomed
T014,21-22,2022-02-25,148,Groomed
T015,21-22,2022-02-25,148,Groomed
T016,21-22,2022-02-25,148,Open
T017,21-22,2022-02-25,148,Open
T018,21-22,2022-02-25,148,Groomed
T019,21-22,2022-02-25,148,Open
T020,21-22,2022-02-25,148,Groomed
T021,21-22,2022-02-25,148,Groomed
T022,21-22,2022-02-25,148,Groomed
T023,21-22,2022-02-25,148,Groomed
T024,21-22,2022-02-25,148,Open
T025,21-22,2022-02-25,148,Groomed
T026,21-22,2022-02-25,148,Groomed
T027,21-22,2022-02-25,148,Groomed
T028,21-22,2022-02-25,148,Groomed
T029,21-22,2022-02-25,148,Groomed
T030,21-22,2022-02-25,148,Groomed
T031,21-22,2022-02-25,148,Groomed
T032,21-22,2022-02-25,148,Groomed
T033,21-22,2022-02-25,148,Groomed
T034,21-22,2022-02-25,148,Groomed
T035,21-22,2022-02-25,148,Groomed
T036,21-22,2022-02-25,148,Groomed
T037,21-22,2022-02-25,148,Groomed
T038,21-22,2022-02-25,148,Open
T039,21-22,2022-02-25,148,Open
T040,21-22,2022-02-25,148,Groomed
T041,21-22,2022-02-25,148,Groomed
T042,21-22,2022-02-25,148,Open
T043,21-22,2022-02-25,148,Groomed
T044,21-22,2022-02-25,148,Open
T045,21-22,2022-02-25,148,Open
T046,21-22,2022-02-25,148,Open
T047,21-22,2022-02-25,148,Open
T048,21-22,2022-02-25,148,Open
T049,21-22,2022-02-25,148,Open
T050,21-22,2022-02-25,148,Groomed
T051,21-22,2022-02-25,148,Open
T052,21-22,2022-02-25,148,Closed
T053,21-22,2022-02-25,148,Open
T054,21-22,2022-02-25,148,Open
T055,21-22,2022-02-25,148,Open
T056,21-22,2022-02-25,148,Open
T057,21-22,2022-02-25,148,Open
T058,21-22,2022-02-25,148,Open
T061,21-22,2022-02-25,148,Groomed
T063,21-22,2022-02-25,148,Groomed
T064,21-22,2022-02-25,148,Groomed
T065,21-22,2022-02-25,148,Open
T067,21-22,2022-02-25,148,Groomed
T068,21-22,2022-02-25,148,Open
T069,21-22,2022-02-25,148,Open
T070,21-22,2022-02-25,148,Open
T071,21-22,2022-02-25,148,Open
T072,21-22,2022-02-25,148,Open
T073,21-22,2022-02-25,148,Open
T074,21-22,2022-02-25,148,Open
T075,21-22,2022-02-25,148,Open
T076,21-22,2022-02-25,148,Open
T077,21-22,2022-02-25,148,Groomed
T078,21-22,2022-02-25,148,Groomed
T079,21-22,2022-02-25,148,Open
T080,21-22,2022-02-25,148,Open
T081,21-22,2022-02-25,148,Open
T082,21-22,2022-02-25,148,Open
T083,21-22,2022-02-25,148,Groomed
T084,21-22,2022-02-25,148,Open
T085,21-22,2022-02-25,148,Open
T086,21-22,2022-02-25,148,Open
T087,21-22,2022-02-25,148,Open
T088,21-22,2022-02-25,148,Open
T089,21-22,2022-02-25,148,Open
T090,21-22,2022-02-25,148,Open
T091,21-22,2022-02-25,148,Open
T092,21-22,2022-02-25,148,Open
T127,21-22,2022-02-25,148,Open
T134,21-22,2022-02-25,148,Open
T135,21-22,2022-02-25,148,Open
T136,21-22,2022-02-25,148,Open
T137,21-22,2022-02-25,148,Open
T148,21-22,2022-02-25,148,Open
T154,21-22,2022-02-25,148,Open
T001,21-22,2022-02-26,149,Groomed
T002,21-22,2022-02-26,149,Groomed
T003,21-22,2022-02-26,149,Groomed
T004,21-22,2022-02-26,149,Open
T005,21-22,2022-02-26,149,Groomed
T006,21-22,2022-02-26,149,Groomed
T007,21-22,2022-02-26,149,Groomed
T008,21-22,2022-02-26,149,Groomed
T009,21-22,2022-02-26,149,Groomed
T010,21-22,2022-02-26,149,Groomed
T011,21-22,2022-02-26,149,Groomed
T012,21-22,2022-02-26,149,Groomed
T013,21-22,2022-02-26,149,Groomed
T014,21-22,2022-02-26,149,Groomed
T015,21-22,2022-02-26,149,Groomed
T016,21-22,2022-02-26,149,Open
T017,21-22,2022-02-26,149,Open
T018,21-22,2022-02-26,149,Groomed
T019,21-22,2022-02-26,149,Groomed
T020,21-22,2022-02-26,149,Groomed
T021,21-22,2022-02-26,149,Groomed
T022,21-22,2022-02-26,149,Groomed
T023,21-22,2022-02-26,149,Groomed
T024,21-22,2022-02-26,149,Open
T025,21-22,2022-02-26,149,Groomed
T026,21-22,2022-02-26,149,Groomed
T027,21-22,2022-02-26,149,Groomed
T028,21-22,2022-02-26,149,Groomed
T029,21-22,2022-02-26,149,Groomed
T030,21-22,2022-02-26,149,Groomed
T031,21-22,2022-02-26,149,Groomed
T032,21-22,2022-02-26,149,Groomed
T033,21-22,2022-02-26,149,Groomed
T034,21-22,2022-02-26,149,Groomed
T035,21-22,2022-02-26,149,Groomed
T036,21-22,2022-02-26,149,Groomed
T037,21-22,2022-02-26,149,Groomed
T038,21-22,2022-02-26,149,Groomed
T039,21-22,2022-02-26,149,Groomed
T040,21-22,2022-02-26,149,Groomed
T041,21-22,2022-02-26,149,Groomed
T042,21-22,2022-02-26,149,Open
T043,21-22,2022-02-26,149,Groomed
T044,21-22,2022-02-26,149,Open
T045,21-22,2022-02-26,149,Open
T046,21-22,2022-02-26,149,Open
T047,21-22,2022-02-26,149,Open
T048,21-22,2022-02-26,149,Open
T049,21-22,2022-02-26,149,Open
T050,21-22,2022-02-26,149,Groomed
T051,21-22,2022-02-26,149,Open
T052,21-22,2022-02-26,149,Closed
T053,21-22,2022-02-26,149,Open
T054,21-22,2022-02-26,149,Open
T055,21-22,2022-02-26,149,Open
T056,21-22,2022-02-26,149,Open
T057,21-22,2022-02-26,149,Open
T058,21-22,2022-02-26,149,Open
T061,21-22,2022-02-26,149,Groomed
T063,21-22,2022-02-26,149,Groomed
T064,21-22,2022-02-26,149,Groomed
T065,21-22,2022-02-26,149,Open
T067,21-22,2022-02-26,149,Groomed
T068,21-22,2022-02-26,149,Open
T069,21-22,2022-02-26,149,Open
T070,21-22,2022-02-26,149,Open
T071,21-22,2022-02-26,149,Open
T072,21-22,2022-02-26,149,Open
T073,21-22,2022-02-26,149,Open
T074,21-22,2022-02-26,149,Open
T075,21-22,2022-02-26,149,Open
T076,21-22,2022-02-26,149,Open
T077,21-22,2022-02-26,149,Groomed
T078,21-22,2022-02-26,149,Groomed
T079,21-22,2022-02-26,149,Groomed
T080,21-22,2022-02-26,149,Open
T081,21-22,2022-02-26,149,Open
T082,21-22,2022-02-26,149,Open
T083,21-22,2022-02-26,149,Groomed
T084,21-22,2022-02-26,149,Open
T085,21-22,2022-02-26,149,Open
T086,21-22,2022-02-26,149,Open
T087,21-22,2022-02-26,149,Open
T088,21-22,2022-02-26,149,Open
T089,21-22,2022-02-26,149,Open
T090,21-22,2022-02-26,149,Open
T091,21-22,2022-02-26,149,Open
T092,21-22,2022-02-26,149,Open
T127,21-22,2022-02-26,149,Open
T134,21-22,2022-02-26,149,Open
T135,21-22,2022-02-26,149,Open
T136,21-22,2022-02-26,149,Open
T137,21-22,2022-02-26,149,Open
T148,21-22,2022-02-26,149,Open
T154,21-22,2022-02-26,149,Closed
T001,21-22,2022-02-27,150,Groomed
T002,21-22,2022-02-27,150,Groomed
T003,21-22,2022-02-27,150,Groomed
T004,21-22,2022-02-27,150,Open
T005,21-22,2022-02-27,150,Groomed
T006,21-22,2022-02-27,150,Groomed
T007,21-22,2022-02-27,150,Groomed
T008,21-22,2022-02-27,150,Groomed
T009,21-22,2022-02-27,150,Groomed
T010,21-22,2022-02-27,150,Groomed
T011,21-22,2022-02-27,150,Groomed
T012,21-22,2022-02-27,150,Groomed
T013,21-22,2022-02-27,150,Groomed
T014,21-22,2022-02-27,150,Groomed
T015,21-22,2022-02-27,150,Groomed
T016,21-22,2022-02-27,150,Open
T017,21-22,2022-02-27,150,Open
T018,21-22,2022-02-27,150,Groomed
T019,21-22,2022-02-27,150,Groomed
T020,21-22,2022-02-27,150,Groomed
T021,21-22,2022-02-27,150,Groomed
T022,21-22,2022-02-27,150,Groomed
T023,21-22,2022-02-27,150,Groomed
T024,21-22,2022-02-27,150,Open
T025,21-22,2022-02-27,150,Groomed
T026,21-22,2022-02-27,150,Groomed
T027,21-22,2022-02-27,150,Groomed
T028,21-22,2022-02-27,150,Groomed
T029,21-22,2022-02-27,150,Groomed
T030,21-22,2022-02-27,150,Groomed
T031,21-22,2022-02-27,150,Groomed
T032,21-22,2022-02-27,150,Groomed
T033,21-22,2022-02-27,150,Groomed
T034,21-22,2022-02-27,150,Groomed
T035,21-22,2022-02-27,150,Groomed
T036,21-22,2022-02-27,150,Groomed
T037,21-22,2022-02-27,150,Groomed
T038,21-22,2022-02-27,150,Groomed
T039,21-22,2022-02-27,150,Groomed
T040,21-22,2022-02-27,150,Groomed
T041,21-22,2022-02-27,150,Groomed
T042,21-22,2022-02-27,150,Open
T043,21-22,2022-02-27,150,Groomed
T044,21-22,2022-02-27,150,Open
T045,21-22,2022-02-27,150,Open
T046,21-22,2022-02-27,150,Open
T047,21-22,2022-02-27,150,Open
T048,21-22,2022-02-27,150,Open
T049,21-22,2022-02-27,150,Open
T050,21-22,2022-02-27,150,Groomed
T051,21-22,2022-02-27,150,Open
T052,21-22,2022-02-27,150,Closed
T053,21-22,2022-02-27,150,Open
T054,21-22,2022-02-27,150,Open
T055,21-22,2022-02-27,150,Open
T056,21-22,2022-02-27,150,Open
T057,21-22,2022-02-27,150,Open
T058,21-22,2022-02-27,150,Open
T061,21-22,2022-02-27,150,Groomed
T063,21-22,2022-02-27,150,Groomed
T064,21-22,2022-02-27,150,Groomed
T065,21-22,2022-02-27,150,Open
T067,21-22,2022-02-27,150,Groomed
T068,21-22,2022-02-27,150,Open
T069,21-22,2022-02-27,150,Open
T070,21-22,2022-02-27,150,Open
T071,21-22,2022-02-27,150,Open
T072,21-22,2022-02-27,150,Open
T073,21-22,2022-02-27,150,Open
T074,21-22,2022-02-27,150,Open
T075,21-22,2022-02-27,150,Open
T076,21-22,2022-02-27,150,Open
T077,21-22,2022-02-27,150,Groomed
T078,21-22,2022-02-27,150,Groomed
T079,21-22,2022-02-27,150,Groomed
T080,21-22,2022-02-27,150,Open
T081,21-22,2022-02-27,150,Open
T082,21-22,2022-02-27,150,Open
T083,21-22,2022-02-27,150,Groomed
T084,21-22,2022-02-27,150,Open
T085,21-22,2022-02-27,150,Open
T086,21-22,2022-02-27,150,Open
T087,21-22,2022-02-27,150,Open
T088,21-22,2022-02-27,150,Open
T089,21-22,2022-02-27,150,Open
T090,21-22,2022-02-27,150,Open
T091,21-22,2022-02-27,150,Open
T092,21-22,2022-02-27,150,Open
T127,21-22,2022-02-27,150,Open
T134,21-22,2022-02-27,150,Open
T135,21-22,2022-02-27,150,Open
T136,21-22,2022-02-27,150,Open
T137,21-22,2022-02-27,150,Open
T148,21-22,2022-02-27,150,Open
T154,21-22,2022-02-27,150,Closed
T001,21-22,2022-02-28,151,Groomed
T002,21-22,2022-02-28,151,Groomed
T003,21-22,2022-02-28,151,Groomed
T004,21-22,2022-02-28,151,Open
T005,21-22,2022-02-28,151,Groomed
T006,21-22,2022-02-28,151,Groomed
T007,21-22,2022-02-28,151,Groomed
T008,21-22,2022-02-28,151,Groomed
T009,21-22,2022-02-28,151,Groomed
T010,21-22,2022-02-28,151,Groomed
T011,21-22,2022-02-28,151,Groomed
T012,21-22,2022-02-28,151,Groomed
T013,21-22,2022-02-28,151,Groomed
T014,21-22,2022-02-28,151,Groomed
T015,21-22,2022-02-28,151,Groomed
T016,21-22,2022-02-28,151,Open
T017,21-22,2022-02-28,151,Open
T018,21-22,2022-02-28,151,Open
T019,21-22,2022-02-28,151,Groomed
T020,21-22,2022-02-28,151,Groomed
T021,21-22,2022-02-28,151,Groomed
T022,21-22,2022-02-28,151,Groomed
T023,21-22,2022-02-28,151,Groomed
T024,21-22,2022-02-28,151,Open
T025,21-22,2022-02-28,151,Groomed
T026,21-22,2022-02-28,151,Groomed
T027,21-22,2022-02-28,151,Open
T028,21-22,2022-02-28,151,Open
T029,21-22,2022-02-28,151,Open
T030,21-22,2022-02-28,151,Open
T031,21-22,2022-02-28,151,Groomed
T032,21-22,2022-02-28,151,Groomed
T033,21-22,2022-02-28,151,Groomed
T034,21-22,2022-02-28,151,Groomed
T035,21-22,2022-02-28,151,Groomed
T036,21-22,2022-02-28,151,Groomed
T037,21-22,2022-02-28,151,Groomed
T038,21-22,2022-02-28,151,Groomed
T039,21-22,2022-02-28,151,Groomed
T040,21-22,2022-02-28,151,Open
T041,21-22,2022-02-28,151,Groomed
T042,21-22,2022-02-28,151,Open
T043,21-22,2022-02-28,151,Groomed
T044,21-22,2022-02-28,151,Open
T045,21-22,2022-02-28,151,Open
T046,21-22,2022-02-28,151,Open
T047,21-22,2022-02-28,151,Open
T048,21-22,2022-02-28,151,Open
T049,21-22,2022-02-28,151,Open
T050,21-22,2022-02-28,151,Groomed
T051,21-22,2022-02-28,151,Open
T052,21-22,2022-02-28,151,Closed
T053,21-22,2022-02-28,151,Open
T054,21-22,2022-02-28,151,Open
T055,21-22,2022-02-28,151,Open
T056,21-22,2022-02-28,151,Open
T057,21-22,2022-02-28,151,Open
T058,21-22,2022-02-28,151,Open
T061,21-22,2022-02-28,151,Groomed
T063,21-22,2022-02-28,151,Groomed
T064,21-22,2022-02-28,151,Groomed
T065,21-22,2022-02-28,151,Open
T067,21-22,2022-02-28,151,Groomed
T068,21-22,2022-02-28,151,Open
T069,21-22,2022-02-28,151,Open
T070,21-22,2022-02-28,151,Open
T071,21-22,2022-02-28,151,Open
T072,21-22,2022-02-28,151,Open
T073,21-22,2022-02-28,151,Open
T074,21-22,2022-02-28,151,Open
T075,21-22,2022-02-28,151,Open
T076,21-22,2022-02-28,151,Open
T077,21-22,2022-02-28,151,Groomed
T078,21-22,2022-02-28,151,Groomed
T079,21-22,2022-02-28,151,Groomed
T080,21-22,2022-02-28,151,Open
T081,21-22,2022-02-28,151,Open
T082,21-22,2022-02-28,151,Open
T083,21-22,2022-02-28,151,Groomed
T084,21-22,2022-02-28,151,Open
T085,21-22,2022-02-28,151,Open
T086,21-22,2022-02-28,151,Open
T087,21-22,2022-02-28,151,Open
T088,21-22,2022-02-28,151,Open
T089,21-22,2022-02-28,151,Open
T090,21-22,2022-02-28,151,Open
T091,21-22,2022-02-28,151,Open
T092,21-22,2022-02-28,151,Open
T127,21-22,2022-02-28,151,Open
T134,21-22,2022-02-28,151,Open
T135,21-22,2022-02-28,151,Open
T136,21-22,2022-02-28,151,Open
T137,21-22,2022-02-28,151,Open
T148,21-22,2022-02-28,151,Open
T154,21-22,2022-02-28,151,Closed
T001,21-22,2022-03-01,152,Groomed
T002,21-22,2022-03-01,152,Groomed
T003,21-22,2022-03-01,152,Groomed
T004,21-22,2022-03-01,152,Open
T005,21-22,2022-03-01,152,Groomed
T006,21-22,2022-03-01,152,Groomed
T007,21-22,2022-03-01,152,Groomed
T008,21-22,2022-03-01,152,Groomed
T009,21-22,2022-03-01,152,Groomed
T010,21-22,2022-03-01,152,Groomed
T011,21-22,2022-03-01,152,Groomed
T012,21-22,2022-03-01,152,Groomed
T013,21-22,2022-03-01,152,Groomed
T014,21-22,2022-03-01,152,Groomed
T015,21-22,2022-03-01,152,Groomed
T016,21-22,2022-03-01,152,Open
T017,21-22,2022-03-01,152,Open
T018,21-22,2022-03-01,152,Open
T019,21-22,2022-03-01,152,Groomed
T020,21-22,2022-03-01,152,Groomed
T021,21-22,2022-03-01,152,Groomed
T022,21-22,2022-03-01,152,Groomed
T023,21-22,2022-03-01,152,Groomed
T024,21-22,2022-03-01,152,Open
T025,21-22,2022-03-01,152,Groomed
T026,21-22,2022-03-01,152,Groomed
T027,21-22,2022-03-01,152,Open
T028,21-22,2022-03-01,152,Open
T029,21-22,2022-03-01,152,Open
T030,21-22,2022-03-01,152,Open
T031,21-22,2022-03-01,152,Groomed
T032,21-22,2022-03-01,152,Groomed
T033,21-22,2022-03-01,152,Groomed
T034,21-22,2022-03-01,152,Groomed
T035,21-22,2022-03-01,152,Groomed
T036,21-22,2022-03-01,152,Groomed
T037,21-22,2022-03-01,152,Groomed
T038,21-22,2022-03-01,152,Groomed
T039,21-22,2022-03-01,152,Groomed
T040,21-22,2022-03-01,152,Groomed
T041,21-22,2022-03-01,152,Groomed
T042,21-22,2022-03-01,152,Open
T043,21-22,2022-03-01,152,Groomed
T044,21-22,2022-03-01,152,Open
T045,21-22,2022-03-01,152,Open
T046,21-22,2022-03-01,152,Open
T047,21-22,2022-03-01,152,Open
T048,21-22,2022-03-01,152,Open
T049,21-22,2022-03-01,152,Open
T050,21-22,2022-03-01,152,Groomed
T051,21-22,2022-03-01,152,Open
T052,21-22,2022-03-01,152,Groomed
T053,21-22,2022-03-01,152,Open
T054,21-22,2022-03-01,152,Open
T055,21-22,2022-03-01,152,Open
T056,21-22,2022-03-01,152,Open
T057,21-22,2022-03-01,152,Open
T058,21-22,2022-03-01,152,Open
T061,21-22,2022-03-01,152,Groomed
T063,21-22,2022-03-01,152,Groomed
T064,21-22,2022-03-01,152,Groomed
T065,21-22,2022-03-01,152,Open
T067,21-22,2022-03-01,152,Groomed
T068,21-22,2022-03-01,152,Open
T069,21-22,2022-03-01,152,Open
T070,21-22,2022-03-01,152,Open
T071,21-22,2022-03-01,152,Open
T072,21-22,2022-03-01,152,Open
T073,21-22,2022-03-01,152,Open
T074,21-22,2022-03-01,152,Open
T075,21-22,2022-03-01,152,Open
T076,21-22,2022-03-01,152,Open
T077,21-22,2022-03-01,152,Groomed
T078,21-22,2022-03-01,152,Groomed
T079,21-22,2022-03-01,152,Groomed
T080,21-22,2022-03-01,152,Open
T081,21-22,2022-03-01,152,Open
T082,21-22,2022-03-01,152,Open
T083,21-22,2022-03-01,152,Groomed
T084,21-22,2022-03-01,152,Open
T085,21-22,2022-03-01,152,Open
T086,21-22,2022-03-01,152,Open
T087,21-22,2022-03-01,152,Open
T088,21-22,2022-03-01,152,Open
T089,21-22,2022-03-01,152,Open
T090,21-22,2022-03-01,152,Open
T091,21-22,2022-03-01,152,Open
T092,21-22,2022-03-01,152,Open
T127,21-22,2022-03-01,152,Open
T134,21-22,2022-03-01,152,Open
T135,21-22,2022-03-01,152,Open
T136,21-22,2022-03-01,152,Open
T137,21-22,2022-03-01,152,Open
T148,21-22,2022-03-01,152,Open
T154,21-22,2022-03-01,152,Closed
T001,21-22,2022-03-02,153,Groomed
T002,21-22,2022-03-02,153,Groomed
T003,21-22,2022-03-02,153,Groomed
T004,21-22,2022-03-02,153,Open
T005,21-22,2022-03-02,153,Groomed
T006,21-22,2022-03-02,153,Groomed
T007,21-22,2022-03-02,153,Groomed
T008,21-22,2022-03-02,153,Groomed
T009,21-22,2022-03-02,153,Groomed
T010,21-22,2022-03-02,153,Groomed
T011,21-22,2022-03-02,153,Groomed
T012,21-22,2022-03-02,153,Groomed
T013,21-22,2022-03-02,153,Groomed
T014,21-22,2022-03-02,153,Groomed
T015,21-22,2022-03-02,153,Groomed
T016,21-22,2022-03-02,153,Open
T017,21-22,2022-03-02,153,Open
T018,21-22,2022-03-02,153,Groomed
T019,21-22,2022-03-02,153,Groomed
T020,21-22,2022-03-02,153,Groomed
T021,21-22,2022-03-02,153,Groomed
T022,21-22,2022-03-02,153,Groomed
T023,21-22,2022-03-02,153,Groomed
T024,21-22,2022-03-02,153,Open
T025,21-22,2022-03-02,153,Groomed
T026,21-22,2022-03-02,153,Groomed
T027,21-22,2022-03-02,153,Open
T028,21-22,2022-03-02,153,Groomed
T029,21-22,2022-03-02,153,Groomed
T030,21-22,2022-03-02,153,Groomed
T031,21-22,2022-03-02,153,Groomed
T032,21-22,2022-03-02,153,Groomed
T033,21-22,2022-03-02,153,Groomed
T034,21-22,2022-03-02,153,Groomed
T035,21-22,2022-03-02,153,Groomed
T036,21-22,2022-03-02,153,Groomed
T037,21-22,2022-03-02,153,Groomed
T038,21-22,2022-03-02,153,Groomed
T039,21-22,2022-03-02,153,Groomed
T040,21-22,2022-03-02,153,Groomed
T041,21-22,2022-03-02,153,Groomed
T042,21-22,2022-03-02,153,Open
T043,21-22,2022-03-02,153,Groomed
T044,21-22,2022-03-02,153,Open
T045,21-22,2022-03-02,153,Open
T046,21-22,2022-03-02,153,Open
T047,21-22,2022-03-02,153,Open
T048,21-22,2022-03-02,153,Open
T049,21-22,2022-03-02,153,Open
T050,21-22,2022-03-02,153,Groomed
T051,21-22,2022-03-02,153,Open
T052,21-22,2022-03-02,153,Groomed
T053,21-22,2022-03-02,153,Open
T054,21-22,2022-03-02,153,Open
T055,21-22,2022-03-02,153,Open
T056,21-22,2022-03-02,153,Open
T057,21-22,2022-03-02,153,Open
T058,21-22,2022-03-02,153,Open
T061,21-22,2022-03-02,153,Groomed
T063,21-22,2022-03-02,153,Groomed
T064,21-22,2022-03-02,153,Groomed
T065,21-22,2022-03-02,153,Open
T067,21-22,2022-03-02,153,Groomed
T068,21-22,2022-03-02,153,Open
T069,21-22,2022-03-02,153,Open
T070,21-22,2022-03-02,153,Open
T071,21-22,2022-03-02,153,Open
T072,21-22,2022-03-02,153,Open
T073,21-22,2022-03-02,153,Open
T074,21-22,2022-03-02,153,Open
T075,21-22,2022-03-02,153,Open
T076,21-22,2022-03-02,153,Open
T077,21-22,2022-03-02,153,Groomed
T078,21-22,2022-03-02,153,Groomed
T079,21-22,2022-03-02,153,Groomed
T080,21-22,2022-03-02,153,Open
T081,21-22,2022-03-02,153,Open
T082,21-22,2022-03-02,153,Open
T083,21-22,2022-03-02,153,Groomed
T084,21-22,2022-03-02,153,Open
T085,21-22,2022-03-02,153,Open
T086,21-22,2022-03-02,153,Open
T087,21-22,2022-03-02,153,Open
T088,21-22,2022-03-02,153,Open
T089,21-22,2022-03-02,153,Open
T090,21-22,2022-03-02,153,Open
T091,21-22,2022-03-02,153,Open
T092,21-22,2022-03-02,153,Open
T127,21-22,2022-03-02,153,Open
T134,21-22,2022-03-02,153,Open
T135,21-22,2022-03-02,153,Open
T136,21-22,2022-03-02,153,Open
T137,21-22,2022-03-02,153,Open
T148,21-22,2022-03-02,153,Open
T154,21-22,2022-03-02,153,Closed
T001,21-22,2022-03-03,154,Groomed
T002,21-22,2022-03-03,154,Groomed
T003,21-22,2022-03-03,154,Groomed
T004,21-22,2022-03-03,154,Open
T005,21-22,2022-03-03,154,Groomed
T006,21-22,2022-03-03,154,Open
T007,21-22,2022-03-03,154,Groomed
T008,21-22,2022-03-03,154,Groomed
T009,21-22,2022-03-03,154,Groomed
T010,21-22,2022-03-03,154,Groomed
T011,21-22,2022-03-03,154,Groomed
T012,21-22,2022-03-03,154,Groomed
T013,21-22,2022-03-03,154,Groomed
T014,21-22,2022-03-03,154,Groomed
T015,21-22,2022-03-03,154,Groomed
T016,21-22,2022-03-03,154,Open
T017,21-22,2022-03-03,154,Open
T018,21-22,2022-03-03,154,Groomed
T019,21-22,2022-03-03,154,Open
T020,21-22,2022-03-03,154,Groomed
T021,21-22,2022-03-03,154,Groomed
T022,21-22,2022-03-03,154,Groomed
T023,21-22,2022-03-03,154,Groomed
T024,21-22,2022-03-03,154,Open
T025,21-22,2022-03-03,154,Groomed
T026,21-22,2022-03-03,154,Open
T027,21-22,2022-03-03,154,Open
T028,21-22,2022-03-03,154,Groomed
T029,21-22,2022-03-03,154,Groomed
T030,21-22,2022-03-03,154,Groomed
T031,21-22,2022-03-03,154,Groomed
T032,21-22,2022-03-03,154,Groomed
T033,21-22,2022-03-03,154,Groomed
T034,21-22,2022-03-03,154,Groomed
T035,21-22,2022-03-03,154,Open
T036,21-22,2022-03-03,154,Groomed
T037,21-22,2022-03-03,154,Open
T038,21-22,2022-03-03,154,Open
T039,21-22,2022-03-03,154,Open
T040,21-22,2022-03-03,154,Groomed
T041,21-22,2022-03-03,154,Groomed
T042,21-22,2022-03-03,154,Open
T043,21-22,2022-03-03,154,Groomed
T044,21-22,2022-03-03,154,Open
T045,21-22,2022-03-03,154,Open
T046,21-22,2022-03-03,154,Open
T047,21-22,2022-03-03,154,Open
T048,21-22,2022-03-03,154,Open
T049,21-22,2022-03-03,154,Open
T050,21-22,2022-03-03,154,Groomed
T051,21-22,2022-03-03,154,Open
T052,21-22,2022-03-03,154,Closed
T053,21-22,2022-03-03,154,Open
T054,21-22,2022-03-03,154,Open
T055,21-22,2022-03-03,154,Open
T056,21-22,2022-03-03,154,Open
T057,21-22,2022-03-03,154,Open
T058,21-22,2022-03-03,154,Open
T061,21-22,2022-03-03,154,Groomed
T063,21-22,2022-03-03,154,Groomed
T064,21-22,2022-03-03,154,Groomed
T065,21-22,2022-03-03,154,Open
T067,21-22,2022-03-03,154,Groomed
T068,21-22,2022-03-03,154,Open
T069,21-22,2022-03-03,154,Open
T070,21-22,2022-03-03,154,Open
T071,21-22,2022-03-03,154,Open
T072,21-22,2022-03-03,154,Open
T073,21-22,2022-03-03,154,Open
T074,21-22,2022-03-03,154,Open
T075,21-22,2022-03-03,154,Open
T076,21-22,2022-03-03,154,Open
T077,21-22,2022-03-03,154,Groomed
T078,21-22,2022-03-03,154,Groomed
T079,21-22,2022-03-03,154,Groomed
T080,21-22,2022-03-03,154,Open
T081,21-22,2022-03-03,154,Open
T082,21-22,2022-03-03,154,Open
T083,21-22,2022-03-03,154,Groomed
T084,21-22,2022-03-03,154,Open
T085,21-22,2022-03-03,154,Open
T086,21-22,2022-03-03,154,Open
T087,21-22,2022-03-03,154,Open
T088,21-22,2022-03-03,154,Open
T089,21-22,2022-03-03,154,Open
T090,21-22,2022-03-03,154,Open
T091,21-22,2022-03-03,154,Open
T092,21-22,2022-03-03,154,Open
T127,21-22,2022-03-03,154,Open
T134,21-22,2022-03-03,154,Open
T135,21-22,2022-03-03,154,Open
T136,21-22,2022-03-03,154,Open
T137,21-22,2022-03-03,154,Open
T148,21-22,2022-03-03,154,Open
T154,21-22,2022-03-03,154,Closed
T001,21-22,2022-03-04,155,Groomed
T002,21-22,2022-03-04,155,Groomed
T003,21-22,2022-03-04,155,Groomed
T004,21-22,2022-03-04,155,Open
T005,21-22,2022-03-04,155,Groomed
T006,21-22,2022-03-04,155,Groomed
T007,21-22,2022-03-04,155,Groomed
T008,21-22,2022-03-04,155,Groomed
T009,21-22,2022-03-04,155,Groomed
T010,21-22,2022-03-04,155,Groomed
T011,21-22,2022-03-04,155,Groomed
T012,21-22,2022-03-04,155,Groomed
T013,21-22,2022-03-04,155,Groomed
T014,21-22,2022-03-04,155,Groomed
T015,21-22,2022-03-04,155,Groomed
T016,21-22,2022-03-04,155,Open
T017,21-22,2022-03-04,155,Open
T018,21-22,2022-03-04,155,Groomed
T019,21-22,2022-03-04,155,Open
T020,21-22,2022-03-04,155,Open
T021,21-22,2022-03-04,155,Groomed
T022,21-22,2022-03-04,155,Groomed
T023,21-22,2022-03-04,155,Groomed
T024,21-22,2022-03-04,155,Open
T025,21-22,2022-03-04,155,Groomed
T026,21-22,2022-03-04,155,Open
T027,21-22,2022-03-04,155,Open
T028,21-22,2022-03-04,155,Groomed
T029,21-22,2022-03-04,155,Groomed
T030,21-22,2022-03-04,155,Groomed
T031,21-22,2022-03-04,155,Groomed
T032,21-22,2022-03-04,155,Groomed
T033,21-22,2022-03-04,155,Groomed
T034,21-22,2022-03-04,155,Groomed
T035,21-22,2022-03-04,155,Open
T036,21-22,2022-03-04,155,Groomed
T037,21-22,2022-03-04,155,Open
T038,21-22,2022-03-04,155,Open
T039,21-22,2022-03-04,155,Open
T040,21-22,2022-03-04,155,Open
T041,21-22,2022-03-04,155,Groomed
T042,21-22,2022-03-04,155,Open
T043,21-22,2022-03-04,155,Groomed
T044,21-22,2022-03-04,155,Open
T045,21-22,2022-03-04,155,Open
T046,21-22,2022-03-04,155,Open
T047,21-22,2022-03-04,155,Open
T048,21-22,2022-03-04,155,Open
T049,21-22,2022-03-04,155,Open
T050,21-22,2022-03-04,155,Groomed
T051,21-22,2022-03-04,155,Open
T052,21-22,2022-03-04,155,Closed
T053,21-22,2022-03-04,155,Open
T054,21-22,2022-03-04,155,Open
T055,21-22,2022-03-04,155,Open
T056,21-22,2022-03-04,155,Open
T057,21-22,2022-03-04,155,Open
T058,21-22,2022-03-04,155,Open
T061,21-22,2022-03-04,155,Groomed
T063,21-22,2022-03-04,155,Groomed
T064,21-22,2022-03-04,155,Groomed
T065,21-22,2022-03-04,155,Open
T067,21-22,2022-03-04,155,Groomed
T068,21-22,2022-03-04,155,Open
T069,21-22,2022-03-04,155,Open
T070,21-22,2022-03-04,155,Open
T071,21-22,2022-03-04,155,Open
T072,21-22,2022-03-04,155,Open
T073,21-22,2022-03-04,155,Open
T074,21-22,2022-03-04,155,Open
T075,21-22,2022-03-04,155,Open
T076,21-22,2022-03-04,155,Open
T077,21-22,2022-03-04,155,Groomed
T078,21-22,2022-03-04,155,Open
T079,21-22,2022-03-04,155,Groomed
T080,21-22,2022-03-04,155,Open
T081,21-22,2022-03-04,155,Open
T082,21-22,2022-03-04,155,Open
T083,21-22,2022-03-04,155,Open
T084,21-22,2022-03-04,155,Open
T085,21-22,2022-03-04,155,Open
T086,21-22,2022-03-04,155,Open
T087,21-22,2022-03-04,155,Open
T088,21-22,2022-03-04,155,Open
T089,21-22,2022-03-04,155,Open
T090,21-22,2022-03-04,155,Open
T091,21-22,2022-03-04,155,Open
T092,21-22,2022-03-04,155,Open
T127,21-22,2022-03-04,155,Open
T134,21-22,2022-03-04,155,Open
T135,21-22,2022-03-04,155,Open
T136,21-22,2022-03-04,155,Open
T137,21-22,2022-03-04,155,Open
T148,21-22,2022-03-04,155,Open
T154,21-22,2022-03-04,155,Closed
T001,21-22,2022-03-05,156,Groomed
T002,21-22,2022-03-05,156,Groomed
T003,21-22,2022-03-05,156,Groomed
T004,21-22,2022-03-05,156,Open
T005,21-22,2022-03-05,156,Groomed
T006,21-22,2022-03-05,156,Groomed
T007,21-22,2022-03-05,156,Groomed
T008,21-22,2022-03-05,156,Groomed
T009,21-22,2022-03-05,156,Groomed
T010,21-22,2022-03-05,156,Groomed
T011,21-22,2022-03-05,156,Groomed
T012,21-22,2022-03-05,156,Groomed
T013,21-22,2022-03-05,156,Groomed
T014,21-22,2022-03-05,156,Groomed
T015,21-22,2022-03-05,156,Groomed
T016,21-22,2022-03-05,156,Open
T017,21-22,2022-03-05,156,Open
T018,21-22,2022-03-05,156,Groomed
T019,21-22,2022-03-05,156,Open
T020,21-22,2022-03-05,156,Groomed
T021,21-22,2022-03-05,156,Groomed
T022,21-22,2022-03-05,156,Groomed
T023,21-22,2022-03-05,156,Groomed
T024,21-22,2022-03-05,156,Open
T025,21-22,2022-03-05,156,Groomed
T026,21-22,2022-03-05,156,Groomed
T027,21-22,2022-03-05,156,Groomed
T028,21-22,2022-03-05,156,Groomed
T029,21-22,2022-03-05,156,Groomed
T030,21-22,2022-03-05,156,Groomed
T031,21-22,2022-03-05,156,Groomed
T032,21-22,2022-03-05,156,Groomed
T033,21-22,2022-03-05,156,Groomed
T034,21-22,2022-03-05,156,Groomed
T035,21-22,2022-03-05,156,Groomed
T036,21-22,2022-03-05,156,Groomed
T037,21-22,2022-03-05,156,Open
T038,21-22,2022-03-05,156,Open
T039,21-22,2022-03-05,156,Open
T040,21-22,2022-03-05,156,Open
T041,21-22,2022-03-05,156,Groomed
T042,21-22,2022-03-05,156,Open
T043,21-22,2022-03-05,156,Groomed
T044,21-22,2022-03-05,156,Open
T045,21-22,2022-03-05,156,Open
T046,21-22,2022-03-05,156,Open
T047,21-22,2022-03-05,156,Closed
T048,21-22,2022-03-05,156,Open
T049,21-22,2022-03-05,156,Open
T050,21-22,2022-03-05,156,Groomed
T051,21-22,2022-03-05,156,Open
T052,21-22,2022-03-05,156,Closed
T053,21-22,2022-03-05,156,Open
T054,21-22,2022-03-05,156,Open
T055,21-22,2022-03-05,156,Open
T056,21-22,2022-03-05,156,Open
T057,21-22,2022-03-05,156,Open
T058,21-22,2022-03-05,156,Open
T061,21-22,2022-03-05,156,Groomed
T063,21-22,2022-03-05,156,Groomed
T064,21-22,2022-03-05,156,Groomed
T065,21-22,2022-03-05,156,Open
T067,21-22,2022-03-05,156,Groomed
T068,21-22,2022-03-05,156,Open
T069,21-22,2022-03-05,156,Open
T070,21-22,2022-03-05,156,Open
T071,21-22,2022-03-05,156,Open
T072,21-22,2022-03-05,156,Open
T073,21-22,2022-03-05,156,Open
T074,21-22,2022-03-05,156,Open
T075,21-22,2022-03-05,156,Open
T076,21-22,2022-03-05,156,Open
T077,21-22,2022-03-05,156,Groomed
T078,21-22,2022-03-05,156,Groomed
T079,21-22,2022-03-05,156,Groomed
T080,21-22,2022-03-05,156,Open
T081,21-22,2022-03-05,156,Open
T082,21-22,2022-03-05,156,Open
T083,21-22,2022-03-05,156,Groomed
T084,21-22,2022-03-05,156,Open
T085,21-22,2022-03-05,156,Open
T086,21-22,2022-03-05,156,Open
T087,21-22,2022-03-05,156,Open
T088,21-22,2022-03-05,156,Open
T089,21-22,2022-03-05,156,Open
T090,21-22,2022-03-05,156,Open
T091,21-22,2022-03-05,156,Open
T092,21-22,2022-03-05,156,Open
T127,21-22,2022-03-05,156,Open
T134,21-22,2022-03-05,156,Open
T135,21-22,2022-03-05,156,Open
T136,21-22,2022-03-05,156,Open
T137,21-22,2022-03-05,156,Open
T148,21-22,2022-03-05,156,Closed
T154,21-22,2022-03-05,156,Closed
T001,21-22,2022-03-06,157,Groomed
T002,21-22,2022-03-06,157,Groomed
T003,21-22,2022-03-06,157,Groomed
T004,21-22,2022-03-06,157,Open
T005,21-22,2022-03-06,157,Groomed
T006,21-22,2022-03-06,157,Groomed
T007,21-22,2022-03-06,157,Groomed
T008,21-22,2022-03-06,157,Groomed
T009,21-22,2022-03-06,157,Groomed
T010,21-22,2022-03-06,157,Groomed
T011,21-22,2022-03-06,157,Groomed
T012,21-22,2022-03-06,157,Groomed
T013,21-22,2022-03-06,157,Groomed
T014,21-22,2022-03-06,157,Groomed
T015,21-22,2022-03-06,157,Groomed
T016,21-22,2022-03-06,157,Open
T017,21-22,2022-03-06,157,Open
T018,21-22,2022-03-06,157,Groomed
T019,21-22,2022-03-06,157,Open
T020,21-22,2022-03-06,157,Groomed
T021,21-22,2022-03-06,157,Groomed
T022,21-22,2022-03-06,157,Groomed
T023,21-22,2022-03-06,157,Groomed
T024,21-22,2022-03-06,157,Open
T025,21-22,2022-03-06,157,Groomed
T026,21-22,2022-03-06,157,Groomed
T027,21-22,2022-03-06,157,Groomed
T028,21-22,2022-03-06,157,Groomed
T029,21-22,2022-03-06,157,Groomed
T030,21-22,2022-03-06,157,Groomed
T031,21-22,2022-03-06,157,Groomed
T032,21-22,2022-03-06,157,Groomed
T033,21-22,2022-03-06,157,Groomed
T034,21-22,2022-03-06,157,Groomed
T035,21-22,2022-03-06,157,Groomed
T036,21-22,2022-03-06,157,Groomed
T037,21-22,2022-03-06,157,Open
T038,21-22,2022-03-06,157,Open
T039,21-22,2022-03-06,157,Open
T040,21-22,2022-03-06,157,Open
T041,21-22,2022-03-06,157,Groomed
T042,21-22,2022-03-06,157,Open
T043,21-22,2022-03-06,157,Groomed
T044,21-22,2022-03-06,157,Open
T045,21-22,2022-03-06,157,Open
T046,21-22,2022-03-06,157,Open
T047,21-22,2022-03-06,157,Closed
T048,21-22,2022-03-06,157,Open
T049,21-22,2022-03-06,157,Open
T050,21-22,2022-03-06,157,Groomed
T051,21-22,2022-03-06,157,Open
T052,21-22,2022-03-06,157,Closed
T053,21-22,2022-03-06,157,Open
T054,21-22,2022-03-06,157,Open
T055,21-22,2022-03-06,157,Open
T056,21-22,2022-03-06,157,Open
T057,21-22,2022-03-06,157,Open
T058,21-22,2022-03-06,157,Open
T061,21-22,2022-03-06,157,Groomed
T063,21-22,2022-03-06,157,Groomed
T064,21-22,2022-03-06,157,Groomed
T065,21-22,2022-03-06,157,Open
T067,21-22,2022-03-06,157,Groomed
T068,21-22,2022-03-06,157,Open
T069,21-22,2022-03-06,157,Open
T070,21-22,2022-03-06,157,Open
T071,21-22,2022-03-06,157,Open
T072,21-22,2022-03-06,157,Open
T073,21-22,2022-03-06,157,Open
T074,21-22,2022-03-06,157,Open
T075,21-22,2022-03-06,157,Open
T076,21-22,2022-03-06,157,Open
T077,21-22,2022-03-06,157,Groomed
T078,21-22,2022-03-06,157,Groomed
T079,21-22,2022-03-06,157,Groomed
T080,21-22,2022-03-06,157,Open
T081,21-22,2022-03-06,157,Open
T082,21-22,2022-03-06,157,Open
T083,21-22,2022-03-06,157,Groomed
T084,21-22,2022-03-06,157,Open
T085,21-22,2022-03-06,157,Open
T086,21-22,2022-03-06,157,Open
T087,21-22,2022-03-06,157,Open
T088,21-22,2022-03-06,157,Open
T089,21-22,2022-03-06,157,Open
T090,21-22,2022-03-06,157,Open
T091,21-22,2022-03-06,157,Open
T092,21-22,2022-03-06,157,Open
T127,21-22,2022-03-06,157,Open
T134,21-22,2022-03-06,157,Open
T135,21-22,2022-03-06,157,Open
T136,21-22,2022-03-06,157,Open
T137,21-22,2022-03-06,157,Open
T148,21-22,2022-03-06,157,Closed
T154,21-22,2022-03-06,157,Closed
T001,21-22,2022-03-07,158,Groomed
T002,21-22,2022-03-07,158,Groomed
T003,21-22,2022-03-07,158,Groomed
T004,21-22,2022-03-07,158,Open
T005,21-22,2022-03-07,158,Groomed
T006,21-22,2022-03-07,158,Groomed
T007,21-22,2022-03-07,158,Groomed
T008,21-22,2022-03-07,158,Groomed
T009,21-22,2022-03-07,158,Groomed
T010,21-22,2022-03-07,158,Groomed
T011,21-22,2022-03-07,158,Groomed
T012,21-22,2022-03-07,158,Groomed
T013,21-22,2022-03-07,158,Groomed
T014,21-22,2022-03-07,158,Groomed
T015,21-22,2022-03-07,158,Groomed
T016,21-22,2022-03-07,158,Open
T017,21-22,2022-03-07,158,Open
T018,21-22,2022-03-07,158,Groomed
T019,21-22,2022-03-07,158,Open
T020,21-22,2022-03-07,158,Groomed
T021,21-22,2022-03-07,158,Groomed
T022,21-22,2022-03-07,158,Groomed
T023,21-22,2022-03-07,158,Groomed
T024,21-22,2022-03-07,158,Open
T025,21-22,2022-03-07,158,Groomed
T026,21-22,2022-03-07,158,Groomed
T027,21-22,2022-03-07,158,Groomed
T028,21-22,2022-03-07,158,Groomed
T029,21-22,2022-03-07,158,Groomed
T030,21-22,2022-03-07,158,Groomed
T031,21-22,2022-03-07,158,Groomed
T032,21-22,2022-03-07,158,Groomed
T033,21-22,2022-03-07,158,Groomed
T034,21-22,2022-03-07,158,Groomed
T035,21-22,2022-03-07,158,Groomed
T036,21-22,2022-03-07,158,Groomed
T037,21-22,2022-03-07,158,Open
T038,21-22,2022-03-07,158,Open
T039,21-22,2022-03-07,158,Open
T040,21-22,2022-03-07,158,Open
T041,21-22,2022-03-07,158,Groomed
T042,21-22,2022-03-07,158,Open
T043,21-22,2022-03-07,158,Groomed
T044,21-22,2022-03-07,158,Open
T045,21-22,2022-03-07,158,Open
T046,21-22,2022-03-07,158,Open
T047,21-22,2022-03-07,158,Closed
T048,21-22,2022-03-07,158,Open
T049,21-22,2022-03-07,158,Open
T050,21-22,2022-03-07,158,Groomed
T051,21-22,2022-03-07,158,Open
T052,21-22,2022-03-07,158,Closed
T053,21-22,2022-03-07,158,Open
T054,21-22,2022-03-07,158,Open
T055,21-22,2022-03-07,158,Open
T056,21-22,2022-03-07,158,Open
T057,21-22,2022-03-07,158,Open
T058,21-22,2022-03-07,158,Open
T061,21-22,2022-03-07,158,Groomed
T063,21-22,2022-03-07,158,Groomed
T064,21-22,2022-03-07,158,Groomed
T065,21-22,2022-03-07,158,Open
T067,21-22,2022-03-07,158,Groomed
T068,21-22,2022-03-07,158,Open
T069,21-22,2022-03-07,158,Open
T070,21-22,2022-03-07,158,Open
T071,21-22,2022-03-07,158,Open
T072,21-22,2022-03-07,158,Open
T073,21-22,2022-03-07,158,Open
T074,21-22,2022-03-07,158,Open
T075,21-22,2022-03-07,158,Open
T076,21-22,2022-03-07,158,Open
T077,21-22,2022-03-07,158,Groomed
T078,21-22,2022-03-07,158,Groomed
T079,21-22,2022-03-07,158,Groomed
T080,21-22,2022-03-07,158,Open
T081,21-22,2022-03-07,158,Open
T082,21-22,2022-03-07,158,Open
T083,21-22,2022-03-07,158,Groomed
T084,21-22,2022-03-07,158,Open
T085,21-22,2022-03-07,158,Open
T086,21-22,2022-03-07,158,Open
T087,21-22,2022-03-07,158,Open
T088,21-22,2022-03-07,158,Open
T089,21-22,2022-03-07,158,Open
T090,21-22,2022-03-07,158,Open
T091,21-22,2022-03-07,158,Open
T092,21-22,2022-03-07,158,Open
T127,21-22,2022-03-07,158,Open
T134,21-22,2022-03-07,158,Open
T135,21-22,2022-03-07,158,Open
T136,21-22,2022-03-07,158,Open
T137,21-22,2022-03-07,158,Open
T148,21-22,2022-03-07,158,Closed
T154,21-22,2022-03-07,158,Closed
T001,21-22,2022-03-08,159,Groomed
T002,21-22,2022-03-08,159,Groomed
T003,21-22,2022-03-08,159,Groomed
T004,21-22,2022-03-08,159,Open
T005,21-22,2022-03-08,159,Groomed
T006,21-22,2022-03-08,159,Groomed
T007,21-22,2022-03-08,159,Groomed
T008,21-22,2022-03-08,159,Groomed
T009,21-22,2022-03-08,159,Groomed
T010,21-22,2022-03-08,159,Groomed
T011,21-22,2022-03-08,159,Groomed
T012,21-22,2022-03-08,159,Groomed
T013,21-22,2022-03-08,159,Groomed
T014,21-22,2022-03-08,159,Groomed
T015,21-22,2022-03-08,159,Groomed
T016,21-22,2022-03-08,159,Open
T017,21-22,2022-03-08,159,Open
T018,21-22,2022-03-08,159,Groomed
T019,21-22,2022-03-08,159,Open
T020,21-22,2022-03-08,159,Groomed
T021,21-22,2022-03-08,159,Groomed
T022,21-22,2022-03-08,159,Groomed
T023,21-22,2022-03-08,159,Groomed
T024,21-22,2022-03-08,159,Groomed
T025,21-22,2022-03-08,159,Groomed
T026,21-22,2022-03-08,159,Groomed
T027,21-22,2022-03-08,159,Groomed
T028,21-22,2022-03-08,159,Groomed
T029,21-22,2022-03-08,159,Groomed
T030,21-22,2022-03-08,159,Groomed
T031,21-22,2022-03-08,159,Groomed
T032,21-22,2022-03-08,159,Groomed
T033,21-22,2022-03-08,159,Groomed
T034,21-22,2022-03-08,159,Groomed
T035,21-22,2022-03-08,159,Groomed
T036,21-22,2022-03-08,159,Groomed
T037,21-22,2022-03-08,159,Open
T038,21-22,2022-03-08,159,Open
T039,21-22,2022-03-08,159,Groomed
T040,21-22,2022-03-08,159,Groomed
T041,21-22,2022-03-08,159,Groomed
T042,21-22,2022-03-08,159,Open
T043,21-22,2022-03-08,159,Groomed
T044,21-22,2022-03-08,159,Open
T045,21-22,2022-03-08,159,Open
T046,21-22,2022-03-08,159,Open
T047,21-22,2022-03-08,159,Closed
T048,21-22,2022-03-08,159,Open
T049,21-22,2022-03-08,159,Open
T050,21-22,2022-03-08,159,Groomed
T051,21-22,2022-03-08,159,Open
T052,21-22,2022-03-08,159,Closed
T053,21-22,2022-03-08,159,Open
T054,21-22,2022-03-08,159,Open
T055,21-22,2022-03-08,159,Open
T056,21-22,2022-03-08,159,Open
T057,21-22,2022-03-08,159,Open
T058,21-22,2022-03-08,159,Open
T061,21-22,2022-03-08,159,Groomed
T063,21-22,2022-03-08,159,Groomed
T064,21-22,2022-03-08,159,Groomed
T065,21-22,2022-03-08,159,Open
T067,21-22,2022-03-08,159,Groomed
T068,21-22,2022-03-08,159,Open
T069,21-22,2022-03-08,159,Open
T070,21-22,2022-03-08,159,Open
T071,21-22,2022-03-08,159,Open
T072,21-22,2022-03-08,159,Open
T073,21-22,2022-03-08,159,Open
T074,21-22,2022-03-08,159,Open
T075,21-22,2022-03-08,159,Open
T076,21-22,2022-03-08,159,Open
T077,21-22,2022-03-08,159,Groomed
T078,21-22,2022-03-08,159,Groomed
T079,21-22,2022-03-08,159,Groomed
T080,21-22,2022-03-08,159,Open
T081,21-22,2022-03-08,159,Open
T082,21-22,2022-03-08,159,Open
T083,21-22,2022-03-08,159,Groomed
T084,21-22,2022-03-08,159,Open
T085,21-22,2022-03-08,159,Open
T086,21-22,2022-03-08,159,Open
T087,21-22,2022-03-08,159,Open
T088,21-22,2022-03-08,159,Open
T089,21-22,2022-03-08,159,Open
T090,21-22,2022-03-08,159,Open
T091,21-22,2022-03-08,159,Open
T092,21-22,2022-03-08,159,Open
T127,21-22,2022-03-08,159,Open
T134,21-22,2022-03-08,159,Open
T135,21-22,2022-03-08,159,Open
T136,21-22,2022-03-08,159,Open
T137,21-22,2022-03-08,159,Open
T148,21-22,2022-03-08,159,Closed
T154,21-22,2022-03-08,159,Closed
T001,21-22,2022-03-09,160,Groomed
T002,21-22,2022-03-09,160,Groomed
T003,21-22,2022-03-09,160,Groomed
T004,21-22,2022-03-09,160,Open
T005,21-22,2022-03-09,160,Groomed
T006,21-22,2022-03-09,160,Groomed
T007,21-22,2022-03-09,160,Groomed
T008,21-22,2022-03-09,160,Groomed
T009,21-22,2022-03-09,160,Groomed
T010,21-22,2022-03-09,160,Groomed
T011,21-22,2022-03-09,160,Groomed
T012,21-22,2022-03-09,160,Groomed
T013,21-22,2022-03-09,160,Groomed
T014,21-22,2022-03-09,160,Groomed
T015,21-22,2022-03-09,160,Groomed
T016,21-22,2022-03-09,160,Groomed
T017,21-22,2022-03-09,160,Open
T018,21-22,2022-03-09,160,Groomed
T019,21-22,2022-03-09,160,Open
T020,21-22,2022-03-09,160,Groomed
T021,21-22,2022-03-09,160,Groomed
T022,21-22,2022-03-09,160,Groomed
T023,21-22,2022-03-09,160,Groomed
T024,21-22,2022-03-09,160,Groomed
T025,21-22,2022-03-09,160,Groomed
T026,21-22,2022-03-09,160,Groomed
T027,21-22,2022-03-09,160,Groomed
T028,21-22,2022-03-09,160,Groomed
T029,21-22,2022-03-09,160,Groomed
T030,21-22,2022-03-09,160,Groomed
T031,21-22,2022-03-09,160,Groomed
T032,21-22,2022-03-09,160,Groomed
T033,21-22,2022-03-09,160,Groomed
T034,21-22,2022-03-09,160,Groomed
T035,21-22,2022-03-09,160,Groomed
T036,21-22,2022-03-09,160,Groomed
T037,21-22,2022-03-09,160,Open
T038,21-22,2022-03-09,160,Open
T039,21-22,2022-03-09,160,Groomed
T040,21-22,2022-03-09,160,Groomed
T041,21-22,2022-03-09,160,Groomed
T042,21-22,2022-03-09,160,Open
T043,21-22,2022-03-09,160,Groomed
T044,21-22,2022-03-09,160,Open
T045,21-22,2022-03-09,160,Open
T046,21-22,2022-03-09,160,Open
T047,21-22,2022-03-09,160,Closed
T048,21-22,2022-03-09,160,Open
T049,21-22,2022-03-09,160,Open
T050,21-22,2022-03-09,160,Groomed
T051,21-22,2022-03-09,160,Open
T052,21-22,2022-03-09,160,Closed
T053,21-22,2022-03-09,160,Open
T054,21-22,2022-03-09,160,Open
T055,21-22,2022-03-09,160,Open
T056,21-22,2022-03-09,160,Open
T057,21-22,2022-03-09,160,Open
T058,21-22,2022-03-09,160,Open
T061,21-22,2022-03-09,160,Groomed
T063,21-22,2022-03-09,160,Groomed
T064,21-22,2022-03-09,160,Groomed
T065,21-22,2022-03-09,160,Open
T067,21-22,2022-03-09,160,Groomed
T068,21-22,2022-03-09,160,Open
T069,21-22,2022-03-09,160,Open
T070,21-22,2022-03-09,160,Open
T071,21-22,2022-03-09,160,Open
T072,21-22,2022-03-09,160,Open
T073,21-22,2022-03-09,160,Open
T074,21-22,2022-03-09,160,Open
T075,21-22,2022-03-09,160,Open
T076,21-22,2022-03-09,160,Open
T077,21-22,2022-03-09,160,Groomed
T078,21-22,2022-03-09,160,Open
T079,21-22,2022-03-09,160,Groomed
T080,21-22,2022-03-09,160,Open
T081,21-22,2022-03-09,160,Open
T082,21-22,2022-03-09,160,Open
T083,21-22,2022-03-09,160,Open
T084,21-22,2022-03-09,160,Open
T085,21-22,2022-03-09,160,Open
T086,21-22,2022-03-09,160,Open
T087,21-22,2022-03-09,160,Open
T088,21-22,2022-03-09,160,Open
T089,21-22,2022-03-09,160,Open
T090,21-22,2022-03-09,160,Open
T091,21-22,2022-03-09,160,Open
T092,21-22,2022-03-09,160,Open
T127,21-22,2022-03-09,160,Open
T134,21-22,2022-03-09,160,Open
T135,21-22,2022-03-09,160,Open
T136,21-22,2022-03-09,160,Open
T137,21-22,2022-03-09,160,Open
T148,21-22,2022-03-09,160,Open
T154,21-22,2022-03-09,160,Closed
T001,21-22,2022-03-10,161,Groomed
T002,21-22,2022-03-10,161,Groomed
T003,21-22,2022-03-10,161,Groomed
T004,21-22,2022-03-10,161,Open
T005,21-22,2022-03-10,161,Groomed
T006,21-22,2022-03-10,161,Groomed
T007,21-22,2022-03-10,161,Groomed
T008,21-22,2022-03-10,161,Groomed
T009,21-22,2022-03-10,161,Groomed
T010,21-22,2022-03-10,161,Groomed
T011,21-22,2022-03-10,161,Groomed
T012,21-22,2022-03-10,161,Groomed
T013,21-22,2022-03-10,161,Groomed
T014,21-22,2022-03-10,161,Groomed
T015,21-22,2022-03-10,161,Groomed
T016,21-22,2022-03-10,161,Groomed
T017,21-22,2022-03-10,161,Open
T018,21-22,2022-03-10,161,Groomed
T019,21-22,2022-03-10,161,Open
T020,21-22,2022-03-10,161,Groomed
T021,21-22,2022-03-10,161,Groomed
T022,21-22,2022-03-10,161,Groomed
T023,21-22,2022-03-10,161,Groomed
T024,21-22,2022-03-10,161,Open
T025,21-22,2022-03-10,161,Groomed
T026,21-22,2022-03-10,161,Groomed
T027,21-22,2022-03-10,161,Groomed
T028,21-22,2022-03-10,161,Groomed
T029,21-22,2022-03-10,161,Groomed
T030,21-22,2022-03-10,161,Groomed
T031,21-22,2022-03-10,161,Groomed
T032,21-22,2022-03-10,161,Groomed
T033,21-22,2022-03-10,161,Groomed
T034,21-22,2022-03-10,161,Groomed
T035,21-22,2022-03-10,161,Open
T036,21-22,2022-03-10,161,Groomed
T037,21-22,2022-03-10,161,Open
T038,21-22,2022-03-10,161,Open
T039,21-22,2022-03-10,161,Open
T040,21-22,2022-03-10,161,Groomed
T041,21-22,2022-03-10,161,Groomed
T042,21-22,2022-03-10,161,Open
T043,21-22,2022-03-10,161,Groomed
T044,21-22,2022-03-10,161,Open
T045,21-22,2022-03-10,161,Open
T046,21-22,2022-03-10,161,Open
T047,21-22,2022-03-10,161,Closed
T048,21-22,2022-03-10,161,Open
T049,21-22,2022-03-10,161,Open
T050,21-22,2022-03-10,161,Groomed
T051,21-22,2022-03-10,161,Open
T052,21-22,2022-03-10,161,Closed
T053,21-22,2022-03-10,161,Open
T054,21-22,2022-03-10,161,Open
T055,21-22,2022-03-10,161,Open
T056,21-22,2022-03-10,161,Open
T057,21-22,2022-03-10,161,Open
T058,21-22,2022-03-10,161,Open
T061,21-22,2022-03-10,161,Groomed
T063,21-22,2022-03-10,161,Groomed
T064,21-22,2022-03-10,161,Groomed
T065,21-22,2022-03-10,161,Open
T067,21-22,2022-03-10,161,Groomed
T068,21-22,2022-03-10,161,Open
T069,21-22,2022-03-10,161,Open
T070,21-22,2022-03-10,161,Open
T071,21-22,2022-03-10,161,Open
T072,21-22,2022-03-10,161,Open
T073,21-22,2022-03-10,161,Open
T074,21-22,2022-03-10,161,Open
T075,21-22,2022-03-10,161,Open
T076,21-22,2022-03-10,161,Open
T077,21-22,2022-03-10,161,Groomed
T078,21-22,2022-03-10,161,Groomed
T079,21-22,2022-03-10,161,Open
T080,21-22,2022-03-10,161,Open
T081,21-22,2022-03-10,161,Open
T082,21-22,2022-03-10,161,Open
T083,21-22,2022-03-10,161,Groomed
T084,21-22,2022-03-10,161,Open
T085,21-22,2022-03-10,161,Open
T086,21-22,2022-03-10,161,Open
T087,21-22,2022-03-10,161,Open
T088,21-22,2022-03-10,161,Open
T089,21-22,2022-03-10,161,Open
T090,21-22,2022-03-10,161,Open
T091,21-22,2022-03-10,161,Open
T092,21-22,2022-03-10,161,Open
T127,21-22,2022-03-10,161,Open
T134,21-22,2022-03-10,161,Open
T135,21-22,2022-03-10,161,Open
T136,21-22,2022-03-10,161,Open
T137,21-22,2022-03-10,161,Open
T148,21-22,2022-03-10,161,Open
T154,21-22,2022-03-10,161,Closed
T001,21-22,2022-03-11,162,Groomed
T002,21-22,2022-03-11,162,Groomed
T003,21-22,2022-03-11,162,Groomed
T004,21-22,2022-03-11,162,Open
T005,21-22,2022-03-11,162,Groomed
T006,21-22,2022-03-11,162,Groomed
T007,21-22,2022-03-11,162,Groomed
T008,21-22,2022-03-11,162,Groomed
T009,21-22,2022-03-11,162,Groomed
T010,21-22,2022-03-11,162,Groomed
T011,21-22,2022-03-11,162,Groomed
T012,21-22,2022-03-11,162,Groomed
T013,21-22,2022-03-11,162,Groomed
T014,21-22,2022-03-11,162,Groomed
T015,21-22,2022-03-11,162,Groomed
T016,21-22,2022-03-11,162,Groomed
T017,21-22,2022-03-11,162,Open
T018,21-22,2022-03-11,162,Groomed
T019,21-22,2022-03-11,162,Open
T020,21-22,2022-03-11,162,Open
T021,21-22,2022-03-11,162,Groomed
T022,21-22,2022-03-11,162,Groomed
T023,21-22,2022-03-11,162,Groomed
T024,21-22,2022-03-11,162,Open
T025,21-22,2022-03-11,162,Groomed
T026,21-22,2022-03-11,162,Groomed
T027,21-22,2022-03-11,162,Groomed
T028,21-22,2022-03-11,162,Groomed
T029,21-22,2022-03-11,162,Groomed
T030,21-22,2022-03-11,162,Groomed
T031,21-22,2022-03-11,162,Groomed
T032,21-22,2022-03-11,162,Groomed
T033,21-22,2022-03-11,162,Groomed
T034,21-22,2022-03-11,162,Groomed
T035,21-22,2022-03-11,162,Groomed
T036,21-22,2022-03-11,162,Groomed
T037,21-22,2022-03-11,162,Open
T038,21-22,2022-03-11,162,Groomed
T039,21-22,2022-03-11,162,Groomed
T040,21-22,2022-03-11,162,Open
T041,21-22,2022-03-11,162,Groomed
T042,21-22,2022-03-11,162,Open
T043,21-22,2022-03-11,162,Groomed
T044,21-22,2022-03-11,162,Open
T045,21-22,2022-03-11,162,Open
T046,21-22,2022-03-11,162,Open
T047,21-22,2022-03-11,162,Closed
T048,21-22,2022-03-11,162,Open
T049,21-22,2022-03-11,162,Open
T050,21-22,2022-03-11,162,Groomed
T051,21-22,2022-03-11,162,Open
T052,21-22,2022-03-11,162,Closed
T053,21-22,2022-03-11,162,Open
T054,21-22,2022-03-11,162,Open
T055,21-22,2022-03-11,162,Open
T056,21-22,2022-03-11,162,Open
T057,21-22,2022-03-11,162,Open
T058,21-22,2022-03-11,162,Open
T061,21-22,2022-03-11,162,Groomed
T063,21-22,2022-03-11,162,Groomed
T064,21-22,2022-03-11,162,Groomed
T065,21-22,2022-03-11,162,Open
T067,21-22,2022-03-11,162,Groomed
T068,21-22,2022-03-11,162,Open
T069,21-22,2022-03-11,162,Open
T070,21-22,2022-03-11,162,Open
T071,21-22,2022-03-11,162,Open
T072,21-22,2022-03-11,162,Open
T073,21-22,2022-03-11,162,Open
T074,21-22,2022-03-11,162,Open
T075,21-22,2022-03-11,162,Open
T076,21-22,2022-03-11,162,Open
T077,21-22,2022-03-11,162,Groomed
T078,21-22,2022-03-11,162,Open
T079,21-22,2022-03-11,162,Groomed
T080,21-22,2022-03-11,162,Open
T081,21-22,2022-03-11,162,Open
T082,21-22,2022-03-11,162,Open
T083,21-22,2022-03-11,162,Open
T084,21-22,2022-03-11,162,Open
T085,21-22,2022-03-11,162,Open
T086,21-22,2022-03-11,162,Open
T087,21-22,2022-03-11,162,Open
T088,21-22,2022-03-11,162,Open
T089,21-22,2022-03-11,162,Open
T090,21-22,2022-03-11,162,Open
T091,21-22,2022-03-11,162,Open
T092,21-22,2022-03-11,162,Open
T127,21-22,2022-03-11,162,Open
T134,21-22,2022-03-11,162,Open
T135,21-22,2022-03-11,162,Open
T136,21-22,2022-03-11,162,Open
T137,21-22,2022-03-11,162,Open
T148,21-22,2022-03-11,162,Open
T154,21-22,2022-03-11,162,Closed
T001,21-22,2022-03-12,163,Groomed
T002,21-22,2022-03-12,163,Groomed
T003,21-22,2022-03-12,163,Groomed
T004,21-22,2022-03-12,163,Open
T005,21-22,2022-03-12,163,Groomed
T006,21-22,2022-03-12,163,Groomed
T007,21-22,2022-03-12,163,Groomed
T008,21-22,2022-03-12,163,Groomed
T009,21-22,2022-03-12,163,Groomed
T010,21-22,2022-03-12,163,Groomed
T011,21-22,2022-03-12,163,Groomed
T012,21-22,2022-03-12,163,Groomed
T013,21-22,2022-03-12,163,Groomed
T014,21-22,2022-03-12,163,Groomed
T015,21-22,2022-03-12,163,Groomed
T016,21-22,2022-03-12,163,Open
T017,21-22,2022-03-12,163,Open
T018,21-22,2022-03-12,163,Groomed
T019,21-22,2022-03-12,163,Open
T020,21-22,2022-03-12,163,Groomed
T021,21-22,2022-03-12,163,Groomed
T022,21-22,2022-03-12,163,Groomed
T023,21-22,2022-03-12,163,Groomed
T024,21-22,2022-03-12,163,Groomed
T025,21-22,2022-03-12,163,Groomed
T026,21-22,2022-03-12,163,Groomed
T027,21-22,2022-03-12,163,Groomed
T028,21-22,2022-03-12,163,Groomed
T029,21-22,2022-03-12,163,Groomed
T030,21-22,2022-03-12,163,Groomed
T031,21-22,2022-03-12,163,Groomed
T032,21-22,2022-03-12,163,Groomed
T033,21-22,2022-03-12,163,Groomed
T034,21-22,2022-03-12,163,Groomed
T035,21-22,2022-03-12,163,Groomed
T036,21-22,2022-03-12,163,Groomed
T037,21-22,2022-03-12,163,Open
T038,21-22,2022-03-12,163,Open
T039,21-22,2022-03-12,163,Groomed
T040,21-22,2022-03-12,163,Groomed
T041,21-22,2022-03-12,163,Groomed
T042,21-22,2022-03-12,163,Open
T043,21-22,2022-03-12,163,Groomed
T044,21-22,2022-03-12,163,Open
T045,21-22,2022-03-12,163,Open
T046,21-22,2022-03-12,163,Open
T047,21-22,2022-03-12,163,Open
T048,21-22,2022-03-12,163,Open
T049,21-22,2022-03-12,163,Open
T050,21-22,2022-03-12,163,Groomed
T051,21-22,2022-03-12,163,Open
T052,21-22,2022-03-12,163,Closed
T053,21-22,2022-03-12,163,Open
T054,21-22,2022-03-12,163,Open
T055,21-22,2022-03-12,163,Open
T056,21-22,2022-03-12,163,Open
T057,21-22,2022-03-12,163,Open
T058,21-22,2022-03-12,163,Open
T061,21-22,2022-03-12,163,Groomed
T063,21-22,2022-03-12,163,Groomed
T064,21-22,2022-03-12,163,Groomed
T065,21-22,2022-03-12,163,Open
T067,21-22,2022-03-12,163,Groomed
T068,21-22,2022-03-12,163,Open
T069,21-22,2022-03-12,163,Open
T070,21-22,2022-03-12,163,Open
T071,21-22,2022-03-12,163,Open
T072,21-22,2022-03-12,163,Open
T073,21-22,2022-03-12,163,Open
T074,21-22,2022-03-12,163,Open
T075,21-22,2022-03-12,163,Open
T076,21-22,2022-03-12,163,Open
T077,21-22,2022-03-12,163,Groomed
T078,21-22,2022-03-12,163,Groomed
T079,21-22,2022-03-12,163,Groomed
T080,21-22,2022-03-12,163,Open
T081,21-22,2022-03-12,163,Open
T082,21-22,2022-03-12,163,Open
T083,21-22,2022-03-12,163,Groomed
T084,21-22,2022-03-12,163,Open
T085,21-22,2022-03-12,163,Open
T086,21-22,2022-03-12,163,Open
T087,21-22,2022-03-12,163,Open
T088,21-22,2022-03-12,163,Open
T089,21-22,2022-03-12,163,Open
T090,21-22,2022-03-12,163,Open
T091,21-22,2022-03-12,163,Open
T092,21-22,2022-03-12,163,Open
T127,21-22,2022-03-12,163,Open
T134,21-22,2022-03-12,163,Open
T135,21-22,2022-03-12,163,Open
T136,21-22,2022-03-12,163,Open
T137,21-22,2022-03-12,163,Open
T148,21-22,2022-03-12,163,Open
T154,21-22,2022-03-12,163,Closed
T001,21-22,2022-03-13,164,Groomed
T002,21-22,2022-03-13,164,Groomed
T003,21-22,2022-03-13,164,Groomed
T004,21-22,2022-03-13,164,Open
T005,21-22,2022-03-13,164,Groomed
T006,21-22,2022-03-13,164,Groomed
T007,21-22,2022-03-13,164,Groomed
T008,21-22,2022-03-13,164,Groomed
T009,21-22,2022-03-13,164,Groomed
T010,21-22,2022-03-13,164,Groomed
T011,21-22,2022-03-13,164,Groomed
T012,21-22,2022-03-13,164,Groomed
T013,21-22,2022-03-13,164,Groomed
T014,21-22,2022-03-13,164,Groomed
T015,21-22,2022-03-13,164,Groomed
T016,21-22,2022-03-13,164,Open
T017,21-22,2022-03-13,164,Open
T018,21-22,2022-03-13,164,Groomed
T019,21-22,2022-03-13,164,Open
T020,21-22,2022-03-13,164,Groomed
T021,21-22,2022-03-13,164,Groomed
T022,21-22,2022-03-13,164,Groomed
T023,21-22,2022-03-13,164,Groomed
T024,21-22,2022-03-13,164,Groomed
T025,21-22,2022-03-13,164,Groomed
T026,21-22,2022-03-13,164,Groomed
T027,21-22,2022-03-13,164,Groomed
T028,21-22,2022-03-13,164,Groomed
T029,21-22,2022-03-13,164,Groomed
T030,21-22,2022-03-13,164,Groomed
T031,21-22,2022-03-13,164,Groomed
T032,21-22,2022-03-13,164,Groomed
T033,21-22,2022-03-13,164,Groomed
T034,21-22,2022-03-13,164,Groomed
T035,21-22,2022-03-13,164,Groomed
T036,21-22,2022-03-13,164,Groomed
T037,21-22,2022-03-13,164,Open
T038,21-22,2022-03-13,164,Groomed
T039,21-22,2022-03-13,164,Groomed
T040,21-22,2022-03-13,164,Groomed
T041,21-22,2022-03-13,164,Groomed
T042,21-22,2022-03-13,164,Open
T043,21-22,2022-03-13,164,Groomed
T044,21-22,2022-03-13,164,Open
T045,21-22,2022-03-13,164,Open
T046,21-22,2022-03-13,164,Open
T047,21-22,2022-03-13,164,Open
T048,21-22,2022-03-13,164,Open
T049,21-22,2022-03-13,164,Open
T050,21-22,2022-03-13,164,Groomed
T051,21-22,2022-03-13,164,Open
T052,21-22,2022-03-13,164,Groomed
T053,21-22,2022-03-13,164,Open
T054,21-22,2022-03-13,164,Open
T055,21-22,2022-03-13,164,Open
T056,21-22,2022-03-13,164,Open
T057,21-22,2022-03-13,164,Open
T058,21-22,2022-03-13,164,Open
T061,21-22,2022-03-13,164,Groomed
T063,21-22,2022-03-13,164,Groomed
T064,21-22,2022-03-13,164,Groomed
T065,21-22,2022-03-13,164,Open
T067,21-22,2022-03-13,164,Groomed
T068,21-22,2022-03-13,164,Open
T069,21-22,2022-03-13,164,Open
T070,21-22,2022-03-13,164,Open
T071,21-22,2022-03-13,164,Open
T072,21-22,2022-03-13,164,Open
T073,21-22,2022-03-13,164,Open
T074,21-22,2022-03-13,164,Open
T075,21-22,2022-03-13,164,Open
T076,21-22,2022-03-13,164,Open
T077,21-22,2022-03-13,164,Groomed
T078,21-22,2022-03-13,164,Groomed
T079,21-22,2022-03-13,164,Groomed
T080,21-22,2022-03-13,164,Open
T081,21-22,2022-03-13,164,Open
T082,21-22,2022-03-13,164,Open
T083,21-22,2022-03-13,164,Groomed
T084,21-22,2022-03-13,164,Open
T085,21-22,2022-03-13,164,Open
T086,21-22,2022-03-13,164,Open
T087,21-22,2022-03-13,164,Open
T088,21-22,2022-03-13,164,Open
T089,21-22,2022-03-13,164,Open
T090,21-22,2022-03-13,164,Open
T091,21-22,2022-03-13,164,Open
T092,21-22,2022-03-13,164,Open
T127,21-22,2022-03-13,164,Open
T134,21-22,2022-03-13,164,Open
T135,21-22,2022-03-13,164,Open
T136,21-22,2022-03-13,164,Open
T137,21-22,2022-03-13,164,Open
T148,21-22,2022-03-13,164,Open
T154,21-22,2022-03-13,164,Closed
T001,21-22,2022-03-14,165,Groomed
T002,21-22,2022-03-14,165,Groomed
T003,21-22,2022-03-14,165,Groomed
T004,21-22,2022-03-14,165,Open
T005,21-22,2022-03-14,165,Groomed
T006,21-22,2022-03-14,165,Groomed
T007,21-22,2022-03-14,165,Groomed
T008,21-22,2022-03-14,165,Groomed
T009,21-22,2022-03-14,165,Groomed
T010,21-22,2022-03-14,165,Groomed
T011,21-22,2022-03-14,165,Groomed
T012,21-22,2022-03-14,165,Groomed
T013,21-22,2022-03-14,165,Groomed
T014,21-22,2022-03-14,165,Groomed
T015,21-22,2022-03-14,165,Groomed
T016,21-22,2022-03-14,165,Open
T017,21-22,2022-03-14,165,Open
T018,21-22,2022-03-14,165,Groomed
T019,21-22,2022-03-14,165,Open
T020,21-22,2022-03-14,165,Groomed
T021,21-22,2022-03-14,165,Groomed
T022,21-22,2022-03-14,165,Groomed
T023,21-22,2022-03-14,165,Groomed
T024,21-22,2022-03-14,165,Groomed
T025,21-22,2022-03-14,165,Groomed
T026,21-22,2022-03-14,165,Groomed
T027,21-22,2022-03-14,165,Groomed
T028,21-22,2022-03-14,165,Groomed
T029,21-22,2022-03-14,165,Groomed
T030,21-22,2022-03-14,165,Groomed
T031,21-22,2022-03-14,165,Groomed
T032,21-22,2022-03-14,165,Groomed
T033,21-22,2022-03-14,165,Groomed
T034,21-22,2022-03-14,165,Groomed
T035,21-22,2022-03-14,165,Groomed
T036,21-22,2022-03-14,165,Groomed
T037,21-22,2022-03-14,165,Open
T038,21-22,2022-03-14,165,Groomed
T039,21-22,2022-03-14,165,Groomed
T040,21-22,2022-03-14,165,Groomed
T041,21-22,2022-03-14,165,Groomed
T042,21-22,2022-03-14,165,Open
T043,21-22,2022-03-14,165,Groomed
T044,21-22,2022-03-14,165,Open
T045,21-22,2022-03-14,165,Open
T046,21-22,2022-03-14,165,Open
T047,21-22,2022-03-14,165,Open
T048,21-22,2022-03-14,165,Open
T049,21-22,2022-03-14,165,Open
T050,21-22,2022-03-14,165,Groomed
T051,21-22,2022-03-14,165,Open
T052,21-22,2022-03-14,165,Closed
T053,21-22,2022-03-14,165,Open
T054,21-22,2022-03-14,165,Open
T055,21-22,2022-03-14,165,Open
T056,21-22,2022-03-14,165,Open
T057,21-22,2022-03-14,165,Open
T058,21-22,2022-03-14,165,Open
T061,21-22,2022-03-14,165,Groomed
T063,21-22,2022-03-14,165,Groomed
T064,21-22,2022-03-14,165,Groomed
T065,21-22,2022-03-14,165,Open
T067,21-22,2022-03-14,165,Groomed
T068,21-22,2022-03-14,165,Open
T069,21-22,2022-03-14,165,Open
T070,21-22,2022-03-14,165,Open
T071,21-22,2022-03-14,165,Open
T072,21-22,2022-03-14,165,Open
T073,21-22,2022-03-14,165,Open
T074,21-22,2022-03-14,165,Open
T075,21-22,2022-03-14,165,Open
T076,21-22,2022-03-14,165,Open
T077,21-22,2022-03-14,165,Groomed
T078,21-22,2022-03-14,165,Groomed
T079,21-22,2022-03-14,165,Groomed
T080,21-22,2022-03-14,165,Open
T081,21-22,2022-03-14,165,Open
T082,21-22,2022-03-14,165,Open
T083,21-22,2022-03-14,165,Groomed
T084,21-22,2022-03-14,165,Open
T085,21-22,2022-03-14,165,Open
T086,21-22,2022-03-14,165,Open
T087,21-22,2022-03-14,165,Open
T088,21-22,2022-03-14,165,Open
T089,21-22,2022-03-14,165,Open
T090,21-22,2022-03-14,165,Open
T091,21-22,2022-03-14,165,Open
T092,21-22,2022-03-14,165,Open
T127,21-22,2022-03-14,165,Open
T134,21-22,2022-03-14,165,Open
T135,21-22,2022-03-14,165,Open
T136,21-22,2022-03-14,165,Open
T137,21-22,2022-03-14,165,Open
T148,21-22,2022-03-14,165,Open
T154,21-22,2022-03-14,165,Closed
T001,21-22,2022-03-15,166,Groomed
T002,21-22,2022-03-15,166,Groomed
T003,21-22,2022-03-15,166,Groomed
T004,21-22,2022-03-15,166,Open
T005,21-22,2022-03-15,166,Groomed
T006,21-22,2022-03-15,166,Groomed
T007,21-22,2022-03-15,166,Groomed
T008,21-22,2022-03-15,166,Groomed
T009,21-22,2022-03-15,166,Groomed
T010,21-22,2022-03-15,166,Groomed
T011,21-22,2022-03-15,166,Groomed
T012,21-22,2022-03-15,166,Groomed
T013,21-22,2022-03-15,166,Groomed
T014,21-22,2022-03-15,166,Groomed
T015,21-22,2022-03-15,166,Groomed
T016,21-22,2022-03-15,166,Open
T017,21-22,2022-03-15,166,Open
T018,21-22,2022-03-15,166,Groomed
T019,21-22,2022-03-15,166,Open
T020,21-22,2022-03-15,166,Groomed
T021,21-22,2022-03-15,166,Groomed
T022,21-22,2022-03-15,166,Groomed
T023,21-22,2022-03-15,166,Groomed
T024,21-22,2022-03-15,166,Groomed
T025,21-22,2022-03-15,166,Groomed
T026,21-22,2022-03-15,166,Groomed
T027,21-22,2022-03-15,166,Groomed
T028,21-22,2022-03-15,166,Groomed
T029,21-22,2022-03-15,166,Groomed
T030,21-22,2022-03-15,166,Groomed
T031,21-22,2022-03-15,166,Groomed
T032,21-22,2022-03-15,166,Open
T033,21-22,2022-03-15,166,Groomed
T034,21-22,2022-03-15,166,Groomed
T035,21-22,2022-03-15,166,Groomed
T036,21-22,2022-03-15,166,Groomed
T037,21-22,2022-03-15,166,Open
T038,21-22,2022-03-15,166,Open
T039,21-22,2022-03-15,166,Groomed
T040,21-22,2022-03-15,166,Groomed
T041,21-22,2022-03-15,166,Groomed
T042,21-22,2022-03-15,166,Open
T043,21-22,2022-03-15,166,Groomed
T044,21-22,2022-03-15,166,Open
T045,21-22,2022-03-15,166,Open
T046,21-22,2022-03-15,166,Open
T047,21-22,2022-03-15,166,Open
T048,21-22,2022-03-15,166,Open
T049,21-22,2022-03-15,166,Open
T050,21-22,2022-03-15,166,Groomed
T051,21-22,2022-03-15,166,Open
T052,21-22,2022-03-15,166,Groomed
T053,21-22,2022-03-15,166,Closed
T054,21-22,2022-03-15,166,Open
T055,21-22,2022-03-15,166,Open
T056,21-22,2022-03-15,166,Open
T057,21-22,2022-03-15,166,Open
T058,21-22,2022-03-15,166,Open
T061,21-22,2022-03-15,166,Groomed
T063,21-22,2022-03-15,166,Groomed
T064,21-22,2022-03-15,166,Groomed
T065,21-22,2022-03-15,166,Open
T067,21-22,2022-03-15,166,Groomed
T068,21-22,2022-03-15,166,Open
T069,21-22,2022-03-15,166,Open
T070,21-22,2022-03-15,166,Open
T071,21-22,2022-03-15,166,Open
T072,21-22,2022-03-15,166,Open
T073,21-22,2022-03-15,166,Open
T074,21-22,2022-03-15,166,Open
T075,21-22,2022-03-15,166,Open
T076,21-22,2022-03-15,166,Open
T077,21-22,2022-03-15,166,Groomed
T078,21-22,2022-03-15,166,Groomed
T079,21-22,2022-03-15,166,Groomed
T080,21-22,2022-03-15,166,Open
T081,21-22,2022-03-15,166,Open
T082,21-22,2022-03-15,166,Open
T083,21-22,2022-03-15,166,Groomed
T084,21-22,2022-03-15,166,Open
T085,21-22,2022-03-15,166,Open
T086,21-22,2022-03-15,166,Open
T087,21-22,2022-03-15,166,Open
T088,21-22,2022-03-15,166,Open
T089,21-22,2022-03-15,166,Open
T090,21-22,2022-03-15,166,Open
T091,21-22,2022-03-15,166,Open
T092,21-22,2022-03-15,166,Open
T127,21-22,2022-03-15,166,Open
T134,21-22,2022-03-15,166,Open
T135,21-22,2022-03-15,166,Open
T136,21-22,2022-03-15,166,Open
T137,21-22,2022-03-15,166,Open
T148,21-22,2022-03-15,166,Open
T154,21-22,2022-03-15,166,Closed
T001,21-22,2022-03-16,167,Groomed
T002,21-22,2022-03-16,167,Groomed
T003,21-22,2022-03-16,167,Groomed
T004,21-22,2022-03-16,167,Open
T005,21-22,2022-03-16,167,Groomed
T006,21-22,2022-03-16,167,Groomed
T007,21-22,2022-03-16,167,Groomed
T008,21-22,2022-03-16,167,Groomed
T009,21-22,2022-03-16,167,Groomed
T010,21-22,2022-03-16,167,Groomed
T011,21-22,2022-03-16,167,Groomed
T012,21-22,2022-03-16,167,Groomed
T013,21-22,2022-03-16,167,Groomed
T014,21-22,2022-03-16,167,Groomed
T015,21-22,2022-03-16,167,Groomed
T016,21-22,2022-03-16,167,Open
T017,21-22,2022-03-16,167,Open
T018,21-22,2022-03-16,167,Groomed
T019,21-22,2022-03-16,167,Open
T020,21-22,2022-03-16,167,Groomed
T021,21-22,2022-03-16,167,Groomed
T022,21-22,2022-03-16,167,Groomed
T023,21-22,2022-03-16,167,Groomed
T024,21-22,2022-03-16,167,Groomed
T025,21-22,2022-03-16,167,Groomed
T026,21-22,2022-03-16,167,Groomed
T027,21-22,2022-03-16,167,Open
T028,21-22,2022-03-16,167,Open
T029,21-22,2022-03-16,167,Groomed
T030,21-22,2022-03-16,167,Open
T031,21-22,2022-03-16,167,Groomed
T032,21-22,2022-03-16,167,Open
T033,21-22,2022-03-16,167,Groomed
T034,21-22,2022-03-16,167,Groomed
T035,21-22,2022-03-16,167,Open
T036,21-22,2022-03-16,167,Groomed
T037,21-22,2022-03-16,167,Open
T038,21-22,2022-03-16,167,Open
T039,21-22,2022-03-16,167,Groomed
T040,21-22,2022-03-16,167,Open
T041,21-22,2022-03-16,167,Groomed
T042,21-22,2022-03-16,167,Open
T043,21-22,2022-03-16,167,Groomed
T044,21-22,2022-03-16,167,Open
T045,21-22,2022-03-16,167,Open
T046,21-22,2022-03-16,167,Open
T047,21-22,2022-03-16,167,Open
T048,21-22,2022-03-16,167,Open
T049,21-22,2022-03-16,167,Open
T050,21-22,2022-03-16,167,Groomed
T051,21-22,2022-03-16,167,Open
T052,21-22,2022-03-16,167,Groomed
T053,21-22,2022-03-16,167,Closed
T054,21-22,2022-03-16,167,Open
T055,21-22,2022-03-16,167,Open
T056,21-22,2022-03-16,167,Open
T057,21-22,2022-03-16,167,Open
T058,21-22,2022-03-16,167,Open
T061,21-22,2022-03-16,167,Open
T063,21-22,2022-03-16,167,Groomed
T064,21-22,2022-03-16,167,Groomed
T065,21-22,2022-03-16,167,Groomed
T067,21-22,2022-03-16,167,Groomed
T068,21-22,2022-03-16,167,Open
T069,21-22,2022-03-16,167,Open
T070,21-22,2022-03-16,167,Open
T071,21-22,2022-03-16,167,Open
T072,21-22,2022-03-16,167,Open
T073,21-22,2022-03-16,167,Open
T074,21-22,2022-03-16,167,Open
T075,21-22,2022-03-16,167,Open
T076,21-22,2022-03-16,167,Open
T077,21-22,2022-03-16,167,Groomed
T078,21-22,2022-03-16,167,Groomed
T079,21-22,2022-03-16,167,Groomed
T080,21-22,2022-03-16,167,Open
T081,21-22,2022-03-16,167,Open
T082,21-22,2022-03-16,167,Open
T083,21-22,2022-03-16,167,Groomed
T084,21-22,2022-03-16,167,Open
T085,21-22,2022-03-16,167,Open
T086,21-22,2022-03-16,167,Open
T087,21-22,2022-03-16,167,Open
T088,21-22,2022-03-16,167,Open
T089,21-22,2022-03-16,167,Open
T090,21-22,2022-03-16,167,Open
T091,21-22,2022-03-16,167,Open
T092,21-22,2022-03-16,167,Open
T127,21-22,2022-03-16,167,Open
T134,21-22,2022-03-16,167,Open
T135,21-22,2022-03-16,167,Open
T136,21-22,2022-03-16,167,Open
T137,21-22,2022-03-16,167,Open
T148,21-22,2022-03-16,167,Open
T154,21-22,2022-03-16,167,Closed
T001,21-22,2022-03-17,168,Groomed
T002,21-22,2022-03-17,168,Groomed
T003,21-22,2022-03-17,168,Groomed
T004,21-22,2022-03-17,168,Open
T005,21-22,2022-03-17,168,Groomed
T006,21-22,2022-03-17,168,Groomed
T007,21-22,2022-03-17,168,Groomed
T008,21-22,2022-03-17,168,Groomed
T009,21-22,2022-03-17,168,Groomed
T010,21-22,2022-03-17,168,Groomed
T011,21-22,2022-03-17,168,Groomed
T012,21-22,2022-03-17,168,Groomed
T013,21-22,2022-03-17,168,Groomed
T014,21-22,2022-03-17,168,Groomed
T015,21-22,2022-03-17,168,Groomed
T016,21-22,2022-03-17,168,Open
T017,21-22,2022-03-17,168,Open
T018,21-22,2022-03-17,168,Groomed
T019,21-22,2022-03-17,168,Open
T020,21-22,2022-03-17,168,Groomed
T021,21-22,2022-03-17,168,Groomed
T022,21-22,2022-03-17,168,Groomed
T023,21-22,2022-03-17,168,Groomed
T024,21-22,2022-03-17,168,Groomed
T025,21-22,2022-03-17,168,Groomed
T026,21-22,2022-03-17,168,Groomed
T027,21-22,2022-03-17,168,Groomed
T028,21-22,2022-03-17,168,Groomed
T029,21-22,2022-03-17,168,Groomed
T030,21-22,2022-03-17,168,Groomed
T031,21-22,2022-03-17,168,Groomed
T032,21-22,2022-03-17,168,Groomed
T033,21-22,2022-03-17,168,Groomed
T034,21-22,2022-03-17,168,Groomed
T035,21-22,2022-03-17,168,Open
T036,21-22,2022-03-17,168,Groomed
T037,21-22,2022-03-17,168,Open
T038,21-22,2022-03-17,168,Open
T039,21-22,2022-03-17,168,Open
T040,21-22,2022-03-17,168,Open
T041,21-22,2022-03-17,168,Groomed
T042,21-22,2022-03-17,168,Open
T043,21-22,2022-03-17,168,Groomed
T044,21-22,2022-03-17,168,Open
T045,21-22,2022-03-17,168,Open
T046,21-22,2022-03-17,168,Open
T047,21-22,2022-03-17,168,Open
T048,21-22,2022-03-17,168,Open
T049,21-22,2022-03-17,168,Open
T050,21-22,2022-03-17,168,Groomed
T051,21-22,2022-03-17,168,Open
T052,21-22,2022-03-17,168,Closed
T053,21-22,2022-03-17,168,Open
T054,21-22,2022-03-17,168,Open
T055,21-22,2022-03-17,168,Open
T056,21-22,2022-03-17,168,Open
T057,21-22,2022-03-17,168,Open
T058,21-22,2022-03-17,168,Open
T061,21-22,2022-03-17,168,Groomed
T063,21-22,2022-03-17,168,Groomed
T064,21-22,2022-03-17,168,Groomed
T065,21-22,2022-03-17,168,Groomed
T067,21-22,2022-03-17,168,Groomed
T068,21-22,2022-03-17,168,Open
T069,21-22,2022-03-17,168,Open
T070,21-22,2022-03-17,168,Open
T071,21-22,2022-03-17,168,Open
T072,21-22,2022-03-17,168,Open
T073,21-22,2022-03-17,168,Open
T074,21-22,2022-03-17,168,Open
T075,21-22,2022-03-17,168,Open
T076,21-22,2022-03-17,168,Open
T077,21-22,2022-03-17,168,Groomed
T078,21-22,2022-03-17,168,Groomed
T079,21-22,2022-03-17,168,Groomed
T080,21-22,2022-03-17,168,Open
T081,21-22,2022-03-17,168,Open
T082,21-22,2022-03-17,168,Open
T083,21-22,2022-03-17,168,Groomed
T084,21-22,2022-03-17,168,Open
T085,21-22,2022-03-17,168,Open
T086,21-22,2022-03-17,168,Open
T087,21-22,2022-03-17,168,Open
T088,21-22,2022-03-17,168,Open
T089,21-22,2022-03-17,168,Open
T090,21-22,2022-03-17,168,Open
T091,21-22,2022-03-17,168,Open
T092,21-22,2022-03-17,168,Open
T127,21-22,2022-03-17,168,Open
T134,21-22,2022-03-17,168,Open
T135,21-22,2022-03-17,168,Open
T136,21-22,2022-03-17,168,Open
T137,21-22,2022-03-17,168,Open
T148,21-22,2022-03-17,168,Open
T154,21-22,2022-03-17,168,Closed
T001,21-22,2022-03-18,169,Groomed
T002,21-22,2022-03-18,169,Groomed
T003,21-22,2022-03-18,169,Groomed
T004,21-22,2022-03-18,169,Open
T005,21-22,2022-03-18,169,Groomed
T006,21-22,2022-03-18,169,Groomed
T007,21-22,2022-03-18,169,Groomed
T008,21-22,2022-03-18,169,Groomed
T009,21-22,2022-03-18,169,Groomed
T010,21-22,2022-03-18,169,Groomed
T011,21-22,2022-03-18,169,Groomed
T012,21-22,2022-03-18,169,Groomed
T013,21-22,2022-03-18,169,Groomed
T014,21-22,2022-03-18,169,Groomed
T015,21-22,2022-03-18,169,Groomed
T016,21-22,2022-03-18,169,Open
T017,21-22,2022-03-18,169,Open
T018,21-22,2022-03-18,169,Groomed
T019,21-22,2022-03-18,169,Open
T020,21-22,2022-03-18,169,Groomed
T021,21-22,2022-03-18,169,Groomed
T022,21-22,2022-03-18,169,Groomed
T023,21-22,2022-03-18,169,Groomed
T024,21-22,2022-03-18,169,Groomed
T025,21-22,2022-03-18,169,Groomed
T026,21-22,2022-03-18,169,Groomed
T027,21-22,2022-03-18,169,Groomed
T028,21-22,2022-03-18,169,Groomed
T029,21-22,2022-03-18,169,Groomed
T030,21-22,2022-03-18,169,Groomed
T031,21-22,2022-03-18,169,Groomed
T032,21-22,2022-03-18,169,Groomed
T033,21-22,2022-03-18,169,Groomed
T034,21-22,2022-03-18,169,Groomed
T035,21-22,2022-03-18,169,Groomed
T036,21-22,2022-03-18,169,Groomed
T037,21-22,2022-03-18,169,Open
T038,21-22,2022-03-18,169,Groomed
T039,21-22,2022-03-18,169,Groomed
T040,21-22,2022-03-18,169,Open
T041,21-22,2022-03-18,169,Groomed
T042,21-22,2022-03-18,169,Groomed
T043,21-22,2022-03-18,169,Groomed
T044,21-22,2022-03-18,169,Open
T045,21-22,2022-03-18,169,Open
T046,21-22,2022-03-18,169,Open
T047,21-22,2022-03-18,169,Open
T048,21-22,2022-03-18,169,Open
T049,21-22,2022-03-18,169,Open
T050,21-22,2022-03-18,169,Groomed
T051,21-22,2022-03-18,169,Open
T052,21-22,2022-03-18,169,Groomed
T053,21-22,2022-03-18,169,Closed
T054,21-22,2022-03-18,169,Open
T055,21-22,2022-03-18,169,Open
T056,21-22,2022-03-18,169,Open
T057,21-22,2022-03-18,169,Open
T058,21-22,2022-03-18,169,Open
T061,21-22,2022-03-18,169,Groomed
T063,21-22,2022-03-18,169,Groomed
T064,21-22,2022-03-18,169,Groomed
T065,21-22,2022-03-18,169,Groomed
T067,21-22,2022-03-18,169,Groomed
T068,21-22,2022-03-18,169,Open
T069,21-22,2022-03-18,169,Open
T070,21-22,2022-03-18,169,Open
T071,21-22,2022-03-18,169,Open
T072,21-22,2022-03-18,169,Open
T073,21-22,2022-03-18,169,Open
T074,21-22,2022-03-18,169,Open
T075,21-22,2022-03-18,169,Open
T076,21-22,2022-03-18,169,Open
T077,21-22,2022-03-18,169,Groomed
T078,21-22,2022-03-18,169,Groomed
T079,21-22,2022-03-18,169,Open
T080,21-22,2022-03-18,169,Open
T081,21-22,2022-03-18,169,Open
T082,21-22,2022-03-18,169,Open
T083,21-22,2022-03-18,169,Groomed
T084,21-22,2022-03-18,169,Open
T085,21-22,2022-03-18,169,Open
T086,21-22,2022-03-18,169,Open
T087,21-22,2022-03-18,169,Open
T088,21-22,2022-03-18,169,Open
T089,21-22,2022-03-18,169,Open
T090,21-22,2022-03-18,169,Open
T091,21-22,2022-03-18,169,Open
T092,21-22,2022-03-18,169,Open
T127,21-22,2022-03-18,169,Open
T134,21-22,2022-03-18,169,Open
T135,21-22,2022-03-18,169,Open
T136,21-22,2022-03-18,169,Open
T137,21-22,2022-03-18,169,Open
T148,21-22,2022-03-18,169,Open
T154,21-22,2022-03-18,169,Closed
T001,21-22,2022-03-19,170,Groomed
T002,21-22,2022-03-19,170,Groomed
T003,21-22,2022-03-19,170,Groomed
T004,21-22,2022-03-19,170,Open
T005,21-22,2022-03-19,170,Groomed
T006,21-22,2022-03-19,170,Groomed
T007,21-22,2022-03-19,170,Groomed
T008,21-22,2022-03-19,170,Groomed
T009,21-22,2022-03-19,170,Groomed
T010,21-22,2022-03-19,170,Groomed
T011,21-22,2022-03-19,170,Groomed
T012,21-22,2022-03-19,170,Groomed
T013,21-22,2022-03-19,170,Groomed
T014,21-22,2022-03-19,170,Groomed
T015,21-22,2022-03-19,170,Groomed
T016,21-22,2022-03-19,170,Open
T017,21-22,2022-03-19,170,Open
T018,21-22,2022-03-19,170,Groomed
T019,21-22,2022-03-19,170,Open
T020,21-22,2022-03-19,170,Groomed
T021,21-22,2022-03-19,170,Groomed
T022,21-22,2022-03-19,170,Groomed
T023,21-22,2022-03-19,170,Groomed
T024,21-22,2022-03-19,170,Groomed
T025,21-22,2022-03-19,170,Groomed
T026,21-22,2022-03-19,170,Groomed
T027,21-22,2022-03-19,170,Groomed
T028,21-22,2022-03-19,170,Groomed
T029,21-22,2022-03-19,170,Groomed
T030,21-22,2022-03-19,170,Groomed
T031,21-22,2022-03-19,170,Groomed
T032,21-22,2022-03-19,170,Groomed
T033,21-22,2022-03-19,170,Groomed
T034,21-22,2022-03-19,170,Groomed
T035,21-22,2022-03-19,170,Groomed
T036,21-22,2022-03-19,170,Groomed
T037,21-22,2022-03-19,170,Groomed
T038,21-22,2022-03-19,170,Groomed
T039,21-22,2022-03-19,170,Groomed
T040,21-22,2022-03-19,170,Open
T041,21-22,2022-03-19,170,Groomed
T042,21-22,2022-03-19,170,Open
T043,21-22,2022-03-19,170,Groomed
T044,21-22,2022-03-19,170,Open
T045,21-22,2022-03-19,170,Open
T046,21-22,2022-03-19,170,Open
T047,21-22,2022-03-19,170,Open
T048,21-22,2022-03-19,170,Open
T049,21-22,2022-03-19,170,Open
T050,21-22,2022-03-19,170,Groomed
T051,21-22,2022-03-19,170,Open
T052,21-22,2022-03-19,170,Closed
T053,21-22,2022-03-19,170,Open
T054,21-22,2022-03-19,170,Open
T055,21-22,2022-03-19,170,Open
T056,21-22,2022-03-19,170,Open
T057,21-22,2022-03-19,170,Open
T058,21-22,2022-03-19,170,Open
T061,21-22,2022-03-19,170,Groomed
T063,21-22,2022-03-19,170,Groomed
T064,21-22,2022-03-19,170,Groomed
T065,21-22,2022-03-19,170,Groomed
T067,21-22,2022-03-19,170,Groomed
T068,21-22,2022-03-19,170,Open
T069,21-22,2022-03-19,170,Open
T070,21-22,2022-03-19,170,Open
T071,21-22,2022-03-19,170,Open
T072,21-22,2022-03-19,170,Open
T073,21-22,2022-03-19,170,Open
T074,21-22,2022-03-19,170,Open
T075,21-22,2022-03-19,170,Open
T076,21-22,2022-03-19,170,Open
T077,21-22,2022-03-19,170,Groomed
T078,21-22,2022-03-19,170,Groomed
T079,21-22,2022-03-19,170,Groomed
T080,21-22,2022-03-19,170,Open
T081,21-22,2022-03-19,170,Open
T082,21-22,2022-03-19,170,Open
T083,21-22,2022-03-19,170,Groomed
T084,21-22,2022-03-19,170,Open
T085,21-22,2022-03-19,170,Open
T086,21-22,2022-03-19,170,Open
T087,21-22,2022-03-19,170,Open
T088,21-22,2022-03-19,170,Open
T089,21-22,2022-03-19,170,Open
T090,21-22,2022-03-19,170,Open
T091,21-22,2022-03-19,170,Open
T092,21-22,2022-03-19,170,Open
T127,21-22,2022-03-19,170,Open
T134,21-22,2022-03-19,170,Open
T135,21-22,2022-03-19,170,Open
T136,21-22,2022-03-19,170,Open
T137,21-22,2022-03-19,170,Open
T148,21-22,2022-03-19,170,Open
T154,21-22,2022-03-19,170,Closed
T001,21-22,2022-03-20,171,Groomed
T002,21-22,2022-03-20,171,Groomed
T003,21-22,2022-03-20,171,Groomed
T004,21-22,2022-03-20,171,Open
T005,21-22,2022-03-20,171,Groomed
T006,21-22,2022-03-20,171,Groomed
T007,21-22,2022-03-20,171,Groomed
T008,21-22,2022-03-20,171,Groomed
T009,21-22,2022-03-20,171,Groomed
T010,21-22,2022-03-20,171,Groomed
T011,21-22,2022-03-20,171,Groomed
T012,21-22,2022-03-20,171,Groomed
T013,21-22,2022-03-20,171,Groomed
T014,21-22,2022-03-20,171,Groomed
T015,21-22,2022-03-20,171,Groomed
T016,21-22,2022-03-20,171,Open
T017,21-22,2022-03-20,171,Open
T018,21-22,2022-03-20,171,Groomed
T019,21-22,2022-03-20,171,Open
T020,21-22,2022-03-20,171,Groomed
T021,21-22,2022-03-20,171,Groomed
T022,21-22,2022-03-20,171,Groomed
T023,21-22,2022-03-20,171,Groomed
T024,21-22,2022-03-20,171,Groomed
T025,21-22,2022-03-20,171,Groomed
T026,21-22,2022-03-20,171,Groomed
T027,21-22,2022-03-20,171,Groomed
T028,21-22,2022-03-20,171,Groomed
T029,21-22,2022-03-20,171,Groomed
T030,21-22,2022-03-20,171,Groomed
T031,21-22,2022-03-20,171,Groomed
T032,21-22,2022-03-20,171,Groomed
T033,21-22,2022-03-20,171,Groomed
T034,21-22,2022-03-20,171,Groomed
T035,21-22,2022-03-20,171,Groomed
T036,21-22,2022-03-20,171,Groomed
T037,21-22,2022-03-20,171,Groomed
T038,21-22,2022-03-20,171,Groomed
T039,21-22,2022-03-20,171,Groomed
T040,21-22,2022-03-20,171,Open
T041,21-22,2022-03-20,171,Groomed
T042,21-22,2022-03-20,171,Open
T043,21-22,2022-03-20,171,Groomed
T044,21-22,2022-03-20,171,Open
T045,21-22,2022-03-20,171,Open
T046,21-22,2022-03-20,171,Open
T047,21-22,2022-03-20,171,Open
T048,21-22,2022-03-20,171,Open
T049,21-22,2022-03-20,171,Open
T050,21-22,2022-03-20,171,Groomed
T051,21-22,2022-03-20,171,Open
T052,21-22,2022-03-20,171,Closed
T053,21-22,2022-03-20,171,Open
T054,21-22,2022-03-20,171,Open
T055,21-22,2022-03-20,171,Open
T056,21-22,2022-03-20,171,Open
T057,21-22,2022-03-20,171,Open
T058,21-22,2022-03-20,171,Open
T061,21-22,2022-03-20,171,Groomed
T063,21-22,2022-03-20,171,Groomed
T064,21-22,2022-03-20,171,Groomed
T065,21-22,2022-03-20,171,Groomed
T067,21-22,2022-03-20,171,Groomed
T068,21-22,2022-03-20,171,Open
T069,21-22,2022-03-20,171,Open
T070,21-22,2022-03-20,171,Open
T071,21-22,2022-03-20,171,Open
T072,21-22,2022-03-20,171,Open
T073,21-22,2022-03-20,171,Open
T074,21-22,2022-03-20,171,Open
T075,21-22,2022-03-20,171,Open
T076,21-22,2022-03-20,171,Open
T077,21-22,2022-03-20,171,Groomed
T078,21-22,2022-03-20,171,Groomed
T079,21-22,2022-03-20,171,Groomed
T080,21-22,2022-03-20,171,Open
T081,21-22,2022-03-20,171,Open
T082,21-22,2022-03-20,171,Open
T083,21-22,2022-03-20,171,Groomed
T084,21-22,2022-03-20,171,Open
T085,21-22,2022-03-20,171,Open
T086,21-22,2022-03-20,171,Open
T087,21-22,2022-03-20,171,Open
T088,21-22,2022-03-20,171,Open
T089,21-22,2022-03-20,171,Open
T090,21-22,2022-03-20,171,Open
T091,21-22,2022-03-20,171,Open
T092,21-22,2022-03-20,171,Open
T127,21-22,2022-03-20,171,Open
T134,21-22,2022-03-20,171,Open
T135,21-22,2022-03-20,171,Open
T136,21-22,2022-03-20,171,Open
T137,21-22,2022-03-20,171,Open
T148,21-22,2022-03-20,171,Open
T154,21-22,2022-03-20,171,Closed
T001,21-22,2022-03-21,172,Groomed
T002,21-22,2022-03-21,172,Groomed
T003,21-22,2022-03-21,172,Groomed
T004,21-22,2022-03-21,172,Open
T005,21-22,2022-03-21,172,Groomed
T006,21-22,2022-03-21,172,Open
T007,21-22,2022-03-21,172,Groomed
T008,21-22,2022-03-21,172,Groomed
T009,21-22,2022-03-21,172,Groomed
T010,21-22,2022-03-21,172,Groomed
T011,21-22,2022-03-21,172,Groomed
T012,21-22,2022-03-21,172,Groomed
T013,21-22,2022-03-21,172,Groomed
T014,21-22,2022-03-21,172,Groomed
T015,21-22,2022-03-21,172,Groomed
T016,21-22,2022-03-21,172,Open
T017,21-22,2022-03-21,172,Open
T018,21-22,2022-03-21,172,Open
T019,21-22,2022-03-21,172,Open
T020,21-22,2022-03-21,172,Groomed
T021,21-22,2022-03-21,172,Groomed
T022,21-22,2022-03-21,172,Groomed
T023,21-22,2022-03-21,172,Groomed
T024,21-22,2022-03-21,172,Groomed
T025,21-22,2022-03-21,172,Groomed
T026,21-22,2022-03-21,172,Groomed
T027,21-22,2022-03-21,172,Open
T028,21-22,2022-03-21,172,Open
T029,21-22,2022-03-21,172,Groomed
T030,21-22,2022-03-21,172,Open
T031,21-22,2022-03-21,172,Groomed
T032,21-22,2022-03-21,172,Open
T033,21-22,2022-03-21,172,Groomed
T034,21-22,2022-03-21,172,Groomed
T035,21-22,2022-03-21,172,Groomed
T036,21-22,2022-03-21,172,Groomed
T037,21-22,2022-03-21,172,Groomed
T038,21-22,2022-03-21,172,Groomed
T039,21-22,2022-03-21,172,Open
T040,21-22,2022-03-21,172,Open
T041,21-22,2022-03-21,172,Groomed
T042,21-22,2022-03-21,172,Open
T043,21-22,2022-03-21,172,Groomed
T044,21-22,2022-03-21,172,Open
T045,21-22,2022-03-21,172,Open
T046,21-22,2022-03-21,172,Open
T047,21-22,2022-03-21,172,Open
T048,21-22,2022-03-21,172,Open
T049,21-22,2022-03-21,172,Open
T050,21-22,2022-03-21,172,Groomed
T051,21-22,2022-03-21,172,Open
T052,21-22,2022-03-21,172,Closed
T053,21-22,2022-03-21,172,Open
T054,21-22,2022-03-21,172,Open
T055,21-22,2022-03-21,172,Open
T056,21-22,2022-03-21,172,Open
T057,21-22,2022-03-21,172,Open
T058,21-22,2022-03-21,172,Open
T061,21-22,2022-03-21,172,Groomed
T063,21-22,2022-03-21,172,Groomed
T064,21-22,2022-03-21,172,Groomed
T065,21-22,2022-03-21,172,Groomed
T067,21-22,2022-03-21,172,Groomed
T068,21-22,2022-03-21,172,Open
T069,21-22,2022-03-21,172,Open
T070,21-22,2022-03-21,172,Open
T071,21-22,2022-03-21,172,Open
T072,21-22,2022-03-21,172,Open
T073,21-22,2022-03-21,172,Open
T074,21-22,2022-03-21,172,Open
T075,21-22,2022-03-21,172,Open
T076,21-22,2022-03-21,172,Open
T077,21-22,2022-03-21,172,Groomed
T078,21-22,2022-03-21,172,Groomed
T079,21-22,2022-03-21,172,Groomed
T080,21-22,2022-03-21,172,Open
T081,21-22,2022-03-21,172,Open
T082,21-22,2022-03-21,172,Open
T083,21-22,2022-03-21,172,Groomed
T084,21-22,2022-03-21,172,Open
T085,21-22,2022-03-21,172,Open
T086,21-22,2022-03-21,172,Open
T087,21-22,2022-03-21,172,Open
T088,21-22,2022-03-21,172,Open
T089,21-22,2022-03-21,172,Open
T090,21-22,2022-03-21,172,Open
T091,21-22,2022-03-21,172,Open
T092,21-22,2022-03-21,172,Open
T127,21-22,2022-03-21,172,Open
T134,21-22,2022-03-21,172,Open
T135,21-22,2022-03-21,172,Open
T136,21-22,2022-03-21,172,Open
T137,21-22,2022-03-21,172,Open
T148,21-22,2022-03-21,172,Open
T154,21-22,2022-03-21,172,Closed
T001,21-22,2022-03-22,173,Groomed
T002,21-22,2022-03-22,173,Groomed
T003,21-22,2022-03-22,173,Groomed
T004,21-22,2022-03-22,173,Open
T005,21-22,2022-03-22,173,Groomed
T006,21-22,2022-03-22,173,Groomed
T007,21-22,2022-03-22,173,Groomed
T008,21-22,2022-03-22,173,Groomed
T009,21-22,2022-03-22,173,Groomed
T010,21-22,2022-03-22,173,Groomed
T011,21-22,2022-03-22,173,Groomed
T012,21-22,2022-03-22,173,Groomed
T013,21-22,2022-03-22,173,Groomed
T014,21-22,2022-03-22,173,Groomed
T015,21-22,2022-03-22,173,Groomed
T016,21-22,2022-03-22,173,Open
T017,21-22,2022-03-22,173,Open
T018,21-22,2022-03-22,173,Groomed
T019,21-22,2022-03-22,173,Open
T020,21-22,2022-03-22,173,Groomed
T021,21-22,2022-03-22,173,Groomed
T022,21-22,2022-03-22,173,Groomed
T023,21-22,2022-03-22,173,Groomed
T024,21-22,2022-03-22,173,Groomed
T025,21-22,2022-03-22,173,Groomed
T026,21-22,2022-03-22,173,Groomed
T027,21-22,2022-03-22,173,Groomed
T028,21-22,2022-03-22,173,Groomed
T029,21-22,2022-03-22,173,Groomed
T030,21-22,2022-03-22,173,Groomed
T031,21-22,2022-03-22,173,Groomed
T032,21-22,2022-03-22,173,Groomed
T033,21-22,2022-03-22,173,Groomed
T034,21-22,2022-03-22,173,Groomed
T035,21-22,2022-03-22,173,Groomed
T036,21-22,2022-03-22,173,Groomed
T037,21-22,2022-03-22,173,Groomed
T038,21-22,2022-03-22,173,Groomed
T039,21-22,2022-03-22,173,Groomed
T040,21-22,2022-03-22,173,Open
T041,21-22,2022-03-22,173,Groomed
T042,21-22,2022-03-22,173,Open
T043,21-22,2022-03-22,173,Groomed
T044,21-22,2022-03-22,173,Open
T045,21-22,2022-03-22,173,Open
T046,21-22,2022-03-22,173,Open
T047,21-22,2022-03-22,173,Open
T048,21-22,2022-03-22,173,Open
T049,21-22,2022-03-22,173,Open
T050,21-22,2022-03-22,173,Groomed
T051,21-22,2022-03-22,173,Open
T052,21-22,2022-03-22,173,Groomed
T053,21-22,2022-03-22,173,Open
T054,21-22,2022-03-22,173,Open
T055,21-22,2022-03-22,173,Groomed
T056,21-22,2022-03-22,173,Groomed
T057,21-22,2022-03-22,173,Groomed
T058,21-22,2022-03-22,173,Groomed
T061,21-22,2022-03-22,173,Groomed
T063,21-22,2022-03-22,173,Groomed
T064,21-22,2022-03-22,173,Groomed
T065,21-22,2022-03-22,173,Groomed
T067,21-22,2022-03-22,173,Groomed
T068,21-22,2022-03-22,173,Open
T069,21-22,2022-03-22,173,Open
T070,21-22,2022-03-22,173,Open
T071,21-22,2022-03-22,173,Open
T072,21-22,2022-03-22,173,Open
T073,21-22,2022-03-22,173,Open
T074,21-22,2022-03-22,173,Open
T075,21-22,2022-03-22,173,Open
T076,21-22,2022-03-22,173,Open
T077,21-22,2022-03-22,173,Groomed
T078,21-22,2022-03-22,173,Groomed
T079,21-22,2022-03-22,173,Open
T080,21-22,2022-03-22,173,Open
T081,21-22,2022-03-22,173,Open
T082,21-22,2022-03-22,173,Open
T083,21-22,2022-03-22,173,Groomed
T084,21-22,2022-03-22,173,Open
T085,21-22,2022-03-22,173,Open
T086,21-22,2022-03-22,173,Open
T087,21-22,2022-03-22,173,Open
T088,21-22,2022-03-22,173,Open
T089,21-22,2022-03-22,173,Open
T090,21-22,2022-03-22,173,Open
T091,21-22,2022-03-22,173,Open
T092,21-22,2022-03-22,173,Open
T127,21-22,2022-03-22,173,Open
T134,21-22,2022-03-22,173,Open
T135,21-22,2022-03-22,173,Open
T136,21-22,2022-03-22,173,Open
T137,21-22,2022-03-22,173,Open
T148,21-22,2022-03-22,173,Open
T154,21-22,2022-03-22,173,Groomed
T001,21-22,2022-03-23,174,Groomed
T002,21-22,2022-03-23,174,Groomed
T003,21-22,2022-03-23,174,Groomed
T004,21-22,2022-03-23,174,Open
T005,21-22,2022-03-23,174,Groomed
T006,21-22,2022-03-23,174,Groomed
T007,21-22,2022-03-23,174,Groomed
T008,21-22,2022-03-23,174,Groomed
T009,21-22,2022-03-23,174,Groomed
T010,21-22,2022-03-23,174,Groomed
T011,21-22,2022-03-23,174,Groomed
T012,21-22,2022-03-23,174,Groomed
T013,21-22,2022-03-23,174,Groomed
T014,21-22,2022-03-23,174,Groomed
T015,21-22,2022-03-23,174,Groomed
T016,21-22,2022-03-23,174,Open
T017,21-22,2022-03-23,174,Open
T018,21-22,2022-03-23,174,Groomed
T019,21-22,2022-03-23,174,Open
T020,21-22,2022-03-23,174,Groomed
T021,21-22,2022-03-23,174,Groomed
T022,21-22,2022-03-23,174,Groomed
T023,21-22,2022-03-23,174,Groomed
T024,21-22,2022-03-23,174,Groomed
T025,21-22,2022-03-23,174,Groomed
T026,21-22,2022-03-23,174,Groomed
T027,21-22,2022-03-23,174,Groomed
T028,21-22,2022-03-23,174,Groomed
T029,21-22,2022-03-23,174,Groomed
T030,21-22,2022-03-23,174,Groomed
T031,21-22,2022-03-23,174,Groomed
T032,21-22,2022-03-23,174,Groomed
T033,21-22,2022-03-23,174,Groomed
T034,21-22,2022-03-23,174,Groomed
T035,21-22,2022-03-23,174,Groomed
T036,21-22,2022-03-23,174,Groomed
T037,21-22,2022-03-23,174,Groomed
T038,21-22,2022-03-23,174,Groomed
T039,21-22,2022-03-23,174,Open
T040,21-22,2022-03-23,174,Groomed
T041,21-22,2022-03-23,174,Groomed
T042,21-22,2022-03-23,174,Open
T043,21-22,2022-03-23,174,Groomed
T044,21-22,2022-03-23,174,Open
T045,21-22,2022-03-23,174,Open
T046,21-22,2022-03-23,174,Open
T047,21-22,2022-03-23,174,Open
T048,21-22,2022-03-23,174,Open
T049,21-22,2022-03-23,174,Open
T050,21-22,2022-03-23,174,Groomed
T051,21-22,2022-03-23,174,Open
T052,21-22,2022-03-23,174,Groomed
T053,21-22,2022-03-23,174,Open
T054,21-22,2022-03-23,174,Open
T055,21-22,2022-03-23,174,Open
T056,21-22,2022-03-23,174,Open
T057,21-22,2022-03-23,174,Open
T058,21-22,2022-03-23,174,Open
T061,21-22,2022-03-23,174,Groomed
T063,21-22,2022-03-23,174,Groomed
T064,21-22,2022-03-23,174,Groomed
T065,21-22,2022-03-23,174,Groomed
T067,21-22,2022-03-23,174,Groomed
T068,21-22,2022-03-23,174,Open
T069,21-22,2022-03-23,174,Open
T070,21-22,2022-03-23,174,Open
T071,21-22,2022-03-23,174,Open
T072,21-22,2022-03-23,174,Open
T073,21-22,2022-03-23,174,Open
T074,21-22,2022-03-23,174,Open
T075,21-22,2022-03-23,174,Open
T076,21-22,2022-03-23,174,Open
T077,21-22,2022-03-23,174,Groomed
T078,21-22,2022-03-23,174,Groomed
T079,21-22,2022-03-23,174,Open
T080,21-22,2022-03-23,174,Open
T081,21-22,2022-03-23,174,Open
T082,21-22,2022-03-23,174,Open
T083,21-22,2022-03-23,174,Groomed
T084,21-22,2022-03-23,174,Open
T085,21-22,2022-03-23,174,Open
T086,21-22,2022-03-23,174,Open
T087,21-22,2022-03-23,174,Open
T088,21-22,2022-03-23,174,Open
T089,21-22,2022-03-23,174,Open
T090,21-22,2022-03-23,174,Open
T091,21-22,2022-03-23,174,Open
T092,21-22,2022-03-23,174,Open
T127,21-22,2022-03-23,174,Open
T134,21-22,2022-03-23,174,Open
T135,21-22,2022-03-23,174,Open
T136,21-22,2022-03-23,174,Open
T137,21-22,2022-03-23,174,Open
T148,21-22,2022-03-23,174,Open
T154,21-22,2022-03-23,174,Closed
T001,21-22,2022-03-24,175,Groomed
T002,21-22,2022-03-24,175,Groomed
T003,21-22,2022-03-24,175,Groomed
T004,21-22,2022-03-24,175,Open
T005,21-22,2022-03-24,175,Groomed
T006,21-22,2022-03-24,175,Groomed
T007,21-22,2022-03-24,175,Groomed
T008,21-22,2022-03-24,175,Groomed
T009,21-22,2022-03-24,175,Groomed
T010,21-22,2022-03-24,175,Groomed
T011,21-22,2022-03-24,175,Groomed
T012,21-22,2022-03-24,175,Groomed
T013,21-22,2022-03-24,175,Groomed
T014,21-22,2022-03-24,175,Groomed
T015,21-22,2022-03-24,175,Groomed
T016,21-22,2022-03-24,175,Open
T017,21-22,2022-03-24,175,Open
T018,21-22,2022-03-24,175,Groomed
T019,21-22,2022-03-24,175,Open
T020,21-22,2022-03-24,175,Groomed
T021,21-22,2022-03-24,175,Groomed
T022,21-22,2022-03-24,175,Groomed
T023,21-22,2022-03-24,175,Groomed
T024,21-22,2022-03-24,175,Groomed
T025,21-22,2022-03-24,175,Groomed
T026,21-22,2022-03-24,175,Groomed
T027,21-22,2022-03-24,175,Open
T028,21-22,2022-03-24,175,Open
T029,21-22,2022-03-24,175,Groomed
T030,21-22,2022-03-24,175,Open
T031,21-22,2022-03-24,175,Groomed
T032,21-22,2022-03-24,175,Groomed
T033,21-22,2022-03-24,175,Groomed
T034,21-22,2022-03-24,175,Groomed
T035,21-22,2022-03-24,175,Groomed
T036,21-22,2022-03-24,175,Groomed
T037,21-22,2022-03-24,175,Groomed
T038,21-22,2022-03-24,175,Groomed
T039,21-22,2022-03-24,175,Groomed
T040,21-22,2022-03-24,175,Open
T041,21-22,2022-03-24,175,Groomed
T042,21-22,2022-03-24,175,Open
T043,21-22,2022-03-24,175,Groomed
T044,21-22,2022-03-24,175,Open
T045,21-22,2022-03-24,175,Open
T046,21-22,2022-03-24,175,Open
T047,21-22,2022-03-24,175,Open
T048,21-22,2022-03-24,175,Open
T049,21-22,2022-03-24,175,Open
T050,21-22,2022-03-24,175,Groomed
T051,21-22,2022-03-24,175,Open
T052,21-22,2022-03-24,175,Closed
T053,21-22,2022-03-24,175,Open
T054,21-22,2022-03-24,175,Open
T055,21-22,2022-03-24,175,Open
T056,21-22,2022-03-24,175,Open
T057,21-22,2022-03-24,175,Open
T058,21-22,2022-03-24,175,Open
T061,21-22,2022-03-24,175,Groomed
T063,21-22,2022-03-24,175,Groomed
T064,21-22,2022-03-24,175,Groomed
T065,21-22,2022-03-24,175,Groomed
T067,21-22,2022-03-24,175,Groomed
T068,21-22,2022-03-24,175,Open
T069,21-22,2022-03-24,175,Open
T070,21-22,2022-03-24,175,Open
T071,21-22,2022-03-24,175,Open
T072,21-22,2022-03-24,175,Open
T073,21-22,2022-03-24,175,Open
T074,21-22,2022-03-24,175,Open
T075,21-22,2022-03-24,175,Open
T076,21-22,2022-03-24,175,Open
T077,21-22,2022-03-24,175,Groomed
T078,21-22,2022-03-24,175,Groomed
T079,21-22,2022-03-24,175,Open
T080,21-22,2022-03-24,175,Open
T081,21-22,2022-03-24,175,Open
T082,21-22,2022-03-24,175,Open
T083,21-22,2022-03-24,175,Groomed
T084,21-22,2022-03-24,175,Open
T085,21-22,2022-03-24,175,Open
T086,21-22,2022-03-24,175,Open
T087,21-22,2022-03-24,175,Open
T088,21-22,2022-03-24,175,Open
T089,21-22,2022-03-24,175,Open
T090,21-22,2022-03-24,175,Open
T091,21-22,2022-03-24,175,Open
T092,21-22,2022-03-24,175,Open
T127,21-22,2022-03-24,175,Open
T134,21-22,2022-03-24,175,Open
T135,21-22,2022-03-24,175,Open
T136,21-22,2022-03-24,175,Open
T137,21-22,2022-03-24,175,Open
T148,21-22,2022-03-24,175,Open
T154,21-22,2022-03-24,175,Closed
T001,21-22,2022-03-25,176,Groomed
T002,21-22,2022-03-25,176,Groomed
T003,21-22,2022-03-25,176,Groomed
T004,21-22,2022-03-25,176,Open
T005,21-22,2022-03-25,176,Groomed
T006,21-22,2022-03-25,176,Groomed
T007,21-22,2022-03-25,176,Groomed
T008,21-22,2022-03-25,176,Groomed
T009,21-22,2022-03-25,176,Groomed
T010,21-22,2022-03-25,176,Groomed
T011,21-22,2022-03-25,176,Groomed
T012,21-22,2022-03-25,176,Groomed
T013,21-22,2022-03-25,176,Groomed
T014,21-22,2022-03-25,176,Groomed
T015,21-22,2022-03-25,176,Groomed
T016,21-22,2022-03-25,176,Open
T017,21-22,2022-03-25,176,Open
T018,21-22,2022-03-25,176,Groomed
T019,21-22,2022-03-25,176,Open
T020,21-22,2022-03-25,176,Groomed
T021,21-22,2022-03-25,176,Groomed
T022,21-22,2022-03-25,176,Groomed
T023,21-22,2022-03-25,176,Groomed
T024,21-22,2022-03-25,176,Groomed
T025,21-22,2022-03-25,176,Groomed
T026,21-22,2022-03-25,176,Groomed
T027,21-22,2022-03-25,176,Open
T028,21-22,2022-03-25,176,Open
T029,21-22,2022-03-25,176,Groomed
T030,21-22,2022-03-25,176,Open
T031,21-22,2022-03-25,176,Groomed
T032,21-22,2022-03-25,176,Open
T033,21-22,2022-03-25,176,Groomed
T034,21-22,2022-03-25,176,Groomed
T035,21-22,2022-03-25,176,Open
T036,21-22,2022-03-25,176,Groomed
T037,21-22,2022-03-25,176,Groomed
T038,21-22,2022-03-25,176,Open
T039,21-22,2022-03-25,176,Groomed
T040,21-22,2022-03-25,176,Open
T041,21-22,2022-03-25,176,Groomed
T042,21-22,2022-03-25,176,Open
T043,21-22,2022-03-25,176,Groomed
T044,21-22,2022-03-25,176,Open
T045,21-22,2022-03-25,176,Open
T046,21-22,2022-03-25,176,Open
T047,21-22,2022-03-25,176,Open
T048,21-22,2022-03-25,176,Open
T049,21-22,2022-03-25,176,Open
T050,21-22,2022-03-25,176,Groomed
T051,21-22,2022-03-25,176,Open
T052,21-22,2022-03-25,176,Groomed
T053,21-22,2022-03-25,176,Closed
T054,21-22,2022-03-25,176,Open
T055,21-22,2022-03-25,176,Open
T056,21-22,2022-03-25,176,Open
T057,21-22,2022-03-25,176,Open
T058,21-22,2022-03-25,176,Open
T061,21-22,2022-03-25,176,Groomed
T063,21-22,2022-03-25,176,Groomed
T064,21-22,2022-03-25,176,Groomed
T065,21-22,2022-03-25,176,Groomed
T067,21-22,2022-03-25,176,Groomed
T068,21-22,2022-03-25,176,Open
T069,21-22,2022-03-25,176,Open
T070,21-22,2022-03-25,176,Open
T071,21-22,2022-03-25,176,Open
T072,21-22,2022-03-25,176,Open
T073,21-22,2022-03-25,176,Open
T074,21-22,2022-03-25,176,Open
T075,21-22,2022-03-25,176,Open
T076,21-22,2022-03-25,176,Open
T077,21-22,2022-03-25,176,Groomed
T078,21-22,2022-03-25,176,Groomed
T079,21-22,2022-03-25,176,Open
T080,21-22,2022-03-25,176,Open
T081,21-22,2022-03-25,176,Open
T082,21-22,2022-03-25,176,Open
T083,21-22,2022-03-25,176,Groomed
T084,21-22,2022-03-25,176,Open
T085,21-22,2022-03-25,176,Open
T086,21-22,2022-03-25,176,Open
T087,21-22,2022-03-25,176,Open
T088,21-22,2022-03-25,176,Open
T089,21-22,2022-03-25,176,Open
T090,21-22,2022-03-25,176,Open
T091,21-22,2022-03-25,176,Open
T092,21-22,2022-03-25,176,Open
T127,21-22,2022-03-25,176,Open
T134,21-22,2022-03-25,176,Open
T135,21-22,2022-03-25,176,Open
T136,21-22,2022-03-25,176,Open
T137,21-22,2022-03-25,176,Open
T148,21-22,2022-03-25,176,Open
T154,21-22,2022-03-25,176,Closed
T001,21-22,2022-03-26,177,Groomed
T002,21-22,2022-03-26,177,Groomed
T003,21-22,2022-03-26,177,Groomed
T004,21-22,2022-03-26,177,Open
T005,21-22,2022-03-26,177,Groomed
T006,21-22,2022-03-26,177,Groomed
T007,21-22,2022-03-26,177,Groomed
T008,21-22,2022-03-26,177,Groomed
T009,21-22,2022-03-26,177,Groomed
T010,21-22,2022-03-26,177,Groomed
T011,21-22,2022-03-26,177,Groomed
T012,21-22,2022-03-26,177,Groomed
T013,21-22,2022-03-26,177,Groomed
T014,21-22,2022-03-26,177,Groomed
T015,21-22,2022-03-26,177,Groomed
T016,21-22,2022-03-26,177,Open
T017,21-22,2022-03-26,177,Open
T018,21-22,2022-03-26,177,Groomed
T019,21-22,2022-03-26,177,Open
T020,21-22,2022-03-26,177,Groomed
T021,21-22,2022-03-26,177,Groomed
T022,21-22,2022-03-26,177,Groomed
T023,21-22,2022-03-26,177,Groomed
T024,21-22,2022-03-26,177,Groomed
T025,21-22,2022-03-26,177,Groomed
T026,21-22,2022-03-26,177,Groomed
T027,21-22,2022-03-26,177,Groomed
T028,21-22,2022-03-26,177,Groomed
T029,21-22,2022-03-26,177,Groomed
T030,21-22,2022-03-26,177,Groomed
T031,21-22,2022-03-26,177,Groomed
T032,21-22,2022-03-26,177,Open
T033,21-22,2022-03-26,177,Groomed
T034,21-22,2022-03-26,177,Groomed
T035,21-22,2022-03-26,177,Open
T036,21-22,2022-03-26,177,Groomed
T037,21-22,2022-03-26,177,Groomed
T038,21-22,2022-03-26,177,Open
T039,21-22,2022-03-26,177,Groomed
T040,21-22,2022-03-26,177,Open
T041,21-22,2022-03-26,177,Groomed
T042,21-22,2022-03-26,177,Open
T043,21-22,2022-03-26,177,Groomed
T044,21-22,2022-03-26,177,Open
T045,21-22,2022-03-26,177,Open
T046,21-22,2022-03-26,177,Open
T047,21-22,2022-03-26,177,Open
T048,21-22,2022-03-26,177,Open
T049,21-22,2022-03-26,177,Open
T050,21-22,2022-03-26,177,Groomed
T051,21-22,2022-03-26,177,Open
T052,21-22,2022-03-26,177,Closed
T053,21-22,2022-03-26,177,Open
T054,21-22,2022-03-26,177,Open
T055,21-22,2022-03-26,177,Open
T056,21-22,2022-03-26,177,Open
T057,21-22,2022-03-26,177,Open
T058,21-22,2022-03-26,177,Open
T061,21-22,2022-03-26,177,Groomed
T063,21-22,2022-03-26,177,Groomed
T064,21-22,2022-03-26,177,Groomed
T065,21-22,2022-03-26,177,Open
T067,21-22,2022-03-26,177,Groomed
T068,21-22,2022-03-26,177,Open
T069,21-22,2022-03-26,177,Open
T070,21-22,2022-03-26,177,Open
T071,21-22,2022-03-26,177,Open
T072,21-22,2022-03-26,177,Open
T073,21-22,2022-03-26,177,Open
T074,21-22,2022-03-26,177,Open
T075,21-22,2022-03-26,177,Open
T076,21-22,2022-03-26,177,Open
T077,21-22,2022-03-26,177,Groomed
T078,21-22,2022-03-26,177,Groomed
T079,21-22,2022-03-26,177,Groomed
T080,21-22,2022-03-26,177,Open
T081,21-22,2022-03-26,177,Open
T082,21-22,2022-03-26,177,Open
T083,21-22,2022-03-26,177,Groomed
T084,21-22,2022-03-26,177,Open
T085,21-22,2022-03-26,177,Open
T086,21-22,2022-03-26,177,Open
T087,21-22,2022-03-26,177,Open
T088,21-22,2022-03-26,177,Open
T089,21-22,2022-03-26,177,Open
T090,21-22,2022-03-26,177,Open
T091,21-22,2022-03-26,177,Open
T092,21-22,2022-03-26,177,Open
T127,21-22,2022-03-26,177,Open
T134,21-22,2022-03-26,177,Open
T135,21-22,2022-03-26,177,Open
T136,21-22,2022-03-26,177,Open
T137,21-22,2022-03-26,177,Open
T148,21-22,2022-03-26,177,Open
T154,21-22,2022-03-26,177,Closed
T001,21-22,2022-03-27,178,Groomed
T002,21-22,2022-03-27,178,Groomed
T003,21-22,2022-03-27,178,Groomed
T004,21-22,2022-03-27,178,Open
T005,21-22,2022-03-27,178,Groomed
T006,21-22,2022-03-27,178,Groomed
T007,21-22,2022-03-27,178,Groomed
T008,21-22,2022-03-27,178,Groomed
T009,21-22,2022-03-27,178,Groomed
T010,21-22,2022-03-27,178,Groomed
T011,21-22,2022-03-27,178,Groomed
T012,21-22,2022-03-27,178,Groomed
T013,21-22,2022-03-27,178,Groomed
T014,21-22,2022-03-27,178,Groomed
T015,21-22,2022-03-27,178,Groomed
T016,21-22,2022-03-27,178,Open
T017,21-22,2022-03-27,178,Open
T018,21-22,2022-03-27,178,Groomed
T019,21-22,2022-03-27,178,Open
T020,21-22,2022-03-27,178,Groomed
T021,21-22,2022-03-27,178,Groomed
T022,21-22,2022-03-27,178,Groomed
T023,21-22,2022-03-27,178,Groomed
T024,21-22,2022-03-27,178,Groomed
T025,21-22,2022-03-27,178,Groomed
T026,21-22,2022-03-27,178,Groomed
T027,21-22,2022-03-27,178,Open
T028,21-22,2022-03-27,178,Open
T029,21-22,2022-03-27,178,Groomed
T030,21-22,2022-03-27,178,Open
T031,21-22,2022-03-27,178,Groomed
T032,21-22,2022-03-27,178,Groomed
T033,21-22,2022-03-27,178,Groomed
T034,21-22,2022-03-27,178,Groomed
T035,21-22,2022-03-27,178,Open
T036,21-22,2022-03-27,178,Groomed
T037,21-22,2022-03-27,178,Groomed
T038,21-22,2022-03-27,178,Open
T039,21-22,2022-03-27,178,Groomed
T040,21-22,2022-03-27,178,Open
T041,21-22,2022-03-27,178,Groomed
T042,21-22,2022-03-27,178,Open
T043,21-22,2022-03-27,178,Groomed
T044,21-22,2022-03-27,178,Open
T045,21-22,2022-03-27,178,Open
T046,21-22,2022-03-27,178,Open
T047,21-22,2022-03-27,178,Open
T048,21-22,2022-03-27,178,Open
T049,21-22,2022-03-27,178,Open
T050,21-22,2022-03-27,178,Groomed
T051,21-22,2022-03-27,178,Open
T052,21-22,2022-03-27,178,Groomed
T053,21-22,2022-03-27,178,No Data
T054,21-22,2022-03-27,178,Open
T055,21-22,2022-03-27,178,Open
T056,21-22,2022-03-27,178,Open
T057,21-22,2022-03-27,178,Open
T058,21-22,2022-03-27,178,Open
T061,21-22,2022-03-27,178,Groomed
T063,21-22,2022-03-27,178,Groomed
T064,21-22,2022-03-27,178,Groomed
T065,21-22,2022-03-27,178,Groomed
T067,21-22,2022-03-27,178,Groomed
T068,21-22,2022-03-27,178,Open
T069,21-22,2022-03-27,178,Open
T070,21-22,2022-03-27,178,Open
T071,21-22,2022-03-27,178,Open
T072,21-22,2022-03-27,178,Open
T073,21-22,2022-03-27,178,Open
T074,21-22,2022-03-27,178,Open
T075,21-22,2022-03-27,178,Open
T076,21-22,2022-03-27,178,Open
T077,21-22,2022-03-27,178,Groomed
T078,21-22,2022-03-27,178,Groomed
T079,21-22,2022-03-27,178,Groomed
T080,21-22,2022-03-27,178,Open
T081,21-22,2022-03-27,178,Open
T082,21-22,2022-03-27,178,Open
T083,21-22,2022-03-27,178,Groomed
T084,21-22,2022-03-27,178,Open
T085,21-22,2022-03-27,178,Open
T086,21-22,2022-03-27,178,Open
T087,21-22,2022-03-27,178,Open
T088,21-22,2022-03-27,178,Open
T089,21-22,2022-03-27,178,Open
T090,21-22,2022-03-27,178,Open
T091,21-22,2022-03-27,178,Open
T092,21-22,2022-03-27,178,Open
T127,21-22,2022-03-27,178,Open
T134,21-22,2022-03-27,178,Open
T135,21-22,2022-03-27,178,Open
T136,21-22,2022-03-27,178,Open
T137,21-22,2022-03-27,178,Open
T148,21-22,2022-03-27,178,Open
T154,21-22,2022-03-27,178,Closed
T001,21-22,2022-03-28,179,Groomed
T002,21-22,2022-03-28,179,Groomed
T003,21-22,2022-03-28,179,Groomed
T004,21-22,2022-03-28,179,Open
T005,21-22,2022-03-28,179,Groomed
T006,21-22,2022-03-28,179,Groomed
T007,21-22,2022-03-28,179,Groomed
T008,21-22,2022-03-28,179,Groomed
T009,21-22,2022-03-28,179,Groomed
T010,21-22,2022-03-28,179,Groomed
T011,21-22,2022-03-28,179,Groomed
T012,21-22,2022-03-28,179,Groomed
T013,21-22,2022-03-28,179,Groomed
T014,21-22,2022-03-28,179,Groomed
T015,21-22,2022-03-28,179,Groomed
T016,21-22,2022-03-28,179,Open
T017,21-22,2022-03-28,179,Open
T018,21-22,2022-03-28,179,Groomed
T019,21-22,2022-03-28,179,Closed
T020,21-22,2022-03-28,179,Groomed
T021,21-22,2022-03-28,179,Groomed
T022,21-22,2022-03-28,179,Groomed
T023,21-22,2022-03-28,179,Groomed
T024,21-22,2022-03-28,179,Groomed
T025,21-22,2022-03-28,179,Groomed
T026,21-22,2022-03-28,179,Groomed
T027,21-22,2022-03-28,179,Open
T028,21-22,2022-03-28,179,Open
T029,21-22,2022-03-28,179,Groomed
T030,21-22,2022-03-28,179,Open
T031,21-22,2022-03-28,179,Groomed
T032,21-22,2022-03-28,179,Groomed
T033,21-22,2022-03-28,179,Groomed
T034,21-22,2022-03-28,179,Groomed
T035,21-22,2022-03-28,179,Open
T036,21-22,2022-03-28,179,Groomed
T037,21-22,2022-03-28,179,Groomed
T038,21-22,2022-03-28,179,Open
T039,21-22,2022-03-28,179,Groomed
T040,21-22,2022-03-28,179,Open
T041,21-22,2022-03-28,179,Groomed
T042,21-22,2022-03-28,179,Open
T043,21-22,2022-03-28,179,Groomed
T044,21-22,2022-03-28,179,Open
T045,21-22,2022-03-28,179,Open
T046,21-22,2022-03-28,179,Closed
T047,21-22,2022-03-28,179,Closed
T048,21-22,2022-03-28,179,Open
T049,21-22,2022-03-28,179,Groomed
T050,21-22,2022-03-28,179,Groomed
T051,21-22,2022-03-28,179,Open
T052,21-22,2022-03-28,179,Closed
T053,21-22,2022-03-28,179,Open
T054,21-22,2022-03-28,179,Open
T055,21-22,2022-03-28,179,Open
T056,21-22,2022-03-28,179,Open
T057,21-22,2022-03-28,179,Open
T058,21-22,2022-03-28,179,Open
T061,21-22,2022-03-28,179,Groomed
T063,21-22,2022-03-28,179,Groomed
T064,21-22,2022-03-28,179,Groomed
T065,21-22,2022-03-28,179,Groomed
T067,21-22,2022-03-28,179,Groomed
T068,21-22,2022-03-28,179,Open
T069,21-22,2022-03-28,179,Open
T070,21-22,2022-03-28,179,Open
T071,21-22,2022-03-28,179,Open
T072,21-22,2022-03-28,179,Open
T073,21-22,2022-03-28,179,Open
T074,21-22,2022-03-28,179,Open
T075,21-22,2022-03-28,179,Open
T076,21-22,2022-03-28,179,Open
T077,21-22,2022-03-28,179,Groomed
T078,21-22,2022-03-28,179,Groomed
T079,21-22,2022-03-28,179,Groomed
T080,21-22,2022-03-28,179,Open
T081,21-22,2022-03-28,179,Open
T082,21-22,2022-03-28,179,Open
T083,21-22,2022-03-28,179,Groomed
T084,21-22,2022-03-28,179,Open
T085,21-22,2022-03-28,179,Open
T086,21-22,2022-03-28,179,Open
T087,21-22,2022-03-28,179,Open
T088,21-22,2022-03-28,179,Open
T089,21-22,2022-03-28,179,Open
T090,21-22,2022-03-28,179,Open
T091,21-22,2022-03-28,179,Open
T092,21-22,2022-03-28,179,Open
T127,21-22,2022-03-28,179,Open
T134,21-22,2022-03-28,179,Open
T135,21-22,2022-03-28,179,Open
T136,21-22,2022-03-28,179,Open
T137,21-22,2022-03-28,179,Open
T148,21-22,2022-03-28,179,Closed
T154,21-22,2022-03-28,179,Closed
T001,21-22,2022-03-29,180,Groomed
T002,21-22,2022-03-29,180,Groomed
T003,21-22,2022-03-29,180,Groomed
T004,21-22,2022-03-29,180,Open
T005,21-22,2022-03-29,180,Groomed
T006,21-22,2022-03-29,180,Open
T007,21-22,2022-03-29,180,Groomed
T008,21-22,2022-03-29,180,Groomed
T009,21-22,2022-03-29,180,Groomed
T010,21-22,2022-03-29,180,Groomed
T011,21-22,2022-03-29,180,Groomed
T012,21-22,2022-03-29,180,Groomed
T013,21-22,2022-03-29,180,Groomed
T014,21-22,2022-03-29,180,Groomed
T015,21-22,2022-03-29,180,Groomed
T016,21-22,2022-03-29,180,Open
T017,21-22,2022-03-29,180,Open
T018,21-22,2022-03-29,180,Groomed
T019,21-22,2022-03-29,180,Closed
T020,21-22,2022-03-29,180,Groomed
T021,21-22,2022-03-29,180,Groomed
T022,21-22,2022-03-29,180,Groomed
T023,21-22,2022-03-29,180,Groomed
T024,21-22,2022-03-29,180,Groomed
T025,21-22,2022-03-29,180,Groomed
T026,21-22,2022-03-29,180,Groomed
T027,21-22,2022-03-29,180,Groomed
T028,21-22,2022-03-29,180,Groomed
T029,21-22,2022-03-29,180,Groomed
T030,21-22,2022-03-29,180,Groomed
T031,21-22,2022-03-29,180,Groomed
T032,21-22,2022-03-29,180,Groomed
T033,21-22,2022-03-29,180,Groomed
T034,21-22,2022-03-29,180,Groomed
T035,21-22,2022-03-29,180,Open
T036,21-22,2022-03-29,180,Groomed
T037,21-22,2022-03-29,180,Open
T038,21-22,2022-03-29,180,Closed
T039,21-22,2022-03-29,180,Groomed
T040,21-22,2022-03-29,180,Open
T041,21-22,2022-03-29,180,Groomed
T042,21-22,2022-03-29,180,Open
T043,21-22,2022-03-29,180,Groomed
T044,21-22,2022-03-29,180,Open
T045,21-22,2022-03-29,180,Open
T046,21-22,2022-03-29,180,Closed
T047,21-22,2022-03-29,180,Closed
T048,21-22,2022-03-29,180,Open
T049,21-22,2022-03-29,180,Groomed
T050,21-22,2022-03-29,180,Groomed
T051,21-22,2022-03-29,180,Open
T052,21-22,2022-03-29,180,Groomed
T053,21-22,2022-03-29,180,Closed
T054,21-22,2022-03-29,180,Open
T055,21-22,2022-03-29,180,Open
T056,21-22,2022-03-29,180,Open
T057,21-22,2022-03-29,180,Open
T058,21-22,2022-03-29,180,Open
T061,21-22,2022-03-29,180,Groomed
T063,21-22,2022-03-29,180,Groomed
T064,21-22,2022-03-29,180,Open
T065,21-22,2022-03-29,180,Open
T067,21-22,2022-03-29,180,Groomed
T068,21-22,2022-03-29,180,Open
T069,21-22,2022-03-29,180,Open
T070,21-22,2022-03-29,180,Open
T071,21-22,2022-03-29,180,Open
T072,21-22,2022-03-29,180,Open
T073,21-22,2022-03-29,180,Open
T074,21-22,2022-03-29,180,Open
T075,21-22,2022-03-29,180,Open
T076,21-22,2022-03-29,180,Open
T077,21-22,2022-03-29,180,Groomed
T078,21-22,2022-03-29,180,Groomed
T079,21-22,2022-03-29,180,Groomed
T080,21-22,2022-03-29,180,Open
T081,21-22,2022-03-29,180,Open
T082,21-22,2022-03-29,180,Open
T083,21-22,2022-03-29,180,Groomed
T084,21-22,2022-03-29,180,Open
T085,21-22,2022-03-29,180,Open
T086,21-22,2022-03-29,180,Open
T087,21-22,2022-03-29,180,Open
T088,21-22,2022-03-29,180,Open
T089,21-22,2022-03-29,180,Open
T090,21-22,2022-03-29,180,Open
T091,21-22,2022-03-29,180,Open
T092,21-22,2022-03-29,180,Open
T127,21-22,2022-03-29,180,Open
T134,21-22,2022-03-29,180,Open
T135,21-22,2022-03-29,180,Open
T136,21-22,2022-03-29,180,Open
T137,21-22,2022-03-29,180,Open
T148,21-22,2022-03-29,180,Closed
T154,21-22,2022-03-29,180,Closed
T001,21-22,2022-03-30,181,Groomed
T002,21-22,2022-03-30,181,Groomed
T003,21-22,2022-03-30,181,Groomed
T004,21-22,2022-03-30,181,Open
T005,21-22,2022-03-30,181,Groomed
T006,21-22,2022-03-30,181,Groomed
T007,21-22,2022-03-30,181,Groomed
T008,21-22,2022-03-30,181,Groomed
T009,21-22,2022-03-30,181,Groomed
T010,21-22,2022-03-30,181,Groomed
T011,21-22,2022-03-30,181,Groomed
T012,21-22,2022-03-30,181,Groomed
T013,21-22,2022-03-30,181,Groomed
T014,21-22,2022-03-30,181,Groomed
T015,21-22,2022-03-30,181,Groomed
T016,21-22,2022-03-30,181,Open
T017,21-22,2022-03-30,181,Open
T018,21-22,2022-03-30,181,Groomed
T019,21-22,2022-03-30,181,Closed
T020,21-22,2022-03-30,181,Groomed
T021,21-22,2022-03-30,181,Groomed
T022,21-22,2022-03-30,181,Groomed
T023,21-22,2022-03-30,181,Groomed
T024,21-22,2022-03-30,181,Groomed
T025,21-22,2022-03-30,181,Groomed
T026,21-22,2022-03-30,181,Open
T027,21-22,2022-03-30,181,Open
T028,21-22,2022-03-30,181,Open
T029,21-22,2022-03-30,181,Groomed
T030,21-22,2022-03-30,181,Open
T031,21-22,2022-03-30,181,Groomed
T032,21-22,2022-03-30,181,Groomed
T033,21-22,2022-03-30,181,Groomed
T034,21-22,2022-03-30,181,Groomed
T035,21-22,2022-03-30,181,Open
T036,21-22,2022-03-30,181,Groomed
T037,21-22,2022-03-30,181,Open
T038,21-22,2022-03-30,181,Closed
T039,21-22,2022-03-30,181,Open
T040,21-22,2022-03-30,181,Open
T041,21-22,2022-03-30,181,Groomed
T042,21-22,2022-03-30,181,Open
T043,21-22,2022-03-30,181,Groomed
T044,21-22,2022-03-30,181,Open
T045,21-22,2022-03-30,181,Open
T046,21-22,2022-03-30,181,Closed
T047,21-22,2022-03-30,181,Closed
T048,21-22,2022-03-30,181,Open
T049,21-22,2022-03-30,181,Groomed
T050,21-22,2022-03-30,181,Groomed
T051,21-22,2022-03-30,181,Open
T052,21-22,2022-03-30,181,Groomed
T053,21-22,2022-03-30,181,Closed
T054,21-22,2022-03-30,181,Open
T055,21-22,2022-03-30,181,Open
T056,21-22,2022-03-30,181,Open
T057,21-22,2022-03-30,181,Open
T058,21-22,2022-03-30,181,Open
T061,21-22,2022-03-30,181,Groomed
T063,21-22,2022-03-30,181,Groomed
T064,21-22,2022-03-30,181,Open
T065,21-22,2022-03-30,181,Open
T067,21-22,2022-03-30,181,Groomed
T068,21-22,2022-03-30,181,Open
T069,21-22,2022-03-30,181,Open
T070,21-22,2022-03-30,181,Open
T071,21-22,2022-03-30,181,Open
T072,21-22,2022-03-30,181,Open
T073,21-22,2022-03-30,181,Open
T074,21-22,2022-03-30,181,Open
T075,21-22,2022-03-30,181,Open
T076,21-22,2022-03-30,181,Open
T077,21-22,2022-03-30,181,Groomed
T078,21-22,2022-03-30,181,Groomed
T079,21-22,2022-03-30,181,Open
T080,21-22,2022-03-30,181,Open
T081,21-22,2022-03-30,181,Open
T082,21-22,2022-03-30,181,Open
T083,21-22,2022-03-30,181,Groomed
T084,21-22,2022-03-30,181,Open
T085,21-22,2022-03-30,181,Open
T086,21-22,2022-03-30,181,Open
T087,21-22,2022-03-30,181,Open
T088,21-22,2022-03-30,181,Open
T089,21-22,2022-03-30,181,Open
T090,21-22,2022-03-30,181,Open
T091,21-22,2022-03-30,181,Open
T092,21-22,2022-03-30,181,Open
T127,21-22,2022-03-30,181,Open
T134,21-22,2022-03-30,181,Open
T135,21-22,2022-03-30,181,Open
T136,21-22,2022-03-30,181,Open
T137,21-22,2022-03-30,181,Open
T148,21-22,2022-03-30,181,Closed
T154,21-22,2022-03-30,181,Closed
T001,21-22,2022-03-31,182,Groomed
T002,21-22,2022-03-31,182,Groomed
T003,21-22,2022-03-31,182,Groomed
T004,21-22,2022-03-31,182,Open
T005,21-22,2022-03-31,182,Groomed
T006,21-22,2022-03-31,182,Open
T007,21-22,2022-03-31,182,Groomed
T008,21-22,2022-03-31,182,Groomed
T009,21-22,2022-03-31,182,Groomed
T010,21-22,2022-03-31,182,Groomed
T011,21-22,2022-03-31,182,Groomed
T012,21-22,2022-03-31,182,Groomed
T013,21-22,2022-03-31,182,Groomed
T014,21-22,2022-03-31,182,Groomed
T015,21-22,2022-03-31,182,Groomed
T016,21-22,2022-03-31,182,Open
T017,21-22,2022-03-31,182,Open
T018,21-22,2022-03-31,182,Groomed
T019,21-22,2022-03-31,182,Closed
T020,21-22,2022-03-31,182,Groomed
T021,21-22,2022-03-31,182,Groomed
T022,21-22,2022-03-31,182,Groomed
T023,21-22,2022-03-31,182,Groomed
T024,21-22,2022-03-31,182,Open
T025,21-22,2022-03-31,182,Groomed
T026,21-22,2022-03-31,182,Open
T027,21-22,2022-03-31,182,Groomed
T028,21-22,2022-03-31,182,Groomed
T029,21-22,2022-03-31,182,Groomed
T030,21-22,2022-03-31,182,Groomed
T031,21-22,2022-03-31,182,Groomed
T032,21-22,2022-03-31,182,Groomed
T033,21-22,2022-03-31,182,Groomed
T034,21-22,2022-03-31,182,Groomed
T035,21-22,2022-03-31,182,Open
T036,21-22,2022-03-31,182,Groomed
T037,21-22,2022-03-31,182,Open
T038,21-22,2022-03-31,182,Closed
T039,21-22,2022-03-31,182,Open
T040,21-22,2022-03-31,182,Open
T041,21-22,2022-03-31,182,Groomed
T042,21-22,2022-03-31,182,Open
T043,21-22,2022-03-31,182,Groomed
T044,21-22,2022-03-31,182,Open
T045,21-22,2022-03-31,182,Open
T046,21-22,2022-03-31,182,Closed
T047,21-22,2022-03-31,182,Closed
T048,21-22,2022-03-31,182,Open
T049,21-22,2022-03-31,182,Groomed
T050,21-22,2022-03-31,182,Groomed
T051,21-22,2022-03-31,182,Open
T052,21-22,2022-03-31,182,Closed
T053,21-22,2022-03-31,182,Open
T054,21-22,2022-03-31,182,Open
T055,21-22,2022-03-31,182,Open
T056,21-22,2022-03-31,182,Open
T057,21-22,2022-03-31,182,Open
T058,21-22,2022-03-31,182,Open
T061,21-22,2022-03-31,182,Groomed
T063,21-22,2022-03-31,182,Groomed
T064,21-22,2022-03-31,182,Groomed
T065,21-22,2022-03-31,182,Open
T067,21-22,2022-03-31,182,Groomed
T068,21-22,2022-03-31,182,Open
T069,21-22,2022-03-31,182,Open
T070,21-22,2022-03-31,182,Open
T071,21-22,2022-03-31,182,Open
T072,21-22,2022-03-31,182,Open
T073,21-22,2022-03-31,182,Open
T074,21-22,2022-03-31,182,Open
T075,21-22,2022-03-31,182,Open
T076,21-22,2022-03-31,182,Open
T077,21-22,2022-03-31,182,Groomed
T078,21-22,2022-03-31,182,Groomed
T079,21-22,2022-03-31,182,Groomed
T080,21-22,2022-03-31,182,Open
T081,21-22,2022-03-31,182,Open
T082,21-22,2022-03-31,182,Open
T083,21-22,2022-03-31,182,Groomed
T084,21-22,2022-03-31,182,Open
T085,21-22,2022-03-31,182,Open
T086,21-22,2022-03-31,182,Open
T087,21-22,2022-03-31,182,Open
T088,21-22,2022-03-31,182,Open
T089,21-22,2022-03-31,182,Open
T090,21-22,2022-03-31,182,Open
T091,21-22,2022-03-31,182,Open
T092,21-22,2022-03-31,182,Open
T127,21-22,2022-03-31,182,Open
T134,21-22,2022-03-31,182,Open
T135,21-22,2022-03-31,182,Open
T136,21-22,2022-03-31,182,Open
T137,21-22,2022-03-31,182,Open
T148,21-22,2022-03-31,182,Closed
T154,21-22,2022-03-31,182,Closed
T001,21-22,2022-04-01,183,Groomed
T002,21-22,2022-04-01,183,Groomed
T003,21-22,2022-04-01,183,Groomed
T004,21-22,2022-04-01,183,Open
T005,21-22,2022-04-01,183,Groomed
T006,21-22,2022-04-01,183,Open
T007,21-22,2022-04-01,183,Groomed
T008,21-22,2022-04-01,183,Groomed
T009,21-22,2022-04-01,183,Groomed
T010,21-22,2022-04-01,183,Groomed
T011,21-22,2022-04-01,183,Groomed
T012,21-22,2022-04-01,183,Groomed
T013,21-22,2022-04-01,183,Groomed
T014,21-22,2022-04-01,183,Groomed
T015,21-22,2022-04-01,183,Groomed
T016,21-22,2022-04-01,183,Open
T017,21-22,2022-04-01,183,Open
T018,21-22,2022-04-01,183,Groomed
T019,21-22,2022-04-01,183,Closed
T020,21-22,2022-04-01,183,Groomed
T021,21-22,2022-04-01,183,Groomed
T022,21-22,2022-04-01,183,Groomed
T023,21-22,2022-04-01,183,Groomed
T024,21-22,2022-04-01,183,Groomed
T025,21-22,2022-04-01,183,Groomed
T026,21-22,2022-04-01,183,Groomed
T027,21-22,2022-04-01,183,Groomed
T028,21-22,2022-04-01,183,Groomed
T029,21-22,2022-04-01,183,Groomed
T030,21-22,2022-04-01,183,Groomed
T031,21-22,2022-04-01,183,Groomed
T032,21-22,2022-04-01,183,Groomed
T033,21-22,2022-04-01,183,Groomed
T034,21-22,2022-04-01,183,Groomed
T035,21-22,2022-04-01,183,Open
T036,21-22,2022-04-01,183,Groomed
T037,21-22,2022-04-01,183,Open
T038,21-22,2022-04-01,183,Closed
T039,21-22,2022-04-01,183,Open
T040,21-22,2022-04-01,183,Open
T041,21-22,2022-04-01,183,Groomed
T042,21-22,2022-04-01,183,Open
T043,21-22,2022-04-01,183,Groomed
T044,21-22,2022-04-01,183,Open
T045,21-22,2022-04-01,183,Open
T046,21-22,2022-04-01,183,Closed
T047,21-22,2022-04-01,183,Closed
T048,21-22,2022-04-01,183,Open
T049,21-22,2022-04-01,183,Groomed
T050,21-22,2022-04-01,183,Groomed
T051,21-22,2022-04-01,183,Open
T052,21-22,2022-04-01,183,Closed
T053,21-22,2022-04-01,183,Open
T054,21-22,2022-04-01,183,Open
T055,21-22,2022-04-01,183,Open
T056,21-22,2022-04-01,183,Open
T057,21-22,2022-04-01,183,Open
T058,21-22,2022-04-01,183,Open
T061,21-22,2022-04-01,183,Groomed
T063,21-22,2022-04-01,183,Groomed
T064,21-22,2022-04-01,183,Groomed
T065,21-22,2022-04-01,183,Open
T067,21-22,2022-04-01,183,Groomed
T068,21-22,2022-04-01,183,Open
T069,21-22,2022-04-01,183,Open
T070,21-22,2022-04-01,183,Open
T071,21-22,2022-04-01,183,Open
T072,21-22,2022-04-01,183,Open
T073,21-22,2022-04-01,183,Open
T074,21-22,2022-04-01,183,Open
T075,21-22,2022-04-01,183,Open
T076,21-22,2022-04-01,183,Open
T077,21-22,2022-04-01,183,Groomed
T078,21-22,2022-04-01,183,Groomed
T079,21-22,2022-04-01,183,Groomed
T080,21-22,2022-04-01,183,Open
T081,21-22,2022-04-01,183,Open
T082,21-22,2022-04-01,183,Open
T083,21-22,2022-04-01,183,Groomed
T084,21-22,2022-04-01,183,Open
T085,21-22,2022-04-01,183,Open
T086,21-22,2022-04-01,183,Open
T087,21-22,2022-04-01,183,Open
T088,21-22,2022-04-01,183,Open
T089,21-22,2022-04-01,183,Open
T090,21-22,2022-04-01,183,Open
T091,21-22,2022-04-01,183,Open
T092,21-22,2022-04-01,183,Open
T127,21-22,2022-04-01,183,Open
T134,21-22,2022-04-01,183,Open
T135,21-22,2022-04-01,183,Open
T136,21-22,2022-04-01,183,Open
T137,21-22,2022-04-01,183,Open
T148,21-22,2022-04-01,183,Closed
T154,21-22,2022-04-01,183,Closed
T001,21-22,2022-04-02,184,Groomed
T002,21-22,2022-04-02,184,Groomed
T003,21-22,2022-04-02,184,Groomed
T004,21-22,2022-04-02,184,Open
T005,21-22,2022-04-02,184,Groomed
T006,21-22,2022-04-02,184,Closed
T007,21-22,2022-04-02,184,Groomed
T008,21-22,2022-04-02,184,Groomed
T009,21-22,2022-04-02,184,Groomed
T010,21-22,2022-04-02,184,Open
T011,21-22,2022-04-02,184,Groomed
T012,21-22,2022-04-02,184,Groomed
T013,21-22,2022-04-02,184,Groomed
T014,21-22,2022-04-02,184,Groomed
T015,21-22,2022-04-02,184,Groomed
T016,21-22,2022-04-02,184,Open
T017,21-22,2022-04-02,184,Open
T018,21-22,2022-04-02,184,Groomed
T019,21-22,2022-04-02,184,Closed
T020,21-22,2022-04-02,184,Open
T021,21-22,2022-04-02,184,Groomed
T022,21-22,2022-04-02,184,Groomed
T023,21-22,2022-04-02,184,Groomed
T024,21-22,2022-04-02,184,Open
T025,21-22,2022-04-02,184,Groomed
T026,21-22,2022-04-02,184,Open
T027,21-22,2022-04-02,184,Groomed
T028,21-22,2022-04-02,184,Groomed
T029,21-22,2022-04-02,184,Groomed
T030,21-22,2022-04-02,184,Groomed
T031,21-22,2022-04-02,184,Groomed
T032,21-22,2022-04-02,184,Groomed
T033,21-22,2022-04-02,184,Groomed
T034,21-22,2022-04-02,184,Groomed
T035,21-22,2022-04-02,184,Open
T036,21-22,2022-04-02,184,Groomed
T037,21-22,2022-04-02,184,Open
T038,21-22,2022-04-02,184,Closed
T039,21-22,2022-04-02,184,Open
T040,21-22,2022-04-02,184,Open
T041,21-22,2022-04-02,184,Groomed
T042,21-22,2022-04-02,184,Open
T043,21-22,2022-04-02,184,Groomed
T044,21-22,2022-04-02,184,Open
T045,21-22,2022-04-02,184,Open
T046,21-22,2022-04-02,184,Closed
T047,21-22,2022-04-02,184,Closed
T048,21-22,2022-04-02,184,Open
T049,21-22,2022-04-02,184,Groomed
T050,21-22,2022-04-02,184,Groomed
T051,21-22,2022-04-02,184,Open
T052,21-22,2022-04-02,184,Closed
T053,21-22,2022-04-02,184,Open
T054,21-22,2022-04-02,184,Open
T055,21-22,2022-04-02,184,Open
T056,21-22,2022-04-02,184,Open
T057,21-22,2022-04-02,184,Closed
T058,21-22,2022-04-02,184,Open
T061,21-22,2022-04-02,184,Groomed
T063,21-22,2022-04-02,184,Groomed
T064,21-22,2022-04-02,184,Groomed
T065,21-22,2022-04-02,184,Open
T067,21-22,2022-04-02,184,Groomed
T068,21-22,2022-04-02,184,Open
T069,21-22,2022-04-02,184,Open
T070,21-22,2022-04-02,184,Open
T071,21-22,2022-04-02,184,Open
T072,21-22,2022-04-02,184,Open
T073,21-22,2022-04-02,184,Open
T074,21-22,2022-04-02,184,Open
T075,21-22,2022-04-02,184,Open
T076,21-22,2022-04-02,184,Open
T077,21-22,2022-04-02,184,Groomed
T078,21-22,2022-04-02,184,Groomed
T079,21-22,2022-04-02,184,Groomed
T080,21-22,2022-04-02,184,Open
T081,21-22,2022-04-02,184,Open
T082,21-22,2022-04-02,184,Open
T083,21-22,2022-04-02,184,Groomed
T084,21-22,2022-04-02,184,Open
T085,21-22,2022-04-02,184,Open
T086,21-22,2022-04-02,184,Open
T087,21-22,2022-04-02,184,Open
T088,21-22,2022-04-02,184,Open
T089,21-22,2022-04-02,184,Open
T090,21-22,2022-04-02,184,Open
T091,21-22,2022-04-02,184,Open
T092,21-22,2022-04-02,184,Open
T127,21-22,2022-04-02,184,Open
T134,21-22,2022-04-02,184,Open
T135,21-22,2022-04-02,184,Open
T136,21-22,2022-04-02,184,Open
T137,21-22,2022-04-02,184,Open
T148,21-22,2022-04-02,184,Closed
T154,21-22,2022-04-02,184,Closed
T001,21-22,2022-04-03,185,Groomed
T002,21-22,2022-04-03,185,Groomed
T003,21-22,2022-04-03,185,Groomed
T004,21-22,2022-04-03,185,Open
T005,21-22,2022-04-03,185,Groomed
T006,21-22,2022-04-03,185,Closed
T007,21-22,2022-04-03,185,Groomed
T008,21-22,2022-04-03,185,Groomed
T009,21-22,2022-04-03,185,Groomed
T010,21-22,2022-04-03,185,Open
T011,21-22,2022-04-03,185,Groomed
T012,21-22,2022-04-03,185,Groomed
T013,21-22,2022-04-03,185,Groomed
T014,21-22,2022-04-03,185,Groomed
T015,21-22,2022-04-03,185,Groomed
T016,21-22,2022-04-03,185,Open
T017,21-22,2022-04-03,185,Open
T018,21-22,2022-04-03,185,Groomed
T019,21-22,2022-04-03,185,Closed
T020,21-22,2022-04-03,185,Open
T021,21-22,2022-04-03,185,Groomed
T022,21-22,2022-04-03,185,Groomed
T023,21-22,2022-04-03,185,Groomed
T024,21-22,2022-04-03,185,Open
T025,21-22,2022-04-03,185,Groomed
T026,21-22,2022-04-03,185,Open
T027,21-22,2022-04-03,185,Groomed
T028,21-22,2022-04-03,185,Groomed
T029,21-22,2022-04-03,185,Groomed
T030,21-22,2022-04-03,185,Groomed
T031,21-22,2022-04-03,185,Groomed
T032,21-22,2022-04-03,185,Groomed
T033,21-22,2022-04-03,185,Groomed
T034,21-22,2022-04-03,185,Groomed
T035,21-22,2022-04-03,185,Open
T036,21-22,2022-04-03,185,Groomed
T037,21-22,2022-04-03,185,Open
T038,21-22,2022-04-03,185,Closed
T039,21-22,2022-04-03,185,Open
T040,21-22,2022-04-03,185,Open
T041,21-22,2022-04-03,185,Groomed
T042,21-22,2022-04-03,185,Open
T043,21-22,2022-04-03,185,Groomed
T044,21-22,2022-04-03,185,Open
T045,21-22,2022-04-03,185,Open
T046,21-22,2022-04-03,185,Closed
T047,21-22,2022-04-03,185,Closed
T048,21-22,2022-04-03,185,Open
T049,21-22,2022-04-03,185,Groomed
T050,21-22,2022-04-03,185,Groomed
T051,21-22,2022-04-03,185,Open
T052,21-22,2022-04-03,185,Closed
T053,21-22,2022-04-03,185,Open
T054,21-22,2022-04-03,185,Open
T055,21-22,2022-04-03,185,Open
T056,21-22,2022-04-03,185,Open
T057,21-22,2022-04-03,185,Closed
T058,21-22,2022-04-03,185,Open
T061,21-22,2022-04-03,185,Groomed
T063,21-22,2022-04-03,185,Groomed
T064,21-22,2022-04-03,185,Groomed
T065,21-22,2022-04-03,185,Open
T067,21-22,2022-04-03,185,Groomed
T068,21-22,2022-04-03,185,Open
T069,21-22,2022-04-03,185,Open
T070,21-22,2022-04-03,185,Open
T071,21-22,2022-04-03,185,Open
T072,21-22,2022-04-03,185,Open
T073,21-22,2022-04-03,185,Open
T074,21-22,2022-04-03,185,Open
T075,21-22,2022-04-03,185,Open
T076,21-22,2022-04-03,185,Open
T077,21-22,2022-04-03,185,Groomed
T078,21-22,2022-04-03,185,Groomed
T079,21-22,2022-04-03,185,Groomed
T080,21-22,2022-04-03,185,Open
T081,21-22,2022-04-03,185,Open
T082,21-22,2022-04-03,185,Open
T083,21-22,2022-04-03,185,Groomed
T084,21-22,2022-04-03,185,Open
T085,21-22,2022-04-03,185,Open
T086,21-22,2022-04-03,185,Open
T087,21-22,2022-04-03,185,Open
T088,21-22,2022-04-03,185,Open
T089,21-22,2022-04-03,185,Open
T090,21-22,2022-04-03,185,Open
T091,21-22,2022-04-03,185,Open
T092,21-22,2022-04-03,185,Open
T127,21-22,2022-04-03,185,Open
T134,21-22,2022-04-03,185,Open
T135,21-22,2022-04-03,185,Open
T136,21-22,2022-04-03,185,Open
T137,21-22,2022-04-03,185,Open
T148,21-22,2022-04-03,185,Closed
T154,21-22,2022-04-03,185,Closed
T001,21-22,2022-04-04,186,Groomed
T002,21-22,2022-04-04,186,Closed
T003,21-22,2022-04-04,186,Groomed
T004,21-22,2022-04-04,186,Open
T005,21-22,2022-04-04,186,Groomed
T006,21-22,2022-04-04,186,Closed
T007,21-22,2022-04-04,186,Groomed
T008,21-22,2022-04-04,186,Groomed
T009,21-22,2022-04-04,186,Groomed
T010,21-22,2022-04-04,186,Open
T011,21-22,2022-04-04,186,Groomed
T012,21-22,2022-04-04,186,Groomed
T013,21-22,2022-04-04,186,Groomed
T014,21-22,2022-04-04,186,Groomed
T015,21-22,2022-04-04,186,Groomed
T016,21-22,2022-04-04,186,Open
T017,21-22,2022-04-04,186,Open
T018,21-22,2022-04-04,186,Groomed
T019,21-22,2022-04-04,186,Closed
T020,21-22,2022-04-04,186,Open
T021,21-22,2022-04-04,186,Groomed
T022,21-22,2022-04-04,186,Groomed
T023,21-22,2022-04-04,186,Groomed
T024,21-22,2022-04-04,186,Open
T025,21-22,2022-04-04,186,Groomed
T026,21-22,2022-04-04,186,Open
T027,21-22,2022-04-04,186,Groomed
T028,21-22,2022-04-04,186,Groomed
T029,21-22,2022-04-04,186,Groomed
T030,21-22,2022-04-04,186,Open
T031,21-22,2022-04-04,186,Groomed
T032,21-22,2022-04-04,186,Groomed
T033,21-22,2022-04-04,186,Groomed
T034,21-22,2022-04-04,186,Groomed
T035,21-22,2022-04-04,186,Open
T036,21-22,2022-04-04,186,Groomed
T037,21-22,2022-04-04,186,Open
T038,21-22,2022-04-04,186,Closed
T039,21-22,2022-04-04,186,Open
T040,21-22,2022-04-04,186,Open
T041,21-22,2022-04-04,186,Groomed
T042,21-22,2022-04-04,186,Open
T043,21-22,2022-04-04,186,Groomed
T044,21-22,2022-04-04,186,Open
T045,21-22,2022-04-04,186,Open
T046,21-22,2022-04-04,186,Closed
T047,21-22,2022-04-04,186,Closed
T048,21-22,2022-04-04,186,Open
T049,21-22,2022-04-04,186,Groomed
T050,21-22,2022-04-04,186,Groomed
T051,21-22,2022-04-04,186,Open
T052,21-22,2022-04-04,186,Closed
T053,21-22,2022-04-04,186,Open
T054,21-22,2022-04-04,186,Open
T055,21-22,2022-04-04,186,Open
T056,21-22,2022-04-04,186,Open
T057,21-22,2022-04-04,186,Closed
T058,21-22,2022-04-04,186,Open
T061,21-22,2022-04-04,186,Groomed
T063,21-22,2022-04-04,186,Groomed
T064,21-22,2022-04-04,186,Groomed
T065,21-22,2022-04-04,186,Open
T067,21-22,2022-04-04,186,Groomed
T068,21-22,2022-04-04,186,Open
T069,21-22,2022-04-04,186,Open
T070,21-22,2022-04-04,186,Open
T071,21-22,2022-04-04,186,Open
T072,21-22,2022-04-04,186,Open
T073,21-22,2022-04-04,186,Open
T074,21-22,2022-04-04,186,Open
T075,21-22,2022-04-04,186,Open
T076,21-22,2022-04-04,186,Open
T077,21-22,2022-04-04,186,Groomed
T078,21-22,2022-04-04,186,Groomed
T079,21-22,2022-04-04,186,Groomed
T080,21-22,2022-04-04,186,Open
T081,21-22,2022-04-04,186,Open
T082,21-22,2022-04-04,186,Open
T083,21-22,2022-04-04,186,Groomed
T084,21-22,2022-04-04,186,Open
T085,21-22,2022-04-04,186,Open
T086,21-22,2022-04-04,186,Open
T087,21-22,2022-04-04,186,Open
T088,21-22,2022-04-04,186,Open
T089,21-22,2022-04-04,186,Open
T090,21-22,2022-04-04,186,Open
T091,21-22,2022-04-04,186,Open
T092,21-22,2022-04-04,186,Open
T127,21-22,2022-04-04,186,Open
T134,21-22,2022-04-04,186,Open
T135,21-22,2022-04-04,186,Open
T136,21-22,2022-04-04,186,Open
T137,21-22,2022-04-04,186,Open
T148,21-22,2022-04-04,186,Closed
T154,21-22,2022-04-04,186,Closed
T001,21-22,2022-04-05,187,Groomed
T002,21-22,2022-04-05,187,Closed
T003,21-22,2022-04-05,187,Groomed
T004,21-22,2022-04-05,187,Open
T005,21-22,2022-04-05,187,Groomed
T006,21-22,2022-04-05,187,Closed
T007,21-22,2022-04-05,187,Groomed
T008,21-22,2022-04-05,187,Groomed
T009,21-22,2022-04-05,187,Groomed
T010,21-22,2022-04-05,187,Open
T011,21-22,2022-04-05,187,Groomed
T012,21-22,2022-04-05,187,Groomed
T013,21-22,2022-04-05,187,Groomed
T014,21-22,2022-04-05,187,Groomed
T015,21-22,2022-04-05,187,Groomed
T016,21-22,2022-04-05,187,Open
T017,21-22,2022-04-05,187,Open
T018,21-22,2022-04-05,187,Groomed
T019,21-22,2022-04-05,187,Closed
T020,21-22,2022-04-05,187,Groomed
T021,21-22,2022-04-05,187,Groomed
T022,21-22,2022-04-05,187,Groomed
T023,21-22,2022-04-05,187,Groomed
T024,21-22,2022-04-05,187,Open
T025,21-22,2022-04-05,187,Groomed
T026,21-22,2022-04-05,187,Groomed
T027,21-22,2022-04-05,187,Groomed
T028,21-22,2022-04-05,187,Open
T029,21-22,2022-04-05,187,Open
T030,21-22,2022-04-05,187,Open
T031,21-22,2022-04-05,187,Groomed
T032,21-22,2022-04-05,187,Groomed
T033,21-22,2022-04-05,187,Groomed
T034,21-22,2022-04-05,187,Groomed
T035,21-22,2022-04-05,187,Open
T036,21-22,2022-04-05,187,Groomed
T037,21-22,2022-04-05,187,Open
T038,21-22,2022-04-05,187,Closed
T039,21-22,2022-04-05,187,Open
T040,21-22,2022-04-05,187,Open
T041,21-22,2022-04-05,187,Groomed
T042,21-22,2022-04-05,187,Open
T043,21-22,2022-04-05,187,Groomed
T044,21-22,2022-04-05,187,Open
T045,21-22,2022-04-05,187,Open
T046,21-22,2022-04-05,187,Closed
T047,21-22,2022-04-05,187,Closed
T048,21-22,2022-04-05,187,Open
T049,21-22,2022-04-05,187,Groomed
T050,21-22,2022-04-05,187,Groomed
T051,21-22,2022-04-05,187,Open
T052,21-22,2022-04-05,187,Groomed
T053,21-22,2022-04-05,187,Closed
T054,21-22,2022-04-05,187,Open
T055,21-22,2022-04-05,187,Open
T056,21-22,2022-04-05,187,Open
T057,21-22,2022-04-05,187,Closed
T058,21-22,2022-04-05,187,Open
T061,21-22,2022-04-05,187,Groomed
T063,21-22,2022-04-05,187,Groomed
T064,21-22,2022-04-05,187,Groomed
T065,21-22,2022-04-05,187,Open
T067,21-22,2022-04-05,187,Groomed
T068,21-22,2022-04-05,187,Open
T069,21-22,2022-04-05,187,Open
T070,21-22,2022-04-05,187,Open
T071,21-22,2022-04-05,187,Open
T072,21-22,2022-04-05,187,Open
T073,21-22,2022-04-05,187,Open
T074,21-22,2022-04-05,187,Open
T075,21-22,2022-04-05,187,Open
T076,21-22,2022-04-05,187,Open
T077,21-22,2022-04-05,187,Groomed
T078,21-22,2022-04-05,187,Groomed
T079,21-22,2022-04-05,187,Groomed
T080,21-22,2022-04-05,187,Open
T081,21-22,2022-04-05,187,Open
T082,21-22,2022-04-05,187,Open
T083,21-22,2022-04-05,187,Groomed
T084,21-22,2022-04-05,187,Open
T085,21-22,2022-04-05,187,Open
T086,21-22,2022-04-05,187,Open
T087,21-22,2022-04-05,187,Open
T088,21-22,2022-04-05,187,Open
T089,21-22,2022-04-05,187,Open
T090,21-22,2022-04-05,187,Open
T091,21-22,2022-04-05,187,Open
T092,21-22,2022-04-05,187,Open
T127,21-22,2022-04-05,187,Open
T134,21-22,2022-04-05,187,Open
T135,21-22,2022-04-05,187,Open
T136,21-22,2022-04-05,187,Open
T137,21-22,2022-04-05,187,Open
T148,21-22,2022-04-05,187,Closed
T154,21-22,2022-04-05,187,Closed
T001,21-22,2022-04-06,188,Groomed
T002,21-22,2022-04-06,188,Closed
T003,21-22,2022-04-06,188,Groomed
T004,21-22,2022-04-06,188,Open
T005,21-22,2022-04-06,188,Groomed
T006,21-22,2022-04-06,188,Closed
T007,21-22,2022-04-06,188,Groomed
T008,21-22,2022-04-06,188,Groomed
T009,21-22,2022-04-06,188,Groomed
T010,21-22,2022-04-06,188,Groomed
T011,21-22,2022-04-06,188,Groomed
T012,21-22,2022-04-06,188,Groomed
T013,21-22,2022-04-06,188,Groomed
T014,21-22,2022-04-06,188,Groomed
T015,21-22,2022-04-06,188,Groomed
T016,21-22,2022-04-06,188,Open
T017,21-22,2022-04-06,188,Closed
T018,21-22,2022-04-06,188,Groomed
T019,21-22,2022-04-06,188,Closed
T020,21-22,2022-04-06,188,Groomed
T021,21-22,2022-04-06,188,Groomed
T022,21-22,2022-04-06,188,Groomed
T023,21-22,2022-04-06,188,Groomed
T024,21-22,2022-04-06,188,Closed
T025,21-22,2022-04-06,188,Groomed
T026,21-22,2022-04-06,188,Groomed
T027,21-22,2022-04-06,188,Groomed
T028,21-22,2022-04-06,188,Groomed
T029,21-22,2022-04-06,188,Groomed
T030,21-22,2022-04-06,188,Groomed
T031,21-22,2022-04-06,188,Groomed
T032,21-22,2022-04-06,188,Groomed
T033,21-22,2022-04-06,188,Groomed
T034,21-22,2022-04-06,188,Groomed
T035,21-22,2022-04-06,188,Open
T036,21-22,2022-04-06,188,Groomed
T037,21-22,2022-04-06,188,Open
T038,21-22,2022-04-06,188,Closed
T039,21-22,2022-04-06,188,Open
T040,21-22,2022-04-06,188,Open
T041,21-22,2022-04-06,188,Groomed
T042,21-22,2022-04-06,188,Open
T043,21-22,2022-04-06,188,Groomed
T044,21-22,2022-04-06,188,Open
T045,21-22,2022-04-06,188,Open
T046,21-22,2022-04-06,188,Closed
T047,21-22,2022-04-06,188,Closed
T048,21-22,2022-04-06,188,Open
T049,21-22,2022-04-06,188,Groomed
T050,21-22,2022-04-06,188,Groomed
T051,21-22,2022-04-06,188,Open
T052,21-22,2022-04-06,188,Groomed
T053,21-22,2022-04-06,188,Open
T054,21-22,2022-04-06,188,Open
T055,21-22,2022-04-06,188,Open
T056,21-22,2022-04-06,188,Open
T057,21-22,2022-04-06,188,Closed
T058,21-22,2022-04-06,188,Open
T061,21-22,2022-04-06,188,Groomed
T063,21-22,2022-04-06,188,Groomed
T064,21-22,2022-04-06,188,Groomed
T065,21-22,2022-04-06,188,Open
T067,21-22,2022-04-06,188,Groomed
T068,21-22,2022-04-06,188,Open
T069,21-22,2022-04-06,188,Open
T070,21-22,2022-04-06,188,Open
T071,21-22,2022-04-06,188,Open
T072,21-22,2022-04-06,188,Open
T073,21-22,2022-04-06,188,Open
T074,21-22,2022-04-06,188,Open
T075,21-22,2022-04-06,188,Open
T076,21-22,2022-04-06,188,Open
T077,21-22,2022-04-06,188,Groomed
T078,21-22,2022-04-06,188,Groomed
T079,21-22,2022-04-06,188,Open
T080,21-22,2022-04-06,188,Open
T081,21-22,2022-04-06,188,Open
T082,21-22,2022-04-06,188,Open
T083,21-22,2022-04-06,188,Groomed
T084,21-22,2022-04-06,188,Open
T085,21-22,2022-04-06,188,Open
T086,21-22,2022-04-06,188,Open
T087,21-22,2022-04-06,188,Open
T088,21-22,2022-04-06,188,Open
T089,21-22,2022-04-06,188,Open
T090,21-22,2022-04-06,188,Open
T091,21-22,2022-04-06,188,Open
T092,21-22,2022-04-06,188,Open
T127,21-22,2022-04-06,188,Open
T134,21-22,2022-04-06,188,Open
T135,21-22,2022-04-06,188,Open
T136,21-22,2022-04-06,188,Open
T137,21-22,2022-04-06,188,Open
T148,21-22,2022-04-06,188,Closed
T154,21-22,2022-04-06,188,Closed
T001,21-22,2022-04-07,189,Groomed
T002,21-22,2022-04-07,189,Closed
T003,21-22,2022-04-07,189,Groomed
T004,21-22,2022-04-07,189,Open
T005,21-22,2022-04-07,189,Groomed
T006,21-22,2022-04-07,189,Closed
T007,21-22,2022-04-07,189,Groomed
T008,21-22,2022-04-07,189,Groomed
T009,21-22,2022-04-07,189,Groomed
T010,21-22,2022-04-07,189,Groomed
T011,21-22,2022-04-07,189,Groomed
T012,21-22,2022-04-07,189,Groomed
T013,21-22,2022-04-07,189,Groomed
T014,21-22,2022-04-07,189,Groomed
T015,21-22,2022-04-07,189,Groomed
T016,21-22,2022-04-07,189,Open
T017,21-22,2022-04-07,189,Closed
T018,21-22,2022-04-07,189,Groomed
T019,21-22,2022-04-07,189,Closed
T020,21-22,2022-04-07,189,Groomed
T021,21-22,2022-04-07,189,Groomed
T022,21-22,2022-04-07,189,Groomed
T023,21-22,2022-04-07,189,Groomed
T024,21-22,2022-04-07,189,Groomed
T025,21-22,2022-04-07,189,Groomed
T026,21-22,2022-04-07,189,Groomed
T027,21-22,2022-04-07,189,Groomed
T028,21-22,2022-04-07,189,Groomed
T029,21-22,2022-04-07,189,Groomed
T030,21-22,2022-04-07,189,Groomed
T031,21-22,2022-04-07,189,Groomed
T032,21-22,2022-04-07,189,Groomed
T033,21-22,2022-04-07,189,Groomed
T034,21-22,2022-04-07,189,Groomed
T035,21-22,2022-04-07,189,Open
T036,21-22,2022-04-07,189,Groomed
T037,21-22,2022-04-07,189,Open
T038,21-22,2022-04-07,189,Closed
T039,21-22,2022-04-07,189,Open
T040,21-22,2022-04-07,189,Open
T041,21-22,2022-04-07,189,Groomed
T042,21-22,2022-04-07,189,Open
T043,21-22,2022-04-07,189,Groomed
T044,21-22,2022-04-07,189,Open
T045,21-22,2022-04-07,189,Open
T046,21-22,2022-04-07,189,Closed
T047,21-22,2022-04-07,189,Closed
T048,21-22,2022-04-07,189,Open
T049,21-22,2022-04-07,189,Groomed
T050,21-22,2022-04-07,189,Groomed
T051,21-22,2022-04-07,189,Open
T052,21-22,2022-04-07,189,Closed
T053,21-22,2022-04-07,189,Open
T054,21-22,2022-04-07,189,Open
T055,21-22,2022-04-07,189,Open
T056,21-22,2022-04-07,189,Open
T057,21-22,2022-04-07,189,Closed
T058,21-22,2022-04-07,189,Open
T061,21-22,2022-04-07,189,Groomed
T063,21-22,2022-04-07,189,Groomed
T064,21-22,2022-04-07,189,Groomed
T065,21-22,2022-04-07,189,Open
T067,21-22,2022-04-07,189,Groomed
T068,21-22,2022-04-07,189,Open
T069,21-22,2022-04-07,189,Open
T070,21-22,2022-04-07,189,Open
T071,21-22,2022-04-07,189,Open
T072,21-22,2022-04-07,189,Open
T073,21-22,2022-04-07,189,Open
T074,21-22,2022-04-07,189,Open
T075,21-22,2022-04-07,189,Open
T076,21-22,2022-04-07,189,Open
T077,21-22,2022-04-07,189,Groomed
T078,21-22,2022-04-07,189,Groomed
T079,21-22,2022-04-07,189,Open
T080,21-22,2022-04-07,189,Open
T081,21-22,2022-04-07,189,Open
T082,21-22,2022-04-07,189,Open
T083,21-22,2022-04-07,189,Groomed
T084,21-22,2022-04-07,189,Open
T085,21-22,2022-04-07,189,Open
T086,21-22,2022-04-07,189,Open
T087,21-22,2022-04-07,189,Open
T088,21-22,2022-04-07,189,Open
T089,21-22,2022-04-07,189,Open
T090,21-22,2022-04-07,189,Open
T091,21-22,2022-04-07,189,Open
T092,21-22,2022-04-07,189,Open
T127,21-22,2022-04-07,189,Open
T134,21-22,2022-04-07,189,Open
T135,21-22,2022-04-07,189,Open
T136,21-22,2022-04-07,189,Open
T137,21-22,2022-04-07,189,Open
T148,21-22,2022-04-07,189,Closed
T154,21-22,2022-04-07,189,Closed
T001,21-22,2022-04-08,190,Groomed
T002,21-22,2022-04-08,190,Closed
T003,21-22,2022-04-08,190,Groomed
T004,21-22,2022-04-08,190,Open
T005,21-22,2022-04-08,190,Groomed
T006,21-22,2022-04-08,190,Closed
T007,21-22,2022-04-08,190,Groomed
T008,21-22,2022-04-08,190,Groomed
T009,21-22,2022-04-08,190,Groomed
T010,21-22,2022-04-08,190,Groomed
T011,21-22,2022-04-08,190,Groomed
T012,21-22,2022-04-08,190,Groomed
T013,21-22,2022-04-08,190,Groomed
T014,21-22,2022-04-08,190,Groomed
T015,21-22,2022-04-08,190,Groomed
T016,21-22,2022-04-08,190,Open
T017,21-22,2022-04-08,190,Closed
T018,21-22,2022-04-08,190,Groomed
T019,21-22,2022-04-08,190,Closed
T020,21-22,2022-04-08,190,Groomed
T021,21-22,2022-04-08,190,Groomed
T022,21-22,2022-04-08,190,Groomed
T023,21-22,2022-04-08,190,Groomed
T024,21-22,2022-04-08,190,Groomed
T025,21-22,2022-04-08,190,Groomed
T026,21-22,2022-04-08,190,Groomed
T027,21-22,2022-04-08,190,Groomed
T028,21-22,2022-04-08,190,Groomed
T029,21-22,2022-04-08,190,Groomed
T030,21-22,2022-04-08,190,Groomed
T031,21-22,2022-04-08,190,Groomed
T032,21-22,2022-04-08,190,Groomed
T033,21-22,2022-04-08,190,Groomed
T034,21-22,2022-04-08,190,Groomed
T035,21-22,2022-04-08,190,Open
T036,21-22,2022-04-08,190,Groomed
T037,21-22,2022-04-08,190,Open
T038,21-22,2022-04-08,190,Closed
T039,21-22,2022-04-08,190,Open
T040,21-22,2022-04-08,190,Open
T041,21-22,2022-04-08,190,Groomed
T042,21-22,2022-04-08,190,Open
T043,21-22,2022-04-08,190,Groomed
T044,21-22,2022-04-08,190,Open
T045,21-22,2022-04-08,190,Open
T046,21-22,2022-04-08,190,Closed
T047,21-22,2022-04-08,190,Closed
T048,21-22,2022-04-08,190,Open
T049,21-22,2022-04-08,190,Groomed
T050,21-22,2022-04-08,190,Groomed
T051,21-22,2022-04-08,190,Open
T052,21-22,2022-04-08,190,Closed
T053,21-22,2022-04-08,190,Open
T054,21-22,2022-04-08,190,Open
T055,21-22,2022-04-08,190,Open
T056,21-22,2022-04-08,190,Open
T057,21-22,2022-04-08,190,Closed
T058,21-22,2022-04-08,190,Open
T061,21-22,2022-04-08,190,Groomed
T063,21-22,2022-04-08,190,Groomed
T064,21-22,2022-04-08,190,Groomed
T065,21-22,2022-04-08,190,Open
T067,21-22,2022-04-08,190,Groomed
T068,21-22,2022-04-08,190,Open
T069,21-22,2022-04-08,190,Open
T070,21-22,2022-04-08,190,Open
T071,21-22,2022-04-08,190,Open
T072,21-22,2022-04-08,190,Open
T073,21-22,2022-04-08,190,Open
T074,21-22,2022-04-08,190,Open
T075,21-22,2022-04-08,190,Open
T076,21-22,2022-04-08,190,Open
T077,21-22,2022-04-08,190,Groomed
T078,21-22,2022-04-08,190,Groomed
T079,21-22,2022-04-08,190,Groomed
T080,21-22,2022-04-08,190,Open
T081,21-22,2022-04-08,190,Open
T082,21-22,2022-04-08,190,Open
T083,21-22,2022-04-08,190,Groomed
T084,21-22,2022-04-08,190,Open
T085,21-22,2022-04-08,190,Open
T086,21-22,2022-04-08,190,Open
T087,21-22,2022-04-08,190,Open
T088,21-22,2022-04-08,190,Open
T089,21-22,2022-04-08,190,Open
T090,21-22,2022-04-08,190,Open
T091,21-22,2022-04-08,190,Open
T092,21-22,2022-04-08,190,Open
T127,21-22,2022-04-08,190,Open
T134,21-22,2022-04-08,190,Open
T135,21-22,2022-04-08,190,Open
T136,21-22,2022-04-08,190,Open
T137,21-22,2022-04-08,190,Open
T148,21-22,2022-04-08,190,Closed
T154,21-22,2022-04-08,190,Closed
T001,21-22,2022-04-09,191,Groomed
T002,21-22,2022-04-09,191,Closed
T003,21-22,2022-04-09,191,Groomed
T004,21-22,2022-04-09,191,Open
T005,21-22,2022-04-09,191,Groomed
T006,21-22,2022-04-09,191,Closed
T007,21-22,2022-04-09,191,Groomed
T008,21-22,2022-04-09,191,Groomed
T009,21-22,2022-04-09,191,Groomed
T010,21-22,2022-04-09,191,Groomed
T011,21-22,2022-04-09,191,Groomed
T012,21-22,2022-04-09,191,Groomed
T013,21-22,2022-04-09,191,Groomed
T014,21-22,2022-04-09,191,Groomed
T015,21-22,2022-04-09,191,Groomed
T016,21-22,2022-04-09,191,Open
T017,21-22,2022-04-09,191,Closed
T018,21-22,2022-04-09,191,Groomed
T019,21-22,2022-04-09,191,Closed
T020,21-22,2022-04-09,191,Groomed
T021,21-22,2022-04-09,191,Groomed
T022,21-22,2022-04-09,191,Groomed
T023,21-22,2022-04-09,191,Groomed
T024,21-22,2022-04-09,191,Groomed
T025,21-22,2022-04-09,191,Groomed
T026,21-22,2022-04-09,191,Groomed
T027,21-22,2022-04-09,191,Groomed
T028,21-22,2022-04-09,191,Groomed
T029,21-22,2022-04-09,191,Open
T030,21-22,2022-04-09,191,Groomed
T031,21-22,2022-04-09,191,Groomed
T032,21-22,2022-04-09,191,Open
T033,21-22,2022-04-09,191,Groomed
T034,21-22,2022-04-09,191,Groomed
T035,21-22,2022-04-09,191,Open
T036,21-22,2022-04-09,191,Groomed
T037,21-22,2022-04-09,191,Open
T038,21-22,2022-04-09,191,Closed
T039,21-22,2022-04-09,191,Open
T040,21-22,2022-04-09,191,Open
T041,21-22,2022-04-09,191,Groomed
T042,21-22,2022-04-09,191,Open
T043,21-22,2022-04-09,191,Groomed
T044,21-22,2022-04-09,191,Open
T045,21-22,2022-04-09,191,Open
T046,21-22,2022-04-09,191,Closed
T047,21-22,2022-04-09,191,Closed
T048,21-22,2022-04-09,191,Open
T049,21-22,2022-04-09,191,Groomed
T050,21-22,2022-04-09,191,Groomed
T051,21-22,2022-04-09,191,Open
T052,21-22,2022-04-09,191,Closed
T053,21-22,2022-04-09,191,Open
T054,21-22,2022-04-09,191,Open
T055,21-22,2022-04-09,191,Open
T056,21-22,2022-04-09,191,Open
T057,21-22,2022-04-09,191,Closed
T058,21-22,2022-04-09,191,Open
T061,21-22,2022-04-09,191,Groomed
T063,21-22,2022-04-09,191,Groomed
T064,21-22,2022-04-09,191,Groomed
T065,21-22,2022-04-09,191,Open
T067,21-22,2022-04-09,191,Groomed
T068,21-22,2022-04-09,191,Open
T069,21-22,2022-04-09,191,Open
T070,21-22,2022-04-09,191,Open
T071,21-22,2022-04-09,191,Open
T072,21-22,2022-04-09,191,Open
T073,21-22,2022-04-09,191,Open
T074,21-22,2022-04-09,191,Open
T075,21-22,2022-04-09,191,Open
T076,21-22,2022-04-09,191,Open
T077,21-22,2022-04-09,191,Groomed
T078,21-22,2022-04-09,191,Groomed
T079,21-22,2022-04-09,191,Groomed
T080,21-22,2022-04-09,191,Open
T081,21-22,2022-04-09,191,Open
T082,21-22,2022-04-09,191,Open
T083,21-22,2022-04-09,191,Groomed
T084,21-22,2022-04-09,191,Open
T085,21-22,2022-04-09,191,Open
T086,21-22,2022-04-09,191,Open
T087,21-22,2022-04-09,191,Open
T088,21-22,2022-04-09,191,Open
T089,21-22,2022-04-09,191,Open
T090,21-22,2022-04-09,191,Open
T091,21-22,2022-04-09,191,Open
T092,21-22,2022-04-09,191,Open
T127,21-22,2022-04-09,191,Open
T134,21-22,2022-04-09,191,Open
T135,21-22,2022-04-09,191,Open
T136,21-22,2022-04-09,191,Open
T137,21-22,2022-04-09,191,Open
T148,21-22,2022-04-09,191,Closed
T154,21-22,2022-04-09,191,Closed
T001,21-22,2022-04-10,192,Groomed
T002,21-22,2022-04-10,192,Closed
T003,21-22,2022-04-10,192,Groomed
T004,21-22,2022-04-10,192,Open
T005,21-22,2022-04-10,192,Groomed
T006,21-22,2022-04-10,192,Closed
T007,21-22,2022-04-10,192,Groomed
T008,21-22,2022-04-10,192,Groomed
T009,21-22,2022-04-10,192,Groomed
T010,21-22,2022-04-10,192,Groomed
T011,21-22,2022-04-10,192,Groomed
T012,21-22,2022-04-10,192,Groomed
T013,21-22,2022-04-10,192,Groomed
T014,21-22,2022-04-10,192,Groomed
T015,21-22,2022-04-10,192,Groomed
T016,21-22,2022-04-10,192,Open
T017,21-22,2022-04-10,192,Closed
T018,21-22,2022-04-10,192,Groomed
T019,21-22,2022-04-10,192,Closed
T020,21-22,2022-04-10,192,Groomed
T021,21-22,2022-04-10,192,Groomed
T022,21-22,2022-04-10,192,Groomed
T023,21-22,2022-04-10,192,Groomed
T024,21-22,2022-04-10,192,Groomed
T025,21-22,2022-04-10,192,Groomed
T026,21-22,2022-04-10,192,Groomed
T027,21-22,2022-04-10,192,Groomed
T028,21-22,2022-04-10,192,Groomed
T029,21-22,2022-04-10,192,Groomed
T030,21-22,2022-04-10,192,Groomed
T031,21-22,2022-04-10,192,Groomed
T032,21-22,2022-04-10,192,Groomed
T033,21-22,2022-04-10,192,Groomed
T034,21-22,2022-04-10,192,Groomed
T035,21-22,2022-04-10,192,Open
T036,21-22,2022-04-10,192,Groomed
T037,21-22,2022-04-10,192,Open
T038,21-22,2022-04-10,192,Closed
T039,21-22,2022-04-10,192,Open
T040,21-22,2022-04-10,192,Open
T041,21-22,2022-04-10,192,Groomed
T042,21-22,2022-04-10,192,Open
T043,21-22,2022-04-10,192,Groomed
T044,21-22,2022-04-10,192,Open
T045,21-22,2022-04-10,192,Open
T046,21-22,2022-04-10,192,Closed
T047,21-22,2022-04-10,192,Closed
T048,21-22,2022-04-10,192,Open
T049,21-22,2022-04-10,192,Groomed
T050,21-22,2022-04-10,192,Groomed
T051,21-22,2022-04-10,192,Open
T052,21-22,2022-04-10,192,Groomed
T053,21-22,2022-04-10,192,Open
T054,21-22,2022-04-10,192,Open
T055,21-22,2022-04-10,192,Open
T056,21-22,2022-04-10,192,Open
T057,21-22,2022-04-10,192,Closed
T058,21-22,2022-04-10,192,Open
T061,21-22,2022-04-10,192,Groomed
T063,21-22,2022-04-10,192,Groomed
T064,21-22,2022-04-10,192,Groomed
T065,21-22,2022-04-10,192,Open
T067,21-22,2022-04-10,192,Groomed
T068,21-22,2022-04-10,192,Open
T069,21-22,2022-04-10,192,Open
T070,21-22,2022-04-10,192,Open
T071,21-22,2022-04-10,192,Open
T072,21-22,2022-04-10,192,Open
T073,21-22,2022-04-10,192,Open
T074,21-22,2022-04-10,192,Open
T075,21-22,2022-04-10,192,Open
T076,21-22,2022-04-10,192,Open
T077,21-22,2022-04-10,192,Groomed
T078,21-22,2022-04-10,192,Groomed
T079,21-22,2022-04-10,192,Groomed
T080,21-22,2022-04-10,192,Open
T081,21-22,2022-04-10,192,Open
T082,21-22,2022-04-10,192,Open
T083,21-22,2022-04-10,192,Groomed
T084,21-22,2022-04-10,192,Open
T085,21-22,2022-04-10,192,Open
T086,21-22,2022-04-10,192,Open
T087,21-22,2022-04-10,192,Open
T088,21-22,2022-04-10,192,Open
T089,21-22,2022-04-10,192,Open
T090,21-22,2022-04-10,192,Open
T091,21-22,2022-04-10,192,Open
T092,21-22,2022-04-10,192,Open
T127,21-22,2022-04-10,192,Open
T134,21-22,2022-04-10,192,Open
T135,21-22,2022-04-10,192,Open
T136,21-22,2022-04-10,192,Open
T137,21-22,2022-04-10,192,Open
T148,21-22,2022-04-10,192,Closed
T154,21-22,2022-04-10,192,Closed
T001,21-22,2022-04-11,193,Groomed
T002,21-22,2022-04-11,193,Closed
T003,21-22,2022-04-11,193,Groomed
T004,21-22,2022-04-11,193,Open
T005,21-22,2022-04-11,193,Groomed
T006,21-22,2022-04-11,193,Closed
T007,21-22,2022-04-11,193,Groomed
T008,21-22,2022-04-11,193,Groomed
T009,21-22,2022-04-11,193,Groomed
T010,21-22,2022-04-11,193,Groomed
T011,21-22,2022-04-11,193,Groomed
T012,21-22,2022-04-11,193,Groomed
T013,21-22,2022-04-11,193,Groomed
T014,21-22,2022-04-11,193,Groomed
T015,21-22,2022-04-11,193,Groomed
T016,21-22,2022-04-11,193,Open
T017,21-22,2022-04-11,193,Closed
T018,21-22,2022-04-11,193,Groomed
T019,21-22,2022-04-11,193,Closed
T020,21-22,2022-04-11,193,Groomed
T021,21-22,2022-04-11,193,Groomed
T022,21-22,2022-04-11,193,Groomed
T023,21-22,2022-04-11,193,Groomed
T024,21-22,2022-04-11,193,Groomed
T025,21-22,2022-04-11,193,Groomed
T026,21-22,2022-04-11,193,Groomed
T027,21-22,2022-04-11,193,Groomed
T028,21-22,2022-04-11,193,Groomed
T029,21-22,2022-04-11,193,Groomed
T030,21-22,2022-04-11,193,Groomed
T031,21-22,2022-04-11,193,Groomed
T032,21-22,2022-04-11,193,Groomed
T033,21-22,2022-04-11,193,Groomed
T034,21-22,2022-04-11,193,Groomed
T035,21-22,2022-04-11,193,Open
T036,21-22,2022-04-11,193,Groomed
T037,21-22,2022-04-11,193,Open
T038,21-22,2022-04-11,193,Closed
T039,21-22,2022-04-11,193,Open
T040,21-22,2022-04-11,193,Open
T041,21-22,2022-04-11,193,Groomed
T042,21-22,2022-04-11,193,Closed
T043,21-22,2022-04-11,193,Closed
T044,21-22,2022-04-11,193,Open
T045,21-22,2022-04-11,193,Open
T046,21-22,2022-04-11,193,Closed
T047,21-22,2022-04-11,193,Closed
T048,21-22,2022-04-11,193,Closed
T049,21-22,2022-04-11,193,Closed
T050,21-22,2022-04-11,193,Groomed
T051,21-22,2022-04-11,193,Open
T052,21-22,2022-04-11,193,Closed
T053,21-22,2022-04-11,193,Open
T054,21-22,2022-04-11,193,Open
T055,21-22,2022-04-11,193,Open
T056,21-22,2022-04-11,193,Open
T057,21-22,2022-04-11,193,Closed
T058,21-22,2022-04-11,193,Open
T061,21-22,2022-04-11,193,Groomed
T063,21-22,2022-04-11,193,Groomed
T064,21-22,2022-04-11,193,Groomed
T065,21-22,2022-04-11,193,Open
T067,21-22,2022-04-11,193,Groomed
T068,21-22,2022-04-11,193,Open
T069,21-22,2022-04-11,193,Open
T070,21-22,2022-04-11,193,Open
T071,21-22,2022-04-11,193,Open
T072,21-22,2022-04-11,193,Open
T073,21-22,2022-04-11,193,Open
T074,21-22,2022-04-11,193,Open
T075,21-22,2022-04-11,193,Open
T076,21-22,2022-04-11,193,Open
T077,21-22,2022-04-11,193,Groomed
T078,21-22,2022-04-11,193,Groomed
T079,21-22,2022-04-11,193,Groomed
T080,21-22,2022-04-11,193,Open
T081,21-22,2022-04-11,193,Open
T082,21-22,2022-04-11,193,Open
T083,21-22,2022-04-11,193,Groomed
T084,21-22,2022-04-11,193,Open
T085,21-22,2022-04-11,193,Open
T086,21-22,2022-04-11,193,Open
T087,21-22,2022-04-11,193,Open
T088,21-22,2022-04-11,193,Open
T089,21-22,2022-04-11,193,Open
T090,21-22,2022-04-11,193,Open
T091,21-22,2022-04-11,193,Open
T092,21-22,2022-04-11,193,Open
T127,21-22,2022-04-11,193,Open
T134,21-22,2022-04-11,193,Open
T135,21-22,2022-04-11,193,Open
T136,21-22,2022-04-11,193,Open
T137,21-22,2022-04-11,193,Open
T148,21-22,2022-04-11,193,Closed
T154,21-22,2022-04-11,193,Closed
T001,21-22,2022-04-12,194,Groomed
T002,21-22,2022-04-12,194,Closed
T003,21-22,2022-04-12,194,Groomed
T004,21-22,2022-04-12,194,Open
T005,21-22,2022-04-12,194,Groomed
T006,21-22,2022-04-12,194,Closed
T007,21-22,2022-04-12,194,Groomed
T008,21-22,2022-04-12,194,Groomed
T009,21-22,2022-04-12,194,Groomed
T010,21-22,2022-04-12,194,Groomed
T011,21-22,2022-04-12,194,Groomed
T012,21-22,2022-04-12,194,Groomed
T013,21-22,2022-04-12,194,Groomed
T014,21-22,2022-04-12,194,Groomed
T015,21-22,2022-04-12,194,Groomed
T016,21-22,2022-04-12,194,Open
T017,21-22,2022-04-12,194,Closed
T018,21-22,2022-04-12,194,Groomed
T019,21-22,2022-04-12,194,Closed
T020,21-22,2022-04-12,194,Groomed
T021,21-22,2022-04-12,194,Groomed
T022,21-22,2022-04-12,194,Groomed
T023,21-22,2022-04-12,194,Groomed
T024,21-22,2022-04-12,194,Open
T025,21-22,2022-04-12,194,Groomed
T026,21-22,2022-04-12,194,Groomed
T027,21-22,2022-04-12,194,Open
T028,21-22,2022-04-12,194,Open
T029,21-22,2022-04-12,194,Groomed
T030,21-22,2022-04-12,194,Open
T031,21-22,2022-04-12,194,Groomed
T032,21-22,2022-04-12,194,Groomed
T033,21-22,2022-04-12,194,Groomed
T034,21-22,2022-04-12,194,Groomed
T035,21-22,2022-04-12,194,Open
T036,21-22,2022-04-12,194,Groomed
T037,21-22,2022-04-12,194,Open
T038,21-22,2022-04-12,194,Closed
T039,21-22,2022-04-12,194,Open
T040,21-22,2022-04-12,194,Open
T041,21-22,2022-04-12,194,Groomed
T042,21-22,2022-04-12,194,Closed
T043,21-22,2022-04-12,194,Closed
T044,21-22,2022-04-12,194,Open
T045,21-22,2022-04-12,194,Open
T046,21-22,2022-04-12,194,Closed
T047,21-22,2022-04-12,194,Closed
T048,21-22,2022-04-12,194,Closed
T049,21-22,2022-04-12,194,Closed
T050,21-22,2022-04-12,194,Groomed
T051,21-22,2022-04-12,194,Open
T052,21-22,2022-04-12,194,Groomed
T053,21-22,2022-04-12,194,Closed
T054,21-22,2022-04-12,194,Open
T055,21-22,2022-04-12,194,Open
T056,21-22,2022-04-12,194,Open
T057,21-22,2022-04-12,194,Closed
T058,21-22,2022-04-12,194,Open
T061,21-22,2022-04-12,194,Groomed
T063,21-22,2022-04-12,194,Groomed
T064,21-22,2022-04-12,194,Groomed
T065,21-22,2022-04-12,194,Open
T067,21-22,2022-04-12,194,Groomed
T068,21-22,2022-04-12,194,Open
T069,21-22,2022-04-12,194,Open
T070,21-22,2022-04-12,194,Open
T071,21-22,2022-04-12,194,Open
T072,21-22,2022-04-12,194,Open
T073,21-22,2022-04-12,194,Open
T074,21-22,2022-04-12,194,Open
T075,21-22,2022-04-12,194,Open
T076,21-22,2022-04-12,194,Open
T077,21-22,2022-04-12,194,Groomed
T078,21-22,2022-04-12,194,Groomed
T079,21-22,2022-04-12,194,Groomed
T080,21-22,2022-04-12,194,Open
T081,21-22,2022-04-12,194,Open
T082,21-22,2022-04-12,194,Open
T083,21-22,2022-04-12,194,Groomed
T084,21-22,2022-04-12,194,Open
T085,21-22,2022-04-12,194,Open
T086,21-22,2022-04-12,194,Open
T087,21-22,2022-04-12,194,Open
T088,21-22,2022-04-12,194,Open
T089,21-22,2022-04-12,194,Open
T090,21-22,2022-04-12,194,Open
T091,21-22,2022-04-12,194,Open
T092,21-22,2022-04-12,194,Open
T127,21-22,2022-04-12,194,Open
T134,21-22,2022-04-12,194,Open
T135,21-22,2022-04-12,194,Open
T136,21-22,2022-04-12,194,Open
T137,21-22,2022-04-12,194,Open
T148,21-22,2022-04-12,194,Closed
T154,21-22,2022-04-12,194,Closed
T001,21-22,2022-04-13,195,Groomed
T002,21-22,2022-04-13,195,Closed
T003,21-22,2022-04-13,195,Groomed
T004,21-22,2022-04-13,195,Open
T005,21-22,2022-04-13,195,Groomed
T006,21-22,2022-04-13,195,Closed
T007,21-22,2022-04-13,195,Groomed
T008,21-22,2022-04-13,195,Groomed
T009,21-22,2022-04-13,195,Groomed
T010,21-22,2022-04-13,195,Groomed
T011,21-22,2022-04-13,195,Groomed
T012,21-22,2022-04-13,195,Groomed
T013,21-22,2022-04-13,195,Groomed
T014,21-22,2022-04-13,195,Groomed
T015,21-22,2022-04-13,195,Groomed
T016,21-22,2022-04-13,195,Open
T017,21-22,2022-04-13,195,Closed
T018,21-22,2022-04-13,195,Groomed
T019,21-22,2022-04-13,195,Closed
T020,21-22,2022-04-13,195,Groomed
T021,21-22,2022-04-13,195,Groomed
T022,21-22,2022-04-13,195,Groomed
T023,21-22,2022-04-13,195,Groomed
T024,21-22,2022-04-13,195,Groomed
T025,21-22,2022-04-13,195,Groomed
T026,21-22,2022-04-13,195,Groomed
T027,21-22,2022-04-13,195,Open
T028,21-22,2022-04-13,195,Open
T029,21-22,2022-04-13,195,Groomed
T030,21-22,2022-04-13,195,Open
T031,21-22,2022-04-13,195,Groomed
T032,21-22,2022-04-13,195,Groomed
T033,21-22,2022-04-13,195,Groomed
T034,21-22,2022-04-13,195,Groomed
T035,21-22,2022-04-13,195,Open
T036,21-22,2022-04-13,195,Groomed
T037,21-22,2022-04-13,195,Open
T038,21-22,2022-04-13,195,Closed
T039,21-22,2022-04-13,195,Open
T040,21-22,2022-04-13,195,Open
T041,21-22,2022-04-13,195,Groomed
T042,21-22,2022-04-13,195,Closed
T043,21-22,2022-04-13,195,Closed
T044,21-22,2022-04-13,195,Open
T045,21-22,2022-04-13,195,Open
T046,21-22,2022-04-13,195,Closed
T047,21-22,2022-04-13,195,Closed
T048,21-22,2022-04-13,195,Closed
T049,21-22,2022-04-13,195,Closed
T050,21-22,2022-04-13,195,Groomed
T051,21-22,2022-04-13,195,Open
T052,21-22,2022-04-13,195,Groomed
T053,21-22,2022-04-13,195,Closed
T054,21-22,2022-04-13,195,Open
T055,21-22,2022-04-13,195,Open
T056,21-22,2022-04-13,195,Open
T057,21-22,2022-04-13,195,Closed
T058,21-22,2022-04-13,195,Open
T061,21-22,2022-04-13,195,Groomed
T063,21-22,2022-04-13,195,Groomed
T064,21-22,2022-04-13,195,Open
T065,21-22,2022-04-13,195,Open
T067,21-22,2022-04-13,195,Groomed
T068,21-22,2022-04-13,195,Open
T069,21-22,2022-04-13,195,Open
T070,21-22,2022-04-13,195,Open
T071,21-22,2022-04-13,195,Open
T072,21-22,2022-04-13,195,Open
T073,21-22,2022-04-13,195,Open
T074,21-22,2022-04-13,195,Open
T075,21-22,2022-04-13,195,Open
T076,21-22,2022-04-13,195,Open
T077,21-22,2022-04-13,195,Groomed
T078,21-22,2022-04-13,195,Groomed
T079,21-22,2022-04-13,195,Open
T080,21-22,2022-04-13,195,Open
T081,21-22,2022-04-13,195,Open
T082,21-22,2022-04-13,195,Open
T083,21-22,2022-04-13,195,Groomed
T084,21-22,2022-04-13,195,Open
T085,21-22,2022-04-13,195,Open
T086,21-22,2022-04-13,195,Open
T087,21-22,2022-04-13,195,Open
T088,21-22,2022-04-13,195,Open
T089,21-22,2022-04-13,195,Open
T090,21-22,2022-04-13,195,Open
T091,21-22,2022-04-13,195,Open
T092,21-22,2022-04-13,195,Open
T127,21-22,2022-04-13,195,Open
T134,21-22,2022-04-13,195,Open
T135,21-22,2022-04-13,195,Open
T136,21-22,2022-04-13,195,Open
T137,21-22,2022-04-13,195,Open
T148,21-22,2022-04-13,195,Closed
T154,21-22,2022-04-13,195,Closed
T001,21-22,2022-04-14,196,Groomed
T002,21-22,2022-04-14,196,Closed
T003,21-22,2022-04-14,196,Groomed
T004,21-22,2022-04-14,196,Open
T005,21-22,2022-04-14,196,Groomed
T006,21-22,2022-04-14,196,Closed
T007,21-22,2022-04-14,196,Groomed
T008,21-22,2022-04-14,196,Groomed
T009,21-22,2022-04-14,196,Groomed
T010,21-22,2022-04-14,196,Groomed
T011,21-22,2022-04-14,196,Groomed
T012,21-22,2022-04-14,196,Groomed
T013,21-22,2022-04-14,196,Groomed
T014,21-22,2022-04-14,196,Groomed
T015,21-22,2022-04-14,196,Groomed
T016,21-22,2022-04-14,196,Open
T017,21-22,2022-04-14,196,Closed
T018,21-22,2022-04-14,196,Groomed
T019,21-22,2022-04-14,196,Closed
T020,21-22,2022-04-14,196,Groomed
T021,21-22,2022-04-14,196,Groomed
T022,21-22,2022-04-14,196,Groomed
T023,21-22,2022-04-14,196,Groomed
T024,21-22,2022-04-14,196,Groomed
T025,21-22,2022-04-14,196,Groomed
T026,21-22,2022-04-14,196,Groomed
T027,21-22,2022-04-14,196,Groomed
T028,21-22,2022-04-14,196,Groomed
T029,21-22,2022-04-14,196,Groomed
T030,21-22,2022-04-14,196,Groomed
T031,21-22,2022-04-14,196,Groomed
T032,21-22,2022-04-14,196,Groomed
T033,21-22,2022-04-14,196,Groomed
T034,21-22,2022-04-14,196,Groomed
T035,21-22,2022-04-14,196,Open
T036,21-22,2022-04-14,196,Groomed
T037,21-22,2022-04-14,196,Open
T038,21-22,2022-04-14,196,Closed
T039,21-22,2022-04-14,196,Open
T040,21-22,2022-04-14,196,Open
T041,21-22,2022-04-14,196,Groomed
T042,21-22,2022-04-14,196,Closed
T043,21-22,2022-04-14,196,Closed
T044,21-22,2022-04-14,196,Open
T045,21-22,2022-04-14,196,Open
T046,21-22,2022-04-14,196,Closed
T047,21-22,2022-04-14,196,Closed
T048,21-22,2022-04-14,196,Closed
T049,21-22,2022-04-14,196,Closed
T050,21-22,2022-04-14,196,Groomed
T051,21-22,2022-04-14,196,Open
T052,21-22,2022-04-14,196,Closed
T053,21-22,2022-04-14,196,Open
T054,21-22,2022-04-14,196,Open
T055,21-22,2022-04-14,196,Open
T056,21-22,2022-04-14,196,Open
T057,21-22,2022-04-14,196,Closed
T058,21-22,2022-04-14,196,Open
T061,21-22,2022-04-14,196,Groomed
T063,21-22,2022-04-14,196,Groomed
T064,21-22,2022-04-14,196,Open
T065,21-22,2022-04-14,196,Open
T067,21-22,2022-04-14,196,Groomed
T068,21-22,2022-04-14,196,Open
T069,21-22,2022-04-14,196,Open
T070,21-22,2022-04-14,196,Open
T071,21-22,2022-04-14,196,Open
T072,21-22,2022-04-14,196,Open
T073,21-22,2022-04-14,196,Open
T074,21-22,2022-04-14,196,Open
T075,21-22,2022-04-14,196,Open
T076,21-22,2022-04-14,196,Open
T077,21-22,2022-04-14,196,Groomed
T078,21-22,2022-04-14,196,Groomed
T079,21-22,2022-04-14,196,Open
T080,21-22,2022-04-14,196,Open
T081,21-22,2022-04-14,196,Open
T082,21-22,2022-04-14,196,Open
T083,21-22,2022-04-14,196,Groomed
T084,21-22,2022-04-14,196,Open
T085,21-22,2022-04-14,196,Open
T086,21-22,2022-04-14,196,Open
T087,21-22,2022-04-14,196,Open
T088,21-22,2022-04-14,196,Open
T089,21-22,2022-04-14,196,Open
T090,21-22,2022-04-14,196,Open
T091,21-22,2022-04-14,196,Open
T092,21-22,2022-04-14,196,Open
T127,21-22,2022-04-14,196,Open
T134,21-22,2022-04-14,196,Open
T135,21-22,2022-04-14,196,Open
T136,21-22,2022-04-14,196,Open
T137,21-22,2022-04-14,196,Open
T148,21-22,2022-04-14,196,Closed
T154,21-22,2022-04-14,196,Closed
T001,21-22,2022-04-15,197,Groomed
T002,21-22,2022-04-15,197,Closed
T003,21-22,2022-04-15,197,Groomed
T004,21-22,2022-04-15,197,Open
T005,21-22,2022-04-15,197,Groomed
T006,21-22,2022-04-15,197,Closed
T007,21-22,2022-04-15,197,Groomed
T008,21-22,2022-04-15,197,Groomed
T009,21-22,2022-04-15,197,Groomed
T010,21-22,2022-04-15,197,Groomed
T011,21-22,2022-04-15,197,Groomed
T012,21-22,2022-04-15,197,Groomed
T013,21-22,2022-04-15,197,Groomed
T014,21-22,2022-04-15,197,Groomed
T015,21-22,2022-04-15,197,Groomed
T016,21-22,2022-04-15,197,Open
T017,21-22,2022-04-15,197,Closed
T018,21-22,2022-04-15,197,Groomed
T019,21-22,2022-04-15,197,Closed
T020,21-22,2022-04-15,197,Groomed
T021,21-22,2022-04-15,197,Groomed
T022,21-22,2022-04-15,197,Groomed
T023,21-22,2022-04-15,197,Groomed
T024,21-22,2022-04-15,197,Groomed
T025,21-22,2022-04-15,197,Groomed
T026,21-22,2022-04-15,197,Groomed
T027,21-22,2022-04-15,197,Groomed
T028,21-22,2022-04-15,197,Groomed
T029,21-22,2022-04-15,197,Groomed
T030,21-22,2022-04-15,197,Groomed
T031,21-22,2022-04-15,197,Groomed
T032,21-22,2022-04-15,197,Groomed
T033,21-22,2022-04-15,197,Groomed
T034,21-22,2022-04-15,197,Groomed
T035,21-22,2022-04-15,197,Open
T036,21-22,2022-04-15,197,Groomed
T037,21-22,2022-04-15,197,Open
T038,21-22,2022-04-15,197,Closed
T039,21-22,2022-04-15,197,Open
T040,21-22,2022-04-15,197,Open
T041,21-22,2022-04-15,197,Groomed
T042,21-22,2022-04-15,197,Closed
T043,21-22,2022-04-15,197,Closed
T044,21-22,2022-04-15,197,Open
T045,21-22,2022-04-15,197,Open
T046,21-22,2022-04-15,197,Closed
T047,21-22,2022-04-15,197,Closed
T048,21-22,2022-04-15,197,Closed
T049,21-22,2022-04-15,197,Closed
T050,21-22,2022-04-15,197,Groomed
T051,21-22,2022-04-15,197,Open
T052,21-22,2022-04-15,197,Closed
T053,21-22,2022-04-15,197,Open
T054,21-22,2022-04-15,197,Open
T055,21-22,2022-04-15,197,Open
T056,21-22,2022-04-15,197,Open
T057,21-22,2022-04-15,197,Closed
T058,21-22,2022-04-15,197,Open
T061,21-22,2022-04-15,197,Groomed
T063,21-22,2022-04-15,197,Groomed
T064,21-22,2022-04-15,197,Open
T065,21-22,2022-04-15,197,Open
T067,21-22,2022-04-15,197,Groomed
T068,21-22,2022-04-15,197,Open
T069,21-22,2022-04-15,197,Open
T070,21-22,2022-04-15,197,Open
T071,21-22,2022-04-15,197,Open
T072,21-22,2022-04-15,197,Open
T073,21-22,2022-04-15,197,Open
T074,21-22,2022-04-15,197,Open
T075,21-22,2022-04-15,197,Open
T076,21-22,2022-04-15,197,Open
T077,21-22,2022-04-15,197,Groomed
T078,21-22,2022-04-15,197,Groomed
T079,21-22,2022-04-15,197,Open
T080,21-22,2022-04-15,197,Open
T081,21-22,2022-04-15,197,Open
T082,21-22,2022-04-15,197,Open
T083,21-22,2022-04-15,197,Groomed
T084,21-22,2022-04-15,197,Open
T085,21-22,2022-04-15,197,Open
T086,21-22,2022-04-15,197,Open
T087,21-22,2022-04-15,197,Open
T088,21-22,2022-04-15,197,Open
T089,21-22,2022-04-15,197,Open
T090,21-22,2022-04-15,197,Open
T091,21-22,2022-04-15,197,Open
T092,21-22,2022-04-15,197,Open
T127,21-22,2022-04-15,197,Open
T134,21-22,2022-04-15,197,Open
T135,21-22,2022-04-15,197,Open
T136,21-22,2022-04-15,197,Open
T137,21-22,2022-04-15,197,Open
T148,21-22,2022-04-15,197,Closed
T154,21-22,2022-04-15,197,Closed
T001,21-22,2022-04-16,198,Groomed
T002,21-22,2022-04-16,198,Closed
T003,21-22,2022-04-16,198,Groomed
T004,21-22,2022-04-16,198,Open
T005,21-22,2022-04-16,198,Groomed
T006,21-22,2022-04-16,198,Closed
T007,21-22,2022-04-16,198,Groomed
T008,21-22,2022-04-16,198,Groomed
T009,21-22,2022-04-16,198,Groomed
T010,21-22,2022-04-16,198,Groomed
T011,21-22,2022-04-16,198,Groomed
T012,21-22,2022-04-16,198,Groomed
T013,21-22,2022-04-16,198,Groomed
T014,21-22,2022-04-16,198,Groomed
T015,21-22,2022-04-16,198,Groomed
T016,21-22,2022-04-16,198,Open
T017,21-22,2022-04-16,198,Closed
T018,21-22,2022-04-16,198,Groomed
T019,21-22,2022-04-16,198,Closed
T020,21-22,2022-04-16,198,Groomed
T021,21-22,2022-04-16,198,Groomed
T022,21-22,2022-04-16,198,Groomed
T023,21-22,2022-04-16,198,Groomed
T024,21-22,2022-04-16,198,Groomed
T025,21-22,2022-04-16,198,Groomed
T026,21-22,2022-04-16,198,Open
T027,21-22,2022-04-16,198,Groomed
T028,21-22,2022-04-16,198,Open
T029,21-22,2022-04-16,198,Groomed
T030,21-22,2022-04-16,198,Open
T031,21-22,2022-04-16,198,Groomed
T032,21-22,2022-04-16,198,Groomed
T033,21-22,2022-04-16,198,Groomed
T034,21-22,2022-04-16,198,Groomed
T035,21-22,2022-04-16,198,Open
T036,21-22,2022-04-16,198,Groomed
T037,21-22,2022-04-16,198,Open
T038,21-22,2022-04-16,198,Closed
T039,21-22,2022-04-16,198,Open
T040,21-22,2022-04-16,198,Open
T041,21-22,2022-04-16,198,Groomed
T042,21-22,2022-04-16,198,Closed
T043,21-22,2022-04-16,198,Closed
T044,21-22,2022-04-16,198,Open
T045,21-22,2022-04-16,198,Open
T046,21-22,2022-04-16,198,Closed
T047,21-22,2022-04-16,198,Closed
T048,21-22,2022-04-16,198,Closed
T049,21-22,2022-04-16,198,Closed
T050,21-22,2022-04-16,198,Groomed
T051,21-22,2022-04-16,198,Open
T052,21-22,2022-04-16,198,Closed
T053,21-22,2022-04-16,198,Open
T054,21-22,2022-04-16,198,Open
T055,21-22,2022-04-16,198,Open
T056,21-22,2022-04-16,198,Open
T057,21-22,2022-04-16,198,Closed
T058,21-22,2022-04-16,198,Open
T061,21-22,2022-04-16,198,Groomed
T063,21-22,2022-04-16,198,Groomed
T064,21-22,2022-04-16,198,Open
T065,21-22,2022-04-16,198,Open
T067,21-22,2022-04-16,198,Groomed
T068,21-22,2022-04-16,198,Open
T069,21-22,2022-04-16,198,Open
T070,21-22,2022-04-16,198,Open
T071,21-22,2022-04-16,198,Open
T072,21-22,2022-04-16,198,Open
T073,21-22,2022-04-16,198,Open
T074,21-22,2022-04-16,198,Open
T075,21-22,2022-04-16,198,Open
T076,21-22,2022-04-16,198,Open
T077,21-22,2022-04-16,198,Groomed
T078,21-22,2022-04-16,198,Groomed
T079,21-22,2022-04-16,198,Open
T080,21-22,2022-04-16,198,Open
T081,21-22,2022-04-16,198,Open
T082,21-22,2022-04-16,198,Open
T083,21-22,2022-04-16,198,Groomed
T084,21-22,2022-04-16,198,Open
T085,21-22,2022-04-16,198,Open
T086,21-22,2022-04-16,198,Open
T087,21-22,2022-04-16,198,Open
T088,21-22,2022-04-16,198,Open
T089,21-22,2022-04-16,198,Open
T090,21-22,2022-04-16,198,Open
T091,21-22,2022-04-16,198,Open
T092,21-22,2022-04-16,198,Open
T127,21-22,2022-04-16,198,Open
T134,21-22,2022-04-16,198,Open
T135,21-22,2022-04-16,198,Open
T136,21-22,2022-04-16,198,Open
T137,21-22,2022-04-16,198,Open
T148,21-22,2022-04-16,198,Closed
T154,21-22,2022-04-16,198,Closed
T001,21-22,2022-04-17,199,Groomed
T002,21-22,2022-04-17,199,Closed
T003,21-22,2022-04-17,199,Groomed
T004,21-22,2022-04-17,199,Open
T005,21-22,2022-04-17,199,Groomed
T006,21-22,2022-04-17,199,Closed
T007,21-22,2022-04-17,199,Groomed
T008,21-22,2022-04-17,199,Groomed
T009,21-22,2022-04-17,199,Groomed
T010,21-22,2022-04-17,199,Groomed
T011,21-22,2022-04-17,199,Groomed
T012,21-22,2022-04-17,199,Groomed
T013,21-22,2022-04-17,199,Groomed
T014,21-22,2022-04-17,199,Groomed
T015,21-22,2022-04-17,199,Groomed
T016,21-22,2022-04-17,199,Open
T017,21-22,2022-04-17,199,Closed
T018,21-22,2022-04-17,199,Groomed
T019,21-22,2022-04-17,199,Closed
T020,21-22,2022-04-17,199,Groomed
T021,21-22,2022-04-17,199,Groomed
T022,21-22,2022-04-17,199,Groomed
T023,21-22,2022-04-17,199,Groomed
T024,21-22,2022-04-17,199,Groomed
T025,21-22,2022-04-17,199,Groomed
T026,21-22,2022-04-17,199,Groomed
T027,21-22,2022-04-17,199,Groomed
T028,21-22,2022-04-17,199,Groomed
T029,21-22,2022-04-17,199,Groomed
T030,21-22,2022-04-17,199,Groomed
T031,21-22,2022-04-17,199,Groomed
T032,21-22,2022-04-17,199,Groomed
T033,21-22,2022-04-17,199,Groomed
T034,21-22,2022-04-17,199,Groomed
T035,21-22,2022-04-17,199,Groomed
T036,21-22,2022-04-17,199,Groomed
T037,21-22,2022-04-17,199,Groomed
T038,21-22,2022-04-17,199,Closed
T039,21-22,2022-04-17,199,Open
T040,21-22,2022-04-17,199,Open
T041,21-22,2022-04-17,199,Groomed
T042,21-22,2022-04-17,199,Closed
T043,21-22,2022-04-17,199,Closed
T044,21-22,2022-04-17,199,Open
T045,21-22,2022-04-17,199,Open
T046,21-22,2022-04-17,199,Closed
T047,21-22,2022-04-17,199,Closed
T048,21-22,2022-04-17,199,Closed
T049,21-22,2022-04-17,199,Closed
T050,21-22,2022-04-17,199,Groomed
T051,21-22,2022-04-17,199,Open
T052,21-22,2022-04-17,199,Groomed
T053,21-22,2022-04-17,199,Closed
T054,21-22,2022-04-17,199,Open
T055,21-22,2022-04-17,199,Open
T056,21-22,2022-04-17,199,Open
T057,21-22,2022-04-17,199,Closed
T058,21-22,2022-04-17,199,Open
T061,21-22,2022-04-17,199,Groomed
T063,21-22,2022-04-17,199,Groomed
T064,21-22,2022-04-17,199,Groomed
T065,21-22,2022-04-17,199,Open
T067,21-22,2022-04-17,199,Groomed
T068,21-22,2022-04-17,199,Open
T069,21-22,2022-04-17,199,Open
T070,21-22,2022-04-17,199,Open
T071,21-22,2022-04-17,199,Open
T072,21-22,2022-04-17,199,Open
T073,21-22,2022-04-17,199,Open
T074,21-22,2022-04-17,199,Open
T075,21-22,2022-04-17,199,Open
T076,21-22,2022-04-17,199,Open
T077,21-22,2022-04-17,199,Groomed
T078,21-22,2022-04-17,199,Groomed
T079,21-22,2022-04-17,199,Groomed
T080,21-22,2022-04-17,199,Open
T081,21-22,2022-04-17,199,Open
T082,21-22,2022-04-17,199,Open
T083,21-22,2022-04-17,199,Groomed
T084,21-22,2022-04-17,199,Open
T085,21-22,2022-04-17,199,Open
T086,21-22,2022-04-17,199,Open
T087,21-22,2022-04-17,199,Open
T088,21-22,2022-04-17,199,Open
T089,21-22,2022-04-17,199,Open
T090,21-22,2022-04-17,199,Open
T091,21-22,2022-04-17,199,Open
T092,21-22,2022-04-17,199,Open
T127,21-22,2022-04-17,199,Open
T134,21-22,2022-04-17,199,Open
T135,21-22,2022-04-17,199,Open
T136,21-22,2022-04-17,199,Open
T137,21-22,2022-04-17,199,Open
T148,21-22,2022-04-17,199,Closed
T154,21-22,2022-04-17,199,Closed
T001,21-22,2022-04-18,200,Groomed
T002,21-22,2022-04-18,200,Closed
T003,21-22,2022-04-18,200,Groomed
T004,21-22,2022-04-18,200,Closed
T005,21-22,2022-04-18,200,Closed
T006,21-22,2022-04-18,200,Closed
T007,21-22,2022-04-18,200,Closed
T008,21-22,2022-04-18,200,Groomed
T009,21-22,2022-04-18,200,Groomed
T010,21-22,2022-04-18,200,Groomed
T011,21-22,2022-04-18,200,Groomed
T012,21-22,2022-04-18,200,Closed
T013,21-22,2022-04-18,200,Groomed
T014,21-22,2022-04-18,200,Closed
T015,21-22,2022-04-18,200,Closed
T016,21-22,2022-04-18,200,Open
T017,21-22,2022-04-18,200,Closed
T018,21-22,2022-04-18,200,Closed
T019,21-22,2022-04-18,200,Closed
T020,21-22,2022-04-18,200,Groomed
T021,21-22,2022-04-18,200,Closed
T022,21-22,2022-04-18,200,Groomed
T023,21-22,2022-04-18,200,Groomed
T024,21-22,2022-04-18,200,Groomed
T025,21-22,2022-04-18,200,Groomed
T026,21-22,2022-04-18,200,Groomed
T027,21-22,2022-04-18,200,Groomed
T028,21-22,2022-04-18,200,Closed
T029,21-22,2022-04-18,200,Closed
T030,21-22,2022-04-18,200,Closed
T031,21-22,2022-04-18,200,Closed
T032,21-22,2022-04-18,200,Groomed
T033,21-22,2022-04-18,200,Groomed
T034,21-22,2022-04-18,200,Closed
T035,21-22,2022-04-18,200,Groomed
T036,21-22,2022-04-18,200,Groomed
T037,21-22,2022-04-18,200,Closed
T038,21-22,2022-04-18,200,Closed
T039,21-22,2022-04-18,200,Open
T040,21-22,2022-04-18,200,Closed
T041,21-22,2022-04-18,200,Groomed
T042,21-22,2022-04-18,200,Closed
T043,21-22,2022-04-18,200,Closed
T044,21-22,2022-04-18,200,Open
T045,21-22,2022-04-18,200,Open
T046,21-22,2022-04-18,200,Closed
T047,21-22,2022-04-18,200,Closed
T048,21-22,2022-04-18,200,Closed
T049,21-22,2022-04-18,200,Closed
T050,21-22,2022-04-18,200,Closed
T051,21-22,2022-04-18,200,Closed
T052,21-22,2022-04-18,200,Closed
T053,21-22,2022-04-18,200,Closed
T054,21-22,2022-04-18,200,Closed
T055,21-22,2022-04-18,200,Closed
T056,21-22,2022-04-18,200,Closed
T057,21-22,2022-04-18,200,Closed
T058,21-22,2022-04-18,200,Closed
T061,21-22,2022-04-18,200,Closed
T063,21-22,2022-04-18,200,Closed
T064,21-22,2022-04-18,200,Closed
T065,21-22,2022-04-18,200,Closed
T067,21-22,2022-04-18,200,Closed
T068,21-22,2022-04-18,200,Closed
T069,21-22,2022-04-18,200,Closed
T070,21-22,2022-04-18,200,Closed
T071,21-22,2022-04-18,200,Closed
T072,21-22,2022-04-18,200,Closed
T073,21-22,2022-04-18,200,Closed
T074,21-22,2022-04-18,200,Closed
T075,21-22,2022-04-18,200,Closed
T076,21-22,2022-04-18,200,Closed
T077,21-22,2022-04-18,200,Closed
T078,21-22,2022-04-18,200,Closed
T079,21-22,2022-04-18,200,Closed
T080,21-22,2022-04-18,200,Closed
T081,21-22,2022-04-18,200,Closed
T082,21-22,2022-04-18,200,Closed
T083,21-22,2022-04-18,200,Closed
T084,21-22,2022-04-18,200,Closed
T085,21-22,2022-04-18,200,Closed
T086,21-22,2022-04-18,200,Closed
T087,21-22,2022-04-18,200,Closed
T088,21-22,2022-04-18,200,Closed
T089,21-22,2022-04-18,200,Closed
T090,21-22,2022-04-18,200,Closed
T091,21-22,2022-04-18,200,Closed
T092,21-22,2022-04-18,200,Closed
T127,21-22,2022-04-18,200,Closed
T134,21-22,2022-04-18,200,Closed
T135,21-22,2022-04-18,200,Closed
T136,21-22,2022-04-18,200,Closed
T137,21-22,2022-04-18,200,Closed
T148,21-22,2022-04-18,200,Closed
T154,21-22,2022-04-18,200,Closed
T001,21-22,2022-04-19,201,Not Open
T002,21-22,2022-04-19,201,Not Open
T003,21-22,2022-04-19,201,Not Open
T004,21-22,2022-04-19,201,Not Open
T005,21-22,2022-04-19,201,Not Open
T006,21-22,2022-04-19,201,Not Open
T007,21-22,2022-04-19,201,Not Open
T008,21-22,2022-04-19,201,Not Open
T009,21-22,2022-04-19,201,Not Open
T010,21-22,2022-04-19,201,Not Open
T011,21-22,2022-04-19,201,Not Open
T012,21-22,2022-04-19,201,Not Open
T013,21-22,2022-04-19,201,Not Open
T014,21-22,2022-04-19,201,Not Open
T015,21-22,2022-04-19,201,Not Open
T016,21-22,2022-04-19,201,Not Open
T017,21-22,2022-04-19,201,Not Open
T018,21-22,2022-04-19,201,Not Open
T019,21-22,2022-04-19,201,Not Open
T020,21-22,2022-04-19,201,Not Open
T021,21-22,2022-04-19,201,Not Open
T022,21-22,2022-04-19,201,Not Open
T023,21-22,2022-04-19,201,Not Open
T024,21-22,2022-04-19,201,Not Open
T025,21-22,2022-04-19,201,Not Open
T026,21-22,2022-04-19,201,Not Open
T027,21-22,2022-04-19,201,Not Open
T028,21-22,2022-04-19,201,Not Open
T029,21-22,2022-04-19,201,Not Open
T030,21-22,2022-04-19,201,Not Open
T031,21-22,2022-04-19,201,Not Open
T032,21-22,2022-04-19,201,Not Open
T033,21-22,2022-04-19,201,Not Open
T034,21-22,2022-04-19,201,Not Open
T035,21-22,2022-04-19,201,Not Open
T036,21-22,2022-04-19,201,Not Open
T037,21-22,2022-04-19,201,Not Open
T038,21-22,2022-04-19,201,Not Open
T039,21-22,2022-04-19,201,Not Open
T040,21-22,2022-04-19,201,Not Open
T041,21-22,2022-04-19,201,Not Open
T042,21-22,2022-04-19,201,Not Open
T043,21-22,2022-04-19,201,Not Open
T044,21-22,2022-04-19,201,Not Open
T045,21-22,2022-04-19,201,Not Open
T046,21-22,2022-04-19,201,Not Open
T047,21-22,2022-04-19,201,Not Open
T048,21-22,2022-04-19,201,Not Open
T049,21-22,2022-04-19,201,Not Open
T050,21-22,2022-04-19,201,Not Open
T051,21-22,2022-04-19,201,Not Open
T052,21-22,2022-04-19,201,Not Open
T053,21-22,2022-04-19,201,Not Open
T054,21-22,2022-04-19,201,Not Open
T055,21-22,2022-04-19,201,Not Open
T056,21-22,2022-04-19,201,Not Open
T057,21-22,2022-04-19,201,Not Open
T058,21-22,2022-04-19,201,Not Open
T061,21-22,2022-04-19,201,Not Open
T063,21-22,2022-04-19,201,Not Open
T064,21-22,2022-04-19,201,Not Open
T065,21-22,2022-04-19,201,Not Open
T067,21-22,2022-04-19,201,Not Open
T068,21-22,2022-04-19,201,Not Open
T069,21-22,2022-04-19,201,Not Open
T070,21-22,2022-04-19,201,Not Open
T071,21-22,2022-04-19,201,Not Open
T072,21-22,2022-04-19,201,Not Open
T073,21-22,2022-04-19,201,Not Open
T074,21-22,2022-04-19,201,Not Open
T075,21-22,2022-04-19,201,Not Open
T076,21-22,2022-04-19,201,Not Open
T077,21-22,2022-04-19,201,Not Open
T078,21-22,2022-04-19,201,Not Open
T079,21-22,2022-04-19,201,Not Open
T080,21-22,2022-04-19,201,Not Open
T081,21-22,2022-04-19,201,Not Open
T082,21-22,2022-04-19,201,Not Open
T083,21-22,2022-04-19,201,Not Open
T084,21-22,2022-04-19,201,Not Open
T085,21-22,2022-04-19,201,Not Open
T086,21-22,2022-04-19,201,Not Open
T087,21-22,2022-04-19,201,Not Open
T088,21-22,2022-04-19,201,Not Open
T089,21-22,2022-04-19,201,Not Open
T090,21-22,2022-04-19,201,Not Open
T091,21-22,2022-04-19,201,Not Open
T092,21-22,2022-04-19,201,Not Open
T127,21-22,2022-04-19,201,Not Open
T134,21-22,2022-04-19,201,Not Open
T135,21-22,2022-04-19,201,Not Open
T136,21-22,2022-04-19,201,Not Open
T137,21-22,2022-04-19,201,Not Open
T148,21-22,2022-04-19,201,Not Open
T154,21-22,2022-04-19,201,Not Open
T001,21-22,2022-04-20,202,Not Open
T002,21-22,2022-04-20,202,Not Open
T003,21-22,2022-04-20,202,Not Open
T004,21-22,2022-04-20,202,Not Open
T005,21-22,2022-04-20,202,Not Open
T006,21-22,2022-04-20,202,Not Open
T007,21-22,2022-04-20,202,Not Open
T008,21-22,2022-04-20,202,Not Open
T009,21-22,2022-04-20,202,Not Open
T010,21-22,2022-04-20,202,Not Open
T011,21-22,2022-04-20,202,Not Open
T012,21-22,2022-04-20,202,Not Open
T013,21-22,2022-04-20,202,Not Open
T014,21-22,2022-04-20,202,Not Open
T015,21-22,2022-04-20,202,Not Open
T016,21-22,2022-04-20,202,Not Open
T017,21-22,2022-04-20,202,Not Open
T018,21-22,2022-04-20,202,Not Open
T019,21-22,2022-04-20,202,Not Open
T020,21-22,2022-04-20,202,Not Open
T021,21-22,2022-04-20,202,Not Open
T022,21-22,2022-04-20,202,Not Open
T023,21-22,2022-04-20,202,Not Open
T024,21-22,2022-04-20,202,Not Open
T025,21-22,2022-04-20,202,Not Open
T026,21-22,2022-04-20,202,Not Open
T027,21-22,2022-04-20,202,Not Open
T028,21-22,2022-04-20,202,Not Open
T029,21-22,2022-04-20,202,Not Open
T030,21-22,2022-04-20,202,Not Open
T031,21-22,2022-04-20,202,Not Open
T032,21-22,2022-04-20,202,Not Open
T033,21-22,2022-04-20,202,Not Open
T034,21-22,2022-04-20,202,Not Open
T035,21-22,2022-04-20,202,Not Open
T036,21-22,2022-04-20,202,Not Open
T037,21-22,2022-04-20,202,Not Open
T038,21-22,2022-04-20,202,Not Open
T039,21-22,2022-04-20,202,Not Open
T040,21-22,2022-04-20,202,Not Open
T041,21-22,2022-04-20,202,Not Open
T042,21-22,2022-04-20,202,Not Open
T043,21-22,2022-04-20,202,Not Open
T044,21-22,2022-04-20,202,Not Open
T045,21-22,2022-04-20,202,Not Open
T046,21-22,2022-04-20,202,Not Open
T047,21-22,2022-04-20,202,Not Open
T048,21-22,2022-04-20,202,Not Open
T049,21-22,2022-04-20,202,Not Open
T050,21-22,2022-04-20,202,Not Open
T051,21-22,2022-04-20,202,Not Open
T052,21-22,2022-04-20,202,Not Open
T053,21-22,2022-04-20,202,Not Open
T054,21-22,2022-04-20,202,Not Open
T055,21-22,2022-04-20,202,Not Open
T056,21-22,2022-04-20,202,Not Open
T057,21-22,2022-04-20,202,Not Open
T058,21-22,2022-04-20,202,Not Open
T061,21-22,2022-04-20,202,Not Open
T063,21-22,2022-04-20,202,Not Open
T064,21-22,2022-04-20,202,Not Open
T065,21-22,2022-04-20,202,Not Open
T067,21-22,2022-04-20,202,Not Open
T068,21-22,2022-04-20,202,Not Open
T069,21-22,2022-04-20,202,Not Open
T070,21-22,2022-04-20,202,Not Open
T071,21-22,2022-04-20,202,Not Open
T072,21-22,2022-04-20,202,Not Open
T073,21-22,2022-04-20,202,Not Open
T074,21-22,2022-04-20,202,Not Open
T075,21-22,2022-04-20,202,Not Open
T076,21-22,2022-04-20,202,Not Open
T077,21-22,2022-04-20,202,Not Open
T078,21-22,2022-04-20,202,Not Open
T079,21-22,2022-04-20,202,Not Open
T080,21-22,2022-04-20,202,Not Open
T081,21-22,2022-04-20,202,Not Open
T082,21-22,2022-04-20,202,Not Open
T083,21-22,2022-04-20,202,Not Open
T084,21-22,2022-04-20,202,Not Open
T085,21-22,2022-04-20,202,Not Open
T086,21-22,2022-04-20,202,Not Open
T087,21-22,2022-04-20,202,Not Open
T088,21-22,2022-04-20,202,Not Open
T089,21-22,2022-04-20,202,Not Open
T090,21-22,2022-04-20,202,Not Open
T091,21-22,2022-04-20,202,Not Open
T092,21-22,2022-04-20,202,Not Open
T127,21-22,2022-04-20,202,Not Open
T134,21-22,2022-04-20,202,Not Open
T135,21-22,2022-04-20,202,Not Open
T136,21-22,2022-04-20,202,Not Open
T137,21-22,2022-04-20,202,Not Open
T148,21-22,2022-04-20,202,Not Open
T154,21-22,2022-04-20,202,Not Open
T001,21-22,2022-04-21,203,Not Open
T002,21-22,2022-04-21,203,Not Open
T003,21-22,2022-04-21,203,Not Open
T004,21-22,2022-04-21,203,Not Open
T005,21-22,2022-04-21,203,Not Open
T006,21-22,2022-04-21,203,Not Open
T007,21-22,2022-04-21,203,Not Open
T008,21-22,2022-04-21,203,Not Open
T009,21-22,2022-04-21,203,Not Open
T010,21-22,2022-04-21,203,Not Open
T011,21-22,2022-04-21,203,Not Open
T012,21-22,2022-04-21,203,Not Open
T013,21-22,2022-04-21,203,Not Open
T014,21-22,2022-04-21,203,Not Open
T015,21-22,2022-04-21,203,Not Open
T016,21-22,2022-04-21,203,Not Open
T017,21-22,2022-04-21,203,Not Open
T018,21-22,2022-04-21,203,Not Open
T019,21-22,2022-04-21,203,Not Open
T020,21-22,2022-04-21,203,Not Open
T021,21-22,2022-04-21,203,Not Open
T022,21-22,2022-04-21,203,Not Open
T023,21-22,2022-04-21,203,Not Open
T024,21-22,2022-04-21,203,Not Open
T025,21-22,2022-04-21,203,Not Open
T026,21-22,2022-04-21,203,Not Open
T027,21-22,2022-04-21,203,Not Open
T028,21-22,2022-04-21,203,Not Open
T029,21-22,2022-04-21,203,Not Open
T030,21-22,2022-04-21,203,Not Open
T031,21-22,2022-04-21,203,Not Open
T032,21-22,2022-04-21,203,Not Open
T033,21-22,2022-04-21,203,Not Open
T034,21-22,2022-04-21,203,Not Open
T035,21-22,2022-04-21,203,Not Open
T036,21-22,2022-04-21,203,Not Open
T037,21-22,2022-04-21,203,Not Open
T038,21-22,2022-04-21,203,Not Open
T039,21-22,2022-04-21,203,Not Open
T040,21-22,2022-04-21,203,Not Open
T041,21-22,2022-04-21,203,Not Open
T042,21-22,2022-04-21,203,Not Open
T043,21-22,2022-04-21,203,Not Open
T044,21-22,2022-04-21,203,Not Open
T045,21-22,2022-04-21,203,Not Open
T046,21-22,2022-04-21,203,Not Open
T047,21-22,2022-04-21,203,Not Open
T048,21-22,2022-04-21,203,Not Open
T049,21-22,2022-04-21,203,Not Open
T050,21-22,2022-04-21,203,Not Open
T051,21-22,2022-04-21,203,Not Open
T052,21-22,2022-04-21,203,Not Open
T053,21-22,2022-04-21,203,Not Open
T054,21-22,2022-04-21,203,Not Open
T055,21-22,2022-04-21,203,Not Open
T056,21-22,2022-04-21,203,Not Open
T057,21-22,2022-04-21,203,Not Open
T058,21-22,2022-04-21,203,Not Open
T061,21-22,2022-04-21,203,Not Open
T063,21-22,2022-04-21,203,Not Open
T064,21-22,2022-04-21,203,Not Open
T065,21-22,2022-04-21,203,Not Open
T067,21-22,2022-04-21,203,Not Open
T068,21-22,2022-04-21,203,Not Open
T069,21-22,2022-04-21,203,Not Open
T070,21-22,2022-04-21,203,Not Open
T071,21-22,2022-04-21,203,Not Open
T072,21-22,2022-04-21,203,Not Open
T073,21-22,2022-04-21,203,Not Open
T074,21-22,2022-04-21,203,Not Open
T075,21-22,2022-04-21,203,Not Open
T076,21-22,2022-04-21,203,Not Open
T077,21-22,2022-04-21,203,Not Open
T078,21-22,2022-04-21,203,Not Open
T079,21-22,2022-04-21,203,Not Open
T080,21-22,2022-04-21,203,Not Open
T081,21-22,2022-04-21,203,Not Open
T082,21-22,2022-04-21,203,Not Open
T083,21-22,2022-04-21,203,Not Open
T084,21-22,2022-04-21,203,Not Open
T085,21-22,2022-04-21,203,Not Open
T086,21-22,2022-04-21,203,Not Open
T087,21-22,2022-04-21,203,Not Open
T088,21-22,2022-04-21,203,Not Open
T089,21-22,2022-04-21,203,Not Open
T090,21-22,2022-04-21,203,Not Open
T091,21-22,2022-04-21,203,Not Open
T092,21-22,2022-04-21,203,Not Open
T127,21-22,2022-04-21,203,Not Open
T134,21-22,2022-04-21,203,Not Open
T135,21-22,2022-04-21,203,Not Open
T136,21-22,2022-04-21,203,Not Open
T137,21-22,2022-04-21,203,Not Open
T148,21-22,2022-04-21,203,Not Open
T154,21-22,2022-04-21,203,Not Open
T001,21-22,2022-04-22,204,Not Open
T002,21-22,2022-04-22,204,Not Open
T003,21-22,2022-04-22,204,Not Open
T004,21-22,2022-04-22,204,Not Open
T005,21-22,2022-04-22,204,Not Open
T006,21-22,2022-04-22,204,Not Open
T007,21-22,2022-04-22,204,Not Open
T008,21-22,2022-04-22,204,Not Open
T009,21-22,2022-04-22,204,Not Open
T010,21-22,2022-04-22,204,Not Open
T011,21-22,2022-04-22,204,Not Open
T012,21-22,2022-04-22,204,Not Open
T013,21-22,2022-04-22,204,Not Open
T014,21-22,2022-04-22,204,Not Open
T015,21-22,2022-04-22,204,Not Open
T016,21-22,2022-04-22,204,Not Open
T017,21-22,2022-04-22,204,Not Open
T018,21-22,2022-04-22,204,Not Open
T019,21-22,2022-04-22,204,Not Open
T020,21-22,2022-04-22,204,Not Open
T021,21-22,2022-04-22,204,Not Open
T022,21-22,2022-04-22,204,Not Open
T023,21-22,2022-04-22,204,Not Open
T024,21-22,2022-04-22,204,Not Open
T025,21-22,2022-04-22,204,Not Open
T026,21-22,2022-04-22,204,Not Open
T027,21-22,2022-04-22,204,Not Open
T028,21-22,2022-04-22,204,Not Open
T029,21-22,2022-04-22,204,Not Open
T030,21-22,2022-04-22,204,Not Open
T031,21-22,2022-04-22,204,Not Open
T032,21-22,2022-04-22,204,Not Open
T033,21-22,2022-04-22,204,Not Open
T034,21-22,2022-04-22,204,Not Open
T035,21-22,2022-04-22,204,Not Open
T036,21-22,2022-04-22,204,Not Open
T037,21-22,2022-04-22,204,Not Open
T038,21-22,2022-04-22,204,Not Open
T039,21-22,2022-04-22,204,Not Open
T040,21-22,2022-04-22,204,Not Open
T041,21-22,2022-04-22,204,Not Open
T042,21-22,2022-04-22,204,Not Open
T043,21-22,2022-04-22,204,Not Open
T044,21-22,2022-04-22,204,Not Open
T045,21-22,2022-04-22,204,Not Open
T046,21-22,2022-04-22,204,Not Open
T047,21-22,2022-04-22,204,Not Open
T048,21-22,2022-04-22,204,Not Open
T049,21-22,2022-04-22,204,Not Open
T050,21-22,2022-04-22,204,Not Open
T051,21-22,2022-04-22,204,Not Open
T052,21-22,2022-04-22,204,Not Open
T053,21-22,2022-04-22,204,Not Open
T054,21-22,2022-04-22,204,Not Open
T055,21-22,2022-04-22,204,Not Open
T056,21-22,2022-04-22,204,Not Open
T057,21-22,2022-04-22,204,Not Open
T058,21-22,2022-04-22,204,Not Open
T061,21-22,2022-04-22,204,Not Open
T063,21-22,2022-04-22,204,Not Open
T064,21-22,2022-04-22,204,Not Open
T065,21-22,2022-04-22,204,Not Open
T067,21-22,2022-04-22,204,Not Open
T068,21-22,2022-04-22,204,Not Open
T069,21-22,2022-04-22,204,Not Open
T070,21-22,2022-04-22,204,Not Open
T071,21-22,2022-04-22,204,Not Open
T072,21-22,2022-04-22,204,Not Open
T073,21-22,2022-04-22,204,Not Open
T074,21-22,2022-04-22,204,Not Open
T075,21-22,2022-04-22,204,Not Open
T076,21-22,2022-04-22,204,Not Open
T077,21-22,2022-04-22,204,Not Open
T078,21-22,2022-04-22,204,Not Open
T079,21-22,2022-04-22,204,Not Open
T080,21-22,2022-04-22,204,Not Open
T081,21-22,2022-04-22,204,Not Open
T082,21-22,2022-04-22,204,Not Open
T083,21-22,2022-04-22,204,Not Open
T084,21-22,2022-04-22,204,Not Open
T085,21-22,2022-04-22,204,Not Open
T086,21-22,2022-04-22,204,Not Open
T087,21-22,2022-04-22,204,Not Open
T088,21-22,2022-04-22,204,Not Open
T089,21-22,2022-04-22,204,Not Open
T090,21-22,2022-04-22,204,Not Open
T091,21-22,2022-04-22,204,Not Open
T092,21-22,2022-04-22,204,Not Open
T127,21-22,2022-04-22,204,Not Open
T134,21-22,2022-04-22,204,Not Open
T135,21-22,2022-04-22,204,Not Open
T136,21-22,2022-04-22,204,Not Open
T137,21-22,2022-04-22,204,Not Open
T148,21-22,2022-04-22,204,Not Open
T154,21-22,2022-04-22,204,Not Open
T001,21-22,2022-04-23,205,Not Open
T002,21-22,2022-04-23,205,Not Open
T003,21-22,2022-04-23,205,Not Open
T004,21-22,2022-04-23,205,Not Open
T005,21-22,2022-04-23,205,Not Open
T006,21-22,2022-04-23,205,Not Open
T007,21-22,2022-04-23,205,Not Open
T008,21-22,2022-04-23,205,Not Open
T009,21-22,2022-04-23,205,Not Open
T010,21-22,2022-04-23,205,Not Open
T011,21-22,2022-04-23,205,Not Open
T012,21-22,2022-04-23,205,Not Open
T013,21-22,2022-04-23,205,Not Open
T014,21-22,2022-04-23,205,Not Open
T015,21-22,2022-04-23,205,Not Open
T016,21-22,2022-04-23,205,Not Open
T017,21-22,2022-04-23,205,Not Open
T018,21-22,2022-04-23,205,Not Open
T019,21-22,2022-04-23,205,Not Open
T020,21-22,2022-04-23,205,Not Open
T021,21-22,2022-04-23,205,Not Open
T022,21-22,2022-04-23,205,Not Open
T023,21-22,2022-04-23,205,Not Open
T024,21-22,2022-04-23,205,Not Open
T025,21-22,2022-04-23,205,Not Open
T026,21-22,2022-04-23,205,Not Open
T027,21-22,2022-04-23,205,Not Open
T028,21-22,2022-04-23,205,Not Open
T029,21-22,2022-04-23,205,Not Open
T030,21-22,2022-04-23,205,Not Open
T031,21-22,2022-04-23,205,Not Open
T032,21-22,2022-04-23,205,Not Open
T033,21-22,2022-04-23,205,Not Open
T034,21-22,2022-04-23,205,Not Open
T035,21-22,2022-04-23,205,Not Open
T036,21-22,2022-04-23,205,Not Open
T037,21-22,2022-04-23,205,Not Open
T038,21-22,2022-04-23,205,Not Open
T039,21-22,2022-04-23,205,Not Open
T040,21-22,2022-04-23,205,Not Open
T041,21-22,2022-04-23,205,Not Open
T042,21-22,2022-04-23,205,Not Open
T043,21-22,2022-04-23,205,Not Open
T044,21-22,2022-04-23,205,Not Open
T045,21-22,2022-04-23,205,Not Open
T046,21-22,2022-04-23,205,Not Open
T047,21-22,2022-04-23,205,Not Open
T048,21-22,2022-04-23,205,Not Open
T049,21-22,2022-04-23,205,Not Open
T050,21-22,2022-04-23,205,Not Open
T051,21-22,2022-04-23,205,Not Open
T052,21-22,2022-04-23,205,Not Open
T053,21-22,2022-04-23,205,Not Open
T054,21-22,2022-04-23,205,Not Open
T055,21-22,2022-04-23,205,Not Open
T056,21-22,2022-04-23,205,Not Open
T057,21-22,2022-04-23,205,Not Open
T058,21-22,2022-04-23,205,Not Open
T061,21-22,2022-04-23,205,Not Open
T063,21-22,2022-04-23,205,Not Open
T064,21-22,2022-04-23,205,Not Open
T065,21-22,2022-04-23,205,Not Open
T067,21-22,2022-04-23,205,Not Open
T068,21-22,2022-04-23,205,Not Open
T069,21-22,2022-04-23,205,Not Open
T070,21-22,2022-04-23,205,Not Open
T071,21-22,2022-04-23,205,Not Open
T072,21-22,2022-04-23,205,Not Open
T073,21-22,2022-04-23,205,Not Open
T074,21-22,2022-04-23,205,Not Open
T075,21-22,2022-04-23,205,Not Open
T076,21-22,2022-04-23,205,Not Open
T077,21-22,2022-04-23,205,Not Open
T078,21-22,2022-04-23,205,Not Open
T079,21-22,2022-04-23,205,Not Open
T080,21-22,2022-04-23,205,Not Open
T081,21-22,2022-04-23,205,Not Open
T082,21-22,2022-04-23,205,Not Open
T083,21-22,2022-04-23,205,Not Open
T084,21-22,2022-04-23,205,Not Open
T085,21-22,2022-04-23,205,Not Open
T086,21-22,2022-04-23,205,Not Open
T087,21-22,2022-04-23,205,Not Open
T088,21-22,2022-04-23,205,Not Open
T089,21-22,2022-04-23,205,Not Open
T090,21-22,2022-04-23,205,Not Open
T091,21-22,2022-04-23,205,Not Open
T092,21-22,2022-04-23,205,Not Open
T127,21-22,2022-04-23,205,Not Open
T134,21-22,2022-04-23,205,Not Open
T135,21-22,2022-04-23,205,Not Open
T136,21-22,2022-04-23,205,Not Open
T137,21-22,2022-04-23,205,Not Open
T148,21-22,2022-04-23,205,Not Open
T154,21-22,2022-04-23,205,Not Open
T001,21-22,2022-04-24,206,Not Open
T002,21-22,2022-04-24,206,Not Open
T003,21-22,2022-04-24,206,Not Open
T004,21-22,2022-04-24,206,Not Open
T005,21-22,2022-04-24,206,Not Open
T006,21-22,2022-04-24,206,Not Open
T007,21-22,2022-04-24,206,Not Open
T008,21-22,2022-04-24,206,Not Open
T009,21-22,2022-04-24,206,Not Open
T010,21-22,2022-04-24,206,Not Open
T011,21-22,2022-04-24,206,Not Open
T012,21-22,2022-04-24,206,Not Open
T013,21-22,2022-04-24,206,Not Open
T014,21-22,2022-04-24,206,Not Open
T015,21-22,2022-04-24,206,Not Open
T016,21-22,2022-04-24,206,Not Open
T017,21-22,2022-04-24,206,Not Open
T018,21-22,2022-04-24,206,Not Open
T019,21-22,2022-04-24,206,Not Open
T020,21-22,2022-04-24,206,Not Open
T021,21-22,2022-04-24,206,Not Open
T022,21-22,2022-04-24,206,Not Open
T023,21-22,2022-04-24,206,Not Open
T024,21-22,2022-04-24,206,Not Open
T025,21-22,2022-04-24,206,Not Open
T026,21-22,2022-04-24,206,Not Open
T027,21-22,2022-04-24,206,Not Open
T028,21-22,2022-04-24,206,Not Open
T029,21-22,2022-04-24,206,Not Open
T030,21-22,2022-04-24,206,Not Open
T031,21-22,2022-04-24,206,Not Open
T032,21-22,2022-04-24,206,Not Open
T033,21-22,2022-04-24,206,Not Open
T034,21-22,2022-04-24,206,Not Open
T035,21-22,2022-04-24,206,Not Open
T036,21-22,2022-04-24,206,Not Open
T037,21-22,2022-04-24,206,Not Open
T038,21-22,2022-04-24,206,Not Open
T039,21-22,2022-04-24,206,Not Open
T040,21-22,2022-04-24,206,Not Open
T041,21-22,2022-04-24,206,Not Open
T042,21-22,2022-04-24,206,Not Open
T043,21-22,2022-04-24,206,Not Open
T044,21-22,2022-04-24,206,Not Open
T045,21-22,2022-04-24,206,Not Open
T046,21-22,2022-04-24,206,Not Open
T047,21-22,2022-04-24,206,Not Open
T048,21-22,2022-04-24,206,Not Open
T049,21-22,2022-04-24,206,Not Open
T050,21-22,2022-04-24,206,Not Open
T051,21-22,2022-04-24,206,Not Open
T052,21-22,2022-04-24,206,Not Open
T053,21-22,2022-04-24,206,Not Open
T054,21-22,2022-04-24,206,Not Open
T055,21-22,2022-04-24,206,Not Open
T056,21-22,2022-04-24,206,Not Open
T057,21-22,2022-04-24,206,Not Open
T058,21-22,2022-04-24,206,Not Open
T061,21-22,2022-04-24,206,Not Open
T063,21-22,2022-04-24,206,Not Open
T064,21-22,2022-04-24,206,Not Open
T065,21-22,2022-04-24,206,Not Open
T067,21-22,2022-04-24,206,Not Open
T068,21-22,2022-04-24,206,Not Open
T069,21-22,2022-04-24,206,Not Open
T070,21-22,2022-04-24,206,Not Open
T071,21-22,2022-04-24,206,Not Open
T072,21-22,2022-04-24,206,Not Open
T073,21-22,2022-04-24,206,Not Open
T074,21-22,2022-04-24,206,Not Open
T075,21-22,2022-04-24,206,Not Open
T076,21-22,2022-04-24,206,Not Open
T077,21-22,2022-04-24,206,Not Open
T078,21-22,2022-04-24,206,Not Open
T079,21-22,2022-04-24,206,Not Open
T080,21-22,2022-04-24,206,Not Open
T081,21-22,2022-04-24,206,Not Open
T082,21-22,2022-04-24,206,Not Open
T083,21-22,2022-04-24,206,Not Open
T084,21-22,2022-04-24,206,Not Open
T085,21-22,2022-04-24,206,Not Open
T086,21-22,2022-04-24,206,Not Open
T087,21-22,2022-04-24,206,Not Open
T088,21-22,2022-04-24,206,Not Open
T089,21-22,2022-04-24,206,Not Open
T090,21-22,2022-04-24,206,Not Open
T091,21-22,2022-04-24,206,Not Open
T092,21-22,2022-04-24,206,Not Open
T127,21-22,2022-04-24,206,Not Open
T134,21-22,2022-04-24,206,Not Open
T135,21-22,2022-04-24,206,Not Open
T136,21-22,2022-04-24,206,Not Open
T137,21-22,2022-04-24,206,Not Open
T148,21-22,2022-04-24,206,Not Open
T154,21-22,2022-04-24,206,Not Open
T001,21-22,2022-04-25,207,Not Open
T002,21-22,2022-04-25,207,Not Open
T003,21-22,2022-04-25,207,Not Open
T004,21-22,2022-04-25,207,Not Open
T005,21-22,2022-04-25,207,Not Open
T006,21-22,2022-04-25,207,Not Open
T007,21-22,2022-04-25,207,Not Open
T008,21-22,2022-04-25,207,Not Open
T009,21-22,2022-04-25,207,Not Open
T010,21-22,2022-04-25,207,Not Open
T011,21-22,2022-04-25,207,Not Open
T012,21-22,2022-04-25,207,Not Open
T013,21-22,2022-04-25,207,Not Open
T014,21-22,2022-04-25,207,Not Open
T015,21-22,2022-04-25,207,Not Open
T016,21-22,2022-04-25,207,Not Open
T017,21-22,2022-04-25,207,Not Open
T018,21-22,2022-04-25,207,Not Open
T019,21-22,2022-04-25,207,Not Open
T020,21-22,2022-04-25,207,Not Open
T021,21-22,2022-04-25,207,Not Open
T022,21-22,2022-04-25,207,Not Open
T023,21-22,2022-04-25,207,Not Open
T024,21-22,2022-04-25,207,Not Open
T025,21-22,2022-04-25,207,Not Open
T026,21-22,2022-04-25,207,Not Open
T027,21-22,2022-04-25,207,Not Open
T028,21-22,2022-04-25,207,Not Open
T029,21-22,2022-04-25,207,Not Open
T030,21-22,2022-04-25,207,Not Open
T031,21-22,2022-04-25,207,Not Open
T032,21-22,2022-04-25,207,Not Open
T033,21-22,2022-04-25,207,Not Open
T034,21-22,2022-04-25,207,Not Open
T035,21-22,2022-04-25,207,Not Open
T036,21-22,2022-04-25,207,Not Open
T037,21-22,2022-04-25,207,Not Open
T038,21-22,2022-04-25,207,Not Open
T039,21-22,2022-04-25,207,Not Open
T040,21-22,2022-04-25,207,Not Open
T041,21-22,2022-04-25,207,Not Open
T042,21-22,2022-04-25,207,Not Open
T043,21-22,2022-04-25,207,Not Open
T044,21-22,2022-04-25,207,Not Open
T045,21-22,2022-04-25,207,Not Open
T046,21-22,2022-04-25,207,Not Open
T047,21-22,2022-04-25,207,Not Open
T048,21-22,2022-04-25,207,Not Open
T049,21-22,2022-04-25,207,Not Open
T050,21-22,2022-04-25,207,Not Open
T051,21-22,2022-04-25,207,Not Open
T052,21-22,2022-04-25,207,Not Open
T053,21-22,2022-04-25,207,Not Open
T054,21-22,2022-04-25,207,Not Open
T055,21-22,2022-04-25,207,Not Open
T056,21-22,2022-04-25,207,Not Open
T057,21-22,2022-04-25,207,Not Open
T058,21-22,2022-04-25,207,Not Open
T061,21-22,2022-04-25,207,Not Open
T063,21-22,2022-04-25,207,Not Open
T064,21-22,2022-04-25,207,Not Open
T065,21-22,2022-04-25,207,Not Open
T067,21-22,2022-04-25,207,Not Open
T068,21-22,2022-04-25,207,Not Open
T069,21-22,2022-04-25,207,Not Open
T070,21-22,2022-04-25,207,Not Open
T071,21-22,2022-04-25,207,Not Open
T072,21-22,2022-04-25,207,Not Open
T073,21-22,2022-04-25,207,Not Open
T074,21-22,2022-04-25,207,Not Open
T075,21-22,2022-04-25,207,Not Open
T076,21-22,2022-04-25,207,Not Open
T077,21-22,2022-04-25,207,Not Open
T078,21-22,2022-04-25,207,Not Open
T079,21-22,2022-04-25,207,Not Open
T080,21-22,2022-04-25,207,Not Open
T081,21-22,2022-04-25,207,Not Open
T082,21-22,2022-04-25,207,Not Open
T083,21-22,2022-04-25,207,Not Open
T084,21-22,2022-04-25,207,Not Open
T085,21-22,2022-04-25,207,Not Open
T086,21-22,2022-04-25,207,Not Open
T087,21-22,2022-04-25,207,Not Open
T088,21-22,2022-04-25,207,Not Open
T089,21-22,2022-04-25,207,Not Open
T090,21-22,2022-04-25,207,Not Open
T091,21-22,2022-04-25,207,Not Open
T092,21-22,2022-04-25,207,Not Open
T127,21-22,2022-04-25,207,Not Open
T134,21-22,2022-04-25,207,Not Open
T135,21-22,2022-04-25,207,Not Open
T136,21-22,2022-04-25,207,Not Open
T137,21-22,2022-04-25,207,Not Open
T148,21-22,2022-04-25,207,Not Open
T154,21-22,2022-04-25,207,Not Open
T001,21-22,2022-04-26,208,Not Open
T002,21-22,2022-04-26,208,Not Open
T003,21-22,2022-04-26,208,Not Open
T004,21-22,2022-04-26,208,Not Open
T005,21-22,2022-04-26,208,Not Open
T006,21-22,2022-04-26,208,Not Open
T007,21-22,2022-04-26,208,Not Open
T008,21-22,2022-04-26,208,Not Open
T009,21-22,2022-04-26,208,Not Open
T010,21-22,2022-04-26,208,Not Open
T011,21-22,2022-04-26,208,Not Open
T012,21-22,2022-04-26,208,Not Open
T013,21-22,2022-04-26,208,Not Open
T014,21-22,2022-04-26,208,Not Open
T015,21-22,2022-04-26,208,Not Open
T016,21-22,2022-04-26,208,Not Open
T017,21-22,2022-04-26,208,Not Open
T018,21-22,2022-04-26,208,Not Open
T019,21-22,2022-04-26,208,Not Open
T020,21-22,2022-04-26,208,Not Open
T021,21-22,2022-04-26,208,Not Open
T022,21-22,2022-04-26,208,Not Open
T023,21-22,2022-04-26,208,Not Open
T024,21-22,2022-04-26,208,Not Open
T025,21-22,2022-04-26,208,Not Open
T026,21-22,2022-04-26,208,Not Open
T027,21-22,2022-04-26,208,Not Open
T028,21-22,2022-04-26,208,Not Open
T029,21-22,2022-04-26,208,Not Open
T030,21-22,2022-04-26,208,Not Open
T031,21-22,2022-04-26,208,Not Open
T032,21-22,2022-04-26,208,Not Open
T033,21-22,2022-04-26,208,Not Open
T034,21-22,2022-04-26,208,Not Open
T035,21-22,2022-04-26,208,Not Open
T036,21-22,2022-04-26,208,Not Open
T037,21-22,2022-04-26,208,Not Open
T038,21-22,2022-04-26,208,Not Open
T039,21-22,2022-04-26,208,Not Open
T040,21-22,2022-04-26,208,Not Open
T041,21-22,2022-04-26,208,Not Open
T042,21-22,2022-04-26,208,Not Open
T043,21-22,2022-04-26,208,Not Open
T044,21-22,2022-04-26,208,Not Open
T045,21-22,2022-04-26,208,Not Open
T046,21-22,2022-04-26,208,Not Open
T047,21-22,2022-04-26,208,Not Open
T048,21-22,2022-04-26,208,Not Open
T049,21-22,2022-04-26,208,Not Open
T050,21-22,2022-04-26,208,Not Open
T051,21-22,2022-04-26,208,Not Open
T052,21-22,2022-04-26,208,Not Open
T053,21-22,2022-04-26,208,Not Open
T054,21-22,2022-04-26,208,Not Open
T055,21-22,2022-04-26,208,Not Open
T056,21-22,2022-04-26,208,Not Open
T057,21-22,2022-04-26,208,Not Open
T058,21-22,2022-04-26,208,Not Open
T061,21-22,2022-04-26,208,Not Open
T063,21-22,2022-04-26,208,Not Open
T064,21-22,2022-04-26,208,Not Open
T065,21-22,2022-04-26,208,Not Open
T067,21-22,2022-04-26,208,Not Open
T068,21-22,2022-04-26,208,Not Open
T069,21-22,2022-04-26,208,Not Open
T070,21-22,2022-04-26,208,Not Open
T071,21-22,2022-04-26,208,Not Open
T072,21-22,2022-04-26,208,Not Open
T073,21-22,2022-04-26,208,Not Open
T074,21-22,2022-04-26,208,Not Open
T075,21-22,2022-04-26,208,Not Open
T076,21-22,2022-04-26,208,Not Open
T077,21-22,2022-04-26,208,Not Open
T078,21-22,2022-04-26,208,Not Open
T079,21-22,2022-04-26,208,Not Open
T080,21-22,2022-04-26,208,Not Open
T081,21-22,2022-04-26,208,Not Open
T082,21-22,2022-04-26,208,Not Open
T083,21-22,2022-04-26,208,Not Open
T084,21-22,2022-04-26,208,Not Open
T085,21-22,2022-04-26,208,Not Open
T086,21-22,2022-04-26,208,Not Open
T087,21-22,2022-04-26,208,Not Open
T088,21-22,2022-04-26,208,Not Open
T089,21-22,2022-04-26,208,Not Open
T090,21-22,2022-04-26,208,Not Open
T091,21-22,2022-04-26,208,Not Open
T092,21-22,2022-04-26,208,Not Open
T127,21-22,2022-04-26,208,Not Open
T134,21-22,2022-04-26,208,Not Open
T135,21-22,2022-04-26,208,Not Open
T136,21-22,2022-04-26,208,Not Open
T137,21-22,2022-04-26,208,Not Open
T148,21-22,2022-04-26,208,Not Open
T154,21-22,2022-04-26,208,Not Open
T001,21-22,2022-04-27,209,Not Open
T002,21-22,2022-04-27,209,Not Open
T003,21-22,2022-04-27,209,Not Open
T004,21-22,2022-04-27,209,Not Open
T005,21-22,2022-04-27,209,Not Open
T006,21-22,2022-04-27,209,Not Open
T007,21-22,2022-04-27,209,Not Open
T008,21-22,2022-04-27,209,Not Open
T009,21-22,2022-04-27,209,Not Open
T010,21-22,2022-04-27,209,Not Open
T011,21-22,2022-04-27,209,Not Open
T012,21-22,2022-04-27,209,Not Open
T013,21-22,2022-04-27,209,Not Open
T014,21-22,2022-04-27,209,Not Open
T015,21-22,2022-04-27,209,Not Open
T016,21-22,2022-04-27,209,Not Open
T017,21-22,2022-04-27,209,Not Open
T018,21-22,2022-04-27,209,Not Open
T019,21-22,2022-04-27,209,Not Open
T020,21-22,2022-04-27,209,Not Open
T021,21-22,2022-04-27,209,Not Open
T022,21-22,2022-04-27,209,Not Open
T023,21-22,2022-04-27,209,Not Open
T024,21-22,2022-04-27,209,Not Open
T025,21-22,2022-04-27,209,Not Open
T026,21-22,2022-04-27,209,Not Open
T027,21-22,2022-04-27,209,Not Open
T028,21-22,2022-04-27,209,Not Open
T029,21-22,2022-04-27,209,Not Open
T030,21-22,2022-04-27,209,Not Open
T031,21-22,2022-04-27,209,Not Open
T032,21-22,2022-04-27,209,Not Open
T033,21-22,2022-04-27,209,Not Open
T034,21-22,2022-04-27,209,Not Open
T035,21-22,2022-04-27,209,Not Open
T036,21-22,2022-04-27,209,Not Open
T037,21-22,2022-04-27,209,Not Open
T038,21-22,2022-04-27,209,Not Open
T039,21-22,2022-04-27,209,Not Open
T040,21-22,2022-04-27,209,Not Open
T041,21-22,2022-04-27,209,Not Open
T042,21-22,2022-04-27,209,Not Open
T043,21-22,2022-04-27,209,Not Open
T044,21-22,2022-04-27,209,Not Open
T045,21-22,2022-04-27,209,Not Open
T046,21-22,2022-04-27,209,Not Open
T047,21-22,2022-04-27,209,Not Open
T048,21-22,2022-04-27,209,Not Open
T049,21-22,2022-04-27,209,Not Open
T050,21-22,2022-04-27,209,Not Open
T051,21-22,2022-04-27,209,Not Open
T052,21-22,2022-04-27,209,Not Open
T053,21-22,2022-04-27,209,Not Open
T054,21-22,2022-04-27,209,Not Open
T055,21-22,2022-04-27,209,Not Open
T056,21-22,2022-04-27,209,Not Open
T057,21-22,2022-04-27,209,Not Open
T058,21-22,2022-04-27,209,Not Open
T061,21-22,2022-04-27,209,Not Open
T063,21-22,2022-04-27,209,Not Open
T064,21-22,2022-04-27,209,Not Open
T065,21-22,2022-04-27,209,Not Open
T067,21-22,2022-04-27,209,Not Open
T068,21-22,2022-04-27,209,Not Open
T069,21-22,2022-04-27,209,Not Open
T070,21-22,2022-04-27,209,Not Open
T071,21-22,2022-04-27,209,Not Open
T072,21-22,2022-04-27,209,Not Open
T073,21-22,2022-04-27,209,Not Open
T074,21-22,2022-04-27,209,Not Open
T075,21-22,2022-04-27,209,Not Open
T076,21-22,2022-04-27,209,Not Open
T077,21-22,2022-04-27,209,Not Open
T078,21-22,2022-04-27,209,Not Open
T079,21-22,2022-04-27,209,Not Open
T080,21-22,2022-04-27,209,Not Open
T081,21-22,2022-04-27,209,Not Open
T082,21-22,2022-04-27,209,Not Open
T083,21-22,2022-04-27,209,Not Open
T084,21-22,2022-04-27,209,Not Open
T085,21-22,2022-04-27,209,Not Open
T086,21-22,2022-04-27,209,Not Open
T087,21-22,2022-04-27,209,Not Open
T088,21-22,2022-04-27,209,Not Open
T089,21-22,2022-04-27,209,Not Open
T090,21-22,2022-04-27,209,Not Open
T091,21-22,2022-04-27,209,Not Open
T092,21-22,2022-04-27,209,Not Open
T127,21-22,2022-04-27,209,Not Open
T134,21-22,2022-04-27,209,Not Open
T135,21-22,2022-04-27,209,Not Open
T136,21-22,2022-04-27,209,Not Open
T137,21-22,2022-04-27,209,Not Open
T148,21-22,2022-04-27,209,Not Open
T154,21-22,2022-04-27,209,Not Open
T001,21-22,2022-04-28,210,Not Open
T002,21-22,2022-04-28,210,Not Open
T003,21-22,2022-04-28,210,Not Open
T004,21-22,2022-04-28,210,Not Open
T005,21-22,2022-04-28,210,Not Open
T006,21-22,2022-04-28,210,Not Open
T007,21-22,2022-04-28,210,Not Open
T008,21-22,2022-04-28,210,Not Open
T009,21-22,2022-04-28,210,Not Open
T010,21-22,2022-04-28,210,Not Open
T011,21-22,2022-04-28,210,Not Open
T012,21-22,2022-04-28,210,Not Open
T013,21-22,2022-04-28,210,Not Open
T014,21-22,2022-04-28,210,Not Open
T015,21-22,2022-04-28,210,Not Open
T016,21-22,2022-04-28,210,Not Open
T017,21-22,2022-04-28,210,Not Open
T018,21-22,2022-04-28,210,Not Open
T019,21-22,2022-04-28,210,Not Open
T020,21-22,2022-04-28,210,Not Open
T021,21-22,2022-04-28,210,Not Open
T022,21-22,2022-04-28,210,Not Open
T023,21-22,2022-04-28,210,Not Open
T024,21-22,2022-04-28,210,Not Open
T025,21-22,2022-04-28,210,Not Open
T026,21-22,2022-04-28,210,Not Open
T027,21-22,2022-04-28,210,Not Open
T028,21-22,2022-04-28,210,Not Open
T029,21-22,2022-04-28,210,Not Open
T030,21-22,2022-04-28,210,Not Open
T031,21-22,2022-04-28,210,Not Open
T032,21-22,2022-04-28,210,Not Open
T033,21-22,2022-04-28,210,Not Open
T034,21-22,2022-04-28,210,Not Open
T035,21-22,2022-04-28,210,Not Open
T036,21-22,2022-04-28,210,Not Open
T037,21-22,2022-04-28,210,Not Open
T038,21-22,2022-04-28,210,Not Open
T039,21-22,2022-04-28,210,Not Open
T040,21-22,2022-04-28,210,Not Open
T041,21-22,2022-04-28,210,Not Open
T042,21-22,2022-04-28,210,Not Open
T043,21-22,2022-04-28,210,Not Open
T044,21-22,2022-04-28,210,Not Open
T045,21-22,2022-04-28,210,Not Open
T046,21-22,2022-04-28,210,Not Open
T047,21-22,2022-04-28,210,Not Open
T048,21-22,2022-04-28,210,Not Open
T049,21-22,2022-04-28,210,Not Open
T050,21-22,2022-04-28,210,Not Open
T051,21-22,2022-04-28,210,Not Open
T052,21-22,2022-04-28,210,Not Open
T053,21-22,2022-04-28,210,Not Open
T054,21-22,2022-04-28,210,Not Open
T055,21-22,2022-04-28,210,Not Open
T056,21-22,2022-04-28,210,Not Open
T057,21-22,2022-04-28,210,Not Open
T058,21-22,2022-04-28,210,Not Open
T061,21-22,2022-04-28,210,Not Open
T063,21-22,2022-04-28,210,Not Open
T064,21-22,2022-04-28,210,Not Open
T065,21-22,2022-04-28,210,Not Open
T067,21-22,2022-04-28,210,Not Open
T068,21-22,2022-04-28,210,Not Open
T069,21-22,2022-04-28,210,Not Open
T070,21-22,2022-04-28,210,Not Open
T071,21-22,2022-04-28,210,Not Open
T072,21-22,2022-04-28,210,Not Open
T073,21-22,2022-04-28,210,Not Open
T074,21-22,2022-04-28,210,Not Open
T075,21-22,2022-04-28,210,Not Open
T076,21-22,2022-04-28,210,Not Open
T077,21-22,2022-04-28,210,Not Open
T078,21-22,2022-04-28,210,Not Open
T079,21-22,2022-04-28,210,Not Open
T080,21-22,2022-04-28,210,Not Open
T081,21-22,2022-04-28,210,Not Open
T082,21-22,2022-04-28,210,Not Open
T083,21-22,2022-04-28,210,Not Open
T084,21-22,2022-04-28,210,Not Open
T085,21-22,2022-04-28,210,Not Open
T086,21-22,2022-04-28,210,Not Open
T087,21-22,2022-04-28,210,Not Open
T088,21-22,2022-04-28,210,Not Open
T089,21-22,2022-04-28,210,Not Open
T090,21-22,2022-04-28,210,Not Open
T091,21-22,2022-04-28,210,Not Open
T092,21-22,2022-04-28,210,Not Open
T127,21-22,2022-04-28,210,Not Open
T134,21-22,2022-04-28,210,Not Open
T135,21-22,2022-04-28,210,Not Open
T136,21-22,2022-04-28,210,Not Open
T137,21-22,2022-04-28,210,Not Open
T148,21-22,2022-04-28,210,Not Open
T154,21-22,2022-04-28,210,Not Open
T001,21-22,2022-04-29,211,Not Open
T002,21-22,2022-04-29,211,Not Open
T003,21-22,2022-04-29,211,Not Open
T004,21-22,2022-04-29,211,Not Open
T005,21-22,2022-04-29,211,Not Open
T006,21-22,2022-04-29,211,Not Open
T007,21-22,2022-04-29,211,Not Open
T008,21-22,2022-04-29,211,Not Open
T009,21-22,2022-04-29,211,Not Open
T010,21-22,2022-04-29,211,Not Open
T011,21-22,2022-04-29,211,Not Open
T012,21-22,2022-04-29,211,Not Open
T013,21-22,2022-04-29,211,Not Open
T014,21-22,2022-04-29,211,Not Open
T015,21-22,2022-04-29,211,Not Open
T016,21-22,2022-04-29,211,Not Open
T017,21-22,2022-04-29,211,Not Open
T018,21-22,2022-04-29,211,Not Open
T019,21-22,2022-04-29,211,Not Open
T020,21-22,2022-04-29,211,Not Open
T021,21-22,2022-04-29,211,Not Open
T022,21-22,2022-04-29,211,Not Open
T023,21-22,2022-04-29,211,Not Open
T024,21-22,2022-04-29,211,Not Open
T025,21-22,2022-04-29,211,Not Open
T026,21-22,2022-04-29,211,Not Open
T027,21-22,2022-04-29,211,Not Open
T028,21-22,2022-04-29,211,Not Open
T029,21-22,2022-04-29,211,Not Open
T030,21-22,2022-04-29,211,Not Open
T031,21-22,2022-04-29,211,Not Open
T032,21-22,2022-04-29,211,Not Open
T033,21-22,2022-04-29,211,Not Open
T034,21-22,2022-04-29,211,Not Open
T035,21-22,2022-04-29,211,Not Open
T036,21-22,2022-04-29,211,Not Open
T037,21-22,2022-04-29,211,Not Open
T038,21-22,2022-04-29,211,Not Open
T039,21-22,2022-04-29,211,Not Open
T040,21-22,2022-04-29,211,Not Open
T041,21-22,2022-04-29,211,Not Open
T042,21-22,2022-04-29,211,Not Open
T043,21-22,2022-04-29,211,Not Open
T044,21-22,2022-04-29,211,Not Open
T045,21-22,2022-04-29,211,Not Open
T046,21-22,2022-04-29,211,Not Open
T047,21-22,2022-04-29,211,Not Open
T048,21-22,2022-04-29,211,Not Open
T049,21-22,2022-04-29,211,Not Open
T050,21-22,2022-04-29,211,Not Open
T051,21-22,2022-04-29,211,Not Open
T052,21-22,2022-04-29,211,Not Open
T053,21-22,2022-04-29,211,Not Open
T054,21-22,2022-04-29,211,Not Open
T055,21-22,2022-04-29,211,Not Open
T056,21-22,2022-04-29,211,Not Open
T057,21-22,2022-04-29,211,Not Open
T058,21-22,2022-04-29,211,Not Open
T061,21-22,2022-04-29,211,Not Open
T063,21-22,2022-04-29,211,Not Open
T064,21-22,2022-04-29,211,Not Open
T065,21-22,2022-04-29,211,Not Open
T067,21-22,2022-04-29,211,Not Open
T068,21-22,2022-04-29,211,Not Open
T069,21-22,2022-04-29,211,Not Open
T070,21-22,2022-04-29,211,Not Open
T071,21-22,2022-04-29,211,Not Open
T072,21-22,2022-04-29,211,Not Open
T073,21-22,2022-04-29,211,Not Open
T074,21-22,2022-04-29,211,Not Open
T075,21-22,2022-04-29,211,Not Open
T076,21-22,2022-04-29,211,Not Open
T077,21-22,2022-04-29,211,Not Open
T078,21-22,2022-04-29,211,Not Open
T079,21-22,2022-04-29,211,Not Open
T080,21-22,2022-04-29,211,Not Open
T081,21-22,2022-04-29,211,Not Open
T082,21-22,2022-04-29,211,Not Open
T083,21-22,2022-04-29,211,Not Open
T084,21-22,2022-04-29,211,Not Open
T085,21-22,2022-04-29,211,Not Open
T086,21-22,2022-04-29,211,Not Open
T087,21-22,2022-04-29,211,Not Open
T088,21-22,2022-04-29,211,Not Open
T089,21-22,2022-04-29,211,Not Open
T090,21-22,2022-04-29,211,Not Open
T091,21-22,2022-04-29,211,Not Open
T092,21-22,2022-04-29,211,Not Open
T127,21-22,2022-04-29,211,Not Open
T134,21-22,2022-04-29,211,Not Open
T135,21-22,2022-04-29,211,Not Open
T136,21-22,2022-04-29,211,Not Open
T137,21-22,2022-04-29,211,Not Open
T148,21-22,2022-04-29,211,Not Open
T154,21-22,2022-04-29,211,Not Open
T001,21-22,2022-04-30,212,Not Open
T002,21-22,2022-04-30,212,Not Open
T003,21-22,2022-04-30,212,Not Open
T004,21-22,2022-04-30,212,Not Open
T005,21-22,2022-04-30,212,Not Open
T006,21-22,2022-04-30,212,Not Open
T007,21-22,2022-04-30,212,Not Open
T008,21-22,2022-04-30,212,Not Open
T009,21-22,2022-04-30,212,Not Open
T010,21-22,2022-04-30,212,Not Open
T011,21-22,2022-04-30,212,Not Open
T012,21-22,2022-04-30,212,Not Open
T013,21-22,2022-04-30,212,Not Open
T014,21-22,2022-04-30,212,Not Open
T015,21-22,2022-04-30,212,Not Open
T016,21-22,2022-04-30,212,Not Open
T017,21-22,2022-04-30,212,Not Open
T018,21-22,2022-04-30,212,Not Open
T019,21-22,2022-04-30,212,Not Open
T020,21-22,2022-04-30,212,Not Open
T021,21-22,2022-04-30,212,Not Open
T022,21-22,2022-04-30,212,Not Open
T023,21-22,2022-04-30,212,Not Open
T024,21-22,2022-04-30,212,Not Open
T025,21-22,2022-04-30,212,Not Open
T026,21-22,2022-04-30,212,Not Open
T027,21-22,2022-04-30,212,Not Open
T028,21-22,2022-04-30,212,Not Open
T029,21-22,2022-04-30,212,Not Open
T030,21-22,2022-04-30,212,Not Open
T031,21-22,2022-04-30,212,Not Open
T032,21-22,2022-04-30,212,Not Open
T033,21-22,2022-04-30,212,Not Open
T034,21-22,2022-04-30,212,Not Open
T035,21-22,2022-04-30,212,Not Open
T036,21-22,2022-04-30,212,Not Open
T037,21-22,2022-04-30,212,Not Open
T038,21-22,2022-04-30,212,Not Open
T039,21-22,2022-04-30,212,Not Open
T040,21-22,2022-04-30,212,Not Open
T041,21-22,2022-04-30,212,Not Open
T042,21-22,2022-04-30,212,Not Open
T043,21-22,2022-04-30,212,Not Open
T044,21-22,2022-04-30,212,Not Open
T045,21-22,2022-04-30,212,Not Open
T046,21-22,2022-04-30,212,Not Open
T047,21-22,2022-04-30,212,Not Open
T048,21-22,2022-04-30,212,Not Open
T049,21-22,2022-04-30,212,Not Open
T050,21-22,2022-04-30,212,Not Open
T051,21-22,2022-04-30,212,Not Open
T052,21-22,2022-04-30,212,Not Open
T053,21-22,2022-04-30,212,Not Open
T054,21-22,2022-04-30,212,Not Open
T055,21-22,2022-04-30,212,Not Open
T056,21-22,2022-04-30,212,Not Open
T057,21-22,2022-04-30,212,Not Open
T058,21-22,2022-04-30,212,Not Open
T061,21-22,2022-04-30,212,Not Open
T063,21-22,2022-04-30,212,Not Open
T064,21-22,2022-04-30,212,Not Open
T065,21-22,2022-04-30,212,Not Open
T067,21-22,2022-04-30,212,Not Open
T068,21-22,2022-04-30,212,Not Open
T069,21-22,2022-04-30,212,Not Open
T070,21-22,2022-04-30,212,Not Open
T071,21-22,2022-04-30,212,Not Open
T072,21-22,2022-04-30,212,Not Open
T073,21-22,2022-04-30,212,Not Open
T074,21-22,2022-04-30,212,Not Open
T075,21-22,2022-04-30,212,Not Open
T076,21-22,2022-04-30,212,Not Open
T077,21-22,2022-04-30,212,Not Open
T078,21-22,2022-04-30,212,Not Open
T079,21-22,2022-04-30,212,Not Open
T080,21-22,2022-04-30,212,Not Open
T081,21-22,2022-04-30,212,Not Open
T082,21-22,2022-04-30,212,Not Open
T083,21-22,2022-04-30,212,Not Open
T084,21-22,2022-04-30,212,Not Open
T085,21-22,2022-04-30,212,Not Open
T086,21-22,2022-04-30,212,Not Open
T087,21-22,2022-04-30,212,Not Open
T088,21-22,2022-04-30,212,Not Open
T089,21-22,2022-04-30,212,Not Open
T090,21-22,2022-04-30,212,Not Open
T091,21-22,2022-04-30,212,Not Open
T092,21-22,2022-04-30,212,Not Open
T127,21-22,2022-04-30,212,Not Open
T134,21-22,2022-04-30,212,Not Open
T135,21-22,2022-04-30,212,Not Open
T136,21-22,2022-04-30,212,Not Open
T137,21-22,2022-04-30,212,Not Open
T148,21-22,2022-04-30,212,Not Open
T154,21-22,2022-04-30,212,Not Open